nama_sekolah,npsn,bentuk_pendidikan,status_sekolah,kecamatan,kode_kecamatan,kabupaten,kode_kabupaten,provinsi,kode_provinsi,jumlah_guru_ptk,jumlah_pegawai,jumlah_peserta_didik,jumlah_rombel,jumlah_ruang_kelas,jumlah_lab,jumlah_perpustakaan,jumlah_kirim_sinkron,sinkron_terakhir,sekolah_id_enkrip
SD NEGERI 001 RAMBAH,10403019,SD,Negeri,Kec. Rambah,090903,Kab. Rokan Hulu,090900,Prov. Riau,090000,23,3,335,15,20,0,1,51,29 Apr 2026 10:12:28,6BEF4941219C01E3CD7C
SD NEGERI 002 RAMBAH,10403022,SD,Negeri,Kec. Rambah,090903,Kab. Rokan Hulu,090900,Prov. Riau,090000,29,4,408,18,24,3,1,17,02 May 2026 09:16:54,D01E0DA2316B6DE25851
SD NEGERI 003 RAMBAH,10403053,SD,Negeri,Kec. Rambah,090903,Kab. Rokan Hulu,090900,Prov. Riau,090000,26,3,363,16,21,2,1,41,29 Apr 2026 12:14:10,5DCB2A6D85649E6864F2
SD NEGERI 004 RAMBAH,10403041,SD,Negeri,Kec. Rambah,090903,Kab. Rokan Hulu,090900,Prov. Riau,090000,10,2,112,6,7,0,1,20,02 May 2026 04:13:39,3640F6D4A39D1D69E52C
SD NEGERI 005 RAMBAH,10403049,SD,Negeri,Kec. Rambah,090903,Kab. Rokan Hulu,090900,Prov. Riau,090000,19,3,264,12,11,0,1,25,02 May 2026 10:08:18,640A47D1DE89F4F59016
SD NEGERI 006 RAMBAH,10402968,SD,Negeri,Kec. Rambah,090903,Kab. Rokan Hulu,090900,Prov. Riau,090000,20,1,244,12,11,0,0,16,12 Apr 2026 02:07:21,933327C2E02E5E9EF8CE
SD NEGERI 007 RAMBAH,10402980,SD,Negeri,Kec. Rambah,090903,Kab. Rokan Hulu,090900,Prov. Riau,090000,17,4,223,11,11,0,1,47,17 Apr 2026 18:29:16,195D63699B15EE189D0B
SD NEGERI 008 RAMBAH,10402981,SD,Negeri,Kec. Rambah,090903,Kab. Rokan Hulu,090900,Prov. Riau,090000,11,4,71,6,7,0,0,12,02 May 2026 08:45:11,3AC0E8DE9B4B44806C90
SD NEGERI 009 RAMBAH,10403197,SD,Negeri,Kec. Rambah,090903,Kab. Rokan Hulu,090900,Prov. Riau,090000,12,2,131,7,6,0,0,36,30 Apr 2026 22:46:18,461A0C4DC54E9FB5D389
SD NEGERI 010 RAMBAH,10403181,SD,Negeri,Kec. Rambah,090903,Kab. Rokan Hulu,090900,Prov. Riau,090000,13,4,167,8,10,1,1,41,29 Apr 2026 10:39:37,CF94682D91B8FF1B64B8
SD NEGERI 011 RAMBAH,10403108,SD,Negeri,Kec. Rambah,090903,Kab. Rokan Hulu,090900,Prov. Riau,090000,15,4,172,10,9,0,1,33,23 Apr 2026 09:02:42,F448A1CB796811C49534
SD NEGERI 012 RAMBAH,10495562,SD,Negeri,Kec. Rambah,090903,Kab. Rokan Hulu,090900,Prov. Riau,090000,8,3,105,6,8,0,0,15,09 Apr 2026 08:47:34,57A3585749349140E444
SD NEGERI 013 RAMBAH,10403114,SD,Negeri,Kec. Rambah,090903,Kab. Rokan Hulu,090900,Prov. Riau,090000,9,1,98,6,6,0,1,21,29 Apr 2026 07:16:14,286B4A09C18B1B45CED3
SD NEGERI 014 RAMBAH,10402982,SD,Negeri,Kec. Rambah,090903,Kab. Rokan Hulu,090900,Prov. Riau,090000,13,2,160,9,9,0,0,12,14 Apr 2026 12:32:47,02B4BFCFEE31648951C7
SD NEGERI 015 RAMBAH,10403151,SD,Negeri,Kec. Rambah,090903,Kab. Rokan Hulu,090900,Prov. Riau,090000,14,4,166,9,9,0,0,15,22 Apr 2026 09:30:30,F9237842B3EB8EAEC30E
SD NEGERI 016 RAMBAH,10403137,SD,Negeri,Kec. Rambah,090903,Kab. Rokan Hulu,090900,Prov. Riau,090000,9,1,23,5,6,0,1,48,01 May 2026 17:57:28,C02606012E70C37F6D18
SD NEGERI 017 RAMBAH,10495764,SD,Negeri,Kec. Rambah,090903,Kab. Rokan Hulu,090900,Prov. Riau,090000,11,1,32,5,7,0,0,27,16 Apr 2026 10:22:25,8BDC5F5F5A4DFC68252C
SD NEGERI 018 RAMBAH,10402894,SD,Negeri,Kec. Rambah,090903,Kab. Rokan Hulu,090900,Prov. Riau,090000,10,1,36,6,7,0,0,14,01 May 2026 11:02:42,90CE523B3C77B6B3DCF8
SD NEGERI 019 RAMBAH,10402877,SD,Negeri,Kec. Rambah,090903,Kab. Rokan Hulu,090900,Prov. Riau,090000,13,0,143,6,6,0,1,24,06 Apr 2026 23:55:14,4263BF7FD2E4B46F588A
SD NEGERI 020 RAMBAH,10402898,SD,Negeri,Kec. Rambah,090903,Kab. Rokan Hulu,090900,Prov. Riau,090000,10,3,113,6,6,1,1,8,03 Mar 2026 08:04:03,8CAE86C6061D55E247DE
SD NEGERI 021 RAMBAH,10402917,SD,Negeri,Kec. Rambah,090903,Kab. Rokan Hulu,090900,Prov. Riau,090000,11,0,85,8,5,0,1,27,21 Apr 2026 09:49:29,E595ED083BD2F34670FA
SD NEGERI 022 RAMBAH,10402911,SD,Negeri,Kec. Rambah,090903,Kab. Rokan Hulu,090900,Prov. Riau,090000,17,2,169,9,10,0,0,33,30 Apr 2026 10:28:26,CA1D63F1FEA2C8B1A75B
SD NEGERI 023 RAMBAH,10402904,SD,Negeri,Kec. Rambah,090903,Kab. Rokan Hulu,090900,Prov. Riau,090000,14,3,196,9,10,0,0,27,28 Apr 2026 08:17:47,0BCEA6026A1ADAD8099D
SD NEGERI 024 RAMBAH,10402921,SD,Negeri,Kec. Rambah,090903,Kab. Rokan Hulu,090900,Prov. Riau,090000,18,5,274,12,8,0,1,47,06 Apr 2026 14:28:43,F5E0DA24E9ABD0206F98
SD NEGERI 025 RAMBAH,10402846,SD,Negeri,Kec. Rambah,090903,Kab. Rokan Hulu,090900,Prov. Riau,090000,11,2,97,6,3,0,0,15,23 Apr 2026 10:57:47,64E3D8DA8A23443589BC
SD NEGERI 026 RAMBAH,10403017,SD,Negeri,Kec. Rambah,090903,Kab. Rokan Hulu,090900,Prov. Riau,090000,9,2,52,6,4,0,0,56,24 Apr 2026 08:07:59,B9CBE3C4444EDA2E33BE
SD NEGERI 027 RAMBAH,69733929,SD,Negeri,Kec. Rambah,090903,Kab. Rokan Hulu,090900,Prov. Riau,090000,14,6,187,9,9,1,1,31,24 Apr 2026 08:17:24,D7226F7AE301A56C0616
SD NEGERI 028 RAMBAH,69733928,SD,Negeri,Kec. Rambah,090903,Kab. Rokan Hulu,090900,Prov. Riau,090000,13,1,140,6,7,0,0,17,25 Apr 2026 09:17:52,77972914F62DD58D88F8
SD ISLAM AL-MUFLIHUN,70026584,SD,Swasta,Kec. Rambah,090903,Kab. Rokan Hulu,090900,Prov. Riau,090000,12,3,206,8,9,0,0,23,23 Apr 2026 09:46:27,E123E5AB87B2F35DD4CE
SD ISLAM PERMATA,10495527,SD,Swasta,Kec. Rambah,090903,Kab. Rokan Hulu,090900,Prov. Riau,090000,7,2,123,6,4,0,0,14,25 Apr 2026 08:34:53,4FD8C5D1EF13F59BCCEF
SD ISLAM RIADHUSSHOLIHIN,69725736,SD,Swasta,Kec. Rambah,090903,Kab. Rokan Hulu,090900,Prov. Riau,090000,24,4,282,12,12,0,1,47,16 Apr 2026 14:23:00,C53ED9F7DF83492EBE0A
SD ISLAM TERPADU LENTERA,70015427,SD,Swasta,Kec. Rambah,090903,Kab. Rokan Hulu,090900,Prov. Riau,090000,15,3,156,7,7,0,0,17,23 Apr 2026 20:52:19,BC69B2822D008104834A
SD ISLAM TERPADU RAISSALAM,69899834,SD,Swasta,Kec. Rambah,090903,Kab. Rokan Hulu,090900,Prov. Riau,090000,21,5,442,15,15,1,1,36,02 May 2026 16:00:31,20607C429B9AA682CD6D
SD ISLAM YAHYA,69787105,SD,Swasta,Kec. Rambah,090903,Kab. Rokan Hulu,090900,Prov. Riau,090000,11,2,153,7,6,0,1,15,10 Apr 2026 07:38:13,DB6D46FF1C3925650400
SD IT TAHFIZHUL QUR AN ABU HURAIRAH,70060121,SD,Swasta,Kec. Rambah,090903,Kab. Rokan Hulu,090900,Prov. Riau,090000,0,0,0,0,0,0,0,0,,711BABA8D418B10640A4
SD MUHAMMADIYAH,10495526,SD,Swasta,Kec. Rambah,090903,Kab. Rokan Hulu,090900,Prov. Riau,090000,35,7,554,23,23,0,1,27,07 Apr 2026 13:55:28,9037A4B6597CF1B22BDD
SDIT RABBANI PASIR PENGARAIAN,10496956,SD,Swasta,Kec. Rambah,090903,Kab. Rokan Hulu,090900,Prov. Riau,090000,21,5,301,12,12,0,1,17,30 Apr 2026 15:44:30,A447BE5389565A651368
SMP NEGERI  TAHFIDZ MADANI PASIR PENGARAIAN,69870879,SMP,Negeri,Kec. Rambah,090903,Kab. Rokan Hulu,090900,Prov. Riau,090000,14,9,204,7,8,1,1,36,02 May 2026 10:45:42,3D2AA54F266E1BE7D282
SMP NEGERI 1 RAMBAH,10402927,SMP,Negeri,Kec. Rambah,090903,Kab. Rokan Hulu,090900,Prov. Riau,090000,43,8,620,20,21,2,1,46,30 Apr 2026 22:18:04,0E1B49364FA65CDA7EDB
SMP NEGERI 2 RAMBAH,10402944,SMP,Negeri,Kec. Rambah,090903,Kab. Rokan Hulu,090900,Prov. Riau,090000,18,5,138,6,12,2,1,25,02 May 2026 09:30:59,067227435B87CA8EAA76
SMP NEGERI 3 RAMBAH,10402959,SMP,Negeri,Kec. Rambah,090903,Kab. Rokan Hulu,090900,Prov. Riau,090000,24,5,169,7,7,2,1,22,02 May 2026 10:29:36,D4DE9FF58D5D0EC447C3
SMP NEGERI 4 RAMBAH,10402963,SMP,Negeri,Kec. Rambah,090903,Kab. Rokan Hulu,090900,Prov. Riau,090000,13,5,50,3,6,2,1,39,30 Apr 2026 09:59:58,7928977B626191AFF3FB
SMP NEGERI 5 RAMBAH,10402964,SMP,Negeri,Kec. Rambah,090903,Kab. Rokan Hulu,090900,Prov. Riau,090000,9,3,41,3,5,1,1,17,28 Apr 2026 08:37:44,C51E8C67BE7BC7F19F32
SMP NEGERI 6 RAMBAH,10496938,SMP,Negeri,Kec. Rambah,090903,Kab. Rokan Hulu,090900,Prov. Riau,090000,13,4,88,4,5,2,3,24,02 Apr 2026 20:28:59,2C5D6F24CC16284F9952
SMP NEGERI 7 RAMBAH,69733925,SMP,Negeri,Kec. Rambah,090903,Kab. Rokan Hulu,090900,Prov. Riau,090000,11,5,64,3,4,1,1,27,20 Apr 2026 14:20:50,9F83EADDA820C266EDDF
SMP NEGERI ISLAM TEKNOLOGI RAMBAH,69958276,SMP,Negeri,Kec. Rambah,090903,Kab. Rokan Hulu,090900,Prov. Riau,090000,15,18,159,6,6,2,1,53,30 Apr 2026 09:48:34,06E7EE2D249FAEDB46F1
SMP CENDIKIA SUKA MAJU,70058359,SMP,Swasta,Kec. Rambah,090903,Kab. Rokan Hulu,090900,Prov. Riau,090000,8,2,23,1,1,0,0,25,25 Apr 2026 09:58:41,912D0B1CAB2344EDE1D3
SMP ISLAM ABU KHOIRI ASHBAR,70049467,SMP,Swasta,Kec. Rambah,090903,Kab. Rokan Hulu,090900,Prov. Riau,090000,4,2,46,3,3,1,1,18,03 Apr 2026 09:31:46,F7C8F4A828D8505E3453
SMP ISLAM ALMUFLIHUN,69988304,SMP,Swasta,Kec. Rambah,090903,Kab. Rokan Hulu,090900,Prov. Riau,090000,7,5,84,4,5,0,1,51,02 May 2026 10:16:07,9C8D5A930784C8F59E0C
SMP ISLAM TERPADU AL-IZZAH,70057751,SMP,Swasta,Kec. Rambah,090903,Kab. Rokan Hulu,090900,Prov. Riau,090000,8,1,43,2,2,0,0,28,29 Apr 2026 13:29:50,6D37B658F04BACF324FB
SMP ISLAM TERPADU LENTERA,69976944,SMP,Swasta,Kec. Rambah,090903,Kab. Rokan Hulu,090900,Prov. Riau,090000,15,2,183,7,7,0,1,39,23 Apr 2026 20:43:19,BDA28E6D27806A8FB560
SMP ISLAM TERPADU RAISSALAM,70050056,SMP,Swasta,Kec. Rambah,090903,Kab. Rokan Hulu,090900,Prov. Riau,090000,5,1,42,2,2,1,0,73,02 May 2026 17:54:08,5AF2D648BE06BFB91A36
SMP IT TMI PP KHALID BIN WALID,10496931,SMP,Swasta,Kec. Rambah,090903,Kab. Rokan Hulu,090900,Prov. Riau,090000,38,4,320,11,12,1,1,38,28 Apr 2026 14:40:31,A2E68396309AFA0709BA
SMP LPMD SUKA MAJU,69900038,SMP,Swasta,Kec. Rambah,090903,Kab. Rokan Hulu,090900,Prov. Riau,090000,3,1,64,3,3,1,1,6,06 Feb 2026 09:22:40,520A07E5732662553242
SMP MUHAMMADIYAH RAMBAH,10402978,SMP,Swasta,Kec. Rambah,090903,Kab. Rokan Hulu,090900,Prov. Riau,090000,16,2,262,9,10,1,1,27,28 Apr 2026 13:10:33,69F8CEB77390D3083423
SMA NEGERI 1 RAMBAH,10402967,SMA,Negeri,Kec. Rambah,090903,Kab. Rokan Hulu,090900,Prov. Riau,090000,51,8,928,27,26,2,1,50,28 Apr 2026 14:52:39,75A3235B7B7219085A0D
SMA NEGERI 2 RAMBAH,69899513,SMA,Negeri,Kec. Rambah,090903,Kab. Rokan Hulu,090900,Prov. Riau,090000,20,6,125,5,6,1,1,1,27 Apr 2026 14:11:58,6DD4CF750114EA93AE40
SMA NEGERI 3 RAMBAH,69899515,SMA,Negeri,Kec. Rambah,090903,Kab. Rokan Hulu,090900,Prov. Riau,090000,17,4,85,3,4,0,0,17,02 Apr 2026 08:40:13,0130EE4536DAE5002624
SMA - IT MULTITALENTA,70053550,SMA,Swasta,Kec. Rambah,090903,Kab. Rokan Hulu,090900,Prov. Riau,090000,10,2,25,2,2,1,1,23,30 Apr 2026 10:21:57,92895F4B364FAFA0E260
SMAS ISLAM RAMBAH,10495828,SMA,Swasta,Kec. Rambah,090903,Kab. Rokan Hulu,090900,Prov. Riau,090000,10,1,34,3,3,1,0,29,30 Apr 2026 07:55:22,4F266761788F58795CF1
SMAS M RAMBAH,10403002,SMA,Swasta,Kec. Rambah,090903,Kab. Rokan Hulu,090900,Prov. Riau,090000,14,3,92,4,6,2,1,33,22 Apr 2026 10:51:30,864BFF18AB01A86026FA
SMK NEGERI 1 RAMBAH,10403059,SMK,Negeri,Kec. Rambah,090903,Kab. Rokan Hulu,090900,Prov. Riau,090000,68,25,1036,33,23,5,1,54,30 Apr 2026 12:34:45,7058453DE2BBD94ABB3B
SMK NEGERI 2 RAMBAH,10495725,SMK,Negeri,Kec. Rambah,090903,Kab. Rokan Hulu,090900,Prov. Riau,090000,43,9,221,18,18,2,1,35,30 Apr 2026 12:18:08,4C46F5562795A479323E
SMK NEGERI 3 RAMBAH,10496560,SMK,Negeri,Kec. Rambah,090903,Kab. Rokan Hulu,090900,Prov. Riau,090000,16,5,93,10,9,3,0,27,29 Apr 2026 09:58:03,A496FD19FBB4326744E1
SMK NEGERI 4 RAMBAH,69862436,SMK,Negeri,Kec. Rambah,090903,Kab. Rokan Hulu,090900,Prov. Riau,090000,27,12,210,15,15,3,1,19,30 Apr 2026 11:29:17,2BF080F7D8145EDE511F
SMK YAPPAN PASIR PANGARAIAN,69968256,SMK,Swasta,Kec. Rambah,090903,Kab. Rokan Hulu,090900,Prov. Riau,090000,11,2,105,5,6,2,1,13,02 Mar 2026 22:48:12,24652EDB369C575E032A
SMK ZAIDAR YAHYA,69897154,SMK,Swasta,Kec. Rambah,090903,Kab. Rokan Hulu,090900,Prov. Riau,090000,14,1,73,9,9,1,1,12,03 Apr 2026 12:24:43,0875B52BA0D267B662BA
SD NEGERI 001 TAMBUSAI UTARA,10403027,SD,Negeri,Kec. Tambusai Utara,090909,Kab. Rokan Hulu,090900,Prov. Riau,090000,9,3,161,9,9,0,1,13,03 Mar 2026 19:39:25,ED2860895402ED0E44A5
SD NEGERI 002 TAMBUSAI UTARA,10403026,SD,Negeri,Kec. Tambusai Utara,090909,Kab. Rokan Hulu,090900,Prov. Riau,090000,11,3,236,10,11,1,1,10,14 Apr 2026 07:59:05,27874B85AC58C9A0200D
SD NEGERI 003 TAMBUSAI UTARA,10403058,SD,Negeri,Kec. Tambusai Utara,090909,Kab. Rokan Hulu,090900,Prov. Riau,090000,15,1,276,13,12,0,1,16,18 Apr 2026 09:08:16,CF360AD7A91574E1551A
SD NEGERI 004 TAMBUSAI UTARA,10403046,SD,Negeri,Kec. Tambusai Utara,090909,Kab. Rokan Hulu,090900,Prov. Riau,090000,18,3,465,13,11,0,0,20,07 Apr 2026 21:00:04,91CA9DEBC3DB941FE49A
SD NEGERI 005 TAMBUSAI UTARA,10403167,SD,Negeri,Kec. Tambusai Utara,090909,Kab. Rokan Hulu,090900,Prov. Riau,090000,13,3,193,10,14,0,1,15,09 Apr 2026 22:08:22,3344A4AA43FEE1C87316
SD NEGERI 006 TAMBUSAI UTARA,10403175,SD,Negeri,Kec. Tambusai Utara,090909,Kab. Rokan Hulu,090900,Prov. Riau,090000,10,1,181,7,7,0,1,25,03 Mar 2026 08:22:30,E7408677A80201904932
SD NEGERI 007 TAMBUSAI UTARA,10403163,SD,Negeri,Kec. Tambusai Utara,090909,Kab. Rokan Hulu,090900,Prov. Riau,090000,15,2,285,12,10,1,1,43,27 Apr 2026 12:09:32,B1B9B5A37A33A5D7EF98
SD NEGERI 008 TAMBUSAI UTARA,10495588,SD,Negeri,Kec. Tambusai Utara,090909,Kab. Rokan Hulu,090900,Prov. Riau,090000,10,4,119,7,7,0,1,51,07 Apr 2026 21:37:58,B550ADC73192A6499E46
SD NEGERI 009 TAMBUSAI UTARA,10403188,SD,Negeri,Kec. Tambusai Utara,090909,Kab. Rokan Hulu,090900,Prov. Riau,090000,17,2,386,12,11,0,0,18,03 Apr 2026 09:03:06,2A6F5B7E2688FFC5329B
SD NEGERI 010 TAMBUSAI UTARA,10495589,SD,Negeri,Kec. Tambusai Utara,090909,Kab. Rokan Hulu,090900,Prov. Riau,090000,10,2,181,8,12,1,1,17,30 Mar 2026 08:22:16,1E53B3D109E4BE0BEA07
SD NEGERI 011 TAMBUSAI UTARA,10403126,SD,Negeri,Kec. Tambusai Utara,090909,Kab. Rokan Hulu,090900,Prov. Riau,090000,11,3,175,8,7,0,0,38,02 Apr 2026 08:08:26,9021FD28FFDA799363EF
SD NEGERI 012 TAMBUSAI UTARA,10403110,SD,Negeri,Kec. Tambusai Utara,090909,Kab. Rokan Hulu,090900,Prov. Riau,090000,22,3,535,20,14,0,1,12,24 Apr 2026 16:03:36,E0CEA538EDAA649B58F0
SD NEGERI 013 TAMBUSAI UTARA,10403131,SD,Negeri,Kec. Tambusai Utara,090909,Kab. Rokan Hulu,090900,Prov. Riau,090000,17,1,319,14,11,0,2,54,30 Apr 2026 11:32:23,61BDB5E51AADE4B428D9
SD NEGERI 014 TAMBUSAI UTARA,10403148,SD,Negeri,Kec. Tambusai Utara,090909,Kab. Rokan Hulu,090900,Prov. Riau,090000,15,3,319,13,16,0,1,16,22 Apr 2026 11:49:32,AC627CD081D14CBA369B
SD NEGERI 015 TAMBUSAI UTARA,10403134,SD,Negeri,Kec. Tambusai Utara,090909,Kab. Rokan Hulu,090900,Prov. Riau,090000,16,2,333,14,12,0,1,29,02 May 2026 08:30:34,246FAC658794BE9CCA36
SD NEGERI 016 TAMBUSAI UTARA,10403141,SD,Negeri,Kec. Tambusai Utara,090909,Kab. Rokan Hulu,090900,Prov. Riau,090000,18,4,331,13,14,1,1,48,29 Apr 2026 09:53:16,52FF34D86DB380DA98C2
SD NEGERI 017 TAMBUSAI UTARA,10402891,SD,Negeri,Kec. Tambusai Utara,090909,Kab. Rokan Hulu,090900,Prov. Riau,090000,22,3,415,17,19,1,1,21,15 Apr 2026 07:57:06,D8D14299EB032B12E787
SD NEGERI 018 TAMBUSAI UTARA,10402886,SD,Negeri,Kec. Tambusai Utara,090909,Kab. Rokan Hulu,090900,Prov. Riau,090000,14,0,235,12,9,0,1,30,04 Apr 2026 23:37:50,9E623DC36A1944649AAD
SD NEGERI 019 TAMBUSAI UTARA,10402882,SD,Negeri,Kec. Tambusai Utara,090909,Kab. Rokan Hulu,090900,Prov. Riau,090000,14,2,234,11,9,0,0,52,30 Apr 2026 07:51:18,AFC861E16F1B507EF647
SD NEGERI 020 TAMBUSAI UTARA,10402914,SD,Negeri,Kec. Tambusai Utara,090909,Kab. Rokan Hulu,090900,Prov. Riau,090000,10,3,202,9,8,0,1,17,28 Apr 2026 23:32:11,75B2BFFA641D336CCEF7
SD NEGERI 021 TAMBUSAI UTARA,10402920,SD,Negeri,Kec. Tambusai Utara,090909,Kab. Rokan Hulu,090900,Prov. Riau,090000,12,3,225,10,9,0,0,12,24 Apr 2026 07:28:30,8102C4CC328746D22C47
SD NEGERI 022 TAMBUSAI UTARA,10403093,SD,Negeri,Kec. Tambusai Utara,090909,Kab. Rokan Hulu,090900,Prov. Riau,090000,12,3,277,12,12,0,0,18,20 Apr 2026 20:37:12,9C27FF809D293FE90D32
SD NEGERI 023 TAMBUSAI UTARA,10402908,SD,Negeri,Kec. Tambusai Utara,090909,Kab. Rokan Hulu,090900,Prov. Riau,090000,9,2,191,8,8,0,0,19,27 Apr 2026 10:24:04,B3B9A19A92C1B34CA41A
SD NEGERI 024 TAMBUSAI UTARA,10495766,SD,Negeri,Kec. Tambusai Utara,090909,Kab. Rokan Hulu,090900,Prov. Riau,090000,12,2,207,10,8,0,0,13,20 Apr 2026 09:45:49,4DD7B8535141E321152D
SD NEGERI 025 TAMBUSAI UTARA,10495767,SD,Negeri,Kec. Tambusai Utara,090909,Kab. Rokan Hulu,090900,Prov. Riau,090000,14,1,243,11,8,0,1,14,04 Mar 2026 11:10:07,F025FDD78C1316EAB210
SD NEGERI 026 TAMBUSAI UTARA,10495590,SD,Negeri,Kec. Tambusai Utara,090909,Kab. Rokan Hulu,090900,Prov. Riau,090000,10,2,114,6,9,0,0,15,15 Apr 2026 12:43:13,CBF0F334516F195706A4
SD NEGERI 027 TAMBUSAI UTARA,10402832,SD,Negeri,Kec. Tambusai Utara,090909,Kab. Rokan Hulu,090900,Prov. Riau,090000,9,2,95,6,6,1,1,29,20 Apr 2026 08:13:47,0B2FFBEE5AF99414928F
SD NEGERI 028 TAMBUSAI UTARA,10402835,SD,Negeri,Kec. Tambusai Utara,090909,Kab. Rokan Hulu,090900,Prov. Riau,090000,5,0,33,6,3,0,0,12,30 Apr 2026 06:07:12,4196CE164AFB1C46419C
SD NEGERI 029 TAMBUSAI UTARA,10495811,SD,Negeri,Kec. Tambusai Utara,090909,Kab. Rokan Hulu,090900,Prov. Riau,090000,17,2,284,13,14,0,0,24,21 Apr 2026 09:22:53,94467DD607D3EBF38A96
SD NEGERI 030 TAMBUSAI UTARA,10495819,SD,Negeri,Kec. Tambusai Utara,090909,Kab. Rokan Hulu,090900,Prov. Riau,090000,6,2,42,6,2,0,1,9,12 Feb 2026 08:34:48,984AF54823C77B4F4311
SD NEGERI 031 TAMBUSAI UTARA,10495806,SD,Negeri,Kec. Tambusai Utara,090909,Kab. Rokan Hulu,090900,Prov. Riau,090000,5,3,63,6,5,0,0,8,04 Apr 2026 22:17:27,BF99875F3EE1DB5CC4E0
SD NEGERI 032 TAMBUSAI UTARA,10495804,SD,Negeri,Kec. Tambusai Utara,090909,Kab. Rokan Hulu,090900,Prov. Riau,090000,7,4,68,6,6,1,1,23,29 Apr 2026 07:08:31,B7D48AA6877AB2CC3CA9
SD NEGERI 033 TAMBUSAI UTARA,10495821,SD,Negeri,Kec. Tambusai Utara,090909,Kab. Rokan Hulu,090900,Prov. Riau,090000,7,2,54,6,3,0,0,11,16 Apr 2026 10:24:52,8507325CA57D30A6394B
SD NEGERI 034 TAMBUSAI UTARA,10402909,SD,Negeri,Kec. Tambusai Utara,090909,Kab. Rokan Hulu,090900,Prov. Riau,090000,7,2,117,6,6,0,0,8,09 Apr 2026 07:42:08,867B386536E98FEBDA9B
SD NEGERI 035 TAMBUSAI UTARA,10402887,SD,Negeri,Kec. Tambusai Utara,090909,Kab. Rokan Hulu,090900,Prov. Riau,090000,11,2,199,9,9,0,0,22,27 Apr 2026 09:05:49,846EEFD629D7A07C979A
SD NEGERI 036 TAMBUSAI UTARA,10495691,SD,Negeri,Kec. Tambusai Utara,090909,Kab. Rokan Hulu,090900,Prov. Riau,090000,9,3,128,6,6,0,0,9,07 Mar 2026 08:45:47,8FC5C357911CB9A3AD9C
SD NEGERI 037 TAMBUSAI UTARA,10495784,SD,Negeri,Kec. Tambusai Utara,090909,Kab. Rokan Hulu,090900,Prov. Riau,090000,7,4,126,6,5,0,0,13,06 Apr 2026 20:52:31,3532F07A0A149486F30A
SD NEGERI 038 TAMBUSAI UTARA,10495782,SD,Negeri,Kec. Tambusai Utara,090909,Kab. Rokan Hulu,090900,Prov. Riau,090000,14,5,274,12,12,0,1,30,17 Apr 2026 08:52:52,2584000ABB78511282E9
SD NEGERI 039 TAMBUSAI UTARA,70010647,SD,Negeri,Kec. Tambusai Utara,090909,Kab. Rokan Hulu,090900,Prov. Riau,090000,6,1,111,6,3,0,0,27,04 Mar 2026 09:42:22,E56951C4E971B7752F04
SD NEGERI 040 TAMBUSAI UTARA,70030273,SD,Negeri,Kec. Tambusai Utara,090909,Kab. Rokan Hulu,090900,Prov. Riau,090000,6,1,60,6,2,0,0,10,06 Mar 2026 08:38:14,47BD384D9EC8E6562EE3
SD IT AN-NAJIYAH,69954666,SD,Swasta,Kec. Tambusai Utara,090909,Kab. Rokan Hulu,090900,Prov. Riau,090000,5,2,144,6,6,0,0,7,11 Mar 2026 16:31:58,0EF9EFEFAC8E99772BC7
SD SWASTA KITA YADIKA,10495810,SD,Swasta,Kec. Tambusai Utara,090909,Kab. Rokan Hulu,090900,Prov. Riau,090000,27,1,696,21,29,1,1,40,28 Apr 2026 17:53:07,B433EE295FAA184678A5
SD SWASTA YADIKA RANTAU KASAI,10402856,SD,Swasta,Kec. Tambusai Utara,090909,Kab. Rokan Hulu,090900,Prov. Riau,090000,21,1,552,19,25,0,1,22,28 Apr 2026 09:39:15,567005EE0CE4AC39EEF6
SDIT NUR IKHLAS,70056764,SD,Swasta,Kec. Tambusai Utara,090909,Kab. Rokan Hulu,090900,Prov. Riau,090000,0,0,0,0,0,0,0,0,,E02FDCFFB049F1D54465
SDIT UZMA,70060119,SD,Swasta,Kec. Tambusai Utara,090909,Kab. Rokan Hulu,090900,Prov. Riau,090000,0,0,0,0,0,0,0,0,,4541B31D150023A28F06
SDS IT RAUDHATUSSALAM,10497010,SD,Swasta,Kec. Tambusai Utara,090909,Kab. Rokan Hulu,090900,Prov. Riau,090000,17,2,218,10,12,1,0,82,11 Apr 2026 10:06:33,8F15E8332FD4D0F3D66B
SDS MUHAMMADIYAH MAHATO,10496565,SD,Swasta,Kec. Tambusai Utara,090909,Kab. Rokan Hulu,090900,Prov. Riau,090000,18,2,376,15,6,0,0,94,29 Apr 2026 10:11:32,760BBC5122D1A88F9635
SMP NEGERI 1 TAMBUSAI UTARA,10402971,SMP,Negeri,Kec. Tambusai Utara,090909,Kab. Rokan Hulu,090900,Prov. Riau,090000,29,7,494,15,15,3,1,79,29 Apr 2026 10:49:23,17477CBC437F2DB3D051
SMP NEGERI 10 TAMBUSAI UTARA,10496077,SMP,Negeri,Kec. Tambusai Utara,090909,Kab. Rokan Hulu,090900,Prov. Riau,090000,12,2,136,6,6,0,1,20,30 Mar 2026 09:48:49,86BB3A1C7EC32A53DFF9
SMP NEGERI 11 TAMBUSAI UTARA,10496086,SMP,Negeri,Kec. Tambusai Utara,090909,Kab. Rokan Hulu,090900,Prov. Riau,090000,10,4,202,8,8,1,1,50,30 Apr 2026 10:52:31,D3E1FEB39296AF71B6E9
SMP NEGERI 12 TAMBUSAI UTARA,69788678,SMP,Negeri,Kec. Tambusai Utara,090909,Kab. Rokan Hulu,090900,Prov. Riau,090000,18,3,288,10,10,0,0,35,30 Apr 2026 10:44:41,E80AAAE837EB8223644E
SMP NEGERI 13 TAMBUSAI UTARA,69814791,SMP,Negeri,Kec. Tambusai Utara,090909,Kab. Rokan Hulu,090900,Prov. Riau,090000,10,3,53,3,2,0,0,31,20 Apr 2026 10:34:48,79EF1B511720BA0C2770
SMP NEGERI 14 TAMBUSAI UTARA,69814789,SMP,Negeri,Kec. Tambusai Utara,090909,Kab. Rokan Hulu,090900,Prov. Riau,090000,9,1,65,3,3,2,1,18,10 Apr 2026 21:51:04,3354F294F19633E63036
SMP NEGERI 15 TAMBUSAI UTARA,69814793,SMP,Negeri,Kec. Tambusai Utara,090909,Kab. Rokan Hulu,090900,Prov. Riau,090000,12,3,162,6,6,1,0,39,22 Apr 2026 09:44:53,699E9E564560F39C6C7B
SMP NEGERI 16 TAMBUSAI UTARA,69814790,SMP,Negeri,Kec. Tambusai Utara,090909,Kab. Rokan Hulu,090900,Prov. Riau,090000,10,4,158,6,6,0,0,23,11 Apr 2026 23:18:34,114D74631A8C13935AFD
SMP NEGERI 2 TAMBUSAI UTARA,10402974,SMP,Negeri,Kec. Tambusai Utara,090909,Kab. Rokan Hulu,090900,Prov. Riau,090000,14,6,206,8,15,1,1,10,27 Mar 2026 09:25:43,6C1D7AAD7BC07F043D54
SMP NEGERI 3 TAMBUSAI UTARA,10402976,SMP,Negeri,Kec. Tambusai Utara,090909,Kab. Rokan Hulu,090900,Prov. Riau,090000,13,3,232,8,10,2,1,19,06 Apr 2026 21:15:23,801A8A9B27A9A6571B52
SMP NEGERI 4 TAMBUSAI UTARA,10495592,SMP,Negeri,Kec. Tambusai Utara,090909,Kab. Rokan Hulu,090900,Prov. Riau,090000,26,5,418,13,16,2,1,121,22 Apr 2026 21:49:58,8424F133E64D579C7281
SMP NEGERI 5 TAMBUSAI UTARA,10495593,SMP,Negeri,Kec. Tambusai Utara,090909,Kab. Rokan Hulu,090900,Prov. Riau,090000,14,4,195,8,4,4,1,13,20 Apr 2026 15:39:10,0FC85B35A0605581E343
SMP NEGERI 6 TAMBUSAI UTARA,10496385,SMP,Negeri,Kec. Tambusai Utara,090909,Kab. Rokan Hulu,090900,Prov. Riau,090000,17,3,297,10,10,1,1,35,30 Apr 2026 09:34:59,EA7007248B0A5A55AB4D
SMP NEGERI 7 TAMBUSAI UTARA,10496386,SMP,Negeri,Kec. Tambusai Utara,090909,Kab. Rokan Hulu,090900,Prov. Riau,090000,13,2,161,6,8,2,1,24,01 May 2026 03:25:09,81906F3FFD81B502C1C1
SMP NEGERI 8 TAMBUSAI UTARA,10496389,SMP,Negeri,Kec. Tambusai Utara,090909,Kab. Rokan Hulu,090900,Prov. Riau,090000,12,4,173,7,7,2,1,22,22 Apr 2026 19:16:16,CAB083CA7255F034E76D
SMP NEGERI 9 TAMBUSAI UTARA,10496926,SMP,Negeri,Kec. Tambusai Utara,090909,Kab. Rokan Hulu,090900,Prov. Riau,090000,12,4,159,6,4,1,1,41,24 Apr 2026 22:48:44,662C8E787D868A940965
SMP  IT An Najiyah,69990694,SMP,Swasta,Kec. Tambusai Utara,090909,Kab. Rokan Hulu,090900,Prov. Riau,090000,4,3,113,4,3,0,0,10,07 Apr 2026 08:11:52,01C329933FF4B4F636B7
SMP IT SWASTA BABUSSALAM BANGUN JAYA,70052110,SMP,Swasta,Kec. Tambusai Utara,090909,Kab. Rokan Hulu,090900,Prov. Riau,090000,1,1,0,0,0,0,0,0,,ACFBE408A6426A1922DA
SMP KITA MEMBANGUN,10495638,SMP,Swasta,Kec. Tambusai Utara,090909,Kab. Rokan Hulu,090900,Prov. Riau,090000,12,3,254,9,9,2,1,22,30 Apr 2026 10:29:32,D9021F85E922C139DE31
SMP S YADIKA KM.40 MAHATO,10496554,SMP,Swasta,Kec. Tambusai Utara,090909,Kab. Rokan Hulu,090900,Prov. Riau,090000,16,1,336,12,16,1,1,32,23 Apr 2026 16:26:27,CC0CDBE162E0736D8B70
SMA NEGERI 1 TAMBUSAI UTARA,10403001,SMA,Negeri,Kec. Tambusai Utara,090909,Kab. Rokan Hulu,090900,Prov. Riau,090000,44,8,710,22,22,1,1,55,24 Apr 2026 09:16:10,205A6DDEA6A31BE4201B
SMA NEGERI 2 TAMBUSAI UTARA,10495715,SMA,Negeri,Kec. Tambusai Utara,090909,Kab. Rokan Hulu,090900,Prov. Riau,090000,17,3,171,6,9,2,1,24,30 Apr 2026 09:29:03,9AE63E2A7514CD005DC3
SMA NEGERI 3 TAMBUSAI UTARA,10402942,SMA,Negeri,Kec. Tambusai Utara,090909,Kab. Rokan Hulu,090900,Prov. Riau,090000,27,4,543,15,17,2,1,37,09 Apr 2026 19:05:02,E89FB3B1A121540F732E
SMA NEGERI 4 TAMBUSAI UTARA,10402941,SMA,Negeri,Kec. Tambusai Utara,090909,Kab. Rokan Hulu,090900,Prov. Riau,090000,36,6,654,18,23,2,1,25,29 Apr 2026 09:29:33,367943BAADC0273925F9
SMAN 5 TAMBUSAI UTARA,69978301,SMA,Negeri,Kec. Tambusai Utara,090909,Kab. Rokan Hulu,090900,Prov. Riau,090000,22,9,380,11,11,3,1,22,29 Apr 2026 14:59:51,27880DEB9FAB8CC8D6FD
SMK NEGERI 1 TAMBUSAI UTARA,10495733,SMK,Negeri,Kec. Tambusai Utara,090909,Kab. Rokan Hulu,090900,Prov. Riau,090000,48,11,897,32,25,1,1,76,30 Apr 2026 08:18:43,9CF67A02B972AFFE5EC8
SMK NEGERI 2 TAMBUSAI UTARA,69733924,SMK,Negeri,Kec. Tambusai Utara,090909,Kab. Rokan Hulu,090900,Prov. Riau,090000,30,7,410,19,12,1,1,47,30 Apr 2026 15:18:17,EF3E06811BE3AB4886A2
SMKS PELOPOR,69733922,SMK,Swasta,Kec. Tambusai Utara,090909,Kab. Rokan Hulu,090900,Prov. Riau,090000,21,4,102,9,11,1,0,18,10 Mar 2026 08:55:47,B0CF646C71F016ACB8A2
SMKS YAPIM TAMBUSAI UTARA,10496561,SMK,Swasta,Kec. Tambusai Utara,090909,Kab. Rokan Hulu,090900,Prov. Riau,090000,17,8,242,8,15,5,1,20,24 Apr 2026 09:44:18,B471D615F784ED63978D
SD NEGERI 001 RAMBAH HILIR,10403035,SD,Negeri,Kec. Rambah Hilir,090908,Kab. Rokan Hulu,090900,Prov. Riau,090000,26,5,250,17,23,0,0,29,30 Apr 2026 20:16:00,C9C2CD27AF643311326D
SD NEGERI 002 RAMBAH HILIR,10403023,SD,Negeri,Kec. Rambah Hilir,090908,Kab. Rokan Hulu,090900,Prov. Riau,090000,14,4,191,11,10,2,1,25,06 Apr 2026 10:04:08,9B8F92A79E00D07E6331
SD NEGERI 003 RAMBAH HILIR,10403054,SD,Negeri,Kec. Rambah Hilir,090908,Kab. Rokan Hulu,090900,Prov. Riau,090000,15,4,205,12,11,1,1,22,02 May 2026 09:07:28,0BFCA564B54BAF2BFBFF
SD NEGERI 004 RAMBAH HILIR,10403042,SD,Negeri,Kec. Rambah Hilir,090908,Kab. Rokan Hulu,090900,Prov. Riau,090000,9,5,134,7,7,1,1,24,29 Apr 2026 11:17:26,4F44D5BF965F1B1CE42F
SD NEGERI 005 RAMBAH HILIR,10403061,SD,Negeri,Kec. Rambah Hilir,090908,Kab. Rokan Hulu,090900,Prov. Riau,090000,8,4,73,6,8,0,1,19,05 Mar 2026 21:56:26,F83ED32E952DFD3DF6F5
SD NEGERI 006 RAMBAH HILIR,10403171,SD,Negeri,Kec. Rambah Hilir,090908,Kab. Rokan Hulu,090900,Prov. Riau,090000,7,3,83,6,8,0,0,1,02 May 2026 08:42:51,A7F363F459FF09962DF4
SD NEGERI 007 RAMBAH HILIR,10403159,SD,Negeri,Kec. Rambah Hilir,090908,Kab. Rokan Hulu,090900,Prov. Riau,090000,8,4,134,6,9,0,0,7,02 Apr 2026 06:00:22,04C7A518725931DD72FB
SD NEGERI 008 RAMBAH HILIR,10495619,SD,Negeri,Kec. Rambah Hilir,090908,Kab. Rokan Hulu,090900,Prov. Riau,090000,16,6,177,9,9,0,2,20,09 Apr 2026 11:12:11,C6FCE5B28B84A3AB08D3
SD NEGERI 009 RAMBAH HILIR,10403198,SD,Negeri,Kec. Rambah Hilir,090908,Kab. Rokan Hulu,090900,Prov. Riau,090000,11,4,149,9,12,0,0,26,30 Apr 2026 18:20:44,727C320E5608E7EAE9DB
SD NEGERI 010 RAMBAH HILIR,10403182,SD,Negeri,Kec. Rambah Hilir,090908,Kab. Rokan Hulu,090900,Prov. Riau,090000,11,2,24,6,6,0,1,13,30 Apr 2026 17:55:33,9D036A4F473A547FED82
SD NEGERI 011 RAMBAH HILIR,10403121,SD,Negeri,Kec. Rambah Hilir,090908,Kab. Rokan Hulu,090900,Prov. Riau,090000,8,4,53,6,6,0,1,1,02 Apr 2026 19:37:26,77C0AA18D74D97C72259
SD NEGERI 012 RAMBAH HILIR,10403130,SD,Negeri,Kec. Rambah Hilir,090908,Kab. Rokan Hulu,090900,Prov. Riau,090000,14,3,174,9,9,0,0,41,24 Apr 2026 09:06:43,0E049EFF3A44B9B2E003
SD NEGERI 013 RAMBAH HILIR,10403115,SD,Negeri,Kec. Rambah Hilir,090908,Kab. Rokan Hulu,090900,Prov. Riau,090000,10,3,137,7,7,0,0,31,16 Apr 2026 06:01:35,70CA67CBF5971F2CA6BF
SD NEGERI 014 RAMBAH HILIR,10403145,SD,Negeri,Kec. Rambah Hilir,090908,Kab. Rokan Hulu,090900,Prov. Riau,090000,11,3,228,9,8,1,0,11,10 Apr 2026 08:09:57,9C73EE890D8E3264CBAD
SD NEGERI 015 RAMBAH HILIR,10403152,SD,Negeri,Kec. Rambah Hilir,090908,Kab. Rokan Hulu,090900,Prov. Riau,090000,9,2,45,5,2,0,0,32,27 Apr 2026 08:33:00,F1B5D13B38801C276D4E
SD NEGERI 016 RAMBAH HILIR,10403138,SD,Negeri,Kec. Rambah Hilir,090908,Kab. Rokan Hulu,090900,Prov. Riau,090000,18,3,255,13,13,0,1,22,29 Apr 2026 08:37:39,B8E370A4684F1759ABBF
SD NEGERI 017 RAMBAH HILIR,10403154,SD,Negeri,Kec. Rambah Hilir,090908,Kab. Rokan Hulu,090900,Prov. Riau,090000,20,4,188,11,11,0,1,14,16 Apr 2026 11:54:16,A738E9334AFA6A026691
SD NEGERI 018 RAMBAH HILIR,10402895,SD,Negeri,Kec. Rambah Hilir,090908,Kab. Rokan Hulu,090900,Prov. Riau,090000,10,2,23,6,1,0,1,33,22 Apr 2026 09:57:36,E5D5D1667F548EBB1CED
SD NEGERI 019 RAMBAH HILIR,10402878,SD,Negeri,Kec. Rambah Hilir,090908,Kab. Rokan Hulu,090900,Prov. Riau,090000,9,1,45,6,3,0,0,37,28 Apr 2026 08:57:35,A717F1DF6E7E66CA885A
SD NEGERI 020 RAMBAH HILIR,10402899,SD,Negeri,Kec. Rambah Hilir,090908,Kab. Rokan Hulu,090900,Prov. Riau,090000,20,6,290,14,12,0,1,23,08 Apr 2026 08:18:45,5DD14F4A122E5F152688
SD NEGERI 021 RAMBAH HILIR,10402918,SD,Negeri,Kec. Rambah Hilir,090908,Kab. Rokan Hulu,090900,Prov. Riau,090000,10,3,29,6,5,0,0,13,27 Apr 2026 09:19:46,35137B4B673A8EAB5F10
SD NEGERI 022 RAMBAH HILIR,10402910,SD,Negeri,Kec. Rambah Hilir,090908,Kab. Rokan Hulu,090900,Prov. Riau,090000,11,5,40,6,6,0,0,23,17 Apr 2026 04:21:54,111D65364676E6CA93B5
SD NEGERI 023 RAMBAH HILIR,10402905,SD,Negeri,Kec. Rambah Hilir,090908,Kab. Rokan Hulu,090900,Prov. Riau,090000,18,3,249,12,11,0,0,25,30 Apr 2026 09:05:40,7CA7D07D068487949D00
SD NEGERI 024 RAMBAH HILIR,10402842,SD,Negeri,Kec. Rambah Hilir,090908,Kab. Rokan Hulu,090900,Prov. Riau,090000,11,1,185,8,11,0,0,13,27 Apr 2026 08:41:53,B5F169B754B8332D73BE
SD NEGERI 025 RAMBAH HILIR,10402847,SD,Negeri,Kec. Rambah Hilir,090908,Kab. Rokan Hulu,090900,Prov. Riau,090000,11,2,119,6,7,0,0,32,24 Apr 2026 08:30:57,6D05D0587D40DF5F4418
SD NEGERI 026 RAMBAH HILIR,10402841,SD,Negeri,Kec. Rambah Hilir,090908,Kab. Rokan Hulu,090900,Prov. Riau,090000,13,2,132,8,12,0,0,16,29 Apr 2026 08:24:07,3FBEE0EC7D37EA16B6AA
SD NEGERI 027 RAMBAH HILIR,10495772,SD,Negeri,Kec. Rambah Hilir,090908,Kab. Rokan Hulu,090900,Prov. Riau,090000,9,4,53,6,5,0,1,7,03 Mar 2026 08:51:10,CD8BF84907B0CB0EFE2D
SD NEGERI 028 RAMBAH HILIR,10496594,SD,Negeri,Kec. Rambah Hilir,090908,Kab. Rokan Hulu,090900,Prov. Riau,090000,10,3,130,6,4,0,0,16,27 Apr 2026 08:36:21,F43F229E9DEE60111DF3
SD ISLAM ABATA,70060107,SD,Swasta,Kec. Rambah Hilir,090908,Kab. Rokan Hulu,090900,Prov. Riau,090000,4,2,24,2,2,0,0,14,29 Apr 2026 11:09:45,48164F75E0FFE149E760
SD ISLAM AR RAUDHOH,69970266,SD,Swasta,Kec. Rambah Hilir,090908,Kab. Rokan Hulu,090900,Prov. Riau,090000,14,2,233,12,11,0,1,37,27 Apr 2026 13:07:24,64BA3ED9008DFDBC11B5
SD ISLAM TERPADU ROUDHOTUL HIKMAH,70025464,SD,Swasta,Kec. Rambah Hilir,090908,Kab. Rokan Hulu,090900,Prov. Riau,090000,10,3,137,7,7,0,0,20,14 Apr 2026 09:58:46,40474D83AD0DECA1E2EA
SMP NEGERI 1 RAMBAH HILIR,10495622,SMP,Negeri,Kec. Rambah Hilir,090908,Kab. Rokan Hulu,090900,Prov. Riau,090000,18,5,270,10,16,2,1,21,29 Apr 2026 09:42:43,6F68608766579366A907
SMP NEGERI 10 RAMBAH HILIR,10497067,SMP,Negeri,Kec. Rambah Hilir,090908,Kab. Rokan Hulu,090900,Prov. Riau,090000,8,2,24,3,3,1,4,19,09 Apr 2026 12:07:52,B2D32D32D51E41B8C664
SMP NEGERI 11 RAMBAH HILIR,10496922,SMP,Negeri,Kec. Rambah Hilir,090908,Kab. Rokan Hulu,090900,Prov. Riau,090000,11,2,56,3,3,1,1,40,01 May 2026 16:08:57,14BD09DA9C4D26D787E6
SMP NEGERI 2 RAMBAH HILIR,10403011,SMP,Negeri,Kec. Rambah Hilir,090908,Kab. Rokan Hulu,090900,Prov. Riau,090000,16,3,168,6,16,2,1,19,02 May 2026 12:41:03,950F77E5C82DB4B8D0DB
SMP NEGERI 3 RAMBAH HILIR,10495623,SMP,Negeri,Kec. Rambah Hilir,090908,Kab. Rokan Hulu,090900,Prov. Riau,090000,21,2,245,9,9,2,1,25,30 Apr 2026 08:00:32,946830CCF30715A1DF94
SMP NEGERI 4 RAMBAH HILIR,10402989,SMP,Negeri,Kec. Rambah Hilir,090908,Kab. Rokan Hulu,090900,Prov. Riau,090000,9,3,58,3,4,2,1,18,17 Apr 2026 09:29:22,7A9E4AC909822771F9F6
SMP NEGERI 5 RAMBAH HILIR,10402996,SMP,Negeri,Kec. Rambah Hilir,090908,Kab. Rokan Hulu,090900,Prov. Riau,090000,20,3,194,8,9,1,1,28,27 Apr 2026 07:56:52,CFB5C2B6FDE9D986B18F
SMP NEGERI 6 SATU ATAP RAMBAH HILIR,10495749,SMP,Negeri,Kec. Rambah Hilir,090908,Kab. Rokan Hulu,090900,Prov. Riau,090000,9,3,45,3,4,1,1,26,11 Apr 2026 10:57:58,A8C503A676422E1A57E5
SMP NEGERI 7 RAMBAH HILIR,10495750,SMP,Negeri,Kec. Rambah Hilir,090908,Kab. Rokan Hulu,090900,Prov. Riau,090000,12,3,93,4,4,2,1,22,10 Feb 2026 11:10:17,61E7D040F4196C70D5EE
SMP NEGERI 8 RAMBAH HILIR,10402949,SMP,Negeri,Kec. Rambah Hilir,090908,Kab. Rokan Hulu,090900,Prov. Riau,090000,12,1,87,5,5,1,1,20,12 Feb 2026 08:26:59,E32CAA7277BA4ABEA944
SMPN 9 SATAP RAMBAH HILIR,10496617,SMP,Negeri,Kec. Rambah Hilir,090908,Kab. Rokan Hulu,090900,Prov. Riau,090000,9,1,23,3,2,0,0,29,29 Apr 2026 16:25:46,038B476C4CB81EF7479E
SMP ISLAM AR-RAUDHOH,70033536,SMP,Swasta,Kec. Rambah Hilir,090908,Kab. Rokan Hulu,090900,Prov. Riau,090000,11,2,156,6,6,0,1,7,06 Apr 2026 13:37:06,175F43F1B3334EDD142A
SMP MUHAMMADIYAH RAMBAH HILIR,70009409,SMP,Swasta,Kec. Rambah Hilir,090908,Kab. Rokan Hulu,090900,Prov. Riau,090000,10,2,89,4,5,0,0,19,21 Apr 2026 13:48:42,7E1181F4F0294D2E89F6
SMP NURUL JADID,70052708,SMP,Swasta,Kec. Rambah Hilir,090908,Kab. Rokan Hulu,090900,Prov. Riau,090000,2,0,0,0,0,0,0,0,,DF126B6368534F1B409C
SMA NEGERI 1 RAMBAH HILIR,10402937,SMA,Negeri,Kec. Rambah Hilir,090908,Kab. Rokan Hulu,090900,Prov. Riau,090000,23,9,291,9,15,2,1,45,23 Apr 2026 09:41:33,7C6699903E70E040DD0F
SMA NEGERI 2 RAMBAH HILIR,10402940,SMA,Negeri,Kec. Rambah Hilir,090908,Kab. Rokan Hulu,090900,Prov. Riau,090000,36,11,599,17,15,5,1,35,12 Apr 2026 06:34:42,27883E8B832EBA03069E
SMA NEGERI 3 RAMBAH HILIR,10495727,SMA,Negeri,Kec. Rambah Hilir,090908,Kab. Rokan Hulu,090900,Prov. Riau,090000,26,4,303,9,11,4,1,27,30 Apr 2026 09:44:33,68CB409E756F016AF4F4
SMK NEGERI 1 RAMBAH HILIR,69944683,SMK,Negeri,Kec. Rambah Hilir,090908,Kab. Rokan Hulu,090900,Prov. Riau,090000,15,3,23,7,6,1,1,24,21 Apr 2026 09:23:32,1397B8CB2F7361F5A5CE
SMKS AHMAD LATIFAH,69733921,SMK,Swasta,Kec. Rambah Hilir,090908,Kab. Rokan Hulu,090900,Prov. Riau,090000,12,3,103,12,12,0,1,21,21 Apr 2026 08:22:20,55AE82EFC29A3A197168
SMKS TERPADU ISMAILIYAH RAMBAH HILIR,10495625,SMK,Swasta,Kec. Rambah Hilir,090908,Kab. Rokan Hulu,090900,Prov. Riau,090000,14,3,77,9,9,1,1,27,22 Apr 2026 09:45:48,2C0CB57C20A4EC847566
SD NEGERI 001 TAMBUSAI,10403028,SD,Negeri,Kec. Tambusai,090904,Kab. Rokan Hulu,090900,Prov. Riau,090000,15,2,214,11,13,1,1,18,28 Apr 2026 10:18:14,773EECD86AB920E1A3B1
SD NEGERI 002 TAMBUSAI,10403025,SD,Negeri,Kec. Tambusai,090904,Kab. Rokan Hulu,090900,Prov. Riau,090000,15,2,233,10,10,0,0,47,11 Apr 2026 08:36:23,9A4A623F78740E180C3F
SD NEGERI 003 TAMBUSAI,10403057,SD,Negeri,Kec. Tambusai,090904,Kab. Rokan Hulu,090900,Prov. Riau,090000,18,1,225,12,12,1,1,75,22 Apr 2026 14:38:40,3F8C8F5C420596F9CC4F
SD NEGERI 004 TAMBUSAI,10403045,SD,Negeri,Kec. Tambusai,090904,Kab. Rokan Hulu,090900,Prov. Riau,090000,14,3,178,10,8,0,1,12,10 Apr 2026 04:32:22,F19D513B3BD57A21088F
SD NEGERI 005 TAMBUSAI,10403155,SD,Negeri,Kec. Tambusai,090904,Kab. Rokan Hulu,090900,Prov. Riau,090000,10,1,143,9,7,0,0,17,03 Apr 2026 20:14:19,7B2C2CFB55D1C20BF003
SD NEGERI 006 TAMBUSAI,10403174,SD,Negeri,Kec. Tambusai,090904,Kab. Rokan Hulu,090900,Prov. Riau,090000,12,2,158,8,14,0,0,14,04 Mar 2026 09:01:13,E43FC73B8A612D0D6B51
SD NEGERI 007 TAMBUSAI,10403162,SD,Negeri,Kec. Tambusai,090904,Kab. Rokan Hulu,090900,Prov. Riau,090000,18,4,383,16,11,0,0,16,11 Apr 2026 09:15:49,0FEC9CB77E8A2394090A
SD NEGERI 008 TAMBUSAI,10403192,SD,Negeri,Kec. Tambusai,090904,Kab. Rokan Hulu,090900,Prov. Riau,090000,12,3,184,11,7,0,0,22,23 Apr 2026 20:41:17,4F0CC798E8F65D544095
SD NEGERI 009 TAMBUSAI,10403189,SD,Negeri,Kec. Tambusai,090904,Kab. Rokan Hulu,090900,Prov. Riau,090000,14,1,178,11,10,0,1,25,13 Apr 2026 15:13:43,C470D70B22410A5C23FC
SD NEGERI 010 TAMBUSAI,10403185,SD,Negeri,Kec. Tambusai,090904,Kab. Rokan Hulu,090900,Prov. Riau,090000,7,2,130,6,9,0,1,20,11 Mar 2026 14:31:15,1E12B472CD4181924628
SD NEGERI 011 TAMBUSAI,10403125,SD,Negeri,Kec. Tambusai,090904,Kab. Rokan Hulu,090900,Prov. Riau,090000,15,2,202,12,8,0,1,33,24 Apr 2026 08:59:35,664E7080547BA7C94C30
SD NEGERI 012 TAMBUSAI,10403109,SD,Negeri,Kec. Tambusai,090904,Kab. Rokan Hulu,090900,Prov. Riau,090000,17,1,227,12,10,0,1,22,11 Apr 2026 08:49:36,1EA3ECDDA357A0079024
SD NEGERI 013 TAMBUSAI,10403118,SD,Negeri,Kec. Tambusai,090904,Kab. Rokan Hulu,090900,Prov. Riau,090000,14,3,179,12,11,0,1,22,17 Apr 2026 12:08:28,6E3425994143F6336E58
SD NEGERI 014 TAMBUSAI,10495594,SD,Negeri,Kec. Tambusai,090904,Kab. Rokan Hulu,090900,Prov. Riau,090000,19,4,407,17,11,0,2,54,29 Apr 2026 14:45:23,05F962AF050CE4723A54
SD NEGERI 015 TAMBUSAI,10403143,SD,Negeri,Kec. Tambusai,090904,Kab. Rokan Hulu,090900,Prov. Riau,090000,12,4,196,10,10,0,0,14,02 Apr 2026 07:50:34,CC4A7CC1432E27C5EA8E
SD NEGERI 016 TAMBUSAI,10403140,SD,Negeri,Kec. Tambusai,090904,Kab. Rokan Hulu,090900,Prov. Riau,090000,12,3,158,8,9,0,1,11,18 Apr 2026 10:58:33,98E61912F6BD225715B7
SD NEGERI 017 TAMBUSAI,10402889,SD,Negeri,Kec. Tambusai,090904,Kab. Rokan Hulu,090900,Prov. Riau,090000,15,4,361,13,13,0,0,41,27 Apr 2026 10:03:40,948E90A32070774E22D3
SD NEGERI 018 TAMBUSAI,10402897,SD,Negeri,Kec. Tambusai,090904,Kab. Rokan Hulu,090900,Prov. Riau,090000,9,4,138,8,7,0,1,31,02 May 2026 10:08:35,AF4EDA5FB3D3CCB5D7A9
SD NEGERI 019 TAMBUSAI,10402881,SD,Negeri,Kec. Tambusai,090904,Kab. Rokan Hulu,090900,Prov. Riau,090000,8,3,77,6,5,0,0,6,03 Mar 2026 08:27:15,311BC150863129328923
SD NEGERI 020 TAMBUSAI,10402913,SD,Negeri,Kec. Tambusai,090904,Kab. Rokan Hulu,090900,Prov. Riau,090000,16,3,214,12,12,0,1,21,05 Apr 2026 00:32:25,3C11EADE0A1349FF28EB
SD NEGERI 021 TAMBUSAI,10402902,SD,Negeri,Kec. Tambusai,090904,Kab. Rokan Hulu,090900,Prov. Riau,090000,14,4,226,10,6,0,1,20,30 Apr 2026 14:52:59,70E1E950376FE9A769F6
SD NEGERI 022 TAMBUSAI,10495595,SD,Negeri,Kec. Tambusai,090904,Kab. Rokan Hulu,090900,Prov. Riau,090000,14,4,243,11,12,1,1,19,24 Apr 2026 08:14:32,2731F68E637798D758E9
SD NEGERI 023 TAMBUSAI,10495596,SD,Negeri,Kec. Tambusai,090904,Kab. Rokan Hulu,090900,Prov. Riau,090000,11,0,155,9,6,0,1,17,06 Mar 2026 09:05:35,629A3FA9B79D114E03A0
SD NEGERI 024 TAMBUSAI,10495597,SD,Negeri,Kec. Tambusai,090904,Kab. Rokan Hulu,090900,Prov. Riau,090000,13,1,208,11,7,0,0,30,22 Apr 2026 11:30:53,8FEAC4C5A02A56A9AF55
SD NEGERI 025 TAMBUSAI,10495780,SD,Negeri,Kec. Tambusai,090904,Kab. Rokan Hulu,090900,Prov. Riau,090000,10,2,113,7,6,0,1,10,05 Apr 2026 13:00:57,5D3DC3F62FD690DFA951
SD NEGERI 026 TAMBUSAI,69787636,SD,Negeri,Kec. Tambusai,090904,Kab. Rokan Hulu,090900,Prov. Riau,090000,7,2,77,6,5,0,0,15,03 Mar 2026 21:40:57,23CCF4710DF500BA7680
SD NEGERI 027 TAMBUSAI,69733933,SD,Negeri,Kec. Tambusai,090904,Kab. Rokan Hulu,090900,Prov. Riau,090000,10,3,140,6,8,0,1,21,02 May 2026 12:17:42,C5D2A99DD8758956A39D
SD NEGERI 028 TAMBUSAI,10495776,SD,Negeri,Kec. Tambusai,090904,Kab. Rokan Hulu,090900,Prov. Riau,090000,8,3,155,6,6,0,1,27,02 May 2026 08:23:40,4A169FB28C49550319AE
SD NEGERI 029 TAMBUSAI,10495778,SD,Negeri,Kec. Tambusai,090904,Kab. Rokan Hulu,090900,Prov. Riau,090000,9,0,36,6,6,0,0,42,27 Apr 2026 20:31:45,6529D909576CB2B53287
SD IT AL-BAYAN ISLAMIC SCHOOL,70044587,SD,Swasta,Kec. Tambusai,090904,Kab. Rokan Hulu,090900,Prov. Riau,090000,15,1,115,6,6,1,1,21,27 Apr 2026 10:37:08,C9E78586F210E58D46B7
SD S BINA BANGSA,10496408,SD,Swasta,Kec. Tambusai,090904,Kab. Rokan Hulu,090900,Prov. Riau,090000,2,1,51,6,3,0,0,4,10 Apr 2026 00:04:03,F1DE22E9D2FA690AE4A2
SD SWASTA HUTA BARU SEI KAPORO,10405774,SD,Swasta,Kec. Tambusai,090904,Kab. Rokan Hulu,090900,Prov. Riau,090000,9,1,65,6,6,0,0,17,02 May 2026 08:10:30,C6C190BB3B788F89E48F
SD SWASTA KITA PT. TORUS GANDA,10495779,SD,Swasta,Kec. Tambusai,090904,Kab. Rokan Hulu,090900,Prov. Riau,090000,28,2,657,23,27,3,1,47,30 Apr 2026 09:32:52,CE05EFF37F5128605AFD
SD SWASTA PARDOMUAN NAULI,69787103,SD,Swasta,Kec. Tambusai,090904,Kab. Rokan Hulu,090900,Prov. Riau,090000,3,2,42,6,6,0,0,12,02 May 2026 08:34:01,5024533C7F7B9E5CB6CA
SDYPTPP PT. HUTAHAEAN TAMBUSAI,10495781,SD,Swasta,Kec. Tambusai,090904,Kab. Rokan Hulu,090900,Prov. Riau,090000,24,1,422,18,8,0,1,47,30 Apr 2026 10:10:27,AEF37E28DD6DDDC56F75
SEKOLAH DASAR SWASTA ADVENT,10495775,SD,Swasta,Kec. Tambusai,090904,Kab. Rokan Hulu,090900,Prov. Riau,090000,6,1,48,6,6,0,0,20,02 May 2026 08:12:38,AD737405E4CE8C9E6985
SMP NEGERI 1 TAMBUSAI,10402970,SMP,Negeri,Kec. Tambusai,090904,Kab. Rokan Hulu,090900,Prov. Riau,090000,26,4,373,12,14,1,1,55,24 Apr 2026 10:38:45,C57D15FF539205A4926E
SMP NEGERI 2 TAMBUSAI,10402973,SMP,Negeri,Kec. Tambusai,090904,Kab. Rokan Hulu,090900,Prov. Riau,090000,15,4,121,6,11,5,1,25,07 Apr 2026 05:37:22,2EEB8A7AEA0445CFFCA8
SMP NEGERI 3 TAMBUSAI,10402961,SMP,Negeri,Kec. Tambusai,090904,Kab. Rokan Hulu,090900,Prov. Riau,090000,13,6,159,6,7,2,1,21,17 Apr 2026 10:17:06,EB21248823DD73F362DF
SMP NEGERI 4 TAMBUSAI,10495752,SMP,Negeri,Kec. Tambusai,090904,Kab. Rokan Hulu,090900,Prov. Riau,090000,14,5,73,4,4,1,1,25,02 May 2026 09:54:40,335AAD8075761685EC41
SMP NEGERI 5 TAMBUSAI,10402948,SMP,Negeri,Kec. Tambusai,090904,Kab. Rokan Hulu,090900,Prov. Riau,090000,12,3,120,6,10,1,0,35,22 Apr 2026 11:33:49,EC014A1FB8E06D354CBE
SMP NEGERI 6 TAMBUSAI,69851456,SMP,Negeri,Kec. Tambusai,090904,Kab. Rokan Hulu,090900,Prov. Riau,090000,13,2,53,3,3,1,1,36,02 May 2026 19:58:22,1AA1B22630B4D51F99A4
SMP NEGERI 7 TAMBUSAI,69878870,SMP,Negeri,Kec. Tambusai,090904,Kab. Rokan Hulu,090900,Prov. Riau,090000,11,3,106,5,6,1,0,29,18 Apr 2026 06:38:53,26FD9895C44C2E635423
SMP AL HIKMAH,10495753,SMP,Swasta,Kec. Tambusai,090904,Kab. Rokan Hulu,090900,Prov. Riau,090000,10,2,37,3,3,0,0,17,17 Apr 2026 14:34:29,D8AC87B42E13C1FB7644
SMP ISLAM AL-FURQON TAMBUSAI,10497103,SMP,Swasta,Kec. Tambusai,090904,Kab. Rokan Hulu,090900,Prov. Riau,090000,10,1,52,3,3,1,1,13,19 Apr 2026 23:16:50,08EB96F27F4BF9B98D0D
SMP KM YADIKA TAMBUSAI TIMUR,10495649,SMP,Swasta,Kec. Tambusai,090904,Kab. Rokan Hulu,090900,Prov. Riau,090000,10,3,287,9,9,1,1,26,16 Apr 2026 12:20:46,1E501246BA8A87CD8527
SMP YAYASAN TIGA PUTRA PERSADA,69787637,SMP,Swasta,Kec. Tambusai,090904,Kab. Rokan Hulu,090900,Prov. Riau,090000,14,3,206,8,9,1,1,20,09 Apr 2026 11:46:39,D0C6D0CEA79831450DE2
SMA NEGERI 1 TAMBUSAI,10402953,SMA,Negeri,Kec. Tambusai,090904,Kab. Rokan Hulu,090900,Prov. Riau,090000,31,8,522,16,17,2,1,21,23 Apr 2026 10:45:33,546A8C5170BE215D070C
SMA NEGERI 2 TAMBUSAI,10495650,SMA,Negeri,Kec. Tambusai,090904,Kab. Rokan Hulu,090900,Prov. Riau,090000,18,3,259,8,6,1,1,31,29 Apr 2026 13:54:10,9C09019AD39131B92660
SMA NEGERI 3 TAMBUSAI,10495794,SMA,Negeri,Kec. Tambusai,090904,Kab. Rokan Hulu,090900,Prov. Riau,090000,18,5,82,3,3,1,1,52,28 Apr 2026 08:23:27,EB121DDA8836A43EBA29
SMAS TIGA PUTRA PERSADA,10496393,SMA,Swasta,Kec. Tambusai,090904,Kab. Rokan Hulu,090900,Prov. Riau,090000,12,1,70,4,4,0,1,30,17 Apr 2026 19:50:44,9352927B2AA6C7534C94
SMK NEGERI 1 TAMBUSAI,10495604,SMK,Negeri,Kec. Tambusai,090904,Kab. Rokan Hulu,090900,Prov. Riau,090000,43,8,1007,30,15,4,1,51,23 Apr 2026 11:03:18,55BBCF01A88E924B4AC9
SMK SWASTA YAPIM TARUNA TAMBUSAI,69909040,SMK,Swasta,Kec. Tambusai,090904,Kab. Rokan Hulu,090900,Prov. Riau,090000,10,9,39,5,17,6,1,5,06 Apr 2026 08:19:12,0A1D3236CAE748BF2316
SMKS TERPADU BINA INSAN MANDIRI,69753982,SMK,Swasta,Kec. Tambusai,090904,Kab. Rokan Hulu,090900,Prov. Riau,090000,26,2,351,16,14,1,0,20,29 Apr 2026 12:57:36,9EF470272DA081D311A1
SD NEGERI 001 ROKAN IV KOTO,10403037,SD,Negeri,Kec. Rokan IV Koto,090902,Kab. Rokan Hulu,090900,Prov. Riau,090000,15,3,228,11,8,2,1,27,17 Apr 2026 02:10:20,F44C0192493761C87228
SD NEGERI 002 ROKAN IV KOTO,10495636,SD,Negeri,Kec. Rokan IV Koto,090902,Kab. Rokan Hulu,090900,Prov. Riau,090000,9,0,64,6,7,0,1,16,09 Apr 2026 10:57:15,B43E6E4EA63915D02E35
SD NEGERI 003 ROKAN IV KOTO,10403056,SD,Negeri,Kec. Rokan IV Koto,090902,Kab. Rokan Hulu,090900,Prov. Riau,090000,17,3,254,12,8,0,1,49,02 May 2026 10:42:38,575CE82D1033316F9263
SD NEGERI 004 ROKAN IV KOTO,10403044,SD,Negeri,Kec. Rokan IV Koto,090902,Kab. Rokan Hulu,090900,Prov. Riau,090000,14,4,190,10,10,0,1,14,06 Mar 2026 10:09:58,A373EE7E33BACCC02867
SD NEGERI 005 ROKAN IV KOTO,10495606,SD,Negeri,Kec. Rokan IV Koto,090902,Kab. Rokan Hulu,090900,Prov. Riau,090000,9,2,49,6,6,0,1,16,07 Apr 2026 10:17:05,6FCBC782387D404127F7
SD NEGERI 006 ROKAN IV KOTO,10403173,SD,Negeri,Kec. Rokan IV Koto,090902,Kab. Rokan Hulu,090900,Prov. Riau,090000,11,4,142,6,6,0,1,22,04 Apr 2026 16:21:54,3FEFC1FADAA6CB81B051
SD NEGERI 007 ROKAN IV KOTO,10403161,SD,Negeri,Kec. Rokan IV Koto,090902,Kab. Rokan Hulu,090900,Prov. Riau,090000,9,1,61,6,6,0,0,14,17 Apr 2026 06:11:07,FB30F3F51173748A88AC
SD NEGERI 008 ROKAN IV KOTO,10403191,SD,Negeri,Kec. Rokan IV Koto,090902,Kab. Rokan Hulu,090900,Prov. Riau,090000,13,3,109,7,2,0,0,22,02 May 2026 00:41:36,E3EB2BD03A6AD13E59B8
SD NEGERI 009 ROKAN IV KOTO,10403190,SD,Negeri,Kec. Rokan IV Koto,090902,Kab. Rokan Hulu,090900,Prov. Riau,090000,11,5,205,11,14,0,1,18,02 Apr 2026 09:41:35,79393DC082CA92798A74
SD NEGERI 010 ROKAN IV KOTO,10403184,SD,Negeri,Kec. Rokan IV Koto,090902,Kab. Rokan Hulu,090900,Prov. Riau,090000,8,3,70,6,7,0,0,14,09 Apr 2026 09:02:16,1FDA749C71559E8D92C5
SD NEGERI 011 ROKAN IV KOTO,10403124,SD,Negeri,Kec. Rokan IV Koto,090902,Kab. Rokan Hulu,090900,Prov. Riau,090000,9,4,129,6,6,1,1,28,14 Apr 2026 08:45:06,828A1827593C89768B5F
SD NEGERI 012 ROKAN IV KOTO,10403119,SD,Negeri,Kec. Rokan IV Koto,090902,Kab. Rokan Hulu,090900,Prov. Riau,090000,9,0,89,6,6,0,0,10,16 Apr 2026 13:52:36,76B2FDF2BD06F41F8AFF
SD NEGERI 013 ROKAN IV KOTO,10403117,SD,Negeri,Kec. Rokan IV Koto,090902,Kab. Rokan Hulu,090900,Prov. Riau,090000,13,3,55,6,6,0,0,29,23 Apr 2026 21:48:35,5345DD267F3617D95ABF
SD NEGERI 014 ROKAN IV KOTO,10403147,SD,Negeri,Kec. Rokan IV Koto,090902,Kab. Rokan Hulu,090900,Prov. Riau,090000,6,1,52,6,3,0,0,12,04 Apr 2026 15:01:53,8BC87D5A6AB96C41AF65
SD NEGERI 015 ROKAN IV KOTO,10403144,SD,Negeri,Kec. Rokan IV Koto,090902,Kab. Rokan Hulu,090900,Prov. Riau,090000,8,4,66,6,6,1,1,16,08 Apr 2026 05:49:09,C4432D0A40C07DE70053
SD NEGERI 016 ROKAN IV KOTO,10495607,SD,Negeri,Kec. Rokan IV Koto,090902,Kab. Rokan Hulu,090900,Prov. Riau,090000,11,2,29,6,3,0,0,22,05 Apr 2026 21:35:42,483D6A955FA5BC5CA2CA
SD NEGERI 017 ROKAN IV KOTO,10402875,SD,Negeri,Kec. Rokan IV Koto,090902,Kab. Rokan Hulu,090900,Prov. Riau,090000,8,3,30,6,5,0,0,14,16 Apr 2026 11:20:12,EB3DB246A6C1CF2106D7
SD NEGERI 018 ROKAN IV KOTO,10495765,SD,Negeri,Kec. Rokan IV Koto,090902,Kab. Rokan Hulu,090900,Prov. Riau,090000,10,2,22,5,4,0,0,12,13 Apr 2026 10:18:56,3D03AE8C3CBFCD669B40
SD NEGERI 019 ROKAN IV KOTO,10402880,SD,Negeri,Kec. Rokan IV Koto,090902,Kab. Rokan Hulu,090900,Prov. Riau,090000,12,0,64,6,3,0,1,16,07 Mar 2026 10:47:59,185AAB3242D64B0F6E35
SD NEGERI 020 ROKAN IV KOTO,10402912,SD,Negeri,Kec. Rokan IV Koto,090902,Kab. Rokan Hulu,090900,Prov. Riau,090000,10,1,32,6,4,0,0,16,27 Apr 2026 22:05:26,77C11605129E2573C165
SD NEGERI 021 ROKAN IV KOTO,10495608,SD,Negeri,Kec. Rokan IV Koto,090902,Kab. Rokan Hulu,090900,Prov. Riau,090000,9,0,16,6,2,0,0,1,03 Mar 2026 16:13:46,A89F17F0C7334FB33FEF
SD NEGERI 022 ROKAN IV KOTO,10495802,SD,Negeri,Kec. Rokan IV Koto,090902,Kab. Rokan Hulu,090900,Prov. Riau,090000,11,2,49,6,5,1,1,32,14 Apr 2026 09:49:06,C1423049E9AFD735BB02
SD NEGERI 023 ROKAN IV KOTO,10402907,SD,Negeri,Kec. Rokan IV Koto,090902,Kab. Rokan Hulu,090900,Prov. Riau,090000,10,3,45,6,6,0,1,12,02 Apr 2026 09:04:57,01A55ED246D6733BF698
SD NEGERI 024 ROKAN IV KOTO,10402844,SD,Negeri,Kec. Rokan IV Koto,090902,Kab. Rokan Hulu,090900,Prov. Riau,090000,10,3,77,6,4,0,1,12,02 Apr 2026 23:50:39,C44F0D50C50A1807F686
SD NEGERI 025 ROKAN IV KOTO,10495609,SD,Negeri,Kec. Rokan IV Koto,090902,Kab. Rokan Hulu,090900,Prov. Riau,090000,9,1,140,7,7,0,2,15,24 Apr 2026 10:01:25,6976AE640602CB4602BA
SD NEGERI 026 ROKAN IV KOTO,10402839,SD,Negeri,Kec. Rokan IV Koto,090902,Kab. Rokan Hulu,090900,Prov. Riau,090000,9,2,76,6,10,1,0,21,28 Apr 2026 13:33:38,2093EB522B2AEA9B750A
SD NEGERI 027 ROKAN IV KOTO,10402831,SD,Negeri,Kec. Rokan IV Koto,090902,Kab. Rokan Hulu,090900,Prov. Riau,090000,8,1,38,6,6,0,0,28,30 Apr 2026 08:29:46,D090AD515067B55923FF
SD NEGERI 028 ROKAN IV KOTO,10402834,SD,Negeri,Kec. Rokan IV Koto,090902,Kab. Rokan Hulu,090900,Prov. Riau,090000,11,2,76,6,6,1,1,25,30 Apr 2026 11:04:00,316078AF8837AAE63E15
SD NEGERI 029 ROKAN IV KOTO,10495773,SD,Negeri,Kec. Rokan IV Koto,090902,Kab. Rokan Hulu,090900,Prov. Riau,090000,8,1,66,6,7,1,1,18,28 Apr 2026 10:02:44,D59694AF3B4BD388B6FB
SD NEGERI 030 ROKAN IV KOTO,70049941,SD,Negeri,Kec. Rokan IV Koto,090902,Kab. Rokan Hulu,090900,Prov. Riau,090000,10,3,59,6,6,0,0,26,10 Mar 2026 10:50:50,39E0D4C20E7CCE0FBF14
SD NEGERI 031 ROKAN IV KOTO,70055764,SD,Negeri,Kec. Rokan IV Koto,090902,Kab. Rokan Hulu,090900,Prov. Riau,090000,7,0,37,6,3,0,0,15,07 Apr 2026 15:23:33,96FD8B8EAAF33859FAE5
SMP NEGERI 1 ROKAN IV KOTO,10402928,SMP,Negeri,Kec. Rokan IV Koto,090902,Kab. Rokan Hulu,090900,Prov. Riau,090000,19,5,247,9,12,9,1,41,30 Apr 2026 22:59:32,A8AAB853508A3F855B3D
SMP NEGERI 2 ROKAN IV KOTO,10402945,SMP,Negeri,Kec. Rokan IV Koto,090902,Kab. Rokan Hulu,090900,Prov. Riau,090000,18,6,189,6,11,2,1,23,21 Apr 2026 06:23:00,1CCE5ADEC145AC964CD6
SMP NEGERI 3 ROKAN IV KOTO,10402960,SMP,Negeri,Kec. Rokan IV Koto,090902,Kab. Rokan Hulu,090900,Prov. Riau,090000,15,1,89,3,3,1,1,14,22 Apr 2026 11:04:29,7F28C7033EF370615A20
SMP NEGERI 4 ROKAN IV KOTO,69863200,SMP,Negeri,Kec. Rokan IV Koto,090902,Kab. Rokan Hulu,090900,Prov. Riau,090000,11,3,94,4,4,1,0,13,02 May 2026 00:09:04,81869866E4DF40B11399
SMP NEGERI 5 ROKAN IV KOTO,10495612,SMP,Negeri,Kec. Rokan IV Koto,090902,Kab. Rokan Hulu,090900,Prov. Riau,090000,13,3,80,3,3,1,1,39,04 Mar 2026 10:22:29,7075B1F92E2755E9BCEF
SMP NEGERI 6 ROKAN IV KOTO,10495613,SMP,Negeri,Kec. Rokan IV Koto,090902,Kab. Rokan Hulu,090900,Prov. Riau,090000,12,4,76,3,3,1,1,25,20 Apr 2026 09:16:32,749C368E678D779C0486
SMP NEGERI 7 ROKAN IV KOTO,10495614,SMP,Negeri,Kec. Rokan IV Koto,090902,Kab. Rokan Hulu,090900,Prov. Riau,090000,10,3,44,3,6,0,0,15,11 Apr 2026 08:15:54,B0AB974BA0A903B80968
SMP NEGERI 8 ROKAN IV KOTO,69862589,SMP,Negeri,Kec. Rokan IV Koto,090902,Kab. Rokan Hulu,090900,Prov. Riau,090000,12,2,26,3,3,0,1,21,27 Apr 2026 10:58:01,1F16ECB08E6A98935ED4
SMA NEGERI 1 ROKAN IV KOTO,10495645,SMA,Negeri,Kec. Rokan IV Koto,090902,Kab. Rokan Hulu,090900,Prov. Riau,090000,27,5,253,9,15,4,1,27,27 Apr 2026 08:54:20,6F215CF2814D611A5CFF
SMA NEGERI 2 ROKAN IV KOTO,10495639,SMA,Negeri,Kec. Rokan IV Koto,090902,Kab. Rokan Hulu,090900,Prov. Riau,090000,20,6,223,8,8,1,1,23,27 Apr 2026 14:46:53,E369EB145A009CB89569
SMA NEGERI 3 ROKAN IV KOTO,70042240,SMA,Negeri,Kec. Rokan IV Koto,090902,Kab. Rokan Hulu,090900,Prov. Riau,090000,19,2,58,3,3,1,1,33,12 Apr 2026 09:25:48,B7B6C0476D4DB4CD5935
SMK NEGERI 1 ROKAN IV KOTO,69759241,SMK,Negeri,Kec. Rokan IV Koto,090902,Kab. Rokan Hulu,090900,Prov. Riau,090000,17,8,179,10,7,3,1,38,15 Apr 2026 13:47:37,A20175E22837612CD4B2
SMK NEGERI 2 ROKAN IV KOTO,69725746,SMK,Negeri,Kec. Rokan IV Koto,090902,Kab. Rokan Hulu,090900,Prov. Riau,090000,11,1,16,3,3,1,1,40,27 Apr 2026 10:50:59,3B9517A2B42110E19ECB
SD NEGERI 001 UJUNG BATU,10495538,SD,Negeri,Kec. Ujung Batu,090901,Kab. Rokan Hulu,090900,Prov. Riau,090000,23,3,276,13,12,0,1,18,30 Apr 2026 09:59:34,CC4025DA9771255D21CD
SD NEGERI 002 UJUNG BATU,10403038,SD,Negeri,Kec. Ujung Batu,090901,Kab. Rokan Hulu,090900,Prov. Riau,090000,28,2,581,20,16,0,1,34,02 May 2026 09:11:07,F3C8F86FD0A6582044A0
SD NEGERI 003 UJUNG BATU,10495539,SD,Negeri,Kec. Ujung Batu,090901,Kab. Rokan Hulu,090900,Prov. Riau,090000,21,5,397,15,13,2,1,33,15 Apr 2026 07:09:01,7B2A2644891968C0B17C
SD NEGERI 004 UJUNG BATU,10495540,SD,Negeri,Kec. Ujung Batu,090901,Kab. Rokan Hulu,090900,Prov. Riau,090000,22,2,291,14,13,0,1,21,27 Apr 2026 09:06:56,D2098D1F680B4C4E6221
SD NEGERI 005 UJUNG BATU,10495541,SD,Negeri,Kec. Ujung Batu,090901,Kab. Rokan Hulu,090900,Prov. Riau,090000,28,3,542,21,13,0,1,40,11 Apr 2026 00:56:44,66052B6830C803AA00AF
SD NEGERI 006 UJUNG BATU,10403165,SD,Negeri,Kec. Ujung Batu,090901,Kab. Rokan Hulu,090900,Prov. Riau,090000,22,4,413,15,9,3,1,25,29 Apr 2026 08:23:24,51AC9C00CF2A71149A05
SD NEGERI 007 UJUNG BATU,10495542,SD,Negeri,Kec. Ujung Batu,090901,Kab. Rokan Hulu,090900,Prov. Riau,090000,18,5,265,11,12,0,1,42,24 Apr 2026 08:41:52,C391820476B5BAFEB9C3
SD NEGERI 008 UJUNG BATU,10495543,SD,Negeri,Kec. Ujung Batu,090901,Kab. Rokan Hulu,090900,Prov. Riau,090000,20,1,246,12,12,0,1,23,20 Apr 2026 20:05:52,3F18E7B0339145118EA5
SD NEGERI 009 UJUNG BATU,10495544,SD,Negeri,Kec. Ujung Batu,090901,Kab. Rokan Hulu,090900,Prov. Riau,090000,18,4,218,12,12,0,1,45,30 Apr 2026 16:27:57,186E0DADEEC1FA123BC8
SD NEGERI 010 UJUNG BATU,10495545,SD,Negeri,Kec. Ujung Batu,090901,Kab. Rokan Hulu,090900,Prov. Riau,090000,27,4,451,18,12,0,2,35,14 Apr 2026 16:12:20,34ABDBE99AD521F6411E
SD NEGERI 011 UJUNG BATU,10403128,SD,Negeri,Kec. Ujung Batu,090901,Kab. Rokan Hulu,090900,Prov. Riau,090000,13,3,221,11,9,0,1,15,27 Apr 2026 11:17:04,68D7ACB7C68AA831E0F7
SD NEGERI 012 UJUNG BATU,10495546,SD,Negeri,Kec. Ujung Batu,090901,Kab. Rokan Hulu,090900,Prov. Riau,090000,21,2,285,14,12,0,1,61,29 Apr 2026 13:30:26,EC18901C65C2A0745AC2
SD NEGERI 013 UJUNG BATU,10403132,SD,Negeri,Kec. Ujung Batu,090901,Kab. Rokan Hulu,090900,Prov. Riau,090000,14,3,205,10,9,0,0,15,30 Apr 2026 11:17:08,D1280E16389CE77CA210
SD NEGERI 014 UJUNG BATU,10403149,SD,Negeri,Kec. Ujung Batu,090901,Kab. Rokan Hulu,090900,Prov. Riau,090000,17,1,177,9,9,0,1,21,16 Apr 2026 11:21:22,E430266DBC8DF120FFE0
SD NEGERI 015 UJUNG BATU,10495547,SD,Negeri,Kec. Ujung Batu,090901,Kab. Rokan Hulu,090900,Prov. Riau,090000,12,2,176,9,7,0,1,15,24 Apr 2026 10:00:15,E9E39882D4DEB99FE77E
SD NEGERI 016 UJUNG BATU,10495548,SD,Negeri,Kec. Ujung Batu,090901,Kab. Rokan Hulu,090900,Prov. Riau,090000,22,2,343,14,12,0,1,116,30 Apr 2026 19:49:41,988643261260B0698F37
SD NEGERI 017 UJUNG BATU,10402892,SD,Negeri,Kec. Ujung Batu,090901,Kab. Rokan Hulu,090900,Prov. Riau,090000,15,5,211,11,9,0,1,42,08 Apr 2026 08:15:02,7CF6AF9593C4D7B96D33
SD NEGERI 018 UJUNG BATU,10495549,SD,Negeri,Kec. Ujung Batu,090901,Kab. Rokan Hulu,090900,Prov. Riau,090000,12,2,124,9,9,0,0,25,22 Apr 2026 10:50:43,C55620104D8D33245591
SD ADVENT UJUNG BATU,10495529,SD,Swasta,Kec. Ujung Batu,090901,Kab. Rokan Hulu,090900,Prov. Riau,090000,8,1,73,6,6,1,1,31,18 Mar 2026 13:59:27,449B29158082D7E8CCB9
SD ISLAM AL-BAARIQ,69901112,SD,Swasta,Kec. Ujung Batu,090901,Kab. Rokan Hulu,090900,Prov. Riau,090000,20,8,293,14,14,0,1,15,27 Apr 2026 10:05:24,EDFDD5821CC226A408D6
SD IT BINTANG 33,70001963,SD,Swasta,Kec. Ujung Batu,090901,Kab. Rokan Hulu,090900,Prov. Riau,090000,7,1,138,6,6,0,0,8,08 Apr 2026 15:30:40,67F2CEC515684365F137
SD PRADIPA VIDIA SCHOOL NATIONAL PLUS,69982121,SD,Swasta,Kec. Ujung Batu,090901,Kab. Rokan Hulu,090900,Prov. Riau,090000,9,1,109,6,7,0,1,66,06 Apr 2026 11:35:46,4A7A5C540F9776D2CDE9
SDIT INAYAH UJUNGBATU,10495528,SD,Swasta,Kec. Ujung Batu,090901,Kab. Rokan Hulu,090900,Prov. Riau,090000,40,6,627,24,24,0,1,41,27 Apr 2026 15:19:46,3A6B10AF32EB4509B8AF
SMP NEGERI 1 UJUNG BATU,10403008,SMP,Negeri,Kec. Ujung Batu,090901,Kab. Rokan Hulu,090900,Prov. Riau,090000,51,9,765,24,28,1,1,25,02 May 2026 10:51:01,07216DF93742FFA09D82
SMP NEGERI 2 UJUNG BATU,10403004,SMP,Negeri,Kec. Ujung Batu,090901,Kab. Rokan Hulu,090900,Prov. Riau,090000,35,9,436,16,19,2,1,33,15 Apr 2026 13:38:34,C168067D231A8A34D5B9
SMP NEGERI 3 UJUNG BATU,10402977,SMP,Negeri,Kec. Ujung Batu,090901,Kab. Rokan Hulu,090900,Prov. Riau,090000,28,6,333,12,14,2,1,63,06 Apr 2026 20:30:11,A5281A451B878ADCF02F
SMP NEGERI 4 UJUNG BATU,10402994,SMP,Negeri,Kec. Ujung Batu,090901,Kab. Rokan Hulu,090900,Prov. Riau,090000,21,5,214,9,11,1,2,68,16 Apr 2026 12:22:49,8C367B4F3F3CFDB8AF86
SMP NEGERI 5 UJUNGBATU,10495755,SMP,Negeri,Kec. Ujung Batu,090901,Kab. Rokan Hulu,090900,Prov. Riau,090000,21,5,160,6,8,2,1,23,26 Apr 2026 22:24:49,4B3CA8E14EC1E9216D4F
SMP ADVENT UJUNG BATU,10495535,SMP,Swasta,Kec. Ujung Batu,090901,Kab. Rokan Hulu,090900,Prov. Riau,090000,6,1,32,3,3,0,1,13,04 Mar 2026 10:28:44,33DB920CB2D2167C9036
SMP ISLAM PLUS UJUNGBATU,69954665,SMP,Swasta,Kec. Ujung Batu,090901,Kab. Rokan Hulu,090900,Prov. Riau,090000,6,2,31,3,3,0,1,19,29 Apr 2026 22:10:57,B07F26B134106CB23A54
SMP ISLAM TERPADU INAYAH UJUNGBATU,69883607,SMP,Swasta,Kec. Ujung Batu,090901,Kab. Rokan Hulu,090900,Prov. Riau,090000,16,5,245,9,9,2,1,8,13 Apr 2026 09:01:40,AEF2470043CB607A0132
SMP ISLAM TERPADU RIYADHUL ULUM,69883606,SMP,Swasta,Kec. Ujung Batu,090901,Kab. Rokan Hulu,090900,Prov. Riau,090000,8,1,96,4,9,1,1,19,11 Apr 2026 13:11:19,6473FCE463AE771B2C6D
SMP MUHAMMADIYAH UJUNGBATU,10402985,SMP,Swasta,Kec. Ujung Batu,090901,Kab. Rokan Hulu,090900,Prov. Riau,090000,8,1,18,3,9,0,0,25,25 Apr 2026 22:46:40,2D03C7FE1355FF3F43D8
SMA NEGERI 1 UJUNG BATU,10402939,SMA,Negeri,Kec. Ujung Batu,090901,Kab. Rokan Hulu,090900,Prov. Riau,090000,58,11,1067,30,30,4,1,24,20 Apr 2026 08:32:52,27C269FEFB7A27E6CB52
SMA NEGERI 2 UJUNG BATU,10495531,SMA,Negeri,Kec. Ujung Batu,090901,Kab. Rokan Hulu,090900,Prov. Riau,090000,35,8,458,14,14,1,1,20,24 Apr 2026 11:21:44,6D6454B4632D6D6B5EDB
SMAS M UJUNG BATU,10403077,SMA,Swasta,Kec. Ujung Batu,090901,Kab. Rokan Hulu,090900,Prov. Riau,090000,6,1,17,3,3,0,1,12,21 Apr 2026 22:53:50,5FD44844D557FDF72C81
SMK NEGERI 1 UJUNGBATU,10497047,SMK,Negeri,Kec. Ujung Batu,090901,Kab. Rokan Hulu,090900,Prov. Riau,090000,60,11,1018,31,23,0,0,47,30 Apr 2026 14:07:40,3D8C35E15007A3D533D5
SMKN 2 UJUNG BATU,10402943,SMK,Negeri,Kec. Ujung Batu,090901,Kab. Rokan Hulu,090900,Prov. Riau,090000,26,9,423,18,26,2,1,63,30 Apr 2026 00:24:12,3A606D9F300C7F6562E8
SMK RIYADHUL ULUM,69974256,SMK,Swasta,Kec. Ujung Batu,090901,Kab. Rokan Hulu,090900,Prov. Riau,090000,11,2,101,7,7,1,1,15,26 Apr 2026 11:43:19,E69E9F52245C9995B13B
SMKS ISLAM INAYAH UJUNG BATU,10495533,SMK,Swasta,Kec. Ujung Batu,090901,Kab. Rokan Hulu,090900,Prov. Riau,090000,37,9,457,19,19,1,1,36,24 Apr 2026 23:33:35,84A22E3016E29CF1E412
SMKS TERPADU UJUNG BATU,10495646,SMK,Swasta,Kec. Ujung Batu,090901,Kab. Rokan Hulu,090900,Prov. Riau,090000,3,3,0,0,0,0,0,0,,7169DD923CDF46E206C9
SD NEGERI 001 RAMBAH SAMO,10403036,SD,Negeri,Kec. Rambah Samo,090907,Kab. Rokan Hulu,090900,Prov. Riau,090000,18,4,267,12,11,0,0,24,29 Apr 2026 23:48:50,557EAB0C28A5F12F1958
SD NEGERI 002 RAMBAH SAMO,10403024,SD,Negeri,Kec. Rambah Samo,090907,Kab. Rokan Hulu,090900,Prov. Riau,090000,15,3,225,10,10,0,1,24,23 Apr 2026 12:09:36,528A1F7EF0A2AF4CFFE3
SD NEGERI 003 RAMBAH SAMO,10403055,SD,Negeri,Kec. Rambah Samo,090907,Kab. Rokan Hulu,090900,Prov. Riau,090000,30,4,498,19,16,0,1,50,29 Apr 2026 10:29:17,D0534B08193C68AE86FA
SD NEGERI 004 RAMBAH SAMO,10403043,SD,Negeri,Kec. Rambah Samo,090907,Kab. Rokan Hulu,090900,Prov. Riau,090000,12,3,144,7,6,0,1,21,27 Apr 2026 12:52:53,FCF2A43246596EF3ACC3
SD NEGERI 005 RAMBAH SAMO,10403107,SD,Negeri,Kec. Rambah Samo,090907,Kab. Rokan Hulu,090900,Prov. Riau,090000,8,3,132,7,8,0,1,11,17 Apr 2026 08:02:46,B014E145E461A42C5242
SD NEGERI 006 RAMBAH SAMO,10403172,SD,Negeri,Kec. Rambah Samo,090907,Kab. Rokan Hulu,090900,Prov. Riau,090000,10,3,164,8,9,0,1,19,30 Apr 2026 23:47:43,3C7609A3107CFE721921
SD NEGERI 007 RAMBAH SAMO,10403160,SD,Negeri,Kec. Rambah Samo,090907,Kab. Rokan Hulu,090900,Prov. Riau,090000,14,2,199,11,8,0,1,17,20 Apr 2026 10:57:39,16FD8024EC190C5FB3CD
SD NEGERI 008 RAMBAH SAMO,10403178,SD,Negeri,Kec. Rambah Samo,090907,Kab. Rokan Hulu,090900,Prov. Riau,090000,13,1,135,7,5,0,0,16,24 Apr 2026 10:25:22,A8782B235DBE14FD962F
SD NEGERI 009 RAMBAH SAMO,10403199,SD,Negeri,Kec. Rambah Samo,090907,Kab. Rokan Hulu,090900,Prov. Riau,090000,10,2,121,6,6,0,0,9,04 Mar 2026 06:31:54,F5D6A761EF273FB48F60
SD NEGERI 010 RAMBAH SAMO,10403183,SD,Negeri,Kec. Rambah Samo,090907,Kab. Rokan Hulu,090900,Prov. Riau,090000,9,2,142,7,8,0,1,29,21 Apr 2026 15:25:35,1D5026A0F96427F07B94
SD NEGERI 011 RAMBAH SAMO,10403122,SD,Negeri,Kec. Rambah Samo,090907,Kab. Rokan Hulu,090900,Prov. Riau,090000,8,2,136,6,9,0,0,33,21 Apr 2026 12:53:54,D342947A3C242158680A
SD NEGERI 012 RAMBAH SAMO,10403120,SD,Negeri,Kec. Rambah Samo,090907,Kab. Rokan Hulu,090900,Prov. Riau,090000,10,1,150,7,7,0,0,16,24 Apr 2026 09:54:24,3EA05E1CD7ACF0DDDC0A
SD NEGERI 013 RAMBAH SAMO,10403116,SD,Negeri,Kec. Rambah Samo,090907,Kab. Rokan Hulu,090900,Prov. Riau,090000,10,2,48,6,6,0,0,23,08 Apr 2026 10:04:12,03D777BB828AA25B2A31
SD NEGERI 014 RAMBAH SAMO,10403146,SD,Negeri,Kec. Rambah Samo,090907,Kab. Rokan Hulu,090900,Prov. Riau,090000,8,4,139,6,7,0,1,16,22 Apr 2026 15:34:48,6479CC5BA7E8CACE3603
SD NEGERI 015 RAMBAH SAMO,10403153,SD,Negeri,Kec. Rambah Samo,090907,Kab. Rokan Hulu,090900,Prov. Riau,090000,8,2,157,6,7,0,0,12,11 Apr 2026 10:34:52,EAD97B7AAB32AAAF70E4
SD NEGERI 016 RAMBAH SAMO,10403139,SD,Negeri,Kec. Rambah Samo,090907,Kab. Rokan Hulu,090900,Prov. Riau,090000,12,1,105,7,6,0,1,26,27 Apr 2026 12:37:16,AD1B00D04C269F73683C
SD NEGERI 017 RAMBAH SAMO,10403016,SD,Negeri,Kec. Rambah Samo,090907,Kab. Rokan Hulu,090900,Prov. Riau,090000,9,3,80,6,6,0,0,13,29 Apr 2026 13:41:10,518EBD9563BEDF9732FC
SD NEGERI 018 RAMBAH SAMO,10402896,SD,Negeri,Kec. Rambah Samo,090907,Kab. Rokan Hulu,090900,Prov. Riau,090000,10,2,58,6,5,0,0,22,29 Apr 2026 12:14:15,F04F996C32F59F7AEE4A
SD NEGERI 019 RAMBAH SAMO,10402879,SD,Negeri,Kec. Rambah Samo,090907,Kab. Rokan Hulu,090900,Prov. Riau,090000,13,3,49,6,4,1,1,19,18 Apr 2026 07:44:37,E1E9C872EA9F148D27F2
SD NEGERI 020 RAMBAH SAMO,10402900,SD,Negeri,Kec. Rambah Samo,090907,Kab. Rokan Hulu,090900,Prov. Riau,090000,10,2,105,6,7,0,0,5,06 Feb 2026 09:06:54,9DA6AE4270C8A6483B9A
SD NEGERI 021 RAMBAH SAMO,10402919,SD,Negeri,Kec. Rambah Samo,090907,Kab. Rokan Hulu,090900,Prov. Riau,090000,9,1,59,6,7,0,0,38,30 Apr 2026 12:10:50,4AB3BB3B28FA1CD86E6F
SD NEGERI 022 RAMBAH SAMO,10402901,SD,Negeri,Kec. Rambah Samo,090907,Kab. Rokan Hulu,090900,Prov. Riau,090000,11,0,70,7,5,0,0,28,29 Apr 2026 20:27:03,DD88F02F1EF5FE7F5418
SD NEGERI 023 RAMBAH SAMO,10402906,SD,Negeri,Kec. Rambah Samo,090907,Kab. Rokan Hulu,090900,Prov. Riau,090000,11,1,71,7,5,0,0,23,26 Apr 2026 21:01:29,96914334894748D79963
SD NEGERI 024 RAMBAH SAMO,10402843,SD,Negeri,Kec. Rambah Samo,090907,Kab. Rokan Hulu,090900,Prov. Riau,090000,9,3,121,7,7,1,1,21,14 Mar 2026 10:46:04,A766078D1EE214897EF4
SD NEGERI 025 RAMBAH SAMO,10402848,SD,Negeri,Kec. Rambah Samo,090907,Kab. Rokan Hulu,090900,Prov. Riau,090000,8,0,20,5,3,0,0,32,12 Apr 2026 05:26:08,34551120D78BCD477D4E
SD NEGERI 026 RAMBAH SAMO,10402840,SD,Negeri,Kec. Rambah Samo,090907,Kab. Rokan Hulu,090900,Prov. Riau,090000,8,4,126,6,7,0,1,24,01 May 2026 17:18:59,64FEDC2A29D5DA1B3E10
SD IT AL MUSTAQIM ROKAN HULU,70003928,SD,Swasta,Kec. Rambah Samo,090907,Kab. Rokan Hulu,090900,Prov. Riau,090000,12,2,145,7,9,0,1,7,17 Apr 2026 07:34:17,13D185C592B9569E75AB
SMP NEGERI 1 RAMBAH SAMO,10403006,SMP,Negeri,Kec. Rambah Samo,090907,Kab. Rokan Hulu,090900,Prov. Riau,090000,23,3,290,10,10,2,1,51,01 May 2026 11:09:16,26C240F9E4365CCCF632
SMP NEGERI 2 RAMBAH SAMO,10403013,SMP,Negeri,Kec. Rambah Samo,090907,Kab. Rokan Hulu,090900,Prov. Riau,090000,31,6,470,16,17,2,1,11,07 Apr 2026 07:06:29,E6FA87C630D442762DC7
SMP NEGERI 3 RAMBAH SAMO,10402992,SMP,Negeri,Kec. Rambah Samo,090907,Kab. Rokan Hulu,090900,Prov. Riau,090000,16,5,172,7,9,2,1,20,02 Apr 2026 17:45:44,78942BA54AFC4541D095
SMP NEGERI 4 SATU ATAP RAMBAH SAMO,10495605,SMP,Negeri,Kec. Rambah Samo,090907,Kab. Rokan Hulu,090900,Prov. Riau,090000,13,3,84,3,5,0,1,36,16 Apr 2026 10:15:30,81C4791BA0CDC0F60447
SMP NEGERI 5 RAMBAH SAMO,60725988,SMP,Negeri,Kec. Rambah Samo,090907,Kab. Rokan Hulu,090900,Prov. Riau,090000,10,2,107,4,6,1,1,29,14 Apr 2026 07:31:41,0FEBCFE5B67EBDCADE82
SMP NEGERI 6 SATAP RAMBAH SAMO,60725987,SMP,Negeri,Kec. Rambah Samo,090907,Kab. Rokan Hulu,090900,Prov. Riau,090000,12,1,29,3,3,0,0,40,25 Apr 2026 09:50:26,9E9FDA6C769BB6C6327D
SMP NEGERI 7 RAMBAH SAMO,69787170,SMP,Negeri,Kec. Rambah Samo,090907,Kab. Rokan Hulu,090900,Prov. Riau,090000,14,3,138,6,6,0,1,28,30 Apr 2026 10:55:56,50457DBB8EE23E7013B8
SMA NEGERI 1 RAMBAH SAMO,10402938,SMA,Negeri,Kec. Rambah Samo,090907,Kab. Rokan Hulu,090900,Prov. Riau,090000,39,12,717,21,21,2,1,27,30 Apr 2026 09:58:37,F718D8303FDBE9C3E650
SMK NEGERI 1 RAMBAH SAMO,60725986,SMK,Negeri,Kec. Rambah Samo,090907,Kab. Rokan Hulu,090900,Prov. Riau,090000,19,5,207,11,12,1,1,30,27 Apr 2026 12:02:58,6ACAFB01AB7C5C2035A4
SMKS KESEHATAN,60725985,SMK,Swasta,Kec. Rambah Samo,090907,Kab. Rokan Hulu,090900,Prov. Riau,090000,15,5,133,5,7,0,0,26,21 Apr 2026 15:11:32,4A1CAA9ED88EE40AC775
SD NEGERI 001 TANDUN,10403018,SD,Negeri,Kec. Tandun,090911,Kab. Rokan Hulu,090900,Prov. Riau,090000,12,3,151,8,8,0,1,14,08 Apr 2026 13:24:51,B8BD080BC72028065757
SD NEGERI 002 TANDUN,10495537,SD,Negeri,Kec. Tandun,090911,Kab. Rokan Hulu,090900,Prov. Riau,090000,7,2,121,6,7,0,0,1,22 Apr 2026 09:53:11,7BD48BC606C446CDB816
SD NEGERI 003 TANDUN,10495721,SD,Negeri,Kec. Tandun,090911,Kab. Rokan Hulu,090900,Prov. Riau,090000,17,1,254,12,7,0,0,49,29 Apr 2026 19:07:18,EBE08C93E22D1B2E98CC
SD NEGERI 004 TANDUN,10495574,SD,Negeri,Kec. Tandun,090911,Kab. Rokan Hulu,090900,Prov. Riau,090000,14,3,188,10,10,0,1,22,13 Apr 2026 13:53:22,6F70CA8D7513E239916C
SD NEGERI 005 TANDUN,10495575,SD,Negeri,Kec. Tandun,090911,Kab. Rokan Hulu,090900,Prov. Riau,090000,9,2,162,7,8,0,0,12,11 Apr 2026 08:38:21,BB140216BFC95857F4BA
SD NEGERI 006 TANDUN,10403166,SD,Negeri,Kec. Tandun,090911,Kab. Rokan Hulu,090900,Prov. Riau,090000,8,3,47,6,7,0,1,16,03 Apr 2026 06:59:11,A3464377035FADEC3312
SD NEGERI 007 TANDUN,10403164,SD,Negeri,Kec. Tandun,090911,Kab. Rokan Hulu,090900,Prov. Riau,090000,12,4,201,10,9,0,1,10,01 May 2026 22:19:05,343BAB33F408069BDE0C
SD NEGERI 008 TANDUN,10403193,SD,Negeri,Kec. Tandun,090911,Kab. Rokan Hulu,090900,Prov. Riau,090000,15,3,222,11,11,0,0,13,05 Mar 2026 02:12:34,88814CFD186DD3510AF5
SD NEGERI 009 TANDUN,10495576,SD,Negeri,Kec. Tandun,090911,Kab. Rokan Hulu,090900,Prov. Riau,090000,18,3,271,13,15,0,0,14,01 May 2026 22:30:24,2B5343E710E48C0DDCD0
SD NEGERI 010 TANDUN,10403186,SD,Negeri,Kec. Tandun,090911,Kab. Rokan Hulu,090900,Prov. Riau,090000,9,2,115,6,14,0,0,11,03 Mar 2026 08:22:07,EC3380D75583F0E1C9BE
SD NEGERI 011 TANDUN,10403127,SD,Negeri,Kec. Tandun,090911,Kab. Rokan Hulu,090900,Prov. Riau,090000,8,4,153,7,7,0,0,1,11 Apr 2026 08:44:43,670AA87315A188EDAAAD
SD NEGERI 012 TANDUN,10403112,SD,Negeri,Kec. Tandun,090911,Kab. Rokan Hulu,090900,Prov. Riau,090000,12,2,197,10,11,0,0,14,30 Mar 2026 09:38:50,782AF0D8743E7049B3C5
SD NEGERI 013 TANDUN,10495577,SD,Negeri,Kec. Tandun,090911,Kab. Rokan Hulu,090900,Prov. Riau,090000,14,4,292,12,11,0,2,15,24 Apr 2026 07:53:45,A59BE383F046488F0C2B
SD NEGERI 014 TANDUN,10495578,SD,Negeri,Kec. Tandun,090911,Kab. Rokan Hulu,090900,Prov. Riau,090000,7,2,146,6,6,0,0,9,29 Apr 2026 18:49:19,F1F1903BC4EC08E47085
SD NEGERI 015 TANDUN,10403135,SD,Negeri,Kec. Tandun,090911,Kab. Rokan Hulu,090900,Prov. Riau,090000,8,4,98,6,8,0,1,14,10 Apr 2026 10:26:33,1FC33A5ECD736AFDF6F6
SD NEGERI 016 TANDUN,10495723,SD,Negeri,Kec. Tandun,090911,Kab. Rokan Hulu,090900,Prov. Riau,090000,15,3,305,12,10,0,0,20,09 Apr 2026 08:16:26,B4F35DFE8FE74433810A
SD NEGERI 017 TANDUN,10495579,SD,Negeri,Kec. Tandun,090911,Kab. Rokan Hulu,090900,Prov. Riau,090000,8,3,66,6,5,0,2,21,15 Apr 2026 11:43:15,CD9ED1C2477CB8BE6149
SD NEGERI 018 TANDUN,10402885,SD,Negeri,Kec. Tandun,090911,Kab. Rokan Hulu,090900,Prov. Riau,090000,13,2,107,6,6,1,1,22,25 Apr 2026 12:42:05,C43E762CD1D5F18187AD
SMP NEGERI 1 TANDUN,10402930,SMP,Negeri,Kec. Tandun,090911,Kab. Rokan Hulu,090900,Prov. Riau,090000,29,5,393,14,21,2,1,23,17 Apr 2026 04:11:23,85DC413880B826F332FC
SMP NEGERI 2 TANDUN,10402958,SMP,Negeri,Kec. Tandun,090911,Kab. Rokan Hulu,090900,Prov. Riau,090000,17,3,218,8,12,1,1,17,16 Apr 2026 08:03:56,C75E57C01B6820470043
SMP NEGERI 3 TANDUN,10402962,SMP,Negeri,Kec. Tandun,090911,Kab. Rokan Hulu,090900,Prov. Riau,090000,14,4,182,7,7,2,2,10,29 Apr 2026 00:59:58,43A3C53A221179672872
SMP NEGERI 4 TANDUN,10495585,SMP,Negeri,Kec. Tandun,090911,Kab. Rokan Hulu,090900,Prov. Riau,090000,12,5,91,5,8,1,0,29,09 Apr 2026 16:01:13,049AFB051BD86F5D5CE8
SMP NEGERI 5 TANDUN,69899603,SMP,Negeri,Kec. Tandun,090911,Kab. Rokan Hulu,090900,Prov. Riau,090000,14,2,130,5,6,0,1,25,28 Apr 2026 10:23:21,85F42D59F7D708E4DF7E
SMP NEGERI 6 SATU ATAP TANDUN,69947894,SMP,Negeri,Kec. Tandun,090911,Kab. Rokan Hulu,090900,Prov. Riau,090000,9,2,34,3,4,0,0,37,21 Apr 2026 09:23:03,2E1E804024C58898B5C6
SMP NEGERI 7 TANDUN,69787102,SMP,Negeri,Kec. Tandun,090911,Kab. Rokan Hulu,090900,Prov. Riau,090000,11,1,110,4,5,0,0,44,30 Apr 2026 08:17:14,5658185DCFDF6D459FEA
SMP PILAR PADURA HARAPAN,69906643,SMP,Swasta,Kec. Tandun,090911,Kab. Rokan Hulu,090900,Prov. Riau,090000,5,2,8,3,3,0,0,25,14 Apr 2026 22:05:00,26BE3F4EB7BE05146E8F
SMP S LPMD KUMAIN,69888678,SMP,Swasta,Kec. Tandun,090911,Kab. Rokan Hulu,090900,Prov. Riau,090000,10,2,87,3,4,1,1,31,13 Apr 2026 13:35:33,84C00B1AEB198EE803F4
SMP SALAFIYAH BABUSSALAM,10402969,SMP,Swasta,Kec. Tandun,090911,Kab. Rokan Hulu,090900,Prov. Riau,090000,19,2,335,11,13,2,1,25,02 May 2026 08:54:38,7B8C461F6B41FBFC1728
SMA NEGERI 1 TANDUN,10402954,SMA,Negeri,Kec. Tandun,090911,Kab. Rokan Hulu,090900,Prov. Riau,090000,45,10,665,20,20,2,2,21,13 Apr 2026 19:59:23,549A6F21C5E472982BD2
SMA NEGERI 2 TANDUN,10495586,SMA,Negeri,Kec. Tandun,090911,Kab. Rokan Hulu,090900,Prov. Riau,090000,18,6,198,7,4,1,1,28,28 Apr 2026 08:35:41,F0CCEA02AE6E461D1CE0
SMAS SALAFIYAH BABUSSALAM,10495584,SMA,Swasta,Kec. Tandun,090911,Kab. Rokan Hulu,090900,Prov. Riau,090000,18,4,257,8,5,0,1,13,14 Apr 2026 17:47:41,2B928847ED2D68FDB2EB
SMK NEGERI 1 TANDUN,10495536,SMK,Negeri,Kec. Tandun,090911,Kab. Rokan Hulu,090900,Prov. Riau,090000,39,9,709,27,27,1,1,38,02 May 2026 07:38:09,037A4F77A22145BB2750
SD NEGERI 001 KUNTO DARUSSALAM,10403034,SD,Negeri,Kec. Kunto Darussalam,090906,Kab. Rokan Hulu,090900,Prov. Riau,090000,22,3,357,13,11,2,1,42,20 Apr 2026 20:57:19,0565BAF2FD9A97288EF4
SD NEGERI 002 KUNTO DARUSSALAM,10495615,SD,Negeri,Kec. Kunto Darussalam,090906,Kab. Rokan Hulu,090900,Prov. Riau,090000,17,2,202,10,10,0,0,19,22 Apr 2026 11:33:17,413858F18F6C786C47D5
SD NEGERI 003 KUNTO DARUSSALAM,10402867,SD,Negeri,Kec. Kunto Darussalam,090906,Kab. Rokan Hulu,090900,Prov. Riau,090000,15,3,256,12,8,0,1,29,29 Apr 2026 22:17:21,4B7D77891D3E02616086
SD NEGERI 004 KUNTO DARUSSALAM,10403050,SD,Negeri,Kec. Kunto Darussalam,090906,Kab. Rokan Hulu,090900,Prov. Riau,090000,25,4,444,17,15,0,1,56,21 Apr 2026 10:43:07,9A1A0E67F032BC3E137B
SD NEGERI 005 KUNTO DARUSSALAM,10402868,SD,Negeri,Kec. Kunto Darussalam,090906,Kab. Rokan Hulu,090900,Prov. Riau,090000,14,5,249,12,12,0,1,13,21 Apr 2026 21:07:28,4BC26600AC22635FDD0B
SD NEGERI 006 KUNTO DARUSSALAM,10402871,SD,Negeri,Kec. Kunto Darussalam,090906,Kab. Rokan Hulu,090900,Prov. Riau,090000,9,3,149,7,6,0,0,29,29 Apr 2026 19:07:02,E72163C1D94273AF3D53
SD NEGERI 007 KUNTO DARUSSALAM,10402869,SD,Negeri,Kec. Kunto Darussalam,090906,Kab. Rokan Hulu,090900,Prov. Riau,090000,12,3,167,8,8,0,1,22,31 Mar 2026 08:05:44,05EB03FF93651A9B36CA
SD NEGERI 008 KUNTO DARUSSALAM,10402870,SD,Negeri,Kec. Kunto Darussalam,090906,Kab. Rokan Hulu,090900,Prov. Riau,090000,16,1,281,12,10,0,0,22,30 Apr 2026 09:04:35,8EE9B4C6E8AA89111C39
SD NEGERI 009 KUNTO DARUSSALAM,10403196,SD,Negeri,Kec. Kunto Darussalam,090906,Kab. Rokan Hulu,090900,Prov. Riau,090000,10,1,243,9,11,0,0,21,28 Apr 2026 10:34:05,D1B428FE807A2810B3C8
SD NEGERI 010 KUNTO DARUSSALAM,10495796,SD,Negeri,Kec. Kunto Darussalam,090906,Kab. Rokan Hulu,090900,Prov. Riau,090000,9,1,28,6,6,0,1,5,11 Apr 2026 07:29:13,84100777363AD40158CC
SD NEGERI 011 KUNTO DARUSSALAM,10403187,SD,Negeri,Kec. Kunto Darussalam,090906,Kab. Rokan Hulu,090900,Prov. Riau,090000,29,2,592,18,15,0,0,11,06 Apr 2026 22:40:29,4661D4B24437E0339A8D
SD NEGERI 012 KUNTO DARUSSALAM,10402872,SD,Negeri,Kec. Kunto Darussalam,090906,Kab. Rokan Hulu,090900,Prov. Riau,090000,8,1,50,6,8,0,0,11,30 Apr 2026 11:01:27,2EA0C823724E151F56FB
SD NEGERI 013 KUNTO DARUSSALAM,10402864,SD,Negeri,Kec. Kunto Darussalam,090906,Kab. Rokan Hulu,090900,Prov. Riau,090000,16,3,317,12,10,0,0,42,23 Apr 2026 12:33:50,CCEAC204EF497289F0EE
SD NEGERI 014 KUNTO DARUSSALAM,10402922,SD,Negeri,Kec. Kunto Darussalam,090906,Kab. Rokan Hulu,090900,Prov. Riau,090000,11,3,123,6,6,0,1,5,06 Apr 2026 07:59:09,2FD203CAB1B89A910AB8
SD NEGERI 016 KUNTO DARUSSALAM,10403136,SD,Negeri,Kec. Kunto Darussalam,090906,Kab. Rokan Hulu,090900,Prov. Riau,090000,9,2,212,8,5,0,0,39,02 Apr 2026 08:48:55,BF144FCD67FB834848C2
SD NEGERI 018 KUNTO DARUSSALAM,10402893,SD,Negeri,Kec. Kunto Darussalam,090906,Kab. Rokan Hulu,090900,Prov. Riau,090000,27,4,539,20,20,0,1,12,30 Apr 2026 10:48:22,2749C8B5958EE36700CD
SD NEGERI 019 KUNTO DARUSSALAM,10402876,SD,Negeri,Kec. Kunto Darussalam,090906,Kab. Rokan Hulu,090900,Prov. Riau,090000,23,2,340,16,12,0,1,16,22 Apr 2026 10:00:00,8AA13209EFA36F2D8283
SD NEGERI 021 KUNTO DARUSSALAM,10402863,SD,Negeri,Kec. Kunto Darussalam,090906,Kab. Rokan Hulu,090900,Prov. Riau,090000,8,4,192,6,6,0,1,17,21 Apr 2026 09:10:33,36EC43E55DCCDA19A1EB
SD NEGERI 022 KUNTO DARUSSALAM,10496075,SD,Negeri,Kec. Kunto Darussalam,090906,Kab. Rokan Hulu,090900,Prov. Riau,090000,10,4,101,6,6,0,1,33,28 Apr 2026 07:54:48,37E1FF286D08A52E302E
SD NEGERI 023 KUNTO DARUSSALAM,10496534,SD,Negeri,Kec. Kunto Darussalam,090906,Kab. Rokan Hulu,090900,Prov. Riau,090000,9,1,81,6,4,0,0,23,27 Apr 2026 06:15:32,71143E893414470BE6BB
SD IT KAYYASAH,69962347,SD,Swasta,Kec. Kunto Darussalam,090906,Kab. Rokan Hulu,090900,Prov. Riau,090000,12,4,143,8,6,0,0,19,16 Apr 2026 10:46:28,A78AA96CC82E17077576
SD SWASTA KALAMPAIAN,69787634,SD,Swasta,Kec. Kunto Darussalam,090906,Kab. Rokan Hulu,090900,Prov. Riau,090000,8,1,143,6,6,0,0,14,01 Mar 2026 20:44:18,FA0D70AAE1555A316675
SD SWASTA SUBUR ARUM MAKMUR,69725734,SD,Swasta,Kec. Kunto Darussalam,090906,Kab. Rokan Hulu,090900,Prov. Riau,090000,24,3,548,16,11,0,1,22,28 Feb 2026 08:18:55,17ECE067D0FD55CD79B8
SDI TAHFIDZ BIRRUL WALIDAIN,70055781,SD,Swasta,Kec. Kunto Darussalam,090906,Kab. Rokan Hulu,090900,Prov. Riau,090000,2,3,24,2,2,0,0,7,24 Feb 2026 12:07:35,A4AA242E15F0C61DC7EB
SDIT ANA MUSLIM,70055256,SD,Swasta,Kec. Kunto Darussalam,090906,Kab. Rokan Hulu,090900,Prov. Riau,090000,0,0,0,0,0,0,0,0,,A19E9D25383CCBA587C3
SDIT DARUSSALAM,69988830,SD,Swasta,Kec. Kunto Darussalam,090906,Kab. Rokan Hulu,090900,Prov. Riau,090000,10,3,167,7,7,0,0,25,07 Apr 2026 10:35:26,246AFD405EB0A1A42DA8
SMP NEGERI 1 KUNTO DARUSSALAM,10402925,SMP,Negeri,Kec. Kunto Darussalam,090906,Kab. Rokan Hulu,090900,Prov. Riau,090000,28,7,360,12,18,3,2,52,21 Apr 2026 16:21:17,B87F58DA58D5D49120F6
SMP NEGERI 2 KUNTO DARUSSALAM,10403010,SMP,Negeri,Kec. Kunto Darussalam,090906,Kab. Rokan Hulu,090900,Prov. Riau,090000,10,1,70,3,6,1,1,23,02 May 2026 10:10:38,CD85CBC0A5DD11B7CA44
SMP NEGERI 4 KUNTO DARUSSALAM,10402993,SMP,Negeri,Kec. Kunto Darussalam,090906,Kab. Rokan Hulu,090900,Prov. Riau,090000,19,6,340,12,12,2,1,63,02 May 2026 08:05:29,B2E6F58ADFF298D75427
SMP NEGERI 5 SATU ATAP KUNTO DARUSSALAM,10495746,SMP,Negeri,Kec. Kunto Darussalam,090906,Kab. Rokan Hulu,090900,Prov. Riau,090000,7,5,120,5,3,0,0,13,12 Apr 2026 21:32:29,A4EA4D92625E5023D59A
SMP NEGERI 6 KUNTO DARUSSALAM,10402995,SMP,Negeri,Kec. Kunto Darussalam,090906,Kab. Rokan Hulu,090900,Prov. Riau,090000,13,2,93,4,3,1,1,19,08 Apr 2026 19:12:44,B762067DADAE4C2B5BA0
SMP NEGERI 7 KUNTO DARUSSALAM,10496941,SMP,Negeri,Kec. Kunto Darussalam,090906,Kab. Rokan Hulu,090900,Prov. Riau,090000,11,5,70,3,5,1,1,34,23 Apr 2026 09:59:04,05066CD932309BC61320
SMP NEGERI 8 KUNTO DARUSSALAM,60725992,SMP,Negeri,Kec. Kunto Darussalam,090906,Kab. Rokan Hulu,090900,Prov. Riau,090000,23,5,381,12,11,0,2,57,02 May 2026 10:44:32,04D2543140DAC6AB5B7C
SMP IT DARUSSALAM,70045911,SMP,Swasta,Kec. Kunto Darussalam,090906,Kab. Rokan Hulu,090900,Prov. Riau,090000,6,2,60,3,4,0,0,42,07 Mar 2026 10:25:25,29DB1EFDED4C5260948F
SMP SWASTA EKA DURA LESTARI,69878256,SMP,Swasta,Kec. Kunto Darussalam,090906,Kab. Rokan Hulu,090900,Prov. Riau,090000,10,6,204,8,9,2,1,23,03 Mar 2026 11:41:57,543330299CA698E8E66C
SMA NEGERI 1 KUNTO DARUSSALAM,10402935,SMA,Negeri,Kec. Kunto Darussalam,090906,Kab. Rokan Hulu,090900,Prov. Riau,090000,36,7,601,17,16,2,1,29,28 Apr 2026 10:54:24,C75A63DB51DF66CF83B3
SMA LPMD KOTA RAYA,70033173,SMA,Swasta,Kec. Kunto Darussalam,090906,Kab. Rokan Hulu,090900,Prov. Riau,090000,11,2,139,5,7,0,1,30,07 Apr 2026 08:06:52,EF792277A7F40BED4D1C
SMAS ANA MUSLIM,10495792,SMA,Swasta,Kec. Kunto Darussalam,090906,Kab. Rokan Hulu,090900,Prov. Riau,090000,2,1,4,1,3,1,1,4,12 Apr 2026 09:05:27,373B39229EAFBD9CDC16
SMK NEGERI 1 KUNTO DARUSSALAM,10496915,SMK,Negeri,Kec. Kunto Darussalam,090906,Kab. Rokan Hulu,090900,Prov. Riau,090000,23,7,477,20,12,0,0,54,27 Apr 2026 12:00:18,D6494736428E14898BBC
SMK NEGERI 2 KUNTO DARUSSALAM,69900827,SMK,Negeri,Kec. Kunto Darussalam,090906,Kab. Rokan Hulu,090900,Prov. Riau,090000,12,3,114,9,9,0,0,19,28 Apr 2026 14:08:46,23A7239924D8DF23BB46
SMK - IT KUNTO DARUSSALAM,70010634,SMK,Swasta,Kec. Kunto Darussalam,090906,Kab. Rokan Hulu,090900,Prov. Riau,090000,8,2,48,6,6,0,1,34,30 Apr 2026 17:43:26,9986F0A1CFA66A41A9B4
SMK LPMD BUKIT INTAN MAKMUR KUNTO DARUSSALAM,10496887,SMK,Swasta,Kec. Kunto Darussalam,090906,Kab. Rokan Hulu,090900,Prov. Riau,090000,3,1,0,0,0,0,0,0,,413EC28FA31F082A1E76
SD NEGERI 001 KEPENUHAN,10495651,SD,Negeri,Kec. Kepenuhan,090905,Kab. Rokan Hulu,090900,Prov. Riau,090000,11,5,141,7,7,1,1,19,30 Apr 2026 12:51:34,6C534D3BA0F516296DC4
SD NEGERI 002 KEPENUHAN,10495652,SD,Negeri,Kec. Kepenuhan,090905,Kab. Rokan Hulu,090900,Prov. Riau,090000,11,3,120,7,6,0,0,14,30 Apr 2026 16:38:13,A215BBE7BED5CCB6531B
SD NEGERI 003 KEPENUHAN,10495653,SD,Negeri,Kec. Kepenuhan,090905,Kab. Rokan Hulu,090900,Prov. Riau,090000,15,4,224,12,8,0,1,19,04 Apr 2026 11:23:01,300A4BB67CDEE866E204
SD NEGERI 004 KEPENUHAN,10495654,SD,Negeri,Kec. Kepenuhan,090905,Kab. Rokan Hulu,090900,Prov. Riau,090000,15,0,175,10,10,1,1,59,29 Apr 2026 08:22:27,3DDE164EA3F00F9AEE79
SD NEGERI 005 KEPENUHAN,10495655,SD,Negeri,Kec. Kepenuhan,090905,Kab. Rokan Hulu,090900,Prov. Riau,090000,17,3,216,12,12,0,1,35,12 Apr 2026 21:03:47,D86592088198B276145F
SD NEGERI 006 KEPENUHAN,10495656,SD,Negeri,Kec. Kepenuhan,090905,Kab. Rokan Hulu,090900,Prov. Riau,090000,14,2,206,10,5,0,0,42,28 Apr 2026 20:55:48,CB38DF9C650A21F5A266
SD NEGERI 007 KEPENUHAN,10495657,SD,Negeri,Kec. Kepenuhan,090905,Kab. Rokan Hulu,090900,Prov. Riau,090000,20,4,352,14,9,0,1,22,01 May 2026 14:07:48,FB331BF434F2D6937FF7
SD NEGERI 008 KEPENUHAN,10495658,SD,Negeri,Kec. Kepenuhan,090905,Kab. Rokan Hulu,090900,Prov. Riau,090000,8,2,70,6,7,0,1,8,11 Mar 2026 10:05:11,8C9A8248B1685817C083
SD NEGERI 009 KEPENUHAN,10495659,SD,Negeri,Kec. Kepenuhan,090905,Kab. Rokan Hulu,090900,Prov. Riau,090000,10,2,107,6,6,0,1,18,07 Apr 2026 18:40:05,50646CA188DE1CB5C65B
SD NEGERI 010 KEPENUHAN,10495661,SD,Negeri,Kec. Kepenuhan,090905,Kab. Rokan Hulu,090900,Prov. Riau,090000,10,1,78,6,6,1,1,1,03 Apr 2026 15:36:41,4845E7FB74077561722C
SD NEGERI 011 KEPENUHAN,10495662,SD,Negeri,Kec. Kepenuhan,090905,Kab. Rokan Hulu,090900,Prov. Riau,090000,10,1,66,6,6,0,0,13,30 Apr 2026 09:44:53,1C275502E55B3A510124
SD NEGERI 012 KEPENUHAN,10495663,SD,Negeri,Kec. Kepenuhan,090905,Kab. Rokan Hulu,090900,Prov. Riau,090000,9,1,62,6,10,0,0,14,05 Apr 2026 13:00:10,46BC06765A02D4810C27
SD NEGERI 013 KEPENUHAN,10495664,SD,Negeri,Kec. Kepenuhan,090905,Kab. Rokan Hulu,090900,Prov. Riau,090000,13,3,255,11,13,1,1,18,10 Apr 2026 11:12:06,5C3ABC822CFA93CDE97B
SD NEGERI 014 KEPENUHAN,10495665,SD,Negeri,Kec. Kepenuhan,090905,Kab. Rokan Hulu,090900,Prov. Riau,090000,16,4,267,12,12,0,1,16,24 Apr 2026 09:56:22,FBF1107159DBB96D008C
SD NEGERI 015 KEPENUHAN,10495667,SD,Negeri,Kec. Kepenuhan,090905,Kab. Rokan Hulu,090900,Prov. Riau,090000,7,4,152,6,6,0,1,12,17 Apr 2026 07:14:38,FD7D375EDEB18CBA358F
SD NEGERI 016 KEPENUHAN,10495599,SD,Negeri,Kec. Kepenuhan,090905,Kab. Rokan Hulu,090900,Prov. Riau,090000,8,3,154,6,5,0,0,12,11 Apr 2026 08:47:58,28BA55777F9F923BC5F1
SD NEGERI 017 KEPENUHAN,10495719,SD,Negeri,Kec. Kepenuhan,090905,Kab. Rokan Hulu,090900,Prov. Riau,090000,13,5,196,9,7,0,1,29,23 Apr 2026 09:17:36,BC3F04BC50FEB591865E
SD NEGERI 018 KEPENUHAN,10495826,SD,Negeri,Kec. Kepenuhan,090905,Kab. Rokan Hulu,090900,Prov. Riau,090000,8,4,122,6,6,0,1,24,09 Apr 2026 22:10:28,59BEA5EAB49DB9CC6827
SD ISLAM MAWADDAH KEPENUHAN,10496616,SD,Swasta,Kec. Kepenuhan,090905,Kab. Rokan Hulu,090900,Prov. Riau,090000,22,3,347,15,15,0,0,28,31 Mar 2026 07:01:39,F47DE479DDF55CB4FE22
SD IT NIZHAMMUDDIN,70002184,SD,Swasta,Kec. Kepenuhan,090905,Kab. Rokan Hulu,090900,Prov. Riau,090000,27,3,287,12,15,1,2,47,29 Apr 2026 10:09:37,3738A79D981D62DA34EC
SEKOLAH DASAR ISLAM FASTABIQUL KHAIROT,70037841,SD,Swasta,Kec. Kepenuhan,090905,Kab. Rokan Hulu,090900,Prov. Riau,090000,10,1,113,7,5,0,0,14,14 Apr 2026 19:39:05,4B8DDBEC722E7FB5939D
SMP NEGERI 1 KEPENUHAN,10402924,SMP,Negeri,Kec. Kepenuhan,090905,Kab. Rokan Hulu,090900,Prov. Riau,090000,15,7,145,6,12,2,1,47,28 Apr 2026 17:04:30,DF84B6B6975D68786B35
SMP NEGERI 2 KEPENUHAN,10495617,SMP,Negeri,Kec. Kepenuhan,090905,Kab. Rokan Hulu,090900,Prov. Riau,090000,9,4,82,3,6,1,1,35,17 Apr 2026 16:25:44,4EDE8E138B7646F5F686
SMP NEGERI 3 KEPENUHAN,10495618,SMP,Negeri,Kec. Kepenuhan,090905,Kab. Rokan Hulu,090900,Prov. Riau,090000,11,2,113,5,6,1,1,36,02 Apr 2026 11:53:33,13288F06504B993B1419
SMP NEGERI 4 KEPENUHAN,10496588,SMP,Negeri,Kec. Kepenuhan,090905,Kab. Rokan Hulu,090900,Prov. Riau,090000,17,1,61,3,3,1,0,15,03 Mar 2026 16:49:07,2BF5CBAA73F1F35D00FD
SMP NEGERI 5 KEPENUHAN,69906322,SMP,Negeri,Kec. Kepenuhan,090905,Kab. Rokan Hulu,090900,Prov. Riau,090000,13,4,226,8,8,3,0,50,05 Apr 2026 15:14:26,506845AB7E2C10F79F8C
SMP NEGERI 6 KEPENUHAN,69733936,SMP,Negeri,Kec. Kepenuhan,090905,Kab. Rokan Hulu,090900,Prov. Riau,090000,8,3,67,3,3,1,0,23,02 May 2026 10:40:33,B956F320015DAF26A2E7
SMP ISLAM KEPENUHAN,10495744,SMP,Swasta,Kec. Kepenuhan,090905,Kab. Rokan Hulu,090900,Prov. Riau,090000,16,3,426,14,16,2,1,25,27 Apr 2026 12:07:25,73C85FA09034CFE8ABCA
SMA NEGERI 1 KEPENUHAN,10402952,SMA,Negeri,Kec. Kepenuhan,090905,Kab. Rokan Hulu,090900,Prov. Riau,090000,33,7,518,15,18,2,1,44,24 Apr 2026 08:57:17,C83CBE7F906C04D9720D
SMK NEGERI 1 KEPENUHAN,10496391,SMK,Negeri,Kec. Kepenuhan,090905,Kab. Rokan Hulu,090900,Prov. Riau,090000,24,8,263,12,12,1,0,27,30 Apr 2026 09:53:48,3F3DD708037905666BCB
SMK NEGERI 2 KEPENUHAN,10497536,SMK,Negeri,Kec. Kepenuhan,090905,Kab. Rokan Hulu,090900,Prov. Riau,090000,20,5,278,12,9,4,1,56,30 Apr 2026 11:27:24,F04B559CE33E1A47B02E
SD NEGERI 001 KABUN,10403033,SD,Negeri,Kec. Kabun,090912,Kab. Rokan Hulu,090900,Prov. Riau,090000,21,3,424,15,9,2,1,25,02 May 2026 09:57:11,1A65EEF8AD4EA1CA4792
SD NEGERI 002 KABUN,10495565,SD,Negeri,Kec. Kabun,090912,Kab. Rokan Hulu,090900,Prov. Riau,090000,18,2,274,12,15,2,0,15,06 Apr 2026 20:51:40,5A51A7A2510F12016E8E
SD NEGERI 003 KABUN,10495566,SD,Negeri,Kec. Kabun,090912,Kab. Rokan Hulu,090900,Prov. Riau,090000,13,1,216,11,11,0,0,19,27 Apr 2026 21:31:00,E75EDF234FC630477750
SD NEGERI 004 KABUN,10403051,SD,Negeri,Kec. Kabun,090912,Kab. Rokan Hulu,090900,Prov. Riau,090000,11,2,129,6,8,0,1,20,24 Apr 2026 09:12:15,D917E943E4ED8E6B47A3
SD NEGERI 005 KABUN,10495568,SD,Negeri,Kec. Kabun,090912,Kab. Rokan Hulu,090900,Prov. Riau,090000,15,4,215,11,13,0,1,12,17 Apr 2026 11:06:44,C80C507526AA6AB58F34
SD NEGERI 006 KABUN,10403169,SD,Negeri,Kec. Kabun,090912,Kab. Rokan Hulu,090900,Prov. Riau,090000,10,3,180,8,6,0,0,7,06 Apr 2026 10:07:06,32584FE1D04FA3D434C9
SD NEGERI 007 KABUN,10403157,SD,Negeri,Kec. Kabun,090912,Kab. Rokan Hulu,090900,Prov. Riau,090000,17,3,220,12,12,1,1,33,23 Apr 2026 22:22:42,32DDDB0EF46F3DF44A87
SD NEGERI 008 KABUN,10403177,SD,Negeri,Kec. Kabun,090912,Kab. Rokan Hulu,090900,Prov. Riau,090000,10,2,92,6,6,0,0,12,21 Apr 2026 12:25:18,5EEE6BEBCE7EA848E79E
SD NEGERI 009 KABUN,10403195,SD,Negeri,Kec. Kabun,090912,Kab. Rokan Hulu,090900,Prov. Riau,090000,28,5,316,13,16,1,1,24,23 Apr 2026 13:07:37,E648ADAB87748620700D
SD NEGERI 010 KABUN,10402851,SD,Negeri,Kec. Kabun,090912,Kab. Rokan Hulu,090900,Prov. Riau,090000,13,3,94,6,6,1,1,22,02 May 2026 08:56:14,E6D98C347F6078EEEA76
SD NEGERI 011 KABUN,10402865,SD,Negeri,Kec. Kabun,090912,Kab. Rokan Hulu,090900,Prov. Riau,090000,14,4,242,11,6,0,1,64,24 Apr 2026 20:11:40,9A528B8134F21B0E479C
SD NEGERI 012  KABUN,10402866,SD,Negeri,Kec. Kabun,090912,Kab. Rokan Hulu,090900,Prov. Riau,090000,10,2,94,6,6,0,1,15,27 Apr 2026 09:50:09,0771503BB6FA85ACCD04
SD NEGERI 013 KABUN,69964276,SD,Negeri,Kec. Kabun,090912,Kab. Rokan Hulu,090900,Prov. Riau,090000,7,4,168,6,6,0,0,9,29 Apr 2026 08:58:45,FED439D33EA6D5E3A486
SD IT AL-MUNAWWAROH TAPUNG JAYA,69888433,SD,Swasta,Kec. Kabun,090912,Kab. Rokan Hulu,090900,Prov. Riau,090000,7,2,80,6,5,0,0,5,06 Apr 2026 10:15:59,B18DB7EBBAB4D1582E53
SD LKMD KABUN,10495831,SD,Swasta,Kec. Kabun,090912,Kab. Rokan Hulu,090900,Prov. Riau,090000,19,4,315,13,13,0,1,30,30 Apr 2026 09:22:46,53FE932088790A092211
SDS UPT BUMI ASIH KABUN,10495832,SD,Swasta,Kec. Kabun,090912,Kab. Rokan Hulu,090900,Prov. Riau,090000,12,2,175,7,4,0,0,20,16 Apr 2026 09:48:23,3FC3121FCD03517B2A5D
SMP NEGERI 1 KABUN,10402991,SMP,Negeri,Kec. Kabun,090912,Kab. Rokan Hulu,090900,Prov. Riau,090000,31,5,428,15,17,2,1,31,25 Apr 2026 14:09:55,ADC1AD4F2850E3641B03
SMP NEGERI 2 KABUN,10403009,SMP,Negeri,Kec. Kabun,090912,Kab. Rokan Hulu,090900,Prov. Riau,090000,23,7,303,11,12,3,1,17,24 Apr 2026 09:55:12,1DDFD66C39B702E7EC99
SMP NEGERI 3 KABUN,10495572,SMP,Negeri,Kec. Kabun,090912,Kab. Rokan Hulu,090900,Prov. Riau,090000,12,3,141,6,6,2,1,33,29 Apr 2026 12:38:16,C97FBF02CCF65ACD403D
SMP NEGERI 4 SATU ATAP KABUN,69759269,SMP,Negeri,Kec. Kabun,090912,Kab. Rokan Hulu,090900,Prov. Riau,090000,11,2,74,3,3,1,0,58,09 Apr 2026 10:24:00,2D74718E9D467CB04A54
SMP NEGERI 5 KABUN,10497534,SMP,Negeri,Kec. Kabun,090912,Kab. Rokan Hulu,090900,Prov. Riau,090000,13,2,88,3,4,2,0,17,02 May 2026 09:17:06,49BEC9B14704940F5A62
SMP BINA PRESTASI,69955423,SMP,Swasta,Kec. Kabun,090912,Kab. Rokan Hulu,090900,Prov. Riau,090000,9,2,108,5,6,1,1,15,25 Apr 2026 10:11:29,EEF42D63EFC4F21F5D11
SMP IT MIFTAHUL KAROMAH,70056361,SMP,Swasta,Kec. Kabun,090912,Kab. Rokan Hulu,090900,Prov. Riau,090000,5,1,49,2,2,0,0,36,29 Apr 2026 16:14:51,D1F78AB0BD8523023310
SMA NEGERI 1 KABUN,10402923,SMA,Negeri,Kec. Kabun,090912,Kab. Rokan Hulu,090900,Prov. Riau,090000,29,8,500,15,12,4,1,44,29 Apr 2026 10:25:51,090F50CDE6042BA4B86C
SMKN 1 KABUN,10497581,SMK,Negeri,Kec. Kabun,090912,Kab. Rokan Hulu,090900,Prov. Riau,090000,12,2,102,6,6,1,1,13,31 Mar 2026 14:48:05,81106D266ED3E89AAF1A
SMK KESEHATAN DAN PARIWISATA PANJI MEDICAL,70061212,SMK,Swasta,Kec. Kabun,090912,Kab. Rokan Hulu,090900,Prov. Riau,090000,0,0,0,0,0,0,0,0,,0AE0137C67606433047A
SMKS LPMD KABUN,60725984,SMK,Swasta,Kec. Kabun,090912,Kab. Rokan Hulu,090900,Prov. Riau,090000,34,4,559,20,13,2,1,33,16 Apr 2026 22:17:25,419A1B6C46614AEF8035
SD NEGERI 001 BONAI DARUSSALAM,10403170,SD,Negeri,Kec. Bonai Darussalam,090913,Kab. Rokan Hulu,090900,Prov. Riau,090000,21,4,533,15,17,0,0,22,28 Apr 2026 09:26:20,742740AB552A223E20EB
SD NEGERI 002 BONAI DARUSSALAM,10403048,SD,Negeri,Kec. Bonai Darussalam,090913,Kab. Rokan Hulu,090900,Prov. Riau,090000,9,2,162,6,6,0,0,41,26 Apr 2026 11:13:05,6BC2B9C5849C144F46E1
SD NEGERI 003 BONAI DARUSSALAM,10495726,SD,Negeri,Kec. Bonai Darussalam,090913,Kab. Rokan Hulu,090900,Prov. Riau,090000,9,4,133,8,6,0,1,21,10 Apr 2026 08:37:07,88732BC638A9F4245F25
SD NEGERI 004 BONAI DARUSALAM,10403129,SD,Negeri,Kec. Bonai Darussalam,090913,Kab. Rokan Hulu,090900,Prov. Riau,090000,15,1,286,13,9,1,1,18,05 Apr 2026 23:28:35,605A8E8FCE27310449CD
SD NEGERI 005 BONAI DARUSSALAM,10403113,SD,Negeri,Kec. Bonai Darussalam,090913,Kab. Rokan Hulu,090900,Prov. Riau,090000,9,1,123,6,6,0,0,14,27 Apr 2026 19:04:05,BBD62797E55EA508BD79
SD NEGERI 006 BONAI DARUSSALAM,10403133,SD,Negeri,Kec. Bonai Darussalam,090913,Kab. Rokan Hulu,090900,Prov. Riau,090000,12,3,203,10,10,0,0,18,24 Apr 2026 10:44:32,DF4695C69C68F8D4C8CB
SD NEGERI 007 BONAI DARUSSALAM,10403150,SD,Negeri,Kec. Bonai Darussalam,090913,Kab. Rokan Hulu,090900,Prov. Riau,090000,12,0,202,9,6,0,0,14,30 Apr 2026 08:25:04,401BDE24A37B275A91F0
SD NEGERI 008 BONAI DARUSSALAM,10402833,SD,Negeri,Kec. Bonai Darussalam,090913,Kab. Rokan Hulu,090900,Prov. Riau,090000,19,5,498,17,10,1,0,27,25 Apr 2026 16:40:48,709106517D50D4D3C45A
SD NEGERI 009 BONAI DARUSSALAM,10402838,SD,Negeri,Kec. Bonai Darussalam,090913,Kab. Rokan Hulu,090900,Prov. Riau,090000,8,2,103,6,6,0,0,7,04 Mar 2026 08:36:30,8FFD1E590BC9BCC39442
SD NEGERI 010 BONAI DARUSSALAM,10495787,SD,Negeri,Kec. Bonai Darussalam,090913,Kab. Rokan Hulu,090900,Prov. Riau,090000,29,6,879,24,24,1,1,21,26 Apr 2026 15:38:38,D827EBF4EDFC310B7719
SD NEGERI 011 BONAI DARUSSALAM,10496889,SD,Negeri,Kec. Bonai Darussalam,090913,Kab. Rokan Hulu,090900,Prov. Riau,090000,19,3,552,16,7,0,0,27,30 Apr 2026 08:11:20,FA70B15FF8502B6808B3
SD KASANG LAPIT SUKA MAKMUR,69912146,SD,Swasta,Kec. Bonai Darussalam,090913,Kab. Rokan Hulu,090900,Prov. Riau,090000,4,1,204,7,7,0,1,20,17 Feb 2026 20:17:06,E41CA5AFE7B370E924BA
SD SWASTA BINTANG TIMUR RAHPA,70007896,SD,Swasta,Kec. Bonai Darussalam,090913,Kab. Rokan Hulu,090900,Prov. Riau,090000,12,3,248,8,8,0,0,22,30 Apr 2026 10:00:28,3E22510FDB9ABBBE7EBB
SD SWASTA GLORYA,70041373,SD,Swasta,Kec. Bonai Darussalam,090913,Kab. Rokan Hulu,090900,Prov. Riau,090000,6,1,102,6,6,0,0,10,16 Apr 2026 10:18:33,B57DA5C6AD47DE84A159
SD SWASTA LIBO CERIA,10495631,SD,Swasta,Kec. Bonai Darussalam,090913,Kab. Rokan Hulu,090900,Prov. Riau,090000,16,1,268,12,12,0,1,24,16 Apr 2026 10:50:34,084145BA4701A7994D4B
SD SWASTA PT.PISP DUA,69922218,SD,Swasta,Kec. Bonai Darussalam,090913,Kab. Rokan Hulu,090900,Prov. Riau,090000,21,4,586,18,17,0,1,32,29 Apr 2026 12:00:35,4C5B26827478CFC212B7
SD SWASTA RINTIS,10495830,SD,Swasta,Kec. Bonai Darussalam,090913,Kab. Rokan Hulu,090900,Prov. Riau,090000,9,1,135,6,6,1,1,12,15 Apr 2026 11:39:16,9D7609619C768E145D5B
SD SWASTA YLPMD BONAI,69900826,SD,Swasta,Kec. Bonai Darussalam,090913,Kab. Rokan Hulu,090900,Prov. Riau,090000,11,1,242,9,7,0,0,24,27 Apr 2026 08:24:29,E790CCC2BCF4BA18BAC4
SDS TANJUNG PAUH,10495629,SD,Swasta,Kec. Bonai Darussalam,090913,Kab. Rokan Hulu,090900,Prov. Riau,090000,4,1,49,6,2,0,0,21,01 May 2026 22:45:42,41AB72A351FF0FA481E0
SEKOLAH DASAR SWASTA ANAK BANGSA PAUH,69816349,SD,Swasta,Kec. Bonai Darussalam,090913,Kab. Rokan Hulu,090900,Prov. Riau,090000,7,1,251,10,11,0,0,7,09 Feb 2026 10:59:21,717542EB3D0E3D4D31AB
SEKOLAH DASAR SWASTA PUTRI SION YUSMARSAH,69787104,SD,Swasta,Kec. Bonai Darussalam,090913,Kab. Rokan Hulu,090900,Prov. Riau,090000,10,1,322,12,12,0,1,12,30 Apr 2026 08:13:36,6C3DCE17CE28C6AA6206
SMP NEGERI 1 BONAI DARUSSALAM,10495790,SMP,Negeri,Kec. Bonai Darussalam,090913,Kab. Rokan Hulu,090900,Prov. Riau,090000,26,7,485,17,18,2,1,31,28 Apr 2026 10:24:43,8505D800CBBA62969349
SMP NEGERI 2 BONAI DARUSSALAM,10496587,SMP,Negeri,Kec. Bonai Darussalam,090913,Kab. Rokan Hulu,090900,Prov. Riau,090000,12,3,166,6,6,1,1,41,24 Apr 2026 09:17:53,684F952E2B97ED3BA68A
SMP NEGERI 3 BONAI DARUSSALAM,10495791,SMP,Negeri,Kec. Bonai Darussalam,090913,Kab. Rokan Hulu,090900,Prov. Riau,090000,17,5,294,11,10,1,1,30,26 Apr 2026 23:39:42,A95171A8096B185A81EE
SMP NEGERI 4 BONAI DARUSSALAM,10497015,SMP,Negeri,Kec. Bonai Darussalam,090913,Kab. Rokan Hulu,090900,Prov. Riau,090000,10,1,229,9,4,0,0,17,30 Apr 2026 14:51:28,7C1A053ABF00753DCFBF
SMP NEGERI 5 BONAI DARUSSALAM,10496568,SMP,Negeri,Kec. Bonai Darussalam,090913,Kab. Rokan Hulu,090900,Prov. Riau,090000,11,1,297,10,4,0,0,21,25 Apr 2026 06:09:05,C54DB3BBE226EFAA3500
SMP SWASTA LIBO CERIA,69899597,SMP,Swasta,Kec. Bonai Darussalam,090913,Kab. Rokan Hulu,090900,Prov. Riau,090000,11,1,167,6,6,1,1,26,02 May 2026 08:37:29,B7D1A6194FC164462913
SMP SWASTA PUTRI SION YUSMARSAH,69988384,SMP,Swasta,Kec. Bonai Darussalam,090913,Kab. Rokan Hulu,090900,Prov. Riau,090000,7,2,67,3,3,0,0,16,20 Apr 2026 08:44:54,AAE050F1BB94BCE947B1
SMA NEGERI 1 BONAI DARUSSALAM,10496394,SMA,Negeri,Kec. Bonai Darussalam,090913,Kab. Rokan Hulu,090900,Prov. Riau,090000,19,4,337,10,7,4,1,23,30 Apr 2026 12:00:04,1EECB7FD0CDF02F5E2D5
SMA NEGERI 2 BONAI DARUSSALAM,70042243,SMA,Negeri,Kec. Bonai Darussalam,090913,Kab. Rokan Hulu,090900,Prov. Riau,090000,12,3,85,4,4,0,0,16,23 Apr 2026 18:20:34,D65A067CC04EF61DD772
SMKN 1 BONAI DARUSSALAM,69733932,SMK,Negeri,Kec. Bonai Darussalam,090913,Kab. Rokan Hulu,090900,Prov. Riau,090000,16,5,349,11,9,4,1,28,17 Apr 2026 10:39:12,8C82D59E70ACBBFDB85D
SD NEGERI 001 BANGUN PURBA,10495626,SD,Negeri,Kec. Bangun Purba,090910,Kab. Rokan Hulu,090900,Prov. Riau,090000,26,3,448,19,19,0,1,23,27 Apr 2026 10:41:39,6D31DD1A631643F017EA
SD NEGERI 002 BANGUN PURBA,10403020,SD,Negeri,Kec. Bangun Purba,090910,Kab. Rokan Hulu,090900,Prov. Riau,090000,15,4,182,10,10,1,2,17,22 Apr 2026 09:29:47,F130C9E5FBB7E0374A1C
SD NEGERI 003 BANGUN PURBA,10403039,SD,Negeri,Kec. Bangun Purba,090910,Kab. Rokan Hulu,090900,Prov. Riau,090000,16,3,192,11,12,1,1,29,30 Apr 2026 11:35:07,BE0EE9A703B15AC8BECC
SD NEGERI 004 BANGUN PURBA,10403060,SD,Negeri,Kec. Bangun Purba,090910,Kab. Rokan Hulu,090900,Prov. Riau,090000,17,3,214,11,12,1,1,9,06 Apr 2026 12:31:16,6A3104881091CE144DE6
SD NEGERI 005 BANGUN PURBA,10403047,SD,Negeri,Kec. Bangun Purba,090910,Kab. Rokan Hulu,090900,Prov. Riau,090000,18,2,308,12,12,0,0,43,29 Apr 2026 11:57:59,A62B3B8CB629E0BC2B3D
SD NEGERI 006 BANGUN PURBA,10403168,SD,Negeri,Kec. Bangun Purba,090910,Kab. Rokan Hulu,090900,Prov. Riau,090000,11,3,130,7,10,0,1,15,29 Apr 2026 11:37:38,11090CF93DE56DCB215A
SD NEGERI 007 BANGUN PURBA,10403156,SD,Negeri,Kec. Bangun Purba,090910,Kab. Rokan Hulu,090900,Prov. Riau,090000,16,2,208,11,13,0,1,23,27 Apr 2026 22:24:06,15D1131E5ACE2EB7051A
SD NEGERI 008 BANGUN PURBA,10403176,SD,Negeri,Kec. Bangun Purba,090910,Kab. Rokan Hulu,090900,Prov. Riau,090000,10,2,98,6,6,0,1,13,09 Apr 2026 09:30:09,8327B06B773E7D56FD84
SD NEGERI 009 BANGUN PURBA,10403194,SD,Negeri,Kec. Bangun Purba,090910,Kab. Rokan Hulu,090900,Prov. Riau,090000,16,4,254,12,10,0,1,42,18 Apr 2026 08:23:27,C951A6AA9A270A2AA46D
SD NEGERI 010 BANGUN PURBA,10403179,SD,Negeri,Kec. Bangun Purba,090910,Kab. Rokan Hulu,090900,Prov. Riau,090000,8,2,73,6,6,0,0,8,08 Apr 2026 08:47:44,AC745B5C1365429E9959
SD NEGERI 011 BANGUN PURBA,10496074,SD,Negeri,Kec. Bangun Purba,090910,Kab. Rokan Hulu,090900,Prov. Riau,090000,10,1,57,6,7,0,1,9,17 Apr 2026 09:28:28,8B0C45E0AE44B46F12BC
SMP NEGERI 1 BANGUN PURBA,10402990,SMP,Negeri,Kec. Bangun Purba,090910,Kab. Rokan Hulu,090900,Prov. Riau,090000,16,3,214,8,10,2,1,23,23 Apr 2026 11:31:45,6BDA013ACBC2A007253A
SMP NEGERI 2 BANGUN PURBA,10495735,SMP,Negeri,Kec. Bangun Purba,090910,Kab. Rokan Hulu,090900,Prov. Riau,090000,20,5,234,9,6,2,1,19,08 Apr 2026 08:45:38,0C3C50DD331DA8A5C580
SMP NEGERI 3 BANGUN PURBA,10496883,SMP,Negeri,Kec. Bangun Purba,090910,Kab. Rokan Hulu,090900,Prov. Riau,090000,10,5,79,3,6,2,1,22,30 Apr 2026 13:54:13,1247C728D818A1B7CEC2
SMP DARUSSALAM,70005619,SMP,Swasta,Kec. Bangun Purba,090910,Kab. Rokan Hulu,090900,Prov. Riau,090000,9,4,47,3,3,0,0,9,13 Apr 2026 09:09:51,58B552B0D3291C5D735E
SMA NEGERI 1 BANGUN PURBA,10403015,SMA,Negeri,Kec. Bangun Purba,090910,Kab. Rokan Hulu,090900,Prov. Riau,090000,30,7,403,13,15,1,1,18,28 Apr 2026 13:17:21,587D44D2CF00E308D1F3
SMK NEGERI 1 BANGUN PURBA,69733930,SMK,Negeri,Kec. Bangun Purba,090910,Kab. Rokan Hulu,090900,Prov. Riau,090000,20,6,180,10,5,1,1,8,17 Apr 2026 08:43:25,0430993343F3F1FD76BA
SD NEGERI 001 KEPENUHAN HULU,10495703,SD,Negeri,Kec. Kepenuhan Hulu,090917,Kab. Rokan Hulu,090900,Prov. Riau,090000,17,2,308,13,10,0,2,21,09 Mar 2026 09:38:38,F93BB2E0926ADFC9484B
SD NEGERI 002 KEPENUHAN HULU,10495704,SD,Negeri,Kec. Kepenuhan Hulu,090917,Kab. Rokan Hulu,090900,Prov. Riau,090000,11,3,147,7,7,0,0,10,04 Mar 2026 11:04:42,5CFD389C3927B1FFD82E
SD NEGERI 003 KEPENUHAN HULU,10495705,SD,Negeri,Kec. Kepenuhan Hulu,090917,Kab. Rokan Hulu,090900,Prov. Riau,090000,10,1,67,6,6,0,0,19,30 Apr 2026 11:46:05,A2180C915C5F27C48593
SD NEGERI 004 KEPENUHAN HULU,10495681,SD,Negeri,Kec. Kepenuhan Hulu,090917,Kab. Rokan Hulu,090900,Prov. Riau,090000,10,2,143,7,7,0,0,26,27 Apr 2026 08:39:19,DEA0FDE89AD8B9852792
SD NEGERI 005 KEPENUHAN HULU,10495707,SD,Negeri,Kec. Kepenuhan Hulu,090917,Kab. Rokan Hulu,090900,Prov. Riau,090000,8,4,45,6,6,0,0,7,17 Apr 2026 08:56:55,B00F380E0768B0303973
SD NEGERI 006 KEPENUHAN HULU,10495708,SD,Negeri,Kec. Kepenuhan Hulu,090917,Kab. Rokan Hulu,090900,Prov. Riau,090000,9,2,86,6,5,0,1,17,17 Apr 2026 09:12:21,74D11075C88F507F226F
SD NEGERI 007 KEPENUHAN HULU,10495709,SD,Negeri,Kec. Kepenuhan Hulu,090917,Kab. Rokan Hulu,090900,Prov. Riau,090000,11,1,122,8,6,0,0,22,07 Apr 2026 03:13:47,823A2D0DFC95D3732C6D
SD NEGERI 008 KEPENUHAN HULU,10495710,SD,Negeri,Kec. Kepenuhan Hulu,090917,Kab. Rokan Hulu,090900,Prov. Riau,090000,14,4,209,11,8,0,1,74,19 Apr 2026 20:25:15,C9B6184BA7D7AA43C438
SD NEGERI 009 KEPENUHAN HULU,10495711,SD,Negeri,Kec. Kepenuhan Hulu,090917,Kab. Rokan Hulu,090900,Prov. Riau,090000,15,2,403,12,11,0,0,29,02 May 2026 09:54:57,550B413A0FE51056FC85
SD NEGERI 010 KEPENUHAN HULU,10495712,SD,Negeri,Kec. Kepenuhan Hulu,090917,Kab. Rokan Hulu,090900,Prov. Riau,090000,9,4,191,8,6,0,2,68,02 May 2026 11:37:01,45F4575834D38A580A7F
SD NEGERI 011 KEPENUHAN HULU,10495720,SD,Negeri,Kec. Kepenuhan Hulu,090917,Kab. Rokan Hulu,090900,Prov. Riau,090000,10,2,101,6,5,0,0,15,10 Apr 2026 06:32:46,59853B64AD0A845C0573
SD IT AL-HUSAIN,69977049,SD,Swasta,Kec. Kepenuhan Hulu,090917,Kab. Rokan Hulu,090900,Prov. Riau,090000,6,1,177,6,6,0,0,36,28 Apr 2026 11:26:27,D143E3068011B4A20AF8
SD S TIGA HATI KEPENUHAN HULU,10495598,SD,Swasta,Kec. Kepenuhan Hulu,090917,Kab. Rokan Hulu,090900,Prov. Riau,090000,25,2,648,23,13,0,2,73,30 Apr 2026 08:59:37,4543F4076ADE96F8DEF4
SD SWASTA PERINTIS,69974182,SD,Swasta,Kec. Kepenuhan Hulu,090917,Kab. Rokan Hulu,090900,Prov. Riau,090000,1,1,4,1,6,0,0,6,01 Mar 2026 13:13:25,7ED790F914AA71A7C55B
SD SWASTA TIARA KEPENUHAN HULU,10495717,SD,Swasta,Kec. Kepenuhan Hulu,090917,Kab. Rokan Hulu,090900,Prov. Riau,090000,11,3,205,9,4,0,1,22,28 Apr 2026 00:31:20,63107BDDE4148D57EDF1
SMP NEGERI 1 KEPENUHAN HULU,10496078,SMP,Negeri,Kec. Kepenuhan Hulu,090917,Kab. Rokan Hulu,090900,Prov. Riau,090000,17,3,210,6,6,0,1,17,11 Apr 2026 12:22:37,8CAAB2D4A0157912AABA
SMP NEGERI 2 KEPENUHAN HULU,10495825,SMP,Negeri,Kec. Kepenuhan Hulu,090917,Kab. Rokan Hulu,090900,Prov. Riau,090000,8,2,120,5,2,0,0,17,08 Apr 2026 07:50:01,5FA5BD24916C6E0B3BEC
SMP NEGERI 3 KEPENUHAN HULU,10497068,SMP,Negeri,Kec. Kepenuhan Hulu,090917,Kab. Rokan Hulu,090900,Prov. Riau,090000,19,2,257,9,9,0,0,23,18 Apr 2026 10:26:50,E2A093A1A4E9E18DBBCC
SMP IT AL-HUSAIN MUARA JAYA,70051392,SMP,Swasta,Kec. Kepenuhan Hulu,090917,Kab. Rokan Hulu,090900,Prov. Riau,090000,3,1,24,3,3,0,0,23,28 Apr 2026 10:24:46,5EA122C0B8B08293E61D
SMP TIGA HATI,69851457,SMP,Swasta,Kec. Kepenuhan Hulu,090917,Kab. Rokan Hulu,090900,Prov. Riau,090000,13,4,199,7,6,0,0,31,13 Apr 2026 07:56:31,46B96ADDAD1B7C042B1B
SMA NEGERI 1 KEPENUHAN HULU,10495716,SMA,Negeri,Kec. Kepenuhan Hulu,090917,Kab. Rokan Hulu,090900,Prov. Riau,090000,18,6,201,6,9,1,1,56,20 Apr 2026 12:07:45,0F4679F646FE4FF1B9F7
SMK NEGERI 1 KEPENUHAN HULU,69725742,SMK,Negeri,Kec. Kepenuhan Hulu,090917,Kab. Rokan Hulu,090900,Prov. Riau,090000,22,4,230,11,6,0,0,35,29 Apr 2026 11:49:02,A54A7F579B17BFD05B0A
SD NEGERI 001 PENDALIAN IV KOTO,10402853,SD,Negeri,Kec. Pendalian IV Koto,090916,Kab. Rokan Hulu,090900,Prov. Riau,090000,13,1,170,9,10,1,1,10,13 Apr 2026 05:13:46,B93DDB633B230AC3CDE8
SD NEGERI 002 PENDALIAN IV KOTO,10402854,SD,Negeri,Kec. Pendalian IV Koto,090916,Kab. Rokan Hulu,090900,Prov. Riau,090000,9,2,120,6,6,1,1,14,20 Apr 2026 11:53:41,4C3E3F44F0C729055934
SD NEGERI 003 PENDALIAN IV KOTO,10495759,SD,Negeri,Kec. Pendalian IV Koto,090916,Kab. Rokan Hulu,090900,Prov. Riau,090000,12,1,124,6,6,0,0,23,14 Apr 2026 15:46:03,5078ECF28D705C2B521D
SD NEGERI 004 PENDALIAN IV KOTO,10495760,SD,Negeri,Kec. Pendalian IV Koto,090916,Kab. Rokan Hulu,090900,Prov. Riau,090000,10,2,146,7,6,0,1,30,23 Apr 2026 08:54:11,BAD7A8D94A1E6A9CD0C3
SD NEGERI 005 PENDALIAN IV KOTO,10495756,SD,Negeri,Kec. Pendalian IV Koto,090916,Kab. Rokan Hulu,090900,Prov. Riau,090000,13,2,228,10,10,0,2,20,08 Apr 2026 08:03:56,C619C33BF28D4A55D02C
SD NEGERI 006 PENDALIAN IV KOTO,10495761,SD,Negeri,Kec. Pendalian IV Koto,090916,Kab. Rokan Hulu,090900,Prov. Riau,090000,10,1,83,6,6,0,1,16,17 Apr 2026 08:18:11,333F0646AC6E9545D95B
SD NEGERI 007 PENDALIAN IV KOTO,10495762,SD,Negeri,Kec. Pendalian IV Koto,090916,Kab. Rokan Hulu,090900,Prov. Riau,090000,10,3,134,6,8,0,0,13,07 Apr 2026 08:37:26,376AEACA6A4B04EA4264
SD NEGERI 008 PENDALIAN IV KOTO,10495763,SD,Negeri,Kec. Pendalian IV Koto,090916,Kab. Rokan Hulu,090900,Prov. Riau,090000,10,4,169,7,7,0,0,21,28 Apr 2026 11:58:32,73EB5C39831823A62D4F
SD NEGERI 009 PENDALIAN IV KOTO,69919661,SD,Negeri,Kec. Pendalian IV Koto,090916,Kab. Rokan Hulu,090900,Prov. Riau,090000,9,2,68,6,7,0,0,31,23 Apr 2026 09:47:07,1DFC4F8B990537EA811F
SD SWASTA BUMITAMA,69787635,SD,Swasta,Kec. Pendalian IV Koto,090916,Kab. Rokan Hulu,090900,Prov. Riau,090000,11,2,177,8,8,0,0,40,22 Apr 2026 08:19:59,02BB79C17BA20486A98F
SMP NEGERI 1 PENDALIAN IV KOTO,10495748,SMP,Negeri,Kec. Pendalian IV Koto,090916,Kab. Rokan Hulu,090900,Prov. Riau,090000,15,5,169,7,10,1,1,1,30 Apr 2026 08:31:21,DF1C51740A5EC319DA5A
SMP NEGERI 2 PENDALIAN IV KOTO,69733937,SMP,Negeri,Kec. Pendalian IV Koto,090916,Kab. Rokan Hulu,090900,Prov. Riau,090000,8,6,124,6,6,0,1,54,30 Apr 2026 09:32:48,0441E37C6A2BBC36C00D
SMA NEGERI 1 PENDALIAN IV KOTO,10497526,SMA,Negeri,Kec. Pendalian IV Koto,090916,Kab. Rokan Hulu,090900,Prov. Riau,090000,14,5,204,8,6,1,1,6,06 Apr 2026 08:40:08,2733F6F5F829B6446201
SMK NEGERI 1 PENDALIAN IV KOTO,10497357,SMK,Negeri,Kec. Pendalian IV Koto,090916,Kab. Rokan Hulu,090900,Prov. Riau,090000,21,3,306,13,11,0,0,10,11 Mar 2026 10:28:33,EA17E63EE6062C146764
SD NEGERI 001 PAGARAN TAPAH DARUSSALAM,10403052,SD,Negeri,Kec. Pagaran Tapah Darussalam,090914,Kab. Rokan Hulu,090900,Prov. Riau,090000,19,2,281,15,11,0,1,25,05 Mar 2026 10:03:10,B374FD47854049C14055
SD NEGERI 002 PAGARAN TAPAH DARUSSALAM,10403158,SD,Negeri,Kec. Pagaran Tapah Darussalam,090914,Kab. Rokan Hulu,090900,Prov. Riau,090000,19,3,241,13,9,0,1,12,24 Apr 2026 08:04:42,A11DECF04F637B0DD6D7
SD NEGERI 003 PAGARAN TAPAH DARUSSALAM,10403180,SD,Negeri,Kec. Pagaran Tapah Darussalam,090914,Kab. Rokan Hulu,090900,Prov. Riau,090000,12,2,145,9,12,0,2,41,23 Apr 2026 09:36:49,E0D57309EE9077E6CD36
SD NEGERI 004 PAGARAN TAPAH DARUSSALAM,10402916,SD,Negeri,Kec. Pagaran Tapah Darussalam,090914,Kab. Rokan Hulu,090900,Prov. Riau,090000,9,0,89,7,7,0,0,19,01 May 2026 05:40:50,C4F6AEDFBF4B865D2002
SD NEGERI 005 PAGARAN TAPAH DARUSSALAM,10402903,SD,Negeri,Kec. Pagaran Tapah Darussalam,090914,Kab. Rokan Hulu,090900,Prov. Riau,090000,11,3,138,8,6,0,0,31,13 Apr 2026 11:44:06,B77EAEEEB03AE250273A
SD NEGERI 008 PAGARAN TAPAH DARUSSALAM,10495694,SD,Negeri,Kec. Pagaran Tapah Darussalam,090914,Kab. Rokan Hulu,090900,Prov. Riau,090000,12,4,198,8,10,0,1,31,01 Apr 2026 22:01:31,6BB2DD801D374B1EA45F
SD NEGERI 009 PAGARAN TAPAH DARUSSALAM,10402873,SD,Negeri,Kec. Pagaran Tapah Darussalam,090914,Kab. Rokan Hulu,090900,Prov. Riau,090000,10,1,44,6,7,0,0,19,15 Apr 2026 22:09:35,539592EB23242192E8FA
SD NEGERI 010 PAGARAN TAPAH DARUSSALAM,10495696,SD,Negeri,Kec. Pagaran Tapah Darussalam,090914,Kab. Rokan Hulu,090900,Prov. Riau,090000,8,0,17,6,4,0,0,16,12 Apr 2026 14:02:03,74CE36E084CC65340852
SD NEGERI 011 PAGARAN TAPAH DARUSSALAM,10495697,SD,Negeri,Kec. Pagaran Tapah Darussalam,090914,Kab. Rokan Hulu,090900,Prov. Riau,090000,11,1,35,6,6,0,0,19,27 Apr 2026 11:02:45,A43DDFF0EE99428A891C
SD NEGERI 014 PAGARANTAPAH DARUSSALAM,10402862,SD,Negeri,Kec. Pagaran Tapah Darussalam,090914,Kab. Rokan Hulu,090900,Prov. Riau,090000,8,1,29,6,5,0,0,53,03 Apr 2026 00:54:20,8AF304A772298A90A67D
SD NEGERI 015 PAGARAN TAPAH DARUSSALAM,10495702,SD,Negeri,Kec. Pagaran Tapah Darussalam,090914,Kab. Rokan Hulu,090900,Prov. Riau,090000,13,2,156,8,10,0,0,20,23 Apr 2026 07:19:30,83FA89E27923D09D5B19
SMP NEGERI 1 PAGARAN TAPAH DARUSSALAM,10495634,SMP,Negeri,Kec. Pagaran Tapah Darussalam,090914,Kab. Rokan Hulu,090900,Prov. Riau,090000,25,5,264,9,11,2,1,15,07 Mar 2026 00:02:36,9293F83D9094C4EA826A
SMP NEGERI 3 SATAP PAGARAN TAPAH DARUSSALAM,10495747,SMP,Negeri,Kec. Pagaran Tapah Darussalam,090914,Kab. Rokan Hulu,090900,Prov. Riau,090000,10,1,85,3,3,1,1,16,10 Apr 2026 09:13:36,09CB285FC0C8CB6FB016
SMA NEGERI 1 PAGARAN TAPAH DARUSSALAM,10495714,SMA,Negeri,Kec. Pagaran Tapah Darussalam,090914,Kab. Rokan Hulu,090900,Prov. Riau,090000,30,9,429,14,11,4,1,35,30 Apr 2026 10:12:38,D841054A635D91959D66
