nama_sekolah,npsn,bentuk_pendidikan,status_sekolah,kecamatan,kode_kecamatan,kabupaten,kode_kabupaten,provinsi,kode_provinsi,jumlah_guru_ptk,jumlah_pegawai,jumlah_peserta_didik,jumlah_rombel,jumlah_ruang_kelas,jumlah_lab,jumlah_perpustakaan,jumlah_kirim_sinkron,sinkron_terakhir,sekolah_id_enkrip
UPTD SD NEGERI 1 GIRIKARTO,10809348,SD,Negeri,Kec. Sekampung,120703,Kab. Lampung Timur,120700,Prov. Lampung,120000,10,2,139,6,9,0,1,7,19 Apr 2026 13:07:26,8C1C26BA082D7C2B911E
UPTD SD NEGERI 1 GIRIKLOPOMULYO,10809349,SD,Negeri,Kec. Sekampung,120703,Kab. Lampung Timur,120700,Prov. Lampung,120000,27,0,527,18,15,0,1,16,28 Apr 2026 10:34:43,1D6E35C2B76B5E0011D0
UPTD SD NEGERI 1 HARGOMULYO,10806493,SD,Negeri,Kec. Sekampung,120703,Kab. Lampung Timur,120700,Prov. Lampung,120000,12,1,137,6,9,0,1,11,04 Mar 2026 08:32:42,28F12FB7E904111DC53C
UPTD SD NEGERI 1 JADIMULYO,10809360,SD,Negeri,Kec. Sekampung,120703,Kab. Lampung Timur,120700,Prov. Lampung,120000,8,1,72,6,6,1,1,12,06 Apr 2026 08:39:18,8A5823D44159CAB18A5F
UPTD SD NEGERI 1 KARYAMUKTI,10805694,SD,Negeri,Kec. Sekampung,120703,Kab. Lampung Timur,120700,Prov. Lampung,120000,16,0,247,12,12,0,1,12,14 Apr 2026 02:42:58,CCC73E383E7837D26DA1
UPTD SD NEGERI 1 MEKAR MULYO,10809379,SD,Negeri,Kec. Sekampung,120703,Kab. Lampung Timur,120700,Prov. Lampung,120000,12,2,219,10,10,0,0,13,08 Apr 2026 09:11:10,E250AC6F248DF755D27D
UPTD SD NEGERI 1 MEKARMUKTI,10806428,SD,Negeri,Kec. Sekampung,120703,Kab. Lampung Timur,120700,Prov. Lampung,120000,9,0,137,6,6,0,0,15,25 Apr 2026 08:48:08,D03AFC1FE72F882F2FAC
UPTD SD NEGERI 1 MEKARSARI,10805648,SD,Negeri,Kec. Sekampung,120703,Kab. Lampung Timur,120700,Prov. Lampung,120000,8,1,95,6,6,1,1,12,01 Feb 2026 10:58:34,3824C2AB479C961ADFD9
UPTD SD NEGERI 1 SAMBIKARTO,10806540,SD,Negeri,Kec. Sekampung,120703,Kab. Lampung Timur,120700,Prov. Lampung,120000,8,0,51,6,6,0,1,21,20 Apr 2026 06:29:03,E977B2AC63A211235D24
UPTD SD NEGERI 1 SIDODADI,10806551,SD,Negeri,Kec. Sekampung,120703,Kab. Lampung Timur,120700,Prov. Lampung,120000,7,0,90,6,9,0,2,10,04 Apr 2026 11:36:41,76E5B5549D7209304242
UPTD SD NEGERI 1 SIDOMUKTI,10806552,SD,Negeri,Kec. Sekampung,120703,Kab. Lampung Timur,120700,Prov. Lampung,120000,8,2,118,6,10,0,0,15,06 Mar 2026 04:41:40,3AB29E5C00333FCF5028
UPTD SD NEGERI 1 SIDOMULYO,10806562,SD,Negeri,Kec. Sekampung,120703,Kab. Lampung Timur,120700,Prov. Lampung,120000,8,1,48,6,6,0,0,40,23 Apr 2026 09:02:30,5EAC62F4112E7D768FB8
UPTD SD NEGERI 1 SUKOHARJO,10806520,SD,Negeri,Kec. Sekampung,120703,Kab. Lampung Timur,120700,Prov. Lampung,120000,11,1,126,6,8,1,1,15,23 Apr 2026 11:02:02,5434016E4D06072F1B53
UPTD SD NEGERI 1 SUMBERSARI,10806511,SD,Negeri,Kec. Sekampung,120703,Kab. Lampung Timur,120700,Prov. Lampung,120000,11,0,125,7,7,0,0,15,22 Apr 2026 09:49:26,D6192B9401DA9D6EEE23
UPTD SD NEGERI 1 WONOKARTO,10809513,SD,Negeri,Kec. Sekampung,120703,Kab. Lampung Timur,120700,Prov. Lampung,120000,10,1,130,6,6,0,0,5,27 Jan 2026 09:18:43,56025780A5E16441B9CA
UPTD SD NEGERI 2 GIRIKARTO,10809362,SD,Negeri,Kec. Sekampung,120703,Kab. Lampung Timur,120700,Prov. Lampung,120000,11,0,119,6,6,1,1,18,30 Apr 2026 10:32:55,4A89713A5486DB1014AB
UPTD SD NEGERI 2 GIRIKLOPOMULYO,10809363,SD,Negeri,Kec. Sekampung,120703,Kab. Lampung Timur,120700,Prov. Lampung,120000,12,2,143,7,12,0,1,26,16 Apr 2026 08:14:38,DEB7F2673AC09359E7A6
UPTD SD NEGERI 2 HARGOMULYO,10806390,SD,Negeri,Kec. Sekampung,120703,Kab. Lampung Timur,120700,Prov. Lampung,120000,16,0,214,12,12,0,1,14,18 Apr 2026 22:23:07,B7F6A1E50483A8D818E8
UPTD SD NEGERI 2 MEKARMUKTI,10805851,SD,Negeri,Kec. Sekampung,120703,Kab. Lampung Timur,120700,Prov. Lampung,120000,5,3,44,6,4,0,1,11,22 Apr 2026 14:05:27,ECBDA136AB47D38972C5
UPTD SD NEGERI 2 MEKARSARI,10805633,SD,Negeri,Kec. Sekampung,120703,Kab. Lampung Timur,120700,Prov. Lampung,120000,7,0,92,6,8,0,0,10,23 Apr 2026 07:22:11,ABD06759949558DB2680
UPTD SD NEGERI 2 SAMBIKARTO,10806391,SD,Negeri,Kec. Sekampung,120703,Kab. Lampung Timur,120700,Prov. Lampung,120000,8,2,141,6,7,0,1,12,26 Mar 2026 21:59:24,8427FF47268D3BEEDFCA
UPTD SD NEGERI 2 SIDODADI,10805785,SD,Negeri,Kec. Sekampung,120703,Kab. Lampung Timur,120700,Prov. Lampung,120000,8,0,63,6,7,0,1,21,25 Apr 2026 11:18:35,93829E35108DF71E2BF3
UPTD SD NEGERI 2 SIDOMUKTI,10805784,SD,Negeri,Kec. Sekampung,120703,Kab. Lampung Timur,120700,Prov. Lampung,120000,8,2,59,6,7,1,1,9,24 Apr 2026 20:44:21,5E3A345ADBED907F8CB9
UPTD SD NEGERI 2 SIDOMULYO,10805783,SD,Negeri,Kec. Sekampung,120703,Kab. Lampung Timur,120700,Prov. Lampung,120000,9,1,97,6,6,0,0,12,11 Apr 2026 19:46:17,7CFF6410C186E523EC8B
UPTD SD NEGERI 2 SUKOHARJO,10805797,SD,Negeri,Kec. Sekampung,120703,Kab. Lampung Timur,120700,Prov. Lampung,120000,9,0,113,6,6,0,1,12,26 Apr 2026 10:35:40,8F08C0E461F8091AE878
UPTD SD NEGERI 2 SUMBERSARI,10805770,SD,Negeri,Kec. Sekampung,120703,Kab. Lampung Timur,120700,Prov. Lampung,120000,8,1,86,6,6,0,1,10,05 Mar 2026 11:39:08,B0ACA0EEBB2606D76DE2
UPTD SD NEGERI 2 TRIMULYO,10809371,SD,Negeri,Kec. Sekampung,120703,Kab. Lampung Timur,120700,Prov. Lampung,120000,9,0,85,6,6,0,1,13,27 Apr 2026 08:41:37,9AC653EC5CFC448609D9
UPTD SD NEGERI 2 WONOKARTO,10809514,SD,Negeri,Kec. Sekampung,120703,Kab. Lampung Timur,120700,Prov. Lampung,120000,10,2,181,8,9,0,1,27,02 May 2026 07:57:27,E319D94BE60CEE3CAD14
UPTD SD NEGERI 3 GIRIKLOPOMULYO,10809372,SD,Negeri,Kec. Sekampung,120703,Kab. Lampung Timur,120700,Prov. Lampung,120000,12,0,186,7,8,0,1,24,20 Apr 2026 09:12:15,6E41DE03425712C9F58F
UPTD SD NEGERI 3 HARGOMULYO,10805854,SD,Negeri,Kec. Sekampung,120703,Kab. Lampung Timur,120700,Prov. Lampung,120000,8,2,71,6,8,0,0,19,06 Apr 2026 19:54:49,1E9367EDFEE06923FB6C
UPTD SD NEGERI 3 SAMBIKARTO,10805820,SD,Negeri,Kec. Sekampung,120703,Kab. Lampung Timur,120700,Prov. Lampung,120000,9,0,69,6,6,0,1,17,09 Apr 2026 07:53:55,6155D5C2476C5970FAD4
UPTD SD NEGERI 3 SIDODADI,10805818,SD,Negeri,Kec. Sekampung,120703,Kab. Lampung Timur,120700,Prov. Lampung,120000,8,0,116,6,6,0,1,5,16 Feb 2026 01:14:46,A40518E1323E052A4B9A
UPTD SD NEGERI 3 SIDOMULYO,10805803,SD,Negeri,Kec. Sekampung,120703,Kab. Lampung Timur,120700,Prov. Lampung,120000,9,1,94,6,6,0,0,6,05 Feb 2026 23:30:12,682F0A843422C25E46A7
UPTD SD NEGERI 3 SUKOHARJO,10809377,SD,Negeri,Kec. Sekampung,120703,Kab. Lampung Timur,120700,Prov. Lampung,120000,10,0,68,6,6,1,1,4,04 Apr 2026 04:07:22,DDE8E44BA8D2E9473E69
UPTD SD NEGERI 3 SUMBERGEDE,10805649,SD,Negeri,Kec. Sekampung,120703,Kab. Lampung Timur,120700,Prov. Lampung,120000,9,0,111,6,12,0,1,12,24 Apr 2026 08:32:24,5FFD2C96C6B149E97474
UPTD SD NEGERI 4 HARGOMULYO,10805627,SD,Negeri,Kec. Sekampung,120703,Kab. Lampung Timur,120700,Prov. Lampung,120000,8,1,69,6,6,0,0,9,29 Apr 2026 08:58:52,C9A69AAD9BEED4418653
UPTD SD NEGERI 4 SUMBERGEDE,10805634,SD,Negeri,Kec. Sekampung,120703,Kab. Lampung Timur,120700,Prov. Lampung,120000,10,1,128,7,8,1,1,62,15 Apr 2026 08:05:15,67F6B7598404F58B4054
UPTD SD NEGERI 4 TRIMULYO,10809383,SD,Negeri,Kec. Sekampung,120703,Kab. Lampung Timur,120700,Prov. Lampung,120000,6,1,63,6,6,0,1,20,29 Apr 2026 14:54:38,2B32A726451DD1971628
SD AN-NAHDIYAH BUSTANU USYSYAQIL QURAN,70047541,SD,Swasta,Kec. Sekampung,120703,Kab. Lampung Timur,120700,Prov. Lampung,120000,8,2,122,7,7,0,0,13,06 Apr 2026 00:34:24,B258A000420AF80AA34A
SD ISLAM TARBIYATUT THULLAB,70057306,SD,Swasta,Kec. Sekampung,120703,Kab. Lampung Timur,120700,Prov. Lampung,120000,5,4,42,5,5,0,0,3,20 Apr 2026 11:44:33,47619921DE305C45B151
SD IT BINA ILMU,69969662,SD,Swasta,Kec. Sekampung,120703,Kab. Lampung Timur,120700,Prov. Lampung,120000,19,3,291,12,13,1,1,18,17 Apr 2026 10:02:00,5E979F1A929EF8537C1E
SD TAHFIIDZUL QURAN AL HUSNA,70012144,SD,Swasta,Kec. Sekampung,120703,Kab. Lampung Timur,120700,Prov. Lampung,120000,11,2,181,7,7,0,1,41,28 Apr 2026 09:30:53,8ACBA87CE378E777DF6C
SD TAHFIIDZUL QURAN MIFTAHUN NAJAH,70055942,SD,Swasta,Kec. Sekampung,120703,Kab. Lampung Timur,120700,Prov. Lampung,120000,2,6,35,6,6,0,0,14,05 Apr 2026 10:16:23,B0F639F9854C9C98DF21
SDI MODERN AN-NAJAH,70039319,SD,Swasta,Kec. Sekampung,120703,Kab. Lampung Timur,120700,Prov. Lampung,120000,4,1,56,5,5,0,0,13,24 Apr 2026 09:42:15,72EEFA5344217561B43A
UPTD SMP NEGERI 1 SEKAMPUNG,10805948,SMP,Negeri,Kec. Sekampung,120703,Kab. Lampung Timur,120700,Prov. Lampung,120000,31,4,576,19,18,1,1,50,25 Apr 2026 10:45:55,1823B6ABAF290838EE11
UPTD SMP NEGERI 2 SEKAMPUNG,10805934,SMP,Negeri,Kec. Sekampung,120703,Kab. Lampung Timur,120700,Prov. Lampung,120000,36,8,628,20,21,6,2,36,01 May 2026 05:30:18,C6BE0B1D491F5B7C798B
UPTD SMP NEGERI 3 SEKAMPUNG,10805937,SMP,Negeri,Kec. Sekampung,120703,Kab. Lampung Timur,120700,Prov. Lampung,120000,20,8,387,13,14,1,1,9,06 Mar 2026 05:56:42,ED1F978A6E9B9AAAE554
UPTD SMP NEGERI 4 SEKAMPUNG,10811581,SMP,Negeri,Kec. Sekampung,120703,Kab. Lampung Timur,120700,Prov. Lampung,120000,25,6,426,15,15,1,1,25,29 Apr 2026 09:58:50,91BD0B3B1267B0A3FE62
SMP DARUL ULUM SEKAMPUNG,10806046,SMP,Swasta,Kec. Sekampung,120703,Kab. Lampung Timur,120700,Prov. Lampung,120000,7,2,96,5,7,1,1,20,17 Apr 2026 09:11:06,D98BA75F9E934BCAB442
SMP IT BINA ILMU,70050607,SMP,Swasta,Kec. Sekampung,120703,Kab. Lampung Timur,120700,Prov. Lampung,120000,9,1,60,3,6,1,1,16,12 Feb 2026 13:50:24,3ED4C5DC65041C9E042F
SMP LENTERA HARAPAN,10811894,SMP,Swasta,Kec. Sekampung,120703,Kab. Lampung Timur,120700,Prov. Lampung,120000,2,2,44,3,3,2,1,14,29 Apr 2026 07:50:12,2F6235454F5AC9F25F1F
SMP LKMD SEKAMPUNG,10806062,SMP,Swasta,Kec. Sekampung,120703,Kab. Lampung Timur,120700,Prov. Lampung,120000,8,1,141,6,6,1,1,35,27 Apr 2026 08:45:13,3913081E9145C9D8688B
SMP MIFTAHUL JANNAH,69870890,SMP,Swasta,Kec. Sekampung,120703,Kab. Lampung Timur,120700,Prov. Lampung,120000,11,3,168,7,10,2,1,55,28 Apr 2026 09:39:41,70BBF5C42C4A601D12F4
SMP MUHAMMADIYAH SEKAMPUNG,10805903,SMP,Swasta,Kec. Sekampung,120703,Kab. Lampung Timur,120700,Prov. Lampung,120000,6,1,113,5,6,1,1,10,02 May 2026 10:05:49,F11A681E0E715116EDA3
SMP PERTIWI SEKAMPUNG,10805894,SMP,Swasta,Kec. Sekampung,120703,Kab. Lampung Timur,120700,Prov. Lampung,120000,6,2,25,3,3,2,1,17,06 Apr 2026 12:56:05,E7929400CDE260451C1F
SMP PGRI 2 SEKAMPUNG,10805861,SMP,Swasta,Kec. Sekampung,120703,Kab. Lampung Timur,120700,Prov. Lampung,120000,4,1,22,3,10,1,2,8,10 Apr 2026 06:55:06,9B8C20EAB2D0AEFFA564
SMP PGRI 3 SEKAMPUNG,10805878,SMP,Swasta,Kec. Sekampung,120703,Kab. Lampung Timur,120700,Prov. Lampung,120000,0,1,8,3,3,1,1,3,22 Jan 2026 02:37:37,867CAE9FB4A00B2C31EF
SMP PLUS AINUL FALAH,70054514,SMP,Swasta,Kec. Sekampung,120703,Kab. Lampung Timur,120700,Prov. Lampung,120000,4,4,21,2,3,0,0,16,17 Apr 2026 08:36:51,C3D3E73ADD62F7083659
SMP PLUS DARUNNAIM,69931763,SMP,Swasta,Kec. Sekampung,120703,Kab. Lampung Timur,120700,Prov. Lampung,120000,13,1,89,3,4,0,1,24,30 Apr 2026 11:40:43,E190DA049C9AD40058E5
SMP PLUS ROUDLOTUL MUJAHADAH,70000552,SMP,Swasta,Kec. Sekampung,120703,Kab. Lampung Timur,120700,Prov. Lampung,120000,9,1,65,3,4,1,1,12,26 Jan 2026 15:20:31,8F76DB1403944C320DC0
SMP QU (AL-QURAN) ROUDHLATUL QURAN 3 SEKAMPUNG,69966358,SMP,Swasta,Kec. Sekampung,120703,Kab. Lampung Timur,120700,Prov. Lampung,120000,9,2,83,4,6,1,1,23,30 Apr 2026 11:30:38,9AA3914EE0940A6C87AF
SMP TARBIYATUL QURAN AL HUSNA,70056593,SMP,Swasta,Kec. Sekampung,120703,Kab. Lampung Timur,120700,Prov. Lampung,120000,8,1,65,3,3,0,1,34,06 Apr 2026 15:01:25,85376644DF56AE71BE9C
SMPS IT AL ASROR,69824959,SMP,Swasta,Kec. Sekampung,120703,Kab. Lampung Timur,120700,Prov. Lampung,120000,8,1,73,4,4,2,1,5,28 Feb 2026 13:33:43,1C72DCD473743162C83C
SMAN 1 SEKAMPUNG,10806079,SMA,Negeri,Kec. Sekampung,120703,Kab. Lampung Timur,120700,Prov. Lampung,120000,72,15,1065,31,33,3,1,39,27 Apr 2026 12:14:30,C4C806D9C1D58DE2CF3C
SMAN 2 SEKAMPUNG,10814061,SMA,Negeri,Kec. Sekampung,120703,Kab. Lampung Timur,120700,Prov. Lampung,120000,48,14,819,24,24,4,1,33,16 Apr 2026 07:31:55,695FC1A263AFE5C0DE99
SMA QU (AL QURAN) ROUDLATUL QURAN 3 SEKAMPUNG,70004641,SMA,Swasta,Kec. Sekampung,120703,Kab. Lampung Timur,120700,Prov. Lampung,120000,8,1,47,3,3,2,1,30,29 Apr 2026 18:08:19,CDD372CBC46937273066
SMAS KOSGORO SEKAMPUNG,10806030,SMA,Swasta,Kec. Sekampung,120703,Kab. Lampung Timur,120700,Prov. Lampung,120000,7,1,25,3,6,6,1,6,23 Apr 2026 13:21:49,3F12084B0D989A797E9F
SMAS LENTERA HARAPAN SKP,10806027,SMA,Swasta,Kec. Sekampung,120703,Kab. Lampung Timur,120700,Prov. Lampung,120000,5,2,46,3,6,2,1,16,16 Apr 2026 13:58:19,07757EE8AA59E11DAAB0
SMKN 1 SEKAMPUNG,69970976,SMK,Negeri,Kec. Sekampung,120703,Kab. Lampung Timur,120700,Prov. Lampung,120000,46,12,760,25,10,5,2,39,29 Apr 2026 09:42:23,0FAE193014484CF73B5C
SMK DARUL ULUM SEKAMPUNG,70036687,SMK,Swasta,Kec. Sekampung,120703,Kab. Lampung Timur,120700,Prov. Lampung,120000,8,1,28,3,3,0,1,4,05 Mar 2026 11:36:09,8C5E0BD8E50D0F3C5942
SMKS AL ASROR,10814603,SMK,Swasta,Kec. Sekampung,120703,Kab. Lampung Timur,120700,Prov. Lampung,120000,26,2,230,12,14,3,1,31,02 May 2026 19:39:59,A420BD2F5464DD474E58
SMKS MAARIF NU 6 SEKAMPUNG,10814977,SMK,Swasta,Kec. Sekampung,120703,Kab. Lampung Timur,120700,Prov. Lampung,120000,23,1,136,9,10,2,1,28,22 Apr 2026 16:18:06,CBC864D99E8358CCEF64
SMKS MUHAMMADIYAH SEKAMPUNG,10814962,SMK,Swasta,Kec. Sekampung,120703,Kab. Lampung Timur,120700,Prov. Lampung,120000,35,8,928,30,28,3,1,16,29 Apr 2026 14:13:35,41E6D4205B0AC3B339F0
UPTD SD NEGERI 1 ADIWARNO,10806166,SD,Negeri,Kec. Batanghari,120702,Kab. Lampung Timur,120700,Prov. Lampung,120000,11,1,154,8,9,0,1,25,08 Apr 2026 10:09:20,8C16443668CE1C4D57E9
UPTD SD NEGERI 1 BALEKENCONO,10806164,SD,Negeri,Kec. Batanghari,120702,Kab. Lampung Timur,120700,Prov. Lampung,120000,8,1,109,6,6,0,1,16,21 Apr 2026 09:22:55,A472519F5F2B32B48CB2
UPTD SD NEGERI 1 BALEREJO,10806163,SD,Negeri,Kec. Batanghari,120702,Kab. Lampung Timur,120700,Prov. Lampung,120000,9,1,157,7,7,1,1,30,27 Apr 2026 20:57:21,D9F49236FB8452452FF5
UPTD SD NEGERI 1 BANARJOYO,10806162,SD,Negeri,Kec. Batanghari,120702,Kab. Lampung Timur,120700,Prov. Lampung,120000,8,1,85,6,6,0,1,27,11 Feb 2026 11:10:01,FB0CBA700F836CF702C9
UPTD SD NEGERI 1 BANJARREJO,10806159,SD,Negeri,Kec. Batanghari,120702,Kab. Lampung Timur,120700,Prov. Lampung,120000,8,1,110,6,10,1,1,13,10 Apr 2026 11:39:33,7922C3B05B7C07AD5FAB
UPTD SD NEGERI 1 BATANGHARJO,10806158,SD,Negeri,Kec. Batanghari,120702,Kab. Lampung Timur,120700,Prov. Lampung,120000,8,2,162,6,8,0,1,24,02 May 2026 09:29:11,8007856AFE60E98DA5D7
UPTD SD NEGERI 1 BUANASAKTI,10806176,SD,Negeri,Kec. Batanghari,120702,Kab. Lampung Timur,120700,Prov. Lampung,120000,8,0,67,6,6,0,0,7,17 Jan 2026 09:55:52,F22C3C786F0C42EF4307
UPTD SD NEGERI 1 BUMIHARJO,10806172,SD,Negeri,Kec. Batanghari,120702,Kab. Lampung Timur,120700,Prov. Lampung,120000,12,1,184,10,12,0,1,1,15 Apr 2026 21:22:45,9440EA7A97F301A95ABD
UPTD SD NEGERI 1 BUMIMAS,10806171,SD,Negeri,Kec. Batanghari,120702,Kab. Lampung Timur,120700,Prov. Lampung,120000,9,0,122,6,6,0,1,20,29 Apr 2026 23:59:33,1A3525C61B6F3F8D301C
UPTD SD NEGERI 1 NAMPIREJO,10806452,SD,Negeri,Kec. Batanghari,120702,Kab. Lampung Timur,120700,Prov. Lampung,120000,9,1,157,8,8,0,1,26,02 Mar 2026 23:46:39,1CEDC5B0D2F1B552812D
UPTD SD NEGERI 1 REJOAGUNG,10806545,SD,Negeri,Kec. Batanghari,120702,Kab. Lampung Timur,120700,Prov. Lampung,120000,13,2,129,7,8,1,1,22,09 Apr 2026 17:59:12,242507B74F9B5D28EF97
UPTD SD NEGERI 1 SELOREJO,10806539,SD,Negeri,Kec. Batanghari,120702,Kab. Lampung Timur,120700,Prov. Lampung,120000,7,1,122,6,6,0,0,30,01 May 2026 10:42:56,2326822989DFC27EDCF8
UPTD SD NEGERI 1 SRIBASUKI,10806566,SD,Negeri,Kec. Batanghari,120702,Kab. Lampung Timur,120700,Prov. Lampung,120000,7,1,80,6,6,0,0,13,15 Feb 2026 10:32:32,325A53F600C029F84509
UPTD SD NEGERI 1 SUMBERAGUNG,10806516,SD,Negeri,Kec. Batanghari,120702,Kab. Lampung Timur,120700,Prov. Lampung,120000,8,1,83,6,6,0,1,44,28 Apr 2026 01:09:22,E1A75AD56290179B23F2
UPTD SD NEGERI 1 SUMBERREJO,10806515,SD,Negeri,Kec. Batanghari,120702,Kab. Lampung Timur,120700,Prov. Lampung,120000,9,2,103,6,8,0,1,19,28 Apr 2026 07:51:15,75420F0C23914DE3D99F
UPTD SD NEGERI 1 TELOGOREJO,10809359,SD,Negeri,Kec. Batanghari,120702,Kab. Lampung Timur,120700,Prov. Lampung,120000,8,2,103,6,6,0,1,13,26 Jan 2026 21:57:29,248C83066F49264B91EE
UPTD SD NEGERI 2 ADIWARNO,10806384,SD,Negeri,Kec. Batanghari,120702,Kab. Lampung Timur,120700,Prov. Lampung,120000,8,2,93,6,6,0,1,14,07 Apr 2026 10:16:30,D8853B44FB22508424BE
UPTD SD NEGERI 2 BALEKENCONO,10806382,SD,Negeri,Kec. Batanghari,120702,Kab. Lampung Timur,120700,Prov. Lampung,120000,8,0,66,6,6,1,1,22,20 Apr 2026 09:32:28,3C89C032C21EEEF5ABFD
UPTD SD NEGERI 2 BALEREJO,10806381,SD,Negeri,Kec. Batanghari,120702,Kab. Lampung Timur,120700,Prov. Lampung,120000,8,0,87,6,6,0,1,46,22 Apr 2026 09:52:55,4893CD81605332584837
UPTD SD NEGERI 2 BANARJOYO,10806380,SD,Negeri,Kec. Batanghari,120702,Kab. Lampung Timur,120700,Prov. Lampung,120000,11,0,181,8,12,1,1,18,01 May 2026 18:31:05,EBD93E0FC5549CE54064
UPTD SD NEGERI 2 BATANGHARJO,10806362,SD,Negeri,Kec. Batanghari,120702,Kab. Lampung Timur,120700,Prov. Lampung,120000,10,1,150,7,14,1,1,16,03 Mar 2026 00:19:57,FCA5EB0B107EDD16EA5C
UPTD SD NEGERI 2 BUANASAKTI,10806337,SD,Negeri,Kec. Batanghari,120702,Kab. Lampung Timur,120700,Prov. Lampung,120000,8,0,118,6,6,1,0,27,23 Apr 2026 11:43:12,264D506E17A13C228A1F
UPTD SD NEGERI 2 BUMIHARJO,10806334,SD,Negeri,Kec. Batanghari,120702,Kab. Lampung Timur,120700,Prov. Lampung,120000,11,1,176,8,9,0,0,12,30 Apr 2026 07:59:17,428E97FF8A186CB191F6
UPTD SD NEGERI 2 BUMIMAS,10806332,SD,Negeri,Kec. Batanghari,120702,Kab. Lampung Timur,120700,Prov. Lampung,120000,8,0,62,6,6,0,1,17,27 Apr 2026 17:08:58,ADEA43E75F9A1B532D46
UPTD SD NEGERI 2 NAMPIREJO,10806420,SD,Negeri,Kec. Batanghari,120702,Kab. Lampung Timur,120700,Prov. Lampung,120000,8,1,118,6,6,0,0,26,13 Feb 2026 09:39:06,1137A07F71D29C734899
UPTD SD NEGERI 2 REJOAGUNG,10806410,SD,Negeri,Kec. Batanghari,120702,Kab. Lampung Timur,120700,Prov. Lampung,120000,8,1,38,6,6,0,1,11,12 Mar 2026 19:32:52,DFA2DD9C810E38EF91E9
UPTD SD NEGERI 2 SELOREJO,10805801,SD,Negeri,Kec. Batanghari,120702,Kab. Lampung Timur,120700,Prov. Lampung,120000,9,0,76,6,6,1,1,22,19 Apr 2026 21:19:24,C12BE8A56EB6FC3573B5
UPTD SD NEGERI 2 SRI BASUKI,10805779,SD,Negeri,Kec. Batanghari,120702,Kab. Lampung Timur,120700,Prov. Lampung,120000,7,0,43,6,6,0,0,6,28 Mar 2026 08:13:32,482945D442883B4C4A4D
UPTD SD NEGERI 2 SUMBERAGUNG,10805792,SD,Negeri,Kec. Batanghari,120702,Kab. Lampung Timur,120700,Prov. Lampung,120000,7,0,71,6,6,0,1,21,04 Apr 2026 19:49:59,11FC10FEDBF7FA253B76
UPTD SD NEGERI 2 SUMBERREJO BATANGHARI,10805771,SD,Negeri,Kec. Batanghari,120702,Kab. Lampung Timur,120700,Prov. Lampung,120000,9,0,67,6,6,0,1,19,02 May 2026 10:25:00,2217EDC0EF353842CFCA
UPTD SD NEGERI 2 TELOGOREJO,10805764,SD,Negeri,Kec. Batanghari,120702,Kab. Lampung Timur,120700,Prov. Lampung,120000,7,2,54,6,6,0,1,11,13 Apr 2026 10:46:06,D82BE9D79377523A67D2
UPTD SD NEGERI 3 BANJARREJO,10805841,SD,Negeri,Kec. Batanghari,120702,Kab. Lampung Timur,120700,Prov. Lampung,120000,7,2,69,6,6,1,1,4,27 Feb 2026 15:17:16,306ADB45E256151E8FE9
UPTD SD NEGERI 3 BATANGHARJO,10805840,SD,Negeri,Kec. Batanghari,120702,Kab. Lampung Timur,120700,Prov. Lampung,120000,9,2,49,6,6,0,1,15,16 Apr 2026 10:16:29,D3897CBF4F31FEF66708
UPTD SD NEGERI 3 BUANASAKTI,10805836,SD,Negeri,Kec. Batanghari,120702,Kab. Lampung Timur,120700,Prov. Lampung,120000,6,3,152,6,7,0,1,14,17 Apr 2026 06:55:42,E9590FF80CFDBD4766CA
UPTD SD NEGERI 3 BUMIHARJO,10805834,SD,Negeri,Kec. Batanghari,120702,Kab. Lampung Timur,120700,Prov. Lampung,120000,8,2,72,6,6,0,1,21,29 Apr 2026 08:47:04,C15779CB19412019BFE0
UPTD SD NEGERI 3 BUMIMAS,10805833,SD,Negeri,Kec. Batanghari,120702,Kab. Lampung Timur,120700,Prov. Lampung,120000,8,1,70,6,6,0,0,25,06 Apr 2026 10:43:33,14D7E824C782D293A350
UPTD SD NEGERI 3 SRI BASUKI,10805683,SD,Negeri,Kec. Batanghari,120702,Kab. Lampung Timur,120700,Prov. Lampung,120000,6,0,51,6,6,1,1,12,04 Mar 2026 08:56:42,38E4DD37F1566CBC10F4
UPTD SD NEGERI 4 BUANASAKTI,10805660,SD,Negeri,Kec. Batanghari,120702,Kab. Lampung Timur,120700,Prov. Lampung,120000,6,1,40,5,6,0,0,8,04 Mar 2026 08:29:44,1B68AF37BBF9D82C4196
UPTD SMP NEGERI 1 BATANGHARI,10805950,SMP,Negeri,Kec. Batanghari,120702,Kab. Lampung Timur,120700,Prov. Lampung,120000,46,8,794,25,24,2,1,20,27 Apr 2026 07:41:40,E25063A411AE91C8BF5A
UPTD SMP NEGERI 2 BATANGHARI,10805928,SMP,Negeri,Kec. Batanghari,120702,Kab. Lampung Timur,120700,Prov. Lampung,120000,26,4,326,12,17,3,1,17,28 Apr 2026 11:10:57,8CD00467C12EA3BDDEC3
UPTD SMP NEGERI 3 BATANGHARI,10805942,SMP,Negeri,Kec. Batanghari,120702,Kab. Lampung Timur,120700,Prov. Lampung,120000,20,6,214,8,15,1,1,7,31 Jan 2026 20:25:47,1A2ABED4A2C9A277449A
SMP AL FIRDAUS,70049858,SMP,Swasta,Kec. Batanghari,120702,Kab. Lampung Timur,120700,Prov. Lampung,120000,4,2,66,3,4,0,1,26,28 Apr 2026 13:00:40,55435E8BA85381920507
SMP ISLAM QURANI,70037065,SMP,Swasta,Kec. Batanghari,120702,Kab. Lampung Timur,120700,Prov. Lampung,120000,11,2,23,3,3,3,1,20,08 Apr 2026 01:12:32,9E19975B99D678FDC2D9
SMP MUHAMMADIYAH AL GHIFARI BATANGHARI,70005434,SMP,Swasta,Kec. Batanghari,120702,Kab. Lampung Timur,120700,Prov. Lampung,120000,23,3,503,17,20,2,1,26,30 Apr 2026 08:15:05,FFCBD58C0A3A1229C8DE
SMP PGRI 1 BATANGHARI,10805892,SMP,Swasta,Kec. Batanghari,120702,Kab. Lampung Timur,120700,Prov. Lampung,120000,12,2,99,5,10,2,1,21,30 Apr 2026 11:19:09,C0EEFDCC5BD029568EDB
SMPS IT INSAN MULIA,69762730,SMP,Swasta,Kec. Batanghari,120702,Kab. Lampung Timur,120700,Prov. Lampung,120000,16,2,139,7,7,2,1,41,02 May 2026 12:42:50,9EB4B24875AD145AD68E
SMAN 1 BATANGHARI,10805998,SMA,Negeri,Kec. Batanghari,120702,Kab. Lampung Timur,120700,Prov. Lampung,120000,38,10,489,15,19,5,1,1,19 Apr 2026 07:31:24,090E395AC0D011BF1EB4
SMA MUHAMMADIYAH AL-GHIFARI,70045868,SMA,Swasta,Kec. Batanghari,120702,Kab. Lampung Timur,120700,Prov. Lampung,120000,13,2,236,8,8,1,0,50,30 Apr 2026 11:29:16,868E010F0E07A4761DDE
SMK IT MUTIARA BANGSA,69913212,SMK,Swasta,Kec. Batanghari,120702,Kab. Lampung Timur,120700,Prov. Lampung,120000,11,4,86,5,7,1,1,21,06 Mar 2026 22:29:50,FEAA185D6BEF2D2918C9
SMK NURUL HUDA BATANGHARI,69954889,SMK,Swasta,Kec. Batanghari,120702,Kab. Lampung Timur,120700,Prov. Lampung,120000,9,1,19,5,9,3,1,19,28 Apr 2026 10:29:29,3E2C392897457296B801
SMK RIYADLATUL ULUM,70046899,SMK,Swasta,Kec. Batanghari,120702,Kab. Lampung Timur,120700,Prov. Lampung,120000,13,3,127,9,5,1,1,30,28 Apr 2026 10:25:23,57A940FC254F488A4469
UPTD SD NEGERI 1 BANJAR AGUNG,10806160,SD,Negeri,Kec. Sekampung Udik,120705,Kab. Lampung Timur,120700,Prov. Lampung,120000,9,2,128,6,6,0,1,32,06 Apr 2026 22:03:12,31F740039689685CC917
UPTD SD NEGERI 1 BAUH GUNUNGSARI,10806157,SD,Negeri,Kec. Sekampung Udik,120705,Kab. Lampung Timur,120700,Prov. Lampung,120000,10,1,146,7,7,0,1,17,02 May 2026 08:14:19,DFB1717490D568B6399C
UPTD SD NEGERI 1 BUMI MULYO,10805621,SD,Negeri,Kec. Sekampung Udik,120705,Kab. Lampung Timur,120700,Prov. Lampung,120000,8,2,51,6,6,0,0,52,01 May 2026 11:39:03,E77847590953AB5C0B53
UPTD SD NEGERI 1 GUNUNG AGUNG,10806487,SD,Negeri,Kec. Sekampung Udik,120705,Kab. Lampung Timur,120700,Prov. Lampung,120000,19,3,337,13,14,0,1,12,02 May 2026 05:38:00,0D0330432A62079F60DD
UPTD SD NEGERI 1 GUNUNG SUGIH BESAR,10806483,SD,Negeri,Kec. Sekampung Udik,120705,Kab. Lampung Timur,120700,Prov. Lampung,120000,8,0,85,6,9,0,1,17,20 Apr 2026 17:11:10,1178853A9BD6D3788E1B
UPTD SD NEGERI 1 MENGANDUNG SARI,10806457,SD,Negeri,Kec. Sekampung Udik,120705,Kab. Lampung Timur,120700,Prov. Lampung,120000,8,1,143,6,6,0,1,24,28 Apr 2026 09:10:29,AE8F82E5E132F8185D8B
UPTD SD NEGERI 1 PUGUNGRAHARJO,10806467,SD,Negeri,Kec. Sekampung Udik,120705,Kab. Lampung Timur,120700,Prov. Lampung,120000,20,3,386,13,13,1,1,13,17 Apr 2026 15:03:29,44EA3F6AAE6B06150941
UPTD SD NEGERI 1 PURWOKENCONO,10809394,SD,Negeri,Kec. Sekampung Udik,120705,Kab. Lampung Timur,120700,Prov. Lampung,120000,11,2,215,7,8,0,1,12,07 Mar 2026 09:28:25,B0F9319B5A6479684233
UPTD SD NEGERI 1 SIDOREJO,10806020,SD,Negeri,Kec. Sekampung Udik,120705,Kab. Lampung Timur,120700,Prov. Lampung,120000,35,5,625,24,22,1,1,13,28 Apr 2026 10:31:33,2A2F8AE7AF285358F11D
UPTD SD NEGERI 1 SINDANG ANOM,10806564,SD,Negeri,Kec. Sekampung Udik,120705,Kab. Lampung Timur,120700,Prov. Lampung,120000,17,2,328,13,13,0,1,22,06 Apr 2026 21:16:25,F51F85C4134974C76C64
UPTD SD NEGERI 2 BANJAR AGUNG,10806378,SD,Negeri,Kec. Sekampung Udik,120705,Kab. Lampung Timur,120700,Prov. Lampung,120000,11,1,214,9,7,0,0,13,01 May 2026 21:28:29,4C794E025107E44DA8FB
UPTD SD NEGERI 2 BAUH GUNUNG SARI,10806361,SD,Negeri,Kec. Sekampung Udik,120705,Kab. Lampung Timur,120700,Prov. Lampung,120000,10,0,84,6,6,0,0,9,03 Mar 2026 23:46:21,4C0767558361282141E2
UPTD SD NEGERI 2 BOJONG,10806360,SD,Negeri,Kec. Sekampung Udik,120705,Kab. Lampung Timur,120700,Prov. Lampung,120000,9,1,43,6,3,0,0,43,14 Apr 2026 13:12:48,2813AC87B703AC445E27
UPTD SD NEGERI 2 BUMI MULYO,10805726,SD,Negeri,Kec. Sekampung Udik,120705,Kab. Lampung Timur,120700,Prov. Lampung,120000,8,1,74,6,6,0,0,16,11 Apr 2026 07:50:40,633B0E4234EDCD97BBAE
UPTD SD NEGERI 2 GUNUNG AGUNG,10806352,SD,Negeri,Kec. Sekampung Udik,120705,Kab. Lampung Timur,120700,Prov. Lampung,120000,9,2,79,6,6,1,2,18,19 Apr 2026 08:46:28,DC3F71201D4497E3D004
UPTD SD NEGERI 2 MENGANDUNG SARI,10806438,SD,Negeri,Kec. Sekampung Udik,120705,Kab. Lampung Timur,120700,Prov. Lampung,120000,9,1,85,6,10,1,1,9,03 Mar 2026 22:18:11,858E1A5B170E3CFAEB72
UPTD SD NEGERI 2 PUGUNGRAHARJO,10806393,SD,Negeri,Kec. Sekampung Udik,120705,Kab. Lampung Timur,120700,Prov. Lampung,120000,9,3,109,6,6,0,1,38,25 Apr 2026 08:29:01,56C742AD981683EC47F9
UPTD SD NEGERI 2 SIDOREJO,10811884,SD,Negeri,Kec. Sekampung Udik,120705,Kab. Lampung Timur,120700,Prov. Lampung,120000,12,1,159,7,6,0,0,10,14 Apr 2026 11:39:26,18719026309169F71261
UPTD SD NEGERI 2 SINDANG ANOM,10805781,SD,Negeri,Kec. Sekampung Udik,120705,Kab. Lampung Timur,120700,Prov. Lampung,120000,12,0,251,11,12,0,1,11,28 Apr 2026 21:26:03,7399F545A067DE112926
UPTD SD NEGERI 2 TOBA,10805762,SD,Negeri,Kec. Sekampung Udik,120705,Kab. Lampung Timur,120700,Prov. Lampung,120000,8,3,68,6,5,0,0,6,13 Mar 2026 06:08:29,FA5BCEF8491E6A1C4F28
UPTD SD NEGERI 3 BOJONG,10805839,SD,Negeri,Kec. Sekampung Udik,120705,Kab. Lampung Timur,120700,Prov. Lampung,120000,6,2,46,6,6,0,1,13,08 Apr 2026 11:10:19,270D5FA53DF54BD11F76
UPTD SD NEGERI 3 BUMI MULYO,10805717,SD,Negeri,Kec. Sekampung Udik,120705,Kab. Lampung Timur,120700,Prov. Lampung,120000,15,0,202,11,12,0,0,21,25 Apr 2026 08:39:06,E81416C54C51D29D1D9F
UPTD SD NEGERI 3 MENGANDUNG SARI,10805812,SD,Negeri,Kec. Sekampung Udik,120705,Kab. Lampung Timur,120700,Prov. Lampung,120000,9,1,146,7,8,0,1,14,23 Apr 2026 10:17:26,3C120C100BEE670A5C5F
UPTD SD NEGERI 3 PUGUNGRAHARJO,10805816,SD,Negeri,Kec. Sekampung Udik,120705,Kab. Lampung Timur,120700,Prov. Lampung,120000,11,2,156,7,7,0,1,16,14 Apr 2026 09:27:48,BB038D65CD99EA7E3EC8
UPTD SD NEGERI 3 SIDOREJO,10809395,SD,Negeri,Kec. Sekampung Udik,120705,Kab. Lampung Timur,120700,Prov. Lampung,120000,10,0,139,6,7,1,1,33,11 Apr 2026 09:02:19,94C959786A63E2E45266
UPTD SD NEGERI 4 PUGUNGRAHARJO,10805617,SD,Negeri,Kec. Sekampung Udik,120705,Kab. Lampung Timur,120700,Prov. Lampung,120000,10,2,134,7,6,0,2,21,08 Apr 2026 10:34:18,B66024953F0C924F2B4D
UPTD SD NEGERI BRAWIJAYA,10805731,SD,Negeri,Kec. Sekampung Udik,120705,Kab. Lampung Timur,120700,Prov. Lampung,120000,22,2,436,15,16,0,1,28,28 Apr 2026 08:15:27,4670E84FFCC79B128EEE
UPTD SD NEGERI GUNUNG MULYO,10806348,SD,Negeri,Kec. Sekampung Udik,120705,Kab. Lampung Timur,120700,Prov. Lampung,120000,8,1,108,6,7,0,0,13,28 Apr 2026 10:37:45,BA39E945BB82034DF73D
UPTD SD NEGERI GUNUNG PASIR JAYA,10805714,SD,Negeri,Kec. Sekampung Udik,120705,Kab. Lampung Timur,120700,Prov. Lampung,120000,20,0,322,13,10,0,1,18,10 Apr 2026 13:08:06,D391FFB24D51434D2C77
SD KRISTEN 5 PUGUNGRAHARJO,10806211,SD,Swasta,Kec. Sekampung Udik,120705,Kab. Lampung Timur,120700,Prov. Lampung,120000,7,2,21,5,6,1,1,9,09 Feb 2026 10:50:18,9BE8EDC7C798A380A3DF
SD KRISTEN GUNUNG PASIR JAYA,10806199,SD,Swasta,Kec. Sekampung Udik,120705,Kab. Lampung Timur,120700,Prov. Lampung,120000,8,2,119,6,6,0,1,27,06 Apr 2026 07:03:25,FD7416B9DC101E64711E
SDIT MUTIARA INSANI,70045712,SD,Swasta,Kec. Sekampung Udik,120705,Kab. Lampung Timur,120700,Prov. Lampung,120000,7,3,104,6,6,0,1,13,12 Apr 2026 07:57:20,35DA357463A3B35E0C62
SDS SATYA BHAKTI,10809396,SD,Swasta,Kec. Sekampung Udik,120705,Kab. Lampung Timur,120700,Prov. Lampung,120000,6,1,137,6,6,0,1,3,16 Jan 2026 11:04:26,A1B901D6D7451475B368
UPTD SMP NEGERI 1 SEKAMPUNG UDIK,10805947,SMP,Negeri,Kec. Sekampung Udik,120705,Kab. Lampung Timur,120700,Prov. Lampung,120000,34,6,841,29,23,3,1,25,26 Apr 2026 19:58:29,BBB7C1D9E895E5BBB26F
UPTD SMP NEGERI 1 SEKAMPUNG UDIK SATAP,10812268,SMP,Negeri,Kec. Sekampung Udik,120705,Kab. Lampung Timur,120700,Prov. Lampung,120000,15,0,245,9,9,1,1,41,02 May 2026 13:30:46,B82A2F47C121FC99855D
UPTD SMP NEGERI 2 SEKAMPUNG UDIK,10814596,SMP,Negeri,Kec. Sekampung Udik,120705,Kab. Lampung Timur,120700,Prov. Lampung,120000,30,4,549,18,15,3,1,19,08 Apr 2026 20:49:00,95CC85B50E09C1EE1AEB
UPTD SMP NEGERI 3 SEKAMPUNG UDIK,69919787,SMP,Negeri,Kec. Sekampung Udik,120705,Kab. Lampung Timur,120700,Prov. Lampung,120000,21,2,405,14,13,1,1,36,29 Apr 2026 12:45:48,46C679F0E279BB0128AC
UPTD SMP NEGERI 4 SEKAMPUNG UDIK SATAP,69762611,SMP,Negeri,Kec. Sekampung Udik,120705,Kab. Lampung Timur,120700,Prov. Lampung,120000,6,0,62,3,3,1,1,22,19 Apr 2026 08:31:12,6A05E1F2258AEE749CCB
UPTD SMP NEGERI 5 SEKAMPUNG UDIK SATAP,69762612,SMP,Negeri,Kec. Sekampung Udik,120705,Kab. Lampung Timur,120700,Prov. Lampung,120000,10,2,142,6,3,1,1,16,27 Apr 2026 13:43:23,B28F8423A7E6B986803E
SMP AL-AMIN TOBA,70035417,SMP,Swasta,Kec. Sekampung Udik,120705,Kab. Lampung Timur,120700,Prov. Lampung,120000,9,1,93,3,3,0,0,8,14 Mar 2026 21:29:14,211AF09D645FBABB1227
SMP MUHAMMADIYAH 1 SEKAMPUNG UDIK,10805900,SMP,Swasta,Kec. Sekampung Udik,120705,Kab. Lampung Timur,120700,Prov. Lampung,120000,16,2,296,9,9,3,1,29,02 May 2026 00:58:50,951135D5363E234645EC
SMP NU BAHRUL ULUM,70004387,SMP,Swasta,Kec. Sekampung Udik,120705,Kab. Lampung Timur,120700,Prov. Lampung,120000,4,0,46,3,6,0,1,19,28 Apr 2026 08:14:30,32FC299BB364C70B3559
SMP PERJUANGAN PURWOKENCONO,69765042,SMP,Swasta,Kec. Sekampung Udik,120705,Kab. Lampung Timur,120700,Prov. Lampung,120000,11,3,120,6,6,1,1,7,06 Mar 2026 19:30:26,E4BDBD11A9AACA3513F1
SMP PGRI 1 SEKAMPUNG UDIK,10805906,SMP,Swasta,Kec. Sekampung Udik,120705,Kab. Lampung Timur,120700,Prov. Lampung,120000,5,1,21,3,3,4,1,88,10 Mar 2026 12:56:48,A7E70C94F3840752278D
SMP PGRI 2 SEKAMPUNG UDIK,10805873,SMP,Swasta,Kec. Sekampung Udik,120705,Kab. Lampung Timur,120700,Prov. Lampung,120000,6,1,84,3,5,1,1,34,25 Apr 2026 19:43:13,366A0180BEF62709F5A5
SMP TAHFIDZUL QURAN HIDAYATUL MUBTADIIEN SEKAMPUNG UDIK,69969277,SMP,Swasta,Kec. Sekampung Udik,120705,Kab. Lampung Timur,120700,Prov. Lampung,120000,10,1,137,6,7,1,1,22,19 Apr 2026 09:26:51,8C3D5BFF0993BCA2D2BA
SMAN 1 SEKAMPUNG UDIK,10814057,SMA,Negeri,Kec. Sekampung Udik,120705,Kab. Lampung Timur,120700,Prov. Lampung,120000,49,14,803,23,23,4,1,43,21 Apr 2026 21:43:19,CDC690843DD5971C3657
SMA TQ HIDAYATUL MUBTADIIEN,70050752,SMA,Swasta,Kec. Sekampung Udik,120705,Kab. Lampung Timur,120700,Prov. Lampung,120000,9,2,73,3,3,1,1,9,23 Apr 2026 03:24:09,36E8CE8A534B81A57652
SMAS MA ARIF 3 SEKAMPUNG UDIK,10806009,SMA,Swasta,Kec. Sekampung Udik,120705,Kab. Lampung Timur,120700,Prov. Lampung,120000,5,4,92,3,3,1,1,10,18 Apr 2026 11:38:55,A80D09363B5CD179A751
SMAS MUHAMMADIYAH 1 SEKAMPUNG UDIK,10805986,SMA,Swasta,Kec. Sekampung Udik,120705,Kab. Lampung Timur,120700,Prov. Lampung,120000,17,3,238,9,8,3,1,20,27 Apr 2026 14:15:59,A739872BD757C8D877E5
SMK BAHRUL ULUM YARJULLAH,69975643,SMK,Swasta,Kec. Sekampung Udik,120705,Kab. Lampung Timur,120700,Prov. Lampung,120000,8,1,93,4,3,1,1,22,14 Mar 2026 16:01:17,7CA30B79055DD2B14500
SMK PERJUANGAN SEKAMPUNG UDIK,69980570,SMK,Swasta,Kec. Sekampung Udik,120705,Kab. Lampung Timur,120700,Prov. Lampung,120000,9,2,82,3,4,0,1,40,10 Apr 2026 20:05:49,20311AE9411501FA37CD
SMK YANIKMA,69947514,SMK,Swasta,Kec. Sekampung Udik,120705,Kab. Lampung Timur,120700,Prov. Lampung,120000,11,1,91,3,3,1,1,24,08 Apr 2026 20:45:09,72DEBF6304BFE272345D
SMKS AL-AZHAR PUGUNG RAHARJO,69763269,SMK,Swasta,Kec. Sekampung Udik,120705,Kab. Lampung Timur,120700,Prov. Lampung,120000,13,1,105,6,7,1,1,31,02 Apr 2026 11:46:48,0C4B434ACBD8AB38ACFB
SMKS MAARIF 2 PENAWAJA SEKAMPUNG UDIK,10806093,SMK,Swasta,Kec. Sekampung Udik,120705,Kab. Lampung Timur,120700,Prov. Lampung,120000,15,2,227,9,9,1,1,20,17 Apr 2026 08:39:27,F9D9398346DF431FEDE7
SMKS PGRI 1 SEKAMPUNG UDIK,10806085,SMK,Swasta,Kec. Sekampung Udik,120705,Kab. Lampung Timur,120700,Prov. Lampung,120000,7,1,72,6,6,1,1,54,25 Apr 2026 19:47:40,D1ED1A0F079726D469B0
UPTD SD NEGERI 1 BUMI AYU,10806175,SD,Negeri,Kec. Sukadana,120709,Kab. Lampung Timur,120700,Prov. Lampung,120000,7,1,161,7,6,0,1,12,27 Apr 2026 08:50:58,FEBEF85E3C1256F53DD6
UPTD SD NEGERI 1 MUARA JAYA,10806454,SD,Negeri,Kec. Sukadana,120709,Kab. Lampung Timur,120700,Prov. Lampung,120000,18,3,245,12,12,0,1,18,24 Apr 2026 07:48:18,9ECBD753E94E1DEDDBB1
UPTD SD NEGERI 1 NEGARA NABUNG,10806464,SD,Negeri,Kec. Sukadana,120709,Kab. Lampung Timur,120700,Prov. Lampung,120000,8,2,79,6,6,1,1,27,18 Mar 2026 09:23:09,F1074D824CF915FD625E
UPTD SD NEGERI 1 PAKUAN AJI,10806472,SD,Negeri,Kec. Sukadana,120709,Kab. Lampung Timur,120700,Prov. Lampung,120000,9,3,125,6,8,0,1,23,03 Mar 2026 16:46:48,D3863CF3FB7A5CC5051F
UPTD SD NEGERI 1 RANTAU JAYA UDIK,10805685,SD,Negeri,Kec. Sukadana,120709,Kab. Lampung Timur,120700,Prov. Lampung,120000,12,2,220,10,12,0,1,8,25 Apr 2026 04:16:06,B092B005334899B37A4D
UPTD SD NEGERI 1 SUKADANA,10806556,SD,Negeri,Kec. Sukadana,120709,Kab. Lampung Timur,120700,Prov. Lampung,120000,9,2,28,6,6,0,1,7,07 Mar 2026 11:06:47,70F346E87DAF8DD5863B
UPTD SD NEGERI 1 SUKADANA ILIR,10806553,SD,Negeri,Kec. Sukadana,120709,Kab. Lampung Timur,120700,Prov. Lampung,120000,13,2,183,10,10,0,1,22,30 Apr 2026 08:29:09,D2C40F345302B6BFDE16
UPTD SD NEGERI 1 SUKADANA PASAR,10806537,SD,Negeri,Kec. Sukadana,120709,Kab. Lampung Timur,120700,Prov. Lampung,120000,11,2,172,8,8,0,1,21,21 Apr 2026 20:09:07,CFE1055BA2BBAFF59990
UPTD SD NEGERI 1 SURABAYA UDIK,10806510,SD,Negeri,Kec. Sukadana,120709,Kab. Lampung Timur,120700,Prov. Lampung,120000,5,3,31,6,6,0,0,8,07 Mar 2026 06:53:26,74FA891697609C27741F
UPTD SD NEGERI 2 BUMI AYU,10809361,SD,Negeri,Kec. Sukadana,120709,Kab. Lampung Timur,120700,Prov. Lampung,120000,5,1,97,6,6,0,0,9,30 Apr 2026 18:57:18,14F55D807D62B2ADF2BF
UPTD SD NEGERI 2 MATARAM MARGA,10806439,SD,Negeri,Kec. Sukadana,120709,Kab. Lampung Timur,120700,Prov. Lampung,120000,7,3,72,6,6,0,1,37,22 Apr 2026 09:46:35,4A99A2C488899CD28EBB
UPTD SD NEGERI 2 MUARA JAYA,10806436,SD,Negeri,Kec. Sukadana,120709,Kab. Lampung Timur,120700,Prov. Lampung,120000,13,2,137,8,8,0,1,25,03 Mar 2026 17:15:33,B7B6A46E40F8895DDCF0
UPTD SD NEGERI 2 NEGARA NABUNG,10806418,SD,Negeri,Kec. Sukadana,120709,Kab. Lampung Timur,120700,Prov. Lampung,120000,9,2,119,6,7,0,1,10,06 Mar 2026 11:26:22,E3586FCADDCBF5EA4301
UPTD SD NEGERI 2 PAKUAN AJI,10806396,SD,Negeri,Kec. Sukadana,120709,Kab. Lampung Timur,120700,Prov. Lampung,120000,15,2,244,12,11,0,1,23,21 Apr 2026 07:27:20,BDB998900CC21D27F2FA
UPTD SD NEGERI 2 RANTAU JAYA UDIK,10809367,SD,Negeri,Kec. Sukadana,120709,Kab. Lampung Timur,120700,Prov. Lampung,120000,8,1,118,6,6,0,1,21,04 Mar 2026 06:05:00,5D3FFCD27312A5576CB1
UPTD SD NEGERI 2 SUKADANA,10805786,SD,Negeri,Kec. Sukadana,120709,Kab. Lampung Timur,120700,Prov. Lampung,120000,7,1,47,6,6,0,2,10,04 Apr 2026 22:37:40,A9C7724A0D87B60AD2BB
UPTD SD NEGERI 2 SUKADANA ILIR,10800787,SD,Negeri,Kec. Sukadana,120709,Kab. Lampung Timur,120700,Prov. Lampung,120000,10,2,179,8,10,0,1,11,03 Apr 2026 20:17:59,CF3EF18791677EA7DBDD
UPTD SD NEGERI 2 SUKADANA PASAR,10805800,SD,Negeri,Kec. Sukadana,120709,Kab. Lampung Timur,120700,Prov. Lampung,120000,27,3,558,19,22,0,1,20,28 Apr 2026 14:16:56,1BC557AAC298312EC436
UPTD SD NEGERI 2 SURABAYA UDIK,10805755,SD,Negeri,Kec. Sukadana,120709,Kab. Lampung Timur,120700,Prov. Lampung,120000,8,2,104,7,13,0,1,43,16 Apr 2026 11:20:24,3D0B56E76FCD0C0B3F32
UPTD SD NEGERI 3 PAKUAN AJI,10805805,SD,Negeri,Kec. Sukadana,120709,Kab. Lampung Timur,120700,Prov. Lampung,120000,9,4,164,7,7,0,1,19,30 Apr 2026 08:16:02,72340E9CFE37C9415DD5
UPTD SD NEGERI 3 SUKADANA,10809375,SD,Negeri,Kec. Sukadana,120709,Kab. Lampung Timur,120700,Prov. Lampung,120000,13,1,166,8,13,0,1,13,27 Mar 2026 23:42:55,EFDA6BB14677AFF9BC96
UPTD SD NEGERI 3 SUKADANA PASAR,10805652,SD,Negeri,Kec. Sukadana,120709,Kab. Lampung Timur,120700,Prov. Lampung,120000,5,0,38,6,6,0,1,19,04 Apr 2026 21:19:48,0D660B9AD01EC8B6D8AA
UPTD SD NEGERI 4 PAKUAN AJI,10805618,SD,Negeri,Kec. Sukadana,120709,Kab. Lampung Timur,120700,Prov. Lampung,120000,11,2,166,8,12,0,1,16,03 Apr 2026 05:10:26,CE2DCED49C7938EA8BD4
UPTD SD NEGERI 4 SUKADANA,10805637,SD,Negeri,Kec. Sukadana,120709,Kab. Lampung Timur,120700,Prov. Lampung,120000,7,3,150,6,6,0,1,11,08 Apr 2026 06:44:33,D947FD59D23FF6B9BE4B
UPTD SD NEGERI 4 SUKADANA PASAR,10805636,SD,Negeri,Kec. Sukadana,120709,Kab. Lampung Timur,120700,Prov. Lampung,120000,8,3,91,6,8,0,1,22,13 Apr 2026 11:15:04,BC2046DEA3047978F849
UPTD SD NEGERI 5 PAKUAN AJI,10805724,SD,Negeri,Kec. Sukadana,120709,Kab. Lampung Timur,120700,Prov. Lampung,120000,9,3,84,6,6,0,1,32,02 Apr 2026 14:42:00,964E36ED0F2205EF3427
UPTD SD NEGERI 5 SUKADANA,10805720,SD,Negeri,Kec. Sukadana,120709,Kab. Lampung Timur,120700,Prov. Lampung,120000,9,1,78,6,6,0,1,6,28 Feb 2026 05:18:55,81B661623B450E381298
UPTD SD NEGERI 5 SUKADANA PASAR,10805719,SD,Negeri,Kec. Sukadana,120709,Kab. Lampung Timur,120700,Prov. Lampung,120000,20,6,438,16,12,0,1,15,10 Apr 2026 08:21:48,FA5A8CB6905DBB19175F
UPTD SD NEGERI 6 PAKUAN AJI,10809387,SD,Negeri,Kec. Sukadana,120709,Kab. Lampung Timur,120700,Prov. Lampung,120000,11,1,266,12,10,0,0,13,01 May 2026 21:41:39,BFB62708066366C48749
UPTD SD NEGERI BUMI NABUNG UDIK,10805730,SD,Negeri,Kec. Sukadana,120709,Kab. Lampung Timur,120700,Prov. Lampung,120000,7,4,88,6,6,0,1,18,24 Apr 2026 10:01:07,6A2D7A89F3442B69B1EA
UPTD SD NEGERI PUTRA AJI 2,10805703,SD,Negeri,Kec. Sukadana,120709,Kab. Lampung Timur,120700,Prov. Lampung,120000,8,1,55,6,5,0,0,10,04 Mar 2026 05:09:26,71BB410A90C1B7E66798
UPTD SD NEGERI RAJA BASA,10805702,SD,Negeri,Kec. Sukadana,120709,Kab. Lampung Timur,120700,Prov. Lampung,120000,7,3,76,6,6,0,1,26,23 Apr 2026 13:36:35,144DECCDFD4BA0F2C37C
UPTD SD NEGERI SUKADANA TIMUR,10806016,SD,Negeri,Kec. Sukadana,120709,Kab. Lampung Timur,120700,Prov. Lampung,120000,11,0,173,8,7,1,1,12,16 Apr 2026 16:02:07,62FFC43F396BFAA6B1CB
UPTD SD NEGERI TERBANGGI MARGA,10809391,SD,Negeri,Kec. Sukadana,120709,Kab. Lampung Timur,120700,Prov. Lampung,120000,8,0,77,6,7,0,1,16,04 Apr 2026 14:34:21,1AD09B082AA80766BBF8
SD AL-QURAN DARURROHMAH,70048761,SD,Swasta,Kec. Sukadana,120709,Kab. Lampung Timur,120700,Prov. Lampung,120000,7,1,142,7,8,0,0,9,24 Apr 2026 21:27:30,9D31CEF962340C9EB04B
SD ISLAM AL-FURQON SUKADANA ILIR,70008695,SD,Swasta,Kec. Sukadana,120709,Kab. Lampung Timur,120700,Prov. Lampung,120000,9,1,119,6,6,0,0,21,16 Apr 2026 11:27:47,133CE64292890353C80D
UPTD SMP NEGERI 1 SUKADANA,10805932,SMP,Negeri,Kec. Sukadana,120709,Kab. Lampung Timur,120700,Prov. Lampung,120000,36,10,660,21,24,3,1,23,28 Apr 2026 20:20:17,92F7E14C448206E63D1B
UPTD SMP NEGERI 2 SUKADANA,10805946,SMP,Negeri,Kec. Sukadana,120709,Kab. Lampung Timur,120700,Prov. Lampung,120000,25,5,365,13,17,2,1,19,29 Apr 2026 10:44:40,0CF945447417D1A76364
UPTD SMP NEGERI 3 SUKADANA,10810865,SMP,Negeri,Kec. Sukadana,120709,Kab. Lampung Timur,120700,Prov. Lampung,120000,9,2,45,3,12,4,1,30,30 Apr 2026 16:37:52,3E8695712CC58989AEE9
SMP ISLAM ROUDOTUL FALAKH,10806042,SMP,Swasta,Kec. Sukadana,120709,Kab. Lampung Timur,120700,Prov. Lampung,120000,8,3,164,6,6,1,1,22,18 Apr 2026 21:06:10,E9530551AF43B03A4CBD
SMP IT DAARUL HAMDI,69990127,SMP,Swasta,Kec. Sukadana,120709,Kab. Lampung Timur,120700,Prov. Lampung,120000,3,5,35,3,3,1,1,17,12 Apr 2026 04:24:18,BB2128EE10BE7CD5B2DC
SMP KARYA BHAKTI,69921521,SMP,Swasta,Kec. Sukadana,120709,Kab. Lampung Timur,120700,Prov. Lampung,120000,7,2,115,5,5,1,1,8,26 Feb 2026 05:26:32,AD5484B8E37AA1955273
SMP PGRI 1 SUKADANA,10805891,SMP,Swasta,Kec. Sukadana,120709,Kab. Lampung Timur,120700,Prov. Lampung,120000,7,3,118,6,6,2,1,14,11 Apr 2026 19:54:37,0D4ED045594092F79FF3
SMP PGRI 2 SUKADANA,10805874,SMP,Swasta,Kec. Sukadana,120709,Kab. Lampung Timur,120700,Prov. Lampung,120000,15,1,241,9,9,2,1,21,23 Apr 2026 08:33:28,9B7A6F549557583EF75E
SMPS ISLAM BANI HASAN TONAWI,69769395,SMP,Swasta,Kec. Sukadana,120709,Kab. Lampung Timur,120700,Prov. Lampung,120000,8,2,101,5,5,1,0,9,11 Apr 2026 11:28:22,8BDDD7D4FD7D7A79DFD8
SMPS MAARIF NU 04 DARURROHMAH,69769394,SMP,Swasta,Kec. Sukadana,120709,Kab. Lampung Timur,120700,Prov. Lampung,120000,9,1,166,6,6,1,1,9,10 Apr 2026 10:44:44,75E26B27A2010A85962B
SMAN 1 SUKADANA,10814058,SMA,Negeri,Kec. Sukadana,120709,Kab. Lampung Timur,120700,Prov. Lampung,120000,46,19,613,19,20,5,1,61,23 Apr 2026 08:40:07,501F4E532020F8A80F2E
SMA IT DAARUL HAMDI,69954764,SMA,Swasta,Kec. Sukadana,120709,Kab. Lampung Timur,120700,Prov. Lampung,120000,1,1,35,3,4,1,1,12,12 Apr 2026 04:36:24,C31F9A1068E3A71B6E90
SMKN 1 SUKADANA,10814099,SMK,Negeri,Kec. Sukadana,120709,Kab. Lampung Timur,120700,Prov. Lampung,120000,58,18,754,30,30,4,1,83,29 Apr 2026 09:02:20,264AB5E16B933D813CBB
SMK Islam Bani Hasan Tonawi,69981949,SMK,Swasta,Kec. Sukadana,120709,Kab. Lampung Timur,120700,Prov. Lampung,120000,10,3,37,3,3,1,1,29,27 Apr 2026 10:48:31,0C128A538294FBD4D46E
SMKS ISLAM ROUDLOTUL FALAH,10814610,SMK,Swasta,Kec. Sukadana,120709,Kab. Lampung Timur,120700,Prov. Lampung,120000,6,1,49,6,6,1,1,32,22 Apr 2026 11:24:03,1ABDF2082BBC2383546A
SMKS MAARIF NU 4 DARURROHMAH,10814085,SMK,Swasta,Kec. Sukadana,120709,Kab. Lampung Timur,120700,Prov. Lampung,120000,11,2,133,9,9,2,1,11,03 Mar 2026 08:09:15,C742A34FEA710217EA5A
UPTD SD NEGERI 1 KARANG ANYAR,10806504,SD,Negeri,Kec. Labuhan Maringgai,120707,Kab. Lampung Timur,120700,Prov. Lampung,120000,13,3,164,9,13,0,0,16,23 Apr 2026 10:18:39,F3DF3D47E11DFDE38008
UPTD SD NEGERI 1 LABUHAN MARINGGAI,10806498,SD,Negeri,Kec. Labuhan Maringgai,120707,Kab. Lampung Timur,120700,Prov. Lampung,120000,9,1,131,6,10,1,1,11,10 Apr 2026 08:56:03,B235D74E1392C79FA8A6
UPTD SD NEGERI 1 MARGASARI,10806461,SD,Negeri,Kec. Labuhan Maringgai,120707,Kab. Lampung Timur,120700,Prov. Lampung,120000,14,1,334,12,12,0,1,31,06 Apr 2026 12:04:16,4B168C1502A14647FFD5
UPTD SD NEGERI 1 MUARA GADING MAS,10806455,SD,Negeri,Kec. Labuhan Maringgai,120707,Kab. Lampung Timur,120700,Prov. Lampung,120000,7,1,141,6,7,0,0,17,28 Mar 2026 09:45:04,513463CE004019A1387B
UPTD SD NEGERI 1 SRI GADING,10806560,SD,Negeri,Kec. Labuhan Maringgai,120707,Kab. Lampung Timur,120700,Prov. Lampung,120000,25,5,477,19,18,0,1,21,30 Apr 2026 09:10:42,53C674802B1C13A0429A
UPTD SD NEGERI 1 SRIMINOSARI,10806558,SD,Negeri,Kec. Labuhan Maringgai,120707,Kab. Lampung Timur,120700,Prov. Lampung,120000,15,1,228,11,9,0,1,13,08 Apr 2026 08:19:21,1449C7C207C1DBCB8C5B
UPTD SD NEGERI 2 KARANG ANYAR,10806429,SD,Negeri,Kec. Labuhan Maringgai,120707,Kab. Lampung Timur,120700,Prov. Lampung,120000,16,5,341,12,12,0,1,39,01 May 2026 22:10:29,CC9BDCFC9F94A7000E47
UPTD SD NEGERI 2 LABUHAN MARINGGAI,10806424,SD,Negeri,Kec. Labuhan Maringgai,120707,Kab. Lampung Timur,120700,Prov. Lampung,120000,8,3,72,6,9,0,0,26,22 Apr 2026 09:51:28,11276F2BC080C9609F2E
UPTD SD NEGERI 2 MARGASARI,10806442,SD,Negeri,Kec. Labuhan Maringgai,120707,Kab. Lampung Timur,120700,Prov. Lampung,120000,11,2,195,10,9,0,1,19,18 Apr 2026 20:52:00,732F6F02C404477C8A7D
UPTD SD NEGERI 2 MUARA GADING MAS,10806437,SD,Negeri,Kec. Labuhan Maringgai,120707,Kab. Lampung Timur,120700,Prov. Lampung,120000,24,1,395,17,9,0,1,15,04 Apr 2026 07:53:12,CAB34FADC11C5CDD67EC
UPTD SD NEGERI 2 SRI GADING,10805776,SD,Negeri,Kec. Labuhan Maringgai,120707,Kab. Lampung Timur,120700,Prov. Lampung,120000,15,1,218,11,12,0,1,14,13 Apr 2026 23:05:14,2E5C60839CD6BCC099F4
UPTD SD NEGERI 2 SRIMINOSARI,10805774,SD,Negeri,Kec. Labuhan Maringgai,120707,Kab. Lampung Timur,120700,Prov. Lampung,120000,9,3,201,10,7,1,1,16,23 Apr 2026 11:29:23,B1F237097C8A22403E69
UPTD SD NEGERI 3 LABUHAN MARINGGAI,10805847,SD,Negeri,Kec. Labuhan Maringgai,120707,Kab. Lampung Timur,120700,Prov. Lampung,120000,13,2,228,12,9,0,0,40,28 Apr 2026 14:02:06,369062E2AA0897D0AB97
UPTD SD NEGERI 3 MARGASARI,10805815,SD,Negeri,Kec. Labuhan Maringgai,120707,Kab. Lampung Timur,120700,Prov. Lampung,120000,9,2,142,7,6,0,1,10,14 Apr 2026 05:17:54,2376E27588E90B328DFA
UPTD SD NEGERI 3 MUARA GADING MAS,10805811,SD,Negeri,Kec. Labuhan Maringgai,120707,Kab. Lampung Timur,120700,Prov. Lampung,120000,8,1,101,6,6,0,0,37,28 Apr 2026 13:25:09,D0DDDB9AE19559A60BB4
UPTD SD NEGERI 3 SRIMINOSARI,10805655,SD,Negeri,Kec. Labuhan Maringgai,120707,Kab. Lampung Timur,120700,Prov. Lampung,120000,16,0,305,12,18,0,1,10,04 Apr 2026 07:57:40,1D36F5BB3F9E80B35EFE
UPTD SD NEGERI 4 LABUHAN MARINGGAI,10805626,SD,Negeri,Kec. Labuhan Maringgai,120707,Kab. Lampung Timur,120700,Prov. Lampung,120000,7,2,88,6,6,1,0,19,23 Apr 2026 18:23:12,BAFDE4C8CFE29EE08934
UPTD SD NEGERI 4 MARGASARI,10805623,SD,Negeri,Kec. Labuhan Maringgai,120707,Kab. Lampung Timur,120700,Prov. Lampung,120000,13,1,122,8,6,0,0,20,03 Mar 2026 08:02:10,C509C1A1170CBA221554
UPTD SD NEGERI 4 MUARA GADING MAS,10809382,SD,Negeri,Kec. Labuhan Maringgai,120707,Kab. Lampung Timur,120700,Prov. Lampung,120000,7,1,50,6,6,0,0,13,15 Apr 2026 08:00:12,30C47920433F80684F69
UPTD SD NEGERI 5 LABUHAN MARINGGAI,10809385,SD,Negeri,Kec. Labuhan Maringgai,120707,Kab. Lampung Timur,120700,Prov. Lampung,120000,17,1,312,12,12,0,1,45,17 Apr 2026 09:05:07,B6B0162EE437A5BAE3FC
UPTD SD NEGERI 5 MUARA GADING MAS,10805725,SD,Negeri,Kec. Labuhan Maringgai,120707,Kab. Lampung Timur,120700,Prov. Lampung,120000,8,3,163,6,6,0,1,18,07 Apr 2026 10:56:27,25B47B27970D093AAF4D
UPTD SD NEGERI BANDAR NEGERI,10805740,SD,Negeri,Kec. Labuhan Maringgai,120707,Kab. Lampung Timur,120700,Prov. Lampung,120000,16,2,310,12,9,0,1,22,15 Apr 2026 21:46:24,5DBDC70B3B74C9E23B0E
UPTD SD NEGERI KARYA MAKMUR,10805696,SD,Negeri,Kec. Labuhan Maringgai,120707,Kab. Lampung Timur,120700,Prov. Lampung,120000,14,3,280,12,13,1,1,7,15 Apr 2026 17:42:19,98AA46824F87C2299EC5
UPTD SD NEGERI KARYA TANI,10805695,SD,Negeri,Kec. Labuhan Maringgai,120707,Kab. Lampung Timur,120700,Prov. Lampung,120000,14,0,231,12,10,0,2,30,02 Mar 2026 19:36:13,CF516C963410C9F1CC78
UPTD SD NEGERI MARINGGAI,10805686,SD,Negeri,Kec. Labuhan Maringgai,120707,Kab. Lampung Timur,120700,Prov. Lampung,120000,5,3,37,6,6,0,0,16,22 Apr 2026 17:05:52,9FEE214E01BFAF5AC913
UPTD SD NEGERI SUKORAHAYU,10806015,SD,Negeri,Kec. Labuhan Maringgai,120707,Kab. Lampung Timur,120700,Prov. Lampung,120000,16,2,438,14,11,0,1,19,11 Mar 2026 05:38:10,8D273D98B14C571A740F
SD ALQURAN MAFATIHUL HUDA,70061709,SD,Swasta,Kec. Labuhan Maringgai,120707,Kab. Lampung Timur,120700,Prov. Lampung,120000,7,1,13,5,6,0,0,33,26 Apr 2026 17:58:11,290B486A7D5F06DC1DC7
SDIT MADANI,69966713,SD,Swasta,Kec. Labuhan Maringgai,120707,Kab. Lampung Timur,120700,Prov. Lampung,120000,15,2,248,12,13,1,1,7,04 Mar 2026 09:31:37,7493FCB9DB7CDAF579E2
SDS ISLAM PLUS MAARIF 2 NURUL HUDA,69772967,SD,Swasta,Kec. Labuhan Maringgai,120707,Kab. Lampung Timur,120700,Prov. Lampung,120000,11,1,334,13,13,0,0,11,11 Apr 2026 21:09:45,933C0CAFA9BE9AAE7C30
SDS ISLAM PLUS MAARIF 3 AL HIKMAH,69772968,SD,Swasta,Kec. Labuhan Maringgai,120707,Kab. Lampung Timur,120700,Prov. Lampung,120000,8,3,117,6,7,1,1,8,10 Apr 2026 16:33:14,5987E050DADBF8769DAD
UPTD SMP NEGERI 1 LABUHAN MARINGGAI,10805970,SMP,Negeri,Kec. Labuhan Maringgai,120707,Kab. Lampung Timur,120700,Prov. Lampung,120000,32,6,655,21,19,2,1,29,19 Apr 2026 16:11:20,C969E3B65BDD8446C857
UPTD SMP NEGERI 2 LABUHAN MARINGGAI,10805940,SMP,Negeri,Kec. Labuhan Maringgai,120707,Kab. Lampung Timur,120700,Prov. Lampung,120000,38,5,635,20,20,2,1,34,22 Apr 2026 19:12:58,CC6A2F56CC02E13ED5EB
SMP CIPTA KARYA LAB. MARINGGAI,10806048,SMP,Swasta,Kec. Labuhan Maringgai,120707,Kab. Lampung Timur,120700,Prov. Lampung,120000,8,2,87,4,9,2,1,21,24 Apr 2026 15:19:58,041E1BD827A1998AC64E
SMP IP DARUT TAQWA KARANG ANYAR,70004719,SMP,Swasta,Kec. Labuhan Maringgai,120707,Kab. Lampung Timur,120700,Prov. Lampung,120000,10,4,159,7,6,0,1,19,10 Apr 2026 23:32:05,48AF50AC06E6D2D38760
SMP ISLAM NURUL IMAN,10805897,SMP,Swasta,Kec. Labuhan Maringgai,120707,Kab. Lampung Timur,120700,Prov. Lampung,120000,10,2,287,10,10,1,1,14,17 Apr 2026 11:22:04,3BC6E42A9040AD034F2D
SMP MAARIF 03 LABUHAN MARINGGAI,10806060,SMP,Swasta,Kec. Labuhan Maringgai,120707,Kab. Lampung Timur,120700,Prov. Lampung,120000,8,1,149,6,6,2,0,25,22 Apr 2026 10:38:34,C16ACD7C3AB732BBC072
SMP MAMBAUL ISHLAH,70034386,SMP,Swasta,Kec. Labuhan Maringgai,120707,Kab. Lampung Timur,120700,Prov. Lampung,120000,6,3,53,3,3,0,0,8,02 Mar 2026 23:49:19,72C716175E8630E984E3
SMP MUHAMMADIYAH 1 LABUHAN MARINGGAI,10805901,SMP,Swasta,Kec. Labuhan Maringgai,120707,Kab. Lampung Timur,120700,Prov. Lampung,120000,16,1,225,7,8,2,1,12,18 Apr 2026 19:42:53,DC76339AE36162C9D58A
SMP PGRI 1 LABUHAN MARINGGAI,10811881,SMP,Swasta,Kec. Labuhan Maringgai,120707,Kab. Lampung Timur,120700,Prov. Lampung,120000,8,3,113,5,9,2,1,8,28 Apr 2026 09:24:36,18831DFCC3E6D635F0F3
SMP PLUS MANBAUL ULUM,70014735,SMP,Swasta,Kec. Labuhan Maringgai,120707,Kab. Lampung Timur,120700,Prov. Lampung,120000,6,1,92,3,3,0,0,14,19 Mar 2026 08:41:37,72EAC4418E5E1E50D081
SMAN 1 LABUHAN MARINGGAI,10805995,SMA,Negeri,Kec. Labuhan Maringgai,120707,Kab. Lampung Timur,120700,Prov. Lampung,120000,49,8,701,21,17,5,1,25,27 Apr 2026 07:34:19,1AC8E8257E7A015B7A33
SMK Negeri 1 Labuhan Maringgai,69963666,SMK,Negeri,Kec. Labuhan Maringgai,120707,Kab. Lampung Timur,120700,Prov. Lampung,120000,38,3,415,16,18,1,1,28,30 Apr 2026 21:11:39,C18E0C3EA62A3FCE3308
SMK MAARIF NU 9 RADEN INTAN LABUHAN MARINGGAI,69923535,SMK,Swasta,Kec. Labuhan Maringgai,120707,Kab. Lampung Timur,120700,Prov. Lampung,120000,3,1,117,6,6,7,3,6,10 Mar 2026 09:42:00,72E758DDDC4FE0707B3D
SMKS DARUL HIDAYAH,10814072,SMK,Swasta,Kec. Labuhan Maringgai,120707,Kab. Lampung Timur,120700,Prov. Lampung,120000,26,3,206,10,11,2,1,23,29 Apr 2026 22:35:56,5CCF7CF6C2A9B8FBB351
SMKS ISLAM NURUL IMAN,10814077,SMK,Swasta,Kec. Labuhan Maringgai,120707,Kab. Lampung Timur,120700,Prov. Lampung,120000,5,4,138,8,9,2,1,8,23 Apr 2026 10:53:10,3101C4DEBCD69B6B6E39
SMKS MUHAMMADIYAH 1 LABUHAN MARINGGAI,69828965,SMK,Swasta,Kec. Labuhan Maringgai,120707,Kab. Lampung Timur,120700,Prov. Lampung,120000,10,6,135,8,9,2,1,15,03 Mar 2026 04:44:49,F423B3248D0D244AA623
UPTD SD NEGERI 1 BRAJA CAKA,10806170,SD,Negeri,Kec. Way Jepara,120708,Kab. Lampung Timur,120700,Prov. Lampung,120000,11,0,186,9,12,0,1,19,02 Apr 2026 11:08:28,BA2D54792A2195910D51
UPTD SD NEGERI 1 BRAJA SAKTI,10806179,SD,Negeri,Kec. Way Jepara,120708,Kab. Lampung Timur,120700,Prov. Lampung,120000,15,1,240,12,13,1,1,23,24 Apr 2026 07:52:56,128230C0C17C10DD1232
UPTD SD NEGERI 1 LABUHAN RATU DANAU,10806422,SD,Negeri,Kec. Way Jepara,120708,Kab. Lampung Timur,120700,Prov. Lampung,120000,6,0,31,6,6,0,0,6,01 Apr 2026 23:49:54,70D2602EBCAE141CDBDD
UPTD SD NEGERI 1 LABUHAN RATU DUA,10806496,SD,Negeri,Kec. Way Jepara,120708,Kab. Lampung Timur,120700,Prov. Lampung,120000,19,1,349,12,13,0,1,21,11 Apr 2026 10:37:42,5265C5C29550C4BD5B5D
UPTD SD NEGERI 1 LABUHAN RATU SATU,10809346,SD,Negeri,Kec. Way Jepara,120708,Kab. Lampung Timur,120700,Prov. Lampung,120000,8,0,100,6,6,0,1,16,18 Apr 2026 11:02:01,85BDACAF2177C4F76598
UPTD SD NEGERI 1 SUMBERJO,10806513,SD,Negeri,Kec. Way Jepara,120708,Kab. Lampung Timur,120700,Prov. Lampung,120000,9,1,112,6,9,0,1,5,06 Feb 2026 22:10:40,4C3937E2F0010809C98B
UPTD SD NEGERI 2 BRAJA CAKA,10806344,SD,Negeri,Kec. Way Jepara,120708,Kab. Lampung Timur,120700,Prov. Lampung,120000,8,1,61,6,6,0,0,18,13 Apr 2026 10:30:20,96882F832A63F8DF9173
UPTD SD NEGERI 2 BRAJA SAKTI,10806340,SD,Negeri,Kec. Way Jepara,120708,Kab. Lampung Timur,120700,Prov. Lampung,120000,7,0,100,6,6,0,1,11,04 Mar 2026 08:17:04,E422428F49CF6182CF41
UPTD SD NEGERI 2 JEPARA,10806432,SD,Negeri,Kec. Way Jepara,120708,Kab. Lampung Timur,120700,Prov. Lampung,120000,10,0,135,7,10,0,1,21,16 Apr 2026 18:17:55,DD5D0CD2CB8AD5725061
UPTD SD NEGERI 2 LABUHAN RATU I,10806433,SD,Negeri,Kec. Way Jepara,120708,Kab. Lampung Timur,120700,Prov. Lampung,120000,9,1,184,7,8,0,1,19,28 Apr 2026 22:10:45,04B85C8F0CA04C662399
UPTD SD NEGERI 3 BRAJA SAKTI,10805838,SD,Negeri,Kec. Way Jepara,120708,Kab. Lampung Timur,120700,Prov. Lampung,120000,7,1,107,6,6,0,1,25,22 Apr 2026 12:18:32,4DE6937DDE0FE5EC1765
UPTD SD NEGERI 3 JEPARA,10805852,SD,Negeri,Kec. Way Jepara,120708,Kab. Lampung Timur,120700,Prov. Lampung,120000,9,0,116,6,6,0,1,9,13 Apr 2026 06:09:32,451BFCDC34D3E859DFC3
UPTD SD NEGERI 3 LABUHAN RATU DUA,10805831,SD,Negeri,Kec. Way Jepara,120708,Kab. Lampung Timur,120700,Prov. Lampung,120000,6,0,82,6,6,0,0,9,29 Apr 2026 19:08:01,058A34EF778C854CDFAC
UPTD SD NEGERI 3 LABUHAN RATU I,10805848,SD,Negeri,Kec. Way Jepara,120708,Kab. Lampung Timur,120700,Prov. Lampung,120000,8,0,149,6,7,0,0,28,10 Apr 2026 18:46:47,C05FDD6E1FEC79E825EF
UPTD SD NEGERI 3 SUMBERREJO,10805650,SD,Negeri,Kec. Way Jepara,120708,Kab. Lampung Timur,120700,Prov. Lampung,120000,8,1,36,6,6,0,1,14,05 Apr 2026 20:53:56,7B23A38EF3FD5CCC38FD
UPTD SD NEGERI 4 BRAJA SAKTI,10805661,SD,Negeri,Kec. Way Jepara,120708,Kab. Lampung Timur,120700,Prov. Lampung,120000,8,0,82,6,6,0,1,34,15 Mar 2026 13:41:44,D19E9D1DCA296FDB3E79
UPTD SD NEGERI 4 LABUHAN RATU I,10805625,SD,Negeri,Kec. Way Jepara,120708,Kab. Lampung Timur,120700,Prov. Lampung,120000,9,1,132,6,6,0,0,12,21 Apr 2026 10:59:52,F312EC0B939CAF4ED84E
UPTD SD NEGERI BRAJA ASRI,10805736,SD,Negeri,Kec. Way Jepara,120708,Kab. Lampung Timur,120700,Prov. Lampung,120000,16,3,191,11,10,0,1,48,02 May 2026 13:15:14,1C20B7DB30F1813C65C5
UPTD SD NEGERI BRAJA DEWA,10805735,SD,Negeri,Kec. Way Jepara,120708,Kab. Lampung Timur,120700,Prov. Lampung,120000,10,0,190,8,6,0,0,27,27 Mar 2026 12:29:04,E172CEE4B33F0B3E7902
UPTD SD NEGERI BRAJA EMAS,10805734,SD,Negeri,Kec. Way Jepara,120708,Kab. Lampung Timur,120700,Prov. Lampung,120000,8,1,191,7,7,0,1,25,20 Apr 2026 08:32:27,F58AA349DC47834F2451
UPTD SD NEGERI BRAJA FAJAR,10805733,SD,Negeri,Kec. Way Jepara,120708,Kab. Lampung Timur,120700,Prov. Lampung,120000,10,1,172,8,8,0,1,8,04 Apr 2026 22:20:39,ACF21971388304FE8C59
UPTD SD NEGERI SRI REJOSARI,10806018,SD,Negeri,Kec. Way Jepara,120708,Kab. Lampung Timur,120700,Prov. Lampung,120000,8,0,98,6,7,0,1,52,25 Apr 2026 20:44:48,537915A1A2FC872DE38D
UPTD SD NEGERI SRIWANGI,10806017,SD,Negeri,Kec. Way Jepara,120708,Kab. Lampung Timur,120700,Prov. Lampung,120000,8,1,116,6,6,0,1,8,30 Apr 2026 08:42:52,D1A683FC58ACFB2F7209
UPTD SD NEGERI SUMUR BANDUNG,10806014,SD,Negeri,Kec. Way Jepara,120708,Kab. Lampung Timur,120700,Prov. Lampung,120000,8,0,173,7,6,2,1,8,17 Mar 2026 11:56:04,04F5FE39EBBF78109F2A
SD AL QURAN MINHAJUTH THULLAB,69889010,SD,Swasta,Kec. Way Jepara,120708,Kab. Lampung Timur,120700,Prov. Lampung,120000,12,2,179,8,8,1,1,41,25 Apr 2026 13:08:01,605222EDEE4C628F93AE
SD ALAM AZZAHRA WAY JEPARA,69989962,SD,Swasta,Kec. Way Jepara,120708,Kab. Lampung Timur,120700,Prov. Lampung,120000,10,3,223,9,10,0,0,19,22 Apr 2026 09:09:34,8FDBD73F31A15A162110
SD ISLAM TERPADU BAITUL MUSLIM,10809393,SD,Swasta,Kec. Way Jepara,120708,Kab. Lampung Timur,120700,Prov. Lampung,120000,29,3,523,21,21,1,1,58,18 Apr 2026 13:09:44,94D4A0F791ADFF29E5B3
SD TAHFIDHUL QURAN IBAADURRAHMAAN,69987774,SD,Swasta,Kec. Way Jepara,120708,Kab. Lampung Timur,120700,Prov. Lampung,120000,6,4,266,7,8,0,1,17,28 Apr 2026 00:04:35,8F6CE61B72B913850C43
SD TAHFIDZUL QURAN AL MANNAN,69900835,SD,Swasta,Kec. Way Jepara,120708,Kab. Lampung Timur,120700,Prov. Lampung,120000,8,1,73,6,6,0,0,12,29 Jan 2026 02:28:22,51301924CF3D888EEFC4
UPTD SMP NEGERI 1 WAY JEPARA,10805929,SMP,Negeri,Kec. Way Jepara,120708,Kab. Lampung Timur,120700,Prov. Lampung,120000,51,8,1019,32,30,3,1,21,07 Apr 2026 20:18:22,E4C8998EA6C0076AF7D4
UPTD SMP NEGERI 2 WAY JEPARA,10811017,SMP,Negeri,Kec. Way Jepara,120708,Kab. Lampung Timur,120700,Prov. Lampung,120000,25,4,441,15,15,1,1,12,16 Apr 2026 13:01:12,CDB3BF163B901C65C32C
UPTD SMP NEGERI 3 WAY JEPARA,10812401,SMP,Negeri,Kec. Way Jepara,120708,Kab. Lampung Timur,120700,Prov. Lampung,120000,20,4,281,11,9,3,1,26,29 Apr 2026 10:02:47,FD75CAF5820A4F0FDB79
SMP AL ISLAM WAY JEPARA,10806051,SMP,Swasta,Kec. Way Jepara,120708,Kab. Lampung Timur,120700,Prov. Lampung,120000,12,1,29,3,5,2,1,14,15 Apr 2026 01:34:17,B57463FED92288F6FD01
SMP AL SHIDDIQI,70012699,SMP,Swasta,Kec. Way Jepara,120708,Kab. Lampung Timur,120700,Prov. Lampung,120000,4,4,127,6,6,1,1,7,06 Feb 2026 10:14:57,178F8ECB38BC81EE35DE
SMP DARUSSALAMAH DIGITAL TECHNOLOGY BOARDING SCHOOL,70007925,SMP,Swasta,Kec. Way Jepara,120708,Kab. Lampung Timur,120700,Prov. Lampung,120000,16,1,538,16,16,0,1,21,26 Apr 2026 19:45:41,7ED8FA3DB4EB9FFC5B18
SMP INFORMATIKA GOLDEN STAR,69921520,SMP,Swasta,Kec. Way Jepara,120708,Kab. Lampung Timur,120700,Prov. Lampung,120000,8,1,134,6,6,1,1,11,18 Apr 2026 08:23:01,DA7F10D895668480C443
SMP INTEGRAL MINHAJUTH THULLAB WAY JEPARA,10811855,SMP,Swasta,Kec. Way Jepara,120708,Kab. Lampung Timur,120700,Prov. Lampung,120000,10,1,97,5,8,1,1,17,26 Apr 2026 21:47:45,5023AAD448D54B08FE75
SMP ISLAM TERPADU BAITUL MUSLIM,10813988,SMP,Swasta,Kec. Way Jepara,120708,Kab. Lampung Timur,120700,Prov. Lampung,120000,30,5,434,16,17,1,2,27,29 Apr 2026 09:43:10,8AFC2C855295B227F318
SMP ISLAM YPI 3 WAY JEPARA,10806052,SMP,Swasta,Kec. Way Jepara,120708,Kab. Lampung Timur,120700,Prov. Lampung,120000,24,6,452,14,16,2,1,23,17 Apr 2026 08:22:54,95ED80BA2E84507B18C2
SMP MAARIF 9 WAY JEPARA,10806058,SMP,Swasta,Kec. Way Jepara,120708,Kab. Lampung Timur,120700,Prov. Lampung,120000,8,1,274,9,11,2,1,39,23 Apr 2026 15:55:08,42B26AD3BA573FBE6E96
SMP MUHAMMADIYAH 1 WAY JEPARA,10806039,SMP,Swasta,Kec. Way Jepara,120708,Kab. Lampung Timur,120700,Prov. Lampung,120000,5,1,44,3,3,3,1,26,30 Apr 2026 07:45:10,61991B43956CF8E6DC9C
SMP MUHAMMADIYAH 2 WAY JEPARA,10805918,SMP,Swasta,Kec. Way Jepara,120708,Kab. Lampung Timur,120700,Prov. Lampung,120000,8,2,39,3,3,1,1,31,30 Apr 2026 08:18:35,0E4A3E3952E96E4039F8
SMP PGRI 1 WAY JEPARA,10805872,SMP,Swasta,Kec. Way Jepara,120708,Kab. Lampung Timur,120700,Prov. Lampung,120000,4,1,16,3,3,1,1,8,10 Apr 2026 08:46:50,5F047C96BF3D7264D4AA
SMP QURAN AL-JALALIYAH,70035066,SMP,Swasta,Kec. Way Jepara,120708,Kab. Lampung Timur,120700,Prov. Lampung,120000,7,1,70,3,3,0,0,13,04 Apr 2026 10:08:39,6D6B18AD7B235283F008
SMP TAHFIDHUL QURAN IBAADURRAHMAAN,69987775,SMP,Swasta,Kec. Way Jepara,120708,Kab. Lampung Timur,120700,Prov. Lampung,120000,7,1,134,6,6,0,1,17,02 May 2026 13:12:33,9BE3031A30A34460B3B4
SMP TAHFIDZUL QURAN AL MANNAN,69900833,SMP,Swasta,Kec. Way Jepara,120708,Kab. Lampung Timur,120700,Prov. Lampung,120000,6,1,21,3,5,1,1,22,11 Apr 2026 20:49:28,8A78C1CAC0E3974DBEAF
SMAN 1 WAY JEPARA,10806077,SMA,Negeri,Kec. Way Jepara,120708,Kab. Lampung Timur,120700,Prov. Lampung,120000,63,11,1048,30,30,5,1,51,29 Apr 2026 14:53:15,AB1F14CDEED5AB38C0DE
SMA DARUSSALAMAH DIGITAL TECHNOLOGY BOARDING SCHOOL,70038510,SMA,Swasta,Kec. Way Jepara,120708,Kab. Lampung Timur,120700,Prov. Lampung,120000,15,1,369,11,10,0,0,9,03 Apr 2026 05:56:34,B60D1037142C2E8828B7
SMA TAHFIDZUL QUR AN AL MANNAN,69950641,SMA,Swasta,Kec. Way Jepara,120708,Kab. Lampung Timur,120700,Prov. Lampung,120000,2,1,47,3,3,1,1,8,28 Apr 2026 14:55:59,CC785AD570EB4A841D4C
SMAS MINHAJUTTULAB,10814042,SMA,Swasta,Kec. Way Jepara,120708,Kab. Lampung Timur,120700,Prov. Lampung,120000,14,1,96,4,6,2,1,30,22 Apr 2026 15:58:21,E1558D9F6FB531623CA4
SMAS MUHAMMADIYAH 1 WAY JEPARA,10805985,SMA,Swasta,Kec. Way Jepara,120708,Kab. Lampung Timur,120700,Prov. Lampung,120000,8,5,72,3,6,2,1,56,30 Apr 2026 11:19:51,62C4F81174415C5E9F37
SMAS TELADAN WAY JEPARA,10806003,SMA,Swasta,Kec. Way Jepara,120708,Kab. Lampung Timur,120700,Prov. Lampung,120000,16,8,248,9,14,4,1,60,30 Apr 2026 14:39:14,CE0F39E174D2AF3A37B1
SMKS BUDI UTOMO 1 WAY JEPARA,10806071,SMK,Swasta,Kec. Way Jepara,120708,Kab. Lampung Timur,120700,Prov. Lampung,120000,26,5,395,13,8,2,1,21,06 Apr 2026 09:52:45,1208452EC8749DCFFA6C
SMKS BUDI UTOMO 2 WAY JEPARA,10814070,SMK,Swasta,Kec. Way Jepara,120708,Kab. Lampung Timur,120700,Prov. Lampung,120000,32,5,649,20,15,1,1,15,27 Apr 2026 09:19:38,8C87BF28E78DE7E950C6
SMKS ISLAM YPI 2 WAY JEPARA,10806082,SMK,Swasta,Kec. Way Jepara,120708,Kab. Lampung Timur,120700,Prov. Lampung,120000,45,5,702,25,25,1,1,47,29 Apr 2026 07:13:48,012846B170E5FEB74D2A
UPTD SD NEGERI 1 BANDAR AGUNG,10806161,SD,Negeri,Kec. Bandar Sribhawono,120717,Kab. Lampung Timur,120700,Prov. Lampung,120000,18,2,300,14,14,0,1,12,20 Apr 2026 09:02:56,B17DBFD76834D62C014C
UPTD SD NEGERI 1 SADAR SRIWIJAYA,10806541,SD,Negeri,Kec. Bandar Sribhawono,120717,Kab. Lampung Timur,120700,Prov. Lampung,120000,8,2,115,6,10,0,1,6,27 Jan 2026 10:23:14,EFFE5DF8A41A44D36FCA
UPTD SD NEGERI 1 SRI BHAWONO,10806561,SD,Negeri,Kec. Bandar Sribhawono,120717,Kab. Lampung Timur,120700,Prov. Lampung,120000,15,3,223,12,13,0,1,18,29 Apr 2026 10:35:07,3CC0D7B4629A3B174022
UPTD SD NEGERI 1 SRI PENDOWO,10806559,SD,Negeri,Kec. Bandar Sribhawono,120717,Kab. Lampung Timur,120700,Prov. Lampung,120000,10,1,96,6,7,0,1,7,14 Apr 2026 06:00:18,6E1A18F9BEA304BF19E1
UPTD SD NEGERI 2 BANDAR AGUNG,10806379,SD,Negeri,Kec. Bandar Sribhawono,120717,Kab. Lampung Timur,120700,Prov. Lampung,120000,17,1,309,13,14,0,0,25,09 Apr 2026 20:55:50,1A8E52697D4D441A18C8
UPTD SD NEGERI 2 SRI BHAWONO,10805778,SD,Negeri,Kec. Bandar Sribhawono,120717,Kab. Lampung Timur,120700,Prov. Lampung,120000,17,3,239,12,12,0,0,8,22 Apr 2026 09:09:08,A6CB929598FDBBC23D05
UPTD SD NEGERI 2 SRI PENDOWO,10805775,SD,Negeri,Kec. Bandar Sribhawono,120717,Kab. Lampung Timur,120700,Prov. Lampung,120000,10,0,134,7,7,0,1,12,10 Apr 2026 20:57:21,2285DB6F433FEBB888AD
UPTD SD NEGERI 3 BANDAR AGUNG,10805842,SD,Negeri,Kec. Bandar Sribhawono,120717,Kab. Lampung Timur,120700,Prov. Lampung,120000,15,1,236,12,12,0,1,9,17 Mar 2026 01:49:54,23782785B9BB099F4BFE
UPTD SD NEGERI 3 SADAR SRIWIJAYA,10805821,SD,Negeri,Kec. Bandar Sribhawono,120717,Kab. Lampung Timur,120700,Prov. Lampung,120000,9,1,59,6,6,0,0,31,04 Apr 2026 10:35:12,43588A5EA23B1859D7E9
UPTD SD NEGERI 3 SRI BHAWONO,10805657,SD,Negeri,Kec. Bandar Sribhawono,120717,Kab. Lampung Timur,120700,Prov. Lampung,120000,16,3,258,12,10,0,1,19,10 Apr 2026 14:42:03,9FCD9EFD2402D2B41332
UPTD SD NEGERI 3 SRI PENDOWO,10805656,SD,Negeri,Kec. Bandar Sribhawono,120717,Kab. Lampung Timur,120700,Prov. Lampung,120000,9,1,114,6,7,0,1,30,30 Apr 2026 07:41:55,0BB54B123708FC42AB71
UPTD SD NEGERI 4 BANDAR AGUNG,10811016,SD,Negeri,Kec. Bandar Sribhawono,120717,Kab. Lampung Timur,120700,Prov. Lampung,120000,15,1,235,10,12,0,1,13,14 Apr 2026 00:22:09,EE9200AD65BBA4D86E84
UPTD SD NEGERI 5 BANDAR AGUNG,10806183,SD,Negeri,Kec. Bandar Sribhawono,120717,Kab. Lampung Timur,120700,Prov. Lampung,120000,7,4,120,6,6,0,0,8,06 Mar 2026 11:14:15,9513D27AE7A1DEFAF2BB
UPTD SD NEGERI MEKARJAYA,10806406,SD,Negeri,Kec. Bandar Sribhawono,120717,Kab. Lampung Timur,120700,Prov. Lampung,120000,17,0,197,10,16,0,1,22,20 Apr 2026 09:27:17,D44F84F8A54C6A4DE1B8
UPTD SD NEGERI SRIMENANTI,10806019,SD,Negeri,Kec. Bandar Sribhawono,120717,Kab. Lampung Timur,120700,Prov. Lampung,120000,21,1,366,16,15,0,1,22,30 Apr 2026 21:06:40,4EA2EE0EFAC810920854
UPTD SD NEGERI WARINGIN JAYA,10806036,SD,Negeri,Kec. Bandar Sribhawono,120717,Kab. Lampung Timur,120700,Prov. Lampung,120000,10,1,148,7,12,0,1,23,11 Apr 2026 08:03:46,40DEDB3267313D2C50A7
SD AL-QURAN DAARUL FATAH,69971595,SD,Swasta,Kec. Bandar Sribhawono,120717,Kab. Lampung Timur,120700,Prov. Lampung,120000,28,3,481,20,24,0,1,33,15 Apr 2026 11:27:49,06544CE7092BA07CCB19
SD ISLAM BAITURRAHMAN BANDAR AGUNG,70004718,SD,Swasta,Kec. Bandar Sribhawono,120717,Kab. Lampung Timur,120700,Prov. Lampung,120000,6,5,136,6,6,0,1,23,16 Apr 2026 09:11:16,395A84EC3ADAC6D30994
SD ISLAM BEN TAQWA,70042096,SD,Swasta,Kec. Bandar Sribhawono,120717,Kab. Lampung Timur,120700,Prov. Lampung,120000,4,2,150,8,8,0,1,9,29 Apr 2026 10:54:43,6C87EB16238638CBED10
SD KRISTEN 4 SRIBHAWONO,10806210,SD,Swasta,Kec. Bandar Sribhawono,120717,Kab. Lampung Timur,120700,Prov. Lampung,120000,8,3,132,6,7,0,1,1,03 Mar 2026 19:40:50,40FE0DE1912C6176F24E
SD MUH SRI MENANTI,10806207,SD,Swasta,Kec. Bandar Sribhawono,120717,Kab. Lampung Timur,120700,Prov. Lampung,120000,8,2,139,6,7,0,1,8,07 Apr 2026 09:53:38,9C07248F0800D6CD0945
SD MUHAMMADIYAH SRIPENDOWO,69875546,SD,Swasta,Kec. Bandar Sribhawono,120717,Kab. Lampung Timur,120700,Prov. Lampung,120000,6,1,85,6,6,0,0,12,05 Mar 2026 18:18:51,8B3AF473A2C8E310B8AD
SD QURAN ROUDLOTUL HIDAYAH,70026582,SD,Swasta,Kec. Bandar Sribhawono,120717,Kab. Lampung Timur,120700,Prov. Lampung,120000,0,1,54,4,5,1,1,5,06 Feb 2026 19:06:24,DEFEADBC1CD26EFAE8F7
SD SWASTA TANJUNG SAKTI,10806203,SD,Swasta,Kec. Bandar Sribhawono,120717,Kab. Lampung Timur,120700,Prov. Lampung,120000,5,1,121,6,6,0,0,10,07 Mar 2026 23:08:26,3C2AB5A7914B73E8748B
SDIT DARUL ILMI WARINGIN JAYA,70000383,SD,Swasta,Kec. Bandar Sribhawono,120717,Kab. Lampung Timur,120700,Prov. Lampung,120000,11,1,170,7,7,0,0,22,03 Apr 2026 11:14:03,90D8266FFD6209F2F43B
UPTD SMP NEGERI 1 BANDAR SRIBHAWONO,10805952,SMP,Negeri,Kec. Bandar Sribhawono,120717,Kab. Lampung Timur,120700,Prov. Lampung,120000,50,8,877,28,28,5,2,50,29 Apr 2026 09:16:20,BFDC608446A453C742D9
SMP AL-QURAN DAARUL FATAH,70031122,SMP,Swasta,Kec. Bandar Sribhawono,120717,Kab. Lampung Timur,120700,Prov. Lampung,120000,5,3,96,4,4,0,0,35,07 Apr 2026 05:04:51,F787244BD07B45AA7DEF
SMP KOSGORO 1 BANDAR SRIBHAWONO,10806053,SMP,Swasta,Kec. Bandar Sribhawono,120717,Kab. Lampung Timur,120700,Prov. Lampung,120000,6,4,130,5,14,2,1,17,29 Apr 2026 13:46:50,12FB043DCB24041476C8
SMP KOSGORO 2 BANDAR SRIBAWONO,10806065,SMP,Swasta,Kec. Bandar Sribhawono,120717,Kab. Lampung Timur,120700,Prov. Lampung,120000,4,3,54,3,3,1,1,13,28 Apr 2026 21:48:53,AC6AC31A0C54C2FE2D3D
SMP MITRA BHAKTI BANDAR SRIBHAWONO,10806056,SMP,Swasta,Kec. Bandar Sribhawono,120717,Kab. Lampung Timur,120700,Prov. Lampung,120000,1,2,31,3,3,1,0,8,31 Jan 2026 09:07:03,B507D6367DB4CE0433D5
SMP MUHAMMADIYAH SRIBHAWONO,10805902,SMP,Swasta,Kec. Bandar Sribhawono,120717,Kab. Lampung Timur,120700,Prov. Lampung,120000,10,1,155,6,7,2,1,10,31 Mar 2026 09:24:47,B77B8F417A2B25FA4730
SMP PAGUYUBAN BANDAR SRIBHAWONO,10805896,SMP,Swasta,Kec. Bandar Sribhawono,120717,Kab. Lampung Timur,120700,Prov. Lampung,120000,11,3,274,9,7,2,1,13,27 Apr 2026 04:34:45,2A2464E8B8C4047D36CE
SMP PGRI 2 BANDAR SRIBHAWONO,10805870,SMP,Swasta,Kec. Bandar Sribhawono,120717,Kab. Lampung Timur,120700,Prov. Lampung,120000,9,3,218,8,8,1,1,16,26 Apr 2026 21:38:21,A042F8C56469E5A674E3
SMP QURAN ROUDLOTUL HIDAYAH,69920013,SMP,Swasta,Kec. Bandar Sribhawono,120717,Kab. Lampung Timur,120700,Prov. Lampung,120000,4,1,138,6,6,0,1,15,21 Apr 2026 08:19:50,86A2E0E746C923E9A9DD
SMP UNGGULAN MIFTAHUL ULUM BANDAR SRIBAWONO,10805936,SMP,Swasta,Kec. Bandar Sribhawono,120717,Kab. Lampung Timur,120700,Prov. Lampung,120000,4,1,121,5,6,2,1,6,04 Mar 2026 20:06:23,21F00C88EE9AD59B10DC
SMPIT DARUL ILMI,70013169,SMP,Swasta,Kec. Bandar Sribhawono,120717,Kab. Lampung Timur,120700,Prov. Lampung,120000,4,2,39,3,4,0,0,12,31 Jan 2026 10:27:41,9ECBA94B7F099F82CB4A
SMAN 1 BANDAR SRIBHAWONO,10806001,SMA,Negeri,Kec. Bandar Sribhawono,120717,Kab. Lampung Timur,120700,Prov. Lampung,120000,62,17,1056,30,30,6,2,48,30 Apr 2026 12:18:08,9717B32F5D94A9882DAD
SMAS BUANA BANDAR SRIBAWONO,10806033,SMA,Swasta,Kec. Bandar Sribhawono,120717,Kab. Lampung Timur,120700,Prov. Lampung,120000,6,3,135,4,7,2,1,29,24 Apr 2026 14:15:51,3EEED1C7293935250288
SMAS KOSGORO SRI BHAWONO,10806029,SMA,Swasta,Kec. Bandar Sribhawono,120717,Kab. Lampung Timur,120700,Prov. Lampung,120000,10,3,68,3,12,2,1,16,22 Apr 2026 21:35:18,054F4F3B21F3935094D3
SMAS MUHAMMADIYAH 1 SRIBHAWONO,10814031,SMA,Swasta,Kec. Bandar Sribhawono,120717,Kab. Lampung Timur,120700,Prov. Lampung,120000,9,1,93,3,4,1,1,7,02 May 2026 09:20:07,83B43E76BD48B04677F5
SMK ANGKASA BANDAR SRIBHAWONO,69972052,SMK,Swasta,Kec. Bandar Sribhawono,120717,Kab. Lampung Timur,120700,Prov. Lampung,120000,15,3,269,12,12,2,1,51,16 Apr 2026 07:41:14,9BBFE13018C67581DF40
SMK KOSGORO SRIBAWONO,10806094,SMK,Swasta,Kec. Bandar Sribhawono,120717,Kab. Lampung Timur,120700,Prov. Lampung,120000,4,2,76,5,6,1,0,13,27 Feb 2026 17:20:52,DEA831B59BE35BFA61DE
SMK MERAH PUTIH SCHOOL ROUDLOTUL HIDAYAH,69923560,SMK,Swasta,Kec. Bandar Sribhawono,120717,Kab. Lampung Timur,120700,Prov. Lampung,120000,4,1,116,5,6,1,1,6,25 Feb 2026 16:09:19,931F79B2EA9DBBE6AA82
SMKS MANDIRI,69761848,SMK,Swasta,Kec. Bandar Sribhawono,120717,Kab. Lampung Timur,120700,Prov. Lampung,120000,12,1,92,7,8,1,1,6,27 Mar 2026 16:49:03,9D0932410E7ACD90B313
SMKS MITRA BAKTI BANDAR SRIBAWONO,10814088,SMK,Swasta,Kec. Bandar Sribhawono,120717,Kab. Lampung Timur,120700,Prov. Lampung,120000,25,4,490,16,16,1,1,17,28 Apr 2026 21:33:53,AC9532C0A17113F48DB5
SMKS PRAJA UTAMA SRI BHAWONO,10814095,SMK,Swasta,Kec. Bandar Sribhawono,120717,Kab. Lampung Timur,120700,Prov. Lampung,120000,29,3,1079,27,27,3,1,32,27 Apr 2026 12:52:44,D32521DCB08AE4CB2B66
Sekolah Rakyat Dasar Terintegrasi 34 Lampung Timur,70058791,SD,Negeri,Kec. Purbolinggo,120712,Kab. Lampung Timur,120700,Prov. Lampung,120000,2,0,24,2,2,0,0,20,12 Feb 2026 15:40:02,8773EF82F24159026F7B
UPTD SD NEGERI 1 TAMAN ASRI,10809512,SD,Negeri,Kec. Purbolinggo,120712,Kab. Lampung Timur,120700,Prov. Lampung,120000,13,3,228,11,12,1,1,14,25 Apr 2026 08:57:25,4246E371A47355D52381
UPTD SD NEGERI 1 TAMAN BOGO,10806523,SD,Negeri,Kec. Purbolinggo,120712,Kab. Lampung Timur,120700,Prov. Lampung,120000,9,3,93,6,6,1,1,6,03 Mar 2026 20:21:19,E6030993F0655FD5F0DA
UPTD SD NEGERI 1 TAMAN CARI,10806535,SD,Negeri,Kec. Purbolinggo,120712,Kab. Lampung Timur,120700,Prov. Lampung,120000,12,1,171,8,12,0,1,20,25 Apr 2026 21:32:36,8BC557AFAF1227026F25
UPTD SD NEGERI 1 TAMAN ENDAH,10806534,SD,Negeri,Kec. Purbolinggo,120712,Kab. Lampung Timur,120700,Prov. Lampung,120000,9,0,111,6,7,0,1,13,29 Apr 2026 11:16:47,881A36D7B687A2B8976E
UPTD SD NEGERI 1 TAMAN FAJAR,10806533,SD,Negeri,Kec. Purbolinggo,120712,Kab. Lampung Timur,120700,Prov. Lampung,120000,9,1,138,7,6,0,1,12,23 Mar 2026 19:28:48,8F4406832FD5CAD35807
UPTD SD NEGERI 1 TAMBAH DADI,10806530,SD,Negeri,Kec. Purbolinggo,120712,Kab. Lampung Timur,120700,Prov. Lampung,120000,11,2,179,9,9,0,0,10,19 Apr 2026 06:20:19,82FA515A71241739A9DD
UPTD SD NEGERI 1 TAMBAH LUHUR,10806529,SD,Negeri,Kec. Purbolinggo,120712,Kab. Lampung Timur,120700,Prov. Lampung,120000,8,0,64,6,6,0,1,10,05 Mar 2026 21:54:32,156178425778B3C196E5
UPTD SD NEGERI 1 TANJUNG INTEN,10806524,SD,Negeri,Kec. Purbolinggo,120712,Kab. Lampung Timur,120700,Prov. Lampung,120000,9,1,75,6,6,0,1,10,13 Apr 2026 12:30:08,DBCCED824224EC376247
UPTD SD NEGERI 1 TANJUNG KESUMA,10806449,SD,Negeri,Kec. Purbolinggo,120712,Kab. Lampung Timur,120700,Prov. Lampung,120000,8,1,105,6,6,0,0,13,29 Apr 2026 19:07:29,81FCCD67D7B265875909
UPTD SD NEGERI 1 TEGAL GONDO,10806373,SD,Negeri,Kec. Purbolinggo,120712,Kab. Lampung Timur,120700,Prov. Lampung,120000,8,2,51,6,6,0,1,24,03 Mar 2026 20:02:14,1D83CE38DF224D10AC98
UPTD SD NEGERI 1 TEGAL YOSO,10806371,SD,Negeri,Kec. Purbolinggo,120712,Kab. Lampung Timur,120700,Prov. Lampung,120000,7,0,108,6,7,0,0,14,28 Apr 2026 09:23:29,6315F24B660EF6282E4B
UPTD SD NEGERI 1 TOTO HARJO,10806367,SD,Negeri,Kec. Purbolinggo,120712,Kab. Lampung Timur,120700,Prov. Lampung,120000,17,2,225,12,12,1,1,30,02 Apr 2026 18:51:11,4B05107191A27EFDAABF
UPTD SD NEGERI 2 TAMAN BOGO,10805753,SD,Negeri,Kec. Purbolinggo,120712,Kab. Lampung Timur,120700,Prov. Lampung,120000,9,1,156,7,9,0,0,49,29 Apr 2026 21:52:49,8093169C9C588E61DE62
UPTD SD NEGERI 2 TAMAN CARI,10805752,SD,Negeri,Kec. Purbolinggo,120712,Kab. Lampung Timur,120700,Prov. Lampung,120000,9,0,80,6,6,0,0,5,15 Mar 2026 18:53:42,8149A320854B67EC22BB
UPTD SD NEGERI 2 TAMAN ENDAH,10805751,SD,Negeri,Kec. Purbolinggo,120712,Kab. Lampung Timur,120700,Prov. Lampung,120000,8,3,66,6,6,0,1,16,11 Mar 2026 19:57:46,F1278B9F39E091C3EF05
UPTD SD NEGERI 2 TAMAN FAJAR,10805750,SD,Negeri,Kec. Purbolinggo,120712,Kab. Lampung Timur,120700,Prov. Lampung,120000,9,0,132,6,7,0,1,17,01 May 2026 23:39:38,6E34ECB07763529F380B
UPTD SD NEGERI 2 TAMBAH LUHUR,10805747,SD,Negeri,Kec. Purbolinggo,120712,Kab. Lampung Timur,120700,Prov. Lampung,120000,9,0,59,6,6,0,0,10,16 Apr 2026 09:56:39,C0AFECC274EB8F281DCF
UPTD SD NEGERI 2 TANJUNG INTEN,10805756,SD,Negeri,Kec. Purbolinggo,120712,Kab. Lampung Timur,120700,Prov. Lampung,120000,8,0,97,6,6,0,1,16,29 Apr 2026 08:03:38,5E5468E32688730821F0
UPTD SD NEGERI 2 TANJUNG KESUMA,10805769,SD,Negeri,Kec. Purbolinggo,120712,Kab. Lampung Timur,120700,Prov. Lampung,120000,7,0,56,6,6,0,0,9,29 Apr 2026 09:55:46,4CF759E8B7B9D5BA74C3
UPTD SD NEGERI 2 TEGAL GONDO,10809370,SD,Negeri,Kec. Purbolinggo,120712,Kab. Lampung Timur,120700,Prov. Lampung,120000,7,3,61,6,9,0,1,19,02 May 2026 09:20:17,4C5B09FD8628D1C9C864
UPTD SD NEGERI 2 TEGAL YOSO,10805765,SD,Negeri,Kec. Purbolinggo,120712,Kab. Lampung Timur,120700,Prov. Lampung,120000,8,1,57,6,6,0,1,13,10 Apr 2026 09:45:21,A407801EF92828765969
UPTD SD NEGERI 2 TOTO HARJO,10805761,SD,Negeri,Kec. Purbolinggo,120712,Kab. Lampung Timur,120700,Prov. Lampung,120000,9,1,53,6,6,0,1,15,14 Mar 2026 08:06:43,6C66DF99F9F9188968CE
UPTD SD NEGERI 3 TAMAN ASRI,10805646,SD,Negeri,Kec. Purbolinggo,120712,Kab. Lampung Timur,120700,Prov. Lampung,120000,10,2,92,6,6,1,1,16,27 Apr 2026 20:01:50,90A003072C6DDCC6AB37
UPTD SD NEGERI 3 TAMAN BOGO,10805658,SD,Negeri,Kec. Purbolinggo,120712,Kab. Lampung Timur,120700,Prov. Lampung,120000,9,0,92,6,6,0,1,18,09 Apr 2026 18:53:17,59AB21DAC4C5A91FCD42
UPTD SD NEGERI 3 TAMAN FAJAR,10809378,SD,Negeri,Kec. Purbolinggo,120712,Kab. Lampung Timur,120700,Prov. Lampung,120000,10,3,80,6,6,0,1,27,29 Apr 2026 08:57:14,9D06C98CED50C7CACE81
UPTD SD NEGERI 3 TAMBAH DADI,10805682,SD,Negeri,Kec. Purbolinggo,120712,Kab. Lampung Timur,120700,Prov. Lampung,120000,9,0,109,6,6,0,1,9,12 Apr 2026 20:32:40,D12F8B2ECFBC694088D7
UPTD SD NEGERI 3 TANJUNG INTEN,10805681,SD,Negeri,Kec. Purbolinggo,120712,Kab. Lampung Timur,120700,Prov. Lampung,120000,8,3,83,6,6,0,1,19,03 Apr 2026 14:21:01,7077275C173D6B77B6EB
UPTD SD NEGERI 3 TANJUNG KESUMA,10805680,SD,Negeri,Kec. Purbolinggo,120712,Kab. Lampung Timur,120700,Prov. Lampung,120000,9,2,41,6,6,0,0,12,09 Apr 2026 10:54:24,C0B15E7163AF135FF7B7
UPTD SD NEGERI 3 TEGAL YOSO,10805668,SD,Negeri,Kec. Purbolinggo,120712,Kab. Lampung Timur,120700,Prov. Lampung,120000,8,0,114,6,6,0,1,13,07 Mar 2026 06:18:49,37C9864A4D0813027AC5
SDIT CAHAYA PERMATA,69973560,SD,Swasta,Kec. Purbolinggo,120712,Kab. Lampung Timur,120700,Prov. Lampung,120000,18,1,220,10,10,0,0,8,06 Feb 2026 21:24:06,C7D1AA7D2F8A6F015E16
Sekolah Rakyat Menengah Pertama Terintegrasi 34 Lampung Timur,70058792,SMP,Negeri,Kec. Purbolinggo,120712,Kab. Lampung Timur,120700,Prov. Lampung,120000,10,1,41,3,2,1,1,14,28 Apr 2026 20:58:43,829EB2846FE9A7941C85
UPTD SMP NEGERI 1 PURBOLINGGO,10805964,SMP,Negeri,Kec. Purbolinggo,120712,Kab. Lampung Timur,120700,Prov. Lampung,120000,45,9,889,28,28,6,1,23,28 Apr 2026 08:11:47,CB431206A8110E74632E
UPTD SMP NEGERI 2 PURBOLINGGO,10805921,SMP,Negeri,Kec. Purbolinggo,120712,Kab. Lampung Timur,120700,Prov. Lampung,120000,34,11,741,24,24,4,1,93,15 Apr 2026 14:46:54,74C387314CFC01B6D065
SMP AL QURAN AL HUSNA IBNU ROMLY,70013736,SMP,Swasta,Kec. Purbolinggo,120712,Kab. Lampung Timur,120700,Prov. Lampung,120000,9,2,32,3,3,0,1,32,06 Apr 2026 22:49:16,6679632588F3B703300C
SMP ISLAM PURBOLINGGO,10806066,SMP,Swasta,Kec. Purbolinggo,120712,Kab. Lampung Timur,120700,Prov. Lampung,120000,9,3,80,4,8,2,1,16,14 Apr 2026 10:24:46,C350DFAD3A0175E697AB
SMP MUHAMMADIYAH 1 PURBOLINGGO,10806054,SMP,Swasta,Kec. Purbolinggo,120712,Kab. Lampung Timur,120700,Prov. Lampung,120000,7,4,54,3,13,2,1,7,22 Apr 2026 07:38:52,2AE43BD666C7C1060BD6
SMAN 1 PURBOLINGGO,10806095,SMA,Negeri,Kec. Purbolinggo,120712,Kab. Lampung Timur,120700,Prov. Lampung,120000,65,19,1061,30,31,4,1,29,29 Apr 2026 21:22:04,1B16F1B6DCBBD75C2FD0
SMAS MA ARIF NU 5 PURBOLINGGO,60728552,SMA,Swasta,Kec. Purbolinggo,120712,Kab. Lampung Timur,120700,Prov. Lampung,120000,19,8,314,11,17,5,2,17,28 Apr 2026 02:01:15,C84DC7D23D311AB5F2A4
SMAS MUHAMMADIYAH PURBOLINGGO,10805983,SMA,Swasta,Kec. Purbolinggo,120712,Kab. Lampung Timur,120700,Prov. Lampung,120000,15,2,83,4,15,3,1,53,22 Apr 2026 21:20:53,BF297990B93C3C348C3D
SMK NEGERI 1 PURBOLINGGO,70002717,SMK,Negeri,Kec. Purbolinggo,120712,Kab. Lampung Timur,120700,Prov. Lampung,120000,31,10,400,15,4,2,1,17,27 Apr 2026 23:37:44,5CEAE95CF92EE2B576E3
SMKS MAARIF PURBOLINGGO,10806092,SMK,Swasta,Kec. Purbolinggo,120712,Kab. Lampung Timur,120700,Prov. Lampung,120000,58,2,1510,53,42,8,1,36,20 Apr 2026 13:47:20,3BA5C388F5070E3AA4A3
SMKS TRI BHAKTI AL HUSNA,10815078,SMK,Swasta,Kec. Purbolinggo,120712,Kab. Lampung Timur,120700,Prov. Lampung,120000,15,1,126,7,8,2,1,26,14 Apr 2026 02:19:06,63864285DF4CC0234A0F
UPTD SD NEGERI 1 ADIJAYA,10806168,SD,Negeri,Kec. Pekalongan,120710,Kab. Lampung Timur,120700,Prov. Lampung,120000,8,1,108,6,9,0,0,23,29 Apr 2026 08:20:37,4EB3284CE451D3797B03
UPTD SD NEGERI 1 GANTIMULYO,10805858,SD,Negeri,Kec. Pekalongan,120710,Kab. Lampung Timur,120700,Prov. Lampung,120000,9,0,84,6,7,0,0,17,28 Apr 2026 08:46:55,F7EC2BCD695A2E3E1D1B
UPTD SD NEGERI 1 GANTIWARNO,10806491,SD,Negeri,Kec. Pekalongan,120710,Kab. Lampung Timur,120700,Prov. Lampung,120000,14,3,237,11,11,0,0,40,19 Apr 2026 12:07:53,9460E3C142666ECB52FA
UPTD SD NEGERI 1 GONDANGREJO,10806488,SD,Negeri,Kec. Pekalongan,120710,Kab. Lampung Timur,120700,Prov. Lampung,120000,13,2,204,9,11,0,1,47,23 Apr 2026 11:20:49,2B009C8E666C93A49D28
UPTD SD NEGERI 1 JOJOG,10806506,SD,Negeri,Kec. Pekalongan,120710,Kab. Lampung Timur,120700,Prov. Lampung,120000,17,3,270,12,12,0,1,13,07 Mar 2026 07:16:20,A869777CAD9E3501405F
UPTD SD NEGERI 1 KALIBENING,10806505,SD,Negeri,Kec. Pekalongan,120710,Kab. Lampung Timur,120700,Prov. Lampung,120000,8,0,118,6,6,0,0,10,17 Feb 2026 07:23:50,07471D35046BBF03EF38
UPTD SD NEGERI 1 PEKALONGAN,10806470,SD,Negeri,Kec. Pekalongan,120710,Kab. Lampung Timur,120700,Prov. Lampung,120000,7,2,27,6,12,0,1,22,07 Mar 2026 09:23:05,98D2E90EB206D7543614
UPTD SD NEGERI 1 SIDODADI,10809357,SD,Negeri,Kec. Pekalongan,120710,Kab. Lampung Timur,120700,Prov. Lampung,120000,16,3,244,12,15,1,1,16,28 Mar 2026 00:18:49,C43ACF44F52B32C05F16
UPTD SD NEGERI 1 SIRAMAN,10806565,SD,Negeri,Kec. Pekalongan,120710,Kab. Lampung Timur,120700,Prov. Lampung,120000,10,0,94,6,7,0,1,23,17 Mar 2026 23:03:51,63BD9B2880F2861ACD0A
UPTD SD NEGERI 1 TULUSREJO,10806375,SD,Negeri,Kec. Pekalongan,120710,Kab. Lampung Timur,120700,Prov. Lampung,120000,9,1,77,6,8,0,0,12,13 Apr 2026 08:04:20,09BD72959CB562FF5F6D
UPTD SD NEGERI 2 ADIJAYA,10805843,SD,Negeri,Kec. Pekalongan,120710,Kab. Lampung Timur,120700,Prov. Lampung,120000,8,2,86,6,6,0,0,78,07 Apr 2026 08:54:56,90B8601DA4130741B9C9
UPTD SD NEGERI 2 GANTIMULYO,10806358,SD,Negeri,Kec. Pekalongan,120710,Kab. Lampung Timur,120700,Prov. Lampung,120000,9,1,68,6,6,0,1,30,24 Apr 2026 18:55:39,7E3CED75911E0831F4B7
UPTD SD NEGERI 2 GONDANGREJO,10806353,SD,Negeri,Kec. Pekalongan,120710,Kab. Lampung Timur,120700,Prov. Lampung,120000,16,2,255,12,13,0,1,34,02 Apr 2026 21:18:34,18143BBEE822AA7F30D7
UPTD SD NEGERI 2 JOJOG,10806431,SD,Negeri,Kec. Pekalongan,120710,Kab. Lampung Timur,120700,Prov. Lampung,120000,11,2,254,9,9,0,0,24,28 Apr 2026 09:33:09,A8B72349BB62B4BA9263
UPTD SD NEGERI 2 KALIBENING,10806430,SD,Negeri,Kec. Pekalongan,120710,Kab. Lampung Timur,120700,Prov. Lampung,120000,9,0,104,6,6,0,1,17,07 Mar 2026 09:50:33,A5971390DFDCF65922D2
UPTD SD NEGERI 2 SIDODADI,10809368,SD,Negeri,Kec. Pekalongan,120710,Kab. Lampung Timur,120700,Prov. Lampung,120000,8,0,120,6,6,0,0,14,15 Apr 2026 11:37:04,5D1060CC15E0E8784077
UPTD SD NEGERI 2 SIRAMAN,10805780,SD,Negeri,Kec. Pekalongan,120710,Kab. Lampung Timur,120700,Prov. Lampung,120000,8,0,92,6,8,0,1,20,09 Apr 2026 10:03:27,60DA3AC7E0BC89306BDD
UPTD SD NEGERI 2 TULUS REJO,10805743,SD,Negeri,Kec. Pekalongan,120710,Kab. Lampung Timur,120700,Prov. Lampung,120000,8,0,83,6,6,0,1,22,16 Apr 2026 09:24:49,ACFD446CA6F90E8249BE
UPTD SD NEGERI 2 WONOSARI,10805844,SD,Negeri,Kec. Pekalongan,120710,Kab. Lampung Timur,120700,Prov. Lampung,120000,8,1,84,6,6,0,1,21,29 Apr 2026 18:57:19,BBF03C7CBA73E78A3199
UPTD SD NEGERI 3 GANTIMULYO,10805628,SD,Negeri,Kec. Pekalongan,120710,Kab. Lampung Timur,120700,Prov. Lampung,120000,6,2,32,6,5,0,0,14,12 Apr 2026 11:24:46,A550F8B44CBBF19071C8
UPTD SD NEGERI 3 GONDANGREJO,10805856,SD,Negeri,Kec. Pekalongan,120710,Kab. Lampung Timur,120700,Prov. Lampung,120000,9,1,118,6,9,0,0,35,13 Mar 2026 10:44:27,58D06AE92317163FC762
UPTD SD NEGERI 3 PEKALONGAN,10805804,SD,Negeri,Kec. Pekalongan,120710,Kab. Lampung Timur,120700,Prov. Lampung,120000,8,0,90,6,7,0,1,28,18 Apr 2026 12:28:40,8D4E73A748C057E103F0
UPTD SD NEGERI 3 SIDODADI,10809374,SD,Negeri,Kec. Pekalongan,120710,Kab. Lampung Timur,120700,Prov. Lampung,120000,9,0,135,6,6,0,1,43,30 Apr 2026 17:55:13,A040F46A02FE8E22CA01
UPTD SD NEGERI 3 SIRAMAN,10805742,SD,Negeri,Kec. Pekalongan,120710,Kab. Lampung Timur,120700,Prov. Lampung,120000,10,2,141,7,8,0,1,53,29 Apr 2026 22:41:36,10157A2E6F39DEA1E455
UPTD SD NEGERI 4 ADIREJO,10805662,SD,Negeri,Kec. Pekalongan,120710,Kab. Lampung Timur,120700,Prov. Lampung,120000,8,1,77,6,6,0,0,27,28 Apr 2026 20:23:01,89DBDCCDD113A04C2CD1
SD AL QURAN MINHAJUTH THULLAB,69896325,SD,Swasta,Kec. Pekalongan,120710,Kab. Lampung Timur,120700,Prov. Lampung,120000,10,1,200,8,10,0,0,23,28 Apr 2026 20:14:04,9EB776729F42493F2BCF
SDQU SALAAMUL QURAN,70060124,SD,Swasta,Kec. Pekalongan,120710,Kab. Lampung Timur,120700,Prov. Lampung,120000,2,1,54,4,4,0,0,16,27 Apr 2026 13:02:02,D0402B69041CB1CC8B96
UPTD SMP NEGERI 1 PEKALONGAN,10805965,SMP,Negeri,Kec. Pekalongan,120710,Kab. Lampung Timur,120700,Prov. Lampung,120000,29,6,495,17,24,3,1,31,28 Apr 2026 12:49:04,B639E64FF01038ECE1A4
UPTD SMP NEGERI 2 PEKALONGAN,10812295,SMP,Negeri,Kec. Pekalongan,120710,Kab. Lampung Timur,120700,Prov. Lampung,120000,38,10,790,26,30,1,1,16,31 Mar 2026 09:13:30,AB01C0881C6DF30BC0F4
UPTD SMP NEGERI 3 PEKALONGAN,10814602,SMP,Negeri,Kec. Pekalongan,120710,Kab. Lampung Timur,120700,Prov. Lampung,120000,6,4,51,3,10,1,3,15,20 Apr 2026 10:42:54,1E9F48F3F5B3ABBE49A8
SMP MUHAMMADIYAH 1 PEKALONGAN,10806055,SMP,Swasta,Kec. Pekalongan,120710,Kab. Lampung Timur,120700,Prov. Lampung,120000,11,2,213,7,8,2,1,18,21 Apr 2026 09:44:19,D9A365F6838C6285C451
SMP PGRI 1 PEKALONGAN,10805910,SMP,Swasta,Kec. Pekalongan,120710,Kab. Lampung Timur,120700,Prov. Lampung,120000,5,1,24,3,3,2,1,35,28 Apr 2026 23:53:31,2225DCCE8F277DB95BAC
SMP SAINS QURAN MINHAJUTH THULLAB,69966745,SMP,Swasta,Kec. Pekalongan,120710,Kab. Lampung Timur,120700,Prov. Lampung,120000,7,2,71,3,3,2,0,12,27 Apr 2026 21:39:22,CFF6AEC355BDAC2223B8
SMAN 1 PEKALONGAN,10814053,SMA,Negeri,Kec. Pekalongan,120710,Kab. Lampung Timur,120700,Prov. Lampung,120000,31,9,244,10,15,5,1,22,27 Apr 2026 10:15:25,A92B4BA977FC49721345
SMAS MUHAMMADIYAH 1 PEKALONGAN,10805984,SMA,Swasta,Kec. Pekalongan,120710,Kab. Lampung Timur,120700,Prov. Lampung,120000,10,3,150,6,6,2,1,30,16 Apr 2026 09:40:14,3F2791AA6DC7D94ECB47
SMAS PGRI PEKALONGAN,10805979,SMA,Swasta,Kec. Pekalongan,120710,Kab. Lampung Timur,120700,Prov. Lampung,120000,8,1,51,4,6,2,1,46,01 May 2026 23:07:21,81E0F7CC344B5E7D3229
SMKN 1 PEKALONGAN,69763267,SMK,Negeri,Kec. Pekalongan,120710,Kab. Lampung Timur,120700,Prov. Lampung,120000,53,12,648,23,23,2,1,159,30 Apr 2026 09:00:49,139EA0CC7998E49EE916
SMK integral MINHAJUTH Thullab,69795843,SMK,Swasta,Kec. Pekalongan,120710,Kab. Lampung Timur,120700,Prov. Lampung,120000,7,2,40,6,6,1,1,15,22 Apr 2026 11:02:50,B248ECF26F8995A9F350
SMKS WAHID HASYIM MAARIF NU 5 PEKALONGAN,69728538,SMK,Swasta,Kec. Pekalongan,120710,Kab. Lampung Timur,120700,Prov. Lampung,120000,14,7,73,6,6,2,0,34,27 Apr 2026 09:14:24,61246FAB82F91BFD5AF1
UPTD SD NEGERI 1 CEMPAKA NUBAN,10806507,SD,Negeri,Kec. Batanghari Nuban,120724,Kab. Lampung Timur,120700,Prov. Lampung,120000,7,0,84,6,9,0,1,9,24 Apr 2026 09:21:15,85FF765B53A30069A07D
UPTD SD NEGERI 1 GEDUNG DALAM,10806490,SD,Negeri,Kec. Batanghari Nuban,120724,Kab. Lampung Timur,120700,Prov. Lampung,120000,9,1,64,6,6,0,1,47,11 Apr 2026 06:21:45,5B03ECF861D8AD8CFF8D
UPTD SD NEGERI 1 GUNUNG TIGA,10806481,SD,Negeri,Kec. Batanghari Nuban,120724,Kab. Lampung Timur,120700,Prov. Lampung,120000,10,1,167,7,10,0,1,10,16 Mar 2026 21:11:17,81287A4AAE71B7BBC5B6
UPTD SD NEGERI 1 KEDATON DUA,10806503,SD,Negeri,Kec. Batanghari Nuban,120724,Kab. Lampung Timur,120700,Prov. Lampung,120000,11,3,169,7,10,0,1,17,02 May 2026 10:14:38,2C768A13FEE7C97F0F2E
UPTD SD NEGERI 1 KEDATON INDUK,10806502,SD,Negeri,Kec. Batanghari Nuban,120724,Kab. Lampung Timur,120700,Prov. Lampung,120000,7,2,69,6,6,0,1,14,10 Apr 2026 20:36:49,FECD97CA5D173CE4A955
UPTD SD NEGERI 1 KEDATON SATU,10806501,SD,Negeri,Kec. Batanghari Nuban,120724,Kab. Lampung Timur,120700,Prov. Lampung,120000,10,1,104,6,6,0,1,30,10 Apr 2026 15:23:02,1F22EEBFABE5CCF479DE
UPTD SD NEGERI 1 NEGARA RATU,10806465,SD,Negeri,Kec. Batanghari Nuban,120724,Kab. Lampung Timur,120700,Prov. Lampung,120000,7,1,69,6,7,0,1,23,01 May 2026 00:15:37,945CBF5F50CE3BC01F87
UPTD SD NEGERI 1 PURWOSARI,10806466,SD,Negeri,Kec. Batanghari Nuban,120724,Kab. Lampung Timur,120700,Prov. Lampung,120000,9,1,110,6,6,0,1,25,22 Apr 2026 11:24:08,E52053CD5BCAD181AC02
UPTD SD NEGERI 1 SUKACARI,10806557,SD,Negeri,Kec. Batanghari Nuban,120724,Kab. Lampung Timur,120700,Prov. Lampung,120000,6,1,40,6,6,0,0,19,29 Apr 2026 10:31:16,F3CD14A276101964BB5B
UPTD SD NEGERI 1 SUKARAJA NUBAN,10806536,SD,Negeri,Kec. Batanghari Nuban,120724,Kab. Lampung Timur,120700,Prov. Lampung,120000,9,1,109,7,7,0,1,20,26 Apr 2026 12:53:27,C3928A898AEC438E5D0F
UPTD SD NEGERI 1 TRISNOMULYO,10806365,SD,Negeri,Kec. Batanghari Nuban,120724,Kab. Lampung Timur,120700,Prov. Lampung,120000,11,2,145,7,10,0,1,8,04 Mar 2026 14:17:02,AC92C3E26E9D40CBD924
UPTD SD NEGERI 1 TULUNG BALAK,10806363,SD,Negeri,Kec. Batanghari Nuban,120724,Kab. Lampung Timur,120700,Prov. Lampung,120000,9,2,116,6,7,0,1,9,23 Apr 2026 07:23:05,23B47AEC4D12E6B1ED71
UPTD SD NEGERI 2 BUMI JAWA,10806336,SD,Negeri,Kec. Batanghari Nuban,120724,Kab. Lampung Timur,120700,Prov. Lampung,120000,6,1,130,6,6,0,1,17,25 Apr 2026 10:35:54,3596D188BFE1B9FF1DB0
UPTD SD NEGERI 2 CEMPAKA NUBAN,10806347,SD,Negeri,Kec. Batanghari Nuban,120724,Kab. Lampung Timur,120700,Prov. Lampung,120000,11,2,186,9,12,0,1,10,26 Apr 2026 15:55:32,ED465FDA45C7F474B211
UPTD SD NEGERI 2 GEDUNG DALAM,10806357,SD,Negeri,Kec. Batanghari Nuban,120724,Kab. Lampung Timur,120700,Prov. Lampung,120000,9,1,78,6,6,0,1,8,02 Feb 2026 12:18:27,2BE00B0DCAC6216233DE
UPTD SD NEGERI 2 GUNUNG TIGA,10806331,SD,Negeri,Kec. Batanghari Nuban,120724,Kab. Lampung Timur,120700,Prov. Lampung,120000,8,0,69,6,7,0,0,20,23 Apr 2026 20:49:25,14E0BA9857EBDEF40D51
UPTD SD NEGERI 2 KEDATON INDUK,10806427,SD,Negeri,Kec. Batanghari Nuban,120724,Kab. Lampung Timur,120700,Prov. Lampung,120000,7,0,99,6,6,0,1,10,28 Feb 2026 11:38:00,158646D38D81EF4CA4F1
UPTD SD NEGERI 2 NEGARA RATU,10806403,SD,Negeri,Kec. Batanghari Nuban,120724,Kab. Lampung Timur,120700,Prov. Lampung,120000,13,1,237,11,7,0,1,21,27 Apr 2026 23:02:07,5840E8BEB44FDC462A0A
UPTD SD NEGERI 2 PURWOSARI,10806392,SD,Negeri,Kec. Batanghari Nuban,120724,Kab. Lampung Timur,120700,Prov. Lampung,120000,9,0,102,6,6,0,0,9,08 Apr 2026 21:20:24,E52335C3DA03EDD73848
UPTD SD NEGERI 2 SUKACARI,10805773,SD,Negeri,Kec. Batanghari Nuban,120724,Kab. Lampung Timur,120700,Prov. Lampung,120000,8,1,93,6,6,0,2,11,21 Apr 2026 17:43:43,FA670E36272484C4CC10
UPTD SD NEGERI 2 SUKARAJA NUBAN,10805799,SD,Negeri,Kec. Batanghari Nuban,120724,Kab. Lampung Timur,120700,Prov. Lampung,120000,8,1,43,6,4,0,0,11,22 Apr 2026 10:10:29,0D8A29AA0E3D3CCA0877
UPTD SD NEGERI 2 TRISNOMULYO,10805759,SD,Negeri,Kec. Batanghari Nuban,120724,Kab. Lampung Timur,120700,Prov. Lampung,120000,9,0,110,6,7,0,1,6,29 Mar 2026 09:29:49,35F6901E999EF77EEC0F
UPTD SD NEGERI 2 TULUNG BALAK,10805758,SD,Negeri,Kec. Batanghari Nuban,120724,Kab. Lampung Timur,120700,Prov. Lampung,120000,15,1,230,11,11,0,1,20,21 Apr 2026 00:37:51,E329E1A8A1DFC6BEB1C1
UPTD SD NEGERI 3 BUMI JAWA,10805835,SD,Negeri,Kec. Batanghari Nuban,120724,Kab. Lampung Timur,120700,Prov. Lampung,120000,11,0,122,8,7,0,1,10,20 Apr 2026 09:33:48,6569132EE9B2843D24B8
UPTD SD NEGERI 3 NEGARA RATU,10805809,SD,Negeri,Kec. Batanghari Nuban,120724,Kab. Lampung Timur,120700,Prov. Lampung,120000,9,1,70,6,6,0,1,25,19 Apr 2026 20:06:58,0C3B4C32140BC0680861
UPTD SD NEGERI 3 SUKACARI,10805654,SD,Negeri,Kec. Batanghari Nuban,120724,Kab. Lampung Timur,120700,Prov. Lampung,120000,7,0,81,6,6,0,0,17,01 May 2026 21:11:26,7E3BD9612555DC8F97DC
UPTD SD NEGERI 4 BUMI JAWA,10805645,SD,Negeri,Kec. Batanghari Nuban,120724,Kab. Lampung Timur,120700,Prov. Lampung,120000,8,3,96,6,6,0,1,12,02 Apr 2026 20:49:16,D836872670C920E0CF6F
SD ISLAM AL FALAH,69985575,SD,Swasta,Kec. Batanghari Nuban,120724,Kab. Lampung Timur,120700,Prov. Lampung,120000,14,6,294,12,15,0,1,15,18 Apr 2026 22:09:56,338AEE3323916A070F81
UPTD SMP NEGERI 1 BATANGHARI NUBAN,10805962,SMP,Negeri,Kec. Batanghari Nuban,120724,Kab. Lampung Timur,120700,Prov. Lampung,120000,6,2,73,3,12,3,1,1,04 Mar 2026 21:28:17,653A83149A165A4D8DE8
UPTD SMP NEGERI 2 BATANG HARI NUBAN,10805927,SMP,Negeri,Kec. Batanghari Nuban,120724,Kab. Lampung Timur,120700,Prov. Lampung,120000,8,3,62,3,8,2,1,11,21 Apr 2026 07:15:34,F79315D84C84B26AF8CF
UPTD SMP NEGERI 3 BATANGHARI NUBAN,10805941,SMP,Negeri,Kec. Batanghari Nuban,120724,Kab. Lampung Timur,120700,Prov. Lampung,120000,24,6,257,10,14,2,1,20,28 Mar 2026 09:25:35,C30659A3C091A493E0D3
UPTD SMPN 4 BATANGHARI NUBAN SATAP,69762728,SMP,Negeri,Kec. Batanghari Nuban,120724,Kab. Lampung Timur,120700,Prov. Lampung,120000,10,2,105,4,3,1,1,20,27 Apr 2026 09:04:13,46D77B802DDD9853C912
UPTD SMPN 5 BATANGHARI NUBAN SATU ATAP,69762610,SMP,Negeri,Kec. Batanghari Nuban,120724,Kab. Lampung Timur,120700,Prov. Lampung,120000,12,1,112,5,6,1,1,19,26 Apr 2026 19:15:19,49AF209E29EFA19F8F1F
UPTD SMPN 6 BATANGHARI NUBAN SATAP,69762729,SMP,Negeri,Kec. Batanghari Nuban,120724,Kab. Lampung Timur,120700,Prov. Lampung,120000,8,0,73,3,3,1,1,41,28 Apr 2026 11:38:50,71DE2555BCBCC4EEB480
SMP AL FALAH,70044755,SMP,Swasta,Kec. Batanghari Nuban,120724,Kab. Lampung Timur,120700,Prov. Lampung,120000,13,4,179,7,7,0,1,34,27 Apr 2026 10:14:06,7AED341F48FE7F7C1200
SMA NEGERI 2 BATANGHARI,70061369,SMA,Negeri,Kec. Batanghari Nuban,120724,Kab. Lampung Timur,120700,Prov. Lampung,120000,0,0,0,0,0,0,0,0,,E0B1EF51206FCAC94DF1
SMKS BIMA SAKTI BATANGHARI NUBAN,10814064,SMK,Swasta,Kec. Batanghari Nuban,120724,Kab. Lampung Timur,120700,Prov. Lampung,120000,19,6,255,12,12,4,1,59,15 Apr 2026 12:54:56,DFE4892BF3375F87C106
UPTD SD NEGERI 1 KOTA RAMAN,10806499,SD,Negeri,Kec. Raman Utara,120711,Kab. Lampung Timur,120700,Prov. Lampung,120000,14,1,171,9,12,0,1,12,02 May 2026 18:54:55,C39AF1B47FF52BE22F3E
UPTD SD NEGERI 1 RAMAN AJI,10806550,SD,Negeri,Kec. Raman Utara,120711,Kab. Lampung Timur,120700,Prov. Lampung,120000,10,1,142,6,6,1,1,6,08 Apr 2026 17:00:05,5649ADF4A90FBA08EB17
UPTD SD NEGERI 1 RAMAN ENDRA,10806549,SD,Negeri,Kec. Raman Utara,120711,Kab. Lampung Timur,120700,Prov. Lampung,120000,14,3,202,10,12,0,1,30,16 Mar 2026 05:17:09,BC92702D17CFE045F6AF
UPTD SD NEGERI 1 RAMAN FAJAR,10809356,SD,Negeri,Kec. Raman Utara,120711,Kab. Lampung Timur,120700,Prov. Lampung,120000,7,0,106,6,6,0,1,18,19 Apr 2026 20:04:49,F2769D4A4A4A35F0014A
UPTD SD NEGERI 1 RANTAU FAJAR,10806548,SD,Negeri,Kec. Raman Utara,120711,Kab. Lampung Timur,120700,Prov. Lampung,120000,9,0,156,7,7,0,1,14,13 Apr 2026 18:25:56,D6273958218437D12E6E
UPTD SD NEGERI 1 RATNA DAYA,10806547,SD,Negeri,Kec. Raman Utara,120711,Kab. Lampung Timur,120700,Prov. Lampung,120000,7,0,91,6,6,0,0,13,08 Apr 2026 08:33:27,7064C89CCC4B347F07DB
UPTD SD NEGERI 1 REJO KATON,10806546,SD,Negeri,Kec. Raman Utara,120711,Kab. Lampung Timur,120700,Prov. Lampung,120000,8,2,106,6,8,0,1,19,06 Apr 2026 12:45:15,E5F0574E273C7A5BA93A
UPTD SD NEGERI 1 REJOBINANGUN,10806544,SD,Negeri,Kec. Raman Utara,120711,Kab. Lampung Timur,120700,Prov. Lampung,120000,7,0,70,6,6,0,1,20,01 May 2026 18:46:24,D7711EE7393B7FF73AEC
UPTD SD NEGERI 1 RESTU RAHAYU,10806543,SD,Negeri,Kec. Raman Utara,120711,Kab. Lampung Timur,120700,Prov. Lampung,120000,9,0,110,6,6,1,1,11,28 Apr 2026 19:02:18,E640CE13EB3F19749765
UPTD SD NEGERI 1 RUKTI SEDYO,10806542,SD,Negeri,Kec. Raman Utara,120711,Kab. Lampung Timur,120700,Prov. Lampung,120000,7,0,46,6,6,0,0,8,09 Apr 2026 23:49:08,166977CCBBB2EAAF2150
UPTD SD NEGERI 2 KOTA RAMAN,10806425,SD,Negeri,Kec. Raman Utara,120711,Kab. Lampung Timur,120700,Prov. Lampung,120000,7,0,59,6,6,0,0,15,05 Apr 2026 02:59:23,68422E0E6E53589836BE
UPTD SD NEGERI 2 RAMA PUJA,10806417,SD,Negeri,Kec. Raman Utara,120711,Kab. Lampung Timur,120700,Prov. Lampung,120000,7,1,108,6,7,0,1,21,06 Mar 2026 23:02:18,20DE24F30C123FF6450E
UPTD SD NEGERI 2 RAMAN AJI,10806416,SD,Negeri,Kec. Raman Utara,120711,Kab. Lampung Timur,120700,Prov. Lampung,120000,12,1,159,8,8,0,0,11,20 Feb 2026 21:24:26,4A8A19673996CEA7A573
UPTD SD NEGERI 2 RAMAN ENDRA,10806415,SD,Negeri,Kec. Raman Utara,120711,Kab. Lampung Timur,120700,Prov. Lampung,120000,7,0,67,6,6,0,0,15,16 Apr 2026 21:16:02,A5AC3DC521E18B1D5226
UPTD SD NEGERI 2 RAMAN FAJAR,10806414,SD,Negeri,Kec. Raman Utara,120711,Kab. Lampung Timur,120700,Prov. Lampung,120000,8,2,83,6,6,0,0,5,04 Mar 2026 09:14:31,6F54DB2D46DBDB1BC095
UPTD SD NEGERI 2 RANTAU FAJAR,10806413,SD,Negeri,Kec. Raman Utara,120711,Kab. Lampung Timur,120700,Prov. Lampung,120000,7,1,99,6,6,1,1,11,01 Apr 2026 06:07:06,90EEA37C193D7A60478A
UPTD SD NEGERI 2 RATNA DAYA,10806412,SD,Negeri,Kec. Raman Utara,120711,Kab. Lampung Timur,120700,Prov. Lampung,120000,8,1,61,6,6,0,0,22,17 Feb 2026 09:58:32,92B570B1EC2DB7B88A21
UPTD SD NEGERI 2 REJO BINANGUN,10806409,SD,Negeri,Kec. Raman Utara,120711,Kab. Lampung Timur,120700,Prov. Lampung,120000,8,0,96,6,6,1,1,44,26 Apr 2026 20:22:40,D52B00DDD1099D98FCF2
UPTD SD NEGERI 2 REJO KATON,10806411,SD,Negeri,Kec. Raman Utara,120711,Kab. Lampung Timur,120700,Prov. Lampung,120000,8,1,90,6,6,0,1,19,25 Apr 2026 09:42:25,77B8B90916D57E52F851
UPTD SD NEGERI 2 RUKTI SEDYO,10806407,SD,Negeri,Kec. Raman Utara,120711,Kab. Lampung Timur,120700,Prov. Lampung,120000,8,0,105,6,6,0,0,13,28 Apr 2026 16:03:09,2CEAF760ADC785BD11F9
UPTD SD NEGERI 3 RAMA PUJA,10805817,SD,Negeri,Kec. Raman Utara,120711,Kab. Lampung Timur,120700,Prov. Lampung,120000,9,0,116,6,6,0,1,8,28 Feb 2026 23:14:32,E8BE206B1EF7B686E6B4
UPTD SD NEGERI 3 RAMAN AJI,10805829,SD,Negeri,Kec. Raman Utara,120711,Kab. Lampung Timur,120700,Prov. Lampung,120000,9,0,45,6,6,0,0,24,02 Apr 2026 09:29:30,89B8143C539CAD1428BD
UPTD SD NEGERI 3 RAMAN FAJAR,10805827,SD,Negeri,Kec. Raman Utara,120711,Kab. Lampung Timur,120700,Prov. Lampung,120000,7,2,51,6,6,0,1,14,07 Apr 2026 11:53:38,858ABD4AFC3846B93B98
UPTD SD NEGERI 3 RATNA DAYA,10805825,SD,Negeri,Kec. Raman Utara,120711,Kab. Lampung Timur,120700,Prov. Lampung,120000,7,2,58,6,6,0,0,4,06 Feb 2026 08:42:35,3E5E81D2AE7A4D16E2E5
UPTD SD NEGERI 3 REJO KATON,10805824,SD,Negeri,Kec. Raman Utara,120711,Kab. Lampung Timur,120700,Prov. Lampung,120000,7,1,69,6,6,0,0,32,13 Apr 2026 18:40:50,7A99DB10748818D411DD
UPTD SD NEGERI 3 REJOBINANGUN,10805823,SD,Negeri,Kec. Raman Utara,120711,Kab. Lampung Timur,120700,Prov. Lampung,120000,6,1,115,6,6,0,1,10,02 May 2026 09:45:46,0B1E676299EBC4FCAAAC
UPTD SD NEGERI 3 RUKTI SEDYO,10805822,SD,Negeri,Kec. Raman Utara,120711,Kab. Lampung Timur,120700,Prov. Lampung,120000,8,0,67,6,6,0,0,11,06 Mar 2026 10:19:26,3173D4537D1BF61F6ECE
UPTD SD NEGERI 4 RAMA PUJA,10805629,SD,Negeri,Kec. Raman Utara,120711,Kab. Lampung Timur,120700,Prov. Lampung,120000,7,1,124,6,6,0,0,13,20 Apr 2026 20:29:03,57A254B97E85C70CEDE4
UPTD SD NEGERI 4 RAMAN AJI,10805630,SD,Negeri,Kec. Raman Utara,120711,Kab. Lampung Timur,120700,Prov. Lampung,120000,7,0,53,6,6,1,1,12,28 Apr 2026 12:12:00,810DE0520EEA53C809FC
UPTD SD NEGERI 4 RATNA DAYA,10805640,SD,Negeri,Kec. Raman Utara,120711,Kab. Lampung Timur,120700,Prov. Lampung,120000,7,0,57,6,6,0,0,19,28 Apr 2026 05:35:56,0D511F3B50210618FFB6
UPTD SD NEGERI 4 REJO KATON,10805639,SD,Negeri,Kec. Raman Utara,120711,Kab. Lampung Timur,120700,Prov. Lampung,120000,7,1,85,6,6,0,0,27,30 Apr 2026 09:48:30,8678AACF427FC5E0BFC8
UPTD SD NEGERI 5 RAMAN AJI,10805722,SD,Negeri,Kec. Raman Utara,120711,Kab. Lampung Timur,120700,Prov. Lampung,120000,7,1,71,6,6,0,0,23,02 May 2026 08:58:40,D415A22B2E6F1871407F
SD ISLAM TERPADU SUBULUSSALAM,69989959,SD,Swasta,Kec. Raman Utara,120711,Kab. Lampung Timur,120700,Prov. Lampung,120000,8,3,161,7,11,0,1,24,16 Apr 2026 11:15:30,D8BC912BF2731F78E54D
SDQ DARUL QURAN,70051091,SD,Swasta,Kec. Raman Utara,120711,Kab. Lampung Timur,120700,Prov. Lampung,120000,8,2,140,7,7,0,0,30,25 Apr 2026 01:51:02,987D10B374D997EF9BF7
UPTD SMP NEGERI 1 RAMAN UTARA,10805949,SMP,Negeri,Kec. Raman Utara,120711,Kab. Lampung Timur,120700,Prov. Lampung,120000,26,7,326,12,17,4,1,58,30 Apr 2026 09:53:01,45A764F2B9D20EB9D65C
UPTD SMP NEGERI 2 RAMAN UTARA,10805933,SMP,Negeri,Kec. Raman Utara,120711,Kab. Lampung Timur,120700,Prov. Lampung,120000,22,5,333,12,14,2,1,22,28 Apr 2026 21:24:29,D0F8C944A6A5C229A7D7
UPTD SMP NEGERI 3 RAMAN UTARA,10805938,SMP,Negeri,Kec. Raman Utara,120711,Kab. Lampung Timur,120700,Prov. Lampung,120000,10,5,160,6,9,1,1,10,11 Apr 2026 05:06:42,BC4804D138DEDF8C726F
SMP AL-QURAN TRI BHAKTI AT-TAQWA,69995780,SMP,Swasta,Kec. Raman Utara,120711,Kab. Lampung Timur,120700,Prov. Lampung,120000,15,1,313,11,14,2,0,32,28 Apr 2026 14:39:13,99270022E4B87A503141
SMP IT SUBULUSSALAM,69989960,SMP,Swasta,Kec. Raman Utara,120711,Kab. Lampung Timur,120700,Prov. Lampung,120000,8,2,134,6,6,0,1,29,08 Apr 2026 09:02:06,D637E5D8FB5F2038B5E7
SMAN 1 RAMAN UTARA,10806080,SMA,Negeri,Kec. Raman Utara,120711,Kab. Lampung Timur,120700,Prov. Lampung,120000,42,7,465,15,14,5,1,34,29 Apr 2026 10:20:24,419C958197FA6EEB3456
SMA AL-QURAN TRI BHAKTI AT-TAQWA,70041721,SMA,Swasta,Kec. Raman Utara,120711,Kab. Lampung Timur,120700,Prov. Lampung,120000,15,1,356,12,12,4,1,32,29 Apr 2026 16:02:37,B3C158A43649EE2CEEB7
SMAIT DARUL RASYID,70039190,SMA,Swasta,Kec. Raman Utara,120711,Kab. Lampung Timur,120700,Prov. Lampung,120000,7,4,72,3,5,2,1,20,16 Apr 2026 13:34:43,0A2BEE97888C9705DA83
SMKN 1 RAMAN UTARA,69760882,SMK,Negeri,Kec. Raman Utara,120711,Kab. Lampung Timur,120700,Prov. Lampung,120000,50,12,905,29,17,3,1,54,29 Apr 2026 17:54:02,8037DBE4B924A6B81FAC
SMK TRI BHAKTI ATTAQWA,69955051,SMK,Swasta,Kec. Raman Utara,120711,Kab. Lampung Timur,120700,Prov. Lampung,120000,10,4,49,3,3,1,1,21,02 May 2026 09:39:39,D9476219D8DE4137194B
UPTD SD NEGERI 1 GEDUNG WANI,10806489,SD,Negeri,Kec. Margatiga,120704,Kab. Lampung Timur,120700,Prov. Lampung,120000,7,0,65,6,6,0,0,6,09 Apr 2026 06:55:19,9000063AA5F9C92AFD62
UPTD SD NEGERI 1 NABANG BARU,10809353,SD,Negeri,Kec. Margatiga,120704,Kab. Lampung Timur,120700,Prov. Lampung,120000,7,2,111,6,6,0,1,12,10 Apr 2026 16:09:46,8531A29029D335C86EA3
UPTD SD NEGERI 1 NEGERI JEMANTEN,10809354,SD,Negeri,Kec. Margatiga,120704,Kab. Lampung Timur,120700,Prov. Lampung,120000,8,2,139,6,6,0,0,6,27 Apr 2026 19:49:36,9ACCB8526B90C19A310C
UPTD SD NEGERI 1 NEGERI KATON,69815350,SD,Negeri,Kec. Margatiga,120704,Kab. Lampung Timur,120700,Prov. Lampung,120000,14,0,270,12,9,0,1,13,23 Apr 2026 09:36:51,77ACC60184B86AC194F7
UPTD SD NEGERI 1 SUKADANA BARU,10806554,SD,Negeri,Kec. Margatiga,120704,Kab. Lampung Timur,120700,Prov. Lampung,120000,14,1,218,10,12,0,1,14,05 Mar 2026 08:18:42,A0C63FD2F0C1C947AAED
UPTD SD NEGERI 1 SUKARAJA TIGA,10806521,SD,Negeri,Kec. Margatiga,120704,Kab. Lampung Timur,120700,Prov. Lampung,120000,16,1,280,12,12,0,2,25,29 Apr 2026 12:30:06,DE7C0A09B1516059B004
UPTD SD NEGERI 1 SURYA MATARAM,10806522,SD,Negeri,Kec. Margatiga,120704,Kab. Lampung Timur,120700,Prov. Lampung,120000,8,0,131,6,6,0,1,11,02 Mar 2026 22:03:43,029C1AC086D6986CBAA4
UPTD SD NEGERI 1 TANJUNG HARAPAN,10806525,SD,Negeri,Kec. Margatiga,120704,Kab. Lampung Timur,120700,Prov. Lampung,120000,10,0,123,7,7,0,1,17,15 Apr 2026 08:26:59,4B082E09B180478BBFB9
UPTD SD NEGERI 1 TRISINAR,10805798,SD,Negeri,Kec. Margatiga,120704,Kab. Lampung Timur,120700,Prov. Lampung,120000,8,1,104,6,12,0,1,23,30 Mar 2026 12:35:38,593A0B5AB14BA9A13E32
UPTD SD NEGERI 2 GEDUNG WANI,10806355,SD,Negeri,Kec. Margatiga,120704,Kab. Lampung Timur,120700,Prov. Lampung,120000,9,1,117,6,8,1,1,8,29 Apr 2026 05:54:37,3D164AD52A3B1BD207F2
UPTD SD NEGERI 2 GEDUNG WANI TIMUR,10806356,SD,Negeri,Kec. Margatiga,120704,Kab. Lampung Timur,120700,Prov. Lampung,120000,9,0,122,7,7,0,0,7,05 Mar 2026 09:51:53,9FFB83D9AA42DA5C573F
UPTD SD NEGERI 2 NABANG BARU,10809365,SD,Negeri,Kec. Margatiga,120704,Kab. Lampung Timur,120700,Prov. Lampung,120000,9,0,67,6,6,0,1,8,02 Apr 2026 06:38:03,4E400ED6F555DECBCBA3
UPTD SD NEGERI 2 NEGERI JEMANTEN,10806400,SD,Negeri,Kec. Margatiga,120704,Kab. Lampung Timur,120700,Prov. Lampung,120000,8,2,105,6,7,0,1,18,11 Mar 2026 13:00:36,AACC2C1117F82D6E89AC
UPTD SD NEGERI 2 NEGERI KATON,10802519,SD,Negeri,Kec. Margatiga,120704,Kab. Lampung Timur,120700,Prov. Lampung,120000,9,1,79,6,6,0,2,18,28 Apr 2026 08:34:21,49767F313E08B29ABEA5
UPTD SD NEGERI 2 SURYA MATARAM,10805754,SD,Negeri,Kec. Margatiga,120704,Kab. Lampung Timur,120700,Prov. Lampung,120000,8,1,152,7,7,0,0,12,11 Apr 2026 09:31:17,A7042BEFDCF0549F3552
UPTD SD NEGERI 2 TRISINAR,70058520,SD,Negeri,Kec. Margatiga,120704,Kab. Lampung Timur,120700,Prov. Lampung,120000,5,0,0,0,0,0,0,0,,E0EEBEDC44A911BE5FFB
UPTD SD NEGERI 3 GEDUNG WANI,10805857,SD,Negeri,Kec. Margatiga,120704,Kab. Lampung Timur,120700,Prov. Lampung,120000,8,0,47,6,6,0,0,9,14 Apr 2026 23:34:52,9F766189ECFCBBC56743
UPTD SD NEGERI 3 SUKADANA BARU,10805653,SD,Negeri,Kec. Margatiga,120704,Kab. Lampung Timur,120700,Prov. Lampung,120000,13,1,125,7,12,0,0,10,22 Apr 2026 10:32:00,6FF93C8697DBEF722841
UPTD SD NEGERI 3 SUKARAJA TIGA,10809376,SD,Negeri,Kec. Margatiga,120704,Kab. Lampung Timur,120700,Prov. Lampung,120000,9,0,113,6,6,0,0,27,13 Mar 2026 10:22:12,9B76B125F1AE2D4CBF6F
UPTD SD NEGERI 3 SURYA MATARAM,10805647,SD,Negeri,Kec. Margatiga,120704,Kab. Lampung Timur,120700,Prov. Lampung,120000,9,0,139,7,9,0,0,9,28 Apr 2026 10:44:28,85BEA86982EEAFAAFFEF
UPTD SD NEGERI 3 TANJUNG HARAPAN,10809369,SD,Negeri,Kec. Margatiga,120704,Kab. Lampung Timur,120700,Prov. Lampung,120000,5,2,87,6,17,1,1,5,08 Apr 2026 05:27:52,133A10067A0021625D32
UPTD SD NEGERI 4 GEDUNG WANI,10809380,SD,Negeri,Kec. Margatiga,120704,Kab. Lampung Timur,120700,Prov. Lampung,120000,9,2,113,6,6,0,0,15,17 Apr 2026 09:25:40,8245061C587AA359ED45
UPTD SD NEGERI 4 NEGERI KATON,10805619,SD,Negeri,Kec. Margatiga,120704,Kab. Lampung Timur,120700,Prov. Lampung,120000,6,2,133,6,6,0,1,16,28 Apr 2026 08:24:41,A0C3E36BED54FDA724ED
UPTD SD NEGERI 4 SUKARAJA TIGA,10805635,SD,Negeri,Kec. Margatiga,120704,Kab. Lampung Timur,120700,Prov. Lampung,120000,9,1,117,6,6,0,1,9,06 Mar 2026 09:35:18,B4421429296990118A8C
UPTD SD NEGERI 5 GEDUNG WANI,10815003,SD,Negeri,Kec. Margatiga,120704,Kab. Lampung Timur,120700,Prov. Lampung,120000,6,0,46,6,3,0,0,10,17 Apr 2026 14:06:28,16C321D53006C273A2D4
UPTD SD NEGERI JAYAGUNA,10805712,SD,Negeri,Kec. Margatiga,120704,Kab. Lampung Timur,120700,Prov. Lampung,120000,16,2,197,11,12,0,1,16,11 Apr 2026 16:37:06,8BE045CEB41385E7228C
UPTD SD NEGERI NEGERI TUA,10805709,SD,Negeri,Kec. Margatiga,120704,Kab. Lampung Timur,120700,Prov. Lampung,120000,7,1,67,6,6,0,1,15,03 Mar 2026 05:05:04,D231F1DCDC1864A51E8C
UPTD SD NEGERI NEGERIAGUNG,69815351,SD,Negeri,Kec. Margatiga,120704,Kab. Lampung Timur,120700,Prov. Lampung,120000,7,1,74,6,6,0,1,4,02 Feb 2026 19:39:47,646D4A388BE38F816A87
SD MUHAMMADIYAH Prof. Dr. HAMKA MARGA TIGA,70060025,SD,Swasta,Kec. Margatiga,120704,Kab. Lampung Timur,120700,Prov. Lampung,120000,0,0,0,0,0,0,0,0,,49DD96000FBB3A2054B1
UPTD SMP NEGERI 1 MARGA TIGA,10805968,SMP,Negeri,Kec. Margatiga,120704,Kab. Lampung Timur,120700,Prov. Lampung,120000,29,5,441,15,15,1,1,38,29 Apr 2026 15:12:00,CA27CCAADFB3036A13E0
UPTD SMP NEGERI 2 MARGA TIGA,10805922,SMP,Negeri,Kec. Margatiga,120704,Kab. Lampung Timur,120700,Prov. Lampung,120000,34,9,521,18,17,3,1,45,01 May 2026 21:15:01,2509C60609F9290D497C
SMP AL QURAN TSAMROTUL HIDAYAH,70049961,SMP,Swasta,Kec. Margatiga,120704,Kab. Lampung Timur,120700,Prov. Lampung,120000,10,2,136,6,4,0,0,8,23 Apr 2026 16:24:19,9B546032ECA6C30A8804
SMP CATUR SAKTI,10806049,SMP,Swasta,Kec. Margatiga,120704,Kab. Lampung Timur,120700,Prov. Lampung,120000,4,3,81,3,5,2,1,11,28 Apr 2026 21:57:59,D9931ADABB974D8250EE
SMP ISLAM ASSAADAH,70036382,SMP,Swasta,Kec. Margatiga,120704,Kab. Lampung Timur,120700,Prov. Lampung,120000,2,2,16,3,3,0,0,34,16 Apr 2026 11:45:55,36F81AD8091AFFD452AB
SMP MUH 1 MARGA TIGA,10805899,SMP,Swasta,Kec. Margatiga,120704,Kab. Lampung Timur,120700,Prov. Lampung,120000,11,1,184,7,6,2,1,12,16 Apr 2026 09:40:34,BEC32EEC2D82EE8C0798
SMP PGRI 1 MARGA TIGA,10805913,SMP,Swasta,Kec. Margatiga,120704,Kab. Lampung Timur,120700,Prov. Lampung,120000,7,2,93,4,6,2,1,7,05 Mar 2026 19:44:33,98A0225B651B02DE9FD8
SMP PGRI 3 MARGA TIGA,10805879,SMP,Swasta,Kec. Margatiga,120704,Kab. Lampung Timur,120700,Prov. Lampung,120000,3,1,16,3,5,2,1,7,12 Apr 2026 05:53:34,92E1B290B902425A1A6D
SMAN 1 MARGA TIGA,10805994,SMA,Negeri,Kec. Margatiga,120704,Kab. Lampung Timur,120700,Prov. Lampung,120000,19,7,81,4,9,3,1,10,06 Mar 2026 08:52:12,E074629A80316943FFC1
SMAS CATURSAKTI MARGATIGA,10806032,SMA,Swasta,Kec. Margatiga,120704,Kab. Lampung Timur,120700,Prov. Lampung,120000,7,3,123,6,6,2,1,10,28 Jan 2026 05:58:37,1A7AABD0F8749F091FCC
SMAS PGRI 2 MARGA TIGA,10806005,SMA,Swasta,Kec. Margatiga,120704,Kab. Lampung Timur,120700,Prov. Lampung,120000,15,3,359,12,9,3,1,23,25 Apr 2026 09:33:05,5818903BF948F15FD1A7
SMKS MUHAMMADIYAH 1 MARGA TIGA,10814081,SMK,Swasta,Kec. Margatiga,120704,Kab. Lampung Timur,120700,Prov. Lampung,120000,20,4,439,15,15,2,1,19,01 May 2026 10:56:29,ED5438CD305F7C3ACA87
SMKS NURUL FALAH,10814959,SMK,Swasta,Kec. Margatiga,120704,Kab. Lampung Timur,120700,Prov. Lampung,120000,8,2,120,6,7,2,1,7,21 Apr 2026 09:53:52,3028B3A0F972E00AD19D
UPTD SD NEGERI 1 ADIREJO,10806167,SD,Negeri,Kec. Jabung,120706,Kab. Lampung Timur,120700,Prov. Lampung,120000,11,1,159,8,9,0,1,11,15 Apr 2026 08:04:16,C59FD83E3DF3FE8A88D4
UPTD SD NEGERI 1 ASAHAN,10806165,SD,Negeri,Kec. Jabung,120706,Kab. Lampung Timur,120700,Prov. Lampung,120000,5,4,160,6,8,1,1,40,23 Apr 2026 09:11:02,90C16961A984957ACA31
UPTD SD NEGERI 1 BETENG SARI,10805739,SD,Negeri,Kec. Jabung,120706,Kab. Lampung Timur,120700,Prov. Lampung,120000,6,1,69,6,5,0,1,5,06 Feb 2026 00:07:04,EF30527FF336AA9AF2C2
UPTD SD NEGERI 1 GUNUNG MEKAR,10806485,SD,Negeri,Kec. Jabung,120706,Kab. Lampung Timur,120700,Prov. Lampung,120000,8,2,168,6,8,1,1,5,24 Jan 2026 05:28:20,5BD3E79ED4BB8703C5BB
UPTD SD NEGERI 1 GUNUNG SUGIH KECIL,10806482,SD,Negeri,Kec. Jabung,120706,Kab. Lampung Timur,120700,Prov. Lampung,120000,12,1,217,11,11,1,1,9,29 Apr 2026 11:05:25,E86DEA7973C8C893D0E7
UPTD SD NEGERI 1 JABUNG,10809351,SD,Negeri,Kec. Jabung,120706,Kab. Lampung Timur,120700,Prov. Lampung,120000,13,2,199,10,9,0,1,20,02 Apr 2026 20:59:49,54B8F19C4B8F1C26C03D
UPTD SD NEGERI 1 NEGARA BATIN,10806451,SD,Negeri,Kec. Jabung,120706,Kab. Lampung Timur,120700,Prov. Lampung,120000,23,6,563,20,10,0,1,7,07 Apr 2026 07:41:13,8AFEDF9F9C11E2B1161B
UPTD SD NEGERI 1 NEGARA SAKA,10806477,SD,Negeri,Kec. Jabung,120706,Kab. Lampung Timur,120700,Prov. Lampung,120000,9,2,167,8,8,0,0,7,25 Apr 2026 11:08:36,D47E3180C5449D8B9471
UPTD SD NEGERI 2 ADIREJO,10806385,SD,Negeri,Kec. Jabung,120706,Kab. Lampung Timur,120700,Prov. Lampung,120000,6,1,70,6,6,0,0,9,17 Apr 2026 20:57:00,62869057A90968595EB2
UPTD SD NEGERI 2 ASAHAN,10806383,SD,Negeri,Kec. Jabung,120706,Kab. Lampung Timur,120700,Prov. Lampung,120000,15,0,206,11,7,0,1,6,09 Apr 2026 11:01:05,4E2BC5E895143A465EA9
UPTD SD NEGERI 2 BETENG SARI,10806200,SD,Negeri,Kec. Jabung,120706,Kab. Lampung Timur,120700,Prov. Lampung,120000,7,0,96,6,6,0,0,5,04 Feb 2026 08:28:57,E8EDE84042A0EAF7F81D
UPTD SD NEGERI 2 GUNUNG MEKAR,10806350,SD,Negeri,Kec. Jabung,120706,Kab. Lampung Timur,120700,Prov. Lampung,120000,8,1,172,7,6,0,1,14,10 Apr 2026 21:16:33,4B2621DC7EB085FDF346
UPTD SD NEGERI 2 JABUNG,10806448,SD,Negeri,Kec. Jabung,120706,Kab. Lampung Timur,120700,Prov. Lampung,120000,10,1,206,9,8,0,0,37,22 Apr 2026 08:14:42,6BE5B2A6C0F71012C103
UPTD SD NEGERI 2 NEGARA BATIN,10806419,SD,Negeri,Kec. Jabung,120706,Kab. Lampung Timur,120700,Prov. Lampung,120000,13,3,394,14,11,0,1,6,26 Apr 2026 22:00:18,13EB24C6F1BEF85F4302
UPTD SD NEGERI 2 PEMETANG TAHALO,10806202,SD,Negeri,Kec. Jabung,120706,Kab. Lampung Timur,120700,Prov. Lampung,120000,9,1,143,6,6,0,0,6,07 Mar 2026 10:11:09,49CF67567604BDECAACC
UPTD SD NEGERI 3 JABUNG,10805853,SD,Negeri,Kec. Jabung,120706,Kab. Lampung Timur,120700,Prov. Lampung,120000,7,0,89,6,5,0,1,7,03 Mar 2026 22:11:34,502D309BF1351D1264ED
UPTD SD NEGERI 3 NEGARA BATIN,10805810,SD,Negeri,Kec. Jabung,120706,Kab. Lampung Timur,120700,Prov. Lampung,120000,8,1,105,6,4,0,0,19,13 Apr 2026 18:26:02,A4CC65E6ACDB5D672D48
UPTD SD NEGERI 3 PEMATANG TAHALO,10806186,SD,Negeri,Kec. Jabung,120706,Kab. Lampung Timur,120700,Prov. Lampung,120000,8,1,96,6,6,0,0,22,25 Apr 2026 10:07:38,1A683D2F97B8EA81AE95
UPTD SD NEGERI ADILUHUR,69966744,SD,Negeri,Kec. Jabung,120706,Kab. Lampung Timur,120700,Prov. Lampung,120000,7,0,153,6,5,0,1,15,20 Apr 2026 22:57:43,695DC640C2E8D53AEEAA
UPTD SD NEGERI BELIMBING SARI,69967094,SD,Negeri,Kec. Jabung,120706,Kab. Lampung Timur,120700,Prov. Lampung,120000,8,0,88,6,6,0,1,12,27 Apr 2026 09:03:53,36E05010342BADB1BE48
UPTD SD NEGERI MEKAR JAYA,10805698,SD,Negeri,Kec. Jabung,120706,Kab. Lampung Timur,120700,Prov. Lampung,120000,7,1,119,6,5,0,0,8,26 Feb 2026 15:04:52,D1C6FF39C03FF33D9E3B
UPTD SD NEGERI MUMBANG JAYA,10805710,SD,Negeri,Kec. Jabung,120706,Kab. Lampung Timur,120700,Prov. Lampung,120000,9,1,194,6,6,0,1,12,11 Apr 2026 20:04:08,B9399167631FE436C15D
UPTD SD NEGERI PEMATANG TAHALO,10805706,SD,Negeri,Kec. Jabung,120706,Kab. Lampung Timur,120700,Prov. Lampung,120000,18,2,294,12,10,0,1,9,04 Apr 2026 11:29:53,17C21F5DF959E579DEEE
UPTD SD NEGERI SAMBIREJO,10806402,SD,Negeri,Kec. Jabung,120706,Kab. Lampung Timur,120700,Prov. Lampung,120000,9,0,150,8,6,0,1,14,28 Apr 2026 10:48:20,24F597C8DC970EFC34CA
UPTD SD NEGERI TANJUNG SARI,10805737,SD,Negeri,Kec. Jabung,120706,Kab. Lampung Timur,120700,Prov. Lampung,120000,7,2,201,6,6,0,1,9,25 Apr 2026 08:50:18,948423D55045F62B7287
SD TEGAL SARI,10809397,SD,Swasta,Kec. Jabung,120706,Kab. Lampung Timur,120700,Prov. Lampung,120000,4,1,67,6,4,0,0,7,16 Apr 2026 10:49:05,823B0A172C41482E23F4
UPTD SMP NEGERI 1 JABUNG,10805973,SMP,Negeri,Kec. Jabung,120706,Kab. Lampung Timur,120700,Prov. Lampung,120000,36,4,712,23,21,2,1,38,29 Apr 2026 09:54:40,D2CA3A4B65AF05FD07C9
UPTD SMP NEGERI 2 JABUNG,10814606,SMP,Negeri,Kec. Jabung,120706,Kab. Lampung Timur,120700,Prov. Lampung,120000,11,3,174,6,6,4,1,29,29 Apr 2026 18:39:43,231B9A7DDCE4CC9DBB9C
UPTD SMP NEGERI 3 JABUNG,10814601,SMP,Negeri,Kec. Jabung,120706,Kab. Lampung Timur,120700,Prov. Lampung,120000,27,7,519,16,12,2,1,29,24 Apr 2026 09:41:40,C3296327398B775AC81A
UPTD SMP NEGERI 4 JABUNG SATAP,69900380,SMP,Negeri,Kec. Jabung,120706,Kab. Lampung Timur,120700,Prov. Lampung,120000,7,1,80,3,3,1,1,9,30 Apr 2026 09:41:48,E6AEEEE4E6BB974D10E9
SMP PGRI 6 JABUNG,10805961,SMP,Swasta,Kec. Jabung,120706,Kab. Lampung Timur,120700,Prov. Lampung,120000,5,1,39,3,4,0,1,11,05 Mar 2026 19:43:13,75A990AB462AE6BF5429
SMP PGRI 7 JABUNG,10805960,SMP,Swasta,Kec. Jabung,120706,Kab. Lampung Timur,120700,Prov. Lampung,120000,4,2,76,3,5,0,1,8,28 Apr 2026 19:57:56,B9AFF5271BC38DDA772C
SMP TAHFIDHUL QURAN HIDAYATUL MUBTADI-IEN,69989971,SMP,Swasta,Kec. Jabung,120706,Kab. Lampung Timur,120700,Prov. Lampung,120000,7,2,26,3,3,1,1,7,29 Jan 2026 00:06:37,69FE64B22D4CA4EB43B4
SMP UNGGULAN AL-FALAH,70012026,SMP,Swasta,Kec. Jabung,120706,Kab. Lampung Timur,120700,Prov. Lampung,120000,7,1,61,3,3,0,1,17,20 Apr 2026 09:16:21,89E74801D9B3DEE4C117
SMAN 1 JABUNG,10805997,SMA,Negeri,Kec. Jabung,120706,Kab. Lampung Timur,120700,Prov. Lampung,120000,27,6,377,12,12,9,2,41,22 Apr 2026 07:42:14,BE28C09D8CCAF193E9AC
SMA BAKAT AL FATIMIYAH,70032924,SMA,Swasta,Kec. Jabung,120706,Kab. Lampung Timur,120700,Prov. Lampung,120000,5,1,55,3,3,0,0,13,09 Apr 2026 00:56:56,6A1B1D610F9AAB436417
SMA TAHFIDHUL QURAN HIDAYATUL MUBTADI-IEN,70005058,SMA,Swasta,Kec. Jabung,120706,Kab. Lampung Timur,120700,Prov. Lampung,120000,4,1,126,6,6,1,2,25,27 Apr 2026 19:39:55,AC49B98BD40D16130566
SMAS MA ARIF 2 NURUL HUDA ADIREJO,10806025,SMA,Swasta,Kec. Jabung,120706,Kab. Lampung Timur,120700,Prov. Lampung,120000,14,2,108,7,7,2,1,12,28 Apr 2026 09:59:02,53C2FB2B1FD41F1BF29D
SMKS PERINTIS ADILUHUR,10814983,SMK,Swasta,Kec. Jabung,120706,Kab. Lampung Timur,120700,Prov. Lampung,120000,20,8,259,13,16,1,1,32,02 May 2026 09:33:18,A9EFA75397D04E0C5FC7
UPTD SD NEGERI 1 JEMBRANA,10806494,SD,Negeri,Kec. Waway Karya,120721,Kab. Lampung Timur,120700,Prov. Lampung,120000,8,1,130,6,6,0,1,7,27 Apr 2026 10:12:03,AF44563D86F642EC025C
UPTD SD NEGERI 1 MARGABATIN,10806478,SD,Negeri,Kec. Waway Karya,120721,Kab. Lampung Timur,120700,Prov. Lampung,120000,16,4,448,15,14,0,1,39,08 Apr 2026 19:18:22,8BFEE449CCF5A133FBF1
UPTD SD NEGERI 1 MEKAR KARYA,10805699,SD,Negeri,Kec. Waway Karya,120721,Kab. Lampung Timur,120700,Prov. Lampung,120000,9,0,129,6,6,0,1,15,29 Apr 2026 22:26:24,6E0D2EDEFBF987DCB19A
UPTD SD NEGERI 1 NGESTI KARYA,10806398,SD,Negeri,Kec. Waway Karya,120721,Kab. Lampung Timur,120700,Prov. Lampung,120000,15,2,294,12,12,0,1,30,09 Apr 2026 17:25:42,59591261F5BAE0744835
UPTD SD NEGERI 1 SIDORAHAYU,10806563,SD,Negeri,Kec. Waway Karya,120721,Kab. Lampung Timur,120700,Prov. Lampung,120000,10,2,197,8,9,0,1,12,23 Apr 2026 11:30:05,0603F0D15FAF11BF5FF2
UPTD SD NEGERI 1 SUMBER JAYA,10806518,SD,Negeri,Kec. Waway Karya,120721,Kab. Lampung Timur,120700,Prov. Lampung,120000,15,2,312,12,9,0,1,19,03 Apr 2026 13:01:37,7BF9E655A3378E7829CB
UPTD SD NEGERI 2 JEMBRANA,10809364,SD,Negeri,Kec. Waway Karya,120721,Kab. Lampung Timur,120700,Prov. Lampung,120000,9,1,91,6,6,0,1,23,30 Apr 2026 08:31:10,262627EAFA0556506C0B
UPTD SD NEGERI 2 MARGABATIN,10806446,SD,Negeri,Kec. Waway Karya,120721,Kab. Lampung Timur,120700,Prov. Lampung,120000,8,0,113,6,5,0,0,18,06 Apr 2026 22:39:28,B90406BE4275989CD2D5
UPTD SD NEGERI 2 MEKAR KARYA,10806201,SD,Negeri,Kec. Waway Karya,120721,Kab. Lampung Timur,120700,Prov. Lampung,120000,9,0,79,6,6,0,0,32,01 May 2026 11:11:27,FE3A5BBCB0593F374BAE
UPTD SD NEGERI 2 NGESTI KARYA,10805806,SD,Negeri,Kec. Waway Karya,120721,Kab. Lampung Timur,120700,Prov. Lampung,120000,9,0,91,6,6,0,1,8,04 Mar 2026 09:05:47,C8728C3DD8C270C7D914
UPTD SD NEGERI 2 SIDORAHAYU,10805782,SD,Negeri,Kec. Waway Karya,120721,Kab. Lampung Timur,120700,Prov. Lampung,120000,11,3,198,9,8,0,1,16,20 Apr 2026 11:50:46,1DA9DD0A8096F9977450
UPTD SD NEGERI 2 SUMBERJAYA,10805794,SD,Negeri,Kec. Waway Karya,120721,Kab. Lampung Timur,120700,Prov. Lampung,120000,7,2,128,6,6,0,0,19,21 Apr 2026 14:18:54,F2775EDC267A9CFD5C34
UPTD SD NEGERI KARANG ANOM,10805788,SD,Negeri,Kec. Waway Karya,120721,Kab. Lampung Timur,120700,Prov. Lampung,120000,15,1,263,12,12,1,1,18,11 Apr 2026 09:40:26,BC22F774053B6E7D8E3B
UPTD SD NEGERI KARYA BASUKI,10806474,SD,Negeri,Kec. Waway Karya,120721,Kab. Lampung Timur,120700,Prov. Lampung,120000,9,2,142,6,8,0,0,12,02 Apr 2026 14:10:47,B5965F51887DD82CAF5E
UPTD SD NEGERI SUMBERREJO,10806512,SD,Negeri,Kec. Waway Karya,120721,Kab. Lampung Timur,120700,Prov. Lampung,120000,22,2,392,16,16,0,1,20,04 Apr 2026 21:02:13,225088D12995B091F82D
UPTD SD NEGERI TANJUNGWANGI,10806011,SD,Negeri,Kec. Waway Karya,120721,Kab. Lampung Timur,120700,Prov. Lampung,120000,15,1,214,11,8,0,1,51,05 Apr 2026 21:01:50,A33EF1BBA46193F0F01B
UPTD SD NEGERI TRI TUNGGAL,10806023,SD,Negeri,Kec. Waway Karya,120721,Kab. Lampung Timur,120700,Prov. Lampung,120000,16,2,302,12,12,0,1,28,30 Mar 2026 19:42:04,41AC5FA7D8B4C2EB50E6
SD ASSAHIL,69971634,SD,Swasta,Kec. Waway Karya,120721,Kab. Lampung Timur,120700,Prov. Lampung,120000,6,2,99,6,3,0,0,18,24 Apr 2026 23:42:21,F580AC08BA76BB5D7B44
SD ISLAM PLUS NUR HIDAYAH AL-AMIN,70055104,SD,Swasta,Kec. Waway Karya,120721,Kab. Lampung Timur,120700,Prov. Lampung,120000,4,4,43,4,4,0,0,14,04 Mar 2026 10:29:02,879E7058D64809DDB100
UPTD SMP NEGERI 1 WAWAY KARYA,10805931,SMP,Negeri,Kec. Waway Karya,120721,Kab. Lampung Timur,120700,Prov. Lampung,120000,25,2,484,16,15,2,1,41,25 Apr 2026 13:44:22,8ED934539CE2D1E8746B
UPTD SMP NEGERI 2 WAWAY KARYA,10814599,SMP,Negeri,Kec. Waway Karya,120721,Kab. Lampung Timur,120700,Prov. Lampung,120000,18,3,255,9,9,2,1,18,17 Apr 2026 19:53:41,1DAEC97B8CF67C076F42
SMP ASSAHIL,69915715,SMP,Swasta,Kec. Waway Karya,120721,Kab. Lampung Timur,120700,Prov. Lampung,120000,6,4,235,9,6,0,0,22,30 Apr 2026 21:42:25,A1FD4B443AF9ED4FB18B
SMP ISLAM AL MARUF,10814914,SMP,Swasta,Kec. Waway Karya,120721,Kab. Lampung Timur,120700,Prov. Lampung,120000,2,1,19,3,3,0,1,2,20 Jan 2026 10:36:11,6DCB4634A1CF77782FD9
SMP ISLAM PLUS NUR HIDAYAH AL-AMIN,70025777,SMP,Swasta,Kec. Waway Karya,120721,Kab. Lampung Timur,120700,Prov. Lampung,120000,3,3,27,3,6,1,1,17,02 Feb 2026 22:00:04,C0A1922BE4D2B15FBCBC
SMP MUHAMMADIYAH WAWAY KARYA,10805898,SMP,Swasta,Kec. Waway Karya,120721,Kab. Lampung Timur,120700,Prov. Lampung,120000,4,1,102,4,5,2,1,21,18 Apr 2026 09:35:31,E0181BC0F9F77A8F1566
SMP PGRI 2 WAWAY KARYA,10805886,SMP,Swasta,Kec. Waway Karya,120721,Kab. Lampung Timur,120700,Prov. Lampung,120000,10,2,247,9,8,2,1,23,19 Apr 2026 11:24:13,E274B5FDD47B13A0FBDA
SMPS ISLAM AL BAROKAH,69769396,SMP,Swasta,Kec. Waway Karya,120721,Kab. Lampung Timur,120700,Prov. Lampung,120000,8,0,48,3,6,0,1,24,23 Apr 2026 09:13:27,590C39189F472CE6DAEB
SMAN 1 WAWAY KARYA,10814059,SMA,Negeri,Kec. Waway Karya,120721,Kab. Lampung Timur,120700,Prov. Lampung,120000,31,9,614,18,16,9,1,22,16 Apr 2026 09:54:06,67DD018781BF78DDF0C8
SMA ASSAHIL,69973014,SMA,Swasta,Kec. Waway Karya,120721,Kab. Lampung Timur,120700,Prov. Lampung,120000,7,1,147,6,3,1,0,17,20 Apr 2026 21:48:50,34E113ACF3EDE8ACB806
SMK PUTRA BANGSA,69954403,SMK,Swasta,Kec. Waway Karya,120721,Kab. Lampung Timur,120700,Prov. Lampung,120000,14,4,106,7,8,0,0,17,01 May 2026 17:45:36,8DAF862DCE404DF963DD
SMK TERPADU WAWAY KARYA,69972843,SMK,Swasta,Kec. Waway Karya,120721,Kab. Lampung Timur,120700,Prov. Lampung,120000,9,3,100,6,5,1,1,31,29 Apr 2026 07:55:44,35D8D07F4C866F843984
SMKS AL MARUF,10814981,SMK,Swasta,Kec. Waway Karya,120721,Kab. Lampung Timur,120700,Prov. Lampung,120000,2,1,23,4,6,3,1,4,21 Apr 2026 09:34:46,4A48EF9C62E43A9CB801
UPTD SD NEGERI 1 BRAJA INDAH,10806181,SD,Negeri,Kec. Braja Selebah,120716,Kab. Lampung Timur,120700,Prov. Lampung,120000,10,1,172,8,9,0,1,12,24 Apr 2026 08:05:43,4F3F4AF0733586278097
UPTD SD NEGERI 1 BRAJA LUHUR,10806180,SD,Negeri,Kec. Braja Selebah,120716,Kab. Lampung Timur,120700,Prov. Lampung,120000,11,0,247,10,11,0,1,12,15 Apr 2026 21:32:40,6EF0E70013FEA3BD3088
UPTD SD NEGERI 1 BRAJAHARJOSARI,10806178,SD,Negeri,Kec. Braja Selebah,120716,Kab. Lampung Timur,120700,Prov. Lampung,120000,8,2,104,6,11,1,1,21,27 Apr 2026 09:53:10,53E58A43ACDCFBE72961
UPTD SD NEGERI 1 BRAJAYEKTI,10806177,SD,Negeri,Kec. Braja Selebah,120716,Kab. Lampung Timur,120700,Prov. Lampung,120000,10,1,192,7,8,0,1,10,18 Mar 2026 15:57:36,CE7F4FD01A8402E76A63
UPTD SD NEGERI 2 BRAJA INDAH,10806342,SD,Negeri,Kec. Braja Selebah,120716,Kab. Lampung Timur,120700,Prov. Lampung,120000,8,1,84,6,6,1,1,21,27 Apr 2026 10:04:50,D7A97DAA209E46FE22D2
UPTD SD NEGERI 2 BRAJA LUHUR,10806341,SD,Negeri,Kec. Braja Selebah,120716,Kab. Lampung Timur,120700,Prov. Lampung,120000,9,0,121,6,6,0,1,33,02 May 2026 09:04:57,EB006D88D851B1C6A8D8
UPTD SD NEGERI 2 BRAJAHARJOSARI,10806339,SD,Negeri,Kec. Braja Selebah,120716,Kab. Lampung Timur,120700,Prov. Lampung,120000,10,1,134,7,7,0,1,19,25 Apr 2026 08:42:05,A04ADEC344BFEB130084
UPTD SD NEGERI 2 BRAJAYEKTI,10806338,SD,Negeri,Kec. Braja Selebah,120716,Kab. Lampung Timur,120700,Prov. Lampung,120000,7,2,136,6,6,0,1,16,30 Apr 2026 13:25:31,B436F98A4C2A845E5233
UPTD SD NEGERI 3 BRAJAHARJOSARI,10805837,SD,Negeri,Kec. Braja Selebah,120716,Kab. Lampung Timur,120700,Prov. Lampung,120000,8,1,75,6,6,0,0,22,27 Apr 2026 08:18:25,B8B0B2778EC28DD8A1F0
UPTD SD NEGERI BRAJA GEMILANG,10806182,SD,Negeri,Kec. Braja Selebah,120716,Kab. Lampung Timur,120700,Prov. Lampung,120000,13,0,174,9,9,0,1,24,18 Apr 2026 14:28:25,6CAA519C51ACA8328F9D
UPTD SD NEGERI BRAJA KENCANA,10805732,SD,Negeri,Kec. Braja Selebah,120716,Kab. Lampung Timur,120700,Prov. Lampung,120000,15,2,219,11,11,0,1,29,29 Apr 2026 10:46:17,83BDC471D694F5C007D0
UPTD SD NEGERI BRAJA MULYA,10806343,SD,Negeri,Kec. Braja Selebah,120716,Kab. Lampung Timur,120700,Prov. Lampung,120000,8,0,133,6,6,0,1,16,27 Apr 2026 09:58:02,41475FFDD0BFA7172103
SD MUHAMMADIYAH AHMAD DAHLAN BRAJA SELEBAH,70003229,SD,Swasta,Kec. Braja Selebah,120716,Kab. Lampung Timur,120700,Prov. Lampung,120000,11,3,179,8,6,0,0,34,28 Apr 2026 11:16:59,17577EDAE4002CAD28EB
SD NU DARUSSALAMAH SELEBAH,70036500,SD,Swasta,Kec. Braja Selebah,120716,Kab. Lampung Timur,120700,Prov. Lampung,120000,7,2,90,6,6,0,1,13,27 Apr 2026 10:26:55,D30F4751D425F4FD4806
UPTD SMP NEGERI 1 BRAJA SELEBAH,10805963,SMP,Negeri,Kec. Braja Selebah,120716,Kab. Lampung Timur,120700,Prov. Lampung,120000,26,10,538,17,19,2,1,31,25 Apr 2026 07:35:22,BB2B3697BFD1B19CABBE
SMP IBNU SINA BRAJA SELEBAH,10806043,SMP,Swasta,Kec. Braja Selebah,120716,Kab. Lampung Timur,120700,Prov. Lampung,120000,6,2,60,3,6,2,1,25,29 Apr 2026 07:58:24,3BE3428B9E9BF4E54235
SMP ISLAM YPI 1 BRAJA SELEBAH LAMPUNG TIMUR,10806040,SMP,Swasta,Kec. Braja Selebah,120716,Kab. Lampung Timur,120700,Prov. Lampung,120000,18,3,305,10,12,2,1,10,29 Apr 2026 22:08:21,CE8781C5D87171A51CD1
SMP NU DARUSSALAMAH SELEBAH,70036501,SMP,Swasta,Kec. Braja Selebah,120716,Kab. Lampung Timur,120700,Prov. Lampung,120000,7,2,109,3,3,2,1,26,27 Apr 2026 10:06:11,535E3FA2E95148B7CC4B
SMP PGRI 1 BRAJA SELEBAH,10805905,SMP,Swasta,Kec. Braja Selebah,120716,Kab. Lampung Timur,120700,Prov. Lampung,120000,8,1,57,3,3,2,1,37,23 Apr 2026 11:12:21,E0B64B27F25B44A53E76
SMP PGRI 2 BRAJA SELEBAH,10805868,SMP,Swasta,Kec. Braja Selebah,120716,Kab. Lampung Timur,120700,Prov. Lampung,120000,7,2,98,3,3,2,1,21,17 Apr 2026 09:59:29,BB23E6518BEA325EBF1F
SMP Q.T GLOBAL LANGUAGE,70012335,SMP,Swasta,Kec. Braja Selebah,120716,Kab. Lampung Timur,120700,Prov. Lampung,120000,7,2,33,3,3,1,1,13,20 Apr 2026 09:51:22,20CD737C1A29EA25A3FE
SMA NU DARUSSALAMAH SELEBAH,70053591,SMA,Swasta,Kec. Braja Selebah,120716,Kab. Lampung Timur,120700,Prov. Lampung,120000,4,2,50,3,3,1,1,11,14 Mar 2026 08:38:01,0B5B634A4FFB8A476A9A
SMAS IBNU SINA WAY JEPARA,10806031,SMA,Swasta,Kec. Braja Selebah,120716,Kab. Lampung Timur,120700,Prov. Lampung,120000,7,3,51,3,3,1,1,18,28 Apr 2026 11:21:55,8C77605ECA899A1EE4C6
SMAS MUHAMMADIYAH BRAJA SELEBAH,10805988,SMA,Swasta,Kec. Braja Selebah,120716,Kab. Lampung Timur,120700,Prov. Lampung,120000,15,3,247,8,8,4,1,34,17 Apr 2026 13:33:05,737F6A749A2EA8B2977F
SMK NEGERI 1 BRAJA SELEBAH,69948201,SMK,Negeri,Kec. Braja Selebah,120716,Kab. Lampung Timur,120700,Prov. Lampung,120000,33,8,430,17,8,1,1,57,30 Apr 2026 14:13:15,284CB905574BA8A328D5
SMKS DARUN NAJAH,10811845,SMK,Swasta,Kec. Braja Selebah,120716,Kab. Lampung Timur,120700,Prov. Lampung,120000,18,3,289,11,8,1,1,59,02 May 2026 09:05:54,9CC67F319264097441F0
SMKS MUHAMMADIYAH BRAJA SELEBAH,10814089,SMK,Swasta,Kec. Braja Selebah,120716,Kab. Lampung Timur,120700,Prov. Lampung,120000,13,3,146,10,10,0,1,11,28 Apr 2026 10:19:50,DD59317BC0670A28C143
SMKS SAINS QUR AN BRAJA SELEBAH,10814984,SMK,Swasta,Kec. Braja Selebah,120716,Kab. Lampung Timur,120700,Prov. Lampung,120000,10,2,44,4,6,1,0,12,02 Apr 2026 11:07:18,D11732A39E7CC21EF2C2
UPTD SD NEGERI 1 TAMAN NEGERI,10806532,SD,Negeri,Kec. Way Bungur,120725,Kab. Lampung Timur,120700,Prov. Lampung,120000,12,1,187,9,9,0,1,57,01 May 2026 17:40:42,8C711B859442129FE96B
UPTD SD NEGERI 1 TAMBAH SUBUR,10806528,SD,Negeri,Kec. Way Bungur,120725,Kab. Lampung Timur,120700,Prov. Lampung,120000,11,1,176,8,12,0,1,7,02 Mar 2026 21:12:05,4BA35F7C127A0E599123
UPTD SD NEGERI 1 TANJUNG QENCONO,10806509,SD,Negeri,Kec. Way Bungur,120725,Kab. Lampung Timur,120700,Prov. Lampung,120000,10,2,167,8,8,1,1,8,04 Apr 2026 08:22:18,AD7E9688A9D2723D3227
UPTD SD NEGERI 1 TANJUNG TIRTO,10806389,SD,Negeri,Kec. Way Bungur,120725,Kab. Lampung Timur,120700,Prov. Lampung,120000,8,1,42,6,6,0,1,23,10 Apr 2026 13:31:47,4B83CAA5C2AD602D163D
UPTD SD NEGERI 1 TEGAL OMBO,10806372,SD,Negeri,Kec. Way Bungur,120725,Kab. Lampung Timur,120700,Prov. Lampung,120000,8,0,94,6,6,0,0,9,31 Mar 2026 18:20:33,C7FD874EB118E3CFAA58
UPTD SD NEGERI 1 TOTO MULYO,10806366,SD,Negeri,Kec. Way Bungur,120725,Kab. Lampung Timur,120700,Prov. Lampung,120000,9,1,68,6,6,0,0,17,03 Mar 2026 07:38:11,99183FF4D4D6889DC265
UPTD SD NEGERI 2 TAMAN NEGERI,10805749,SD,Negeri,Kec. Way Bungur,120725,Kab. Lampung Timur,120700,Prov. Lampung,120000,12,0,196,9,9,1,1,11,20 Apr 2026 13:05:16,01B81BD49D501633C651
UPTD SD NEGERI 2 TAMBAH SUBUR,10805746,SD,Negeri,Kec. Way Bungur,120725,Kab. Lampung Timur,120700,Prov. Lampung,120000,8,1,92,6,6,0,1,16,29 Apr 2026 08:28:24,4B7D7C45469C5442B906
UPTD SD NEGERI 2 TANJUNG QENCONO,10805757,SD,Negeri,Kec. Way Bungur,120725,Kab. Lampung Timur,120700,Prov. Lampung,120000,8,1,84,6,6,0,1,9,20 Apr 2026 10:52:52,36F50D94C7C7DCC079DB
UPTD SD NEGERI 2 TANJUNG TIRTO,10805768,SD,Negeri,Kec. Way Bungur,120725,Kab. Lampung Timur,120700,Prov. Lampung,120000,9,0,29,6,6,0,1,12,04 Apr 2026 08:25:01,BD157CF549EA19F74F81
UPTD SD NEGERI 2 TEGAL OMBO,10805766,SD,Negeri,Kec. Way Bungur,120725,Kab. Lampung Timur,120700,Prov. Lampung,120000,6,2,60,6,6,0,1,12,30 Apr 2026 08:44:54,0B5A3E282605657467A4
UPTD SD NEGERI 2 TOTO MULYO,10805760,SD,Negeri,Kec. Way Bungur,120725,Kab. Lampung Timur,120700,Prov. Lampung,120000,8,1,60,6,6,0,0,6,04 Mar 2026 08:57:21,C1881885D08B657731C7
UPTD SD NEGERI 3 TEGAL OMBO,10805669,SD,Negeri,Kec. Way Bungur,120725,Kab. Lampung Timur,120700,Prov. Lampung,120000,8,1,49,6,6,0,0,10,09 Apr 2026 00:25:34,B8B8F4262B7886C4FD6C
UPTD SD NEGERI KALIPASIR,10805697,SD,Negeri,Kec. Way Bungur,120725,Kab. Lampung Timur,120700,Prov. Lampung,120000,15,3,282,12,12,0,1,28,04 Mar 2026 20:33:11,E27C004EADCD3933C41B
UPTD SD NEGERI TOTO PROJO,10806010,SD,Negeri,Kec. Way Bungur,120725,Kab. Lampung Timur,120700,Prov. Lampung,120000,9,0,93,6,6,0,1,29,27 Apr 2026 09:51:26,D429B6AA7C3786149838
SD AKBAR,70055945,SD,Swasta,Kec. Way Bungur,120725,Kab. Lampung Timur,120700,Prov. Lampung,120000,3,1,26,2,2,0,0,6,11 Feb 2026 15:22:00,3FB1890C727EB062FAB5
SD TUNAS BANGSA,69913518,SD,Swasta,Kec. Way Bungur,120725,Kab. Lampung Timur,120700,Prov. Lampung,120000,5,2,77,6,7,1,1,22,15 Apr 2026 10:17:37,7E5F258ACD95D422A34E
UPTD SMP NEGERI 1 WAY BUNGUR,10805930,SMP,Negeri,Kec. Way Bungur,120725,Kab. Lampung Timur,120700,Prov. Lampung,120000,28,8,490,17,18,2,1,24,29 Apr 2026 14:24:59,99C2FAFF2BD3D5991788
UPTD SMP NEGERI 2 WAY BUNGUR,10805945,SMP,Negeri,Kec. Way Bungur,120725,Kab. Lampung Timur,120700,Prov. Lampung,120000,18,4,258,10,11,3,2,44,29 Apr 2026 09:26:56,8F54E4E0AD67712DBF18
UPTD SMP NEGERI 3 WAY BUNGUR,10811882,SMP,Negeri,Kec. Way Bungur,120725,Kab. Lampung Timur,120700,Prov. Lampung,120000,16,3,125,5,8,2,2,22,27 Apr 2026 10:05:59,028FAE7F2457BBBE1F53
SMP BAITUL ROHMAN BOARDING SCHOOL,70061056,SMP,Swasta,Kec. Way Bungur,120725,Kab. Lampung Timur,120700,Prov. Lampung,120000,0,1,0,0,0,0,0,0,24 Apr 2026 10:41:09,07011EAE486E7C3E8D73
SMA N 1 WAY BUNGUR,69892474,SMA,Negeri,Kec. Way Bungur,120725,Kab. Lampung Timur,120700,Prov. Lampung,120000,22,1,239,8,10,3,1,30,23 Apr 2026 09:10:46,B7535711AAE53362AC6C
SMKN 1 WAY BUNGUR,10812267,SMK,Negeri,Kec. Way Bungur,120725,Kab. Lampung Timur,120700,Prov. Lampung,120000,53,10,429,22,23,1,1,74,02 May 2026 10:18:59,96927F415570DC091FFA
SMK DARUL FATTAH WAY BUNGUR,69984372,SMK,Swasta,Kec. Way Bungur,120725,Kab. Lampung Timur,120700,Prov. Lampung,120000,8,3,17,3,3,0,0,7,20 Apr 2026 22:25:26,01F0775492393290350C
UPTD SD NEGERI 1 LABUHAN RATU,10806497,SD,Negeri,Kec. Labuhan Ratu,120723,Kab. Lampung Timur,120700,Prov. Lampung,120000,7,1,130,6,6,0,1,19,29 Mar 2026 08:02:30,FEE247906CFA2FAD2EA3
UPTD SD NEGERI 1 LABUHAN RATU DELAPAN,10814679,SD,Negeri,Kec. Labuhan Ratu,120723,Kab. Lampung Timur,120700,Prov. Lampung,120000,14,2,235,12,12,0,1,16,30 Apr 2026 12:18:17,9D1E286CE9F19A8EEB1D
UPTD SD NEGERI 1 LABUHAN RATU ENAM,10806495,SD,Negeri,Kec. Labuhan Ratu,120723,Kab. Lampung Timur,120700,Prov. Lampung,120000,15,2,281,12,15,0,1,18,25 Apr 2026 09:54:34,D7E3B2370F9BEF132D9D
UPTD SD NEGERI 1 LABUHAN RATU TUJUH,10806480,SD,Negeri,Kec. Labuhan Ratu,120723,Kab. Lampung Timur,120700,Prov. Lampung,120000,11,0,183,8,12,0,1,19,16 Apr 2026 11:56:04,DF68E526351737E6977B
UPTD SD NEGERI 1 RAJABASA LAMA,10806508,SD,Negeri,Kec. Labuhan Ratu,120723,Kab. Lampung Timur,120700,Prov. Lampung,120000,8,2,123,6,10,0,1,52,27 Apr 2026 11:28:53,6C98F730CD6242E30820
UPTD SD NEGERI 2 LABUHAN RATU,10895832,SD,Negeri,Kec. Labuhan Ratu,120723,Kab. Lampung Timur,120700,Prov. Lampung,120000,7,3,103,6,7,0,0,27,12 Apr 2026 22:16:00,6B8A44AD286A2065C81E
UPTD SD NEGERI 2 LABUHAN RATU TUJUH,10806434,SD,Negeri,Kec. Labuhan Ratu,120723,Kab. Lampung Timur,120700,Prov. Lampung,120000,12,1,222,10,12,0,1,48,01 May 2026 20:02:09,3B2BEDCF3D077CEE37E0
UPTD SD NEGERI 2 RAJABASA LAMA,10806405,SD,Negeri,Kec. Labuhan Ratu,120723,Kab. Lampung Timur,120700,Prov. Lampung,120000,24,0,458,17,13,0,1,10,24 Apr 2026 10:17:52,AFD390095FF068C2C60D
UPTD SD NEGERI 3 RAJABASA LAMA,10809373,SD,Negeri,Kec. Labuhan Ratu,120723,Kab. Lampung Timur,120700,Prov. Lampung,120000,11,1,205,9,7,0,1,18,24 Apr 2026 08:21:39,C58685B48BE7AA9C1B6B
UPTD SD NEGERI 4 RAJABASA LAMA,10805616,SD,Negeri,Kec. Labuhan Ratu,120723,Kab. Lampung Timur,120700,Prov. Lampung,120000,16,0,287,12,10,0,1,28,28 Apr 2026 12:38:19,6EBD9E3B95AA60EE2252
UPTD SD NEGERI 5 RAJABASA LAMA,10805723,SD,Negeri,Kec. Labuhan Ratu,120723,Kab. Lampung Timur,120700,Prov. Lampung,120000,9,1,172,6,7,0,1,14,25 Apr 2026 18:19:22,2A503B77D3DC1C385A93
UPTD SD NEGERI 6 RAJABASA LAMA,10805716,SD,Negeri,Kec. Labuhan Ratu,120723,Kab. Lampung Timur,120700,Prov. Lampung,120000,6,1,61,6,5,0,0,9,14 Apr 2026 12:15:06,41FA72A6487954231408
UPTD SD NEGERI 7 RAJABASA LAMA,10805727,SD,Negeri,Kec. Labuhan Ratu,120723,Kab. Lampung Timur,120700,Prov. Lampung,120000,7,3,149,6,6,0,1,7,30 Apr 2026 11:29:24,D0BA0129BA1D7335AE3C
UPTD SD NEGERI LABUHAN RATU EMPAT,10805690,SD,Negeri,Kec. Labuhan Ratu,120723,Kab. Lampung Timur,120700,Prov. Lampung,120000,15,0,224,11,10,0,1,15,16 Apr 2026 11:43:20,E75437DD7F0F562365E4
UPTD SD NEGERI LABUHAN RATU IX,10806421,SD,Negeri,Kec. Labuhan Ratu,120723,Kab. Lampung Timur,120700,Prov. Lampung,120000,7,2,139,6,7,0,0,9,14 Apr 2026 11:23:59,61B83791EEBE73A98BEF
UPTD SD NEGERI LABUHAN RATU LIMA,10805689,SD,Negeri,Kec. Labuhan Ratu,120723,Kab. Lampung Timur,120700,Prov. Lampung,120000,12,1,202,10,11,0,1,17,25 Feb 2026 15:33:30,48034C7B31F26F0FD9D8
UPTD SD NEGERI LABUHAN RATU TIGA,10805688,SD,Negeri,Kec. Labuhan Ratu,120723,Kab. Lampung Timur,120700,Prov. Lampung,120000,8,0,153,7,6,0,1,8,19 Feb 2026 23:34:18,CD765E12483FD9C7EBC2
UPTD SD NEGERI RAJABASA LAMA DUA,10805701,SD,Negeri,Kec. Labuhan Ratu,120723,Kab. Lampung Timur,120700,Prov. Lampung,120000,16,0,235,12,9,0,1,28,30 Apr 2026 10:34:38,88FD5701555BE0D1CC2E
UPTD SD NEGERI RAJABASA LAMA SATU,10805700,SD,Negeri,Kec. Labuhan Ratu,120723,Kab. Lampung Timur,120700,Prov. Lampung,120000,10,2,241,11,7,1,2,9,04 Mar 2026 04:54:06,196AF197ACD9430A8FE2
UPTD SMP NEGERI 1 LABUHAN RATU,10805969,SMP,Negeri,Kec. Labuhan Ratu,120723,Kab. Lampung Timur,120700,Prov. Lampung,120000,38,6,887,28,28,2,1,19,30 Apr 2026 05:28:56,3AF14683C37FB7BE4F85
UPTD SMP NEGERI 2 LABUHAN RATU,10815107,SMP,Negeri,Kec. Labuhan Ratu,120723,Kab. Lampung Timur,120700,Prov. Lampung,120000,23,4,416,13,14,2,1,1,21 Apr 2026 08:39:38,C48D9880E78BA711B00E
SMP PGRI 1 LABUHAN RATU,10805914,SMP,Swasta,Kec. Labuhan Ratu,120723,Kab. Lampung Timur,120700,Prov. Lampung,120000,4,1,51,3,3,2,1,19,28 Apr 2026 09:30:04,AE083E02BBEC4BB6A7A7
SMP PGRI 2 LABUHAN RATU,10805865,SMP,Swasta,Kec. Labuhan Ratu,120723,Kab. Lampung Timur,120700,Prov. Lampung,120000,8,1,15,3,10,1,1,14,27 Apr 2026 14:20:12,83C702F52E0F297B0E52
SMP PGRI 3 LABUHAN RATU,10805880,SMP,Swasta,Kec. Labuhan Ratu,120723,Kab. Lampung Timur,120700,Prov. Lampung,120000,3,1,6,2,6,2,1,8,07 Apr 2026 09:56:07,AB1C7EF010CC5987B1D3
SMP PGRI 4 LABUHAN RATU,10805875,SMP,Swasta,Kec. Labuhan Ratu,120723,Kab. Lampung Timur,120700,Prov. Lampung,120000,15,1,324,11,12,3,1,12,08 Apr 2026 19:54:42,56584F6B2F7D7A0B0F5E
SMAN 1 LABUHAN RATU,10814062,SMA,Negeri,Kec. Labuhan Ratu,120723,Kab. Lampung Timur,120700,Prov. Lampung,120000,50,9,889,27,27,5,1,51,28 Apr 2026 23:02:29,77B216FC13E573818897
SMAS IT BAITUL MUSLIM,69763270,SMA,Swasta,Kec. Labuhan Ratu,120723,Kab. Lampung Timur,120700,Prov. Lampung,120000,26,6,403,13,10,2,1,58,01 May 2026 18:19:57,9F18ADB6B51BC75B4ADF
SMK NUSANTARA LABUHAN RATU,69989224,SMK,Swasta,Kec. Labuhan Ratu,120723,Kab. Lampung Timur,120700,Prov. Lampung,120000,14,2,169,9,11,0,0,19,02 Apr 2026 21:31:01,4D8C54F28742007EB066
SMKS PGRI 1 TRANSPRAM II,10814094,SMK,Swasta,Kec. Labuhan Ratu,120723,Kab. Lampung Timur,120700,Prov. Lampung,120000,21,7,530,18,20,3,1,36,02 May 2026 10:16:40,F0D55D8B7CE541ED63E4
UPTD SD NEGERI 1 MULYOSARI,10806453,SD,Negeri,Kec. Pasir Sakti,120722,Kab. Lampung Timur,120700,Prov. Lampung,120000,18,2,277,13,13,0,1,21,15 Apr 2026 19:22:01,5A1B028663DE1C304CD9
UPTD SD NEGERI 1 PASIR SAKTI,10806471,SD,Negeri,Kec. Pasir Sakti,120722,Kab. Lampung Timur,120700,Prov. Lampung,120000,17,0,284,12,10,0,1,23,16 Mar 2026 10:56:05,D604391DF12887278904
UPTD SD NEGERI 2 MULYOSARI,10806435,SD,Negeri,Kec. Pasir Sakti,120722,Kab. Lampung Timur,120700,Prov. Lampung,120000,10,1,103,6,6,0,1,14,02 May 2026 08:51:26,C9E0FFE749E84FE7C3B5
UPTD SD NEGERI 2 PASIR SAKTI,10806395,SD,Negeri,Kec. Pasir Sakti,120722,Kab. Lampung Timur,120700,Prov. Lampung,120000,7,1,74,6,5,0,1,26,07 Apr 2026 09:44:48,6D6DBB22982B7E616D87
UPTD SD NEGERI KEDUNG RINGIN,10805692,SD,Negeri,Kec. Pasir Sakti,120722,Kab. Lampung Timur,120700,Prov. Lampung,120000,18,4,304,14,10,0,1,14,07 Apr 2026 11:27:21,15FC287646E2A7D3724D
UPTD SD NEGERI LABUHAN RATU,10805691,SD,Negeri,Kec. Pasir Sakti,120722,Kab. Lampung Timur,120700,Prov. Lampung,120000,16,4,298,12,12,0,1,12,01 May 2026 06:19:27,F84CD1560DEA61725AFC
UPTD SD NEGERI MEKAR SARI,10805711,SD,Negeri,Kec. Pasir Sakti,120722,Kab. Lampung Timur,120700,Prov. Lampung,120000,11,0,143,6,6,0,1,12,29 Apr 2026 10:08:15,7EA05C9DF8ABED6CB3D9
UPTD SD NEGERI PURWOREJO,10805704,SD,Negeri,Kec. Pasir Sakti,120722,Kab. Lampung Timur,120700,Prov. Lampung,120000,17,1,223,11,11,0,1,26,30 Apr 2026 11:39:12,A7D5A981213F264A8E94
UPTD SD NEGERI REJOMULYO,10806037,SD,Negeri,Kec. Pasir Sakti,120722,Kab. Lampung Timur,120700,Prov. Lampung,120000,13,3,221,11,11,0,1,9,27 Mar 2026 19:30:21,31E0FEB0EC1469A66F04
UPTD SD NEGERI SUMUR KUCING,10806013,SD,Negeri,Kec. Pasir Sakti,120722,Kab. Lampung Timur,120700,Prov. Lampung,120000,18,1,342,12,10,0,1,15,30 Apr 2026 11:20:41,AEC4EEC11CD9995A885D
SD IRSYAADUL IBAAD,69921081,SD,Swasta,Kec. Pasir Sakti,120722,Kab. Lampung Timur,120700,Prov. Lampung,120000,15,2,376,16,12,0,0,9,16 Apr 2026 15:08:04,02A7595151969C05D977
SD ISLAM AL-MUKARROMAH,70012213,SD,Swasta,Kec. Pasir Sakti,120722,Kab. Lampung Timur,120700,Prov. Lampung,120000,6,1,163,7,9,0,0,16,14 Apr 2026 01:54:29,70DA1078EC0DA0728A79
SD ISLAM PLUS MAARIF NU 1 AL FIRDAUS,10812421,SD,Swasta,Kec. Pasir Sakti,120722,Kab. Lampung Timur,120700,Prov. Lampung,120000,15,2,285,12,12,1,1,8,29 Apr 2026 20:58:47,908715FF49D0D7F06267
SD ISLAM TERPADU BUDI LUHUR,69989961,SD,Swasta,Kec. Pasir Sakti,120722,Kab. Lampung Timur,120700,Prov. Lampung,120000,9,1,166,6,6,0,1,12,10 Apr 2026 07:58:33,9CCCA0F7A43C597C7DC0
UPTD SMP NEGERI 1 PASIR SAKTI,10805966,SMP,Negeri,Kec. Pasir Sakti,120722,Kab. Lampung Timur,120700,Prov. Lampung,120000,30,8,668,21,19,3,1,20,28 Apr 2026 09:11:17,F41FE2C874DF99EC597A
UPTD SMP NEGERI 2 PASIR SAKTI,10815104,SMP,Negeri,Kec. Pasir Sakti,120722,Kab. Lampung Timur,120700,Prov. Lampung,120000,25,4,541,18,16,3,1,52,06 Apr 2026 08:25:49,07AC80F7909B89F2DFCA
SMP AL FALAH PASIR SAKTI,70039576,SMP,Swasta,Kec. Pasir Sakti,120722,Kab. Lampung Timur,120700,Prov. Lampung,120000,14,5,175,6,5,0,1,35,29 Apr 2026 21:30:43,A305AB209BEE7424E930
SMP BP DARUSSALAM,69870889,SMP,Swasta,Kec. Pasir Sakti,120722,Kab. Lampung Timur,120700,Prov. Lampung,120000,14,2,347,11,18,1,1,23,01 May 2026 20:30:17,30C0252B43E1EFB32B96
SMP BUDI LUHUR BOARDING SCHOOL,69989805,SMP,Swasta,Kec. Pasir Sakti,120722,Kab. Lampung Timur,120700,Prov. Lampung,120000,8,2,163,6,7,0,1,12,09 Apr 2026 10:53:36,014C50634038F129FF57
SMP IRSYAADUL IBAAD,69921084,SMP,Swasta,Kec. Pasir Sakti,120722,Kab. Lampung Timur,120700,Prov. Lampung,120000,17,2,393,14,15,1,1,24,23 Apr 2026 00:29:36,5E2B0657E3EE9CF3E427
SMP ISLAM PLUS MAARIF AL FIRDAUS,69991116,SMP,Swasta,Kec. Pasir Sakti,120722,Kab. Lampung Timur,120700,Prov. Lampung,120000,7,3,23,2,3,1,0,13,24 Apr 2026 08:02:58,C2EB47474D20A3F2B03E
SMP ISLAM TERPADU DARUL HIKMAH,10814046,SMP,Swasta,Kec. Pasir Sakti,120722,Kab. Lampung Timur,120700,Prov. Lampung,120000,1,1,35,3,3,0,1,2,26 Jan 2026 03:28:55,EFAC332A7C27999B7859
SMP PGRI 1 PASIR SAKTI,10805911,SMP,Swasta,Kec. Pasir Sakti,120722,Kab. Lampung Timur,120700,Prov. Lampung,120000,9,3,158,6,10,2,1,33,02 May 2026 15:21:50,1AE06072225F5E6A80E2
SMAN 1 PASIR SAKTI,10805978,SMA,Negeri,Kec. Pasir Sakti,120722,Kab. Lampung Timur,120700,Prov. Lampung,120000,56,9,1061,30,29,10,3,38,30 Apr 2026 12:39:31,D2D3C578D9B45AD22C62
SMA BP DARUSSALAM,69968913,SMA,Swasta,Kec. Pasir Sakti,120722,Kab. Lampung Timur,120700,Prov. Lampung,120000,15,2,268,9,10,1,1,31,22 Apr 2026 08:43:01,F120BA21C27CB6FBA374
SMA IRSYAADUL IBAAD,70000957,SMA,Swasta,Kec. Pasir Sakti,120722,Kab. Lampung Timur,120700,Prov. Lampung,120000,9,1,197,7,8,5,1,19,24 Apr 2026 17:56:17,876C43C8768481A8EDD0
SMA ISLAM TERPADU DARUL HIKMAH,69948204,SMA,Swasta,Kec. Pasir Sakti,120722,Kab. Lampung Timur,120700,Prov. Lampung,120000,9,3,60,3,3,1,1,26,30 Apr 2026 08:07:51,F330999291A5ACBE28B4
SMK BUDI LUHUR BOARDING SCHOOL PASIR SAKTI,70041771,SMK,Swasta,Kec. Pasir Sakti,120722,Kab. Lampung Timur,120700,Prov. Lampung,120000,8,5,148,6,6,2,1,31,25 Apr 2026 09:01:06,C855FD82EEDD6BCB8780
SMKS BMW REJOMULYO,69763268,SMK,Swasta,Kec. Pasir Sakti,120722,Kab. Lampung Timur,120700,Prov. Lampung,120000,26,3,356,18,15,1,1,42,30 Apr 2026 13:21:40,39F5804060E485979F17
SMKS MIFTAHUL HIDAYAH,10814086,SMK,Swasta,Kec. Pasir Sakti,120722,Kab. Lampung Timur,120700,Prov. Lampung,120000,17,5,165,10,15,0,0,30,24 Apr 2026 19:22:55,798853520BB08AC992BB
SMKS PGRI PASIR SAKTI,10814092,SMK,Swasta,Kec. Pasir Sakti,120722,Kab. Lampung Timur,120700,Prov. Lampung,120000,24,6,781,27,18,4,1,37,01 May 2026 10:34:23,7F84AD511EB4C9E6AD5A
UPTD SD NEGERI 1 BUNGKUK,10806156,SD,Negeri,Kec. Marga Sekampung,120726,Kab. Lampung Timur,120700,Prov. Lampung,120000,15,2,219,12,11,0,2,8,30 Apr 2026 13:34:10,2B020B05F292897102D5
UPTD SD NEGERI 1 GIRIMULYO,10809350,SD,Negeri,Kec. Marga Sekampung,120726,Kab. Lampung Timur,120700,Prov. Lampung,120000,9,1,192,8,10,1,1,8,17 Apr 2026 22:39:58,679C0818A42C8DEE791C
UPTD SD NEGERI 1 GUNUNG MAS,10806486,SD,Negeri,Kec. Marga Sekampung,120726,Kab. Lampung Timur,120700,Prov. Lampung,120000,7,0,124,6,6,0,1,14,03 Mar 2026 10:20:16,9AFD24FDDB5363D7A193
UPTD SD NEGERI 1 GUNUNG RAYA,10806484,SD,Negeri,Kec. Marga Sekampung,120726,Kab. Lampung Timur,120700,Prov. Lampung,120000,10,1,125,7,8,0,1,8,14 Apr 2026 16:16:18,F8F397C5FE2F7B7C27A6
UPTD SD NEGERI 1 PENIANGAN,10806468,SD,Negeri,Kec. Marga Sekampung,120726,Kab. Lampung Timur,120700,Prov. Lampung,120000,15,0,257,12,10,0,1,9,29 Mar 2026 23:40:15,440CAC449EC1B0EBCDD6
UPTD SD NEGERI 2 BUNGKUK,10806346,SD,Negeri,Kec. Marga Sekampung,120726,Kab. Lampung Timur,120700,Prov. Lampung,120000,9,1,143,7,7,1,1,42,07 Mar 2026 23:27:24,78787E7C2CF4E4ED5A45
UPTD SD NEGERI 2 GIRIMULYO,10806354,SD,Negeri,Kec. Marga Sekampung,120726,Kab. Lampung Timur,120700,Prov. Lampung,120000,17,2,284,12,14,0,2,25,24 Apr 2026 19:10:43,CC176611BA3B359E5CCE
UPTD SD NEGERI 2 GUNUNG MAS,10806351,SD,Negeri,Kec. Marga Sekampung,120726,Kab. Lampung Timur,120700,Prov. Lampung,120000,8,0,137,6,6,0,1,20,02 May 2026 18:27:23,408043CAE99B1F44E331
UPTD SD NEGERI 3 BUNGKUK,10805845,SD,Negeri,Kec. Marga Sekampung,120726,Kab. Lampung Timur,120700,Prov. Lampung,120000,8,1,99,6,6,0,1,28,11 Apr 2026 08:30:48,2ED1527AEDE4163166FC
UPTD SD NEGERI 3 GIRIMULYO,10814592,SD,Negeri,Kec. Marga Sekampung,120726,Kab. Lampung Timur,120700,Prov. Lampung,120000,7,0,71,6,6,1,1,13,11 Apr 2026 09:07:54,61C189777CD4830DA680
UPTD SD NEGERI 3 GUNUNG RAYA,10805855,SD,Negeri,Kec. Marga Sekampung,120726,Kab. Lampung Timur,120700,Prov. Lampung,120000,6,1,101,6,6,0,1,9,08 Feb 2026 10:18:24,22599E1E349132642836
UPTD SD NEGERI 4 BUNGKUK,10809392,SD,Negeri,Kec. Marga Sekampung,120726,Kab. Lampung Timur,120700,Prov. Lampung,120000,9,0,100,6,6,0,0,15,10 Apr 2026 09:57:13,FAB7DF727BD8DCBD094F
UPTD SD NEGERI BATU BADAK,10805738,SD,Negeri,Kec. Marga Sekampung,120726,Kab. Lampung Timur,120700,Prov. Lampung,120000,12,2,303,11,12,1,1,12,07 Apr 2026 08:42:58,9DAD62D3FB1F21640439
UPTD SD NEGERI BUKIT RAYA,10806349,SD,Negeri,Kec. Marga Sekampung,120726,Kab. Lampung Timur,120700,Prov. Lampung,120000,7,2,121,6,6,0,1,8,03 Mar 2026 09:51:43,A74CDB1BE24BEB3CB1FF
UPTD SD NEGERI PURWOSARI,10806394,SD,Negeri,Kec. Marga Sekampung,120726,Kab. Lampung Timur,120700,Prov. Lampung,120000,12,0,242,11,11,1,1,13,01 May 2026 21:16:15,1C46157A388D3CFECE7F
SD ISLAM GIRIMULYO,10809341,SD,Swasta,Kec. Marga Sekampung,120726,Kab. Lampung Timur,120700,Prov. Lampung,120000,8,1,123,6,7,0,1,12,28 Apr 2026 20:03:40,D7CB60AE79E5036044A3
UPTD SMP NEGERI 1 MARGA SEKAMPUNG,10805925,SMP,Negeri,Kec. Marga Sekampung,120726,Kab. Lampung Timur,120700,Prov. Lampung,120000,14,6,317,10,9,2,1,34,30 Apr 2026 08:27:01,24F30CBE17679286AC55
UPTD SMP NEGERI 2 MARGA SEKAMPUNG,10815054,SMP,Negeri,Kec. Marga Sekampung,120726,Kab. Lampung Timur,120700,Prov. Lampung,120000,15,7,244,9,9,2,1,8,06 Mar 2026 09:30:32,4CC502560F108E83AEFF
SMP PGRI 2 MARGA SEKAMPUNG,10805976,SMP,Swasta,Kec. Marga Sekampung,120726,Kab. Lampung Timur,120700,Prov. Lampung,120000,8,1,105,4,6,2,1,23,02 May 2026 08:52:19,C4D2655655691F88CD8E
SMP PGRI 3 MARGA SEKAMPUNG,10805876,SMP,Swasta,Kec. Marga Sekampung,120726,Kab. Lampung Timur,120700,Prov. Lampung,120000,14,1,215,8,7,3,1,22,20 Apr 2026 10:19:09,EB33BA8601B1C40FE5A9
SMKN 1 MARGA SEKAMPUNG,10814098,SMK,Negeri,Kec. Marga Sekampung,120726,Kab. Lampung Timur,120700,Prov. Lampung,120000,29,7,396,14,9,1,1,30,22 Apr 2026 12:13:02,F283134F669DFE0FD31A
UPTD SD NEGERI 1 MATARAM BARU,10806459,SD,Negeri,Kec. Mataram Baru,120718,Kab. Lampung Timur,120700,Prov. Lampung,120000,6,3,123,6,6,0,1,7,26 Feb 2026 11:02:52,0D8353A13BB59BABEDDD
UPTD SD NEGERI 1 RAJABASA BARU,10806450,SD,Negeri,Kec. Mataram Baru,120718,Kab. Lampung Timur,120700,Prov. Lampung,120000,9,1,84,6,6,0,1,46,22 Apr 2026 00:23:31,2BE5F797794268753BA3
UPTD SD NEGERI 1 TELUK DALAM,10806369,SD,Negeri,Kec. Mataram Baru,120718,Kab. Lampung Timur,120700,Prov. Lampung,120000,8,0,35,6,6,0,1,9,21 Apr 2026 10:14:23,825F23097075C0B603E5
UPTD SD NEGERI 2 MATARAM BARU,10806440,SD,Negeri,Kec. Mataram Baru,120718,Kab. Lampung Timur,120700,Prov. Lampung,120000,8,3,121,6,9,0,1,10,09 Apr 2026 08:23:14,B5A83FC6CB26D077056F
UPTD SD NEGERI 2 RAJABASA BARU,10806404,SD,Negeri,Kec. Mataram Baru,120718,Kab. Lampung Timur,120700,Prov. Lampung,120000,10,3,104,6,6,0,1,19,22 Apr 2026 11:30:35,1FEBE5A5F4DEE332C6A8
UPTD SD NEGERI 2 TELUK DALAM,10805763,SD,Negeri,Kec. Mataram Baru,120718,Kab. Lampung Timur,120700,Prov. Lampung,120000,7,1,60,6,6,0,0,12,28 Apr 2026 09:07:10,4793BEC1C08C55611610
UPTD SD NEGERI 3 MATARAM BARU,10805813,SD,Negeri,Kec. Mataram Baru,120718,Kab. Lampung Timur,120700,Prov. Lampung,120000,8,1,100,6,6,0,0,18,11 Apr 2026 19:02:43,6FE9417DB29782747FDF
UPTD SD Negeri 3 Teluk Dalem,10805667,SD,Negeri,Kec. Mataram Baru,120718,Kab. Lampung Timur,120700,Prov. Lampung,120000,8,0,66,6,8,0,1,7,04 Apr 2026 08:12:36,A2BF579DE93DD613C42F
UPTD SD NEGERI 4 TELUK DALEM,10805631,SD,Negeri,Kec. Mataram Baru,120718,Kab. Lampung Timur,120700,Prov. Lampung,120000,8,1,105,6,6,0,1,9,06 Mar 2026 08:58:34,71EF21390FD026C7F0D5
UPTD SD NEGERI KEBUN DAMAR,10805693,SD,Negeri,Kec. Mataram Baru,120718,Kab. Lampung Timur,120700,Prov. Lampung,120000,15,1,297,12,12,0,1,17,21 Apr 2026 09:28:57,0B542B252F2EF7A45118
UPTD SD NEGERI MANDALASARI,10805687,SD,Negeri,Kec. Mataram Baru,120718,Kab. Lampung Timur,120700,Prov. Lampung,120000,11,2,164,7,7,0,1,18,08 Apr 2026 11:43:08,F153D9E53DDFCA3930B0
UPTD SD NEGERI TULUNG PASIK,10806024,SD,Negeri,Kec. Mataram Baru,120718,Kab. Lampung Timur,120700,Prov. Lampung,120000,16,2,315,12,12,0,1,25,23 Apr 2026 13:05:32,C6570C3E37E9AD38200D
UPTD SD NEGERI WAY ARENG,10806035,SD,Negeri,Kec. Mataram Baru,120718,Kab. Lampung Timur,120700,Prov. Lampung,120000,9,1,159,7,7,0,1,17,07 Apr 2026 19:58:01,0EA943007A68DCD25772
SD ASSYARONIYYAH,70033287,SD,Swasta,Kec. Mataram Baru,120718,Kab. Lampung Timur,120700,Prov. Lampung,120000,6,4,45,6,6,0,1,16,08 Apr 2026 21:52:10,C95ACE7DA645A790AC2E
SD MUHAMADIYAH TELUK DALAM,10806205,SD,Swasta,Kec. Mataram Baru,120718,Kab. Lampung Timur,120700,Prov. Lampung,120000,6,1,84,6,6,0,0,6,04 Mar 2026 15:27:43,A8503B4DEB1C6B55F725
UPTD SMP NEGERI 1 MATARAM BARU,10811026,SMP,Negeri,Kec. Mataram Baru,120718,Kab. Lampung Timur,120700,Prov. Lampung,120000,23,6,490,16,16,3,1,30,29 Apr 2026 10:47:05,FB3F77241CB40A913B52
SMP AL-ISHLAH MATARAM BARU,70005951,SMP,Swasta,Kec. Mataram Baru,120718,Kab. Lampung Timur,120700,Prov. Lampung,120000,6,1,152,5,8,0,0,20,03 Apr 2026 15:05:59,5DCA51327B02ACD6CA0B
SMP DARUL ISTIQOMAH,10806047,SMP,Swasta,Kec. Mataram Baru,120718,Kab. Lampung Timur,120700,Prov. Lampung,120000,8,3,94,4,4,1,1,15,29 Apr 2026 08:28:10,5B835F9E3BE4263E4909
SMP ISLAM ASSYA RONIYYAH,69889036,SMP,Swasta,Kec. Mataram Baru,120718,Kab. Lampung Timur,120700,Prov. Lampung,120000,13,5,115,6,6,3,1,22,02 May 2026 12:47:36,52C3C5B1D852A144770F
SMP MAARIF 2 NU MATARAM BARU,10806057,SMP,Swasta,Kec. Mataram Baru,120718,Kab. Lampung Timur,120700,Prov. Lampung,120000,9,2,137,5,5,2,1,16,28 Apr 2026 18:38:06,7BFC598F106B0115BFA3
SMP QURAN AL MUMININ,70012141,SMP,Swasta,Kec. Mataram Baru,120718,Kab. Lampung Timur,120700,Prov. Lampung,120000,9,1,41,3,4,2,1,46,29 Apr 2026 09:37:41,616109B4E2DDBC8566C7
SMP QURAN HIDAYATUL QURAN,69962047,SMP,Swasta,Kec. Mataram Baru,120718,Kab. Lampung Timur,120700,Prov. Lampung,120000,11,3,125,5,6,0,1,22,02 May 2026 13:27:25,715E71425461B559A71B
SMA AL ISHLAH MATARAM BARU,70059068,SMA,Swasta,Kec. Mataram Baru,120718,Kab. Lampung Timur,120700,Prov. Lampung,120000,3,1,28,1,1,0,0,5,03 Mar 2026 10:38:13,C135E86F22FA77B480A0
SMK QURAN HIDAYATUL QURAN,69963116,SMK,Swasta,Kec. Mataram Baru,120718,Kab. Lampung Timur,120700,Prov. Lampung,120000,8,3,122,5,5,1,1,11,07 Apr 2026 18:49:22,59475EC40F08CF580D16
SMKS ISLAM ASSYARONIYYAH,69795842,SMK,Swasta,Kec. Mataram Baru,120718,Kab. Lampung Timur,120700,Prov. Lampung,120000,14,3,120,6,6,1,1,23,25 Apr 2026 10:49:51,10343B31CAE58004831F
SMKS MIFTAHUL HUDA WAY ARENG,10815292,SMK,Swasta,Kec. Mataram Baru,120718,Kab. Lampung Timur,120700,Prov. Lampung,120000,3,3,29,3,3,1,1,4,11 Apr 2026 09:55:39,48B0415CAD212609D303
UPTD SD NEGERI 1 JAYA ASRI,10805624,SD,Negeri,Kec. Metro Kibang,120701,Kab. Lampung Timur,120700,Prov. Lampung,120000,8,2,128,6,6,0,1,6,20 Apr 2026 09:34:57,487FC2DC2623E444F8D8
UPTD SD NEGERI 1 KIBANG,10806500,SD,Negeri,Kec. Metro Kibang,120701,Kab. Lampung Timur,120700,Prov. Lampung,120000,8,0,37,6,6,0,0,16,08 Apr 2026 19:11:59,18B3005FD4F193580BF9
UPTD SD NEGERI 1 MARGAJAYA,10806463,SD,Negeri,Kec. Metro Kibang,120701,Kab. Lampung Timur,120700,Prov. Lampung,120000,15,1,262,12,10,1,1,18,16 Apr 2026 09:50:06,A8162931C89F89DC9FAE
UPTD SD NEGERI 1 MARGOSARI,10805741,SD,Negeri,Kec. Metro Kibang,120701,Kab. Lampung Timur,120700,Prov. Lampung,120000,8,2,193,8,7,0,1,13,25 Apr 2026 09:21:36,3EAFB8E47768EDF72906
UPTD SD NEGERI 1 MARGOTOTO,10806460,SD,Negeri,Kec. Metro Kibang,120701,Kab. Lampung Timur,120700,Prov. Lampung,120000,11,2,160,7,7,0,1,11,07 Apr 2026 22:43:39,128CA3E7E2EDA2F229DB
UPTD SD NEGERI 1 SUMBERAGUNG,10806517,SD,Negeri,Kec. Metro Kibang,120701,Kab. Lampung Timur,120700,Prov. Lampung,120000,11,1,176,9,9,0,1,19,04 Apr 2026 10:03:34,545AD0F262443FA8F744
UPTD SD NEGERI 2 JAYA ASRI,10805684,SD,Negeri,Kec. Metro Kibang,120701,Kab. Lampung Timur,120700,Prov. Lampung,120000,9,1,148,6,7,0,1,3,19 Jan 2026 08:38:55,6BD175DE058B31EF81D0
UPTD SD NEGERI 2 KIBANG,10806426,SD,Negeri,Kec. Metro Kibang,120701,Kab. Lampung Timur,120700,Prov. Lampung,120000,9,3,159,7,9,1,1,13,28 Apr 2026 08:47:23,9D010548C062E6004C4B
UPTD SD NEGERI 2 MARGAJAYA,10806445,SD,Negeri,Kec. Metro Kibang,120701,Kab. Lampung Timur,120700,Prov. Lampung,120000,9,1,46,6,6,0,0,12,27 Apr 2026 17:04:57,B8AC5ECC59773548ECC3
UPTD SD NEGERI 2 MARGOTOTO,10806441,SD,Negeri,Kec. Metro Kibang,120701,Kab. Lampung Timur,120700,Prov. Lampung,120000,9,1,88,6,6,0,0,17,07 Mar 2026 07:58:25,B1900AAF7C143BAEA731
UPTD SD NEGERI 2 SUMBER AGUNG,10805793,SD,Negeri,Kec. Metro Kibang,120701,Kab. Lampung Timur,120700,Prov. Lampung,120000,8,0,95,6,6,0,1,25,06 Mar 2026 09:02:08,C83211A2B97BDDBF8485
UPTD SD NEGERI 3 KIBANG,10805850,SD,Negeri,Kec. Metro Kibang,120701,Kab. Lampung Timur,120700,Prov. Lampung,120000,9,0,75,6,6,0,1,12,06 Mar 2026 20:23:19,DD2D1B6B38E8F24038BC
UPTD SD NEGERI 3 MARGAJAYA,10805830,SD,Negeri,Kec. Metro Kibang,120701,Kab. Lampung Timur,120700,Prov. Lampung,120000,8,0,53,5,6,0,1,16,18 Apr 2026 21:58:32,14479783AA0FFD832936
UPTD SD NEGERI 3 MARGOTOTO,10805814,SD,Negeri,Kec. Metro Kibang,120701,Kab. Lampung Timur,120700,Prov. Lampung,120000,8,2,88,6,6,0,1,33,02 May 2026 08:24:39,F66300C6B8C286EA182D
UPTD SD NEGERI 4 MARGOTOTO,10805622,SD,Negeri,Kec. Metro Kibang,120701,Kab. Lampung Timur,120700,Prov. Lampung,120000,8,0,75,6,6,0,1,25,30 Apr 2026 08:58:57,66371CFEBCAD201A2A2A
UPTD SD NEGERI PURBOSEMBODO,10805705,SD,Negeri,Kec. Metro Kibang,120701,Kab. Lampung Timur,120700,Prov. Lampung,120000,10,0,132,7,7,0,1,22,19 Apr 2026 23:46:42,C764BF3610B5E5B91B65
SD ISLAM FAUZAN AKBAR,69909439,SD,Swasta,Kec. Metro Kibang,120701,Kab. Lampung Timur,120700,Prov. Lampung,120000,6,1,95,6,6,0,0,14,14 Apr 2026 15:30:16,333E43BA69F9A02336ED
SD TAHFIIDZUL QURAN MIFTAHUL JANNAH,70036389,SD,Swasta,Kec. Metro Kibang,120701,Kab. Lampung Timur,120700,Prov. Lampung,120000,6,5,156,7,7,0,1,33,16 Mar 2026 23:06:19,387252BC94486153139A
UPTD SMP NEGERI 1 KIBANG,10805971,SMP,Negeri,Kec. Metro Kibang,120701,Kab. Lampung Timur,120700,Prov. Lampung,120000,38,8,808,27,21,3,2,27,27 Apr 2026 08:43:16,9385D6B2C0B3B56D8F22
SMP AL-IMAM,69907123,SMP,Swasta,Kec. Metro Kibang,120701,Kab. Lampung Timur,120700,Prov. Lampung,120000,4,1,34,3,3,1,1,1,07 Mar 2026 17:43:02,3C6EA5CF4D605CBA8869
SMP ISLAM AL ABROR,70035588,SMP,Swasta,Kec. Metro Kibang,120701,Kab. Lampung Timur,120700,Prov. Lampung,120000,7,4,44,3,3,0,1,9,01 May 2026 11:08:42,9E723ABACDB489BF91E1
SMP ISLAM FADLU ROBBY,69935239,SMP,Swasta,Kec. Metro Kibang,120701,Kab. Lampung Timur,120700,Prov. Lampung,120000,8,1,54,3,3,0,0,18,20 Apr 2026 12:28:22,CAA5A2BC99656F9BB8DE
SMP PLUS PESANTREN BAROKATUL QODIRI,70054029,SMP,Swasta,Kec. Metro Kibang,120701,Kab. Lampung Timur,120700,Prov. Lampung,120000,0,0,17,2,2,0,0,12,06 Mar 2026 11:26:13,CCE089D19A519F754DB1
SMAN 1 KIBANG,10805996,SMA,Negeri,Kec. Metro Kibang,120701,Kab. Lampung Timur,120700,Prov. Lampung,120000,36,10,384,13,20,5,1,37,29 Apr 2026 05:44:57,40132AFFC9A2D5F26C5A
SMA MIFTAHUL JANNAH,69988881,SMA,Swasta,Kec. Metro Kibang,120701,Kab. Lampung Timur,120700,Prov. Lampung,120000,9,2,115,4,5,1,1,39,23 Apr 2026 10:44:53,E95CE2574D8DCF448E86
SMK FADHLU ROBBY KABUPATEN LAMPUNG TIMUR,70053927,SMK,Swasta,Kec. Metro Kibang,120701,Kab. Lampung Timur,120700,Prov. Lampung,120000,6,2,14,3,3,1,0,12,23 Apr 2026 10:01:58,3F22186B822742A44906
SMK ISLAM AL-ABROR,70059606,SMK,Swasta,Kec. Metro Kibang,120701,Kab. Lampung Timur,120700,Prov. Lampung,120000,0,0,0,0,0,0,0,0,,8829A2FC385B308DA75D
UPTD SD NEGERI 1 SUMBER HADI,10806519,SD,Negeri,Kec. Melinting,120719,Kab. Lampung Timur,120700,Prov. Lampung,120000,10,2,146,7,10,0,1,18,21 Apr 2026 20:11:01,6B1D9E6686DAEF117840
UPTD SD NEGERI 1 TANJUNG AJI,10806526,SD,Negeri,Kec. Melinting,120719,Kab. Lampung Timur,120700,Prov. Lampung,120000,12,4,146,7,7,0,1,12,14 Apr 2026 16:09:02,FBB9C9AFF01C4D14A69D
UPTD SD NEGERI 1 TEBING,10806374,SD,Negeri,Kec. Melinting,120719,Kab. Lampung Timur,120700,Prov. Lampung,120000,17,4,264,14,11,0,1,11,03 Mar 2026 14:34:53,7E96C709DCDA8A453CC3
UPTD SD NEGERI 1 WANA,10806376,SD,Negeri,Kec. Melinting,120719,Kab. Lampung Timur,120700,Prov. Lampung,120000,15,2,238,12,9,1,1,18,19 Apr 2026 09:58:19,B2FC0FBD33B88112DBAD
UPTD SD NEGERI 2 SUMBER HADI,10805795,SD,Negeri,Kec. Melinting,120719,Kab. Lampung Timur,120700,Prov. Lampung,120000,8,1,168,6,7,0,1,14,30 Apr 2026 06:58:51,C484C5EB064CB1920E43
UPTD SD NEGERI 2 TANJUNG AJI,10805745,SD,Negeri,Kec. Melinting,120719,Kab. Lampung Timur,120700,Prov. Lampung,120000,8,2,205,6,7,0,1,18,11 Mar 2026 01:13:50,39AB6B7BAAFAEFDEBF97
UPTD SD NEGERI 2 TEBING,10805767,SD,Negeri,Kec. Melinting,120719,Kab. Lampung Timur,120700,Prov. Lampung,120000,7,0,62,6,5,0,0,3,04 Mar 2026 07:58:55,AE73571752E0EC26A4D3
UPTD SD NEGERI 2 WANA,10805802,SD,Negeri,Kec. Melinting,120719,Kab. Lampung Timur,120700,Prov. Lampung,120000,7,2,141,6,6,0,1,5,04 Mar 2026 10:03:39,092154D34EDA6A475A6D
UPTD SD NEGERI 3 SUMBER HADI,10805651,SD,Negeri,Kec. Melinting,120719,Kab. Lampung Timur,120700,Prov. Lampung,120000,8,3,112,6,6,0,1,18,02 May 2026 10:08:27,27C0CB64BB5B2547480C
UPTD SD NEGERI 3 WANA,10805665,SD,Negeri,Kec. Melinting,120719,Kab. Lampung Timur,120700,Prov. Lampung,120000,11,1,192,9,9,0,1,6,17 Feb 2026 22:46:03,D584BA2756D4AF9B4E0C
UPTD SD NEGERI 4 WANA,10806184,SD,Negeri,Kec. Melinting,120719,Kab. Lampung Timur,120700,Prov. Lampung,120000,8,3,137,7,6,0,1,15,17 Apr 2026 10:19:36,7B823459CB5714127A1D
UPTD SD NEGERI ITIK RANDAI,10805713,SD,Negeri,Kec. Melinting,120719,Kab. Lampung Timur,120700,Prov. Lampung,120000,12,2,181,8,9,0,1,6,23 Apr 2026 11:40:44,4BF4CE83094ADA320150
UPTD SD NEGERI SIDOMAKMUR,10806022,SD,Negeri,Kec. Melinting,120719,Kab. Lampung Timur,120700,Prov. Lampung,120000,15,3,295,13,6,1,1,8,07 Mar 2026 22:06:33,EBC0E30C9C13FBF47E3E
SD ISLAM MAMBAUL QURAN,70048367,SD,Swasta,Kec. Melinting,120719,Kab. Lampung Timur,120700,Prov. Lampung,120000,0,1,83,6,5,0,0,9,09 Mar 2026 11:46:42,F20DBCCFB70A0AEC1621
SD MUHAMADIYAH TEBING,10806206,SD,Swasta,Kec. Melinting,120719,Kab. Lampung Timur,120700,Prov. Lampung,120000,7,1,79,6,6,0,0,5,12 Feb 2026 18:07:58,879E0AEEB5FE878F814B
UPTD SMP NEGERI 1 MELINTING,10805967,SMP,Negeri,Kec. Melinting,120719,Kab. Lampung Timur,120700,Prov. Lampung,120000,29,7,506,18,18,2,1,36,27 Apr 2026 08:20:29,619730D568935045EE90
UPTD SMP NEGERI TERPADU MELINTING,10812269,SMP,Negeri,Kec. Melinting,120719,Kab. Lampung Timur,120700,Prov. Lampung,120000,12,5,203,8,10,1,1,24,25 Apr 2026 08:44:39,23F91FEEDE2617C3AE41
SMP ISLAM SIROJUL MUNIR AL-IHSAN,10811578,SMP,Swasta,Kec. Melinting,120719,Kab. Lampung Timur,120700,Prov. Lampung,120000,4,1,100,4,4,0,0,10,22 Apr 2026 06:41:21,FD3EB1F7D57C0F7413CF
SMAN 1 MELINTING,10805993,SMA,Negeri,Kec. Melinting,120719,Kab. Lampung Timur,120700,Prov. Lampung,120000,30,9,537,16,16,3,1,24,15 Apr 2026 20:37:01,41497A2801184532C54F
SMKS TARUNA UTAMA,10815079,SMK,Swasta,Kec. Melinting,120719,Kab. Lampung Timur,120700,Prov. Lampung,120000,16,4,230,10,10,1,1,48,30 Apr 2026 12:59:18,895F7A7F74D13DAB632F
UPTD SD NEGERI 1 NEGERI AGUNG,10806326,SD,Negeri,Kec. Gunung Pelindung,120720,Kab. Lampung Timur,120700,Prov. Lampung,120000,4,3,141,6,6,0,1,19,03 Mar 2026 16:21:22,4160614CD066BD43D9CB
UPTD SD NEGERI 1 NIBUNG,10806473,SD,Negeri,Kec. Gunung Pelindung,120720,Kab. Lampung Timur,120700,Prov. Lampung,120000,8,1,142,6,6,0,0,10,17 Apr 2026 11:09:56,2B2E35343CCF0D4A5C17
UPTD SD NEGERI 1 PEMPEN,10806469,SD,Negeri,Kec. Gunung Pelindung,120720,Kab. Lampung Timur,120700,Prov. Lampung,120000,10,1,243,11,10,0,1,16,06 Apr 2026 09:21:33,CA0AC0E3885E4F8A524D
UPTD SD NEGERI 1 WAY MILI,10806388,SD,Negeri,Kec. Gunung Pelindung,120720,Kab. Lampung Timur,120700,Prov. Lampung,120000,15,2,334,12,12,0,1,16,28 Apr 2026 09:42:35,26EB5946A4EB31B52109
UPTD SD NEGERI 2 NEGERI AGUNG,10806401,SD,Negeri,Kec. Gunung Pelindung,120720,Kab. Lampung Timur,120700,Prov. Lampung,120000,9,2,186,7,7,0,1,21,26 Apr 2026 13:44:13,21F26F12A2675CF28BA0
UPTD SD NEGERI 2 NIBUNG,10806397,SD,Negeri,Kec. Gunung Pelindung,120720,Kab. Lampung Timur,120700,Prov. Lampung,120000,10,0,174,7,6,1,1,12,28 Apr 2026 09:30:55,CFE74EE0E9DB51F55948
UPTD SD NEGERI 2 PEMPEN,10809366,SD,Negeri,Kec. Gunung Pelindung,120720,Kab. Lampung Timur,120700,Prov. Lampung,120000,8,1,123,6,7,0,1,120,25 Apr 2026 11:27:10,0B1EF56B29C3F6A60C80
UPTD SD NEGERI 2 WAY MILI,10805859,SD,Negeri,Kec. Gunung Pelindung,120720,Kab. Lampung Timur,120700,Prov. Lampung,120000,8,2,145,6,6,0,1,28,25 Apr 2026 09:57:14,5893EE9C94E0737468C4
UPTD SD NEGERI 3 NEGERI AGUNG,10805808,SD,Negeri,Kec. Gunung Pelindung,120720,Kab. Lampung Timur,120700,Prov. Lampung,120000,5,0,102,6,6,0,1,10,09 Mar 2026 16:24:53,3D860B70CB47467DEE5D
UPTD SD NEGERI 3 WAY MILI,10805664,SD,Negeri,Kec. Gunung Pelindung,120720,Kab. Lampung Timur,120700,Prov. Lampung,120000,8,0,136,6,6,0,0,11,05 Apr 2026 11:14:03,1DEE9671AAD717902D87
UPTD SD NEGERI PELINDUNG JAYA,10805707,SD,Negeri,Kec. Gunung Pelindung,120720,Kab. Lampung Timur,120700,Prov. Lampung,120000,11,0,216,9,9,0,1,9,23 Apr 2026 12:48:14,65E67A6CF9235EFA87C0
SD MUHAMMADIYAH PELINDUNG JAYA,10806208,SD,Swasta,Kec. Gunung Pelindung,120720,Kab. Lampung Timur,120700,Prov. Lampung,120000,4,1,130,6,6,0,0,20,26 Mar 2026 20:20:46,F717CF2822C54A567D28
UPTD SMP NEGERI 1 GUNUNG PELINDUNG,10805974,SMP,Negeri,Kec. Gunung Pelindung,120720,Kab. Lampung Timur,120700,Prov. Lampung,120000,16,2,282,10,10,3,1,15,28 Mar 2026 18:26:33,FBE86E3779C8CD1C7A05
UPTD SMP NEGERI TERPADU GUNUNG PELINDUNG,10811827,SMP,Negeri,Kec. Gunung Pelindung,120720,Kab. Lampung Timur,120700,Prov. Lampung,120000,11,5,186,6,7,2,2,22,10 Apr 2026 06:15:01,E5308076A319A6DFFFDA
SMP MUHAMMADIYAH 1 GUNUNG PELINDUNG,10805977,SMP,Swasta,Kec. Gunung Pelindung,120720,Kab. Lampung Timur,120700,Prov. Lampung,120000,5,0,78,3,3,0,1,10,31 Mar 2026 19:32:32,3E108D36A18D285036F0
SMP PGRI 1 GUNUNG PELINDUNG,10805916,SMP,Swasta,Kec. Gunung Pelindung,120720,Kab. Lampung Timur,120700,Prov. Lampung,120000,3,5,68,3,6,2,1,39,01 May 2026 12:02:40,8E8AF579E82A4FE4A265
SMP YPI 12 GUNUNG PELINDUNG,10805955,SMP,Swasta,Kec. Gunung Pelindung,120720,Kab. Lampung Timur,120700,Prov. Lampung,120000,8,2,36,3,7,2,1,42,25 Apr 2026 09:53:33,04326AD4DD4A8D0E9B13
SMAN 1 GUNUNG PELINDUNG,10814045,SMA,Negeri,Kec. Gunung Pelindung,120720,Kab. Lampung Timur,120700,Prov. Lampung,120000,12,3,59,3,10,3,1,31,29 Apr 2026 09:33:53,05127DBC79527502E1FF
SMAS MUHAMMADIYAH 1 GUNUNG PELINDUNG,10805990,SMA,Swasta,Kec. Gunung Pelindung,120720,Kab. Lampung Timur,120700,Prov. Lampung,120000,3,3,55,3,3,0,1,13,22 Apr 2026 11:27:11,2C398DA9024E6758EF2E
SMKN 1 GUNUNG PELINDUNG,69870888,SMK,Negeri,Kec. Gunung Pelindung,120720,Kab. Lampung Timur,120700,Prov. Lampung,120000,25,5,286,11,7,2,1,29,01 May 2026 20:09:00,6763360D37B68ED2D543
SMKS MAARIF NU 7 DEWANTARA GUNUNG PELINDUNG,10814982,SMK,Swasta,Kec. Gunung Pelindung,120720,Kab. Lampung Timur,120700,Prov. Lampung,120000,2,2,65,3,3,1,1,3,03 Mar 2026 10:50:17,CEB05B86F3091E652319
UPTD SD NEGERI 1 BUMI TINGGI,10806173,SD,Negeri,Kec. Bumi Agung,120713,Kab. Lampung Timur,120700,Prov. Lampung,120000,5,7,35,6,6,0,1,13,14 Apr 2026 20:23:14,B86B278FA9F064D594A9
UPTD SD NEGERI 1 LEHAN,10806479,SD,Negeri,Kec. Bumi Agung,120713,Kab. Lampung Timur,120700,Prov. Lampung,120000,15,4,218,12,10,0,1,24,28 Apr 2026 10:29:47,7F5462AED2CCD1F96EDF
UPTD SD NEGERI 1 MARGAMULYA,10806462,SD,Negeri,Kec. Bumi Agung,120713,Kab. Lampung Timur,120700,Prov. Lampung,120000,9,0,131,6,7,0,1,5,09 Apr 2026 21:51:07,48C3FE90932AD5BD2879
UPTD SD NEGERI 2 BUMI TINGGI,10806335,SD,Negeri,Kec. Bumi Agung,120713,Kab. Lampung Timur,120700,Prov. Lampung,120000,10,4,154,7,8,0,1,7,18 Feb 2026 20:47:29,0867CE60AD7D3EA5C500
UPTD SD NEGERI 2 DONOMULYO,10806359,SD,Negeri,Kec. Bumi Agung,120713,Kab. Lampung Timur,120700,Prov. Lampung,120000,13,2,208,12,9,0,1,28,23 Apr 2026 10:35:50,CDAAF075CCADD5397D53
UPTD SD NEGERI 2 LEHAN,10806447,SD,Negeri,Kec. Bumi Agung,120713,Kab. Lampung Timur,120700,Prov. Lampung,120000,11,0,99,6,8,0,1,34,27 Feb 2026 10:03:44,42B6395AA43B0C404639
UPTD SD NEGERI 2 MARGAMULYA,10806443,SD,Negeri,Kec. Bumi Agung,120713,Kab. Lampung Timur,120700,Prov. Lampung,120000,8,0,77,6,6,0,0,8,17 Feb 2026 20:45:15,C3F5FC8BDFCEEF5CAEBC
UPTD SD NEGERI 3 DONOMULYO,10805846,SD,Negeri,Kec. Bumi Agung,120713,Kab. Lampung Timur,120700,Prov. Lampung,120000,9,4,95,6,6,0,1,18,18 Apr 2026 09:29:50,E423C809C729EC7E484F
UPTD SD NEGERI 4 DONOMULYO,10805644,SD,Negeri,Kec. Bumi Agung,120713,Kab. Lampung Timur,120700,Prov. Lampung,120000,8,4,78,6,5,0,1,35,14 Apr 2026 08:23:58,7E9F2182FD2EEBD008A5
UPTD SD NEGERI CATUR SWAKO,10805729,SD,Negeri,Kec. Bumi Agung,120713,Kab. Lampung Timur,120700,Prov. Lampung,120000,8,3,83,6,6,0,0,12,25 Feb 2026 14:58:19,A074436AEC19F2755D4C
UPTD SD NEGERI MULYO ASRI,10806492,SD,Negeri,Kec. Bumi Agung,120713,Kab. Lampung Timur,120700,Prov. Lampung,120000,8,3,47,6,6,0,1,9,29 Apr 2026 21:40:38,FEBC8F0DAE1B8F27585B
UPTD SD NEGERI NYAMPIR,10805708,SD,Negeri,Kec. Bumi Agung,120713,Kab. Lampung Timur,120700,Prov. Lampung,120000,7,3,73,6,6,1,1,46,01 May 2026 19:21:58,EA94154FA276C1EEB25A
SD KRISTEN DONOMULYO,10806198,SD,Swasta,Kec. Bumi Agung,120713,Kab. Lampung Timur,120700,Prov. Lampung,120000,7,1,57,6,6,0,0,13,10 Mar 2026 08:16:25,C23C9494219E26CD193B
UPTD SMP NEGERI 1 BUMI AGUNG,10805975,SMP,Negeri,Kec. Bumi Agung,120713,Kab. Lampung Timur,120700,Prov. Lampung,120000,23,3,486,15,15,2,1,69,20 Apr 2026 21:29:58,DF6D00BA963727C2D3A3
SMP PGRI 1 BUMI AGUNG,10805917,SMP,Swasta,Kec. Bumi Agung,120713,Kab. Lampung Timur,120700,Prov. Lampung,120000,13,1,255,9,11,2,1,15,08 Apr 2026 19:41:54,743D521E58099065E2FC
SMP PGRI 2 BUMI AGUNG,10805867,SMP,Swasta,Kec. Bumi Agung,120713,Kab. Lampung Timur,120700,Prov. Lampung,120000,7,2,53,3,6,0,1,23,24 Apr 2026 19:10:18,EDB6F79F205FC034D5C1
SMKN 1 BUMI AGUNG,69763266,SMK,Negeri,Kec. Bumi Agung,120713,Kab. Lampung Timur,120700,Prov. Lampung,120000,34,8,268,13,11,1,1,36,01 Apr 2026 05:54:12,4BD79AB43D16DFF70C4A
SMK YAQIN BUMI AGUNG,69952341,SMK,Swasta,Kec. Bumi Agung,120713,Kab. Lampung Timur,120700,Prov. Lampung,120000,3,3,41,5,8,1,1,19,15 Apr 2026 09:03:04,785D19DD6AB68AB2D4AA
