nama_sekolah,npsn,bentuk_pendidikan,status_sekolah,kecamatan,kode_kecamatan,kabupaten,kode_kabupaten,provinsi,kode_provinsi,jumlah_guru_ptk,jumlah_pegawai,jumlah_peserta_didik,jumlah_rombel,jumlah_ruang_kelas,jumlah_lab,jumlah_perpustakaan,jumlah_kirim_sinkron,sinkron_terakhir,sekolah_id_enkrip
SEKOLAH DASAR NEGERI 1 SUMBAWA KECAMATAN SUMBAWA,50203393,SD,Negeri,Kec. Sumbawa,230408,Kab. Sumbawa,230400,Prov. Nusa Tenggara Barat,230000,19,4,359,13,8,1,1,18,24 Apr 2026 06:47:36,B28C7C59139B96567774
SEKOLAH DASAR NEGERI 10 SUMBAWA KECAMATAN SUMBAWA,50203586,SD,Negeri,Kec. Sumbawa,230408,Kab. Sumbawa,230400,Prov. Nusa Tenggara Barat,230000,10,1,151,6,6,0,1,36,11 Mar 2026 16:35:53,E9DF9521336F2387B2E0
SEKOLAH DASAR NEGERI 11 SUMBAWA KECAMATAN SUMBAWA,50203587,SD,Negeri,Kec. Sumbawa,230408,Kab. Sumbawa,230400,Prov. Nusa Tenggara Barat,230000,18,3,387,12,10,0,1,23,25 Apr 2026 19:17:00,30D9E514E3417B6DA44B
SEKOLAH DASAR NEGERI 12 SUMBAWA KECAMATAN SUMBAWA,50203588,SD,Negeri,Kec. Sumbawa,230408,Kab. Sumbawa,230400,Prov. Nusa Tenggara Barat,230000,11,1,125,6,8,0,1,8,04 Mar 2026 14:54:28,CA85FB383C00DC94EBF0
SEKOLAH DASAR NEGERI 13 SUMBAWA KECAMATAN SUMBAWA,50203589,SD,Negeri,Kec. Sumbawa,230408,Kab. Sumbawa,230400,Prov. Nusa Tenggara Barat,230000,11,3,151,6,6,0,1,23,15 Apr 2026 19:08:51,C53DC7A3F99751FB8F69
SEKOLAH DASAR NEGERI 14 SUMBAWA KECAMATAN SUMBAWA,50203579,SD,Negeri,Kec. Sumbawa,230408,Kab. Sumbawa,230400,Prov. Nusa Tenggara Barat,230000,9,3,170,7,6,0,1,17,04 Mar 2026 08:39:54,98F8C700E60BFDA8A273
SEKOLAH DASAR NEGERI 15 SUMBAWA KECAMATAN SUMBAWA,50203578,SD,Negeri,Kec. Sumbawa,230408,Kab. Sumbawa,230400,Prov. Nusa Tenggara Barat,230000,9,3,113,6,6,0,1,9,26 Apr 2026 19:56:12,8058914205A0491C81C1
SEKOLAH DASAR NEGERI 16 SUMBAWA KECAMATAN SUMBAWA,50203577,SD,Negeri,Kec. Sumbawa,230408,Kab. Sumbawa,230400,Prov. Nusa Tenggara Barat,230000,19,5,317,12,11,1,1,26,08 Apr 2026 08:18:10,4DE437BA8324136F6F37
SEKOLAH DASAR NEGERI 2 SUMBAWA KECAMATAN SUMBAWA,50203419,SD,Negeri,Kec. Sumbawa,230408,Kab. Sumbawa,230400,Prov. Nusa Tenggara Barat,230000,25,5,488,18,15,1,1,17,23 Apr 2026 18:52:46,697C03DE93F6C4C4606D
SEKOLAH DASAR NEGERI 3 SUMBAWA KECAMATAN SUMBAWA,50203556,SD,Negeri,Kec. Sumbawa,230408,Kab. Sumbawa,230400,Prov. Nusa Tenggara Barat,230000,10,1,55,6,6,0,1,8,05 Apr 2026 21:42:18,D2BE8B65D8F4A89B7846
SEKOLAH DASAR NEGERI 4 SUMBAWA KECAMATAN SUMBAWA,50203559,SD,Negeri,Kec. Sumbawa,230408,Kab. Sumbawa,230400,Prov. Nusa Tenggara Barat,230000,17,5,293,11,9,0,1,24,25 Apr 2026 09:54:43,A5578FBCD0303647A760
SEKOLAH DASAR NEGERI 5 SUMBAWA KECAMATAN SUMBAWA,50203561,SD,Negeri,Kec. Sumbawa,230408,Kab. Sumbawa,230400,Prov. Nusa Tenggara Barat,230000,8,3,119,6,6,0,1,40,28 Apr 2026 11:04:22,6987E76745846571D96B
SEKOLAH DASAR NEGERI 6 SUMBAWA KECAMATAN SUMBAWA,50203563,SD,Negeri,Kec. Sumbawa,230408,Kab. Sumbawa,230400,Prov. Nusa Tenggara Barat,230000,18,3,365,12,11,1,1,21,27 Apr 2026 11:16:36,190C8978D4A869975E4D
SEKOLAH DASAR NEGERI 7 SUMBAWA KECAMATAN SUMBAWA,50203553,SD,Negeri,Kec. Sumbawa,230408,Kab. Sumbawa,230400,Prov. Nusa Tenggara Barat,230000,17,4,319,12,10,0,1,33,06 Apr 2026 17:06:38,F3E60276676914C6CAB7
SEKOLAH DASAR NEGERI 8 SUMBAWA KECAMATAN SUMBAWA,50203551,SD,Negeri,Kec. Sumbawa,230408,Kab. Sumbawa,230400,Prov. Nusa Tenggara Barat,230000,12,2,144,7,7,0,1,28,28 Apr 2026 08:33:29,A67E374632842ADC5F8C
SEKOLAH DASAR NEGERI 9 SUMBAWA KECAMATAN SUMBAWA,50205249,SD,Negeri,Kec. Sumbawa,230408,Kab. Sumbawa,230400,Prov. Nusa Tenggara Barat,230000,9,2,130,6,6,0,1,27,22 Apr 2026 07:32:04,D66B26558E1B95DD0E35
SEKOLAH DASAR NEGERI BRANG BIJI KECAMATAN SUMBAWA,50203516,SD,Negeri,Kec. Sumbawa,230408,Kab. Sumbawa,230400,Prov. Nusa Tenggara Barat,230000,18,2,331,12,12,0,1,15,27 Apr 2026 07:11:57,165208FF087D235D4C2F
SEKOLAH DASAR NEGERI BUKIT PERMAI KECAMATAN SUMBAWA,50203533,SD,Negeri,Kec. Sumbawa,230408,Kab. Sumbawa,230400,Prov. Nusa Tenggara Barat,230000,14,2,212,10,9,0,1,16,11 Mar 2026 07:38:50,5AB0F0A6C28BA6DC6EC7
SEKOLAH DASAR NEGERI KEBAYAN KECAMATAN SUMBAWA,50203524,SD,Negeri,Kec. Sumbawa,230408,Kab. Sumbawa,230400,Prov. Nusa Tenggara Barat,230000,12,2,174,6,6,0,1,13,04 Mar 2026 09:49:31,760F5E3405F130EB8758
SEKOLAH DASAR NEGERI LEMPEH KECAMATAN SUMBAWA,50203270,SD,Negeri,Kec. Sumbawa,230408,Kab. Sumbawa,230400,Prov. Nusa Tenggara Barat,230000,17,5,286,11,12,0,1,29,27 Apr 2026 10:06:27,C9AC9C89FA6223942359
SEKOLAH DASAR NEGERI RABERAS KECAMATAN SUMBAWA,50203207,SD,Negeri,Kec. Sumbawa,230408,Kab. Sumbawa,230400,Prov. Nusa Tenggara Barat,230000,10,3,154,6,6,0,1,27,09 Apr 2026 10:23:50,C28AAA6AF8DE0F1838BC
SEKOLAH DASAR NEGERI SAMAPUIN KECAMATAN SUMBAWA,50203226,SD,Negeri,Kec. Sumbawa,230408,Kab. Sumbawa,230400,Prov. Nusa Tenggara Barat,230000,10,4,186,6,6,0,1,10,18 Apr 2026 08:17:20,E5992C27B8F945E25047
Sekolah Rakyat Dasar 5 Sumbawa,70058365,SD,Negeri,Kec. Sumbawa,230408,Kab. Sumbawa,230400,Prov. Nusa Tenggara Barat,230000,3,1,73,6,3,1,1,34,24 Apr 2026 07:04:45,551C1BF3C4DA18E8ED56
SD DIPONEGORO,50205225,SD,Swasta,Kec. Sumbawa,230408,Kab. Sumbawa,230400,Prov. Nusa Tenggara Barat,230000,19,5,282,12,12,1,1,24,30 Mar 2026 07:24:40,A2B7C08BB3CF9688822B
SD ISLAM DEENIYAT,69978523,SD,Swasta,Kec. Sumbawa,230408,Kab. Sumbawa,230400,Prov. Nusa Tenggara Barat,230000,5,1,54,6,6,0,0,15,14 Apr 2026 13:14:31,CB8E138848D3D79228D1
SD Tunas Daud Unggul Sumbawa Besar,69899474,SD,Swasta,Kec. Sumbawa,230408,Kab. Sumbawa,230400,Prov. Nusa Tenggara Barat,230000,7,3,73,6,7,1,1,8,16 Apr 2026 16:18:06,9CDBCF4D11AD913C127B
SDIT Insan Qurani Sumbawa,69957447,SD,Swasta,Kec. Sumbawa,230408,Kab. Sumbawa,230400,Prov. Nusa Tenggara Barat,230000,27,7,375,13,19,1,1,19,22 Apr 2026 08:52:08,DCA1B345B7BFDC1AE7BF
SEKOLAH DASAR  ISLAM TERPADU ASA,70051606,SD,Swasta,Kec. Sumbawa,230408,Kab. Sumbawa,230400,Prov. Nusa Tenggara Barat,230000,7,1,55,4,4,0,0,11,28 Apr 2026 06:50:05,0F70B1DCD9ED953F5B55
SEKOLAH DASAR MUHAMMADIYAH LALU AKANG ZAINUDDIN,70008193,SD,Swasta,Kec. Sumbawa,230408,Kab. Sumbawa,230400,Prov. Nusa Tenggara Barat,230000,10,0,82,6,6,0,0,16,13 Apr 2026 10:13:24,454F7BBBEE2DDD7EC247
SEKOLAH DASAR PLUS NURUL ISLAM SUMBAWA,70047982,SD,Swasta,Kec. Sumbawa,230408,Kab. Sumbawa,230400,Prov. Nusa Tenggara Barat,230000,3,1,55,3,3,0,0,10,05 Mar 2026 12:26:40,EA3BD980FC2DA63EC48F
SEKOLAH MENENGAH PERTAMA NEGERI 1 SUMBAWA BESAR KECAMATAN SUMBAWA,50203369,SMP,Negeri,Kec. Sumbawa,230408,Kab. Sumbawa,230400,Prov. Nusa Tenggara Barat,230000,54,9,909,25,25,5,1,30,04 Mar 2026 07:14:10,037FB3683AEEBF91E9C9
SEKOLAH MENENGAH PERTAMA NEGERI 2 SUMBAWA BESAR KECAMATAN SUMBAWA,50203300,SMP,Negeri,Kec. Sumbawa,230408,Kab. Sumbawa,230400,Prov. Nusa Tenggara Barat,230000,43,6,550,18,18,2,1,41,16 Apr 2026 08:14:15,5362AC676341199DB0F3
SEKOLAH MENENGAH PERTAMA NEGERI 3 SUMBAWA BESAR KECAMATAN SUMBAWA,50203286,SMP,Negeri,Kec. Sumbawa,230408,Kab. Sumbawa,230400,Prov. Nusa Tenggara Barat,230000,38,8,508,17,18,2,1,77,02 May 2026 13:24:56,1C61F8934F5EB8C9A0AC
SEKOLAH MENENGAH PERTAMA NEGERI 4 SUMBAWA BESAR KECAMATAN SUMBAWA,50203289,SMP,Negeri,Kec. Sumbawa,230408,Kab. Sumbawa,230400,Prov. Nusa Tenggara Barat,230000,13,5,131,6,9,2,1,11,30 Apr 2026 12:02:33,DD8D48936AA42C2D4BC6
SEKOLAH MENENGAH PERTAMA NEGERI 5 SUMBAWA BESAR KECAMATAN SUMBAWA,50205475,SMP,Negeri,Kec. Sumbawa,230408,Kab. Sumbawa,230400,Prov. Nusa Tenggara Barat,230000,13,1,34,3,7,2,1,18,04 Mar 2026 09:31:51,5B3B5B3D961ADBB8F34D
SEKOLAH MENENGAH PERTAMA  SMP PLUS HAMALATUL QURAN SAMAWA,70056973,SMP,Swasta,Kec. Sumbawa,230408,Kab. Sumbawa,230400,Prov. Nusa Tenggara Barat,230000,4,1,20,1,1,0,0,6,02 May 2026 17:02:56,977B34B3B8C9EB8E828B
Sekolah Menengah Pertama Islam Terpadu Insan Qurani,70036536,SMP,Swasta,Kec. Sumbawa,230408,Kab. Sumbawa,230400,Prov. Nusa Tenggara Barat,230000,10,2,57,3,4,0,0,24,30 Apr 2026 10:39:46,C940443C4DFA66128625
SMP DIPONEGORO SUMBAWA BESAR,50203378,SMP,Swasta,Kec. Sumbawa,230408,Kab. Sumbawa,230400,Prov. Nusa Tenggara Barat,230000,11,5,164,6,6,2,1,29,23 Apr 2026 08:44:54,B23442713FF4BBC5873C
SMP ISLAM DEENIYAT SUMBAWA,69991406,SMP,Swasta,Kec. Sumbawa,230408,Kab. Sumbawa,230400,Prov. Nusa Tenggara Barat,230000,1,1,40,2,3,0,1,6,07 Mar 2026 16:49:28,420B825F31EFBB8D59D4
SMP ISLAM TERPADU (SMP IT) SUMBAWA,69948296,SMP,Swasta,Kec. Sumbawa,230408,Kab. Sumbawa,230400,Prov. Nusa Tenggara Barat,230000,7,2,29,2,3,1,1,33,08 Apr 2026 10:33:14,BEF69F33B7B1CED5C002
SMP PLUS AISYAH SAMAWA,69975110,SMP,Swasta,Kec. Sumbawa,230408,Kab. Sumbawa,230400,Prov. Nusa Tenggara Barat,230000,18,4,301,11,12,1,1,31,02 May 2026 08:17:47,4200A5247C8917228A71
SMAN 1 SUMBAWA BESAR,50203310,SMA,Negeri,Kec. Sumbawa,230408,Kab. Sumbawa,230400,Prov. Nusa Tenggara Barat,230000,45,24,1000,28,24,5,1,57,02 May 2026 09:10:11,065D0EA76CA670A1F435
SMAN 2 SUMBAWA BESAR,50203312,SMA,Negeri,Kec. Sumbawa,230408,Kab. Sumbawa,230400,Prov. Nusa Tenggara Barat,230000,62,15,1160,32,21,5,2,89,02 May 2026 08:13:19,DD495663699D6CC89413
SMAN 3 SUMBAWA BESAR,50203313,SMA,Negeri,Kec. Sumbawa,230408,Kab. Sumbawa,230400,Prov. Nusa Tenggara Barat,230000,57,19,1033,30,26,6,1,51,28 Apr 2026 08:08:00,84A9723FEDBAEC233B05
SMAN 4 SUMBAWA BESAR,50203326,SMA,Negeri,Kec. Sumbawa,230408,Kab. Sumbawa,230400,Prov. Nusa Tenggara Barat,230000,20,14,256,8,14,4,1,39,29 Apr 2026 07:47:52,0B837B8491A354FB7305
SMA PLUS AISYAH SAMAWA,69985340,SMA,Swasta,Kec. Sumbawa,230408,Kab. Sumbawa,230400,Prov. Nusa Tenggara Barat,230000,10,4,150,6,6,0,1,28,21 Apr 2026 08:04:28,7AFF66D5F5DC4235D4DA
SMAS K ST GREGORIUS SUMBAWA,50203322,SMA,Swasta,Kec. Sumbawa,230408,Kab. Sumbawa,230400,Prov. Nusa Tenggara Barat,230000,8,3,123,5,8,3,1,31,21 Apr 2026 11:37:51,FA8F0B30BE64A2E8C187
SMAS MUHAMMADIYAH SUMBAWA,50203324,SMA,Swasta,Kec. Sumbawa,230408,Kab. Sumbawa,230400,Prov. Nusa Tenggara Barat,230000,8,4,70,3,8,1,2,26,29 Apr 2026 12:17:55,BC0D11309308BAAE70F2
SMKN 1 SUMBAWA BESAR,50203317,SMK,Negeri,Kec. Sumbawa,230408,Kab. Sumbawa,230400,Prov. Nusa Tenggara Barat,230000,89,29,1245,42,22,6,1,90,30 Apr 2026 19:19:41,070DEE9AD260763A69A2
SMK BORSYA TELEKOMUNIKASI,70027778,SMK,Swasta,Kec. Sumbawa,230408,Kab. Sumbawa,230400,Prov. Nusa Tenggara Barat,230000,4,1,0,0,0,0,0,0,,FCB80071FB676C2238DD
SMK ISLAM SUMBAWA BESAR,69851859,SMK,Swasta,Kec. Sumbawa,230408,Kab. Sumbawa,230400,Prov. Nusa Tenggara Barat,230000,14,2,97,3,6,2,1,18,31 Mar 2026 07:19:35,4417AA9C300E89B4B3FE
SMKS KESEHATAN AL MAARIF SUMBAWA BESAR,50220706,SMK,Swasta,Kec. Sumbawa,230408,Kab. Sumbawa,230400,Prov. Nusa Tenggara Barat,230000,7,3,144,6,6,2,1,16,05 Apr 2026 00:36:07,CD753E398C404C250F9B
SEKOLAH DASAR NEGERI 1 KARANG JATI KECAMATAN MOYO HILIR,50203406,SD,Negeri,Kec. Moyo Hilir,230409,Kab. Sumbawa,230400,Prov. Nusa Tenggara Barat,230000,8,2,84,6,6,0,1,18,27 Apr 2026 08:06:22,7D4F3985BED987EFEC09
SEKOLAH DASAR NEGERI 1 MOYO KECAMATAN MOYO HILIR,50203397,SD,Negeri,Kec. Moyo Hilir,230409,Kab. Sumbawa,230400,Prov. Nusa Tenggara Barat,230000,11,3,156,6,7,1,1,19,07 Apr 2026 08:23:40,0588343309A1EAB933FD
SEKOLAH DASAR NEGERI 2 KARANG JATI KECAMATAN MOYO HILIR,50203571,SD,Negeri,Kec. Moyo Hilir,230409,Kab. Sumbawa,230400,Prov. Nusa Tenggara Barat,230000,9,3,130,6,6,0,1,29,30 Apr 2026 06:10:48,E0D2CD4A342188253922
SEKOLAH DASAR NEGERI 2 MOYO KECAMATAN MOYO HILIR,50203430,SD,Negeri,Kec. Moyo Hilir,230409,Kab. Sumbawa,230400,Prov. Nusa Tenggara Barat,230000,10,3,152,7,7,0,1,27,25 Apr 2026 22:39:28,42A8ECBB5632D74E095E
SEKOLAH DASAR NEGERI AI PUNTUK KECAMATAN MOYO HILIR,50203512,SD,Negeri,Kec. Moyo Hilir,230409,Kab. Sumbawa,230400,Prov. Nusa Tenggara Barat,230000,12,4,161,8,6,0,1,18,12 Apr 2026 09:22:34,6CDB4A780ADC2387288D
SEKOLAH DASAR NEGERI BATU BANGKA KECAMATAN MOYO HILIR,50203504,SD,Negeri,Kec. Moyo Hilir,230409,Kab. Sumbawa,230400,Prov. Nusa Tenggara Barat,230000,8,3,134,6,6,0,1,13,02 May 2026 15:18:46,12F5902531A999224B92
SEKOLAH DASAR NEGERI BERARE KECAMATAN MOYO HILIR,50203497,SD,Negeri,Kec. Moyo Hilir,230409,Kab. Sumbawa,230400,Prov. Nusa Tenggara Barat,230000,10,6,133,6,6,0,1,40,25 Apr 2026 10:52:35,7C9622AA44C203CB50BA
SEKOLAH DASAR NEGERI KAKIANG KECAMATAN MOYO HILIR,50203518,SD,Negeri,Kec. Moyo Hilir,230409,Kab. Sumbawa,230400,Prov. Nusa Tenggara Barat,230000,8,2,119,6,6,0,1,11,16 Apr 2026 09:05:06,DD73367B0DD72AD7290A
SEKOLAH DASAR NEGERI KAPASSARI KECAMATAN MOYO HILIR,50220341,SD,Negeri,Kec. Moyo Hilir,230409,Kab. Sumbawa,230400,Prov. Nusa Tenggara Barat,230000,9,1,63,6,5,0,0,13,04 Mar 2026 18:49:59,6069E0E8B2B3AB8DEF6E
SEKOLAH DASAR NEGERI LABUHAN IJUK KECAMATAN MOYO HILIR,50203244,SD,Negeri,Kec. Moyo Hilir,230409,Kab. Sumbawa,230400,Prov. Nusa Tenggara Barat,230000,11,3,144,6,7,0,1,20,29 Mar 2026 23:49:44,F6C1160B193BBC4398E8
SEKOLAH DASAR NEGERI MALILI KECAMATAN MOYO HILIR,50203268,SD,Negeri,Kec. Moyo Hilir,230409,Kab. Sumbawa,230400,Prov. Nusa Tenggara Barat,230000,8,2,72,6,6,0,1,46,16 Apr 2026 07:22:22,31C99626B8DECD8036BB
SEKOLAH DASAR NEGERI NANGA LIDAM KECAMATAN MOYO HILIR,50219980,SD,Negeri,Kec. Moyo Hilir,230409,Kab. Sumbawa,230400,Prov. Nusa Tenggara Barat,230000,7,0,13,5,5,0,0,16,05 Mar 2026 18:02:17,96ABAE7159B7D9050415
SEKOLAH DASAR NEGERI NGERU KECAMATAN MOYO HILIR,50203266,SD,Negeri,Kec. Moyo Hilir,230409,Kab. Sumbawa,230400,Prov. Nusa Tenggara Barat,230000,11,3,177,8,9,0,1,17,02 Apr 2026 07:36:18,39F21A759A9073DFD69C
SEKOLAH DASAR NEGERI OLAT RAWA KECAMATAN MOYO HILIR,50203196,SD,Negeri,Kec. Moyo Hilir,230409,Kab. Sumbawa,230400,Prov. Nusa Tenggara Barat,230000,10,3,167,6,6,0,1,17,02 May 2026 09:59:26,EAAE023E18E357B72CF1
SEKOLAH DASAR NEGERI PANGENYAR KECAMATAN MOYO HILIR,50203194,SD,Negeri,Kec. Moyo Hilir,230409,Kab. Sumbawa,230400,Prov. Nusa Tenggara Barat,230000,9,3,86,6,6,0,1,18,02 Apr 2026 11:51:24,95BBF849952C5F01BF01
SEKOLAH DASAR NEGERI PELITA KECAMATAN MOYO HILIR,50205460,SD,Negeri,Kec. Moyo Hilir,230409,Kab. Sumbawa,230400,Prov. Nusa Tenggara Barat,230000,10,2,67,6,6,0,0,29,26 Apr 2026 23:09:02,807D6A095BC47AAD8671
SEKOLAH DASAR NEGERI POTO KECAMATAN MOYO HILIR,50203188,SD,Negeri,Kec. Moyo Hilir,230409,Kab. Sumbawa,230400,Prov. Nusa Tenggara Barat,230000,9,3,85,6,6,1,1,54,26 Apr 2026 05:44:12,1F55A02DEA581D0502B0
SEKOLAH DASAR NEGERI PRAJAK KECAMATAN MOYO HILIR,50203190,SD,Negeri,Kec. Moyo Hilir,230409,Kab. Sumbawa,230400,Prov. Nusa Tenggara Barat,230000,9,3,87,6,6,0,1,17,04 Mar 2026 08:40:44,8168711C96225B416782
SEKOLAH DASAR NEGERI SAMRI KECAMATAN MOYO HILIR,50203228,SD,Negeri,Kec. Moyo Hilir,230409,Kab. Sumbawa,230400,Prov. Nusa Tenggara Barat,230000,7,4,40,6,6,0,1,10,28 Jan 2026 22:12:12,665BB02A6EAD47283D58
SEKOLAH DASAR NEGERI SENGKAL KECAMATAN MOYO HILIR,50203216,SD,Negeri,Kec. Moyo Hilir,230409,Kab. Sumbawa,230400,Prov. Nusa Tenggara Barat,230000,8,4,73,6,6,0,1,31,04 Apr 2026 09:30:27,04E7952C22214CE7013F
SEKOLAH DASAR NEGERI TANJUNG BELE KECAMATAN MOYO HILIR,50203340,SD,Negeri,Kec. Moyo Hilir,230409,Kab. Sumbawa,230400,Prov. Nusa Tenggara Barat,230000,10,3,52,6,6,0,1,21,18 Apr 2026 07:57:46,94906DDD7501858908C6
SEKOLAH DASAR NEGERI TENGKE KECAMATAN MOYO HILIR,50203348,SD,Negeri,Kec. Moyo Hilir,230409,Kab. Sumbawa,230400,Prov. Nusa Tenggara Barat,230000,8,3,46,6,6,0,1,26,04 Apr 2026 11:13:03,A07CF50C3CC65AB7BEA8
SEKOLAH MENENGAH PERTAMA NEGERI 1 MOYO HILIR KECAMATAN MOYO HILIR,50205306,SMP,Negeri,Kec. Moyo Hilir,230409,Kab. Sumbawa,230400,Prov. Nusa Tenggara Barat,230000,35,5,323,12,12,2,1,25,11 Mar 2026 07:18:12,95758064262C25A32382
SEKOLAH MENENGAH PERTAMA NEGERI 2 MOYO HILIR KECAMATAN MOYO HILIR,50203297,SMP,Negeri,Kec. Moyo Hilir,230409,Kab. Sumbawa,230400,Prov. Nusa Tenggara Barat,230000,21,5,181,7,9,2,1,17,14 Apr 2026 08:57:00,4206566BB3036DE54D71
SEKOLAH MENENGAH PERTAMA NEGERI 3 MOYO HILIR KECAMATAN MOYO HILIR,50203283,SMP,Negeri,Kec. Moyo Hilir,230409,Kab. Sumbawa,230400,Prov. Nusa Tenggara Barat,230000,13,4,82,3,8,2,2,24,04 Apr 2026 15:45:09,E4D984D6F782AD80F6A5
SEKOLAH MENENGAH PERTAMA NEGERI 4 SATU ATAP MOYO HILIR KECAMATAN MOYO HILIR,50220469,SMP,Negeri,Kec. Moyo Hilir,230409,Kab. Sumbawa,230400,Prov. Nusa Tenggara Barat,230000,14,0,14,3,3,1,1,89,23 Apr 2026 14:15:56,2C4CDA806E0B312E89C8
SEKOLAH MENENGAH PERTAMA NEGERI 5 MOYO HILIR KECAMATAN MOYO HILIR,69786305,SMP,Negeri,Kec. Moyo Hilir,230409,Kab. Sumbawa,230400,Prov. Nusa Tenggara Barat,230000,20,5,138,6,6,2,1,20,21 Apr 2026 09:49:23,3EEA88329027940E63F1
SEKOLAH MENENGAH PERTAMA PUTRI KHODIJAH SUMBAWA,70051179,SMP,Swasta,Kec. Moyo Hilir,230409,Kab. Sumbawa,230400,Prov. Nusa Tenggara Barat,230000,8,4,56,2,4,1,1,29,16 Apr 2026 17:06:37,C04AC32A668563361592
SMAN 1 MOYO HILIR,70058627,SMA,Negeri,Kec. Moyo Hilir,230409,Kab. Sumbawa,230400,Prov. Nusa Tenggara Barat,230000,6,1,53,2,2,1,1,14,10 Apr 2026 10:17:51,32770D4F5AE43673F86C
SMKS ISLAM GUNUNG GALESA MOYO,50219663,SMK,Swasta,Kec. Moyo Hilir,230409,Kab. Sumbawa,230400,Prov. Nusa Tenggara Barat,230000,12,1,97,4,4,4,1,41,20 Apr 2026 07:33:48,282620500BE06072A4DD
SEKOLAH DASAR NEGERI 1 SABEDO KECAMATAN UTAN,50203581,SD,Negeri,Kec. Utan,230429,Kab. Sumbawa,230400,Prov. Nusa Tenggara Barat,230000,8,1,54,6,6,0,0,12,04 Apr 2026 06:16:24,5B5DCD17BAA4991FB255
SEKOLAH DASAR NEGERI 1 UTAN KECAMATAN UTAN,50205457,SD,Negeri,Kec. Utan,230429,Kab. Sumbawa,230400,Prov. Nusa Tenggara Barat,230000,19,4,272,12,13,2,1,11,04 Apr 2026 07:08:58,FB39B980CF44E57F2D89
SEKOLAH DASAR NEGERI 2 SABEDO KECAMATAN UTAN,50203414,SD,Negeri,Kec. Utan,230429,Kab. Sumbawa,230400,Prov. Nusa Tenggara Barat,230000,8,3,112,6,6,0,1,53,01 May 2026 17:56:59,4968FC05285234852477
SEKOLAH DASAR NEGERI 2 UTAN KECAMATAN UTAN,50203420,SD,Negeri,Kec. Utan,230429,Kab. Sumbawa,230400,Prov. Nusa Tenggara Barat,230000,20,2,352,15,13,0,1,29,25 Apr 2026 08:49:02,7FDB7BD87EB297ED9F3A
SEKOLAH DASAR NEGERI 3 UTAN KECAMATAN UTAN,50203576,SD,Negeri,Kec. Utan,230429,Kab. Sumbawa,230400,Prov. Nusa Tenggara Barat,230000,10,1,59,6,6,0,1,8,04 Mar 2026 09:23:35,2F70FEE7957EDD20DF31
SEKOLAH DASAR NEGERI 4 UTAN KECAMATAN UTAN,50203560,SD,Negeri,Kec. Utan,230429,Kab. Sumbawa,230400,Prov. Nusa Tenggara Barat,230000,19,3,338,14,14,1,1,28,27 Apr 2026 07:19:44,5D8B96BF2EF4964DB807
SEKOLAH DASAR NEGERI 5 UTAN KECAMATAN UTAN,50203562,SD,Negeri,Kec. Utan,230429,Kab. Sumbawa,230400,Prov. Nusa Tenggara Barat,230000,14,4,235,11,13,0,1,29,30 Apr 2026 09:44:40,C90A3C60D3D0B7748269
SEKOLAH DASAR NEGERI 6 UTAN KECAMATAN UTAN,50203506,SD,Negeri,Kec. Utan,230429,Kab. Sumbawa,230400,Prov. Nusa Tenggara Barat,230000,11,5,178,9,7,1,1,18,20 Apr 2026 19:49:03,B9541B340076A0A19D9A
SEKOLAH DASAR NEGERI 7 UTAN KECAMATAN UTAN,50203508,SD,Negeri,Kec. Utan,230429,Kab. Sumbawa,230400,Prov. Nusa Tenggara Barat,230000,10,3,114,7,11,0,1,17,25 Apr 2026 11:38:34,B860E9AF5D9E1A861050
SEKOLAH DASAR NEGERI 8 UTAN KECAMATAN UTAN,50203509,SD,Negeri,Kec. Utan,230429,Kab. Sumbawa,230400,Prov. Nusa Tenggara Barat,230000,9,2,137,6,6,0,1,29,22 Apr 2026 09:47:50,C79E41B4D06B649FC605
SEKOLAH DASAR NEGERI BALEBRANG KECAMATAN UTAN,50203514,SD,Negeri,Kec. Utan,230429,Kab. Sumbawa,230400,Prov. Nusa Tenggara Barat,230000,12,3,200,9,6,1,2,16,16 Apr 2026 05:14:05,19B7A4466CE3CB949801
SEKOLAH DASAR NEGERI BINAMARGA KECAMATAN UTAN,50203500,SD,Negeri,Kec. Utan,230429,Kab. Sumbawa,230400,Prov. Nusa Tenggara Barat,230000,12,1,223,10,10,0,0,22,08 Apr 2026 05:10:15,862E7115C89F22DCEF09
SEKOLAH DASAR NEGERI JERONGKO KECAMATAN UTAN,50203529,SD,Negeri,Kec. Utan,230429,Kab. Sumbawa,230400,Prov. Nusa Tenggara Barat,230000,14,4,258,11,5,0,1,8,04 Mar 2026 07:30:44,7A4977D6DC995539D794
SEKOLAH DASAR NEGERI KARANG TENANG KECAMATAN UTAN,50203523,SD,Negeri,Kec. Utan,230429,Kab. Sumbawa,230400,Prov. Nusa Tenggara Barat,230000,9,2,98,6,6,0,1,12,24 Apr 2026 09:09:20,AE5226FA20E7CEC1EAB3
SEKOLAH DASAR NEGERI KODA PERMAI KECAMATAN UTAN,60724682,SD,Negeri,Kec. Utan,230429,Kab. Sumbawa,230400,Prov. Nusa Tenggara Barat,230000,15,1,200,11,6,0,0,41,14 Mar 2026 10:50:18,FC46519E3B8D6625E2B9
SEKOLAH DASAR NEGERI LABUHAN BAJO KECAMATAN UTAN,50205587,SD,Negeri,Kec. Utan,230429,Kab. Sumbawa,230400,Prov. Nusa Tenggara Barat,230000,16,4,247,11,9,1,1,26,28 Apr 2026 07:34:23,C1E2E1AE4FBED531A9F6
SEKOLAH DASAR NEGERI LABUHAN BUA KECAMATAN UTAN,50203254,SD,Negeri,Kec. Utan,230429,Kab. Sumbawa,230400,Prov. Nusa Tenggara Barat,230000,14,2,210,10,6,0,1,45,02 May 2026 08:15:21,128974121E874C3041CB
SEKOLAH DASAR NEGERI LABUHAN PADI KECAMATAN UTAN,50203233,SD,Negeri,Kec. Utan,230429,Kab. Sumbawa,230400,Prov. Nusa Tenggara Barat,230000,8,1,101,6,6,0,1,20,03 Mar 2026 10:22:05,CCCC49F74C93A9359AAF
SEKOLAH DASAR NEGERI PANYENGAR KECAMATAN UTAN,50205459,SD,Negeri,Kec. Utan,230429,Kab. Sumbawa,230400,Prov. Nusa Tenggara Barat,230000,9,1,116,6,6,0,1,14,21 Apr 2026 09:34:46,C41AA47CCD978ECB709E
SEKOLAH DASAR NEGERI PUKAT KECAMATAN UTAN,50203191,SD,Negeri,Kec. Utan,230429,Kab. Sumbawa,230400,Prov. Nusa Tenggara Barat,230000,8,1,119,6,6,0,1,22,02 May 2026 10:24:41,5644C0D6A98C8B4F517F
SEKOLAH DASAR NEGERI SEKOKOK KECAMATAN UTAN,50203208,SD,Negeri,Kec. Utan,230429,Kab. Sumbawa,230400,Prov. Nusa Tenggara Barat,230000,14,3,211,10,12,0,1,14,23 Apr 2026 12:15:08,12FCCAD5139E2E2A8CED
SEKOLAH DASAR NEGERI WANAGIRI KECAMATAN UTAN,50219672,SD,Negeri,Kec. Utan,230429,Kab. Sumbawa,230400,Prov. Nusa Tenggara Barat,230000,10,0,118,6,6,0,0,15,29 Apr 2026 14:35:45,17F01E92E5A1F53FFC7A
SEKOLAH MENENGAH PERTAMA NEGERI 1 UTAN KECAMATAN UTAN,50203372,SMP,Negeri,Kec. Utan,230429,Kab. Sumbawa,230400,Prov. Nusa Tenggara Barat,230000,49,8,774,22,22,2,1,67,27 Apr 2026 07:58:00,09BC5FC2658A4CBADAA9
SEKOLAH MENENGAH PERTAMA NEGERI 2 UTAN KECAMATAN UTAN,50203291,SMP,Negeri,Kec. Utan,230429,Kab. Sumbawa,230400,Prov. Nusa Tenggara Barat,230000,27,8,377,13,13,1,1,26,03 Mar 2026 10:15:33,A0906CDBB03327D8F51A
SEKOLAH MENENGAH PERTAMA NEGERI 3 SATU ATAP UTAN KECAMATAN UTAN,50220312,SMP,Negeri,Kec. Utan,230429,Kab. Sumbawa,230400,Prov. Nusa Tenggara Barat,230000,13,1,102,4,4,3,2,28,29 Apr 2026 17:20:20,405E58DDB114B6B6A8CB
SMP AL-HIKMAH,50205477,SMP,Swasta,Kec. Utan,230429,Kab. Sumbawa,230400,Prov. Nusa Tenggara Barat,230000,11,1,87,4,6,2,1,27,08 Mar 2026 16:13:40,D707377D7266CEDC4B44
SMP IT KHAIRU UMMAH UTAN,69965338,SMP,Swasta,Kec. Utan,230429,Kab. Sumbawa,230400,Prov. Nusa Tenggara Barat,230000,4,1,9,3,3,1,0,13,22 Apr 2026 15:54:38,127AB9E2BFC81F999A9F
SMP MUHAMMADIYAH UTAN,50203380,SMP,Swasta,Kec. Utan,230429,Kab. Sumbawa,230400,Prov. Nusa Tenggara Barat,230000,9,2,45,3,3,2,2,11,10 Apr 2026 07:57:54,57C1ABE48000BC10E20E
SMAN 1 UTAN,50203311,SMA,Negeri,Kec. Utan,230429,Kab. Sumbawa,230400,Prov. Nusa Tenggara Barat,230000,42,13,836,25,24,1,0,27,29 Apr 2026 16:58:01,751A01959CC1547BF9AA
SMAS SAMAWA UTAN,50203315,SMA,Swasta,Kec. Utan,230429,Kab. Sumbawa,230400,Prov. Nusa Tenggara Barat,230000,1,2,15,3,3,1,1,4,30 Jan 2026 22:23:12,A5BF10687649FC9BB115
SMK IT KHAIRU UMMAH SUMBAWA,70023656,SMK,Swasta,Kec. Utan,230429,Kab. Sumbawa,230400,Prov. Nusa Tenggara Barat,230000,3,3,69,3,3,1,1,11,17 Apr 2026 17:13:38,210B55142C305613597E
SEKOLAH DASAR NEGERI 1 MUER KECAMATAN PLAMPANG,50205233,SD,Negeri,Kec. Plampang,230413,Kab. Sumbawa,230400,Prov. Nusa Tenggara Barat,230000,7,3,81,6,5,0,1,35,02 May 2026 17:34:58,F8478D803CD66940D34D
SEKOLAH DASAR NEGERI 1 PLAMPANG KECAMATAN PLAMPANG,50205236,SD,Negeri,Kec. Plampang,230413,Kab. Sumbawa,230400,Prov. Nusa Tenggara Barat,230000,18,6,205,12,9,0,1,21,27 Apr 2026 11:07:59,051158539557D753FFF6
SEKOLAH DASAR NEGERI 2 MUER KECAMATAN PLAMPANG,50205243,SD,Negeri,Kec. Plampang,230413,Kab. Sumbawa,230400,Prov. Nusa Tenggara Barat,230000,9,1,129,6,5,0,1,23,28 Apr 2026 06:22:35,58D34DB1128311D677E3
SEKOLAH DASAR NEGERI 2 PLAMPANG KECAMATAN PLAMPANG,50203423,SD,Negeri,Kec. Plampang,230413,Kab. Sumbawa,230400,Prov. Nusa Tenggara Barat,230000,10,3,89,6,6,0,1,11,05 Mar 2026 09:58:35,E3BB02318D9514DDA5AA
SEKOLAH DASAR NEGERI 3 PLAMPANG KECAMATAN PLAMPANG,50205246,SD,Negeri,Kec. Plampang,230413,Kab. Sumbawa,230400,Prov. Nusa Tenggara Barat,230000,10,3,124,6,11,1,1,17,17 Apr 2026 08:02:28,08901C317F09ED6499E2
SEKOLAH DASAR NEGERI 4 PLAMPANG KECAMATAN PLAMPANG,50205248,SD,Negeri,Kec. Plampang,230413,Kab. Sumbawa,230400,Prov. Nusa Tenggara Barat,230000,10,1,94,6,6,0,1,9,02 Mar 2026 09:41:36,9B3128AC298503C44C1C
SEKOLAH DASAR NEGERI AI BORO KECAMATAN PLAMPANG,50205251,SD,Negeri,Kec. Plampang,230413,Kab. Sumbawa,230400,Prov. Nusa Tenggara Barat,230000,8,3,75,6,6,0,1,16,02 May 2026 10:26:09,A9ECBF50A9B13DAD8DA7
SEKOLAH DASAR NEGERI BATU RASAK KECAMATAN PLAMPANG,50203503,SD,Negeri,Kec. Plampang,230413,Kab. Sumbawa,230400,Prov. Nusa Tenggara Barat,230000,11,1,72,6,6,0,1,20,13 Apr 2026 04:43:30,7ADC30BA250650B6FD86
SEKOLAH DASAR NEGERI BATUPUTIH KECAMATAN PLAMPANG,50205258,SD,Negeri,Kec. Plampang,230413,Kab. Sumbawa,230400,Prov. Nusa Tenggara Barat,230000,9,3,95,6,5,0,2,14,06 Apr 2026 18:26:04,A52E685BC6A4CF1339BA
SEKOLAH DASAR NEGERI BRANGKOLONG KECAMATAN PLAMPANG,50205259,SD,Negeri,Kec. Plampang,230413,Kab. Sumbawa,230400,Prov. Nusa Tenggara Barat,230000,14,2,197,9,6,0,1,29,28 Apr 2026 11:44:14,77A401F2A511BC7D3C05
SEKOLAH DASAR NEGERI BUIN RARE KECAMATAN PLAMPANG,50203532,SD,Negeri,Kec. Plampang,230413,Kab. Sumbawa,230400,Prov. Nusa Tenggara Barat,230000,13,4,111,6,6,0,1,21,25 Apr 2026 05:30:22,3B9E28FA0263427726F4
SEKOLAH DASAR NEGERI JOMPONG KECAMATAN PLAMPANG,50205266,SD,Negeri,Kec. Plampang,230413,Kab. Sumbawa,230400,Prov. Nusa Tenggara Barat,230000,8,2,129,6,5,0,1,10,26 Apr 2026 18:02:37,536530EBF719B0C975B5
SEKOLAH DASAR NEGERI KEMBANG SARI KECAMATAN PLAMPANG,69761826,SD,Negeri,Kec. Plampang,230413,Kab. Sumbawa,230400,Prov. Nusa Tenggara Barat,230000,9,5,44,6,4,0,0,12,11 Apr 2026 06:59:30,A1104914D6DC7ABB1F8A
SEKOLAH DASAR NEGERI LABUHAN ALA KECAMATAN PLAMPANG,50205274,SD,Negeri,Kec. Plampang,230413,Kab. Sumbawa,230400,Prov. Nusa Tenggara Barat,230000,11,2,97,6,6,0,1,27,23 Mar 2026 12:44:04,3D45808F096807EDE8C2
SEKOLAH DASAR NEGERI LABUHAN JONTAL KECAMATAN PLAMPANG,50203243,SD,Negeri,Kec. Plampang,230413,Kab. Sumbawa,230400,Prov. Nusa Tenggara Barat,230000,9,3,161,6,7,0,1,9,02 Mar 2026 22:32:25,2B0868DE770422006C9E
SEKOLAH DASAR NEGERI PAMUNGA KECAMATAN PLAMPANG,50205284,SD,Negeri,Kec. Plampang,230413,Kab. Sumbawa,230400,Prov. Nusa Tenggara Barat,230000,17,3,224,11,9,0,2,21,15 Apr 2026 15:24:44,B98682EC38CD82EE0935
SEKOLAH DASAR NEGERI PRODE KECAMATAN PLAMPANG,50220479,SD,Negeri,Kec. Plampang,230413,Kab. Sumbawa,230400,Prov. Nusa Tenggara Barat,230000,9,2,59,6,4,0,0,48,03 Apr 2026 19:09:13,CDA5C5AEC3F61C685F8F
SEKOLAH DASAR NEGERI SELANTE KECAMATAN PLAMPANG,50205290,SD,Negeri,Kec. Plampang,230413,Kab. Sumbawa,230400,Prov. Nusa Tenggara Barat,230000,10,3,130,6,7,0,1,7,10 Apr 2026 07:25:02,06421A1A705DD110D047
SEKOLAH DASAR NEGERI SEPAYUNG KECAMATAN PLAMPANG,50205292,SD,Negeri,Kec. Plampang,230413,Kab. Sumbawa,230400,Prov. Nusa Tenggara Barat,230000,13,5,177,9,9,0,1,24,14 Apr 2026 11:30:50,37B43BA8019B5C928518
SEKOLAH DASAR NEGERI SINAR JAYA KECAMATAN PLAMPANG,50205294,SD,Negeri,Kec. Plampang,230413,Kab. Sumbawa,230400,Prov. Nusa Tenggara Barat,230000,9,3,134,6,6,0,1,21,25 Apr 2026 19:07:28,C55AE37CD72455E5D79B
SEKOLAH DASAR NEGERI SP 1 PRODE KECAMATAN PLAMPANG,50203354,SD,Negeri,Kec. Plampang,230413,Kab. Sumbawa,230400,Prov. Nusa Tenggara Barat,230000,11,1,151,7,5,0,1,20,04 Mar 2026 08:59:43,9C1D88550C4A2A06046D
SEKOLAH DASAR NEGERI SP 2 PRODE KECAMATAN PLAMPANG,50205295,SD,Negeri,Kec. Plampang,230413,Kab. Sumbawa,230400,Prov. Nusa Tenggara Barat,230000,10,2,149,6,7,0,0,21,07 Mar 2026 08:01:30,E45E135ACE17EE15C989
SEKOLAH DASAR NEGERI SP 3 PRODE KECAMATAN PLAMPANG,50203355,SD,Negeri,Kec. Plampang,230413,Kab. Sumbawa,230400,Prov. Nusa Tenggara Barat,230000,14,3,237,11,7,0,1,11,15 Apr 2026 08:18:42,B0B64F768BA420F98BAA
SEKOLAH DASAR NEGERI TELUK SANTONG KECAMATAN PLAMPANG,50203347,SD,Negeri,Kec. Plampang,230413,Kab. Sumbawa,230400,Prov. Nusa Tenggara Barat,230000,11,2,150,7,6,0,1,20,18 Apr 2026 19:28:28,44AE1263ACCBF8B857DD
SEKOLAH DASAR NEGERI USAR BERU KECAMATAN PLAMPANG,50220622,SD,Negeri,Kec. Plampang,230413,Kab. Sumbawa,230400,Prov. Nusa Tenggara Barat,230000,9,2,56,6,6,0,0,15,28 Apr 2026 17:39:50,D43058AB2B775E6FEE6A
SEKOLAH DASAR NEGERI USAR KECAMATAN PLAMPANG,50205299,SD,Negeri,Kec. Plampang,230413,Kab. Sumbawa,230400,Prov. Nusa Tenggara Barat,230000,9,6,156,7,8,0,1,20,24 Apr 2026 08:09:18,ACB425788C2906383E7A
SEKOLAH MENENGAH PERTAMA NEGERI 1 PLAMPANG KECAMATAN PLAMPANG,50203367,SMP,Negeri,Kec. Plampang,230413,Kab. Sumbawa,230400,Prov. Nusa Tenggara Barat,230000,30,8,288,11,16,2,1,23,29 Apr 2026 07:32:51,3214934252879DA4A001
SEKOLAH MENENGAH PERTAMA NEGERI 2 PLAMPANG KECAMATAN PLAMPANG,50203298,SMP,Negeri,Kec. Plampang,230413,Kab. Sumbawa,230400,Prov. Nusa Tenggara Barat,230000,26,8,247,9,10,2,1,51,28 Apr 2026 08:45:18,CC102D88E74592D31FDD
SEKOLAH MENENGAH PERTAMA NEGERI 3 PLAMPANG KECAMATAN PLAMPANG,50203284,SMP,Negeri,Kec. Plampang,230413,Kab. Sumbawa,230400,Prov. Nusa Tenggara Barat,230000,25,6,158,7,9,2,1,27,22 Apr 2026 11:35:36,E0BC623619A978E0A1D8
SEKOLAH MENENGAH PERTAMA NEGERI 4 PLAMPANG KECAMATAN PLAMPANG,50205470,SMP,Negeri,Kec. Plampang,230413,Kab. Sumbawa,230400,Prov. Nusa Tenggara Barat,230000,10,5,78,3,6,1,2,10,06 Mar 2026 07:04:16,C15705C40D228C298379
SEKOLAH MENENGAH PERTAMA NEGERI 5 SATU ATAP PLAMPANG KECAMATAN PLAMPANG,50205474,SMP,Negeri,Kec. Plampang,230413,Kab. Sumbawa,230400,Prov. Nusa Tenggara Barat,230000,15,6,78,4,3,1,1,15,23 Apr 2026 08:20:12,B2D09FB9498C1F659FB2
SEKOLAH MENENGAH PERTAMA NEGERI 6 SATU ATAP PLAMPANG KECAMATAN PLAMPANG,50219574,SMP,Negeri,Kec. Plampang,230413,Kab. Sumbawa,230400,Prov. Nusa Tenggara Barat,230000,12,3,25,3,3,0,1,32,28 Apr 2026 21:40:46,0BE98AB3648BE6A36309
SEKOLAH MENENGAH PERTAMA NEGERI 7 PLAMPANG KECAMATAN PLAMPANG,60724688,SMP,Negeri,Kec. Plampang,230413,Kab. Sumbawa,230400,Prov. Nusa Tenggara Barat,230000,15,4,118,6,6,1,1,19,29 Apr 2026 18:18:44,F810FDF0D671BCAA6D80
SEKOLAH MENENGAH PERTAMA NEGERI 8 SATU ATAP PLAMPANG KECAMATAN PLAMPANG,69761830,SMP,Negeri,Kec. Plampang,230413,Kab. Sumbawa,230400,Prov. Nusa Tenggara Barat,230000,13,3,62,3,3,1,0,16,27 Apr 2026 22:56:14,DA1FDA20D522FC552654
SMP FAJAR INSANI,50203379,SMP,Swasta,Kec. Plampang,230413,Kab. Sumbawa,230400,Prov. Nusa Tenggara Barat,230000,7,2,51,3,3,0,0,31,10 Apr 2026 19:45:15,744AED943F4F03FC09DE
SMAN 1 PLAMPANG,50203309,SMA,Negeri,Kec. Plampang,230413,Kab. Sumbawa,230400,Prov. Nusa Tenggara Barat,230000,51,13,652,20,22,4,1,39,28 Apr 2026 20:21:30,19F765678A41CC040352
SMKN 1 PLAMPANG,50205480,SMK,Negeri,Kec. Plampang,230413,Kab. Sumbawa,230400,Prov. Nusa Tenggara Barat,230000,49,14,675,27,16,4,1,44,28 Apr 2026 10:29:29,DBD8803740739DA08BF0
SEKOLAH DASAR NEGERI 1 LABUHAN SUMBAWA KECAMATAN LABUHAN BADAS,50205230,SD,Negeri,Kec. Labuhan Badas,230415,Kab. Sumbawa,230400,Prov. Nusa Tenggara Barat,230000,17,4,336,12,21,1,1,25,05 Apr 2026 21:16:53,7E1C225FB54F932A43D2
SEKOLAH DASAR NEGERI 1 PULAU MEDANG KECAMATAN LABUHAN BADAS,50203565,SD,Negeri,Kec. Labuhan Badas,230415,Kab. Sumbawa,230400,Prov. Nusa Tenggara Barat,230000,9,3,167,6,6,0,1,4,15 Mar 2026 09:15:22,688D2EBF161B84F3FE1C
SEKOLAH DASAR NEGERI 1 PULAU MOYO KECAMATAN LABUHAN BADAS,50203390,SD,Negeri,Kec. Labuhan Badas,230415,Kab. Sumbawa,230400,Prov. Nusa Tenggara Barat,230000,9,3,68,6,5,0,1,8,17 Apr 2026 18:55:46,5D43E33A246C0D64FD0B
SEKOLAH DASAR NEGERI 2 LABUHAN SUMBAWA KECAMATAN LABUHAN BADAS,50203425,SD,Negeri,Kec. Labuhan Badas,230415,Kab. Sumbawa,230400,Prov. Nusa Tenggara Barat,230000,19,2,380,12,12,0,1,34,02 May 2026 07:42:05,26B7A4D2A132D92AB88F
SEKOLAH DASAR NEGERI 2 PULAU MEDANG KECAMATAN LABUHAN BADAS,50203421,SD,Negeri,Kec. Labuhan Badas,230415,Kab. Sumbawa,230400,Prov. Nusa Tenggara Barat,230000,8,1,154,6,6,0,0,17,11 Apr 2026 19:27:54,3BB3101B227574219C61
SEKOLAH DASAR NEGERI 2 PULAU MOYO KECAMATAN LABUHAN BADAS,50203572,SD,Negeri,Kec. Labuhan Badas,230415,Kab. Sumbawa,230400,Prov. Nusa Tenggara Barat,230000,8,3,129,6,6,0,1,16,03 Mar 2026 10:53:05,9FA8C228A644A38C00EB
SEKOLAH DASAR NEGERI ARUNG SANTEK KECAMATAN LABUHAN BADAS,50205458,SD,Negeri,Kec. Labuhan Badas,230415,Kab. Sumbawa,230400,Prov. Nusa Tenggara Barat,230000,5,3,43,6,5,0,1,14,03 Mar 2026 09:58:13,68B475484590D7BBEDC5
SEKOLAH DASAR NEGERI BADAS KECAMATAN LABUHAN BADAS,50203513,SD,Negeri,Kec. Labuhan Badas,230415,Kab. Sumbawa,230400,Prov. Nusa Tenggara Barat,230000,11,2,83,6,6,0,1,33,07 Apr 2026 07:59:02,1810061D9168C43BEED5
SEKOLAH DASAR NEGERI BANGKONG KECAMATAN LABUHAN BADAS,50205254,SD,Negeri,Kec. Labuhan Badas,230415,Kab. Sumbawa,230400,Prov. Nusa Tenggara Barat,230000,9,3,104,6,6,1,1,34,08 Apr 2026 08:20:09,42105A28B8CA7C9804D6
SEKOLAH DASAR NEGERI BATU NISUNG KECAMATAN LABUHAN BADAS,50219974,SD,Negeri,Kec. Labuhan Badas,230415,Kab. Sumbawa,230400,Prov. Nusa Tenggara Barat,230000,11,2,76,6,6,0,1,9,06 Mar 2026 08:37:09,4F0238F03D7104B9351F
SEKOLAH DASAR NEGERI BRANGKUA KECAMATAN LABUHAN BADAS,50203531,SD,Negeri,Kec. Labuhan Badas,230415,Kab. Sumbawa,230400,Prov. Nusa Tenggara Barat,230000,6,4,35,6,6,0,1,5,21 Jan 2026 23:46:14,F5FB30EAE3B5D0AA28B9
SEKOLAH DASAR NEGERI EMPAN KECAMATAN LABUHAN BADAS,60724677,SD,Negeri,Kec. Labuhan Badas,230415,Kab. Sumbawa,230400,Prov. Nusa Tenggara Barat,230000,9,0,41,6,5,0,0,19,25 Apr 2026 08:29:20,CCE772C634D58245F9B2
SEKOLAH DASAR NEGERI KANAR KECAMATAN LABUHAN BADAS,50203522,SD,Negeri,Kec. Labuhan Badas,230415,Kab. Sumbawa,230400,Prov. Nusa Tenggara Barat,230000,18,4,297,12,11,0,1,58,30 Apr 2026 09:52:18,690C96FB56F0FB3957BE
SEKOLAH DASAR NEGERI KARANG DIMA KECAMATAN LABUHAN BADAS,50205267,SD,Negeri,Kec. Labuhan Badas,230415,Kab. Sumbawa,230400,Prov. Nusa Tenggara Barat,230000,19,4,300,12,11,0,1,51,29 Apr 2026 07:29:26,9CA9D7C5FBCD4A06D937
SEKOLAH DASAR NEGERI KARANG PADAK KECAMATAN LABUHAN BADAS,50203246,SD,Negeri,Kec. Labuhan Badas,230415,Kab. Sumbawa,230400,Prov. Nusa Tenggara Barat,230000,10,2,153,7,9,0,1,16,02 May 2026 16:07:10,E9A0EB4CCF9C9DCA575F
SEKOLAH DASAR NEGERI LEPALOANG KECAMATAN LABUHAN BADAS,50203271,SD,Negeri,Kec. Labuhan Badas,230415,Kab. Sumbawa,230400,Prov. Nusa Tenggara Barat,230000,6,1,29,6,6,0,0,15,04 Apr 2026 09:22:07,7B4850678CB9BD234FBA
SEKOLAH DASAR NEGERI OLAT RARANG KECAMATAN LABUHAN BADAS,50203195,SD,Negeri,Kec. Labuhan Badas,230415,Kab. Sumbawa,230400,Prov. Nusa Tenggara Barat,230000,17,2,372,12,12,0,1,38,02 May 2026 08:47:44,2B81CE4C11EE0AB2255B
SEKOLAH DASAR NEGERI PAMULUNG KECAMATAN LABUHAN BADAS,50203198,SD,Negeri,Kec. Labuhan Badas,230415,Kab. Sumbawa,230400,Prov. Nusa Tenggara Barat,230000,10,4,76,6,6,0,1,13,11 Mar 2026 16:03:23,1570CBCE2E9AD6D0E02E
SEKOLAH DASAR NEGERI PATEDONG KECAMATAN LABUHAN BADAS,50205285,SD,Negeri,Kec. Labuhan Badas,230415,Kab. Sumbawa,230400,Prov. Nusa Tenggara Barat,230000,10,1,62,6,5,0,1,16,10 Apr 2026 18:59:01,AD54AFDA30868C01F6C2
SEKOLAH DASAR NEGERI POTO SISO KECAMATAN LABUHAN BADAS,50203189,SD,Negeri,Kec. Labuhan Badas,230415,Kab. Sumbawa,230400,Prov. Nusa Tenggara Barat,230000,8,1,61,6,6,0,1,16,02 Apr 2026 19:08:14,FB8E9CBA98C2A34EBC26
SEKOLAH DASAR NEGERI SAMPAR MARAS KECAMATAN LABUHAN BADAS,50203227,SD,Negeri,Kec. Labuhan Badas,230415,Kab. Sumbawa,230400,Prov. Nusa Tenggara Barat,230000,7,6,62,6,6,0,1,47,21 Apr 2026 10:58:15,91A2F4B383EC011391D5
SEKOLAH DASAR NEGERI STEMA KECAMATAN LABUHAN BADAS,50220339,SD,Negeri,Kec. Labuhan Badas,230415,Kab. Sumbawa,230400,Prov. Nusa Tenggara Barat,230000,6,1,27,6,3,0,0,5,22 Jan 2026 00:11:36,B3E8055587EC4AD81950
SEKOLAH DASAR NEGERI SUMER PAYUNG KECAMATAN LABUHAN BADAS,69989067,SD,Negeri,Kec. Labuhan Badas,230415,Kab. Sumbawa,230400,Prov. Nusa Tenggara Barat,230000,8,0,92,6,3,0,0,11,11 Mar 2026 11:23:45,C94B94B6DA45E8F26E7A
SDS IT SAMAWA CENDIKIA,69761825,SD,Swasta,Kec. Labuhan Badas,230415,Kab. Sumbawa,230400,Prov. Nusa Tenggara Barat,230000,60,8,625,26,28,0,1,32,27 Apr 2026 07:57:51,B8B6686F7CDCA2BA704E
SEKOLAH MENENGAH PERTAMA NEGERI 1 LABUHAN BADAS KECAMATAN LABUHAN BADAS,50203374,SMP,Negeri,Kec. Labuhan Badas,230415,Kab. Sumbawa,230400,Prov. Nusa Tenggara Barat,230000,54,9,891,24,24,2,1,27,24 Apr 2026 07:46:12,E5896EE4239A58F25DFE
SEKOLAH MENENGAH PERTAMA NEGERI 2 LABUHAN BADAS KECAMATAN LABUHAN BADAS,50203294,SMP,Negeri,Kec. Labuhan Badas,230415,Kab. Sumbawa,230400,Prov. Nusa Tenggara Barat,230000,20,8,169,6,9,1,1,18,04 Apr 2026 07:10:55,BACE83FE37305DA4702B
SEKOLAH MENENGAH PERTAMA NEGERI 3 LABUHAN BADAS KECAMATAN LABUHAN BADAS,50203281,SMP,Negeri,Kec. Labuhan Badas,230415,Kab. Sumbawa,230400,Prov. Nusa Tenggara Barat,230000,15,4,79,3,4,2,1,24,27 Apr 2026 21:09:24,5522067B8662AA6BBB5E
SEKOLAH MENENGAH PERTAMA NEGERI 4 LABUHAN BADAS KECAMATAN LABUHAN BADAS,50205468,SMP,Negeri,Kec. Labuhan Badas,230415,Kab. Sumbawa,230400,Prov. Nusa Tenggara Barat,230000,26,6,236,9,10,3,1,32,04 Apr 2026 10:22:21,45BA123AB83276C35766
SEKOLAH MENENGAH PERTAMA NEGERI 5 SATU ATAP LABUHAN BADAS KECAMATAN LABUHAN BADAS,50219559,SMP,Negeri,Kec. Labuhan Badas,230415,Kab. Sumbawa,230400,Prov. Nusa Tenggara Barat,230000,10,0,74,3,3,2,1,18,05 Mar 2026 09:41:29,F84AED8F9EC61C8AB8C2
SEKOLAH MENENGAH PERTAMA NEGERI 6 SATU ATAP LABUHAN BADAS KECAMATAN LABUHAN BADAS,50219561,SMP,Negeri,Kec. Labuhan Badas,230415,Kab. Sumbawa,230400,Prov. Nusa Tenggara Barat,230000,11,1,52,3,3,1,1,32,17 Apr 2026 18:14:36,C746A02E7B1ACD6C0883
SEKOLAH MENENGAH PERTAMA NEGERI 7 SATU ATAP LABUHAN BADAS KECAMATAN LABUHAN BADAS,50220286,SMP,Negeri,Kec. Labuhan Badas,230415,Kab. Sumbawa,230400,Prov. Nusa Tenggara Barat,230000,11,0,38,3,3,0,1,8,11 Apr 2026 08:20:57,29CCC2794A84C38DEF07
SMP IT SAMAWA CENDEKIA,69965314,SMP,Swasta,Kec. Labuhan Badas,230415,Kab. Sumbawa,230400,Prov. Nusa Tenggara Barat,230000,33,5,251,9,9,1,1,38,28 Apr 2026 09:50:58,0AE93E6B6567F7E64A41
SMA ISLAM TERPADU SAMAWA CENDEKIA SUMBAWA,69992897,SMA,Swasta,Kec. Labuhan Badas,230415,Kab. Sumbawa,230400,Prov. Nusa Tenggara Barat,230000,19,4,79,4,6,2,1,42,17 Apr 2026 08:42:52,FF88A2573429829B8710
SMK NEGERI PULAU MOYO,69981296,SMK,Negeri,Kec. Labuhan Badas,230415,Kab. Sumbawa,230400,Prov. Nusa Tenggara Barat,230000,9,4,84,4,4,0,2,66,16 Apr 2026 10:13:48,B561579CB238E241B1ED
SMKS MERCURY SUMBAWA BESAR,50203304,SMK,Swasta,Kec. Labuhan Badas,230415,Kab. Sumbawa,230400,Prov. Nusa Tenggara Barat,230000,0,0,0,0,0,0,0,0,,594E58BBC249104D3C45
SEKOLAH DASAR NEGERI 1 SEBASANG KETANGA KECAMATAN MOYO HULU,50205237,SD,Negeri,Kec. Moyo Hulu,230410,Kab. Sumbawa,230400,Prov. Nusa Tenggara Barat,230000,10,6,102,6,6,1,1,36,28 Feb 2026 08:28:47,F038C2A156A2A9EED782
SEKOLAH DASAR NEGERI 1 SEMAMUNG KECAMATAN MOYO HULU,50205238,SD,Negeri,Kec. Moyo Hulu,230410,Kab. Sumbawa,230400,Prov. Nusa Tenggara Barat,230000,11,5,50,6,6,0,1,14,03 Mar 2026 07:25:51,C6FD1A8FF50B9BF4B082
SEKOLAH DASAR NEGERI 2 SEBASANG KETANGA KECAMATAN MOYO HULU,50203416,SD,Negeri,Kec. Moyo Hulu,230410,Kab. Sumbawa,230400,Prov. Nusa Tenggara Barat,230000,9,3,87,6,7,0,1,41,09 Apr 2026 12:13:56,55582A46129A1DBEF534
SEKOLAH DASAR NEGERI 2 SEMAMUNG KECAMATAN MOYO HULU,50203417,SD,Negeri,Kec. Moyo Hulu,230410,Kab. Sumbawa,230400,Prov. Nusa Tenggara Barat,230000,11,2,78,6,6,0,1,10,02 Apr 2026 12:18:05,CEAE461F69D89FF24931
SEKOLAH DASAR NEGERI BATU BULAN KECAMATAN MOYO HULU,50205257,SD,Negeri,Kec. Moyo Hulu,230410,Kab. Sumbawa,230400,Prov. Nusa Tenggara Barat,230000,12,5,160,8,9,0,2,27,11 Apr 2026 07:36:29,D6527CD7F8DF466B0B84
SEKOLAH DASAR NEGERI BATU TERING KECAMATAN MOYO HULU,50203494,SD,Negeri,Kec. Moyo Hulu,230410,Kab. Sumbawa,230400,Prov. Nusa Tenggara Barat,230000,9,1,75,6,6,0,1,17,02 Apr 2026 08:31:37,DF8D668C85BCDF6E4ECC
SEKOLAH DASAR NEGERI BERANG REA KECAMATAN MOYO HULU,50203530,SD,Negeri,Kec. Moyo Hulu,230410,Kab. Sumbawa,230400,Prov. Nusa Tenggara Barat,230000,14,2,159,8,8,0,1,25,02 May 2026 10:02:21,EA5C21E71C4126735C9C
SEKOLAH DASAR NEGERI KALIMANGO KECAMATAN MOYO HULU,50203521,SD,Negeri,Kec. Moyo Hulu,230410,Kab. Sumbawa,230400,Prov. Nusa Tenggara Barat,230000,7,3,13,4,4,0,0,7,03 Mar 2026 08:52:35,35C6560C853FBCE8D35D
SEKOLAH DASAR NEGERI KARYA KECAMATAN MOYO HULU,50205268,SD,Negeri,Kec. Moyo Hulu,230410,Kab. Sumbawa,230400,Prov. Nusa Tenggara Barat,230000,12,4,87,6,6,0,1,26,14 Apr 2026 22:06:05,B0EC83A657AB87CB2313
SEKOLAH DASAR NEGERI KUANG AMO KECAMATAN MOYO HULU,50205272,SD,Negeri,Kec. Moyo Hulu,230410,Kab. Sumbawa,230400,Prov. Nusa Tenggara Barat,230000,7,3,31,5,6,0,0,11,05 Mar 2026 10:03:07,5791F73483D42DACCBEF
SEKOLAH DASAR NEGERI LESENG KECAMATAN MOYO HULU,50203272,SD,Negeri,Kec. Moyo Hulu,230410,Kab. Sumbawa,230400,Prov. Nusa Tenggara Barat,230000,9,3,115,6,6,1,1,20,14 Apr 2026 11:20:19,0833A96F2AE8B6793912
SEKOLAH DASAR NEGERI LITO JAM KECAMATAN MOYO HULU,60724684,SD,Negeri,Kec. Moyo Hulu,230410,Kab. Sumbawa,230400,Prov. Nusa Tenggara Barat,230000,8,1,65,6,6,1,0,22,02 Apr 2026 11:06:02,6E0F59455F9DBFCA5B3D
SEKOLAH DASAR NEGERI LITO TAREWAN KECAMATAN MOYO HULU,50203274,SD,Negeri,Kec. Moyo Hulu,230410,Kab. Sumbawa,230400,Prov. Nusa Tenggara Barat,230000,9,2,48,6,6,0,1,101,27 Apr 2026 10:34:48,3D2A407AFD4831427184
SEKOLAH DASAR NEGERI MAMAN KECAMATAN MOYO HULU,50205280,SD,Negeri,Kec. Moyo Hulu,230410,Kab. Sumbawa,230400,Prov. Nusa Tenggara Barat,230000,10,3,139,7,7,0,1,17,23 Apr 2026 20:48:28,03B313C2501A3353C27C
SEKOLAH DASAR NEGERI MOKONG KECAMATAN MOYO HULU,50203261,SD,Negeri,Kec. Moyo Hulu,230410,Kab. Sumbawa,230400,Prov. Nusa Tenggara Barat,230000,10,4,144,7,7,0,1,9,27 Apr 2026 10:41:25,17D921584EC6EDDC8A74
SEKOLAH DASAR NEGERI PELITA KECAMATAN MOYO HULU,50203202,SD,Negeri,Kec. Moyo Hulu,230410,Kab. Sumbawa,230400,Prov. Nusa Tenggara Barat,230000,8,2,115,6,6,0,1,25,15 Apr 2026 17:39:02,7DAEE28D8CB3D58DB603
SEKOLAH DASAR NEGERI PERNEK KECAMATAN MOYO HULU,50203183,SD,Negeri,Kec. Moyo Hulu,230410,Kab. Sumbawa,230400,Prov. Nusa Tenggara Barat,230000,11,3,149,8,8,0,1,32,02 May 2026 09:26:58,2620A546F79286CB0ADD
SEKOLAH DASAR NEGERI SEBASANG UNTER KECAMATAN MOYO HULU,50203229,SD,Negeri,Kec. Moyo Hulu,230410,Kab. Sumbawa,230400,Prov. Nusa Tenggara Barat,230000,9,4,103,6,6,0,1,14,02 Apr 2026 07:21:46,D5D4664E146A91CF11F7
SEKOLAH DASAR NEGERI SELA KECAMATAN MOYO HULU,50203209,SD,Negeri,Kec. Moyo Hulu,230410,Kab. Sumbawa,230400,Prov. Nusa Tenggara Barat,230000,7,2,76,6,6,0,1,22,08 Apr 2026 08:38:25,24AA31AC6F995A5131DB
SEKOLAH DASAR NEGERI SEMPE KECAMATAN MOYO HULU,50203215,SD,Negeri,Kec. Moyo Hulu,230410,Kab. Sumbawa,230400,Prov. Nusa Tenggara Barat,230000,9,2,91,6,6,0,1,13,31 Mar 2026 18:39:17,7D6FB285E4DD7F33E5BF
SEKOLAH DASAR NEGERI TALWA KECAMATAN MOYO HULU,50205297,SD,Negeri,Kec. Moyo Hulu,230410,Kab. Sumbawa,230400,Prov. Nusa Tenggara Barat,230000,11,4,117,6,6,0,1,9,25 Feb 2026 20:50:23,2A090BAD17160F7D9C2E
SEKOLAH MENENGAH PERTAMA NEGERI 1 MOYO HULU KECAMATAN MOYO HULU,50203365,SMP,Negeri,Kec. Moyo Hulu,230410,Kab. Sumbawa,230400,Prov. Nusa Tenggara Barat,230000,27,7,295,11,10,3,1,53,02 May 2026 08:56:37,F3D9528E129EDEC12E0F
SEKOLAH MENENGAH PERTAMA NEGERI 2 MOYO HULU KECAMATAN MOYO HULU,50205308,SMP,Negeri,Kec. Moyo Hulu,230410,Kab. Sumbawa,230400,Prov. Nusa Tenggara Barat,230000,15,7,172,6,6,1,2,27,05 Mar 2026 09:22:34,5BC4996F2D763BA30265
SEKOLAH MENENGAH PERTAMA NEGERI 3 MOYO HULU KECAMATAN MOYO HULU,50205311,SMP,Negeri,Kec. Moyo Hulu,230410,Kab. Sumbawa,230400,Prov. Nusa Tenggara Barat,230000,23,8,236,9,9,2,1,20,09 Apr 2026 11:26:42,1BF9E2B4C659ACF6189C
SEKOLAH MENENGAH PERTAMA NEGERI 4 SATU ATAP MOYO HULU KECAMATAN MOYO HULU,50205313,SMP,Negeri,Kec. Moyo Hulu,230410,Kab. Sumbawa,230400,Prov. Nusa Tenggara Barat,230000,12,2,41,3,3,0,1,17,14 Apr 2026 08:26:03,A6EA90A28C07FD8885E7
SEKOLAH MENENGAH PERTAMA NEGERI 5 SATU ATAP MOYO HULU KECAMATAN MOYO HULU,50205473,SMP,Negeri,Kec. Moyo Hulu,230410,Kab. Sumbawa,230400,Prov. Nusa Tenggara Barat,230000,11,1,88,3,3,1,1,35,11 Apr 2026 10:06:13,B9CE73421D86A68EE115
SEKOLAH MENENGAH PERTAMA NEGERI 6 SATU ATAP MOYO HULU KECAMATAN MOYO HULU,60724692,SMP,Negeri,Kec. Moyo Hulu,230410,Kab. Sumbawa,230400,Prov. Nusa Tenggara Barat,230000,11,2,10,2,1,0,1,19,11 Mar 2026 08:20:42,5777C2BFD488A2DDF2E0
SEKOLAH MENENGAH PERTAMA ISLAM TERPADU ABU HURAIRAH SUMBAWA,70050587,SMP,Swasta,Kec. Moyo Hulu,230410,Kab. Sumbawa,230400,Prov. Nusa Tenggara Barat,230000,4,1,77,3,8,0,0,14,30 Apr 2026 09:39:55,CC775254C1ECB7BE4D1B
SEKOLAH MENENGAH PERTAMA ISLAM TERPADU AL KAHFI SUMBAWA KECAMATAN MOYO HULU,70005911,SMP,Swasta,Kec. Moyo Hulu,230410,Kab. Sumbawa,230400,Prov. Nusa Tenggara Barat,230000,7,1,34,3,4,1,0,11,04 Mar 2026 10:34:36,F4E1F1DDC46694E0DFD0
SMAN 1 MOYO HULU,50203308,SMA,Negeri,Kec. Moyo Hulu,230410,Kab. Sumbawa,230400,Prov. Nusa Tenggara Barat,230000,24,11,317,10,11,4,1,27,02 May 2026 11:49:20,2F556F41E05745C0150E
SMK AL-KAHFI SUMBAWA,69851858,SMK,Swasta,Kec. Moyo Hulu,230410,Kab. Sumbawa,230400,Prov. Nusa Tenggara Barat,230000,6,2,36,3,4,1,0,73,28 Apr 2026 10:33:09,9B1E30E6BA4C70616C95
SEKOLAH DASAR NEGERI 1 BOAL KECAMATAN EMPANG,50203543,SD,Negeri,Kec. Empang,230414,Kab. Sumbawa,230400,Prov. Nusa Tenggara Barat,230000,14,3,167,8,7,0,1,23,08 Apr 2026 10:21:27,EAA405E8ECBC8FF12EEF
SEKOLAH DASAR NEGERI 1 EMPANG KECAMATAN EMPANG,50203404,SD,Negeri,Kec. Empang,230414,Kab. Sumbawa,230400,Prov. Nusa Tenggara Barat,230000,20,5,220,12,12,0,1,33,17 Apr 2026 06:52:49,5F093695FB505DC9051A
SEKOLAH DASAR NEGERI 1 GAPIT KECAMATAN EMPANG,50203544,SD,Negeri,Kec. Empang,230414,Kab. Sumbawa,230400,Prov. Nusa Tenggara Barat,230000,15,9,116,6,6,0,1,13,05 Mar 2026 10:30:49,FC89A375DEDD748B655E
SEKOLAH DASAR NEGERI 1 JOTANG KECAMATAN EMPANG,50203405,SD,Negeri,Kec. Empang,230414,Kab. Sumbawa,230400,Prov. Nusa Tenggara Barat,230000,11,6,124,6,6,0,1,9,20 Apr 2026 19:09:23,3E1537B9E5F6B7FF6E8D
SEKOLAH DASAR NEGERI 1 ONGKO KECAMATAN EMPANG,50203388,SD,Negeri,Kec. Empang,230414,Kab. Sumbawa,230400,Prov. Nusa Tenggara Barat,230000,8,9,109,6,8,1,3,29,27 Apr 2026 07:59:27,72FDA784A1A420A5CCB3
SEKOLAH DASAR NEGERI 2 BOAL KECAMATAN EMPANG,50203568,SD,Negeri,Kec. Empang,230414,Kab. Sumbawa,230400,Prov. Nusa Tenggara Barat,230000,11,12,58,6,6,0,1,40,24 Apr 2026 08:29:47,D67D296CDCE248E037FA
SEKOLAH DASAR NEGERI 2 EMPANG KECAMATAN EMPANG,50203409,SD,Negeri,Kec. Empang,230414,Kab. Sumbawa,230400,Prov. Nusa Tenggara Barat,230000,9,5,52,6,6,0,1,30,02 May 2026 06:07:00,F33B45DF24ED4C05D59F
SEKOLAH DASAR NEGERI 2 GAPIT KECAMATAN EMPANG,50203410,SD,Negeri,Kec. Empang,230414,Kab. Sumbawa,230400,Prov. Nusa Tenggara Barat,230000,16,10,160,8,7,0,1,30,30 Apr 2026 07:53:46,D7CC2E6600A83C1781D9
SEKOLAH DASAR NEGERI 2 JOTANG KECAMATAN EMPANG,50203411,SD,Negeri,Kec. Empang,230414,Kab. Sumbawa,230400,Prov. Nusa Tenggara Barat,230000,11,2,95,6,6,0,1,17,15 Apr 2026 07:14:50,3E906CF71EAAD4845D5B
SEKOLAH DASAR NEGERI 2 ONGKO KECAMATAN EMPANG,50203431,SD,Negeri,Kec. Empang,230414,Kab. Sumbawa,230400,Prov. Nusa Tenggara Barat,230000,10,7,113,6,6,0,1,19,02 Apr 2026 04:12:15,E2B6DDEF8FD51B871A5E
SEKOLAH DASAR NEGERI 3 EMPANG KECAMATAN EMPANG,50203541,SD,Negeri,Kec. Empang,230414,Kab. Sumbawa,230400,Prov. Nusa Tenggara Barat,230000,13,3,127,6,8,0,1,21,25 Apr 2026 21:07:04,34574F54D734070EA8B0
SEKOLAH DASAR NEGERI 3 JOTANG KECAMATAN EMPANG,50203575,SD,Negeri,Kec. Empang,230414,Kab. Sumbawa,230400,Prov. Nusa Tenggara Barat,230000,15,5,143,7,7,0,1,36,25 Apr 2026 18:13:00,01E7A186C87551FEB6C5
SEKOLAH DASAR NEGERI 4 EMPANG KECAMATAN EMPANG,50203558,SD,Negeri,Kec. Empang,230414,Kab. Sumbawa,230400,Prov. Nusa Tenggara Barat,230000,13,2,91,6,6,0,1,11,07 Apr 2026 18:21:23,18EDD3477B99B4B7C14F
SEKOLAH DASAR NEGERI 5 EMPANG KECAMATAN EMPANG,50203540,SD,Negeri,Kec. Empang,230414,Kab. Sumbawa,230400,Prov. Nusa Tenggara Barat,230000,12,6,90,6,6,0,1,38,29 Apr 2026 06:42:24,8093E516768385991FD5
SEKOLAH DASAR NEGERI LAMENTA KECAMATAN EMPANG,50203237,SD,Negeri,Kec. Empang,230414,Kab. Sumbawa,230400,Prov. Nusa Tenggara Barat,230000,21,12,222,11,11,0,1,24,22 Apr 2026 07:18:32,1F55E60E4420F01AAF1F
SEKOLAH DASAR NEGERI NYARINYING KECAMATAN EMPANG,50203231,SD,Negeri,Kec. Empang,230414,Kab. Sumbawa,230400,Prov. Nusa Tenggara Barat,230000,12,7,31,6,3,0,1,19,19 Apr 2026 21:17:35,AAE3743A09C16E452853
SEKOLAH DASAR NEGERI TERO KECAMATAN EMPANG,50203362,SD,Negeri,Kec. Empang,230414,Kab. Sumbawa,230400,Prov. Nusa Tenggara Barat,230000,10,4,53,6,5,0,1,14,05 Apr 2026 00:14:39,8E5EFF71A3D794A2E637
SEKOLAH MENENGAH PERTAMA NEGERI 1 EMPANG KECAMATAN EMPANG,50203375,SMP,Negeri,Kec. Empang,230414,Kab. Sumbawa,230400,Prov. Nusa Tenggara Barat,230000,34,11,401,14,20,1,1,21,30 Apr 2026 07:20:02,7382E1D3F6E444F5C822
SEKOLAH MENENGAH PERTAMA NEGERI 2 EMPANG KECAMATAN EMPANG,50203293,SMP,Negeri,Kec. Empang,230414,Kab. Sumbawa,230400,Prov. Nusa Tenggara Barat,230000,23,5,115,6,9,2,1,30,20 Apr 2026 10:22:47,6B5ACB773B20E6EB81C5
SEKOLAH MENENGAH PERTAMA NEGERI 3 EMPANG KECAMATAN EMPANG,50203290,SMP,Negeri,Kec. Empang,230414,Kab. Sumbawa,230400,Prov. Nusa Tenggara Barat,230000,23,8,259,10,14,3,1,24,02 May 2026 11:39:09,2FAD45CD030B65B4D7E0
SMAN 1 EMPANG,50203305,SMA,Negeri,Kec. Empang,230414,Kab. Sumbawa,230400,Prov. Nusa Tenggara Barat,230000,52,14,894,27,30,4,2,44,27 Apr 2026 10:15:41,7A3C1D221B8D7EA837E2
SEKOLAH DASAR NEGERI 1 ALAS KECAMATAN ALAS,50205227,SD,Negeri,Kec. Alas,230405,Kab. Sumbawa,230400,Prov. Nusa Tenggara Barat,230000,17,3,330,12,10,0,1,20,22 Apr 2026 08:12:53,510D9B764889D735CF14
SEKOLAH DASAR NEGERI 1 PULAU BUNGIN KECAMATAN ALAS,50203564,SD,Negeri,Kec. Alas,230405,Kab. Sumbawa,230400,Prov. Nusa Tenggara Barat,230000,8,2,181,7,5,0,2,10,24 Apr 2026 03:47:54,4B192A8E5AECB3B882F4
SEKOLAH DASAR NEGERI 10 ALAS KECAMATAN ALAS,50203585,SD,Negeri,Kec. Alas,230405,Kab. Sumbawa,230400,Prov. Nusa Tenggara Barat,230000,10,1,156,6,7,0,1,15,13 Apr 2026 11:33:30,39EBE183685B0ECFDEE8
SEKOLAH DASAR NEGERI 2 ALAS KECAMATAN ALAS,50203395,SD,Negeri,Kec. Alas,230405,Kab. Sumbawa,230400,Prov. Nusa Tenggara Barat,230000,15,3,221,10,7,0,1,14,08 Apr 2026 18:14:10,6B3EB7793D1B8695D438
SEKOLAH DASAR NEGERI 2 PULAU BUNGIN KECAMATAN ALAS,50203422,SD,Negeri,Kec. Alas,230405,Kab. Sumbawa,230400,Prov. Nusa Tenggara Barat,230000,9,3,265,10,6,0,1,10,30 Apr 2026 08:35:24,9F0D25318BFD93246B28
SEKOLAH DASAR NEGERI 3 ALAS KECAMATAN ALAS,50203433,SD,Negeri,Kec. Alas,230405,Kab. Sumbawa,230400,Prov. Nusa Tenggara Barat,230000,19,5,335,12,11,0,1,30,02 May 2026 09:50:50,D34F496FCEEE7E98A08A
SEKOLAH DASAR NEGERI 4 ALAS KECAMATAN ALAS,50203557,SD,Negeri,Kec. Alas,230405,Kab. Sumbawa,230400,Prov. Nusa Tenggara Barat,230000,10,3,169,6,6,0,1,14,04 Apr 2026 00:44:14,40DF436CE0CC800F4287
SEKOLAH DASAR NEGERI 5 ALAS KECAMATAN ALAS,50203566,SD,Negeri,Kec. Alas,230405,Kab. Sumbawa,230400,Prov. Nusa Tenggara Barat,230000,13,3,230,9,8,0,1,22,27 Apr 2026 15:28:32,88FC065AEFDE304BA48B
SEKOLAH DASAR NEGERI 6 ALAS KECAMATAN ALAS,50203493,SD,Negeri,Kec. Alas,230405,Kab. Sumbawa,230400,Prov. Nusa Tenggara Barat,230000,9,1,177,6,5,0,0,14,28 Apr 2026 09:51:36,93F82E5526564695569C
SEKOLAH DASAR NEGERI 7 ALAS KECAMATAN ALAS,50203507,SD,Negeri,Kec. Alas,230405,Kab. Sumbawa,230400,Prov. Nusa Tenggara Barat,230000,20,3,358,12,13,1,1,15,30 Apr 2026 08:35:47,10677F3021453D7B32E5
SEKOLAH DASAR NEGERI 8 ALAS KECAMATAN ALAS,50203552,SD,Negeri,Kec. Alas,230405,Kab. Sumbawa,230400,Prov. Nusa Tenggara Barat,230000,8,2,126,6,9,0,1,13,13 Apr 2026 11:56:37,1968F6DD431D46B8ECD8
SEKOLAH DASAR NEGERI 9 ALAS KECAMATAN ALAS,50203542,SD,Negeri,Kec. Alas,230405,Kab. Sumbawa,230400,Prov. Nusa Tenggara Barat,230000,12,2,189,8,8,0,1,16,28 Apr 2026 11:51:07,4A10070F3D4F1499AA7E
SEKOLAH DASAR NEGERI LABUHAN ALAS KECAMATAN ALAS,50203250,SD,Negeri,Kec. Alas,230405,Kab. Sumbawa,230400,Prov. Nusa Tenggara Barat,230000,11,2,188,6,6,0,1,20,25 Apr 2026 08:40:58,4CABBA9795FD7B83A748
SEKOLAH DASAR NEGERI MARENTE BERU KECAMATAN ALAS,50203258,SD,Negeri,Kec. Alas,230405,Kab. Sumbawa,230400,Prov. Nusa Tenggara Barat,230000,10,2,103,6,6,0,1,16,27 Apr 2026 07:56:57,DC6E250A4E2D7B2329A2
SEKOLAH DASAR NEGERI MARENTE KECAMATAN ALAS,50205281,SD,Negeri,Kec. Alas,230405,Kab. Sumbawa,230400,Prov. Nusa Tenggara Barat,230000,9,2,186,6,6,0,1,30,06 Apr 2026 11:02:34,FE585F519A0936F88F8B
SEKOLAH DASAR NEGERI MATEMEGA KECAMATAN ALAS,50203259,SD,Negeri,Kec. Alas,230405,Kab. Sumbawa,230400,Prov. Nusa Tenggara Barat,230000,8,2,49,6,3,0,0,13,03 Mar 2026 20:10:46,5D61878CDBB4D032CF08
SEKOLAH DASAR NEGERI PANUA KECAMATAN ALAS,50203199,SD,Negeri,Kec. Alas,230405,Kab. Sumbawa,230400,Prov. Nusa Tenggara Barat,230000,8,1,169,6,5,0,1,26,24 Apr 2026 07:03:41,F4B009484DDF840EA27A
SEKOLAH DASAR NEGERI TELANGIT KECAMATAN ALAS,50203346,SD,Negeri,Kec. Alas,230405,Kab. Sumbawa,230400,Prov. Nusa Tenggara Barat,230000,10,1,57,6,6,0,1,9,27 Apr 2026 07:27:04,FB7A1EE8C253F518D0E0
SEKOLAH MENENGAH PERTAMA NEGERI 1 ALAS KECAMATAN ALAS,50203381,SMP,Negeri,Kec. Alas,230405,Kab. Sumbawa,230400,Prov. Nusa Tenggara Barat,230000,40,7,611,21,23,2,1,55,28 Apr 2026 07:23:02,3ADF8A11D3659948A437
SEKOLAH MENENGAH PERTAMA NEGERI 2 ALAS KECAMATAN ALAS,50203385,SMP,Negeri,Kec. Alas,230405,Kab. Sumbawa,230400,Prov. Nusa Tenggara Barat,230000,22,5,305,11,12,1,1,58,19 Apr 2026 18:18:36,774BB54E591F27541912
SEKOLAH MENENGAH PERTAMA NEGERI 3 ALAS KECAMATAN ALAS,50205309,SMP,Negeri,Kec. Alas,230405,Kab. Sumbawa,230400,Prov. Nusa Tenggara Barat,230000,15,6,92,5,8,2,1,24,15 Apr 2026 09:30:30,14723C8DCE3B29651EE0
SEKOLAH MENENGAH PERTAMA NEGERI 4 SATU ATAP ALAS KECAMATAN ALAS,50219552,SMP,Negeri,Kec. Alas,230405,Kab. Sumbawa,230400,Prov. Nusa Tenggara Barat,230000,13,2,32,3,3,5,1,9,18 Mar 2026 15:41:31,1080C58AB46A8F87E404
SEKOLAH MENENGAH PERTAMA NEGERI 5 ALAS KECAMATAN ALAS,60724687,SMP,Negeri,Kec. Alas,230405,Kab. Sumbawa,230400,Prov. Nusa Tenggara Barat,230000,20,3,144,6,6,2,1,35,14 Mar 2026 15:57:42,A3EC28A970CE1E31C785
SMAN 1 ALAS,50203314,SMA,Negeri,Kec. Alas,230405,Kab. Sumbawa,230400,Prov. Nusa Tenggara Barat,230000,59,18,1054,31,23,4,1,61,22 Apr 2026 07:54:01,ED76C14D0C4E2EB33336
SMAS MUHAMMADIYAH ALAS,50203323,SMA,Swasta,Kec. Alas,230405,Kab. Sumbawa,230400,Prov. Nusa Tenggara Barat,230000,7,2,14,3,7,4,1,13,24 Apr 2026 06:44:58,EC0F0D7DEC0FE4A0011E
SMKN 1 ALAS,50203320,SMK,Negeri,Kec. Alas,230405,Kab. Sumbawa,230400,Prov. Nusa Tenggara Barat,230000,69,22,840,32,28,8,1,29,18 Apr 2026 11:21:25,2C4943C015F9C8571B88
SEKOLAH DASAR NEGERI 1 LANGAM KECAMATAN LOPOK,50205231,SD,Negeri,Kec. Lopok,230426,Kab. Sumbawa,230400,Prov. Nusa Tenggara Barat,230000,6,3,109,6,6,0,1,22,10 Apr 2026 08:01:31,B6073AD6CDB3B61D2198
SEKOLAH DASAR NEGERI 1 LOPOK KECAMATAN LOPOK,50203398,SD,Negeri,Kec. Lopok,230426,Kab. Sumbawa,230400,Prov. Nusa Tenggara Barat,230000,14,5,190,10,11,0,1,23,20 Apr 2026 19:51:47,C3F6B751FBEF092BAD7D
SEKOLAH DASAR NEGERI 1 PUNGKIT KECAMATAN LOPOK,50203391,SD,Negeri,Kec. Lopok,230426,Kab. Sumbawa,230400,Prov. Nusa Tenggara Barat,230000,10,3,128,6,6,0,1,5,02 Feb 2026 10:21:46,314242582669E4998016
SEKOLAH DASAR NEGERI 1 SERANGE KECAMATAN LOPOK,50203392,SD,Negeri,Kec. Lopok,230426,Kab. Sumbawa,230400,Prov. Nusa Tenggara Barat,230000,8,3,102,6,6,0,2,31,10 Apr 2026 19:45:44,38C82CD73736A8C6C60A
SEKOLAH DASAR NEGERI 2 LANGAM KECAMATAN LOPOK,50203426,SD,Negeri,Kec. Lopok,230426,Kab. Sumbawa,230400,Prov. Nusa Tenggara Barat,230000,18,3,294,12,14,0,1,31,06 Apr 2026 08:42:25,00F4E08330FFAB04B46E
SEKOLAH DASAR NEGERI 2 LOPOK KECAMATAN LOPOK,50205241,SD,Negeri,Kec. Lopok,230426,Kab. Sumbawa,230400,Prov. Nusa Tenggara Barat,230000,9,3,98,6,6,0,1,26,05 Apr 2026 20:44:08,5EFBD344A95815D26703
SEKOLAH DASAR NEGERI 2 PUNGKIT KECAMATAN LOPOK,50203412,SD,Negeri,Kec. Lopok,230426,Kab. Sumbawa,230400,Prov. Nusa Tenggara Barat,230000,9,2,71,6,6,0,0,15,03 Mar 2026 07:24:01,79AD06532780D6DF805A
SEKOLAH DASAR NEGERI 2 SERANGE KECAMATAN LOPOK,50205245,SD,Negeri,Kec. Lopok,230426,Kab. Sumbawa,230400,Prov. Nusa Tenggara Barat,230000,9,4,78,6,6,0,1,11,11 Apr 2026 06:26:02,C54869B6FF099C658989
SEKOLAH DASAR NEGERI BAGE TANGO KECAMATAN LOPOK,50203499,SD,Negeri,Kec. Lopok,230426,Kab. Sumbawa,230400,Prov. Nusa Tenggara Barat,230000,11,3,141,6,6,0,1,24,23 Apr 2026 07:41:18,6FC732E6E8DB6E21D9B2
SEKOLAH DASAR NEGERI BERORA KECAMATAN LOPOK,50203498,SD,Negeri,Kec. Lopok,230426,Kab. Sumbawa,230400,Prov. Nusa Tenggara Barat,230000,10,1,109,6,6,0,1,25,05 Apr 2026 19:11:32,8BD19501D09BCC33F309
SEKOLAH DASAR NEGERI LEWENG KECAMATAN LOPOK,50203273,SD,Negeri,Kec. Lopok,230426,Kab. Sumbawa,230400,Prov. Nusa Tenggara Barat,230000,7,2,53,6,6,0,0,17,05 Mar 2026 11:06:37,6FF59084389337E4F7D5
SEKOLAH DASAR NEGERI LOPOK BERU KECAMATAN LOPOK,50205277,SD,Negeri,Kec. Lopok,230426,Kab. Sumbawa,230400,Prov. Nusa Tenggara Barat,230000,11,2,140,6,6,0,1,22,17 Apr 2026 09:09:19,A0C33E99C37918C6A4A7
SEKOLAH DASAR NEGERI MAMA KECAMATAN LOPOK,50205279,SD,Negeri,Kec. Lopok,230426,Kab. Sumbawa,230400,Prov. Nusa Tenggara Barat,230000,9,2,112,6,6,0,1,10,12 Apr 2026 18:53:12,2D843F30E0451BD8B80E
SEKOLAH DASAR NEGERI MUHAJIRIN KECAMATAN LOPOK,50203262,SD,Negeri,Kec. Lopok,230426,Kab. Sumbawa,230400,Prov. Nusa Tenggara Barat,230000,8,1,26,5,6,0,1,36,02 Apr 2026 14:15:34,D080276744D560883222
SEKOLAH DASAR NEGERI TABOSE KECAMATAN LOPOK,50203350,SD,Negeri,Kec. Lopok,230426,Kab. Sumbawa,230400,Prov. Nusa Tenggara Barat,230000,9,3,37,6,6,0,1,21,21 Apr 2026 10:43:36,79FDAAE99CE48C35C483
SEKOLAH DASAR NEGERI TATEDE DALAM KECAMATAN LOPOK,50203343,SD,Negeri,Kec. Lopok,230426,Kab. Sumbawa,230400,Prov. Nusa Tenggara Barat,230000,9,2,74,6,6,0,0,13,05 Mar 2026 03:56:53,CA8545087800E0A36E39
SEKOLAH DASAR NEGERI TATEDE KECAMATAN LOPOK,50203342,SD,Negeri,Kec. Lopok,230426,Kab. Sumbawa,230400,Prov. Nusa Tenggara Barat,230000,9,1,72,6,7,0,1,29,02 Apr 2026 06:18:16,87D145C96EF4617C369C
SEKOLAH DASAR ISLAM PLUS LENTERA ILMU,70042854,SD,Swasta,Kec. Lopok,230426,Kab. Sumbawa,230400,Prov. Nusa Tenggara Barat,230000,6,1,78,6,6,0,0,15,29 Apr 2026 15:25:59,DFB1780B0ABEF0F85C86
SEKOLAH MENENGAH PERTAMA NEGERI 1 LOPOK KECAMATAN LOPOK,50203295,SMP,Negeri,Kec. Lopok,230426,Kab. Sumbawa,230400,Prov. Nusa Tenggara Barat,230000,43,2,429,14,16,2,1,66,28 Apr 2026 09:51:08,4405553D5203CEC5542F
SEKOLAH MENENGAH PERTAMA NEGERI 2 LOPOK KECAMATAN LOPOK,50203282,SMP,Negeri,Kec. Lopok,230426,Kab. Sumbawa,230400,Prov. Nusa Tenggara Barat,230000,25,7,182,8,9,2,1,29,08 Apr 2026 08:09:57,3DABD144194692F42D50
SEKOLAH MENENGAH PERTAMA NEGERI 3 LOPOK KECAMATAN LOPOK,50203302,SMP,Negeri,Kec. Lopok,230426,Kab. Sumbawa,230400,Prov. Nusa Tenggara Barat,230000,14,3,119,6,6,2,1,27,02 May 2026 06:23:05,73D53CB1FFD6013C231A
SEKOLAH MENENGAH PERTAMA NEGERI 4 SATU ATAP LOPOK KECAMATAN LOPOK,50220447,SMP,Negeri,Kec. Lopok,230426,Kab. Sumbawa,230400,Prov. Nusa Tenggara Barat,230000,9,2,46,3,3,0,0,26,28 Apr 2026 11:37:16,60CF11039FDCDC826D73
SEKOLAH MENENGAH PERTAMA ISLAM PLUS LENTERA ILMU,70043155,SMP,Swasta,Kec. Lopok,230426,Kab. Sumbawa,230400,Prov. Nusa Tenggara Barat,230000,4,0,23,3,3,0,0,17,30 Apr 2026 13:59:18,4001949529DD89BDA317
SMKN 1 LOPOK,50205479,SMK,Negeri,Kec. Lopok,230426,Kab. Sumbawa,230400,Prov. Nusa Tenggara Barat,230000,56,13,452,25,23,2,1,24,02 Apr 2026 14:38:06,D19DCD232961CD6433AB
SEKOLAH DASAR NEGERI BRANG LAMAR KECAMATAN LUNYUK,70050055,SD,Negeri,Kec. Lunyuk,230402,Kab. Sumbawa,230400,Prov. Nusa Tenggara Barat,230000,2,1,19,6,3,0,0,5,09 Mar 2026 18:40:43,59A7323EFCC8743E9B09
SEKOLAH DASAR NEGERI EMANG KECAMATAN LUNYUK,50203534,SD,Negeri,Kec. Lunyuk,230402,Kab. Sumbawa,230400,Prov. Nusa Tenggara Barat,230000,11,2,94,6,6,0,1,22,15 Apr 2026 10:07:50,EBB6E3FAD9833BA43CF6
SEKOLAH DASAR NEGERI JAMU KECAMATAN LUNYUK,50205264,SD,Negeri,Kec. Lunyuk,230402,Kab. Sumbawa,230400,Prov. Nusa Tenggara Barat,230000,4,3,15,5,4,0,0,4,07 Mar 2026 07:42:58,E310493E5D62D7D437D6
SEKOLAH DASAR NEGERI JELAPANG KECAMATAN LUNYUK,50203212,SD,Negeri,Kec. Lunyuk,230402,Kab. Sumbawa,230400,Prov. Nusa Tenggara Barat,230000,10,3,38,6,6,1,1,12,07 Apr 2026 10:37:43,7115CA61E76F9DFF0E0B
SEKOLAH DASAR NEGERI KALBIR KECAMATAN LUNYUK,50203520,SD,Negeri,Kec. Lunyuk,230402,Kab. Sumbawa,230400,Prov. Nusa Tenggara Barat,230000,9,1,205,8,6,0,1,11,25 Apr 2026 11:57:12,46743BEE25D09893BF92
SEKOLAH DASAR NEGERI KRIDA KECAMATAN LUNYUK,50203247,SD,Negeri,Kec. Lunyuk,230402,Kab. Sumbawa,230400,Prov. Nusa Tenggara Barat,230000,10,3,139,8,6,0,1,14,04 Mar 2026 03:42:23,94A51FD2435BE3206181
SEKOLAH DASAR NEGERI LUNYUK ODE KECAMATAN LUNYUK,50203277,SD,Negeri,Kec. Lunyuk,230402,Kab. Sumbawa,230400,Prov. Nusa Tenggara Barat,230000,10,2,141,6,6,0,1,5,02 Feb 2026 09:23:42,B37230E96764F42CC1B0
SEKOLAH DASAR NEGERI LUNYUK REA KECAMATAN LUNYUK,50203278,SD,Negeri,Kec. Lunyuk,230402,Kab. Sumbawa,230400,Prov. Nusa Tenggara Barat,230000,11,2,151,7,6,0,1,10,12 Apr 2026 01:18:05,AC469DD2C39B052681A9
SEKOLAH DASAR NEGERI PADASUKA KECAMATAN LUNYUK,50203197,SD,Negeri,Kec. Lunyuk,230402,Kab. Sumbawa,230400,Prov. Nusa Tenggara Barat,230000,14,2,292,11,13,0,1,9,07 Mar 2026 06:13:55,29F3248513E166717E51
SEKOLAH DASAR NEGERI PERUNG KECAMATAN LUNYUK,50203184,SD,Negeri,Kec. Lunyuk,230402,Kab. Sumbawa,230400,Prov. Nusa Tenggara Barat,230000,9,2,149,6,6,0,2,6,06 Apr 2026 19:09:58,207774CE8A4826E5DACA
SEKOLAH DASAR NEGERI PLARA KECAMATAN LUNYUK,50203186,SD,Negeri,Kec. Lunyuk,230402,Kab. Sumbawa,230400,Prov. Nusa Tenggara Barat,230000,9,2,19,6,3,0,1,15,06 Apr 2026 06:11:37,548472FA0C7FBF2FBD84
SEKOLAH DASAR NEGERI SAMPAR BONTONG KECAMATAN LUNYUK,50205462,SD,Negeri,Kec. Lunyuk,230402,Kab. Sumbawa,230400,Prov. Nusa Tenggara Barat,230000,8,1,96,6,5,0,0,20,30 Apr 2026 06:24:03,2A818F036DC47163A9BE
SEKOLAH DASAR NEGERI SAMPAR GOAL KECAMATAN LUNYUK,50205463,SD,Negeri,Kec. Lunyuk,230402,Kab. Sumbawa,230400,Prov. Nusa Tenggara Barat,230000,7,1,66,6,5,1,1,16,29 Apr 2026 10:09:23,DB92224FB81DD055B564
SEKOLAH DASAR NEGERI SUKA MAJU KECAMATAN LUNYUK,50205465,SD,Negeri,Kec. Lunyuk,230402,Kab. Sumbawa,230400,Prov. Nusa Tenggara Barat,230000,17,2,245,13,9,0,1,14,30 Apr 2026 11:14:29,12D8700E021373BCB183
SEKOLAH DASAR NEGERI SUKADAMAI KECAMATAN LUNYUK,50220347,SD,Negeri,Kec. Lunyuk,230402,Kab. Sumbawa,230400,Prov. Nusa Tenggara Barat,230000,9,3,72,6,6,0,1,28,27 Apr 2026 07:01:37,B5D341675926A6915D4F
SEKOLAH DASAR NEGERI SUKAJAYA KECAMATAN LUNYUK,50203356,SD,Negeri,Kec. Lunyuk,230402,Kab. Sumbawa,230400,Prov. Nusa Tenggara Barat,230000,8,2,67,6,8,0,1,31,15 Apr 2026 22:38:22,D6042745D9ADE88D33E4
SEKOLAH DASAR NEGERI SUMBERSARI KECAMATAN LUNYUK,50203351,SD,Negeri,Kec. Lunyuk,230402,Kab. Sumbawa,230400,Prov. Nusa Tenggara Barat,230000,9,1,174,8,5,0,1,11,09 Apr 2026 06:56:56,583EB36B3F2122481AF6
SEKOLAH DASAR SWASTA ISLAM TERPADU HAMZANWADI KECAMATAN LUNYUK,69786307,SD,Swasta,Kec. Lunyuk,230402,Kab. Sumbawa,230400,Prov. Nusa Tenggara Barat,230000,10,1,208,8,6,0,1,33,17 Apr 2026 09:41:43,18D5C6C4D47BDAF5F890
SEKOLAH MENENGAH PERTAMA NEGERI 1 LUNYUK KECAMATAN LUNYUK,50203364,SMP,Negeri,Kec. Lunyuk,230402,Kab. Sumbawa,230400,Prov. Nusa Tenggara Barat,230000,26,6,322,12,12,2,1,17,27 Apr 2026 18:09:11,0895748F262CD199822D
SEKOLAH MENENGAH PERTAMA NEGERI 2 LUNYUK KECAMATAN LUNYUK,50205310,SMP,Negeri,Kec. Lunyuk,230402,Kab. Sumbawa,230400,Prov. Nusa Tenggara Barat,230000,21,6,230,9,12,1,1,32,24 Apr 2026 09:33:01,10752FB1EB4E4458FAB7
SEKOLAH MENENGAH PERTAMA NEGERI 3 LUNYUK KECAMATAN LUNYUK,50205469,SMP,Negeri,Kec. Lunyuk,230402,Kab. Sumbawa,230400,Prov. Nusa Tenggara Barat,230000,11,4,33,3,3,1,1,19,10 Apr 2026 07:32:50,784AEB8DA537AD790D5E
SEKOLAH MENENGAH PERTAMA NEGERI 4 SATU ATAP LUNYUK KECAMATAN LUNYUK,50219521,SMP,Negeri,Kec. Lunyuk,230402,Kab. Sumbawa,230400,Prov. Nusa Tenggara Barat,230000,12,0,33,3,3,0,0,31,23 Apr 2026 10:31:59,AF45557A793489BBA55E
SEKOLAH MENENGAH PERTAMA NEGERI 5 SATU ATAP LUNYUK KECAMATAN LUNYUK,60724695,SMP,Negeri,Kec. Lunyuk,230402,Kab. Sumbawa,230400,Prov. Nusa Tenggara Barat,230000,13,0,27,3,3,1,1,28,05 Apr 2026 19:34:05,9495B6E2FCC7A3DC56FF
SEKOLAH MENENGAH PERTAMA PLUS AS SHAULATIYAH NAHDLATUL WATHAN KALBIR KECAMATAN LUNYUK,70036036,SMP,Swasta,Kec. Lunyuk,230402,Kab. Sumbawa,230400,Prov. Nusa Tenggara Barat,230000,23,2,124,6,6,0,0,55,12 Apr 2026 09:08:27,459E497F426F8DFAE251
SEKOLAH MENENGAH PERTAMA SWASTA ISLAM TERPADU HAMZANWADI KECAMATAN LUNYUK,69786306,SMP,Swasta,Kec. Lunyuk,230402,Kab. Sumbawa,230400,Prov. Nusa Tenggara Barat,230000,8,2,144,6,5,0,1,44,15 Apr 2026 11:22:01,22ADD50DFA57FA7D9451
SMAN 1 LUNYUK,50203307,SMA,Negeri,Kec. Lunyuk,230402,Kab. Sumbawa,230400,Prov. Nusa Tenggara Barat,230000,30,11,526,16,17,2,1,28,17 Apr 2026 10:36:32,6CCB948E822391D98CA0
SMA ISLAM TERPADU HAMZANWADI LUNYUK,69995712,SMA,Swasta,Kec. Lunyuk,230402,Kab. Sumbawa,230400,Prov. Nusa Tenggara Barat,230000,10,1,54,3,2,0,1,43,23 Apr 2026 10:03:31,B629041592AF36AEA1F2
SMA PLUS AS SHAULATIYAH NW KALBIR,70060097,SMA,Swasta,Kec. Lunyuk,230402,Kab. Sumbawa,230400,Prov. Nusa Tenggara Barat,230000,0,0,0,0,0,0,0,0,,7AE6CA5D3DDC43279133
SMKN 1 LUNYUK,50219664,SMK,Negeri,Kec. Lunyuk,230402,Kab. Sumbawa,230400,Prov. Nusa Tenggara Barat,230000,24,8,139,12,7,3,1,11,30 Apr 2026 09:41:23,7D21CE69A887DE01AE1F
SMK HAMZANWADI NW EMANG LESTARI,70037054,SMK,Swasta,Kec. Lunyuk,230402,Kab. Sumbawa,230400,Prov. Nusa Tenggara Barat,230000,9,1,17,3,3,1,1,29,20 Apr 2026 12:56:59,8520126DF54EE4842B7E
SEKOLAH DASAR NEGERI 1 PELAT KECAMATAN UNTER IWES,50203389,SD,Negeri,Kec. Unter Iwes,230420,Kab. Sumbawa,230400,Prov. Nusa Tenggara Barat,230000,11,1,101,6,6,0,1,34,28 Apr 2026 10:58:14,5B3F2D104A032DBD82AD
SEKOLAH DASAR NEGERI 1 SAMPA KECAMATAN UNTER IWES,50203582,SD,Negeri,Kec. Unter Iwes,230420,Kab. Sumbawa,230400,Prov. Nusa Tenggara Barat,230000,6,1,11,5,4,0,0,7,02 Apr 2026 18:28:28,6502A40F22F085C8D6E1
SEKOLAH DASAR NEGERI 2 PELAT KECAMATAN UNTER IWES,50203432,SD,Negeri,Kec. Unter Iwes,230420,Kab. Sumbawa,230400,Prov. Nusa Tenggara Barat,230000,12,3,135,6,6,1,1,14,10 Mar 2026 13:43:36,B9B955D3E3A5E3234B40
SEKOLAH DASAR NEGERI 2 SAMPA KECAMATAN UNTER IWES,50203415,SD,Negeri,Kec. Unter Iwes,230420,Kab. Sumbawa,230400,Prov. Nusa Tenggara Barat,230000,10,0,53,6,5,0,1,6,02 Apr 2026 17:46:23,E20E6213F94C5B5BE669
SEKOLAH DASAR NEGERI BOAK DALAM KECAMATAN UNTER IWES,50203502,SD,Negeri,Kec. Unter Iwes,230420,Kab. Sumbawa,230400,Prov. Nusa Tenggara Barat,230000,13,2,66,6,6,0,1,9,04 Apr 2026 08:31:42,30003ADE1FA6D80D40D9
SEKOLAH DASAR NEGERI BOAK KECAMATAN UNTER IWES,50203501,SD,Negeri,Kec. Unter Iwes,230420,Kab. Sumbawa,230400,Prov. Nusa Tenggara Barat,230000,10,2,96,6,7,1,1,12,04 Apr 2026 06:21:57,BE3A510298303E3DD116
SEKOLAH DASAR NEGERI BRANG PELAT KECAMATAN UNTER IWES,50203517,SD,Negeri,Kec. Unter Iwes,230420,Kab. Sumbawa,230400,Prov. Nusa Tenggara Barat,230000,8,3,115,6,6,0,1,16,05 Apr 2026 08:50:33,F6F497C6FE4CBB68038B
SEKOLAH DASAR NEGERI BUIN PELAS KECAMATAN UNTER IWES,60724678,SD,Negeri,Kec. Unter Iwes,230420,Kab. Sumbawa,230400,Prov. Nusa Tenggara Barat,230000,10,1,21,6,2,0,0,7,04 Apr 2026 19:28:50,5BE606DEB4175161E0C1
SEKOLAH DASAR NEGERI JOROK KECAMATAN UNTER IWES,50203528,SD,Negeri,Kec. Unter Iwes,230420,Kab. Sumbawa,230400,Prov. Nusa Tenggara Barat,230000,10,2,108,6,6,0,1,10,04 Apr 2026 09:28:36,8818E218CEFF97A8B066
SEKOLAH DASAR NEGERI KERATO KECAMATAN UNTER IWES,50203526,SD,Negeri,Kec. Unter Iwes,230420,Kab. Sumbawa,230400,Prov. Nusa Tenggara Barat,230000,16,2,272,11,11,0,2,25,06 Apr 2026 09:41:11,C7580914C2B91BFF7643
SEKOLAH DASAR NEGERI KEREKEH KECAMATAN UNTER IWES,50203539,SD,Negeri,Kec. Unter Iwes,230420,Kab. Sumbawa,230400,Prov. Nusa Tenggara Barat,230000,9,3,68,6,6,0,1,16,07 Mar 2026 07:59:55,1F843ED3588729C23CE8
SEKOLAH DASAR NEGERI NIJANG KECAMATAN UNTER IWES,50203279,SD,Negeri,Kec. Unter Iwes,230420,Kab. Sumbawa,230400,Prov. Nusa Tenggara Barat,230000,15,1,198,10,8,0,1,10,07 Apr 2026 14:31:29,7F2F2B87DA37BB921A62
SEKOLAH DASAR NEGERI PERUNG KECAMATAN UNTER IWES,50205461,SD,Negeri,Kec. Unter Iwes,230420,Kab. Sumbawa,230400,Prov. Nusa Tenggara Barat,230000,11,0,26,5,6,0,0,22,26 Mar 2026 20:06:30,BF088B94228570B52355
SEKOLAH DASAR NEGERI PUNGKA KECAMATAN UNTER IWES,50203192,SD,Negeri,Kec. Unter Iwes,230420,Kab. Sumbawa,230400,Prov. Nusa Tenggara Barat,230000,11,3,112,6,6,0,1,9,08 Apr 2026 14:19:40,3A05D6072BC82A8F1406
SEKOLAH DASAR NEGERI SELANG KECAMATAN UNTER IWES,50203211,SD,Negeri,Kec. Unter Iwes,230420,Kab. Sumbawa,230400,Prov. Nusa Tenggara Barat,230000,9,1,81,6,6,0,1,10,14 Apr 2026 21:01:25,AC925D6699E5E175C69D
SEKOLAH DASAR NEGERI SERING KECAMATAN UNTER IWES,50203230,SD,Negeri,Kec. Unter Iwes,230420,Kab. Sumbawa,230400,Prov. Nusa Tenggara Barat,230000,12,2,164,7,6,0,1,13,11 Apr 2026 06:15:21,9EF190156BD005F297AB
SEKOLAH DASAR NEGERI UMA BERINGIN KECAMATAN UNTER IWES,50205466,SD,Negeri,Kec. Unter Iwes,230420,Kab. Sumbawa,230400,Prov. Nusa Tenggara Barat,230000,11,3,167,8,7,0,1,56,21 Apr 2026 11:52:06,9AD1DF16482ADC867026
SEKOLAH DASAR NEGERI UMA BUNTAR KECAMATAN UNTER IWES,50203363,SD,Negeri,Kec. Unter Iwes,230420,Kab. Sumbawa,230400,Prov. Nusa Tenggara Barat,230000,9,3,66,6,5,0,1,4,12 Mar 2026 15:06:41,6B5551605C594B239DE2
SDS ISLAM PLUS  DARUL MUHSININ,69795840,SD,Swasta,Kec. Unter Iwes,230420,Kab. Sumbawa,230400,Prov. Nusa Tenggara Barat,230000,9,1,157,6,6,0,1,20,13 Mar 2026 12:51:00,B7EF3F1C1795E7B79D29
Sekolah Dasar Islam Terpadu (SDIT) Darus Sunnah,69873572,SD,Swasta,Kec. Unter Iwes,230420,Kab. Sumbawa,230400,Prov. Nusa Tenggara Barat,230000,32,3,419,14,15,0,1,48,13 Apr 2026 07:01:38,D4EEEC0C69F7B68D300B
Sekolah Dasar Islam Terpadu Samawa Qurani,70036533,SD,Swasta,Kec. Unter Iwes,230420,Kab. Sumbawa,230400,Prov. Nusa Tenggara Barat,230000,6,1,56,5,6,0,0,17,23 Apr 2026 23:00:28,0793F76994335DDE537B
SEKOLAH MENENGAH PERTAMA NEGERI 1 UNTER IWES KECAMATAN UNTER IWES,50203371,SMP,Negeri,Kec. Unter Iwes,230420,Kab. Sumbawa,230400,Prov. Nusa Tenggara Barat,230000,40,6,517,17,18,2,1,42,22 Apr 2026 11:33:40,7CC05531F2029C98C36B
SEKOLAH MENENGAH PERTAMA NEGERI 2 UNTER IWES KECAMATAN UNTER IWES,50203292,SMP,Negeri,Kec. Unter Iwes,230420,Kab. Sumbawa,230400,Prov. Nusa Tenggara Barat,230000,17,4,98,4,9,2,1,13,04 Mar 2026 08:04:14,44E894F44277ACF8464C
SEKOLAH MENENGAH PERTAMA NEGERI 3 UNTER IWES KECAMATAN UNTER IWES,50203287,SMP,Negeri,Kec. Unter Iwes,230420,Kab. Sumbawa,230400,Prov. Nusa Tenggara Barat,230000,19,5,138,6,6,1,1,33,30 Apr 2026 08:16:03,3F602482D09FE581FF56
SEKOLAH MENENGAH PERTAMA NEGERI 4 SATU ATAP UNTER IWES KECAMATAN UNTER IWES,50205472,SMP,Negeri,Kec. Unter Iwes,230420,Kab. Sumbawa,230400,Prov. Nusa Tenggara Barat,230000,15,0,25,3,3,1,1,26,26 Apr 2026 05:20:20,4B03F9DF686D7555BD24
SEKOLAH MENENGAH PERTAMA NEGERI 5 SATU ATAP UNTER IWES KECAMATAN UNTER IWES,50220293,SMP,Negeri,Kec. Unter Iwes,230420,Kab. Sumbawa,230400,Prov. Nusa Tenggara Barat,230000,14,1,28,3,4,1,1,1,27 Apr 2026 05:10:23,2EA779DC156C2D8568B0
SEKOLAH MENENGAH PERTAMA ISLAM TERPADU DARUS SUNNAH SUMBAWA,70040028,SMP,Swasta,Kec. Unter Iwes,230420,Kab. Sumbawa,230400,Prov. Nusa Tenggara Barat,230000,7,2,114,3,3,0,0,13,13 Mar 2026 15:04:35,A317EAC57413905558DB
SMKN 2 SUMBAWA BESAR,50203319,SMK,Negeri,Kec. Unter Iwes,230420,Kab. Sumbawa,230400,Prov. Nusa Tenggara Barat,230000,89,28,1316,45,28,2,1,48,14 Apr 2026 21:06:22,AD2E6591ADEEA937B75E
SMKN 3 SUMBAWA BESAR,50205316,SMK,Negeri,Kec. Unter Iwes,230420,Kab. Sumbawa,230400,Prov. Nusa Tenggara Barat,230000,58,20,514,25,22,3,1,98,30 Apr 2026 11:06:53,D7A7870A850EC15CF64A
SMKS GRIYA HUSADA SUMBAWA BESAR,69768250,SMK,Swasta,Kec. Unter Iwes,230420,Kab. Sumbawa,230400,Prov. Nusa Tenggara Barat,230000,6,1,0,0,0,0,0,0,,43E16267CDF6F54A906E
SEKOLAH DASAR NEGERI 1 GONTAR KECAMATAN ALAS BARAT,50203545,SD,Negeri,Kec. Alas Barat,230416,Kab. Sumbawa,230400,Prov. Nusa Tenggara Barat,230000,10,3,128,6,6,0,1,18,27 Apr 2026 12:57:11,DB932733985363FB7FF8
SEKOLAH DASAR NEGERI 1 LABUHAN MAPIN KECAMATAN ALAS BARAT,50203408,SD,Negeri,Kec. Alas Barat,230416,Kab. Sumbawa,230400,Prov. Nusa Tenggara Barat,230000,18,2,218,12,9,0,1,35,22 Apr 2026 07:51:17,4408C2BE5966DD1648C4
SEKOLAH DASAR NEGERI 1 MAPIN KEBAK KECAMATAN ALAS BARAT,50203549,SD,Negeri,Kec. Alas Barat,230416,Kab. Sumbawa,230400,Prov. Nusa Tenggara Barat,230000,17,3,173,9,8,0,1,29,27 Apr 2026 12:21:04,A85EF6BF21AD463962D1
SEKOLAH DASAR NEGERI 1 MAPIN REA KECAMATAN ALAS BARAT,50203550,SD,Negeri,Kec. Alas Barat,230416,Kab. Sumbawa,230400,Prov. Nusa Tenggara Barat,230000,18,2,217,11,9,0,1,33,02 May 2026 07:55:49,93FB66E715CDF50570EC
SEKOLAH DASAR NEGERI 2 GONTAR KECAMATAN ALAS BARAT,50203569,SD,Negeri,Kec. Alas Barat,230416,Kab. Sumbawa,230400,Prov. Nusa Tenggara Barat,230000,15,2,171,9,6,0,0,35,30 Apr 2026 18:33:45,AF6F06D0DBE7BEB2AD9D
SEKOLAH DASAR NEGERI 2 LABUHAN MAPIN KECAMATAN ALAS BARAT,50205239,SD,Negeri,Kec. Alas Barat,230416,Kab. Sumbawa,230400,Prov. Nusa Tenggara Barat,230000,15,4,172,8,7,1,1,19,27 Apr 2026 10:51:49,EC2BF7B17BF4E8628161
SEKOLAH DASAR NEGERI 2 MAPIN KEBAK KECAMATAN ALAS BARAT,50203428,SD,Negeri,Kec. Alas Barat,230416,Kab. Sumbawa,230400,Prov. Nusa Tenggara Barat,230000,9,10,137,7,9,0,1,39,14 Apr 2026 11:32:34,CC1E4E3C4CBF27A55673
SEKOLAH DASAR NEGERI 2 MAPIN REA KECAMATAN ALAS BARAT,50203429,SD,Negeri,Kec. Alas Barat,230416,Kab. Sumbawa,230400,Prov. Nusa Tenggara Barat,230000,8,7,109,6,6,0,1,14,27 Apr 2026 07:18:26,6B5A1CEECB435ECBD849
SEKOLAH DASAR NEGERI AI JATI KECAMATAN ALAS BARAT,50203510,SD,Negeri,Kec. Alas Barat,230416,Kab. Sumbawa,230400,Prov. Nusa Tenggara Barat,230000,10,6,59,6,7,0,1,15,13 Mar 2026 08:01:07,1226F86EC6575E2A840F
SEKOLAH DASAR NEGERI GELAMPAR KECAMATAN ALAS BARAT,50203535,SD,Negeri,Kec. Alas Barat,230416,Kab. Sumbawa,230400,Prov. Nusa Tenggara Barat,230000,13,2,180,8,8,0,1,14,20 Apr 2026 20:11:56,20E8D7B656F20C07845B
SEKOLAH DASAR NEGERI GONTAR BARU KECAMATAN ALAS BARAT,50203574,SD,Negeri,Kec. Alas Barat,230416,Kab. Sumbawa,230400,Prov. Nusa Tenggara Barat,230000,13,5,161,7,6,1,1,18,29 Apr 2026 10:21:50,326B92137892D0B4FB18
SEKOLAH DASAR NEGERI HIJRAH KECAMATAN ALAS BARAT,50205263,SD,Negeri,Kec. Alas Barat,230416,Kab. Sumbawa,230400,Prov. Nusa Tenggara Barat,230000,11,4,157,6,7,0,1,21,27 Apr 2026 09:13:14,0D14865228B92CEBB1BF
SEKOLAH DASAR NEGERI KOKARPIT KECAMATAN ALAS BARAT,50203386,SD,Negeri,Kec. Alas Barat,230416,Kab. Sumbawa,230400,Prov. Nusa Tenggara Barat,230000,13,3,110,6,6,0,1,23,11 Apr 2026 06:49:13,0ABEA4587164C7F33B4F
SEKOLAH DASAR NEGERI LEKONG KECAMATAN ALAS BARAT,50203257,SD,Negeri,Kec. Alas Barat,230416,Kab. Sumbawa,230400,Prov. Nusa Tenggara Barat,230000,18,5,177,11,9,0,1,19,24 Apr 2026 08:13:02,88BBA400279A84E0669D
SEKOLAH DASAR NEGERI MAPIN BERU KECAMATAN ALAS BARAT,50203267,SD,Negeri,Kec. Alas Barat,230416,Kab. Sumbawa,230400,Prov. Nusa Tenggara Barat,230000,13,5,131,7,7,0,1,14,14 Mar 2026 07:36:56,F3E4B5EE3D5565D06A51
SEKOLAH DASAR NEGERI SEMANGAT BARU KECAMATAN ALAS BARAT,50205464,SD,Negeri,Kec. Alas Barat,230416,Kab. Sumbawa,230400,Prov. Nusa Tenggara Barat,230000,11,2,58,6,6,0,1,17,02 Mar 2026 10:54:44,EBE4DC5C8B90CAA940ED
SEKOLAH DASAR NEGERI TAMSI KECAMATAN ALAS BARAT,69761828,SD,Negeri,Kec. Alas Barat,230416,Kab. Sumbawa,230400,Prov. Nusa Tenggara Barat,230000,13,2,88,6,6,0,1,14,03 Mar 2026 10:45:15,9BC6CF29524D3788805C
SD IT MUTIARA SUNNAH,70006332,SD,Swasta,Kec. Alas Barat,230416,Kab. Sumbawa,230400,Prov. Nusa Tenggara Barat,230000,13,1,109,6,6,0,0,16,24 Apr 2026 20:05:03,398E0E130C9E3F29BD71
SEKOLAH MENENGAH PERTAMA NEGERI 1 ALAS BARAT KECAMATAN ALAS BARAT,50203382,SMP,Negeri,Kec. Alas Barat,230416,Kab. Sumbawa,230400,Prov. Nusa Tenggara Barat,230000,36,7,442,15,19,2,1,31,29 Apr 2026 10:05:21,DFFF18EE58FB384095EF
SEKOLAH MENENGAH PERTAMA NEGERI 2 ALAS BARAT KECAMATAN ALAS BARAT,50205307,SMP,Negeri,Kec. Alas Barat,230416,Kab. Sumbawa,230400,Prov. Nusa Tenggara Barat,230000,21,7,241,9,11,1,1,64,21 Apr 2026 12:00:32,6A69B69A5F0E5D88B9EE
SEKOLAH MENENGAH PERTAMA NEGERI 3 ALAS BARAT KECAMATAN ALAS BARAT,69761829,SMP,Negeri,Kec. Alas Barat,230416,Kab. Sumbawa,230400,Prov. Nusa Tenggara Barat,230000,20,7,189,6,7,1,1,18,29 Apr 2026 08:01:32,63BD9725A5627D77A0C5
SMP Islam Terpadu Daarul Ajyaal Alas Barat,69932574,SMP,Swasta,Kec. Alas Barat,230416,Kab. Sumbawa,230400,Prov. Nusa Tenggara Barat,230000,9,2,79,4,5,1,1,28,14 Apr 2026 07:27:01,E6B08723932C14ABE5DD
SMP MUHAMMADIYAH MAPIN,50205303,SMP,Swasta,Kec. Alas Barat,230416,Kab. Sumbawa,230400,Prov. Nusa Tenggara Barat,230000,17,2,120,5,6,0,2,29,30 Apr 2026 08:03:34,C826F4912A1382A3F90D
SMAN 1 ALAS BARAT,50205317,SMA,Negeri,Kec. Alas Barat,230416,Kab. Sumbawa,230400,Prov. Nusa Tenggara Barat,230000,41,12,671,20,18,4,1,24,21 Apr 2026 10:10:42,CFE5FE40A7B7E6D3C932
SMK ROHMATAL LIL ALAMIN,69989804,SMK,Swasta,Kec. Alas Barat,230416,Kab. Sumbawa,230400,Prov. Nusa Tenggara Barat,230000,7,1,74,6,6,0,0,21,01 May 2026 07:40:00,FA9D88FFA819FC226D26
SEKOLAH DASAR NEGERI AIPAYA KECAMATAN TARANO,50203511,SD,Negeri,Kec. Tarano,230425,Kab. Sumbawa,230400,Prov. Nusa Tenggara Barat,230000,10,1,63,6,5,0,1,14,29 Apr 2026 08:03:55,C783EFB0449147F836B6
SEKOLAH DASAR NEGERI BANDA KECAMATAN TARANO,50205253,SD,Negeri,Kec. Tarano,230425,Kab. Sumbawa,230400,Prov. Nusa Tenggara Barat,230000,15,2,149,8,7,0,1,12,02 May 2026 08:41:48,65C7F57072385B8395F3
SEKOLAH DASAR NEGERI BANTULANTEH KECAMATAN TARANO,50205255,SD,Negeri,Kec. Tarano,230425,Kab. Sumbawa,230400,Prov. Nusa Tenggara Barat,230000,12,1,99,6,6,0,1,10,09 Apr 2026 18:20:45,72AAC02C2749F98DF12C
SEKOLAH DASAR NEGERI BONTO KECAMATAN TARANO,50203515,SD,Negeri,Kec. Tarano,230425,Kab. Sumbawa,230400,Prov. Nusa Tenggara Barat,230000,16,3,210,12,6,0,1,51,07 Apr 2026 10:51:17,C8CD89BEAF22B2BB2770
SEKOLAH DASAR NEGERI KERONGKENG KECAMATAN TARANO,50205270,SD,Negeri,Kec. Tarano,230425,Kab. Sumbawa,230400,Prov. Nusa Tenggara Barat,230000,12,3,55,6,6,0,0,14,07 Apr 2026 07:05:04,2788A7E5AA9FE8D0028A
SEKOLAH DASAR NEGERI KETAPANG KECAMATAN TARANO,50205271,SD,Negeri,Kec. Tarano,230425,Kab. Sumbawa,230400,Prov. Nusa Tenggara Barat,230000,10,3,31,6,3,0,1,18,04 Mar 2026 09:01:11,CCDE8F03D3ED009C8CDC
SEKOLAH DASAR NEGERI KUNIL KECAMATAN TARANO,50220346,SD,Negeri,Kec. Tarano,230425,Kab. Sumbawa,230400,Prov. Nusa Tenggara Barat,230000,11,4,29,6,6,0,0,21,24 Apr 2026 22:19:09,3EB1A62AA33AD49E3C56
SEKOLAH DASAR NEGERI LABUHAN AJI KECAMATAN TARANO,50203252,SD,Negeri,Kec. Tarano,230425,Kab. Sumbawa,230400,Prov. Nusa Tenggara Barat,230000,10,1,68,6,6,0,1,17,16 Apr 2026 10:05:51,3DEE75E1C3013CD4ED02
SEKOLAH DASAR NEGERI LABUHAN BONTONG KECAMATAN TARANO,50203253,SD,Negeri,Kec. Tarano,230425,Kab. Sumbawa,230400,Prov. Nusa Tenggara Barat,230000,13,1,141,7,7,1,1,26,03 Apr 2026 08:38:22,E0AD30B0A703F377AF87
SEKOLAH DASAR NEGERI LABUHAN JAMBU KECAMATAN TARANO,50205275,SD,Negeri,Kec. Tarano,230425,Kab. Sumbawa,230400,Prov. Nusa Tenggara Barat,230000,21,7,229,12,14,0,1,18,04 Apr 2026 07:41:54,0A4D3D9CFE0F1A70F93D
SEKOLAH DASAR NEGERI MACI KECAMATAN TARANO,50203269,SD,Negeri,Kec. Tarano,230425,Kab. Sumbawa,230400,Prov. Nusa Tenggara Barat,230000,10,3,47,6,4,0,0,27,02 May 2026 09:03:45,6213791CE67E2C1F3DA4
SEKOLAH DASAR NEGERI MALALO KECAMATAN TARANO,50205278,SD,Negeri,Kec. Tarano,230425,Kab. Sumbawa,230400,Prov. Nusa Tenggara Barat,230000,13,3,66,6,13,0,1,14,16 Apr 2026 12:42:51,4A47E8F2B2A407A77C2F
SEKOLAH DASAR NEGERI MATA KECAMATAN TARANO,50205282,SD,Negeri,Kec. Tarano,230425,Kab. Sumbawa,230400,Prov. Nusa Tenggara Barat,230000,12,5,171,9,8,0,1,15,20 Apr 2026 12:59:03,F4C6F18AB32ED1E84CD0
SEKOLAH DASAR NEGERI PANUBU KECAMATAN TARANO,50203200,SD,Negeri,Kec. Tarano,230425,Kab. Sumbawa,230400,Prov. Nusa Tenggara Barat,230000,10,2,31,6,3,0,1,25,03 Mar 2026 16:21:30,04A5D09660B7752B5444
SEKOLAH DASAR NEGERI PIDANG KECAMATAN TARANO,50205287,SD,Negeri,Kec. Tarano,230425,Kab. Sumbawa,230400,Prov. Nusa Tenggara Barat,230000,12,5,132,6,6,0,1,9,07 Apr 2026 22:19:01,00689F9EAE5C3BD5C251
SEKOLAH DASAR NEGERI SILI KECAMATAN TARANO,50203352,SD,Negeri,Kec. Tarano,230425,Kab. Sumbawa,230400,Prov. Nusa Tenggara Barat,230000,7,1,77,6,6,0,1,30,28 Apr 2026 09:16:00,61A9DE58BE8F8BF9B9CD
SEKOLAH DASAR NEGERI TOLO OI KECAMATAN TARANO,50205298,SD,Negeri,Kec. Tarano,230425,Kab. Sumbawa,230400,Prov. Nusa Tenggara Barat,230000,10,3,66,6,5,0,1,25,05 Mar 2026 06:21:12,074160E1763FFE85AF5E
SEKOLAH MENENGAH PERTAMA NEGERI 1 TARANO KECAMATAN TARANO,50203370,SMP,Negeri,Kec. Tarano,230425,Kab. Sumbawa,230400,Prov. Nusa Tenggara Barat,230000,23,5,271,10,12,2,1,37,16 Mar 2026 13:04:45,7FD8EEDEDD4B63CB4BA9
SEKOLAH MENENGAH PERTAMA NEGERI 2 TARANO KECAMATAN TARANO,50203301,SMP,Negeri,Kec. Tarano,230425,Kab. Sumbawa,230400,Prov. Nusa Tenggara Barat,230000,19,8,124,6,6,2,1,23,02 Apr 2026 23:03:40,8D8D8FF6674BF42745D8
SEKOLAH MENENGAH PERTAMA NEGERI 3 SATU ATAP TARANO KECAMATAN TARANO,50205312,SMP,Negeri,Kec. Tarano,230425,Kab. Sumbawa,230400,Prov. Nusa Tenggara Barat,230000,14,2,45,3,2,0,0,14,07 Apr 2026 19:04:08,62A6A7D2FB6077DEC0AC
SEKOLAH MENENGAH PERTAMA NEGERI 4 SATU ATAP TARANO KECAMATAN TARANO,50219564,SMP,Negeri,Kec. Tarano,230425,Kab. Sumbawa,230400,Prov. Nusa Tenggara Barat,230000,14,1,16,3,3,1,1,21,05 Mar 2026 23:23:19,C498A692BCAC88A6153A
SEKOLAH MENENGAH PERTAMA NEGERI 5 TARANO KECAMATAN TARANO,60724691,SMP,Negeri,Kec. Tarano,230425,Kab. Sumbawa,230400,Prov. Nusa Tenggara Barat,230000,16,5,107,5,6,2,1,12,21 Apr 2026 07:54:25,E74B4FF5DC61E6E460A2
SMKN 1 TARANO,50219954,SMK,Negeri,Kec. Tarano,230425,Kab. Sumbawa,230400,Prov. Nusa Tenggara Barat,230000,58,8,402,24,23,1,1,49,23 Apr 2026 12:48:02,E669D9C57FBBD2A14C3E
SEKOLAH DASAR NEGERI 1 BATUROTOK KECAMATAN BATULANTEH,50203403,SD,Negeri,Kec. Batulanteh,230407,Kab. Sumbawa,230400,Prov. Nusa Tenggara Barat,230000,8,3,94,6,6,0,1,7,19 Feb 2026 10:53:19,472ADE49A523F881BA14
SEKOLAH DASAR NEGERI 2 BATUROTOK KECAMATAN BATULANTEH,50203396,SD,Negeri,Kec. Batulanteh,230407,Kab. Sumbawa,230400,Prov. Nusa Tenggara Barat,230000,10,2,84,6,6,1,1,8,16 Apr 2026 20:19:20,EBCC5364409E8B8DA19C
SEKOLAH DASAR NEGERI 3 BATUROTOK KECAMATAN BATULANTEH,60724679,SD,Negeri,Kec. Batulanteh,230407,Kab. Sumbawa,230400,Prov. Nusa Tenggara Barat,230000,7,3,19,5,2,0,0,20,22 Apr 2026 15:47:18,96167560838D33B441FB
SEKOLAH DASAR NEGERI BAODESA KECAMATAN BATULANTEH,50203505,SD,Negeri,Kec. Batulanteh,230407,Kab. Sumbawa,230400,Prov. Nusa Tenggara Barat,230000,13,4,75,6,6,0,0,13,29 Apr 2026 04:56:25,6C356B93FDA807EE9C72
SEKOLAH DASAR NEGERI BATUBARA KECAMATAN BATULANTEH,50203495,SD,Negeri,Kec. Batulanteh,230407,Kab. Sumbawa,230400,Prov. Nusa Tenggara Barat,230000,9,1,21,5,3,0,0,15,29 Mar 2026 13:52:49,19AE213D755F81DB4E3D
SEKOLAH DASAR NEGERI BATUDULANG KECAMATAN BATULANTEH,50203496,SD,Negeri,Kec. Batulanteh,230407,Kab. Sumbawa,230400,Prov. Nusa Tenggara Barat,230000,9,5,53,6,5,0,1,40,02 Apr 2026 07:14:07,85CB5477D5F486ECF885
SEKOLAH DASAR NEGERI FAJAR BAKTI KECAMATAN BATULANTEH,50220340,SD,Negeri,Kec. Batulanteh,230407,Kab. Sumbawa,230400,Prov. Nusa Tenggara Barat,230000,6,1,13,4,2,0,0,7,04 Mar 2026 21:34:34,583E63043E3C4B723455
SEKOLAH DASAR NEGERI KADUK KECAMATAN BATULANTEH,50203527,SD,Negeri,Kec. Batulanteh,230407,Kab. Sumbawa,230400,Prov. Nusa Tenggara Barat,230000,6,6,85,6,6,0,1,4,20 Apr 2026 00:50:50,8D9B4F2C8BF48AD5C391
SEKOLAH DASAR NEGERI KELUNGKUNG KECAMATAN BATULANTEH,50203525,SD,Negeri,Kec. Batulanteh,230407,Kab. Sumbawa,230400,Prov. Nusa Tenggara Barat,230000,9,2,110,6,7,0,1,19,10 Apr 2026 22:30:54,9E608EBB3A25170DF906
SEKOLAH DASAR NEGERI LADAN KECAMATAN BATULANTEH,50203236,SD,Negeri,Kec. Batulanteh,230407,Kab. Sumbawa,230400,Prov. Nusa Tenggara Barat,230000,9,4,37,6,5,0,1,37,18 Apr 2026 09:42:49,F9B68BC041E088591A5E
SEKOLAH DASAR NEGERI MUSUK KECAMATAN BATULANTEH,50203264,SD,Negeri,Kec. Batulanteh,230407,Kab. Sumbawa,230400,Prov. Nusa Tenggara Barat,230000,9,6,34,6,6,0,1,17,29 Apr 2026 14:00:28,7578FDA3460169E41074
SEKOLAH DASAR NEGERI PUNIK KECAMATAN BATULANTEH,50203205,SD,Negeri,Kec. Batulanteh,230407,Kab. Sumbawa,230400,Prov. Nusa Tenggara Barat,230000,9,2,80,6,6,1,1,31,09 Apr 2026 10:58:31,689ECDB02EBE7F13F80A
SEKOLAH DASAR NEGERI PUSU KECAMATAN BATULANTEH,50203206,SD,Negeri,Kec. Batulanteh,230407,Kab. Sumbawa,230400,Prov. Nusa Tenggara Barat,230000,15,0,23,5,6,0,1,4,05 Apr 2026 21:25:35,E6FFB2779814CBC79B9B
SEKOLAH DASAR NEGERI RIU KECAMATAN BATULANTEH,50203225,SD,Negeri,Kec. Batulanteh,230407,Kab. Sumbawa,230400,Prov. Nusa Tenggara Barat,230000,10,1,25,4,4,0,1,18,11 Apr 2026 19:59:17,A2BEE0CD1C59C56517FB
SEKOLAH DASAR NEGERI SAMPANG BALU KECAMATAN BATULANTEH,60724681,SD,Negeri,Kec. Batulanteh,230407,Kab. Sumbawa,230400,Prov. Nusa Tenggara Barat,230000,5,1,11,4,2,0,0,7,03 Apr 2026 16:28:01,2B5F5FC9BCF39B7E5FFC
SEKOLAH DASAR NEGERI SAMPAR KUANG REA KECAMATAN BATULANTEH,50219972,SD,Negeri,Kec. Batulanteh,230407,Kab. Sumbawa,230400,Prov. Nusa Tenggara Barat,230000,5,2,25,6,2,0,0,4,31 Jan 2026 17:33:52,07D522E5EAD0B7E84D5F
SEKOLAH DASAR NEGERI SEMONGKAT KECAMATAN BATULANTEH,50203213,SD,Negeri,Kec. Batulanteh,230407,Kab. Sumbawa,230400,Prov. Nusa Tenggara Barat,230000,9,4,36,6,3,0,1,15,07 Apr 2026 13:44:47,909FCB8D0164413BB202
SEKOLAH DASAR NEGERI SEMONGKAT SAMPAR KECAMATAN BATULANTEH,50203214,SD,Negeri,Kec. Batulanteh,230407,Kab. Sumbawa,230400,Prov. Nusa Tenggara Barat,230000,9,2,25,5,4,0,0,21,22 Apr 2026 10:08:58,DB04376E6B3346CD583B
SEKOLAH DASAR NEGERI SUKAMAJU KECAMATAN BATULANTEH,50203357,SD,Negeri,Kec. Batulanteh,230407,Kab. Sumbawa,230400,Prov. Nusa Tenggara Barat,230000,8,3,25,6,3,0,0,6,09 Feb 2026 18:02:15,B4FCDA09E10BF562ECD6
SEKOLAH DASAR NEGERI TANGKAMPULIT KECAMATAN BATULANTEH,50203349,SD,Negeri,Kec. Batulanteh,230407,Kab. Sumbawa,230400,Prov. Nusa Tenggara Barat,230000,11,2,63,6,6,0,1,7,22 Apr 2026 15:11:29,8081A6E36301F8736479
SEKOLAH DASAR NEGERI TEPAL KECAMATAN BATULANTEH,50203361,SD,Negeri,Kec. Batulanteh,230407,Kab. Sumbawa,230400,Prov. Nusa Tenggara Barat,230000,13,4,119,6,6,1,1,26,21 Apr 2026 21:21:13,5A66A0D63A6929506E20
SEKOLAH MENENGAH PERTAMA NEGERI 1 BATULANTEH KECAMATAN BATULANTEH,50203383,SMP,Negeri,Kec. Batulanteh,230407,Kab. Sumbawa,230400,Prov. Nusa Tenggara Barat,230000,16,7,68,3,8,1,1,27,30 Apr 2026 18:27:05,125FB8B03E3B7E13D2F2
SEKOLAH MENENGAH PERTAMA NEGERI 2 BATULANTEH KECAMATAN BATULANTEH,50203327,SMP,Negeri,Kec. Batulanteh,230407,Kab. Sumbawa,230400,Prov. Nusa Tenggara Barat,230000,15,6,97,4,10,2,1,16,30 Mar 2026 13:10:03,3836363BDE70E7E3E0FF
SEKOLAH MENENGAH PERTAMA NEGERI 3 SATU ATAP BATULANTEH KECAMATAN BATULANTEH,50220471,SMP,Negeri,Kec. Batulanteh,230407,Kab. Sumbawa,230400,Prov. Nusa Tenggara Barat,230000,14,0,27,3,3,1,1,17,21 Apr 2026 11:24:16,07F96C41DE7084D36E88
SEKOLAH MENENGAH PERTAMA NEGERI 4 SATU ATAP BATULANTEH KECAMATAN BATULANTEH,50220472,SMP,Negeri,Kec. Batulanteh,230407,Kab. Sumbawa,230400,Prov. Nusa Tenggara Barat,230000,17,4,36,3,3,1,1,31,05 Mar 2026 01:09:04,78239E97C9E84F03F07D
SEKOLAH MENENGAH PERTAMA NEGERI 5 SATU ATAP BATULANTEH KECAMATAN BATULANTEH,50220473,SMP,Negeri,Kec. Batulanteh,230407,Kab. Sumbawa,230400,Prov. Nusa Tenggara Barat,230000,10,5,33,3,3,1,0,19,05 Apr 2026 01:28:21,9DB8D9838B601C370EC6
SEKOLAH MENENGAH PERTAMA NEGERI 6 SATU ATAP BATULANTEH,70050050,SMP,Negeri,Kec. Batulanteh,230407,Kab. Sumbawa,230400,Prov. Nusa Tenggara Barat,230000,16,2,19,2,2,0,0,22,23 Apr 2026 19:21:51,E7A5D13FBCB3E8D9955D
SMAS GARUDA BATUROTOK,69754069,SMA,Swasta,Kec. Batulanteh,230407,Kab. Sumbawa,230400,Prov. Nusa Tenggara Barat,230000,10,2,76,6,5,1,1,13,30 Apr 2026 08:39:18,802F020256AE967DEA74
SMAS SYEKH ZAINUDDIN,50219662,SMA,Swasta,Kec. Batulanteh,230407,Kab. Sumbawa,230400,Prov. Nusa Tenggara Barat,230000,6,1,24,3,3,0,1,23,29 Apr 2026 13:20:43,F8309EC233E5606E840F
SEKOLAH DASAR NEGERI 1 HIJRAH KECAMATAN LAPE,50203537,SD,Negeri,Kec. Lape,230430,Kab. Sumbawa,230400,Prov. Nusa Tenggara Barat,230000,8,4,130,6,6,0,1,30,16 Feb 2026 15:43:49,A6932D1C851C60D5D891
SEKOLAH DASAR NEGERI 1 LAPE KECAMATAN LAPE,50203399,SD,Negeri,Kec. Lape,230430,Kab. Sumbawa,230400,Prov. Nusa Tenggara Barat,230000,18,3,272,12,12,0,1,16,13 Apr 2026 08:12:04,46C94A6CC773033E2A9E
SEKOLAH DASAR NEGERI 2 HIJRAH KECAMATAN LAPE,50203538,SD,Negeri,Kec. Lape,230430,Kab. Sumbawa,230400,Prov. Nusa Tenggara Barat,230000,12,1,132,6,6,0,1,15,22 Apr 2026 08:50:51,A713AF092C2C44A55E04
SEKOLAH DASAR NEGERI 2 LAPE KECAMATAN LAPE,50205240,SD,Negeri,Kec. Lape,230430,Kab. Sumbawa,230400,Prov. Nusa Tenggara Barat,230000,8,2,150,7,7,0,1,14,07 Apr 2026 09:07:58,AD914E7D5B9E52C9016B
SEKOLAH DASAR NEGERI 3 LAPE KECAMATAN LAPE,50203554,SD,Negeri,Kec. Lape,230430,Kab. Sumbawa,230400,Prov. Nusa Tenggara Barat,230000,18,8,344,14,13,0,1,15,26 Apr 2026 15:40:39,611EB754154E7058D63C
SEKOLAH DASAR NEGERI 4 LAPE KECAMATAN LAPE,50205247,SD,Negeri,Kec. Lape,230430,Kab. Sumbawa,230400,Prov. Nusa Tenggara Barat,230000,10,3,183,8,7,0,1,27,16 Apr 2026 11:10:32,D35EB2707FA07F8C6C4F
SEKOLAH DASAR NEGERI AIMUAL KECAMATAN LAPE,50203394,SD,Negeri,Kec. Lape,230430,Kab. Sumbawa,230400,Prov. Nusa Tenggara Barat,230000,9,1,83,6,6,0,1,21,15 Apr 2026 23:04:58,84AB975CCAB109822174
SEKOLAH DASAR NEGERI KURIS KECAMATAN LAPE,50203249,SD,Negeri,Kec. Lape,230430,Kab. Sumbawa,230400,Prov. Nusa Tenggara Barat,230000,9,2,71,6,6,0,1,12,03 Apr 2026 18:32:14,BE9D2B9E1412939BF46C
SEKOLAH DASAR NEGERI LABUHAN KURIS KECAMATAN LAPE,50205229,SD,Negeri,Kec. Lape,230430,Kab. Sumbawa,230400,Prov. Nusa Tenggara Barat,230000,11,2,80,6,5,0,1,19,11 Apr 2026 16:18:33,A95D618CF93364BB7E9E
SEKOLAH DASAR NEGERI LABUHAN TERATA KECAMATAN LAPE,50203235,SD,Negeri,Kec. Lape,230430,Kab. Sumbawa,230400,Prov. Nusa Tenggara Barat,230000,9,3,93,6,6,0,1,12,15 Apr 2026 07:38:06,D058B8802B628D5CBDFA
SEKOLAH DASAR NEGERI NGALI KECAMATAN LAPE,50203265,SD,Negeri,Kec. Lape,230430,Kab. Sumbawa,230400,Prov. Nusa Tenggara Barat,230000,10,3,59,6,6,0,1,5,07 Mar 2026 20:38:28,B75C325ABC01969AFB2E
SEKOLAH DASAR NEGERI PANEBIS KECAMATAN LAPE,50203424,SD,Negeri,Kec. Lape,230430,Kab. Sumbawa,230400,Prov. Nusa Tenggara Barat,230000,8,1,67,6,4,0,0,9,03 Mar 2026 09:28:02,31A4807174D3F2BE2824
SEKOLAH DASAR NEGERI TANJUNG BILA KECAMATAN LAPE,50203402,SD,Negeri,Kec. Lape,230430,Kab. Sumbawa,230400,Prov. Nusa Tenggara Barat,230000,8,1,13,6,3,0,1,13,08 Apr 2026 08:35:45,3F7D4F3CFD764C3B6D43
SEKOLAH DASAR NEGERI UNTER MALANG KECAMATAN LAPE,50203376,SD,Negeri,Kec. Lape,230430,Kab. Sumbawa,230400,Prov. Nusa Tenggara Barat,230000,8,5,139,6,6,0,1,8,04 Apr 2026 09:27:00,552B196B6CB28A436F39
SEKOLAH MENENGAH PERTAMA NEGERI 1 LAPE KECAMATAN LAPE,50203373,SMP,Negeri,Kec. Lape,230430,Kab. Sumbawa,230400,Prov. Nusa Tenggara Barat,230000,37,9,534,17,18,2,1,26,04 Apr 2026 13:14:00,669BAF8E619F73AEB71F
SEKOLAH MENENGAH PERTAMA NEGERI 2 LAPE KECAMATAN LAPE,50203288,SMP,Negeri,Kec. Lape,230430,Kab. Sumbawa,230400,Prov. Nusa Tenggara Barat,230000,18,6,201,8,8,1,1,17,21 Apr 2026 11:49:27,CDE4E6F9AE489FF221A0
SEKOLAH MENENGAH PERTAMA NEGERI 3 SATU ATAP LAPE KECAMATAN LAPE,50205476,SMP,Negeri,Kec. Lape,230430,Kab. Sumbawa,230400,Prov. Nusa Tenggara Barat,230000,12,2,60,3,3,1,1,32,07 Apr 2026 08:34:45,35B957E5841BDA95B7AC
SMAN 1 LAPE,50203306,SMA,Negeri,Kec. Lape,230430,Kab. Sumbawa,230400,Prov. Nusa Tenggara Barat,230000,50,15,903,26,27,4,1,48,27 Apr 2026 19:00:39,AB8E7B10ED59FB8E88AB
SEKOLAH DASAR NEGERI 1 PENYARING KECAMATAN MOYO UTARA,50205235,SD,Negeri,Kec. Moyo Utara,230423,Kab. Sumbawa,230400,Prov. Nusa Tenggara Barat,230000,12,1,160,7,7,0,1,14,10 Apr 2026 07:07:35,2305DA496C288A3650C2
SEKOLAH DASAR NEGERI 2 PENYARING KECAMATAN MOYO UTARA,50205244,SD,Negeri,Kec. Moyo Utara,230423,Kab. Sumbawa,230400,Prov. Nusa Tenggara Barat,230000,11,3,110,6,6,0,2,19,21 Apr 2026 19:10:33,B1E07589AE4A386EA11E
SEKOLAH DASAR NEGERI AI BARI KECAMATAN MOYO UTARA,50205250,SD,Negeri,Kec. Moyo Utara,230423,Kab. Sumbawa,230400,Prov. Nusa Tenggara Barat,230000,9,1,54,6,6,0,1,12,03 Mar 2026 18:46:52,64C55F74E2E1CCB88510
SEKOLAH DASAR NEGERI AI LIMUNG KECAMATAN MOYO UTARA,50205252,SD,Negeri,Kec. Moyo Utara,230423,Kab. Sumbawa,230400,Prov. Nusa Tenggara Barat,230000,11,0,54,6,6,0,0,16,16 Apr 2026 07:26:32,3E3DD9F6CE7976D23425
SEKOLAH DASAR NEGERI BARU KECAMATAN MOYO UTARA,50205256,SD,Negeri,Kec. Moyo Utara,230423,Kab. Sumbawa,230400,Prov. Nusa Tenggara Barat,230000,11,3,101,7,5,0,1,15,06 Apr 2026 07:07:36,C5EDDA613F865DAC9EA0
SEKOLAH DASAR NEGERI KUKEN KECAMATAN MOYO UTARA,50205273,SD,Negeri,Kec. Moyo Utara,230423,Kab. Sumbawa,230400,Prov. Nusa Tenggara Barat,230000,12,5,110,6,6,0,1,37,20 Apr 2026 13:59:55,6C265C3D8CBDEE66D8E6
SEKOLAH DASAR NEGERI OMO KECAMATAN MOYO UTARA,50205283,SD,Negeri,Kec. Moyo Utara,230423,Kab. Sumbawa,230400,Prov. Nusa Tenggara Barat,230000,12,2,65,6,5,0,1,11,14 Apr 2026 16:52:15,78D7FDB8D1DD299D66C3
SEKOLAH DASAR NEGERI PUNGKIT KECAMATAN MOYO UTARA,50205289,SD,Negeri,Kec. Moyo Utara,230423,Kab. Sumbawa,230400,Prov. Nusa Tenggara Barat,230000,9,4,88,6,5,0,1,16,16 Apr 2026 10:14:55,B01867042AF4C1A31CF0
SEKOLAH DASAR NEGERI SEBEWE KECAMATAN MOYO UTARA,50203218,SD,Negeri,Kec. Moyo Utara,230423,Kab. Sumbawa,230400,Prov. Nusa Tenggara Barat,230000,11,3,97,6,6,0,1,24,24 Feb 2026 07:15:52,A88403B1D0F715B0FF61
SEKOLAH DASAR NEGERI SENAMPAR KECAMATAN MOYO UTARA,50205291,SD,Negeri,Kec. Moyo Utara,230423,Kab. Sumbawa,230400,Prov. Nusa Tenggara Barat,230000,10,1,76,6,6,0,1,6,05 Apr 2026 22:16:34,24F33B35675930C318DE
SEKOLAH DASAR NEGERI SONGKAR KECAMATAN MOYO UTARA,50203353,SD,Negeri,Kec. Moyo Utara,230423,Kab. Sumbawa,230400,Prov. Nusa Tenggara Barat,230000,11,3,121,6,7,0,1,29,24 Apr 2026 10:03:18,EAA99FD358958890FC23
SEKOLAH DASAR NEGERI TAHAN KECAMATAN MOYO UTARA,50220342,SD,Negeri,Kec. Moyo Utara,230423,Kab. Sumbawa,230400,Prov. Nusa Tenggara Barat,230000,9,3,61,6,5,0,0,12,06 Apr 2026 08:10:29,1D3D83862B72FF8C94B1
SEKOLAH MENENGAH PERTAMA NEGERI 1 MOYO UTARA KECAMATAN MOYO UTARA,50203366,SMP,Negeri,Kec. Moyo Utara,230423,Kab. Sumbawa,230400,Prov. Nusa Tenggara Barat,230000,35,5,350,12,13,1,1,31,22 Apr 2026 11:58:11,281B2F583BFABC50D6F8
SEKOLAH MENENGAH PERTAMA NEGERI 2 SATU ATAP MOYO UTARA KECAMATAN MOYO UTARA,50219562,SMP,Negeri,Kec. Moyo Utara,230423,Kab. Sumbawa,230400,Prov. Nusa Tenggara Barat,230000,12,2,20,3,3,1,1,24,03 Apr 2026 08:11:42,8E6F3D5F1C7490F8215F
SMAN 1 MOYO UTARA,50205318,SMA,Negeri,Kec. Moyo Utara,230423,Kab. Sumbawa,230400,Prov. Nusa Tenggara Barat,230000,26,13,302,9,15,4,1,21,22 Apr 2026 10:19:16,C1FFEC8599E48FE7E203
SEKOLAH DASAR NEGERI 1 JURUMAPIN KECAMATAN BUER,50203546,SD,Negeri,Kec. Buer,230422,Kab. Sumbawa,230400,Prov. Nusa Tenggara Barat,230000,10,3,152,6,5,0,1,13,16 Apr 2026 11:26:51,F6503686753700828560
SEKOLAH DASAR NEGERI 1 TARUSA KECAMATAN BUER,50203584,SD,Negeri,Kec. Buer,230422,Kab. Sumbawa,230400,Prov. Nusa Tenggara Barat,230000,11,2,142,6,8,0,1,28,11 Apr 2026 08:21:54,7D825090B3FBC5EF8D6A
SEKOLAH DASAR NEGERI 2 JURUMAPIN KECAMATAN BUER,50203570,SD,Negeri,Kec. Buer,230422,Kab. Sumbawa,230400,Prov. Nusa Tenggara Barat,230000,8,4,113,6,6,0,1,19,08 Apr 2026 06:41:14,ECB6FA4BB2531768FEC2
SEKOLAH DASAR NEGERI 2 TARUSA KECAMATAN BUER,50203573,SD,Negeri,Kec. Buer,230422,Kab. Sumbawa,230400,Prov. Nusa Tenggara Barat,230000,8,2,154,6,6,0,1,13,11 Apr 2026 08:57:22,7D88EFF769B1DC0C6FC9
SEKOLAH DASAR NEGERI BELEKONG KECAMATAN BUER,69761827,SD,Negeri,Kec. Buer,230422,Kab. Sumbawa,230400,Prov. Nusa Tenggara Barat,230000,9,1,93,6,5,0,0,11,29 Apr 2026 10:07:05,E945192EA64A7E7E3AB5
SEKOLAH DASAR NEGERI BRANG LOKA KECAMATAN BUER,50205260,SD,Negeri,Kec. Buer,230422,Kab. Sumbawa,230400,Prov. Nusa Tenggara Barat,230000,8,4,149,6,6,1,1,19,20 Apr 2026 17:03:38,6CC12928E2D885A9FE1F
SEKOLAH DASAR NEGERI KALABESO KECAMATAN BUER,50203519,SD,Negeri,Kec. Buer,230422,Kab. Sumbawa,230400,Prov. Nusa Tenggara Barat,230000,7,2,133,6,5,0,1,15,27 Apr 2026 19:19:38,F7F26E71A254AE556A0F
SEKOLAH DASAR NEGERI KERAMAT KECAMATAN BUER,70050053,SD,Negeri,Kec. Buer,230422,Kab. Sumbawa,230400,Prov. Nusa Tenggara Barat,230000,5,1,66,6,6,0,0,21,28 Apr 2026 11:00:41,3811E1C5F73E2A18D57C
SEKOLAH DASAR NEGERI LABUHAN BURUNG KECAMATAN BUER,50203245,SD,Negeri,Kec. Buer,230422,Kab. Sumbawa,230400,Prov. Nusa Tenggara Barat,230000,9,2,118,6,6,0,1,12,02 May 2026 09:06:31,C9AF5A7085494D7C45E3
SEKOLAH DASAR NEGERI PERNANG KECAMATAN BUER,50203193,SD,Negeri,Kec. Buer,230422,Kab. Sumbawa,230400,Prov. Nusa Tenggara Barat,230000,17,2,320,12,11,0,1,23,11 Apr 2026 22:39:00,0D52B998067437EB7AF1
SEKOLAH DASAR NEGERI PULAU KAUNG KECAMATAN BUER,50205288,SD,Negeri,Kec. Buer,230422,Kab. Sumbawa,230400,Prov. Nusa Tenggara Barat,230000,9,1,189,9,7,0,2,18,08 Apr 2026 11:09:56,CC8AE326A5ABACD9D335
SEKOLAH MENENGAH PERTAMA NEGERI 1 BUER KECAMATAN BUER,50203384,SMP,Negeri,Kec. Buer,230422,Kab. Sumbawa,230400,Prov. Nusa Tenggara Barat,230000,25,10,305,11,13,3,1,38,20 Apr 2026 10:50:42,AD78CEDF4F921520E43C
SEKOLAH MENENGAH PERTAMA NEGERI 2 BUER KECAMATAN BUER,50203280,SMP,Negeri,Kec. Buer,230422,Kab. Sumbawa,230400,Prov. Nusa Tenggara Barat,230000,20,5,181,7,9,2,1,55,17 Apr 2026 08:32:05,F117E83EDDDF2CCB37D8
SMKN 1 BUER,50219953,SMK,Negeri,Kec. Buer,230422,Kab. Sumbawa,230400,Prov. Nusa Tenggara Barat,230000,61,15,739,29,17,4,1,12,01 May 2026 09:45:24,532EA8AE08E64B42D28C
SEKOLAH DASAR NEGERI 1 LENANGGUAR KECAMATAN LENANGGUAR,50203548,SD,Negeri,Kec. Lenangguar,230427,Kab. Sumbawa,230400,Prov. Nusa Tenggara Barat,230000,9,3,98,6,6,0,1,20,25 Apr 2026 09:49:52,4BCB452AD039A4A869BA
SEKOLAH DASAR NEGERI 2 LENANGGUAR KECAMATAN LENANGGUAR,50203427,SD,Negeri,Kec. Lenangguar,230427,Kab. Sumbawa,230400,Prov. Nusa Tenggara Barat,230000,9,1,112,6,6,0,1,26,01 May 2026 06:09:13,DACCC72CA90291C409BD
SEKOLAH DASAR NEGERI GUNUNG SETIA KECAMATAN LENANGGUAR,50203536,SD,Negeri,Kec. Lenangguar,230427,Kab. Sumbawa,230400,Prov. Nusa Tenggara Barat,230000,7,1,46,6,5,0,0,13,03 Mar 2026 09:21:39,A699F848AD72952A2032
SEKOLAH DASAR NEGERI KUANG JERINGO KECAMATAN LENANGGUAR,50203248,SD,Negeri,Kec. Lenangguar,230427,Kab. Sumbawa,230400,Prov. Nusa Tenggara Barat,230000,9,4,29,5,3,0,0,26,12 Mar 2026 06:13:16,EE1F6304B08386E103BE
SEKOLAH DASAR NEGERI LAMURUNG KECAMATAN LENANGGUAR,50203238,SD,Negeri,Kec. Lenangguar,230427,Kab. Sumbawa,230400,Prov. Nusa Tenggara Barat,230000,9,3,48,6,6,0,1,13,11 Apr 2026 16:38:12,1FABB5EE86CFA6235FC9
SEKOLAH DASAR NEGERI LEDANG KECAMATAN LENANGGUAR,50203256,SD,Negeri,Kec. Lenangguar,230427,Kab. Sumbawa,230400,Prov. Nusa Tenggara Barat,230000,8,2,166,6,6,0,1,14,04 Mar 2026 09:25:57,B6252E9EFD7E5BB837E0
SEKOLAH DASAR NEGERI PEMANGONG KECAMATAN LENANGGUAR,50203204,SD,Negeri,Kec. Lenangguar,230427,Kab. Sumbawa,230400,Prov. Nusa Tenggara Barat,230000,9,2,77,6,6,1,1,23,23 Apr 2026 07:21:41,DB3E704CD44F97BBAFAC
SEKOLAH DASAR NEGERI RATE KECAMATAN LENANGGUAR,50203221,SD,Negeri,Kec. Lenangguar,230427,Kab. Sumbawa,230400,Prov. Nusa Tenggara Barat,230000,8,4,106,6,6,0,1,13,07 Apr 2026 05:21:13,0E4C0BE635075CBACF94
SEKOLAH DASAR NEGERI TATEBAL KECAMATAN LENANGGUAR,50203341,SD,Negeri,Kec. Lenangguar,230427,Kab. Sumbawa,230400,Prov. Nusa Tenggara Barat,230000,8,0,53,6,6,0,1,13,03 Apr 2026 06:34:36,B7433E180958464E9184
SEKOLAH DASAR NEGERI TELADAN ROPANG KECAMATAN LENANGGUAR,50203344,SD,Negeri,Kec. Lenangguar,230427,Kab. Sumbawa,230400,Prov. Nusa Tenggara Barat,230000,8,1,82,6,6,1,1,23,14 Apr 2026 09:57:54,D38B86AAA0DFF8CC53DD
SEKOLAH MENENGAH PERTAMA NEGERI 1 LENANGGUAR KECAMATAN LENANGGUAR,50203368,SMP,Negeri,Kec. Lenangguar,230427,Kab. Sumbawa,230400,Prov. Nusa Tenggara Barat,230000,14,5,166,6,6,2,1,10,06 Apr 2026 13:10:10,0A8D291AA4E3FF95DF83
SEKOLAH MENENGAH PERTAMA NEGERI 2 SATU ATAP LENANGGUAR KECAMATAN LENANGGUAR,50205471,SMP,Negeri,Kec. Lenangguar,230427,Kab. Sumbawa,230400,Prov. Nusa Tenggara Barat,230000,10,0,102,3,3,1,1,11,25 Apr 2026 08:59:21,76D86EEC2C2E45B399D3
SEKOLAH MENENGAH PERTAMA NEGERI 3 SATU ATAP LENANGGUAR KECAMATAN LENANGGUAR,50220613,SMP,Negeri,Kec. Lenangguar,230427,Kab. Sumbawa,230400,Prov. Nusa Tenggara Barat,230000,11,1,42,3,2,0,0,39,03 Mar 2026 23:29:10,E86E5D4AAD907E20D678
SEKOLAH MENENGAH PERTAMA NEGERI 4 SATU ATAP LENANGGUAR KECAMATAN LENANGGUAR,60724693,SMP,Negeri,Kec. Lenangguar,230427,Kab. Sumbawa,230400,Prov. Nusa Tenggara Barat,230000,10,1,48,3,3,1,1,26,21 Apr 2026 08:30:22,DC6CB57E5A4A07D5B7CA
SMP INTERNASIONAL DEA MALELA,69947866,SMP,Swasta,Kec. Lenangguar,230427,Kab. Sumbawa,230400,Prov. Nusa Tenggara Barat,230000,11,7,144,6,12,2,3,9,14 Mar 2026 13:48:16,43303A7CED2E4D25C34B
SMA DEA MALELA,69980919,SMA,Swasta,Kec. Lenangguar,230427,Kab. Sumbawa,230400,Prov. Nusa Tenggara Barat,230000,11,1,119,6,10,4,1,16,30 Apr 2026 11:20:35,E89A5345626DDBDC629F
SMKN 1 LENANGGUAR,50219548,SMK,Negeri,Kec. Lenangguar,230427,Kab. Sumbawa,230400,Prov. Nusa Tenggara Barat,230000,23,7,205,12,11,2,1,18,30 Apr 2026 11:31:01,CF5E2E209F1489535B7A
SEKOLAH DASAR NEGERI 1 SEBEOK KECAMATAN ORONG TELU,50203219,SD,Negeri,Kec. Orong Telu,230428,Kab. Sumbawa,230400,Prov. Nusa Tenggara Barat,230000,9,2,106,6,9,0,1,7,05 Mar 2026 19:06:53,D72ACE83351A0A099AB5
SEKOLAH DASAR NEGERI 1 SENAWANG KECAMATAN ORONG TELU,50203583,SD,Negeri,Kec. Orong Telu,230428,Kab. Sumbawa,230400,Prov. Nusa Tenggara Barat,230000,8,0,38,6,5,0,0,6,30 Jan 2026 19:55:28,32213F13639508115670
SEKOLAH DASAR NEGERI 2 SEBEOK KECAMATAN ORONG TELU,50219975,SD,Negeri,Kec. Orong Telu,230428,Kab. Sumbawa,230400,Prov. Nusa Tenggara Barat,230000,8,2,71,6,5,0,0,19,29 Apr 2026 21:42:48,44789151CFED02B0290B
SEKOLAH DASAR NEGERI 2 SENAWANG KECAMATAN ORONG TELU,50203418,SD,Negeri,Kec. Orong Telu,230428,Kab. Sumbawa,230400,Prov. Nusa Tenggara Barat,230000,8,2,31,6,6,0,0,12,05 Mar 2026 19:42:13,D214E98B4DF432C4DFA8
SEKOLAH DASAR NEGERI HARAPAN JAYA KECAMATAN ORONG TELU,50205262,SD,Negeri,Kec. Orong Telu,230428,Kab. Sumbawa,230400,Prov. Nusa Tenggara Barat,230000,7,0,36,6,6,0,1,8,03 Apr 2026 07:57:35,E620E785E378C34A6841
SEKOLAH DASAR NEGERI KARYA BARU KECAMATAN ORONG TELU,50203187,SD,Negeri,Kec. Orong Telu,230428,Kab. Sumbawa,230400,Prov. Nusa Tenggara Barat,230000,5,3,15,6,5,0,1,6,16 Apr 2026 02:42:18,58EA1A91CEAF7358A83B
SEKOLAH DASAR NEGERI KELAWIS KECAMATAN ORONG TELU,50205269,SD,Negeri,Kec. Orong Telu,230428,Kab. Sumbawa,230400,Prov. Nusa Tenggara Barat,230000,7,1,37,6,7,0,0,11,05 Mar 2026 18:50:53,DB2931B55447DB6D70AE
SEKOLAH DASAR NEGERI KOPO KECAMATAN ORONG TELU,50203232,SD,Negeri,Kec. Orong Telu,230428,Kab. Sumbawa,230400,Prov. Nusa Tenggara Barat,230000,10,3,42,6,6,0,1,10,05 Mar 2026 12:25:57,A0D875A4B7EA8DD09DD1
SEKOLAH DASAR NEGERI MUNGKIN KECAMATAN ORONG TELU,50203263,SD,Negeri,Kec. Orong Telu,230428,Kab. Sumbawa,230400,Prov. Nusa Tenggara Barat,230000,10,2,47,6,6,0,0,32,24 Apr 2026 09:30:09,BF8DFA5C2A4F37417058
SEKOLAH DASAR NEGERI PELITAMASA KECAMATAN ORONG TELU,50220349,SD,Negeri,Kec. Orong Telu,230428,Kab. Sumbawa,230400,Prov. Nusa Tenggara Barat,230000,13,1,27,6,5,0,1,23,22 Apr 2026 09:54:58,70CAFFE2AB2753071BC7
SEKOLAH DASAR NEGERI TANGKELAK KECAMATAN ORONG TELU,50203329,SD,Negeri,Kec. Orong Telu,230428,Kab. Sumbawa,230400,Prov. Nusa Tenggara Barat,230000,5,2,21,4,4,0,0,6,04 Mar 2026 02:23:29,14EA6EF6076C97D23441
SEKOLAH MENENGAH PERTAMA NEGERI 1 ORONG TELU KECAMATAN ORONG TELU,50220430,SMP,Negeri,Kec. Orong Telu,230428,Kab. Sumbawa,230400,Prov. Nusa Tenggara Barat,230000,16,3,80,3,8,2,1,17,17 Apr 2026 09:07:34,A163E6DADCB56DA8D697
SEKOLAH MENENGAH PERTAMA NEGERI 2 SATU ATAP ORONG TELU KECAMATAN ORONG TELU,50203296,SMP,Negeri,Kec. Orong Telu,230428,Kab. Sumbawa,230400,Prov. Nusa Tenggara Barat,230000,15,3,36,3,3,0,1,28,16 Mar 2026 12:06:15,80FE563E4A36B2FCE4AB
SEKOLAH MENENGAH PERTAMA NEGERI 3 SATU ATAP ORONG TELU KECAMATAN ORONG TELU,60724697,SMP,Negeri,Kec. Orong Telu,230428,Kab. Sumbawa,230400,Prov. Nusa Tenggara Barat,230000,16,1,20,2,3,0,1,13,11 Mar 2026 15:23:21,49F8DBC327A7716E0F8E
SMAN 1 ORONG TELU,50219566,SMA,Negeri,Kec. Orong Telu,230428,Kab. Sumbawa,230400,Prov. Nusa Tenggara Barat,230000,13,7,93,4,6,3,1,20,13 Apr 2026 20:45:32,B29E2A41647EFC09A3E6
SEKOLAH DASAR NEGERI 1 MARONGE KECAMATAN MARONGE,50205232,SD,Negeri,Kec. Maronge,230424,Kab. Sumbawa,230400,Prov. Nusa Tenggara Barat,230000,11,2,166,8,7,1,1,28,10 Apr 2026 09:40:16,9D97B2541AEDC76824B2
SEKOLAH DASAR NEGERI 2 MARONGE KECAMATAN MARONGE,50205242,SD,Negeri,Kec. Maronge,230424,Kab. Sumbawa,230400,Prov. Nusa Tenggara Barat,230000,17,5,288,12,11,0,1,21,18 Apr 2026 09:29:29,3F33C4998F6D78AA4792
SEKOLAH DASAR NEGERI GILI TAPAN KECAMATAN MARONGE,50205261,SD,Negeri,Kec. Maronge,230424,Kab. Sumbawa,230400,Prov. Nusa Tenggara Barat,230000,6,2,39,6,3,1,1,8,04 Mar 2026 21:49:27,A7BCF38FC565490824CB
SEKOLAH DASAR NEGERI LABUHAN SANGORO KECAMATAN MARONGE,50205276,SD,Negeri,Kec. Maronge,230424,Kab. Sumbawa,230400,Prov. Nusa Tenggara Barat,230000,9,2,185,7,9,0,1,23,23 Apr 2026 07:28:06,BE1865273E82A4D173EF
SEKOLAH DASAR NEGERI PEMASAR KECAMATAN MARONGE,50205286,SD,Negeri,Kec. Maronge,230424,Kab. Sumbawa,230400,Prov. Nusa Tenggara Barat,230000,13,4,223,11,10,0,1,21,25 Apr 2026 10:02:55,F95275C28B11DD20E29D
SEKOLAH DASAR NEGERI SIMU KECAMATAN MARONGE,50205293,SD,Negeri,Kec. Maronge,230424,Kab. Sumbawa,230400,Prov. Nusa Tenggara Barat,230000,20,3,260,12,8,0,1,22,27 Apr 2026 12:36:01,07D26D2E8C4A52164C12
SEKOLAH MENENGAH PERTAMA NEGERI 1 MARONGE KECAMATAN MARONGE,50205305,SMP,Negeri,Kec. Maronge,230424,Kab. Sumbawa,230400,Prov. Nusa Tenggara Barat,230000,24,5,246,9,12,2,1,28,28 Apr 2026 07:03:01,6B11DC9F9516E29394BC
SEKOLAH MENENGAH PERTAMA NEGERI 2 MARONGE KECAMATAN MARONGE,50205467,SMP,Negeri,Kec. Maronge,230424,Kab. Sumbawa,230400,Prov. Nusa Tenggara Barat,230000,18,8,189,6,7,1,1,22,11 Mar 2026 11:14:39,ADF3027B293B5C424786
SEKOLAH MENENGAH PERTAMA NEGERI 3 SATU ATAP MARONGE KECAMATAN MARONGE,60724690,SMP,Negeri,Kec. Maronge,230424,Kab. Sumbawa,230400,Prov. Nusa Tenggara Barat,230000,15,0,63,3,3,0,0,22,08 Apr 2026 08:07:38,41971F9BB1AF6EDFA4F8
SEKOLAH MENENGAH PERTAMA MUHAMMADIYAH BOARDING SCHOOL MARONGE KECAMATAN MARONGE,69883633,SMP,Swasta,Kec. Maronge,230424,Kab. Sumbawa,230400,Prov. Nusa Tenggara Barat,230000,9,1,18,3,3,1,1,19,24 Apr 2026 08:07:46,BF055107C10EA1C220CD
SMAN 1 MARONGE,50220420,SMA,Negeri,Kec. Maronge,230424,Kab. Sumbawa,230400,Prov. Nusa Tenggara Barat,230000,19,10,246,9,12,4,1,78,01 May 2026 21:07:33,2A6769923344C742E79A
SEKOLAH DASAR NEGERI JAYA MAKMUR KECAMATAN LABANGKA,50205265,SD,Negeri,Kec. Labangka,230419,Kab. Sumbawa,230400,Prov. Nusa Tenggara Barat,230000,18,2,336,12,16,1,1,16,29 Apr 2026 07:20:02,4D9006C8209216BF3BA2
SEKOLAH DASAR NEGERI LABANGKA KECAMATAN LABANGKA,50205228,SD,Negeri,Kec. Labangka,230419,Kab. Sumbawa,230400,Prov. Nusa Tenggara Barat,230000,17,2,271,12,8,0,1,27,30 Apr 2026 09:54:37,E85246C98A6D0C848CDF
SEKOLAH DASAR NEGERI SEKOKAT KECAMATAN LABANGKA,50203217,SD,Negeri,Kec. Labangka,230419,Kab. Sumbawa,230400,Prov. Nusa Tenggara Barat,230000,15,2,295,12,10,0,1,10,13 Apr 2026 06:30:14,98FA2D8FFC2316CD9857
SEKOLAH DASAR NEGERI SUKA DAMAI KECAMATAN LABANGKA,50205296,SD,Negeri,Kec. Labangka,230419,Kab. Sumbawa,230400,Prov. Nusa Tenggara Barat,230000,16,1,360,12,10,0,1,17,02 May 2026 09:15:01,0C0E2BB76ED583B1D6E2
SEKOLAH DASAR NEGERI SUKAMULYA KECAMATAN LABANGKA,50203359,SD,Negeri,Kec. Labangka,230419,Kab. Sumbawa,230400,Prov. Nusa Tenggara Barat,230000,15,2,250,12,7,0,1,9,23 Apr 2026 08:29:54,1A62E5C69F34B0E178D0
SEKOLAH MENENGAH PERTAMA NEGERI 1 LABANGKA KECAMATAN LABANGKA,50205304,SMP,Negeri,Kec. Labangka,230419,Kab. Sumbawa,230400,Prov. Nusa Tenggara Barat,230000,23,4,263,10,10,1,1,20,05 Apr 2026 19:14:50,6AF7F6176F0DF2B4C204
SEKOLAH MENENGAH PERTAMA ISLAM YAMAULA KECAMATAN LABANGKA,70030555,SMP,Swasta,Kec. Labangka,230419,Kab. Sumbawa,230400,Prov. Nusa Tenggara Barat,230000,10,3,122,6,6,0,0,11,29 Apr 2026 19:35:25,C0825635BC55F0E32818
SMAN 1 LABANGKA,50205478,SMA,Negeri,Kec. Labangka,230419,Kab. Sumbawa,230400,Prov. Nusa Tenggara Barat,230000,0,0,0,0,0,0,0,0,,A7F0A2CC7C5B2C5ED7AC
SMK NEGERI 1 LABANGKA,70003743,SMK,Negeri,Kec. Labangka,230419,Kab. Sumbawa,230400,Prov. Nusa Tenggara Barat,230000,39,7,261,13,15,3,1,37,09 Apr 2026 12:32:28,E8F2D3C4A2BBE8DE0681
SEKOLAH DASAR NEGERI LUK KARYA KECAMATAN RHEE,50203276,SD,Negeri,Kec. Rhee,230421,Kab. Sumbawa,230400,Prov. Nusa Tenggara Barat,230000,8,3,149,6,6,0,1,15,06 Mar 2026 15:45:34,4322ED37ECF3C43407AC
SEKOLAH DASAR NEGERI LUK KECAMATAN RHEE,50203275,SD,Negeri,Kec. Rhee,230421,Kab. Sumbawa,230400,Prov. Nusa Tenggara Barat,230000,10,1,77,6,6,0,1,11,16 Apr 2026 16:46:14,E9F3B7570C4A4EB465B1
SEKOLAH DASAR NEGERI MENO KECAMATAN RHEE,50203260,SD,Negeri,Kec. Rhee,230421,Kab. Sumbawa,230400,Prov. Nusa Tenggara Barat,230000,10,2,98,6,6,0,1,35,22 Apr 2026 12:28:17,106E647E341EF1EE7C5C
SEKOLAH DASAR NEGERI POTO PEDU KECAMATAN RHEE,60724683,SD,Negeri,Kec. Rhee,230421,Kab. Sumbawa,230400,Prov. Nusa Tenggara Barat,230000,9,2,111,7,5,0,0,7,03 Mar 2026 11:39:00,FE08944FA7AF5FE9CEEC
SEKOLAH DASAR NEGERI RHEE BERU KECAMATAN RHEE,50203223,SD,Negeri,Kec. Rhee,230421,Kab. Sumbawa,230400,Prov. Nusa Tenggara Barat,230000,19,3,322,13,13,0,1,26,11 Mar 2026 07:58:45,7155CECDD38ABE1D5765
SEKOLAH DASAR NEGERI RHEE LOKA KECAMATAN RHEE,50203224,SD,Negeri,Kec. Rhee,230421,Kab. Sumbawa,230400,Prov. Nusa Tenggara Barat,230000,18,3,259,12,12,0,1,15,23 Apr 2026 08:19:04,329933968CF4A5359F3D
SEKOLAH DASAR NEGERI SESENG KECAMATAN RHEE,50203328,SD,Negeri,Kec. Rhee,230421,Kab. Sumbawa,230400,Prov. Nusa Tenggara Barat,230000,9,1,63,6,4,0,0,13,12 Mar 2026 11:10:52,53AD3EA54A3A5C057524
SEKOLAH MENENGAH PERTAMA NEGERI 1 RHEE KECAMATAN RHEE,50203303,SMP,Negeri,Kec. Rhee,230421,Kab. Sumbawa,230400,Prov. Nusa Tenggara Barat,230000,23,6,265,10,12,3,1,64,30 Apr 2026 11:50:37,8DE43874EBB521D8E170
SEKOLAH MENENGAH PERTAMA NEGERI 2 SATU ATAP RHEE KECAMATAN RHEE,50220470,SMP,Negeri,Kec. Rhee,230421,Kab. Sumbawa,230400,Prov. Nusa Tenggara Barat,230000,10,1,65,3,4,1,1,12,06 Apr 2026 15:07:32,CF729FC1D326C4B643E1
SMAN 1 RHEE,69768249,SMA,Negeri,Kec. Rhee,230421,Kab. Sumbawa,230400,Prov. Nusa Tenggara Barat,230000,22,7,223,8,10,3,1,27,23 Apr 2026 10:56:49,E3CC388B8044DB81B754
SEKOLAH DASAR NEGERI 1 ROPANG KECAMATAN ROPANG,50203580,SD,Negeri,Kec. Ropang,230411,Kab. Sumbawa,230400,Prov. Nusa Tenggara Barat,230000,9,2,61,6,6,0,0,8,07 Apr 2026 11:21:46,AB0157DB4F49A8B53707
SEKOLAH DASAR NEGERI 2 ROPANG KECAMATAN ROPANG,50203413,SD,Negeri,Kec. Ropang,230411,Kab. Sumbawa,230400,Prov. Nusa Tenggara Barat,230000,10,1,73,6,7,0,1,17,29 Apr 2026 08:10:38,2257253BA0995FD555C1
SEKOLAH DASAR NEGERI LAWIN KECAMATAN ROPANG,50203241,SD,Negeri,Kec. Ropang,230411,Kab. Sumbawa,230400,Prov. Nusa Tenggara Barat,230000,7,2,108,6,7,0,1,12,04 Apr 2026 10:48:21,D12446B9B64A43B0B0BB
SEKOLAH DASAR NEGERI LEBANGKAR KECAMATAN ROPANG,50203242,SD,Negeri,Kec. Ropang,230411,Kab. Sumbawa,230400,Prov. Nusa Tenggara Barat,230000,9,2,132,6,6,0,1,5,30 Mar 2026 13:02:27,6D9F5F62E2D9AF49D107
SEKOLAH DASAR NEGERI LEBIN KECAMATAN ROPANG,50203255,SD,Negeri,Kec. Ropang,230411,Kab. Sumbawa,230400,Prov. Nusa Tenggara Barat,230000,8,1,54,6,5,0,0,15,31 Mar 2026 08:07:48,C7454A100A813EDBF043
SEKOLAH DASAR NEGERI RANAN KECAMATAN ROPANG,50203220,SD,Negeri,Kec. Ropang,230411,Kab. Sumbawa,230400,Prov. Nusa Tenggara Barat,230000,8,2,52,6,6,0,1,17,02 Apr 2026 07:24:21,3726A350778708CDEC5A
SEKOLAH DASAR NEGERI SELAGE KECAMATAN ROPANG,50203210,SD,Negeri,Kec. Ropang,230411,Kab. Sumbawa,230400,Prov. Nusa Tenggara Barat,230000,6,2,9,4,2,0,0,37,07 Mar 2026 22:21:30,DEA540BFE3268609424A
SEKOLAH MENENGAH PERTAMA NEGERI 1 ROPANG KECAMATAN ROPANG,50203285,SMP,Negeri,Kec. Ropang,230411,Kab. Sumbawa,230400,Prov. Nusa Tenggara Barat,230000,13,3,117,5,6,2,2,25,07 Mar 2026 08:47:32,F1E7374891934A07C88D
SEKOLAH MENENGAH PERTAMA NEGERI 2 SATU ATAP ROPANG KECAMATAN ROPANG,60724694,SMP,Negeri,Kec. Ropang,230411,Kab. Sumbawa,230400,Prov. Nusa Tenggara Barat,230000,9,1,39,3,3,0,0,17,02 Apr 2026 13:55:07,D70E25BB26AC833AAA9B
SEKOLAH MENENGAH PERTAMA NEGERI 3 ROPANG KECAMATAN ROPANG,69761831,SMP,Negeri,Kec. Ropang,230411,Kab. Sumbawa,230400,Prov. Nusa Tenggara Barat,230000,10,2,48,3,3,0,1,14,05 Mar 2026 08:43:41,3447E754712BA409E3F3
SMAN 1 ROPANG,69851857,SMA,Negeri,Kec. Ropang,230411,Kab. Sumbawa,230400,Prov. Nusa Tenggara Barat,230000,10,4,23,3,5,1,1,47,13 Apr 2026 18:43:12,9ED3B64D0C333BFAFF97
SEKOLAH DASAR NEGERI LANTUNG AIMUAL KECAMATAN LANTUNG,50203239,SD,Negeri,Kec. Lantung,230431,Kab. Sumbawa,230400,Prov. Nusa Tenggara Barat,230000,9,2,136,7,9,0,1,14,18 Apr 2026 09:42:52,0A4C7030C0FEE43D3CBC
SEKOLAH DASAR NEGERI LANTUNG PADESA KECAMATAN LANTUNG,50203547,SD,Negeri,Kec. Lantung,230431,Kab. Sumbawa,230400,Prov. Nusa Tenggara Barat,230000,6,1,42,6,3,0,0,14,26 Mar 2026 19:53:46,A5DE2C6C9A00B30B5492
SEKOLAH DASAR NEGERI LANTUNG SEPUKUR KECAMATAN LANTUNG,50203240,SD,Negeri,Kec. Lantung,230431,Kab. Sumbawa,230400,Prov. Nusa Tenggara Barat,230000,11,1,157,8,8,0,1,20,26 Mar 2026 19:35:20,92806DDF5C3C9508F318
SEKOLAH MENENGAH PERTAMA NEGERI 1 LANTUNG KECAMATAN LANTUNG,50203299,SMP,Negeri,Kec. Lantung,230431,Kab. Sumbawa,230400,Prov. Nusa Tenggara Barat,230000,14,4,111,6,7,0,1,12,07 Mar 2026 22:06:51,6B51DE85F2162962D5DA
