nama_sekolah,npsn,bentuk_pendidikan,status_sekolah,kecamatan,kode_kecamatan,kabupaten,kode_kabupaten,provinsi,kode_provinsi,jumlah_guru_ptk,jumlah_pegawai,jumlah_peserta_didik,jumlah_rombel,jumlah_ruang_kelas,jumlah_lab,jumlah_perpustakaan,jumlah_kirim_sinkron,sinkron_terakhir,sekolah_id_enkrip
SD NEGERI 1 GENTENG,20526551,SD,Negeri,Kec. Genteng,052510,Kab. Banyuwangi,052500,Prov. Jawa Timur,050000,23,2,668,19,19,0,1,41,21 Apr 2026 10:13:41,805CC61B8E017B337F9B
SD NEGERI 1 GENTENG WETAN,20526564,SD,Negeri,Kec. Genteng,052510,Kab. Banyuwangi,052500,Prov. Jawa Timur,050000,24,2,568,18,17,0,1,25,01 Apr 2026 03:23:08,DC7179C8D248E2ECDD0F
SD NEGERI 1 KALIGONDO,20526482,SD,Negeri,Kec. Genteng,052510,Kab. Banyuwangi,052500,Prov. Jawa Timur,050000,5,1,66,6,7,0,1,11,10 Apr 2026 19:54:55,4018CE6A081FF5E8A4D4
SD NEGERI 1 KEMBIRITAN,20526523,SD,Negeri,Kec. Genteng,052510,Kab. Banyuwangi,052500,Prov. Jawa Timur,050000,5,4,103,6,6,0,1,15,05 Apr 2026 20:10:48,31671F1DFDDBA3075CB9
SD NEGERI 1 SETAIL,20526649,SD,Negeri,Kec. Genteng,052510,Kab. Banyuwangi,052500,Prov. Jawa Timur,050000,8,2,209,7,11,0,1,23,25 Apr 2026 14:25:11,F0DD70476C5EEC218208
SD NEGERI 10 KEMBIRITAN,20526360,SD,Negeri,Kec. Genteng,052510,Kab. Banyuwangi,052500,Prov. Jawa Timur,050000,8,1,46,6,6,0,0,19,26 Apr 2026 19:46:34,B52AEC4042E2E3F46D35
SD NEGERI 2 GENTENG,20526296,SD,Negeri,Kec. Genteng,052510,Kab. Banyuwangi,052500,Prov. Jawa Timur,050000,17,5,593,18,18,1,1,40,28 Apr 2026 09:19:09,3163298E190C7DCDB73D
SD NEGERI 2 KALIGONDO,20526328,SD,Negeri,Kec. Genteng,052510,Kab. Banyuwangi,052500,Prov. Jawa Timur,050000,12,2,234,9,10,0,1,15,09 Apr 2026 10:01:34,7648F41D4BEE123741C3
SD NEGERI 2 KEMBIRITAN,20526440,SD,Negeri,Kec. Genteng,052510,Kab. Banyuwangi,052500,Prov. Jawa Timur,050000,8,2,118,6,6,0,1,19,09 Apr 2026 12:17:36,F3AD41717B1B89068A99
SD NEGERI 2 SETAIL,20526425,SD,Negeri,Kec. Genteng,052510,Kab. Banyuwangi,052500,Prov. Jawa Timur,050000,8,3,252,8,8,0,1,40,06 Apr 2026 08:05:44,0518180882A319520A7F
SD NEGERI 3 GENTENG,20525354,SD,Negeri,Kec. Genteng,052510,Kab. Banyuwangi,052500,Prov. Jawa Timur,050000,10,1,99,6,7,0,1,32,28 Apr 2026 11:58:32,FC3FBA4C5B08904027ED
SD NEGERI 3 GENTENG WETAN,20525366,SD,Negeri,Kec. Genteng,052510,Kab. Banyuwangi,052500,Prov. Jawa Timur,050000,11,1,202,9,10,0,1,17,02 Apr 2026 04:59:25,B52DF845A8D82E11E148
SD NEGERI 3 KEMBIRITAN,20525489,SD,Negeri,Kec. Genteng,052510,Kab. Banyuwangi,052500,Prov. Jawa Timur,050000,6,2,128,6,6,0,1,15,07 Apr 2026 07:35:54,A473FB48AF64CAFFEF65
SD NEGERI 4 GENTENG WETAN,20525248,SD,Negeri,Kec. Genteng,052510,Kab. Banyuwangi,052500,Prov. Jawa Timur,050000,7,2,192,6,7,0,1,39,27 Apr 2026 12:27:00,20C347DD47C47CD1DE19
SD NEGERI 4 KALIGONDO,20525236,SD,Negeri,Kec. Genteng,052510,Kab. Banyuwangi,052500,Prov. Jawa Timur,050000,6,1,116,6,7,0,1,11,11 Apr 2026 10:15:06,E42008708807C84D5588
SD NEGERI 4 KEMBIRITAN,20525167,SD,Negeri,Kec. Genteng,052510,Kab. Banyuwangi,052500,Prov. Jawa Timur,050000,8,3,99,6,6,1,1,22,02 May 2026 07:42:12,B3F43928B5C1DB4AD139
SD NEGERI 4 SETAIL,20525187,SD,Negeri,Kec. Genteng,052510,Kab. Banyuwangi,052500,Prov. Jawa Timur,050000,5,2,81,6,5,0,1,18,07 Apr 2026 10:31:33,F19A041C2C3554C5FB3C
SD NEGERI 5 GENTENG,20525268,SD,Negeri,Kec. Genteng,052510,Kab. Banyuwangi,052500,Prov. Jawa Timur,050000,6,3,75,6,10,0,1,6,05 Mar 2026 10:21:01,3729F36DFF3703AE13B9
SD NEGERI 5 GENTENG WETAN,20525269,SD,Negeri,Kec. Genteng,052510,Kab. Banyuwangi,052500,Prov. Jawa Timur,050000,6,1,87,6,6,0,1,16,27 Apr 2026 07:39:35,E2F68B2541D4F513C2D3
SD NEGERI 5 KALIGONDO,20525255,SD,Negeri,Kec. Genteng,052510,Kab. Banyuwangi,052500,Prov. Jawa Timur,050000,9,0,82,6,11,0,0,25,29 Apr 2026 08:00:51,578D1B42F001028D4A6D
SD NEGERI 5 KEMBIRITAN,20525289,SD,Negeri,Kec. Genteng,052510,Kab. Banyuwangi,052500,Prov. Jawa Timur,050000,8,3,93,6,6,0,1,11,03 Apr 2026 23:52:47,D3CF9927A6E11B61B9CA
SD NEGERI 5 SETAIL,20525281,SD,Negeri,Kec. Genteng,052510,Kab. Banyuwangi,052500,Prov. Jawa Timur,050000,8,0,87,6,12,0,0,22,25 Apr 2026 13:47:34,013FC6E89F40FB72EF51
SD NEGERI 6 GENTENG,20525823,SD,Negeri,Kec. Genteng,052510,Kab. Banyuwangi,052500,Prov. Jawa Timur,050000,6,1,41,6,6,0,1,20,21 Apr 2026 11:04:12,BCE89137A4E8C3AB245C
SD NEGERI 6 KALIGONDO,20525808,SD,Negeri,Kec. Genteng,052510,Kab. Banyuwangi,052500,Prov. Jawa Timur,050000,7,1,88,6,7,0,1,9,04 Apr 2026 11:29:54,BA9884A800459F8CDA7D
SD NEGERI 6 KEMBIRITAN,20525781,SD,Negeri,Kec. Genteng,052510,Kab. Banyuwangi,052500,Prov. Jawa Timur,050000,8,2,58,6,6,0,1,19,17 Mar 2026 14:19:33,B9A0B81775516F005FC2
SD NEGERI 6 SETAIL,20525754,SD,Negeri,Kec. Genteng,052510,Kab. Banyuwangi,052500,Prov. Jawa Timur,050000,5,1,148,6,6,0,1,12,05 Mar 2026 08:34:28,A4A96C89C53A9F75B322
SD NEGERI 7 GENTENG,20525771,SD,Negeri,Kec. Genteng,052510,Kab. Banyuwangi,052500,Prov. Jawa Timur,050000,6,2,152,6,7,1,1,13,10 Apr 2026 07:35:12,4BDB6FDE8F7D2ACC7C4B
SD NEGERI 7 KALIGONDO,20525779,SD,Negeri,Kec. Genteng,052510,Kab. Banyuwangi,052500,Prov. Jawa Timur,050000,7,2,135,6,8,0,1,15,27 Apr 2026 12:39:34,95EF6122D93B63CEAA5F
SD NEGERI 7 KEMBIRITAN,20525764,SD,Negeri,Kec. Genteng,052510,Kab. Banyuwangi,052500,Prov. Jawa Timur,050000,7,3,81,6,6,0,1,8,03 Mar 2026 10:35:30,D40FED0F97D9B392AE1D
SD NEGERI 8 KALIGONDO,20525877,SD,Negeri,Kec. Genteng,052510,Kab. Banyuwangi,052500,Prov. Jawa Timur,050000,6,1,71,6,7,1,1,14,03 Apr 2026 17:01:29,02A14D75A0758CAF3058
SD NEGERI 8 KEMBIRITAN,20525880,SD,Negeri,Kec. Genteng,052510,Kab. Banyuwangi,052500,Prov. Jawa Timur,050000,8,4,244,8,8,0,1,14,30 Apr 2026 09:10:45,33E2AB0C9C059425EAF7
SD NEGERI 9 KEMBIRITAN,20525918,SD,Negeri,Kec. Genteng,052510,Kab. Banyuwangi,052500,Prov. Jawa Timur,050000,7,3,104,6,6,0,1,10,16 Mar 2026 23:45:25,C24B75755DAC61BCC144
SD DARUSSYAFA AH,20569626,SD,Swasta,Kec. Genteng,052510,Kab. Banyuwangi,052500,Prov. Jawa Timur,050000,14,1,324,12,12,1,1,9,26 Apr 2026 19:55:55,2CCBBBCDE6B809B3EA79
SD ISLAM AL HUDA,20554918,SD,Swasta,Kec. Genteng,052510,Kab. Banyuwangi,052500,Prov. Jawa Timur,050000,13,1,256,10,11,0,1,21,30 Apr 2026 11:55:26,79D8099E986A8F83184D
SD ISLAM AL ISLAH,20554919,SD,Swasta,Kec. Genteng,052510,Kab. Banyuwangi,052500,Prov. Jawa Timur,050000,7,1,70,6,6,0,1,6,15 Apr 2026 19:03:09,3D769284457CBD14E82C
SD ISLAM KEBUNREJO,20554917,SD,Swasta,Kec. Genteng,052510,Kab. Banyuwangi,052500,Prov. Jawa Timur,050000,9,2,202,8,10,1,1,19,28 Apr 2026 11:46:09,E630D82159D84CFDCB8C
SD ISLAM RAUDLATUT THALABAH,20574617,SD,Swasta,Kec. Genteng,052510,Kab. Banyuwangi,052500,Prov. Jawa Timur,050000,5,1,107,6,6,0,0,12,26 Apr 2026 19:58:00,26D13A1FB041402025A7
SD KATOLIK PEMBINA,20554916,SD,Swasta,Kec. Genteng,052510,Kab. Banyuwangi,052500,Prov. Jawa Timur,050000,4,4,68,6,6,1,1,8,13 Apr 2026 08:30:04,4949DB81B7D132E6033E
SD KRISTEN ALETHEIA,20548346,SD,Swasta,Kec. Genteng,052510,Kab. Banyuwangi,052500,Prov. Jawa Timur,050000,8,2,130,6,10,3,1,17,17 Mar 2026 14:06:24,B2E780E21C32D8FD2617
SD MUHAMMADIYAH 6,20554920,SD,Swasta,Kec. Genteng,052510,Kab. Banyuwangi,052500,Prov. Jawa Timur,050000,25,3,396,17,8,2,2,15,07 Apr 2026 12:33:42,8D393E8D30F0AAA28150
SD MUHAMMADIYAH 9,20554921,SD,Swasta,Kec. Genteng,052510,Kab. Banyuwangi,052500,Prov. Jawa Timur,050000,7,1,78,6,6,0,0,8,04 Apr 2026 07:57:57,F40D019C3B8479BC1501
SD TABITA PURI,69756315,SD,Swasta,Kec. Genteng,052510,Kab. Banyuwangi,052500,Prov. Jawa Timur,050000,10,2,99,6,6,0,1,26,28 Apr 2026 14:15:17,8EEBF66B0FA03460C69E
SMP NEGERI 1 GENTENG,20525726,SMP,Negeri,Kec. Genteng,052510,Kab. Banyuwangi,052500,Prov. Jawa Timur,050000,35,8,893,27,27,2,1,26,22 Apr 2026 07:30:37,1F9B38FD61E385B2FA66
SMP NEGERI 2 GENTENG,20525647,SMP,Negeri,Kec. Genteng,052510,Kab. Banyuwangi,052500,Prov. Jawa Timur,050000,36,11,895,25,25,3,1,34,27 Apr 2026 08:26:54,F4519657C7AE9A8BDD99
SMP NEGERI 3 GENTENG,20525654,SMP,Negeri,Kec. Genteng,052510,Kab. Banyuwangi,052500,Prov. Jawa Timur,050000,25,6,622,18,18,3,1,22,11 Apr 2026 20:13:01,5B1B50D2EE7FE23B3551
SMP NEGERI 4 GENTENG,20525683,SMP,Negeri,Kec. Genteng,052510,Kab. Banyuwangi,052500,Prov. Jawa Timur,050000,22,5,465,16,20,3,1,17,18 Apr 2026 09:45:13,F39EF9B6B2876D4581D5
SMP AL QURAN AL MUBAROK,69946468,SMP,Swasta,Kec. Genteng,052510,Kab. Banyuwangi,052500,Prov. Jawa Timur,050000,3,2,70,3,6,0,0,10,16 Mar 2026 22:54:16,FED89022B12DB1AA1B57
SMP ALAM BANYUWANGI ISLAMIC SCHOOL GENTENG,20540115,SMP,Swasta,Kec. Genteng,052510,Kab. Banyuwangi,052500,Prov. Jawa Timur,050000,7,1,28,3,7,1,1,10,20 Apr 2026 22:09:02,F32467CB84E9F0FBED2A
SMP BUSTANUL MAKMUR,20525617,SMP,Swasta,Kec. Genteng,052510,Kab. Banyuwangi,052500,Prov. Jawa Timur,050000,31,6,434,14,18,5,1,26,29 Apr 2026 09:20:23,E9BCD68AA315A374FFCB
SMP DARUSSALAM BLOKAGUNG 2,70033594,SMP,Swasta,Kec. Genteng,052510,Kab. Banyuwangi,052500,Prov. Jawa Timur,050000,6,1,46,3,3,1,1,55,18 Apr 2026 09:43:22,491446B3DC20E572EA9F
SMP DARUSSYAFAAH,69952465,SMP,Swasta,Kec. Genteng,052510,Kab. Banyuwangi,052500,Prov. Jawa Timur,050000,13,3,238,9,9,1,1,9,27 Apr 2026 08:19:46,5598CC787B518A4F6AC4
SMP HADI WIJAYA,20525631,SMP,Swasta,Kec. Genteng,052510,Kab. Banyuwangi,052500,Prov. Jawa Timur,050000,7,1,36,3,12,3,1,24,21 Apr 2026 13:53:16,3B7F6575F7C260CDD5DB
SMP HARAPAN 2 GENTENG,20525586,SMP,Swasta,Kec. Genteng,052510,Kab. Banyuwangi,052500,Prov. Jawa Timur,050000,4,2,16,3,4,3,1,9,22 Apr 2026 20:00:02,65F564096F4B14D3DD0D
SMP IBRAHIMY,20525530,SMP,Swasta,Kec. Genteng,052510,Kab. Banyuwangi,052500,Prov. Jawa Timur,050000,5,1,8,3,3,1,1,6,04 Mar 2026 06:54:23,82B771EC0F7D572EB577
SMP ISLAM AL MAMUN,69979654,SMP,Swasta,Kec. Genteng,052510,Kab. Banyuwangi,052500,Prov. Jawa Timur,050000,6,3,15,3,3,2,1,17,27 Apr 2026 08:43:24,0B560BDC21522D9959A0
SMP KATOLIK SANTA MARIA,20525706,SMP,Swasta,Kec. Genteng,052510,Kab. Banyuwangi,052500,Prov. Jawa Timur,050000,8,6,36,3,7,3,1,6,02 Mar 2026 19:32:44,95AF6644DA33E4411759
SMP KRISTEN ALETHEIA GENTENG,20525540,SMP,Swasta,Kec. Genteng,052510,Kab. Banyuwangi,052500,Prov. Jawa Timur,050000,10,5,107,5,6,4,1,18,09 Apr 2026 08:18:02,A3D793F51B8E10BDB4A5
SMP MAARIF GENTENG,20525531,SMP,Swasta,Kec. Genteng,052510,Kab. Banyuwangi,052500,Prov. Jawa Timur,050000,10,1,140,6,5,2,1,15,25 Apr 2026 09:42:46,69A13006222F59DF2A46
SMP MUHAMMADIYAH 1,20525536,SMP,Swasta,Kec. Genteng,052510,Kab. Banyuwangi,052500,Prov. Jawa Timur,050000,16,4,244,9,12,3,1,22,23 Apr 2026 21:47:54,3553034231EFFB37B1CF
SMP MUHAMMADIYAH 8,20525576,SMP,Swasta,Kec. Genteng,052510,Kab. Banyuwangi,052500,Prov. Jawa Timur,050000,7,2,32,3,4,1,0,17,20 Apr 2026 09:48:02,45CD3250D3BE669B90ED
SMP NU AL ISLAH,69932828,SMP,Swasta,Kec. Genteng,052510,Kab. Banyuwangi,052500,Prov. Jawa Timur,050000,4,1,11,3,3,1,1,3,16 Mar 2026 23:23:19,7A7A568E692CBB30BF01
SMP QUEEN IBNU SINA,69971860,SMP,Swasta,Kec. Genteng,052510,Kab. Banyuwangi,052500,Prov. Jawa Timur,050000,6,1,66,3,6,0,0,1,06 Apr 2026 10:48:59,CFB35AF75B10948D1C08
SMP SAINS QURAN BUSTANUL FALAH,70047092,SMP,Swasta,Kec. Genteng,052510,Kab. Banyuwangi,052500,Prov. Jawa Timur,050000,8,4,54,2,3,1,1,6,11 Apr 2026 22:34:47,D90B368F64B410DE1AD9
SMA NEGERI 2 TARUNA BHAYANGKARA JAWA TIMUR,20525600,SMA,Negeri,Kec. Genteng,052510,Kab. Banyuwangi,052500,Prov. Jawa Timur,050000,42,37,693,21,28,8,1,30,29 Apr 2026 13:33:18,CEC33F5C4CF988046A14
SMAN 1 GENTENG,20525854,SMA,Negeri,Kec. Genteng,052510,Kab. Banyuwangi,052500,Prov. Jawa Timur,050000,69,15,1274,36,36,5,1,45,24 Apr 2026 08:59:47,06F92A37B70D26816BD9
SMAS MUHAMMADIYAH 2 GENTENG,20525836,SMA,Swasta,Kec. Genteng,052510,Kab. Banyuwangi,052500,Prov. Jawa Timur,050000,35,12,522,15,26,4,1,20,27 Apr 2026 06:58:07,8171DAD5CD5B3AD0944A
SMAS MUHAMMADIYAH 3 GENTENG,20525837,SMA,Swasta,Kec. Genteng,052510,Kab. Banyuwangi,052500,Prov. Jawa Timur,050000,9,3,34,3,7,3,1,5,31 Jan 2026 12:10:00,03FBADA57EEFFF686DD1
SMAS NU GENTENG,20540169,SMA,Swasta,Kec. Genteng,052510,Kab. Banyuwangi,052500,Prov. Jawa Timur,050000,14,3,110,5,7,4,1,5,04 Mar 2026 10:21:30,85CB0B77F226B6B60198
SMAS PGRI 6 GENTENG,20525838,SMA,Swasta,Kec. Genteng,052510,Kab. Banyuwangi,052500,Prov. Jawa Timur,050000,8,2,57,3,6,1,1,20,17 Apr 2026 07:25:41,6A6A85673B38CE05D129
SMAS TAMAN SISWA GENTENG,20525868,SMA,Swasta,Kec. Genteng,052510,Kab. Banyuwangi,052500,Prov. Jawa Timur,050000,9,1,64,3,3,1,1,5,10 Apr 2026 15:04:48,6E9928DECAA2D7274437
SMK 17 AGUSTUS 1945 GENTENG,20525604,SMK,Swasta,Kec. Genteng,052510,Kab. Banyuwangi,052500,Prov. Jawa Timur,050000,34,8,668,26,22,4,1,19,21 Apr 2026 14:48:26,61FAC593D2450CBD6D0C
SMK AL MUBAROK,69988625,SMK,Swasta,Kec. Genteng,052510,Kab. Banyuwangi,052500,Prov. Jawa Timur,050000,5,2,45,3,4,1,1,24,01 May 2026 15:50:05,649CD81322B718648D47
SMK AL-HUDA,69979363,SMK,Swasta,Kec. Genteng,052510,Kab. Banyuwangi,052500,Prov. Jawa Timur,050000,5,2,25,3,3,1,1,6,02 Feb 2026 11:28:56,C091F9B0683CC0D833AF
SMK DARUSSALAM BLOKAGUNG DUA,69967029,SMK,Swasta,Kec. Genteng,052510,Kab. Banyuwangi,052500,Prov. Jawa Timur,050000,10,1,36,3,3,2,1,92,30 Apr 2026 14:32:14,97C18965D72DE170A6DB
SMKS BUSTANUL FALAH,20570831,SMK,Swasta,Kec. Genteng,052510,Kab. Banyuwangi,052500,Prov. Jawa Timur,050000,29,6,523,19,11,0,0,13,12 Mar 2026 08:52:06,CAC48E73F8F2ABA97B52
SMKS ENTREPRENEUR TAHFIDZ,70003049,SMK,Swasta,Kec. Genteng,052510,Kab. Banyuwangi,052500,Prov. Jawa Timur,050000,10,2,124,5,5,1,1,22,22 Apr 2026 11:34:50,EC522575D843F8BDC81C
SMKS IBNU SINA,69775464,SMK,Swasta,Kec. Genteng,052510,Kab. Banyuwangi,052500,Prov. Jawa Timur,050000,17,3,156,10,12,1,1,6,28 Apr 2026 09:41:46,21B3D9B05C70D77B06FE
SMKS MUHAMMADIYAH 1 GENTENG,20525597,SMK,Swasta,Kec. Genteng,052510,Kab. Banyuwangi,052500,Prov. Jawa Timur,050000,52,11,1041,32,30,5,1,32,27 Apr 2026 16:06:52,666543A807910748B4D0
SMKS MUHAMMADIYAH 2 GENTENG,20525622,SMK,Swasta,Kec. Genteng,052510,Kab. Banyuwangi,052500,Prov. Jawa Timur,050000,56,11,1683,53,37,2,1,7,06 Mar 2026 13:03:48,FE2E80FFFF47D5450AA4
SD NEGERI 1 BLAMBANGAN,20526544,SD,Negeri,Kec. Muncar,052505,Kab. Banyuwangi,052500,Prov. Jawa Timur,050000,7,1,83,6,7,0,1,14,16 Mar 2026 19:40:29,9AC3189416875B1C050C
SD NEGERI 1 KEDUNGREJO,20526519,SD,Negeri,Kec. Muncar,052505,Kab. Banyuwangi,052500,Prov. Jawa Timur,050000,9,2,201,8,9,1,1,38,29 Apr 2026 13:13:59,431F6E9ABE8777E49AD9
SD NEGERI 1 KEDUNGRINGIN,20526520,SD,Negeri,Kec. Muncar,052505,Kab. Banyuwangi,052500,Prov. Jawa Timur,050000,11,1,188,8,8,0,1,27,08 Apr 2026 09:40:51,F3A1ED0A740667F21868
SD NEGERI 1 KUMENDUNG,20525508,SD,Negeri,Kec. Muncar,052505,Kab. Banyuwangi,052500,Prov. Jawa Timur,050000,7,2,134,6,8,0,1,19,30 Apr 2026 16:25:11,5E7825785B511837E3A3
SD NEGERI 1 SUMBERSEWU,20526585,SD,Negeri,Kec. Muncar,052505,Kab. Banyuwangi,052500,Prov. Jawa Timur,050000,9,2,186,7,9,0,0,35,24 Apr 2026 08:28:23,8A563DFE6CADFBD4F8CD
SD NEGERI 1 TAMBAKREJO,20526613,SD,Negeri,Kec. Muncar,052505,Kab. Banyuwangi,052500,Prov. Jawa Timur,050000,4,0,164,6,6,0,0,16,02 May 2026 08:47:51,7A1FCC347EBC3B1BFD13
SD NEGERI 1 TAPANREJO,20526615,SD,Negeri,Kec. Muncar,052505,Kab. Banyuwangi,052500,Prov. Jawa Timur,050000,7,2,83,6,7,0,1,23,16 Apr 2026 10:07:12,D119245D29E6911B4BB4
SD NEGERI 1 TEMBOKREJO,20526600,SD,Negeri,Kec. Muncar,052505,Kab. Banyuwangi,052500,Prov. Jawa Timur,050000,16,2,415,17,17,0,1,21,16 Mar 2026 16:06:52,174AE21A502FE4E47BC5
SD NEGERI 1 WRINGINPUTIH,20526356,SD,Negeri,Kec. Muncar,052505,Kab. Banyuwangi,052500,Prov. Jawa Timur,050000,9,1,68,6,6,0,0,9,27 Apr 2026 21:01:43,EB5C718B020E18504BC4
SD NEGERI 2 BLAMBANGAN,20526373,SD,Negeri,Kec. Muncar,052505,Kab. Banyuwangi,052500,Prov. Jawa Timur,050000,9,1,162,6,7,0,1,30,07 Apr 2026 11:37:07,47F9D0C34CA17419A616
SD NEGERI 2 KEDUNGREJO,20526436,SD,Negeri,Kec. Muncar,052505,Kab. Banyuwangi,052500,Prov. Jawa Timur,050000,14,2,335,12,11,0,0,31,24 Apr 2026 11:48:12,49C50516462B3F3A48E7
SD NEGERI 2 KEDUNGRINGIN,20526437,SD,Negeri,Kec. Muncar,052505,Kab. Banyuwangi,052500,Prov. Jawa Timur,050000,8,1,147,7,8,0,1,11,20 Apr 2026 10:37:53,F9FEC2ACB5610085B125
SD NEGERI 2 KUMENDUNG,20526476,SD,Negeri,Kec. Muncar,052505,Kab. Banyuwangi,052500,Prov. Jawa Timur,050000,7,1,108,6,6,0,0,15,10 Apr 2026 17:04:16,879E6AAAE871C85D50FF
SD NEGERI 2 SUMBERBERAS,20525476,SD,Negeri,Kec. Muncar,052505,Kab. Banyuwangi,052500,Prov. Jawa Timur,050000,10,2,228,9,13,0,1,29,01 May 2026 22:54:09,6E25E05D3AB381D9BF0D
SD NEGERI 2 SUMBERSEWU,20525408,SD,Negeri,Kec. Muncar,052505,Kab. Banyuwangi,052500,Prov. Jawa Timur,050000,9,0,81,6,8,0,0,13,24 Apr 2026 08:32:01,29A34B2F67735A635C01
SD NEGERI 2 TAMBAKREJO,20525392,SD,Negeri,Kec. Muncar,052505,Kab. Banyuwangi,052500,Prov. Jawa Timur,050000,6,1,133,6,6,0,0,22,02 May 2026 09:45:16,F542597AC28BA69C2F6C
SD NEGERI 2 TAPANREJO,20525394,SD,Negeri,Kec. Muncar,052505,Kab. Banyuwangi,052500,Prov. Jawa Timur,050000,8,2,97,6,6,0,1,25,15 Apr 2026 09:45:36,1F9B8B96495D9E819D81
SD NEGERI 2 TEMBOKREJO,20525412,SD,Negeri,Kec. Muncar,052505,Kab. Banyuwangi,052500,Prov. Jawa Timur,050000,15,3,398,12,12,1,1,14,20 Apr 2026 13:32:39,199644EC71E91AB72B26
SD NEGERI 2 WRINGINPUTIH,20525425,SD,Negeri,Kec. Muncar,052505,Kab. Banyuwangi,052500,Prov. Jawa Timur,050000,5,1,63,6,4,0,0,11,14 Apr 2026 11:31:07,5A68E869FD53E92D37E7
SD NEGERI 3 BLAMBANGAN,20525363,SD,Negeri,Kec. Muncar,052505,Kab. Banyuwangi,052500,Prov. Jawa Timur,050000,7,1,82,6,6,0,1,18,11 Apr 2026 23:11:46,A3B4B12E73A31F8B12FA
SD NEGERI 3 KEDUNGREJO,20525486,SD,Negeri,Kec. Muncar,052505,Kab. Banyuwangi,052500,Prov. Jawa Timur,050000,16,2,297,13,18,0,0,23,14 Apr 2026 11:16:05,DF8B2890941E81629E2A
SD NEGERI 3 KEDUNGRINGIN,20525487,SD,Negeri,Kec. Muncar,052505,Kab. Banyuwangi,052500,Prov. Jawa Timur,050000,7,1,85,6,7,0,0,20,02 May 2026 10:08:03,18DBBA8AAD5B02B9B2F1
SD NEGERI 3 SUMBERSEWU,20525480,SD,Negeri,Kec. Muncar,052505,Kab. Banyuwangi,052500,Prov. Jawa Timur,050000,7,2,99,6,6,0,1,12,04 Apr 2026 20:43:29,18D51CC3434566DA4581
SD NEGERI 3 TAPANREJO,20525465,SD,Negeri,Kec. Muncar,052505,Kab. Banyuwangi,052500,Prov. Jawa Timur,050000,7,1,138,6,6,1,1,19,08 Apr 2026 21:43:37,2C023EC61FBBDDF7E417
SD NEGERI 3 WRINGINPUTIH,20525214,SD,Negeri,Kec. Muncar,052505,Kab. Banyuwangi,052500,Prov. Jawa Timur,050000,8,1,175,6,7,1,1,13,10 Apr 2026 23:16:53,3B8F9EFF4C7AED50B55F
SD NEGERI 4 BLAMBANGAN,20525227,SD,Negeri,Kec. Muncar,052505,Kab. Banyuwangi,052500,Prov. Jawa Timur,050000,8,0,100,6,6,0,0,11,04 Apr 2026 08:09:01,C57BB6ABEEE1575B6155
SD NEGERI 4 KEDUNGREJO,20525169,SD,Negeri,Kec. Muncar,052505,Kab. Banyuwangi,052500,Prov. Jawa Timur,050000,9,0,230,11,12,0,1,14,17 Apr 2026 09:46:58,7F71A25EB207C0D2CA21
SD NEGERI 4 SUMBERBERAS,20525315,SD,Negeri,Kec. Muncar,052505,Kab. Banyuwangi,052500,Prov. Jawa Timur,050000,13,4,265,11,15,1,1,17,24 Apr 2026 10:31:23,7A72B8B0892CF1F0879A
SD NEGERI 4 SUMBERSEWU,20525309,SD,Negeri,Kec. Muncar,052505,Kab. Banyuwangi,052500,Prov. Jawa Timur,050000,5,1,89,6,6,0,0,33,10 Apr 2026 10:32:22,F6405B73C672FAC7F416
SD NEGERI 4 TAMBAKREJO,20525302,SD,Negeri,Kec. Muncar,052505,Kab. Banyuwangi,052500,Prov. Jawa Timur,050000,7,2,59,6,6,0,0,46,24 Apr 2026 09:29:40,BC618F881B310C782645
SD NEGERI 4 TEMBOKREJO,20525483,SD,Negeri,Kec. Muncar,052505,Kab. Banyuwangi,052500,Prov. Jawa Timur,050000,14,0,277,12,15,0,0,17,17 Mar 2026 07:40:43,F81EAC3CB6F50018B27C
SD NEGERI 5 KEDUNGREJO,20525287,SD,Negeri,Kec. Muncar,052505,Kab. Banyuwangi,052500,Prov. Jawa Timur,050000,14,0,394,12,12,0,0,9,30 Apr 2026 21:14:04,802C91BD4D673E80240E
SD NEGERI 5 TAPANREJO,20525801,SD,Negeri,Kec. Muncar,052505,Kab. Banyuwangi,052500,Prov. Jawa Timur,050000,6,2,55,6,6,0,0,9,04 Apr 2026 09:12:29,E971FB52C49FC1CB4C98
SD NEGERI 5 TEMBOKREJO,20525793,SD,Negeri,Kec. Muncar,052505,Kab. Banyuwangi,052500,Prov. Jawa Timur,050000,6,1,95,6,9,0,1,15,07 Apr 2026 07:52:06,B493BDFFB6E21EDA80DC
SD NEGERI 5 WRINGINPUTIH,20525792,SD,Negeri,Kec. Muncar,052505,Kab. Banyuwangi,052500,Prov. Jawa Timur,050000,6,1,141,6,10,0,1,25,06 Apr 2026 22:03:02,09426CA80D9DAFD6BE75
SD NEGERI 6 SUMBERBERAS,20525746,SD,Negeri,Kec. Muncar,052505,Kab. Banyuwangi,052500,Prov. Jawa Timur,050000,5,1,55,6,6,0,1,20,23 Apr 2026 20:35:23,2FD697CB722CF3463A0D
SD NEGERI 6 TEMBOKREJO,20525738,SD,Negeri,Kec. Muncar,052505,Kab. Banyuwangi,052500,Prov. Jawa Timur,050000,18,2,398,15,12,0,1,23,07 Apr 2026 16:04:13,4FF437F23A35383A360D
SD NEGERI 7 SUMBERBERAS,20525875,SD,Negeri,Kec. Muncar,052505,Kab. Banyuwangi,052500,Prov. Jawa Timur,050000,6,0,174,6,6,0,0,18,20 Apr 2026 11:28:37,C831F81155F8F28F152D
SD NEGERI 7 TEMBOKREJO,20525891,SD,Negeri,Kec. Muncar,052505,Kab. Banyuwangi,052500,Prov. Jawa Timur,050000,7,1,120,6,6,0,0,15,10 Apr 2026 12:02:54,A71D84E9CE7A9E292544
SD NEGERI 8 SUMBERBERAS,20525883,SD,Negeri,Kec. Muncar,052505,Kab. Banyuwangi,052500,Prov. Jawa Timur,050000,6,2,44,6,6,0,0,19,02 Apr 2026 09:14:46,2453D7CD8BC347D6F4E7
Sekolah Rakyat Dasar Terintegrasi 46 Banyuwangi,70058815,SD,Negeri,Kec. Muncar,052505,Kab. Banyuwangi,052500,Prov. Jawa Timur,050000,2,0,50,6,2,0,1,51,20 Apr 2026 15:56:24,CF44A440617843ACB95C
SD AL QURAN MINHAJUT THULLAB,69987455,SD,Swasta,Kec. Muncar,052505,Kab. Banyuwangi,052500,Prov. Jawa Timur,050000,12,2,132,7,8,1,1,19,02 May 2026 10:53:53,840393C7545E1267711E
SD INTENSIF AL-MUSTHOFA,69962540,SD,Swasta,Kec. Muncar,052505,Kab. Banyuwangi,052500,Prov. Jawa Timur,050000,9,1,176,8,8,0,0,15,30 Mar 2026 05:39:38,B35A05A3A46DD90D96A7
SD ISLAM DARUL MUTTAQIN,20548866,SD,Swasta,Kec. Muncar,052505,Kab. Banyuwangi,052500,Prov. Jawa Timur,050000,14,1,264,11,12,0,0,34,16 Apr 2026 17:19:10,B3986F727125CA5BA186
SD ISLAM SAIQ AL HIKMAH,70056672,SD,Swasta,Kec. Muncar,052505,Kab. Banyuwangi,052500,Prov. Jawa Timur,050000,1,1,14,1,1,0,0,7,31 Mar 2026 18:52:36,0F1FB36F6E17A443EA28
SD KATOLIK SANTO IGNATIUS,20526017,SD,Swasta,Kec. Muncar,052505,Kab. Banyuwangi,052500,Prov. Jawa Timur,050000,7,2,71,6,6,0,1,9,12 Apr 2026 18:34:32,DAC48314598484DEEA37
SD MUHAMMADIYAH 5,20548868,SD,Swasta,Kec. Muncar,052505,Kab. Banyuwangi,052500,Prov. Jawa Timur,050000,16,1,390,15,16,0,1,53,27 Apr 2026 11:34:12,AA8060C1AD98C2177773
SD NU AL FUTUHIYYAH,69892897,SD,Swasta,Kec. Muncar,052505,Kab. Banyuwangi,052500,Prov. Jawa Timur,050000,9,1,229,7,8,0,1,10,18 Mar 2026 23:59:25,73D2F59FB6FECC321722
SMP NEGERI 1 MUNCAR,20525724,SMP,Negeri,Kec. Muncar,052505,Kab. Banyuwangi,052500,Prov. Jawa Timur,050000,37,8,827,24,24,4,1,35,17 Apr 2026 12:58:17,3D98EC346F263EE734DC
SMP NEGERI 2 MUNCAR,20525644,SMP,Negeri,Kec. Muncar,052505,Kab. Banyuwangi,052500,Prov. Jawa Timur,050000,25,3,533,18,18,2,1,27,29 Apr 2026 08:26:12,D2B70C30EDB440F37233
SMP NEGERI 3 MUNCAR,20525656,SMP,Negeri,Kec. Muncar,052505,Kab. Banyuwangi,052500,Prov. Jawa Timur,050000,22,5,676,21,21,2,1,31,02 May 2026 07:46:39,C605871F764B640EFADB
SMP NEGERI 4 MUNCAR SATU ATAP,20540136,SMP,Negeri,Kec. Muncar,052505,Kab. Banyuwangi,052500,Prov. Jawa Timur,050000,16,4,412,12,12,2,1,45,02 May 2026 09:47:11,F7F8345EA9540BE76A32
SMP 17 AGUSTUS 1945-1 MUNCAR,20525613,SMP,Swasta,Kec. Muncar,052505,Kab. Banyuwangi,052500,Prov. Jawa Timur,050000,16,3,334,11,6,2,1,20,05 Apr 2026 17:51:40,C72BDE36D2CDFAAA4E49
SMP 17 AGUSTUS 1945-2 MUNCAR,20539397,SMP,Swasta,Kec. Muncar,052505,Kab. Banyuwangi,052500,Prov. Jawa Timur,050000,6,1,54,3,5,2,1,28,10 Apr 2026 07:13:14,89DB2EA95C647DC4AD5A
SMP AL AZHAR,20577073,SMP,Swasta,Kec. Muncar,052505,Kab. Banyuwangi,052500,Prov. Jawa Timur,050000,14,1,173,7,12,1,1,17,29 Apr 2026 10:06:20,C7B7084C6A7D1B28C4F7
SMP AL QURAN MINHAJUT THULLAB,69823301,SMP,Swasta,Kec. Muncar,052505,Kab. Banyuwangi,052500,Prov. Jawa Timur,050000,9,1,65,3,3,2,1,14,16 Mar 2026 15:18:47,C8A11F963E2580B43D59
SMP DARUL ULUM,20574435,SMP,Swasta,Kec. Muncar,052505,Kab. Banyuwangi,052500,Prov. Jawa Timur,050000,17,2,382,14,14,2,1,35,13 Apr 2026 09:15:50,CB51094E33AB56CC542E
SMP INTENSIF AL MUSTHOFA,70031771,SMP,Swasta,Kec. Muncar,052505,Kab. Banyuwangi,052500,Prov. Jawa Timur,050000,8,1,30,3,3,0,1,12,04 Mar 2026 11:36:38,1C49B6A2D51F1A507565
SMP ISLAM AL HUSNIYYAH,70044567,SMP,Swasta,Kec. Muncar,052505,Kab. Banyuwangi,052500,Prov. Jawa Timur,050000,7,3,44,2,2,3,1,16,02 May 2026 13:12:12,D1C57122A01447D7361F
SMP ISLAM MUNCAR,20555399,SMP,Swasta,Kec. Muncar,052505,Kab. Banyuwangi,052500,Prov. Jawa Timur,050000,9,1,60,3,6,1,1,10,16 Apr 2026 10:59:02,F808ADFD8325FA5C4F4E
SMP KATOLIK SINT YOSEPH MUNCAR,20525546,SMP,Swasta,Kec. Muncar,052505,Kab. Banyuwangi,052500,Prov. Jawa Timur,050000,7,4,34,3,8,2,1,10,18 Apr 2026 18:06:03,79524BD354D94E664A8F
SMP KOSGORO MUNCAR,20525548,SMP,Swasta,Kec. Muncar,052505,Kab. Banyuwangi,052500,Prov. Jawa Timur,050000,4,3,33,3,5,1,1,6,27 Jan 2026 09:13:17,37DD742F1C0166234281
SMP MUHAMMADIYAH 10,20525537,SMP,Swasta,Kec. Muncar,052505,Kab. Banyuwangi,052500,Prov. Jawa Timur,050000,19,3,259,9,16,2,1,49,24 Apr 2026 11:27:08,124334EBF37EF8C7D8E3
SMP NU SABILURROSYAD,70033568,SMP,Swasta,Kec. Muncar,052505,Kab. Banyuwangi,052500,Prov. Jawa Timur,050000,5,3,38,3,3,1,0,8,17 Mar 2026 00:45:30,D80CC451702BCD7CAD10
SMP PGRI 2 MUNCAR,20525584,SMP,Swasta,Kec. Muncar,052505,Kab. Banyuwangi,052500,Prov. Jawa Timur,050000,5,1,16,3,3,1,0,14,27 Apr 2026 09:50:29,642B2528FAFB8D691E37
Sekolah Rakyat Menengah Atas Terintegrasi 46 Banyuwangi,70058816,SMA,Negeri,Kec. Muncar,052505,Kab. Banyuwangi,052500,Prov. Jawa Timur,050000,17,1,40,4,2,0,0,125,27 Apr 2026 11:35:24,EF4FC2457A5DB8336884
SMAN 1 MUNCAR,20525858,SMA,Negeri,Kec. Muncar,052505,Kab. Banyuwangi,052500,Prov. Jawa Timur,050000,47,11,685,21,21,6,1,19,28 Apr 2026 08:48:06,A4AA62C4000718BFD6AF
SMA AL HIKMAH MUNCAR,20540165,SMA,Swasta,Kec. Muncar,052505,Kab. Banyuwangi,052500,Prov. Jawa Timur,050000,15,3,109,5,12,5,1,23,22 Apr 2026 13:55:15,CA744AC38F8C3425396F
SMKN DARUL ULUM MUNCAR,20525629,SMK,Negeri,Kec. Muncar,052505,Kab. Banyuwangi,052500,Prov. Jawa Timur,050000,104,20,1996,57,49,3,1,34,28 Apr 2026 08:46:32,73BAE428BD292E8DD462
SMKS 17 AGUSTUS 1945 MUNCAR,20525605,SMK,Swasta,Kec. Muncar,052505,Kab. Banyuwangi,052500,Prov. Jawa Timur,050000,30,7,578,23,16,3,1,27,30 Apr 2026 22:47:43,16B6401D304DFCA04F23
SMKS MANBAUL ULUM,20584049,SMK,Swasta,Kec. Muncar,052505,Kab. Banyuwangi,052500,Prov. Jawa Timur,050000,48,10,1353,49,38,4,1,16,02 May 2026 11:49:53,C73373E76BF86E310F30
SMKS MIFTAHUL ULUM MUNCAR,20555832,SMK,Swasta,Kec. Muncar,052505,Kab. Banyuwangi,052500,Prov. Jawa Timur,050000,16,4,130,9,7,1,0,1,18 Apr 2026 09:41:09,09CA4AEA5F387439F46A
SMKS MINHAJUT THULAB MUNCAR,20557238,SMK,Swasta,Kec. Muncar,052505,Kab. Banyuwangi,052500,Prov. Jawa Timur,050000,17,2,211,9,9,1,1,16,20 Apr 2026 12:30:38,006DE5F98EA3D2532C52
SMKS NU AL-FUTUHIYYAH,69786860,SMK,Swasta,Kec. Muncar,052505,Kab. Banyuwangi,052500,Prov. Jawa Timur,050000,16,4,109,9,6,1,1,9,10 Mar 2026 03:44:18,922F7F5D860DD45CEAB2
SD NEGERI 1 KARANGREJO,20526486,SD,Negeri,Kec. Banyuwangi,052518,Kab. Banyuwangi,052500,Prov. Jawa Timur,050000,8,2,151,6,6,0,1,29,21 Apr 2026 19:06:53,C901F1A92D5965CBA86C
SD NEGERI 1 KERTOSARI,20526507,SD,Negeri,Kec. Banyuwangi,052518,Kab. Banyuwangi,052500,Prov. Jawa Timur,050000,8,2,130,6,6,0,1,74,02 May 2026 13:33:26,0BEEA5199B2D5CD5E256
SD NEGERI 1 LATENG,20526526,SD,Negeri,Kec. Banyuwangi,052518,Kab. Banyuwangi,052500,Prov. Jawa Timur,050000,22,1,707,23,22,0,1,19,29 Apr 2026 14:01:55,E0BB939F618FF96DA18E
SD NEGERI 1 PAKIS,20526641,SD,Negeri,Kec. Banyuwangi,052518,Kab. Banyuwangi,052500,Prov. Jawa Timur,050000,15,1,273,12,12,0,1,21,28 Apr 2026 07:18:34,B0AB446AC056ADC31722
SD NEGERI 1 PANDEREJO,20526633,SD,Negeri,Kec. Banyuwangi,052518,Kab. Banyuwangi,052500,Prov. Jawa Timur,050000,9,4,169,9,11,1,1,49,27 Apr 2026 12:29:55,8DA3714E66BE7E614347
SD NEGERI 1 SINGONEGARAN,20526576,SD,Negeri,Kec. Banyuwangi,052518,Kab. Banyuwangi,052500,Prov. Jawa Timur,050000,8,1,130,6,7,1,1,32,29 Apr 2026 10:46:33,70E4C4B49B08054AAEA8
SD NEGERI 1 SINGOTRUNAN,20526588,SD,Negeri,Kec. Banyuwangi,052518,Kab. Banyuwangi,052500,Prov. Jawa Timur,050000,5,3,147,6,6,1,1,10,17 Mar 2026 03:18:53,DDFF4ED0AAF073F939C4
SD NEGERI 1 TUKANG KAYU,20526604,SD,Negeri,Kec. Banyuwangi,052518,Kab. Banyuwangi,052500,Prov. Jawa Timur,050000,6,2,65,6,6,0,0,14,28 Apr 2026 09:28:36,29D2306CA9255FF717D4
SD NEGERI 2 KARANGREJO,20526448,SD,Negeri,Kec. Banyuwangi,052518,Kab. Banyuwangi,052500,Prov. Jawa Timur,050000,11,1,222,8,8,0,1,18,27 Apr 2026 14:05:07,718D558AAA9ED9B05051
SD NEGERI 2 KERTOSARI,20526460,SD,Negeri,Kec. Banyuwangi,052518,Kab. Banyuwangi,052500,Prov. Jawa Timur,050000,9,1,103,6,6,0,1,28,27 Apr 2026 12:40:36,B19F56C32D2CFA2C58C8
SD NEGERI 2 PAKIS,20526466,SD,Negeri,Kec. Banyuwangi,052518,Kab. Banyuwangi,052500,Prov. Jawa Timur,050000,7,2,148,6,6,0,1,15,16 Mar 2026 20:20:17,4E546A41D71ACCC37E9E
SD NEGERI 2 PENGANJURAN,20526403,SD,Negeri,Kec. Banyuwangi,052518,Kab. Banyuwangi,052500,Prov. Jawa Timur,050000,7,1,113,6,10,0,1,23,25 Apr 2026 20:43:01,970F0BA615D2B211AF41
SD NEGERI 2 SINGOTRUNAN,20526432,SD,Negeri,Kec. Banyuwangi,052518,Kab. Banyuwangi,052500,Prov. Jawa Timur,050000,6,2,124,6,7,0,0,25,16 Mar 2026 21:38:27,5AE04F76A058B185C298
SD NEGERI 2 TUKANGKAYU,20525427,SD,Negeri,Kec. Banyuwangi,052518,Kab. Banyuwangi,052500,Prov. Jawa Timur,050000,12,1,237,9,11,0,1,19,30 Apr 2026 07:04:15,F637FB6B26A822661EE6
SD NEGERI 3 KARANGREJO,20525499,SD,Negeri,Kec. Banyuwangi,052518,Kab. Banyuwangi,052500,Prov. Jawa Timur,050000,5,2,157,6,7,1,1,24,29 Apr 2026 13:20:12,F1BD5461C1A1CBB706F0
SD NEGERI 3 LATENG,20525520,SD,Negeri,Kec. Banyuwangi,052518,Kab. Banyuwangi,052500,Prov. Jawa Timur,050000,5,2,87,6,6,0,1,14,23 Apr 2026 11:19:45,90AD1D8E378983071651
SD NEGERI 3 PANDEREJO,20525528,SD,Negeri,Kec. Banyuwangi,052518,Kab. Banyuwangi,052500,Prov. Jawa Timur,050000,9,1,182,7,9,0,1,15,17 Apr 2026 13:37:23,91BE9F3B43BF475C047E
SD NEGERI 3 SINGOTRUNAN,20525441,SD,Negeri,Kec. Banyuwangi,052518,Kab. Banyuwangi,052500,Prov. Jawa Timur,050000,8,1,107,6,7,0,1,13,02 Apr 2026 07:19:11,2A2543ED044FC41AC17A
SD NEGERI 4 KARANGREJO,20525172,SD,Negeri,Kec. Banyuwangi,052518,Kab. Banyuwangi,052500,Prov. Jawa Timur,050000,8,1,64,6,6,0,1,17,27 Apr 2026 11:32:25,A185DA0122BC4CD06C20
SD NEGERI 4 PENGANJURAN,20525193,SD,Negeri,Kec. Banyuwangi,052518,Kab. Banyuwangi,052500,Prov. Jawa Timur,050000,27,5,892,22,18,1,1,40,30 Apr 2026 15:54:23,27C97F2F6B13DA73931A
SD NEGERI 4 SINGOTRUNAN,20525202,SD,Negeri,Kec. Banyuwangi,052518,Kab. Banyuwangi,052500,Prov. Jawa Timur,050000,11,1,276,11,11,0,1,25,28 Apr 2026 08:03:18,DEF1BA0EBC7E5E4DADA6
SD NEGERI 5 LATENG,20525292,SD,Negeri,Kec. Banyuwangi,052518,Kab. Banyuwangi,052500,Prov. Jawa Timur,050000,6,1,81,6,9,0,0,17,17 Apr 2026 08:40:11,7E9CF79493230DC91244
SD NEGERI KAMPUNG MANDAR,20525906,SD,Negeri,Kec. Banyuwangi,052518,Kab. Banyuwangi,052500,Prov. Jawa Timur,050000,7,4,204,6,6,0,1,7,16 Mar 2026 22:40:15,55FFEE6586C435E6A508
SD NEGERI KAMPUNG MELAYU,20526323,SD,Negeri,Kec. Banyuwangi,052518,Kab. Banyuwangi,052500,Prov. Jawa Timur,050000,7,0,82,6,6,0,1,26,27 Apr 2026 11:57:09,1E95F5549039AAF09A9D
SD NEGERI KEBALENAN,20526489,SD,Negeri,Kec. Banyuwangi,052518,Kab. Banyuwangi,052500,Prov. Jawa Timur,050000,23,2,553,18,18,0,1,14,29 Apr 2026 19:22:15,4DDB9EB4BCFF04327F81
SD NEGERI KEPATIHAN,20526506,SD,Negeri,Kec. Banyuwangi,052518,Kab. Banyuwangi,052500,Prov. Jawa Timur,050000,28,6,642,23,25,1,1,33,25 Apr 2026 09:31:15,68789A74010CD3ECA6B1
SD NEGERI MODEL BANYUWANGI,20525907,SD,Negeri,Kec. Banyuwangi,052518,Kab. Banyuwangi,052500,Prov. Jawa Timur,050000,26,5,659,24,24,2,1,19,01 May 2026 20:57:03,982AD1B433BE45F0C21D
SD NEGERI PENGANTIGAN,20555431,SD,Negeri,Kec. Banyuwangi,052518,Kab. Banyuwangi,052500,Prov. Jawa Timur,050000,8,2,75,6,11,0,0,25,25 Apr 2026 07:42:45,7A18C4591BD0DF2D9686
SD NEGERI SOBO,20525829,SD,Negeri,Kec. Banyuwangi,052518,Kab. Banyuwangi,052500,Prov. Jawa Timur,050000,7,2,110,6,6,0,1,22,02 Apr 2026 22:04:46,5A498C559D1250F09BF7
SD NEGERI SUMBERREJO,20525841,SD,Negeri,Kec. Banyuwangi,052518,Kab. Banyuwangi,052500,Prov. Jawa Timur,050000,8,2,95,6,6,0,1,16,15 Apr 2026 22:32:28,AA3C45ACA3432848C3B4
SD NEGERI TAMANBARU,20526598,SD,Negeri,Kec. Banyuwangi,052518,Kab. Banyuwangi,052500,Prov. Jawa Timur,050000,9,1,72,6,12,0,1,14,18 Apr 2026 10:00:23,61374DF3E69A19211C89
SD NEGERI TEMENGGUNGAN,20525843,SD,Negeri,Kec. Banyuwangi,052518,Kab. Banyuwangi,052500,Prov. Jawa Timur,050000,4,1,23,4,5,0,0,11,06 Apr 2026 12:25:40,66310FB99C4FF326546A
SD AL IRSYAD,20570782,SD,Swasta,Kec. Banyuwangi,052518,Kab. Banyuwangi,052500,Prov. Jawa Timur,050000,30,4,690,24,24,2,1,52,14 Apr 2026 06:45:17,3ECE48499A87E79D0198
SD DAARUL QURAN BANYUWANGI,70031661,SD,Swasta,Kec. Banyuwangi,052518,Kab. Banyuwangi,052500,Prov. Jawa Timur,050000,9,2,73,6,6,1,1,18,13 Apr 2026 14:17:03,E470439D97CAAA8FD5DB
SD ISLAM AL KHAIRIYAH,20554927,SD,Swasta,Kec. Banyuwangi,052518,Kab. Banyuwangi,052500,Prov. Jawa Timur,050000,35,4,736,24,24,1,1,27,29 Apr 2026 12:15:03,9D119E94BA38AE151AA0
SD ISLAM TERPADU AL USWAH 2,69948187,SD,Swasta,Kec. Banyuwangi,052518,Kab. Banyuwangi,052500,Prov. Jawa Timur,050000,23,1,494,19,24,2,0,13,28 Apr 2026 18:57:29,93EA370495C45560E68B
SD K SANTA MARIA,20526062,SD,Swasta,Kec. Banyuwangi,052518,Kab. Banyuwangi,052500,Prov. Jawa Timur,050000,9,5,286,12,12,2,1,12,17 Mar 2026 10:26:18,ACFAA8C8D3C0AA9BD59A
SD KRISTEN PETRA,20526029,SD,Swasta,Kec. Banyuwangi,052518,Kab. Banyuwangi,052500,Prov. Jawa Timur,050000,4,1,15,6,6,2,1,25,18 Mar 2026 12:53:09,D5EBCF1476F5CA53C433
SD MUHAMMADIYAH 1,20526030,SD,Swasta,Kec. Banyuwangi,052518,Kab. Banyuwangi,052500,Prov. Jawa Timur,050000,24,3,588,22,19,1,1,27,30 Apr 2026 12:37:36,34E72ADDFA477FECB324
SD MUHAMMADIYAH 2,20526035,SD,Swasta,Kec. Banyuwangi,052518,Kab. Banyuwangi,052500,Prov. Jawa Timur,050000,8,2,146,6,6,1,1,9,17 Mar 2026 18:46:42,12442F6C0D66ED08D1FE
SMP NEGERI 1 BANYUWANGI,20525712,SMP,Negeri,Kec. Banyuwangi,052518,Kab. Banyuwangi,052500,Prov. Jawa Timur,050000,37,13,965,25,25,4,1,26,29 Apr 2026 10:17:52,8C7CD5959CF15E0018AD
SMP NEGERI 2 BANYUWANGI,20525633,SMP,Negeri,Kec. Banyuwangi,052518,Kab. Banyuwangi,052500,Prov. Jawa Timur,050000,31,7,800,24,25,4,2,17,25 Apr 2026 13:47:43,4BCD62800DBDC4CA4E5C
SMP NEGERI 3 BANYUWANGI,20525641,SMP,Negeri,Kec. Banyuwangi,052518,Kab. Banyuwangi,052500,Prov. Jawa Timur,050000,26,3,665,21,21,2,1,19,13 Apr 2026 10:19:03,E4F61859D3499E398279
SMP NEGERI 4 BANYUWANGI,20525681,SMP,Negeri,Kec. Banyuwangi,052518,Kab. Banyuwangi,052500,Prov. Jawa Timur,050000,27,7,520,17,18,2,1,24,02 May 2026 09:18:47,147D2CD902B398939614
SMP NEGERI 5 BANYUWANGI,20525684,SMP,Negeri,Kec. Banyuwangi,052518,Kab. Banyuwangi,052500,Prov. Jawa Timur,050000,23,8,571,18,18,2,1,22,11 Apr 2026 08:14:46,38734DAE08BD6158A8CD
SMP AL ANWARI,69948113,SMP,Swasta,Kec. Banyuwangi,052518,Kab. Banyuwangi,052500,Prov. Jawa Timur,050000,16,2,217,8,12,1,1,28,20 Apr 2026 09:08:57,FF1606F7BBD7F42E787A
SMP AL IRSYAD,20525615,SMP,Swasta,Kec. Banyuwangi,052518,Kab. Banyuwangi,052500,Prov. Jawa Timur,050000,22,4,285,9,12,3,1,16,28 Apr 2026 09:03:02,5BB3AA45A017552FF0E4
SMP ISLAM TERPADU AL USWAH,69947904,SMP,Swasta,Kec. Banyuwangi,052518,Kab. Banyuwangi,052500,Prov. Jawa Timur,050000,11,1,181,7,7,2,1,22,28 Apr 2026 11:30:11,6AEFA5534755559A2B4C
SMP KADER ADZ DZIKRA BANYUWANGI,70040936,SMP,Swasta,Kec. Banyuwangi,052518,Kab. Banyuwangi,052500,Prov. Jawa Timur,050000,13,2,105,5,5,0,1,11,21 Apr 2026 10:39:28,79013E55BC95200F30BF
SMP KATOLIK SANTO YUSUP BANYUWANGI,20525708,SMP,Swasta,Kec. Banyuwangi,052518,Kab. Banyuwangi,052500,Prov. Jawa Timur,050000,13,4,180,7,10,2,1,6,10 Apr 2026 07:12:18,5A2BF486F0FEAC8FA0E5
SMP MUHAMADIYAH 3,20525562,SMP,Swasta,Kec. Banyuwangi,052518,Kab. Banyuwangi,052500,Prov. Jawa Timur,050000,12,3,131,5,8,3,1,15,20 Apr 2026 20:30:45,7E6E443A7271ADF08D88
SMAN 1 BANYUWANGI,20525863,SMA,Negeri,Kec. Banyuwangi,052518,Kab. Banyuwangi,052500,Prov. Jawa Timur,050000,42,17,811,23,28,4,1,19,29 Apr 2026 10:04:38,17DA867E00438C0E2EF5
SMAS KATOLIK HIKMAH MANDALA,20540167,SMA,Swasta,Kec. Banyuwangi,052518,Kab. Banyuwangi,052500,Prov. Jawa Timur,050000,12,4,140,6,12,5,1,14,05 Apr 2026 19:33:08,4488B3478E2927D9801B
SMAS MUHAMMADIYAH 1 BANYUWANGI,20525835,SMA,Swasta,Kec. Banyuwangi,052518,Kab. Banyuwangi,052500,Prov. Jawa Timur,050000,5,5,52,3,3,1,1,20,09 Apr 2026 22:00:10,07BBD0CCE856CEF0A844
SMAS SOEKARNO HATTA,20525830,SMA,Swasta,Kec. Banyuwangi,052518,Kab. Banyuwangi,052500,Prov. Jawa Timur,050000,8,5,50,3,9,5,1,24,03 Apr 2026 17:29:23,0F65174FEB7276F7967E
SMKS GAJAH MADA BANYUWANGI,20525610,SMK,Swasta,Kec. Banyuwangi,052518,Kab. Banyuwangi,052500,Prov. Jawa Timur,050000,31,9,349,22,14,3,1,19,08 Apr 2026 12:08:19,E3727A50C9A9CF9F2ED5
SMKS PGRI 1 BANYUWANGI,20525630,SMK,Swasta,Kec. Banyuwangi,052518,Kab. Banyuwangi,052500,Prov. Jawa Timur,050000,26,6,430,19,12,3,1,17,30 Apr 2026 08:40:29,DE53EC5598B62908E5BA
SMKS SRI TANJUNG BANYUWANGI,20525609,SMK,Swasta,Kec. Banyuwangi,052518,Kab. Banyuwangi,052500,Prov. Jawa Timur,050000,16,8,248,13,15,3,1,28,30 Apr 2026 13:48:23,64CE2544C90B5B8E3FA1
SD NEGERI 1 BAGOREJO,20526060,SD,Negeri,Kec. Srono,052511,Kab. Banyuwangi,052500,Prov. Jawa Timur,050000,7,3,168,6,6,0,0,18,30 Apr 2026 20:49:49,932011F3B1771DC95D77
SD NEGERI 1 KEBAMAN,20526490,SD,Negeri,Kec. Srono,052511,Kab. Banyuwangi,052500,Prov. Jawa Timur,050000,7,1,163,6,16,1,0,40,20 Apr 2026 22:17:57,4282799B28AAFC02A878
SD NEGERI 1 KEPUNDUNGAN,20539382,SD,Negeri,Kec. Srono,052511,Kab. Banyuwangi,052500,Prov. Jawa Timur,050000,6,1,67,6,6,0,1,25,11 Apr 2026 09:49:23,1FE26575D257D22DF18D
SD NEGERI 1 PARIJATAH KULON,20526623,SD,Negeri,Kec. Srono,052511,Kab. Banyuwangi,052500,Prov. Jawa Timur,050000,6,1,58,6,6,0,0,13,18 Mar 2026 14:39:07,5B398CC5E4028BC561DC
SD NEGERI 1 PARIJATAH WETAN,20526624,SD,Negeri,Kec. Srono,052511,Kab. Banyuwangi,052500,Prov. Jawa Timur,050000,8,1,88,6,6,0,1,15,06 Apr 2026 08:30:49,3C3B0907D82B075F7568
SD NEGERI 1 REJOAGUNG,20525484,SD,Negeri,Kec. Srono,052511,Kab. Banyuwangi,052500,Prov. Jawa Timur,050000,10,0,179,8,6,0,1,11,16 Jan 2026 20:06:11,C8EB2C612BF55B50C26E
SD NEGERI 1 SUKOMAJU,20526592,SD,Negeri,Kec. Srono,052511,Kab. Banyuwangi,052500,Prov. Jawa Timur,050000,8,2,174,6,8,0,1,9,17 Mar 2026 12:14:14,96769DFE89F70DADA5D1
SD NEGERI 1 SUKONATAR,20526594,SD,Negeri,Kec. Srono,052511,Kab. Banyuwangi,052500,Prov. Jawa Timur,050000,6,1,101,6,6,0,1,24,22 Apr 2026 19:11:59,C649651D2E6B4D507153
SD NEGERI 1 SUMBERSARI,20526584,SD,Negeri,Kec. Srono,052511,Kab. Banyuwangi,052500,Prov. Jawa Timur,050000,7,2,111,6,6,0,1,12,02 Apr 2026 18:42:12,6CDB09559A265AB71172
SD NEGERI 1 WONOSOBO,20526620,SD,Negeri,Kec. Srono,052511,Kab. Banyuwangi,052500,Prov. Jawa Timur,050000,9,1,167,8,8,0,1,10,08 Apr 2026 06:15:37,CB683A593A1C4752B8BB
SD NEGERI 2 BAGOREJO,20526378,SD,Negeri,Kec. Srono,052511,Kab. Banyuwangi,052500,Prov. Jawa Timur,050000,8,1,206,7,7,0,1,9,07 Apr 2026 13:54:44,659499860F2DD2CB722D
SD NEGERI 2 KEBAMAN,20526452,SD,Negeri,Kec. Srono,052511,Kab. Banyuwangi,052500,Prov. Jawa Timur,050000,6,2,124,6,9,0,1,36,30 Apr 2026 09:26:28,DD0B82571908DAB38B70
SD NEGERI 2 KEPUNDUNGAN,20526459,SD,Negeri,Kec. Srono,052511,Kab. Banyuwangi,052500,Prov. Jawa Timur,050000,5,3,94,6,6,0,1,21,07 Apr 2026 13:24:15,5BBDEDED400CDD155C31
SD NEGERI 2 PARIJATAH KULON,20526481,SD,Negeri,Kec. Srono,052511,Kab. Banyuwangi,052500,Prov. Jawa Timur,050000,8,2,113,6,6,0,0,18,16 Mar 2026 20:44:47,4C51E94881C0B68A46F6
SD NEGERI 2 PARIJATAH WETAN,20526434,SD,Negeri,Kec. Srono,052511,Kab. Banyuwangi,052500,Prov. Jawa Timur,050000,7,0,77,6,6,0,0,13,02 Apr 2026 18:32:01,EBAB11F9A026C2AAAEF5
SD NEGERI 2 REJOAGUNG,20526390,SD,Negeri,Kec. Srono,052511,Kab. Banyuwangi,052500,Prov. Jawa Timur,050000,7,1,190,6,8,0,1,11,07 Apr 2026 12:23:13,44844CDC5B9933B2ED70
SD NEGERI 2 SUKOMAJU,20526414,SD,Negeri,Kec. Srono,052511,Kab. Banyuwangi,052500,Prov. Jawa Timur,050000,7,2,76,6,6,0,0,15,09 Apr 2026 07:49:21,8C3E10085DE3DED06DC0
SD NEGERI 2 SUKONATAR,20526416,SD,Negeri,Kec. Srono,052511,Kab. Banyuwangi,052500,Prov. Jawa Timur,050000,7,2,121,6,11,0,1,29,25 Apr 2026 07:18:57,BDFBA3303CB3D2A0BA63
SD NEGERI 2 SUMBERSARI,20525407,SD,Negeri,Kec. Srono,052511,Kab. Banyuwangi,052500,Prov. Jawa Timur,050000,9,1,66,6,6,0,0,17,10 Apr 2026 21:55:40,988A16BA5409C6655086
SD NEGERI 2 WONOSOBO,20525432,SD,Negeri,Kec. Srono,052511,Kab. Banyuwangi,052500,Prov. Jawa Timur,050000,8,1,162,6,6,0,1,15,01 Apr 2026 22:14:00,A19BA4395268CFDB4041
SD NEGERI 3 BAGOREJO,20525421,SD,Negeri,Kec. Srono,052511,Kab. Banyuwangi,052500,Prov. Jawa Timur,050000,5,2,174,6,7,0,1,16,08 Apr 2026 13:38:36,5EF23F7F255411BF12F9
SD NEGERI 3 KEPUNDUNGAN,20525492,SD,Negeri,Kec. Srono,052511,Kab. Banyuwangi,052500,Prov. Jawa Timur,050000,7,2,166,6,7,1,1,26,17 Apr 2026 18:13:39,AFE13AB2104DBF2AEA50
SD NEGERI 3 PARIJATAH KULON,20525518,SD,Negeri,Kec. Srono,052511,Kab. Banyuwangi,052500,Prov. Jawa Timur,050000,7,1,60,6,6,1,0,20,28 Apr 2026 18:37:36,D25152D449C22BA1AE6F
SD NEGERI 3 PARIJATAH WETAN,20525509,SD,Negeri,Kec. Srono,052511,Kab. Banyuwangi,052500,Prov. Jawa Timur,050000,7,2,155,6,6,1,0,20,03 Mar 2026 09:45:43,E337E05FCFE80998C16D
SD NEGERI 3 SUKOMAJU,20525446,SD,Negeri,Kec. Srono,052511,Kab. Banyuwangi,052500,Prov. Jawa Timur,050000,7,2,130,6,6,0,1,11,20 Apr 2026 08:51:29,3528B467C52890A6AEEA
SD NEGERI 3 SUKONATAR,20525447,SD,Negeri,Kec. Srono,052511,Kab. Banyuwangi,052500,Prov. Jawa Timur,050000,8,0,80,6,6,0,1,17,06 Mar 2026 10:12:11,7235D7225C5782181AD7
SD NEGERI 3 SUMBERSARI,20525479,SD,Negeri,Kec. Srono,052511,Kab. Banyuwangi,052500,Prov. Jawa Timur,050000,5,2,121,6,7,0,1,15,25 Apr 2026 08:16:05,034F8EBCE86461EA7CF3
SD NEGERI 3 WONOSOBO,20525224,SD,Negeri,Kec. Srono,052511,Kab. Banyuwangi,052500,Prov. Jawa Timur,050000,9,2,140,7,6,0,1,9,06 Apr 2026 07:42:01,61BF38E50493230ED89F
SD NEGERI 4 BAGOREJO,20525208,SD,Negeri,Kec. Srono,052511,Kab. Banyuwangi,052500,Prov. Jawa Timur,050000,9,1,195,7,7,0,1,16,08 Apr 2026 15:16:15,C8056AF7A4D8352B2955
SD NEGERI 4 KEBAMAN,20525174,SD,Negeri,Kec. Srono,052511,Kab. Banyuwangi,052500,Prov. Jawa Timur,050000,15,1,267,12,12,2,1,56,28 Apr 2026 12:16:14,FC915DA7D1BBF681BBC4
SD NEGERI 4 KEPUNDUNGAN,20525159,SD,Negeri,Kec. Srono,052511,Kab. Banyuwangi,052500,Prov. Jawa Timur,050000,5,2,120,6,6,0,1,29,09 Apr 2026 17:10:30,958A56C4501A0947B962
SD NEGERI 4 PARIJATAH KULON,20525180,SD,Negeri,Kec. Srono,052511,Kab. Banyuwangi,052500,Prov. Jawa Timur,050000,7,1,84,6,6,1,1,19,07 Apr 2026 12:55:23,DC38476C8DD5AC004FAD
SD NEGERI 4 PARIJATAH WETAN,20525181,SD,Negeri,Kec. Srono,052511,Kab. Banyuwangi,052500,Prov. Jawa Timur,050000,7,2,76,6,6,1,1,12,22 Apr 2026 13:24:27,C9079013196DD6EB664F
SD NEGERI 4 SUMBERSARI,20525318,SD,Negeri,Kec. Srono,052511,Kab. Banyuwangi,052500,Prov. Jawa Timur,050000,7,2,61,6,6,0,0,15,28 Apr 2026 13:21:47,AB518D42FBA411FEA53D
SD NEGERI 4 WONOSOBO,20525341,SD,Negeri,Kec. Srono,052511,Kab. Banyuwangi,052500,Prov. Jawa Timur,050000,6,1,124,6,6,0,0,16,07 Apr 2026 07:48:40,254DFD19078729C07036
SD NEGERI 5 BAGOREJO,20525325,SD,Negeri,Kec. Srono,052511,Kab. Banyuwangi,052500,Prov. Jawa Timur,050000,5,0,98,6,6,0,0,9,10 Apr 2026 08:16:51,D339D77A40D6AA6CB037
SD NEGERI 5 KEBAMAN,20525261,SD,Negeri,Kec. Srono,052511,Kab. Banyuwangi,052500,Prov. Jawa Timur,050000,7,0,101,6,6,1,1,38,01 May 2026 08:05:56,552DE08F1D13CCBC8B36
SD NEGERI 5 PARIJATAH KULON,20525294,SD,Negeri,Kec. Srono,052511,Kab. Banyuwangi,052500,Prov. Jawa Timur,050000,8,0,131,6,6,0,1,41,02 May 2026 12:40:12,55600A649F9E86CF9623
SD NEGERI 5 WONOSOBO,20525788,SD,Negeri,Kec. Srono,052511,Kab. Banyuwangi,052500,Prov. Jawa Timur,050000,8,1,145,6,6,0,1,31,02 May 2026 07:24:33,F9071102B003C8B8D6E6
SD NEGERI 6 KEBAMAN,20525813,SD,Negeri,Kec. Srono,052511,Kab. Banyuwangi,052500,Prov. Jawa Timur,050000,6,1,100,6,6,0,1,22,03 Apr 2026 17:31:31,2D5A0C13399E4EA236B0
SD NEGERI 6 WONOSOBO,20525742,SD,Negeri,Kec. Srono,052511,Kab. Banyuwangi,052500,Prov. Jawa Timur,050000,8,0,88,6,6,0,1,15,30 Apr 2026 10:51:44,43A39B8DB40622E1653A
SD NEGERI 7 KEBAMAN,20525760,SD,Negeri,Kec. Srono,052511,Kab. Banyuwangi,052500,Prov. Jawa Timur,050000,5,1,100,6,6,0,1,23,09 Apr 2026 11:59:22,A01267772EECABD6386C
SD NEGERI 8 WONOSOBO,20525912,SD,Negeri,Kec. Srono,052511,Kab. Banyuwangi,052500,Prov. Jawa Timur,050000,7,2,100,6,7,0,0,12,20 Apr 2026 10:32:38,907097A568333F1354C8
SD AL KAUTSAR,70050771,SD,Swasta,Kec. Srono,052511,Kab. Banyuwangi,052500,Prov. Jawa Timur,050000,3,1,32,2,2,0,0,6,24 Jan 2026 22:09:18,7D03A124F3A66D58E83A
SDI NU NURUL FALAH,69903799,SD,Swasta,Kec. Srono,052511,Kab. Banyuwangi,052500,Prov. Jawa Timur,050000,3,1,12,5,6,0,0,13,30 Apr 2026 07:59:12,6731364E32FA4C686AE6
SMP NEGERI 1 SRONO,20525720,SMP,Negeri,Kec. Srono,052511,Kab. Banyuwangi,052500,Prov. Jawa Timur,050000,38,10,949,27,27,4,1,32,27 Apr 2026 10:50:34,6BD8ABD6870D3F11CC02
SMP NEGERI 2 SRONO,20525638,SMP,Negeri,Kec. Srono,052511,Kab. Banyuwangi,052500,Prov. Jawa Timur,050000,34,2,770,24,24,2,1,28,24 Apr 2026 09:39:33,31E8D38251D903CA02BB
SMP NEGERI 3 SRONO SATU ATAP,20450140,SMP,Negeri,Kec. Srono,052511,Kab. Banyuwangi,052500,Prov. Jawa Timur,050000,12,2,142,6,6,0,1,18,28 Apr 2026 21:06:43,E4886352A73992811141
SMP AL AMIRIYYAH,70012285,SMP,Swasta,Kec. Srono,052511,Kab. Banyuwangi,052500,Prov. Jawa Timur,050000,4,2,102,5,5,0,0,10,17 Apr 2026 10:00:59,F6A298439643AD6DC7C3
SMP AL HIKMAH,20540116,SMP,Swasta,Kec. Srono,052511,Kab. Banyuwangi,052500,Prov. Jawa Timur,050000,5,1,6,3,4,1,1,14,16 Mar 2026 23:26:52,B5F723FFFE18D440B434
SMP AL KAUTSAR,20570961,SMP,Swasta,Kec. Srono,052511,Kab. Banyuwangi,052500,Prov. Jawa Timur,050000,11,4,120,6,6,2,1,23,15 Apr 2026 08:33:30,CEF117CCDE9F319D8F2C
SMP AL QODIRIYAH,20540143,SMP,Swasta,Kec. Srono,052511,Kab. Banyuwangi,052500,Prov. Jawa Timur,050000,16,1,178,7,8,0,1,23,30 Apr 2026 05:47:53,3FBE876837810F193480
SMP AN-NUUR AL-FADHOL,20555686,SMP,Swasta,Kec. Srono,052511,Kab. Banyuwangi,052500,Prov. Jawa Timur,050000,6,1,14,3,6,2,1,42,08 Apr 2026 06:47:54,E450E237B64586EE2625
SMP BUDI UTOMO,20520011,SMP,Swasta,Kec. Srono,052511,Kab. Banyuwangi,052500,Prov. Jawa Timur,050000,11,2,174,8,8,1,0,15,16 Mar 2026 18:10:27,2713C8FC0785A1FD47D4
SMP ISLAM AL MA ARIF,20540119,SMP,Swasta,Kec. Srono,052511,Kab. Banyuwangi,052500,Prov. Jawa Timur,050000,10,1,253,8,8,3,1,7,16 Mar 2026 20:48:37,89FAF80BAA258668D382
SMP MERDEKA SUMBERSARI SRONO,20525533,SMP,Swasta,Kec. Srono,052511,Kab. Banyuwangi,052500,Prov. Jawa Timur,050000,9,1,11,3,6,3,1,7,05 Mar 2026 16:50:50,E9F37CE1D5D04C732586
SMP NU DARUL MAGHFUR,69950697,SMP,Swasta,Kec. Srono,052511,Kab. Banyuwangi,052500,Prov. Jawa Timur,050000,8,1,154,6,5,1,1,14,10 Apr 2026 07:19:06,C778200E0EC52586E346
SMP NUHUUDLIYYAH,60726570,SMP,Swasta,Kec. Srono,052511,Kab. Banyuwangi,052500,Prov. Jawa Timur,050000,9,1,95,3,6,2,1,15,20 Apr 2026 11:02:35,EF82593FD5F43D6CF335
SMP NURUL FALAH,20540141,SMP,Swasta,Kec. Srono,052511,Kab. Banyuwangi,052500,Prov. Jawa Timur,050000,5,1,94,3,3,1,3,11,29 Apr 2026 08:02:25,C42EF0370BD810C44BC6
SMP PGRI 4 BAGOREJO,20525569,SMP,Swasta,Kec. Srono,052511,Kab. Banyuwangi,052500,Prov. Jawa Timur,050000,8,3,19,3,4,2,1,14,28 Apr 2026 18:48:06,1DC28BF31B338EDA086F
SMP SUNAN KALIJOGO,69979826,SMP,Swasta,Kec. Srono,052511,Kab. Banyuwangi,052500,Prov. Jawa Timur,050000,11,2,237,9,7,2,1,11,10 Apr 2026 23:18:29,C465B1484413D3A6C933
SMAN SRONO,20525873,SMA,Negeri,Kec. Srono,052511,Kab. Banyuwangi,052500,Prov. Jawa Timur,050000,50,14,912,27,28,4,1,29,29 Apr 2026 15:18:23,5CED38DA166996801D75
SMA NU NURUL FALAH,69904665,SMA,Swasta,Kec. Srono,052511,Kab. Banyuwangi,052500,Prov. Jawa Timur,050000,8,1,60,3,3,1,1,22,28 Apr 2026 11:26:20,C739885B9D94A6FDDF62
SMAS AL KAUTSAR,20525831,SMA,Swasta,Kec. Srono,052511,Kab. Banyuwangi,052500,Prov. Jawa Timur,050000,11,2,133,5,10,5,1,10,26 Feb 2026 09:29:57,AE3AF661108B3AE0D5C4
SMAS PGRI 2 SRONO,20540172,SMA,Swasta,Kec. Srono,052511,Kab. Banyuwangi,052500,Prov. Jawa Timur,050000,2,1,12,3,6,1,1,15,06 Apr 2026 14:20:10,88CC90AB4E4BCC19B580
SMAS TARBIYATUL MURIDIN SRONO,20540176,SMA,Swasta,Kec. Srono,052511,Kab. Banyuwangi,052500,Prov. Jawa Timur,050000,8,1,50,3,5,2,1,17,22 Apr 2026 19:46:36,D7A3199F23F83FE94024
SMK NU  DARUSSALAM,69889031,SMK,Swasta,Kec. Srono,052511,Kab. Banyuwangi,052500,Prov. Jawa Timur,050000,16,4,242,10,10,1,1,10,22 Apr 2026 11:01:39,FCFAFC59470870D37906
SMK NUHUUDLIYYAH,69889106,SMK,Swasta,Kec. Srono,052511,Kab. Banyuwangi,052500,Prov. Jawa Timur,050000,5,1,94,4,6,1,1,36,20 Apr 2026 12:25:10,2C1F78595DE36C237ECF
SMKS BINA MANDIRI AL QODIRIYAH SRONO,20555685,SMK,Swasta,Kec. Srono,052511,Kab. Banyuwangi,052500,Prov. Jawa Timur,050000,13,1,196,10,10,1,0,9,17 Feb 2026 19:09:14,A3CD680B1C111ED7BE06
SMKS MUHAMMADIYAH 5 SRONO,20525623,SMK,Swasta,Kec. Srono,052511,Kab. Banyuwangi,052500,Prov. Jawa Timur,050000,14,3,123,11,12,1,1,10,07 Feb 2026 08:26:32,DA248379B6AC51F53FB5
SMKS TARUNA MANDIRI SRONO,20525596,SMK,Swasta,Kec. Srono,052511,Kab. Banyuwangi,052500,Prov. Jawa Timur,050000,13,4,89,6,8,1,1,12,20 Apr 2026 11:44:31,54C0BA61CD2E2D783F74
SD NEGERI 1 BUMIHARJO,20526531,SD,Negeri,Kec. Glenmore,052508,Kab. Banyuwangi,052500,Prov. Jawa Timur,050000,8,2,199,6,6,0,0,12,23 Apr 2026 09:02:56,ECC4A546995937B63822
SD NEGERI 1 KARANGHARJO,20526483,SD,Negeri,Kec. Glenmore,052508,Kab. Banyuwangi,052500,Prov. Jawa Timur,050000,12,4,342,12,10,0,1,9,23 Jan 2026 06:44:34,8F292AB5F0B3CEE1FD6E
SD NEGERI 1 MARGOMULYO,20526637,SD,Negeri,Kec. Glenmore,052508,Kab. Banyuwangi,052500,Prov. Jawa Timur,050000,5,1,44,6,6,0,1,9,02 Apr 2026 10:33:25,35809BFCC8FEDFB9E475
SD NEGERI 1 SEPANJANG,20526648,SD,Negeri,Kec. Glenmore,052508,Kab. Banyuwangi,052500,Prov. Jawa Timur,050000,5,2,29,6,6,0,1,23,28 Apr 2026 23:15:10,9AB6CA407196E85EFAED
SD NEGERI 1 SUMBERGONDO,20526582,SD,Negeri,Kec. Glenmore,052508,Kab. Banyuwangi,052500,Prov. Jawa Timur,050000,7,2,139,6,7,0,1,5,06 Mar 2026 21:13:14,DD2D79C01FF088E50B88
SD NEGERI 1 TEGALHARJO,20526618,SD,Negeri,Kec. Glenmore,052508,Kab. Banyuwangi,052500,Prov. Jawa Timur,050000,7,3,106,6,6,0,1,19,04 Apr 2026 09:14:59,97DF5683257E47756FF1
SD NEGERI 1 TULUNGREJO,20526605,SD,Negeri,Kec. Glenmore,052508,Kab. Banyuwangi,052500,Prov. Jawa Timur,050000,4,1,28,6,6,0,0,15,10 Apr 2026 07:18:59,8150C6E09F83C5A378F4
SD NEGERI 10 KARANGHARJO,20526359,SD,Negeri,Kec. Glenmore,052508,Kab. Banyuwangi,052500,Prov. Jawa Timur,050000,8,1,73,6,6,0,0,25,08 Apr 2026 07:19:08,5344967960574C30986D
SD NEGERI 11 KARANGHARJO,20526353,SD,Negeri,Kec. Glenmore,052508,Kab. Banyuwangi,052500,Prov. Jawa Timur,050000,6,2,75,6,6,0,0,14,17 Apr 2026 08:24:09,3CF3B3202D8D12A412C6
SD NEGERI 12 KARANGHARJO,20526347,SD,Negeri,Kec. Glenmore,052508,Kab. Banyuwangi,052500,Prov. Jawa Timur,050000,4,1,21,6,4,0,0,3,21 Jan 2026 21:29:47,C19A1996391D619722C3
SD NEGERI 13 TULUNGREJO,20526350,SD,Negeri,Kec. Glenmore,052508,Kab. Banyuwangi,052500,Prov. Jawa Timur,050000,4,2,45,6,4,0,0,16,08 Apr 2026 17:59:13,0CCF9B8CDFD60F7C0ADD
SD NEGERI 2 BUMIHARJO,20526309,SD,Negeri,Kec. Glenmore,052508,Kab. Banyuwangi,052500,Prov. Jawa Timur,050000,8,1,136,6,9,0,1,10,18 Apr 2026 15:03:48,115B830E311C735255E4
SD NEGERI 2 KARANGHARJO,20526388,SD,Negeri,Kec. Glenmore,052508,Kab. Banyuwangi,052500,Prov. Jawa Timur,050000,7,1,163,6,6,0,1,10,03 Mar 2026 22:59:20,D5622562F55FBB3ED281
SD NEGERI 2 MARGOMULYO,20526462,SD,Negeri,Kec. Glenmore,052508,Kab. Banyuwangi,052500,Prov. Jawa Timur,050000,7,3,114,6,6,0,1,37,04 Apr 2026 13:28:10,6A5650F4BD6E5FCEF825
SD NEGERI 2 SEPANJANG,20526424,SD,Negeri,Kec. Glenmore,052508,Kab. Banyuwangi,052500,Prov. Jawa Timur,050000,4,3,189,6,6,0,1,16,24 Apr 2026 19:23:02,AAFF46517B7179AC229E
SD NEGERI 2 SUMBERGONDO,20525405,SD,Negeri,Kec. Glenmore,052508,Kab. Banyuwangi,052500,Prov. Jawa Timur,050000,7,1,79,6,6,0,1,17,08 Apr 2026 20:16:24,CF223C05F28A53AB7C52
SD NEGERI 2 TEGALHARJO,20525397,SD,Negeri,Kec. Glenmore,052508,Kab. Banyuwangi,052500,Prov. Jawa Timur,050000,7,1,45,6,6,0,2,8,04 Mar 2026 11:08:08,CF95C9B3F0A8B20C42AA
SD NEGERI 2 TULUNGREJO,20525428,SD,Negeri,Kec. Glenmore,052508,Kab. Banyuwangi,052500,Prov. Jawa Timur,050000,7,2,159,6,9,0,1,11,15 Apr 2026 12:36:10,2BF2A6756F4161F87A88
SD NEGERI 3 KARANGHARJO,20525497,SD,Negeri,Kec. Glenmore,052508,Kab. Banyuwangi,052500,Prov. Jawa Timur,050000,7,1,123,6,9,0,1,22,02 Apr 2026 20:33:10,1F232D3DC0D112D37CCC
SD NEGERI 3 MARGOMULYO,20525523,SD,Negeri,Kec. Glenmore,052508,Kab. Banyuwangi,052500,Prov. Jawa Timur,050000,6,2,94,6,6,0,1,6,16 Mar 2026 21:27:22,6C8F80F1EFEE2325DD93
SD NEGERI 3 SEPANJANG,20525449,SD,Negeri,Kec. Glenmore,052508,Kab. Banyuwangi,052500,Prov. Jawa Timur,050000,8,1,157,6,10,0,1,31,25 Apr 2026 07:00:12,BDEDB362CA0823DDE0D9
SD NEGERI 3 SUMBERGONDO,20525477,SD,Negeri,Kec. Glenmore,052508,Kab. Banyuwangi,052500,Prov. Jawa Timur,050000,5,1,58,6,6,0,1,21,22 Apr 2026 13:01:49,0AE83E82A595599DA19B
SD NEGERI 3 TEGALHARJO,20525468,SD,Negeri,Kec. Glenmore,052508,Kab. Banyuwangi,052500,Prov. Jawa Timur,050000,7,1,118,6,10,0,1,11,08 Apr 2026 08:12:26,A3FB1B40BB1351C92A33
SD NEGERI 3 TULUNGREJO,20525219,SD,Negeri,Kec. Glenmore,052508,Kab. Banyuwangi,052500,Prov. Jawa Timur,050000,6,2,95,6,6,1,2,15,10 Apr 2026 04:34:47,40B01D1882D4AE49B76C
SD NEGERI 4 KARANGHARJO,20525171,SD,Negeri,Kec. Glenmore,052508,Kab. Banyuwangi,052500,Prov. Jawa Timur,050000,4,1,130,6,9,0,1,14,08 Apr 2026 10:20:09,867DFAB0F25206FB3453
SD NEGERI 4 SEPANJANG,20525186,SD,Negeri,Kec. Glenmore,052508,Kab. Banyuwangi,052500,Prov. Jawa Timur,050000,6,0,53,6,6,0,1,11,16 Mar 2026 21:33:17,61FA8A53C57333790E7B
SD NEGERI 4 SUMBERGONDO,20525316,SD,Negeri,Kec. Glenmore,052508,Kab. Banyuwangi,052500,Prov. Jawa Timur,050000,6,1,101,6,6,0,1,19,18 Apr 2026 09:13:29,CCC359A416BE987DC27F
SD NEGERI 4 TEGALHARJO,20525307,SD,Negeri,Kec. Glenmore,052508,Kab. Banyuwangi,052500,Prov. Jawa Timur,050000,7,1,82,6,6,0,1,8,04 Mar 2026 09:15:57,531E0AF023E3B934ED78
SD NEGERI 4 TULUNGREJO,20525337,SD,Negeri,Kec. Glenmore,052508,Kab. Banyuwangi,052500,Prov. Jawa Timur,050000,7,2,112,6,8,0,1,14,07 Apr 2026 10:47:48,D4F15FF8D452D88B9CDC
SD NEGERI 5 KARANGHARJO,20525259,SD,Negeri,Kec. Glenmore,052508,Kab. Banyuwangi,052500,Prov. Jawa Timur,050000,8,2,69,6,6,0,0,28,08 Apr 2026 06:10:33,C19290A880C150309D2B
SD NEGERI 5 TEGALHARJO,20525803,SD,Negeri,Kec. Glenmore,052508,Kab. Banyuwangi,052500,Prov. Jawa Timur,050000,5,3,76,6,6,0,0,17,17 Apr 2026 07:45:49,0CFA24981C249B432EBA
SD NEGERI 5 TULUNGREJO,20525785,SD,Negeri,Kec. Glenmore,052508,Kab. Banyuwangi,052500,Prov. Jawa Timur,050000,4,1,48,6,6,0,0,17,14 Apr 2026 05:33:46,A339F7DFAB2236C30073
SD NEGERI 6 KARANGHARJO,20525811,SD,Negeri,Kec. Glenmore,052508,Kab. Banyuwangi,052500,Prov. Jawa Timur,050000,5,3,57,6,6,0,0,15,31 Mar 2026 12:10:28,5A2CF088801DD6DC267F
SD NEGERI 6 SUMBERGONDO,20525745,SD,Negeri,Kec. Glenmore,052508,Kab. Banyuwangi,052500,Prov. Jawa Timur,050000,6,0,79,6,6,0,0,12,16 Mar 2026 21:38:28,035CABC6DAAF7DA72050
SD NEGERI 6 TEGALHARJO,20525737,SD,Negeri,Kec. Glenmore,052508,Kab. Banyuwangi,052500,Prov. Jawa Timur,050000,7,2,99,6,6,0,1,16,11 Apr 2026 14:52:24,9B7B3E6442E5C94563B3
SD NEGERI 6 TULUNGREJO,20525740,SD,Negeri,Kec. Glenmore,052508,Kab. Banyuwangi,052500,Prov. Jawa Timur,050000,3,1,16,5,6,0,0,10,11 Apr 2026 19:33:46,C8F2072C27B3EC781BA1
SD NEGERI 7 KARANGHARJO,20525768,SD,Negeri,Kec. Glenmore,052508,Kab. Banyuwangi,052500,Prov. Jawa Timur,050000,6,1,64,6,6,0,0,14,31 Mar 2026 07:32:51,F6AF0C8476E96C626AE0
SD NEGERI 7 TEGALHARJO,20525889,SD,Negeri,Kec. Glenmore,052508,Kab. Banyuwangi,052500,Prov. Jawa Timur,050000,5,1,34,6,6,0,0,19,02 May 2026 10:41:01,1CA234DC38B1BECF4FE4
SD NEGERI 8 KARANGHARJO,20525878,SD,Negeri,Kec. Glenmore,052508,Kab. Banyuwangi,052500,Prov. Jawa Timur,050000,6,1,43,6,6,0,1,22,02 Apr 2026 16:51:50,A8D6392F6EF103271813
SD NEGERI 8 TEGALHARJO,20525884,SD,Negeri,Kec. Glenmore,052508,Kab. Banyuwangi,052500,Prov. Jawa Timur,050000,6,1,81,6,6,0,1,11,08 Apr 2026 10:29:28,D6BC7048A7CA88A9DC7B
SD NEGERI 8 TULUNGREJO,20525900,SD,Negeri,Kec. Glenmore,052508,Kab. Banyuwangi,052500,Prov. Jawa Timur,050000,10,2,203,7,7,0,0,10,08 Apr 2026 08:55:05,3EC95F72D7C8EA8CBDD0
SD NEGERI 9 KARANGHARJO,20525917,SD,Negeri,Kec. Glenmore,052508,Kab. Banyuwangi,052500,Prov. Jawa Timur,050000,6,3,81,6,6,0,0,24,12 Apr 2026 21:28:36,0DC70B27154140192BD1
SD NEGERI 9 TEGALHARJO,20525911,SD,Negeri,Kec. Glenmore,052508,Kab. Banyuwangi,052500,Prov. Jawa Timur,050000,7,3,122,6,6,0,1,32,05 Mar 2026 07:49:09,98226C70887566093025
SD NEGERI 9 TULUNGREJO,20525902,SD,Negeri,Kec. Glenmore,052508,Kab. Banyuwangi,052500,Prov. Jawa Timur,050000,6,1,39,6,6,0,0,13,04 Apr 2026 07:35:10,547C60322ECFC21CD660
SD KATOLIK BUDI LUHUR,20526095,SD,Swasta,Kec. Glenmore,052508,Kab. Banyuwangi,052500,Prov. Jawa Timur,050000,5,2,25,5,6,1,1,12,07 Apr 2026 11:09:42,FBEB5CD373ABB4B8A16F
SDI Darul Manja,20548865,SD,Swasta,Kec. Glenmore,052508,Kab. Banyuwangi,052500,Prov. Jawa Timur,050000,7,2,140,6,9,0,1,7,08 Mar 2026 00:05:52,A676009E203647C5C972
SMP NEGERI 1 GLENMORE,20525729,SMP,Negeri,Kec. Glenmore,052508,Kab. Banyuwangi,052500,Prov. Jawa Timur,050000,34,5,785,24,25,3,1,37,30 Apr 2026 07:35:56,0793FCE15AE44CB12DD9
SMP NEGERI 2 GLENMORE,20525650,SMP,Negeri,Kec. Glenmore,052508,Kab. Banyuwangi,052500,Prov. Jawa Timur,050000,11,3,103,6,7,1,1,27,27 Apr 2026 09:51:06,16B3FD8B86C9DC921836
SMP NEGERI 3 GLENMORE,20525655,SMP,Negeri,Kec. Glenmore,052508,Kab. Banyuwangi,052500,Prov. Jawa Timur,050000,19,4,324,12,15,1,1,9,28 Apr 2026 11:21:07,54B34806B6DB4C259879
SMP NEGERI 4 GLENMORE SATU ATAP,20540134,SMP,Negeri,Kec. Glenmore,052508,Kab. Banyuwangi,052500,Prov. Jawa Timur,050000,10,4,160,6,6,1,1,32,25 Apr 2026 08:43:22,1EAA3D16B2CF62BA95B7
SMP 17 AGUSTUS 1945 GLENMORE,20525612,SMP,Swasta,Kec. Glenmore,052508,Kab. Banyuwangi,052500,Prov. Jawa Timur,050000,8,4,86,3,9,0,1,12,02 May 2026 08:11:51,730DEA49E6E77B1C76EF
SMP DAARUL ULUM BALEREJO,70049997,SMP,Swasta,Kec. Glenmore,052508,Kab. Banyuwangi,052500,Prov. Jawa Timur,050000,5,2,29,2,2,0,0,8,03 Mar 2026 23:37:27,CD562DC2242BAF21627D
SMP DARUL QURAN,69967936,SMP,Swasta,Kec. Glenmore,052508,Kab. Banyuwangi,052500,Prov. Jawa Timur,050000,10,2,101,5,9,1,1,17,20 Apr 2026 16:01:25,AE110E298B428F87A88E
SMP ISLAM GLENMORE,20525542,SMP,Swasta,Kec. Glenmore,052508,Kab. Banyuwangi,052500,Prov. Jawa Timur,050000,12,1,115,5,6,1,0,16,10 Apr 2026 20:46:00,3F750E3C12CA39071FFE
SMP NU AS SYAMSURI,69950575,SMP,Swasta,Kec. Glenmore,052508,Kab. Banyuwangi,052500,Prov. Jawa Timur,050000,7,2,60,3,3,1,1,9,22 Apr 2026 08:44:44,6680B43973C80E61BA2E
SMP PGRI 2 GLENMORE,20525583,SMP,Swasta,Kec. Glenmore,052508,Kab. Banyuwangi,052500,Prov. Jawa Timur,050000,6,2,70,3,6,2,1,6,31 Jan 2026 11:36:08,0100099B9DA35CD1ED3B
SMAN GLENMORE,20525857,SMA,Negeri,Kec. Glenmore,052508,Kab. Banyuwangi,052500,Prov. Jawa Timur,050000,53,17,1092,31,31,4,1,35,24 Apr 2026 08:57:35,485FB61E33BBB89498B2
SMA ROUDLATUS SALAM,20540175,SMA,Swasta,Kec. Glenmore,052508,Kab. Banyuwangi,052500,Prov. Jawa Timur,050000,16,2,185,7,5,2,1,17,28 Apr 2026 10:03:38,4FAAABC514E72D5E65E4
SMAS PGRI 10 GLENMORE,20525851,SMA,Swasta,Kec. Glenmore,052508,Kab. Banyuwangi,052500,Prov. Jawa Timur,050000,8,3,194,6,9,2,1,8,01 May 2026 05:25:28,C5D3BA30E3E74F1B5C86
SMAS ROUDLATUT THULLAB,20549237,SMA,Swasta,Kec. Glenmore,052508,Kab. Banyuwangi,052500,Prov. Jawa Timur,050000,11,3,149,6,6,2,1,11,08 Apr 2026 17:53:12,B82FC4677F2A7106EBDF
SMK MIFTAHUL FALAH,69935862,SMK,Swasta,Kec. Glenmore,052508,Kab. Banyuwangi,052500,Prov. Jawa Timur,050000,9,5,64,5,9,1,1,18,28 Apr 2026 21:48:21,250D1BE8D8A35660CA18
SMKS MUHAMMADIYAH 4 GLENMORE,20540179,SMK,Swasta,Kec. Glenmore,052508,Kab. Banyuwangi,052500,Prov. Jawa Timur,050000,30,6,498,19,16,4,0,9,04 Mar 2026 18:35:19,7C04CC23969ABC8DF05B
SMKS RAUDLATUSSALAM,60726571,SMK,Swasta,Kec. Glenmore,052508,Kab. Banyuwangi,052500,Prov. Jawa Timur,050000,11,3,165,9,7,1,1,1,14 Apr 2026 09:22:46,A265932C1568BD2B6735
SD NEGERI 1 KALIPAIT,20526495,SD,Negeri,Kec. Tegaldlimo,052504,Kab. Banyuwangi,052500,Prov. Jawa Timur,050000,8,2,58,6,6,0,1,14,02 Apr 2026 22:31:28,6B4568017FB75D3F0552
SD NEGERI 1 KEDUNGASRI,20526517,SD,Negeri,Kec. Tegaldlimo,052504,Kab. Banyuwangi,052500,Prov. Jawa Timur,050000,5,1,82,6,6,0,0,23,02 May 2026 06:54:17,91D996555E09BF1A71F3
SD NEGERI 1 KEDUNGGEBANG,20526518,SD,Negeri,Kec. Tegaldlimo,052504,Kab. Banyuwangi,052500,Prov. Jawa Timur,050000,7,1,94,6,6,0,0,9,19 Apr 2026 06:06:18,0A30501AD5E0F045538A
SD NEGERI 1 KEDUNGWUNGU,20526521,SD,Negeri,Kec. Tegaldlimo,052504,Kab. Banyuwangi,052500,Prov. Jawa Timur,050000,6,1,56,6,6,0,0,12,22 Apr 2026 13:17:33,578B8C740F0BF165C4AA
SD NEGERI 1 KENDALREJO,20526516,SD,Negeri,Kec. Tegaldlimo,052504,Kab. Banyuwangi,052500,Prov. Jawa Timur,050000,6,2,49,6,7,0,0,25,09 Apr 2026 08:10:48,9EC647E9636B4E5EC864
SD NEGERI 1 PURWOAGUNG,20526644,SD,Negeri,Kec. Tegaldlimo,052504,Kab. Banyuwangi,052500,Prov. Jawa Timur,050000,8,0,86,6,9,0,1,7,05 Apr 2026 18:37:02,CF105CB24C6B6F11E478
SD NEGERI 1 TEGALDLIMO,20526617,SD,Negeri,Kec. Tegaldlimo,052504,Kab. Banyuwangi,052500,Prov. Jawa Timur,050000,8,1,67,6,6,0,1,11,05 Mar 2026 05:28:59,C3BD0BA764220F1CFF29
SD NEGERI 1 WRINGINPITU,20526355,SD,Negeri,Kec. Tegaldlimo,052504,Kab. Banyuwangi,052500,Prov. Jawa Timur,050000,8,2,113,6,8,0,1,13,07 Apr 2026 11:11:15,0FD9F82507779CA41591
SD NEGERI 2 KALIPAIT,20526027,SD,Negeri,Kec. Tegaldlimo,052504,Kab. Banyuwangi,052500,Prov. Jawa Timur,050000,7,2,83,6,6,0,1,16,23 Apr 2026 08:54:35,C89CF6FE14E7E310549D
SD NEGERI 2 KEDUNGASRI,20526447,SD,Negeri,Kec. Tegaldlimo,052504,Kab. Banyuwangi,052500,Prov. Jawa Timur,050000,7,2,93,6,6,0,1,11,04 Apr 2026 11:14:16,C7D72473C2952194521F
SD NEGERI 2 KEDUNGGEBANG,20526446,SD,Negeri,Kec. Tegaldlimo,052504,Kab. Banyuwangi,052500,Prov. Jawa Timur,050000,8,1,168,7,7,0,1,12,10 Mar 2026 08:13:21,7997B11D9C4B858300F4
SD NEGERI 2 KEDUNGWUNGU,20526438,SD,Negeri,Kec. Tegaldlimo,052504,Kab. Banyuwangi,052500,Prov. Jawa Timur,050000,6,2,64,6,6,0,0,7,14 Apr 2026 08:01:56,B4EF611A64281526FF7A
SD NEGERI 2 PURWOAGUNG,20526408,SD,Negeri,Kec. Tegaldlimo,052504,Kab. Banyuwangi,052500,Prov. Jawa Timur,050000,5,0,71,6,6,1,1,6,02 Mar 2026 21:20:26,2B264BAA3EDAD9D9CD69
SD NEGERI 2 PURWOASRI,20526409,SD,Negeri,Kec. Tegaldlimo,052504,Kab. Banyuwangi,052500,Prov. Jawa Timur,050000,7,1,144,6,6,0,1,7,17 Apr 2026 10:21:34,E64AE4F69066A74E61C0
SD NEGERI 2 TEGALDLIMO,20525396,SD,Negeri,Kec. Tegaldlimo,052504,Kab. Banyuwangi,052500,Prov. Jawa Timur,050000,6,1,48,6,6,0,0,16,04 Mar 2026 08:05:57,4E8333F807F5C19BCA0D
SD NEGERI 3 KALIPAIT,20525374,SD,Negeri,Kec. Tegaldlimo,052504,Kab. Banyuwangi,052500,Prov. Jawa Timur,050000,7,1,73,6,6,0,0,17,17 Apr 2026 07:45:52,6D540D2D22EC12892E55
SD NEGERI 3 KEDUNGASRI,20525496,SD,Negeri,Kec. Tegaldlimo,052504,Kab. Banyuwangi,052500,Prov. Jawa Timur,050000,5,3,111,6,6,0,1,21,17 Apr 2026 05:55:45,0A40FCDBD81CCC43FD38
SD NEGERI 3 KEDUNGGEBANG,20525495,SD,Negeri,Kec. Tegaldlimo,052504,Kab. Banyuwangi,052500,Prov. Jawa Timur,050000,6,1,205,7,6,0,1,28,27 Apr 2026 08:44:22,12E9853422732FF89247
SD NEGERI 3 KEDUNGWUNGU,20525488,SD,Negeri,Kec. Tegaldlimo,052504,Kab. Banyuwangi,052500,Prov. Jawa Timur,050000,4,2,95,6,6,0,1,14,29 Apr 2026 19:02:31,9434F9B12B8C2522AFA3
SD NEGERI 3 KENDALREJO,20525490,SD,Negeri,Kec. Tegaldlimo,052504,Kab. Banyuwangi,052500,Prov. Jawa Timur,050000,6,1,59,6,6,0,0,8,04 Mar 2026 20:42:00,9D17E75F35E7DBFF7BEE
SD NEGERI 3 PURWOASRI,20525516,SD,Negeri,Kec. Tegaldlimo,052504,Kab. Banyuwangi,052500,Prov. Jawa Timur,050000,8,1,48,6,6,0,0,28,06 Apr 2026 10:38:00,0D96AF104130B021E9E9
SD NEGERI 3 TEGALDLIMO,20525467,SD,Negeri,Kec. Tegaldlimo,052504,Kab. Banyuwangi,052500,Prov. Jawa Timur,050000,7,3,85,6,6,0,1,11,05 Mar 2026 08:22:39,D35366413EF4F363417B
SD NEGERI 4 KALIPAIT,20525238,SD,Negeri,Kec. Tegaldlimo,052504,Kab. Banyuwangi,052500,Prov. Jawa Timur,050000,8,1,119,6,6,0,0,14,18 Apr 2026 08:13:31,6FA5FCF01956EB23E918
SD NEGERI 4 KEDUNGGEBANG,20525178,SD,Negeri,Kec. Tegaldlimo,052504,Kab. Banyuwangi,052500,Prov. Jawa Timur,050000,7,1,38,6,6,0,0,8,17 Apr 2026 10:16:44,B3369463ED095EF5DC18
SD NEGERI 4 KEDUNGWUNGU,20525168,SD,Negeri,Kec. Tegaldlimo,052504,Kab. Banyuwangi,052500,Prov. Jawa Timur,050000,6,3,77,6,6,1,2,20,04 Apr 2026 10:13:35,5D4626E8D3FD8EE731B2
SD NEGERI 4 KENDALREJO,20525158,SD,Negeri,Kec. Tegaldlimo,052504,Kab. Banyuwangi,052500,Prov. Jawa Timur,050000,5,2,51,6,6,0,0,18,25 Apr 2026 01:54:35,111AC4C6E9F651CBDB86
SD NEGERI 4 TEGALDLIMO,20525306,SD,Negeri,Kec. Tegaldlimo,052504,Kab. Banyuwangi,052500,Prov. Jawa Timur,050000,7,2,152,6,6,0,1,21,23 Apr 2026 08:36:41,5FE00BC1DCCA3CA4D0D4
SD NEGERI 4 WRINGINPITU,20525332,SD,Negeri,Kec. Tegaldlimo,052504,Kab. Banyuwangi,052500,Prov. Jawa Timur,050000,9,2,92,6,8,0,0,17,30 Apr 2026 11:05:46,D00D8204BEA0A5026A54
SD NEGERI 5 KEDUNGASRI,20525275,SD,Negeri,Kec. Tegaldlimo,052504,Kab. Banyuwangi,052500,Prov. Jawa Timur,050000,7,1,55,6,6,0,0,11,30 Apr 2026 11:24:48,5458B903ECCECF1BAC6D
SD NEGERI 5 TEGALDLIMO,20525802,SD,Negeri,Kec. Tegaldlimo,052504,Kab. Banyuwangi,052500,Prov. Jawa Timur,050000,6,0,107,6,6,0,0,10,07 Apr 2026 07:24:30,66E7667F5F6405EE3CE1
SD NEGERI 5 WRINGINPITU,20525791,SD,Negeri,Kec. Tegaldlimo,052504,Kab. Banyuwangi,052500,Prov. Jawa Timur,050000,6,1,39,6,7,0,0,30,25 Apr 2026 07:34:47,85963690DAFCC18BBC1D
SD NEGERI 6 KEDUNGGEBANG,20525815,SD,Negeri,Kec. Tegaldlimo,052504,Kab. Banyuwangi,052500,Prov. Jawa Timur,050000,5,2,77,6,6,0,0,14,30 Apr 2026 14:44:48,06647BB7F4BB8A749B65
SD NEGERI 6 WRINGINPITU,20525743,SD,Negeri,Kec. Tegaldlimo,052504,Kab. Banyuwangi,052500,Prov. Jawa Timur,050000,6,1,27,6,6,0,0,11,07 Apr 2026 20:48:40,229564A0E43C80B4DEA5
SD NEGERI 7 KEDUNGGEBANG,20525762,SD,Negeri,Kec. Tegaldlimo,052504,Kab. Banyuwangi,052500,Prov. Jawa Timur,050000,8,2,73,6,6,0,0,18,03 Apr 2026 21:40:57,79EDB47C70D3C340D222
SD ISLAM AN-NUUR,70034001,SD,Swasta,Kec. Tegaldlimo,052504,Kab. Banyuwangi,052500,Prov. Jawa Timur,050000,3,1,28,4,4,0,0,20,16 Apr 2026 07:50:44,F71DC5DBF872B4B0A7CF
SD MUHAMMADIYAH 17,20526034,SD,Swasta,Kec. Tegaldlimo,052504,Kab. Banyuwangi,052500,Prov. Jawa Timur,050000,6,1,158,6,6,0,1,9,07 Apr 2026 12:20:25,4B9B1DDDF62081EFE9AC
SD MUHAMMADIYAH 8,20526036,SD,Swasta,Kec. Tegaldlimo,052504,Kab. Banyuwangi,052500,Prov. Jawa Timur,050000,7,1,56,6,6,0,0,5,10 Feb 2026 10:34:28,C91AE8AE6C8FE9823091
SMP NEGERI 1 TEGALDLIMO,20525721,SMP,Negeri,Kec. Tegaldlimo,052504,Kab. Banyuwangi,052500,Prov. Jawa Timur,050000,33,3,788,24,24,2,1,38,30 Apr 2026 08:59:49,DE39735C879156AE8176
SMP NEGERI 2 TEGALDLIMO,20525639,SMP,Negeri,Kec. Tegaldlimo,052504,Kab. Banyuwangi,052500,Prov. Jawa Timur,050000,25,4,554,15,15,2,1,12,07 Apr 2026 05:20:00,DCA8BF1651C96E8A40AC
SMP 17 AGUSTUS 1945 TEGALDLIMO,20525614,SMP,Swasta,Kec. Tegaldlimo,052504,Kab. Banyuwangi,052500,Prov. Jawa Timur,050000,7,1,54,3,6,2,1,1,31 Mar 2026 08:03:40,C9E097A390DB4BF64385
SMP AL QURAN ALFA SALAM,70048189,SMP,Swasta,Kec. Tegaldlimo,052504,Kab. Banyuwangi,052500,Prov. Jawa Timur,050000,5,1,57,3,3,0,1,8,23 Apr 2026 10:05:14,613479C5594BA7A53B55
SMP ASTRANAWA,69980626,SMP,Swasta,Kec. Tegaldlimo,052504,Kab. Banyuwangi,052500,Prov. Jawa Timur,050000,6,2,64,3,3,1,1,9,29 Apr 2026 11:08:32,B8E0615CB9B9D925E75F
SMP PGRI 17 TEGALDLIMO,20525582,SMP,Swasta,Kec. Tegaldlimo,052504,Kab. Banyuwangi,052500,Prov. Jawa Timur,050000,7,1,25,3,9,2,1,33,23 Apr 2026 12:15:38,99A636ACCB2B7A0F1888
SMP PGRI 2 TEGALDLIMO,20525574,SMP,Swasta,Kec. Tegaldlimo,052504,Kab. Banyuwangi,052500,Prov. Jawa Timur,050000,10,2,34,3,8,1,1,34,23 Apr 2026 08:24:08,FF8CFC9A2F1EE822D70D
SMP TRI BHAKTI TEGALDLIMO,20525704,SMP,Swasta,Kec. Tegaldlimo,052504,Kab. Banyuwangi,052500,Prov. Jawa Timur,050000,19,3,245,8,12,3,1,26,23 Apr 2026 09:06:25,DF01F989FB26699B19C8
SMAN 1 TEGALDLIMO,20525587,SMA,Negeri,Kec. Tegaldlimo,052504,Kab. Banyuwangi,052500,Prov. Jawa Timur,050000,52,9,1002,29,30,4,1,30,30 Apr 2026 11:23:35,9D838199C22948E31D76
SMAS FAVORIT NU TEGALDLIMO,20554820,SMA,Swasta,Kec. Tegaldlimo,052504,Kab. Banyuwangi,052500,Prov. Jawa Timur,050000,15,3,68,3,6,4,1,18,26 Apr 2026 19:14:32,9D23EF9DFEDDA4F0AFD7
SMAS PGRI TEGALDLIMO,20540173,SMA,Swasta,Kec. Tegaldlimo,052504,Kab. Banyuwangi,052500,Prov. Jawa Timur,050000,11,2,35,3,6,1,1,8,04 Mar 2026 23:19:47,B9FF80E106F5B209B8CB
SMK 17 AGUSTUS 1945 TEGALDLIMO,20525606,SMK,Swasta,Kec. Tegaldlimo,052504,Kab. Banyuwangi,052500,Prov. Jawa Timur,050000,26,8,472,17,15,3,2,18,23 Apr 2026 08:22:38,D687D90524B73162E19D
SMK DARUNNAJAH,69939967,SMK,Swasta,Kec. Tegaldlimo,052504,Kab. Banyuwangi,052500,Prov. Jawa Timur,050000,14,1,161,7,7,1,1,15,13 Mar 2026 09:32:16,59221A71CDE434A025E9
SMK MANSYAUL HUDA,69888608,SMK,Swasta,Kec. Tegaldlimo,052504,Kab. Banyuwangi,052500,Prov. Jawa Timur,050000,12,3,42,6,6,1,1,19,16 Apr 2026 11:26:58,5A0115686657149AF2BD
SMKS MUHAMMADIYAH 3 TEGALDLIMO,20525588,SMK,Swasta,Kec. Tegaldlimo,052504,Kab. Banyuwangi,052500,Prov. Jawa Timur,050000,25,7,262,12,8,2,1,23,03 Mar 2026 11:40:57,3EBC3A8F6A7EA66ADAEB
SD NEGERI 1 GAMBIRAN,20526537,SD,Negeri,Kec. Gambiran,052507,Kab. Banyuwangi,052500,Prov. Jawa Timur,050000,5,0,88,6,7,0,0,17,02 Apr 2026 09:33:11,C8643EE921E4CFDE193D
SD NEGERI 1 JAJAG,20526554,SD,Negeri,Kec. Gambiran,052507,Kab. Banyuwangi,052500,Prov. Jawa Timur,050000,13,1,334,12,12,0,1,15,02 May 2026 10:17:52,01F57B2A23421BBE1649
SD NEGERI 1 WRINGINAGUNG,20526342,SD,Negeri,Kec. Gambiran,052507,Kab. Banyuwangi,052500,Prov. Jawa Timur,050000,7,1,133,6,5,0,2,10,18 Mar 2026 08:40:29,A4EECBA5874A03BC3A2A
SD NEGERI 1 WRINGINREJO,20526357,SD,Negeri,Kec. Gambiran,052507,Kab. Banyuwangi,052500,Prov. Jawa Timur,050000,6,2,102,6,6,0,1,15,28 Apr 2026 11:24:49,6C75135ACCD7AE02B3D2
SD NEGERI 1 YOSOMULYO,20526358,SD,Negeri,Kec. Gambiran,052507,Kab. Banyuwangi,052500,Prov. Jawa Timur,050000,8,2,55,6,8,0,0,13,28 Apr 2026 12:04:39,EE1EE8F196C20FC26FA9
SD NEGERI 2 GAMBIRAN,20526315,SD,Negeri,Kec. Gambiran,052507,Kab. Banyuwangi,052500,Prov. Jawa Timur,050000,7,3,118,6,8,0,1,27,04 Apr 2026 20:59:07,1E235B4558793B4335B8
SD NEGERI 2 JAJAG,20526332,SD,Negeri,Kec. Gambiran,052507,Kab. Banyuwangi,052500,Prov. Jawa Timur,050000,11,1,259,9,11,0,1,22,29 Apr 2026 07:41:10,54CE3699EEC8CC262E33
SD NEGERI 2 PURWODADI,20526400,SD,Negeri,Kec. Gambiran,052507,Kab. Banyuwangi,052500,Prov. Jawa Timur,050000,6,0,144,6,6,0,1,13,10 Apr 2026 09:33:54,B57F82975BFD079CE4D9
SD NEGERI 2 WRINGINAGUNG,20525433,SD,Negeri,Kec. Gambiran,052507,Kab. Banyuwangi,052500,Prov. Jawa Timur,050000,5,5,73,6,6,1,1,11,11 Mar 2026 10:20:20,12672A6F3997454401A9
SD NEGERI 2 WRINGINREJO,20525424,SD,Negeri,Kec. Gambiran,052507,Kab. Banyuwangi,052500,Prov. Jawa Timur,050000,8,1,78,6,6,0,1,12,07 Apr 2026 08:18:39,0A3424F3A4EE86E384CE
SD NEGERI 2 YOSOMULYO,20525415,SD,Negeri,Kec. Gambiran,052507,Kab. Banyuwangi,052500,Prov. Jawa Timur,050000,7,1,120,6,7,0,0,13,29 Apr 2026 08:24:31,FFFFD91F83C690E65364
SD NEGERI 3 GAMBIRAN,20525352,SD,Negeri,Kec. Gambiran,052507,Kab. Banyuwangi,052500,Prov. Jawa Timur,050000,7,1,62,6,6,0,0,31,28 Apr 2026 10:18:09,EA1FCE17CACA071D5648
SD NEGERI 3 JAJAG,20525386,SD,Negeri,Kec. Gambiran,052507,Kab. Banyuwangi,052500,Prov. Jawa Timur,050000,6,0,60,6,6,0,0,26,30 Apr 2026 08:47:49,0284D5177B97F3B51F3D
SD NEGERI 3 WRINGINAGUNG,20525225,SD,Negeri,Kec. Gambiran,052507,Kab. Banyuwangi,052500,Prov. Jawa Timur,050000,5,3,74,6,6,0,0,9,16 Mar 2026 22:36:13,520B8C6F5BC569BC635A
SD NEGERI 3 YOSOMULYO,20525206,SD,Negeri,Kec. Gambiran,052507,Kab. Banyuwangi,052500,Prov. Jawa Timur,050000,8,2,131,6,7,1,1,12,16 Mar 2026 21:28:23,D11F000C8AAFAD969D1A
SD NEGERI 4 GAMBIRAN,20525245,SD,Negeri,Kec. Gambiran,052507,Kab. Banyuwangi,052500,Prov. Jawa Timur,050000,8,1,147,6,7,1,1,28,01 May 2026 08:16:22,699FBF9749790EF79371
SD NEGERI 4 JAJAG,20525229,SD,Negeri,Kec. Gambiran,052507,Kab. Banyuwangi,052500,Prov. Jawa Timur,050000,7,2,119,6,6,0,0,16,06 Apr 2026 13:48:44,57CFA39923F7324FC0DF
SD NEGERI 4 PURWODADI,20525197,SD,Negeri,Kec. Gambiran,052507,Kab. Banyuwangi,052500,Prov. Jawa Timur,050000,6,2,35,6,6,0,1,9,20 Apr 2026 09:24:01,D62F000FDEFB577D1DE6
SD NEGERI 4 WRINGINAGUNG,20525342,SD,Negeri,Kec. Gambiran,052507,Kab. Banyuwangi,052500,Prov. Jawa Timur,050000,5,2,41,6,6,0,0,9,10 Apr 2026 10:55:19,78F1E1800321FC500732
SD NEGERI 4 WRINGINREJO,20525322,SD,Negeri,Kec. Gambiran,052507,Kab. Banyuwangi,052500,Prov. Jawa Timur,050000,7,2,78,6,6,1,0,15,06 Apr 2026 12:30:54,767AF160EFFCFB68C238
SD NEGERI 4 YOSOMULYO,20525323,SD,Negeri,Kec. Gambiran,052507,Kab. Banyuwangi,052500,Prov. Jawa Timur,050000,6,0,126,6,6,0,0,26,31 Mar 2026 10:10:04,A6BC43878AABE628B082
SD NEGERI 5 GAMBIRAN,20525266,SD,Negeri,Kec. Gambiran,052507,Kab. Banyuwangi,052500,Prov. Jawa Timur,050000,4,1,138,6,7,0,1,17,09 Apr 2026 07:14:51,E7DEF3A08705AF174811
SD NEGERI 5 JAJAG,20525272,SD,Negeri,Kec. Gambiran,052507,Kab. Banyuwangi,052500,Prov. Jawa Timur,050000,7,2,183,6,7,0,1,7,07 Mar 2026 07:12:11,0034DF112D2B86E92348
SD NEGERI 5 WRINGINAGUNG,20525790,SD,Negeri,Kec. Gambiran,052507,Kab. Banyuwangi,052500,Prov. Jawa Timur,050000,6,1,63,6,6,0,1,9,17 Apr 2026 01:08:22,1C1DCAF36E506E23C7CF
SD NEGERI 5 YOSOMULYO,20525804,SD,Negeri,Kec. Gambiran,052507,Kab. Banyuwangi,052500,Prov. Jawa Timur,050000,8,2,177,7,8,0,1,18,06 Apr 2026 11:21:43,A39E1FA82C775224F905
SD NEGERI 6 JAJAG,20525825,SD,Negeri,Kec. Gambiran,052507,Kab. Banyuwangi,052500,Prov. Jawa Timur,050000,6,1,182,6,7,0,1,13,06 Apr 2026 08:15:40,7A276209F1FDF9AE98F1
SD NEGERI 6 YOSOMULYO,20525744,SD,Negeri,Kec. Gambiran,052507,Kab. Banyuwangi,052500,Prov. Jawa Timur,050000,8,2,158,6,7,0,1,33,20 Apr 2026 10:42:55,1E200076BE8B1A7E6BBD
SD NEGERI 8 GAMBIRAN,20525770,SD,Negeri,Kec. Gambiran,052507,Kab. Banyuwangi,052500,Prov. Jawa Timur,050000,7,3,79,6,6,0,0,26,15 Apr 2026 04:21:25,A91414C561BB78DAE5B9
SD BLOOM,69987778,SD,Swasta,Kec. Gambiran,052507,Kab. Banyuwangi,052500,Prov. Jawa Timur,050000,9,3,83,6,6,1,1,26,07 Apr 2026 09:51:25,568E7143A1C375B5FF0F
SD GRETA,69966918,SD,Swasta,Kec. Gambiran,052507,Kab. Banyuwangi,052500,Prov. Jawa Timur,050000,8,5,74,6,6,1,1,23,02 Apr 2026 12:32:55,39870BE72080B64D44E2
SD KATOLIK SANTO PETRUS,20554489,SD,Swasta,Kec. Gambiran,052507,Kab. Banyuwangi,052500,Prov. Jawa Timur,050000,8,2,43,6,6,1,1,16,15 Apr 2026 10:54:59,0416991A15BC6784028B
SDI AZ-ZIYAD,70058050,SD,Swasta,Kec. Gambiran,052507,Kab. Banyuwangi,052500,Prov. Jawa Timur,050000,3,1,6,1,1,1,1,15,16 Apr 2026 18:21:44,55988D89F15CC7F4FA0B
SDI BAITUSSALAM,69861079,SD,Swasta,Kec. Gambiran,052507,Kab. Banyuwangi,052500,Prov. Jawa Timur,050000,18,2,354,16,16,1,1,14,06 Apr 2026 05:07:21,FC318FE7A2C554DA504C
SDIT AMANATULLOH,70057171,SD,Swasta,Kec. Gambiran,052507,Kab. Banyuwangi,052500,Prov. Jawa Timur,050000,2,1,17,1,1,0,0,6,23 Apr 2026 07:44:34,3BBC8EFD852D249A0164
SMP NEGERI 1 GAMBIRAN,20525725,SMP,Negeri,Kec. Gambiran,052507,Kab. Banyuwangi,052500,Prov. Jawa Timur,050000,27,7,585,19,21,2,3,19,29 Apr 2026 10:48:02,8156B5FB6F1F56EE10F1
SMP NEGERI 2 GAMBIRAN,20525646,SMP,Negeri,Kec. Gambiran,052507,Kab. Banyuwangi,052500,Prov. Jawa Timur,050000,29,6,711,21,21,2,1,44,02 May 2026 09:05:23,CCD508BCB54EC632F318
SMP AMANATULLOH,69944963,SMP,Swasta,Kec. Gambiran,052507,Kab. Banyuwangi,052500,Prov. Jawa Timur,050000,33,3,695,24,27,2,1,25,27 Apr 2026 05:47:22,D785B0251B05C6917FC3
SMP BUDI UTOMO BANYUWANGI,70029774,SMP,Swasta,Kec. Gambiran,052507,Kab. Banyuwangi,052500,Prov. Jawa Timur,050000,10,2,119,5,5,1,1,14,27 Apr 2026 09:36:45,874789284B941892EEEA
SMP DARUL HIKMAH GAMBIRAN,20554494,SMP,Swasta,Kec. Gambiran,052507,Kab. Banyuwangi,052500,Prov. Jawa Timur,050000,6,1,71,3,3,2,1,13,24 Apr 2026 09:35:08,2ABA1F0A120E0D058695
SMP GRETA,70030277,SMP,Swasta,Kec. Gambiran,052507,Kab. Banyuwangi,052500,Prov. Jawa Timur,050000,9,3,23,3,3,1,1,23,22 Apr 2026 13:57:51,0540C0EF6CB98ECA2439
SMP KATOLIK SANTO ALOYSIUS GAMBIRAN,20525710,SMP,Swasta,Kec. Gambiran,052507,Kab. Banyuwangi,052500,Prov. Jawa Timur,050000,6,4,31,3,3,2,1,19,24 Apr 2026 08:44:40,23D02839BDF426000560
SMP MUHAMMADIYAH 12,20525539,SMP,Swasta,Kec. Gambiran,052507,Kab. Banyuwangi,052500,Prov. Jawa Timur,050000,6,2,47,3,4,2,1,9,08 Apr 2026 10:40:24,89061BA4836CB06BEEE2
SMP NUGRAHA ADINATA,70054308,SMP,Swasta,Kec. Gambiran,052507,Kab. Banyuwangi,052500,Prov. Jawa Timur,050000,21,1,44,3,1,0,0,38,29 Apr 2026 17:29:17,FF4CEC3D3A8AAAF4231E
SMAN 1 GAMBIRAN,20525853,SMA,Negeri,Kec. Gambiran,052507,Kab. Banyuwangi,052500,Prov. Jawa Timur,050000,55,17,935,27,27,7,1,25,13 Apr 2026 06:32:23,C0E2FB1E5B9E87C89609
SMAS PLUS DARUL HIKMAH GAMBIRAN,20525866,SMA,Swasta,Kec. Gambiran,052507,Kab. Banyuwangi,052500,Prov. Jawa Timur,050000,6,3,59,3,3,3,1,20,03 Mar 2026 22:46:40,AB54028EDBFF171E2C50
SMK MUHAMMADIYAH 9 GAMBIRAN,20571475,SMK,Swasta,Kec. Gambiran,052507,Kab. Banyuwangi,052500,Prov. Jawa Timur,050000,14,5,237,14,14,3,1,37,24 Apr 2026 08:59:30,C3D9A5634F6DD2CBFC87
SMK UNGGULAN HABIBULLOH II GIRI,69967085,SMK,Swasta,Kec. Gambiran,052507,Kab. Banyuwangi,052500,Prov. Jawa Timur,050000,30,1,105,10,10,1,1,63,23 Apr 2026 23:00:58,64F07728F8FE255F71DB
SMKS DARULAMIEN,69823299,SMK,Swasta,Kec. Gambiran,052507,Kab. Banyuwangi,052500,Prov. Jawa Timur,050000,10,2,33,6,6,1,1,19,30 Apr 2026 07:53:40,67EBF0501E5C9EDF0122
SD NEGERI 1 BENCULUK,20526540,SD,Negeri,Kec. Cluring,052506,Kab. Banyuwangi,052500,Prov. Jawa Timur,050000,6,0,53,6,6,0,1,10,02 Apr 2026 11:38:55,49E879B4B796DC1C5F40
SD NEGERI 1 CLURING,20526534,SD,Negeri,Kec. Cluring,052506,Kab. Banyuwangi,052500,Prov. Jawa Timur,050000,14,1,334,13,12,0,1,77,02 May 2026 14:36:16,121BBBB3CF67B389DE2B
SD NEGERI 1 KALIPLOSO,20526496,SD,Negeri,Kec. Cluring,052506,Kab. Banyuwangi,052500,Prov. Jawa Timur,050000,7,0,142,6,8,0,1,13,11 Apr 2026 20:03:35,B7A85D2A43D78ED919BD
SD NEGERI 1 PLAMPANGREJO,20526643,SD,Negeri,Kec. Cluring,052506,Kab. Banyuwangi,052500,Prov. Jawa Timur,050000,8,2,93,6,6,0,1,25,01 May 2026 16:14:14,B5D867D71A085EF3EC6A
SD NEGERI 1 SARIMULYO,20526676,SD,Negeri,Kec. Cluring,052506,Kab. Banyuwangi,052500,Prov. Jawa Timur,050000,7,2,68,6,9,0,0,34,04 Apr 2026 10:37:27,76D14722BDC01C1BF54D
SD NEGERI 1 SEMBULUNG,20526655,SD,Negeri,Kec. Cluring,052506,Kab. Banyuwangi,052500,Prov. Jawa Timur,050000,8,2,128,6,12,0,1,33,24 Apr 2026 08:40:12,3147E18E7C63B880EF66
SD NEGERI 1 SRATEN,20526591,SD,Negeri,Kec. Cluring,052506,Kab. Banyuwangi,052500,Prov. Jawa Timur,050000,7,1,86,6,6,0,0,31,14 Apr 2026 08:33:38,5FD8207D3BA3E8D3DFF0
SD NEGERI 1 TAMAN AGUNG,20526597,SD,Negeri,Kec. Cluring,052506,Kab. Banyuwangi,052500,Prov. Jawa Timur,050000,6,0,66,6,7,0,1,12,30 Apr 2026 05:00:38,AD45645172B942F20802
SD NEGERI 1 TAMPO,20526614,SD,Negeri,Kec. Cluring,052506,Kab. Banyuwangi,052500,Prov. Jawa Timur,050000,7,2,64,6,6,0,1,26,05 Apr 2026 19:15:17,C4B4EC72359B26AD8F18
SD NEGERI 2 BENCULUK,20526370,SD,Negeri,Kec. Cluring,052506,Kab. Banyuwangi,052500,Prov. Jawa Timur,050000,7,1,70,6,6,1,1,33,30 Apr 2026 15:31:34,CFFEAA78F7C7C66FEE3C
SD NEGERI 2 CLURING,20526312,SD,Negeri,Kec. Cluring,052506,Kab. Banyuwangi,052500,Prov. Jawa Timur,050000,5,2,106,6,6,0,0,23,07 Apr 2026 09:37:12,D39200F912B76D823A99
SD NEGERI 2 PLAMPANGREJO,20526407,SD,Negeri,Kec. Cluring,052506,Kab. Banyuwangi,052500,Prov. Jawa Timur,050000,5,0,92,6,6,0,1,16,24 Apr 2026 11:06:27,D565B55DF6174289CC2D
SD NEGERI 2 SARIMULYO,20526396,SD,Negeri,Kec. Cluring,052506,Kab. Banyuwangi,052500,Prov. Jawa Timur,050000,6,1,63,6,6,0,0,17,14 Apr 2026 09:52:11,D5A75554EE8680B08B6F
SD NEGERI 2 SEMBULUNG,20526410,SD,Negeri,Kec. Cluring,052506,Kab. Banyuwangi,052500,Prov. Jawa Timur,050000,6,3,55,6,6,0,0,23,13 Apr 2026 13:33:27,480697B0DD11A9DE858C
SD NEGERI 2 SRATEN,20526413,SD,Negeri,Kec. Cluring,052506,Kab. Banyuwangi,052500,Prov. Jawa Timur,050000,5,3,89,6,6,0,0,25,07 Apr 2026 09:28:08,DF9DF710B5255CB44379
SD NEGERI 2 TAMAN AGUNG,20525409,SD,Negeri,Kec. Cluring,052506,Kab. Banyuwangi,052500,Prov. Jawa Timur,050000,7,1,141,6,6,0,1,50,15 Apr 2026 07:54:20,E8EBC1CE91ACBD414911
SD NEGERI 2 TAMPO,20525393,SD,Negeri,Kec. Cluring,052506,Kab. Banyuwangi,052500,Prov. Jawa Timur,050000,14,2,297,12,12,0,1,34,24 Apr 2026 08:31:09,C9B230FB4ADD9D6BC28A
SD NEGERI 3 BENCULUK,20525360,SD,Negeri,Kec. Cluring,052506,Kab. Banyuwangi,052500,Prov. Jawa Timur,050000,7,2,129,6,6,0,1,31,09 Apr 2026 09:47:17,AEF451A1A474BC930867
SD NEGERI 3 CLURING,20525349,SD,Negeri,Kec. Cluring,052506,Kab. Banyuwangi,052500,Prov. Jawa Timur,050000,5,2,141,6,6,0,1,35,04 Apr 2026 11:28:44,76F73A5D0CC691E7B030
SD NEGERI 3 KALIPLOSO,20525375,SD,Negeri,Kec. Cluring,052506,Kab. Banyuwangi,052500,Prov. Jawa Timur,050000,7,0,70,6,6,0,1,19,04 Apr 2026 19:52:39,32519FCEE5B90727F4EA
SD NEGERI 3 PLAMPANGREJO,20525514,SD,Negeri,Kec. Cluring,052506,Kab. Banyuwangi,052500,Prov. Jawa Timur,050000,7,1,72,6,6,0,0,36,22 Apr 2026 08:28:59,1FF84B040E036597747D
SD NEGERI 3 SARIMULYO,20525453,SD,Negeri,Kec. Cluring,052506,Kab. Banyuwangi,052500,Prov. Jawa Timur,050000,6,4,174,6,7,0,1,24,29 Apr 2026 12:00:48,BCF7552705FD6225E258
SD NEGERI 3 SRATEN,20525445,SD,Negeri,Kec. Cluring,052506,Kab. Banyuwangi,052500,Prov. Jawa Timur,050000,5,2,65,6,6,0,0,18,16 Mar 2026 22:40:59,95423496C807710F9FF3
SD NEGERI 3 TAMAN AGUNG,20525481,SD,Negeri,Kec. Cluring,052506,Kab. Banyuwangi,052500,Prov. Jawa Timur,050000,7,1,36,6,6,0,0,36,15 Apr 2026 19:51:09,4AEF521D19FB193ED6C9
SD NEGERI 3 TAMPO,20525464,SD,Negeri,Kec. Cluring,052506,Kab. Banyuwangi,052500,Prov. Jawa Timur,050000,8,0,86,6,6,0,1,22,27 Apr 2026 11:58:18,1A2F3538973F1F14F42C
SD NEGERI 4 BENCULUK,20525226,SD,Negeri,Kec. Cluring,052506,Kab. Banyuwangi,052500,Prov. Jawa Timur,050000,5,3,56,6,6,0,0,20,29 Apr 2026 13:26:52,36B33F0491355AB09FE4
SD NEGERI 4 CLURING,20525242,SD,Negeri,Kec. Cluring,052506,Kab. Banyuwangi,052500,Prov. Jawa Timur,050000,5,0,113,6,9,0,1,14,05 Apr 2026 03:20:46,C1C0E6BBB5B4771B6545
SD NEGERI 4 PLAMPANGREJO,20525196,SD,Negeri,Kec. Cluring,052506,Kab. Banyuwangi,052500,Prov. Jawa Timur,050000,7,1,170,6,6,0,1,44,29 Apr 2026 09:35:51,712E1685AB6738E88F4F
SD NEGERI 4 SARIMULYO,20525192,SD,Negeri,Kec. Cluring,052506,Kab. Banyuwangi,052500,Prov. Jawa Timur,050000,5,2,35,6,6,0,0,10,16 Mar 2026 19:24:19,286C4B5D316F50679738
SD NEGERI 4 SEMBULUNG,20525183,SD,Negeri,Kec. Cluring,052506,Kab. Banyuwangi,052500,Prov. Jawa Timur,050000,6,1,74,6,6,1,1,14,17 Apr 2026 08:03:53,5083FF241B80CEE327AB
SD NEGERI 4 TAMANAGUNG,20525308,SD,Negeri,Kec. Cluring,052506,Kab. Banyuwangi,052500,Prov. Jawa Timur,050000,6,2,74,6,6,0,1,15,30 Apr 2026 08:22:05,57F823DBB4711F8F83AA
SD NEGERI 4 TAMPO,20525303,SD,Negeri,Kec. Cluring,052506,Kab. Banyuwangi,052500,Prov. Jawa Timur,050000,6,2,45,6,6,0,1,21,03 Apr 2026 07:12:35,C62AF4BEB35C6612C923
SD NEGERI 5 BENCULUK,20525343,SD,Negeri,Kec. Cluring,052506,Kab. Banyuwangi,052500,Prov. Jawa Timur,050000,8,2,149,7,9,0,1,29,13 Apr 2026 06:52:33,C052CEB136E5856FB33E
SD NEGERI 5 CLURING,20525264,SD,Negeri,Kec. Cluring,052506,Kab. Banyuwangi,052500,Prov. Jawa Timur,050000,5,2,47,6,6,0,0,35,04 Apr 2026 09:01:29,84461CB6190F63612627
SD NEGERI 5 SARIMULYO,20525277,SD,Negeri,Kec. Cluring,052506,Kab. Banyuwangi,052500,Prov. Jawa Timur,050000,8,1,35,6,6,0,0,13,15 Apr 2026 08:04:07,2A57F01D48C1B7B83E05
SD NEGERI 5 SEMBULUNG,20525279,SD,Negeri,Kec. Cluring,052506,Kab. Banyuwangi,052500,Prov. Jawa Timur,050000,7,1,43,6,6,0,0,16,28 Apr 2026 11:49:55,30844B2835D3072FA8E2
SD NEGERI 6 SEMBULUNG,20525753,SD,Negeri,Kec. Cluring,052506,Kab. Banyuwangi,052500,Prov. Jawa Timur,050000,7,1,32,6,3,0,0,29,02 Apr 2026 17:50:15,951D24AB4917014DC453
SD NEGERI 6 TAMAN AGUNG,20525736,SD,Negeri,Kec. Cluring,052506,Kab. Banyuwangi,052500,Prov. Jawa Timur,050000,7,1,54,6,6,0,0,17,14 Apr 2026 04:39:46,8E0B1C1822B14B86F478
SD NEGERI 7 CLURING,20525758,SD,Negeri,Kec. Cluring,052506,Kab. Banyuwangi,052500,Prov. Jawa Timur,050000,6,1,26,6,6,0,0,20,03 Apr 2026 07:35:24,74A0A75B478AF6BDE36A
SD NEGERI 7 TAMANAGUNG,20525887,SD,Negeri,Kec. Cluring,052506,Kab. Banyuwangi,052500,Prov. Jawa Timur,050000,6,2,79,6,6,0,1,14,07 Apr 2026 10:14:46,491535B6FC84310AA388
SD ISLAM PUSPA BANGSA,20554938,SD,Swasta,Kec. Cluring,052506,Kab. Banyuwangi,052500,Prov. Jawa Timur,050000,8,1,37,6,7,0,1,16,16 Mar 2026 21:45:48,9DAD54DFEF91529EA3CC
SD ISLAMIYAH,20539392,SD,Swasta,Kec. Cluring,052506,Kab. Banyuwangi,052500,Prov. Jawa Timur,050000,9,1,288,10,6,0,1,15,28 Apr 2026 09:53:54,165E98E3A66B2911DEFB
SMP NEGERI 1 CLURING,20525713,SMP,Negeri,Kec. Cluring,052506,Kab. Banyuwangi,052500,Prov. Jawa Timur,050000,39,10,820,24,24,5,2,25,30 Apr 2026 10:59:30,FB1915FD7F5F67A7E11F
SMP NEGERI 2 CLURING,20525645,SMP,Negeri,Kec. Cluring,052506,Kab. Banyuwangi,052500,Prov. Jawa Timur,050000,26,6,574,18,18,4,1,21,02 Apr 2026 19:00:57,A7A6A398B19EDCDC1999
SMP 17 AGUSTUS 1945 CLURING,20525611,SMP,Swasta,Kec. Cluring,052506,Kab. Banyuwangi,052500,Prov. Jawa Timur,050000,6,4,68,3,6,2,1,16,09 Apr 2026 11:39:52,A0AF202BC5389C21CDE2
SMP AL AQSO,20555687,SMP,Swasta,Kec. Cluring,052506,Kab. Banyuwangi,052500,Prov. Jawa Timur,050000,6,1,7,3,3,1,1,1,30 Apr 2026 09:06:32,0B2CEC9576A0EA4F7D8E
SMP DARUNNAJAH,20577537,SMP,Swasta,Kec. Cluring,052506,Kab. Banyuwangi,052500,Prov. Jawa Timur,050000,8,2,91,3,3,1,1,16,01 May 2026 19:22:35,3CD1F9B0CB57F979A551
SMP NU BAITUSSALAM,69882353,SMP,Swasta,Kec. Cluring,052506,Kab. Banyuwangi,052500,Prov. Jawa Timur,050000,8,1,150,6,6,1,1,16,16 Mar 2026 22:17:48,85E83153C9CA60F14867
SMP PGRI 1 CLURING,20525571,SMP,Swasta,Kec. Cluring,052506,Kab. Banyuwangi,052500,Prov. Jawa Timur,050000,12,4,104,4,11,3,1,26,20 Apr 2026 09:26:56,860DE5BC7829584545E5
SMP QUEEN BAITUL MAGHFIROH,70005739,SMP,Swasta,Kec. Cluring,052506,Kab. Banyuwangi,052500,Prov. Jawa Timur,050000,5,2,35,3,5,0,1,15,20 Apr 2026 08:14:17,27D7B9B27F03DF595FE0
SMP SUNAN GIRI CLURING,20525703,SMP,Swasta,Kec. Cluring,052506,Kab. Banyuwangi,052500,Prov. Jawa Timur,050000,6,2,48,3,3,3,1,18,15 Apr 2026 13:20:18,08B4AED8905B6CA10278
SMAN 1 CLURING,20525862,SMA,Negeri,Kec. Cluring,052506,Kab. Banyuwangi,052500,Prov. Jawa Timur,050000,49,14,924,27,27,3,1,30,30 Apr 2026 09:50:15,D750E91FEDC79C8CB4F0
SMA PGRI CLURING,69852821,SMA,Swasta,Kec. Cluring,052506,Kab. Banyuwangi,052500,Prov. Jawa Timur,050000,7,4,51,3,7,1,1,24,18 Apr 2026 09:11:38,910AF2A08D5056A331DF
SMK 17 AGUSTUS 1945 CLURING,20525603,SMK,Swasta,Kec. Cluring,052506,Kab. Banyuwangi,052500,Prov. Jawa Timur,050000,61,15,1246,43,41,2,1,67,30 Apr 2026 10:43:29,7FDF15029D822A60798B
SMK ASY-SYAFAAH,69889121,SMK,Swasta,Kec. Cluring,052506,Kab. Banyuwangi,052500,Prov. Jawa Timur,050000,8,1,27,2,3,1,0,20,04 Mar 2026 21:47:00,17A9741900EEF56246CB
SMK NU MEDIA GAMA,69889033,SMK,Swasta,Kec. Cluring,052506,Kab. Banyuwangi,052500,Prov. Jawa Timur,050000,7,1,16,4,5,1,0,5,04 Mar 2026 09:41:39,036E12CCD4D1B2CD6DC8
SMKS ASWAJA,20576083,SMK,Swasta,Kec. Cluring,052506,Kab. Banyuwangi,052500,Prov. Jawa Timur,050000,12,1,53,5,9,2,1,29,20 Apr 2026 16:37:48,C958A60349C594337715
SMKS PUSPA BANGSA CLURING,20540178,SMK,Swasta,Kec. Cluring,052506,Kab. Banyuwangi,052500,Prov. Jawa Timur,050000,17,3,102,12,18,3,1,8,06 Mar 2026 08:39:34,36A62CDF72317013F191
SMKS VISI GLOBAL,69775462,SMK,Swasta,Kec. Cluring,052506,Kab. Banyuwangi,052500,Prov. Jawa Timur,050000,9,3,51,6,11,1,1,22,20 Apr 2026 10:28:15,BB341788B56C9659E5B8
SD NEGERI 1 GENDOH,20526550,SD,Negeri,Kec. Sempu,052515,Kab. Banyuwangi,052500,Prov. Jawa Timur,050000,12,2,305,12,12,1,1,23,06 Apr 2026 09:02:16,5615F731549B319AF38F
SD NEGERI 1 JAMBEWANGI,20526557,SD,Negeri,Kec. Sempu,052515,Kab. Banyuwangi,052500,Prov. Jawa Timur,050000,7,2,201,6,9,0,0,14,29 Apr 2026 22:26:15,B000B51DADE354D68038
SD NEGERI 1 KARANGSARI,20526487,SD,Negeri,Kec. Sempu,052515,Kab. Banyuwangi,052500,Prov. Jawa Timur,050000,9,2,302,12,12,0,2,25,13 Apr 2026 07:46:58,69CD44901C91F81BA720
SD NEGERI 1 TEGALARUM,20526616,SD,Negeri,Kec. Sempu,052515,Kab. Banyuwangi,052500,Prov. Jawa Timur,050000,6,0,123,6,6,0,0,31,04 Mar 2026 02:48:20,A62316287476ABCE7CC5
SD NEGERI 1 TEMUASRI,20526601,SD,Negeri,Kec. Sempu,052515,Kab. Banyuwangi,052500,Prov. Jawa Timur,050000,7,2,208,7,9,0,0,40,10 Apr 2026 08:03:36,270BF734614D342C5E2A
SD NEGERI 1 TEMUGURUH,20526602,SD,Negeri,Kec. Sempu,052515,Kab. Banyuwangi,052500,Prov. Jawa Timur,050000,7,0,121,6,8,1,1,12,13 Apr 2026 08:16:12,5EF8D7036597793F5D3B
SD NEGERI 2 GENDOH,20526305,SD,Negeri,Kec. Sempu,052515,Kab. Banyuwangi,052500,Prov. Jawa Timur,050000,6,0,110,6,8,0,1,21,16 Mar 2026 22:08:26,F22E45C010897AA28455
SD NEGERI 2 JAMBEWANGI,20526335,SD,Negeri,Kec. Sempu,052515,Kab. Banyuwangi,052500,Prov. Jawa Timur,050000,4,2,119,6,6,0,1,68,27 Apr 2026 19:33:53,97C2C2D1287A654B20CA
SD NEGERI 2 KARANGSARI,20526449,SD,Negeri,Kec. Sempu,052515,Kab. Banyuwangi,052500,Prov. Jawa Timur,050000,6,2,186,6,6,1,1,22,23 Apr 2026 20:48:51,F57A0847B35BB1A0A1AC
SD NEGERI 2 SEMPU,20526411,SD,Negeri,Kec. Sempu,052515,Kab. Banyuwangi,052500,Prov. Jawa Timur,050000,5,2,165,6,11,0,1,22,21 Apr 2026 09:50:21,EC6BABCB9CDE2D39241A
SD NEGERI 2 TEGALARUM,20525395,SD,Negeri,Kec. Sempu,052515,Kab. Banyuwangi,052500,Prov. Jawa Timur,050000,7,3,158,6,6,0,1,30,04 Apr 2026 18:21:00,54F52DE641D69D7F081D
SD NEGERI 2 TEMUASRI,20525413,SD,Negeri,Kec. Sempu,052515,Kab. Banyuwangi,052500,Prov. Jawa Timur,050000,4,2,89,6,6,0,0,10,30 Apr 2026 10:43:51,27F7BE0EB9131F1B24B8
SD NEGERI 2 TEMUGURUH,20525414,SD,Negeri,Kec. Sempu,052515,Kab. Banyuwangi,052500,Prov. Jawa Timur,050000,9,1,185,8,9,0,1,27,23 Apr 2026 10:52:56,8915502DF8040B97A7C6
SD NEGERI 3 JAMBEWANGI,20525388,SD,Negeri,Kec. Sempu,052515,Kab. Banyuwangi,052500,Prov. Jawa Timur,050000,7,2,146,6,8,0,1,15,04 Mar 2026 07:39:57,D7153E99888F282E0AA3
SD NEGERI 3 KARANGSARI,20525500,SD,Negeri,Kec. Sempu,052515,Kab. Banyuwangi,052500,Prov. Jawa Timur,050000,5,2,172,6,11,1,1,13,09 Apr 2026 12:25:45,3F534C7A21012C46C710
SD NEGERI 3 SEMPU,20525458,SD,Negeri,Kec. Sempu,052515,Kab. Banyuwangi,052500,Prov. Jawa Timur,050000,6,1,77,6,9,0,1,43,04 Mar 2026 09:02:14,65B2947BE4DFA63E8E00
SD NEGERI 3 TEGALARUM,20525466,SD,Negeri,Kec. Sempu,052515,Kab. Banyuwangi,052500,Prov. Jawa Timur,050000,7,2,37,6,6,0,0,21,12 Apr 2026 21:28:59,D54690829A58D59AD469
SD NEGERI 3 TEMUASRI,20525204,SD,Negeri,Kec. Sempu,052515,Kab. Banyuwangi,052500,Prov. Jawa Timur,050000,3,2,99,6,6,1,1,11,05 Apr 2026 18:48:40,86941E40E03D41F3CF68
SD NEGERI 3 TEMUGURUH,20525216,SD,Negeri,Kec. Sempu,052515,Kab. Banyuwangi,052500,Prov. Jawa Timur,050000,6,1,112,6,6,1,1,25,02 Mar 2026 16:46:09,5C8DD8D4567C8E662B6B
SD NEGERI 4 GENDOH,20525246,SD,Negeri,Kec. Sempu,052515,Kab. Banyuwangi,052500,Prov. Jawa Timur,050000,5,2,146,6,6,0,0,9,03 Apr 2026 03:19:06,AC28C68DA99707308A4C
SD NEGERI 4 JAMBEWANGI,20525230,SD,Negeri,Kec. Sempu,052515,Kab. Banyuwangi,052500,Prov. Jawa Timur,050000,7,1,82,6,6,0,1,23,30 Apr 2026 08:26:56,9B89986777D1BBCF08D4
SD NEGERI 4 KARANGSARI,20525173,SD,Negeri,Kec. Sempu,052515,Kab. Banyuwangi,052500,Prov. Jawa Timur,050000,4,2,73,6,6,0,0,17,14 Apr 2026 07:17:12,B61BEED928E56B36FBED
SD NEGERI 4 TEGALARUM,20525305,SD,Negeri,Kec. Sempu,052515,Kab. Banyuwangi,052500,Prov. Jawa Timur,050000,6,1,29,6,6,0,0,20,13 Apr 2026 23:49:30,87F5CB7CA90D77CDF48F
SD NEGERI 4 TEMUASRI,20525334,SD,Negeri,Kec. Sempu,052515,Kab. Banyuwangi,052500,Prov. Jawa Timur,050000,7,1,95,6,6,0,1,19,10 Mar 2026 08:09:17,4BF62CB0F956A0568771
SD NEGERI 4 TEMUGURUH,20525335,SD,Negeri,Kec. Sempu,052515,Kab. Banyuwangi,052500,Prov. Jawa Timur,050000,6,0,131,6,6,0,1,12,10 Apr 2026 13:09:49,05A5E045D19F8E61ECA5
SD NEGERI 5 GENDOH,20525267,SD,Negeri,Kec. Sempu,052515,Kab. Banyuwangi,052500,Prov. Jawa Timur,050000,4,1,46,6,6,0,0,8,07 Apr 2026 06:57:30,75A9B136055976E63AE5
SD NEGERI 5 JAMBEWANGI,20525263,SD,Negeri,Kec. Sempu,052515,Kab. Banyuwangi,052500,Prov. Jawa Timur,050000,6,3,180,6,8,0,1,30,02 Apr 2026 13:03:57,2D4196A930E4F428E1C8
SD NEGERI 5 KARANGSARI,20525260,SD,Negeri,Kec. Sempu,052515,Kab. Banyuwangi,052500,Prov. Jawa Timur,050000,5,2,91,6,6,0,1,25,16 Mar 2026 16:19:39,0561E488FE2FFA715E8A
SD NEGERI 7 JAMBEWANGI,20525774,SD,Negeri,Kec. Sempu,052515,Kab. Banyuwangi,052500,Prov. Jawa Timur,050000,8,2,146,7,6,0,1,26,17 Mar 2026 09:50:53,83EF595495F23AE76A90
SD NEGERI 7 KARANGSARI,20525759,SD,Negeri,Kec. Sempu,052515,Kab. Banyuwangi,052500,Prov. Jawa Timur,050000,5,1,51,6,6,0,0,39,08 Apr 2026 08:04:09,DD8D4B154ECF8FB530A2
SD NEGERI 8 JAMBEWANGI,20525886,SD,Negeri,Kec. Sempu,052515,Kab. Banyuwangi,052500,Prov. Jawa Timur,050000,9,1,193,6,8,0,1,30,27 Apr 2026 11:13:21,1559FC454B040B1ABE4F
SD NEGERI 9 JAMBEWANGI,20525915,SD,Negeri,Kec. Sempu,052515,Kab. Banyuwangi,052500,Prov. Jawa Timur,050000,6,1,90,6,6,0,0,34,28 Apr 2026 09:53:57,1533E406903A93749090
SMP NEGERI 1 SEMPU,20525716,SMP,Negeri,Kec. Sempu,052515,Kab. Banyuwangi,052500,Prov. Jawa Timur,050000,35,3,771,24,24,4,1,28,16 Mar 2026 17:31:40,F91EB89CE37B047BA224
SMP NEGERI 2 SEMPU,20525636,SMP,Negeri,Kec. Sempu,052515,Kab. Banyuwangi,052500,Prov. Jawa Timur,050000,21,6,357,13,20,1,1,17,18 Apr 2026 07:56:20,73F386691EDA5404D49D
SMP NEGERI 3 SEMPU SATU ATAP,20540137,SMP,Negeri,Kec. Sempu,052515,Kab. Banyuwangi,052500,Prov. Jawa Timur,050000,13,3,194,7,8,2,1,22,31 Mar 2026 08:07:28,BBDD90E07822A65ABE02
SMP AL-AZHAR,20525616,SMP,Swasta,Kec. Sempu,052515,Kab. Banyuwangi,052500,Prov. Jawa Timur,050000,11,3,79,3,6,2,1,34,24 Apr 2026 06:59:56,22522100D93CC6992E13
SMP ARRAUDOH,70003838,SMP,Swasta,Kec. Sempu,052515,Kab. Banyuwangi,052500,Prov. Jawa Timur,050000,7,1,31,3,4,1,1,16,14 Apr 2026 07:42:53,6CFB5D0C2907E7B3C13A
SMP FATHUL ULUM,70046762,SMP,Swasta,Kec. Sempu,052515,Kab. Banyuwangi,052500,Prov. Jawa Timur,050000,8,2,18,2,2,0,0,18,25 Apr 2026 10:00:01,B410A895779F73CE3773
SMP ISLAM TERPADU AL-IMAN KAMIL MUKAMIL,70032432,SMP,Swasta,Kec. Sempu,052515,Kab. Banyuwangi,052500,Prov. Jawa Timur,050000,9,2,35,3,3,1,1,5,28 Jan 2026 18:03:37,4257E4227A0408DD3664
SMP MUHAMMADIYAH 7,20525535,SMP,Swasta,Kec. Sempu,052515,Kab. Banyuwangi,052500,Prov. Jawa Timur,050000,24,3,424,15,15,3,1,12,16 Mar 2026 18:45:18,8BD43345A7855EDECA0A
SMP PGRI 3 SEMPU,20525568,SMP,Swasta,Kec. Sempu,052515,Kab. Banyuwangi,052500,Prov. Jawa Timur,050000,7,1,69,3,6,2,1,30,21 Apr 2026 09:14:57,7E9095E87589B099A05B
SMP SULTAN AGUNG SEMPU,20525632,SMP,Swasta,Kec. Sempu,052515,Kab. Banyuwangi,052500,Prov. Jawa Timur,050000,3,1,28,3,3,2,1,9,04 Apr 2026 07:55:10,39DA38BF0D8D50E3457A
SMP WALI SONGO,20539400,SMP,Swasta,Kec. Sempu,052515,Kab. Banyuwangi,052500,Prov. Jawa Timur,050000,10,1,57,3,3,4,1,15,08 Apr 2026 09:49:13,EC3892DC15711FE300C3
SMA AL MUBAROK,69861085,SMA,Swasta,Kec. Sempu,052515,Kab. Banyuwangi,052500,Prov. Jawa Timur,050000,8,2,23,3,3,0,0,39,15 Apr 2026 09:01:18,ECDE689E7F2BC8184A3E
SMK AL FIRDAUS,70003699,SMK,Swasta,Kec. Sempu,052515,Kab. Banyuwangi,052500,Prov. Jawa Timur,050000,9,2,43,3,3,1,0,36,30 Apr 2026 07:19:17,EEEC8B3296892EB1EB2A
SMK PGRI SEMPU,69899719,SMK,Swasta,Kec. Sempu,052515,Kab. Banyuwangi,052500,Prov. Jawa Timur,050000,11,1,50,6,3,1,1,12,20 Apr 2026 13:55:27,519D185510E288B04BCA
SMKS AL AZHAR SEMPU,20525607,SMK,Swasta,Kec. Sempu,052515,Kab. Banyuwangi,052500,Prov. Jawa Timur,050000,31,3,463,19,11,3,1,16,30 Apr 2026 07:05:04,B459834A63D6A74787A3
SD NEGERI 1 ALASBULUH,20526055,SD,Negeri,Kec. Wongsorejo,052521,Kab. Banyuwangi,052500,Prov. Jawa Timur,050000,6,4,90,6,16,0,2,22,22 Apr 2026 08:18:04,D7C4D9EF602FA08D23D7
SD NEGERI 1 ALASREJO,20526057,SD,Negeri,Kec. Wongsorejo,052521,Kab. Banyuwangi,052500,Prov. Jawa Timur,050000,7,1,35,6,6,0,0,16,16 Mar 2026 23:26:12,9278B2D940489A6335DD
SD NEGERI 1 BAJULMATI,20526051,SD,Negeri,Kec. Wongsorejo,052521,Kab. Banyuwangi,052500,Prov. Jawa Timur,050000,5,2,202,6,6,1,1,9,16 Apr 2026 07:50:26,CDD660477EF10F700AAD
SD NEGERI 1 BANGSRING,20526043,SD,Negeri,Kec. Wongsorejo,052521,Kab. Banyuwangi,052500,Prov. Jawa Timur,050000,9,1,202,7,5,0,1,11,17 Apr 2026 10:37:11,AB34A32A6BBFB3FF1597
SD NEGERI 1 BENGKAK,20526542,SD,Negeri,Kec. Wongsorejo,052521,Kab. Banyuwangi,052500,Prov. Jawa Timur,050000,8,3,110,6,6,1,1,17,11 Apr 2026 10:30:50,C31F19259BEF020D92A2
SD NEGERI 1 BIMOREJO,20526543,SD,Negeri,Kec. Wongsorejo,052521,Kab. Banyuwangi,052500,Prov. Jawa Timur,050000,8,2,159,7,7,1,1,9,14 Apr 2026 06:59:56,4EF2B72DAAA61D4BE1B8
SD NEGERI 1 SIDODADI,20526650,SD,Negeri,Kec. Wongsorejo,052521,Kab. Banyuwangi,052500,Prov. Jawa Timur,050000,6,1,91,6,6,0,1,10,04 Apr 2026 05:57:42,FDAF68D1F59B4AFA3ADE
SD NEGERI 1 SIDOWANGI,20526652,SD,Negeri,Kec. Wongsorejo,052521,Kab. Banyuwangi,052500,Prov. Jawa Timur,050000,7,2,160,6,6,0,0,27,28 Apr 2026 15:55:21,36AC8E8AD9CDC9327DE9
SD NEGERI 1 SUMBERANYAR,20526596,SD,Negeri,Kec. Wongsorejo,052521,Kab. Banyuwangi,052500,Prov. Jawa Timur,050000,6,2,97,6,6,0,0,18,25 Apr 2026 07:50:27,FDFAE32396C9401CF7F7
SD NEGERI 1 SUMBERKENCONO,20526587,SD,Negeri,Kec. Wongsorejo,052521,Kab. Banyuwangi,052500,Prov. Jawa Timur,050000,7,2,184,7,7,0,1,16,28 Apr 2026 07:39:35,C2199922D331C6E4FF6D
SD NEGERI 1 WATUKEBO,20554926,SD,Negeri,Kec. Wongsorejo,052521,Kab. Banyuwangi,052500,Prov. Jawa Timur,050000,6,1,91,6,6,0,1,20,30 Apr 2026 15:55:59,564316328A0426F75138
SD NEGERI 1 WONGSOREJO,20526608,SD,Negeri,Kec. Wongsorejo,052521,Kab. Banyuwangi,052500,Prov. Jawa Timur,050000,13,0,263,12,12,0,1,20,04 Apr 2026 08:18:11,B8BD1D2F91920EDCD3F7
SD NEGERI 2 ALASREJO,20526364,SD,Negeri,Kec. Wongsorejo,052521,Kab. Banyuwangi,052500,Prov. Jawa Timur,050000,4,3,92,6,6,1,0,8,10 Apr 2026 00:14:44,A70843C50D6F8D79FCD0
SD NEGERI 2 BAJULMATI,20526379,SD,Negeri,Kec. Wongsorejo,052521,Kab. Banyuwangi,052500,Prov. Jawa Timur,050000,6,2,182,7,7,1,1,18,22 Apr 2026 10:42:45,E156083F0149D632AD62
SD NEGERI 2 BANGSRING,20526383,SD,Negeri,Kec. Wongsorejo,052521,Kab. Banyuwangi,052500,Prov. Jawa Timur,050000,6,1,69,6,6,0,0,28,18 Apr 2026 08:06:35,8B849B319BBCDB312065
SD NEGERI 2 BENGKAK,20526372,SD,Negeri,Kec. Wongsorejo,052521,Kab. Banyuwangi,052500,Prov. Jawa Timur,050000,6,3,170,6,6,0,0,21,02 May 2026 11:04:01,8C825BABB10830D583DF
SD NEGERI 2 SIDOWANGI,20526427,SD,Negeri,Kec. Wongsorejo,052521,Kab. Banyuwangi,052500,Prov. Jawa Timur,050000,6,1,76,6,6,1,1,11,16 Mar 2026 15:41:53,4617369F94E75D7CAF17
SD NEGERI 2 SUMBERANYAR,20526418,SD,Negeri,Kec. Wongsorejo,052521,Kab. Banyuwangi,052500,Prov. Jawa Timur,050000,6,1,80,6,7,0,0,10,07 Apr 2026 17:34:40,B8DF3189716380A018C5
SD NEGERI 2 SUMBERKENCONO,20526419,SD,Negeri,Kec. Wongsorejo,052521,Kab. Banyuwangi,052500,Prov. Jawa Timur,050000,8,2,157,6,8,1,1,11,02 Apr 2026 08:52:29,1EE18B93F55945C12463
SD NEGERI 2 WATUKEBO,20570798,SD,Negeri,Kec. Wongsorejo,052521,Kab. Banyuwangi,052500,Prov. Jawa Timur,050000,2,2,142,6,6,0,1,12,08 Apr 2026 19:32:35,E82007B5598110749929
SD NEGERI 2 WONGSOREJO,20525431,SD,Negeri,Kec. Wongsorejo,052521,Kab. Banyuwangi,052500,Prov. Jawa Timur,050000,7,2,116,6,6,0,0,14,07 Apr 2026 11:35:03,492CB50F5E6F51FEE56B
SD NEGERI 3 ALASREJO,20525418,SD,Negeri,Kec. Wongsorejo,052521,Kab. Banyuwangi,052500,Prov. Jawa Timur,050000,7,2,45,6,6,0,1,42,16 Apr 2026 07:29:16,42BCC10271B4BB3A88C1
SD NEGERI 3 BANGSRING,20525390,SD,Negeri,Kec. Wongsorejo,052521,Kab. Banyuwangi,052500,Prov. Jawa Timur,050000,6,0,49,6,6,1,1,11,16 Mar 2026 15:54:28,69059FD14629081C14AA
SD NEGERI 3 BENGKAK,20525362,SD,Negeri,Kec. Wongsorejo,052521,Kab. Banyuwangi,052500,Prov. Jawa Timur,050000,6,3,69,6,4,0,1,20,28 Apr 2026 14:20:37,96C1F242F2F48F9C6E05
SD NEGERI 3 WATUKEBO,20570799,SD,Negeri,Kec. Wongsorejo,052521,Kab. Banyuwangi,052500,Prov. Jawa Timur,050000,4,0,15,6,6,0,0,6,16 Mar 2026 16:04:46,8C89667A722BF3CA83DC
SD NEGERI 3 WONGSOREJO,20525223,SD,Negeri,Kec. Wongsorejo,052521,Kab. Banyuwangi,052500,Prov. Jawa Timur,050000,6,2,66,6,6,0,0,14,10 Apr 2026 10:12:28,A69A30C677024B1DD204
SD NEGERI 4 ALASBULUH,20525207,SD,Negeri,Kec. Wongsorejo,052521,Kab. Banyuwangi,052500,Prov. Jawa Timur,050000,5,1,42,6,6,0,1,14,16 Apr 2026 08:10:48,A3D7B2EAC27B6A9918E9
SD NEGERI 4 BAJULMATI,20525209,SD,Negeri,Kec. Wongsorejo,052521,Kab. Banyuwangi,052500,Prov. Jawa Timur,050000,4,2,190,6,6,1,1,11,02 Apr 2026 08:00:38,1D630FCA53E1F770C941
SD NEGERI 4 WATUKEBO,20525339,SD,Negeri,Kec. Wongsorejo,052521,Kab. Banyuwangi,052500,Prov. Jawa Timur,050000,7,1,52,6,6,0,1,16,09 Apr 2026 08:28:07,901AB64A936E8CFFC226
SD NEGERI 4 WONGSOREJO,20525340,SD,Negeri,Kec. Wongsorejo,052521,Kab. Banyuwangi,052500,Prov. Jawa Timur,050000,8,1,83,6,6,0,1,25,20 Apr 2026 08:47:15,7ADC0D4CF407CEF42C73
SD NEGERI 5 ALASBULUH,20525324,SD,Negeri,Kec. Wongsorejo,052521,Kab. Banyuwangi,052500,Prov. Jawa Timur,050000,5,2,88,6,6,0,1,16,29 Apr 2026 13:22:58,808AEEF608E145C8B9AC
SD NEGERI 5 BAJULMATI,20525326,SD,Negeri,Kec. Wongsorejo,052521,Kab. Banyuwangi,052500,Prov. Jawa Timur,050000,6,1,0,0,6,1,1,0,12 Apr 2026 14:48:27,066D60AD5C8674155A04
SD NEGERI 6 ALASBULUH,20525805,SD,Negeri,Kec. Wongsorejo,052521,Kab. Banyuwangi,052500,Prov. Jawa Timur,050000,7,2,60,6,4,0,1,18,16 Mar 2026 15:43:15,F05CB1512B99011CC292
SD NEGERI 6 WATUKEBO,20525741,SD,Negeri,Kec. Wongsorejo,052521,Kab. Banyuwangi,052500,Prov. Jawa Timur,050000,5,3,65,6,6,0,1,9,06 Apr 2026 07:55:10,42CF0136B2AAA9B0726A
SD Islam Al Imarah,20554046,SD,Swasta,Kec. Wongsorejo,052521,Kab. Banyuwangi,052500,Prov. Jawa Timur,050000,8,2,90,6,6,1,1,11,09 Apr 2026 08:42:04,28DB8A04A995AA51D987
SD ISLAM SUNAN KALIJAGA,69931975,SD,Swasta,Kec. Wongsorejo,052521,Kab. Banyuwangi,052500,Prov. Jawa Timur,050000,7,1,115,6,5,0,0,5,07 Mar 2026 12:22:28,DCF3241CD88E73FE8AE3
SD ISLAM TERPADU AR ROHMAH,69991846,SD,Swasta,Kec. Wongsorejo,052521,Kab. Banyuwangi,052500,Prov. Jawa Timur,050000,7,2,204,9,10,1,1,6,19 Mar 2026 13:16:01,239388B188957FC36833
SMP NEGERI 1 WONGSOREJO,20525734,SMP,Negeri,Kec. Wongsorejo,052521,Kab. Banyuwangi,052500,Prov. Jawa Timur,050000,24,6,501,17,18,4,1,19,28 Apr 2026 08:42:30,DBCDEA5A029E8C6A9575
SMP NEGERI 2 WONGSOREJO SATU ATAP,20560143,SMP,Negeri,Kec. Wongsorejo,052521,Kab. Banyuwangi,052500,Prov. Jawa Timur,050000,10,1,75,3,3,0,1,10,04 Mar 2026 07:33:29,BA02C847D81FC7BC98D5
SMP NEGERI 3 WONGSOREJO SATU ATAP,20560146,SMP,Negeri,Kec. Wongsorejo,052521,Kab. Banyuwangi,052500,Prov. Jawa Timur,050000,9,0,36,3,3,1,1,12,29 Apr 2026 10:10:37,65D74B8B3DC8C9B2F16E
SMP NEGERI 4 WONGSOREJO SATU ATAP,20560147,SMP,Negeri,Kec. Wongsorejo,052521,Kab. Banyuwangi,052500,Prov. Jawa Timur,050000,7,0,54,3,3,1,1,1,01 May 2026 21:59:30,80238D5C6BE5B49E46EB
SMP BAHRUL ULUM,69934313,SMP,Swasta,Kec. Wongsorejo,052521,Kab. Banyuwangi,052500,Prov. Jawa Timur,050000,14,2,56,3,6,2,1,16,29 Apr 2026 14:44:56,2D5E2680D89295715218
SMP DARUL HUDA,20525618,SMP,Swasta,Kec. Wongsorejo,052521,Kab. Banyuwangi,052500,Prov. Jawa Timur,050000,8,1,67,3,3,2,1,9,01 Mar 2026 09:11:28,CAD8BE737B6F7BBA016D
SMP IBRAHIMY,20540118,SMP,Swasta,Kec. Wongsorejo,052521,Kab. Banyuwangi,052500,Prov. Jawa Timur,050000,6,2,74,3,7,2,1,34,24 Apr 2026 08:45:14,5E079D92FCAB0A3AD297
SMP ISLAM SUNAN KALIJAGA,70003427,SMP,Swasta,Kec. Wongsorejo,052521,Kab. Banyuwangi,052500,Prov. Jawa Timur,050000,5,3,78,3,1,0,1,10,26 Apr 2026 20:03:57,FD5B453C62C61B00B4E3
SMP MAARIF,20525532,SMP,Swasta,Kec. Wongsorejo,052521,Kab. Banyuwangi,052500,Prov. Jawa Timur,050000,11,3,90,3,3,1,1,13,04 Apr 2026 16:20:22,FB11F8945A448DA188A8
SMP NURUL ABROR ARROBANIYIIN,20574616,SMP,Swasta,Kec. Wongsorejo,052521,Kab. Banyuwangi,052500,Prov. Jawa Timur,050000,29,3,764,21,23,2,2,24,30 Apr 2026 10:56:59,54A2B1B2F5E3E49F3E48
SMP NURUT TAQWA,69948532,SMP,Swasta,Kec. Wongsorejo,052521,Kab. Banyuwangi,052500,Prov. Jawa Timur,050000,12,1,36,3,6,1,0,10,17 Mar 2026 10:12:28,9B02D5EC4F05430D649F
SMP TARBIYATUL MUHIBBIN,69966929,SMP,Swasta,Kec. Wongsorejo,052521,Kab. Banyuwangi,052500,Prov. Jawa Timur,050000,11,1,68,3,3,1,1,11,16 Mar 2026 19:55:50,7D4686DAE0DD1BD5E478
SMAN 1 WONGSOREJO,20525599,SMA,Negeri,Kec. Wongsorejo,052521,Kab. Banyuwangi,052500,Prov. Jawa Timur,050000,23,9,344,12,16,6,1,18,27 Apr 2026 13:19:11,7D480EDF1BCE407EA47F
SMAS IBRAHIMY WONGSOREJO,20525833,SMA,Swasta,Kec. Wongsorejo,052521,Kab. Banyuwangi,052500,Prov. Jawa Timur,050000,19,4,294,9,7,6,1,9,20 Mar 2026 18:29:14,5244276A3C96D17E1A37
SMKN WONGSOREJO,20525591,SMK,Negeri,Kec. Wongsorejo,052521,Kab. Banyuwangi,052500,Prov. Jawa Timur,050000,47,22,768,27,22,3,1,39,27 Apr 2026 09:29:34,2D109D5EE450EEC35C92
SMK IBRAHIMY,69969239,SMK,Swasta,Kec. Wongsorejo,052521,Kab. Banyuwangi,052500,Prov. Jawa Timur,050000,7,1,59,3,3,1,1,9,04 Apr 2026 14:30:02,7AF16349212D0D3CD7F9
SMK KELAUTAN DAN PERIKANAN SUNAN KALIJAGA,69978924,SMK,Swasta,Kec. Wongsorejo,052521,Kab. Banyuwangi,052500,Prov. Jawa Timur,050000,6,1,60,3,1,0,0,16,18 Apr 2026 12:37:16,026795CE5A07B6137816
SMK NURUL ABROR ARROBANIYYIN,69852107,SMK,Swasta,Kec. Wongsorejo,052521,Kab. Banyuwangi,052500,Prov. Jawa Timur,050000,31,6,627,20,21,2,1,16,28 Apr 2026 12:06:23,6FBC8C607A2919C4364C
SD NEGERI 1 BANYUANYAR,20526047,SD,Negeri,Kec. Kalibaru,052509,Kab. Banyuwangi,052500,Prov. Jawa Timur,050000,8,2,197,7,11,0,1,31,04 Apr 2026 03:32:57,4248F7A5453AB2AAC3D1
SD NEGERI 1 KAJARHARJO,20526560,SD,Negeri,Kec. Kalibaru,052509,Kab. Banyuwangi,052500,Prov. Jawa Timur,050000,5,1,97,6,6,0,0,5,16 Apr 2026 13:01:53,DE1FD3EE19ECCB518AEE
SD NEGERI 1 KALIBARU WETAN,20526527,SD,Negeri,Kec. Kalibaru,052509,Kab. Banyuwangi,052500,Prov. Jawa Timur,050000,8,2,166,6,7,0,1,15,06 Apr 2026 12:35:52,7296F367B93D646437AF
SD NEGERI 1 KALIBARUKULON,20526561,SD,Negeri,Kec. Kalibaru,052509,Kab. Banyuwangi,052500,Prov. Jawa Timur,050000,13,3,391,12,15,0,1,27,25 Apr 2026 11:08:39,EFF78E433BF8B4A94CA0
SD NEGERI 1 KALIBARUMANIS,20526574,SD,Negeri,Kec. Kalibaru,052509,Kab. Banyuwangi,052500,Prov. Jawa Timur,050000,8,1,146,6,6,0,0,18,18 Apr 2026 09:52:07,552C7B74447BF152C809
SD NEGERI 1 KEBONREJO,20526503,SD,Negeri,Kec. Kalibaru,052509,Kab. Banyuwangi,052500,Prov. Jawa Timur,050000,6,1,41,6,6,0,1,13,25 Apr 2026 08:20:15,E31B76B8EE8777A25AD7
SD NEGERI 2 BANYUANYAR,20526377,SD,Negeri,Kec. Kalibaru,052509,Kab. Banyuwangi,052500,Prov. Jawa Timur,050000,6,1,100,6,5,0,0,13,03 Apr 2026 02:51:52,5D8536BA27EDDA8A6992
SD NEGERI 2 KAJARHARJO,20548871,SD,Negeri,Kec. Kalibaru,052509,Kab. Banyuwangi,052500,Prov. Jawa Timur,050000,6,1,167,6,7,0,1,8,06 Apr 2026 21:13:29,6874F4C06CF8699D7580
SD NEGERI 2 KALIBARUMANIS,20526339,SD,Negeri,Kec. Kalibaru,052509,Kab. Banyuwangi,052500,Prov. Jawa Timur,050000,8,1,109,6,6,0,1,6,16 Mar 2026 17:16:10,02D03B314895AE5943B6
SD NEGERI 2 KALIBARUWETAN,20526329,SD,Negeri,Kec. Kalibaru,052509,Kab. Banyuwangi,052500,Prov. Jawa Timur,050000,8,2,176,7,9,0,1,17,16 Apr 2026 11:17:16,CC4C706A8BF2FE0DA211
SD NEGERI 2 KEBONREJO,20526454,SD,Negeri,Kec. Kalibaru,052509,Kab. Banyuwangi,052500,Prov. Jawa Timur,050000,5,2,87,6,6,0,1,18,13 Apr 2026 10:43:38,11FA9E823D232C4F1E4C
SD NEGERI 3 BANYUANYAR,20525344,SD,Negeri,Kec. Kalibaru,052509,Kab. Banyuwangi,052500,Prov. Jawa Timur,050000,5,1,76,6,6,0,1,14,08 Apr 2026 08:20:05,987D51E62319CBCFED59
SD NEGERI 3 KALIBARU KULON,20525369,SD,Negeri,Kec. Kalibaru,052509,Kab. Banyuwangi,052500,Prov. Jawa Timur,050000,7,2,120,6,6,0,1,35,11 Apr 2026 22:00:03,1FA39EE188D53AE19517
SD NEGERI 3 KALIBARUMANIS,20525370,SD,Negeri,Kec. Kalibaru,052509,Kab. Banyuwangi,052500,Prov. Jawa Timur,050000,4,1,21,5,6,0,0,13,02 May 2026 10:52:05,2D6100D32705DBAD4B93
SD NEGERI 3 KEBONREJO,20525504,SD,Negeri,Kec. Kalibaru,052509,Kab. Banyuwangi,052500,Prov. Jawa Timur,050000,9,2,229,11,9,0,1,24,04 Apr 2026 08:26:09,809C8255586692E87CBB
SD NEGERI 4 KAJARHARJO,20525232,SD,Negeri,Kec. Kalibaru,052509,Kab. Banyuwangi,052500,Prov. Jawa Timur,050000,7,0,197,6,6,1,1,9,03 Apr 2026 02:58:25,A0BDCEFA8C7DC2B234B4
SD NEGERI 4 KALIBARU WETAN,20525235,SD,Negeri,Kec. Kalibaru,052509,Kab. Banyuwangi,052500,Prov. Jawa Timur,050000,8,1,162,7,7,1,2,16,06 Apr 2026 08:18:10,1910B219E9CB5E602590
SD NEGERI 4 KALIBARUMANIS,20525233,SD,Negeri,Kec. Kalibaru,052509,Kab. Banyuwangi,052500,Prov. Jawa Timur,050000,6,3,188,7,6,1,1,14,04 Apr 2026 05:17:13,3F64AA846EDFA13AA71F
SD NEGERI 4 KEBONREJO,20525176,SD,Negeri,Kec. Kalibaru,052509,Kab. Banyuwangi,052500,Prov. Jawa Timur,050000,6,1,81,6,6,1,1,29,22 Apr 2026 10:00:28,B26E2367F76112AE8352
SD NEGERI 5 KAJARHARJO,20525262,SD,Negeri,Kec. Kalibaru,052509,Kab. Banyuwangi,052500,Prov. Jawa Timur,050000,6,2,22,6,5,0,0,9,02 Apr 2026 06:19:04,7F6DF395E63883BE9E78
SD NEGERI 5 KALIBARU WETAN,20525254,SD,Negeri,Kec. Kalibaru,052509,Kab. Banyuwangi,052500,Prov. Jawa Timur,050000,7,1,71,6,6,0,1,17,07 Apr 2026 10:18:37,D3AC80B4F8D15662BD90
SD NEGERI 5 KALIBARUMANIS,20525253,SD,Negeri,Kec. Kalibaru,052509,Kab. Banyuwangi,052500,Prov. Jawa Timur,050000,9,0,221,10,8,0,0,17,30 Apr 2026 13:32:09,17A0C76B9D6F1BB45D96
SD NEGERI 5 KEBONREJO,20525274,SD,Negeri,Kec. Kalibaru,052509,Kab. Banyuwangi,052500,Prov. Jawa Timur,050000,6,1,68,6,6,1,0,28,04 Apr 2026 07:50:02,107BECC2D60304D0C470
SD NEGERI 6 KAJARHARJO,20525817,SD,Negeri,Kec. Kalibaru,052509,Kab. Banyuwangi,052500,Prov. Jawa Timur,050000,6,3,257,12,12,1,1,23,16 Mar 2026 21:23:37,55BE9AADA15C35F3FFBC
SD NEGERI 7 KAJARHARJO,20525775,SD,Negeri,Kec. Kalibaru,052509,Kab. Banyuwangi,052500,Prov. Jawa Timur,050000,8,3,177,7,9,1,1,11,12 Apr 2026 17:43:42,15616AA4AAA747ABAAE8
SD NEGERI 7 KALIBARU WETAN,20525778,SD,Negeri,Kec. Kalibaru,052509,Kab. Banyuwangi,052500,Prov. Jawa Timur,050000,7,2,114,6,6,0,0,20,23 Apr 2026 14:01:31,2381EA5032C17EE5C908
SD NEGERI 8 KALIBARU WETAN,20525876,SD,Negeri,Kec. Kalibaru,052509,Kab. Banyuwangi,052500,Prov. Jawa Timur,050000,6,2,99,6,6,0,0,24,07 Mar 2026 15:16:37,78D386A46CC7D507CE17
SD NEGERI 8 KALIBARUMANIS,20525885,SD,Negeri,Kec. Kalibaru,052509,Kab. Banyuwangi,052500,Prov. Jawa Timur,050000,6,2,180,6,9,0,1,10,17 Mar 2026 08:40:50,F4BB92583584A0EE45C4
SD NEGERI 9 KALIBARU WETAN,20525916,SD,Negeri,Kec. Kalibaru,052509,Kab. Banyuwangi,052500,Prov. Jawa Timur,050000,7,3,97,6,6,0,1,4,16 Jan 2026 14:34:55,2F38829EC8C492293936
SDN 4 KALIBARU KULON,20548872,SD,Negeri,Kec. Kalibaru,052509,Kab. Banyuwangi,052500,Prov. Jawa Timur,050000,6,2,101,6,6,0,1,15,13 Apr 2026 21:47:42,56B849E637D93D766954
SD ISLAM TERPADU INSAN CENDIKIA,20573193,SD,Swasta,Kec. Kalibaru,052509,Kab. Banyuwangi,052500,Prov. Jawa Timur,050000,13,2,249,10,12,0,1,40,21 Apr 2026 11:39:15,D081B242F7790D1E6E54
SD MUHAMMADIYAH 18 KALIBARU,69889127,SD,Swasta,Kec. Kalibaru,052509,Kab. Banyuwangi,052500,Prov. Jawa Timur,050000,9,4,147,6,7,1,0,13,05 Apr 2026 19:16:01,83395D1EBE65C3C67CAC
SMP NEGERI 1 KALIBARU,20525731,SMP,Negeri,Kec. Kalibaru,052509,Kab. Banyuwangi,052500,Prov. Jawa Timur,050000,33,9,761,24,25,3,1,24,29 Apr 2026 08:20:21,FA4263ADD6347D9FBE57
SMP NEGERI 2 KALIBARU,20525652,SMP,Negeri,Kec. Kalibaru,052509,Kab. Banyuwangi,052500,Prov. Jawa Timur,050000,14,8,219,9,12,2,1,25,17 Apr 2026 07:12:40,FBF2309EC2BBA3CABEE1
SMP NEGERI 3 KALIBARU SATU ATAP,20560088,SMP,Negeri,Kec. Kalibaru,052509,Kab. Banyuwangi,052500,Prov. Jawa Timur,050000,10,0,30,3,3,1,1,9,16 Mar 2026 21:43:39,C773D7038CE1FF1D6132
SMP NEGERI 4 KALIBARU SATU ATAP,20560089,SMP,Negeri,Kec. Kalibaru,052509,Kab. Banyuwangi,052500,Prov. Jawa Timur,050000,10,1,55,3,3,1,1,16,18 Apr 2026 09:55:26,FDDDAC2920E54A709890
SMP NEGERI 5 KALIBARU SATU ATAP,20560086,SMP,Negeri,Kec. Kalibaru,052509,Kab. Banyuwangi,052500,Prov. Jawa Timur,050000,9,1,73,4,3,1,1,13,23 Apr 2026 11:42:10,78F95EC7C4D277931117
SMP ANNUR,20540117,SMP,Swasta,Kec. Kalibaru,052509,Kab. Banyuwangi,052500,Prov. Jawa Timur,050000,16,1,419,15,12,1,1,20,22 Apr 2026 08:02:38,C92638376628A555FB49
SMP DARUSSALAM,20525619,SMP,Swasta,Kec. Kalibaru,052509,Kab. Banyuwangi,052500,Prov. Jawa Timur,050000,14,1,162,7,10,2,1,19,21 Apr 2026 11:17:26,AE49A2FAEA3C64457B22
SMP ISLAM KALIBARU,20525543,SMP,Swasta,Kec. Kalibaru,052509,Kab. Banyuwangi,052500,Prov. Jawa Timur,050000,8,1,88,4,4,1,1,36,14 Apr 2026 08:13:53,343070E5DB3E27F46ACD
SMP ISLAM TERPADU INSAN CENDEKIA,69948845,SMP,Swasta,Kec. Kalibaru,052509,Kab. Banyuwangi,052500,Prov. Jawa Timur,050000,5,2,53,3,3,1,1,9,20 Apr 2026 12:29:49,47A5074F423D3258EB0D
SMAS NU KALIBARU,20540171,SMA,Swasta,Kec. Kalibaru,052509,Kab. Banyuwangi,052500,Prov. Jawa Timur,050000,10,4,108,3,6,3,1,19,29 Apr 2026 19:25:52,73C1646ABF02215E2A7E
SMKN  KALIBARU,20525628,SMK,Negeri,Kec. Kalibaru,052509,Kab. Banyuwangi,052500,Prov. Jawa Timur,050000,78,25,1297,43,39,5,1,42,29 Apr 2026 09:22:53,D74B39E4837F36DA8462
SD NEGERI 1 BARENG,20526048,SD,Negeri,Kec. Kabat,052513,Kab. Banyuwangi,052500,Prov. Jawa Timur,050000,7,0,50,6,6,0,0,24,02 May 2026 11:47:28,C8A12D95DCB9C9C09D8F
SD NEGERI 1 BUNDER,20526532,SD,Negeri,Kec. Kabat,052513,Kab. Banyuwangi,052500,Prov. Jawa Timur,050000,6,1,70,6,6,0,0,18,02 May 2026 10:08:47,4CE140D91F19C89A288A
SD NEGERI 1 DADAPAN,20526535,SD,Negeri,Kec. Kabat,052513,Kab. Banyuwangi,052500,Prov. Jawa Timur,050000,8,1,164,6,6,0,1,11,03 Mar 2026 13:09:20,C1B84BC058726B18971A
SD NEGERI 1 GOMBOLIRANG,20526573,SD,Negeri,Kec. Kabat,052513,Kab. Banyuwangi,052500,Prov. Jawa Timur,050000,7,1,66,6,6,0,1,12,08 Apr 2026 12:15:33,53BE4747BF50B9132137
SD NEGERI 1 KABAT,20526559,SD,Negeri,Kec. Kabat,052513,Kab. Banyuwangi,052500,Prov. Jawa Timur,050000,8,0,113,6,6,1,1,36,06 Apr 2026 07:16:51,F0F3A0E75101CFBBDE9C
SD NEGERI 1 KALIREJO,20526498,SD,Negeri,Kec. Kabat,052513,Kab. Banyuwangi,052500,Prov. Jawa Timur,050000,8,1,183,6,6,1,1,33,16 Mar 2026 20:51:29,C5EDDEB0CBF86717CF7E
SD NEGERI 1 KEDAYUNAN,20526505,SD,Negeri,Kec. Kabat,052513,Kab. Banyuwangi,052500,Prov. Jawa Timur,050000,7,2,117,6,6,0,1,15,27 Apr 2026 08:41:31,A34A7FC4393002513ED5
SD NEGERI 1 LABANASEM,20526514,SD,Negeri,Kec. Kabat,052513,Kab. Banyuwangi,052500,Prov. Jawa Timur,050000,8,2,40,6,6,0,0,11,14 Mar 2026 09:45:45,9BA609A56DCF481903ED
SD NEGERI 1 MACANPUTIH,20526635,SD,Negeri,Kec. Kabat,052513,Kab. Banyuwangi,052500,Prov. Jawa Timur,050000,7,2,156,6,7,0,1,15,02 May 2026 08:55:57,1A8EA4A362E56CAD856F
SD NEGERI 1 PAKISTAJI,20526642,SD,Negeri,Kec. Kabat,052513,Kab. Banyuwangi,052500,Prov. Jawa Timur,050000,6,2,139,6,6,0,1,21,16 Apr 2026 08:36:17,E494E41C17CBC7B736C8
SD NEGERI 1 PENDARUNGAN,20526627,SD,Negeri,Kec. Kabat,052513,Kab. Banyuwangi,052500,Prov. Jawa Timur,050000,7,2,81,6,10,0,1,21,07 Apr 2026 12:21:54,FBC3F7D29CA5E4D892B6
SD NEGERI 2 BARENG,20526376,SD,Negeri,Kec. Kabat,052513,Kab. Banyuwangi,052500,Prov. Jawa Timur,050000,8,1,61,6,6,0,0,10,05 Apr 2026 18:04:22,AD3FD6766B33DA7589FB
SD NEGERI 2 DADAPAN,20526313,SD,Negeri,Kec. Kabat,052513,Kab. Banyuwangi,052500,Prov. Jawa Timur,050000,7,1,108,6,6,0,1,14,02 Apr 2026 17:14:18,8F0728C5DA30D33747A2
SD NEGERI 2 KABAT,20526337,SD,Negeri,Kec. Kabat,052513,Kab. Banyuwangi,052500,Prov. Jawa Timur,050000,7,2,60,6,6,0,0,17,18 Mar 2026 04:48:06,BA91B6BC70732C58651B
SD NEGERI 2 KALIREJO,20526322,SD,Negeri,Kec. Kabat,052513,Kab. Banyuwangi,052500,Prov. Jawa Timur,050000,7,2,179,7,6,0,1,12,06 Apr 2026 07:43:46,EA8313B40227AEDE392D
SD NEGERI 2 KEDAYUNAN,20526457,SD,Negeri,Kec. Kabat,052513,Kab. Banyuwangi,052500,Prov. Jawa Timur,050000,7,1,122,6,6,0,1,37,15 Apr 2026 12:49:04,42F71CDD2B34E3C5611F
SD NEGERI 2 LABANASEM,20526477,SD,Negeri,Kec. Kabat,052513,Kab. Banyuwangi,052500,Prov. Jawa Timur,050000,6,2,40,6,6,0,0,19,30 Apr 2026 11:09:03,A854B35B9E2E92944AAC
SD NEGERI 2 MACANPUTIH,20526470,SD,Negeri,Kec. Kabat,052513,Kab. Banyuwangi,052500,Prov. Jawa Timur,050000,4,2,127,6,6,0,0,9,08 Apr 2026 18:55:10,81BE307DA34E4B73BD57
SD NEGERI 2 PAKISTAJI,20526467,SD,Negeri,Kec. Kabat,052513,Kab. Banyuwangi,052500,Prov. Jawa Timur,050000,6,1,81,6,7,0,1,9,24 Apr 2026 08:01:32,16BE35CB56C8FDECF262
SD NEGERI 3 BUNDER,20525348,SD,Negeri,Kec. Kabat,052513,Kab. Banyuwangi,052500,Prov. Jawa Timur,050000,7,1,56,6,6,0,0,14,07 Apr 2026 10:37:01,65F8E66EC7E4A4A04301
SD NEGERI 3 DADAPAN,20525350,SD,Negeri,Kec. Kabat,052513,Kab. Banyuwangi,052500,Prov. Jawa Timur,050000,4,2,92,6,6,0,1,16,10 Apr 2026 18:36:53,B2227C9E8739B4FC66C9
SD NEGERI 3 GOMBOLIRANG,20525381,SD,Negeri,Kec. Kabat,052513,Kab. Banyuwangi,052500,Prov. Jawa Timur,050000,7,1,42,6,6,0,0,30,08 Apr 2026 16:47:13,9816AEFC4958F14E6AE5
SD NEGERI 3 KABAT,20525379,SD,Negeri,Kec. Kabat,052513,Kab. Banyuwangi,052500,Prov. Jawa Timur,050000,6,0,78,6,6,0,0,18,30 Mar 2026 11:44:54,7FB231ACA1172A92E8A4
SD NEGERI 3 MACANPUTIH,20525522,SD,Negeri,Kec. Kabat,052513,Kab. Banyuwangi,052500,Prov. Jawa Timur,050000,6,1,94,6,7,0,0,14,08 Apr 2026 00:35:36,A5707EBEB287515ADADE
SD NEGERI 3 PAKISTAJI,20525527,SD,Negeri,Kec. Kabat,052513,Kab. Banyuwangi,052500,Prov. Jawa Timur,050000,6,2,51,6,6,0,0,14,06 Apr 2026 12:34:32,0090EAF55FD87D0756D4
SD NEGERI 3 PENDARUNGAN,20525510,SD,Negeri,Kec. Kabat,052513,Kab. Banyuwangi,052500,Prov. Jawa Timur,050000,6,1,57,6,6,0,0,18,23 Apr 2026 19:20:59,8A2AC1BAF9F3D9F83B87
SD NEGERI 4 GOMBOLIRANG,20525240,SD,Negeri,Kec. Kabat,052513,Kab. Banyuwangi,052500,Prov. Jawa Timur,050000,7,2,52,6,6,0,0,10,02 Apr 2026 10:01:53,AF525BE8A1FC09FC8DAC
SD NEGERI 4 KABAT,20525231,SD,Negeri,Kec. Kabat,052513,Kab. Banyuwangi,052500,Prov. Jawa Timur,050000,5,3,114,6,6,1,1,37,29 Apr 2026 18:22:19,7311451D10989FD351A7
SD NEGERI 5 MACANPUTIH,20525293,SD,Negeri,Kec. Kabat,052513,Kab. Banyuwangi,052500,Prov. Jawa Timur,050000,5,1,41,6,6,0,0,8,02 Apr 2026 06:57:07,0CDD4A5E57FBF89B7B0A
SD NEGERI 6 MACANPUTIH,20525748,SD,Negeri,Kec. Kabat,052513,Kab. Banyuwangi,052500,Prov. Jawa Timur,050000,6,3,49,6,6,0,0,14,01 May 2026 20:13:54,A1A5C9FD97E318AFAFBE
SD NEGERI 7 MACANPUTIH,20525766,SD,Negeri,Kec. Kabat,052513,Kab. Banyuwangi,052500,Prov. Jawa Timur,050000,6,1,54,6,6,0,1,35,21 Apr 2026 12:53:00,6BC774CC34D1903B3F42
SD NEGERI BENELAN LOR,20525904,SD,Negeri,Kec. Kabat,052513,Kab. Banyuwangi,052500,Prov. Jawa Timur,050000,5,2,108,6,6,0,1,24,10 Apr 2026 16:55:41,36EB1E04CBF157E07301
SD NEGERI PONDOKNONGKO,20525874,SD,Negeri,Kec. Kabat,052513,Kab. Banyuwangi,052500,Prov. Jawa Timur,050000,6,0,163,6,6,0,1,21,06 Apr 2026 07:29:57,FF4BF583D6D7930698C2
SD NEGERI TAMBONG,20525842,SD,Negeri,Kec. Kabat,052513,Kab. Banyuwangi,052500,Prov. Jawa Timur,050000,5,1,109,6,6,0,1,19,11 Apr 2026 12:25:55,01209D3441FE835D02E0
SD LAZUARDI TURSINA BANYUWANGI,69864279,SD,Swasta,Kec. Kabat,052513,Kab. Banyuwangi,052500,Prov. Jawa Timur,050000,11,3,310,11,12,2,1,12,18 Apr 2026 19:10:36,0D2FDCDE56772C6B6883
SMP NEGERI 1 KABAT,20525730,SMP,Negeri,Kec. Kabat,052513,Kab. Banyuwangi,052500,Prov. Jawa Timur,050000,22,5,572,19,21,3,1,38,18 Apr 2026 09:54:02,DB430AEBC0752D5E8C51
SMP NEGERI 2 KABAT,20525651,SMP,Negeri,Kec. Kabat,052513,Kab. Banyuwangi,052500,Prov. Jawa Timur,050000,13,6,112,5,9,2,1,19,01 May 2026 19:48:35,2335144D495542682197
SMP AL QURAN SAFINDA BANYUWANGI,69990051,SMP,Swasta,Kec. Kabat,052513,Kab. Banyuwangi,052500,Prov. Jawa Timur,050000,10,2,157,6,6,1,1,17,13 Apr 2026 12:58:05,DD04114153BB84B6919D
SMP ISLAM KABAT,69964833,SMP,Swasta,Kec. Kabat,052513,Kab. Banyuwangi,052500,Prov. Jawa Timur,050000,3,1,32,3,3,1,1,33,07 Apr 2026 07:35:42,973705E6FABD9BA1E061
SMP LAZUARDI TURSINA BANYUWANGI,70004714,SMP,Swasta,Kec. Kabat,052513,Kab. Banyuwangi,052500,Prov. Jawa Timur,050000,11,3,63,3,3,2,1,8,24 Apr 2026 10:13:20,3B6D77FDAB611E07A42A
SMP NURUT TAUHID,70040218,SMP,Swasta,Kec. Kabat,052513,Kab. Banyuwangi,052500,Prov. Jawa Timur,050000,10,3,35,3,3,0,1,10,27 Apr 2026 10:49:31,6941568109A8A2DD784C
SMP PLUS DARUL FALAH,70057994,SMP,Swasta,Kec. Kabat,052513,Kab. Banyuwangi,052500,Prov. Jawa Timur,050000,3,2,13,1,1,0,0,7,12 Mar 2026 09:06:51,D2D686FDF41948560EEC
SMP SUNAN AMPEL,70011654,SMP,Swasta,Kec. Kabat,052513,Kab. Banyuwangi,052500,Prov. Jawa Timur,050000,7,1,41,3,9,1,1,16,29 Apr 2026 12:23:06,83B5E8E7FF1E35D23BB4
SMAS MIFTAHUL ULUM KABAT,20525834,SMA,Swasta,Kec. Kabat,052513,Kab. Banyuwangi,052500,Prov. Jawa Timur,050000,5,2,208,6,6,2,1,7,02 Apr 2026 23:04:20,26955D1CF36EC1974229
SMK Al - ACHYAR,69888561,SMK,Swasta,Kec. Kabat,052513,Kab. Banyuwangi,052500,Prov. Jawa Timur,050000,5,1,29,3,4,1,1,10,17 Apr 2026 08:54:32,9C696A861F5BBDEDD536
SMK NU KABAT,69908681,SMK,Swasta,Kec. Kabat,052513,Kab. Banyuwangi,052500,Prov. Jawa Timur,050000,5,1,78,6,8,1,1,24,24 Apr 2026 11:02:26,85E96678312D6B4B6727
SMK SAFINATUL HUDA,70031345,SMK,Swasta,Kec. Kabat,052513,Kab. Banyuwangi,052500,Prov. Jawa Timur,050000,8,2,33,3,3,0,0,16,05 Mar 2026 21:27:36,96127859BB2415ED18A9
SD NEGERI 1 BULUREJO,20526538,SD,Negeri,Kec. Purwoharjo,052503,Kab. Banyuwangi,052500,Prov. Jawa Timur,050000,8,2,54,6,6,0,1,9,27 Apr 2026 22:51:08,C7863587CEE3B82B3812
SD NEGERI 1 GLAGAHAGUNG,20526571,SD,Negeri,Kec. Purwoharjo,052503,Kab. Banyuwangi,052500,Prov. Jawa Timur,050000,7,3,123,6,8,0,1,18,02 May 2026 14:31:53,B1206C59199311C2E0F4
SD NEGERI 1 GRAJAGAN,20526563,SD,Negeri,Kec. Purwoharjo,052503,Kab. Banyuwangi,052500,Prov. Jawa Timur,050000,7,2,136,6,8,0,0,11,28 Apr 2026 11:48:26,F23B12D91B176BE89917
SD NEGERI 1 KRADENAN,20526512,SD,Negeri,Kec. Purwoharjo,052503,Kab. Banyuwangi,052500,Prov. Jawa Timur,050000,7,1,96,6,7,0,1,10,28 Apr 2026 09:19:11,6C51E353A8D0ACB8E7DD
SD NEGERI 1 PURWOHARJO,20526659,SD,Negeri,Kec. Purwoharjo,052503,Kab. Banyuwangi,052500,Prov. Jawa Timur,050000,11,2,282,12,15,0,1,12,17 Apr 2026 19:58:08,C80043570F067782D37C
SD NEGERI 1 SIDOREJO,20526651,SD,Negeri,Kec. Purwoharjo,052503,Kab. Banyuwangi,052500,Prov. Jawa Timur,050000,4,2,59,6,6,0,1,24,27 Apr 2026 22:32:11,6052DAB749928D4AC08E
SD NEGERI 1 SUMBERASRI,20526578,SD,Negeri,Kec. Purwoharjo,052503,Kab. Banyuwangi,052500,Prov. Jawa Timur,050000,6,2,93,6,6,0,1,22,16 Apr 2026 13:04:55,1DA088E09518672C6649
SD NEGERI 2 BULUREJO,20526307,SD,Negeri,Kec. Purwoharjo,052503,Kab. Banyuwangi,052500,Prov. Jawa Timur,050000,7,1,141,6,7,0,1,1,27 Apr 2026 14:31:47,E1DECDA096A9782ED26C
SD NEGERI 2 KRADENAN,20526475,SD,Negeri,Kec. Purwoharjo,052503,Kab. Banyuwangi,052500,Prov. Jawa Timur,050000,6,2,110,6,11,0,0,21,28 Apr 2026 13:45:04,A1E638DD831135845D92
SD NEGERI 2 PURWOHARJO,20526399,SD,Negeri,Kec. Purwoharjo,052503,Kab. Banyuwangi,052500,Prov. Jawa Timur,050000,7,1,65,6,7,0,0,10,02 May 2026 10:31:24,74249C9FF5545C0FD608
SD NEGERI 2 SIDOREJO,20526426,SD,Negeri,Kec. Purwoharjo,052503,Kab. Banyuwangi,052500,Prov. Jawa Timur,050000,7,1,130,6,6,0,0,10,09 Apr 2026 08:40:13,897F71DD1A146748033D
SD NEGERI 3 BULUREJO,20525347,SD,Negeri,Kec. Purwoharjo,052503,Kab. Banyuwangi,052500,Prov. Jawa Timur,050000,9,2,121,6,9,1,1,8,28 Apr 2026 11:24:43,989DBCA186C75C02DC51
SD NEGERI 3 GLAGAHAGUNG,20525368,SD,Negeri,Kec. Purwoharjo,052503,Kab. Banyuwangi,052500,Prov. Jawa Timur,050000,6,1,52,6,6,0,1,20,28 Apr 2026 12:18:56,1BDC683CF4F2229D58F0
SD NEGERI 3 GRAJAGAN,20525382,SD,Negeri,Kec. Purwoharjo,052503,Kab. Banyuwangi,052500,Prov. Jawa Timur,050000,10,1,185,9,12,0,1,13,02 May 2026 08:50:50,C3728F45C51EBDBB8786
SD NEGERI 3 KRADENAN,20525507,SD,Negeri,Kec. Purwoharjo,052503,Kab. Banyuwangi,052500,Prov. Jawa Timur,050000,9,1,64,6,6,0,0,13,01 May 2026 15:34:09,3370EF87745F3E1B7B48
SD NEGERI 3 SIDOREJO,20525438,SD,Negeri,Kec. Purwoharjo,052503,Kab. Banyuwangi,052500,Prov. Jawa Timur,050000,7,2,163,6,11,0,1,21,29 Apr 2026 11:30:13,5B63CB40BC04FDA16C0F
SD NEGERI 3 SUMBERASRI,20525474,SD,Negeri,Kec. Purwoharjo,052503,Kab. Banyuwangi,052500,Prov. Jawa Timur,050000,5,2,27,6,6,0,0,32,26 Mar 2026 21:03:46,2A81542933DB965FC2EB
SD NEGERI 4 BULUREJO,20525241,SD,Negeri,Kec. Purwoharjo,052503,Kab. Banyuwangi,052500,Prov. Jawa Timur,050000,8,1,66,6,6,0,1,14,07 Apr 2026 07:25:09,029385778F54648A72F8
SD NEGERI 4 GRAJAGAN,20525239,SD,Negeri,Kec. Purwoharjo,052503,Kab. Banyuwangi,052500,Prov. Jawa Timur,050000,10,0,85,6,6,0,1,12,03 Apr 2026 11:55:25,EB16BC7DF488638FEDF8
SD NEGERI 4 KRADENAN,20525163,SD,Negeri,Kec. Purwoharjo,052503,Kab. Banyuwangi,052500,Prov. Jawa Timur,050000,7,2,90,6,6,0,0,39,16 Apr 2026 12:25:44,2DD1C8B8D28C7A59801E
SD NEGERI 4 PURWOHARJO,20525198,SD,Negeri,Kec. Purwoharjo,052503,Kab. Banyuwangi,052500,Prov. Jawa Timur,050000,8,1,64,6,9,0,1,16,28 Apr 2026 09:11:20,D2E25CE1F44818471D13
SD NEGERI 4 SUMBERASRI,20525313,SD,Negeri,Kec. Purwoharjo,052503,Kab. Banyuwangi,052500,Prov. Jawa Timur,050000,6,3,56,6,6,0,0,16,09 Apr 2026 11:18:02,7C89BDDA767358A2367A
SD NEGERI 5 BULUREJO,20525252,SD,Negeri,Kec. Purwoharjo,052503,Kab. Banyuwangi,052500,Prov. Jawa Timur,050000,9,2,91,6,6,0,0,19,28 Apr 2026 12:42:04,43EA2A86E767E8A2E669
SD NEGERI 5 GRAJAGAN,20525271,SD,Negeri,Kec. Purwoharjo,052503,Kab. Banyuwangi,052500,Prov. Jawa Timur,050000,7,1,31,6,6,0,0,10,30 Apr 2026 11:55:05,4465F633C0281D869635
SD NEGERI 8 GRAJAGAN,20525897,SD,Negeri,Kec. Purwoharjo,052503,Kab. Banyuwangi,052500,Prov. Jawa Timur,050000,7,2,43,6,6,0,0,13,02 May 2026 09:22:53,CE1795815915BE0C4AE4
SD NEGERI KARETAN,20526488,SD,Negeri,Kec. Purwoharjo,052503,Kab. Banyuwangi,052500,Prov. Jawa Timur,050000,4,2,190,7,11,0,1,6,16 Mar 2026 22:36:41,7BF0A9CA10E483DE2C79
SD KATOLIK SANG TIMUR SUMBERJATI,20526107,SD,Swasta,Kec. Purwoharjo,052503,Kab. Banyuwangi,052500,Prov. Jawa Timur,050000,9,2,145,6,8,2,1,19,30 Apr 2026 22:02:26,A1EE71EE7501EDB1E19D
SD MUHAMMADIYAH 11,20526031,SD,Swasta,Kec. Purwoharjo,052503,Kab. Banyuwangi,052500,Prov. Jawa Timur,050000,7,1,140,6,6,0,1,103,20 Apr 2026 14:10:55,037418C6744864B8F6DB
SD MUHAMMADIYAH 12,20526032,SD,Swasta,Kec. Purwoharjo,052503,Kab. Banyuwangi,052500,Prov. Jawa Timur,050000,8,1,134,6,7,1,1,14,04 Apr 2026 08:37:53,88A25E559CDCA28EF662
SD MUHAMMADIYAH 15,20526033,SD,Swasta,Kec. Purwoharjo,052503,Kab. Banyuwangi,052500,Prov. Jawa Timur,050000,7,1,113,6,6,0,0,39,23 Apr 2026 07:56:32,0A42C93DBDBB543DEF6C
SD NU KRADENAN,20526037,SD,Swasta,Kec. Purwoharjo,052503,Kab. Banyuwangi,052500,Prov. Jawa Timur,050000,7,1,117,6,6,1,1,31,25 Apr 2026 17:28:45,E1989390323DD1397377
SMP NEGERI 1 PURWOHARJO,20525714,SMP,Negeri,Kec. Purwoharjo,052503,Kab. Banyuwangi,052500,Prov. Jawa Timur,050000,30,11,904,25,25,4,2,19,02 May 2026 12:29:04,37253235B4CA37D23D40
SMP NEGERI 2 PURWOHARJO,20525634,SMP,Negeri,Kec. Purwoharjo,052503,Kab. Banyuwangi,052500,Prov. Jawa Timur,050000,24,8,595,18,18,2,1,1,16 Mar 2026 16:38:35,71629F5E50644A46AF54
SMP NEGERI 3 PURWOHARJO SATU ATAP,20560144,SMP,Negeri,Kec. Purwoharjo,052503,Kab. Banyuwangi,052500,Prov. Jawa Timur,050000,9,2,143,6,6,2,1,22,16 Apr 2026 21:50:56,1A8F17E0BD68EF566C2C
SMP DARUL FALAH,69903963,SMP,Swasta,Kec. Purwoharjo,052503,Kab. Banyuwangi,052500,Prov. Jawa Timur,050000,10,1,174,7,6,1,0,13,29 Apr 2026 07:44:00,61E28CE5BB2477242360
SMP ISLAM AL ATIQ,20576087,SMP,Swasta,Kec. Purwoharjo,052503,Kab. Banyuwangi,052500,Prov. Jawa Timur,050000,4,2,25,3,3,0,1,14,07 Apr 2026 09:35:27,F4265EF34BB3BFC59AB3
SMP KARYA DHARMA KOSGORO,20525544,SMP,Swasta,Kec. Purwoharjo,052503,Kab. Banyuwangi,052500,Prov. Jawa Timur,050000,7,2,17,2,9,3,1,14,22 Apr 2026 22:06:49,A81F2BD133C799C19251
SMP MUHAMMADIYAH 2,20525561,SMP,Swasta,Kec. Purwoharjo,052503,Kab. Banyuwangi,052500,Prov. Jawa Timur,050000,10,3,104,4,6,2,1,22,06 Apr 2026 10:27:13,1C56EDF4E67C98F26271
SMP MUHAMMADIYAH 4,20525563,SMP,Swasta,Kec. Purwoharjo,052503,Kab. Banyuwangi,052500,Prov. Jawa Timur,050000,10,2,95,4,6,2,1,12,20 Apr 2026 11:02:46,15F0EE5F4A3B16170FD1
SMP PGRI 16 PURWOHARJO,20525581,SMP,Swasta,Kec. Purwoharjo,052503,Kab. Banyuwangi,052500,Prov. Jawa Timur,050000,4,2,12,3,6,2,1,13,16 Mar 2026 22:19:49,AD3D322DEBB914585ACA
SMP PRAJAMUKTI KOSGORO,20525585,SMP,Swasta,Kec. Purwoharjo,052503,Kab. Banyuwangi,052500,Prov. Jawa Timur,050000,11,3,110,5,15,3,1,12,23 Apr 2026 08:21:07,D68B803ACBF514D2B942
SMPK SANTO AGUSTINUS,20525707,SMP,Swasta,Kec. Purwoharjo,052503,Kab. Banyuwangi,052500,Prov. Jawa Timur,050000,10,2,94,5,7,2,1,11,16 Mar 2026 19:04:34,3690092387217316964D
SMAN PURWOHARJO,20525860,SMA,Negeri,Kec. Purwoharjo,052503,Kab. Banyuwangi,052500,Prov. Jawa Timur,050000,62,18,1011,29,30,7,1,35,22 Apr 2026 08:31:25,044C33E6DC6A8221F19F
SMAS BHAKTI NEGARA,20540166,SMA,Swasta,Kec. Purwoharjo,052503,Kab. Banyuwangi,052500,Prov. Jawa Timur,050000,10,2,43,3,5,3,1,11,06 Apr 2026 08:14:56,17710BD509B52A698E3B
SMAS PGRI PURWOHARJO,20525864,SMA,Swasta,Kec. Purwoharjo,052503,Kab. Banyuwangi,052500,Prov. Jawa Timur,050000,20,9,276,9,20,6,1,39,21 Apr 2026 08:17:35,5BC1925FEBE6C6BCB47D
SMK MUHAMMADIYAH 7 BANYUWANGI,20525625,SMK,Swasta,Kec. Purwoharjo,052503,Kab. Banyuwangi,052500,Prov. Jawa Timur,050000,15,1,136,6,6,1,1,15,05 Apr 2026 17:04:07,C03A9A55DB4AE0A2F238
SMK SALAFIYAH DARUL FALAH,69969036,SMK,Swasta,Kec. Purwoharjo,052503,Kab. Banyuwangi,052500,Prov. Jawa Timur,050000,13,1,155,6,6,1,1,20,09 Apr 2026 20:52:53,62A32238AFC0F69E99EC
SMKS  AL - ATIQ,69823302,SMK,Swasta,Kec. Purwoharjo,052503,Kab. Banyuwangi,052500,Prov. Jawa Timur,050000,4,4,34,3,3,1,1,11,17 Apr 2026 09:18:06,22F7256F56D00F03F8AC
SD NEGERI 1 DASRI,20526536,SD,Negeri,Kec. Tegalsari,052523,Kab. Banyuwangi,052500,Prov. Jawa Timur,050000,4,3,101,6,6,0,0,19,30 Mar 2026 07:32:30,B1B612799EFBD284EBE6
SD NEGERI 1 KARANGDORO,20526492,SD,Negeri,Kec. Tegalsari,052523,Kab. Banyuwangi,052500,Prov. Jawa Timur,050000,13,1,216,11,12,1,1,14,07 Apr 2026 20:23:38,A0E81CFAF0F57CE7912F
SD NEGERI 1 KARANGMULYO,20526484,SD,Negeri,Kec. Tegalsari,052523,Kab. Banyuwangi,052500,Prov. Jawa Timur,050000,8,2,160,6,10,1,1,13,13 Apr 2026 10:35:37,9B4EF39AD391BAFBFBFC
SD NEGERI 1 TEGALREJO,20526619,SD,Negeri,Kec. Tegalsari,052523,Kab. Banyuwangi,052500,Prov. Jawa Timur,050000,6,1,49,6,6,0,0,12,03 Mar 2026 05:28:16,5CF6E545647FF6099591
SD NEGERI 1 TEGALSARI,20526610,SD,Negeri,Kec. Tegalsari,052523,Kab. Banyuwangi,052500,Prov. Jawa Timur,050000,12,1,215,10,12,0,1,29,03 Apr 2026 04:29:39,5A81AD5BE110542F8497
SD NEGERI 2 DASRI,20526314,SD,Negeri,Kec. Tegalsari,052523,Kab. Banyuwangi,052500,Prov. Jawa Timur,050000,8,1,58,6,6,0,1,18,07 Apr 2026 19:55:24,6A23749D645670188A57
SD NEGERI 2 KARANGDORO,20526340,SD,Negeri,Kec. Tegalsari,052523,Kab. Banyuwangi,052500,Prov. Jawa Timur,050000,9,2,183,6,15,0,0,18,20 Apr 2026 09:51:55,BD5F21F696FEF48FC800
SD NEGERI 2 KARANGMULYO,20526435,SD,Negeri,Kec. Tegalsari,052523,Kab. Banyuwangi,052500,Prov. Jawa Timur,050000,5,2,121,6,6,0,1,16,16 Apr 2026 09:01:45,42444B7D89E6F3E2F442
SD NEGERI 2 TAMANSARI,20525402,SD,Negeri,Kec. Tegalsari,052523,Kab. Banyuwangi,052500,Prov. Jawa Timur,050000,9,4,232,12,12,0,1,32,19 Apr 2026 16:44:47,7A46131706A6919DD02B
SD NEGERI 2 TEGALREJO,20525398,SD,Negeri,Kec. Tegalsari,052523,Kab. Banyuwangi,052500,Prov. Jawa Timur,050000,5,3,98,6,6,1,1,28,06 Apr 2026 08:02:50,AB91F148C56C4ABE7E85
SD NEGERI 2 TEGALSARI,20525399,SD,Negeri,Kec. Tegalsari,052523,Kab. Banyuwangi,052500,Prov. Jawa Timur,050000,9,1,68,6,6,0,1,40,14 Apr 2026 09:48:12,5ED7FBF5EA4419FB1F5B
SD NEGERI 3 DASRI,20525351,SD,Negeri,Kec. Tegalsari,052523,Kab. Banyuwangi,052500,Prov. Jawa Timur,050000,7,3,73,6,6,1,1,9,16 Mar 2026 23:58:27,3EC46149B26FF8C6C940
SD NEGERI 3 KARANGDORO,20525485,SD,Negeri,Kec. Tegalsari,052523,Kab. Banyuwangi,052500,Prov. Jawa Timur,050000,4,1,70,6,6,0,1,24,24 Apr 2026 22:30:01,EBE611FBA7F6F7539B1D
SD NEGERI 3 TAMANSARI,20525482,SD,Negeri,Kec. Tegalsari,052523,Kab. Banyuwangi,052500,Prov. Jawa Timur,050000,4,0,58,6,6,0,1,24,28 Apr 2026 07:43:59,570EDEE8FDEA313C809D
SD NEGERI 3 TEGALREJO,20525469,SD,Negeri,Kec. Tegalsari,052523,Kab. Banyuwangi,052500,Prov. Jawa Timur,050000,4,2,101,6,7,0,1,12,23 Apr 2026 07:12:18,55754BA4437055A763DC
SD NEGERI 4 KARANGDORO,20525170,SD,Negeri,Kec. Tegalsari,052523,Kab. Banyuwangi,052500,Prov. Jawa Timur,050000,3,1,76,6,6,0,2,57,02 Apr 2026 17:58:06,B957363C3204C1D8E184
SD NEGERI 4 TAMANSARI,20571362,SD,Negeri,Kec. Tegalsari,052523,Kab. Banyuwangi,052500,Prov. Jawa Timur,050000,8,1,29,5,6,0,1,5,16 Mar 2026 19:22:20,28DBFE6A9B77325DEF32
SD NEGERI 4 TEGALREJO,20525319,SD,Negeri,Kec. Tegalsari,052523,Kab. Banyuwangi,052500,Prov. Jawa Timur,050000,5,2,59,6,6,0,1,18,28 Apr 2026 11:06:54,50B73041D6BA09358DED
SD NEGERI 4 TEGALSARI,20525320,SD,Negeri,Kec. Tegalsari,052523,Kab. Banyuwangi,052500,Prov. Jawa Timur,050000,5,0,84,6,6,1,1,35,04 Apr 2026 06:41:22,CF2797FA84421FE48640
SD NEGERI 5 DASRI,20525265,SD,Negeri,Kec. Tegalsari,052523,Kab. Banyuwangi,052500,Prov. Jawa Timur,050000,5,2,33,6,6,0,1,17,11 Apr 2026 08:58:15,C2B88A74316D3840DAFA
SD NEGERI 5 TEGALSARI,20525794,SD,Negeri,Kec. Tegalsari,052523,Kab. Banyuwangi,052500,Prov. Jawa Timur,050000,8,0,32,6,3,0,0,10,07 Apr 2026 06:40:33,E2413AE53E35912974BF
SD NEGERI 6 DASRI,20525821,SD,Negeri,Kec. Tegalsari,052523,Kab. Banyuwangi,052500,Prov. Jawa Timur,050000,7,1,50,6,6,0,1,13,07 Apr 2026 12:02:41,25CA85F5E793A9CB395D
SD DARUSSALAM,20526090,SD,Swasta,Kec. Tegalsari,052523,Kab. Banyuwangi,052500,Prov. Jawa Timur,050000,26,1,660,24,19,1,1,14,02 Apr 2026 05:32:57,2BFB99977F9184C18DD5
SD MABADI`UL IHSAN,20548867,SD,Swasta,Kec. Tegalsari,052523,Kab. Banyuwangi,052500,Prov. Jawa Timur,050000,9,2,149,7,7,0,1,11,16 Mar 2026 20:05:39,E5301E9FDECBC5FD2786
SMP NEGERI 1 TEGALSARI,20525722,SMP,Negeri,Kec. Tegalsari,052523,Kab. Banyuwangi,052500,Prov. Jawa Timur,050000,23,4,569,18,18,1,1,19,20 Apr 2026 12:10:31,DBB6552FE9D8D7D73E09
SMP NEGERI 2 TEGALSARI,20525640,SMP,Negeri,Kec. Tegalsari,052523,Kab. Banyuwangi,052500,Prov. Jawa Timur,050000,17,5,270,10,15,3,1,9,10 Apr 2026 09:33:25,18DF529C881F471C71FA
SMP MUKHTAR SYAFAAT,20570898,SMP,Swasta,Kec. Tegalsari,052523,Kab. Banyuwangi,052500,Prov. Jawa Timur,050000,13,1,61,3,4,1,1,17,26 Apr 2026 21:37:25,11F03EF20332124E45BA
SMP PLUS CORDOVA,69949765,SMP,Swasta,Kec. Tegalsari,052523,Kab. Banyuwangi,052500,Prov. Jawa Timur,050000,29,11,410,14,24,6,1,60,30 Apr 2026 10:17:42,20B500B39E195C6B1D09
SMP PLUS DARUSSALAM,20525573,SMP,Swasta,Kec. Tegalsari,052523,Kab. Banyuwangi,052500,Prov. Jawa Timur,050000,46,3,1046,31,31,6,1,21,01 May 2026 14:15:24,D24B5198F39E0A21E65A
SMP RIYADLUL QURAN,70037334,SMP,Swasta,Kec. Tegalsari,052523,Kab. Banyuwangi,052500,Prov. Jawa Timur,050000,5,2,14,3,3,0,0,10,17 Mar 2026 10:17:39,9A47ADD99489E4C862B1
SMP TAHFIDZUL QURAN SUBULUSSALAM,69979652,SMP,Swasta,Kec. Tegalsari,052523,Kab. Banyuwangi,052500,Prov. Jawa Timur,050000,8,1,97,4,5,1,0,29,20 Apr 2026 10:22:13,0796F851B9CC4A5F53F3
SMP UNGGULAN ROUDLOTUSSALAM,70030593,SMP,Swasta,Kec. Tegalsari,052523,Kab. Banyuwangi,052500,Prov. Jawa Timur,050000,12,1,114,5,6,2,1,21,27 Apr 2026 11:55:56,FC187137BD2D00A57B9F
SMA PLUS CORDOVA,20525865,SMA,Swasta,Kec. Tegalsari,052523,Kab. Banyuwangi,052500,Prov. Jawa Timur,050000,11,4,56,3,6,1,1,10,09 Mar 2026 07:12:39,729229E9C4128A29BCF1
SMAS DARUSSALAM,20525832,SMA,Swasta,Kec. Tegalsari,052523,Kab. Banyuwangi,052500,Prov. Jawa Timur,050000,37,5,742,22,25,3,1,24,30 Apr 2026 13:14:23,6F868AFCFC3694A6ABB7
SMK NEGERI 2 TEGALSARI,69921069,SMK,Negeri,Kec. Tegalsari,052523,Kab. Banyuwangi,052500,Prov. Jawa Timur,050000,49,12,462,20,36,1,1,38,15 Apr 2026 20:34:41,BE6E1A53F97AF5FBCD4D
SMKN 1 TEGALSARI,20540177,SMK,Negeri,Kec. Tegalsari,052523,Kab. Banyuwangi,052500,Prov. Jawa Timur,050000,89,18,1827,50,27,2,1,21,30 Apr 2026 12:10:18,F438821BD0FA504689F8
SMK CORDOVA,69990467,SMK,Swasta,Kec. Tegalsari,052523,Kab. Banyuwangi,052500,Prov. Jawa Timur,050000,15,3,96,12,12,1,1,11,01 May 2026 08:04:50,32A7D52FDC2C458639FB
SMK NU MAMBAUL HUDA,69920012,SMK,Swasta,Kec. Tegalsari,052523,Kab. Banyuwangi,052500,Prov. Jawa Timur,050000,19,2,323,12,9,1,1,13,09 Apr 2026 20:23:19,DCA3E089AB9A7F3C3F14
SMKS DARUSSALAM BLOKAGUNG,20525598,SMK,Swasta,Kec. Tegalsari,052523,Kab. Banyuwangi,052500,Prov. Jawa Timur,050000,53,8,1061,40,32,6,1,36,24 Apr 2026 13:08:44,83D6F2CEB295C3AA13C6
SMKS MUKHTAR SYAFAAT,20584050,SMK,Swasta,Kec. Tegalsari,052523,Kab. Banyuwangi,052500,Prov. Jawa Timur,050000,13,4,96,9,9,1,1,1,07 Apr 2026 07:35:09,ADA76526B19BBC5A93C0
SD NEGERI 1 BANGOREJO,20526042,SD,Negeri,Kec. Bangorejo,052502,Kab. Banyuwangi,052500,Prov. Jawa Timur,050000,13,2,296,12,12,0,1,12,04 Mar 2026 11:19:35,A0B7AAEC50BE91774181
SD NEGERI 1 KEBONDALEM,20526491,SD,Negeri,Kec. Bangorejo,052502,Kab. Banyuwangi,052500,Prov. Jawa Timur,050000,10,1,266,11,11,0,1,24,15 Apr 2026 20:31:52,4D8FA15AA7534BC2D3C6
SD NEGERI 1 RINGINTELU,20526672,SD,Negeri,Kec. Bangorejo,052502,Kab. Banyuwangi,052500,Prov. Jawa Timur,050000,7,2,54,6,6,0,0,20,28 Apr 2026 19:37:07,21D1307B8EB62E77B710
SD NEGERI 1 SAMBIMULYO,20526674,SD,Negeri,Kec. Bangorejo,052502,Kab. Banyuwangi,052500,Prov. Jawa Timur,050000,8,0,104,6,12,0,0,16,20 Apr 2026 12:42:12,50722C8AAB8159295566
SD NEGERI 1 SAMBIREJO,20526675,SD,Negeri,Kec. Bangorejo,052502,Kab. Banyuwangi,052500,Prov. Jawa Timur,050000,7,3,111,6,6,0,0,15,14 Apr 2026 06:51:11,B8DF215A7699EDC9605D
SD NEGERI 1 SUKOREJO,20526595,SD,Negeri,Kec. Bangorejo,052502,Kab. Banyuwangi,052500,Prov. Jawa Timur,050000,7,0,141,6,6,0,1,20,28 Apr 2026 09:32:09,DB8245394BAFA91BA991
SD NEGERI 2 KEBONDALEM,20526453,SD,Negeri,Kec. Bangorejo,052502,Kab. Banyuwangi,052500,Prov. Jawa Timur,050000,6,3,82,6,6,0,0,24,28 Apr 2026 07:57:16,998E43D1290267C2120C
SD NEGERI 2 RINGINTELU,20526392,SD,Negeri,Kec. Bangorejo,052502,Kab. Banyuwangi,052500,Prov. Jawa Timur,050000,5,1,90,6,6,0,0,9,30 Mar 2026 11:55:53,6DA1F0E6F34AA8AC8620
SD NEGERI 2 SAMBIMULYO,20526394,SD,Negeri,Kec. Bangorejo,052502,Kab. Banyuwangi,052500,Prov. Jawa Timur,050000,4,1,145,6,7,0,1,22,07 Apr 2026 11:08:40,04234C1AA5690EC6D593
SD NEGERI 2 SAMBIREJO,20526395,SD,Negeri,Kec. Bangorejo,052502,Kab. Banyuwangi,052500,Prov. Jawa Timur,050000,5,1,162,6,8,0,1,15,16 Mar 2026 17:33:29,0629CB59165F545E246C
SD NEGERI 2 SUKOREJO,20526417,SD,Negeri,Kec. Bangorejo,052502,Kab. Banyuwangi,052500,Prov. Jawa Timur,050000,5,1,147,6,9,1,1,17,16 Mar 2026 19:53:35,9CF569FA3915F6A646D3
SD NEGERI 2 TEMUREJO,20525426,SD,Negeri,Kec. Bangorejo,052502,Kab. Banyuwangi,052500,Prov. Jawa Timur,050000,7,0,181,7,13,0,1,18,29 Apr 2026 09:09:34,B7BA71FE639B7E7DAA9F
SD NEGERI 3 BANGOREJO,20525435,SD,Negeri,Kec. Bangorejo,052502,Kab. Banyuwangi,052500,Prov. Jawa Timur,050000,7,0,156,7,8,0,1,19,24 Apr 2026 08:28:15,628117B83C0D0A4C670C
SD NEGERI 3 KEBONDALEM,20525503,SD,Negeri,Kec. Bangorejo,052502,Kab. Banyuwangi,052500,Prov. Jawa Timur,050000,5,1,58,6,10,0,0,10,16 Mar 2026 15:13:14,23FC33B9D1EFAB137A5F
SD NEGERI 3 SAMBIMULYO,20525451,SD,Negeri,Kec. Bangorejo,052502,Kab. Banyuwangi,052500,Prov. Jawa Timur,050000,8,2,31,6,6,0,1,13,30 Apr 2026 11:09:08,A4915B3C021519D04ACA
SD NEGERI 3 SAMBIREJO,20525452,SD,Negeri,Kec. Bangorejo,052502,Kab. Banyuwangi,052500,Prov. Jawa Timur,050000,7,1,105,6,6,0,1,4,04 Mar 2026 08:03:14,C70BBA30C833E49988A9
SD NEGERI 3 TEMUREJO,20525217,SD,Negeri,Kec. Bangorejo,052502,Kab. Banyuwangi,052500,Prov. Jawa Timur,050000,6,2,193,7,7,1,1,36,29 Apr 2026 13:53:32,FB8C1526629FA7DD650B
SD NEGERI 4 BANGOREJO,20525211,SD,Negeri,Kec. Bangorejo,052502,Kab. Banyuwangi,052500,Prov. Jawa Timur,050000,8,2,65,6,6,0,0,11,02 Apr 2026 12:42:55,710D23079C4194276D65
SD NEGERI 4 KEBONDALEM,20525175,SD,Negeri,Kec. Bangorejo,052502,Kab. Banyuwangi,052500,Prov. Jawa Timur,050000,8,1,141,6,6,0,1,12,11 Apr 2026 08:35:43,2A2130DC8B14874888CB
SD NEGERI 4 SAMBIMULYO,20525200,SD,Negeri,Kec. Bangorejo,052502,Kab. Banyuwangi,052500,Prov. Jawa Timur,050000,7,1,59,6,6,0,0,7,16 Mar 2026 22:03:06,9E6EBE9EDB9ACDFC8DC5
SD NEGERI 4 SAMBIREJO,20525201,SD,Negeri,Kec. Bangorejo,052502,Kab. Banyuwangi,052500,Prov. Jawa Timur,050000,7,2,116,6,6,1,1,16,14 Apr 2026 07:28:49,4D55CAABDA3F9BD24067
SD NEGERI 4 SUKOREJO,20525310,SD,Negeri,Kec. Bangorejo,052502,Kab. Banyuwangi,052500,Prov. Jawa Timur,050000,9,1,179,6,6,0,0,4,28 Apr 2026 14:16:39,56A77F605367A79132BA
SD NEGERI 4 TEMUREJO,20525336,SD,Negeri,Kec. Bangorejo,052502,Kab. Banyuwangi,052500,Prov. Jawa Timur,050000,7,2,88,6,7,0,1,10,17 Apr 2026 09:04:12,786DCBC4D472ABC699FA
SD NEGERI 5 KEBONDALEM,20525273,SD,Negeri,Kec. Bangorejo,052502,Kab. Banyuwangi,052500,Prov. Jawa Timur,050000,5,2,80,6,9,0,0,6,07 Apr 2026 20:33:46,45A442E55D5459BB5143
SD NEGERI 6 KEBONDALEM,20525814,SD,Negeri,Kec. Bangorejo,052502,Kab. Banyuwangi,052500,Prov. Jawa Timur,050000,4,1,55,6,6,0,0,14,21 Apr 2026 07:39:17,DC3F4595490FE0089D97
SD NEGERI 6 SAMBIREJO,20525751,SD,Negeri,Kec. Bangorejo,052502,Kab. Banyuwangi,052500,Prov. Jawa Timur,050000,5,1,41,6,6,0,0,11,08 Apr 2026 20:46:52,515F02E8C9135DFFDF7F
SD NEGERI 6 TEMUREJO,20525739,SD,Negeri,Kec. Bangorejo,052502,Kab. Banyuwangi,052500,Prov. Jawa Timur,050000,8,1,103,6,6,0,0,10,22 Apr 2026 08:59:53,9A1E844B8D6B21A0382D
SD NEGERI 7 KEBONDALEM,20525761,SD,Negeri,Kec. Bangorejo,052502,Kab. Banyuwangi,052500,Prov. Jawa Timur,050000,8,2,77,6,6,0,0,20,04 Apr 2026 07:49:24,BB2D9D532D8B97428116
SDI NURUL QURAN,70053966,SD,Swasta,Kec. Bangorejo,052502,Kab. Banyuwangi,052500,Prov. Jawa Timur,050000,1,1,6,1,2,0,0,3,28 Jan 2026 19:00:57,516FC3D7F1406E9CE45D
SMP NEGERI 1 BANGOREJO,20525711,SMP,Negeri,Kec. Bangorejo,052502,Kab. Banyuwangi,052500,Prov. Jawa Timur,050000,32,10,652,21,22,2,1,22,29 Apr 2026 07:45:24,4524B7E511D32A3D313E
SMP NEGERI 2 BANGOREJO,20525689,SMP,Negeri,Kec. Bangorejo,052502,Kab. Banyuwangi,052500,Prov. Jawa Timur,050000,20,6,466,15,16,4,1,12,02 Apr 2026 04:50:58,FAC91A30D8BE3E07AEE9
SMP NEGERI 3 BANGOREJO SATU ATAP,20540133,SMP,Negeri,Kec. Bangorejo,052502,Kab. Banyuwangi,052500,Prov. Jawa Timur,050000,13,4,203,7,6,1,1,26,28 Apr 2026 10:27:16,D21C949D1A6895239D6F
SMP AL HUDA,70032372,SMP,Swasta,Kec. Bangorejo,052502,Kab. Banyuwangi,052500,Prov. Jawa Timur,050000,3,1,18,3,3,0,1,12,03 Apr 2026 07:00:55,A8EDD25868888088A2D5
SMP AL QURAN SALAFIYYAH SYAFIIYYAH,69967937,SMP,Swasta,Kec. Bangorejo,052502,Kab. Banyuwangi,052500,Prov. Jawa Timur,050000,13,3,171,6,3,0,1,28,24 Apr 2026 14:49:14,1DB2A85D94C18BF42BCE
SMP DARUL ULUM,70013911,SMP,Swasta,Kec. Bangorejo,052502,Kab. Banyuwangi,052500,Prov. Jawa Timur,050000,5,1,21,3,3,1,1,24,21 Mar 2026 00:13:26,0578B28E5ABD7581DE14
SMP FULL DAY SUNAN AMPEL,20555830,SMP,Swasta,Kec. Bangorejo,052502,Kab. Banyuwangi,052500,Prov. Jawa Timur,050000,14,3,260,9,6,1,1,15,21 Apr 2026 12:27:31,C5EBA0FE07D059E51E51
SMP ISLAM ALI BADAR,69979653,SMP,Swasta,Kec. Bangorejo,052502,Kab. Banyuwangi,052500,Prov. Jawa Timur,050000,8,2,37,3,3,1,1,32,30 Apr 2026 14:26:32,CC6203ABA33C1B9AF174
SMP NU AL AMNAN,69972606,SMP,Swasta,Kec. Bangorejo,052502,Kab. Banyuwangi,052500,Prov. Jawa Timur,050000,4,2,15,3,3,1,1,4,04 Mar 2026 08:26:34,A0181600DD2808BFF800
SMP PGRI 1 BANGOREJO,20525578,SMP,Swasta,Kec. Bangorejo,052502,Kab. Banyuwangi,052500,Prov. Jawa Timur,050000,6,1,26,3,3,2,1,15,09 Apr 2026 12:52:08,9F31BCF03F30CE9E7AE2
SMAN 1 BANGOREJO,20525872,SMA,Negeri,Kec. Bangorejo,052502,Kab. Banyuwangi,052500,Prov. Jawa Timur,050000,47,11,650,19,24,5,1,30,30 Apr 2026 12:53:15,4DF6171A1BF940BC09C0
SMAS FULL DAY SUNAN AMPEL BANGOREJO,20555831,SMA,Swasta,Kec. Bangorejo,052502,Kab. Banyuwangi,052500,Prov. Jawa Timur,050000,11,1,86,3,5,1,1,19,22 Apr 2026 09:11:59,B897FB50ED929C4AD2BA
SMK AMIRUSSALAM,69938479,SMK,Swasta,Kec. Bangorejo,052502,Kab. Banyuwangi,052500,Prov. Jawa Timur,050000,7,3,26,3,3,1,1,30,26 Apr 2026 22:29:02,DEFEFD8AC2E405DDA02E
SMK FULL DAY SUNAN AMPEL,69775465,SMK,Swasta,Kec. Bangorejo,052502,Kab. Banyuwangi,052500,Prov. Jawa Timur,050000,11,4,104,8,6,0,0,21,22 Apr 2026 08:18:13,6586AC202439C362B9B9
SMKS NU AL AMNAN,20584051,SMK,Swasta,Kec. Bangorejo,052502,Kab. Banyuwangi,052500,Prov. Jawa Timur,050000,8,5,25,3,3,1,1,22,18 Apr 2026 07:43:23,4A08C2CD57F08CB7EF00
SMKS NUSANTARA BANYUWANGI,20540180,SMK,Swasta,Kec. Bangorejo,052502,Kab. Banyuwangi,052500,Prov. Jawa Timur,050000,7,3,86,8,9,2,1,18,27 Feb 2026 09:28:35,542573893335F0D60E73
SD NEGERI 1 ALIYAN,20526058,SD,Negeri,Kec. Rogojampi,052512,Kab. Banyuwangi,052500,Prov. Jawa Timur,050000,7,1,190,6,7,0,1,17,27 Apr 2026 17:38:25,09C178C6E0EDBF305362
SD NEGERI 1 BUBUK,20526548,SD,Negeri,Kec. Rogojampi,052512,Kab. Banyuwangi,052500,Prov. Jawa Timur,050000,7,1,103,6,6,0,1,8,16 Mar 2026 21:05:36,3EE57C3F68A52F7F1AE4
SD NEGERI 1 GITIK,20526568,SD,Negeri,Kec. Rogojampi,052512,Kab. Banyuwangi,052500,Prov. Jawa Timur,050000,6,3,65,6,6,0,1,14,05 Apr 2026 18:28:00,EDA73DDFA92D6D75DFA5
SD NEGERI 1 GLADAG,20526569,SD,Negeri,Kec. Rogojampi,052512,Kab. Banyuwangi,052500,Prov. Jawa Timur,050000,6,2,94,6,6,0,1,9,10 Apr 2026 21:33:48,092F39C307084C6DC15F
SD NEGERI 1 KARANGBENDO,20526493,SD,Negeri,Kec. Rogojampi,052512,Kab. Banyuwangi,052500,Prov. Jawa Timur,050000,4,1,124,6,6,0,1,19,11 Apr 2026 22:51:18,21840AC7C21CB0AD4E56
SD NEGERI 1 KEDALEMAN,20526504,SD,Negeri,Kec. Rogojampi,052512,Kab. Banyuwangi,052500,Prov. Jawa Timur,050000,6,2,92,6,6,0,1,15,11 Apr 2026 10:24:18,1E00AE26C053481D097A
SD NEGERI 1 LEMAHBANGDEWO,20526622,SD,Negeri,Kec. Rogojampi,052512,Kab. Banyuwangi,052500,Prov. Jawa Timur,050000,10,1,268,8,9,0,1,16,07 Apr 2026 08:40:48,0FF267C48970C7E14576
SD NEGERI 1 MANGIR,20526636,SD,Negeri,Kec. Rogojampi,052512,Kab. Banyuwangi,052500,Prov. Jawa Timur,050000,7,2,96,6,6,0,0,15,09 Apr 2026 11:53:51,359B49BE7929431BB295
SD NEGERI 1 PENGATIGAN,20526629,SD,Negeri,Kec. Rogojampi,052512,Kab. Banyuwangi,052500,Prov. Jawa Timur,050000,10,0,221,7,9,0,1,24,28 Apr 2026 08:55:19,DD77431F46837382282A
SD NEGERI 1 ROGOJAMPI,20526673,SD,Negeri,Kec. Rogojampi,052512,Kab. Banyuwangi,052500,Prov. Jawa Timur,050000,17,3,432,14,10,0,2,39,28 Apr 2026 11:42:00,2A34EF20E0FF5B6CD33F
SD NEGERI 2 ALIYAN,20526365,SD,Negeri,Kec. Rogojampi,052512,Kab. Banyuwangi,052500,Prov. Jawa Timur,050000,5,2,93,6,7,0,1,20,19 Apr 2026 10:16:55,1978B296D7178C5F1C8F
SD NEGERI 2 BUBUK,20526341,SD,Negeri,Kec. Rogojampi,052512,Kab. Banyuwangi,052500,Prov. Jawa Timur,050000,6,0,87,6,6,0,1,11,30 Apr 2026 11:31:06,5D2476D0B9EB9D696752
SD NEGERI 2 GITIK,20526300,SD,Negeri,Kec. Rogojampi,052512,Kab. Banyuwangi,052500,Prov. Jawa Timur,050000,6,3,69,6,6,0,1,23,23 Apr 2026 13:44:12,0BFCB0F6186FB0DBB38B
SD NEGERI 2 GLADAG,20526301,SD,Negeri,Kec. Rogojampi,052512,Kab. Banyuwangi,052500,Prov. Jawa Timur,050000,8,0,125,6,7,0,1,28,08 Apr 2026 10:03:24,7D0E251A8D9E6F1AF552
SD NEGERI 2 KARANGBENDO,20526327,SD,Negeri,Kec. Rogojampi,052512,Kab. Banyuwangi,052500,Prov. Jawa Timur,050000,7,1,72,6,6,0,1,14,17 Mar 2026 03:53:08,FCB263823D939214D006
SD NEGERI 2 KEDALEMAN,20526455,SD,Negeri,Kec. Rogojampi,052512,Kab. Banyuwangi,052500,Prov. Jawa Timur,050000,6,1,39,6,6,0,1,26,03 Mar 2026 08:11:16,2E812F28994777EC1EAE
SD NEGERI 2 LEMAHBANGDEWO,20526480,SD,Negeri,Kec. Rogojampi,052512,Kab. Banyuwangi,052500,Prov. Jawa Timur,050000,8,2,71,6,6,0,1,17,17 Apr 2026 10:32:35,EC21F9D1A19DB70998E2
SD NEGERI 2 MANGIR,20526461,SD,Negeri,Kec. Rogojampi,052512,Kab. Banyuwangi,052500,Prov. Jawa Timur,050000,7,1,78,6,6,0,0,9,23 Apr 2026 12:20:19,08274F933C9DD47092A3
SD NEGERI 2 PENGATIGAN,20526404,SD,Negeri,Kec. Rogojampi,052512,Kab. Banyuwangi,052500,Prov. Jawa Timur,050000,7,0,132,6,6,0,1,16,18 Apr 2026 09:53:55,25DF4C1B8DD0993633F6
SD NEGERI 2 ROGOJAMPI,20526393,SD,Negeri,Kec. Rogojampi,052512,Kab. Banyuwangi,052500,Prov. Jawa Timur,050000,12,1,412,12,12,1,1,39,14 Apr 2026 12:00:16,07F2C5945D5618F40BDB
SD NEGERI 3 ALIYAN,20525419,SD,Negeri,Kec. Rogojampi,052512,Kab. Banyuwangi,052500,Prov. Jawa Timur,050000,5,1,27,6,6,0,1,18,21 Apr 2026 10:25:58,25EACBBD0D85B43441B7
SD NEGERI 3 BUBUK,20525355,SD,Negeri,Kec. Rogojampi,052512,Kab. Banyuwangi,052500,Prov. Jawa Timur,050000,7,0,84,6,6,0,0,10,07 Apr 2026 12:43:26,5694CF9FD4518D70F39C
SD NEGERI 3 GLADAG,20525367,SD,Negeri,Kec. Rogojampi,052512,Kab. Banyuwangi,052500,Prov. Jawa Timur,050000,8,1,78,6,6,0,1,16,04 Apr 2026 00:29:22,5D4C8C037E09FFAB88A1
SD NEGERI 3 KARANGBENDO,20525436,SD,Negeri,Kec. Rogojampi,052512,Kab. Banyuwangi,052500,Prov. Jawa Timur,050000,6,2,84,6,6,0,0,19,07 Apr 2026 12:40:21,D9349C50C4FBF6A3DD71
SD NEGERI 3 ROGOJAMPI,20525450,SD,Negeri,Kec. Rogojampi,052512,Kab. Banyuwangi,052500,Prov. Jawa Timur,050000,8,1,167,6,6,0,1,18,30 Apr 2026 19:06:46,288DBC444D2E93677979
SD NEGERI 4 KARANGBENDO,20525203,SD,Negeri,Kec. Rogojampi,052512,Kab. Banyuwangi,052500,Prov. Jawa Timur,050000,8,0,57,6,6,0,1,7,05 Apr 2026 20:49:01,4633C48B3B5285490107
SD NEGERI 4 ROGOJAMPI,20525199,SD,Negeri,Kec. Rogojampi,052512,Kab. Banyuwangi,052500,Prov. Jawa Timur,050000,6,3,102,6,6,1,1,40,27 Apr 2026 12:37:00,55F5542DDC52E7F3BE47
SD KATOLIK BHAKTI,20526094,SD,Swasta,Kec. Rogojampi,052512,Kab. Banyuwangi,052500,Prov. Jawa Timur,050000,6,2,52,6,6,1,1,10,12 Apr 2026 21:29:33,97B1656D6294F0EDDB60
SD MITRA HARAPAN,70039399,SD,Swasta,Kec. Rogojampi,052512,Kab. Banyuwangi,052500,Prov. Jawa Timur,050000,4,1,20,4,6,0,1,17,15 Apr 2026 21:54:36,9E842E134C42573B5D1F
SD MUHAMMADIYAH 19,70006923,SD,Swasta,Kec. Rogojampi,052512,Kab. Banyuwangi,052500,Prov. Jawa Timur,050000,9,2,135,7,7,0,0,22,09 Apr 2026 13:27:37,AC6079AD65466E5EC51C
SMP NEGERI 1 ROGOJAMPI,20525715,SMP,Negeri,Kec. Rogojampi,052512,Kab. Banyuwangi,052500,Prov. Jawa Timur,050000,21,4,587,18,18,3,1,21,23 Apr 2026 12:16:44,4656F84EEC6907C8BC55
SMP NEGERI 2 ROGOJAMPI,20525635,SMP,Negeri,Kec. Rogojampi,052512,Kab. Banyuwangi,052500,Prov. Jawa Timur,050000,31,12,839,24,24,6,1,35,27 Apr 2026 12:07:05,732A3501891F6282CBAB
SMP NEGERI 3 ROGOJAMPI,20525680,SMP,Negeri,Kec. Rogojampi,052512,Kab. Banyuwangi,052500,Prov. Jawa Timur,050000,26,6,547,18,18,2,1,15,27 Mar 2026 07:59:30,7DF0FEF7A350DF07172E
SMP ISLAM RAUDLATUL ALFIYYAH,70044572,SMP,Swasta,Kec. Rogojampi,052512,Kab. Banyuwangi,052500,Prov. Jawa Timur,050000,5,3,8,3,3,0,0,4,17 Mar 2026 18:47:00,C74BFC766E52564B73B2
SMP KATOLIK BAKTI,20525545,SMP,Swasta,Kec. Rogojampi,052512,Kab. Banyuwangi,052500,Prov. Jawa Timur,050000,4,2,19,3,3,2,1,12,16 Apr 2026 06:28:49,A6879DBB7BB2A5F7CB91
SMP MUHAMMADIYAH 11,20525538,SMP,Swasta,Kec. Rogojampi,052512,Kab. Banyuwangi,052500,Prov. Jawa Timur,050000,8,4,101,4,5,1,1,16,12 Apr 2026 13:38:03,F623FC5693416B6DF662
SMP NU SHAFIYAH,69900082,SMP,Swasta,Kec. Rogojampi,052512,Kab. Banyuwangi,052500,Prov. Jawa Timur,050000,4,1,52,3,3,1,1,13,11 Apr 2026 21:07:44,1C4C4F807A836F7DDC6B
SMP NU SUDIRMAN,70013029,SMP,Swasta,Kec. Rogojampi,052512,Kab. Banyuwangi,052500,Prov. Jawa Timur,050000,8,1,91,4,4,0,0,18,30 Apr 2026 08:13:39,05A5A892F6EBD7712CCB
SMP PLUS AL HIDAYAH ROGOJAMPI,20525572,SMP,Swasta,Kec. Rogojampi,052512,Kab. Banyuwangi,052500,Prov. Jawa Timur,050000,5,2,32,3,3,2,1,6,21 Apr 2026 10:44:28,AEF3784CC1BA2A6D8802
SMP ROUDLOTUSSALAM,69959167,SMP,Swasta,Kec. Rogojampi,052512,Kab. Banyuwangi,052500,Prov. Jawa Timur,050000,9,2,114,5,6,0,1,17,20 Apr 2026 09:24:34,9CF99E50DFED491007DA
SMPQ DARUL QURAN MSA,70034934,SMP,Swasta,Kec. Rogojampi,052512,Kab. Banyuwangi,052500,Prov. Jawa Timur,050000,4,1,14,3,4,1,1,33,28 Apr 2026 11:02:28,6F53156DD1E3BE226FB5
SMAN 1 ROGOJAMPI,20525861,SMA,Negeri,Kec. Rogojampi,052512,Kab. Banyuwangi,052500,Prov. Jawa Timur,050000,59,19,1181,33,33,4,1,46,20 Apr 2026 13:55:01,8D2E6E05C15B722F4A4A
SMAS SULTAN AGUNG ROGOJAMPI,20525867,SMA,Swasta,Kec. Rogojampi,052512,Kab. Banyuwangi,052500,Prov. Jawa Timur,050000,10,3,45,3,4,2,1,34,21 Apr 2026 10:11:39,9C207831B5113E514FC0
SMK NU SUDIRMAN ROGOJAMPI,69882348,SMK,Swasta,Kec. Rogojampi,052512,Kab. Banyuwangi,052500,Prov. Jawa Timur,050000,13,2,96,9,9,6,1,23,24 Apr 2026 10:17:51,E32B401032A58F1F9FBB
SMKS MUHAMMADIYAH 6 ROGOJAMPI,20525624,SMK,Swasta,Kec. Rogojampi,052512,Kab. Banyuwangi,052500,Prov. Jawa Timur,050000,42,9,1107,39,30,1,1,41,17 Apr 2026 23:56:12,7B71EEB11002B1780B58
SMKS PGRI ROGOJAMPI,20525595,SMK,Swasta,Kec. Rogojampi,052512,Kab. Banyuwangi,052500,Prov. Jawa Timur,050000,55,15,1167,41,34,1,1,82,02 May 2026 17:57:12,93DD26450B591D5D0933
SD NEGERI 1 BULUSAN,20526529,SD,Negeri,Kec. Kalipuro,052520,Kab. Banyuwangi,052500,Prov. Jawa Timur,050000,7,1,105,6,7,0,0,15,02 Apr 2026 09:50:15,BBE05CFD9A62E1EF7873
SD NEGERI 1 BULUSARI,20526530,SD,Negeri,Kec. Kalipuro,052520,Kab. Banyuwangi,052500,Prov. Jawa Timur,050000,7,1,113,6,6,0,1,12,11 Apr 2026 08:26:20,D56B96965AC4A626BB22
SD NEGERI 1 GOMBENGSARI,20526572,SD,Negeri,Kec. Kalipuro,052520,Kab. Banyuwangi,052500,Prov. Jawa Timur,050000,7,1,95,6,6,0,1,14,17 Mar 2026 22:27:24,0046417B64D933E88407
SD NEGERI 1 KALIPURO,20526497,SD,Negeri,Kec. Kalipuro,052520,Kab. Banyuwangi,052500,Prov. Jawa Timur,050000,8,2,401,12,10,0,1,12,29 Apr 2026 21:54:27,EA1D3A2B13466B20F0D4
SD NEGERI 1 KELIR,20526522,SD,Negeri,Kec. Kalipuro,052520,Kab. Banyuwangi,052500,Prov. Jawa Timur,050000,5,2,80,6,6,0,1,12,18 Apr 2026 01:40:53,C3370D08A7D82DB6ADD4
SD NEGERI 1 KETAPANG,20526509,SD,Negeri,Kec. Kalipuro,052520,Kab. Banyuwangi,052500,Prov. Jawa Timur,050000,19,2,450,16,16,0,1,9,31 Mar 2026 11:51:18,F7C6544B6EF4669379B6
SD NEGERI 1 PESUCEN,20526631,SD,Negeri,Kec. Kalipuro,052520,Kab. Banyuwangi,052500,Prov. Jawa Timur,050000,6,1,99,6,6,0,1,1,11 Apr 2026 07:34:52,AEB64ACF38C6F514DE38
SD NEGERI 1 TELEMUNG,20526609,SD,Negeri,Kec. Kalipuro,052520,Kab. Banyuwangi,052500,Prov. Jawa Timur,050000,7,0,133,6,6,0,1,18,13 Mar 2026 09:33:18,6D548E6F0365091A2BFD
SD NEGERI 2 BULUSAN,20526308,SD,Negeri,Kec. Kalipuro,052520,Kab. Banyuwangi,052500,Prov. Jawa Timur,050000,7,1,136,6,6,0,1,12,17 Apr 2026 10:01:53,434112E4E53F3807AF5A
SD NEGERI 2 KALIPURO,20526321,SD,Negeri,Kec. Kalipuro,052520,Kab. Banyuwangi,052500,Prov. Jawa Timur,050000,7,1,60,6,6,0,0,17,25 Apr 2026 20:57:33,9C70231423F38029C25A
SD NEGERI 2 KELIR,20526439,SD,Negeri,Kec. Kalipuro,052520,Kab. Banyuwangi,052500,Prov. Jawa Timur,050000,8,1,80,6,6,0,0,17,30 Apr 2026 11:12:47,8E3DD5183E869A42BD91
SD NEGERI 2 KETAPANG,20526473,SD,Negeri,Kec. Kalipuro,052520,Kab. Banyuwangi,052500,Prov. Jawa Timur,050000,12,4,308,12,9,0,2,38,25 Apr 2026 10:30:51,2CDE42AEBB0E5C19B1B9
SD NEGERI 2 PESUCEN,20526406,SD,Negeri,Kec. Kalipuro,052520,Kab. Banyuwangi,052500,Prov. Jawa Timur,050000,6,1,86,6,6,0,1,11,27 Apr 2026 07:33:01,1294DD60F460CCBD9A4B
SD NEGERI 2 TELEMUNG,20525400,SD,Negeri,Kec. Kalipuro,052520,Kab. Banyuwangi,052500,Prov. Jawa Timur,050000,6,0,55,6,6,0,1,16,02 May 2026 08:45:58,4F60FFC8A7C4155A26F1
SD NEGERI 3 GOMBENGSARI,20525380,SD,Negeri,Kec. Kalipuro,052520,Kab. Banyuwangi,052500,Prov. Jawa Timur,050000,6,1,39,6,6,0,1,20,02 Apr 2026 19:57:48,49F7A36BC636D83E6873
SD NEGERI 3 KALIPURO,20525376,SD,Negeri,Kec. Kalipuro,052520,Kab. Banyuwangi,052500,Prov. Jawa Timur,050000,7,0,51,6,6,0,1,35,01 May 2026 13:43:07,58C6E96260B458F1BBF7
SD NEGERI 3 KETAPANG,20525494,SD,Negeri,Kec. Kalipuro,052520,Kab. Banyuwangi,052500,Prov. Jawa Timur,050000,3,2,50,6,6,0,0,23,06 Apr 2026 05:55:26,E2F2BBC5987CB02DE8E0
SD NEGERI 3 PESUCEN,20525513,SD,Negeri,Kec. Kalipuro,052520,Kab. Banyuwangi,052500,Prov. Jawa Timur,050000,6,0,48,6,6,0,0,19,04 Apr 2026 07:00:58,30EF28D21E917A8CB002
SD NEGERI 3 TELEMUNG,20525471,SD,Negeri,Kec. Kalipuro,052520,Kab. Banyuwangi,052500,Prov. Jawa Timur,050000,5,2,27,6,6,0,0,16,03 Apr 2026 02:40:52,C3168B741732BFE13312
SD NEGERI 4 KETAPANG,20525161,SD,Negeri,Kec. Kalipuro,052520,Kab. Banyuwangi,052500,Prov. Jawa Timur,050000,8,1,109,6,6,1,1,18,27 Apr 2026 07:48:53,2D55E25BB993EB8ADA26
SD NEGERI 5 GOMBENGSARI,20525270,SD,Negeri,Kec. Kalipuro,052520,Kab. Banyuwangi,052500,Prov. Jawa Timur,050000,6,2,73,6,6,0,0,9,02 Apr 2026 22:12:47,33E9DAB4300EB002C245
SD NEGERI 5 KETAPANG,20525291,SD,Negeri,Kec. Kalipuro,052520,Kab. Banyuwangi,052500,Prov. Jawa Timur,050000,5,1,76,6,6,0,1,11,02 May 2026 08:33:31,170E58082AF6CC738370
SD NEGERI 6 KETAPANG,20525747,SD,Negeri,Kec. Kalipuro,052520,Kab. Banyuwangi,052500,Prov. Jawa Timur,050000,5,1,44,6,5,0,1,1,02 May 2026 07:28:52,7C23953FDB9D924E6E2C
SD NEGERI 7 KETAPANG,20525765,SD,Negeri,Kec. Kalipuro,052520,Kab. Banyuwangi,052500,Prov. Jawa Timur,050000,8,1,199,10,9,0,1,10,22 Apr 2026 09:38:28,2366F58031D45048248A
SD NEGERI KLATAK,20526510,SD,Negeri,Kec. Kalipuro,052520,Kab. Banyuwangi,052500,Prov. Jawa Timur,050000,17,1,363,13,11,0,1,21,11 Apr 2026 08:37:21,E026FCB4ACB52630432C
SD ISLAM TERPADU AL USWAH,20570661,SD,Swasta,Kec. Kalipuro,052520,Kab. Banyuwangi,052500,Prov. Jawa Timur,050000,17,1,300,13,13,2,1,27,29 Apr 2026 09:25:18,E46A4998B2DF432BA9E5
SMP NEGERI 1 KALIPURO,20525732,SMP,Negeri,Kec. Kalipuro,052520,Kab. Banyuwangi,052500,Prov. Jawa Timur,050000,27,5,575,18,18,3,1,29,23 Apr 2026 19:19:17,702E6BA4015B02CE2A18
SMP NEGERI 2 KALIPURO,20525653,SMP,Negeri,Kec. Kalipuro,052520,Kab. Banyuwangi,052500,Prov. Jawa Timur,050000,26,2,689,21,21,4,1,18,23 Apr 2026 06:07:25,FC88D0FDBE9EEA31BDB5
SMP NEGERI 3 KALIPURO,20525687,SMP,Negeri,Kec. Kalipuro,052520,Kab. Banyuwangi,052500,Prov. Jawa Timur,050000,11,4,168,6,8,2,1,15,16 Mar 2026 15:32:18,580F02FDD778B622CA5A
SMP BALDATUSSHIDDIQ,69990866,SMP,Swasta,Kec. Kalipuro,052520,Kab. Banyuwangi,052500,Prov. Jawa Timur,050000,8,1,86,3,3,1,1,41,17 Apr 2026 12:08:13,A46CFEB1C9D088B2A7E9
SMP HIDAYATUN NAJAH,20584052,SMP,Swasta,Kec. Kalipuro,052520,Kab. Banyuwangi,052500,Prov. Jawa Timur,050000,6,2,24,3,5,1,0,6,02 Apr 2026 22:51:53,BACE5172AA3FC1836E34
SMP KOSGORO KALIPURO,20525547,SMP,Swasta,Kec. Kalipuro,052520,Kab. Banyuwangi,052500,Prov. Jawa Timur,050000,5,2,11,3,3,1,1,7,10 Apr 2026 22:15:50,ED7AECE2CCA20589A567
SMP SUNAN GIRI 2 KALIPURO,20525702,SMP,Swasta,Kec. Kalipuro,052520,Kab. Banyuwangi,052500,Prov. Jawa Timur,050000,7,2,130,5,5,1,1,5,26 Apr 2026 19:09:46,E5FF76C7C564280BA6A4
SMAS NU GOMBENGSARI,20540170,SMA,Swasta,Kec. Kalipuro,052520,Kab. Banyuwangi,052500,Prov. Jawa Timur,050000,13,3,109,5,6,4,1,13,07 Apr 2026 12:30:49,C212CCC7DBB65499A268
SMKN 1 KALIPURO,20576121,SMK,Negeri,Kec. Kalipuro,052520,Kab. Banyuwangi,052500,Prov. Jawa Timur,050000,19,16,322,16,6,4,0,55,15 Apr 2026 10:15:48,E186B94653379EDB174D
SMK UNGGULAN BALDATUSSHIDDIQ,70039032,SMK,Swasta,Kec. Kalipuro,052520,Kab. Banyuwangi,052500,Prov. Jawa Timur,050000,5,1,53,3,3,1,1,29,02 Apr 2026 03:04:13,C1AC921981E5EFD84688
SD NEGERI 1 BARUREJO,20526049,SD,Negeri,Kec. Siliragung,052524,Kab. Banyuwangi,052500,Prov. Jawa Timur,050000,8,2,189,7,9,0,1,16,28 Apr 2026 09:09:27,9554BA95463CA313AEBB
SD NEGERI 1 BULUAGUNG,20526539,SD,Negeri,Kec. Siliragung,052524,Kab. Banyuwangi,052500,Prov. Jawa Timur,050000,4,2,40,6,7,0,1,26,20 Mar 2026 11:06:25,CA428AAE69E0537BDF2D
SD NEGERI 1 KESILIR,20526508,SD,Negeri,Kec. Siliragung,052524,Kab. Banyuwangi,052500,Prov. Jawa Timur,050000,7,2,143,6,9,0,1,16,07 Apr 2026 18:27:51,A68F6A18C74359BAC714
SD NEGERI 1 SENEPOREJO,20526647,SD,Negeri,Kec. Siliragung,052524,Kab. Banyuwangi,052500,Prov. Jawa Timur,050000,7,2,117,6,6,0,1,11,29 Apr 2026 12:52:38,F281664F70EE0DB2401D
SD NEGERI 1 SILIRAGUNG,20526653,SD,Negeri,Kec. Siliragung,052524,Kab. Banyuwangi,052500,Prov. Jawa Timur,050000,8,2,78,6,7,0,1,8,02 Apr 2026 05:53:12,4F3377933498093A7117
SD NEGERI 2 BARUREJO,20526367,SD,Negeri,Kec. Siliragung,052524,Kab. Banyuwangi,052500,Prov. Jawa Timur,050000,4,2,97,6,6,0,1,8,27 Apr 2026 09:44:51,703C127AB6B4550F0C4B
SD NEGERI 2 BULUAGUNG,20526295,SD,Negeri,Kec. Siliragung,052524,Kab. Banyuwangi,052500,Prov. Jawa Timur,050000,7,2,71,6,8,0,0,13,01 May 2026 16:32:11,F0ECCFB5ED7060A75FD6
SD NEGERI 2 KESILIR,20526472,SD,Negeri,Kec. Siliragung,052524,Kab. Banyuwangi,052500,Prov. Jawa Timur,050000,6,1,107,6,12,1,1,19,04 Apr 2026 09:01:49,42D88EE904CE5F29EE59
SD NEGERI 2 SENEPOREJO,20526412,SD,Negeri,Kec. Siliragung,052524,Kab. Banyuwangi,052500,Prov. Jawa Timur,050000,6,1,42,6,6,0,0,8,03 Apr 2026 09:44:57,C6B14355E1B188D5746A
SD NEGERI 2 SILIRAGUNG,20526428,SD,Negeri,Kec. Siliragung,052524,Kab. Banyuwangi,052500,Prov. Jawa Timur,050000,7,1,148,6,6,0,1,15,13 Apr 2026 19:17:58,E42C9B33D6AB08B6DF70
SD NEGERI 3 BARUREJO,20525357,SD,Negeri,Kec. Siliragung,052524,Kab. Banyuwangi,052500,Prov. Jawa Timur,050000,5,1,57,6,6,0,0,5,11 Apr 2026 07:37:27,3D48DEB9CC7FA0FE9E04
SD NEGERI 3 BULUAGUNG,20525346,SD,Negeri,Kec. Siliragung,052524,Kab. Banyuwangi,052500,Prov. Jawa Timur,050000,6,2,102,6,9,0,0,17,13 Apr 2026 10:31:02,402EE9ACAC23A5DE593D
SD NEGERI 3 KESILIR,20525493,SD,Negeri,Kec. Siliragung,052524,Kab. Banyuwangi,052500,Prov. Jawa Timur,050000,4,0,53,6,6,0,1,11,09 Apr 2026 08:07:49,6AEB884121C09E1D52EB
SD NEGERI 3 SENEPOREJO,20525459,SD,Negeri,Kec. Siliragung,052524,Kab. Banyuwangi,052500,Prov. Jawa Timur,050000,7,2,52,6,6,0,0,9,16 Mar 2026 18:25:17,6F420845DCF95D773A89
SD NEGERI 3 SILIRAGUNG,20525439,SD,Negeri,Kec. Siliragung,052524,Kab. Banyuwangi,052500,Prov. Jawa Timur,050000,8,1,117,6,6,0,1,1,28 Apr 2026 11:08:46,793B5644A86303A1414D
SD NEGERI 4 BARUREJO,20525212,SD,Negeri,Kec. Siliragung,052524,Kab. Banyuwangi,052500,Prov. Jawa Timur,050000,8,1,90,6,6,0,1,15,08 Apr 2026 07:23:47,7312CC7475F23DB403BF
SD NEGERI 4 BULUAGUNG,20525228,SD,Negeri,Kec. Siliragung,052524,Kab. Banyuwangi,052500,Prov. Jawa Timur,050000,5,2,44,6,6,0,1,8,03 Apr 2026 19:56:12,6A531BFB3567379A6337
SD NEGERI 4 KESILIR,20525160,SD,Negeri,Kec. Siliragung,052524,Kab. Banyuwangi,052500,Prov. Jawa Timur,050000,7,1,83,6,6,0,0,10,16 Mar 2026 16:15:43,41EF06EDDE910FFC0A60
SD NEGERI 4 SENEPOREJO,20525185,SD,Negeri,Kec. Siliragung,052524,Kab. Banyuwangi,052500,Prov. Jawa Timur,050000,5,2,37,6,6,0,0,17,12 Mar 2026 14:54:43,2EC195DF6C00216CE6D2
SD NEGERI 4 SILIRAGUNG,20525189,SD,Negeri,Kec. Siliragung,052524,Kab. Banyuwangi,052500,Prov. Jawa Timur,050000,7,4,187,8,9,1,1,36,23 Apr 2026 08:25:27,A9AEAD6B22DEE0733157
SD NEGERI 5 BARUREJO,20525329,SD,Negeri,Kec. Siliragung,052524,Kab. Banyuwangi,052500,Prov. Jawa Timur,050000,8,1,138,6,7,0,2,23,24 Apr 2026 07:32:18,C0AB4EFA70E6129A41D8
SD NEGERI 5 BULUAGUNG,20525297,SD,Negeri,Kec. Siliragung,052524,Kab. Banyuwangi,052500,Prov. Jawa Timur,050000,6,2,38,6,6,0,1,20,23 Apr 2026 08:58:29,E7CBB9E0666A23A82150
SD NEGERI 5 SENEPOREJO,20525280,SD,Negeri,Kec. Siliragung,052524,Kab. Banyuwangi,052500,Prov. Jawa Timur,050000,6,3,80,6,6,0,0,14,10 Apr 2026 13:52:12,89059FC65DDB9FF9497E
SD NEGERI 5 SILIRAGUNG,20525282,SD,Negeri,Kec. Siliragung,052524,Kab. Banyuwangi,052500,Prov. Jawa Timur,050000,6,1,90,6,6,0,1,17,11 Apr 2026 04:06:12,B31786AE2E391CDF13B0
SD NEGERI 6 BULUAGUNG,20525819,SD,Negeri,Kec. Siliragung,052524,Kab. Banyuwangi,052500,Prov. Jawa Timur,050000,7,2,21,6,4,0,0,11,14 Apr 2026 21:06:08,56AFF9CC49176F1D484B
SD NEGERI 6 KESILIR,20525735,SD,Negeri,Kec. Siliragung,052524,Kab. Banyuwangi,052500,Prov. Jawa Timur,050000,4,2,100,6,6,0,1,11,12 Apr 2026 10:30:26,A29EBCB3554C9559F10F
SD NEGERI 8 BARUREJO,20525896,SD,Negeri,Kec. Siliragung,052524,Kab. Banyuwangi,052500,Prov. Jawa Timur,050000,3,1,21,6,6,0,0,21,01 Feb 2026 15:52:54,CFC2983184B9BEA4E48E
SD NEGERI 9 BARUREJO,20525913,SD,Negeri,Kec. Siliragung,052524,Kab. Banyuwangi,052500,Prov. Jawa Timur,050000,7,2,145,6,6,1,1,18,29 Apr 2026 09:45:24,E1050C2BA4712A376484
SDI NU AL MUTTAQIN,69916945,SD,Swasta,Kec. Siliragung,052524,Kab. Banyuwangi,052500,Prov. Jawa Timur,050000,13,1,227,10,7,0,0,14,13 Apr 2026 09:25:18,A5E2CF49AEBE610696D2
SMP NEGERI 1 SILIRAGUNG,20525717,SMP,Negeri,Kec. Siliragung,052524,Kab. Banyuwangi,052500,Prov. Jawa Timur,050000,42,13,1025,29,29,2,1,19,04 Mar 2026 09:44:02,137EBFEAF78B3ED659BB
SMP NEGERI 2 SILIRAGUNG,20525637,SMP,Negeri,Kec. Siliragung,052524,Kab. Banyuwangi,052500,Prov. Jawa Timur,050000,25,2,504,17,18,3,1,28,22 Apr 2026 08:09:43,50B9DBED2626650F771E
SMP NEGERI 3 SILIRAGUNG SATU ATAP,20540138,SMP,Negeri,Kec. Siliragung,052524,Kab. Banyuwangi,052500,Prov. Jawa Timur,050000,11,4,136,6,7,2,1,16,21 Apr 2026 08:19:36,3E2BD4E9F411FCA8CE87
SMP NEGERI 4 SILIRAGUNG,20558464,SMP,Negeri,Kec. Siliragung,052524,Kab. Banyuwangi,052500,Prov. Jawa Timur,050000,10,2,253,9,9,2,1,42,27 Apr 2026 09:11:25,108231370CC80B970ECD
SMP AL FALAH,70031770,SMP,Swasta,Kec. Siliragung,052524,Kab. Banyuwangi,052500,Prov. Jawa Timur,050000,9,2,75,3,3,1,0,22,28 Apr 2026 11:11:40,22837E7B7BD7DC399456
SMP DARUSSALAM PUNCAK,70050106,SMP,Swasta,Kec. Siliragung,052524,Kab. Banyuwangi,052500,Prov. Jawa Timur,050000,9,1,11,2,3,0,0,5,30 Jan 2026 22:34:48,8A73EE3BF38A03C2183A
SMP KARTIKA IV-7 SILIRAGUNG,20539399,SMP,Swasta,Kec. Siliragung,052524,Kab. Banyuwangi,052500,Prov. Jawa Timur,050000,7,1,41,3,3,1,1,8,14 Apr 2026 11:18:13,D42BBAF0BE1776A7A189
SMP KATOLIK YOS SUDARSO,20525709,SMP,Swasta,Kec. Siliragung,052524,Kab. Banyuwangi,052500,Prov. Jawa Timur,050000,8,2,66,3,6,3,1,4,14 Apr 2026 10:02:02,01775C24B3AAE429BEA2
SMP MUHAMMADIYAH 5,20525534,SMP,Swasta,Kec. Siliragung,052524,Kab. Banyuwangi,052500,Prov. Jawa Timur,050000,13,5,233,9,8,2,1,10,16 Apr 2026 09:41:44,5680363AE9DFC4D21A0B
SMAS PGRI SILIRAGUNG,20540174,SMA,Swasta,Kec. Siliragung,052524,Kab. Banyuwangi,052500,Prov. Jawa Timur,050000,11,3,48,3,6,3,1,4,01 May 2026 09:05:03,DB272C4A01FBD6BDE98A
SMK BLAMBANGAN SILIRAGUNG,69988484,SMK,Swasta,Kec. Siliragung,052524,Kab. Banyuwangi,052500,Prov. Jawa Timur,050000,10,1,53,6,3,0,0,14,02 Apr 2026 20:35:53,D69AA2224358FFF94B33
SMK DARUT THO`AT,70037684,SMK,Swasta,Kec. Siliragung,052524,Kab. Banyuwangi,052500,Prov. Jawa Timur,050000,6,3,51,3,3,1,1,15,19 Apr 2026 18:01:21,1AD3546AE9836730CC25
SMK MAMBAUL HUDA,69946666,SMK,Swasta,Kec. Siliragung,052524,Kab. Banyuwangi,052500,Prov. Jawa Timur,050000,9,2,80,3,5,1,1,16,02 Mar 2026 23:34:34,D5C5AC520CA424F773E2
SMK MUHAMMADIYAH 8 SILIRAGUNG,20525626,SMK,Swasta,Kec. Siliragung,052524,Kab. Banyuwangi,052500,Prov. Jawa Timur,050000,51,8,1355,44,29,4,1,21,14 Apr 2026 10:04:01,2AB767D271CB2F0454AB
SMK NU BESTREN KING ABDUL AZIZ,69896538,SMK,Swasta,Kec. Siliragung,052524,Kab. Banyuwangi,052500,Prov. Jawa Timur,050000,12,1,61,6,6,1,1,20,04 Mar 2026 08:03:32,DB892AFDF86FBC091F79
SD NEGERI 1 KANDANGAN,20526501,SD,Negeri,Kec. Pesanggaran,052501,Kab. Banyuwangi,052500,Prov. Jawa Timur,050000,5,0,111,6,6,0,1,20,04 Apr 2026 14:21:57,8C8BED9E1FBC98B7E52B
SD NEGERI 1 PESANGGARAN,20526630,SD,Negeri,Kec. Pesanggaran,052501,Kab. Banyuwangi,052500,Prov. Jawa Timur,050000,10,3,381,12,12,0,1,24,29 Apr 2026 08:45:06,8C0109A6EEC7BB1D827A
SD NEGERI 1 SARONGAN,20526657,SD,Negeri,Kec. Pesanggaran,052501,Kab. Banyuwangi,052500,Prov. Jawa Timur,050000,8,2,206,9,9,0,1,14,30 Apr 2026 15:17:59,EFDF219FC6F7B3EE7F40
SD NEGERI 1 SUMBERAGUNG,20526586,SD,Negeri,Kec. Pesanggaran,052501,Kab. Banyuwangi,052500,Prov. Jawa Timur,050000,7,3,59,6,7,0,1,16,30 Apr 2026 11:55:15,4B7E73957EEF57376434
SD NEGERI 1 SUMBERMULYO,20526583,SD,Negeri,Kec. Pesanggaran,052501,Kab. Banyuwangi,052500,Prov. Jawa Timur,050000,10,2,151,6,7,0,1,28,02 May 2026 09:22:25,EAE0E9E47B490D6DDCB3
SD NEGERI 10 PESANGGARAN,20526361,SD,Negeri,Kec. Pesanggaran,052501,Kab. Banyuwangi,052500,Prov. Jawa Timur,050000,8,2,109,6,6,0,0,23,29 Apr 2026 20:46:38,863949C1C78EF7E99041
SD NEGERI 11 PESANGGARAN,20526343,SD,Negeri,Kec. Pesanggaran,052501,Kab. Banyuwangi,052500,Prov. Jawa Timur,050000,5,2,77,6,6,0,0,16,16 Mar 2026 23:13:51,D7E34BC45CA3D9200C2E
SD NEGERI 2 KANDANGAN,20526325,SD,Negeri,Kec. Pesanggaran,052501,Kab. Banyuwangi,052500,Prov. Jawa Timur,050000,4,1,52,6,6,0,0,28,11 Apr 2026 19:08:44,D35F91EA9A75F213AF80
SD NEGERI 2 PESANGGARAN,20526405,SD,Negeri,Kec. Pesanggaran,052501,Kab. Banyuwangi,052500,Prov. Jawa Timur,050000,4,3,200,8,7,0,1,30,02 May 2026 09:56:26,386C6626333D9373E87F
SD NEGERI 2 SARONGAN,20526397,SD,Negeri,Kec. Pesanggaran,052501,Kab. Banyuwangi,052500,Prov. Jawa Timur,050000,6,2,59,6,6,0,1,12,29 Mar 2026 05:27:56,875207274E0759D115D0
SD NEGERI 2 SUMBERAGUNG,20526420,SD,Negeri,Kec. Pesanggaran,052501,Kab. Banyuwangi,052500,Prov. Jawa Timur,050000,5,2,88,6,8,0,0,7,10 Apr 2026 09:53:11,1B8648C33A08B13027CB
SD NEGERI 2 SUMBERMULYO,20525406,SD,Negeri,Kec. Pesanggaran,052501,Kab. Banyuwangi,052500,Prov. Jawa Timur,050000,6,1,164,6,7,0,1,25,15 Apr 2026 07:32:53,2E85A058C12F2A068077
SD NEGERI 3 KANDANGAN,20525389,SD,Negeri,Kec. Pesanggaran,052501,Kab. Banyuwangi,052500,Prov. Jawa Timur,050000,8,0,159,6,8,0,1,12,09 Apr 2026 09:51:03,6D1DB6AE9DB73C4940B7
SD NEGERI 3 PESANGGARAN,20525512,SD,Negeri,Kec. Pesanggaran,052501,Kab. Banyuwangi,052500,Prov. Jawa Timur,050000,9,1,108,6,6,1,1,16,07 Apr 2026 04:29:49,E1A0572B6DFD4E28DC95
SD NEGERI 3 SARONGAN,20525454,SD,Negeri,Kec. Pesanggaran,052501,Kab. Banyuwangi,052500,Prov. Jawa Timur,050000,5,2,91,6,6,0,1,14,04 Apr 2026 00:28:10,74CE44FB126C30F48993
SD NEGERI 3 SUMBERAGUNG,20525461,SD,Negeri,Kec. Pesanggaran,052501,Kab. Banyuwangi,052500,Prov. Jawa Timur,050000,7,0,119,6,6,0,0,15,09 Apr 2026 14:34:17,743D9EAC2798A3769384
SD NEGERI 3 SUMBERMULYO,20525478,SD,Negeri,Kec. Pesanggaran,052501,Kab. Banyuwangi,052500,Prov. Jawa Timur,050000,5,1,67,6,6,0,0,17,24 Apr 2026 09:18:54,CF7DF82FFB36D4650536
SD NEGERI 4 KANDANGAN,20525250,SD,Negeri,Kec. Pesanggaran,052501,Kab. Banyuwangi,052500,Prov. Jawa Timur,050000,5,0,105,6,6,0,0,11,16 Mar 2026 19:35:28,07DFAED06E0429B3631C
SD NEGERI 4 SARONGAN,20525191,SD,Negeri,Kec. Pesanggaran,052501,Kab. Banyuwangi,052500,Prov. Jawa Timur,050000,4,1,89,6,6,1,1,16,24 Apr 2026 09:47:49,61B4EACAD058A6901AC0
SD NEGERI 4 SUMBERAGUNG,20525311,SD,Negeri,Kec. Pesanggaran,052501,Kab. Banyuwangi,052500,Prov. Jawa Timur,050000,7,2,184,6,7,1,1,34,25 Apr 2026 09:24:57,E7CFBA9C504AFDAE261C
SD NEGERI 4 SUMBERMULYO,20525317,SD,Negeri,Kec. Pesanggaran,052501,Kab. Banyuwangi,052500,Prov. Jawa Timur,050000,6,1,85,6,6,0,0,12,29 Apr 2026 18:11:27,A12CBC443FD2152C64FA
SD NEGERI 5 KANDANGAN,20525257,SD,Negeri,Kec. Pesanggaran,052501,Kab. Banyuwangi,052500,Prov. Jawa Timur,050000,6,1,75,6,6,1,1,12,16 Mar 2026 19:23:21,910162499E9D9B924007
SD NEGERI 5 PESANGGARAN,20525295,SD,Negeri,Kec. Pesanggaran,052501,Kab. Banyuwangi,052500,Prov. Jawa Timur,050000,8,2,101,6,7,0,0,11,01 May 2026 19:42:45,B1D60CF16BD62F99304C
SD NEGERI 5 SUMBERAGUNG,20525284,SD,Negeri,Kec. Pesanggaran,052501,Kab. Banyuwangi,052500,Prov. Jawa Timur,050000,7,3,75,6,6,0,0,16,04 Apr 2026 07:26:50,65FE98262E4D9DB499CB
SD NEGERI 6 KANDANGAN,20525809,SD,Negeri,Kec. Pesanggaran,052501,Kab. Banyuwangi,052500,Prov. Jawa Timur,050000,5,2,65,6,6,0,1,8,09 Apr 2026 10:37:02,C43463BBAFFAD2E0A85F
SD NEGERI 6 PESANGGARAN,20525749,SD,Negeri,Kec. Pesanggaran,052501,Kab. Banyuwangi,052500,Prov. Jawa Timur,050000,10,2,97,6,6,0,1,51,23 Apr 2026 12:57:35,BCFEE50D6AFE68D2F6D1
SD NEGERI 6 SARONGAN,20525752,SD,Negeri,Kec. Pesanggaran,052501,Kab. Banyuwangi,052500,Prov. Jawa Timur,050000,8,1,68,6,6,0,0,24,02 May 2026 09:24:16,8A7DBAB25AD6BFDD6383
SD NEGERI 6 SUMBERAGUNG,20525755,SD,Negeri,Kec. Pesanggaran,052501,Kab. Banyuwangi,052500,Prov. Jawa Timur,050000,8,1,124,6,6,0,1,26,29 Apr 2026 11:35:50,7BA39AADAA4BEFFF9BAC
SD NEGERI 7 KANDANGAN,20525769,SD,Negeri,Kec. Pesanggaran,052501,Kab. Banyuwangi,052500,Prov. Jawa Timur,050000,6,2,57,6,6,0,0,23,18 Mar 2026 08:13:04,72AA7BA5069E2FDF7B8A
SD NEGERI 7 SUMBERAGUNG,20525828,SD,Negeri,Kec. Pesanggaran,052501,Kab. Banyuwangi,052500,Prov. Jawa Timur,050000,6,2,91,6,6,0,1,12,10 Mar 2026 09:39:15,7798B06394668C29623C
SD NEGERI 8 PESANGGARAN,20525881,SD,Negeri,Kec. Pesanggaran,052501,Kab. Banyuwangi,052500,Prov. Jawa Timur,050000,6,1,58,6,6,0,1,10,04 Apr 2026 07:14:39,1610E23B86BE24A039EC
SD NEGERI 8 SUMBERAGUNG,20525882,SD,Negeri,Kec. Pesanggaran,052501,Kab. Banyuwangi,052500,Prov. Jawa Timur,050000,13,2,322,12,12,0,1,17,30 Apr 2026 18:55:21,BC4D4E8659592C7B496D
SD NEGERI 9 SUMBERAGUNG,20525920,SD,Negeri,Kec. Pesanggaran,052501,Kab. Banyuwangi,052500,Prov. Jawa Timur,050000,6,2,67,6,6,0,0,12,27 Apr 2026 13:31:06,4144B8EF18CCFBE5B2B3
SMP NEGERI 1 PESANGGARAN,20525723,SMP,Negeri,Kec. Pesanggaran,052501,Kab. Banyuwangi,052500,Prov. Jawa Timur,050000,18,3,409,12,12,3,1,22,27 Apr 2026 13:33:33,6AE9C2EE19FFAD89DB69
SMP NEGERI 2 PESANGGARAN,20525643,SMP,Negeri,Kec. Pesanggaran,052501,Kab. Banyuwangi,052500,Prov. Jawa Timur,050000,20,6,437,14,15,2,1,23,24 Apr 2026 09:01:43,5C73DAFDE3B78AE88073
SMP NEGERI 3 PESANGGARAN SATU ATAP,20560087,SMP,Negeri,Kec. Pesanggaran,052501,Kab. Banyuwangi,052500,Prov. Jawa Timur,050000,6,4,27,3,3,1,1,13,22 Apr 2026 23:02:30,73C486A8FB1D4A250581
SMP IT GRAFIKA,70049475,SMP,Swasta,Kec. Pesanggaran,052501,Kab. Banyuwangi,052500,Prov. Jawa Timur,050000,6,1,51,2,2,1,1,24,27 Apr 2026 11:43:03,33D72657ED9AF74AACAC
SMP KOSGORO PESANGGARAN,20525549,SMP,Swasta,Kec. Pesanggaran,052501,Kab. Banyuwangi,052500,Prov. Jawa Timur,050000,8,3,21,3,7,3,1,15,27 Apr 2026 14:24:45,B95ED5D31CB68EF3A613
SMP MINHAJUSSALIKIN,70060610,SMP,Swasta,Kec. Pesanggaran,052501,Kab. Banyuwangi,052500,Prov. Jawa Timur,050000,0,0,0,0,0,0,0,0,,9AD73BAAC3C7AAB2D133
SMP NU AL ISLAMI,69899306,SMP,Swasta,Kec. Pesanggaran,052501,Kab. Banyuwangi,052500,Prov. Jawa Timur,050000,10,2,39,3,3,0,1,21,22 Apr 2026 07:16:39,D2540CC1FFE100FEAE70
SMP PGRI 1 PESANGGARAN,20525579,SMP,Swasta,Kec. Pesanggaran,052501,Kab. Banyuwangi,052500,Prov. Jawa Timur,050000,8,1,19,3,4,1,1,15,05 Apr 2026 20:16:17,79EE820651965AF264C1
SMP PGRI 3 PESANGGARAN,20525566,SMP,Swasta,Kec. Pesanggaran,052501,Kab. Banyuwangi,052500,Prov. Jawa Timur,050000,8,4,100,5,6,2,1,27,24 Apr 2026 05:40:24,3994F92D1BAC49CD461F
SMAN PESANGGARAN,20525859,SMA,Negeri,Kec. Pesanggaran,052501,Kab. Banyuwangi,052500,Prov. Jawa Timur,050000,53,14,885,27,27,4,1,25,23 Apr 2026 09:09:53,1DB67E7B25C779F0F6A8
SMK NU 1 PESANGGARAN,69971352,SMK,Swasta,Kec. Pesanggaran,052501,Kab. Banyuwangi,052500,Prov. Jawa Timur,050000,8,4,117,6,6,0,0,18,30 Apr 2026 07:27:53,6F63F16893028B263823
SMKS DARUL FALAH,69786859,SMK,Swasta,Kec. Pesanggaran,052501,Kab. Banyuwangi,052500,Prov. Jawa Timur,050000,11,6,151,6,6,1,1,28,30 Apr 2026 10:56:26,D0298478AA1E34AF0EA4
SMKS PGRI PESANGGARAN,20525594,SMK,Swasta,Kec. Pesanggaran,052501,Kab. Banyuwangi,052500,Prov. Jawa Timur,050000,26,1,643,20,17,2,1,22,28 Apr 2026 09:12:54,5F81C93FC1ECFD46F809
SD NEGERI 1 BADEAN,20526059,SD,Negeri,Kec. Blimbingsari,052525,Kab. Banyuwangi,052500,Prov. Jawa Timur,050000,7,1,161,6,6,0,1,13,11 Apr 2026 11:01:50,666E052AC5892CC0BF28
SD NEGERI 1 BLIMBINGSARI,20526545,SD,Negeri,Kec. Blimbingsari,052525,Kab. Banyuwangi,052500,Prov. Jawa Timur,050000,10,1,160,6,7,0,1,12,11 Mar 2026 10:46:40,AD3F73CF8BADF326C1E0
SD NEGERI 1 BOMO,20526546,SD,Negeri,Kec. Blimbingsari,052525,Kab. Banyuwangi,052500,Prov. Jawa Timur,050000,9,2,187,7,10,1,1,14,13 Apr 2026 12:20:23,AB935E4C48BB28986CBE
SD NEGERI 1 GINTANGAN,20526565,SD,Negeri,Kec. Blimbingsari,052525,Kab. Banyuwangi,052500,Prov. Jawa Timur,050000,9,3,169,6,7,0,1,21,21 Apr 2026 20:31:05,082C8B567F4F7B932CD4
SD NEGERI 1 KALIGUNG,20526494,SD,Negeri,Kec. Blimbingsari,052525,Kab. Banyuwangi,052500,Prov. Jawa Timur,050000,6,1,76,6,6,0,0,25,02 Apr 2026 06:13:07,6B7711D2EF4A5E129118
SD NEGERI 1 KAOTAN,20526502,SD,Negeri,Kec. Blimbingsari,052525,Kab. Banyuwangi,052500,Prov. Jawa Timur,050000,6,1,96,6,6,0,0,10,12 Apr 2026 22:33:53,8BF0A6912E8F6F7F7242
SD NEGERI 1 KARANGREJO,20555467,SD,Negeri,Kec. Blimbingsari,052525,Kab. Banyuwangi,052500,Prov. Jawa Timur,050000,7,1,71,6,6,0,1,6,13 Apr 2026 19:19:57,5EC5936FDAF613348E12
SD NEGERI 1 PATOMAN,20526626,SD,Negeri,Kec. Blimbingsari,052525,Kab. Banyuwangi,052500,Prov. Jawa Timur,050000,8,0,196,6,6,0,1,13,21 Apr 2026 10:09:10,5979B5079FA7F75436AA
SD NEGERI 1 SUKOJATI,20526593,SD,Negeri,Kec. Blimbingsari,052525,Kab. Banyuwangi,052500,Prov. Jawa Timur,050000,4,2,139,6,9,0,1,5,03 Apr 2026 21:59:24,56DACA8A7CE52BDCD89D
SD NEGERI 1 WATUKEBO,20526607,SD,Negeri,Kec. Blimbingsari,052525,Kab. Banyuwangi,052500,Prov. Jawa Timur,050000,14,1,316,12,12,0,1,20,14 Apr 2026 08:31:41,E9429386AE04EB92CF61
SD NEGERI 2 BLIMBINGSARI,20526374,SD,Negeri,Kec. Blimbingsari,052525,Kab. Banyuwangi,052500,Prov. Jawa Timur,050000,7,2,141,6,8,0,1,33,01 May 2026 19:53:31,F96BCE03B7C23A17BDF4
SD NEGERI 2 GINTANGAN,20526298,SD,Negeri,Kec. Blimbingsari,052525,Kab. Banyuwangi,052500,Prov. Jawa Timur,050000,9,2,205,7,8,1,1,14,02 Apr 2026 10:15:48,A3F73024473CB5A2253D
SD NEGERI 2 KALIGUNG,20526319,SD,Negeri,Kec. Blimbingsari,052525,Kab. Banyuwangi,052500,Prov. Jawa Timur,050000,9,0,96,6,6,0,1,20,02 May 2026 01:20:52,DE019BFAA5C460105471
SD NEGERI 2 KAOTAN,20526326,SD,Negeri,Kec. Blimbingsari,052525,Kab. Banyuwangi,052500,Prov. Jawa Timur,050000,9,2,95,6,6,0,1,21,06 Apr 2026 09:51:27,95D42062C783AEB1BA05
SD NEGERI 2 PATOMAN,20526401,SD,Negeri,Kec. Blimbingsari,052525,Kab. Banyuwangi,052500,Prov. Jawa Timur,050000,6,2,58,6,6,0,1,13,12 Mar 2026 09:46:06,698B1121D668912E4824
SD NEGERI 2 SUKOJATI,20526415,SD,Negeri,Kec. Blimbingsari,052525,Kab. Banyuwangi,052500,Prov. Jawa Timur,050000,8,2,55,6,6,0,1,40,02 May 2026 11:39:00,192A9A14416E995C62A9
SD NEGERI 2 WATUKEBO,20525429,SD,Negeri,Kec. Blimbingsari,052525,Kab. Banyuwangi,052500,Prov. Jawa Timur,050000,8,1,103,6,6,0,0,10,11 Apr 2026 07:42:28,BCD759A817C3DCB31D76
SD NEGERI 3 BADEAN,20525420,SD,Negeri,Kec. Blimbingsari,052525,Kab. Banyuwangi,052500,Prov. Jawa Timur,050000,8,1,133,6,6,0,1,64,02 May 2026 07:32:35,FE1E495A8D48A3BB91AB
SD NEGERI 3 BLIMBINGSARI,20525364,SD,Negeri,Kec. Blimbingsari,052525,Kab. Banyuwangi,052500,Prov. Jawa Timur,050000,8,1,84,6,6,0,0,16,15 Apr 2026 18:38:39,63F3A9FAA5789CDB904A
SD NEGERI 3 BOMO,20525365,SD,Negeri,Kec. Blimbingsari,052525,Kab. Banyuwangi,052500,Prov. Jawa Timur,050000,7,2,162,6,7,0,1,14,08 Apr 2026 12:13:29,2064F0FFC4E42F7DBA00
SD NEGERI 3 WATUKEBO,20525220,SD,Negeri,Kec. Blimbingsari,052525,Kab. Banyuwangi,052500,Prov. Jawa Timur,050000,8,0,100,6,6,1,1,22,04 Apr 2026 09:25:18,475C982587006997C2E6
SD NEGERI 4 WATUKEBO,20571489,SD,Negeri,Kec. Blimbingsari,052525,Kab. Banyuwangi,052500,Prov. Jawa Timur,050000,7,0,125,6,7,0,0,28,01 May 2026 02:11:58,2B92DEFA03F999156A8A
SD NEGERI 5 KALIGUNG,20525256,SD,Negeri,Kec. Blimbingsari,052525,Kab. Banyuwangi,052500,Prov. Jawa Timur,050000,8,0,102,6,6,0,1,12,25 Apr 2026 08:40:41,4D2931EBD2700449AE4F
SD NEGERI 5 WATUKEBO,20525786,SD,Negeri,Kec. Blimbingsari,052525,Kab. Banyuwangi,052500,Prov. Jawa Timur,050000,8,1,124,6,7,1,0,12,04 Apr 2026 11:18:51,FA2219E8BD730749E152
SMP NEGERI 1 BLIMBINGSARI SATU ATAP,20554490,SMP,Negeri,Kec. Blimbingsari,052525,Kab. Banyuwangi,052500,Prov. Jawa Timur,050000,19,3,351,11,14,1,1,63,29 Apr 2026 18:30:14,829F11B8844C8EFCDF88
SMP BABUSSALAM,70040932,SMP,Swasta,Kec. Blimbingsari,052525,Kab. Banyuwangi,052500,Prov. Jawa Timur,050000,9,1,36,3,3,0,1,36,27 Apr 2026 12:24:15,2C5E32C955FBE7AEAE00
SMP ISLAM SUNAN GUNUNG JATI,69967939,SMP,Swasta,Kec. Blimbingsari,052525,Kab. Banyuwangi,052500,Prov. Jawa Timur,050000,10,1,124,5,7,1,1,14,30 Apr 2026 09:59:00,59F6D0AAECF20A447C39
SMP PLUS MAMBAUL IHSAN,70041872,SMP,Swasta,Kec. Blimbingsari,052525,Kab. Banyuwangi,052500,Prov. Jawa Timur,050000,4,2,8,2,4,0,0,5,13 Feb 2026 20:40:12,5AC2D3AA31BB28994874
SMP UNGGULAN AL KALAM,70029804,SMP,Swasta,Kec. Blimbingsari,052525,Kab. Banyuwangi,052500,Prov. Jawa Timur,050000,6,1,49,3,3,2,1,7,15 Apr 2026 16:07:19,31DEBBE9CC2CB0170427
SMK MIFTAHUL HUDA,69978685,SMK,Swasta,Kec. Blimbingsari,052525,Kab. Banyuwangi,052500,Prov. Jawa Timur,050000,10,1,68,6,5,1,1,8,04 Apr 2026 08:03:49,40BC2932C2FB11747F7F
SMK ROUDLOTUSSALAM,70002835,SMK,Swasta,Kec. Blimbingsari,052525,Kab. Banyuwangi,052500,Prov. Jawa Timur,050000,9,1,40,3,3,1,0,14,22 Apr 2026 08:30:05,6E4577BFF5B4B74AD150
SMK SUNAN GUNUNGJATI WATUKEBO,70003202,SMK,Swasta,Kec. Blimbingsari,052525,Kab. Banyuwangi,052500,Prov. Jawa Timur,050000,6,2,61,3,3,1,1,21,14 Apr 2026 21:39:05,A799F96483DE516A402F
SD NEGERI 1 ALASMALANG,20526056,SD,Negeri,Kec. Singojuruh,052514,Kab. Banyuwangi,052500,Prov. Jawa Timur,050000,15,1,299,12,12,0,1,21,12 Apr 2026 22:42:34,97006C8D34561A272D5F
SD NEGERI 1 BENELAN KIDUL,20526541,SD,Negeri,Kec. Singojuruh,052514,Kab. Banyuwangi,052500,Prov. Jawa Timur,050000,7,0,72,6,6,0,1,12,19 Apr 2026 16:33:01,C74EEA99AA262C742468
SD NEGERI 1 CANTUK,20526533,SD,Negeri,Kec. Singojuruh,052514,Kab. Banyuwangi,052500,Prov. Jawa Timur,050000,7,3,160,6,6,0,0,21,23 Apr 2026 19:33:41,A2B025B71D0FA749FAC1
SD NEGERI 1 GUMIRIH,20526552,SD,Negeri,Kec. Singojuruh,052514,Kab. Banyuwangi,052500,Prov. Jawa Timur,050000,5,0,79,6,6,0,1,7,20 Apr 2026 11:24:55,FFBEBE65E726A82FBC11
SD NEGERI 1 KEMIRI,20526525,SD,Negeri,Kec. Singojuruh,052514,Kab. Banyuwangi,052500,Prov. Jawa Timur,050000,7,1,111,6,8,0,1,16,15 Apr 2026 07:59:02,79BC3C727F9A48AD7DC9
SD NEGERI 1 LEMAHBANGKULON,20526575,SD,Negeri,Kec. Singojuruh,052514,Kab. Banyuwangi,052500,Prov. Jawa Timur,050000,7,1,94,6,6,0,0,12,16 Mar 2026 16:50:12,350ACE16C2A6C8887E76
SD NEGERI 1 PADANG,20526639,SD,Negeri,Kec. Singojuruh,052514,Kab. Banyuwangi,052500,Prov. Jawa Timur,050000,8,1,153,7,12,1,1,49,09 Apr 2026 18:00:48,BFEF4C86DE126796BF11
SD NEGERI 1 SINGOJURUH,20526654,SD,Negeri,Kec. Singojuruh,052514,Kab. Banyuwangi,052500,Prov. Jawa Timur,050000,6,2,134,6,9,0,1,14,16 Mar 2026 23:46:13,739C4E673DB8B16542DA
SD NEGERI 1 SINGOLATREN,20526621,SD,Negeri,Kec. Singojuruh,052514,Kab. Banyuwangi,052500,Prov. Jawa Timur,050000,8,0,98,6,6,0,1,16,04 Apr 2026 17:35:00,84C50E90BF11172181F0
SD NEGERI 1 SUMBERBARU,20526579,SD,Negeri,Kec. Singojuruh,052514,Kab. Banyuwangi,052500,Prov. Jawa Timur,050000,8,0,140,6,6,0,1,25,29 Apr 2026 18:12:18,28F3EE7FA4B7CB8AAF9D
SD NEGERI 2 ALASMALANG,20526352,SD,Negeri,Kec. Singojuruh,052514,Kab. Banyuwangi,052500,Prov. Jawa Timur,050000,7,1,86,6,6,0,1,15,09 Apr 2026 14:13:57,040132CEFC89ACCDC8CE
SD NEGERI 2 BENELAN KIDUL,20526371,SD,Negeri,Kec. Singojuruh,052514,Kab. Banyuwangi,052500,Prov. Jawa Timur,050000,6,1,94,6,6,0,1,18,03 Apr 2026 05:05:35,6BF33BA73B32508FF125
SD NEGERI 2 CANTUK,20526311,SD,Negeri,Kec. Singojuruh,052514,Kab. Banyuwangi,052500,Prov. Jawa Timur,050000,7,2,85,6,6,0,1,12,07 Apr 2026 08:06:14,1D5BF2711FB6481B6EF6
SD NEGERI 2 GUMIRIH,20526330,SD,Negeri,Kec. Singojuruh,052514,Kab. Banyuwangi,052500,Prov. Jawa Timur,050000,4,0,114,6,6,0,0,15,02 May 2026 14:33:52,D1CEE038C91F9622AFD3
SD NEGERI 2 KEMIRI,20526442,SD,Negeri,Kec. Singojuruh,052514,Kab. Banyuwangi,052500,Prov. Jawa Timur,050000,9,0,194,8,7,0,1,11,27 Apr 2026 11:25:53,D0A887F0565BCC9DB889
SD NEGERI 2 LEMAHBANGKULON,20526479,SD,Negeri,Kec. Singojuruh,052514,Kab. Banyuwangi,052500,Prov. Jawa Timur,050000,8,1,84,6,6,0,1,9,16 Mar 2026 20:36:58,770ECB6E1A498F14C7B7
SD NEGERI 2 PADANG,20526464,SD,Negeri,Kec. Singojuruh,052514,Kab. Banyuwangi,052500,Prov. Jawa Timur,050000,8,2,226,8,6,0,1,30,16 Apr 2026 10:20:49,F618D5365BD7256E7ABD
SD NEGERI 2 SINGOJURUH,20526429,SD,Negeri,Kec. Singojuruh,052514,Kab. Banyuwangi,052500,Prov. Jawa Timur,050000,8,1,122,6,7,0,0,11,06 Apr 2026 12:10:25,869C981E5C1625D2E208
SD NEGERI 2 SINGOLATREN,20526430,SD,Negeri,Kec. Singojuruh,052514,Kab. Banyuwangi,052500,Prov. Jawa Timur,050000,7,1,89,6,6,0,1,42,08 Apr 2026 07:37:56,F0C2236F5C9C641CEB9D
SD NEGERI 2 SUMBERBARU,20525391,SD,Negeri,Kec. Singojuruh,052514,Kab. Banyuwangi,052500,Prov. Jawa Timur,050000,6,1,157,6,7,0,1,25,02 May 2026 11:27:48,BC6FB4020A884ECD4A46
SD NEGERI 3 BENELAN KIDUL,20525361,SD,Negeri,Kec. Singojuruh,052514,Kab. Banyuwangi,052500,Prov. Jawa Timur,050000,6,1,41,6,7,0,1,10,02 Apr 2026 00:44:35,ECB0499327B268566D0C
SD NEGERI 3 GUMIRIH,20525384,SD,Negeri,Kec. Singojuruh,052514,Kab. Banyuwangi,052500,Prov. Jawa Timur,050000,7,1,106,6,6,0,1,5,16 Mar 2026 20:55:19,8D4BF9C365420A904839
SD NEGERI 3 SINGOJURUH,20525440,SD,Negeri,Kec. Singojuruh,052514,Kab. Banyuwangi,052500,Prov. Jawa Timur,050000,10,0,155,8,8,0,1,19,04 Apr 2026 10:07:29,B5756D75FF88663CCF75
SD NEGERI 3 SUMBER BARU,20525475,SD,Negeri,Kec. Singojuruh,052514,Kab. Banyuwangi,052500,Prov. Jawa Timur,050000,7,2,165,6,9,0,1,25,27 Apr 2026 07:27:47,3A59BD2751BC8B14CDE1
SD NEGERI 4 SINGOJURUH,20525190,SD,Negeri,Kec. Singojuruh,052514,Kab. Banyuwangi,052500,Prov. Jawa Timur,050000,6,2,133,6,6,0,0,22,18 Apr 2026 10:25:09,24712BE897261DB7D2E8
SD NEGERI 5 SINGOJURUH,20525283,SD,Negeri,Kec. Singojuruh,052514,Kab. Banyuwangi,052500,Prov. Jawa Timur,050000,6,1,20,5,3,0,0,11,04 Apr 2026 12:25:22,1B61E197766534DB0B14
SD NEGERI GAMBOR,20526549,SD,Negeri,Kec. Singojuruh,052514,Kab. Banyuwangi,052500,Prov. Jawa Timur,050000,11,1,196,10,9,0,1,51,07 Apr 2026 23:44:34,FF34CE13AB9890513D4F
SD ISLAM MANBAUL FALAH,70013066,SD,Swasta,Kec. Singojuruh,052514,Kab. Banyuwangi,052500,Prov. Jawa Timur,050000,1,2,0,0,0,0,0,0,,C218A0BC1CF2BF53F65C
SD NU NURUL QURAN,69906887,SD,Swasta,Kec. Singojuruh,052514,Kab. Banyuwangi,052500,Prov. Jawa Timur,050000,7,1,143,6,6,0,0,19,30 Apr 2026 06:48:30,053B55A3B251E7BCB562
SMP NEGERI 1 SINGOJURUH,20525718,SMP,Negeri,Kec. Singojuruh,052514,Kab. Banyuwangi,052500,Prov. Jawa Timur,050000,32,6,812,24,24,5,1,42,02 May 2026 18:22:48,76EBBB8762C059951D34
SMP NEGERI 3 SINGOJURUH SATU ATAP,20560145,SMP,Negeri,Kec. Singojuruh,052514,Kab. Banyuwangi,052500,Prov. Jawa Timur,050000,10,4,143,6,6,1,1,41,17 Apr 2026 16:25:22,BD78D8ED073A1B28FF64
SMP NEGERI MANBAUL FALAH SINGOJURUH,20525685,SMP,Negeri,Kec. Singojuruh,052514,Kab. Banyuwangi,052500,Prov. Jawa Timur,050000,20,5,565,16,16,0,1,44,27 Apr 2026 07:14:07,B30A86AF203D02B5D296
SMP DAARUL QURAN,69989238,SMP,Swasta,Kec. Singojuruh,052514,Kab. Banyuwangi,052500,Prov. Jawa Timur,050000,9,2,49,3,3,1,1,26,13 Apr 2026 10:46:16,17232B74EE515C084C9A
SMP UNGGULAN DARUL ANWAR,70011238,SMP,Swasta,Kec. Singojuruh,052514,Kab. Banyuwangi,052500,Prov. Jawa Timur,050000,7,4,84,4,5,0,0,28,28 Apr 2026 09:11:31,2751BC958C2C65B35BDE
SMAN DARUSSHOLAH SINGOJURUH,20525601,SMA,Negeri,Kec. Singojuruh,052514,Kab. Banyuwangi,052500,Prov. Jawa Timur,050000,56,21,1004,29,31,5,1,32,25 Apr 2026 16:07:36,A4CF2A6F7AB7A15B1DA2
SMKN IHYA ULUMMUDIN SINGOJURUH,20525589,SMK,Negeri,Kec. Singojuruh,052514,Kab. Banyuwangi,052500,Prov. Jawa Timur,050000,90,24,1553,48,29,1,1,35,30 Apr 2026 21:01:46,760BEE69AF8808F4C8BA
SMK AL MUNAWWIR IIBS,69896523,SMK,Swasta,Kec. Singojuruh,052514,Kab. Banyuwangi,052500,Prov. Jawa Timur,050000,27,3,326,17,12,1,1,32,20 Apr 2026 12:24:51,936634D62BCB05A10E35
SMK DARUL ANWAR,69936130,SMK,Swasta,Kec. Singojuruh,052514,Kab. Banyuwangi,052500,Prov. Jawa Timur,050000,16,6,97,12,16,1,2,38,15 Apr 2026 07:00:42,B57580733DA7C588AF34
SD NEGERI 1 BANGUNSARI,20526044,SD,Negeri,Kec. Songgon,052516,Kab. Banyuwangi,052500,Prov. Jawa Timur,050000,4,1,77,6,6,0,1,10,11 Apr 2026 18:57:42,CAE5FD1E910BF1FCD800
SD NEGERI 1 BAYU,20526061,SD,Negeri,Kec. Songgon,052516,Kab. Banyuwangi,052500,Prov. Jawa Timur,050000,7,2,93,6,6,0,1,19,10 Apr 2026 07:52:45,A803DF592BAE5DF1E100
SD NEGERI 1 BEDEWANG,20526528,SD,Negeri,Kec. Songgon,052516,Kab. Banyuwangi,052500,Prov. Jawa Timur,050000,8,1,88,6,6,0,0,16,16 Mar 2026 19:27:25,92204254DE37CCF3FDC3
SD NEGERI 1 PARANGHARJO,20526632,SD,Negeri,Kec. Songgon,052516,Kab. Banyuwangi,052500,Prov. Jawa Timur,050000,7,2,112,6,6,0,1,25,02 May 2026 10:10:13,F94D9006F2CD2179F1EC
SD NEGERI 1 SONGGON,20526589,SD,Negeri,Kec. Songgon,052516,Kab. Banyuwangi,052500,Prov. Jawa Timur,050000,7,2,158,6,6,0,1,14,16 Mar 2026 23:50:32,A663772F09C451573C65
SD NEGERI 1 SRAGI,20526590,SD,Negeri,Kec. Songgon,052516,Kab. Banyuwangi,052500,Prov. Jawa Timur,050000,6,2,160,6,6,0,1,24,06 Apr 2026 18:10:31,08828DC41314FF5C4AB6
SD NEGERI 1 SUMBERARUM,20526577,SD,Negeri,Kec. Songgon,052516,Kab. Banyuwangi,052500,Prov. Jawa Timur,050000,6,2,168,6,6,0,1,15,11 Apr 2026 09:06:08,F5B10CE0FF29AD359E87
SD NEGERI 1 SUMBERBULU,20526581,SD,Negeri,Kec. Songgon,052516,Kab. Banyuwangi,052500,Prov. Jawa Timur,050000,8,1,128,6,7,0,1,18,17 Apr 2026 09:18:37,5F011A908901D4592061
SD NEGERI 2 BALAK,20526381,SD,Negeri,Kec. Songgon,052516,Kab. Banyuwangi,052500,Prov. Jawa Timur,050000,8,2,190,7,12,1,1,51,16 Mar 2026 20:46:33,C28536F0AB112A748678
SD NEGERI 2 BANGUNSARI,20526384,SD,Negeri,Kec. Songgon,052516,Kab. Banyuwangi,052500,Prov. Jawa Timur,050000,5,2,161,6,6,0,1,32,15 Apr 2026 13:21:44,18CC7C5401540BCE9B24
SD NEGERI 2 BAYU,20526368,SD,Negeri,Kec. Songgon,052516,Kab. Banyuwangi,052500,Prov. Jawa Timur,050000,7,1,80,6,5,0,0,11,24 Apr 2026 10:41:56,852146C9C2822F89A5A7
SD NEGERI 2 BEDEWANG,20526369,SD,Negeri,Kec. Songgon,052516,Kab. Banyuwangi,052500,Prov. Jawa Timur,050000,6,1,84,6,6,0,1,13,25 Apr 2026 08:49:48,38AA2AB678E4EF423952
SD NEGERI 2 PARANGHARJO,20526469,SD,Negeri,Kec. Songgon,052516,Kab. Banyuwangi,052500,Prov. Jawa Timur,050000,7,1,175,6,6,0,1,13,20 Apr 2026 07:54:56,FF5606984591E38CEEA8
SD NEGERI 2 SONGGON,20526423,SD,Negeri,Kec. Songgon,052516,Kab. Banyuwangi,052500,Prov. Jawa Timur,050000,7,1,73,6,6,0,1,11,05 Mar 2026 09:22:52,87B0F1D8C67CE9F60612
SD NEGERI 2 SRAGI,20526422,SD,Negeri,Kec. Songgon,052516,Kab. Banyuwangi,052500,Prov. Jawa Timur,050000,7,0,130,6,6,0,0,19,25 Apr 2026 09:58:02,74B07B60EEF12FD23A23
SD NEGERI 2 SUMBERBULU,20525404,SD,Negeri,Kec. Songgon,052516,Kab. Banyuwangi,052500,Prov. Jawa Timur,050000,9,1,103,6,6,0,1,14,09 Apr 2026 12:09:06,B18BB75D12F9609B46DE
SD NEGERI 3 BALAK,20525423,SD,Negeri,Kec. Songgon,052516,Kab. Banyuwangi,052500,Prov. Jawa Timur,050000,4,2,55,6,5,0,0,34,15 Apr 2026 07:45:07,9A8F72F6C2DDFB75DD9B
SD NEGERI 3 PARANGHARJO,20525519,SD,Negeri,Kec. Songgon,052516,Kab. Banyuwangi,052500,Prov. Jawa Timur,050000,5,1,60,6,6,0,1,15,06 Apr 2026 08:15:49,D8568FDF44D1BFE52539
SD NEGERI 3 SONGGON,20525442,SD,Negeri,Kec. Songgon,052516,Kab. Banyuwangi,052500,Prov. Jawa Timur,050000,7,2,131,6,7,0,1,30,02 May 2026 08:35:16,57D71C8A0554FA7E0414
SD NEGERI 3 SRAGI,20525443,SD,Negeri,Kec. Songgon,052516,Kab. Banyuwangi,052500,Prov. Jawa Timur,050000,5,1,71,6,6,0,1,7,13 Apr 2026 07:58:02,7D7F8C99A69439F7886A
SD NEGERI 3 SUMBERARUM,20525462,SD,Negeri,Kec. Songgon,052516,Kab. Banyuwangi,052500,Prov. Jawa Timur,050000,8,1,104,6,6,0,1,20,27 Apr 2026 20:27:47,A4868CE0E47108DB65E2
SD NEGERI 4 BAYU,20525213,SD,Negeri,Kec. Songgon,052516,Kab. Banyuwangi,052500,Prov. Jawa Timur,050000,7,2,94,6,6,1,1,25,16 Apr 2026 06:48:04,9FEBECE35DFCD5C573A2
SD NEGERI 4 SONGGON,20525251,SD,Negeri,Kec. Songgon,052516,Kab. Banyuwangi,052500,Prov. Jawa Timur,050000,6,2,157,6,6,1,1,9,04 Mar 2026 12:49:57,E169050815A8E7782379
SD NEGERI 4 SRAGI,20525298,SD,Negeri,Kec. Songgon,052516,Kab. Banyuwangi,052500,Prov. Jawa Timur,050000,8,1,90,6,6,0,1,13,16 Mar 2026 23:22:49,37B3C8A7B9B7B97DD482
SD NEGERI 4 SUMBER ARUM,20525312,SD,Negeri,Kec. Songgon,052516,Kab. Banyuwangi,052500,Prov. Jawa Timur,050000,5,2,36,6,5,0,0,18,16 Mar 2026 18:53:09,E6AF71DD3CFB9941E232
SD NEGERI 5 BALAK,20525327,SD,Negeri,Kec. Songgon,052516,Kab. Banyuwangi,052500,Prov. Jawa Timur,050000,5,0,17,6,2,0,0,58,06 Apr 2026 09:55:32,73F5D5511AF74462D76E
SD NEGERI 5 BAYU,20525330,SD,Negeri,Kec. Songgon,052516,Kab. Banyuwangi,052500,Prov. Jawa Timur,050000,6,1,129,6,7,0,1,19,02 May 2026 05:19:14,3804128BAE8BA108584B
SD NEGERI 6 BAYU,20525818,SD,Negeri,Kec. Songgon,052516,Kab. Banyuwangi,052500,Prov. Jawa Timur,050000,7,0,98,6,6,0,1,25,16 Mar 2026 21:31:47,9A9D68D7C6F1E27C4385
SMP NEGERI 1 SONGGON,20525719,SMP,Negeri,Kec. Songgon,052516,Kab. Banyuwangi,052500,Prov. Jawa Timur,050000,30,5,707,21,21,2,1,13,16 Mar 2026 23:07:17,EBF53D31944B43DB9F57
SMP NEGERI 2 SONGGON,20540131,SMP,Negeri,Kec. Songgon,052516,Kab. Banyuwangi,052500,Prov. Jawa Timur,050000,23,6,566,18,18,2,1,63,02 May 2026 10:04:29,B3EBF08FB2A7B5CCAD07
SMP NEGERI 3 SONGGON SATU ATAP,20540139,SMP,Negeri,Kec. Songgon,052516,Kab. Banyuwangi,052500,Prov. Jawa Timur,050000,12,3,148,6,6,2,1,35,01 May 2026 23:02:03,93C01379690FFE94593C
SMP ISLAM AINUL HUDA,70003837,SMP,Swasta,Kec. Songgon,052516,Kab. Banyuwangi,052500,Prov. Jawa Timur,050000,8,4,67,3,4,1,0,9,09 Mar 2026 21:58:27,A9A7BA3972E35AD4003C
SMP KOSGORO SRAGI,20525560,SMP,Swasta,Kec. Songgon,052516,Kab. Banyuwangi,052500,Prov. Jawa Timur,050000,8,4,64,3,8,2,1,22,30 Apr 2026 09:32:00,017A3624073A607AD1ED
SMAS MUHAMMADIYAH 4 SONGGON,20540168,SMA,Swasta,Kec. Songgon,052516,Kab. Banyuwangi,052500,Prov. Jawa Timur,050000,6,2,54,3,5,5,1,11,07 Apr 2026 11:13:16,99A497FAD64E169FD211
SMKS NURUT TAQWA,69775463,SMK,Swasta,Kec. Songgon,052516,Kab. Banyuwangi,052500,Prov. Jawa Timur,050000,43,6,1085,32,27,2,1,38,27 Apr 2026 08:40:28,049AA6B87CB7F6ABD82F
SD NEGERI 1 BANJAR,20526045,SD,Negeri,Kec. Licin,052522,Kab. Banyuwangi,052500,Prov. Jawa Timur,050000,4,4,31,6,6,0,1,15,04 Apr 2026 07:49:13,15585492FE9024E914FC
SD Negeri 1 Gumuk,20526553,SD,Negeri,Kec. Licin,052522,Kab. Banyuwangi,052500,Prov. Jawa Timur,050000,7,3,96,6,6,0,0,17,16 Mar 2026 16:43:46,C5589CB97D74E5E3A16A
SD NEGERI 1 JELUN,20526558,SD,Negeri,Kec. Licin,052522,Kab. Banyuwangi,052500,Prov. Jawa Timur,050000,8,1,23,6,6,0,1,12,02 Apr 2026 07:53:07,1543C4C6B8A318E48289
SD NEGERI 1 KLUNCING,20526511,SD,Negeri,Kec. Licin,052522,Kab. Banyuwangi,052500,Prov. Jawa Timur,050000,7,2,97,6,6,0,1,15,04 Apr 2026 21:39:55,2A883B23C7C300A3C176
SD NEGERI 1 LICIN,20526634,SD,Negeri,Kec. Licin,052522,Kab. Banyuwangi,052500,Prov. Jawa Timur,050000,6,2,83,6,6,0,1,8,04 Apr 2026 08:43:41,F53283A640E9948EF001
SD NEGERI 1 SEGOBANG,20526656,SD,Negeri,Kec. Licin,052522,Kab. Banyuwangi,052500,Prov. Jawa Timur,050000,7,0,64,6,6,1,1,17,02 Apr 2026 14:14:07,BB484A9734586140B7A3
SD NEGERI 1 TAMANSARI,20526599,SD,Negeri,Kec. Licin,052522,Kab. Banyuwangi,052500,Prov. Jawa Timur,050000,4,2,159,6,6,0,1,16,14 Apr 2026 07:24:51,39111A2B3EAC2421BF54
SD NEGERI 2 BANJAR,20526385,SD,Negeri,Kec. Licin,052522,Kab. Banyuwangi,052500,Prov. Jawa Timur,050000,5,2,37,6,3,0,1,12,20 Apr 2026 12:56:37,6623BDA07B368637AF83
SD NEGERI 2 GUMUK,20526331,SD,Negeri,Kec. Licin,052522,Kab. Banyuwangi,052500,Prov. Jawa Timur,050000,8,1,29,6,6,0,1,14,09 Apr 2026 08:01:11,2EDC55987DF55C87DBC8
SD NEGERI 2 JELUN,20526336,SD,Negeri,Kec. Licin,052522,Kab. Banyuwangi,052500,Prov. Jawa Timur,050000,6,1,28,6,6,0,0,9,06 Apr 2026 11:26:10,EEEFED60E8A887AC3DD5
SD NEGERI 2 LICIN,20526471,SD,Negeri,Kec. Licin,052522,Kab. Banyuwangi,052500,Prov. Jawa Timur,050000,7,2,32,6,6,0,1,31,14 Apr 2026 07:34:46,798827ED63CE2DFBD2A0
SD NEGERI 2 PAKEL,20526465,SD,Negeri,Kec. Licin,052522,Kab. Banyuwangi,052500,Prov. Jawa Timur,050000,7,1,64,6,6,0,1,19,11 Apr 2026 16:17:04,8DFD7C0FCB8C2F8D5870
SD NEGERI 2 SEGOBANG,20526398,SD,Negeri,Kec. Licin,052522,Kab. Banyuwangi,052500,Prov. Jawa Timur,050000,9,1,47,6,6,0,1,19,11 Apr 2026 12:58:39,FF017B4D676D76CD417B
SD NEGERI 2 TAMANSARI,20555495,SD,Negeri,Kec. Licin,052522,Kab. Banyuwangi,052500,Prov. Jawa Timur,050000,5,3,102,6,6,1,1,22,07 Apr 2026 07:19:30,5915249E73074C504164
SD NEGERI 3 GUMUK,20525385,SD,Negeri,Kec. Licin,052522,Kab. Banyuwangi,052500,Prov. Jawa Timur,050000,6,2,51,6,5,0,0,31,18 Apr 2026 11:14:10,B1C41146373027C22D92
SD NEGERI 3 KLUNCING,20525506,SD,Negeri,Kec. Licin,052522,Kab. Banyuwangi,052500,Prov. Jawa Timur,050000,5,0,51,6,6,0,0,17,02 Apr 2026 07:52:28,9308218775E700279B70
SD NEGERI 3 PAKEL,20525526,SD,Negeri,Kec. Licin,052522,Kab. Banyuwangi,052500,Prov. Jawa Timur,050000,6,0,56,6,6,0,1,16,08 Apr 2026 19:06:07,345A9A04FDC0B00BE422
SD NEGERI 3 SEGOBANG,20525455,SD,Negeri,Kec. Licin,052522,Kab. Banyuwangi,052500,Prov. Jawa Timur,050000,7,2,121,6,6,0,1,15,08 Apr 2026 08:19:42,AB214BFDFA7C1845D136
SD NEGERI 4 KLUNCING,20525162,SD,Negeri,Kec. Licin,052522,Kab. Banyuwangi,052500,Prov. Jawa Timur,050000,6,0,67,6,6,0,0,8,04 Apr 2026 16:32:15,A6BDD7B221C8FD5C48A6
SD NEGERI 4 SEGOBANG,20525182,SD,Negeri,Kec. Licin,052522,Kab. Banyuwangi,052500,Prov. Jawa Timur,050000,3,1,31,6,4,0,1,12,03 Apr 2026 23:38:43,CD6B32FD2F1D7A3549FA
SD NEGERI 4 TAMANSARI,20525299,SD,Negeri,Kec. Licin,052522,Kab. Banyuwangi,052500,Prov. Jawa Timur,050000,5,2,70,6,7,0,1,9,16 Apr 2026 09:23:11,DF56FB3089CCE1A85680
SD NEGERI 5 TAMANSARI,20525797,SD,Negeri,Kec. Licin,052522,Kab. Banyuwangi,052500,Prov. Jawa Timur,050000,8,1,98,6,6,0,1,15,09 Apr 2026 11:55:05,13B4B2D5DA20B1E62BEA
SDN 1 PAKEL,20526640,SD,Negeri,Kec. Licin,052522,Kab. Banyuwangi,052500,Prov. Jawa Timur,050000,6,1,37,6,6,0,0,15,09 Apr 2026 07:57:02,ED448C1F1407E85BB5C9
Sekolah Rakyat Dasar Terintegrasi 2 Banyuwangi,70055461,SD,Negeri,Kec. Licin,052522,Kab. Banyuwangi,052500,Prov. Jawa Timur,050000,1,0,22,6,1,0,0,18,20 Apr 2026 15:02:25,69BD02B43B3A5F219D6F
Sekolah Rakyat Menengah Pertama Terintegrasi 2 Banyuwangi,70055462,SMP,Negeri,Kec. Licin,052522,Kab. Banyuwangi,052500,Prov. Jawa Timur,050000,3,0,44,2,2,0,0,24,29 Mar 2026 21:29:20,456B6C5B4BD022ABD7FB
SMP NEGERI 1 LICIN,20525733,SMP,Negeri,Kec. Licin,052522,Kab. Banyuwangi,052500,Prov. Jawa Timur,050000,22,6,390,12,12,2,1,35,28 Apr 2026 08:03:03,C452CC45D2B029C88E4A
SMP NEGERI 2 LICIN SATU ATAP,20540135,SMP,Negeri,Kec. Licin,052522,Kab. Banyuwangi,052500,Prov. Jawa Timur,050000,7,2,87,3,3,2,1,38,11 Apr 2026 07:57:18,99D5657C3CB6C9DD7D8D
SMP ISLAM AS SHODIQY,70008272,SMP,Swasta,Kec. Licin,052522,Kab. Banyuwangi,052500,Prov. Jawa Timur,050000,5,1,29,3,3,0,0,28,07 Apr 2026 05:07:06,810A8CAE48FDD88F14F8
Sekolah Rakyat Menengah Atas Terintegrasi 2 Banyuwangi,70055463,SMA,Negeri,Kec. Licin,052522,Kab. Banyuwangi,052500,Prov. Jawa Timur,050000,17,1,39,2,2,2,1,8,02 Feb 2026 11:30:29,9F2741215DA5190F5D90
SD NEGERI 1 BOYOLANGU,20526547,SD,Negeri,Kec. Giri,052519,Kab. Banyuwangi,052500,Prov. Jawa Timur,050000,8,2,194,7,6,0,1,13,04 Mar 2026 14:15:42,FD254DFB8ACCD3448CA2
SD NEGERI 1 GIRI,20526566,SD,Negeri,Kec. Giri,052519,Kab. Banyuwangi,052500,Prov. Jawa Timur,050000,16,1,304,12,12,0,1,18,02 Apr 2026 20:10:13,1D61B3D5AE427D79299E
SD NEGERI 1 GROGOL,20526562,SD,Negeri,Kec. Giri,052519,Kab. Banyuwangi,052500,Prov. Jawa Timur,050000,8,2,119,6,6,0,1,28,13 Apr 2026 13:52:32,68ADC1645D2C0272B1CB
SD NEGERI 1 JAMBESARI,20526556,SD,Negeri,Kec. Giri,052519,Kab. Banyuwangi,052500,Prov. Jawa Timur,050000,8,1,58,6,6,0,1,14,04 Apr 2026 02:06:27,D82DD3AA39B089C06BAA
SD NEGERI 1 MOJOPANGGUNG,20526638,SD,Negeri,Kec. Giri,052519,Kab. Banyuwangi,052500,Prov. Jawa Timur,050000,19,8,658,21,21,0,1,29,27 Apr 2026 16:07:38,4D0184AE5EB7EEB66F60
SD NEGERI 2 GIRI,20526299,SD,Negeri,Kec. Giri,052519,Kab. Banyuwangi,052500,Prov. Jawa Timur,050000,7,4,92,6,6,0,1,10,02 Apr 2026 20:48:45,790E4ADFF4FDBAB8AF0E
SD NEGERI 2 JAMBESARI,20526334,SD,Negeri,Kec. Giri,052519,Kab. Banyuwangi,052500,Prov. Jawa Timur,050000,7,2,50,6,6,0,1,15,03 Apr 2026 09:25:44,5DFC7BFC151AF00A2012
SD NEGERI 3 BOYOLANGU,20525356,SD,Negeri,Kec. Giri,052519,Kab. Banyuwangi,052500,Prov. Jawa Timur,050000,7,4,42,6,6,0,1,16,05 Apr 2026 18:47:10,15058BBB2009746A03CB
SD NEGERI 3 MOJOPANGGUNG,20525524,SD,Negeri,Kec. Giri,052519,Kab. Banyuwangi,052500,Prov. Jawa Timur,050000,7,2,131,6,6,0,1,21,06 Apr 2026 07:49:22,E35C59D94B05B6AFD780
SD NEGERI PENATABAN,20539381,SD,Negeri,Kec. Giri,052519,Kab. Banyuwangi,052500,Prov. Jawa Timur,050000,8,2,82,6,6,0,1,18,07 Apr 2026 19:19:50,B97DB7D882B32B7A5474
SD ISLAM DARUL FAIZIN,20526093,SD,Swasta,Kec. Giri,052519,Kab. Banyuwangi,052500,Prov. Jawa Timur,050000,6,1,56,6,6,0,1,9,08 Apr 2026 22:50:09,10A6CB6F8C429B649685
SD MENORAH,69889110,SD,Swasta,Kec. Giri,052519,Kab. Banyuwangi,052500,Prov. Jawa Timur,050000,8,1,49,6,6,1,1,8,17 Mar 2026 10:29:00,457BE48BDA3307D5829C
SD UNGGULAN PON-PES HABIBULLOH,20539396,SD,Swasta,Kec. Giri,052519,Kab. Banyuwangi,052500,Prov. Jawa Timur,050000,14,2,135,7,13,1,1,26,04 Apr 2026 09:09:06,CFBD01BB76F8A27C31A8
SDIT AL QOMAR,20539393,SD,Swasta,Kec. Giri,052519,Kab. Banyuwangi,052500,Prov. Jawa Timur,050000,27,1,540,21,21,3,1,23,27 Apr 2026 15:30:44,9446D5B2442277DA9ACD
SMP NEGERI 1 GIRI,20525727,SMP,Negeri,Kec. Giri,052519,Kab. Banyuwangi,052500,Prov. Jawa Timur,050000,36,11,959,25,27,4,1,23,30 Apr 2026 09:46:35,12A6B48064EBF0048E5A
SMP ISLAM AL QOMAR,70004839,SMP,Swasta,Kec. Giri,052519,Kab. Banyuwangi,052500,Prov. Jawa Timur,050000,6,1,33,3,3,0,1,8,18 Apr 2026 10:06:50,C60FA925CE92387CA4F0
SMP PLUS SIROJUT THOLIBIEN,70051597,SMP,Swasta,Kec. Giri,052519,Kab. Banyuwangi,052500,Prov. Jawa Timur,050000,0,0,0,0,0,0,0,0,,10EE5126E8B82B0B96F3
SMP SUNAN GIRI 1 GIRI,20525690,SMP,Swasta,Kec. Giri,052519,Kab. Banyuwangi,052500,Prov. Jawa Timur,050000,8,2,83,3,6,2,2,19,30 Apr 2026 10:51:50,4EE7E0F8CD4E470AF02F
SMP UNGGULAN HABIBULLOH,20525705,SMP,Swasta,Kec. Giri,052519,Kab. Banyuwangi,052500,Prov. Jawa Timur,050000,12,2,104,4,12,3,1,20,16 Mar 2026 21:59:50,FECC7FB1871FAED3BDFC
SMAN 1 GIRI,20525855,SMA,Negeri,Kec. Giri,052519,Kab. Banyuwangi,052500,Prov. Jawa Timur,050000,49,17,1028,29,30,6,3,24,29 Apr 2026 07:55:04,911AC76C8F012C8571B4
SMKN 1 BANYUWANGI,20525590,SMK,Negeri,Kec. Giri,052519,Kab. Banyuwangi,052500,Prov. Jawa Timur,050000,111,29,2100,62,47,4,1,62,27 Apr 2026 06:57:00,62B4BCFC54BCE1A524F4
SMKS PGRI 1 GIRI,20525592,SMK,Swasta,Kec. Giri,052519,Kab. Banyuwangi,052500,Prov. Jawa Timur,050000,47,18,902,33,33,3,1,35,28 Apr 2026 07:29:56,3AADBB8785E884189268
SMKS PGRI 2 GIRI,20525621,SMK,Swasta,Kec. Giri,052519,Kab. Banyuwangi,052500,Prov. Jawa Timur,050000,39,8,520,22,8,1,1,17,16 Apr 2026 10:28:17,AB0A70E844F8246BC2BB
SMKS PRADANA GIRI BANYUWANGI,20540181,SMK,Swasta,Kec. Giri,052519,Kab. Banyuwangi,052500,Prov. Jawa Timur,050000,11,3,37,6,7,8,1,1,30 Apr 2026 07:26:27,471F622C55DA3BF5126B
SD NEGERI 1 BANJARSARI,20526046,SD,Negeri,Kec. Glagah,052517,Kab. Banyuwangi,052500,Prov. Jawa Timur,050000,7,0,56,6,6,0,1,27,11 Apr 2026 07:53:40,5D2B9AF9CADB016E9A17
SD NEGERI 1 KAMPUNGANYAR,20526500,SD,Negeri,Kec. Glagah,052517,Kab. Banyuwangi,052500,Prov. Jawa Timur,050000,7,3,177,6,7,0,2,19,01 May 2026 07:53:20,E68C15B0F9E93AA6FD16
SD NEGERI 1 KEMIREN,20526524,SD,Negeri,Kec. Glagah,052517,Kab. Banyuwangi,052500,Prov. Jawa Timur,050000,5,1,102,6,6,0,1,9,17 Mar 2026 07:30:12,764AA0B6430ED2E1CD90
SD NEGERI 1 PASPAN,20526625,SD,Negeri,Kec. Glagah,052517,Kab. Banyuwangi,052500,Prov. Jawa Timur,050000,8,2,77,6,6,0,1,19,01 Apr 2026 06:38:28,2A1701453FE2BC3CB12B
SD NEGERI 1 REJOSARI,20526671,SD,Negeri,Kec. Glagah,052517,Kab. Banyuwangi,052500,Prov. Jawa Timur,050000,8,1,113,6,6,0,1,19,25 Apr 2026 08:49:07,CA3CD8C0C4B0FD62270C
SD NEGERI 1 TAMANSURUH,20526612,SD,Negeri,Kec. Glagah,052517,Kab. Banyuwangi,052500,Prov. Jawa Timur,050000,6,1,40,6,4,0,1,13,09 Apr 2026 07:58:19,A69398364E97C618BAC0
SD NEGERI 2 BANJARSARI,20526386,SD,Negeri,Kec. Glagah,052517,Kab. Banyuwangi,052500,Prov. Jawa Timur,050000,5,2,178,7,7,0,1,45,02 Apr 2026 20:43:16,A3EA8D10035F101974FF
SD NEGERI 2 KAMPUNGANYAR,20526324,SD,Negeri,Kec. Glagah,052517,Kab. Banyuwangi,052500,Prov. Jawa Timur,050000,6,3,137,6,6,0,1,9,16 Apr 2026 20:36:47,D432068F6A42B2B9FD0D
SD NEGERI 2 KEMIREN,20526441,SD,Negeri,Kec. Glagah,052517,Kab. Banyuwangi,052500,Prov. Jawa Timur,050000,5,2,64,6,6,0,1,26,11 Apr 2026 21:49:31,E83DF4A9BD67F1C73D5B
SD NEGERI 2 PASPAN,20526389,SD,Negeri,Kec. Glagah,052517,Kab. Banyuwangi,052500,Prov. Jawa Timur,050000,7,0,44,6,6,0,1,15,02 Apr 2026 07:18:29,FBC8F690D78F35AE0A21
SD NEGERI 2 REJOSARI,20526391,SD,Negeri,Kec. Glagah,052517,Kab. Banyuwangi,052500,Prov. Jawa Timur,050000,5,1,98,6,7,0,1,11,03 Apr 2026 18:04:19,7ABC8D1C9E96FAC6835A
SD NEGERI 2 TAMANSURUH,20525401,SD,Negeri,Kec. Glagah,052517,Kab. Banyuwangi,052500,Prov. Jawa Timur,050000,6,2,81,6,6,0,1,9,19 Apr 2026 23:28:32,E8F7CCC999A5B5D1D797
SD NEGERI 3 TAMANSURUH,20525472,SD,Negeri,Kec. Glagah,052517,Kab. Banyuwangi,052500,Prov. Jawa Timur,050000,7,2,78,6,6,0,1,9,02 Apr 2026 11:30:44,3666745BD98101F089D7
SD NEGERI 5 TAMANSURUH,20525798,SD,Negeri,Kec. Glagah,052517,Kab. Banyuwangi,052500,Prov. Jawa Timur,050000,7,0,50,6,6,0,0,23,06 Apr 2026 10:23:10,4986541D2EF449811BE7
SD NEGERI BAKUNGAN,20526050,SD,Negeri,Kec. Glagah,052517,Kab. Banyuwangi,052500,Prov. Jawa Timur,050000,12,2,293,12,13,0,1,23,25 Apr 2026 21:16:07,52AE026F6C235E9FBBBB
SD NEGERI GLAGAH,20526570,SD,Negeri,Kec. Glagah,052517,Kab. Banyuwangi,052500,Prov. Jawa Timur,050000,8,1,215,9,9,1,1,1,14 Apr 2026 08:48:12,410D4B92655BED9EA906
SD NEGERI KENJO,20539379,SD,Negeri,Kec. Glagah,052517,Kab. Banyuwangi,052500,Prov. Jawa Timur,050000,7,1,96,6,7,0,0,27,02 Apr 2026 21:24:48,520B70B5D9644ABB1A97
SD NEGERI OLEHSARI,20539380,SD,Negeri,Kec. Glagah,052517,Kab. Banyuwangi,052500,Prov. Jawa Timur,050000,8,1,179,6,6,0,1,14,03 Apr 2026 22:45:54,8770DBC84AB8A98764FB
SDIT DARUL ILMI,70051945,SD,Swasta,Kec. Glagah,052517,Kab. Banyuwangi,052500,Prov. Jawa Timur,050000,5,1,42,2,2,0,1,3,29 Mar 2026 15:34:16,A13D91AE7C4D2448F6EC
SMP NEGERI 1 GLAGAH,20525728,SMP,Negeri,Kec. Glagah,052517,Kab. Banyuwangi,052500,Prov. Jawa Timur,050000,29,11,590,18,21,1,1,90,02 May 2026 11:33:44,44F0863468B0AE2EFDAC
SMP NEGERI 2 GLAGAH,20525649,SMP,Negeri,Kec. Glagah,052517,Kab. Banyuwangi,052500,Prov. Jawa Timur,050000,22,6,543,18,18,3,1,22,29 Apr 2026 11:24:12,EA96AD780B35490510F8
SMP DARUL ILMI BANYUWANGI,70030545,SMP,Swasta,Kec. Glagah,052517,Kab. Banyuwangi,052500,Prov. Jawa Timur,050000,4,2,89,3,4,1,0,12,20 Apr 2026 08:34:31,5A7DD469E70989D5F321
SMP UNGGULAN HIDAYATUN NAJAH,70003903,SMP,Swasta,Kec. Glagah,052517,Kab. Banyuwangi,052500,Prov. Jawa Timur,050000,4,2,43,3,4,1,0,12,20 Apr 2026 21:26:00,EEF2956DB3B221F27618
SMAN 1 GLAGAH,20525856,SMA,Negeri,Kec. Glagah,052517,Kab. Banyuwangi,052500,Prov. Jawa Timur,050000,54,33,1083,30,30,5,1,25,07 Apr 2026 19:01:36,59D095C395B7661B58CD
SMKN 1 GLAGAH,20525627,SMK,Negeri,Kec. Glagah,052517,Kab. Banyuwangi,052500,Prov. Jawa Timur,050000,133,26,2390,72,36,5,1,29,17 Apr 2026 08:17:31,779A58D6AC2EBA6C8BA2
SMKS ALAWIYAH,69775460,SMK,Swasta,Kec. Glagah,052517,Kab. Banyuwangi,052500,Prov. Jawa Timur,050000,8,2,69,9,9,2,1,18,12 Apr 2026 18:15:37,D7CBE22E0FE391DA926E
