nama_sekolah,npsn,bentuk_pendidikan,status_sekolah,kecamatan,kode_kecamatan,kabupaten,kode_kabupaten,provinsi,kode_provinsi,jumlah_guru_ptk,jumlah_pegawai,jumlah_peserta_didik,jumlah_rombel,jumlah_ruang_kelas,jumlah_lab,jumlah_perpustakaan,jumlah_kirim_sinkron,sinkron_terakhir,sekolah_id_enkrip
SD NEGERI ADIWERNA 01,20325653,SD,Negeri,Kec. Adiwerna,032812,Kab. Tegal,032800,Prov. Jawa Tengah,030000,14,2,333,12,10,0,1,16,15 Apr 2026 09:45:23,5442DE9685CE02BE2869
SD NEGERI ADIWERNA 02,20325652,SD,Negeri,Kec. Adiwerna,032812,Kab. Tegal,032800,Prov. Jawa Tengah,030000,10,1,244,8,8,0,0,25,01 May 2026 11:09:26,EE6F79CA052BE3F18B42
SD NEGERI ADIWERNA 03,20325651,SD,Negeri,Kec. Adiwerna,032812,Kab. Tegal,032800,Prov. Jawa Tengah,030000,8,3,94,6,6,1,1,18,12 Feb 2026 19:27:47,304210FF3D2C7FB35160
SD NEGERI ADIWERNA 05,20325649,SD,Negeri,Kec. Adiwerna,032812,Kab. Tegal,032800,Prov. Jawa Tengah,030000,8,2,151,6,5,0,0,13,09 Apr 2026 01:55:44,CE2BF4A7EE79413DD377
SD NEGERI ADIWERNA 06,20325631,SD,Negeri,Kec. Adiwerna,032812,Kab. Tegal,032800,Prov. Jawa Tengah,030000,12,2,229,10,8,0,1,25,30 Apr 2026 21:12:41,AE203DDF6B02301E0B68
SD NEGERI ADIWERNA 07,20325630,SD,Negeri,Kec. Adiwerna,032812,Kab. Tegal,032800,Prov. Jawa Tengah,030000,8,3,135,6,6,0,1,22,30 Mar 2026 11:20:23,F977FAD709788FC17E11
SD NEGERI BERSOLE 01,20325989,SD,Negeri,Kec. Adiwerna,032812,Kab. Tegal,032800,Prov. Jawa Tengah,030000,8,1,211,6,6,0,1,18,09 Apr 2026 19:46:10,8F1DAA6AA376AD494CA7
SD NEGERI BERSOLE 02,20325988,SD,Negeri,Kec. Adiwerna,032812,Kab. Tegal,032800,Prov. Jawa Tengah,030000,8,3,137,6,6,0,1,9,27 Apr 2026 08:49:37,623868E0B62A3C675094
SD NEGERI GUMALAR 01,20325864,SD,Negeri,Kec. Adiwerna,032812,Kab. Tegal,032800,Prov. Jawa Tengah,030000,8,2,128,6,6,0,0,5,21 Jan 2026 12:14:46,575A613D1DEEAA0E31EB
SD NEGERI GUMALAR 02,20325878,SD,Negeri,Kec. Adiwerna,032812,Kab. Tegal,032800,Prov. Jawa Tengah,030000,8,3,158,6,7,0,1,65,07 Apr 2026 08:35:23,0CE80BDB84C11EE3CCC5
SD NEGERI HARJOSARI KIDUL 01,20325847,SD,Negeri,Kec. Adiwerna,032812,Kab. Tegal,032800,Prov. Jawa Tengah,030000,9,3,258,8,7,0,1,33,24 Apr 2026 09:46:10,A863723D11A28D8CDF3D
SD NEGERI HARJOSARI KIDUL 02,20325846,SD,Negeri,Kec. Adiwerna,032812,Kab. Tegal,032800,Prov. Jawa Tengah,030000,7,3,176,6,6,0,0,27,27 Apr 2026 11:13:37,64A6B350528ADD677503
SD NEGERI HARJOSARI LOR 01,20325845,SD,Negeri,Kec. Adiwerna,032812,Kab. Tegal,032800,Prov. Jawa Tengah,030000,8,3,135,6,6,0,1,8,04 Mar 2026 09:20:08,7B16045EA8BD2BD00B02
SD NEGERI HARJOSARI LOR 02,20325827,SD,Negeri,Kec. Adiwerna,032812,Kab. Tegal,032800,Prov. Jawa Tengah,030000,15,1,283,11,12,0,0,31,05 Apr 2026 05:11:55,D7C0FA8B5538EFA46BC4
SD NEGERI HARJOSARI LOR 03,20325826,SD,Negeri,Kec. Adiwerna,032812,Kab. Tegal,032800,Prov. Jawa Tengah,030000,15,2,344,12,13,0,1,19,24 Apr 2026 09:10:52,F9F6066CFB900A1FC91C
SD NEGERI KALIMATI 01,20325914,SD,Negeri,Kec. Adiwerna,032812,Kab. Tegal,032800,Prov. Jawa Tengah,030000,11,1,243,9,9,0,0,26,29 Apr 2026 08:13:20,BFE209AA8AF07FB72B24
SD NEGERI KALIMATI 02,20325896,SD,Negeri,Kec. Adiwerna,032812,Kab. Tegal,032800,Prov. Jawa Tengah,030000,14,3,291,11,8,0,1,14,07 Apr 2026 12:23:56,1FF939294C405DB162AB
SD NEGERI KALIWADAS 01,20325883,SD,Negeri,Kec. Adiwerna,032812,Kab. Tegal,032800,Prov. Jawa Tengah,030000,10,3,235,8,7,0,0,11,02 Mar 2026 22:09:14,EFC9100486B227519776
SD NEGERI KALIWADAS 02,20325882,SD,Negeri,Kec. Adiwerna,032812,Kab. Tegal,032800,Prov. Jawa Tengah,030000,8,1,217,6,6,0,1,23,02 Apr 2026 07:42:33,33EF0CD98F473380CB0F
SD NEGERI KEDUNGSUKUN 01,20325121,SD,Negeri,Kec. Adiwerna,032812,Kab. Tegal,032800,Prov. Jawa Tengah,030000,15,4,281,12,12,0,1,22,01 May 2026 13:01:53,0A96E053D978F351D450
SD NEGERI LEMAHDUWUR 01,20325184,SD,Negeri,Kec. Adiwerna,032812,Kab. Tegal,032800,Prov. Jawa Tengah,030000,7,2,116,6,5,0,0,26,27 Apr 2026 16:41:48,83A347AF6CBB33E7E178
SD NEGERI LEMAHDUWUR 02,20325183,SD,Negeri,Kec. Adiwerna,032812,Kab. Tegal,032800,Prov. Jawa Tengah,030000,8,2,104,6,6,0,1,24,17 Apr 2026 10:07:51,C7A121D4FD5E911B0DB2
SD NEGERI LUMINGSER 01,20325178,SD,Negeri,Kec. Adiwerna,032812,Kab. Tegal,032800,Prov. Jawa Tengah,030000,9,2,218,7,8,0,1,17,02 May 2026 08:25:50,9AD70574822A99A64CF4
SD NEGERI LUMINGSER 02,20325177,SD,Negeri,Kec. Adiwerna,032812,Kab. Tegal,032800,Prov. Jawa Tengah,030000,8,3,155,6,6,0,1,19,16 Apr 2026 11:21:46,C4092EAC419A640B1262
SD NEGERI PAGEDANGAN 01,20325029,SD,Negeri,Kec. Adiwerna,032812,Kab. Tegal,032800,Prov. Jawa Tengah,030000,8,3,185,6,6,0,0,21,09 Apr 2026 09:17:35,30F92449C4BA040A0E03
SD NEGERI PAGEDANGAN 02,20325028,SD,Negeri,Kec. Adiwerna,032812,Kab. Tegal,032800,Prov. Jawa Tengah,030000,10,2,260,9,8,0,2,14,09 Apr 2026 19:39:29,9BD8DAF60D2319C7D4F3
SD NEGERI PAGIYANTEN 01,20324982,SD,Negeri,Kec. Adiwerna,032812,Kab. Tegal,032800,Prov. Jawa Tengah,030000,7,2,236,8,10,0,0,17,12 Apr 2026 19:53:52,F317108072773A765383
SD NEGERI PAGIYANTEN 03,20324980,SD,Negeri,Kec. Adiwerna,032812,Kab. Tegal,032800,Prov. Jawa Tengah,030000,8,4,150,6,6,0,1,21,14 Apr 2026 08:51:49,64F05D92C60648E34F21
SD NEGERI PECANGAKAN,20324990,SD,Negeri,Kec. Adiwerna,032812,Kab. Tegal,032800,Prov. Jawa Tengah,030000,9,4,169,7,7,0,1,28,01 May 2026 13:05:21,516AE900E9862740F660
SD NEGERI PEDESLOHOR 01,20324986,SD,Negeri,Kec. Adiwerna,032812,Kab. Tegal,032800,Prov. Jawa Tengah,030000,10,2,231,9,9,0,0,10,09 Apr 2026 09:37:53,17EB3C3AE0EC12A4C5DF
SD NEGERI PEDESLOHOR 02,20325002,SD,Negeri,Kec. Adiwerna,032812,Kab. Tegal,032800,Prov. Jawa Tengah,030000,8,3,149,6,6,0,0,74,28 Apr 2026 11:50:49,571666C16171CCB04DF1
SD NEGERI PENARUKAN 01,20325079,SD,Negeri,Kec. Adiwerna,032812,Kab. Tegal,032800,Prov. Jawa Tengah,030000,8,3,223,7,7,0,0,15,29 Apr 2026 17:05:56,BA2B97A8C693D0DAC4CE
SD NEGERI PENARUKAN 02,20325078,SD,Negeri,Kec. Adiwerna,032812,Kab. Tegal,032800,Prov. Jawa Tengah,030000,9,3,198,7,7,0,1,14,09 Apr 2026 10:00:06,7305F9F0DD6FF04A0E1C
SD NEGERI PENARUKAN 03,20325077,SD,Negeri,Kec. Adiwerna,032812,Kab. Tegal,032800,Prov. Jawa Tengah,030000,8,4,155,6,6,0,0,24,02 Apr 2026 16:09:05,5AC443299D535DE5499C
SD NEGERI PESAREAN 01,20325093,SD,Negeri,Kec. Adiwerna,032812,Kab. Tegal,032800,Prov. Jawa Tengah,030000,15,3,341,12,8,0,1,10,29 Apr 2026 01:32:38,4693EC5CE00A328A872D
SD NEGERI PESAREAN 02,20325090,SD,Negeri,Kec. Adiwerna,032812,Kab. Tegal,032800,Prov. Jawa Tengah,030000,8,2,183,6,6,1,1,16,15 Apr 2026 07:17:23,9B6E24D407B952A51130
SD NEGERI PESAREAN 03,20325072,SD,Negeri,Kec. Adiwerna,032812,Kab. Tegal,032800,Prov. Jawa Tengah,030000,8,2,179,6,6,0,1,33,14 Apr 2026 17:34:42,405ACE1E6F3BBEF1B91E
SD NEGERI TEMBOK BANJARAN 01,20325485,SD,Negeri,Kec. Adiwerna,032812,Kab. Tegal,032800,Prov. Jawa Tengah,030000,9,4,215,7,12,0,1,28,14 Apr 2026 07:29:22,14A75F4DAEE1D7F9A481
SD NEGERI TEMBOK BANJARAN 03,20325483,SD,Negeri,Kec. Adiwerna,032812,Kab. Tegal,032800,Prov. Jawa Tengah,030000,7,4,169,6,6,0,1,26,01 May 2026 23:56:16,D533D353EF43F357D7C6
SD NEGERI TEMBOK KIDUL 01,20325465,SD,Negeri,Kec. Adiwerna,032812,Kab. Tegal,032800,Prov. Jawa Tengah,030000,8,3,147,6,6,0,0,18,25 Apr 2026 20:12:54,5B2D3E429B0C77EBD1CB
SD NEGERI TEMBOK LOR,20325463,SD,Negeri,Kec. Adiwerna,032812,Kab. Tegal,032800,Prov. Jawa Tengah,030000,6,4,111,6,6,0,0,11,15 Apr 2026 12:26:04,AC6C790CA37D5A5CDE37
SD NEGERI TEMBOK LUWUNG 01,20325462,SD,Negeri,Kec. Adiwerna,032812,Kab. Tegal,032800,Prov. Jawa Tengah,030000,16,2,296,12,12,0,0,31,22 Apr 2026 12:32:06,624362AF74AB0D71D44D
SD NEGERI TEMBOK LUWUNG 02,20325461,SD,Negeri,Kec. Adiwerna,032812,Kab. Tegal,032800,Prov. Jawa Tengah,030000,14,2,283,11,11,0,0,30,01 May 2026 13:42:24,77F3FD2710579E8B3FD2
SD NEGERI TEMBOK LUWUNG 04,20325459,SD,Negeri,Kec. Adiwerna,032812,Kab. Tegal,032800,Prov. Jawa Tengah,030000,10,4,183,8,8,0,1,19,22 Apr 2026 07:50:48,083CE505006A2C206D20
SD NEGERI UJUNGRUSI 01,20325477,SD,Negeri,Kec. Adiwerna,032812,Kab. Tegal,032800,Prov. Jawa Tengah,030000,16,4,339,13,13,1,1,10,04 Mar 2026 07:25:49,0A099A5C93F75F79C2EC
SD NEGERI UJUNGRUSI 03,20325475,SD,Negeri,Kec. Adiwerna,032812,Kab. Tegal,032800,Prov. Jawa Tengah,030000,9,2,198,7,8,0,1,24,14 Apr 2026 09:19:25,9C4B6FF4B7A2158DE821
SD NEGERI UJUNGRUSI 04,20325474,SD,Negeri,Kec. Adiwerna,032812,Kab. Tegal,032800,Prov. Jawa Tengah,030000,9,2,174,6,8,0,1,16,07 Apr 2026 14:54:19,42B73686EF0810606A63
SD BUDI MULIA MUHAMMADIYAH ADIWERNA,20340557,SD,Swasta,Kec. Adiwerna,032812,Kab. Tegal,032800,Prov. Jawa Tengah,030000,18,2,401,17,17,1,1,33,28 Mar 2026 09:54:48,24A31133D132D1330AC4
SD ISLAM PELANGI,20354426,SD,Swasta,Kec. Adiwerna,032812,Kab. Tegal,032800,Prov. Jawa Tengah,030000,20,4,410,17,17,0,1,18,27 Apr 2026 08:33:39,C5C024553C043A94DC07
SD MUHAMMADIYAH PESAREAN,20325647,SD,Swasta,Kec. Adiwerna,032812,Kab. Tegal,032800,Prov. Jawa Tengah,030000,16,2,375,13,16,1,1,17,28 Apr 2026 11:20:38,560703B1B271542F190C
SD NU 01 SUNAN KALIJAGA,70028324,SD,Swasta,Kec. Adiwerna,032812,Kab. Tegal,032800,Prov. Jawa Tengah,030000,10,3,89,6,6,0,1,35,24 Apr 2026 11:20:40,C0567F60167F8251A71A
SDIT ALMUSTAGHFIRIN CENDIKIA,70002713,SD,Swasta,Kec. Adiwerna,032812,Kab. Tegal,032800,Prov. Jawa Tengah,030000,15,2,171,9,9,0,1,27,29 Apr 2026 08:42:30,385B7248B10C57954591
SMP NEGERI 1 ADIWERNA,20325372,SMP,Negeri,Kec. Adiwerna,032812,Kab. Tegal,032800,Prov. Jawa Tengah,030000,39,9,903,30,27,6,1,62,02 May 2026 17:13:39,644285D605904CE5358F
SMP NEGERI 2 ADIWERNA,20325318,SMP,Negeri,Kec. Adiwerna,032812,Kab. Tegal,032800,Prov. Jawa Tengah,030000,46,12,857,27,30,2,2,56,16 Apr 2026 10:47:04,A81D305FAA3CB060D47E
SMP NEGERI 3 ADIWERNA,20325338,SMP,Negeri,Kec. Adiwerna,032812,Kab. Tegal,032800,Prov. Jawa Tengah,030000,51,13,943,30,31,2,1,12,29 Apr 2026 16:47:29,F24C033620ADD65B6538
SMP NEGERI 4 ADIWERNA,20325331,SMP,Negeri,Kec. Adiwerna,032812,Kab. Tegal,032800,Prov. Jawa Tengah,030000,45,13,855,27,29,3,3,30,24 Apr 2026 05:20:11,3E0EA9F8B29CEFC9C703
SMP NEGERI 5 ADIWERNA,20325330,SMP,Negeri,Kec. Adiwerna,032812,Kab. Tegal,032800,Prov. Jawa Tengah,030000,41,13,848,27,24,4,1,20,07 Apr 2026 07:35:33,BF8DC6A83701562D8081
SMP ISLAM TERPADU DAAR AL-FARADIS BERBASIS PESANTREN ADIWERNA,69917533,SMP,Swasta,Kec. Adiwerna,032812,Kab. Tegal,032800,Prov. Jawa Tengah,030000,11,2,101,5,6,3,1,19,22 Apr 2026 10:50:20,DB21B2EE7E44E38AE072
SMP MUHAMMADIYAH 2 ADIWERNA,70040530,SMP,Swasta,Kec. Adiwerna,032812,Kab. Tegal,032800,Prov. Jawa Tengah,030000,14,1,233,9,10,1,1,37,25 Apr 2026 06:56:21,E89D1ED2D1D6E4727B8B
SMP MUHAMMADIYAH ADIWERNA,20325357,SMP,Swasta,Kec. Adiwerna,032812,Kab. Tegal,032800,Prov. Jawa Tengah,030000,16,3,236,9,11,2,1,26,18 Apr 2026 08:04:55,AEAD337CE44C4BC75AC9
SMP NU SUNAN KALIJAGA ADIWERNA,20325378,SMP,Swasta,Kec. Adiwerna,032812,Kab. Tegal,032800,Prov. Jawa Tengah,030000,19,4,306,11,10,1,1,26,15 Apr 2026 14:51:51,27183941F59408A77A94
SMAS BHAKTI PRAJA ADIWERNA,20325283,SMA,Swasta,Kec. Adiwerna,032812,Kab. Tegal,032800,Prov. Jawa Tengah,030000,14,2,218,7,7,2,1,28,30 Apr 2026 08:27:57,80E329A98F7B4EA2A709
SMAS PENAWAJA ADIWERNA,20325308,SMA,Swasta,Kec. Adiwerna,032812,Kab. Tegal,032800,Prov. Jawa Tengah,030000,7,2,28,3,5,5,1,8,26 Apr 2026 13:52:43,5F3172FAE34F2188C5A0
SMK NEGERI 1 ADIWERNA,20325261,SMK,Negeri,Kec. Adiwerna,032812,Kab. Tegal,032800,Prov. Jawa Tengah,030000,142,28,2547,72,51,6,1,71,24 Apr 2026 14:04:39,9D26C30DBD04545DBC81
SMK NEGERI 2 ADIWERNA,20325271,SMK,Negeri,Kec. Adiwerna,032812,Kab. Tegal,032800,Prov. Jawa Tengah,030000,87,18,1564,45,32,11,2,25,22 Apr 2026 09:21:07,D39050F795AD956F27CC
SMK BAITUNNUR AL MAKTUBIYYAH ADIWERNA,69761941,SMK,Swasta,Kec. Adiwerna,032812,Kab. Tegal,032800,Prov. Jawa Tengah,030000,6,4,5,1,4,1,2,7,29 Jan 2026 08:09:44,E4C18CC167682D9910A6
SMK BHAKTI PRAJA ADIWERNA,20362525,SMK,Swasta,Kec. Adiwerna,032812,Kab. Tegal,032800,Prov. Jawa Tengah,030000,83,9,2455,65,55,6,1,21,24 Apr 2026 06:57:29,E1FD292A758DAEDE71EA
SMK MUHAMMADIYAH ADIWERNA,20325259,SMK,Swasta,Kec. Adiwerna,032812,Kab. Tegal,032800,Prov. Jawa Tengah,030000,20,5,236,11,13,1,1,25,20 Apr 2026 08:08:30,7A215B43575D45227211
SMK NU 01 PENAWAJA ADIWERNA,20362099,SMK,Swasta,Kec. Adiwerna,032812,Kab. Tegal,032800,Prov. Jawa Tengah,030000,9,2,30,6,12,2,1,7,02 Apr 2026 22:46:27,BC84058A54DC0585A814
SMK NU 1 ADIWERNA,20325275,SMK,Swasta,Kec. Adiwerna,032812,Kab. Tegal,032800,Prov. Jawa Tengah,030000,19,8,164,8,18,3,0,33,29 Apr 2026 12:56:34,B7BC9002D2DDC9CA9598
SMKS ISLAMIYAH ADIWERNA,20325248,SMK,Swasta,Kec. Adiwerna,032812,Kab. Tegal,032800,Prov. Jawa Tengah,030000,56,21,1345,37,37,4,1,22,29 Mar 2026 22:05:18,5EC9FE25CF9B4F1D00A7
SD NEGERI BABAKAN 01,20325611,SD,Negeri,Kec. Kramat,032816,Kab. Tegal,032800,Prov. Jawa Tengah,030000,16,2,281,12,15,1,2,11,16 Apr 2026 12:25:03,AA3EA9F77CD070D0DAFD
SD NEGERI BANGUNGALIH 01,20325625,SD,Negeri,Kec. Kramat,032816,Kab. Tegal,032800,Prov. Jawa Tengah,030000,8,3,123,6,6,0,0,9,08 Apr 2026 07:31:30,EFF99FF059997545DD4A
SD NEGERI BANGUNGALIH 02,20325624,SD,Negeri,Kec. Kramat,032816,Kab. Tegal,032800,Prov. Jawa Tengah,030000,8,3,205,6,7,0,1,12,11 Feb 2026 14:09:23,C3DBB4227F9D690C2509
SD NEGERI BONGKOK 01,20326008,SD,Negeri,Kec. Kramat,032816,Kab. Tegal,032800,Prov. Jawa Tengah,030000,8,3,247,8,6,0,1,9,02 May 2026 08:02:16,F67D32A78B60DBA63B43
SD NEGERI BONGKOK 02,20326007,SD,Negeri,Kec. Kramat,032816,Kab. Tegal,032800,Prov. Jawa Tengah,030000,16,2,296,12,12,1,1,19,01 May 2026 15:05:05,8DEBBC965436BEDA497E
SD NEGERI DAMPYAK 01,20339158,SD,Negeri,Kec. Kramat,032816,Kab. Tegal,032800,Prov. Jawa Tengah,030000,8,3,143,6,6,0,0,8,10 Apr 2026 07:25:04,57631C45578D4D569F0A
SD NEGERI DAMPYAK 02,20326061,SD,Negeri,Kec. Kramat,032816,Kab. Tegal,032800,Prov. Jawa Tengah,030000,14,4,282,12,10,0,1,24,09 Apr 2026 19:22:26,5A629ED251278B52AD4C
SD NEGERI DINUK,20326073,SD,Negeri,Kec. Kramat,032816,Kab. Tegal,032800,Prov. Jawa Tengah,030000,7,2,136,6,6,0,1,14,09 Apr 2026 00:24:31,F9C09D112950AD3B6CCE
SD NEGERI JATILAWANG 01,20325814,SD,Negeri,Kec. Kramat,032816,Kab. Tegal,032800,Prov. Jawa Tengah,030000,6,3,140,6,5,0,0,29,02 May 2026 11:46:49,F68EC91FC5515ADC1FBF
SD NEGERI JATILAWANG 02,20325828,SD,Negeri,Kec. Kramat,032816,Kab. Tegal,032800,Prov. Jawa Tengah,030000,12,4,306,12,8,0,1,28,27 Apr 2026 05:45:18,F8D8DFD7B250BA238DFD
SD NEGERI KEMANTRAN 01,20325117,SD,Negeri,Kec. Kramat,032816,Kab. Tegal,032800,Prov. Jawa Tengah,030000,8,4,236,8,8,0,1,32,06 Mar 2026 09:46:59,3D2C687F9B3A0C91BEF6
SD NEGERI KEMANTRAN 02,20325116,SD,Negeri,Kec. Kramat,032816,Kab. Tegal,032800,Prov. Jawa Tengah,030000,7,2,187,6,6,0,1,41,02 May 2026 13:35:55,E2CD916A15807831EB38
SD NEGERI KEMUNING,20325115,SD,Negeri,Kec. Kramat,032816,Kab. Tegal,032800,Prov. Jawa Tengah,030000,9,3,206,8,9,0,1,26,27 Apr 2026 13:39:31,15A0473AD11660257DAF
SD NEGERI KEPUNDUHAN 01,20325139,SD,Negeri,Kec. Kramat,032816,Kab. Tegal,032800,Prov. Jawa Tengah,030000,11,3,216,9,12,0,1,24,01 May 2026 01:29:25,B295793A9DF5114DD971
SD NEGERI KERTAHARJA 01,20325137,SD,Negeri,Kec. Kramat,032816,Kab. Tegal,032800,Prov. Jawa Tengah,030000,8,1,186,6,6,0,1,43,22 Apr 2026 14:02:32,D7E219ED3E3831FCDC6B
SD NEGERI KERTAHARJA 02,20325135,SD,Negeri,Kec. Kramat,032816,Kab. Tegal,032800,Prov. Jawa Tengah,030000,6,3,175,6,6,0,1,15,17 Apr 2026 11:42:10,77E19C0B95DBC03C6F39
SD NEGERI KERTAYASA 01,20325128,SD,Negeri,Kec. Kramat,032816,Kab. Tegal,032800,Prov. Jawa Tengah,030000,11,4,258,10,7,0,1,11,01 May 2026 08:25:54,4E1521EF499A3D071EC4
SD NEGERI KERTAYASA 02,20325127,SD,Negeri,Kec. Kramat,032816,Kab. Tegal,032800,Prov. Jawa Tengah,030000,8,1,169,6,6,0,0,27,01 May 2026 09:24:29,BA523FE36AA0C34BE5C9
SD NEGERI KERTAYASA 03,20325129,SD,Negeri,Kec. Kramat,032816,Kab. Tegal,032800,Prov. Jawa Tengah,030000,10,3,260,8,7,0,0,29,15 Apr 2026 16:37:09,9E0EB1519821DD929F52
SD NEGERI KERTAYASA 04,20325126,SD,Negeri,Kec. Kramat,032816,Kab. Tegal,032800,Prov. Jawa Tengah,030000,8,2,118,6,6,0,1,12,09 Apr 2026 11:39:48,9EB41526D5008CCE2C8B
SD NEGERI KERTAYASA 05,20325106,SD,Negeri,Kec. Kramat,032816,Kab. Tegal,032800,Prov. Jawa Tengah,030000,9,3,220,8,8,0,0,11,06 Apr 2026 11:59:02,9CAB2FF3E92806446A80
SD NEGERI KETILENG 01,20325216,SD,Negeri,Kec. Kramat,032816,Kab. Tegal,032800,Prov. Jawa Tengah,030000,8,2,172,6,6,0,0,33,02 Apr 2026 13:15:20,1B305358B2F0FBE75694
SD NEGERI KETILENG 02,20325215,SD,Negeri,Kec. Kramat,032816,Kab. Tegal,032800,Prov. Jawa Tengah,030000,8,1,83,6,6,0,1,15,10 Feb 2026 21:27:40,08FCF0C00C10AC8B98E6
SD NEGERI KRAMAT 01,20325214,SD,Negeri,Kec. Kramat,032816,Kab. Tegal,032800,Prov. Jawa Tengah,030000,7,2,104,6,6,0,1,22,24 Apr 2026 08:13:05,84ACF4B991681E6CFF8E
SD NEGERI KRAMAT 02,20325213,SD,Negeri,Kec. Kramat,032816,Kab. Tegal,032800,Prov. Jawa Tengah,030000,8,3,180,7,7,0,1,31,04 Mar 2026 07:34:46,39920E0E53A1904F0A76
SD NEGERI MARIBAYA 01,20325193,SD,Negeri,Kec. Kramat,032816,Kab. Tegal,032800,Prov. Jawa Tengah,030000,10,3,247,9,10,0,1,32,01 May 2026 11:32:11,C6B44DD4C8348BD224B9
SD NEGERI MARIBAYA 02,20325175,SD,Negeri,Kec. Kramat,032816,Kab. Tegal,032800,Prov. Jawa Tengah,030000,7,3,158,6,7,0,2,15,18 Apr 2026 12:48:59,9FD7A868A9C3E0836CD1
SD NEGERI MEJASEM BARAT 01,20325105,SD,Negeri,Kec. Kramat,032816,Kab. Tegal,032800,Prov. Jawa Tengah,030000,8,3,145,6,6,0,1,35,09 Apr 2026 05:58:35,936F5D94EF56649DC552
SD NEGERI MEJASEM BARAT 02,20325037,SD,Negeri,Kec. Kramat,032816,Kab. Tegal,032800,Prov. Jawa Tengah,030000,7,3,92,6,5,0,0,19,03 Apr 2026 20:52:07,EE51D21DEAA0BEB4A322
SD NEGERI MEJASEM BARAT 03,20325019,SD,Negeri,Kec. Kramat,032816,Kab. Tegal,032800,Prov. Jawa Tengah,030000,12,3,248,9,7,0,1,101,01 May 2026 03:06:12,0ECE19DF8C80D9C0662B
SD NEGERI MEJASEM TIMUR 01,20325018,SD,Negeri,Kec. Kramat,032816,Kab. Tegal,032800,Prov. Jawa Tengah,030000,11,3,222,10,9,0,0,10,01 May 2026 14:06:49,12CDD14C2CCB84E8BF5B
SD NEGERI MEJASEM TIMUR 02,20325017,SD,Negeri,Kec. Kramat,032816,Kab. Tegal,032800,Prov. Jawa Tengah,030000,10,1,166,8,8,0,1,15,10 Apr 2026 18:05:32,EA93186D89A6550D20F2
SD NEGERI MUNJUNGAGUNG 01,20325022,SD,Negeri,Kec. Kramat,032816,Kab. Tegal,032800,Prov. Jawa Tengah,030000,16,3,353,12,10,0,1,32,02 May 2026 10:44:17,CA1785667C48E29B1E15
SD NEGERI MUNJUNGAGUNG 02,20325005,SD,Negeri,Kec. Kramat,032816,Kab. Tegal,032800,Prov. Jawa Tengah,030000,11,2,244,10,12,0,2,21,02 May 2026 11:35:24,B56B244E54E16AD15472
SD NEGERI PADAHARJA 01,20325033,SD,Negeri,Kec. Kramat,032816,Kab. Tegal,032800,Prov. Jawa Tengah,030000,7,3,183,7,6,0,0,23,01 May 2026 15:27:18,9359496256127A419149
SD NEGERI PADAHARJA 02,20325032,SD,Negeri,Kec. Kramat,032816,Kab. Tegal,032800,Prov. Jawa Tengah,030000,8,2,202,6,6,0,1,18,31 Mar 2026 13:35:12,7D8E78A73A562CDC452E
SD NEGERI PLUMBUNGAN 01,20325051,SD,Negeri,Kec. Kramat,032816,Kab. Tegal,032800,Prov. Jawa Tengah,030000,10,3,214,9,9,1,1,22,30 Apr 2026 09:15:33,5B65A91C1D2635FBB0D9
SD NEGERI TANJUNGHARJA 01,20325512,SD,Negeri,Kec. Kramat,032816,Kab. Tegal,032800,Prov. Jawa Tengah,030000,8,1,178,6,6,0,1,18,30 Apr 2026 08:19:15,22195D31466ED02D5993
SD NEGERI TANJUNGHARJA 02,20325511,SD,Negeri,Kec. Kramat,032816,Kab. Tegal,032800,Prov. Jawa Tengah,030000,8,3,223,6,6,0,1,19,16 Apr 2026 16:04:02,D2549C5FF445CF5E4BD6
SD NEGERI TANJUNGHARJA 03,20325510,SD,Negeri,Kec. Kramat,032816,Kab. Tegal,032800,Prov. Jawa Tengah,030000,8,2,200,6,6,0,1,30,02 May 2026 12:15:21,CE515095D25D55BDD084
SD BHAKTI MULIA,20325633,SD,Swasta,Kec. Kramat,032816,Kab. Tegal,032800,Prov. Jawa Tengah,030000,6,2,90,6,6,1,1,6,07 Apr 2026 15:43:40,C5D66345B2BE12192CF7
SD INTEGRAL HIDAYATULLAH TEGAL,70052390,SD,Swasta,Kec. Kramat,032816,Kab. Tegal,032800,Prov. Jawa Tengah,030000,8,2,50,6,6,0,0,27,07 Apr 2026 12:38:11,A38F0263305A1F35FAF8
SD IT CAHAYA UMMAT BONGKOK,70005890,SD,Swasta,Kec. Kramat,032816,Kab. Tegal,032800,Prov. Jawa Tengah,030000,19,4,415,16,16,0,1,23,06 Apr 2026 09:54:07,1B66185902616DDBC513
SD MUHAMMADIYAH KEMANTRAN,20325660,SD,Swasta,Kec. Kramat,032816,Kab. Tegal,032800,Prov. Jawa Tengah,030000,16,5,354,13,15,1,1,27,03 Mar 2026 08:15:12,BCAAC164656EDAA4D7AE
SD MUHAMMADIYAH SULANG,20325657,SD,Swasta,Kec. Kramat,032816,Kab. Tegal,032800,Prov. Jawa Tengah,030000,9,1,249,7,10,0,1,14,30 Apr 2026 08:30:57,1677240EC5654F14C6BD
SDI TAHFIDZ ANANDA MANDIRI,70040531,SD,Swasta,Kec. Kramat,032816,Kab. Tegal,032800,Prov. Jawa Tengah,030000,7,1,76,5,5,2,1,17,17 Apr 2026 20:39:59,2E754FBD2C9EDE9E8814
SMP NEGERI 1 KRAMAT,20325347,SMP,Negeri,Kec. Kramat,032816,Kab. Tegal,032800,Prov. Jawa Tengah,030000,43,10,844,27,28,3,1,32,03 Mar 2026 08:43:43,B0A19A464C0720D85247
SMP NEGERI 2 KRAMAT,20325327,SMP,Negeri,Kec. Kramat,032816,Kab. Tegal,032800,Prov. Jawa Tengah,030000,46,16,952,30,30,4,1,23,15 Apr 2026 08:57:19,0142583564C20E3A3783
SMP AL QUR`AN ZAENUDDIN BERBASIS PESANTREN KRAMAT,69899986,SMP,Swasta,Kec. Kramat,032816,Kab. Tegal,032800,Prov. Jawa Tengah,030000,14,5,225,8,10,2,1,19,29 Apr 2026 12:04:55,F69495B50C5485DB7677
SMP MUHAMMADIYAH KRAMAT,20325354,SMP,Swasta,Kec. Kramat,032816,Kab. Tegal,032800,Prov. Jawa Tengah,030000,10,3,188,7,7,2,1,32,18 Mar 2026 22:58:47,171E121EE76F3F8391C3
SMP PGRI KRAMAT,20325376,SMP,Swasta,Kec. Kramat,032816,Kab. Tegal,032800,Prov. Jawa Tengah,030000,9,3,168,6,6,1,1,17,24 Apr 2026 14:07:59,072E67D8463EC41EC0AF
SMP TARUNA HARAPAN KRAMAT,69962630,SMP,Swasta,Kec. Kramat,032816,Kab. Tegal,032800,Prov. Jawa Tengah,030000,9,4,83,3,5,0,1,17,10 Apr 2026 08:47:55,6E2BB9CC4C8C8F324500
SMA NEGERI 1 KRAMAT,20325302,SMA,Negeri,Kec. Kramat,032816,Kab. Tegal,032800,Prov. Jawa Tengah,030000,50,18,1052,30,30,6,1,45,23 Apr 2026 07:39:39,E0F15E611DB197F4948B
SMK AL QUR`AN ZAENUDDIN,69987803,SMK,Swasta,Kec. Kramat,032816,Kab. Tegal,032800,Prov. Jawa Tengah,030000,9,4,126,5,6,2,1,16,02 May 2026 09:53:52,97F89A279A8766596E39
SMK INSAN MULIA,69771381,SMK,Swasta,Kec. Kramat,032816,Kab. Tegal,032800,Prov. Jawa Tengah,030000,14,8,54,6,9,2,1,30,30 Apr 2026 19:36:45,9C552FC4AED2B91308AD
SMK MUHAMMADIYAH KRAMAT,20325260,SMK,Swasta,Kec. Kramat,032816,Kab. Tegal,032800,Prov. Jawa Tengah,030000,75,19,1920,50,40,2,2,54,30 Apr 2026 17:02:24,27BF383B2966A5ACA3D3
SMK NU 1 ISLAMIYAH KRAMAT,20325257,SMK,Swasta,Kec. Kramat,032816,Kab. Tegal,032800,Prov. Jawa Tengah,030000,41,10,878,30,30,3,1,27,20 Apr 2026 07:27:56,5B3B52456DFE5A898118
SD NEGERI DUKUHSALAM 01,20326044,SD,Negeri,Kec. Slawi,032810,Kab. Tegal,032800,Prov. Jawa Tengah,030000,9,2,188,7,7,0,0,34,04 Apr 2026 11:10:02,371B22FA32527DEB45F3
SD NEGERI DUKUHSALAM 02,20326043,SD,Negeri,Kec. Slawi,032810,Kab. Tegal,032800,Prov. Jawa Tengah,030000,10,3,194,8,13,0,1,12,27 Apr 2026 11:11:37,B2CCFB71F357B0207C48
SD NEGERI DUKUHWRINGIN 01,20326038,SD,Negeri,Kec. Slawi,032810,Kab. Tegal,032800,Prov. Jawa Tengah,030000,7,2,179,6,6,0,0,22,16 Apr 2026 04:44:12,264F67946D73BD9A8103
SD NEGERI DUKUHWRINGIN 02,20326020,SD,Negeri,Kec. Slawi,032810,Kab. Tegal,032800,Prov. Jawa Tengah,030000,11,1,206,9,12,0,2,41,02 May 2026 12:33:40,23977A2A2F3D5366469B
SD NEGERI KAGOK 01,20325921,SD,Negeri,Kec. Slawi,032810,Kab. Tegal,032800,Prov. Jawa Tengah,030000,16,3,355,12,14,0,1,14,15 Apr 2026 19:26:13,0E958DB547B826EC4A58
SD NEGERI KALISAPU 01,20325891,SD,Negeri,Kec. Slawi,032810,Kab. Tegal,032800,Prov. Jawa Tengah,030000,13,4,358,12,6,0,1,11,30 Apr 2026 16:55:57,291213BEC4080D71BD15
SD NEGERI KALISAPU 02,20325889,SD,Negeri,Kec. Slawi,032810,Kab. Tegal,032800,Prov. Jawa Tengah,030000,8,3,242,6,7,0,0,18,01 May 2026 09:21:47,06F1D3E11D848370C558
SD NEGERI KALISAPU 04,20325886,SD,Negeri,Kec. Slawi,032810,Kab. Tegal,032800,Prov. Jawa Tengah,030000,6,2,188,6,6,0,1,7,04 Apr 2026 07:22:20,DFCA1A6167788A55467D
SD NEGERI KUDAILE 01,20325210,SD,Negeri,Kec. Slawi,032810,Kab. Tegal,032800,Prov. Jawa Tengah,030000,15,3,237,12,12,1,1,22,15 Apr 2026 08:01:03,C95183D86586E98BAC91
SD NEGERI KUDAILE 04,20325227,SD,Negeri,Kec. Slawi,032810,Kab. Tegal,032800,Prov. Jawa Tengah,030000,8,3,162,6,7,0,1,10,25 Apr 2026 08:47:34,D08817842AB310CC0146
SD NEGERI KUDAILE 05,20325242,SD,Negeri,Kec. Slawi,032810,Kab. Tegal,032800,Prov. Jawa Tengah,030000,14,3,238,11,15,0,2,21,05 Apr 2026 22:15:44,19DA394F70344DAD7015
SD NEGERI PAKEMBARAN 01,20324977,SD,Negeri,Kec. Slawi,032810,Kab. Tegal,032800,Prov. Jawa Tengah,030000,6,1,171,6,6,0,1,22,12 Apr 2026 18:31:24,AA6CBD5EA6FF87C27796
SD NEGERI PAKEMBARAN 02,20324976,SD,Negeri,Kec. Slawi,032810,Kab. Tegal,032800,Prov. Jawa Tengah,030000,8,2,227,6,6,0,1,19,29 Apr 2026 09:39:23,DEE994BB4ED6DC936162
SD NEGERI PAKEMBARAN 03,20324975,SD,Negeri,Kec. Slawi,032810,Kab. Tegal,032800,Prov. Jawa Tengah,030000,7,1,173,6,6,0,0,15,07 Apr 2026 05:12:38,B789975D8A851F46B9BB
SD NEGERI PROCOT 01,20325050,SD,Negeri,Kec. Slawi,032810,Kab. Tegal,032800,Prov. Jawa Tengah,030000,13,3,239,10,17,1,1,21,29 Apr 2026 08:48:59,152B6E054D5891208E6A
SD NEGERI PROCOT 03,20325048,SD,Negeri,Kec. Slawi,032810,Kab. Tegal,032800,Prov. Jawa Tengah,030000,8,3,185,6,6,0,1,12,02 Apr 2026 02:25:40,E4433C7F777C8BDA0137
SD NEGERI PROCOT 04,20325047,SD,Negeri,Kec. Slawi,032810,Kab. Tegal,032800,Prov. Jawa Tengah,030000,6,3,122,6,6,1,1,10,01 May 2026 10:29:56,C4F9A67E8471123F3D99
SD NEGERI SLAWI KULON 01,20325391,SD,Negeri,Kec. Slawi,032810,Kab. Tegal,032800,Prov. Jawa Tengah,030000,8,3,136,6,6,0,1,11,10 Apr 2026 09:28:01,416A1282E35760E58995
SD NEGERI SLAWI KULON 02,20325390,SD,Negeri,Kec. Slawi,032810,Kab. Tegal,032800,Prov. Jawa Tengah,030000,9,2,185,7,9,1,1,23,04 Apr 2026 10:57:52,D4E6EE1FE28B73E8ED33
SD NEGERI SLAWI KULON 03,20325389,SD,Negeri,Kec. Slawi,032810,Kab. Tegal,032800,Prov. Jawa Tengah,030000,26,4,641,19,24,0,1,15,04 Apr 2026 08:09:35,1C0684209DD6B7D53EF5
SD NEGERI SLAWI KULON 05,20325387,SD,Negeri,Kec. Slawi,032810,Kab. Tegal,032800,Prov. Jawa Tengah,030000,8,2,147,6,6,0,0,24,15 Apr 2026 13:52:54,6058DA78C203A6B299E2
SD NEGERI SLAWI KULON 07,20325386,SD,Negeri,Kec. Slawi,032810,Kab. Tegal,032800,Prov. Jawa Tengah,030000,8,2,98,6,6,1,1,13,16 Apr 2026 10:50:56,A990D7BDCE3B27478446
SD NEGERI SLAWI WETAN 01,20325413,SD,Negeri,Kec. Slawi,032810,Kab. Tegal,032800,Prov. Jawa Tengah,030000,7,2,137,6,6,1,1,20,15 Apr 2026 09:59:58,DACEBCD63F327CE94234
SD NEGERI SLAWI WETAN 02,20325384,SD,Negeri,Kec. Slawi,032810,Kab. Tegal,032800,Prov. Jawa Tengah,030000,7,3,108,6,6,0,1,65,11 Apr 2026 22:13:06,34ECA600FE0DEB8F23EC
SD NEGERI SLAWI WETAN 03,20325383,SD,Negeri,Kec. Slawi,032810,Kab. Tegal,032800,Prov. Jawa Tengah,030000,8,2,123,6,6,0,0,15,27 Apr 2026 11:03:39,0C4C24453EA2AD32C88E
SD NEGERI SLAWI WETAN 05,20325398,SD,Negeri,Kec. Slawi,032810,Kab. Tegal,032800,Prov. Jawa Tengah,030000,8,1,115,6,6,0,1,14,25 Apr 2026 07:10:51,20B2068183BA19664EB5
SD NEGERI TRAYEMAN 01,20325468,SD,Negeri,Kec. Slawi,032810,Kab. Tegal,032800,Prov. Jawa Tengah,030000,10,3,237,10,10,0,0,20,07 Apr 2026 11:44:44,28501EF50947B5479F46
SD NEGERI TRAYEMAN 03,20325481,SD,Negeri,Kec. Slawi,032810,Kab. Tegal,032800,Prov. Jawa Tengah,030000,11,2,279,10,10,0,0,18,01 May 2026 23:43:51,8CD6732C08663954BDF9
SD AISYIYAH SLAWI,69979512,SD,Swasta,Kec. Slawi,032810,Kab. Tegal,032800,Prov. Jawa Tengah,030000,10,3,295,13,13,0,1,18,30 Apr 2026 11:49:53,2981E14934F0B70F7F18
SD ISLAM BAKTI NEGARA,69787410,SD,Swasta,Kec. Slawi,032810,Kab. Tegal,032800,Prov. Jawa Tengah,030000,6,3,44,6,6,0,0,23,24 Apr 2026 23:44:31,4CDEC3CECF67004F54D9
SD MADINAH SLAWI,20360411,SD,Swasta,Kec. Slawi,032810,Kab. Tegal,032800,Prov. Jawa Tengah,030000,20,5,331,14,15,1,1,25,28 Apr 2026 08:59:05,EA89838AFAE8BE3D28F1
SD MUHAMMADIYAH SLAWI,20325658,SD,Swasta,Kec. Slawi,032810,Kab. Tegal,032800,Prov. Jawa Tengah,030000,13,5,262,12,13,0,1,23,28 Apr 2026 13:42:50,46F2400485C2EAB7586E
SD STAR OF DHAMMA,70040521,SD,Swasta,Kec. Slawi,032810,Kab. Tegal,032800,Prov. Jawa Tengah,030000,8,1,94,6,6,2,1,45,28 Apr 2026 10:30:37,A943BBCEF1E4D6F2C962
SDIT AL FURQON SLAWI,69757480,SD,Swasta,Kec. Slawi,032810,Kab. Tegal,032800,Prov. Jawa Tengah,030000,29,5,487,19,19,0,0,16,28 Apr 2026 09:16:16,B91506BC496F5EFD83DD
SDIT HARAPAN BANGSA,69956759,SD,Swasta,Kec. Slawi,032810,Kab. Tegal,032800,Prov. Jawa Tengah,030000,7,1,191,6,6,0,1,12,17 Apr 2026 13:07:01,C75D75DB4F6E070F1D50
SMP NEGERI 1 SLAWI,20325323,SMP,Negeri,Kec. Slawi,032810,Kab. Tegal,032800,Prov. Jawa Tengah,030000,46,18,870,27,25,4,1,29,03 Mar 2026 13:34:54,F98E209499C9D8471435
SMP NEGERI 2 SLAWI,20325342,SMP,Negeri,Kec. Slawi,032810,Kab. Tegal,032800,Prov. Jawa Tengah,030000,52,10,897,30,25,5,1,25,29 Apr 2026 07:15:33,517F10C5DAC7E531C961
SMP NEGERI 3 SLAWI,20325334,SMP,Negeri,Kec. Slawi,032810,Kab. Tegal,032800,Prov. Jawa Tengah,030000,40,12,850,27,30,4,1,30,18 Apr 2026 04:40:08,3AE231C9CFA0C56D015A
SMP IT BIMANTARA AL- FURQON SLAWI,69970573,SMP,Swasta,Kec. Slawi,032810,Kab. Tegal,032800,Prov. Jawa Tengah,030000,11,2,95,4,4,2,1,16,07 Apr 2026 07:44:00,041714412D2B57ABD250
SMP IT LUQMAN AL HAKIM SLAWI,20340892,SMP,Swasta,Kec. Slawi,032810,Kab. Tegal,032800,Prov. Jawa Tengah,030000,20,5,298,11,14,3,1,27,20 Apr 2026 10:03:25,2CB3B0294A25FA329E00
SMP MUHAMMADIYAH SLAWI,20325350,SMP,Swasta,Kec. Slawi,032810,Kab. Tegal,032800,Prov. Jawa Tengah,030000,14,5,210,8,10,2,1,32,15 Apr 2026 10:30:31,E51C6BB79E923F53A7B7
SMA NEGERI 1 SLAWI,20325299,SMA,Negeri,Kec. Slawi,032810,Kab. Tegal,032800,Prov. Jawa Tengah,030000,52,9,965,27,27,11,1,58,27 Apr 2026 07:34:08,7EDE46974D8FFBA1B2F1
SMA NEGERI 2 SLAWI,20325297,SMA,Negeri,Kec. Slawi,032810,Kab. Tegal,032800,Prov. Jawa Tengah,030000,47,12,967,27,31,6,1,86,02 May 2026 10:33:05,27E7CB2E24E995CD5F53
SMA NEGERI 3 SLAWI,20325279,SMA,Negeri,Kec. Slawi,032810,Kab. Tegal,032800,Prov. Jawa Tengah,030000,53,11,955,27,24,9,2,54,23 Apr 2026 19:49:05,EBAC5DD4776EC0EB7E67
SMA IT LUQMAN AL HAKIM,69980582,SMA,Swasta,Kec. Slawi,032810,Kab. Tegal,032800,Prov. Jawa Tengah,030000,9,5,79,3,5,1,1,11,31 Mar 2026 12:40:47,D31DD313BB3624F2D60C
SMAS PGRI SLAWI,20325306,SMA,Swasta,Kec. Slawi,032810,Kab. Tegal,032800,Prov. Jawa Tengah,030000,4,1,124,5,5,2,1,9,03 Mar 2026 23:47:12,2164503DA11206C60B85
SMK NEGERI 1 SLAWI,20325258,SMK,Negeri,Kec. Slawi,032810,Kab. Tegal,032800,Prov. Jawa Tengah,030000,114,27,2119,60,60,13,1,60,28 Apr 2026 16:18:42,B0B19EBB309851050B45
SMK NEGERI 2 SLAWI,20325270,SMK,Negeri,Kec. Slawi,032810,Kab. Tegal,032800,Prov. Jawa Tengah,030000,107,21,1742,54,48,7,1,139,30 Apr 2026 17:30:44,108F855E0717313062AD
SMK AN NUR SLAWI,69759251,SMK,Swasta,Kec. Slawi,032810,Kab. Tegal,032800,Prov. Jawa Tengah,030000,13,8,143,7,9,2,1,28,28 Apr 2026 13:09:14,0652282964FE74A3B3EC
SMK BHAKTI PRAJA SLAWI,20325250,SMK,Swasta,Kec. Slawi,032810,Kab. Tegal,032800,Prov. Jawa Tengah,030000,32,2,519,21,54,4,1,8,05 Mar 2026 13:05:07,F8A22F05E0E458284911
SMK BINA NUSA SLAWI,20343648,SMK,Swasta,Kec. Slawi,032810,Kab. Tegal,032800,Prov. Jawa Tengah,030000,104,19,2540,69,47,2,0,35,29 Apr 2026 10:11:37,E256F6459F0BC68EC8E1
SMK MUHAMMADIYAH SLAWI,20325272,SMK,Swasta,Kec. Slawi,032810,Kab. Tegal,032800,Prov. Jawa Tengah,030000,19,4,247,12,13,3,1,9,02 Mar 2026 03:12:11,8B534FB83FD305FF71FC
SMK NU 1 SLAWI,20325256,SMK,Swasta,Kec. Slawi,032810,Kab. Tegal,032800,Prov. Jawa Tengah,030000,62,16,1331,43,23,3,1,26,15 Apr 2026 09:55:51,FA11DF243F57A3953D77
SMK PGRI SLAWI,20353801,SMK,Swasta,Kec. Slawi,032810,Kab. Tegal,032800,Prov. Jawa Tengah,030000,5,4,15,3,10,1,1,5,04 Mar 2026 09:20:02,CD567090C65187EAD6A8
SMK TARUNA BANGSA,20340552,SMK,Swasta,Kec. Slawi,032810,Kab. Tegal,032800,Prov. Jawa Tengah,030000,13,2,33,3,14,1,1,22,03 Apr 2026 22:51:19,A503F3664EB40D3B196F
SMK YPE NUSANTARA SLAWI,20325254,SMK,Swasta,Kec. Slawi,032810,Kab. Tegal,032800,Prov. Jawa Tengah,030000,32,10,354,17,32,5,1,38,02 May 2026 08:32:03,DF005BD0E66C77F26338
SD NEGERI BALAMOA 01,20325609,SD,Negeri,Kec. Pangkah,032809,Kab. Tegal,032800,Prov. Jawa Tengah,030000,7,2,108,6,6,0,0,22,15 Apr 2026 20:04:58,0DDC8A4E44603A8698F7
SD NEGERI BALAMOA 02,20325608,SD,Negeri,Kec. Pangkah,032809,Kab. Tegal,032800,Prov. Jawa Tengah,030000,8,2,137,6,6,0,1,16,02 May 2026 05:50:21,71CCB3634286FD79096B
SD NEGERI BALAMOA 03,20325607,SD,Negeri,Kec. Pangkah,032809,Kab. Tegal,032800,Prov. Jawa Tengah,030000,7,4,99,6,6,0,1,14,18 Apr 2026 07:56:02,98B56F1FF51CE055A15D
SD NEGERI BEDUG 01,20325995,SD,Negeri,Kec. Pangkah,032809,Kab. Tegal,032800,Prov. Jawa Tengah,030000,13,3,237,10,12,0,1,5,06 Feb 2026 10:27:05,DAD0F62AF45A4C476EA5
SD NEGERI BEDUG 03,20325993,SD,Negeri,Kec. Pangkah,032809,Kab. Tegal,032800,Prov. Jawa Tengah,030000,7,3,131,6,6,0,0,11,17 Apr 2026 09:51:20,867AC13AC111B3E57421
SD NEGERI BOGARES KIDUL 01,20326018,SD,Negeri,Kec. Pangkah,032809,Kab. Tegal,032800,Prov. Jawa Tengah,030000,7,2,139,6,6,0,1,15,04 Apr 2026 07:14:00,5A9586ACD0FD1F023F19
SD NEGERI BOGARES KIDUL 02,20326003,SD,Negeri,Kec. Pangkah,032809,Kab. Tegal,032800,Prov. Jawa Tengah,030000,18,3,371,14,13,1,1,10,03 Apr 2026 21:40:15,10CA1986D27DDB701DE4
SD NEGERI BOGARES LOR 01,20326016,SD,Negeri,Kec. Pangkah,032809,Kab. Tegal,032800,Prov. Jawa Tengah,030000,8,3,157,6,6,1,1,15,29 Apr 2026 11:48:33,C3C7A38BCEE613BD143E
SD NEGERI CURUG,20326062,SD,Negeri,Kec. Pangkah,032809,Kab. Tegal,032800,Prov. Jawa Tengah,030000,7,1,178,7,7,0,1,12,03 Apr 2026 18:56:39,44362F601ED0B5221CCD
SD NEGERI DEPOK 01,20326080,SD,Negeri,Kec. Pangkah,032809,Kab. Tegal,032800,Prov. Jawa Tengah,030000,7,1,137,6,6,0,1,32,10 Mar 2026 09:18:14,43E4D3A221096B34F1DF
SD NEGERI DEPOK 02,20326079,SD,Negeri,Kec. Pangkah,032809,Kab. Tegal,032800,Prov. Jawa Tengah,030000,8,3,111,6,6,0,1,15,16 Apr 2026 10:55:02,8B0D1133E3B9BBE6802F
SD NEGERI DERMASANDI 01,20326078,SD,Negeri,Kec. Pangkah,032809,Kab. Tegal,032800,Prov. Jawa Tengah,030000,8,1,281,7,5,1,1,11,29 Apr 2026 11:55:23,5BA00B0E22B824118447
SD NEGERI DERMASANDI 02,20326077,SD,Negeri,Kec. Pangkah,032809,Kab. Tegal,032800,Prov. Jawa Tengah,030000,8,1,109,6,6,1,0,17,03 Apr 2026 03:36:48,A3B53665E3D8E63D0AAF
SD NEGERI DERMASANDI 03,20326076,SD,Negeri,Kec. Pangkah,032809,Kab. Tegal,032800,Prov. Jawa Tengah,030000,8,1,109,6,6,0,0,8,04 Apr 2026 08:16:29,95FCC91A6770A22AA7D5
SD NEGERI DERMASUCI 01,20326075,SD,Negeri,Kec. Pangkah,032809,Kab. Tegal,032800,Prov. Jawa Tengah,030000,8,1,153,6,6,1,1,18,13 Apr 2026 08:49:11,612F4F2CEA7E82AF53DB
SD NEGERI DUKUHJATI KIDUL 01,20326034,SD,Negeri,Kec. Pangkah,032809,Kab. Tegal,032800,Prov. Jawa Tengah,030000,8,2,156,6,6,0,0,16,23 Apr 2026 08:26:07,1F10A9FDEB951F797766
SD NEGERI DUKUHJATI KIDUL 02,20326033,SD,Negeri,Kec. Pangkah,032809,Kab. Tegal,032800,Prov. Jawa Tengah,030000,8,2,213,6,7,0,1,24,30 Apr 2026 09:10:18,8EA6B5BBAB8FD40E0D6D
SD NEGERI DUKUHSEMBUNG,20326029,SD,Negeri,Kec. Pangkah,032809,Kab. Tegal,032800,Prov. Jawa Tengah,030000,8,2,141,6,7,0,2,12,03 Apr 2026 08:04:32,AB711B6707C441F37FB9
SD NEGERI GROBOG KULON 01,20325853,SD,Negeri,Kec. Pangkah,032809,Kab. Tegal,032800,Prov. Jawa Tengah,030000,8,4,228,6,9,0,1,10,20 Apr 2026 07:45:44,6D1C45F421A3DECDF8ED
SD NEGERI GROBOG KULON 02,20325852,SD,Negeri,Kec. Pangkah,032809,Kab. Tegal,032800,Prov. Jawa Tengah,030000,9,1,140,6,6,0,0,14,02 Apr 2026 07:56:40,5CA317ED687AA8A979FE
SD NEGERI GROBOG KULON 03,20325851,SD,Negeri,Kec. Pangkah,032809,Kab. Tegal,032800,Prov. Jawa Tengah,030000,8,1,163,6,6,0,0,44,02 May 2026 08:12:01,A3B93E22CEBCED8BACB4
SD NEGERI GROBOG WETAN 01,20325850,SD,Negeri,Kec. Pangkah,032809,Kab. Tegal,032800,Prov. Jawa Tengah,030000,9,2,217,7,7,0,0,30,04 Apr 2026 09:22:36,4FD7503397A38ADD4492
SD NEGERI GROBOG WETAN 02,20325849,SD,Negeri,Kec. Pangkah,032809,Kab. Tegal,032800,Prov. Jawa Tengah,030000,8,2,162,6,6,0,1,13,02 Apr 2026 20:43:59,C94767F9D0F97AD1C83A
SD NEGERI JENGGAWUR,20325929,SD,Negeri,Kec. Pangkah,032809,Kab. Tegal,032800,Prov. Jawa Tengah,030000,8,2,139,6,6,0,1,14,27 Apr 2026 10:26:01,2E082BC0E40BE0F3E595
SD NEGERI KALIKANGKUNG 01,20325916,SD,Negeri,Kec. Pangkah,032809,Kab. Tegal,032800,Prov. Jawa Tengah,030000,8,2,189,6,6,0,0,60,29 Apr 2026 10:05:21,C5A689932F1321A93979
SD NEGERI KALIKANGKUNG 02,20325915,SD,Negeri,Kec. Pangkah,032809,Kab. Tegal,032800,Prov. Jawa Tengah,030000,8,2,72,6,6,0,0,26,20 Apr 2026 15:29:47,95AA960FF9E4F49D34D2
SD NEGERI KENDAL SERUT 01,20325114,SD,Negeri,Kec. Pangkah,032809,Kab. Tegal,032800,Prov. Jawa Tengah,030000,7,1,231,6,6,0,1,27,28 Apr 2026 07:15:37,3B48306B0D3E88BD2F59
SD NEGERI KENDAL SERUT 02,20325113,SD,Negeri,Kec. Pangkah,032809,Kab. Tegal,032800,Prov. Jawa Tengah,030000,7,3,165,6,6,1,1,22,02 Mar 2026 21:02:47,064E904D354CE64A8075
SD NEGERI KENDAL SERUT 03,20325112,SD,Negeri,Kec. Pangkah,032809,Kab. Tegal,032800,Prov. Jawa Tengah,030000,8,3,132,6,7,0,1,22,04 Apr 2026 08:34:07,6D27D1C110A5E827174F
SD NEGERI PAKETIBAN 01,20324974,SD,Negeri,Kec. Pangkah,032809,Kab. Tegal,032800,Prov. Jawa Tengah,030000,7,3,106,6,6,0,1,29,03 Feb 2026 08:46:25,65503DC024E142C749D2
SD NEGERI PAKETIBAN 02,20324968,SD,Negeri,Kec. Pangkah,032809,Kab. Tegal,032800,Prov. Jawa Tengah,030000,7,3,131,6,6,0,0,18,04 Apr 2026 11:33:48,EE9B8BAFC29D70D4F14B
SD NEGERI PANGKAH 01,20324998,SD,Negeri,Kec. Pangkah,032809,Kab. Tegal,032800,Prov. Jawa Tengah,030000,8,2,228,6,6,0,1,14,30 Apr 2026 08:37:48,32D04EB1DB9DC605894D
SD NEGERI PANGKAH 02,20324997,SD,Negeri,Kec. Pangkah,032809,Kab. Tegal,032800,Prov. Jawa Tengah,030000,6,1,95,6,6,1,1,31,05 Apr 2026 08:56:36,10461998C2719A0F1C65
SD NEGERI PANGKAH 03,20324996,SD,Negeri,Kec. Pangkah,032809,Kab. Tegal,032800,Prov. Jawa Tengah,030000,8,3,77,6,6,1,1,16,22 Apr 2026 12:54:56,841F3C860AC0BBB610E9
SD NEGERI PANGKAH 04,20324995,SD,Negeri,Kec. Pangkah,032809,Kab. Tegal,032800,Prov. Jawa Tengah,030000,7,3,200,6,6,0,1,14,18 Apr 2026 10:08:16,56A9B15E050AFA185210
SD NEGERI PANGKAH 07,20324994,SD,Negeri,Kec. Pangkah,032809,Kab. Tegal,032800,Prov. Jawa Tengah,030000,8,1,195,6,6,0,0,22,14 Apr 2026 13:40:04,6BD3C30B3BEB7F14AF41
SD NEGERI PECABEAN 01,20324992,SD,Negeri,Kec. Pangkah,032809,Kab. Tegal,032800,Prov. Jawa Tengah,030000,10,3,272,9,7,0,0,19,01 May 2026 21:28:38,A871A03F9BBD18B912E4
SD NEGERI PECABEAN 02,20340558,SD,Negeri,Kec. Pangkah,032809,Kab. Tegal,032800,Prov. Jawa Tengah,030000,11,3,238,9,9,1,1,14,03 Apr 2026 20:02:38,5DEB9611847AE9738D27
SD NEGERI PENER 01,20325074,SD,Negeri,Kec. Pangkah,032809,Kab. Tegal,032800,Prov. Jawa Tengah,030000,7,2,107,6,6,0,0,17,03 Apr 2026 20:36:45,9E2D13D9305EBF6AAAD9
SD NEGERI PENER 02,20325073,SD,Negeri,Kec. Pangkah,032809,Kab. Tegal,032800,Prov. Jawa Tengah,030000,6,3,159,6,6,0,0,35,02 May 2026 08:03:11,0DD19F2C9A2AAD35CC75
SD NEGERI PENER 03,20325087,SD,Negeri,Kec. Pangkah,032809,Kab. Tegal,032800,Prov. Jawa Tengah,030000,7,3,121,6,6,0,0,24,23 Apr 2026 13:17:25,0B68D060209682CC0C35
SD NEGERI PENUSUPAN 01,20325101,SD,Negeri,Kec. Pangkah,032809,Kab. Tegal,032800,Prov. Jawa Tengah,030000,9,2,219,8,9,0,1,12,18 Apr 2026 12:12:23,E170311CB041C7385D0B
SD NEGERI PENUSUPAN 02,20325100,SD,Negeri,Kec. Pangkah,032809,Kab. Tegal,032800,Prov. Jawa Tengah,030000,12,2,261,10,10,0,1,17,02 May 2026 09:13:22,4D8A0A25600D8040C811
SD NEGERI PENUSUPAN 03,20325099,SD,Negeri,Kec. Pangkah,032809,Kab. Tegal,032800,Prov. Jawa Tengah,030000,8,4,213,8,8,0,0,23,22 Apr 2026 14:39:33,642291A4215372E93345
SD NEGERI PENUSUPAN 04,20325098,SD,Negeri,Kec. Pangkah,032809,Kab. Tegal,032800,Prov. Jawa Tengah,030000,8,2,90,6,6,0,0,34,02 May 2026 08:08:34,A1DC02AA505F907BCE3A
SD NEGERI PURBAYASA,20325069,SD,Negeri,Kec. Pangkah,032809,Kab. Tegal,032800,Prov. Jawa Tengah,030000,7,3,159,6,6,0,1,12,02 May 2026 10:12:57,38C9F50A6FFE7B737C70
SD NEGERI RANCAWIRU 01,20325063,SD,Negeri,Kec. Pangkah,032809,Kab. Tegal,032800,Prov. Jawa Tengah,030000,6,3,82,6,6,0,0,19,01 May 2026 17:41:20,C0E54F40D745DBF1F408
SD NEGERI RANCAWIRU 02,20325062,SD,Negeri,Kec. Pangkah,032809,Kab. Tegal,032800,Prov. Jawa Tengah,030000,9,2,149,6,6,0,1,19,02 May 2026 08:29:10,4E5B1242E574159B929D
SD NEGERI RANCAWIRU 03,20325061,SD,Negeri,Kec. Pangkah,032809,Kab. Tegal,032800,Prov. Jawa Tengah,030000,8,2,90,6,6,0,1,15,04 Apr 2026 08:23:20,D4F3FC5317A280C33C84
SD NEGERI TALOK 01,20325516,SD,Negeri,Kec. Pangkah,032809,Kab. Tegal,032800,Prov. Jawa Tengah,030000,8,2,133,6,8,0,0,21,15 Apr 2026 17:51:30,9670694C179F482EAB03
SD NEGERI TALOK 02,20325515,SD,Negeri,Kec. Pangkah,032809,Kab. Tegal,032800,Prov. Jawa Tengah,030000,8,2,133,6,6,0,0,6,08 Apr 2026 19:02:43,347A7FD9B8ADDA535B34
SD MUHAMMADIYAH BEDUG,69893050,SD,Swasta,Kec. Pangkah,032809,Kab. Tegal,032800,Prov. Jawa Tengah,030000,5,3,148,8,8,0,0,10,27 Apr 2026 12:02:34,F76B4EAEDF7D8B2059AC
SMP NEGERI 1 PANGKAH,20325324,SMP,Negeri,Kec. Pangkah,032809,Kab. Tegal,032800,Prov. Jawa Tengah,030000,48,12,959,30,30,5,1,31,28 Apr 2026 10:38:19,8EBC61207A33EE446EAE
SMP NEGERI 2 PANGKAH,20325343,SMP,Negeri,Kec. Pangkah,032809,Kab. Tegal,032800,Prov. Jawa Tengah,030000,50,10,950,30,29,2,1,26,15 Apr 2026 13:28:45,1A07686D101666580539
SMP NEGERI 3 PANGKAH,20325335,SMP,Negeri,Kec. Pangkah,032809,Kab. Tegal,032800,Prov. Jawa Tengah,030000,39,15,763,24,23,3,1,32,23 Apr 2026 11:20:27,4D8E4E9DD0C8FEC9284D
SMP AL FAJAR TALOK BERBASIS PESANTREN PANGKAH,69989823,SMP,Swasta,Kec. Pangkah,032809,Kab. Tegal,032800,Prov. Jawa Tengah,030000,5,1,111,4,4,1,1,1,25 Apr 2026 23:28:00,5A22BF5556618355EDFC
SMP ATTIN AL KHAIR BERBASIS PESANTREN PANGKAH,69899983,SMP,Swasta,Kec. Pangkah,032809,Kab. Tegal,032800,Prov. Jawa Tengah,030000,6,1,31,3,3,2,1,12,25 Apr 2026 10:27:58,BDC72A6A8DE009C20B41
SMP BHAKTI PRAJA PANGKAH,20325263,SMP,Swasta,Kec. Pangkah,032809,Kab. Tegal,032800,Prov. Jawa Tengah,030000,4,3,44,3,8,1,1,27,04 Apr 2026 15:40:10,B98D8F8683B55C318501
SMP ISLAM TERPADU MAHKOTA AL MUNAWAROH,20360357,SMP,Swasta,Kec. Pangkah,032809,Kab. Tegal,032800,Prov. Jawa Tengah,030000,5,3,35,3,6,1,1,16,04 Mar 2026 08:43:32,91F1B0C2AC1B972EC254
SMP IT ELMUNA-VIE BERBASIS PESANTREN PANGKAH,69899984,SMP,Swasta,Kec. Pangkah,032809,Kab. Tegal,032800,Prov. Jawa Tengah,030000,9,3,95,5,6,2,1,46,24 Apr 2026 11:12:12,7F577669C7F1F4950B20
SMP MAARIF NU 01 PANGKAH,20339188,SMP,Swasta,Kec. Pangkah,032809,Kab. Tegal,032800,Prov. Jawa Tengah,030000,3,1,0,0,0,0,0,0,,972EB52BCFFAD1229494
SMP MUHAMMADIYAH PANGKAH,20325351,SMP,Swasta,Kec. Pangkah,032809,Kab. Tegal,032800,Prov. Jawa Tengah,030000,9,3,108,5,6,1,1,50,29 Apr 2026 11:44:16,F4DE36BB5E7EF57F8838
SMP NURUL IKHSAN BERBASIS PESANTREN PANGKAH,69990275,SMP,Swasta,Kec. Pangkah,032809,Kab. Tegal,032800,Prov. Jawa Tengah,030000,7,3,131,6,6,1,1,15,12 Apr 2026 23:43:43,BF9B5ED2B3E39064058C
SMP TAKHASSUS 99 NURUL FALAH PANGKAH,70024188,SMP,Swasta,Kec. Pangkah,032809,Kab. Tegal,032800,Prov. Jawa Tengah,030000,7,4,99,5,5,1,1,11,04 Mar 2026 08:51:29,E665FA7A13F2E00EF4A4
SMA NEGERI 1 PANGKAH,20325300,SMA,Negeri,Kec. Pangkah,032809,Kab. Tegal,032800,Prov. Jawa Tengah,030000,49,9,959,27,29,6,1,14,17 Apr 2026 12:33:36,F7976ACCE13E716A7D1C
SMK KUSUMA BANGSA,20339187,SMK,Swasta,Kec. Pangkah,032809,Kab. Tegal,032800,Prov. Jawa Tengah,030000,5,2,53,6,8,1,1,12,01 Apr 2026 22:56:39,ADB2986A1D2734F6DBBA
SMK PERISTEK PANGKAH,20325273,SMK,Swasta,Kec. Pangkah,032809,Kab. Tegal,032800,Prov. Jawa Tengah,030000,61,11,822,31,40,5,1,25,29 Apr 2026 15:46:57,7ADF69064F1EB0587072
SMK SHOFA PLUS PANGKAH,69756402,SMK,Swasta,Kec. Pangkah,032809,Kab. Tegal,032800,Prov. Jawa Tengah,030000,12,3,124,5,7,1,1,22,18 Apr 2026 16:03:48,229F70BB227673B93168
SD NEGERI DANARAJA 01,20326060,SD,Negeri,Kec. Margasari,032801,Kab. Tegal,032800,Prov. Jawa Tengah,030000,8,2,179,6,5,1,1,11,06 Apr 2026 11:04:37,9D2AC6CEA6278E1507F6
SD NEGERI DANARAJA 02,20326059,SD,Negeri,Kec. Margasari,032801,Kab. Tegal,032800,Prov. Jawa Tengah,030000,6,3,140,6,6,0,1,25,09 Apr 2026 03:40:52,A6B88A554AF13D4D1EC2
SD NEGERI DUKUH TENGAH 01,20326028,SD,Negeri,Kec. Margasari,032801,Kab. Tegal,032800,Prov. Jawa Tengah,030000,7,1,161,6,6,0,0,28,02 May 2026 08:52:28,319CDB335207CFAD578B
SD NEGERI DUKUH TENGAH 02,20326026,SD,Negeri,Kec. Margasari,032801,Kab. Tegal,032800,Prov. Jawa Tengah,030000,8,2,252,7,6,0,1,9,08 Apr 2026 10:08:52,2FCADB5AAD7A7E8BC0D3
SD NEGERI DUKUH TENGAH 03,20326025,SD,Negeri,Kec. Margasari,032801,Kab. Tegal,032800,Prov. Jawa Tengah,030000,6,3,189,6,6,0,1,15,13 Apr 2026 02:33:40,63E86628345231656897
SD NEGERI DUKUH TENGAH 04,20326024,SD,Negeri,Kec. Margasari,032801,Kab. Tegal,032800,Prov. Jawa Tengah,030000,6,2,190,6,6,0,0,13,11 Apr 2026 07:19:18,FF3B6E473BB824C62A89
SD NEGERI JATILABA 01,20325818,SD,Negeri,Kec. Margasari,032801,Kab. Tegal,032800,Prov. Jawa Tengah,030000,8,2,245,7,8,1,1,19,20 Apr 2026 09:07:04,15AF4F13D757B375A6A3
SD NEGERI JATILABA 02,20325817,SD,Negeri,Kec. Margasari,032801,Kab. Tegal,032800,Prov. Jawa Tengah,030000,10,3,292,9,10,1,1,25,02 May 2026 08:05:07,AFEB5AA8EF868AF979AA
SD NEGERI JATILABA 03,20325816,SD,Negeri,Kec. Margasari,032801,Kab. Tegal,032800,Prov. Jawa Tengah,030000,8,2,146,6,6,0,1,10,14 Apr 2026 02:46:19,F87BC27BC0AF00A926A0
SD NEGERI JATILABA 04,20325815,SD,Negeri,Kec. Margasari,032801,Kab. Tegal,032800,Prov. Jawa Tengah,030000,13,3,297,11,10,0,1,14,23 Apr 2026 08:50:20,95E4027AD57D6678A8C5
SD NEGERI JEMBAYAT 01,20325833,SD,Negeri,Kec. Margasari,032801,Kab. Tegal,032800,Prov. Jawa Tengah,030000,8,3,138,6,6,0,0,24,11 Apr 2026 10:09:32,7D76EE20C0FA2DBDF83F
SD NEGERI JEMBAYAT 02,20325832,SD,Negeri,Kec. Margasari,032801,Kab. Tegal,032800,Prov. Jawa Tengah,030000,7,2,112,6,5,1,1,21,21 Apr 2026 08:29:07,EBA5B17620EDD7587443
SD NEGERI JEMBAYAT 03,20325831,SD,Negeri,Kec. Margasari,032801,Kab. Tegal,032800,Prov. Jawa Tengah,030000,8,2,161,6,6,0,1,8,14 Apr 2026 20:59:13,3BDA4E677A2133232D7A
SD NEGERI JEMBAYAT 04,20325813,SD,Negeri,Kec. Margasari,032801,Kab. Tegal,032800,Prov. Jawa Tengah,030000,9,2,243,7,7,1,0,38,08 Apr 2026 22:04:06,FB9DC85473C50732886A
SD NEGERI JEMBAYAT 05,20325948,SD,Negeri,Kec. Margasari,032801,Kab. Tegal,032800,Prov. Jawa Tengah,030000,6,1,145,6,5,0,0,18,16 Apr 2026 12:07:59,7C0588104583DB6241B9
SD NEGERI JEMBAYAT 06,20325930,SD,Negeri,Kec. Margasari,032801,Kab. Tegal,032800,Prov. Jawa Tengah,030000,7,2,151,6,6,0,0,33,24 Apr 2026 10:06:26,E0DD1B960BFF54496171
SD NEGERI KALIGAYAM 01,20325941,SD,Negeri,Kec. Margasari,032801,Kab. Tegal,032800,Prov. Jawa Tengah,030000,8,2,104,6,5,0,1,18,09 Apr 2026 14:24:15,020208945219EB60206D
SD NEGERI KALIGAYAM 02,20325938,SD,Negeri,Kec. Margasari,032801,Kab. Tegal,032800,Prov. Jawa Tengah,030000,7,2,177,6,5,0,1,38,14 Apr 2026 18:54:21,1F00A5DA07E9FBDB9125
SD NEGERI KALISALAK 01,20325895,SD,Negeri,Kec. Margasari,032801,Kab. Tegal,032800,Prov. Jawa Tengah,030000,7,2,240,7,6,0,1,24,02 May 2026 11:22:36,DE788189B81B0F621132
SD NEGERI KALISALAK 02,20325894,SD,Negeri,Kec. Margasari,032801,Kab. Tegal,032800,Prov. Jawa Tengah,030000,8,2,225,6,12,0,0,33,29 Apr 2026 13:11:26,13833DC04C853CC1D731
SD NEGERI KALISALAK 03,20325893,SD,Negeri,Kec. Margasari,032801,Kab. Tegal,032800,Prov. Jawa Tengah,030000,8,2,198,6,8,0,1,19,30 Apr 2026 11:19:42,FD41C74B53CD1679B17E
SD NEGERI KARANGDAWA 01,20325903,SD,Negeri,Kec. Margasari,032801,Kab. Tegal,032800,Prov. Jawa Tengah,030000,9,2,188,7,6,0,0,12,09 Apr 2026 09:28:07,66E0E6014BE4192DAB2B
SD NEGERI KARANGDAWA 02,20325902,SD,Negeri,Kec. Margasari,032801,Kab. Tegal,032800,Prov. Jawa Tengah,030000,12,2,345,11,11,0,1,12,03 Apr 2026 21:10:01,FB1E5F53A90DDE7D79E4
SD NEGERI KARANGDAWA 03,20325901,SD,Negeri,Kec. Margasari,032801,Kab. Tegal,032800,Prov. Jawa Tengah,030000,10,2,236,8,9,0,1,5,08 Apr 2026 08:43:52,18C535C50C385A565E32
SD NEGERI KARANGDAWA 04,20325900,SD,Negeri,Kec. Margasari,032801,Kab. Tegal,032800,Prov. Jawa Tengah,030000,8,3,191,7,7,1,6,10,07 Mar 2026 08:28:26,28DFE0F2D2EBEC014390
SD NEGERI MARGA AYU,20325206,SD,Negeri,Kec. Margasari,032801,Kab. Tegal,032800,Prov. Jawa Tengah,030000,16,1,358,15,11,0,1,11,09 Apr 2026 14:14:12,3E30ADE7D945B8273A0C
SD NEGERI MARGASARI 01,20325200,SD,Negeri,Kec. Margasari,032801,Kab. Tegal,032800,Prov. Jawa Tengah,030000,12,2,225,8,9,0,0,19,28 Apr 2026 11:12:50,6DE25F4FB04E5DA068CD
SD NEGERI MARGASARI 02,20325199,SD,Negeri,Kec. Margasari,032801,Kab. Tegal,032800,Prov. Jawa Tengah,030000,6,4,208,6,6,0,1,9,22 Apr 2026 22:30:24,56111C66175C7E48B049
SD NEGERI MARGASARI 04,20325197,SD,Negeri,Kec. Margasari,032801,Kab. Tegal,032800,Prov. Jawa Tengah,030000,7,2,143,6,6,0,0,15,07 Apr 2026 12:56:09,867593555FBFC931E5B0
SD NEGERI MARGASARI 05,20325196,SD,Negeri,Kec. Margasari,032801,Kab. Tegal,032800,Prov. Jawa Tengah,030000,6,3,132,6,6,0,1,18,13 Apr 2026 11:00:20,870FF7A29CC4D83E151D
SD NEGERI MARGASARI 06,20325195,SD,Negeri,Kec. Margasari,032801,Kab. Tegal,032800,Prov. Jawa Tengah,030000,8,4,263,6,7,1,1,9,03 Feb 2026 07:37:52,B813C5017BEE5ED416F6
SD NEGERI MARGASARI 07,20325194,SD,Negeri,Kec. Margasari,032801,Kab. Tegal,032800,Prov. Jawa Tengah,030000,8,3,162,6,6,0,1,16,24 Apr 2026 07:42:26,64126A536641F910D8EE
SD NEGERI PAKULAUT 01,20324969,SD,Negeri,Kec. Margasari,032801,Kab. Tegal,032800,Prov. Jawa Tengah,030000,9,4,227,9,8,0,1,12,11 Apr 2026 11:57:14,F0645CB11E8D3F3727EA
SD NEGERI PAKULAUT 02,20324970,SD,Negeri,Kec. Margasari,032801,Kab. Tegal,032800,Prov. Jawa Tengah,030000,9,2,194,7,9,0,2,27,29 Apr 2026 16:59:50,51E5941A3DDA4B439672
SD NEGERI PAKULAUT 03,20324971,SD,Negeri,Kec. Margasari,032801,Kab. Tegal,032800,Prov. Jawa Tengah,030000,9,3,162,7,10,1,1,52,02 May 2026 09:57:22,BAE6FC00F683C3B1B6BA
SD NEGERI PAKULAUT 04,20324972,SD,Negeri,Kec. Margasari,032801,Kab. Tegal,032800,Prov. Jawa Tengah,030000,8,1,137,6,6,0,0,6,15 Apr 2026 12:49:37,BA91DEC3CF5E9D4E96B4
SD NEGERI PRUPUK SELATAN 01,20325046,SD,Negeri,Kec. Margasari,032801,Kab. Tegal,032800,Prov. Jawa Tengah,030000,6,2,137,6,6,0,0,20,02 Apr 2026 11:39:53,09BFFCAE84FE9361BCEE
SD NEGERI PRUPUK SELATAN 02,20325045,SD,Negeri,Kec. Margasari,032801,Kab. Tegal,032800,Prov. Jawa Tengah,030000,7,2,210,6,6,0,1,24,02 May 2026 08:41:05,1DCB5F65DE5028C80D2A
SD NEGERI PRUPUK SELATAN 03,20325044,SD,Negeri,Kec. Margasari,032801,Kab. Tegal,032800,Prov. Jawa Tengah,030000,9,3,222,8,7,1,1,28,23 Apr 2026 00:13:13,FF2EF7FB0EF81FBDC166
SD NEGERI PRUPUK SELATAN 04,20325043,SD,Negeri,Kec. Margasari,032801,Kab. Tegal,032800,Prov. Jawa Tengah,030000,8,1,252,7,7,0,0,9,08 Apr 2026 13:48:25,EB5FECC9B436A279E093
SD NEGERI PRUPUK UTARA 01,20325042,SD,Negeri,Kec. Margasari,032801,Kab. Tegal,032800,Prov. Jawa Tengah,030000,9,1,187,7,9,1,1,10,15 Apr 2026 10:57:33,6B1CB606742E64B71262
SD NEGERI PRUPUK UTARA 02,20325041,SD,Negeri,Kec. Margasari,032801,Kab. Tegal,032800,Prov. Jawa Tengah,030000,8,1,274,8,8,0,1,19,06 Apr 2026 05:04:04,D3D644A2DDE3DF083588
SD NEGERI WANASARI,20325473,SD,Negeri,Kec. Margasari,032801,Kab. Tegal,032800,Prov. Jawa Tengah,030000,8,2,214,6,6,1,1,16,15 Apr 2026 09:57:58,42E9E407FD62320BA896
SD ISLAM AL FALAH,20325632,SD,Swasta,Kec. Margasari,032801,Kab. Tegal,032800,Prov. Jawa Tengah,030000,14,2,302,12,12,0,1,14,05 Apr 2026 20:34:47,84FA417F47D41880441D
SD ISLAM ROUDHOTUL JANNAH,69924261,SD,Swasta,Kec. Margasari,032801,Kab. Tegal,032800,Prov. Jawa Tengah,030000,7,4,119,6,6,0,1,23,20 Apr 2026 09:28:31,09DBF3979BBE64328CEA
SD MAARIF MARGA AYU,20325646,SD,Swasta,Kec. Margasari,032801,Kab. Tegal,032800,Prov. Jawa Tengah,030000,8,2,226,7,9,1,1,17,23 Apr 2026 06:26:35,A75C770EC32A078AEA4C
SD MUHAMMADIYAH ASSALAM,70027928,SD,Swasta,Kec. Margasari,032801,Kab. Tegal,032800,Prov. Jawa Tengah,030000,3,3,147,6,6,0,0,16,20 Apr 2026 06:26:57,314162CED0AC49CD4391
SMP NEGERI 1 MARGASARI,20325326,SMP,Negeri,Kec. Margasari,032801,Kab. Tegal,032800,Prov. Jawa Tengah,030000,42,11,852,27,27,5,1,13,25 Apr 2026 07:47:19,AE895E0E04E51D1C748C
SMP NEGERI 2 MARGASARI,20325329,SMP,Negeri,Kec. Margasari,032801,Kab. Tegal,032800,Prov. Jawa Tengah,030000,35,12,763,24,26,2,1,19,22 Apr 2026 11:03:15,1D3209003FE08009305B
SMP NEGERI 3 MARGASARI,20325336,SMP,Negeri,Kec. Margasari,032801,Kab. Tegal,032800,Prov. Jawa Tengah,030000,32,12,638,21,21,3,1,30,16 Apr 2026 14:09:39,1F5F79BC04CC7D67B3A5
SMP AT-TIN BERBASIS PESANTREN MARGASARI,20362788,SMP,Swasta,Kec. Margasari,032801,Kab. Tegal,032800,Prov. Jawa Tengah,030000,4,3,22,3,6,1,1,15,21 Apr 2026 11:52:41,DA5BD00AD22F325E1DAD
SMP BHAKTI PRAJA MARGASARI,20325265,SMP,Swasta,Kec. Margasari,032801,Kab. Tegal,032800,Prov. Jawa Tengah,030000,26,8,648,19,19,2,1,21,15 Apr 2026 09:28:55,905E5E651A3CFD7CE17E
SMP IT AL MUBAROK MARGASARI,60728468,SMP,Swasta,Kec. Margasari,032801,Kab. Tegal,032800,Prov. Jawa Tengah,030000,8,1,71,4,4,0,0,47,27 Apr 2026 11:11:54,A887811DD0697BFB844B
SMP MAARIF NU MARGASARI,20325358,SMP,Swasta,Kec. Margasari,032801,Kab. Tegal,032800,Prov. Jawa Tengah,030000,15,4,310,10,10,2,1,21,30 Apr 2026 17:37:48,0813748E56E89A2FE8A0
SMP MUHAMMADIYAH MARGASARI,20325352,SMP,Swasta,Kec. Margasari,032801,Kab. Tegal,032800,Prov. Jawa Tengah,030000,19,8,423,14,15,4,1,13,31 Mar 2026 12:07:04,1AA8A210991FA54CADB7
SMP NUSANTARA MARGASARI,69949325,SMP,Swasta,Kec. Margasari,032801,Kab. Tegal,032800,Prov. Jawa Tengah,030000,6,1,86,3,4,0,1,21,21 Apr 2026 06:49:48,935462BCDF727F44ED71
SMA NEGERI 1 MARGASARI,20325301,SMA,Negeri,Kec. Margasari,032801,Kab. Tegal,032800,Prov. Jawa Tengah,030000,46,9,722,21,27,3,1,58,28 Apr 2026 07:43:02,4AC4EBE049709EDC70A1
SMA MUHAMMADIYAH MARGASARI,20325295,SMA,Swasta,Kec. Margasari,032801,Kab. Tegal,032800,Prov. Jawa Tengah,030000,7,3,88,3,6,3,1,22,04 Apr 2026 09:19:47,7DE61DD31983EB0F50C4
SMK BHAKTI PRAJA MARGASARI,20325278,SMK,Swasta,Kec. Margasari,032801,Kab. Tegal,032800,Prov. Jawa Tengah,030000,51,14,1317,43,29,7,1,51,02 May 2026 11:18:30,C2DE80D313E9D139D6E5
SMK BINA NUSANTARA MANDIRI BISMA,20362121,SMK,Swasta,Kec. Margasari,032801,Kab. Tegal,032800,Prov. Jawa Tengah,030000,18,3,213,11,12,3,1,20,21 Mar 2026 05:03:06,DDE3648C689D3E61523C
SMK MAARIF NU MARGASARI,20325247,SMK,Swasta,Kec. Margasari,032801,Kab. Tegal,032800,Prov. Jawa Tengah,030000,36,11,721,23,25,1,1,21,09 Apr 2026 07:42:20,23C7787E9F7510A65AED
SMK MUHAMMADIYAH MARGASARI,20346819,SMK,Swasta,Kec. Margasari,032801,Kab. Tegal,032800,Prov. Jawa Tengah,030000,11,4,58,6,7,2,1,9,25 Apr 2026 10:20:06,1E39886C43DB76F1CA4D
SD NEGERI BALAPULANG KULON 01,20325606,SD,Negeri,Kec. Balapulang,032804,Kab. Tegal,032800,Prov. Jawa Tengah,030000,8,2,233,7,13,0,1,8,27 Mar 2026 09:08:45,75314AC672A50CAB687D
SD NEGERI BALAPULANG KULON 02,20325605,SD,Negeri,Kec. Balapulang,032804,Kab. Tegal,032800,Prov. Jawa Tengah,030000,9,2,269,7,7,0,1,9,05 Apr 2026 20:36:52,CD00454CB2623DC7CB5A
SD NEGERI BALAPULANG KULON 03,20325604,SD,Negeri,Kec. Balapulang,032804,Kab. Tegal,032800,Prov. Jawa Tengah,030000,6,4,160,6,7,0,1,9,20 Apr 2026 08:34:50,0A4376272F8742D01B23
SD NEGERI BALAPULANG KULON 05,20325602,SD,Negeri,Kec. Balapulang,032804,Kab. Tegal,032800,Prov. Jawa Tengah,030000,7,2,212,6,6,0,1,21,02 Mar 2026 07:35:28,E7218CD792D547615ED2
SD NEGERI BALAPULANG KULON 06,20325601,SD,Negeri,Kec. Balapulang,032804,Kab. Tegal,032800,Prov. Jawa Tengah,030000,6,3,109,6,5,0,0,11,10 Mar 2026 13:29:21,515F6DAC2F718BB7EB93
SD NEGERI BALAPULANG WETAN 01,20325600,SD,Negeri,Kec. Balapulang,032804,Kab. Tegal,032800,Prov. Jawa Tengah,030000,8,2,297,9,6,1,1,16,06 Apr 2026 10:25:21,B8DF37499B3571ED1B90
SD NEGERI BALAPULANG WETAN 03,20325599,SD,Negeri,Kec. Balapulang,032804,Kab. Tegal,032800,Prov. Jawa Tengah,030000,8,1,160,6,6,0,1,18,23 Apr 2026 10:09:14,D0C2C6F8195B2A578974
SD NEGERI BALAPULANG WETAN 04,20325598,SD,Negeri,Kec. Balapulang,032804,Kab. Tegal,032800,Prov. Jawa Tengah,030000,8,2,232,6,6,0,1,22,22 Apr 2026 10:40:56,7F75A091D1CED5FE0402
SD NEGERI BALAPULANG WETAN 06,20325613,SD,Negeri,Kec. Balapulang,032804,Kab. Tegal,032800,Prov. Jawa Tengah,030000,9,3,266,7,11,0,1,16,06 Apr 2026 06:52:25,37E3DBE2527D72951044
SD NEGERI BALAPULANG WETAN 07,20360224,SD,Negeri,Kec. Balapulang,032804,Kab. Tegal,032800,Prov. Jawa Tengah,030000,7,4,252,8,8,0,1,30,10 Apr 2026 19:57:30,08C849B058CE351DCB7A
SD NEGERI BANJARANYAR 01,20325620,SD,Negeri,Kec. Balapulang,032804,Kab. Tegal,032800,Prov. Jawa Tengah,030000,8,2,144,6,6,0,2,7,10 Apr 2026 16:30:14,2231983CB3DA6760B788
SD NEGERI BANJARANYAR 02,20325619,SD,Negeri,Kec. Balapulang,032804,Kab. Tegal,032800,Prov. Jawa Tengah,030000,8,3,164,6,6,0,1,5,24 Feb 2026 16:43:15,530389A797A3E0423C39
SD NEGERI BANJARANYAR 03,20325618,SD,Negeri,Kec. Balapulang,032804,Kab. Tegal,032800,Prov. Jawa Tengah,030000,7,3,137,6,6,0,1,13,07 Apr 2026 10:40:14,D529F5EF5D5309E8C0FB
SD NEGERI BANJARANYAR 04,20325617,SD,Negeri,Kec. Balapulang,032804,Kab. Tegal,032800,Prov. Jawa Tengah,030000,8,2,115,6,6,0,1,9,05 Apr 2026 18:57:04,AA3E4865D9DADCE19318
SD NEGERI BANJARANYAR 05,20325616,SD,Negeri,Kec. Balapulang,032804,Kab. Tegal,032800,Prov. Jawa Tengah,030000,8,1,139,6,6,0,1,13,05 Apr 2026 07:11:24,AA32B0A96FF2FC19AA0D
SD NEGERI BATUAGUNG 01,20325812,SD,Negeri,Kec. Balapulang,032804,Kab. Tegal,032800,Prov. Jawa Tengah,030000,9,3,316,10,10,0,1,33,27 Apr 2026 13:33:18,545133C23BBFF7E5C7AD
SD NEGERI BATUAGUNG 02,20326019,SD,Negeri,Kec. Balapulang,032804,Kab. Tegal,032800,Prov. Jawa Tengah,030000,10,3,264,8,8,0,1,13,04 Apr 2026 14:44:42,B1D56A48D8C0F5140D71
SD NEGERI BUKATEJA 01,20325984,SD,Negeri,Kec. Balapulang,032804,Kab. Tegal,032800,Prov. Jawa Tengah,030000,7,2,160,6,6,0,1,17,17 Apr 2026 15:33:18,4A94A907674BB2D3534C
SD NEGERI BUKATEJA 02,20325983,SD,Negeri,Kec. Balapulang,032804,Kab. Tegal,032800,Prov. Jawa Tengah,030000,8,2,143,6,6,0,0,12,18 Apr 2026 07:11:44,C047F98FF6BF4CB54FCC
SD NEGERI CENGGINI 01,20325971,SD,Negeri,Kec. Balapulang,032804,Kab. Tegal,032800,Prov. Jawa Tengah,030000,8,1,146,6,5,0,0,15,01 May 2026 20:53:49,9380B1807B83513A136C
SD NEGERI CENGGINI 02,20325970,SD,Negeri,Kec. Balapulang,032804,Kab. Tegal,032800,Prov. Jawa Tengah,030000,8,3,188,6,8,0,1,11,07 Apr 2026 09:54:16,AA4125970C64AB5681D6
SD NEGERI CIBUNAR,20326054,SD,Negeri,Kec. Balapulang,032804,Kab. Tegal,032800,Prov. Jawa Tengah,030000,7,3,139,6,6,0,1,9,06 Apr 2026 07:12:56,94F5D02CA457A78F5B13
SD NEGERI CILONGOK 01,20326066,SD,Negeri,Kec. Balapulang,032804,Kab. Tegal,032800,Prov. Jawa Tengah,030000,8,3,122,6,6,0,1,7,11 Apr 2026 19:20:46,B9C74ABD803389277BEA
SD NEGERI CILONGOK 02,20326065,SD,Negeri,Kec. Balapulang,032804,Kab. Tegal,032800,Prov. Jawa Tengah,030000,7,3,100,6,6,0,1,9,05 Apr 2026 09:22:53,9812CBF889F348ECCEBB
SD NEGERI DANAREJA 01,20326058,SD,Negeri,Kec. Balapulang,032804,Kab. Tegal,032800,Prov. Jawa Tengah,030000,7,2,86,6,6,0,1,13,15 Apr 2026 09:05:45,A4B8DAC84CEB1CAEB317
SD NEGERI DANAREJA 02,20326057,SD,Negeri,Kec. Balapulang,032804,Kab. Tegal,032800,Prov. Jawa Tengah,030000,7,3,196,6,6,0,1,14,11 Apr 2026 09:53:19,A57505A4511E42E2632E
SD NEGERI DANAWARIH 01,20326069,SD,Negeri,Kec. Balapulang,032804,Kab. Tegal,032800,Prov. Jawa Tengah,030000,7,2,109,6,5,0,0,8,04 Apr 2026 09:55:59,DC53287C0AE22F3E9A2D
SD NEGERI DANAWARIH 02,20326070,SD,Negeri,Kec. Balapulang,032804,Kab. Tegal,032800,Prov. Jawa Tengah,030000,8,2,117,6,6,0,0,17,09 Apr 2026 12:28:18,2305DA993B2A7E73375F
SD NEGERI DANAWARIH 03,20326071,SD,Negeri,Kec. Balapulang,032804,Kab. Tegal,032800,Prov. Jawa Tengah,030000,8,3,156,6,6,0,1,14,11 Apr 2026 07:24:20,00F1E9C4826A5C58E90C
SD NEGERI HARJAWINANGUN 01,20325866,SD,Negeri,Kec. Balapulang,032804,Kab. Tegal,032800,Prov. Jawa Tengah,030000,6,3,133,6,6,1,1,19,04 Apr 2026 12:13:31,329B3AE226748E1D4B05
SD NEGERI HARJAWINANGUN 02,20339125,SD,Negeri,Kec. Balapulang,032804,Kab. Tegal,032800,Prov. Jawa Tengah,030000,10,2,211,7,10,0,1,30,04 Apr 2026 07:27:38,D420FF48636A2B250D4C
SD NEGERI KALIBAKUNG 01,20325943,SD,Negeri,Kec. Balapulang,032804,Kab. Tegal,032800,Prov. Jawa Tengah,030000,8,1,174,6,6,0,0,11,17 Apr 2026 12:25:40,4153114F37DFB50E5591
SD NEGERI KALIBAKUNG 02,20325942,SD,Negeri,Kec. Balapulang,032804,Kab. Tegal,032800,Prov. Jawa Tengah,030000,6,1,78,6,6,0,0,30,07 Apr 2026 08:06:18,A04F5792003EAEAB303C
SD NEGERI KALIWUNGU 01,20325881,SD,Negeri,Kec. Balapulang,032804,Kab. Tegal,032800,Prov. Jawa Tengah,030000,8,2,199,6,6,0,0,38,27 Apr 2026 12:06:57,81C80F0304CB0B7C7006
SD NEGERI KALIWUNGU 02,20325897,SD,Negeri,Kec. Balapulang,032804,Kab. Tegal,032800,Prov. Jawa Tengah,030000,7,1,216,6,6,0,1,16,10 Apr 2026 07:52:08,9BF6773BA24EB5847072
SD NEGERI KARANGJAMBU 01,20325880,SD,Negeri,Kec. Balapulang,032804,Kab. Tegal,032800,Prov. Jawa Tengah,030000,9,2,222,7,6,1,1,18,07 Apr 2026 09:54:10,1453453555A60D1231BA
SD NEGERI KARANGJAMBU 02,20325518,SD,Negeri,Kec. Balapulang,032804,Kab. Tegal,032800,Prov. Jawa Tengah,030000,8,1,164,6,8,0,1,5,07 Apr 2026 18:53:47,645EDCF02EBC5735DC83
SD NEGERI PAGERWANGI,20325003,SD,Negeri,Kec. Balapulang,032804,Kab. Tegal,032800,Prov. Jawa Tengah,030000,7,3,147,6,5,0,1,10,06 Apr 2026 09:40:39,047AB3A45541573AC0A7
SD NEGERI PAMIRITAN 01,20324984,SD,Negeri,Kec. Balapulang,032804,Kab. Tegal,032800,Prov. Jawa Tengah,030000,9,1,254,7,6,0,0,37,29 Apr 2026 14:57:51,3A14E6F6B80863D01580
SD NEGERI PAMIRITAN 02,20324985,SD,Negeri,Kec. Balapulang,032804,Kab. Tegal,032800,Prov. Jawa Tengah,030000,9,2,285,9,5,0,1,15,09 Apr 2026 11:31:54,35DA1EDCC3E70395A6ED
SD NEGERI SANGKANJAYA,20325426,SD,Negeri,Kec. Balapulang,032804,Kab. Tegal,032800,Prov. Jawa Tengah,030000,6,3,67,6,6,0,0,14,13 Apr 2026 20:01:34,B951B898B814FC04D548
SD NEGERI SESEPAN 01,20325420,SD,Negeri,Kec. Balapulang,032804,Kab. Tegal,032800,Prov. Jawa Tengah,030000,9,1,136,6,6,0,1,41,05 Apr 2026 07:16:20,ACEAC27FFB1CC4FC94CD
SD NEGERI SESEPAN 02,20325419,SD,Negeri,Kec. Balapulang,032804,Kab. Tegal,032800,Prov. Jawa Tengah,030000,8,2,195,6,6,0,1,14,14 Apr 2026 08:20:27,D9B3EE71DE7C42CC658B
SD NEGERI TEMBONGWAH 01,20325458,SD,Negeri,Kec. Balapulang,032804,Kab. Tegal,032800,Prov. Jawa Tengah,030000,8,3,213,7,7,0,0,25,09 Apr 2026 09:21:59,DB90400EB0C4C80DDD99
SD NEGERI TEMBONGWAH 02,20325457,SD,Negeri,Kec. Balapulang,032804,Kab. Tegal,032800,Prov. Jawa Tengah,030000,8,2,97,6,6,0,1,29,07 Apr 2026 13:01:22,1593777E97C6FBC82442
SD NEGERI WRINGINJENGGOT 01,20325291,SD,Negeri,Kec. Balapulang,032804,Kab. Tegal,032800,Prov. Jawa Tengah,030000,6,3,132,6,6,0,0,15,04 Apr 2026 21:46:09,70180DEC834B0A68A3E5
SD NEGERI WRINGINJENGGOT 02,20325290,SD,Negeri,Kec. Balapulang,032804,Kab. Tegal,032800,Prov. Jawa Tengah,030000,8,1,152,6,5,0,1,90,02 May 2026 18:19:10,1C8164143DB977969D05
SD DARUSSALAM KALIBAKUNG,20339153,SD,Swasta,Kec. Balapulang,032804,Kab. Tegal,032800,Prov. Jawa Tengah,030000,7,1,60,6,6,0,1,9,06 Apr 2026 19:50:48,72E63ADB57A24892691D
SMP NEGERI 1 BALAPULANG,20325371,SMP,Negeri,Kec. Balapulang,032804,Kab. Tegal,032800,Prov. Jawa Tengah,030000,43,16,858,27,27,4,1,23,27 Apr 2026 08:42:27,81E2234F54B6C713CFD7
SMP NEGERI 2 BALAPULANG,20325317,SMP,Negeri,Kec. Balapulang,032804,Kab. Tegal,032800,Prov. Jawa Tengah,030000,40,9,852,27,32,1,1,33,23 Apr 2026 07:57:55,F93DCD5FE496DEBB7F17
SMP NEGERI 3 BALAPULANG,20360405,SMP,Negeri,Kec. Balapulang,032804,Kab. Tegal,032800,Prov. Jawa Tengah,030000,11,3,186,6,9,1,0,41,29 Apr 2026 09:36:17,CE398C5C63C0274D4FF3
SMP DARUSSALAM BERBASIS PESANTREN BALAPULANG,69899985,SMP,Swasta,Kec. Balapulang,032804,Kab. Tegal,032800,Prov. Jawa Tengah,030000,10,2,84,3,7,1,1,20,02 May 2026 11:54:17,E24CA8FAF317DA14CD66
SMP IHSANIYAH 01 BALAPULANG,20325268,SMP,Swasta,Kec. Balapulang,032804,Kab. Tegal,032800,Prov. Jawa Tengah,030000,7,1,23,3,4,2,1,7,03 Mar 2026 09:59:29,6BD43099B15A6903492D
SMP ISLAM NURUL ULUM BALAPULANG,20325361,SMP,Swasta,Kec. Balapulang,032804,Kab. Tegal,032800,Prov. Jawa Tengah,030000,10,3,124,6,6,2,1,8,23 Apr 2026 08:02:43,FFD82D23D957CCFC3094
SMP KI GEDE SEBAYU BALAPULANG,20325360,SMP,Swasta,Kec. Balapulang,032804,Kab. Tegal,032800,Prov. Jawa Tengah,030000,11,2,105,6,6,1,1,18,23 Apr 2026 21:05:29,F9219175176269222F89
SMP PANGERAN DIPONEGORO BALAPULANG,20325377,SMP,Swasta,Kec. Balapulang,032804,Kab. Tegal,032800,Prov. Jawa Tengah,030000,9,3,177,7,7,0,0,10,22 Apr 2026 12:13:13,A749164FD89568E3E95D
SMA NEGERI 1 BALAPULANG,20325305,SMA,Negeri,Kec. Balapulang,032804,Kab. Tegal,032800,Prov. Jawa Tengah,030000,51,10,946,27,27,8,2,49,28 Apr 2026 10:44:07,6BFDDC951D9404E493DE
SMAS AL MUAWANAH,20340959,SMA,Swasta,Kec. Balapulang,032804,Kab. Tegal,032800,Prov. Jawa Tengah,030000,5,2,68,3,5,2,1,33,17 Apr 2026 08:22:45,1EBAB1D9A478E4438C48
SMK DARUSSALAM BALAPULANG,20338138,SMK,Swasta,Kec. Balapulang,032804,Kab. Tegal,032800,Prov. Jawa Tengah,030000,21,2,267,16,15,3,1,15,30 Apr 2026 09:17:06,6354A7569C286D0930AA
SD NEGERI BATUMIRAH 01,20325998,SD,Negeri,Kec. Bumijawa,032802,Kab. Tegal,032800,Prov. Jawa Tengah,030000,8,2,274,11,8,0,1,12,06 Apr 2026 07:44:17,954630C31626454348D0
SD NEGERI BATUMIRAH 02,20325997,SD,Negeri,Kec. Bumijawa,032802,Kab. Tegal,032800,Prov. Jawa Tengah,030000,7,2,122,6,6,0,1,1,08 Apr 2026 09:45:07,D29B2ACF30647A1A3BA5
SD NEGERI BEGAWAT 01,20325992,SD,Negeri,Kec. Bumijawa,032802,Kab. Tegal,032800,Prov. Jawa Tengah,030000,7,2,214,6,6,0,1,23,11 Apr 2026 17:40:08,051B4D620EDF1CB5F59C
SD NEGERI BEGAWAT 02,20325991,SD,Negeri,Kec. Bumijawa,032802,Kab. Tegal,032800,Prov. Jawa Tengah,030000,8,1,102,6,6,0,1,10,07 Apr 2026 00:22:25,7307778866C9A9F80FD5
SD NEGERI BUMIJAWA 01,20325955,SD,Negeri,Kec. Bumijawa,032802,Kab. Tegal,032800,Prov. Jawa Tengah,030000,10,2,263,8,9,0,1,16,01 May 2026 09:49:02,850B2C77380F28C44CCE
SD NEGERI BUMIJAWA 02,20325954,SD,Negeri,Kec. Bumijawa,032802,Kab. Tegal,032800,Prov. Jawa Tengah,030000,8,1,303,8,8,0,0,47,28 Apr 2026 08:41:48,4124AB78A77D7100164D
SD NEGERI BUMIJAWA 03,20325953,SD,Negeri,Kec. Bumijawa,032802,Kab. Tegal,032800,Prov. Jawa Tengah,030000,7,3,253,8,7,1,1,22,16 Apr 2026 09:18:30,7E133FE468C6CE3C59FE
SD NEGERI BUMIJAWA 04,20325952,SD,Negeri,Kec. Bumijawa,032802,Kab. Tegal,032800,Prov. Jawa Tengah,030000,8,2,259,7,7,0,1,33,08 Apr 2026 09:54:52,48CBE2A059683F4E0341
SD NEGERI BUMIJAWA 06,20325951,SD,Negeri,Kec. Bumijawa,032802,Kab. Tegal,032800,Prov. Jawa Tengah,030000,4,3,155,6,6,0,1,18,23 Apr 2026 07:54:49,E348F2E8DB3C452AD9D4
SD NEGERI BUMIJAWA 07,20325965,SD,Negeri,Kec. Bumijawa,032802,Kab. Tegal,032800,Prov. Jawa Tengah,030000,7,2,124,6,6,0,0,14,17 Apr 2026 10:04:26,471DC820738DCF33CA0E
SD NEGERI CARUL,20325978,SD,Negeri,Kec. Bumijawa,032802,Kab. Tegal,032800,Prov. Jawa Tengah,030000,7,2,55,6,6,0,0,10,04 Mar 2026 00:11:30,F4A3A0922521AC8128AA
SD NEGERI CAWITALI 01,20325977,SD,Negeri,Kec. Bumijawa,032802,Kab. Tegal,032800,Prov. Jawa Tengah,030000,6,2,84,6,5,0,0,18,25 Feb 2026 09:36:47,2D81709790B4207F243C
SD NEGERI CAWITALI 02,20325976,SD,Negeri,Kec. Bumijawa,032802,Kab. Tegal,032800,Prov. Jawa Tengah,030000,6,2,134,6,6,0,1,27,29 Apr 2026 13:33:16,5D968E818303449A122B
SD NEGERI CAWITALI 03,20325975,SD,Negeri,Kec. Bumijawa,032802,Kab. Tegal,032800,Prov. Jawa Tengah,030000,7,0,106,6,6,0,0,18,16 Apr 2026 09:58:07,06581F87B35FC1CF7103
SD NEGERI CEMPAKA 01,20325974,SD,Negeri,Kec. Bumijawa,032802,Kab. Tegal,032800,Prov. Jawa Tengah,030000,6,2,144,6,5,0,1,34,02 May 2026 08:43:00,EBB29319DE6158A3BA15
SD NEGERI CEMPAKA 02,20325973,SD,Negeri,Kec. Bumijawa,032802,Kab. Tegal,032800,Prov. Jawa Tengah,030000,7,3,161,6,6,0,1,34,02 May 2026 08:37:28,5FA1FC4BCFA1C7B94F06
SD NEGERI CEMPAKA 03,20325972,SD,Negeri,Kec. Bumijawa,032802,Kab. Tegal,032800,Prov. Jawa Tengah,030000,7,3,224,6,6,0,1,12,08 Apr 2026 03:45:25,F5AC409A9AA0FEBADF08
SD NEGERI CINTAMANIK 01,20326064,SD,Negeri,Kec. Bumijawa,032802,Kab. Tegal,032800,Prov. Jawa Tengah,030000,8,1,225,6,6,0,1,22,28 Apr 2026 11:39:10,11396501500240DC972F
SD NEGERI CINTAMANIK 02,20326063,SD,Negeri,Kec. Bumijawa,032802,Kab. Tegal,032800,Prov. Jawa Tengah,030000,8,2,163,6,5,1,1,13,20 Jan 2026 09:18:00,A0105A76DE45FD36FC4F
SD NEGERI CINTAMANIK 03,20338922,SD,Negeri,Kec. Bumijawa,032802,Kab. Tegal,032800,Prov. Jawa Tengah,030000,7,2,125,6,5,0,0,11,02 Mar 2026 07:28:07,549EE0A1F69C683D7AD1
SD NEGERI DUKUHBENDA 01,20326053,SD,Negeri,Kec. Bumijawa,032802,Kab. Tegal,032800,Prov. Jawa Tengah,030000,8,1,161,6,6,0,0,8,18 Apr 2026 08:58:44,3ABB3BCC997B86D2D32F
SD NEGERI DUKUHBENDA 02,20326036,SD,Negeri,Kec. Bumijawa,032802,Kab. Tegal,032800,Prov. Jawa Tengah,030000,9,3,232,6,6,1,1,16,21 Apr 2026 09:42:44,43B1FC01DC8A43D881FE
SD NEGERI DUKUHBENDA 03,20326037,SD,Negeri,Kec. Bumijawa,032802,Kab. Tegal,032800,Prov. Jawa Tengah,030000,9,2,238,7,6,1,1,11,10 Apr 2026 12:30:26,7F302FB045FA094FA39B
SD NEGERI DUKUHBENDA 04,20326051,SD,Negeri,Kec. Bumijawa,032802,Kab. Tegal,032800,Prov. Jawa Tengah,030000,7,3,158,6,6,0,1,12,27 Apr 2026 12:13:22,A0C67DC1718DA4632E35
SD NEGERI GUCI 01,20325862,SD,Negeri,Kec. Bumijawa,032802,Kab. Tegal,032800,Prov. Jawa Tengah,030000,14,2,405,13,13,1,1,23,03 Mar 2026 08:37:17,9872FE40E8454600409B
SD NEGERI GUCI 02,20325863,SD,Negeri,Kec. Bumijawa,032802,Kab. Tegal,032800,Prov. Jawa Tengah,030000,8,2,150,6,6,0,0,19,02 May 2026 11:33:26,631702B186B83493B7C0
SD NEGERI GUNUNG AGUNG 01,20325873,SD,Negeri,Kec. Bumijawa,032802,Kab. Tegal,032800,Prov. Jawa Tengah,030000,7,2,184,6,6,0,1,22,04 Mar 2026 08:56:08,5CBCBD8BCDD62559892C
SD NEGERI GUNUNGAGUNG 02,20325872,SD,Negeri,Kec. Bumijawa,032802,Kab. Tegal,032800,Prov. Jawa Tengah,030000,8,1,191,6,6,0,0,11,10 Apr 2026 21:00:33,92B31C725D62F8CC3F26
SD NEGERI GUNUNGAGUNG 03,20325871,SD,Negeri,Kec. Bumijawa,032802,Kab. Tegal,032800,Prov. Jawa Tengah,030000,7,2,95,6,5,0,0,10,11 Apr 2026 15:10:00,21A4DE7C17F50013A2EE
SD NEGERI JEJEG 01,20325835,SD,Negeri,Kec. Bumijawa,032802,Kab. Tegal,032800,Prov. Jawa Tengah,030000,16,3,395,12,12,0,1,19,10 Apr 2026 07:11:52,FA3365D9FEE401C21125
SD NEGERI MUNCANGLARANG 01,20325008,SD,Negeri,Kec. Bumijawa,032802,Kab. Tegal,032800,Prov. Jawa Tengah,030000,7,2,252,6,6,0,0,17,22 Apr 2026 13:54:23,7C9C2FEE6C7046DB81AE
SD NEGERI MUNCANGLARANG 02,20325007,SD,Negeri,Kec. Bumijawa,032802,Kab. Tegal,032800,Prov. Jawa Tengah,030000,7,1,130,6,6,0,1,7,14 Apr 2026 10:16:56,A0554158E56B3E763C18
SD NEGERI MUNCANGLARANG 03,20325006,SD,Negeri,Kec. Bumijawa,032802,Kab. Tegal,032800,Prov. Jawa Tengah,030000,8,1,104,6,5,0,0,12,23 Apr 2026 11:05:54,8FD8FB3AF71C307AB6D8
SD NEGERI PAGERKASIH 01,20325023,SD,Negeri,Kec. Bumijawa,032802,Kab. Tegal,032800,Prov. Jawa Tengah,030000,7,3,180,6,6,0,1,16,02 Mar 2026 11:46:47,1A9D29B61580D71F0D84
SD NEGERI PAGERKASIH 02,20325004,SD,Negeri,Kec. Bumijawa,032802,Kab. Tegal,032800,Prov. Jawa Tengah,030000,6,1,90,6,6,0,1,12,15 Apr 2026 08:25:28,A38DE5AF394BF712A2E2
SD NEGERI SIGEDONG 01,20325437,SD,Negeri,Kec. Bumijawa,032802,Kab. Tegal,032800,Prov. Jawa Tengah,030000,8,2,203,6,6,0,0,16,02 May 2026 11:37:58,A358173E6B1D616D033C
SD NEGERI SIGEDONG 02,20325436,SD,Negeri,Kec. Bumijawa,032802,Kab. Tegal,032800,Prov. Jawa Tengah,030000,7,2,173,6,6,0,0,28,30 Apr 2026 16:08:48,0300DEDED4F6371AEEE5
SD NEGERI SIGEDONG 03,20338923,SD,Negeri,Kec. Bumijawa,032802,Kab. Tegal,032800,Prov. Jawa Tengah,030000,11,2,242,10,10,0,1,21,03 Mar 2026 12:06:54,536E3F07DD2EFF857CDC
SD NEGERI SOKASARI 01,20325412,SD,Negeri,Kec. Bumijawa,032802,Kab. Tegal,032800,Prov. Jawa Tengah,030000,6,2,112,6,6,0,0,39,14 Apr 2026 00:59:22,5BCF6526559D98916117
SD NEGERI SOKASARI 02,20325411,SD,Negeri,Kec. Bumijawa,032802,Kab. Tegal,032800,Prov. Jawa Tengah,030000,9,2,213,6,7,0,1,27,08 Apr 2026 18:46:19,4CEBED412264CA41C257
SD NEGERI SOKASARI 03,20325410,SD,Negeri,Kec. Bumijawa,032802,Kab. Tegal,032800,Prov. Jawa Tengah,030000,8,1,85,6,6,0,0,12,03 Mar 2026 11:40:36,39CAB384C22F8335F1D6
SD NEGERI SOKATENGAH 01,20325409,SD,Negeri,Kec. Bumijawa,032802,Kab. Tegal,032800,Prov. Jawa Tengah,030000,6,3,106,6,6,0,0,15,24 Apr 2026 09:38:00,D4758A2C5F17FB43D879
SD NEGERI SOKATENGAH 02,20325408,SD,Negeri,Kec. Bumijawa,032802,Kab. Tegal,032800,Prov. Jawa Tengah,030000,8,2,268,7,8,0,1,15,02 May 2026 05:02:06,FF44B82FBC188253D971
SD NEGERI SOKATENGAH 03,20325407,SD,Negeri,Kec. Bumijawa,032802,Kab. Tegal,032800,Prov. Jawa Tengah,030000,8,1,92,6,6,0,0,22,25 Apr 2026 19:54:04,F1FCC48E5D37D454092C
SD NEGERI SUMBAGA 01,20325382,SD,Negeri,Kec. Bumijawa,032802,Kab. Tegal,032800,Prov. Jawa Tengah,030000,8,1,147,6,6,1,0,14,01 May 2026 20:13:54,59D90A8EE6312EE04370
SD NEGERI SUMBAGA 02,20325517,SD,Negeri,Kec. Bumijawa,032802,Kab. Tegal,032800,Prov. Jawa Tengah,030000,4,4,173,6,6,0,1,9,13 Apr 2026 11:07:18,2B0CAD9E0333B14596B1
SD NEGERI SUMBAGA 03,20325499,SD,Negeri,Kec. Bumijawa,032802,Kab. Tegal,032800,Prov. Jawa Tengah,030000,8,2,106,6,6,0,1,24,03 Apr 2026 02:08:27,8026E7AB3CFC59E8318C
SD NEGERI TRAJU 01,20325466,SD,Negeri,Kec. Bumijawa,032802,Kab. Tegal,032800,Prov. Jawa Tengah,030000,7,2,154,6,6,0,1,22,07 Apr 2026 07:49:38,19E635A3CB6F91CAF4B3
SD NEGERI TRAJU 02,20325467,SD,Negeri,Kec. Bumijawa,032802,Kab. Tegal,032800,Prov. Jawa Tengah,030000,7,2,121,6,6,0,1,14,03 Mar 2026 09:16:07,C669C1EF59C67A485D2B
SD NEGERI TRAJU 03,20338924,SD,Negeri,Kec. Bumijawa,032802,Kab. Tegal,032800,Prov. Jawa Tengah,030000,8,2,123,6,6,0,0,17,17 Apr 2026 08:43:04,338881C1D7CB4AD2FB60
SD Muhammadiyah Tahfidzul Qur`an Dukuhbenda,70062239,SD,Swasta,Kec. Bumijawa,032802,Kab. Tegal,032800,Prov. Jawa Tengah,030000,0,0,0,0,0,0,0,0,,908B1D74FF3A491FA9C5
SMP NEGERI 1 BUMIJAWA,20325369,SMP,Negeri,Kec. Bumijawa,032802,Kab. Tegal,032800,Prov. Jawa Tengah,030000,40,11,833,27,27,2,2,34,02 May 2026 08:38:10,2F4A875C51231123518D
SMP NEGERI 2 BUMIJAWA,20325315,SMP,Negeri,Kec. Bumijawa,032802,Kab. Tegal,032800,Prov. Jawa Tengah,030000,24,9,510,17,18,2,2,39,30 Apr 2026 06:56:23,6C4725253E30386BE33C
SMP NEGERI 3 BUMIJAWA,20325337,SMP,Negeri,Kec. Bumijawa,032802,Kab. Tegal,032800,Prov. Jawa Tengah,030000,22,8,469,16,14,1,1,17,29 Apr 2026 17:31:49,97A27B55987DB792E668
SMP NEGERI 4 BUMIJAWA,20339135,SMP,Negeri,Kec. Bumijawa,032802,Kab. Tegal,032800,Prov. Jawa Tengah,030000,11,6,163,6,9,1,1,6,04 Mar 2026 11:09:32,84AA5A1AC4847B88A014
SMP NEGERI 5 SATU ATAP BUMIJAWA,20354532,SMP,Negeri,Kec. Bumijawa,032802,Kab. Tegal,032800,Prov. Jawa Tengah,030000,8,2,123,5,5,1,0,21,16 Apr 2026 10:42:44,4B70E1408C0AE229D801
SMP MA`ARIF NU 03 TARBIYATUT THOLIBIN,69979234,SMP,Swasta,Kec. Bumijawa,032802,Kab. Tegal,032800,Prov. Jawa Tengah,030000,38,5,645,21,31,1,1,27,02 May 2026 09:42:23,4EAF03CDDB9733B0D4F3
SMP MA`ARIF NU 1 BUMIJAWA,20338925,SMP,Swasta,Kec. Bumijawa,032802,Kab. Tegal,032800,Prov. Jawa Tengah,030000,5,1,91,3,6,2,1,7,06 Apr 2026 19:52:57,BDB7B46C75FE1A4C21F4
SMP MAARIF NU 2 BUMIJAWA,20339134,SMP,Swasta,Kec. Bumijawa,032802,Kab. Tegal,032800,Prov. Jawa Tengah,030000,8,3,165,6,6,2,1,10,07 Apr 2026 07:46:45,99E7804B6340FF21C51A
SMK NEGERI 1 BUMIJAWA,20325262,SMK,Negeri,Kec. Bumijawa,032802,Kab. Tegal,032800,Prov. Jawa Tengah,030000,106,21,1804,54,39,4,1,52,29 Apr 2026 15:29:37,435C4AAF4B3EFA43C488
SMK ARRIZQO BUMI JAWA,20353908,SMK,Swasta,Kec. Bumijawa,032802,Kab. Tegal,032800,Prov. Jawa Tengah,030000,10,3,102,5,7,2,1,13,13 Apr 2026 16:54:08,F2A17DAB590FC0F2AD71
SMK ATTHOLIBIYAH,69949320,SMK,Swasta,Kec. Bumijawa,032802,Kab. Tegal,032800,Prov. Jawa Tengah,030000,12,4,240,8,10,1,1,19,25 Apr 2026 11:31:02,259BBEF9AB6D93B111F6
SD NEGERI BENGLE 01,20325990,SD,Negeri,Kec. Talang,032814,Kab. Tegal,032800,Prov. Jawa Tengah,030000,7,3,218,6,6,0,1,17,06 Apr 2026 11:50:54,ECA31161A5933C503CD5
SD NEGERI BENGLE 02,20339119,SD,Negeri,Kec. Talang,032814,Kab. Tegal,032800,Prov. Jawa Tengah,030000,8,4,193,6,6,0,1,18,17 Apr 2026 09:46:01,771A53C48D809DC755B6
SD NEGERI CANGKRING 01,20325981,SD,Negeri,Kec. Talang,032814,Kab. Tegal,032800,Prov. Jawa Tengah,030000,8,2,176,6,7,0,0,28,02 Apr 2026 19:44:06,C4C964751B39D58700F0
SD NEGERI CANGKRING 02,20325980,SD,Negeri,Kec. Talang,032814,Kab. Tegal,032800,Prov. Jawa Tengah,030000,8,4,227,7,7,1,1,18,30 Mar 2026 14:02:42,51B7695C2089AAF7F8F3
SD NEGERI DAWUHAN,20326081,SD,Negeri,Kec. Talang,032814,Kab. Tegal,032800,Prov. Jawa Tengah,030000,8,2,160,6,6,1,1,7,15 Apr 2026 08:17:21,45E55F8A68A581C00ADA
SD NEGERI DUKUHMALANG 01,20326031,SD,Negeri,Kec. Talang,032814,Kab. Tegal,032800,Prov. Jawa Tengah,030000,12,3,293,12,12,0,1,34,30 Apr 2026 22:08:30,A5B447DEFB2D402F9821
SD NEGERI GEMBONG 01,20325860,SD,Negeri,Kec. Talang,032814,Kab. Tegal,032800,Prov. Jawa Tengah,030000,8,3,221,6,6,0,0,17,10 Apr 2026 20:37:15,0C4F223D183FFDC7A03B
SD NEGERI GEMBONG 02,20325859,SD,Negeri,Kec. Talang,032814,Kab. Tegal,032800,Prov. Jawa Tengah,030000,9,2,221,8,8,0,1,49,28 Apr 2026 12:31:50,910C1D16AF7AFDA24554
SD NEGERI GETASKEREP 01,20325855,SD,Negeri,Kec. Talang,032814,Kab. Tegal,032800,Prov. Jawa Tengah,030000,8,2,134,6,6,0,0,9,06 Apr 2026 11:03:15,206EBD70871FB40DBBB5
SD NEGERI GETASKEREP 02,20325854,SD,Negeri,Kec. Talang,032814,Kab. Tegal,032800,Prov. Jawa Tengah,030000,8,4,191,6,6,0,1,10,03 Mar 2026 08:05:22,A31B6ABF2ECD26B18801
SD NEGERI KAJEN 01,20325917,SD,Negeri,Kec. Talang,032814,Kab. Tegal,032800,Prov. Jawa Tengah,030000,8,1,148,6,6,0,1,20,04 Apr 2026 08:24:10,82ED1DBA5F5F053C9835
SD NEGERI KAJEN 02,20325932,SD,Negeri,Kec. Talang,032814,Kab. Tegal,032800,Prov. Jawa Tengah,030000,7,3,95,6,6,0,0,11,24 Feb 2026 09:10:23,E0256580DD04C36E4AB0
SD NEGERI KALADAWA 01,20325946,SD,Negeri,Kec. Talang,032814,Kab. Tegal,032800,Prov. Jawa Tengah,030000,10,2,267,8,8,1,1,16,16 Apr 2026 10:38:21,2DA6205D47F10FFE80F3
SD NEGERI KALADAWA 02,20325945,SD,Negeri,Kec. Talang,032814,Kab. Tegal,032800,Prov. Jawa Tengah,030000,9,3,233,7,8,0,2,15,04 Mar 2026 14:13:01,AFE7B19396F99006E7A3
SD NEGERI KALIGAYAM 01,20325940,SD,Negeri,Kec. Talang,032814,Kab. Tegal,032800,Prov. Jawa Tengah,030000,8,1,232,6,6,0,1,10,26 Jan 2026 07:28:08,28A66459108DECB04749
SD NEGERI KALIGAYAM 02,20325939,SD,Negeri,Kec. Talang,032814,Kab. Tegal,032800,Prov. Jawa Tengah,030000,9,3,200,8,8,0,0,16,18 Apr 2026 12:06:20,D2B42268B39CF9DA3C03
SD NEGERI KALIGAYAM 03,20325937,SD,Negeri,Kec. Talang,032814,Kab. Tegal,032800,Prov. Jawa Tengah,030000,7,3,184,6,6,0,0,17,30 Apr 2026 20:11:26,3C3367246D6535D34612
SD NEGERI KEBASEN 01,20325157,SD,Negeri,Kec. Talang,032814,Kab. Tegal,032800,Prov. Jawa Tengah,030000,9,3,201,8,9,0,1,13,05 Apr 2026 07:51:25,84636CB75C59C742699D
SD NEGERI KEBASEN 02,20325158,SD,Negeri,Kec. Talang,032814,Kab. Tegal,032800,Prov. Jawa Tengah,030000,8,0,157,6,6,0,1,12,07 Apr 2026 21:07:53,7E223A6E59A2706DB638
SD NEGERI LANGGEN,20325238,SD,Negeri,Kec. Talang,032814,Kab. Tegal,032800,Prov. Jawa Tengah,030000,15,2,343,12,12,0,0,10,02 Apr 2026 06:58:48,94389A463B6DC7817DC5
SD NEGERI PACUL 01,20325035,SD,Negeri,Kec. Talang,032814,Kab. Tegal,032800,Prov. Jawa Tengah,030000,8,2,202,6,6,0,0,7,01 May 2026 22:23:45,F6AEC01D975B2064A713
SD NEGERI PACUL 02,20325034,SD,Negeri,Kec. Talang,032814,Kab. Tegal,032800,Prov. Jawa Tengah,030000,10,2,229,8,9,0,1,21,25 Apr 2026 08:15:03,985B6017BB6BF0E5143B
SD NEGERI PASANGAN 01,20324993,SD,Negeri,Kec. Talang,032814,Kab. Tegal,032800,Prov. Jawa Tengah,030000,7,4,174,6,6,0,1,10,05 Mar 2026 08:52:06,652D760E8A2552DEBD8A
SD NEGERI PASANGAN 02,20339127,SD,Negeri,Kec. Talang,032814,Kab. Tegal,032800,Prov. Jawa Tengah,030000,8,2,131,6,6,0,1,21,09 Apr 2026 12:59:14,A849BC5C06A63A6A0970
SD NEGERI PEGIRIKAN 01,20325104,SD,Negeri,Kec. Talang,032814,Kab. Tegal,032800,Prov. Jawa Tengah,030000,9,2,213,7,7,1,0,16,29 Apr 2026 11:40:20,859B4E68889CC9F8955E
SD NEGERI PEGIRIKAN 02,20325086,SD,Negeri,Kec. Talang,032814,Kab. Tegal,032800,Prov. Jawa Tengah,030000,5,3,142,6,6,0,1,10,14 Mar 2026 09:12:03,497D6F4BFD1EFAC6D736
SD NEGERI PEGIRIKAN 03,20325085,SD,Negeri,Kec. Talang,032814,Kab. Tegal,032800,Prov. Jawa Tengah,030000,7,2,236,6,6,0,1,11,06 Apr 2026 23:09:32,DA283B51A23D80620E31
SD NEGERI PEKIRINGAN 01,20325082,SD,Negeri,Kec. Talang,032814,Kab. Tegal,032800,Prov. Jawa Tengah,030000,9,2,229,8,7,0,1,14,03 Mar 2026 22:27:58,2C40F8D57A992AB3F75B
SD NEGERI PEKIRINGAN 02,20325081,SD,Negeri,Kec. Talang,032814,Kab. Tegal,032800,Prov. Jawa Tengah,030000,8,3,153,7,13,0,1,17,06 Apr 2026 00:30:02,7BAA658DE27597EFD647
SD NEGERI PESAYANGAN 01,20325071,SD,Negeri,Kec. Talang,032814,Kab. Tegal,032800,Prov. Jawa Tengah,030000,14,1,303,13,14,0,0,20,24 Apr 2026 10:12:00,AA699AB235CF1974FA48
SD NEGERI PESAYANGAN 02,20325070,SD,Negeri,Kec. Talang,032814,Kab. Tegal,032800,Prov. Jawa Tengah,030000,7,4,206,6,7,1,1,9,29 Apr 2026 11:56:32,D3CEE5033FBCE44701A5
SD NEGERI TALANG 01,20325501,SD,Negeri,Kec. Talang,032814,Kab. Tegal,032800,Prov. Jawa Tengah,030000,9,2,222,8,8,1,1,25,08 Apr 2026 10:03:56,6291C48BC594CF317ACF
SD NEGERI TALANG 02,20325502,SD,Negeri,Kec. Talang,032814,Kab. Tegal,032800,Prov. Jawa Tengah,030000,8,3,174,6,6,0,0,38,28 Apr 2026 08:08:38,032027BD88C4BA5BA530
SD NEGERI TEGALWANGI 01,20325505,SD,Negeri,Kec. Talang,032814,Kab. Tegal,032800,Prov. Jawa Tengah,030000,15,3,375,13,12,0,1,7,06 Apr 2026 21:27:20,8D0421280849ABE2E901
SD NEGERI TEGALWANGI 02,20325504,SD,Negeri,Kec. Talang,032814,Kab. Tegal,032800,Prov. Jawa Tengah,030000,12,2,205,10,12,0,1,18,03 Mar 2026 11:55:32,7489880B752B2CC6F416
SD NEGERI WANGANDAWA 01,20325472,SD,Negeri,Kec. Talang,032814,Kab. Tegal,032800,Prov. Jawa Tengah,030000,12,1,294,10,11,0,1,12,28 Apr 2026 08:15:14,0EB83A50937E616F8A0A
SD NEGERI WANGANDAWA 02,20325471,SD,Negeri,Kec. Talang,032814,Kab. Tegal,032800,Prov. Jawa Tengah,030000,9,3,211,8,12,0,1,19,13 Apr 2026 12:22:06,C9A4064218BF31EBA191
SD NEGERI WANGANDAWA 03,20325470,SD,Negeri,Kec. Talang,032814,Kab. Tegal,032800,Prov. Jawa Tengah,030000,9,1,166,7,7,1,1,9,14 Apr 2026 14:19:37,AA94683A48DA1E83A828
SD AL BIRUNI,70002716,SD,Swasta,Kec. Talang,032814,Kab. Tegal,032800,Prov. Jawa Tengah,030000,8,2,69,6,7,0,1,11,31 Mar 2026 15:03:00,BD8746F372CDD1F43409
SD MUHAMMADIYAH PACUL,20325659,SD,Swasta,Kec. Talang,032814,Kab. Tegal,032800,Prov. Jawa Tengah,030000,13,3,308,12,13,1,1,9,13 Apr 2026 09:01:03,C4F86E2B144ABB0C4D0D
SD MUHAMMADIYAH PESAYANGAN,69893074,SD,Swasta,Kec. Talang,032814,Kab. Tegal,032800,Prov. Jawa Tengah,030000,7,3,90,6,6,0,0,7,14 Apr 2026 15:50:16,9D62EA8B2401F6727D88
SD NU PENAWAJA KAJEN 01,20325656,SD,Swasta,Kec. Talang,032814,Kab. Tegal,032800,Prov. Jawa Tengah,030000,19,1,463,17,21,1,0,17,30 Apr 2026 09:57:16,740D3A4406DF8E382A0E
SMP NEGERI 1 TALANG,20325321,SMP,Negeri,Kec. Talang,032814,Kab. Tegal,032800,Prov. Jawa Tengah,030000,42,11,859,27,27,6,1,32,27 Apr 2026 11:15:37,0518588FD330E6077F0B
SMP NEGERI 2 TALANG,20325341,SMP,Negeri,Kec. Talang,032814,Kab. Tegal,032800,Prov. Jawa Tengah,030000,42,11,851,27,25,4,1,96,30 Apr 2026 06:45:19,037CB84E4C9F93E2416D
SMP NEGERI 3 TALANG,20325332,SMP,Negeri,Kec. Talang,032814,Kab. Tegal,032800,Prov. Jawa Tengah,030000,38,8,748,24,24,2,1,36,17 Apr 2026 09:03:47,FC787DD9F1E73F0A206D
SMP AL MIRAJ TALANG,20325266,SMP,Swasta,Kec. Talang,032814,Kab. Tegal,032800,Prov. Jawa Tengah,030000,10,1,138,6,6,1,1,27,16 Apr 2026 15:01:40,E4B7C462E9209ACA8FC6
SMP PLUS NU 01 PENAWAJA TALANG,20339133,SMP,Swasta,Kec. Talang,032814,Kab. Tegal,032800,Prov. Jawa Tengah,030000,28,4,665,21,21,2,1,17,30 Apr 2026 11:21:12,2BFB117B53151AF624AC
SMP WALISONGO TALANG,20325373,SMP,Swasta,Kec. Talang,032814,Kab. Tegal,032800,Prov. Jawa Tengah,030000,13,1,197,7,5,2,2,25,29 Apr 2026 13:12:11,2FED9F6FD571A245C869
SMPTQ AL AZIZ TALANG,70026549,SMP,Swasta,Kec. Talang,032814,Kab. Tegal,032800,Prov. Jawa Tengah,030000,11,2,127,5,5,3,1,26,06 Mar 2026 08:12:27,F4EAF6824C7634B4446B
SMAS NU WAHID HASYIM,20340939,SMA,Swasta,Kec. Talang,032814,Kab. Tegal,032800,Prov. Jawa Tengah,030000,4,3,90,3,7,1,1,17,05 Mar 2026 11:27:00,6D66ED8D1ED3A878F1DE
SMK BHAKTI PRAJA TALANG,20325277,SMK,Swasta,Kec. Talang,032814,Kab. Tegal,032800,Prov. Jawa Tengah,030000,41,17,1047,34,38,3,1,21,02 May 2026 11:37:30,BEC455F3CE9E1748A5EC
SMK FARMASI PERMATA MEDIKA TALANG,20362274,SMK,Swasta,Kec. Talang,032814,Kab. Tegal,032800,Prov. Jawa Tengah,030000,2,1,39,3,4,2,1,9,15 Apr 2026 21:30:10,2FBBC0C16028CADAD00E
SMK MA`ARIF NU TALANG,20325246,SMK,Swasta,Kec. Talang,032814,Kab. Tegal,032800,Prov. Jawa Tengah,030000,45,7,604,20,18,4,1,21,23 Apr 2026 09:16:51,7991824B9011260E265D
SMK NU WAHID HASYIM TALANG,20362279,SMK,Swasta,Kec. Talang,032814,Kab. Tegal,032800,Prov. Jawa Tengah,030000,14,3,104,6,9,3,1,20,15 Apr 2026 14:41:03,28849C783F1A0B0D1D49
SD NEGERI BANDASARI,20325626,SD,Negeri,Kec. Dukuhturi,032813,Kab. Tegal,032800,Prov. Jawa Tengah,030000,8,2,142,6,8,0,1,14,07 Apr 2026 10:44:50,9F91A7BD02C4F50DF500
SD NEGERI DEBONGWETAN 01,20326082,SD,Negeri,Kec. Dukuhturi,032813,Kab. Tegal,032800,Prov. Jawa Tengah,030000,14,3,341,12,12,0,1,41,02 May 2026 07:27:59,5B6E0C92DD2EF6175BFB
SD NEGERI DUKUHTURI 01,20326023,SD,Negeri,Kec. Dukuhturi,032813,Kab. Tegal,032800,Prov. Jawa Tengah,030000,11,1,247,9,8,1,1,14,02 May 2026 09:19:38,D6B047ABD0998F338B9E
SD NEGERI DUKUHTURI 02,20326040,SD,Negeri,Kec. Dukuhturi,032813,Kab. Tegal,032800,Prov. Jawa Tengah,030000,8,1,141,6,6,0,1,27,02 Apr 2026 10:58:02,4EDBDD21E2689CD31CA7
SD NEGERI GROGOL,20325848,SD,Negeri,Kec. Dukuhturi,032813,Kab. Tegal,032800,Prov. Jawa Tengah,030000,10,1,205,8,8,0,0,32,01 May 2026 22:17:00,68CE1A62A71F29930BCE
SD NEGERI KADEMANGARAN 01,20325923,SD,Negeri,Kec. Dukuhturi,032813,Kab. Tegal,032800,Prov. Jawa Tengah,030000,8,2,149,6,6,0,0,20,02 May 2026 09:38:23,8EB25C80ABBA3D608640
SD NEGERI KADEMANGARAN 02,20325922,SD,Negeri,Kec. Dukuhturi,032813,Kab. Tegal,032800,Prov. Jawa Tengah,030000,9,2,194,7,7,0,1,10,31 Mar 2026 06:02:03,71999E6AA4AA8DE75030
SD NEGERI KARANGANYAR 01,20325910,SD,Negeri,Kec. Dukuhturi,032813,Kab. Tegal,032800,Prov. Jawa Tengah,030000,13,1,232,11,11,0,1,15,02 May 2026 08:36:27,56558DF5D1A1D0432D04
SD NEGERI KEPANDEAN 01,20325122,SD,Negeri,Kec. Dukuhturi,032813,Kab. Tegal,032800,Prov. Jawa Tengah,030000,14,2,313,12,12,0,1,6,06 Apr 2026 09:56:11,26BEB1A142431C0A0B8E
SD NEGERI KEPANDEAN 03,20325125,SD,Negeri,Kec. Dukuhturi,032813,Kab. Tegal,032800,Prov. Jawa Tengah,030000,16,3,420,12,11,0,0,33,02 May 2026 10:03:14,18DCAF1FAE0C0D325D46
SD NEGERI KETANGGUNGAN 01,20325218,SD,Negeri,Kec. Dukuhturi,032813,Kab. Tegal,032800,Prov. Jawa Tengah,030000,11,2,196,9,12,0,1,31,02 May 2026 09:29:43,A3E7545DEEF16B431221
SD NEGERI KUPU 01,20325240,SD,Negeri,Kec. Dukuhturi,032813,Kab. Tegal,032800,Prov. Jawa Tengah,030000,9,2,199,7,7,0,1,26,06 Apr 2026 07:18:26,AE346145A4298EE22F0D
SD NEGERI KUPU 02,20325234,SD,Negeri,Kec. Dukuhturi,032813,Kab. Tegal,032800,Prov. Jawa Tengah,030000,8,2,77,6,6,0,1,19,06 Apr 2026 22:24:14,1339CD26A38E899F2731
SD NEGERI LAWATAN 01,20325237,SD,Negeri,Kec. Dukuhturi,032813,Kab. Tegal,032800,Prov. Jawa Tengah,030000,9,3,213,8,8,0,1,30,30 Apr 2026 21:39:10,91D1857802EDEFD1EE80
SD NEGERI LAWATAN 02,20325236,SD,Negeri,Kec. Dukuhturi,032813,Kab. Tegal,032800,Prov. Jawa Tengah,030000,8,4,152,6,6,0,1,15,09 Apr 2026 00:29:51,42093D149AA518AA3679
SD NEGERI PAGONGAN 01,20324979,SD,Negeri,Kec. Dukuhturi,032813,Kab. Tegal,032800,Prov. Jawa Tengah,030000,14,1,298,12,11,0,1,28,18 Apr 2026 09:56:50,22D534B38023CE4767FB
SD NEGERI PAGONGAN 02,20324978,SD,Negeri,Kec. Dukuhturi,032813,Kab. Tegal,032800,Prov. Jawa Tengah,030000,8,3,148,6,6,1,1,20,03 Apr 2026 05:44:47,16E8D2D0C0AF6E9D9A1D
SD NEGERI PEKAUMAN KULON 01,20325084,SD,Negeri,Kec. Dukuhturi,032813,Kab. Tegal,032800,Prov. Jawa Tengah,030000,9,1,229,7,8,0,0,23,01 May 2026 10:48:13,AFD992450C935826FE3A
SD NEGERI PEKAUMAN KULON 02,20325083,SD,Negeri,Kec. Dukuhturi,032813,Kab. Tegal,032800,Prov. Jawa Tengah,030000,8,1,130,6,6,1,1,22,16 Apr 2026 09:55:31,21CBE8A6767BF1C8C9B4
SD NEGERI PENGABEAN,20325088,SD,Negeri,Kec. Dukuhturi,032813,Kab. Tegal,032800,Prov. Jawa Tengah,030000,9,2,156,7,7,0,0,24,02 May 2026 16:59:04,C2390FDB064B5BF82645
SD NEGERI PENGARASAN 01,20325089,SD,Negeri,Kec. Dukuhturi,032813,Kab. Tegal,032800,Prov. Jawa Tengah,030000,7,3,157,6,6,0,0,45,02 May 2026 10:37:03,E4A4F83F291CA8C734D0
SD NEGERI PENGARASAN 02,20325103,SD,Negeri,Kec. Dukuhturi,032813,Kab. Tegal,032800,Prov. Jawa Tengah,030000,8,2,133,6,6,0,1,19,29 Apr 2026 09:34:16,384B44AE12B376B7080C
SD NEGERI PEPEDAN 01,20325095,SD,Negeri,Kec. Dukuhturi,032813,Kab. Tegal,032800,Prov. Jawa Tengah,030000,8,2,89,6,6,0,0,9,05 Apr 2026 20:49:20,4818FE4627200DD3E3F5
SD NEGERI PEPEDAN 02,20325094,SD,Negeri,Kec. Dukuhturi,032813,Kab. Tegal,032800,Prov. Jawa Tengah,030000,7,2,135,6,6,0,1,33,07 Apr 2026 09:04:56,7B629FE42D388005B527
SD NEGERI SIDAKATON 01,20325431,SD,Negeri,Kec. Dukuhturi,032813,Kab. Tegal,032800,Prov. Jawa Tengah,030000,7,3,169,6,8,0,1,9,25 Apr 2026 11:07:37,3104A0B6FA7A23B94492
SD NEGERI SIDAKATON 02,20325432,SD,Negeri,Kec. Dukuhturi,032813,Kab. Tegal,032800,Prov. Jawa Tengah,030000,12,3,284,11,13,2,1,24,01 May 2026 17:44:59,F7BFD05286EF3D00CB1F
SD NEGERI SIDAKATON 03,20325433,SD,Negeri,Kec. Dukuhturi,032813,Kab. Tegal,032800,Prov. Jawa Tengah,030000,7,3,171,6,7,0,1,17,02 May 2026 10:48:34,E547691EC66ED32CFA3D
SD NEGERI SIDAKATON 05,20325447,SD,Negeri,Kec. Dukuhturi,032813,Kab. Tegal,032800,Prov. Jawa Tengah,030000,8,2,88,6,6,0,1,13,02 May 2026 10:13:27,5B4117D4D101E8464D31
SD NEGERI SIDAPURNA 01,20325443,SD,Negeri,Kec. Dukuhturi,032813,Kab. Tegal,032800,Prov. Jawa Tengah,030000,13,2,248,10,9,0,1,19,02 Apr 2026 06:28:25,251AC4C82870FEB748CB
SD NEGERI SIDAPURNA 02,20325442,SD,Negeri,Kec. Dukuhturi,032813,Kab. Tegal,032800,Prov. Jawa Tengah,030000,8,3,147,6,11,0,1,13,02 May 2026 09:40:46,01B769613BAD6C8FBAF8
SD NEGERI SUTAPRANAN,20325500,SD,Negeri,Kec. Dukuhturi,032813,Kab. Tegal,032800,Prov. Jawa Tengah,030000,7,0,164,6,5,0,0,16,02 May 2026 15:31:11,553CFEA758F000A6F6D2
SD MUHAMMADIYAH GROGOL,20325648,SD,Swasta,Kec. Dukuhturi,032813,Kab. Tegal,032800,Prov. Jawa Tengah,030000,7,1,177,7,7,1,0,11,21 Apr 2026 07:19:07,B4FB2AFCCEB833F4CAD5
SD MUHAMMADIYAH KADEMANGARAN,20325662,SD,Swasta,Kec. Dukuhturi,032813,Kab. Tegal,032800,Prov. Jawa Tengah,030000,17,2,331,15,15,0,1,16,02 Mar 2026 21:15:03,4C2518B639A76A9E2185
SD MUHAMMADIYAH KARANGANYAR,20325661,SD,Swasta,Kec. Dukuhturi,032813,Kab. Tegal,032800,Prov. Jawa Tengah,030000,6,1,142,6,8,1,1,10,14 Mar 2026 09:39:36,9AD77B08CA2B51BC11A5
SDIT AL HUSNA PELITA HATI,70029061,SD,Swasta,Kec. Dukuhturi,032813,Kab. Tegal,032800,Prov. Jawa Tengah,030000,6,2,44,6,6,0,1,29,22 Apr 2026 21:03:13,70EDF71BF83F6CF33C44
SMP NEGERI 1 DUKUHTURI,20325368,SMP,Negeri,Kec. Dukuhturi,032813,Kab. Tegal,032800,Prov. Jawa Tengah,030000,38,13,835,27,26,5,1,29,30 Apr 2026 10:21:01,0CACDA7CB3C3F40B0DA8
SMP NEGERI 2 DUKUHTURI,20339151,SMP,Negeri,Kec. Dukuhturi,032813,Kab. Tegal,032800,Prov. Jawa Tengah,030000,37,11,692,22,21,3,1,24,29 Apr 2026 12:12:06,F7BA82E95ABF5502054A
SMP MUHAMMADIYAH DUKUHTURI,20325356,SMP,Swasta,Kec. Dukuhturi,032813,Kab. Tegal,032800,Prov. Jawa Tengah,030000,9,4,158,6,7,2,1,29,30 Apr 2026 09:44:45,F3A372204961BD3001E9
SMP NU 01 DUKUHTURI,20325364,SMP,Swasta,Kec. Dukuhturi,032813,Kab. Tegal,032800,Prov. Jawa Tengah,030000,10,2,171,6,7,2,1,23,01 May 2026 01:56:14,556F621B9B243216445A
SMP NU 02 DUKUHTURI,20325365,SMP,Swasta,Kec. Dukuhturi,032813,Kab. Tegal,032800,Prov. Jawa Tengah,030000,5,2,39,3,3,2,1,17,19 Mar 2026 13:01:19,2E1C305C06B81013CD2D
SMP NU AL AMIN DUKUHTURI,20325379,SMP,Swasta,Kec. Dukuhturi,032813,Kab. Tegal,032800,Prov. Jawa Tengah,030000,10,4,99,5,7,1,1,12,21 Apr 2026 08:14:51,18E546C6A8B209E7FD7F
SMP TAHFIZUL QUR`AN AL AMIN DUKUHTURI,70061888,SMP,Swasta,Kec. Dukuhturi,032813,Kab. Tegal,032800,Prov. Jawa Tengah,030000,0,0,0,0,0,0,0,0,,E624991613D947F6AA9E
SMK NEGERI 1 DUKUHTURI,20338139,SMK,Negeri,Kec. Dukuhturi,032813,Kab. Tegal,032800,Prov. Jawa Tengah,030000,102,21,1704,48,48,0,1,46,27 Apr 2026 10:25:17,1DC0073C4A6CB407E5B4
SMK GRAFIKA DUKUHTURI,60728472,SMK,Swasta,Kec. Dukuhturi,032813,Kab. Tegal,032800,Prov. Jawa Tengah,030000,14,3,128,7,8,1,1,32,29 Apr 2026 08:04:25,84EC86C9B4344E36E404
SMK NU 01 DUKUHTURI,60728475,SMK,Swasta,Kec. Dukuhturi,032813,Kab. Tegal,032800,Prov. Jawa Tengah,030000,12,2,49,6,6,1,1,27,02 May 2026 10:22:05,2B5FDCEBD5846AFCA20F
SMKS FARMASI AL AMIN DUKUHTURI,60728473,SMK,Swasta,Kec. Dukuhturi,032813,Kab. Tegal,032800,Prov. Jawa Tengah,030000,13,3,44,6,7,1,1,9,10 Feb 2026 22:29:57,ACAA78E66ED62B5D26D2
SMKS NASIONAL DUKUHTURI,20350352,SMK,Swasta,Kec. Dukuhturi,032813,Kab. Tegal,032800,Prov. Jawa Tengah,030000,8,3,11,3,3,1,1,11,17 Jan 2026 17:00:04,AC75CB89445FD6149E84
SD NEGERI BREKAT 01,20326005,SD,Negeri,Kec. Tarub,032815,Kab. Tegal,032800,Prov. Jawa Tengah,030000,8,3,207,6,6,0,0,43,30 Apr 2026 20:03:37,1166B2B8DAC8947F3051
SD NEGERI BREKAT 02,20326004,SD,Negeri,Kec. Tarub,032815,Kab. Tegal,032800,Prov. Jawa Tengah,030000,8,3,196,7,7,0,1,23,07 Apr 2026 04:42:15,F3B972A0415283ADDDEE
SD NEGERI BULAKWARU 01,20325961,SD,Negeri,Kec. Tarub,032815,Kab. Tegal,032800,Prov. Jawa Tengah,030000,11,2,290,10,9,0,1,27,02 May 2026 09:36:45,270DADA8C588ECC3F2EA
SD NEGERI BULAKWARU 02,20325960,SD,Negeri,Kec. Tarub,032815,Kab. Tegal,032800,Prov. Jawa Tengah,030000,8,1,104,6,7,0,1,14,04 Apr 2026 08:09:47,276A4F17AA8A75F8053F
SD NEGERI BULAKWARU 03,20325959,SD,Negeri,Kec. Tarub,032815,Kab. Tegal,032800,Prov. Jawa Tengah,030000,8,2,184,6,6,0,1,29,30 Apr 2026 11:12:59,923636B873FA4FE3B2C2
SD NEGERI BUMIHARJA 01,20325957,SD,Negeri,Kec. Tarub,032815,Kab. Tegal,032800,Prov. Jawa Tengah,030000,8,3,185,6,6,0,1,18,15 Apr 2026 09:17:45,1E34D9031A6920CAD88E
SD NEGERI BUMIHARJA 02,20325956,SD,Negeri,Kec. Tarub,032815,Kab. Tegal,032800,Prov. Jawa Tengah,030000,9,3,151,6,6,0,1,29,08 Apr 2026 05:12:44,05297FD876E8F38FD555
SD NEGERI JATIRAWA 01,20325841,SD,Negeri,Kec. Tarub,032815,Kab. Tegal,032800,Prov. Jawa Tengah,030000,8,2,195,6,6,0,1,11,29 Apr 2026 20:16:16,5B0154B3E8DF65D547DF
SD NEGERI JATIRAWA 02,20325840,SD,Negeri,Kec. Tarub,032815,Kab. Tegal,032800,Prov. Jawa Tengah,030000,8,4,218,6,9,1,1,14,25 Apr 2026 22:33:28,EB29913CC80A8EEFEF07
SD NEGERI KABUKAN 01,20325928,SD,Negeri,Kec. Tarub,032815,Kab. Tegal,032800,Prov. Jawa Tengah,030000,10,3,224,8,8,0,1,10,04 Apr 2026 08:07:03,86A33DCAD0532DC0E6F8
SD NEGERI KABUKAN 02,20325927,SD,Negeri,Kec. Tarub,032815,Kab. Tegal,032800,Prov. Jawa Tengah,030000,9,3,179,7,7,0,1,21,14 Apr 2026 10:39:17,5C0BB148894EF33C9C43
SD NEGERI KALIJAMBE 01,20325936,SD,Negeri,Kec. Tarub,032815,Kab. Tegal,032800,Prov. Jawa Tengah,030000,7,2,129,6,6,0,1,15,04 Apr 2026 08:18:03,FEE76DE6BC2E5565ACAF
SD NEGERI KALIJAMBE 02,20325935,SD,Negeri,Kec. Tarub,032815,Kab. Tegal,032800,Prov. Jawa Tengah,030000,8,4,126,6,7,0,1,30,06 Apr 2026 08:40:51,D7031B4A908756E7F918
SD NEGERI KARANGJATI 01,20325156,SD,Negeri,Kec. Tarub,032815,Kab. Tegal,032800,Prov. Jawa Tengah,030000,7,4,142,6,6,0,1,13,22 Apr 2026 13:44:12,2C091C5858A582907BB6
SD NEGERI KARANGJATI 02,20325155,SD,Negeri,Kec. Tarub,032815,Kab. Tegal,032800,Prov. Jawa Tengah,030000,9,3,215,8,8,0,1,30,30 Apr 2026 13:41:14,B7EE95A37E1EEAC5B07B
SD NEGERI KARANGMANGU 01,20325151,SD,Negeri,Kec. Tarub,032815,Kab. Tegal,032800,Prov. Jawa Tengah,030000,8,4,231,6,6,0,1,13,03 Apr 2026 03:20:45,0625ECF21509C3B1981D
SD NEGERI KARANGMANGU 02,20325150,SD,Negeri,Kec. Tarub,032815,Kab. Tegal,032800,Prov. Jawa Tengah,030000,8,3,118,6,6,0,1,21,02 Apr 2026 20:50:04,7F86462ABCF749B6E2F2
SD NEGERI KEDOKANSAYANG 01,20325173,SD,Negeri,Kec. Tarub,032815,Kab. Tegal,032800,Prov. Jawa Tengah,030000,8,4,179,7,7,0,1,10,08 Apr 2026 09:54:35,870E21A9F8B683F76792
SD NEGERI KEDOKANSAYANG 02,20325172,SD,Negeri,Kec. Tarub,032815,Kab. Tegal,032800,Prov. Jawa Tengah,030000,8,3,148,6,8,0,1,25,16 Apr 2026 20:36:58,8F7E3B7F3C23163B1BDF
SD NEGERI KEDUNGBUNGKUS 01,20325165,SD,Negeri,Kec. Tarub,032815,Kab. Tegal,032800,Prov. Jawa Tengah,030000,9,3,133,6,6,0,0,19,10 Apr 2026 19:11:14,DAA1BDB80BEC70C10AC3
SD NEGERI KEDUNGBUNGKUS 02,20340794,SD,Negeri,Kec. Tarub,032815,Kab. Tegal,032800,Prov. Jawa Tengah,030000,8,3,126,6,6,0,1,20,09 Apr 2026 08:22:03,6AF3E76BE79E82332CD3
SD NEGERI KEMANGGUNGAN,20325118,SD,Negeri,Kec. Tarub,032815,Kab. Tegal,032800,Prov. Jawa Tengah,030000,8,2,109,6,6,0,0,12,17 Apr 2026 08:23:33,CE2FD203BD218551D962
SD NEGERI KESADIKAN 01,20325243,SD,Negeri,Kec. Tarub,032815,Kab. Tegal,032800,Prov. Jawa Tengah,030000,8,2,214,6,7,0,1,29,02 May 2026 08:38:22,6E6B5CBA00A4D029C82C
SD NEGERI KESAMIRAN 01,20325223,SD,Negeri,Kec. Tarub,032815,Kab. Tegal,032800,Prov. Jawa Tengah,030000,7,2,100,6,6,1,1,16,17 Apr 2026 08:16:53,B48E0C6605940752F6A4
SD NEGERI KESAMIRAN 02,20353904,SD,Negeri,Kec. Tarub,032815,Kab. Tegal,032800,Prov. Jawa Tengah,030000,5,1,54,6,6,0,0,13,02 May 2026 08:14:33,8BCFACBA56C7DC89520C
SD NEGERI LEBETENG 01,20325186,SD,Negeri,Kec. Tarub,032815,Kab. Tegal,032800,Prov. Jawa Tengah,030000,9,3,175,7,8,0,1,10,13 Apr 2026 21:56:36,F999C9FD9CED30B34992
SD NEGERI LEBETENG 02,20325185,SD,Negeri,Kec. Tarub,032815,Kab. Tegal,032800,Prov. Jawa Tengah,030000,8,3,147,6,6,1,1,11,21 Apr 2026 11:10:47,E7FD6CA4A2D7892989C3
SD NEGERI MANGUNSAREN 01,20325191,SD,Negeri,Kec. Tarub,032815,Kab. Tegal,032800,Prov. Jawa Tengah,030000,8,3,199,6,5,0,0,43,27 Apr 2026 07:42:42,EDD2C75023395E8AC4DB
SD NEGERI MANGUNSAREN 02,20325192,SD,Negeri,Kec. Tarub,032815,Kab. Tegal,032800,Prov. Jawa Tengah,030000,8,3,144,6,6,0,0,34,18 Apr 2026 12:40:43,E37E4BBCB2F98A97A715
SD NEGERI MARGAPADANG 01,20325203,SD,Negeri,Kec. Tarub,032815,Kab. Tegal,032800,Prov. Jawa Tengah,030000,8,3,100,6,5,0,0,18,02 May 2026 08:33:01,DDF681A3BDE9F9B1B29C
SD NEGERI MARGAPADANG 02,20325202,SD,Negeri,Kec. Tarub,032815,Kab. Tegal,032800,Prov. Jawa Tengah,030000,7,3,120,6,8,0,1,19,12 Apr 2026 00:59:22,7FC102722C3DAAE43086
SD NEGERI MINDAKA 01,20325015,SD,Negeri,Kec. Tarub,032815,Kab. Tegal,032800,Prov. Jawa Tengah,030000,10,4,210,8,9,0,1,15,06 Apr 2026 02:14:39,1D669F39546DC6F480B8
SD NEGERI MINDAKA 02,20325014,SD,Negeri,Kec. Tarub,032815,Kab. Tegal,032800,Prov. Jawa Tengah,030000,9,4,220,7,6,0,1,8,05 Apr 2026 01:50:35,CD963CB7BABC75D3E3E4
SD NEGERI PURBASANA 01,20325054,SD,Negeri,Kec. Tarub,032815,Kab. Tegal,032800,Prov. Jawa Tengah,030000,9,2,201,7,7,0,0,37,21 Apr 2026 11:39:51,AF7C3470EC4F00285850
SD NEGERI SETU 01,20325418,SD,Negeri,Kec. Tarub,032815,Kab. Tegal,032800,Prov. Jawa Tengah,030000,8,2,108,6,6,0,1,12,03 Mar 2026 11:34:13,755118B1C10EDC72D013
SD NEGERI SETU 02,20325417,SD,Negeri,Kec. Tarub,032815,Kab. Tegal,032800,Prov. Jawa Tengah,030000,8,2,127,6,6,0,1,22,24 Apr 2026 08:47:28,DC6EA5B80DB778104626
SD NEGERI TARUB 01,20325509,SD,Negeri,Kec. Tarub,032815,Kab. Tegal,032800,Prov. Jawa Tengah,030000,7,3,217,6,7,0,0,12,03 Mar 2026 11:34:11,0C8EFE5E0618EF0C42CC
SD NEGERI TARUB 02,20325508,SD,Negeri,Kec. Tarub,032815,Kab. Tegal,032800,Prov. Jawa Tengah,030000,8,1,162,6,6,0,1,15,01 May 2026 14:26:17,C8BCED4A9074C13580F9
SD ISLAM DARUL UCHWAH,70002689,SD,Swasta,Kec. Tarub,032815,Kab. Tegal,032800,Prov. Jawa Tengah,030000,8,4,89,6,6,0,0,7,06 Mar 2026 10:48:56,7487382C57C9A4CEC827
SMP NEGERI 1 TARUB,20325320,SMP,Negeri,Kec. Tarub,032815,Kab. Tegal,032800,Prov. Jawa Tengah,030000,40,10,862,27,25,4,1,27,05 Mar 2026 08:17:21,5A622DFCF63B7FD8A5FE
SMP NEGERI 2 TARUB,20325340,SMP,Negeri,Kec. Tarub,032815,Kab. Tegal,032800,Prov. Jawa Tengah,030000,41,13,767,24,21,3,1,21,08 Apr 2026 13:18:27,437D96C49A55CBA2EE24
SMP NU 1 HASYIM ASY ARI TARUB,20339162,SMP,Swasta,Kec. Tarub,032815,Kab. Tegal,032800,Prov. Jawa Tengah,030000,41,9,766,26,34,5,1,61,02 May 2026 12:52:56,5C33261844E652146A40
SMP PONDOK PESANTREN HASYIM ASY`ARI,69979498,SMP,Swasta,Kec. Tarub,032815,Kab. Tegal,032800,Prov. Jawa Tengah,030000,14,2,245,8,9,1,1,16,30 Apr 2026 09:57:20,9F21B64ACBFC86B51357
SMP TAHFIDH YANBU`UL QUR`AN 5 TEGAL,70012464,SMP,Swasta,Kec. Tarub,032815,Kab. Tegal,032800,Prov. Jawa Tengah,030000,26,4,443,15,16,3,2,63,27 Apr 2026 10:30:48,8BE29D1681558AA7C694
SMPS TAKHASSUS AL-QURAN TARUB,20362427,SMP,Swasta,Kec. Tarub,032815,Kab. Tegal,032800,Prov. Jawa Tengah,030000,23,4,508,17,22,0,2,15,29 Apr 2026 11:46:48,D0FDEAC9FC17759C2794
SMA NU HASYIM ASY ARI,20325309,SMA,Swasta,Kec. Tarub,032815,Kab. Tegal,032800,Prov. Jawa Tengah,030000,15,8,226,8,9,2,1,9,04 Feb 2026 09:18:26,75ACC269157D3DD6BB08
SMA TAHFIDH YANBUUL QURAN 5 TEGAL,70048527,SMA,Swasta,Kec. Tarub,032815,Kab. Tegal,032800,Prov. Jawa Tengah,030000,21,4,261,9,10,5,1,11,22 Apr 2026 10:10:54,F1480E66333361B8C5F5
SMA TAKHASSUS AL QURAN TARUB,69970864,SMA,Swasta,Kec. Tarub,032815,Kab. Tegal,032800,Prov. Jawa Tengah,030000,20,2,263,9,11,1,1,14,17 Apr 2026 18:55:24,0BA174049ED6DECBDF61
SMAS MUHAMMADIYAH TARUB,20325310,SMA,Swasta,Kec. Tarub,032815,Kab. Tegal,032800,Prov. Jawa Tengah,030000,5,3,32,3,9,3,1,8,26 Mar 2026 08:17:19,83F47A5EF8FFBC43C37D
SMK MUHAMMADIYAH 1 TARUB,20354529,SMK,Swasta,Kec. Tarub,032815,Kab. Tegal,032800,Prov. Jawa Tengah,030000,10,2,40,3,6,1,2,21,27 Apr 2026 10:07:31,B613478F14F01E3387D0
SMK NU HASYIM ASYARI TARUB,20325274,SMK,Swasta,Kec. Tarub,032815,Kab. Tegal,032800,Prov. Jawa Tengah,030000,63,20,985,31,35,8,1,17,20 Apr 2026 07:17:11,0348B7CE02A41D968888
SD NEGERI BALARADIN 01,20325614,SD,Negeri,Kec. Lebaksiu,032806,Kab. Tegal,032800,Prov. Jawa Tengah,030000,8,1,166,6,6,0,1,7,11 Feb 2026 11:29:48,654E7569694BB33F5545
SD NEGERI BALARADIN 02,20325628,SD,Negeri,Kec. Lebaksiu,032806,Kab. Tegal,032800,Prov. Jawa Tengah,030000,12,3,213,10,12,0,1,22,21 Apr 2026 13:43:55,ED6CE02DB50B509A06F3
SD NEGERI BALARADIN 04,20339160,SD,Negeri,Kec. Lebaksiu,032806,Kab. Tegal,032800,Prov. Jawa Tengah,030000,7,3,137,6,6,0,0,20,16 Apr 2026 07:38:25,66F442B816ED2646A165
SD NEGERI DUKUHDAMU 01,20326050,SD,Negeri,Kec. Lebaksiu,032806,Kab. Tegal,032800,Prov. Jawa Tengah,030000,7,3,135,6,5,0,1,17,02 Apr 2026 07:34:19,32B1175F6F726643BA77
SD NEGERI DUKUHDAMU 02,20326052,SD,Negeri,Kec. Lebaksiu,032806,Kab. Tegal,032800,Prov. Jawa Tengah,030000,8,3,149,6,6,1,1,31,23 Apr 2026 11:53:11,A127D7B003329B9B314E
SD NEGERI DUKUHLO 01,20326047,SD,Negeri,Kec. Lebaksiu,032806,Kab. Tegal,032800,Prov. Jawa Tengah,030000,8,3,157,6,6,1,1,17,27 Apr 2026 09:54:56,7210F7393F74E8EE9E60
SD NEGERI DUKUHLO 02,20326046,SD,Negeri,Kec. Lebaksiu,032806,Kab. Tegal,032800,Prov. Jawa Tengah,030000,8,2,152,6,7,0,1,12,05 Mar 2026 09:25:31,F5D53300558373F028A7
SD NEGERI JATIMULYA 01,20361829,SD,Negeri,Kec. Lebaksiu,032806,Kab. Tegal,032800,Prov. Jawa Tengah,030000,8,3,178,6,6,1,1,26,16 Apr 2026 10:14:47,E4FAC1C94B7C4DA36C63
SD NEGERI KAJEN 01,20325918,SD,Negeri,Kec. Lebaksiu,032806,Kab. Tegal,032800,Prov. Jawa Tengah,030000,10,3,222,8,11,0,1,10,03 Apr 2026 20:11:30,B6CCEA985823052C9E5A
SD NEGERI KAMBANGAN 01,20325898,SD,Negeri,Kec. Lebaksiu,032806,Kab. Tegal,032800,Prov. Jawa Tengah,030000,10,3,299,10,7,0,1,13,25 Apr 2026 08:22:53,C126AFE190E1B424D6FA
SD NEGERI KAMBANGAN 02,20325899,SD,Negeri,Kec. Lebaksiu,032806,Kab. Tegal,032800,Prov. Jawa Tengah,030000,8,4,180,7,6,0,1,22,13 Apr 2026 16:04:45,F18295CCB4E03A604ABA
SD NEGERI KAMBANGAN 03,20325913,SD,Negeri,Kec. Lebaksiu,032806,Kab. Tegal,032800,Prov. Jawa Tengah,030000,8,1,173,6,6,0,1,15,16 Apr 2026 15:03:42,0E8ED22F7BF1A957345B
SD NEGERI KAMBANGAN 04,20325912,SD,Negeri,Kec. Lebaksiu,032806,Kab. Tegal,032800,Prov. Jawa Tengah,030000,8,1,124,6,6,0,1,20,30 Apr 2026 09:58:24,4F7803A01156B018E499
SD NEGERI KESUBEN 01,20325221,SD,Negeri,Kec. Lebaksiu,032806,Kab. Tegal,032800,Prov. Jawa Tengah,030000,11,3,262,9,9,0,1,14,13 Apr 2026 07:14:25,F0651B826FFA8623BD15
SD NEGERI KESUBEN 02,20325220,SD,Negeri,Kec. Lebaksiu,032806,Kab. Tegal,032800,Prov. Jawa Tengah,030000,6,3,181,6,7,0,1,11,08 Apr 2026 07:45:19,1E47950C2FE09983A0F0
SD NEGERI KESUBEN 03,20325219,SD,Negeri,Kec. Lebaksiu,032806,Kab. Tegal,032800,Prov. Jawa Tengah,030000,8,2,143,6,6,1,1,6,14 Apr 2026 13:54:20,3A356CB854B498EFEB76
SD NEGERI LEBAKGOWAH 01,20325235,SD,Negeri,Kec. Lebaksiu,032806,Kab. Tegal,032800,Prov. Jawa Tengah,030000,7,3,83,6,6,0,0,18,02 May 2026 07:41:39,1A1BD5B456640770C781
SD NEGERI LEBAKGOWAH 02,20325233,SD,Negeri,Kec. Lebaksiu,032806,Kab. Tegal,032800,Prov. Jawa Tengah,030000,15,4,273,11,12,0,1,25,02 May 2026 19:43:58,EF46A311F32BFE67E338
SD NEGERI LEBAKSIU KIDUL 01,20325230,SD,Negeri,Kec. Lebaksiu,032806,Kab. Tegal,032800,Prov. Jawa Tengah,030000,12,1,263,9,9,0,1,22,11 Apr 2026 10:45:41,4051EDE8712DE1168304
SD NEGERI LEBAKSIU KIDUL 03,20325228,SD,Negeri,Kec. Lebaksiu,032806,Kab. Tegal,032800,Prov. Jawa Tengah,030000,7,4,128,6,6,1,1,16,06 Apr 2026 10:47:30,C670E8FED11ED0613EE3
SD NEGERI LEBAKSIU KIDUL 04,20325209,SD,Negeri,Kec. Lebaksiu,032806,Kab. Tegal,032800,Prov. Jawa Tengah,030000,9,2,222,8,16,0,2,39,28 Apr 2026 07:25:37,3BFDDBC2CD0997C570F8
SD NEGERI LEBAKSIU LOR 01,20339126,SD,Negeri,Kec. Lebaksiu,032806,Kab. Tegal,032800,Prov. Jawa Tengah,030000,16,4,365,12,13,0,1,30,23 Apr 2026 07:33:30,7A3F71F0697FD3795B96
SD NEGERI PENDAWA 01,20325001,SD,Negeri,Kec. Lebaksiu,032806,Kab. Tegal,032800,Prov. Jawa Tengah,030000,8,4,140,6,6,1,1,11,08 Apr 2026 13:15:26,6A4E3FAA945DFF5E3109
SD NEGERI PENDAWA 02,20325076,SD,Negeri,Kec. Lebaksiu,032806,Kab. Tegal,032800,Prov. Jawa Tengah,030000,9,2,202,7,10,0,1,10,03 Apr 2026 05:56:18,4896D8B877A1E303D4BF
SD NEGERI SLARANG KIDUL 01,20325396,SD,Negeri,Kec. Lebaksiu,032806,Kab. Tegal,032800,Prov. Jawa Tengah,030000,8,3,129,6,5,0,0,1,10 Apr 2026 09:12:10,820E19C0CA64379C1DF6
SD NEGERI SLARANG KIDUL 02,20325395,SD,Negeri,Kec. Lebaksiu,032806,Kab. Tegal,032800,Prov. Jawa Tengah,030000,8,3,89,6,6,0,1,18,13 Apr 2026 11:14:58,310554031DDCFEE8F855
SD NEGERI TEGALANDONG 01,20325507,SD,Negeri,Kec. Lebaksiu,032806,Kab. Tegal,032800,Prov. Jawa Tengah,030000,8,3,196,6,6,0,1,33,01 May 2026 11:12:44,287F58BC4DD6C8A77059
SD NEGERI TEGALANDONG 02,20325506,SD,Negeri,Kec. Lebaksiu,032806,Kab. Tegal,032800,Prov. Jawa Tengah,030000,10,5,248,8,8,1,1,14,10 Mar 2026 11:29:20,A8E33AFDE96C5FB7F5E2
SD NEGERI TIMBANGREJA 01,20325455,SD,Negeri,Kec. Lebaksiu,032806,Kab. Tegal,032800,Prov. Jawa Tengah,030000,8,3,228,7,7,1,0,23,08 Apr 2026 20:52:22,715611E2A37A7A4D20F6
SD NEGERI TIMBANGREJA 02,20325454,SD,Negeri,Kec. Lebaksiu,032806,Kab. Tegal,032800,Prov. Jawa Tengah,030000,8,2,156,6,6,0,1,17,30 Apr 2026 19:04:01,158403B56025B94CFFAC
SD NEGERI YAMANSARI 01,20325289,SD,Negeri,Kec. Lebaksiu,032806,Kab. Tegal,032800,Prov. Jawa Tengah,030000,8,3,225,6,7,0,0,15,30 Apr 2026 09:02:58,E88BFDA35E66E085AD22
SD NEGERI YAMANSARI 02,20325288,SD,Negeri,Kec. Lebaksiu,032806,Kab. Tegal,032800,Prov. Jawa Tengah,030000,8,3,159,6,6,0,0,27,27 Mar 2026 11:52:56,0AD70CB5BD315154D2D0
SD NEGERI YAMANSARI 03,20325287,SD,Negeri,Kec. Lebaksiu,032806,Kab. Tegal,032800,Prov. Jawa Tengah,030000,6,4,205,6,6,0,1,4,06 Apr 2026 21:50:18,7ABC371F72398D59DDE2
SD NEGERI YAMANSARI 04,20325286,SD,Negeri,Kec. Lebaksiu,032806,Kab. Tegal,032800,Prov. Jawa Tengah,030000,8,4,159,6,6,0,1,15,23 Apr 2026 08:35:15,CD89A15E92391E75FDB0
SMP NEGERI 1 LEBAKSIU,20325346,SMP,Negeri,Kec. Lebaksiu,032806,Kab. Tegal,032800,Prov. Jawa Tengah,030000,44,9,858,27,22,3,1,36,23 Apr 2026 07:09:41,512F824ED1755DF4E5FA
SMP NEGERI 2 LEBAKSIU,20325328,SMP,Negeri,Kec. Lebaksiu,032806,Kab. Tegal,032800,Prov. Jawa Tengah,030000,42,13,856,27,25,3,1,156,30 Apr 2026 14:51:34,6DE9EC55D3A8A77E8EB0
SMP Al Fajar Takhassus Al Quran Lebaksiu,70049351,SMP,Swasta,Kec. Lebaksiu,032806,Kab. Tegal,032800,Prov. Jawa Tengah,030000,3,3,19,2,4,0,0,10,15 Apr 2026 13:47:15,FF8715E6513273E417D7
SMP AL USMANIYYAH LEBAKSIU,20325267,SMP,Swasta,Kec. Lebaksiu,032806,Kab. Tegal,032800,Prov. Jawa Tengah,030000,15,7,275,10,12,2,1,27,29 Apr 2026 09:07:06,08D0F8C05F41F46AFB2B
SMP ISLAM TERPADU AL AZHAR LEBAKSIU,69761940,SMP,Swasta,Kec. Lebaksiu,032806,Kab. Tegal,032800,Prov. Jawa Tengah,030000,7,4,108,5,5,0,1,20,08 Apr 2026 13:59:01,4564F6534D53AD42CD2F
SMP MUHAMMADIYAH LEBAKSIU,20325353,SMP,Swasta,Kec. Lebaksiu,032806,Kab. Tegal,032800,Prov. Jawa Tengah,030000,10,2,208,7,9,3,1,12,05 Mar 2026 08:51:41,9A262549C43DCB37DBFD
SMAS DIPONEGORO LEBAKSIU,20325281,SMA,Swasta,Kec. Lebaksiu,032806,Kab. Tegal,032800,Prov. Jawa Tengah,030000,2,1,0,0,0,0,0,0,,38CD094E032AF5D1EB4A
SMK AL AMIRIYAH LEBAKSIU TEGAL,20325253,SMK,Swasta,Kec. Lebaksiu,032806,Kab. Tegal,032800,Prov. Jawa Tengah,030000,23,6,639,20,7,2,1,12,24 Apr 2026 09:57:06,08BDE1FDBC2805C4E4D1
SMK AL FAJAR LEBAKSIU,60728474,SMK,Swasta,Kec. Lebaksiu,032806,Kab. Tegal,032800,Prov. Jawa Tengah,030000,5,1,14,2,6,2,1,24,30 Apr 2026 06:19:51,279C8C93B5BE7CA5EF1C
SMK DIPONEGORO LEBAKSIU,20325249,SMK,Swasta,Kec. Lebaksiu,032806,Kab. Tegal,032800,Prov. Jawa Tengah,030000,34,8,510,17,23,6,1,31,23 Apr 2026 08:12:47,0CECD33DD92F911F68A7
SMK MUHAMMADIYAH LEBAKSIU,20354267,SMK,Swasta,Kec. Lebaksiu,032806,Kab. Tegal,032800,Prov. Jawa Tengah,030000,23,7,537,20,20,3,1,17,14 Apr 2026 10:18:50,0587F632F9312BD4761A
SMK NU AL YAMAN LEBAKSIU,20362563,SMK,Swasta,Kec. Lebaksiu,032806,Kab. Tegal,032800,Prov. Jawa Tengah,030000,14,3,77,6,6,1,1,16,03 Mar 2026 20:35:26,65B568FA3D81E730D38D
SMK NU ENTREPRENEUR 01 LEBAKSIU,60728471,SMK,Swasta,Kec. Lebaksiu,032806,Kab. Tegal,032800,Prov. Jawa Tengah,030000,12,6,185,8,6,1,1,28,27 Apr 2026 09:59:04,4B3DDF7F1CE8A1A05BC8
SMK NURUL ULUM LEBAKSIU,20325255,SMK,Swasta,Kec. Lebaksiu,032806,Kab. Tegal,032800,Prov. Jawa Tengah,030000,44,8,750,25,19,1,1,27,10 Apr 2026 13:20:18,4A93AE7644C4E39AC07E
SD NEGERI ARGATAWANG,20325629,SD,Negeri,Kec. Jatinegara,032807,Kab. Tegal,032800,Prov. Jawa Tengah,030000,8,2,173,6,6,0,1,21,10 Apr 2026 08:07:13,2D64261CA1D84C2E8FBD
SD NEGERI CAPAR,20325979,SD,Negeri,Kec. Jatinegara,032807,Kab. Tegal,032800,Prov. Jawa Tengah,030000,6,2,89,6,6,0,0,12,08 Apr 2026 07:44:39,2A16224CD8D83CBBABA6
SD NEGERI CERIH 01,20325969,SD,Negeri,Kec. Jatinegara,032807,Kab. Tegal,032800,Prov. Jawa Tengah,030000,7,2,203,6,6,1,1,12,23 Apr 2026 14:15:16,28A85CD3AA295E7FAEAA
SD NEGERI CERIH 02,20325968,SD,Negeri,Kec. Jatinegara,032807,Kab. Tegal,032800,Prov. Jawa Tengah,030000,8,1,133,6,6,0,1,10,14 Feb 2026 10:27:51,894AC71DABB11E29A49C
SD NEGERI CERIH 03,20325950,SD,Negeri,Kec. Jatinegara,032807,Kab. Tegal,032800,Prov. Jawa Tengah,030000,6,3,105,6,6,0,0,12,10 Apr 2026 10:16:01,E71ECBD7F59E07277C38
SD NEGERI DUKUHBANGSA 01,20326072,SD,Negeri,Kec. Jatinegara,032807,Kab. Tegal,032800,Prov. Jawa Tengah,030000,7,2,108,6,6,0,1,11,03 Mar 2026 05:29:45,B5C99DF60D7FB36E6B10
SD NEGERI DUKUHBANGSA 02,20326035,SD,Negeri,Kec. Jatinegara,032807,Kab. Tegal,032800,Prov. Jawa Tengah,030000,7,2,120,6,6,0,0,34,17 Apr 2026 08:18:01,D5FD476F9D339C382D73
SD NEGERI GANTUNGAN 01,20325879,SD,Negeri,Kec. Jatinegara,032807,Kab. Tegal,032800,Prov. Jawa Tengah,030000,8,1,185,6,5,0,1,15,09 Apr 2026 08:40:35,53111E3C844D7F9973FC
SD NEGERI GANTUNGAN 02,20325861,SD,Negeri,Kec. Jatinegara,032807,Kab. Tegal,032800,Prov. Jawa Tengah,030000,6,2,191,6,6,0,2,11,15 Apr 2026 10:11:34,B486C73EBB3BAECBA899
SD NEGERI JATINEGARA 01,20325843,SD,Negeri,Kec. Jatinegara,032807,Kab. Tegal,032800,Prov. Jawa Tengah,030000,7,3,92,6,6,0,1,8,02 Apr 2026 12:26:24,4DE3A26597388048D688
SD NEGERI JATINEGARA 02,20325842,SD,Negeri,Kec. Jatinegara,032807,Kab. Tegal,032800,Prov. Jawa Tengah,030000,8,3,102,6,6,0,1,24,29 Apr 2026 14:18:00,C4C50629414DCA42AC13
SD NEGERI KEDUNGWUNGU 01,20325120,SD,Negeri,Kec. Jatinegara,032807,Kab. Tegal,032800,Prov. Jawa Tengah,030000,8,1,154,6,6,0,0,13,21 Apr 2026 15:29:40,ACA0D48679052E981FA3
SD NEGERI KEDUNGWUNGU 02,20325119,SD,Negeri,Kec. Jatinegara,032807,Kab. Tegal,032800,Prov. Jawa Tengah,030000,6,1,122,6,6,0,0,16,05 Mar 2026 00:21:37,BC25FD83A2C62F36CF05
SD NEGERI LEBAKWANGI 01,20325189,SD,Negeri,Kec. Jatinegara,032807,Kab. Tegal,032800,Prov. Jawa Tengah,030000,7,1,166,6,6,0,1,10,04 Apr 2026 07:26:16,24D9B822D0D62BE1DAE1
SD NEGERI LEBAKWANGI 02,20325188,SD,Negeri,Kec. Jatinegara,032807,Kab. Tegal,032800,Prov. Jawa Tengah,030000,4,3,36,6,6,0,0,18,30 Apr 2026 09:05:42,C276D1C682E210CCAB55
SD NEGERI LEBAKWANGI 03,20325187,SD,Negeri,Kec. Jatinegara,032807,Kab. Tegal,032800,Prov. Jawa Tengah,030000,7,2,121,6,6,0,2,21,03 Mar 2026 07:50:11,AEA15DB13AB442451925
SD NEGERI LEMBASARI 01,20325182,SD,Negeri,Kec. Jatinegara,032807,Kab. Tegal,032800,Prov. Jawa Tengah,030000,8,2,143,6,6,0,1,17,03 Mar 2026 04:35:04,3E80A9135AA4E8B2298B
SD NEGERI LEMBASARI 02,20325181,SD,Negeri,Kec. Jatinegara,032807,Kab. Tegal,032800,Prov. Jawa Tengah,030000,7,3,149,6,6,0,1,10,21 Apr 2026 14:42:42,95C2B9B695F91A58E799
SD NEGERI LUWIJAWA 01,20325176,SD,Negeri,Kec. Jatinegara,032807,Kab. Tegal,032800,Prov. Jawa Tengah,030000,8,3,173,6,6,0,1,22,25 Apr 2026 18:19:06,707D8E0446093ABA7B71
SD NEGERI LUWIJAWA 02,20325190,SD,Negeri,Kec. Jatinegara,032807,Kab. Tegal,032800,Prov. Jawa Tengah,030000,7,2,82,6,6,0,1,12,03 Mar 2026 10:35:54,85B8AEEE865915CBC978
SD NEGERI MOKAHA 01,20325013,SD,Negeri,Kec. Jatinegara,032807,Kab. Tegal,032800,Prov. Jawa Tengah,030000,7,3,166,6,6,0,2,19,11 Apr 2026 21:16:03,8C3A9D3963395A683517
SD NEGERI MOKAHA 02,20325011,SD,Negeri,Kec. Jatinegara,032807,Kab. Tegal,032800,Prov. Jawa Tengah,030000,8,1,121,6,6,0,0,17,03 Mar 2026 09:17:11,AFB65374BD37DC61CB5C
SD NEGERI PADASARI 01,20325031,SD,Negeri,Kec. Jatinegara,032807,Kab. Tegal,032800,Prov. Jawa Tengah,030000,9,1,221,6,8,0,2,9,14 Apr 2026 21:26:26,3129EC12B44E48FD8560
SD NEGERI PADASARI 02,20325030,SD,Negeri,Kec. Jatinegara,032807,Kab. Tegal,032800,Prov. Jawa Tengah,030000,8,2,56,6,5,0,0,33,29 Apr 2026 09:41:48,8310626BF2DC341A687C
SD NEGERI PENYALAHAN 01,20325097,SD,Negeri,Kec. Jatinegara,032807,Kab. Tegal,032800,Prov. Jawa Tengah,030000,7,2,174,6,6,0,1,14,05 Mar 2026 22:52:42,BF19EC1912F692E5319D
SD NEGERI PENYALAHAN 02,20325096,SD,Negeri,Kec. Jatinegara,032807,Kab. Tegal,032800,Prov. Jawa Tengah,030000,7,1,161,6,6,0,1,8,16 Apr 2026 12:33:32,58674A32B7394E6C6665
SD NEGERI SITAIL,20325414,SD,Negeri,Kec. Jatinegara,032807,Kab. Tegal,032800,Prov. Jawa Tengah,030000,8,3,217,6,9,0,1,21,24 Apr 2026 08:57:59,02B5A5889A6D5EF44AF1
SD NEGERI SUMBARANG 01,20325498,SD,Negeri,Kec. Jatinegara,032807,Kab. Tegal,032800,Prov. Jawa Tengah,030000,8,2,196,6,6,0,1,20,02 May 2026 07:50:56,EF75CAD31C7D02B3A28A
SD NEGERI SUMBARANG 02,20325497,SD,Negeri,Kec. Jatinegara,032807,Kab. Tegal,032800,Prov. Jawa Tengah,030000,8,2,112,6,5,0,0,1,17 Apr 2026 10:57:17,047F5D03A991A8C97B63
SD NEGERI TAMANSARI 01,20325514,SD,Negeri,Kec. Jatinegara,032807,Kab. Tegal,032800,Prov. Jawa Tengah,030000,8,2,124,6,6,0,0,10,02 May 2026 08:35:45,170364705E61CACC756D
SD NEGERI TAMANSARI 02,20325513,SD,Negeri,Kec. Jatinegara,032807,Kab. Tegal,032800,Prov. Jawa Tengah,030000,7,3,186,6,6,1,1,10,16 Apr 2026 12:05:54,0F856B231A946657CE48
SD NEGERI WOTGALIH 01,20325311,SD,Negeri,Kec. Jatinegara,032807,Kab. Tegal,032800,Prov. Jawa Tengah,030000,8,3,110,6,6,0,1,6,04 Mar 2026 05:45:04,67065EEF9114A606F5C1
SD NEGERI WOTGALIH 02,20325293,SD,Negeri,Kec. Jatinegara,032807,Kab. Tegal,032800,Prov. Jawa Tengah,030000,8,3,119,6,8,1,1,26,16 Apr 2026 20:11:33,680B71103929F90E17E1
SD NEGERI WOTGALIH 03,20325292,SD,Negeri,Kec. Jatinegara,032807,Kab. Tegal,032800,Prov. Jawa Tengah,030000,6,2,43,6,4,0,0,15,03 Mar 2026 13:35:10,F63F8E8877141AD03E8B
SD MAARIF NU ARGATAWANG,20362251,SD,Swasta,Kec. Jatinegara,032807,Kab. Tegal,032800,Prov. Jawa Tengah,030000,6,2,78,6,6,0,0,11,24 Apr 2026 08:50:00,96A2D7FCDFAD321140CB
SD MUHAMMADIYAH JATINEGARA,69893523,SD,Swasta,Kec. Jatinegara,032807,Kab. Tegal,032800,Prov. Jawa Tengah,030000,8,3,120,6,6,0,1,21,07 Apr 2026 10:44:24,AC020B2505046B911D14
SMP NEGERI 1 JATINEGARA,20325366,SMP,Negeri,Kec. Jatinegara,032807,Kab. Tegal,032800,Prov. Jawa Tengah,030000,32,13,654,21,19,3,3,30,18 Apr 2026 10:55:00,1BE36F99A86BF1402629
SMP NEGERI 2 JATINEGARA,20325313,SMP,Negeri,Kec. Jatinegara,032807,Kab. Tegal,032800,Prov. Jawa Tengah,030000,23,8,350,12,14,2,1,44,16 Apr 2026 10:23:11,9CAE9513FD65EF5D66CD
SMP NEGERI 3 SATU ATAP JATINEGARA,69917523,SMP,Negeri,Kec. Jatinegara,032807,Kab. Tegal,032800,Prov. Jawa Tengah,030000,8,1,47,3,3,2,1,18,25 Apr 2026 09:42:41,B7A6858F7C8E6EDA15B6
SMP AL IKHLAS JATINEGARA,20340949,SMP,Swasta,Kec. Jatinegara,032807,Kab. Tegal,032800,Prov. Jawa Tengah,030000,4,1,116,5,8,1,1,7,24 Feb 2026 10:03:30,F090B494B1E3186F9585
SMP MA`ARIF NU 01 JATINEGARA,20325359,SMP,Swasta,Kec. Jatinegara,032807,Kab. Tegal,032800,Prov. Jawa Tengah,030000,13,3,177,7,9,2,1,18,17 Apr 2026 14:43:59,7662BDE9AF1FE46CD1FE
SMP MA`ARIF NU 02 JATINEGARA,20353883,SMP,Swasta,Kec. Jatinegara,032807,Kab. Tegal,032800,Prov. Jawa Tengah,030000,9,1,97,4,4,0,0,9,25 Apr 2026 11:14:45,B95C8901166881C72A7F
SMP MA`ARIF NU 03 JATINEGARA,20359829,SMP,Swasta,Kec. Jatinegara,032807,Kab. Tegal,032800,Prov. Jawa Tengah,030000,17,3,223,9,10,2,3,15,28 Apr 2026 09:18:50,1A9E26D7C9E875A3AFEC
SMP MA`ARIF NU 04 JATINEGARA,69771382,SMP,Swasta,Kec. Jatinegara,032807,Kab. Tegal,032800,Prov. Jawa Tengah,030000,7,3,128,6,8,0,0,9,13 Mar 2026 08:31:27,EAA12A802BA38A090AEC
SMP MUHAMMADIYAH JATINEGARA,20325355,SMP,Swasta,Kec. Jatinegara,032807,Kab. Tegal,032800,Prov. Jawa Tengah,030000,6,3,62,3,5,2,1,22,15 Apr 2026 11:14:36,23CC12C0927082A41CEF
SMA MA`ARIF NU JATINEGARA,20325280,SMA,Swasta,Kec. Jatinegara,032807,Kab. Tegal,032800,Prov. Jawa Tengah,030000,15,4,359,12,12,3,1,10,04 Mar 2026 12:38:10,8C2E5AAF87F12C0B512F
SMK GRAFIKA JATINEGARA,69756404,SMK,Swasta,Kec. Jatinegara,032807,Kab. Tegal,032800,Prov. Jawa Tengah,030000,15,3,113,5,6,1,1,44,23 Apr 2026 08:58:24,606D156644016A4C1990
SMK MA`ARIF NU 1 JATINEGARA,20361626,SMK,Swasta,Kec. Jatinegara,032807,Kab. Tegal,032800,Prov. Jawa Tengah,030000,17,1,242,16,23,3,1,30,28 Apr 2026 08:39:10,1C912026E114636DA36E
SD NEGERI BLUBUK 01,20325987,SD,Negeri,Kec. Dukuhwaru,032811,Kab. Tegal,032800,Prov. Jawa Tengah,030000,8,1,154,6,5,0,0,17,29 Apr 2026 20:54:10,7E5C2B52B84F13DBF626
SD NEGERI BLUBUK 02,20339120,SD,Negeri,Kec. Dukuhwaru,032811,Kab. Tegal,032800,Prov. Jawa Tengah,030000,8,2,117,6,6,0,0,13,05 Mar 2026 13:18:32,DC473D3DB14F4472E311
SD NEGERI BLUBUK 03,20325986,SD,Negeri,Kec. Dukuhwaru,032811,Kab. Tegal,032800,Prov. Jawa Tengah,030000,8,2,82,6,6,1,1,15,18 Apr 2026 09:26:09,856EA281FFF59C000E50
SD NEGERI BLUBUK 04,20325985,SD,Negeri,Kec. Dukuhwaru,032811,Kab. Tegal,032800,Prov. Jawa Tengah,030000,10,3,217,8,5,2,0,15,16 Apr 2026 08:50:38,99FA2E112F05D3CC09F4
SD NEGERI BLUBUK 05,20326001,SD,Negeri,Kec. Dukuhwaru,032811,Kab. Tegal,032800,Prov. Jawa Tengah,030000,9,3,198,7,8,0,1,25,15 Apr 2026 19:02:48,9FFDEE8202EECDA97FD5
SD NEGERI BLUBUK 06,20326002,SD,Negeri,Kec. Dukuhwaru,032811,Kab. Tegal,032800,Prov. Jawa Tengah,030000,8,3,178,6,7,0,1,8,02 Apr 2026 20:55:21,E2514C973E404C53CD88
SD NEGERI BULAKPACING 01,20325982,SD,Negeri,Kec. Dukuhwaru,032811,Kab. Tegal,032800,Prov. Jawa Tengah,030000,7,2,153,6,7,1,1,26,30 Apr 2026 11:30:44,1800D1449AE81D50DA81
SD NEGERI BULAKPACING 02,20325964,SD,Negeri,Kec. Dukuhwaru,032811,Kab. Tegal,032800,Prov. Jawa Tengah,030000,7,4,160,6,7,1,1,25,05 Apr 2026 20:41:09,5E1D69C1D31E94ADD660
SD NEGERI DUKUHWARU 01,20326022,SD,Negeri,Kec. Dukuhwaru,032811,Kab. Tegal,032800,Prov. Jawa Tengah,030000,8,4,207,6,6,0,1,15,29 Apr 2026 09:58:06,4D33BD0DB3E755A94F87
SD NEGERI DUKUHWARU 02,20326039,SD,Negeri,Kec. Dukuhwaru,032811,Kab. Tegal,032800,Prov. Jawa Tengah,030000,8,1,91,6,6,0,0,14,24 Apr 2026 08:28:31,9A769D4D18373514D612
SD NEGERI DUKUHWARU 03,20339124,SD,Negeri,Kec. Dukuhwaru,032811,Kab. Tegal,032800,Prov. Jawa Tengah,030000,8,2,179,6,7,0,1,20,05 Mar 2026 08:03:05,0FD2DFDCBB16BE1D6BDB
SD NEGERI DUKUHWARU 04,20326021,SD,Negeri,Kec. Dukuhwaru,032811,Kab. Tegal,032800,Prov. Jawa Tengah,030000,7,3,132,6,6,1,1,16,03 Mar 2026 09:22:58,34E7101E2786AB8661BC
SD NEGERI GUMAYUN 01,20325877,SD,Negeri,Kec. Dukuhwaru,032811,Kab. Tegal,032800,Prov. Jawa Tengah,030000,10,3,229,8,9,1,1,13,08 Apr 2026 08:57:40,4984F05AE530C4CA0C3E
SD NEGERI GUMAYUN 02,20325876,SD,Negeri,Kec. Dukuhwaru,032811,Kab. Tegal,032800,Prov. Jawa Tengah,030000,8,3,118,6,6,0,0,17,05 Mar 2026 08:46:53,073BE9CF41071C0C4FFE
SD NEGERI GUMAYUN 03,20325875,SD,Negeri,Kec. Dukuhwaru,032811,Kab. Tegal,032800,Prov. Jawa Tengah,030000,8,2,161,6,7,1,1,22,02 May 2026 12:19:23,AD1AF320DD286976F7D8
SD NEGERI KABUNAN 01,20325926,SD,Negeri,Kec. Dukuhwaru,032811,Kab. Tegal,032800,Prov. Jawa Tengah,030000,13,2,308,11,13,0,1,22,19 Apr 2026 20:27:44,6CD383B1ABE0F83ABC31
SD NEGERI KALISOKA 01,20340556,SD,Negeri,Kec. Dukuhwaru,032811,Kab. Tegal,032800,Prov. Jawa Tengah,030000,8,2,237,6,6,1,0,18,28 Apr 2026 09:19:14,66853C7D3D60FC05A0AE
SD NEGERI KALISOKA 02,20325885,SD,Negeri,Kec. Dukuhwaru,032811,Kab. Tegal,032800,Prov. Jawa Tengah,030000,7,3,158,6,6,0,1,41,30 Apr 2026 08:26:01,93DFC7BFFC764BC6D87C
SD NEGERI KALISOKA 03,20325884,SD,Negeri,Kec. Dukuhwaru,032811,Kab. Tegal,032800,Prov. Jawa Tengah,030000,7,3,110,6,6,1,1,12,07 Apr 2026 08:47:30,94C6BF7F3EAC7428F4CA
SD NEGERI PEDAGANGAN 01,20324989,SD,Negeri,Kec. Dukuhwaru,032811,Kab. Tegal,032800,Prov. Jawa Tengah,030000,10,2,212,9,10,0,1,18,30 Apr 2026 12:29:25,0AC44CF3C8F89122D9D3
SD NEGERI PEDAGANGAN 02,20324988,SD,Negeri,Kec. Dukuhwaru,032811,Kab. Tegal,032800,Prov. Jawa Tengah,030000,8,4,195,7,6,0,1,18,28 Apr 2026 08:29:29,19A919E40459825E8D24
SD NEGERI PEDAGANGAN 03,20324987,SD,Negeri,Kec. Dukuhwaru,032811,Kab. Tegal,032800,Prov. Jawa Tengah,030000,8,2,121,6,6,0,1,16,14 Mar 2026 10:46:41,FC7B9B7A0FB40A621105
SD NEGERI SELAPURA 01,20325425,SD,Negeri,Kec. Dukuhwaru,032811,Kab. Tegal,032800,Prov. Jawa Tengah,030000,8,4,199,8,7,0,1,20,27 Apr 2026 09:44:31,18459FFB492C0C1DAAE7
SD NEGERI SELAPURA 02,20325424,SD,Negeri,Kec. Dukuhwaru,032811,Kab. Tegal,032800,Prov. Jawa Tengah,030000,8,1,134,6,6,0,1,18,08 Apr 2026 14:16:27,D2BC816EC578A1C5979D
SD NEGERI SINDANG 01,20325434,SD,Negeri,Kec. Dukuhwaru,032811,Kab. Tegal,032800,Prov. Jawa Tengah,030000,7,2,159,6,6,0,1,41,30 Apr 2026 13:05:46,C1CAD4BDBE4B108483B1
SD NEGERI SINDANG 02,20325416,SD,Negeri,Kec. Dukuhwaru,032811,Kab. Tegal,032800,Prov. Jawa Tengah,030000,8,1,181,6,6,1,1,13,06 Apr 2026 08:13:22,4876C1844FD132F1F6F8
SD NEGERI SLARANG LOR 01,20325394,SD,Negeri,Kec. Dukuhwaru,032811,Kab. Tegal,032800,Prov. Jawa Tengah,030000,8,3,160,6,6,0,1,23,01 May 2026 15:49:55,2D11CB0F02B8255CEB14
SD NEGERI SLARANG LOR 02,20325393,SD,Negeri,Kec. Dukuhwaru,032811,Kab. Tegal,032800,Prov. Jawa Tengah,030000,7,4,104,6,9,0,0,9,30 Apr 2026 08:50:29,3EFA67E27457B5CD4F7F
SMP NEGERI 1 DUKUHWARU,20325367,SMP,Negeri,Kec. Dukuhwaru,032811,Kab. Tegal,032800,Prov. Jawa Tengah,030000,46,17,957,29,34,4,2,20,14 Apr 2026 10:02:13,7CAECFA28477531D9C4B
SMP NEGERI 2 DUKUHWARU,20325314,SMP,Negeri,Kec. Dukuhwaru,032811,Kab. Tegal,032800,Prov. Jawa Tengah,030000,37,12,650,21,24,2,1,29,29 Apr 2026 09:01:03,2D8D7DCADCDE8A5D80CE
SMP MA`ARIF NU DUKUHWARU,20353975,SMP,Swasta,Kec. Dukuhwaru,032811,Kab. Tegal,032800,Prov. Jawa Tengah,030000,15,3,356,12,12,2,1,12,30 Apr 2026 09:42:58,7ED5F5FC2C686AB3BB5B
SMP PANGERAN PURBAYA,20359830,SMP,Swasta,Kec. Dukuhwaru,032811,Kab. Tegal,032800,Prov. Jawa Tengah,030000,10,3,160,6,6,1,1,28,18 Apr 2026 10:05:53,8537A35CDF184F3BCBCD
SMP PURNAMA DUKUHWARU,20325374,SMP,Swasta,Kec. Dukuhwaru,032811,Kab. Tegal,032800,Prov. Jawa Tengah,030000,5,3,96,4,6,3,2,10,04 Mar 2026 08:34:03,7D4002C9FFBDBFDB3D58
SMA NEGERI 1 DUKUHWARU,20325303,SMA,Negeri,Kec. Dukuhwaru,032811,Kab. Tegal,032800,Prov. Jawa Tengah,030000,51,11,956,27,27,7,1,63,28 Apr 2026 09:46:49,85842B2E08485C397330
SMK BARUNA DUKUHWARU,20325252,SMK,Swasta,Kec. Dukuhwaru,032811,Kab. Tegal,032800,Prov. Jawa Tengah,030000,36,14,714,23,5,2,1,13,22 Apr 2026 04:49:06,8C2C2AFF7488BF8DF9C6
SMK BHAKTI PRAJA DUKUHWARU,20325251,SMK,Swasta,Kec. Dukuhwaru,032811,Kab. Tegal,032800,Prov. Jawa Tengah,030000,101,14,2432,66,68,4,1,45,26 Mar 2026 08:29:21,1D181495815A6E9A8A08
SMK SAKA MEDIKA DUKUHWARU,20349096,SMK,Swasta,Kec. Dukuhwaru,032811,Kab. Tegal,032800,Prov. Jawa Tengah,030000,23,8,254,12,22,2,1,46,22 Apr 2026 12:59:49,DBA5AAB4792563D19A06
SMKS TELEKOMUNIKASI ADI KARYA DUKUHWARU,69774740,SMK,Swasta,Kec. Dukuhwaru,032811,Kab. Tegal,032800,Prov. Jawa Tengah,030000,5,3,124,5,2,1,0,27,07 Apr 2026 11:38:26,028150429F5D9488726F
SD NEGERI BOJONGSANA,20326009,SD,Negeri,Kec. Suradadi,032817,Kab. Tegal,032800,Prov. Jawa Tengah,030000,12,0,367,12,8,0,1,17,10 Apr 2026 20:58:15,57C9CBF360F88A7B0D2E
SD NEGERI GEMBONGDADI 01,20325858,SD,Negeri,Kec. Suradadi,032817,Kab. Tegal,032800,Prov. Jawa Tengah,030000,7,3,204,6,13,0,0,18,30 Apr 2026 18:18:05,8F53E483A1F52B92BD8E
SD NEGERI GEMBONGDADI 02,20354067,SD,Negeri,Kec. Suradadi,032817,Kab. Tegal,032800,Prov. Jawa Tengah,030000,8,2,138,6,6,0,1,32,30 Apr 2026 18:07:49,567368AC365F852E40C9
SD NEGERI GEMBONGDADI 04,20325856,SD,Negeri,Kec. Suradadi,032817,Kab. Tegal,032800,Prov. Jawa Tengah,030000,7,2,170,6,6,0,0,37,28 Apr 2026 07:28:29,C2F2068DFC8AE9A113EB
SD NEGERI HARJASARI 01,20325869,SD,Negeri,Kec. Suradadi,032817,Kab. Tegal,032800,Prov. Jawa Tengah,030000,9,2,256,8,8,0,0,12,30 Apr 2026 11:41:33,E4BE4DC1B2B64F96D95A
SD NEGERI HARJASARI 02,20325868,SD,Negeri,Kec. Suradadi,032817,Kab. Tegal,032800,Prov. Jawa Tengah,030000,17,3,442,14,14,0,0,14,14 Apr 2026 07:37:45,DD2968566C9BAAB937B4
SD NEGERI HARJASARI 03,20325867,SD,Negeri,Kec. Suradadi,032817,Kab. Tegal,032800,Prov. Jawa Tengah,030000,12,2,254,10,10,0,1,10,05 Apr 2026 10:31:01,ED810E2D4FF5A168C0A4
SD NEGERI JATIBOGOR 01,20325823,SD,Negeri,Kec. Suradadi,032817,Kab. Tegal,032800,Prov. Jawa Tengah,030000,15,3,350,12,12,0,1,16,06 Mar 2026 14:59:38,DC63A2859A1B521779CD
SD NEGERI JATIBOGOR 02,20325822,SD,Negeri,Kec. Suradadi,032817,Kab. Tegal,032800,Prov. Jawa Tengah,030000,15,2,366,12,12,0,0,54,20 Apr 2026 08:53:44,9528BE272208F57D6349
SD NEGERI JATIBOGOR 03,20325821,SD,Negeri,Kec. Suradadi,032817,Kab. Tegal,032800,Prov. Jawa Tengah,030000,7,2,173,6,6,0,0,26,07 Apr 2026 11:26:53,326FCE7C1A87A6C674D1
SD NEGERI JATIBOGOR 04,20325820,SD,Negeri,Kec. Suradadi,032817,Kab. Tegal,032800,Prov. Jawa Tengah,030000,7,3,197,6,6,0,1,35,02 May 2026 10:30:50,31374D47A2284DAD0839
SD NEGERI JATIMULYA 01,20325829,SD,Negeri,Kec. Suradadi,032817,Kab. Tegal,032800,Prov. Jawa Tengah,030000,13,1,302,11,12,1,1,16,15 Apr 2026 19:47:55,22DC0E611FF1B55C252A
SD NEGERI JATIMULYA 02,20325830,SD,Negeri,Kec. Suradadi,032817,Kab. Tegal,032800,Prov. Jawa Tengah,030000,13,3,382,14,9,0,1,27,29 Apr 2026 14:37:35,B766CA133350F6E720D5
SD NEGERI JATIMULYA 03,20325844,SD,Negeri,Kec. Suradadi,032817,Kab. Tegal,032800,Prov. Jawa Tengah,030000,8,5,252,7,9,0,1,13,01 Apr 2026 05:47:06,C9F38C9EEE421A3B6238
SD NEGERI KARANGMULYA 01,20325149,SD,Negeri,Kec. Suradadi,032817,Kab. Tegal,032800,Prov. Jawa Tengah,030000,16,2,460,15,20,0,1,21,10 Apr 2026 08:36:33,5107593422A90FF397F2
SD NEGERI KARANGWULUH 01,20325145,SD,Negeri,Kec. Suradadi,032817,Kab. Tegal,032800,Prov. Jawa Tengah,030000,11,2,246,9,9,0,1,51,09 Apr 2026 07:25:38,84CCA6E0DA5F6B0D3346
SD NEGERI KERTASARI 01,20325132,SD,Negeri,Kec. Suradadi,032817,Kab. Tegal,032800,Prov. Jawa Tengah,030000,8,2,111,6,6,0,1,12,30 Apr 2026 09:56:04,1BC660E8ABF1DD8BE718
SD NEGERI KERTASARI 02,20325131,SD,Negeri,Kec. Suradadi,032817,Kab. Tegal,032800,Prov. Jawa Tengah,030000,13,1,335,11,10,0,1,18,17 Apr 2026 09:46:39,208C93AFCB990B98CBCF
SD NEGERI KERTASARI 04,20325130,SD,Negeri,Kec. Suradadi,032817,Kab. Tegal,032800,Prov. Jawa Tengah,030000,10,2,230,8,9,0,1,16,07 Apr 2026 09:12:11,CEB4A7AFBC7C83B232BC
SD NEGERI PURWAHAMBA 01,20325068,SD,Negeri,Kec. Suradadi,032817,Kab. Tegal,032800,Prov. Jawa Tengah,030000,9,1,253,8,7,0,1,13,04 Apr 2026 22:28:10,AE763889BDEBA7544BAC
SD NEGERI PURWAHAMBA 02,20325067,SD,Negeri,Kec. Suradadi,032817,Kab. Tegal,032800,Prov. Jawa Tengah,030000,11,2,279,9,8,0,1,39,02 May 2026 10:51:23,806FCDF6D57C375921FF
SD NEGERI SIDOHARJO 01,20325440,SD,Negeri,Kec. Suradadi,032817,Kab. Tegal,032800,Prov. Jawa Tengah,030000,12,2,278,9,9,0,1,10,10 Apr 2026 17:31:44,32F68AC0FCB64555D55A
SD NEGERI SIDOHARJO 02,20325439,SD,Negeri,Kec. Suradadi,032817,Kab. Tegal,032800,Prov. Jawa Tengah,030000,14,2,428,12,12,0,1,25,25 Apr 2026 10:38:59,495819D9BA20E8434917
SD NEGERI SURADADI 01,20325493,SD,Negeri,Kec. Suradadi,032817,Kab. Tegal,032800,Prov. Jawa Tengah,030000,9,1,183,7,13,0,1,36,14 Apr 2026 11:59:27,15355F26004330AF5A76
SD NEGERI SURADADI 02,20325492,SD,Negeri,Kec. Suradadi,032817,Kab. Tegal,032800,Prov. Jawa Tengah,030000,8,4,139,6,8,0,1,24,18 Apr 2026 08:50:14,69E8BE9395648B2116EA
SD NEGERI SURADADI 03,20325491,SD,Negeri,Kec. Suradadi,032817,Kab. Tegal,032800,Prov. Jawa Tengah,030000,8,3,246,7,6,0,1,16,29 Apr 2026 09:59:42,3052656F577D0C63DD28
SD NEGERI SURADADI 04,20325490,SD,Negeri,Kec. Suradadi,032817,Kab. Tegal,032800,Prov. Jawa Tengah,030000,17,2,423,13,14,1,1,35,30 Apr 2026 09:16:00,7A105DACD35C8390B33C
SD NEGERI SURADADI 05,20325489,SD,Negeri,Kec. Suradadi,032817,Kab. Tegal,032800,Prov. Jawa Tengah,030000,8,3,171,6,6,0,0,43,02 May 2026 09:47:37,F9EB74872A0BF20F6E5A
SMP NEGERI 1 SURADADI,20325322,SMP,Negeri,Kec. Suradadi,032817,Kab. Tegal,032800,Prov. Jawa Tengah,030000,47,12,923,29,29,2,1,56,27 Apr 2026 08:49:02,6D110AB728A7102382EF
SMP NEGERI 2 SURADADI,20349476,SMP,Negeri,Kec. Suradadi,032817,Kab. Tegal,032800,Prov. Jawa Tengah,030000,27,8,574,18,19,3,1,19,30 Apr 2026 13:06:42,BAFC106256BF8503F3F6
SMP BHAKTI PRAJA SURADADI,20325245,SMP,Swasta,Kec. Suradadi,032817,Kab. Tegal,032800,Prov. Jawa Tengah,030000,5,2,33,3,6,1,1,19,03 Mar 2026 07:57:51,1768D671E9085E560651
SMP MUHAMMADIYAH SURADADI,20325349,SMP,Swasta,Kec. Suradadi,032817,Kab. Tegal,032800,Prov. Jawa Tengah,030000,9,2,150,6,6,1,1,69,14 Apr 2026 11:04:43,62722C5A50E124EDCE87
SMAS MUHAMMADIYAH SURADADI,20325296,SMA,Swasta,Kec. Suradadi,032817,Kab. Tegal,032800,Prov. Jawa Tengah,030000,14,5,49,3,6,5,1,11,27 Apr 2026 10:26:34,4603F9258CE159686445
SMAS NU SURADADI,20325307,SMA,Swasta,Kec. Suradadi,032817,Kab. Tegal,032800,Prov. Jawa Tengah,030000,13,2,185,6,10,2,1,23,25 Apr 2026 09:05:48,EEA89F9C3E0FA87AA359
SMK BHAKTI PRAJA SURADADI,20339137,SMK,Swasta,Kec. Suradadi,032817,Kab. Tegal,032800,Prov. Jawa Tengah,030000,8,2,84,6,9,2,1,19,16 Apr 2026 12:26:43,070B0D4A2210392E28E9
SMK MAARIF NU SURADADI,20353981,SMK,Swasta,Kec. Suradadi,032817,Kab. Tegal,032800,Prov. Jawa Tengah,030000,39,13,518,20,17,2,1,23,02 May 2026 09:35:49,424756CCA84EEEF6645D
SMK SUPM YAMIPURA SURADADI,20325269,SMK,Swasta,Kec. Suradadi,032817,Kab. Tegal,032800,Prov. Jawa Tengah,030000,9,4,253,10,7,2,1,37,30 Apr 2026 10:51:34,DFA9928DFCA530AB4186
SD NEGERI BANJARAGUNG 01,20325623,SD,Negeri,Kec. Warureja,032818,Kab. Tegal,032800,Prov. Jawa Tengah,030000,14,1,383,12,12,0,0,14,02 May 2026 08:52:49,F92F566DE30207757B47
SD NEGERI BANJARAGUNG 03,20325621,SD,Negeri,Kec. Warureja,032818,Kab. Tegal,032800,Prov. Jawa Tengah,030000,10,2,252,9,8,1,1,12,17 Mar 2026 15:15:02,C6D9C29F30D87D42310F
SD NEGERI BANJARAGUNG 04,69756406,SD,Negeri,Kec. Warureja,032818,Kab. Tegal,032800,Prov. Jawa Tengah,030000,6,2,76,6,6,0,0,18,15 Apr 2026 01:14:29,FFA574AED4C46DE7D34F
SD NEGERI BANJARTURI 01,20325615,SD,Negeri,Kec. Warureja,032818,Kab. Tegal,032800,Prov. Jawa Tengah,030000,10,2,267,9,9,0,1,20,02 May 2026 09:12:47,3F936B732D138E297B6E
SD NEGERI BANJARTURI 02,20325597,SD,Negeri,Kec. Warureja,032818,Kab. Tegal,032800,Prov. Jawa Tengah,030000,8,1,223,6,6,0,1,23,02 Apr 2026 11:09:37,DE1EE42B045900B5FDE8
SD NEGERI DEMANGHARJO 01,20326084,SD,Negeri,Kec. Warureja,032818,Kab. Tegal,032800,Prov. Jawa Tengah,030000,12,4,321,12,10,0,1,28,09 Apr 2026 21:09:31,5ADA1266141AE5382DE0
SD NEGERI DEMANGHARJO 02,20326085,SD,Negeri,Kec. Warureja,032818,Kab. Tegal,032800,Prov. Jawa Tengah,030000,9,3,250,9,9,0,0,21,24 Apr 2026 08:38:20,9E894636EB91EBB75BBE
SD NEGERI DEMANGHARJO 03,20326086,SD,Negeri,Kec. Warureja,032818,Kab. Tegal,032800,Prov. Jawa Tengah,030000,7,3,238,9,6,0,1,11,02 May 2026 08:19:33,EE4B38392B8B0F6604BB
SD NEGERI KEDUNGJATI 01,20325164,SD,Negeri,Kec. Warureja,032818,Kab. Tegal,032800,Prov. Jawa Tengah,030000,7,2,214,6,7,0,1,35,17 Apr 2026 13:03:14,C6462138EFC1781B94EA
SD NEGERI KEDUNGJATI 02,20325163,SD,Negeri,Kec. Warureja,032818,Kab. Tegal,032800,Prov. Jawa Tengah,030000,7,3,157,6,6,0,1,14,17 Apr 2026 08:22:02,712EDD56C549BD12BB80
SD NEGERI KEDUNGJATI 03,20325162,SD,Negeri,Kec. Warureja,032818,Kab. Tegal,032800,Prov. Jawa Tengah,030000,6,4,130,6,6,0,1,16,10 Apr 2026 08:40:15,F669DCDB6318D99094F2
SD NEGERI KEDUNGJATI 04,20325161,SD,Negeri,Kec. Warureja,032818,Kab. Tegal,032800,Prov. Jawa Tengah,030000,6,2,101,6,4,0,0,9,08 Apr 2026 07:16:10,0FDDD3283F06780DBD9A
SD NEGERI KEDUNGKELOR 01,20325160,SD,Negeri,Kec. Warureja,032818,Kab. Tegal,032800,Prov. Jawa Tengah,030000,10,2,222,9,10,0,0,43,30 Apr 2026 08:40:58,810895AA4C842C7F6700
SD NEGERI KEDUNGKELOR 02,20325142,SD,Negeri,Kec. Warureja,032818,Kab. Tegal,032800,Prov. Jawa Tengah,030000,13,2,336,12,11,0,1,19,07 Apr 2026 09:20:21,F94E358763BB660A9061
SD NEGERI KENDAYAKAN 01,20325109,SD,Negeri,Kec. Warureja,032818,Kab. Tegal,032800,Prov. Jawa Tengah,030000,7,2,153,6,6,0,0,30,16 Apr 2026 11:34:39,1EA23D81512324F3228E
SD NEGERI KENDAYAKAN 02,20325108,SD,Negeri,Kec. Warureja,032818,Kab. Tegal,032800,Prov. Jawa Tengah,030000,6,2,93,6,6,0,0,9,17 Apr 2026 08:00:54,6D3F90512FB59506FE1D
SD NEGERI KENDAYAKAN 03,20325107,SD,Negeri,Kec. Warureja,032818,Kab. Tegal,032800,Prov. Jawa Tengah,030000,7,1,193,6,7,0,1,17,30 Apr 2026 12:17:46,604455DEBAA4EA384F59
SD NEGERI KREMAN 01,20325211,SD,Negeri,Kec. Warureja,032818,Kab. Tegal,032800,Prov. Jawa Tengah,030000,7,3,183,6,6,0,1,10,02 Apr 2026 18:57:47,3E11BBD8EEAE8BEF418F
SD NEGERI KREMAN 02,20325212,SD,Negeri,Kec. Warureja,032818,Kab. Tegal,032800,Prov. Jawa Tengah,030000,7,3,217,6,8,0,1,49,26 Apr 2026 18:56:25,E1E7B2A7E75CB9A2282B
SD NEGERI RANGIMULYA,20325449,SD,Negeri,Kec. Warureja,032818,Kab. Tegal,032800,Prov. Jawa Tengah,030000,6,3,146,6,6,0,1,13,16 Apr 2026 10:43:33,133CE84453ED8D14411C
SD NEGERI SIDAMULYA 01,20325446,SD,Negeri,Kec. Warureja,032818,Kab. Tegal,032800,Prov. Jawa Tengah,030000,10,3,275,9,9,0,1,21,11 Apr 2026 07:12:39,B8C925E44F77A442FEA6
SD NEGERI SIDAMULYA 02,20325445,SD,Negeri,Kec. Warureja,032818,Kab. Tegal,032800,Prov. Jawa Tengah,030000,8,2,172,6,8,1,1,19,17 Apr 2026 08:00:15,319D6DE7EC9452121F07
SD NEGERI SIGENTONG,20325435,SD,Negeri,Kec. Warureja,032818,Kab. Tegal,032800,Prov. Jawa Tengah,030000,11,3,318,11,11,0,1,30,30 Apr 2026 08:36:26,53F96FFD2B2B4D590591
SD NEGERI SUKAREJA 01,20325403,SD,Negeri,Kec. Warureja,032818,Kab. Tegal,032800,Prov. Jawa Tengah,030000,10,2,245,8,8,0,1,9,13 Apr 2026 11:08:25,F22D1FF1CD5ED099FACA
SD NEGERI SUKAREJA 02,20325402,SD,Negeri,Kec. Warureja,032818,Kab. Tegal,032800,Prov. Jawa Tengah,030000,13,1,273,12,12,0,0,17,11 Apr 2026 05:53:48,3A295D4EBA531513021B
SD NEGERI SUKAREJA 04,20325400,SD,Negeri,Kec. Warureja,032818,Kab. Tegal,032800,Prov. Jawa Tengah,030000,8,4,133,6,6,0,1,15,10 Apr 2026 09:00:54,9947FE7107512391549F
SD NEGERI WARUREJA 01,20325450,SD,Negeri,Kec. Warureja,032818,Kab. Tegal,032800,Prov. Jawa Tengah,030000,15,4,346,12,12,0,0,19,13 Apr 2026 10:15:27,517D813FE8A619A3AD35
SMP NEGERI 1 WARUREJA,20325319,SMP,Negeri,Kec. Warureja,032818,Kab. Tegal,032800,Prov. Jawa Tengah,030000,44,8,955,30,28,5,1,22,17 Apr 2026 09:55:35,4ECD382122ADC5AC7172
SMP NEGERI 2 WARUREJA,20325339,SMP,Negeri,Kec. Warureja,032818,Kab. Tegal,032800,Prov. Jawa Tengah,030000,45,11,931,30,30,5,1,46,07 Apr 2026 12:40:25,2FF9C7B96FE6CF0B97C1
SMP NEGERI 3 WARUREJA,20354533,SMP,Negeri,Kec. Warureja,032818,Kab. Tegal,032800,Prov. Jawa Tengah,030000,24,8,416,15,17,2,1,37,18 Apr 2026 15:55:59,83D24DF7E6D94729D29F
SMP DAARU ULIL ALBAAB WARUREJA,20325380,SMP,Swasta,Kec. Warureja,032818,Kab. Tegal,032800,Prov. Jawa Tengah,030000,3,2,8,3,9,2,1,3,20 Apr 2026 10:40:35,1E21EF5CB81E6064AFCA
SMA NEGERI 1 WARUREJA,20325298,SMA,Negeri,Kec. Warureja,032818,Kab. Tegal,032800,Prov. Jawa Tengah,030000,47,10,828,24,21,6,1,89,24 Apr 2026 17:19:08,D6705C353F8945477CD3
SMAS DAARU ULIL AL BAAB WARUREJA,20325282,SMA,Swasta,Kec. Warureja,032818,Kab. Tegal,032800,Prov. Jawa Tengah,030000,2,2,7,2,5,5,1,3,27 Jan 2026 10:15:19,3E4791875C4CF02322A9
SMK NEGERI 1 WARUREJA,20325276,SMK,Negeri,Kec. Warureja,032818,Kab. Tegal,032800,Prov. Jawa Tengah,030000,85,19,1454,42,34,5,1,64,20 Apr 2026 07:13:29,ADD136DFF05E8050F48A
SD NEGERI BATUNYANA,20325996,SD,Negeri,Kec. Bojong,032803,Kab. Tegal,032800,Prov. Jawa Tengah,030000,7,1,144,6,6,0,0,13,07 Apr 2026 10:45:10,DDBAF2C55595B98502DE
SD NEGERI BOJONG 01,20326014,SD,Negeri,Kec. Bojong,032803,Kab. Tegal,032800,Prov. Jawa Tengah,030000,6,2,158,6,6,1,1,10,18 Apr 2026 10:07:56,691B0071913D960D6046
SD NEGERI BOJONG 02,20326013,SD,Negeri,Kec. Bojong,032803,Kab. Tegal,032800,Prov. Jawa Tengah,030000,12,1,361,11,10,0,1,15,07 Apr 2026 15:43:25,0B8648771E83F984E8C5
SD NEGERI BOJONG 03,20326011,SD,Negeri,Kec. Bojong,032803,Kab. Tegal,032800,Prov. Jawa Tengah,030000,7,3,136,6,6,0,1,13,02 May 2026 09:29:58,08E450E5AEB83881F5D7
SD NEGERI BOJONG 04,20326010,SD,Negeri,Kec. Bojong,032803,Kab. Tegal,032800,Prov. Jawa Tengah,030000,7,3,208,6,6,0,1,22,28 Apr 2026 16:06:48,8305A58CAFD88A0671AD
SD NEGERI BUNIWAH 01,20325966,SD,Negeri,Kec. Bojong,032803,Kab. Tegal,032800,Prov. Jawa Tengah,030000,6,3,110,6,6,0,0,14,11 Apr 2026 11:18:09,9B883F066431A6A093B8
SD NEGERI BUNIWAH 02,20325967,SD,Negeri,Kec. Bojong,032803,Kab. Tegal,032800,Prov. Jawa Tengah,030000,8,2,122,6,6,0,0,18,27 Apr 2026 14:02:24,C231236E8C5A931224E6
SD NEGERI CIKURA 01,20326068,SD,Negeri,Kec. Bojong,032803,Kab. Tegal,032800,Prov. Jawa Tengah,030000,8,1,257,7,8,0,1,30,30 Apr 2026 18:15:30,259CB6D092E0FE6D6B66
SD NEGERI CIKURA 02,20326067,SD,Negeri,Kec. Bojong,032803,Kab. Tegal,032800,Prov. Jawa Tengah,030000,5,3,133,6,6,0,1,13,21 Apr 2026 17:02:35,0A1D7E313B4033D42436
SD NEGERI DANASARI 01,20326056,SD,Negeri,Kec. Bojong,032803,Kab. Tegal,032800,Prov. Jawa Tengah,030000,7,2,159,6,6,0,1,26,16 Apr 2026 20:59:28,F9966417B27DC79F7BCE
SD NEGERI DANASARI 02,20326055,SD,Negeri,Kec. Bojong,032803,Kab. Tegal,032800,Prov. Jawa Tengah,030000,7,2,153,6,6,0,1,13,24 Apr 2026 07:35:26,01E5291CB10332D503D9
SD NEGERI DUKUHTENGAH,20360321,SD,Negeri,Kec. Bojong,032803,Kab. Tegal,032800,Prov. Jawa Tengah,030000,11,3,331,11,9,0,1,45,28 Apr 2026 16:50:55,24FE925EF1E3F9CA297F
SD NEGERI GUNUNGJATI,20325870,SD,Negeri,Kec. Bojong,032803,Kab. Tegal,032800,Prov. Jawa Tengah,030000,9,1,202,7,6,0,1,20,30 Apr 2026 10:03:43,E2D21D3871FA732057FE
SD NEGERI KAJENENGAN 01,20325933,SD,Negeri,Kec. Bojong,032803,Kab. Tegal,032800,Prov. Jawa Tengah,030000,8,2,190,6,6,0,1,10,23 Apr 2026 10:15:24,2F4ECA2110E2A2B2BBF3
SD NEGERI KAJENENGAN 02,20325947,SD,Negeri,Kec. Bojong,032803,Kab. Tegal,032800,Prov. Jawa Tengah,030000,7,4,208,6,7,0,1,14,17 Apr 2026 15:00:47,A3D49C7F3D960687D008
SD NEGERI KALIJAMBU,20325934,SD,Negeri,Kec. Bojong,032803,Kab. Tegal,032800,Prov. Jawa Tengah,030000,8,2,220,6,7,0,0,21,02 May 2026 13:19:56,AA563461785886AB7712
SD NEGERI KARANGMULYA 01,20362231,SD,Negeri,Kec. Bojong,032803,Kab. Tegal,032800,Prov. Jawa Tengah,030000,8,2,125,6,6,0,1,8,02 Apr 2026 20:08:47,72ED776ABF670FA8586D
SD NEGERI KARANGMULYA 02,20362217,SD,Negeri,Kec. Bojong,032803,Kab. Tegal,032800,Prov. Jawa Tengah,030000,9,3,254,7,7,0,1,17,20 Apr 2026 07:13:50,CF08B6A2710BD5E47843
SD NEGERI KEDAWUNG,20325159,SD,Negeri,Kec. Bojong,032803,Kab. Tegal,032800,Prov. Jawa Tengah,030000,11,3,286,11,11,0,1,17,11 Apr 2026 11:06:26,43B2E5DAB07ED83859C1
SD NEGERI LENGKONG 01,20325180,SD,Negeri,Kec. Bojong,032803,Kab. Tegal,032800,Prov. Jawa Tengah,030000,8,1,152,6,6,0,0,11,29 Apr 2026 14:22:57,0DBFB9A2DAE98C445ACA
SD NEGERI LENGKONG 02,20325179,SD,Negeri,Kec. Bojong,032803,Kab. Tegal,032800,Prov. Jawa Tengah,030000,6,3,176,6,7,0,1,21,29 Apr 2026 09:29:44,DF59752649F3249B9351
SD NEGERI PUCANGLUWUK 01,20325039,SD,Negeri,Kec. Bojong,032803,Kab. Tegal,032800,Prov. Jawa Tengah,030000,7,3,230,6,7,0,1,18,10 Apr 2026 07:57:41,736C7F644BF9DAD3B1EE
SD NEGERI PUCANGLUWUK 02,20325053,SD,Negeri,Kec. Bojong,032803,Kab. Tegal,032800,Prov. Jawa Tengah,030000,8,2,152,6,6,0,1,22,10 Apr 2026 09:34:50,C81E093E44D8CDCB814F
SD NEGERI REMBUL 01,20325430,SD,Negeri,Kec. Bojong,032803,Kab. Tegal,032800,Prov. Jawa Tengah,030000,10,3,395,12,9,0,1,54,24 Apr 2026 09:42:24,95A11CD148950418BD9A
SD NEGERI REMBUL 02,20325429,SD,Negeri,Kec. Bojong,032803,Kab. Tegal,032800,Prov. Jawa Tengah,030000,8,1,127,6,6,1,1,18,01 May 2026 17:42:53,BFACF890CA3DE6CD0714
SD NEGERI REMBUL 03,20325428,SD,Negeri,Kec. Bojong,032803,Kab. Tegal,032800,Prov. Jawa Tengah,030000,11,2,306,10,11,1,2,10,16 Apr 2026 19:57:07,FAEC534BF7FBA5E2F516
SD NEGERI SANGKANAYU,20325427,SD,Negeri,Kec. Bojong,032803,Kab. Tegal,032800,Prov. Jawa Tengah,030000,6,2,130,6,6,0,0,6,23 Feb 2026 09:13:19,25AA751E0F08AC2AFC14
SD NEGERI SUNIARSIH,20325494,SD,Negeri,Kec. Bojong,032803,Kab. Tegal,032800,Prov. Jawa Tengah,030000,7,2,252,6,7,0,1,44,13 Apr 2026 16:12:10,BB192BF08DCEABEE9702
SD NEGERI TUWEL 01,20325480,SD,Negeri,Kec. Bojong,032803,Kab. Tegal,032800,Prov. Jawa Tengah,030000,9,3,234,8,8,1,1,34,10 Apr 2026 21:52:48,B9F632905270BAE810A4
SD NEGERI TUWEL 02,20325479,SD,Negeri,Kec. Bojong,032803,Kab. Tegal,032800,Prov. Jawa Tengah,030000,7,1,140,6,6,0,1,28,16 Apr 2026 14:27:19,3BA83411D4D87BDAB5E5
SD NEGERI TUWEL 03,20325478,SD,Negeri,Kec. Bojong,032803,Kab. Tegal,032800,Prov. Jawa Tengah,030000,7,3,237,6,6,0,1,13,17 Apr 2026 09:48:50,6C5DD7A6FD59605CAF1B
SMP NEGERI 1 BOJONG,20325370,SMP,Negeri,Kec. Bojong,032803,Kab. Tegal,032800,Prov. Jawa Tengah,030000,42,11,855,27,27,6,1,16,02 Mar 2026 19:33:03,3C99C7143FC9D2EDA392
SMP NEGERI 2 BOJONG,20325316,SMP,Negeri,Kec. Bojong,032803,Kab. Tegal,032800,Prov. Jawa Tengah,030000,25,9,489,16,18,1,1,13,18 Apr 2026 07:11:31,70EF353FD34B62011867
SMP NEGERI 3 SATU ATAP BOJONG,69965038,SMP,Negeri,Kec. Bojong,032803,Kab. Tegal,032800,Prov. Jawa Tengah,030000,16,4,254,9,6,1,1,17,08 Apr 2026 07:30:03,CC77C54455ECCD63390C
SMP AL Mansyur Bojong,69979496,SMP,Swasta,Kec. Bojong,032803,Kab. Tegal,032800,Prov. Jawa Tengah,030000,9,4,57,3,5,3,2,24,09 Apr 2026 08:39:01,950A86F90097C35ACE3B
SMP ISLAM AL MUSYAFFA` BOJONG,60728469,SMP,Swasta,Kec. Bojong,032803,Kab. Tegal,032800,Prov. Jawa Tengah,030000,11,1,95,4,7,2,0,10,22 Apr 2026 00:30:03,FA4BE71737A5DE31AE7B
SMP NU 01 BERBASIS PESANTREN BOJONG,69949486,SMP,Swasta,Kec. Bojong,032803,Kab. Tegal,032800,Prov. Jawa Tengah,030000,10,5,191,7,9,1,1,31,23 Apr 2026 15:32:04,400E687C69B94A095F05
SMA NEGERI 1 BOJONG,20325304,SMA,Negeri,Kec. Bojong,032803,Kab. Tegal,032800,Prov. Jawa Tengah,030000,45,12,834,24,24,8,1,14,25 Apr 2026 21:40:08,0A0B43E2E3F1CE64EC64
SMK AL MUSYAFFA` BOJONG,20361876,SMK,Swasta,Kec. Bojong,032803,Kab. Tegal,032800,Prov. Jawa Tengah,030000,7,3,83,3,3,1,1,14,22 Apr 2026 08:37:29,C429B2F4A09CA12535E7
SMK HASYIM ASYARI BOJONG,69756403,SMK,Swasta,Kec. Bojong,032803,Kab. Tegal,032800,Prov. Jawa Tengah,030000,24,4,643,19,19,1,1,59,29 Apr 2026 12:40:30,E1181DB8CEB572FF618E
SD NEGERI JATIWANGI 01,20325838,SD,Negeri,Kec. Pagerbarang,032805,Kab. Tegal,032800,Prov. Jawa Tengah,030000,6,3,162,6,6,0,1,18,06 Apr 2026 16:56:50,432203EEF1C30E187B94
SD NEGERI JATIWANGI 02,20325837,SD,Negeri,Kec. Pagerbarang,032805,Kab. Tegal,032800,Prov. Jawa Tengah,030000,8,2,159,6,6,0,1,19,13 Apr 2026 23:25:07,BD3DD051E7A8D5E56C81
SD NEGERI JATIWANGI 03,20325836,SD,Negeri,Kec. Pagerbarang,032805,Kab. Tegal,032800,Prov. Jawa Tengah,030000,7,3,130,6,6,0,1,24,10 Apr 2026 07:13:58,77158C20C1BEBD580D35
SD NEGERI KARANGANYAR,20325911,SD,Negeri,Kec. Pagerbarang,032805,Kab. Tegal,032800,Prov. Jawa Tengah,030000,13,2,298,12,10,0,0,18,13 Apr 2026 18:24:17,8E39D54A68FA899BBF0D
SD NEGERI KEDUNGSUGIH 01,20325141,SD,Negeri,Kec. Pagerbarang,032805,Kab. Tegal,032800,Prov. Jawa Tengah,030000,8,2,169,6,6,0,0,24,30 Apr 2026 14:39:26,1DD9CAF4E30C09196EB3
SD NEGERI KERTAHARJA 01,20325136,SD,Negeri,Kec. Pagerbarang,032805,Kab. Tegal,032800,Prov. Jawa Tengah,030000,9,2,200,7,5,0,0,32,02 Apr 2026 09:24:46,08B431D7A2404D475FF0
SD NEGERI KERTAHARJA 02,20325134,SD,Negeri,Kec. Pagerbarang,032805,Kab. Tegal,032800,Prov. Jawa Tengah,030000,6,3,170,6,6,0,1,28,03 Apr 2026 05:43:02,3530D52163D0074F608C
SD NEGERI KERTAHARJA 03,20325133,SD,Negeri,Kec. Pagerbarang,032805,Kab. Tegal,032800,Prov. Jawa Tengah,030000,7,2,143,6,6,1,1,23,02 May 2026 08:10:59,191FA54CD4921BB4F400
SD NEGERI MULYOHARJO 01,20325010,SD,Negeri,Kec. Pagerbarang,032805,Kab. Tegal,032800,Prov. Jawa Tengah,030000,7,3,195,6,6,0,1,19,07 Apr 2026 10:12:06,E91C191F718ED09FF1C2
SD NEGERI MULYOHARJO 02,20325009,SD,Negeri,Kec. Pagerbarang,032805,Kab. Tegal,032800,Prov. Jawa Tengah,030000,8,2,166,6,6,0,0,25,03 Apr 2026 08:07:17,9DA781798CBB7598508F
SD NEGERI PAGERBARANG 01,20325027,SD,Negeri,Kec. Pagerbarang,032805,Kab. Tegal,032800,Prov. Jawa Tengah,030000,7,3,131,6,6,0,1,47,30 Apr 2026 13:48:40,D1FE8C249E435B47818C
SD NEGERI PAGERBARANG 02,20325026,SD,Negeri,Kec. Pagerbarang,032805,Kab. Tegal,032800,Prov. Jawa Tengah,030000,9,1,149,6,6,0,1,44,04 Apr 2026 12:15:21,555846541E7927E9ADFA
SD NEGERI PAGERBARANG 03,20325025,SD,Negeri,Kec. Pagerbarang,032805,Kab. Tegal,032800,Prov. Jawa Tengah,030000,8,2,270,8,9,0,1,14,13 Apr 2026 16:10:17,65AA935A2D4E24C8BC35
SD NEGERI PAGERBARANG 04,20325024,SD,Negeri,Kec. Pagerbarang,032805,Kab. Tegal,032800,Prov. Jawa Tengah,030000,8,2,98,6,5,0,1,17,13 Apr 2026 11:02:06,13903428DAA6725DE785
SD NEGERI PESAREAN 01,20354043,SD,Negeri,Kec. Pagerbarang,032805,Kab. Tegal,032800,Prov. Jawa Tengah,030000,14,3,295,12,12,0,2,28,01 May 2026 13:48:00,8AAC2F3089D6F3AF873B
SD NEGERI RAJEGWESI 01,20325066,SD,Negeri,Kec. Pagerbarang,032805,Kab. Tegal,032800,Prov. Jawa Tengah,030000,7,3,194,7,6,0,1,26,02 May 2026 09:17:59,D7CCD982FA9F3667078B
SD NEGERI RAJEGWESI 02,20325065,SD,Negeri,Kec. Pagerbarang,032805,Kab. Tegal,032800,Prov. Jawa Tengah,030000,8,1,131,6,6,0,1,17,04 Apr 2026 07:59:43,C9BE8866F23CC9CFFCB6
SD NEGERI RANDUSARI 01,20325060,SD,Negeri,Kec. Pagerbarang,032805,Kab. Tegal,032800,Prov. Jawa Tengah,030000,16,2,327,12,12,0,1,37,13 Apr 2026 21:47:54,AF02368CDFD3FAFEF6C4
SD NEGERI RANDUSARI 02,20325059,SD,Negeri,Kec. Pagerbarang,032805,Kab. Tegal,032800,Prov. Jawa Tengah,030000,5,3,100,6,6,0,1,26,30 Apr 2026 12:47:55,29E768FB1853DF195398
SD NEGERI RANDUSARI 03,20325058,SD,Negeri,Kec. Pagerbarang,032805,Kab. Tegal,032800,Prov. Jawa Tengah,030000,8,0,137,6,6,0,0,15,03 Mar 2026 07:33:23,5B4461646A9000AECBA9
SD NEGERI RANDUSARI 04,20325057,SD,Negeri,Kec. Pagerbarang,032805,Kab. Tegal,032800,Prov. Jawa Tengah,030000,10,2,185,8,11,0,0,14,22 Apr 2026 08:58:52,95F5DD36D60F0E62EE6B
SD NEGERI RANDUSARI 06,20325038,SD,Negeri,Kec. Pagerbarang,032805,Kab. Tegal,032800,Prov. Jawa Tengah,030000,8,3,181,6,6,0,1,47,30 Apr 2026 11:41:23,0E1C85AC8C505A50915B
SD NEGERI SEMBOJA 01,20325423,SD,Negeri,Kec. Pagerbarang,032805,Kab. Tegal,032800,Prov. Jawa Tengah,030000,7,3,132,6,6,0,1,31,15 Apr 2026 10:17:22,9F1F43219F573A964F09
SD NEGERI SEMBOJA 02,20325422,SD,Negeri,Kec. Pagerbarang,032805,Kab. Tegal,032800,Prov. Jawa Tengah,030000,7,2,91,6,6,0,1,22,09 Apr 2026 06:23:04,159B274A1F129D4F69B6
SD NEGERI SIDOMULYO,20325438,SD,Negeri,Kec. Pagerbarang,032805,Kab. Tegal,032800,Prov. Jawa Tengah,030000,9,3,272,9,7,0,1,23,24 Apr 2026 08:47:45,6AE6ABC2DDE140006179
SD NEGERI SRENGSENG 01,20325406,SD,Negeri,Kec. Pagerbarang,032805,Kab. Tegal,032800,Prov. Jawa Tengah,030000,13,2,253,12,12,0,1,18,04 Apr 2026 09:40:53,A048108834AA03BF0E0E
SD NEGERI SRENGSENG 02,20325405,SD,Negeri,Kec. Pagerbarang,032805,Kab. Tegal,032800,Prov. Jawa Tengah,030000,7,3,175,6,7,0,1,12,01 May 2026 05:28:03,1D24013CBB0FAFFAA4D4
SD NEGERI SUROKIDUL 01,20325488,SD,Negeri,Kec. Pagerbarang,032805,Kab. Tegal,032800,Prov. Jawa Tengah,030000,7,3,160,6,6,0,1,6,13 Apr 2026 13:53:31,89249000E122DC21F400
SD NEGERI SUROKIDUL 02,20325487,SD,Negeri,Kec. Pagerbarang,032805,Kab. Tegal,032800,Prov. Jawa Tengah,030000,7,1,192,6,6,0,1,19,11 Apr 2026 07:11:15,E19E8699A208B974D45F
SD NEGERI SUROKIDUL 03,20325486,SD,Negeri,Kec. Pagerbarang,032805,Kab. Tegal,032800,Prov. Jawa Tengah,030000,8,1,78,6,6,0,0,15,21 Apr 2026 10:35:22,A2027711DCE081BC11DB
SMP NEGERI 1 PAGERBARANG,20325325,SMP,Negeri,Kec. Pagerbarang,032805,Kab. Tegal,032800,Prov. Jawa Tengah,030000,38,14,860,27,28,4,1,22,13 Apr 2026 11:46:26,152A99E684F99FC602FA
SMP NEGERI 2 PAGERBARANG,20325344,SMP,Negeri,Kec. Pagerbarang,032805,Kab. Tegal,032800,Prov. Jawa Tengah,030000,34,9,698,23,23,2,1,18,16 Apr 2026 14:23:26,9081A910B18CA630FB02
SMA NEGERI 1 PAGERBARANG,20340793,SMA,Negeri,Kec. Pagerbarang,032805,Kab. Tegal,032800,Prov. Jawa Tengah,030000,49,11,833,24,21,7,1,28,24 Apr 2026 09:43:32,1DAE9B54C43CFEA6955E
SD NEGERI DUKUHJATI WETAN 01,20326049,SD,Negeri,Kec. Kedungbanteng,032808,Kab. Tegal,032800,Prov. Jawa Tengah,030000,6,2,125,6,6,0,1,15,17 Apr 2026 10:34:01,5CAA19DE6C49F9F72D9F
SD NEGERI DUKUHJATI WETAN 02,20326048,SD,Negeri,Kec. Kedungbanteng,032808,Kab. Tegal,032800,Prov. Jawa Tengah,030000,8,3,90,6,8,0,1,21,15 Apr 2026 13:56:02,AAA65EFFB20A7A097BD1
SD NEGERI KARANGANYAR 01,20325909,SD,Negeri,Kec. Kedungbanteng,032808,Kab. Tegal,032800,Prov. Jawa Tengah,030000,7,3,212,6,6,0,1,27,15 Apr 2026 07:25:44,BF11A8A5BE965D418E76
SD NEGERI KARANGANYAR 02,20325908,SD,Negeri,Kec. Kedungbanteng,032808,Kab. Tegal,032800,Prov. Jawa Tengah,030000,8,2,249,7,8,0,1,8,21 Feb 2026 20:56:01,961A5DBCA0DF1239C0D0
SD NEGERI KARANGANYAR 03,20325906,SD,Negeri,Kec. Kedungbanteng,032808,Kab. Tegal,032800,Prov. Jawa Tengah,030000,8,2,117,6,6,0,1,20,25 Mar 2026 09:10:28,ADC32D81C4D044DCE624
SD NEGERI KARANGANYAR 04,20325905,SD,Negeri,Kec. Kedungbanteng,032808,Kab. Tegal,032800,Prov. Jawa Tengah,030000,11,2,222,9,9,0,1,20,07 Mar 2026 05:25:43,6AE3BB371BDAF6782043
SD NEGERI KARANGANYAR 05,20325904,SD,Negeri,Kec. Kedungbanteng,032808,Kab. Tegal,032800,Prov. Jawa Tengah,030000,8,2,118,6,6,0,0,17,06 Apr 2026 18:45:07,37E9EF3D7CC738B72835
SD NEGERI KARANGMALANG 01,20325153,SD,Negeri,Kec. Kedungbanteng,032808,Kab. Tegal,032800,Prov. Jawa Tengah,030000,8,2,204,6,8,0,1,29,16 Apr 2026 19:56:02,2A2DC11934E186E39F97
SD NEGERI KARANGMALANG 02,20325152,SD,Negeri,Kec. Kedungbanteng,032808,Kab. Tegal,032800,Prov. Jawa Tengah,030000,9,3,214,7,8,0,1,30,07 Apr 2026 20:38:32,892C1D0C0CD078B26C7B
SD NEGERI KEBANDINGAN 01,20325143,SD,Negeri,Kec. Kedungbanteng,032808,Kab. Tegal,032800,Prov. Jawa Tengah,030000,8,1,192,6,8,0,1,13,03 Mar 2026 04:40:36,130CCED9924A617EC0D5
SD NEGERI KEDUNGBANTENG 01,20325169,SD,Negeri,Kec. Kedungbanteng,032808,Kab. Tegal,032800,Prov. Jawa Tengah,030000,9,2,181,6,7,0,0,20,07 Apr 2026 11:08:27,E3F0D3AC646978883BAA
SD NEGERI KEDUNGBANTENG 02,20325168,SD,Negeri,Kec. Kedungbanteng,032808,Kab. Tegal,032800,Prov. Jawa Tengah,030000,13,2,291,11,12,1,1,13,13 Apr 2026 04:31:52,EDF5AFCC93EF9DC3E1E8
SD NEGERI KEDUNGBANTENG 04,20325166,SD,Negeri,Kec. Kedungbanteng,032808,Kab. Tegal,032800,Prov. Jawa Tengah,030000,9,2,100,6,6,0,0,36,14 Apr 2026 20:51:57,6AC410DA7FC13BEAFBAF
SD NEGERI MARGAMULYA 01,20325205,SD,Negeri,Kec. Kedungbanteng,032808,Kab. Tegal,032800,Prov. Jawa Tengah,030000,8,3,156,6,6,0,0,28,18 Apr 2026 08:30:28,06DF938A47E0994CF074
SD NEGERI MARGAMULYA 02,20325204,SD,Negeri,Kec. Kedungbanteng,032808,Kab. Tegal,032800,Prov. Jawa Tengah,030000,8,3,185,7,6,0,1,11,10 Feb 2026 09:13:07,A250790FBE791B27A202
SD NEGERI PENUJAH,20325102,SD,Negeri,Kec. Kedungbanteng,032808,Kab. Tegal,032800,Prov. Jawa Tengah,030000,8,3,79,6,6,0,1,25,13 Apr 2026 08:27:58,D9580C96555E59F68580
SD NEGERI SEMEDO,20325421,SD,Negeri,Kec. Kedungbanteng,032808,Kab. Tegal,032800,Prov. Jawa Tengah,030000,13,2,275,12,12,0,1,21,02 May 2026 09:22:45,DF9523F617E54EC45DA3
SD NEGERI SUMINGKIR 01,20325496,SD,Negeri,Kec. Kedungbanteng,032808,Kab. Tegal,032800,Prov. Jawa Tengah,030000,8,2,103,6,6,0,0,15,04 Mar 2026 11:25:56,ADAEA70F9C67CF4E7198
SD NEGERI SUMINGKIR 02,20325495,SD,Negeri,Kec. Kedungbanteng,032808,Kab. Tegal,032800,Prov. Jawa Tengah,030000,7,3,162,6,6,0,1,14,01 May 2026 20:47:02,D907C80F38A515DEEC77
SD NEGERI TONGGARA 01,20325453,SD,Negeri,Kec. Kedungbanteng,032808,Kab. Tegal,032800,Prov. Jawa Tengah,030000,10,2,185,8,7,1,1,16,16 Apr 2026 08:52:43,9826007F18ACAF72145D
SD NEGERI TONGGARA 02,20325452,SD,Negeri,Kec. Kedungbanteng,032808,Kab. Tegal,032800,Prov. Jawa Tengah,030000,8,2,205,6,6,0,1,27,17 Apr 2026 08:08:45,95A0064E595B6BB6D0F6
SMP NEGERI 1 KEDUNGBANTENG,20325348,SMP,Negeri,Kec. Kedungbanteng,032808,Kab. Tegal,032800,Prov. Jawa Tengah,030000,46,14,926,29,27,4,1,18,15 Apr 2026 08:46:57,66B0C9CF88DB14407E28
SMP BHAKTI PRAJA KEDUNGBANTENG,20325264,SMP,Swasta,Kec. Kedungbanteng,032808,Kab. Tegal,032800,Prov. Jawa Tengah,030000,6,6,69,3,9,2,1,26,10 Apr 2026 21:11:23,C3FFABE1CE4ADA362208
SMP NAWA KARTIKA KEDUNGBANTENG,69949485,SMP,Swasta,Kec. Kedungbanteng,032808,Kab. Tegal,032800,Prov. Jawa Tengah,030000,11,2,149,6,6,0,1,37,20 Apr 2026 22:32:59,FBBC1CEE0863870938B5
SMK WALIJAWA KEDUNGBANTENG,60728470,SMK,Swasta,Kec. Kedungbanteng,032808,Kab. Tegal,032800,Prov. Jawa Tengah,030000,9,2,80,6,6,1,0,42,02 May 2026 11:31:22,D661CA70E95F8D02B6C8
