nama_sekolah,npsn,bentuk_pendidikan,status_sekolah,kecamatan,kode_kecamatan,kabupaten,kode_kabupaten,provinsi,kode_provinsi,jumlah_guru_ptk,jumlah_pegawai,jumlah_peserta_didik,jumlah_rombel,jumlah_ruang_kelas,jumlah_lab,jumlah_perpustakaan,jumlah_kirim_sinkron,sinkron_terakhir,sekolah_id_enkrip
SD NEGERI 001 BATAM KOTA,11001591,SD,Negeri,Kec. Batam Kota,316012,Kota Batam,316000,Prov. Kepulauan Riau,310000,38,8,1260,34,18,1,1,19,29 Apr 2026 12:29:51,421F6355606802055B77
SD NEGERI 002 BATAM KOTA,11001641,SD,Negeri,Kec. Batam Kota,316012,Kota Batam,316000,Prov. Kepulauan Riau,310000,20,3,632,18,10,1,1,28,28 Apr 2026 15:01:35,A9CE0F0C0BA72DB68A0D
SD NEGERI 003 BATAM KOTA,11001564,SD,Negeri,Kec. Batam Kota,316012,Kota Batam,316000,Prov. Kepulauan Riau,310000,27,5,859,24,17,0,1,23,12 Mar 2026 10:15:03,785CF2E4BA7861A339C0
SD NEGERI 004 BATAM KOTA,11001574,SD,Negeri,Kec. Batam Kota,316012,Kota Batam,316000,Prov. Kepulauan Riau,310000,14,4,493,15,9,1,1,46,02 Apr 2026 12:16:22,C3B120459A549CFF6B0B
SD NEGERI 005 BATAM KOTA,11001568,SD,Negeri,Kec. Batam Kota,316012,Kota Batam,316000,Prov. Kepulauan Riau,310000,30,6,884,26,17,0,1,50,29 Apr 2026 15:51:27,08273485B4F7F697B35F
SD NEGERI 006 BATAM KOTA,11001577,SD,Negeri,Kec. Batam Kota,316012,Kota Batam,316000,Prov. Kepulauan Riau,310000,41,7,1454,35,17,1,1,31,30 Apr 2026 11:49:31,E9ECB50C2B71C36A13E8
SD NEGERI 007 BATAM KOTA,11001580,SD,Negeri,Kec. Batam Kota,316012,Kota Batam,316000,Prov. Kepulauan Riau,310000,30,2,723,23,15,1,1,40,21 Apr 2026 02:32:11,B9FA1E9FF67970A0F0A9
SD NEGERI 008 BATAM KOTA,11002285,SD,Negeri,Kec. Batam Kota,316012,Kota Batam,316000,Prov. Kepulauan Riau,310000,30,4,809,24,12,0,1,38,29 Apr 2026 07:39:21,AEA2824BD69B9BC3BECA
SD NEGERI 009 BATAM KOTA,11003047,SD,Negeri,Kec. Batam Kota,316012,Kota Batam,316000,Prov. Kepulauan Riau,310000,44,10,1563,39,19,0,1,18,22 Apr 2026 12:21:32,8EEE51E13845CACC0233
SD NEGERI 010 BATAM KOTA,11003049,SD,Negeri,Kec. Batam Kota,316012,Kota Batam,316000,Prov. Kepulauan Riau,310000,39,8,1364,36,18,1,1,34,29 Apr 2026 13:23:02,CCD5910E4732F41C1B9C
SD AL KAFFAH,11001669,SD,Swasta,Kec. Batam Kota,316012,Kota Batam,316000,Prov. Kepulauan Riau,310000,33,7,717,24,24,2,1,35,30 Apr 2026 11:30:39,F9B66C738B1A5842F009
SD AL KAHFI ISLAMIC SCHOOL,69949888,SD,Swasta,Kec. Batam Kota,316012,Kota Batam,316000,Prov. Kepulauan Riau,310000,38,1,236,12,19,3,1,13,04 Mar 2026 08:10:42,4EAC12B8ADD66CA7ABF3
SD AUSTRALIAN INTERCULTURAL SCHOOL,69975587,SD,Swasta,Kec. Batam Kota,316012,Kota Batam,316000,Prov. Kepulauan Riau,310000,20,1,252,12,13,1,1,7,12 Feb 2026 12:04:21,BDF585BF48FC2147A4F5
SD BODHI DHARMA,11002153,SD,Swasta,Kec. Batam Kota,316012,Kota Batam,316000,Prov. Kepulauan Riau,310000,29,8,472,19,19,2,1,7,03 Mar 2026 10:35:31,B82CC228566C8EC0D304
SD CENDANA,11001681,SD,Swasta,Kec. Batam Kota,316012,Kota Batam,316000,Prov. Kepulauan Riau,310000,22,1,363,17,17,0,2,15,28 Apr 2026 09:34:46,0E2DFC935742CD6D05FE
SD CHARITAS BATAM,11001682,SD,Swasta,Kec. Batam Kota,316012,Kota Batam,316000,Prov. Kepulauan Riau,310000,10,2,185,9,13,3,1,6,25 Feb 2026 11:20:25,D93567B35394388E5707
SD ELSADAI,11002156,SD,Swasta,Kec. Batam Kota,316012,Kota Batam,316000,Prov. Kepulauan Riau,310000,12,4,175,10,12,2,1,30,08 Apr 2026 13:54:28,20F368F37B1B5DF80C84
SD Harapan Bangsa Batam Kota,70044067,SD,Swasta,Kec. Batam Kota,316012,Kota Batam,316000,Prov. Kepulauan Riau,310000,6,3,31,6,6,2,1,40,09 Mar 2026 13:21:56,39E65C224C3F21EB623D
SD HARAPAN UTAMA,11002478,SD,Swasta,Kec. Batam Kota,316012,Kota Batam,316000,Prov. Kepulauan Riau,310000,21,2,278,12,17,1,1,13,10 Apr 2026 08:23:03,C7E0F7E33E496DBD042F
SD ISLAM MUJAHIDIN ORCHID PARK,69959905,SD,Swasta,Kec. Batam Kota,316012,Kota Batam,316000,Prov. Kepulauan Riau,310000,8,1,58,6,6,0,0,9,03 Mar 2026 11:36:16,6868FE6F6A4A3670C7FC
SD ISLAM NABILAH,11002164,SD,Swasta,Kec. Batam Kota,316012,Kota Batam,316000,Prov. Kepulauan Riau,310000,28,4,372,15,23,1,1,12,22 Apr 2026 08:36:17,18FF4C23EBDFBF0F1358
SD Islam Plus Al Wafa,69888848,SD,Swasta,Kec. Batam Kota,316012,Kota Batam,316000,Prov. Kepulauan Riau,310000,22,3,389,17,18,2,1,11,09 Mar 2026 10:03:01,228BFD984E52B65E2989
SD ISLAM TERPADU TUNAS CENDEKIA,69786902,SD,Swasta,Kec. Batam Kota,316012,Kota Batam,316000,Prov. Kepulauan Riau,310000,40,8,388,16,16,0,1,43,27 Apr 2026 08:47:27,8A4286750E1064836DF4
SD ISLAMIC GREATNESS SCHOOL,69903916,SD,Swasta,Kec. Batam Kota,316012,Kota Batam,316000,Prov. Kepulauan Riau,310000,13,3,216,11,11,1,2,18,29 Apr 2026 10:39:39,257A24A2301DD529A576
SD IT AL MUHAJIRIN,69787089,SD,Swasta,Kec. Batam Kota,316012,Kota Batam,316000,Prov. Kepulauan Riau,310000,21,5,310,14,14,1,1,8,08 Mar 2026 07:15:04,A8D32E74C200BD4ADB83
SD KRISTEN KALAM KUDUS 1,11001706,SD,Swasta,Kec. Batam Kota,316012,Kota Batam,316000,Prov. Kepulauan Riau,310000,8,2,141,6,6,2,1,9,05 Mar 2026 14:28:30,1FBCBFBDBF11C8A92B5E
SD KRISTEN KALAM KUDUS 2,11002546,SD,Swasta,Kec. Batam Kota,316012,Kota Batam,316000,Prov. Kepulauan Riau,310000,7,2,126,7,16,3,1,37,20 Apr 2026 14:45:53,0D495AF76BE2C077798C
SD KURNIA DJAJA ALAM,69937720,SD,Swasta,Kec. Batam Kota,316012,Kota Batam,316000,Prov. Kepulauan Riau,310000,13,5,128,6,10,1,1,51,24 Apr 2026 09:47:38,B92F6C3E647DFBE160F1
SD MUHAMMADIYAH PLUS,11002472,SD,Swasta,Kec. Batam Kota,316012,Kota Batam,316000,Prov. Kepulauan Riau,310000,44,7,822,31,31,2,1,34,16 Apr 2026 09:16:20,2E309CBBDF351E1A47B2
SD SHABILLA,11003026,SD,Swasta,Kec. Batam Kota,316012,Kota Batam,316000,Prov. Kepulauan Riau,310000,19,3,235,12,13,2,1,61,21 Apr 2026 21:38:34,1335021984D117C837F9
SD STIPAK,69938919,SD,Swasta,Kec. Batam Kota,316012,Kota Batam,316000,Prov. Kepulauan Riau,310000,1,0,0,0,0,0,0,0,,DBBD56D61BFF18B66861
SD YOS SUDARSO,11001728,SD,Swasta,Kec. Batam Kota,316012,Kota Batam,316000,Prov. Kepulauan Riau,310000,56,6,1123,36,37,2,1,30,29 Apr 2026 14:06:35,D934D585571DFEFAFCF4
SDIT AL MUHAJIRIN DOTAMANA,69966561,SD,Swasta,Kec. Batam Kota,316012,Kota Batam,316000,Prov. Kepulauan Riau,310000,42,5,879,32,32,1,1,9,30 Apr 2026 14:47:09,94FFCEEE42871EDAC0D1
SDS ANSVIN,69986035,SD,Swasta,Kec. Batam Kota,316012,Kota Batam,316000,Prov. Kepulauan Riau,310000,11,4,155,7,8,2,1,25,25 Mar 2026 13:05:14,62439351760EC91D4339
SDS Aqil Global Islamic School,69972568,SD,Swasta,Kec. Batam Kota,316012,Kota Batam,316000,Prov. Kepulauan Riau,310000,11,1,69,6,7,1,1,12,06 Apr 2026 11:55:59,288C7D6B68EB2D759784
SDS BUNDA,11002710,SD,Swasta,Kec. Batam Kota,316012,Kota Batam,316000,Prov. Kepulauan Riau,310000,3,1,44,6,6,0,1,9,28 Jan 2026 13:43:31,C906057B0420665B3333
SDS DJUWITA,11001686,SD,Swasta,Kec. Batam Kota,316012,Kota Batam,316000,Prov. Kepulauan Riau,310000,28,7,239,12,22,2,1,17,16 Apr 2026 08:09:59,B3AFE8DF51F02BDE3E48
SDS EDUCATE CENTRE MAS,69861082,SD,Swasta,Kec. Batam Kota,316012,Kota Batam,316000,Prov. Kepulauan Riau,310000,12,1,123,6,8,2,1,23,12 Mar 2026 13:22:55,44FCEEEFD03B77AF80E4
SDS IT MUTIARA INSANI,69769631,SD,Swasta,Kec. Batam Kota,316012,Kota Batam,316000,Prov. Kepulauan Riau,310000,18,1,320,12,12,0,1,1,06 Mar 2026 07:25:14,61A7DCA7FB8BDB9C48AA
SDS KALIBAN,69905947,SD,Swasta,Kec. Batam Kota,316012,Kota Batam,316000,Prov. Kepulauan Riau,310000,14,2,204,10,12,2,1,54,27 Apr 2026 14:04:15,127A75F3E55215877F29
SDS Kristen Tabgha Mulia,70039841,SD,Swasta,Kec. Batam Kota,316012,Kota Batam,316000,Prov. Kepulauan Riau,310000,11,2,150,7,7,1,1,12,18 Apr 2026 17:51:38,83DEA75CBDA87F89F7E7
SDS KRISTEN TABQHA,11003162,SD,Swasta,Kec. Batam Kota,316012,Kota Batam,316000,Prov. Kepulauan Riau,310000,34,7,362,16,18,2,1,19,05 Mar 2026 10:03:27,EA68AA99E993030E67FB
SDS MAITREYAWIRA,11001712,SD,Swasta,Kec. Batam Kota,316012,Kota Batam,316000,Prov. Kepulauan Riau,310000,94,9,1400,51,53,4,1,20,23 Apr 2026 09:37:59,07CFCAA0D1C9943FCD8B
SDS METTA KARUNIA SCHOOL,11002547,SD,Swasta,Kec. Batam Kota,316012,Kota Batam,316000,Prov. Kepulauan Riau,310000,9,1,79,6,6,2,1,9,10 Feb 2026 12:35:21,9C89C71CE471833041F4
SDS NUSA INDAH,69757246,SD,Swasta,Kec. Batam Kota,316012,Kota Batam,316000,Prov. Kepulauan Riau,310000,7,1,38,6,6,1,1,7,29 Jan 2026 23:07:07,30D2912E0EE35B788AE6
SDS PELANGI SCHOOL,69988828,SD,Swasta,Kec. Batam Kota,316012,Kota Batam,316000,Prov. Kepulauan Riau,310000,7,2,72,6,6,1,1,24,30 Apr 2026 13:05:16,D4FC63DEAAB4908E4A37
SDS RIIHATUL JANNAH,11002709,SD,Swasta,Kec. Batam Kota,316012,Kota Batam,316000,Prov. Kepulauan Riau,310000,4,1,10,4,8,0,0,8,03 Apr 2026 12:59:12,3D8F03ED8ADFBFF74F59
SDS SALOMO,69972090,SD,Swasta,Kec. Batam Kota,316012,Kota Batam,316000,Prov. Kepulauan Riau,310000,6,2,94,6,6,1,1,26,30 Mar 2026 12:05:09,3EBF076B0229218C7B0B
SDS ST ANDREWS SCHOOL,69949691,SD,Swasta,Kec. Batam Kota,316012,Kota Batam,316000,Prov. Kepulauan Riau,310000,8,1,63,6,6,2,1,24,27 Apr 2026 14:29:17,71BEA7E9C041873223F9
SDS SULTAN AGUNG BATAM,69757257,SD,Swasta,Kec. Batam Kota,316012,Kota Batam,316000,Prov. Kepulauan Riau,310000,16,1,216,11,19,3,1,13,21 Apr 2026 22:02:27,7BB711AD68429502DA94
SDS TIJE,69769638,SD,Swasta,Kec. Batam Kota,316012,Kota Batam,316000,Prov. Kepulauan Riau,310000,2,1,2,1,7,2,1,6,04 Mar 2026 08:31:57,6F00A5F93597630EC069
SDS YEHONALA BATAM KOTA,11002170,SD,Swasta,Kec. Batam Kota,316012,Kota Batam,316000,Prov. Kepulauan Riau,310000,44,4,556,24,29,2,1,33,04 Apr 2026 08:47:32,2CC67E2F86F4FDE6C2DC
SDS Yi An Indonesia,70002941,SD,Swasta,Kec. Batam Kota,316012,Kota Batam,316000,Prov. Kepulauan Riau,310000,11,1,154,7,8,1,1,35,14 Apr 2026 14:42:11,BBA6E5290CBC1C13821C
SDS YOHANA,69984538,SD,Swasta,Kec. Batam Kota,316012,Kota Batam,316000,Prov. Kepulauan Riau,310000,11,1,166,9,10,3,2,24,28 Apr 2026 16:04:25,2D5E59056100501E52E9
SEKOLAH DASAR ISLAM ANDALUSIA,70043645,SD,Swasta,Kec. Batam Kota,316012,Kota Batam,316000,Prov. Kepulauan Riau,310000,10,1,38,6,6,0,1,84,16 Apr 2026 11:28:52,839701E437DC536BFB52
Sekolah Dasar Swasta Bina Nusantara,11003161,SD,Swasta,Kec. Batam Kota,316012,Kota Batam,316000,Prov. Kepulauan Riau,310000,15,2,133,6,16,1,0,9,06 Mar 2026 10:14:31,2A1D039D90606077A245
SEKOLAH DASAR SWASTA HOSELLA,70055933,SD,Swasta,Kec. Batam Kota,316012,Kota Batam,316000,Prov. Kepulauan Riau,310000,6,0,41,4,4,1,1,10,11 Apr 2026 10:18:59,D3B8E1B387811BF72884
SEKOLAH DASAR SWASTA KRISTEN BASIC 1,11001710,SD,Swasta,Kec. Batam Kota,316012,Kota Batam,316000,Prov. Kepulauan Riau,310000,25,2,380,16,25,4,1,14,06 Apr 2026 17:08:32,3828D49DAAF5958443D8
SMP NEGERI 10 BATAM,11000377,SMP,Negeri,Kec. Batam Kota,316012,Kota Batam,316000,Prov. Kepulauan Riau,310000,45,6,1041,29,30,3,1,16,15 Apr 2026 15:09:00,8C49969BDB45819C17A9
SMP NEGERI 12 BATAM,11001739,SMP,Negeri,Kec. Batam Kota,316012,Kota Batam,316000,Prov. Kepulauan Riau,310000,36,7,1102,26,25,5,1,20,30 Apr 2026 12:53:12,C9FF660F2BE19FCBA583
SMP NEGERI 28 BATAM,11002174,SMP,Negeri,Kec. Batam Kota,316012,Kota Batam,316000,Prov. Kepulauan Riau,310000,37,7,1127,26,19,2,1,27,30 Apr 2026 08:34:34,D093DF922EF72680010E
SMP NEGERI 31 BATAM,11002177,SMP,Negeri,Kec. Batam Kota,316012,Kota Batam,316000,Prov. Kepulauan Riau,310000,24,4,413,13,16,2,1,55,24 Apr 2026 09:42:01,C3F3820F6704D45D9814
SMP NEGERI 42 BATAM,11003041,SMP,Negeri,Kec. Batam Kota,316012,Kota Batam,316000,Prov. Kepulauan Riau,310000,35,6,1182,27,23,2,0,24,28 Apr 2026 14:42:32,2EFE40F748A86EA86441
SMP NEGERI 43 BATAM,11003042,SMP,Negeri,Kec. Batam Kota,316012,Kota Batam,316000,Prov. Kepulauan Riau,310000,27,3,658,19,25,2,1,27,16 Apr 2026 08:45:33,2197E62579A06FA2226A
SMP NEGERI 52 BATAM,69863921,SMP,Negeri,Kec. Batam Kota,316012,Kota Batam,316000,Prov. Kepulauan Riau,310000,32,5,962,23,23,2,1,31,23 Apr 2026 07:44:08,653D1AFAED5759B06211
SMP NEGERI 6 BATAM,11000374,SMP,Negeri,Kec. Batam Kota,316012,Kota Batam,316000,Prov. Kepulauan Riau,310000,39,9,1286,31,31,4,1,19,16 Apr 2026 10:32:54,CFA6F53D03D6B1D79509
SEKOLAH MENENGAH PERTAMA KRISTEN TABGHA MULIA,70060807,SMP,Swasta,Kec. Batam Kota,316012,Kota Batam,316000,Prov. Kepulauan Riau,310000,0,0,0,0,0,0,0,0,,3863DBBA6C86C0E883F6
SEKOLAH MENENGAH PERTAMA SWASTA BINA NUSANTARA BATAM,69815455,SMP,Swasta,Kec. Batam Kota,316012,Kota Batam,316000,Prov. Kepulauan Riau,310000,9,1,62,4,3,1,1,15,19 Mar 2026 09:26:10,2416956F30C83DDB8B03
SEKOLAH MENENGAH PERTAMA SWASTA EDUCATE CENTER MAS,70057708,SMP,Swasta,Kec. Batam Kota,316012,Kota Batam,316000,Prov. Kepulauan Riau,310000,3,1,5,1,1,0,0,5,12 Mar 2026 11:56:42,972CD70955A13B2398BA
SEKOLAH MENENGAH PERTAMA SWASTA HOSELLA,70055934,SMP,Swasta,Kec. Batam Kota,316012,Kota Batam,316000,Prov. Kepulauan Riau,310000,5,1,13,1,3,2,1,5,22 Apr 2026 15:15:48,1BE56B69B3652B580B96
SMP AL-KAHFI ISLAMIC SCHOOL,69959433,SMP,Swasta,Kec. Batam Kota,316012,Kota Batam,316000,Prov. Kepulauan Riau,310000,10,1,85,3,4,3,1,6,06 Apr 2026 15:27:40,E5EA7FFE6BB632879C74
SMP AUSTRALIAN INTERCULTURAL SCHOOL,69975586,SMP,Swasta,Kec. Batam Kota,316012,Kota Batam,316000,Prov. Kepulauan Riau,310000,6,1,41,3,3,2,1,19,06 Mar 2026 15:42:35,8CEA0EE34FA6B0098781
SMP BODHI DHARMA,69757258,SMP,Swasta,Kec. Batam Kota,316012,Kota Batam,316000,Prov. Kepulauan Riau,310000,16,7,285,10,11,5,1,10,04 Mar 2026 09:41:48,B738C851F77B06495AA5
SMP ELSADAI AGAPE,69830124,SMP,Swasta,Kec. Batam Kota,316012,Kota Batam,316000,Prov. Kepulauan Riau,310000,6,4,53,3,4,2,1,22,20 Apr 2026 08:57:57,248F9DCC2BBF1024A1C4
SMP GURINDAM BOARDING SCHOOL,69905941,SMP,Swasta,Kec. Batam Kota,316012,Kota Batam,316000,Prov. Kepulauan Riau,310000,8,1,58,4,6,2,1,15,27 Apr 2026 12:27:42,302600E02A14CE53C11E
SMP HARAPAN UTAMA,11002445,SMP,Swasta,Kec. Batam Kota,316012,Kota Batam,316000,Prov. Kepulauan Riau,310000,17,8,203,7,12,3,1,44,15 Apr 2026 15:25:37,F5549F3AD4F3436DD53E
SMP ISLAM NABILAH,69757260,SMP,Swasta,Kec. Batam Kota,316012,Kota Batam,316000,Prov. Kepulauan Riau,310000,17,5,164,6,6,2,1,17,13 Apr 2026 11:35:11,5D0ECEA42582A7AE0B48
SMP KRISTEN BASIC,11003036,SMP,Swasta,Kec. Batam Kota,316012,Kota Batam,316000,Prov. Kepulauan Riau,310000,14,2,203,8,10,2,1,13,28 Apr 2026 15:59:16,1B27F14FB8F15A5CD358
SMP KRISTEN KALAM KUDUS 1 BATAM,11001775,SMP,Swasta,Kec. Batam Kota,316012,Kota Batam,316000,Prov. Kepulauan Riau,310000,8,2,68,3,3,3,1,13,13 Apr 2026 10:56:41,59D0838AA5E362ED1F4E
SMP KRISTEN KALAM KUDUS 2 BATAM,11002563,SMP,Swasta,Kec. Batam Kota,316012,Kota Batam,316000,Prov. Kepulauan Riau,310000,3,1,26,3,5,3,1,17,10 Mar 2026 14:26:32,5F020236AFF5FA7B44D6
SMP MAITREYAWIRA,11002437,SMP,Swasta,Kec. Batam Kota,316012,Kota Batam,316000,Prov. Kepulauan Riau,310000,50,8,981,30,30,3,1,26,24 Apr 2026 15:54:39,4A7FBC8753AFB7F2BDF3
SMP Muhammadiyah Plus,69863918,SMP,Swasta,Kec. Batam Kota,316012,Kota Batam,316000,Prov. Kepulauan Riau,310000,15,4,281,10,10,2,1,20,13 Apr 2026 13:03:45,AF4982C7E4EC95AE629E
SMP MUHAMMADIYAH PLUS 2,70046481,SMP,Swasta,Kec. Batam Kota,316012,Kota Batam,316000,Prov. Kepulauan Riau,310000,6,5,108,4,4,2,1,10,13 Apr 2026 08:58:15,0585841D67C0FE3B6972
SMP PLUS AL KAFFAH,69970105,SMP,Swasta,Kec. Batam Kota,316012,Kota Batam,316000,Prov. Kepulauan Riau,310000,12,3,197,6,6,3,1,9,05 Mar 2026 11:33:08,FDE975D48E05BE80CFA1
SMP RESTU BUNDA,69926027,SMP,Swasta,Kec. Batam Kota,316012,Kota Batam,316000,Prov. Kepulauan Riau,310000,4,3,20,3,3,2,1,15,23 Apr 2026 20:23:55,43D52C0BB5D9ADFED0AF
SMP ST ANDREWS SCHOOL,69949690,SMP,Swasta,Kec. Batam Kota,316012,Kota Batam,316000,Prov. Kepulauan Riau,310000,3,1,33,3,3,2,1,13,27 Apr 2026 13:21:24,D05053A32A27F41F5897
SMP SWASTA CHARITAS,11002440,SMP,Swasta,Kec. Batam Kota,316012,Kota Batam,316000,Prov. Kepulauan Riau,310000,10,2,128,5,8,3,1,4,23 Jan 2026 15:04:07,38E7908E9A74DC2922F8
SMP YOS SUDARSO,11001786,SMP,Swasta,Kec. Batam Kota,316012,Kota Batam,316000,Prov. Kepulauan Riau,310000,40,9,942,27,27,2,1,26,13 Apr 2026 12:30:13,49D83DF3AA65C2C12CBE
SMPIT Al Muhajirin Mediterania,70046857,SMP,Swasta,Kec. Batam Kota,316012,Kota Batam,316000,Prov. Kepulauan Riau,310000,5,1,34,3,3,0,0,11,13 Apr 2026 07:03:04,077D05CB22BF3825CCB7
SMPIT ALAM MUTIARA INSANI,70040877,SMP,Swasta,Kec. Batam Kota,316012,Kota Batam,316000,Prov. Kepulauan Riau,310000,3,2,71,3,3,0,0,18,07 Mar 2026 05:53:38,1BF12C554E7B0A3FA212
SMPIT ANDALUSIA,69996023,SMP,Swasta,Kec. Batam Kota,316012,Kota Batam,316000,Prov. Kepulauan Riau,310000,8,1,102,5,6,1,0,89,30 Apr 2026 18:44:38,5EBEBD1F3187E6BD6DCD
SMPIT TUNAS CENDEKIA BATAM,70043337,SMP,Swasta,Kec. Batam Kota,316012,Kota Batam,316000,Prov. Kepulauan Riau,310000,10,2,61,3,4,2,1,23,04 Mar 2026 08:21:29,9621500E4EFE4E96C777
SMPS ANSVIN,69988990,SMP,Swasta,Kec. Batam Kota,316012,Kota Batam,316000,Prov. Kepulauan Riau,310000,7,2,48,3,3,2,1,13,27 Apr 2026 13:29:00,3365507C4D6824FDBD9C
SMPS CENDANA,69770311,SMP,Swasta,Kec. Batam Kota,316012,Kota Batam,316000,Prov. Kepulauan Riau,310000,11,1,175,6,6,2,1,44,02 May 2026 11:21:04,3209DB96D2B7526E0B00
SMPS DJUWITA,11001762,SMP,Swasta,Kec. Batam Kota,316012,Kota Batam,316000,Prov. Kepulauan Riau,310000,18,4,101,4,10,1,1,12,24 Apr 2026 13:45:31,EEFB2990F75CC8C85D5E
SMPS KALIBAN,70039534,SMP,Swasta,Kec. Batam Kota,316012,Kota Batam,316000,Prov. Kepulauan Riau,310000,5,1,85,4,4,1,1,54,27 Apr 2026 08:26:03,38336F5E0576C055DE5B
SMPS KRISTEN TABQHA,69757259,SMP,Swasta,Kec. Batam Kota,316012,Kota Batam,316000,Prov. Kepulauan Riau,310000,19,4,186,7,10,2,1,22,10 Apr 2026 11:06:54,F749167DE21D10DCC5C1
SMPS SHABILLA,69990957,SMP,Swasta,Kec. Batam Kota,316012,Kota Batam,316000,Prov. Kepulauan Riau,310000,7,1,32,3,4,2,1,10,22 Feb 2026 06:20:09,95C4D6C0739095CB7BBA
SMPS SULTAN AGUNG BATAM,69757261,SMP,Swasta,Kec. Batam Kota,316012,Kota Batam,316000,Prov. Kepulauan Riau,310000,8,1,76,4,4,2,1,15,09 Apr 2026 08:25:57,DF14DC04FEBD2D5FBDDF
SMPS YEHONALA,11002439,SMP,Swasta,Kec. Batam Kota,316012,Kota Batam,316000,Prov. Kepulauan Riau,310000,12,2,146,5,5,4,2,21,02 May 2026 11:04:21,142573B1D534866C204D
SMPS Yi An Indonesia,70059470,SMP,Swasta,Kec. Batam Kota,316012,Kota Batam,316000,Prov. Kepulauan Riau,310000,1,1,37,2,2,1,1,26,22 Apr 2026 16:20:28,7C07FDFA5AE92A5ADA69
SMAN 20 BATAM,69915799,SMA,Negeri,Kec. Batam Kota,316012,Kota Batam,316000,Prov. Kepulauan Riau,310000,60,9,1703,36,29,3,1,47,29 Apr 2026 08:05:16,BF7A62A07CC2238A98E5
SMAN 26 BATAM,69990472,SMA,Negeri,Kec. Batam Kota,316012,Kota Batam,316000,Prov. Kepulauan Riau,310000,30,8,840,24,4,4,1,53,29 Apr 2026 11:09:26,7CFB4708C513E3FDF4AE
SMAN 3 BATAM,11002197,SMA,Negeri,Kec. Batam Kota,316012,Kota Batam,316000,Prov. Kepulauan Riau,310000,64,19,1693,39,38,6,1,47,02 May 2026 12:10:38,2917B887BE49348BC401
SMA ELSADAI,70057809,SMA,Swasta,Kec. Batam Kota,316012,Kota Batam,316000,Prov. Kepulauan Riau,310000,1,0,6,1,1,0,0,7,25 Mar 2026 08:33:15,0CF2ADB612CB4C54A36D
SMA ISLAM ANDALUSIA,70039950,SMA,Swasta,Kec. Batam Kota,316012,Kota Batam,316000,Prov. Kepulauan Riau,310000,6,2,37,3,3,0,1,11,06 Apr 2026 09:22:44,E565B4A37D131C2DA8D1
SMA ST ANDREWS SCHOOL BATAM,70057810,SMA,Swasta,Kec. Batam Kota,316012,Kota Batam,316000,Prov. Kepulauan Riau,310000,0,1,0,0,0,0,0,0,,9706598EE51818302BFB
SMA YOS SUDARSO,11002204,SMA,Swasta,Kec. Batam Kota,316012,Kota Batam,316000,Prov. Kepulauan Riau,310000,60,9,1355,36,36,6,1,27,24 Apr 2026 12:05:43,27C971453CE17EB35FF7
SMAS AL KAHFI ISLAMIC SCHOOL,69968633,SMA,Swasta,Kec. Batam Kota,316012,Kota Batam,316000,Prov. Kepulauan Riau,310000,5,3,68,3,4,2,1,13,06 Apr 2026 23:17:21,1AA170CD547735CC1BC5
SMAS ANSVIN,70003834,SMA,Swasta,Kec. Batam Kota,316012,Kota Batam,316000,Prov. Kepulauan Riau,310000,7,1,11,3,3,2,1,13,05 Mar 2026 09:32:38,136BA909FC8E6EBDEA18
SMAS AUSTRALIAN INTERCULTURAL SCHOOL,69976667,SMA,Swasta,Kec. Batam Kota,316012,Kota Batam,316000,Prov. Kepulauan Riau,310000,6,1,29,3,6,1,1,9,06 Apr 2026 21:43:54,4D5BFAA98E8C04AD2D2D
SMAS BINA NUSANTARA BATAM,69932323,SMA,Swasta,Kec. Batam Kota,316012,Kota Batam,316000,Prov. Kepulauan Riau,310000,0,0,2,1,4,1,1,2,26 Feb 2026 10:28:33,94BAA8C3698AA98DC2CE
SMAS BODHI DHARMA BATAM,69900648,SMA,Swasta,Kec. Batam Kota,316012,Kota Batam,316000,Prov. Kepulauan Riau,310000,16,8,258,9,9,4,1,19,12 Apr 2026 17:58:38,26A832A833DAE14C0D05
SMAS DJUWITA,11002184,SMA,Swasta,Kec. Batam Kota,316012,Kota Batam,316000,Prov. Kepulauan Riau,310000,14,7,82,3,7,1,1,14,23 Apr 2026 09:21:52,6817B9EDB9E97A911120
SMAS GURINDAM BOARDING SCHOOL,69984374,SMA,Swasta,Kec. Batam Kota,316012,Kota Batam,316000,Prov. Kepulauan Riau,310000,6,3,35,3,3,0,1,12,20 Apr 2026 10:29:35,E613FA3AB6F8FE8A6F74
SMAS HARAPAN UTAMA,11003004,SMA,Swasta,Kec. Batam Kota,316012,Kota Batam,316000,Prov. Kepulauan Riau,310000,10,4,123,5,8,5,2,74,20 Apr 2026 13:28:50,7B9EFE69D6D652A6B232
SMAS ISLAM NABILAH,69943579,SMA,Swasta,Kec. Batam Kota,316012,Kota Batam,316000,Prov. Kepulauan Riau,310000,8,3,40,4,6,2,1,10,10 Mar 2026 08:57:45,523657751F54D470A531
SMAS KRISTEN BASIC BATAM,69912787,SMA,Swasta,Kec. Batam Kota,316012,Kota Batam,316000,Prov. Kepulauan Riau,310000,8,1,110,6,7,5,1,16,17 Apr 2026 11:17:22,A26DE56DD283DD6EC414
SMAS KRISTEN KALAM KUDUS 2,69967491,SMA,Swasta,Kec. Batam Kota,316012,Kota Batam,316000,Prov. Kepulauan Riau,310000,1,0,0,0,0,0,0,0,,E749390C4354386FA359
SMAS KRISTEN TABQHA BATAM,69952054,SMA,Swasta,Kec. Batam Kota,316012,Kota Batam,316000,Prov. Kepulauan Riau,310000,15,2,115,5,9,4,1,17,06 Mar 2026 14:40:47,30E64A74711D0F874616
SMAS MAITREYAWIRA,11002581,SMA,Swasta,Kec. Batam Kota,316012,Kota Batam,316000,Prov. Kepulauan Riau,310000,34,6,573,17,19,5,1,8,24 Apr 2026 11:42:15,0EA7617EEDF5900C22A4
SMAS NIZAM AL MULK,69971075,SMA,Swasta,Kec. Batam Kota,316012,Kota Batam,316000,Prov. Kepulauan Riau,310000,4,2,16,3,3,4,1,9,29 Apr 2026 13:38:41,FA9BAD861C58DDD5C7FE
SMAS RIIHATUL JANNAH,69972404,SMA,Swasta,Kec. Batam Kota,316012,Kota Batam,316000,Prov. Kepulauan Riau,310000,0,1,0,0,0,0,0,0,,0DDD5CBD8CACEFF211D8
SMAS TERBUKA STIPAK,69883589,SMA,Swasta,Kec. Batam Kota,316012,Kota Batam,316000,Prov. Kepulauan Riau,310000,2,3,4,2,6,1,1,2,13 Mar 2026 20:52:37,2FD39178D095A3CC9FDE
SMAS YEHONALA,11002476,SMA,Swasta,Kec. Batam Kota,316012,Kota Batam,316000,Prov. Kepulauan Riau,310000,14,4,113,4,6,4,1,30,28 Apr 2026 11:03:51,DF366A068C2A6F60BB14
SMK NEGERI 2 BATAM,11002210,SMK,Negeri,Kec. Batam Kota,316012,Kota Batam,316000,Prov. Kepulauan Riau,310000,67,13,1643,48,35,4,1,65,30 Apr 2026 14:47:10,2CEF8F3343652FF4249D
SMK NEGERI 7 BATAM,69774885,SMK,Negeri,Kec. Batam Kota,316012,Kota Batam,316000,Prov. Kepulauan Riau,310000,82,13,2460,62,30,0,1,76,30 Apr 2026 10:15:52,C7CEC28F33ADBC383B95
SMKS BATAM INTERNATIONAL SCHOOL,69815391,SMK,Swasta,Kec. Batam Kota,316012,Kota Batam,316000,Prov. Kepulauan Riau,310000,4,1,0,0,0,0,0,0,,C0D41421B0930811B634
SMKS ELSADAI BATAM,70012719,SMK,Swasta,Kec. Batam Kota,316012,Kota Batam,316000,Prov. Kepulauan Riau,310000,4,1,30,4,4,1,1,19,20 Apr 2026 15:14:42,488B651C7CEE292BE033
SMKS HARAPAN UTAMA,11003007,SMK,Swasta,Kec. Batam Kota,316012,Kota Batam,316000,Prov. Kepulauan Riau,310000,9,5,51,6,6,7,1,29,09 Mar 2026 08:16:26,A562862E48FC00A39F6B
SMKS KOLESE TIARA BANGSA,11003250,SMK,Swasta,Kec. Batam Kota,316012,Kota Batam,316000,Prov. Kepulauan Riau,310000,13,4,57,6,12,4,1,5,06 Mar 2026 08:36:30,6F4A5EF0B32DB18243E9
SMKS MAITREYAWIRA,69872145,SMK,Swasta,Kec. Batam Kota,316012,Kota Batam,316000,Prov. Kepulauan Riau,310000,41,7,764,24,26,6,3,25,29 Apr 2026 14:17:44,60504A9772627EA3ECF8
SMKS NIZAM AL MULK,69977418,SMK,Swasta,Kec. Batam Kota,316012,Kota Batam,316000,Prov. Kepulauan Riau,310000,3,2,15,6,6,2,1,7,28 Feb 2026 09:20:33,E47D5FB80D69785650F8
SMKS PARIWISATA ADIMULIA,69991790,SMK,Swasta,Kec. Batam Kota,316012,Kota Batam,316000,Prov. Kepulauan Riau,310000,7,1,108,6,14,1,1,12,22 Apr 2026 10:04:35,F751855235054AF6AA64
SMKS PELAYARAN KEPULAUAN RIAU,69974382,SMK,Swasta,Kec. Batam Kota,316012,Kota Batam,316000,Prov. Kepulauan Riau,310000,1,1,0,0,0,0,0,0,,B5AC249832C67778DCDE
SMKS PENERBANGAN SPN DIRGANTARA,69975338,SMK,Swasta,Kec. Batam Kota,316012,Kota Batam,316000,Prov. Kepulauan Riau,310000,15,7,35,8,8,3,1,42,23 Apr 2026 11:04:28,F446B8F652F1D69D66D5
SMKS PERTIWI BATAM,69786476,SMK,Swasta,Kec. Batam Kota,316012,Kota Batam,316000,Prov. Kepulauan Riau,310000,7,0,9,2,5,1,1,3,25 Apr 2026 08:47:59,142D8A0BB0FD23D3A80A
SMKS PUTRA JAYA SCHOOL BATAM,69877321,SMK,Swasta,Kec. Batam Kota,316012,Kota Batam,316000,Prov. Kepulauan Riau,310000,11,3,167,9,12,2,1,19,19 Apr 2026 14:46:13,B303A606590B0A81461B
SMKS REAL INFORMATIKA BATAM,60728424,SMK,Swasta,Kec. Batam Kota,316012,Kota Batam,316000,Prov. Kepulauan Riau,310000,11,6,97,12,12,4,1,10,24 Apr 2026 05:58:17,3AF88D5AC7C79CACEA5D
SMKS RESTU BUNDA,69955510,SMK,Swasta,Kec. Batam Kota,316012,Kota Batam,316000,Prov. Kepulauan Riau,310000,5,3,17,6,9,2,1,22,07 Apr 2026 10:27:36,BD1BC68FF52B430B9ABB
SMKS SULTAN AGUNG BATAM,69991297,SMK,Swasta,Kec. Batam Kota,316012,Kota Batam,316000,Prov. Kepulauan Riau,310000,6,3,12,1,5,2,1,9,23 Mar 2026 10:43:23,0FC435E8A12DBFAC6FDD
SMKS YEHONALA,69786477,SMK,Swasta,Kec. Batam Kota,316012,Kota Batam,316000,Prov. Kepulauan Riau,310000,5,2,47,4,4,1,1,10,13 Mar 2026 08:38:55,5EB948DCF11A8FF7EF04
SD NEGERI 001 SAGULUNG,11002387,SD,Negeri,Kec. Sagulung,316013,Kota Batam,316000,Prov. Kepulauan Riau,310000,35,8,1073,30,22,0,1,17,29 Apr 2026 14:30:45,43990D06B5D924574068
SD NEGERI 002 SAGULUNG,11001549,SD,Negeri,Kec. Sagulung,316013,Kota Batam,316000,Prov. Kepulauan Riau,310000,35,10,885,30,30,1,1,49,01 May 2026 15:36:50,9BF57182E1EA8370DBA1
SD NEGERI 003 SAGULUNG,11001546,SD,Negeri,Kec. Sagulung,316013,Kota Batam,316000,Prov. Kepulauan Riau,310000,10,8,303,11,10,1,1,18,08 Apr 2026 09:31:33,E6E432CCC04CFFC93AD4
SD NEGERI 005 SAGULUNG,11001556,SD,Negeri,Kec. Sagulung,316013,Kota Batam,316000,Prov. Kepulauan Riau,310000,31,5,840,28,14,1,1,53,30 Apr 2026 12:06:48,A6F49FA5C8FC6FA8A549
SD NEGERI 006 SAGULUNG,11001559,SD,Negeri,Kec. Sagulung,316013,Kota Batam,316000,Prov. Kepulauan Riau,310000,23,5,508,18,19,1,1,24,28 Apr 2026 15:39:43,6A7E8C8A39C151F449BA
SD NEGERI 007 SAGULUNG,11001562,SD,Negeri,Kec. Sagulung,316013,Kota Batam,316000,Prov. Kepulauan Riau,310000,26,7,608,22,16,0,1,34,16 Apr 2026 12:22:40,20A34E49457115B69E8A
SD NEGERI 008 SAGULUNG,11001569,SD,Negeri,Kec. Sagulung,316013,Kota Batam,316000,Prov. Kepulauan Riau,310000,36,9,1055,30,18,1,1,33,02 May 2026 07:15:22,99F78E9B9FBA188E7E46
SD NEGERI 009 SAGULUNG,11002467,SD,Negeri,Kec. Sagulung,316013,Kota Batam,316000,Prov. Kepulauan Riau,310000,21,10,547,18,13,0,1,29,01 May 2026 10:22:23,94AFD4091CC4D042B544
SD NEGERI 010 SAGULUNG,11001572,SD,Negeri,Kec. Sagulung,316013,Kota Batam,316000,Prov. Kepulauan Riau,310000,30,4,700,21,17,1,1,36,27 Apr 2026 13:57:15,095C846B418CD0D561FA
SD NEGERI 011 SAGULUNG,11001584,SD,Negeri,Kec. Sagulung,316013,Kota Batam,316000,Prov. Kepulauan Riau,310000,39,9,1037,30,30,1,1,38,28 Apr 2026 14:11:18,200BB551583911873F83
SD NEGERI 012 SAGULUNG,11001585,SD,Negeri,Kec. Sagulung,316013,Kota Batam,316000,Prov. Kepulauan Riau,310000,33,7,828,24,13,1,1,39,20 Apr 2026 14:25:15,B797039AED1F06551C14
SD NEGERI 013 SAGULUNG,11002151,SD,Negeri,Kec. Sagulung,316013,Kota Batam,316000,Prov. Kepulauan Riau,310000,40,9,1227,32,16,1,1,66,29 Apr 2026 11:13:59,6BA7F114EE5E8984EFA3
SD NEGERI 016 SAGULUNG,11003046,SD,Negeri,Kec. Sagulung,316013,Kota Batam,316000,Prov. Kepulauan Riau,310000,28,6,682,25,14,2,1,79,01 May 2026 08:18:17,B81E6E3411705A16F35B
SD NEGERI 017 SAGULUNG,11003309,SD,Negeri,Kec. Sagulung,316013,Kota Batam,316000,Prov. Kepulauan Riau,310000,25,7,627,19,24,2,1,23,28 Apr 2026 08:43:17,4A5A95B6A4829A75A1FE
SDN 014 SAGULUNG,11002520,SD,Negeri,Kec. Sagulung,316013,Kota Batam,316000,Prov. Kepulauan Riau,310000,38,9,1164,31,11,0,1,13,03 Apr 2026 10:03:46,B63A8B26F62CE4868F62
SDN 015 SAGULUNG,11002521,SD,Negeri,Kec. Sagulung,316013,Kota Batam,316000,Prov. Kepulauan Riau,310000,6,3,98,6,6,0,1,1,04 Apr 2026 08:05:13,7EA74C20281516597C42
SDN 018 SAGULUNG,69757221,SD,Negeri,Kec. Sagulung,316013,Kota Batam,316000,Prov. Kepulauan Riau,310000,24,7,705,20,21,1,1,15,09 Apr 2026 22:23:58,B2FA402F1E8E4F8763BB
SDN 019 SAGULUNG,69863915,SD,Negeri,Kec. Sagulung,316013,Kota Batam,316000,Prov. Kepulauan Riau,310000,21,4,475,17,14,0,1,17,12 Apr 2026 17:13:56,0144A4157A2C6724A332
SDN 020 SAGULUNG,69867996,SD,Negeri,Kec. Sagulung,316013,Kota Batam,316000,Prov. Kepulauan Riau,310000,23,3,752,21,11,1,1,24,23 Apr 2026 13:46:18,77A5F0C879F71C0E6E55
SDN 021 SAGULUNG,69870669,SD,Negeri,Kec. Sagulung,316013,Kota Batam,316000,Prov. Kepulauan Riau,310000,15,5,404,12,12,0,1,22,21 Apr 2026 09:21:40,B934471BB56781B3D9B8
SD ADVENT MISION,69899169,SD,Swasta,Kec. Sagulung,316013,Kota Batam,316000,Prov. Kepulauan Riau,310000,6,1,62,6,6,1,1,36,06 Mar 2026 13:41:51,88E5F2E49F695AC5C596
SD CITRA BAHTERA HAYAT,11001677,SD,Swasta,Kec. Sagulung,316013,Kota Batam,316000,Prov. Kepulauan Riau,310000,7,1,85,6,8,0,1,36,30 Apr 2026 11:26:46,3EBF8C6DEA0417B4A4F2
SD CLARISSA 2,69947323,SD,Swasta,Kec. Sagulung,316013,Kota Batam,316000,Prov. Kepulauan Riau,310000,10,1,205,7,9,0,1,19,15 Apr 2026 01:35:42,E0082A4619107D179A4E
SD ESTHER ALETHEIA,11002533,SD,Swasta,Kec. Sagulung,316013,Kota Batam,316000,Prov. Kepulauan Riau,310000,7,1,170,6,6,0,1,11,20 Apr 2026 15:49:31,525A6BF20316C0EC428E
SD FREDERIKA KIDS,69933672,SD,Swasta,Kec. Sagulung,316013,Kota Batam,316000,Prov. Kepulauan Riau,310000,9,1,120,6,6,1,1,9,03 Mar 2026 09:35:48,17870E7957E032A3D1B8
SD HARAPAN BANGSA,11002161,SD,Swasta,Kec. Sagulung,316013,Kota Batam,316000,Prov. Kepulauan Riau,310000,14,3,252,12,20,2,1,24,29 Apr 2026 14:44:40,BCB0B0224B8C7DD1E97E
SD HIDUP BARU I,11001694,SD,Swasta,Kec. Sagulung,316013,Kota Batam,316000,Prov. Kepulauan Riau,310000,9,2,158,6,12,1,1,12,02 May 2026 17:05:05,34EE59FEDBFF417E3985
SD ISLAM ASSAKINAH,69965389,SD,Swasta,Kec. Sagulung,316013,Kota Batam,316000,Prov. Kepulauan Riau,310000,19,2,376,12,12,1,1,13,29 Apr 2026 09:57:52,CFDBD42AE010BE4FACE4
SD ISLAM PLUS MUKHTARUL ARIFIN,70036440,SD,Swasta,Kec. Sagulung,316013,Kota Batam,316000,Prov. Kepulauan Riau,310000,10,2,231,8,8,0,0,11,17 Apr 2026 13:28:15,0546AF74949145004400
SD IT AL HAQQI,70027576,SD,Swasta,Kec. Sagulung,316013,Kota Batam,316000,Prov. Kepulauan Riau,310000,3,1,25,5,3,0,0,6,04 Apr 2026 00:00:05,A4232DCA33E8FDFE93D7
SD IT DELTA UTAMA,69770310,SD,Swasta,Kec. Sagulung,316013,Kota Batam,316000,Prov. Kepulauan Riau,310000,6,1,79,6,6,0,0,10,08 Mar 2026 20:02:41,BDC65817C1E4A1E3FFB6
SD PERMATA NUSANTARA PLUS,69787092,SD,Swasta,Kec. Sagulung,316013,Kota Batam,316000,Prov. Kepulauan Riau,310000,10,3,200,9,11,0,1,16,15 Apr 2026 09:10:39,4EA9A7EC6AE4DF832A7B
SD PONDOK KASIH,11001717,SD,Swasta,Kec. Sagulung,316013,Kota Batam,316000,Prov. Kepulauan Riau,310000,8,2,176,6,6,1,1,6,06 Apr 2026 15:22:43,4702BDB6DE129121F175
SD SEHATI,11001720,SD,Swasta,Kec. Sagulung,316013,Kota Batam,316000,Prov. Kepulauan Riau,310000,8,1,112,6,6,0,0,9,05 Mar 2026 09:51:10,570FA92D0C6EFBD64E93
SD SPH PREMIER INDONESIA,70007259,SD,Swasta,Kec. Sagulung,316013,Kota Batam,316000,Prov. Kepulauan Riau,310000,2,0,44,6,6,0,2,2,23 Jan 2026 12:14:32,2ED5DB4E27231F48D609
SD SWASTA SENTOSA PERDANA,69992045,SD,Swasta,Kec. Sagulung,316013,Kota Batam,316000,Prov. Kepulauan Riau,310000,38,8,826,31,32,1,1,15,23 Apr 2026 22:04:06,E087E840BFB06F6D3CF0
SD TUNAS BARU,11001726,SD,Swasta,Kec. Sagulung,316013,Kota Batam,316000,Prov. Kepulauan Riau,310000,20,5,580,17,11,1,1,20,24 Apr 2026 12:51:16,D22C02784AF65007F904
SDIT AL AZHAR 3 Batam,69895790,SD,Swasta,Kec. Sagulung,316013,Kota Batam,316000,Prov. Kepulauan Riau,310000,21,2,280,10,10,0,1,33,02 Apr 2026 11:46:16,1D0A9C5EDB48E9F08AD8
SDIT ASY-SYUURAA,11002146,SD,Swasta,Kec. Sagulung,316013,Kota Batam,316000,Prov. Kepulauan Riau,310000,22,2,297,11,12,1,1,17,10 Apr 2026 17:44:44,27A0012612E9D0536DE1
SDIT DARUSSALAM 02 BATAM,11001716,SD,Swasta,Kec. Sagulung,316013,Kota Batam,316000,Prov. Kepulauan Riau,310000,24,7,450,15,15,1,1,18,27 Apr 2026 13:53:39,12DAEC03D85A0B17593E
SDIT INSAN HARAPAN,69769636,SD,Swasta,Kec. Sagulung,316013,Kota Batam,316000,Prov. Kepulauan Riau,310000,30,2,575,22,28,2,2,16,27 Apr 2026 14:45:39,D719D2F5DEB042C38AAA
SDS AL - AZHAR 3,11001671,SD,Swasta,Kec. Sagulung,316013,Kota Batam,316000,Prov. Kepulauan Riau,310000,25,5,620,18,15,1,1,16,23 Apr 2026 08:25:34,E89D4D6C27FE74BBC2C4
SDS AL BARKAH PLUS,69787091,SD,Swasta,Kec. Sagulung,316013,Kota Batam,316000,Prov. Kepulauan Riau,310000,20,3,502,17,10,1,0,30,14 Apr 2026 11:23:51,DFB5973F2B8F0B2AFEE6
SDS AL MADINAH,11002163,SD,Swasta,Kec. Sagulung,316013,Kota Batam,316000,Prov. Kepulauan Riau,310000,10,1,28,6,7,0,0,13,28 Apr 2026 21:27:17,013E07AB5142E1F85165
SDS BETESDA BATAM,69970381,SD,Swasta,Kec. Sagulung,316013,Kota Batam,316000,Prov. Kepulauan Riau,310000,17,4,315,13,15,0,1,15,30 Apr 2026 09:31:26,9CCD629FD7B80967F5AF
SDS DOULOS,11002155,SD,Swasta,Kec. Sagulung,316013,Kota Batam,316000,Prov. Kepulauan Riau,310000,14,4,303,12,12,1,1,29,27 Apr 2026 10:09:01,3244C4B7590E1D6FED92
SDS EL SHADDAI,69769637,SD,Swasta,Kec. Sagulung,316013,Kota Batam,316000,Prov. Kepulauan Riau,310000,7,2,72,6,6,0,0,14,16 Apr 2026 17:40:28,0D69FB4295F5E1E90979
SDS GLOBE NATIONAL PLUS 2,69971243,SD,Swasta,Kec. Sagulung,316013,Kota Batam,316000,Prov. Kepulauan Riau,310000,15,2,246,12,14,2,1,26,24 Apr 2026 08:15:10,B64E287829B60FB44856
SDS GRACE BAPTIST SCHOOL,69988823,SD,Swasta,Kec. Sagulung,316013,Kota Batam,316000,Prov. Kepulauan Riau,310000,7,2,121,6,6,1,0,21,26 Mar 2026 12:33:21,F01094F67C6609B59129
SDS HARAPAN BARU,11001692,SD,Swasta,Kec. Sagulung,316013,Kota Batam,316000,Prov. Kepulauan Riau,310000,9,5,249,9,9,1,1,17,22 Apr 2026 10:58:24,AFEF816EB9247793DE45
SDS JUAN HARAPAN,11003165,SD,Swasta,Kec. Sagulung,316013,Kota Batam,316000,Prov. Kepulauan Riau,310000,8,5,98,6,6,3,1,20,28 Apr 2026 11:03:23,EB28CFF6CC4B73379227
SDS Kekarsari,69788027,SD,Swasta,Kec. Sagulung,316013,Kota Batam,316000,Prov. Kepulauan Riau,310000,2,1,26,6,6,1,1,3,21 Jan 2026 20:47:35,D5C50DA0FC59B20EB918
SDS KRISTEN GENERASI PENGUBAH,70006849,SD,Swasta,Kec. Sagulung,316013,Kota Batam,316000,Prov. Kepulauan Riau,310000,6,2,60,6,7,0,0,7,13 Apr 2026 10:37:35,7F776D68E5AFFB5D1B5A
SDS KRISTEN TABGHA SEJAHTERA,69967654,SD,Swasta,Kec. Sagulung,316013,Kota Batam,316000,Prov. Kepulauan Riau,310000,28,5,489,20,20,2,1,21,30 Apr 2026 11:17:14,7F14649BF54A9A5B527C
SDS MANDIRI SCHOOL,69889177,SD,Swasta,Kec. Sagulung,316013,Kota Batam,316000,Prov. Kepulauan Riau,310000,8,3,122,6,10,2,1,27,28 Apr 2026 08:10:07,9867C0722CD07533DD88
SDS MISI BAGI BANGSA,69788015,SD,Swasta,Kec. Sagulung,316013,Kota Batam,316000,Prov. Kepulauan Riau,310000,24,2,550,20,23,2,1,7,05 Mar 2026 07:56:50,67084E4C5B02BB7B2D3D
SDS MUHAMMADIYAH SAGULUNG,11001715,SD,Swasta,Kec. Sagulung,316013,Kota Batam,316000,Prov. Kepulauan Riau,310000,11,2,181,8,8,1,1,10,02 Apr 2026 12:28:01,30BBBCE137CF89B3971B
SDS ORA ET LABORA MIRACLE CENTER,69788031,SD,Swasta,Kec. Sagulung,316013,Kota Batam,316000,Prov. Kepulauan Riau,310000,6,2,144,6,6,0,1,30,28 Apr 2026 09:46:44,EA71695555247FCAB438
SDS PELITA BANGSA-01,69788030,SD,Swasta,Kec. Sagulung,316013,Kota Batam,316000,Prov. Kepulauan Riau,310000,10,2,181,8,9,1,1,26,02 May 2026 11:05:06,3C986D1E92CB3C3417C2
SDS PELITA KASIH,11002532,SD,Swasta,Kec. Sagulung,316013,Kota Batam,316000,Prov. Kepulauan Riau,310000,14,4,246,11,12,1,1,22,27 Apr 2026 13:58:40,0A5D709FB54BE7F7A647
SDS THEODORE II,11002577,SD,Swasta,Kec. Sagulung,316013,Kota Batam,316000,Prov. Kepulauan Riau,310000,6,1,37,6,6,1,1,10,06 Apr 2026 09:20:20,53197A8EDDD55A799992
SDS TIRANUS,69769632,SD,Swasta,Kec. Sagulung,316013,Kota Batam,316000,Prov. Kepulauan Riau,310000,6,1,17,6,6,0,0,43,22 Apr 2026 20:31:46,7445E5B40DEC0929662E
SDS TUNAS TERANG,69965332,SD,Swasta,Kec. Sagulung,316013,Kota Batam,316000,Prov. Kepulauan Riau,310000,6,1,125,6,6,0,1,19,06 Apr 2026 21:21:13,27F5D2BFD852298B6458
SDS YOS SUDARSO II,69971650,SD,Swasta,Kec. Sagulung,316013,Kota Batam,316000,Prov. Kepulauan Riau,310000,20,5,461,15,15,1,1,27,15 Apr 2026 23:46:53,EB0A3E2CDF0424752EFD
SEKOLAH DASAR DAARUT TAUHIID BATAM,70059867,SD,Swasta,Kec. Sagulung,316013,Kota Batam,316000,Prov. Kepulauan Riau,310000,2,0,0,0,0,0,0,0,,F7B58179F189398381F6
Sekolah Dasar Kristen Duta Cendekia Batam,70055843,SD,Swasta,Kec. Sagulung,316013,Kota Batam,316000,Prov. Kepulauan Riau,310000,7,1,129,6,6,0,1,13,26 Apr 2026 00:08:16,85AB1C35A56E41C343DF
SMP NEGERI 21 BATAM,11001749,SMP,Negeri,Kec. Sagulung,316013,Kota Batam,316000,Prov. Kepulauan Riau,310000,37,11,964,25,29,1,1,18,30 Apr 2026 12:25:32,5422BD8F0CC8FD257E06
SMP NEGERI 27 BATAM,11002173,SMP,Negeri,Kec. Sagulung,316013,Kota Batam,316000,Prov. Kepulauan Riau,310000,48,8,1297,31,29,2,1,19,22 Apr 2026 12:07:41,EDB1603FE7FFD9DD8306
SMP NEGERI 35 BATAM,11002554,SMP,Negeri,Kec. Sagulung,316013,Kota Batam,316000,Prov. Kepulauan Riau,310000,29,6,799,21,21,2,1,37,27 Apr 2026 11:43:01,25538388DCAD2B206BF5
SMP NEGERI 36 BATAM,11002766,SMP,Negeri,Kec. Sagulung,316013,Kota Batam,316000,Prov. Kepulauan Riau,310000,29,5,723,20,20,3,0,22,13 Apr 2026 14:37:58,5C8E055479B9231A292C
SMP NEGERI 37 BATAM,11002773,SMP,Negeri,Kec. Sagulung,316013,Kota Batam,316000,Prov. Kepulauan Riau,310000,33,6,990,22,15,2,1,18,09 Apr 2026 08:24:46,382637EA3D9F674C575A
SMP NEGERI 44 BATAM,11002790,SMP,Negeri,Kec. Sagulung,316013,Kota Batam,316000,Prov. Kepulauan Riau,310000,24,6,400,13,26,0,1,27,10 Apr 2026 05:25:17,0F6EE78F1A5403BCFD98
SMP NEGERI 50 BATAM,69863919,SMP,Negeri,Kec. Sagulung,316013,Kota Batam,316000,Prov. Kepulauan Riau,310000,31,3,870,21,21,2,0,14,02 Apr 2026 12:21:16,4AF63A657087AFE84B57
SMP NEGERI 59 BATAM,69981390,SMP,Negeri,Kec. Sagulung,316013,Kota Batam,316000,Prov. Kepulauan Riau,310000,16,4,426,12,8,0,0,31,02 May 2026 09:02:35,24F7F1C5A7BD440D4AED
SMP NEGERI 60 BATAM,69989627,SMP,Negeri,Kec. Sagulung,316013,Kota Batam,316000,Prov. Kepulauan Riau,310000,11,1,351,10,8,0,0,40,28 Apr 2026 11:27:21,7CCEEFA432E7BC6ECF82
SMP NEGERI 61 BATAM,69989628,SMP,Negeri,Kec. Sagulung,316013,Kota Batam,316000,Prov. Kepulauan Riau,310000,18,3,443,12,12,0,0,15,27 Apr 2026 14:36:41,51BD919D6A0F86F48D97
SMP NEGERI 9 BATAM,11000383,SMP,Negeri,Kec. Sagulung,316013,Kota Batam,316000,Prov. Kepulauan Riau,310000,45,7,1540,34,33,3,1,33,02 May 2026 16:31:28,92CDA119F014B0CC0871
SEKOLAH MENENGAH PERTAMA SWASTA KRISTEN TABGHA SEJAHTERA,70055677,SMP,Swasta,Kec. Sagulung,316013,Kota Batam,316000,Prov. Kepulauan Riau,310000,9,2,82,4,4,1,1,28,26 Mar 2026 12:54:14,7BBC0B12DC3B6537F799
SMP AL BARKAH SAGULUNG,69991598,SMP,Swasta,Kec. Sagulung,316013,Kota Batam,316000,Prov. Kepulauan Riau,310000,12,1,244,8,8,1,1,20,09 Apr 2026 14:18:01,8696B66D7CFD1571E08E
SMP DAARUT TAUHID BOARDING SCHOOL BATAM,70012354,SMP,Swasta,Kec. Sagulung,316013,Kota Batam,316000,Prov. Kepulauan Riau,310000,18,8,229,9,9,1,1,35,23 Apr 2026 08:03:43,FAD64837DC179B6F154C
SMP IT AL HAQQI,70005131,SMP,Swasta,Kec. Sagulung,316013,Kota Batam,316000,Prov. Kepulauan Riau,310000,4,2,12,3,3,0,0,3,18 Feb 2026 19:41:06,4B853EFD33E1E9FA7D1C
SMP KRISTEN CITRA BAHTERA HAYAT,69960865,SMP,Swasta,Kec. Sagulung,316013,Kota Batam,316000,Prov. Kepulauan Riau,310000,5,0,23,3,3,0,1,29,30 Apr 2026 16:01:31,590D902C660073042C26
SMP PELITA BANGSA SCHOOL,69973750,SMP,Swasta,Kec. Sagulung,316013,Kota Batam,316000,Prov. Kepulauan Riau,310000,8,2,109,4,6,2,1,39,16 Apr 2026 12:45:39,6C63DB477FB7792B888D
SMP SPH PREMIER INDONESIA,70004567,SMP,Swasta,Kec. Sagulung,316013,Kota Batam,316000,Prov. Kepulauan Riau,310000,6,2,11,3,3,1,1,2,23 Jan 2026 13:12:22,961DAFB6E09EC6C3DF84
SMP Swasta Sentosa Perdana,70044825,SMP,Swasta,Kec. Sagulung,316013,Kota Batam,316000,Prov. Kepulauan Riau,310000,15,4,271,10,10,2,1,39,28 Apr 2026 11:23:54,49E26ACE0D0BC79C6DBF
SMP TUNAS BARU JIN SEUNG,11001784,SMP,Swasta,Kec. Sagulung,316013,Kota Batam,316000,Prov. Kepulauan Riau,310000,31,4,775,20,20,2,1,18,27 Mar 2026 16:41:38,949A66EC56EDBDA50308
SMPIT ASY SYUURAA,69788026,SMP,Swasta,Kec. Sagulung,316013,Kota Batam,316000,Prov. Kepulauan Riau,310000,11,3,151,5,6,2,1,16,27 Mar 2026 10:42:29,A11A7A4639EA4B76E1C8
SMPIT INSAN HARAPAN,69972614,SMP,Swasta,Kec. Sagulung,316013,Kota Batam,316000,Prov. Kepulauan Riau,310000,8,2,153,6,6,1,1,16,10 Apr 2026 11:25:13,9859FD8CC748966724D5
SMPS ADVENT MISION SAGULUNG,70013224,SMP,Swasta,Kec. Sagulung,316013,Kota Batam,316000,Prov. Kepulauan Riau,310000,4,0,55,3,3,0,0,25,27 Apr 2026 13:54:45,0A8F6BCDD019354C3212
SMPS AL AZHAR 2 BATAM,11002998,SMP,Swasta,Kec. Sagulung,316013,Kota Batam,316000,Prov. Kepulauan Riau,310000,24,3,451,14,14,2,1,28,24 Apr 2026 14:40:01,5D96D6CFA5D853CE5F93
SMPS BETESDA,69970178,SMP,Swasta,Kec. Sagulung,316013,Kota Batam,316000,Prov. Kepulauan Riau,310000,6,1,71,3,3,2,1,14,27 Apr 2026 09:21:57,60DB9036890D6025EE33
SMPS DOULOS,70003416,SMP,Swasta,Kec. Sagulung,316013,Kota Batam,316000,Prov. Kepulauan Riau,310000,4,0,76,3,3,2,1,18,10 Apr 2026 13:43:53,722559DC67A88351A46B
SMPS GLOBE NATIONAL PLUS 2 BATAM,69971090,SMP,Swasta,Kec. Sagulung,316013,Kota Batam,316000,Prov. Kepulauan Riau,310000,10,1,100,4,10,2,1,10,23 Apr 2026 09:15:33,C8B953C0FBFEAF379A26
SMPS HARAPAN BANGSA BATAM,69962242,SMP,Swasta,Kec. Sagulung,316013,Kota Batam,316000,Prov. Kepulauan Riau,310000,5,4,78,3,5,2,1,12,20 Apr 2026 16:34:41,35F4F19DC4E4B68E0DA0
SMPS MISI BAGI BANGSA,69970467,SMP,Swasta,Kec. Sagulung,316013,Kota Batam,316000,Prov. Kepulauan Riau,310000,10,3,253,9,9,2,1,7,23 Apr 2026 12:54:55,DE5BD31AC4D795B56D83
SMPS PLUS AL-USTMANIYAH QUEEN AL FALAH BATAM,69992949,SMP,Swasta,Kec. Sagulung,316013,Kota Batam,316000,Prov. Kepulauan Riau,310000,10,4,86,4,5,1,1,25,24 Apr 2026 15:13:35,A8132C16337ADE324451
SMPS Tunas Muda Berkarya,69966105,SMP,Swasta,Kec. Sagulung,316013,Kota Batam,316000,Prov. Kepulauan Riau,310000,10,1,125,6,6,3,1,66,23 Apr 2026 18:02:47,C95E0118BF6B8C8D03CB
SMAN 17 BATAM,60728419,SMA,Negeri,Kec. Sagulung,316013,Kota Batam,316000,Prov. Kepulauan Riau,310000,61,11,1101,29,29,4,1,28,02 May 2026 17:35:17,A456561FA6C7E046626B
SMAN 18 BATAM,69863917,SMA,Negeri,Kec. Sagulung,316013,Kota Batam,316000,Prov. Kepulauan Riau,310000,42,5,936,27,19,4,1,45,29 Apr 2026 10:38:13,3DEEE97A904B3FCE0F3B
SMAN 19 BATAM,69872144,SMA,Negeri,Kec. Sagulung,316013,Kota Batam,316000,Prov. Kepulauan Riau,310000,46,13,1142,33,22,4,1,13,13 Apr 2026 13:42:39,75F8CD14D98F6131975B
SMAN 5 BATAM,11002199,SMA,Negeri,Kec. Sagulung,316013,Kota Batam,316000,Prov. Kepulauan Riau,310000,82,17,1669,38,37,9,1,43,02 May 2026 17:17:03,68E15E48CC3701BBD360
SMA Daarut Tauhiid Boarding School Batam,70046268,SMA,Swasta,Kec. Sagulung,316013,Kota Batam,316000,Prov. Kepulauan Riau,310000,4,2,68,3,4,0,0,26,29 Apr 2026 13:34:41,9136CE873611B366BD6F
SMAIT DARUSSALAM 01 BATAM,70042282,SMA,Swasta,Kec. Sagulung,316013,Kota Batam,316000,Prov. Kepulauan Riau,310000,5,1,52,3,3,1,1,5,30 Mar 2026 11:52:33,2C2897771AB6632B06D3
SMAS GLOBE NATIONAL PLUS 2,69971172,SMA,Swasta,Kec. Sagulung,316013,Kota Batam,316000,Prov. Kepulauan Riau,310000,5,1,54,3,6,2,1,9,24 Feb 2026 11:17:32,4C7C9E2088A2E0235DDD
SMAS PERMATA HARAPAN 2 BATAM,69902518,SMA,Swasta,Kec. Sagulung,316013,Kota Batam,316000,Prov. Kepulauan Riau,310000,3,2,4,1,5,2,1,3,11 Feb 2026 14:08:32,187AA9934FDAF583F1C7
SMAS PLUS AL-USTMANIYAH QUEEN AL FALAH,70013962,SMA,Swasta,Kec. Sagulung,316013,Kota Batam,316000,Prov. Kepulauan Riau,310000,11,1,67,4,3,1,1,17,20 Apr 2026 11:43:22,BD3915D1252DC5A9BFFE
SMAS TUNAS BARU JIN SEUNG,11003261,SMA,Swasta,Kec. Sagulung,316013,Kota Batam,316000,Prov. Kepulauan Riau,310000,22,4,499,13,13,3,1,12,27 Apr 2026 07:37:09,46C99921E6570FD36BA3
SMK NEGERI 11 BATAM,70048190,SMK,Negeri,Kec. Sagulung,316013,Kota Batam,316000,Prov. Kepulauan Riau,310000,17,5,621,14,11,2,0,31,31 Mar 2026 15:28:14,C806746618A0D9ABBBD7
SMK NEGERI 5 BATAM,11003006,SMK,Negeri,Kec. Sagulung,316013,Kota Batam,316000,Prov. Kepulauan Riau,310000,182,34,5315,132,55,1,1,41,28 Apr 2026 22:38:09,CE9B9D69B71DD1550723
SMK NEGERI 8 BATAM,69974383,SMK,Negeri,Kec. Sagulung,316013,Kota Batam,316000,Prov. Kepulauan Riau,310000,61,17,1748,46,20,3,1,178,02 May 2026 19:54:41,A2091549D86CC77A10CB
SMK MISI BAGI BANGSA,70049830,SMK,Swasta,Kec. Sagulung,316013,Kota Batam,316000,Prov. Kepulauan Riau,310000,8,0,38,6,3,1,1,9,11 Mar 2026 07:08:28,C76806758A76F49C05AA
SMKS AL AMIN 1 BATAM,70039729,SMK,Swasta,Kec. Sagulung,316013,Kota Batam,316000,Prov. Kepulauan Riau,310000,6,1,31,5,3,0,0,12,10 Apr 2026 18:30:17,FF334B114F0E720CFA74
SMKS AL MUGNII MANDIRI,69975339,SMK,Swasta,Kec. Sagulung,316013,Kota Batam,316000,Prov. Kepulauan Riau,310000,4,2,11,2,5,1,1,7,09 Feb 2026 09:12:53,B3B051DB414AA34EDF6B
SMKS GLOBE NATIONAL PLUS 2,69973638,SMK,Swasta,Kec. Sagulung,316013,Kota Batam,316000,Prov. Kepulauan Riau,310000,6,2,101,9,15,1,1,9,22 Apr 2026 11:41:51,C381E3DDEC92EC3AA4A2
SMKS IT DARUSSALAM BOARDING SCHOOL 01,69958871,SMK,Swasta,Kec. Sagulung,316013,Kota Batam,316000,Prov. Kepulauan Riau,310000,21,5,274,12,12,2,1,9,28 Apr 2026 12:56:40,AF8BD33B551F5C00DD86
SMKS PELAYARAN SINAR METTA,69980143,SMK,Swasta,Kec. Sagulung,316013,Kota Batam,316000,Prov. Kepulauan Riau,310000,5,2,26,4,6,0,1,36,30 Apr 2026 11:45:51,3AD2138BF90EAE942808
SMKS PELITA BANGSA SCHOOL,69973664,SMK,Swasta,Kec. Sagulung,316013,Kota Batam,316000,Prov. Kepulauan Riau,310000,0,0,0,0,0,0,0,0,,B2D6832AC983AD12B5F5
SMKS PERMATA HARAPAN 2 BATAM,11003260,SMK,Swasta,Kec. Sagulung,316013,Kota Batam,316000,Prov. Kepulauan Riau,310000,2,0,17,4,9,3,1,6,11 Feb 2026 14:28:55,FF8B4F8CC1A28BDDEEC2
SMKS TELADAN BATAM,11002212,SMK,Swasta,Kec. Sagulung,316013,Kota Batam,316000,Prov. Kepulauan Riau,310000,15,7,322,15,13,1,1,14,26 Apr 2026 21:14:37,04BFB076C20D9DD31AE9
SMKS TUNAS MUDA BERKARYA BATAM,69857721,SMK,Swasta,Kec. Sagulung,316013,Kota Batam,316000,Prov. Kepulauan Riau,310000,12,3,120,14,15,4,1,18,20 Apr 2026 17:38:10,5AEDBB511DB0488B473A
SD NEGERI 001 BATU AJI,11001563,SD,Negeri,Kec. Batu Aji,316014,Kota Batam,316000,Prov. Kepulauan Riau,310000,35,10,937,29,24,0,1,22,29 Apr 2026 13:34:51,B2BD3BAFD1E6A20F2230
SD NEGERI 002 BATU AJI,11001566,SD,Negeri,Kec. Batu Aji,316014,Kota Batam,316000,Prov. Kepulauan Riau,310000,34,11,1001,29,25,1,1,28,29 Apr 2026 13:00:01,5BD22B36EC2448F6D60A
SD NEGERI 003 BATU AJI,11001570,SD,Negeri,Kec. Batu Aji,316014,Kota Batam,316000,Prov. Kepulauan Riau,310000,40,6,1185,33,20,2,1,21,24 Apr 2026 09:49:54,538C730B1597E1F65389
SD NEGERI 004 BATU AJI,11001576,SD,Negeri,Kec. Batu Aji,316014,Kota Batam,316000,Prov. Kepulauan Riau,310000,20,2,593,18,11,0,1,21,23 Apr 2026 15:21:15,1925446D24C5728D57FA
SD NEGERI 005 BATU AJI,11002519,SD,Negeri,Kec. Batu Aji,316014,Kota Batam,316000,Prov. Kepulauan Riau,310000,23,3,642,19,13,0,1,25,20 Apr 2026 10:24:17,D04334C59303D02AA203
SD NEGERI 006 BATU AJI,11002784,SD,Negeri,Kec. Batu Aji,316014,Kota Batam,316000,Prov. Kepulauan Riau,310000,44,9,1462,39,17,0,1,37,09 Apr 2026 04:13:37,51186C3D74653626D0F2
SD NEGERI 009 BATU AJI,70032016,SD,Negeri,Kec. Batu Aji,316014,Kota Batam,316000,Prov. Kepulauan Riau,310000,11,2,457,12,7,0,0,24,21 Apr 2026 14:19:32,D4B1D653F9BA4125DB82
SDN 007 BATU AJI,11003045,SD,Negeri,Kec. Batu Aji,316014,Kota Batam,316000,Prov. Kepulauan Riau,310000,29,7,903,24,12,1,1,59,01 May 2026 22:54:07,80C15C578DDBE48DE834
SDN 008 BATU AJI,69769625,SD,Negeri,Kec. Batu Aji,316014,Kota Batam,316000,Prov. Kepulauan Riau,310000,14,2,438,14,7,0,0,11,30 Apr 2026 11:02:03,A618A965C776C417FD49
SD CAHAYA KASIH BATAM,69944773,SD,Swasta,Kec. Batu Aji,316014,Kota Batam,316000,Prov. Kepulauan Riau,310000,14,4,304,13,13,0,1,18,01 May 2026 09:12:21,13A54A3593FB0B7498AF
SD CLARISSA,11001683,SD,Swasta,Kec. Batu Aji,316014,Kota Batam,316000,Prov. Kepulauan Riau,310000,26,4,562,22,25,0,1,128,02 May 2026 05:01:14,8AA437FE5F701A1E9D1F
SD HARVARD,69902403,SD,Swasta,Kec. Batu Aji,316014,Kota Batam,316000,Prov. Kepulauan Riau,310000,7,2,117,6,7,2,1,7,26 Feb 2026 14:04:59,D1BD5A0944A17F1CE574
SD ISLAM INTEGRAL LUQMAN AL HAKIM,11001711,SD,Swasta,Kec. Batu Aji,316014,Kota Batam,316000,Prov. Kepulauan Riau,310000,51,2,605,24,38,2,1,25,16 Apr 2026 08:09:46,FB7471E2D75F1816BEA6
SD ISLAM INTEGRAL LUQMAN AL-HAKIM 02 BATAM,69788013,SD,Swasta,Kec. Batu Aji,316014,Kota Batam,316000,Prov. Kepulauan Riau,310000,29,2,483,18,18,1,1,17,06 Feb 2026 08:58:43,5E1BD8886777A45CFD2A
SD IT FAJAR ILAHI,11002158,SD,Swasta,Kec. Batu Aji,316014,Kota Batam,316000,Prov. Kepulauan Riau,310000,55,2,713,24,25,2,1,12,27 Apr 2026 13:37:34,F564227CB97F1D64F88A
SD Prestasi,69849200,SD,Swasta,Kec. Batu Aji,316014,Kota Batam,316000,Prov. Kepulauan Riau,310000,9,2,109,6,12,2,1,37,02 May 2026 10:40:00,333D17168C2BE167689B
SD PRIMA SCHOOL,11002529,SD,Swasta,Kec. Batu Aji,316014,Kota Batam,316000,Prov. Kepulauan Riau,310000,13,1,116,6,10,2,1,19,30 Apr 2026 14:14:40,D998B8ECECD8A2602CDC
SD RADMILA,69928208,SD,Swasta,Kec. Batu Aji,316014,Kota Batam,316000,Prov. Kepulauan Riau,310000,16,1,356,12,12,2,1,17,06 Mar 2026 07:23:59,B309CD0CF903F20E11B0
SD SWASTA EAGLE KIDS SCHOOL,70007865,SD,Swasta,Kec. Batu Aji,316014,Kota Batam,316000,Prov. Kepulauan Riau,310000,5,1,54,6,9,0,1,19,22 Apr 2026 22:03:04,F31435032EEFCC26F52F
SD SWASTA ISLAM NURUL HAQ,11001665,SD,Swasta,Kec. Batu Aji,316014,Kota Batam,316000,Prov. Kepulauan Riau,310000,32,2,547,21,22,1,1,11,08 Apr 2026 10:29:05,C373D76255B2EFE4AFF9
SD Swasta Kemilau Islamic School,70062271,SD,Swasta,Kec. Batu Aji,316014,Kota Batam,316000,Prov. Kepulauan Riau,310000,0,0,0,0,0,0,0,0,,5E802036D4E25DC5A817
SD SWASTA KUSUMA BANGSA,69959547,SD,Swasta,Kec. Batu Aji,316014,Kota Batam,316000,Prov. Kepulauan Riau,310000,6,1,34,6,6,2,1,15,04 Mar 2026 13:18:42,9341B87CEBAFE1C8D426
SD SWASTA TAMAN SISWA,11001723,SD,Swasta,Kec. Batu Aji,316014,Kota Batam,316000,Prov. Kepulauan Riau,310000,8,1,134,6,10,2,1,22,03 Mar 2026 11:32:53,4E1838FF5D2095940E91
SD SWASTA YOS SUDARSO III,69995694,SD,Swasta,Kec. Batu Aji,316014,Kota Batam,316000,Prov. Kepulauan Riau,310000,19,4,375,13,13,1,1,47,27 Apr 2026 12:12:52,D339D152B09361BD6E2C
SD THERESIA,11001725,SD,Swasta,Kec. Batu Aji,316014,Kota Batam,316000,Prov. Kepulauan Riau,310000,15,3,245,11,16,1,1,39,28 Apr 2026 11:01:52,A6720A2BA065FFA0A1FD
SDIT AS - SALAM,69943936,SD,Swasta,Kec. Batu Aji,316014,Kota Batam,316000,Prov. Kepulauan Riau,310000,9,1,101,6,6,0,1,16,30 Apr 2026 08:51:03,F3484C41184E8AB77A9C
SDIT AT-TAUBAH,11002530,SD,Swasta,Kec. Batu Aji,316014,Kota Batam,316000,Prov. Kepulauan Riau,310000,65,4,1076,36,36,2,1,18,28 Apr 2026 12:10:34,88654BACFD8484758529
SDIT DARUSSALAM 01,11001684,SD,Swasta,Kec. Batu Aji,316014,Kota Batam,316000,Prov. Kepulauan Riau,310000,61,14,1202,40,40,2,1,23,21 Apr 2026 08:07:41,9C17C639FE17AA2ED743
SDS CAHAYA BANGSA,11002621,SD,Swasta,Kec. Batu Aji,316014,Kota Batam,316000,Prov. Kepulauan Riau,310000,9,2,133,7,8,2,1,10,28 Apr 2026 06:37:31,D1763D79F1A26E4B63BC
SDS EPPATA II BATU AJI,11001689,SD,Swasta,Kec. Batu Aji,316014,Kota Batam,316000,Prov. Kepulauan Riau,310000,13,1,150,7,11,0,1,11,03 Apr 2026 19:20:25,C08CF28D40574258DE10
SDS FAVORIT BARELANG,11002797,SD,Swasta,Kec. Batu Aji,316014,Kota Batam,316000,Prov. Kepulauan Riau,310000,10,2,147,7,7,1,1,1,09 Feb 2026 13:29:45,302F5CCD0D3F672505B0
SDS HEROSE,69894026,SD,Swasta,Kec. Batu Aji,316014,Kota Batam,316000,Prov. Kepulauan Riau,310000,5,1,85,6,6,1,1,7,18 Apr 2026 11:59:35,542ADBFE2B7494A9AEC1
SDS MANUNGGAL NUSANTARA,70047128,SD,Swasta,Kec. Batu Aji,316014,Kota Batam,316000,Prov. Kepulauan Riau,310000,7,2,163,6,6,1,1,31,29 Apr 2026 20:21:32,1880FE5477ADC6E030B2
Sds Mashita,11002528,SD,Swasta,Kec. Batu Aji,316014,Kota Batam,316000,Prov. Kepulauan Riau,310000,11,4,357,12,14,1,1,40,25 Apr 2026 09:50:53,72D23955DC071C83F624
SDS MUHAMMADIYAH ASEAN,69986643,SD,Swasta,Kec. Batu Aji,316014,Kota Batam,316000,Prov. Kepulauan Riau,310000,8,1,85,6,6,1,0,13,07 Apr 2026 08:03:43,9A564F37A92FEB699406
SDS NUSANTARA,69769635,SD,Swasta,Kec. Batu Aji,316014,Kota Batam,316000,Prov. Kepulauan Riau,310000,10,1,153,7,7,1,1,20,20 Apr 2026 06:35:39,A3A94A056C4A6A1DD3D3
SDS PERMATA,69978771,SD,Swasta,Kec. Batu Aji,316014,Kota Batam,316000,Prov. Kepulauan Riau,310000,5,4,155,6,6,0,1,11,13 Mar 2026 09:07:46,ED3174FD6F9904D06964
SDS RELIANCE SCHOOL,69788028,SD,Swasta,Kec. Batu Aji,316014,Kota Batam,316000,Prov. Kepulauan Riau,310000,10,2,163,9,12,1,1,12,12 Mar 2026 08:58:15,5D87E81B59A06CED178E
SDS TUNAS INDONESIA,69788012,SD,Swasta,Kec. Batu Aji,316014,Kota Batam,316000,Prov. Kepulauan Riau,310000,5,1,108,6,7,0,1,39,22 Apr 2026 23:01:57,6F8CC673BC9F99747FF2
SEKOLAH DASAR ISLAM TERPADU (SDIT) AL KAUTSAR MADANI,69919653,SD,Swasta,Kec. Batu Aji,316014,Kota Batam,316000,Prov. Kepulauan Riau,310000,18,5,287,12,12,2,1,15,15 Apr 2026 15:25:43,24D8C9E1A86D01CAD8EC
SEKOLAH DASAR SDS KOLOSE,70039719,SD,Swasta,Kec. Batu Aji,316014,Kota Batam,316000,Prov. Kepulauan Riau,310000,5,0,34,5,6,0,0,12,28 Apr 2026 11:53:41,10AB07932AB819B2381F
SEKOLAH DASAR SWASTA GENERASI HARAPAN,69987027,SD,Swasta,Kec. Batu Aji,316014,Kota Batam,316000,Prov. Kepulauan Riau,310000,14,5,271,11,11,1,1,23,16 Apr 2026 13:45:59,02BA75D3B7216F3B7243
SEKOLAH DASAR SWASTA KRISTEN BASIC 2,69769629,SD,Swasta,Kec. Batu Aji,316014,Kota Batam,316000,Prov. Kepulauan Riau,310000,36,10,588,22,22,2,1,42,22 Apr 2026 10:16:17,0222DFE304BE0140F34E
SEKOLAH DASAR SWASTA KRISTEN MARANATHA BATAM,69888845,SD,Swasta,Kec. Batu Aji,316014,Kota Batam,316000,Prov. Kepulauan Riau,310000,19,5,336,15,15,1,1,8,12 Mar 2026 09:23:13,6B4045AF6F876AE223F0
SEKOLAH DASAR SWASTA KRISTEN NADIA CK,69969432,SD,Swasta,Kec. Batu Aji,316014,Kota Batam,316000,Prov. Kepulauan Riau,310000,9,2,161,7,8,1,1,31,28 Apr 2026 11:52:26,D79A7DC1AF2495313D7E
SEKOLAH DASAR SWASTA PUTRA BATAM,11001718,SD,Swasta,Kec. Batu Aji,316014,Kota Batam,316000,Prov. Kepulauan Riau,310000,20,1,368,15,18,2,1,24,13 Apr 2026 15:19:54,A07104C84E5365E5187B
SMP NEGERI 11 BATAM,11000376,SMP,Negeri,Kec. Batu Aji,316014,Kota Batam,316000,Prov. Kepulauan Riau,310000,50,10,1353,33,33,4,1,35,18 Apr 2026 09:33:08,A2E98A17CD530194CAC9
SMP NEGERI 26 BATAM,11002172,SMP,Negeri,Kec. Batu Aji,316014,Kota Batam,316000,Prov. Kepulauan Riau,310000,38,6,1148,26,23,1,1,49,02 May 2026 05:55:03,945627328DD55F253E6A
SMP NEGERI 38 BATAM,11002774,SMP,Negeri,Kec. Batu Aji,316014,Kota Batam,316000,Prov. Kepulauan Riau,310000,22,5,754,18,18,2,0,48,30 Apr 2026 13:12:22,03E82A84AF45A5672033
SMP NEGERI 53 BATAM,69863922,SMP,Negeri,Kec. Batu Aji,316014,Kota Batam,316000,Prov. Kepulauan Riau,310000,25,3,635,16,18,1,0,41,24 Apr 2026 09:07:21,9FF2898B0E9B5A037EB2
SMP NEGERI 65 BATAM,70032138,SMP,Negeri,Kec. Batu Aji,316014,Kota Batam,316000,Prov. Kepulauan Riau,310000,14,1,363,12,5,0,0,31,24 Apr 2026 21:43:19,C68CA87BEF7C5A9AD136
SMP BP TAHFIDZ AT TAUBAH,69929828,SMP,Swasta,Kec. Batu Aji,316014,Kota Batam,316000,Prov. Kepulauan Riau,310000,29,4,575,19,20,2,1,19,14 Apr 2026 16:11:47,2CE19EAF654C979449A1
SMP EPPATA II,11002436,SMP,Swasta,Kec. Batu Aji,316014,Kota Batam,316000,Prov. Kepulauan Riau,310000,5,2,6,3,5,2,1,9,04 Mar 2026 09:08:14,5E8DC17762F4F60A7E39
SMP ISLAM INTEGRAL LUQMAN AL HAKIM 02 BATAM,69788014,SMP,Swasta,Kec. Batu Aji,316014,Kota Batam,316000,Prov. Kepulauan Riau,310000,12,6,145,6,10,2,1,19,02 May 2026 07:09:28,92965C44ECED1C7EAACA
SMP ISLAM INTEGRAL LUQMAN AL HAKIM BATAM,11001778,SMP,Swasta,Kec. Batu Aji,316014,Kota Batam,316000,Prov. Kepulauan Riau,310000,26,3,389,13,15,2,1,10,14 Mar 2026 08:13:37,5B2C1EAC7E080C9CF933
SMP IT FAJAR ILAHI,69950009,SMP,Swasta,Kec. Batu Aji,316014,Kota Batam,316000,Prov. Kepulauan Riau,310000,18,2,240,8,9,2,1,24,27 Apr 2026 14:25:48,1650E48BC8E3F39CE306
SMP KEMILAU ISLAMIC SCHOOL,69989631,SMP,Swasta,Kec. Batu Aji,316014,Kota Batam,316000,Prov. Kepulauan Riau,310000,8,4,48,3,6,2,1,12,28 Apr 2026 08:59:54,A047A92B52B3FE092076
SMP KRISTEN BASIC 2,69952368,SMP,Swasta,Kec. Batu Aji,316014,Kota Batam,316000,Prov. Kepulauan Riau,310000,15,2,308,11,12,2,1,122,02 May 2026 08:29:36,1C97847F374660DAA4B4
SMP KRISTEN MARANATHA,69988880,SMP,Swasta,Kec. Batu Aji,316014,Kota Batam,316000,Prov. Kepulauan Riau,310000,4,0,34,3,3,1,1,19,27 Apr 2026 15:51:03,3768DC931231BEC4CFBA
SMP MASHITA,69955139,SMP,Swasta,Kec. Batu Aji,316014,Kota Batam,316000,Prov. Kepulauan Riau,310000,6,1,86,4,6,1,3,21,25 Apr 2026 07:44:49,437B41A69140379109F9
SMP MUHAMMADIYAH,11001780,SMP,Swasta,Kec. Batu Aji,316014,Kota Batam,316000,Prov. Kepulauan Riau,310000,12,3,275,9,10,0,1,13,10 Apr 2026 11:59:29,67562F4D663D386C9405
SMP PRESTASI,70040876,SMP,Swasta,Kec. Batu Aji,316014,Kota Batam,316000,Prov. Kepulauan Riau,310000,2,2,18,3,3,2,1,26,24 Apr 2026 10:46:44,125B0E72F0823D50BCB6
SMP PUTRA BATAM,11003002,SMP,Swasta,Kec. Batu Aji,316014,Kota Batam,316000,Prov. Kepulauan Riau,310000,19,4,344,12,12,5,2,42,11 Feb 2026 14:13:44,0C6AD464E70131CC3A52
SMP SWASTA CAHAYA KASIH BATAM,70004162,SMP,Swasta,Kec. Batu Aji,316014,Kota Batam,316000,Prov. Kepulauan Riau,310000,3,1,16,2,3,1,0,18,08 Apr 2026 01:49:35,A5FA110713BAE0FD5FB5
SMP TAMAN SISWA BATAM,70004608,SMP,Swasta,Kec. Batu Aji,316014,Kota Batam,316000,Prov. Kepulauan Riau,310000,4,2,63,3,3,2,1,19,14 Apr 2026 11:47:02,927A1C1CD4154C7E48B8
SMPIT AL KAUTSAR MADANI,70015928,SMP,Swasta,Kec. Batu Aji,316014,Kota Batam,316000,Prov. Kepulauan Riau,310000,10,1,80,3,3,2,1,19,22 Apr 2026 12:51:52,DADD203C9A63625EDC54
SMPIT DARUSSALAM 01 BATAM,11002559,SMP,Swasta,Kec. Batu Aji,316014,Kota Batam,316000,Prov. Kepulauan Riau,310000,33,7,509,16,16,2,1,13,30 Apr 2026 07:35:43,687DDB9CF6C008A22E1E
SMPS ADVENT BATAM MAS,70002994,SMP,Swasta,Kec. Batu Aji,316014,Kota Batam,316000,Prov. Kepulauan Riau,310000,9,1,34,3,4,2,1,35,27 Apr 2026 09:02:22,22491A07CBF1C4B8D181
SMPS CLARISSA,69770313,SMP,Swasta,Kec. Batu Aji,316014,Kota Batam,316000,Prov. Kepulauan Riau,310000,4,2,52,3,4,2,1,26,06 Apr 2026 11:21:02,E9C8DCE2BF5C08123153
SMPS ISLAM NURUL HAQ,11002795,SMP,Swasta,Kec. Batu Aji,316014,Kota Batam,316000,Prov. Kepulauan Riau,310000,10,1,111,5,7,2,1,21,22 Apr 2026 20:45:45,AFAB97EDD0DECCAB40A9
SMPS PRIMA SCHOOL,11002558,SMP,Swasta,Kec. Batu Aji,316014,Kota Batam,316000,Prov. Kepulauan Riau,310000,8,0,18,3,3,2,1,15,30 Apr 2026 13:50:53,FB0933D5BA9EF78A2309
SMPS Radmila,70055729,SMP,Swasta,Kec. Batu Aji,316014,Kota Batam,316000,Prov. Kepulauan Riau,310000,6,1,116,4,6,1,0,9,15 Apr 2026 14:54:23,A76F2DB064E62D566CA1
SMPS TUNAS INDONESIA,69991480,SMP,Swasta,Kec. Batu Aji,316014,Kota Batam,316000,Prov. Kepulauan Riau,310000,1,0,18,3,3,2,1,12,10 Feb 2026 10:07:04,FF5CF200786D0E56FE11
SMAN 23 BATAM,69980500,SMA,Negeri,Kec. Batu Aji,316014,Kota Batam,316000,Prov. Kepulauan Riau,310000,49,11,1087,27,17,4,0,13,28 Apr 2026 10:12:27,CBCB5EBDCE3DF28FD58D
SMAN 27 BATAM,70012279,SMA,Negeri,Kec. Batu Aji,316014,Kota Batam,316000,Prov. Kepulauan Riau,310000,29,5,506,16,13,3,1,35,27 Apr 2026 21:00:18,F32A9240405F509BF0FD
Sekolah Menengah Atas Swasta Kristen Basic 2,70040736,SMA,Swasta,Kec. Batu Aji,316014,Kota Batam,316000,Prov. Kepulauan Riau,310000,1,0,42,3,4,2,1,45,02 May 2026 07:48:50,2D55569E513B3D5EF974
SMA PUTRA BATAM,70032943,SMA,Swasta,Kec. Batu Aji,316014,Kota Batam,316000,Prov. Kepulauan Riau,310000,3,2,69,3,3,2,1,38,05 Mar 2026 12:37:08,E8295C541362B0F4BBD9
SMAIT FAJAR ILAHI BATU AJI,70054927,SMA,Swasta,Kec. Batu Aji,316014,Kota Batam,316000,Prov. Kepulauan Riau,310000,5,0,52,2,2,1,1,11,27 Apr 2026 13:26:51,113FFB1CC667C0D4D5F3
SMAS ADVENT,11002569,SMA,Swasta,Kec. Batu Aji,316014,Kota Batam,316000,Prov. Kepulauan Riau,310000,8,5,46,3,3,4,1,27,30 Apr 2026 07:44:27,F511DB9479D64A72D03B
SMAS INTEGRAL HIDAYATULLAH,11002579,SMA,Swasta,Kec. Batu Aji,316014,Kota Batam,316000,Prov. Kepulauan Riau,310000,12,2,75,4,7,3,1,18,06 Mar 2026 10:43:04,E0FA02CE67128E04CE69
SMAS INTEGRAL HIDAYATULLAH BOARDING SCHOOL,69961681,SMA,Swasta,Kec. Batu Aji,316014,Kota Batam,316000,Prov. Kepulauan Riau,310000,14,2,56,3,9,3,1,14,06 Apr 2026 14:38:39,36C79F86CBC882FEB7AC
SMAS ISLAM TERPADU ULIL ALBAB,69986644,SMA,Swasta,Kec. Batu Aji,316014,Kota Batam,316000,Prov. Kepulauan Riau,310000,30,6,440,12,12,2,1,29,02 Apr 2026 15:35:06,632202BA8217AAFF43B4
SMAS KEMILAU ISLAMIC SCHOOL BATAM,70012137,SMA,Swasta,Kec. Batu Aji,316014,Kota Batam,316000,Prov. Kepulauan Riau,310000,2,0,6,1,3,2,1,8,28 Apr 2026 11:55:15,2F1BC28A46817AFBE8F5
SMAS MUHAMMADIYAH 1,11002192,SMA,Swasta,Kec. Batu Aji,316014,Kota Batam,316000,Prov. Kepulauan Riau,310000,8,3,100,4,7,6,1,22,30 Apr 2026 15:34:26,03F491931963CBB66E95
SMK NEGERI 1 BATAM,11000382,SMK,Negeri,Kec. Batu Aji,316014,Kota Batam,316000,Prov. Kepulauan Riau,310000,122,24,3285,85,53,3,1,81,02 May 2026 14:14:42,4386D2347A6F4AA4B834
SMK NEGERI 12 BATAM,70056435,SMK,Negeri,Kec. Batu Aji,316014,Kota Batam,316000,Prov. Kepulauan Riau,310000,1,0,180,4,4,0,0,10,24 Apr 2026 09:40:20,02319CBC7D30C6DD6C98
SMK NEGERI 14 BATAM,70062336,SMK,Negeri,Kec. Batu Aji,316014,Kota Batam,316000,Prov. Kepulauan Riau,310000,0,0,0,0,0,0,0,0,,15D8333D355918B05B0D
SMKS HANG NADIM BATAM,11002207,SMK,Swasta,Kec. Batu Aji,316014,Kota Batam,316000,Prov. Kepulauan Riau,310000,15,4,175,11,18,3,1,23,19 Apr 2026 13:53:58,25D0C8DB8EC78657D6EB
SMKS HIDAYATULLAH BATAM,69996265,SMK,Swasta,Kec. Batu Aji,316014,Kota Batam,316000,Prov. Kepulauan Riau,310000,1,3,6,1,3,1,1,4,28 Jan 2026 07:57:54,24B39D8EFEFCE53573A9
SMKS MUHAMMADIYAH BATAM,11003119,SMK,Swasta,Kec. Batu Aji,316014,Kota Batam,316000,Prov. Kepulauan Riau,310000,24,10,547,21,17,1,1,21,24 Apr 2026 13:04:27,665F5304FB1A6B642D9A
SMKS PLUS KEMILAU BANGSA,69825145,SMK,Swasta,Kec. Batu Aji,316014,Kota Batam,316000,Prov. Kepulauan Riau,310000,6,2,0,0,0,0,0,0,,8A5027E4C1C49BDFCEFA
SMKS PUTRA JAYA CENTRE,69901085,SMK,Swasta,Kec. Batu Aji,316014,Kota Batam,316000,Prov. Kepulauan Riau,310000,2,2,6,1,9,3,1,9,30 Jan 2026 11:58:21,DCDE61E285DE80888CF0
SD NEGERI 001 SEKUPANG,11001541,SD,Negeri,Kec. Sekupang,316002,Kota Batam,316000,Prov. Kepulauan Riau,310000,26,9,990,26,16,1,1,22,01 May 2026 16:40:40,9439ADAF97FF94CE6AF8
SD NEGERI 002 SEKUPANG,11001544,SD,Negeri,Kec. Sekupang,316002,Kota Batam,316000,Prov. Kepulauan Riau,310000,32,3,1041,29,18,1,1,33,22 Apr 2026 22:07:49,2DBB590D057DEC5BFBA1
SD NEGERI 003 SEKUPANG,11002459,SD,Negeri,Kec. Sekupang,316002,Kota Batam,316000,Prov. Kepulauan Riau,310000,28,8,978,24,22,0,1,29,30 Apr 2026 09:37:44,D2A3254E057E5E4F6C61
SD NEGERI 004 SEKUPANG,11001550,SD,Negeri,Kec. Sekupang,316002,Kota Batam,316000,Prov. Kepulauan Riau,310000,27,12,885,24,17,1,1,26,29 Apr 2026 13:26:21,6EBE1ECF47C54A32A345
SD NEGERI 005 SEKUPANG,11001553,SD,Negeri,Kec. Sekupang,316002,Kota Batam,316000,Prov. Kepulauan Riau,310000,31,4,989,26,17,0,1,23,23 Apr 2026 07:48:14,896EA03782A25285FAE4
SD NEGERI 006 SEKUPANG,11001557,SD,Negeri,Kec. Sekupang,316002,Kota Batam,316000,Prov. Kepulauan Riau,310000,33,8,856,29,28,3,1,32,30 Apr 2026 09:32:28,E131B824787EA5FDDD64
SD NEGERI 007 SEKUPANG,11001560,SD,Negeri,Kec. Sekupang,316002,Kota Batam,316000,Prov. Kepulauan Riau,310000,22,4,709,18,7,1,1,20,30 Apr 2026 08:12:31,45307F9F359443263550
SD NEGERI 008 SEKUPANG,11001573,SD,Negeri,Kec. Sekupang,316002,Kota Batam,316000,Prov. Kepulauan Riau,310000,48,5,1353,40,21,1,1,24,01 May 2026 21:34:07,E601630AFABF5B18B4DA
SD NEGERI 009 SEKUPANG,11001565,SD,Negeri,Kec. Sekupang,316002,Kota Batam,316000,Prov. Kepulauan Riau,310000,7,1,39,6,3,0,1,3,03 Mar 2026 09:51:55,1B5B6182E5CBBE7CAFF0
SD NEGERI 010 SEKUPANG,11001582,SD,Negeri,Kec. Sekupang,316002,Kota Batam,316000,Prov. Kepulauan Riau,310000,25,4,750,22,23,0,1,75,16 Apr 2026 09:33:08,D19DB8579B496551A5B9
SD NEGERI 011 SEKUPANG,11002150,SD,Negeri,Kec. Sekupang,316002,Kota Batam,316000,Prov. Kepulauan Riau,310000,25,5,593,20,13,1,1,28,17 Apr 2026 10:34:24,9B44720D18F151EE1631
SD Negeri 013 SEKUPANG,69912258,SD,Negeri,Kec. Sekupang,316002,Kota Batam,316000,Prov. Kepulauan Riau,310000,50,13,1763,47,16,0,0,47,20 Apr 2026 13:28:42,08AF98AACEB53FC7DEFF
SDN 012 SEKUPANG,69769626,SD,Negeri,Kec. Sekupang,316002,Kota Batam,316000,Prov. Kepulauan Riau,310000,16,4,446,13,7,0,0,16,14 Mar 2026 08:45:14,FDB5DC21FB26EA1E854F
SD AL FURQAN,11001673,SD,Swasta,Kec. Sekupang,316002,Kota Batam,316000,Prov. Kepulauan Riau,310000,23,2,366,14,14,1,1,20,30 Apr 2026 12:51:55,F874671FC93645CAEFA8
SD HARAPAN YOBEL,11002479,SD,Swasta,Kec. Sekupang,316002,Kota Batam,316000,Prov. Kepulauan Riau,310000,7,2,88,6,9,2,2,16,13 Apr 2026 08:23:36,151A347F9EF6C8AE4D57
SD ISLAM BAITUL HIKMAH,11001703,SD,Swasta,Kec. Sekupang,316002,Kota Batam,316000,Prov. Kepulauan Riau,310000,9,1,116,6,6,1,1,31,02 May 2026 11:14:32,4FC9C52C32D39F0D94A7
SD ISLAM BAITUL IMAN,11002524,SD,Swasta,Kec. Sekupang,316002,Kota Batam,316000,Prov. Kepulauan Riau,310000,30,5,616,22,22,1,1,23,02 May 2026 07:49:51,105BF9104A109A0D3E08
SD ISLAM HANG NADIM MALAY SCHOOL,11002160,SD,Swasta,Kec. Sekupang,316002,Kota Batam,316000,Prov. Kepulauan Riau,310000,17,4,272,12,13,1,1,40,28 Mar 2026 19:20:50,D43530A8426F1F949C43
SD SWASTA CIPTA TUNAS INDONESIA,69984811,SD,Swasta,Kec. Sekupang,316002,Kota Batam,316000,Prov. Kepulauan Riau,310000,10,2,96,6,6,0,0,31,22 Apr 2026 11:53:38,E14CC88F291CACC0C909
SD TERAMIA,11002525,SD,Swasta,Kec. Sekupang,316002,Kota Batam,316000,Prov. Kepulauan Riau,310000,24,5,510,18,18,1,1,20,14 Apr 2026 10:38:50,70194AD9DE31320EEC4D
SD Universal Family,70044807,SD,Swasta,Kec. Sekupang,316002,Kota Batam,316000,Prov. Kepulauan Riau,310000,10,0,122,5,6,0,1,19,02 Apr 2026 10:56:40,C6AF1B22D96E86FA9215
SDIT AL- AZHAR 2,69883440,SD,Swasta,Kec. Sekupang,316002,Kota Batam,316000,Prov. Kepulauan Riau,310000,19,5,297,11,14,1,1,25,12 Feb 2026 08:20:47,4A457262973FE2B51F5B
SDIT AL-FAUZAN,70039432,SD,Swasta,Kec. Sekupang,316002,Kota Batam,316000,Prov. Kepulauan Riau,310000,11,2,176,8,8,0,1,9,23 Apr 2026 12:13:27,9F992632E27CAB0EFD58
SDIT El Mustawa,69870668,SD,Swasta,Kec. Sekupang,316002,Kota Batam,316000,Prov. Kepulauan Riau,310000,9,2,83,6,6,0,0,35,28 Apr 2026 12:03:38,EF1EDEA13D79A04ACAB4
SDIT ULIL ALBAB BATAM,11001727,SD,Swasta,Kec. Sekupang,316002,Kota Batam,316000,Prov. Kepulauan Riau,310000,58,10,702,24,24,1,1,8,04 Feb 2026 15:16:11,6FC708F883F49B2F938E
SDS AL AZHAR 2 BATAM,11001672,SD,Swasta,Kec. Sekupang,316002,Kota Batam,316000,Prov. Kepulauan Riau,310000,21,2,393,12,12,0,1,38,16 Apr 2026 21:19:12,B5DFC4CB01B8D24D7664
SDS AN-NAHDHAH,69775319,SD,Swasta,Kec. Sekupang,316002,Kota Batam,316000,Prov. Kepulauan Riau,310000,29,4,468,18,18,0,0,23,20 Apr 2026 19:19:27,1F1F4C877D8BC5DE76CA
SDS BENIH BERANI,69961281,SD,Swasta,Kec. Sekupang,316002,Kota Batam,316000,Prov. Kepulauan Riau,310000,13,3,375,13,13,2,1,12,13 Apr 2026 10:55:39,BEB6377D80252D6F8261
SDS CGM,69972630,SD,Swasta,Kec. Sekupang,316002,Kota Batam,316000,Prov. Kepulauan Riau,310000,5,3,44,6,6,1,0,10,10 Mar 2026 07:17:45,DB24A82E2FFE0E5F5173
SDS CHRISTY KIDS,69787090,SD,Swasta,Kec. Sekupang,316002,Kota Batam,316000,Prov. Kepulauan Riau,310000,13,6,175,9,12,2,1,27,27 Apr 2026 14:13:20,4D290D941EAE5753D36B
SDS EDUSTAR,69974339,SD,Swasta,Kec. Sekupang,316002,Kota Batam,316000,Prov. Kepulauan Riau,310000,12,2,185,8,8,0,1,19,10 Apr 2026 12:22:36,69855DBC832711256E0C
SDS HANIVAH LEARNING CENTRE,70052189,SD,Swasta,Kec. Sekupang,316002,Kota Batam,316000,Prov. Kepulauan Riau,310000,8,1,87,6,2,0,0,13,23 Apr 2026 23:59:18,67D6F946A390E577C405
SDS KARTINI I SEKUPANG BATAM,11001707,SD,Swasta,Kec. Sekupang,316002,Kota Batam,316000,Prov. Kepulauan Riau,310000,15,5,194,11,12,2,1,29,20 Apr 2026 11:34:22,25D5968EE6844C592B62
SDS QURAN CENTRE,11003050,SD,Swasta,Kec. Sekupang,316002,Kota Batam,316000,Prov. Kepulauan Riau,310000,18,4,317,12,12,0,1,20,22 Apr 2026 13:27:00,7469BA42A6932F719D36
SDS TELKOM BATAM,11001719,SD,Swasta,Kec. Sekupang,316002,Kota Batam,316000,Prov. Kepulauan Riau,310000,21,3,447,15,15,1,1,16,29 Apr 2026 14:52:40,34BFA61489E3DF65A405
SEKOLAH DASAR ISLAM TERPADU NUR FIKRI BATAM,70051134,SD,Swasta,Kec. Sekupang,316002,Kota Batam,316000,Prov. Kepulauan Riau,310000,5,1,90,4,4,1,1,25,10 Apr 2026 07:26:35,1831E5FD77FEE72C5AB9
SMP NEGERI 20 BATAM,11001748,SMP,Negeri,Kec. Sekupang,316002,Kota Batam,316000,Prov. Kepulauan Riau,310000,49,11,1190,30,31,4,1,23,27 Apr 2026 10:08:27,58871544DE1994AE747E
SMP NEGERI 25 BATAM,11002171,SMP,Negeri,Kec. Sekupang,316002,Kota Batam,316000,Prov. Kepulauan Riau,310000,43,5,1235,30,25,3,1,23,03 Mar 2026 08:47:40,D4682CCF8F84DC96FB87
SMP NEGERI 3 BATAM,11002385,SMP,Negeri,Kec. Sekupang,316002,Kota Batam,316000,Prov. Kepulauan Riau,310000,49,12,1534,33,32,2,1,21,14 Apr 2026 14:47:29,CF94652BA193C839C030
SMP NEGERI 47 BATAM,69757225,SMP,Negeri,Kec. Sekupang,316002,Kota Batam,316000,Prov. Kepulauan Riau,310000,33,6,1136,26,13,1,1,31,24 Apr 2026 11:15:49,9B74DC0F007FC65BC145
SMP NEGERI 56 BATAM,69912261,SMP,Negeri,Kec. Sekupang,316002,Kota Batam,316000,Prov. Kepulauan Riau,310000,18,6,350,10,13,1,0,33,11 Apr 2026 09:35:40,A9ABE34BC45A6A6584BA
SMP NEGERI 57 BATAM,69969758,SMP,Negeri,Kec. Sekupang,316002,Kota Batam,316000,Prov. Kepulauan Riau,310000,26,5,756,20,12,2,1,24,24 Apr 2026 11:05:45,EEBB919544AACA64099E
SMP AZ-ZAINIYAH NAHDATUL WATHAN,11002442,SMP,Swasta,Kec. Sekupang,316002,Kota Batam,316000,Prov. Kepulauan Riau,310000,18,1,257,9,10,2,1,54,27 Apr 2026 06:54:23,C6B7151DA99652BA8716
SMP BAITUL HIKMAH,69902749,SMP,Swasta,Kec. Sekupang,316002,Kota Batam,316000,Prov. Kepulauan Riau,310000,2,2,48,3,3,1,1,23,20 Apr 2026 12:31:27,DD75E1516316127354C5
SMP ISLAM HANG NADIM MALAY SCHOOL,69787088,SMP,Swasta,Kec. Sekupang,316002,Kota Batam,316000,Prov. Kepulauan Riau,310000,7,3,55,3,4,3,1,10,30 Mar 2026 12:24:51,B5164A3AA75122918B87
SMP ISLAM PLUS AN-NAHDHAH,70000808,SMP,Swasta,Kec. Sekupang,316002,Kota Batam,316000,Prov. Kepulauan Riau,310000,7,1,45,3,3,1,1,17,12 Mar 2026 11:12:04,636EBA65186800C140AD
SMP IT AR RISALAH,69969755,SMP,Swasta,Kec. Sekupang,316002,Kota Batam,316000,Prov. Kepulauan Riau,310000,4,1,38,3,4,1,1,6,03 Mar 2026 10:03:54,086F62762E330F1C55B6
SMP IT NURUL MUHAJIRIN,11002392,SMP,Swasta,Kec. Sekupang,316002,Kota Batam,316000,Prov. Kepulauan Riau,310000,35,6,460,15,20,3,1,18,22 Apr 2026 08:31:30,56C76258CECD7B0FEE94
SMP IT ULIL ALBAB,69727609,SMP,Swasta,Kec. Sekupang,316002,Kota Batam,316000,Prov. Kepulauan Riau,310000,23,6,322,12,12,1,1,35,30 Apr 2026 15:54:02,AEEAD3E4A0D8FB4CBE6C
SMP KARTINI 1 BATAM,11002179,SMP,Swasta,Kec. Sekupang,316002,Kota Batam,316000,Prov. Kepulauan Riau,310000,12,4,146,6,6,3,1,48,28 Apr 2026 10:19:36,06C102231DE6DB4B8813
SMP Medina Umah Cendekia,70051415,SMP,Swasta,Kec. Sekupang,316002,Kota Batam,316000,Prov. Kepulauan Riau,310000,2,1,75,3,4,0,1,7,21 Apr 2026 14:20:34,DCF27CC0981375B79372
SMP QURAN AN NAWAWI,70008282,SMP,Swasta,Kec. Sekupang,316002,Kota Batam,316000,Prov. Kepulauan Riau,310000,5,2,32,2,4,0,1,13,06 Feb 2026 08:41:32,8D4B3E21BFF53E838CDC
SMP SWASTA CIPTA TUNAS INDONESIA,69984837,SMP,Swasta,Kec. Sekupang,316002,Kota Batam,316000,Prov. Kepulauan Riau,310000,5,2,43,3,5,1,1,25,28 Apr 2026 07:47:28,6B1228B099CF81AB9AE9
SMP TERAMIA,69920794,SMP,Swasta,Kec. Sekupang,316002,Kota Batam,316000,Prov. Kepulauan Riau,310000,13,4,261,9,9,2,1,10,21 Apr 2026 08:23:26,90BFA0417FFADBBE447E
SMPS BENIH BERANI,70015459,SMP,Swasta,Kec. Sekupang,316002,Kota Batam,316000,Prov. Kepulauan Riau,310000,5,1,64,3,3,2,1,20,09 Apr 2026 14:38:43,B60E35B56A26037AAF24
SMPS QUR AN CENTRE,11003051,SMP,Swasta,Kec. Sekupang,316002,Kota Batam,316000,Prov. Kepulauan Riau,310000,14,2,146,6,6,1,1,20,06 Apr 2026 19:58:05,0385E3957B50A6EBC447
SMPS ULUL ILMI CENDEKIA,69987841,SMP,Swasta,Kec. Sekupang,316002,Kota Batam,316000,Prov. Kepulauan Riau,310000,8,1,79,3,9,2,1,11,04 Apr 2026 08:48:31,0AA707FC8C72B8AE99C4
SMA NEGERI 29 BATAM,70048466,SMA,Negeri,Kec. Sekupang,316002,Kota Batam,316000,Prov. Kepulauan Riau,310000,15,5,168,5,11,2,1,33,29 Apr 2026 13:41:06,212B4E044557C13C4E3F
SMAN 1 BATAM,11000360,SMA,Negeri,Kec. Sekupang,316002,Kota Batam,316000,Prov. Kepulauan Riau,310000,72,13,1825,42,30,5,1,20,23 Apr 2026 07:55:39,D73B5B05DB99F7FB2ADF
SMAN 24 BATAM,69980503,SMA,Negeri,Kec. Sekupang,316002,Kota Batam,316000,Prov. Kepulauan Riau,310000,36,9,592,18,17,4,1,34,29 Apr 2026 14:27:17,2011B874501905A54135
SMAN 4 BATAM,11002198,SMA,Negeri,Kec. Sekupang,316002,Kota Batam,316000,Prov. Kepulauan Riau,310000,65,8,1344,36,36,7,1,19,23 Apr 2026 12:09:51,87417CDCBB5FC61F5AB4
SMA IT NURUL MUHAJIRIN BATAM,70043809,SMA,Swasta,Kec. Sekupang,316002,Kota Batam,316000,Prov. Kepulauan Riau,310000,13,0,40,3,4,0,1,20,30 Apr 2026 14:20:34,5B023729377282356141
SMA MEDINA UMAH CENDEKIA,70027223,SMA,Swasta,Kec. Sekupang,316002,Kota Batam,316000,Prov. Kepulauan Riau,310000,6,1,20,3,3,1,1,18,10 Apr 2026 15:53:40,E39A3A8F97B6FAEBDC0A
SMA SWASTA ISLAM HANG NADIM MALAY SCHOOL,70029487,SMA,Swasta,Kec. Sekupang,316002,Kota Batam,316000,Prov. Kepulauan Riau,310000,1,0,10,1,2,2,1,12,26 Feb 2026 07:48:36,FC9E207729089F56738E
SMA TARUNA KEPULAUAN RIAU,70054204,SMA,Swasta,Kec. Sekupang,316002,Kota Batam,316000,Prov. Kepulauan Riau,310000,1,0,10,1,1,1,1,8,17 Apr 2026 15:53:08,576F88B07883E396E78A
SMAS BAITUL HIKMAH,70002202,SMA,Swasta,Kec. Sekupang,316002,Kota Batam,316000,Prov. Kepulauan Riau,310000,6,1,24,3,5,1,1,49,29 Apr 2026 08:44:29,57C9409A6FD3B386399E
SMAS BUDI LUHUR BOARDING SCHOOL,69967165,SMA,Swasta,Kec. Sekupang,316002,Kota Batam,316000,Prov. Kepulauan Riau,310000,10,5,149,6,6,2,1,16,09 Mar 2026 10:20:50,4FF965418CC36801B4BD
SMAS ULUL ILMI CENDIKIA,69988820,SMA,Swasta,Kec. Sekupang,316002,Kota Batam,316000,Prov. Kepulauan Riau,310000,3,1,0,0,0,0,0,0,,BD17BBF3A756C68D943A
SMK NEGERI 4 BATAM,11002571,SMK,Negeri,Kec. Sekupang,316002,Kota Batam,316000,Prov. Kepulauan Riau,310000,72,13,2026,50,49,9,1,35,28 Apr 2026 22:02:25,FC58D5A4A1ADDD485371
SMK ISLAMIC CENTRE NW,70010620,SMK,Swasta,Kec. Sekupang,316002,Kota Batam,316000,Prov. Kepulauan Riau,310000,4,4,39,3,3,0,0,6,11 Mar 2026 20:43:03,28C444CA901B1921FEA4
SMKS IT AR RISALAH,69955442,SMK,Swasta,Kec. Sekupang,316002,Kota Batam,316000,Prov. Kepulauan Riau,310000,0,1,0,0,0,0,0,0,,73A88BDA03494F3972A3
SMKS MAARIF NU KOTA BATAM,69944259,SMK,Swasta,Kec. Sekupang,316002,Kota Batam,316000,Prov. Kepulauan Riau,310000,9,2,92,6,4,1,1,5,20 Feb 2026 14:24:14,D39B17EBC00C7325DF3D
SMKS TERPADU PUTRA JAYA BATAM,69786475,SMK,Swasta,Kec. Sekupang,316002,Kota Batam,316000,Prov. Kepulauan Riau,310000,12,7,213,11,10,1,1,25,18 Feb 2026 08:48:55,AF9F5567310B1B020E5B
SD NEGERI 001 BENGKONG,11001596,SD,Negeri,Kec. Bengkong,316011,Kota Batam,316000,Prov. Kepulauan Riau,310000,17,3,488,13,12,0,1,25,02 May 2026 11:08:43,B26DBDCFF25B6426E820
SD NEGERI 002 BENGKONG,11001601,SD,Negeri,Kec. Bengkong,316011,Kota Batam,316000,Prov. Kepulauan Riau,310000,14,4,380,12,6,1,1,17,18 Apr 2026 15:28:22,35E5D0B569B4B498703E
SD NEGERI 003 BENGKONG,11001616,SD,Negeri,Kec. Bengkong,316011,Kota Batam,316000,Prov. Kepulauan Riau,310000,21,5,756,21,17,0,1,16,19 Apr 2026 11:27:20,75A2B81745A5EC457E90
SD NEGERI 004 BENGKONG,11001611,SD,Negeri,Kec. Bengkong,316011,Kota Batam,316000,Prov. Kepulauan Riau,310000,12,7,336,12,6,1,1,37,13 Apr 2026 21:14:59,F23F3E1D2A7DAEC614B5
SD NEGERI 005 BENGKONG,11001631,SD,Negeri,Kec. Bengkong,316011,Kota Batam,316000,Prov. Kepulauan Riau,310000,13,6,370,12,6,1,1,19,17 Apr 2026 21:24:46,7F740C787D90817548E9
SD NEGERI 006 BENGKONG,11002462,SD,Negeri,Kec. Bengkong,316011,Kota Batam,316000,Prov. Kepulauan Riau,310000,22,3,725,20,13,1,1,36,09 Apr 2026 14:47:12,FE280F7620FAB6BE8A46
SD NEGERI 007 BENGKONG,11001626,SD,Negeri,Kec. Bengkong,316011,Kota Batam,316000,Prov. Kepulauan Riau,310000,16,2,402,13,13,1,1,35,28 Apr 2026 12:16:29,F991901BB0CD91823322
SD NEGERI 008 BENGKONG,11001644,SD,Negeri,Kec. Bengkong,316011,Kota Batam,316000,Prov. Kepulauan Riau,310000,14,5,312,12,6,0,1,20,16 Apr 2026 09:18:50,C1010F5A882617A60224
SD NEGERI 009 BENGKONG,11001650,SD,Negeri,Kec. Bengkong,316011,Kota Batam,316000,Prov. Kepulauan Riau,310000,17,6,505,16,7,1,1,13,25 Apr 2026 08:05:12,1B07792293EAA92294AA
SD NEGERI 010 BENGKONG,11001653,SD,Negeri,Kec. Bengkong,316011,Kota Batam,316000,Prov. Kepulauan Riau,310000,20,7,664,17,11,0,1,21,09 Apr 2026 11:25:20,9046E7E54B6E790E609E
SD NEGERI 011 BENGKONG,11001656,SD,Negeri,Kec. Bengkong,316011,Kota Batam,316000,Prov. Kepulauan Riau,310000,43,8,1357,36,24,0,1,36,24 Apr 2026 12:36:30,2D31E64AD908177704F3
SD NEGERI 012 BENGKONG,11002523,SD,Negeri,Kec. Bengkong,316011,Kota Batam,316000,Prov. Kepulauan Riau,310000,34,8,1237,31,15,0,1,36,21 Apr 2026 10:22:36,733833428A78AAEE9AB4
SD Batam Integrated Islamic School,70039163,SD,Swasta,Kec. Bengkong,316011,Kota Batam,316000,Prov. Kepulauan Riau,310000,7,1,45,6,6,0,0,7,13 Apr 2026 12:53:13,C211762E84D8FA71DA36
SD DARUT TAQWA,11001685,SD,Swasta,Kec. Bengkong,316011,Kota Batam,316000,Prov. Kepulauan Riau,310000,15,2,207,11,12,1,1,45,10 Apr 2026 10:10:41,383A0635B3C20790ADAD
SD EBEN HAEZER BENGKONG,11002464,SD,Swasta,Kec. Bengkong,316011,Kota Batam,316000,Prov. Kepulauan Riau,310000,23,3,590,18,18,1,1,23,22 Apr 2026 16:47:56,35776B79968DC9EA5A7F
SD EPPATA,11001688,SD,Swasta,Kec. Bengkong,316011,Kota Batam,316000,Prov. Kepulauan Riau,310000,9,3,115,6,8,1,2,15,16 Apr 2026 08:36:24,F0072D86C52CE4767084
SD HURIA KRISTEN INDONESIA ( HKI ),11001697,SD,Swasta,Kec. Bengkong,316011,Kota Batam,316000,Prov. Kepulauan Riau,310000,7,3,112,7,7,0,0,31,10 Apr 2026 08:00:44,47B83B25A5D81F21EF96
SD ISLAM HANG TUAH,11001691,SD,Swasta,Kec. Bengkong,316011,Kota Batam,316000,Prov. Kepulauan Riau,310000,19,4,213,10,12,1,1,18,30 Apr 2026 23:45:58,32303EC01C93DBA8DEA0
SD SATU BANGSA HARMONI,11001693,SD,Swasta,Kec. Bengkong,316011,Kota Batam,316000,Prov. Kepulauan Riau,310000,13,1,264,12,20,1,1,15,10 Mar 2026 12:20:45,2515E0D02F0C23DB6FBC
SD SINAR TIMUR,11001721,SD,Swasta,Kec. Bengkong,316011,Kota Batam,316000,Prov. Kepulauan Riau,310000,9,1,201,8,8,1,1,7,10 Apr 2026 12:59:27,D906CE7FC6CAF1471068
SD SWASTA ESTOMIHI,69960322,SD,Swasta,Kec. Bengkong,316011,Kota Batam,316000,Prov. Kepulauan Riau,310000,12,1,289,11,9,1,1,15,10 Apr 2026 01:40:30,6D1682BEA9B27153CEA4
SD SWASTA SUKA DAMAI,11002544,SD,Swasta,Kec. Bengkong,316011,Kota Batam,316000,Prov. Kepulauan Riau,310000,10,1,142,6,10,0,1,8,08 Apr 2026 13:32:48,1DA54CF56B49E34B8788
SDIT AL MADINAH,69899170,SD,Swasta,Kec. Bengkong,316011,Kota Batam,316000,Prov. Kepulauan Riau,310000,17,5,375,15,15,2,1,17,25 Apr 2026 09:06:19,BFCAC17DD9FC726433CC
SDIT JABAL RAHMAH,70001201,SD,Swasta,Kec. Bengkong,316011,Kota Batam,316000,Prov. Kepulauan Riau,310000,11,1,146,6,7,1,1,28,27 Apr 2026 15:21:00,B2F2DBB421FCC67CE263
SDS BATAM MADANI,69915846,SD,Swasta,Kec. Bengkong,316011,Kota Batam,316000,Prov. Kepulauan Riau,310000,13,2,215,10,11,0,0,48,27 Apr 2026 14:32:54,DE2000791A6623041A07
SDS CAHAYA BANGSA,11002549,SD,Swasta,Kec. Bengkong,316011,Kota Batam,316000,Prov. Kepulauan Riau,310000,14,3,291,13,13,2,1,15,14 Apr 2026 13:36:08,31060EC36E2242B2593C
SDS FILADELFIA GRACIA,69788021,SD,Swasta,Kec. Bengkong,316011,Kota Batam,316000,Prov. Kepulauan Riau,310000,7,3,121,6,6,1,1,13,16 Apr 2026 10:14:29,C3281DD456952F776532
SDS HOSANNAH BENGKONG,11001696,SD,Swasta,Kec. Bengkong,316011,Kota Batam,316000,Prov. Kepulauan Riau,310000,0,0,0,0,0,0,0,0,,EA3FDB3871282F7F1EDA
SDS IT AL-HIJRAH,69757143,SD,Swasta,Kec. Bengkong,316011,Kota Batam,316000,Prov. Kepulauan Riau,310000,14,3,208,10,8,0,1,17,03 Mar 2026 08:00:43,71A829A04B3C18695CB8
SDS IT FAJAR ILLAHI 2,69769628,SD,Swasta,Kec. Bengkong,316011,Kota Batam,316000,Prov. Kepulauan Riau,310000,46,3,734,24,24,2,1,20,07 Mar 2026 21:53:07,5E46A6558A0242DAD151
SDS MIKI MINI,69991773,SD,Swasta,Kec. Bengkong,316011,Kota Batam,316000,Prov. Kepulauan Riau,310000,10,1,89,6,6,2,1,12,08 Apr 2026 16:39:53,78571448713F64136C4D
SDS WIDYA 4 BATAM,69987168,SD,Swasta,Kec. Bengkong,316011,Kota Batam,316000,Prov. Kepulauan Riau,310000,4,0,0,0,0,0,0,0,,638D4C41550105B683EB
SDS YOS ANUGERAH,11002550,SD,Swasta,Kec. Bengkong,316011,Kota Batam,316000,Prov. Kepulauan Riau,310000,6,1,355,13,16,2,1,15,30 Apr 2026 17:06:30,018F938E5A214CAF5DC4
SMP NEGERI 30 BATAM,11002176,SMP,Negeri,Kec. Bengkong,316011,Kota Batam,316000,Prov. Kepulauan Riau,310000,39,6,1197,30,23,2,1,27,29 Apr 2026 15:45:26,DF99E77CD3F758CDED75
SMP NEGERI 4 BATAM,11002386,SMP,Negeri,Kec. Bengkong,316011,Kota Batam,316000,Prov. Kepulauan Riau,310000,37,8,1203,28,28,7,1,30,29 Apr 2026 13:37:51,9A9828DD74C0CE6CE316
SMP NEGERI 62 BATAM,69989629,SMP,Negeri,Kec. Bengkong,316011,Kota Batam,316000,Prov. Kepulauan Riau,310000,25,3,755,20,14,1,1,25,20 Apr 2026 07:11:44,B0616B83016C4ED87515
SMP CAHAYA BANGSA,69948644,SMP,Swasta,Kec. Bengkong,316011,Kota Batam,316000,Prov. Kepulauan Riau,310000,5,1,69,3,3,2,1,30,02 Apr 2026 13:01:54,05D99E77A80443CBDB2B
SMP EBEN HAEZER,11001763,SMP,Swasta,Kec. Bengkong,316011,Kota Batam,316000,Prov. Kepulauan Riau,310000,8,2,159,5,6,1,1,13,30 Apr 2026 20:02:37,98CBD704C45BD13C5386
SMP ISLAM HANG TUAH,11001767,SMP,Swasta,Kec. Bengkong,316011,Kota Batam,316000,Prov. Kepulauan Riau,310000,8,3,54,3,3,1,1,26,20 Apr 2026 11:16:03,888A083D81B73B28CAF1
SMP SATU BANGSA HARMONI,11001768,SMP,Swasta,Kec. Bengkong,316011,Kota Batam,316000,Prov. Kepulauan Riau,310000,9,1,129,5,5,4,1,25,03 Apr 2026 03:32:23,66C42F71C3676E2C21F9
SMP YOS ANUGERAH,69938543,SMP,Swasta,Kec. Bengkong,316011,Kota Batam,316000,Prov. Kepulauan Riau,310000,5,3,174,6,6,1,1,10,21 Apr 2026 08:21:07,BFF36A7FC6C9E199C9AD
SMPIT AL MADINAH,70047243,SMP,Swasta,Kec. Bengkong,316011,Kota Batam,316000,Prov. Kepulauan Riau,310000,4,1,72,3,3,2,1,6,25 Apr 2026 09:34:53,5B85A69182FFF7549755
SMPIT FAJAR ILAHI BENGKONG,70048330,SMP,Swasta,Kec. Bengkong,316011,Kota Batam,316000,Prov. Kepulauan Riau,310000,10,1,189,6,7,1,0,7,22 Apr 2026 18:02:57,609ED6C8F6B430908CE3
SMPIT JABAL RAHMAH,70002025,SMP,Swasta,Kec. Bengkong,316011,Kota Batam,316000,Prov. Kepulauan Riau,310000,8,0,38,3,3,2,1,23,25 Apr 2026 09:58:32,6A8A5F40BB3E84EA2A7C
SMPS DARUT TAQWA,69965335,SMP,Swasta,Kec. Bengkong,316011,Kota Batam,316000,Prov. Kepulauan Riau,310000,8,2,24,3,3,1,1,42,28 Apr 2026 10:17:01,A36B1C73F4F6A21B38F4
SMPS NURUL JADID,11002441,SMP,Swasta,Kec. Bengkong,316011,Kota Batam,316000,Prov. Kepulauan Riau,310000,13,9,198,7,8,3,1,31,02 May 2026 11:13:05,5B80F9D2CB5C8AA83971
SMPS SINAR TIMUR,11002565,SMP,Swasta,Kec. Bengkong,316011,Kota Batam,316000,Prov. Kepulauan Riau,310000,5,1,54,3,6,2,2,21,27 Apr 2026 15:49:34,386F6BDB13956B6EC3F6
SMAN 25 BATAM,69990471,SMA,Negeri,Kec. Bengkong,316011,Kota Batam,316000,Prov. Kepulauan Riau,310000,51,13,1453,36,11,4,1,9,02 Apr 2026 09:56:16,DF9BA0374D040814737C
SMAN 8 BATAM,11002202,SMA,Negeri,Kec. Bengkong,316011,Kota Batam,316000,Prov. Kepulauan Riau,310000,83,18,2178,49,43,10,1,29,27 Apr 2026 09:49:28,FAF4E3C8137822EC9BDD
SMA IT FAJAR ILAHI BENGKONG,70047880,SMA,Swasta,Kec. Bengkong,316011,Kota Batam,316000,Prov. Kepulauan Riau,310000,7,4,68,3,4,0,0,37,29 Apr 2026 10:01:04,C247AAC79F2A2BEC9600
SMAS ISLAM HANG TUAH,11002186,SMA,Swasta,Kec. Bengkong,316011,Kota Batam,316000,Prov. Kepulauan Riau,310000,1,3,5,2,3,2,1,4,20 Apr 2026 09:37:37,F85B6DC3B081BD643EE7
SMAS IT JABAL RAHMAH,70001469,SMA,Swasta,Kec. Bengkong,316011,Kota Batam,316000,Prov. Kepulauan Riau,310000,5,1,22,2,3,2,1,20,06 Apr 2026 07:18:32,D571C4A0A8BDD7EE9A25
SMK NEGERI 13 BATAM,70062335,SMK,Negeri,Kec. Bengkong,316011,Kota Batam,316000,Prov. Kepulauan Riau,310000,0,0,0,0,0,0,0,0,,6624312F6E3440BAE5E2
SMK Satu Bangsa Harmoni,11000369,SMK,Swasta,Kec. Bengkong,316011,Kota Batam,316000,Prov. Kepulauan Riau,310000,15,1,157,12,12,4,1,39,08 Apr 2026 20:02:26,27EF4CF5DA5F8218A1FC
SMKS ALJABAR BATAM,11000357,SMK,Swasta,Kec. Bengkong,316011,Kota Batam,316000,Prov. Kepulauan Riau,310000,20,3,192,11,12,0,1,14,29 Apr 2026 08:42:37,701BBF91CD0D4D176672
SMKS EBEN HAEZER BATAM,69815386,SMK,Swasta,Kec. Bengkong,316011,Kota Batam,316000,Prov. Kepulauan Riau,310000,7,1,96,6,6,1,1,13,22 Apr 2026 09:12:17,E24AEF9026F41E1ED596
SMKS ISLAM HANG TUAH BATAM,11002575,SMK,Swasta,Kec. Bengkong,316011,Kota Batam,316000,Prov. Kepulauan Riau,310000,6,4,33,6,9,1,1,12,13 Apr 2026 07:48:36,5328853E801F4A133509
SMKS NURUL JADID BATAM,69786474,SMK,Swasta,Kec. Bengkong,316011,Kota Batam,316000,Prov. Kepulauan Riau,310000,16,6,264,15,16,4,1,12,16 Apr 2026 11:09:46,DC5672657E17E6C26310
SMKS PELAYARAN NASIONAL BATAM,11002208,SMK,Swasta,Kec. Bengkong,316011,Kota Batam,316000,Prov. Kepulauan Riau,310000,18,11,388,14,20,12,1,23,01 May 2026 00:34:24,9532B8ADE930D5C9D567
SMKS PENERBANGAN NASIONAL BATAM,69815385,SMK,Swasta,Kec. Bengkong,316011,Kota Batam,316000,Prov. Kepulauan Riau,310000,8,2,59,3,3,2,1,9,27 Feb 2026 08:19:25,AEC6A7B6C000C0115F3E
SMKS YOS  ANUGERAH,70003856,SMK,Swasta,Kec. Bengkong,316011,Kota Batam,316000,Prov. Kepulauan Riau,310000,6,1,91,6,6,2,1,15,17 Mar 2026 12:05:43,56E0FE22574235D234D9
SD N 009 NONGSA,11001558,SD,Negeri,Kec. Nongsa,316007,Kota Batam,316000,Prov. Kepulauan Riau,310000,24,9,894,24,13,0,1,13,15 Apr 2026 13:49:30,BB792DAA5515220EA113
SD NEGERI 001 NONGSA,11001539,SD,Negeri,Kec. Nongsa,316007,Kota Batam,316000,Prov. Kepulauan Riau,310000,20,3,815,21,17,1,1,26,16 Apr 2026 09:23:00,59713565C922A67A1B2A
SD NEGERI 002 NONGSA,11001542,SD,Negeri,Kec. Nongsa,316007,Kota Batam,316000,Prov. Kepulauan Riau,310000,29,8,892,24,20,1,1,61,29 Apr 2026 09:50:34,7E9CB4FC391E82256C35
SD NEGERI 003 NONGSA,11001554,SD,Negeri,Kec. Nongsa,316007,Kota Batam,316000,Prov. Kepulauan Riau,310000,7,3,129,6,14,0,0,8,28 Feb 2026 08:44:01,415F54C43A311BB6E06E
SD NEGERI 004 NONGSA,11001545,SD,Negeri,Kec. Nongsa,316007,Kota Batam,316000,Prov. Kepulauan Riau,310000,22,7,751,19,13,0,1,15,05 Mar 2026 06:42:08,FF9AE774390068BDE03D
SD NEGERI 005 NONGSA,11001551,SD,Negeri,Kec. Nongsa,316007,Kota Batam,316000,Prov. Kepulauan Riau,310000,12,4,272,11,9,0,1,20,02 May 2026 06:09:50,3FD02737C9C38FD64300
SD NEGERI 006 NONGSA,11001548,SD,Negeri,Kec. Nongsa,316007,Kota Batam,316000,Prov. Kepulauan Riau,310000,11,3,279,10,8,0,1,32,01 May 2026 04:56:37,49329B18349690E5F1A8
SD NEGERI 007 NONGSA,11001571,SD,Negeri,Kec. Nongsa,316007,Kota Batam,316000,Prov. Kepulauan Riau,310000,7,2,196,6,3,0,1,9,24 Apr 2026 10:13:43,2BAA02A7E3FE18F49F85
SD NEGERI 008 NONGSA,11001561,SD,Negeri,Kec. Nongsa,316007,Kota Batam,316000,Prov. Kepulauan Riau,310000,16,9,613,16,8,0,1,36,01 May 2026 14:14:12,90227C29CE15AD72F52A
SD NEGERI 010 NONGSA,11002522,SD,Negeri,Kec. Nongsa,316007,Kota Batam,316000,Prov. Kepulauan Riau,310000,30,6,732,26,17,0,1,32,10 Apr 2026 09:32:45,B9D4DF8516122EF0816A
SDN 011 NONGSA,69757245,SD,Negeri,Kec. Nongsa,316007,Kota Batam,316000,Prov. Kepulauan Riau,310000,30,3,1112,29,19,0,0,15,15 Apr 2026 11:25:27,B1005A5FE1E2B4206CFF
SDN 012 NONGSA,69969148,SD,Negeri,Kec. Nongsa,316007,Kota Batam,316000,Prov. Kepulauan Riau,310000,26,7,843,23,6,0,1,7,02 Apr 2026 11:46:53,058785449D3033973C89
SD ISLAM AN NAILAH,70041662,SD,Swasta,Kec. Nongsa,316007,Kota Batam,316000,Prov. Kepulauan Riau,310000,8,1,91,6,6,0,0,13,06 Mar 2026 15:29:56,1F9DADF8A72B2AE9FB83
SD IT AL KAUTSAR BATAM,11001670,SD,Swasta,Kec. Nongsa,316007,Kota Batam,316000,Prov. Kepulauan Riau,310000,13,2,156,7,13,0,1,65,29 Apr 2026 07:51:25,30C79D2252FC533B879F
SD MIFTAHUL HASANAH,11001713,SD,Swasta,Kec. Nongsa,316007,Kota Batam,316000,Prov. Kepulauan Riau,310000,21,2,349,14,16,1,1,13,10 Apr 2026 07:48:59,6D15EA2C8FD1A8EC5452
SD PERMATA NUSANTARA,11002169,SD,Swasta,Kec. Nongsa,316007,Kota Batam,316000,Prov. Kepulauan Riau,310000,6,1,53,6,6,0,1,6,17 Apr 2026 11:18:58,FCFD41FCC8CBAFF03AC5
SD S PERMATA HATI,11002470,SD,Swasta,Kec. Nongsa,316007,Kota Batam,316000,Prov. Kepulauan Riau,310000,6,1,106,6,6,0,0,19,28 Apr 2026 07:51:40,66EAD01E8CB211CE77DD
SD SWASTA GLOBE NATIONAL PLUS 3 NONGSA,69990870,SD,Swasta,Kec. Nongsa,316007,Kota Batam,316000,Prov. Kepulauan Riau,310000,19,2,361,18,18,1,0,30,29 Apr 2026 09:35:33,A6440AC62E3F765DB1BD
SD TABHITA,11001722,SD,Swasta,Kec. Nongsa,316007,Kota Batam,316000,Prov. Kepulauan Riau,310000,8,1,130,6,10,0,1,9,26 Jan 2026 11:41:29,D14521E8B4AF482912E0
SD02 IBNU SINA KABIL,11001699,SD,Swasta,Kec. Nongsa,316007,Kota Batam,316000,Prov. Kepulauan Riau,310000,22,9,556,19,12,1,1,19,22 Apr 2026 07:34:58,AD66683F5259D7A8C5BE
SDIT AL-FARABI BATAM,69984893,SD,Swasta,Kec. Nongsa,316007,Kota Batam,316000,Prov. Kepulauan Riau,310000,26,4,369,16,15,2,1,16,12 Apr 2026 12:59:36,5B4C90D76E552CC2FC6A
SDIT DARUL FALAH,11001705,SD,Swasta,Kec. Nongsa,316007,Kota Batam,316000,Prov. Kepulauan Riau,310000,26,4,560,22,21,1,1,17,25 Apr 2026 07:18:47,17DF9EB790579A392264
SDIT Darul Fikri,70046512,SD,Swasta,Kec. Nongsa,316007,Kota Batam,316000,Prov. Kepulauan Riau,310000,7,1,60,6,6,0,1,12,02 Apr 2026 12:43:53,478797C5943A826F294A
SDIT DARUSSAKINAH BATAM,70001545,SD,Swasta,Kec. Nongsa,316007,Kota Batam,316000,Prov. Kepulauan Riau,310000,19,3,242,8,8,0,1,17,10 Apr 2026 10:54:56,0B298C16555A806CB82F
SDIT HARAPAN INSANI,69971601,SD,Swasta,Kec. Nongsa,316007,Kota Batam,316000,Prov. Kepulauan Riau,310000,10,1,178,7,8,0,0,9,16 Apr 2026 13:04:15,A255377B8B425687AF1C
SDIT HARAPAN MULIA BATAM,69986691,SD,Swasta,Kec. Nongsa,316007,Kota Batam,316000,Prov. Kepulauan Riau,310000,17,2,248,11,11,0,1,9,23 Apr 2026 09:50:13,696EB9560294F4D47559
SDIT MAMBA UL ULUM,11002542,SD,Swasta,Kec. Nongsa,316007,Kota Batam,316000,Prov. Kepulauan Riau,310000,17,5,418,13,13,0,1,8,07 Mar 2026 08:33:27,80512994298055C4D9EE
SDS ALLEDIA,69978140,SD,Swasta,Kec. Nongsa,316007,Kota Batam,316000,Prov. Kepulauan Riau,310000,7,1,142,7,8,1,1,26,20 Apr 2026 12:40:13,64AA3AB122E2CE85C978
SDS AYU INSANI,69986220,SD,Swasta,Kec. Nongsa,316007,Kota Batam,316000,Prov. Kepulauan Riau,310000,4,2,214,11,5,0,0,15,18 Feb 2026 08:05:27,3AF0A2582C0233DBE27B
SDS EBEN HAEZER II PUNGGUR,11001687,SD,Swasta,Kec. Nongsa,316007,Kota Batam,316000,Prov. Kepulauan Riau,310000,15,1,406,14,14,0,0,19,09 Apr 2026 11:44:33,3287D7ED7AFBE269178D
SDS HARAPAN KOIN,11002541,SD,Swasta,Kec. Nongsa,316007,Kota Batam,316000,Prov. Kepulauan Riau,310000,8,4,245,7,7,1,1,22,14 Apr 2026 07:31:56,B330198C4C491207F5D6
SDS MUHAMMADIYAH KABIL,69769634,SD,Swasta,Kec. Nongsa,316007,Kota Batam,316000,Prov. Kepulauan Riau,310000,15,5,361,14,11,0,1,39,29 Apr 2026 09:20:40,3C8B8B9B6A9F4F778431
SEKOLAH DASAR SWASTA MIFTAHUL ULUM,69971514,SD,Swasta,Kec. Nongsa,316007,Kota Batam,316000,Prov. Kepulauan Riau,310000,7,1,79,6,6,0,1,22,07 Apr 2026 12:36:28,832084870F993B0AFA28
SMP NEGERI 17 BATAM,11001744,SMP,Negeri,Kec. Nongsa,316007,Kota Batam,316000,Prov. Kepulauan Riau,310000,14,3,230,8,14,4,1,22,30 Apr 2026 14:10:07,AB5E12E21B35AE1C2C42
SMP NEGERI 23 BATAM,11001751,SMP,Negeri,Kec. Nongsa,316007,Kota Batam,316000,Prov. Kepulauan Riau,310000,7,1,60,3,3,1,1,7,06 Mar 2026 09:04:22,842B5DCF9FB30B438668
SMP NEGERI 34 BATAM,11002553,SMP,Negeri,Kec. Nongsa,316007,Kota Batam,316000,Prov. Kepulauan Riau,310000,29,8,1023,26,23,5,2,52,15 Apr 2026 16:52:08,AFDCA8D05A67AEA676DE
SMP NEGERI 51 BATAM,69863920,SMP,Negeri,Kec. Nongsa,316007,Kota Batam,316000,Prov. Kepulauan Riau,310000,18,3,639,15,8,1,1,18,27 Apr 2026 12:36:50,DF175DD300946F1DE1C2
SMP NEGERI 63 BATAM,69989681,SMP,Negeri,Kec. Nongsa,316007,Kota Batam,316000,Prov. Kepulauan Riau,310000,17,5,624,15,7,0,0,17,28 Apr 2026 11:52:25,052414211455D2E0A6E7
SMP NEGERI 8 BATAM,11000372,SMP,Negeri,Kec. Nongsa,316007,Kota Batam,316000,Prov. Kepulauan Riau,310000,23,5,790,18,17,1,1,75,10 Apr 2026 10:22:04,5E593E1DC677DB81763E
SMP Eben Haezer,69857722,SMP,Swasta,Kec. Nongsa,316007,Kota Batam,316000,Prov. Kepulauan Riau,310000,3,0,97,3,3,1,0,10,09 Apr 2026 12:19:10,80061E18AD365416CC4E
SMP GRANADA INTERNATIONAL ISLAMIC BOARDING SCHOOL (GIIBS),70023478,SMP,Swasta,Kec. Nongsa,316007,Kota Batam,316000,Prov. Kepulauan Riau,310000,6,1,55,3,4,0,1,27,15 Apr 2026 21:41:11,5A840F8C5EE5B1DFA6B2
SMP Islam Mafaaza,70048076,SMP,Swasta,Kec. Nongsa,316007,Kota Batam,316000,Prov. Kepulauan Riau,310000,2,2,95,3,3,0,1,12,01 May 2026 09:14:37,659B9F706052BBB3BEC3
SMP Muhammadiyah Kabil,69888750,SMP,Swasta,Kec. Nongsa,316007,Kota Batam,316000,Prov. Kepulauan Riau,310000,9,1,225,8,6,0,1,24,16 Apr 2026 14:14:45,3D5977697BDE14A513CA
SMP NAHDLATUL WATHAN,69989221,SMP,Swasta,Kec. Nongsa,316007,Kota Batam,316000,Prov. Kepulauan Riau,310000,9,1,58,3,3,1,0,22,08 Apr 2026 15:55:37,5147FC812FA8334D6923
SMP Nizam Al-Mulk,70038036,SMP,Swasta,Kec. Nongsa,316007,Kota Batam,316000,Prov. Kepulauan Riau,310000,4,2,82,4,5,1,0,16,21 Apr 2026 12:38:13,90293FFE92A00B155C0F
SMP PUTRA PERSADA,11001783,SMP,Swasta,Kec. Nongsa,316007,Kota Batam,316000,Prov. Kepulauan Riau,310000,4,2,177,6,4,1,1,12,11 Mar 2026 11:08:28,7CA9F95E754D48930BCE
SMP SWASTA AL FADLLU TUJUH,70057893,SMP,Swasta,Kec. Nongsa,316007,Kota Batam,316000,Prov. Kepulauan Riau,310000,8,1,223,7,7,0,0,19,08 Apr 2026 17:48:08,39DBD40B410D9F5D381C
SMP TAHFIDZ AN NASHICHAH,69943225,SMP,Swasta,Kec. Nongsa,316007,Kota Batam,316000,Prov. Kepulauan Riau,310000,8,5,44,3,3,1,1,16,24 Apr 2026 23:11:05,4F0C3275DD77DCC8FFA2
SMPIT AL KAUTSAR,11001774,SMP,Swasta,Kec. Nongsa,316007,Kota Batam,316000,Prov. Kepulauan Riau,310000,7,3,23,3,6,0,1,30,08 Apr 2026 12:09:56,7AC2D30421452739F078
SMPIT HARAPAN MULIA BATAM,70037550,SMP,Swasta,Kec. Nongsa,316007,Kota Batam,316000,Prov. Kepulauan Riau,310000,10,1,167,6,6,0,0,14,13 Apr 2026 20:38:15,0353CD57FFBEBF4AC8FB
SMPS 02 IBNU SINA,11002178,SMP,Swasta,Kec. Nongsa,316007,Kota Batam,316000,Prov. Kepulauan Riau,310000,8,2,117,5,6,2,0,16,17 Apr 2026 09:36:01,300D7FC8A70CE70D55DF
SMPS Alledia,70050223,SMP,Swasta,Kec. Nongsa,316007,Kota Batam,316000,Prov. Kepulauan Riau,310000,3,1,24,2,2,1,1,14,13 Apr 2026 15:03:50,579E03DE76296F09C631
SMPS GLOBE NATIONAL PLUS 3,69990891,SMP,Swasta,Kec. Nongsa,316007,Kota Batam,316000,Prov. Kepulauan Riau,310000,9,2,155,6,7,1,1,26,16 Apr 2026 11:57:35,8CE4D799A8532597629D
SMPS HARAPAN KOIN,70059685,SMP,Swasta,Kec. Nongsa,316007,Kota Batam,316000,Prov. Kepulauan Riau,310000,6,0,64,3,3,0,1,10,09 Mar 2026 13:56:58,3F647AC6240FAE1AE77B
SMPS IT Imam Syafii,69874084,SMP,Swasta,Kec. Nongsa,316007,Kota Batam,316000,Prov. Kepulauan Riau,310000,34,5,436,15,21,2,1,27,02 Apr 2026 11:45:36,C3442B31A506D9B957A8
SMAN 15 BATAM,11002458,SMA,Negeri,Kec. Nongsa,316007,Kota Batam,316000,Prov. Kepulauan Riau,310000,44,4,829,25,25,4,1,44,30 Apr 2026 09:04:41,0C4E25A321129AC2D380
SMAN 21 BATAM,69915801,SMA,Negeri,Kec. Nongsa,316007,Kota Batam,316000,Prov. Kepulauan Riau,310000,28,9,472,14,14,6,1,55,27 Apr 2026 12:50:27,B4A0420FDF0F30742DCF
SMAS AL-KAUTSAR,11003005,SMA,Swasta,Kec. Nongsa,316007,Kota Batam,316000,Prov. Kepulauan Riau,310000,0,2,41,3,3,0,1,7,28 Apr 2026 11:31:14,17DACB541F2027626AE9
SMAS GLOBE NATIONAL PLUS 3,70034539,SMA,Swasta,Kec. Nongsa,316007,Kota Batam,316000,Prov. Kepulauan Riau,310000,4,0,22,3,3,1,0,11,20 Apr 2026 07:37:59,66410AE32B4649B7DC4B
SMAS GRANADA ISLAMIC BOARDING SCHOOL,70023455,SMA,Swasta,Kec. Nongsa,316007,Kota Batam,316000,Prov. Kepulauan Riau,310000,3,1,29,3,2,1,1,19,12 Apr 2026 22:34:40,4DD7B4B1EC28187BC2B7
SMAS IT IMAM SYAFII,69950405,SMA,Swasta,Kec. Nongsa,316007,Kota Batam,316000,Prov. Kepulauan Riau,310000,12,5,262,9,11,2,1,31,30 Apr 2026 11:52:10,260799A9B4AA1AA6D3D6
SMAS PUTRA PERSADA BATAM,69920630,SMA,Swasta,Kec. Nongsa,316007,Kota Batam,316000,Prov. Kepulauan Riau,310000,4,1,22,3,3,1,1,12,07 Apr 2026 13:31:25,D1A8C754E29F492555C1
SMK NEGERI 10 BATAM,70048098,SMK,Negeri,Kec. Nongsa,316007,Kota Batam,316000,Prov. Kepulauan Riau,310000,9,3,313,9,11,0,0,15,14 Apr 2026 21:54:40,1D71C83397410794061B
SMK NEGERI 6 BATAM,11003158,SMK,Negeri,Kec. Nongsa,316007,Kota Batam,316000,Prov. Kepulauan Riau,310000,77,21,2409,61,26,2,1,52,27 Apr 2026 10:53:03,815149864CEDFE503B88
SMK IBNU SINA 2 BATAM,70049140,SMK,Swasta,Kec. Nongsa,316007,Kota Batam,316000,Prov. Kepulauan Riau,310000,3,1,47,6,4,0,0,5,04 Mar 2026 11:59:00,B7B1D49DACE005DC9BC0
SMK MUHAMMADIYAH KABIL,70034156,SMK,Swasta,Kec. Nongsa,316007,Kota Batam,316000,Prov. Kepulauan Riau,310000,7,1,44,9,3,0,0,13,24 Apr 2026 08:33:26,2B67BC212A26577C1EA2
SMKS PENERBANGAN,69944774,SMK,Swasta,Kec. Nongsa,316007,Kota Batam,316000,Prov. Kepulauan Riau,310000,5,2,5,1,4,0,1,2,23 Feb 2026 08:49:07,1DBE9D41C425153332F0
SMKS TAHFIDZ AN NASHICHAH,69975337,SMK,Swasta,Kec. Nongsa,316007,Kota Batam,316000,Prov. Kepulauan Riau,310000,1,3,0,0,0,0,0,0,,E558CAFB3B423B1C695B
SD NEGERI 001 LUBUK BAJA,11001590,SD,Negeri,Kec. Lubuk Baja,316005,Kota Batam,316000,Prov. Kepulauan Riau,310000,25,7,909,24,12,1,1,16,30 Apr 2026 08:43:53,B8E3CE42E87175A2B109
SD NEGERI 002 LUBUK BAJA,11002460,SD,Negeri,Kec. Lubuk Baja,316005,Kota Batam,316000,Prov. Kepulauan Riau,310000,11,2,269,11,9,0,1,20,15 Apr 2026 08:00:31,6CC9D37D2E27C27408B8
SD NEGERI 003 LUBUK BAJA,11001610,SD,Negeri,Kec. Lubuk Baja,316005,Kota Batam,316000,Prov. Kepulauan Riau,310000,15,3,393,12,8,0,0,20,28 Apr 2026 09:17:19,C9FA20A515B75A6148D7
SD NEGERI 004 Lubuk Baja,11001595,SD,Negeri,Kec. Lubuk Baja,316005,Kota Batam,316000,Prov. Kepulauan Riau,310000,18,6,677,18,11,1,1,17,15 Apr 2026 09:14:49,9D429D9E1A5A1E82F352
SD NEGERI 005 LUBUK BAJA,11001615,SD,Negeri,Kec. Lubuk Baja,316005,Kota Batam,316000,Prov. Kepulauan Riau,310000,14,7,337,12,12,1,1,14,20 Apr 2026 21:20:28,4C6231C9F5A63F91E8F0
SD NEGERI 007 LUBUK BAJA,11001620,SD,Negeri,Kec. Lubuk Baja,316005,Kota Batam,316000,Prov. Kepulauan Riau,310000,14,4,383,12,15,1,1,16,08 Apr 2026 19:25:46,040FA25E932407E6A965
SD NEGERI 008 LUBUK BAJA,11001625,SD,Negeri,Kec. Lubuk Baja,316005,Kota Batam,316000,Prov. Kepulauan Riau,310000,13,4,322,12,12,1,1,13,08 Apr 2026 11:27:42,2B125320CE015686E4BC
SD NEGERI 009 LUBUK BAJA,11001635,SD,Negeri,Kec. Lubuk Baja,316005,Kota Batam,316000,Prov. Kepulauan Riau,310000,13,4,375,12,8,0,1,18,20 Apr 2026 08:16:54,02A6A8130305CCD8FD06
SD NEGERI 011 LUBUK BAJA,11001630,SD,Negeri,Kec. Lubuk Baja,316005,Kota Batam,316000,Prov. Kepulauan Riau,310000,13,1,267,10,12,0,1,27,29 Apr 2026 10:24:36,2A7E7BC6317BC904B882
SD ADVENT,11001668,SD,Swasta,Kec. Lubuk Baja,316005,Kota Batam,316000,Prov. Kepulauan Riau,310000,15,4,239,12,12,1,0,18,18 Mar 2026 10:00:06,6C8047A06D3D6D094B2D
SD AL AZHAR I BATAM,11001674,SD,Swasta,Kec. Lubuk Baja,316005,Kota Batam,316000,Prov. Kepulauan Riau,310000,17,4,287,12,12,0,2,16,27 Apr 2026 11:04:25,70CDC1CD4FBC066FF1A5
SD AN NUR,11002152,SD,Swasta,Kec. Lubuk Baja,316005,Kota Batam,316000,Prov. Kepulauan Riau,310000,12,2,162,7,8,0,1,26,28 Apr 2026 08:10:37,F6AE8FE08C266A06E003
SD ANANDA,11001676,SD,Swasta,Kec. Lubuk Baja,316005,Kota Batam,316000,Prov. Kepulauan Riau,310000,12,2,182,8,8,0,1,17,21 Apr 2026 10:32:44,8F1BDE2A3AF772F86534
SD CHARISMA SCHOOL,70061615,SD,Swasta,Kec. Lubuk Baja,316005,Kota Batam,316000,Prov. Kepulauan Riau,310000,0,0,0,0,0,0,0,0,,FD1CC6D42B855F4E924F
SD ISLAM AL BARKAH,11001675,SD,Swasta,Kec. Lubuk Baja,316005,Kota Batam,316000,Prov. Kepulauan Riau,310000,11,2,106,6,13,1,1,1,06 Apr 2026 12:22:23,2BC29E0A9C73C1F24B5A
SD KRISTEN IMMANUEL,11001700,SD,Swasta,Kec. Lubuk Baja,316005,Kota Batam,316000,Prov. Kepulauan Riau,310000,12,2,177,9,12,2,1,22,25 Apr 2026 09:40:33,53BD556DE4B0376230A6
SD PELANGI BATU BATAM MAS,69830125,SD,Swasta,Kec. Lubuk Baja,316005,Kota Batam,316000,Prov. Kepulauan Riau,310000,1,0,0,0,0,0,0,0,,ADC09D90C0DB0916BA7B
SD PELITA UTAMA,69944367,SD,Swasta,Kec. Lubuk Baja,316005,Kota Batam,316000,Prov. Kepulauan Riau,310000,63,2,1040,36,43,3,1,26,16 Apr 2026 09:46:49,405C826AC09779CB0D62
SD PERMATA HARAPAN I,11002301,SD,Swasta,Kec. Lubuk Baja,316005,Kota Batam,316000,Prov. Kepulauan Riau,310000,22,1,309,14,15,1,1,18,20 Apr 2026 15:37:54,611914453241C6C991DB
SD PERMATA HARAPAN NATIONAL PLUS,69883307,SD,Swasta,Kec. Lubuk Baja,316005,Kota Batam,316000,Prov. Kepulauan Riau,310000,14,1,192,11,11,2,1,18,08 Apr 2026 09:37:02,B5FE3D11C6C65BA0E014
SD SWASTA IBNU SINA LUBUK BAJA,11001698,SD,Swasta,Kec. Lubuk Baja,316005,Kota Batam,316000,Prov. Kepulauan Riau,310000,16,4,318,12,12,1,0,17,08 Apr 2026 07:12:20,362ECD4526E2BBA85C69
SD VALENTIN,69950685,SD,Swasta,Kec. Lubuk Baja,316005,Kota Batam,316000,Prov. Kepulauan Riau,310000,9,3,132,7,7,1,1,40,25 Feb 2026 15:13:38,EBF664170DFACA53D4D4
SDIT MAHABBATUL HAQ,69899171,SD,Swasta,Kec. Lubuk Baja,316005,Kota Batam,316000,Prov. Kepulauan Riau,310000,12,1,122,6,6,0,1,21,05 Mar 2026 13:08:10,2B2645E35F8BD1F443EC
SDS AVAVA,69863916,SD,Swasta,Kec. Lubuk Baja,316005,Kota Batam,316000,Prov. Kepulauan Riau,310000,22,2,386,16,20,2,1,31,21 Apr 2026 15:00:17,1B1EC9138D5C081454CF
SDS DHAMMA SASANA,70024068,SD,Swasta,Kec. Lubuk Baja,316005,Kota Batam,316000,Prov. Kepulauan Riau,310000,8,1,65,6,6,2,1,17,15 Apr 2026 12:26:18,C45E0D2DD3FA00DC7F04
SDS EDULAND,69986558,SD,Swasta,Kec. Lubuk Baja,316005,Kota Batam,316000,Prov. Kepulauan Riau,310000,6,1,59,6,6,0,1,5,14 Feb 2026 09:38:02,F6B1EB12BAFE9F548C92
SDS EFRATA BATAM,69970719,SD,Swasta,Kec. Lubuk Baja,316005,Kota Batam,316000,Prov. Kepulauan Riau,310000,3,3,0,0,0,0,0,0,,871F61693F8B127D36C7
SDS IT EL YASIN BATAM,69757144,SD,Swasta,Kec. Lubuk Baja,316005,Kota Batam,316000,Prov. Kepulauan Riau,310000,12,2,202,9,9,2,1,36,22 Apr 2026 09:54:33,812EBD5C121B3696150C
SMP NEGERI 41 BATAM,11003032,SMP,Negeri,Kec. Lubuk Baja,316005,Kota Batam,316000,Prov. Kepulauan Riau,310000,44,5,1081,31,11,0,1,59,01 May 2026 10:13:38,A8CEFC59639D54B0F365
SEKOLAH MENENGAH PERTAMA CHARISMA SCHOOL,70062243,SMP,Swasta,Kec. Lubuk Baja,316005,Kota Batam,316000,Prov. Kepulauan Riau,310000,0,0,0,0,0,0,0,0,,2099FD9E9EA9F869E236
SMP ANANDA,11001759,SMP,Swasta,Kec. Lubuk Baja,316005,Kota Batam,316000,Prov. Kepulauan Riau,310000,12,3,131,5,18,5,3,31,22 Apr 2026 14:03:46,2CF9585C5D2FA076186B
SMP AVAVA,69906742,SMP,Swasta,Kec. Lubuk Baja,316005,Kota Batam,316000,Prov. Kepulauan Riau,310000,14,2,268,10,11,2,1,54,28 Apr 2026 13:08:11,86CCF6C94C21C06659CC
SMP HANG KASTURI,11001766,SMP,Swasta,Kec. Lubuk Baja,316005,Kota Batam,316000,Prov. Kepulauan Riau,310000,9,2,125,4,8,3,1,9,12 Mar 2026 21:33:59,0DB5E1814608FAF48891
SMP IBNU SINA LUBUK BAJA,11001770,SMP,Swasta,Kec. Lubuk Baja,316005,Kota Batam,316000,Prov. Kepulauan Riau,310000,17,5,252,9,12,2,1,67,29 Apr 2026 10:06:05,A340DA91E5A90C80E1AD
SMP IT MAHABBATUL HAQ,70011009,SMP,Swasta,Kec. Lubuk Baja,316005,Kota Batam,316000,Prov. Kepulauan Riau,310000,5,1,55,3,3,1,1,9,09 Mar 2026 12:09:21,CF2E63346EB198135071
SMP KRISTEN IMMANUEL BATAM,11001771,SMP,Swasta,Kec. Lubuk Baja,316005,Kota Batam,316000,Prov. Kepulauan Riau,310000,12,3,122,5,12,3,1,1,03 Mar 2026 09:36:33,C3F992D93348AB35E056
SMP PELITA UTAMA,69944368,SMP,Swasta,Kec. Lubuk Baja,316005,Kota Batam,316000,Prov. Kepulauan Riau,310000,39,3,635,21,21,3,1,40,29 Apr 2026 01:05:46,2FEAEA5ADA7BFCE01639
SMP PERMATA HARAPAN,11001782,SMP,Swasta,Kec. Lubuk Baja,316005,Kota Batam,316000,Prov. Kepulauan Riau,310000,15,2,180,7,10,2,1,22,08 Apr 2026 07:18:37,C7BDED61A151BBF00717
SMP SWASTA ADVENT,11001755,SMP,Swasta,Kec. Lubuk Baja,316005,Kota Batam,316000,Prov. Kepulauan Riau,310000,15,5,179,6,9,2,1,18,06 Mar 2026 09:35:03,77A67D36737E52664BA4
SMPS AL-AZHAR,11001756,SMP,Swasta,Kec. Lubuk Baja,316005,Kota Batam,316000,Prov. Kepulauan Riau,310000,15,5,245,9,12,1,1,39,08 Apr 2026 22:42:20,D0422B98D4E5D50A06A0
SMPS IT EL YASIN,69775320,SMP,Swasta,Kec. Lubuk Baja,316005,Kota Batam,316000,Prov. Kepulauan Riau,310000,11,3,133,6,6,2,1,10,19 Apr 2026 21:41:56,C237763BEA7D842B065E
SMAN 12 BATAM,11002196,SMA,Negeri,Kec. Lubuk Baja,316005,Kota Batam,316000,Prov. Kepulauan Riau,310000,36,3,852,21,19,4,1,29,24 Apr 2026 08:20:29,DBE78E834EB3CDFF7062
SMAS AL-AZHAR,11002182,SMA,Swasta,Kec. Lubuk Baja,316005,Kota Batam,316000,Prov. Kepulauan Riau,310000,12,6,76,4,6,5,1,75,25 Apr 2026 09:50:03,4016B3E4B7F2939CC617
SMAS ANANDA,11002183,SMA,Swasta,Kec. Lubuk Baja,316005,Kota Batam,316000,Prov. Kepulauan Riau,310000,14,2,111,5,10,2,1,41,20 Apr 2026 14:02:04,DC63050EC87A70A70E2D
SMAS AVAVA,70006262,SMA,Swasta,Kec. Lubuk Baja,316005,Kota Batam,316000,Prov. Kepulauan Riau,310000,7,3,148,6,6,5,1,14,04 Mar 2026 08:00:49,9B4EB9CAF25F0A0FD311
SMAS GLOBE ISLAMIC SCHOOL,60728420,SMA,Swasta,Kec. Lubuk Baja,316005,Kota Batam,316000,Prov. Kepulauan Riau,310000,6,0,16,2,3,4,1,14,24 Apr 2026 11:34:32,0380C7FA261D58A262CB
SMAS IMMANUEL,11002190,SMA,Swasta,Kec. Lubuk Baja,316005,Kota Batam,316000,Prov. Kepulauan Riau,310000,13,3,108,5,9,5,1,5,08 Mar 2026 22:25:23,6FBF239C620D5DF44610
SMAS KARTINI,11002189,SMA,Swasta,Kec. Lubuk Baja,316005,Kota Batam,316000,Prov. Kepulauan Riau,310000,21,8,417,12,38,6,1,38,29 Apr 2026 11:14:34,FEBEA7278241FFA5D559
SMAS PELITA UTAMA,69944369,SMA,Swasta,Kec. Lubuk Baja,316005,Kota Batam,316000,Prov. Kepulauan Riau,310000,30,2,558,17,21,6,1,49,10 Apr 2026 11:03:04,E4F019152D364C57731D
SMKS ADVENT BATAM,69974369,SMK,Swasta,Kec. Lubuk Baja,316005,Kota Batam,316000,Prov. Kepulauan Riau,310000,14,3,148,6,6,2,1,40,30 Apr 2026 16:32:56,1621447EE079993E60AD
SMKS AL AZHAR BATAM,11002205,SMK,Swasta,Kec. Lubuk Baja,316005,Kota Batam,316000,Prov. Kepulauan Riau,310000,16,5,187,12,14,0,1,16,10 Apr 2026 13:54:18,2F933CF1112C509B8274
SMKS GLOBE NATIONAL PLUS,60728422,SMK,Swasta,Kec. Lubuk Baja,316005,Kota Batam,316000,Prov. Kepulauan Riau,310000,0,1,0,0,0,0,0,0,,C5F515BCF284AC80B69A
SMKS IBNU SINA BATAM,11000370,SMK,Swasta,Kec. Lubuk Baja,316005,Kota Batam,316000,Prov. Kepulauan Riau,310000,32,8,599,25,24,2,1,12,25 Apr 2026 10:52:51,EE66A6BECAB941DC316C
SMKS KARTINI BATAM,11000371,SMK,Swasta,Kec. Lubuk Baja,316005,Kota Batam,316000,Prov. Kepulauan Riau,310000,45,11,711,27,27,1,1,63,30 Apr 2026 15:17:22,900A33E3AB8A0187C548
SMKS PERMATA HARAPAN 1 BATAM,11002211,SMK,Swasta,Kec. Lubuk Baja,316005,Kota Batam,316000,Prov. Kepulauan Riau,310000,15,0,171,9,18,2,1,26,22 Apr 2026 11:45:49,A6D6577EEBB716AE3979
SD NEGERI 001 SEI.BEDUK,11001540,SD,Negeri,Kec. Sei Beduk,316003,Kota Batam,316000,Prov. Kepulauan Riau,310000,24,5,767,21,13,1,1,16,31 Mar 2026 15:35:33,38CF4A0A07D62EB82D51
SD NEGERI 002 SEI.BEDUK,11001575,SD,Negeri,Kec. Sei Beduk,316003,Kota Batam,316000,Prov. Kepulauan Riau,310000,8,2,194,6,6,0,1,19,28 Apr 2026 09:07:53,EB6C87838C35705A0068
SD NEGERI 003 SUNGAI BEDUK,11001583,SD,Negeri,Kec. Sei Beduk,316003,Kota Batam,316000,Prov. Kepulauan Riau,310000,12,4,371,12,13,1,1,20,04 Apr 2026 07:17:15,0B228A1AC5A859ED2A73
SD NEGERI 004 SUNGAI BEDUK,11001581,SD,Negeri,Kec. Sei Beduk,316003,Kota Batam,316000,Prov. Kepulauan Riau,310000,16,4,620,17,7,1,1,21,23 Apr 2026 07:09:27,BBF9028C938B4EFE0ECE
SD NEGERI 005 SUNGAI BEDUK,11001578,SD,Negeri,Kec. Sei Beduk,316003,Kota Batam,316000,Prov. Kepulauan Riau,310000,29,5,783,24,23,1,1,27,15 Apr 2026 12:51:26,C018629BD1381DBE0E24
SD NEGERI 006 SEI BEDUK,11002148,SD,Negeri,Kec. Sei Beduk,316003,Kota Batam,316000,Prov. Kepulauan Riau,310000,36,8,1200,31,21,0,1,27,30 Apr 2026 19:36:04,E3D0A51308C0FBED0D06
SDN 007 SEI BEDUK,11003054,SD,Negeri,Kec. Sei Beduk,316003,Kota Batam,316000,Prov. Kepulauan Riau,310000,22,2,642,19,16,1,1,36,25 Apr 2026 08:30:22,FFD7B15776FC6D9E430F
SDN 008 SEI BEDUK,69757248,SD,Negeri,Kec. Sei Beduk,316003,Kota Batam,316000,Prov. Kepulauan Riau,310000,27,7,1018,27,23,1,1,15,21 Apr 2026 10:46:41,7A397E27C2F630103A4C
SDN 009 SEI BEDUK,69757223,SD,Negeri,Kec. Sei Beduk,316003,Kota Batam,316000,Prov. Kepulauan Riau,310000,14,7,506,15,17,2,1,24,09 Apr 2026 20:13:52,91FC714BE087EC455F72
SD APOLOS,11002463,SD,Swasta,Kec. Sei Beduk,316003,Kota Batam,316000,Prov. Kepulauan Riau,310000,5,1,133,6,7,0,2,4,13 Apr 2026 23:40:53,78CF99640D9AF91294F6
SD CERDAS CERIA,11002538,SD,Swasta,Kec. Sei Beduk,316003,Kota Batam,316000,Prov. Kepulauan Riau,310000,8,3,105,6,6,0,0,7,06 Feb 2026 16:50:06,9BAA558D4FCD5714A156
SD CHARITAS BIDA AYU,70051502,SD,Swasta,Kec. Sei Beduk,316003,Kota Batam,316000,Prov. Kepulauan Riau,310000,9,1,195,8,10,1,0,36,22 Apr 2026 09:09:47,7EF9A62C3CC3190582B1
SD CYANITA PLAYING CENTRE,11002535,SD,Swasta,Kec. Sei Beduk,316003,Kota Batam,316000,Prov. Kepulauan Riau,310000,9,1,199,7,7,1,1,14,17 Mar 2026 15:34:39,61B82D30DF67D8D274A8
SD EBEN HAEZER FAMILY,11002465,SD,Swasta,Kec. Sei Beduk,316003,Kota Batam,316000,Prov. Kepulauan Riau,310000,7,0,144,6,7,2,1,10,30 Apr 2026 09:41:12,110621B72AE7B74C9149
SD HIDUP BARU 2,11001695,SD,Swasta,Kec. Sei Beduk,316003,Kota Batam,316000,Prov. Kepulauan Riau,310000,12,1,332,12,12,0,0,22,24 Apr 2026 11:32:37,41BC9350AA1912975367
SD IT AL AMIN SALIMMATTAR,11001701,SD,Swasta,Kec. Sei Beduk,316003,Kota Batam,316000,Prov. Kepulauan Riau,310000,19,3,448,16,12,0,0,16,03 Apr 2026 21:17:04,0726E43FC73BB3BCCBD8
SD IT AL MUJAHIDIN,11002536,SD,Swasta,Kec. Sei Beduk,316003,Kota Batam,316000,Prov. Kepulauan Riau,310000,20,1,479,14,12,0,2,23,14 Apr 2026 07:38:26,0D1003AD4ACD652089E8
SD IT AT-THORIQ,11001702,SD,Swasta,Kec. Sei Beduk,316003,Kota Batam,316000,Prov. Kepulauan Riau,310000,19,3,473,12,12,1,1,8,02 Apr 2026 20:16:13,749DD00EE002F06AE1E4
SD IT FAJAR ILAHI 3,69965725,SD,Swasta,Kec. Sei Beduk,316003,Kota Batam,316000,Prov. Kepulauan Riau,310000,51,5,641,24,24,1,1,22,29 Apr 2026 18:56:31,9279D9405E4397CE60FF
SDIT AL PANCORY NAHDLATUL WATHAN,69972193,SD,Swasta,Kec. Sei Beduk,316003,Kota Batam,316000,Prov. Kepulauan Riau,310000,12,1,22,6,6,0,1,6,24 Jan 2026 15:29:26,6E75BAC1B58C97068B24
SDIT JET TEMPUR,70036190,SD,Swasta,Kec. Sei Beduk,316003,Kota Batam,316000,Prov. Kepulauan Riau,310000,12,1,189,8,8,0,0,11,27 Apr 2026 13:40:20,5E5EAF420CB9D9D2BE01
SDIT TAHFIDZ NURUL ISLAM BATAM,69947284,SD,Swasta,Kec. Sei Beduk,316003,Kota Batam,316000,Prov. Kepulauan Riau,310000,13,1,172,8,8,1,0,21,09 Apr 2026 08:46:16,86069DFB17FDD8B8A0AB
SDIT UMMUL QURRO,69912744,SD,Swasta,Kec. Sei Beduk,316003,Kota Batam,316000,Prov. Kepulauan Riau,310000,16,2,417,13,13,0,1,14,07 Apr 2026 13:30:14,AA5D079469CB4A78B782
SDS BHINNEKA NUSANTARA,11002537,SD,Swasta,Kec. Sei Beduk,316003,Kota Batam,316000,Prov. Kepulauan Riau,310000,5,1,95,6,6,0,1,12,15 Apr 2026 10:03:21,184A5190DF367E69A8B7
SDS ISLAM NUR HIDAYAH,69788033,SD,Swasta,Kec. Sei Beduk,316003,Kota Batam,316000,Prov. Kepulauan Riau,310000,23,3,601,18,18,0,0,22,08 Apr 2026 19:02:01,40B02B596A4D245DBD3A
SDS JUARA BATAM,69971623,SD,Swasta,Kec. Sei Beduk,316003,Kota Batam,316000,Prov. Kepulauan Riau,310000,14,3,257,12,12,1,1,17,30 Apr 2026 08:56:30,5A15785509E3717301B1
SDS LAKSAMANA BATAM,11002540,SD,Swasta,Kec. Sei Beduk,316003,Kota Batam,316000,Prov. Kepulauan Riau,310000,0,0,0,0,0,0,0,0,,76FACBC6B656A6FE73E2
SDS PERMATA KASIH,69769630,SD,Swasta,Kec. Sei Beduk,316003,Kota Batam,316000,Prov. Kepulauan Riau,310000,8,1,102,6,6,0,1,44,29 Apr 2026 13:08:19,98C4D90537437E21C07F
SDS Visi Kudus Indonesia,69788032,SD,Swasta,Kec. Sei Beduk,316003,Kota Batam,316000,Prov. Kepulauan Riau,310000,23,6,620,21,21,1,1,20,09 Feb 2026 13:46:00,71BD6C39ED601B324B73
SMP NEGERI 16 BATAM,11001743,SMP,Negeri,Kec. Sei Beduk,316003,Kota Batam,316000,Prov. Kepulauan Riau,310000,44,7,1049,26,24,3,1,69,02 May 2026 09:20:09,D57B53ECCFC7C356B6FB
SMP NEGERI 40 BATAM,11002997,SMP,Negeri,Kec. Sei Beduk,316003,Kota Batam,316000,Prov. Kepulauan Riau,310000,39,8,1119,26,28,2,1,31,02 Apr 2026 12:45:47,9D5B7D10E306BDF604F7
SMP NEGERI 54 BATAM,69863923,SMP,Negeri,Kec. Sei Beduk,316003,Kota Batam,316000,Prov. Kepulauan Riau,310000,25,7,941,21,15,3,1,37,24 Apr 2026 09:04:34,9CC7CECC6A7D3FEB066C
SMP NEGERI 58 BATAM,69981472,SMP,Negeri,Kec. Sei Beduk,316003,Kota Batam,316000,Prov. Kepulauan Riau,310000,15,5,446,11,8,1,1,15,03 Mar 2026 10:04:36,02FB6E773B3762EEE022
SMP BHINEKA NUSANTARA,11001761,SMP,Swasta,Kec. Sei Beduk,316003,Kota Batam,316000,Prov. Kepulauan Riau,310000,6,1,37,3,3,1,1,6,06 Feb 2026 08:01:13,D93D5199C8817D20C60B
SMP CHARITAS BIDA AYU,70051479,SMP,Swasta,Kec. Sei Beduk,316003,Kota Batam,316000,Prov. Kepulauan Riau,310000,8,3,160,6,7,3,1,19,30 Apr 2026 15:30:21,33D6083188D0C35E2659
SMPIT FAJAR ILAHI 2,70013446,SMP,Swasta,Kec. Sei Beduk,316003,Kota Batam,316000,Prov. Kepulauan Riau,310000,16,1,152,6,6,2,1,24,30 Apr 2026 08:37:26,2884EE92080FF0CBD280
SMPIT TAHFIDZ NURUL ISLAM,70005099,SMP,Swasta,Kec. Sei Beduk,316003,Kota Batam,316000,Prov. Kepulauan Riau,310000,9,1,63,3,3,2,1,6,11 Feb 2026 15:00:51,F347324C83D2C056064D
SMPIT UMMUL QURRO,70026900,SMP,Swasta,Kec. Sei Beduk,316003,Kota Batam,316000,Prov. Kepulauan Riau,310000,8,2,173,6,7,0,0,30,24 Apr 2026 09:12:24,06BED03D39E9E2D692ED
SMPS VISI KUDUS INDONESIA,69975181,SMP,Swasta,Kec. Sei Beduk,316003,Kota Batam,316000,Prov. Kepulauan Riau,310000,10,1,208,7,9,2,1,9,07 Mar 2026 05:24:11,41E3924A65EE4490AAC5
SMAN 16 BATAM,60728418,SMA,Negeri,Kec. Sei Beduk,316003,Kota Batam,316000,Prov. Kepulauan Riau,310000,61,10,1154,28,32,4,1,54,29 Apr 2026 10:49:37,84F4B125D5134E15867E
SMAN 28 BATAM,70012280,SMA,Negeri,Kec. Sei Beduk,316003,Kota Batam,316000,Prov. Kepulauan Riau,310000,28,3,703,19,11,4,1,35,28 Apr 2026 11:57:23,24B4E545E639A6415F07
SMAIT FAJAR ILAHI,70023445,SMA,Swasta,Kec. Sei Beduk,316003,Kota Batam,316000,Prov. Kepulauan Riau,310000,4,1,64,3,3,1,1,6,30 Apr 2026 10:14:03,B6D3565DF2F8E4514766
SMAS VISI KUDUS INDONESIA,70006812,SMA,Swasta,Kec. Sei Beduk,316003,Kota Batam,316000,Prov. Kepulauan Riau,310000,7,1,62,3,4,1,1,8,27 Apr 2026 14:37:10,81FB147550A6C66480A8
SMK NEGERI 3 BATAM,11002570,SMK,Negeri,Kec. Sei Beduk,316003,Kota Batam,316000,Prov. Kepulauan Riau,310000,80,25,2068,54,49,4,0,30,30 Apr 2026 15:21:13,2C50679FAF475170ABF1
SMK NEGERI 9 BATAM,70011450,SMK,Negeri,Kec. Sei Beduk,316003,Kota Batam,316000,Prov. Kepulauan Riau,310000,23,5,331,12,10,3,1,47,30 Apr 2026 11:54:52,23FCAD5C3B0176D8D014
SD NEGERI 001 BATU AMPAR,11001586,SD,Negeri,Kec. Batu Ampar,316006,Kota Batam,316000,Prov. Kepulauan Riau,310000,27,5,716,23,15,1,1,25,02 May 2026 11:57:41,B95DD91F18EC00E7672A
SD NEGERI 002 BATU AMPAR,11001606,SD,Negeri,Kec. Batu Ampar,316006,Kota Batam,316000,Prov. Kepulauan Riau,310000,32,8,1143,30,16,0,1,23,25 Apr 2026 07:40:42,21228C3B14971C5D0DBC
SD NEGERI 003 BATU AMPAR,11001621,SD,Negeri,Kec. Batu Ampar,316006,Kota Batam,316000,Prov. Kepulauan Riau,310000,17,7,608,18,9,1,1,33,22 Apr 2026 13:35:09,EA1F8A68F5408D6E0125
SD NEGERI 004 BATU AMPAR,11001647,SD,Negeri,Kec. Batu Ampar,316006,Kota Batam,316000,Prov. Kepulauan Riau,310000,34,4,1034,30,17,1,1,20,07 Apr 2026 22:40:47,2C69C391303C29AD878B
SD GLOBE ISLAMIC SCHOOL,60730389,SD,Swasta,Kec. Batu Ampar,316006,Kota Batam,316000,Prov. Kepulauan Riau,310000,15,3,127,7,12,1,1,29,17 Apr 2026 07:36:22,6BCBFD292BA59C68B9C5
SD KARTINI II,11001708,SD,Swasta,Kec. Batu Ampar,316006,Kota Batam,316000,Prov. Kepulauan Riau,310000,16,5,220,10,12,2,1,14,27 Apr 2026 11:00:43,7943B8CB60E8AA378304
SDS IT NURUL IHSAN,69788018,SD,Swasta,Kec. Batu Ampar,316006,Kota Batam,316000,Prov. Kepulauan Riau,310000,7,3,62,6,6,0,1,21,03 Mar 2026 08:49:28,2D1CCEF9FFDE6CC0D286
SDS RESTU IBU,11002552,SD,Swasta,Kec. Batu Ampar,316006,Kota Batam,316000,Prov. Kepulauan Riau,310000,8,1,69,6,6,1,1,13,22 Apr 2026 08:37:42,565210E421EBDDBAB93D
SDS SULUH BANGSA,69982056,SD,Swasta,Kec. Batu Ampar,316006,Kota Batam,316000,Prov. Kepulauan Riau,310000,16,2,187,9,9,1,1,15,27 Apr 2026 19:24:25,5417E7E18E4F375CFF24
SDS THEODORE,11001724,SD,Swasta,Kec. Batu Ampar,316006,Kota Batam,316000,Prov. Kepulauan Riau,310000,5,1,34,5,7,1,1,8,03 Mar 2026 08:25:27,8C00B9DF0923FB6D5610
SDS WIDYA,69893696,SD,Swasta,Kec. Batu Ampar,316006,Kota Batam,316000,Prov. Kepulauan Riau,310000,5,2,0,0,0,0,0,0,,392643FC4EFDC2770DF0
SMP NEGERI 29 BATAM,11002175,SMP,Negeri,Kec. Batu Ampar,316006,Kota Batam,316000,Prov. Kepulauan Riau,310000,32,6,977,24,12,1,1,26,20 Apr 2026 09:53:56,2522273AD32E27F68697
SMP NEGERI 45 BATAM,11003043,SMP,Negeri,Kec. Batu Ampar,316006,Kota Batam,316000,Prov. Kepulauan Riau,310000,28,3,713,18,18,0,0,17,10 Apr 2026 00:06:43,04A20E78CAFEAAB3323A
SMP GLOBE ISLAMIC SCHOOL,60730388,SMP,Swasta,Kec. Batu Ampar,316006,Kota Batam,316000,Prov. Kepulauan Riau,310000,10,1,58,4,6,2,1,17,27 Apr 2026 13:32:53,A2181725CFEE2BCD9A44
SMP KARTINI II BATAM,11001776,SMP,Swasta,Kec. Batu Ampar,316006,Kota Batam,316000,Prov. Kepulauan Riau,310000,9,3,109,4,6,3,1,10,30 Mar 2026 09:56:23,6C655FB7002D3FC9BFF8
SMP MONTE SIENNA,69950400,SMP,Swasta,Kec. Batu Ampar,316006,Kota Batam,316000,Prov. Kepulauan Riau,310000,10,2,77,3,4,2,1,14,28 Apr 2026 08:26:49,99A4E1701BE89EDDA179
SMP THEODORE,11002382,SMP,Swasta,Kec. Batu Ampar,316006,Kota Batam,316000,Prov. Kepulauan Riau,310000,5,2,47,3,3,1,1,7,22 Jan 2026 09:34:02,8D83A36B4504FA209107
SMAN 14 BATAM,11002457,SMA,Negeri,Kec. Batu Ampar,316006,Kota Batam,316000,Prov. Kepulauan Riau,310000,41,12,978,25,23,4,1,34,29 Apr 2026 09:12:37,72989943D0BA5709FA9D
SMA ADHI NUSANTARA,70053619,SMA,Swasta,Kec. Batu Ampar,316006,Kota Batam,316000,Prov. Kepulauan Riau,310000,5,1,0,0,0,0,0,0,,8FB68286B23A1EA03CD7
SMAS MONTE SIENNA,69950402,SMA,Swasta,Kec. Batu Ampar,316006,Kota Batam,316000,Prov. Kepulauan Riau,310000,3,0,32,3,4,5,1,14,28 Apr 2026 08:08:33,4B764961E29515769975
SMKS MULTISTUDI HIGH SCHOOL BATAM,11002576,SMK,Swasta,Kec. Batu Ampar,316006,Kota Batam,316000,Prov. Kepulauan Riau,310000,25,2,388,18,25,7,1,59,23 Apr 2026 08:12:14,286315F81289EA9593EB
SD NEGERI 001 GALANG,11001599,SD,Negeri,Kec. Galang,316008,Kota Batam,316000,Prov. Kepulauan Riau,310000,7,4,71,6,6,1,1,12,02 May 2026 08:15:39,ED6A808DCAACCA492432
SD NEGERI 002 GALANG,11001609,SD,Negeri,Kec. Galang,316008,Kota Batam,316000,Prov. Kepulauan Riau,310000,7,7,40,6,6,1,1,14,02 Apr 2026 10:16:47,F339989B0996D8A2B915
SD NEGERI 003 GALANG,11001659,SD,Negeri,Kec. Galang,316008,Kota Batam,316000,Prov. Kepulauan Riau,310000,7,2,39,6,3,0,1,7,12 Apr 2026 22:10:31,CBB2BD8BBD124958C9D7
SD NEGERI 004 GALANG,11001604,SD,Negeri,Kec. Galang,316008,Kota Batam,316000,Prov. Kepulauan Riau,310000,11,3,158,10,7,1,0,14,16 Apr 2026 05:54:26,55823FEF35C8607B1D0D
SD NEGERI 005 GALANG,11001619,SD,Negeri,Kec. Galang,316008,Kota Batam,316000,Prov. Kepulauan Riau,310000,6,2,83,6,6,0,1,7,08 Apr 2026 10:57:13,4022BE6059794D8BC103
SD NEGERI 006 GALANG,11001629,SD,Negeri,Kec. Galang,316008,Kota Batam,316000,Prov. Kepulauan Riau,310000,9,4,271,9,9,0,0,16,16 Apr 2026 11:00:56,06B456AF479B31CBCD97
SD NEGERI 007 GALANG,11002388,SD,Negeri,Kec. Galang,316008,Kota Batam,316000,Prov. Kepulauan Riau,310000,6,2,65,6,4,1,0,10,16 Apr 2026 20:52:13,63102E4DE56EEEEBB668
SD NEGERI 008 GALANG,11001655,SD,Negeri,Kec. Galang,316008,Kota Batam,316000,Prov. Kepulauan Riau,310000,6,1,117,6,4,1,0,26,01 Apr 2026 05:12:24,53ECEAA5B487E0013B74
SD NEGERI 009 GALANG,11001594,SD,Negeri,Kec. Galang,316008,Kota Batam,316000,Prov. Kepulauan Riau,310000,9,4,161,8,9,1,0,45,15 Apr 2026 20:58:52,6495483D971C8BC8A177
SD NEGERI 010 GALANG,11001643,SD,Negeri,Kec. Galang,316008,Kota Batam,316000,Prov. Kepulauan Riau,310000,5,7,44,6,6,1,1,9,23 Apr 2026 08:28:19,DA2E45074A46E30DEBE7
SD NEGERI 011 GALANG,11001661,SD,Negeri,Kec. Galang,316008,Kota Batam,316000,Prov. Kepulauan Riau,310000,7,4,56,6,9,1,2,12,25 Feb 2026 14:28:38,41E3F2C61ECE6E8B9F1C
SD NEGERI 012 GALANG,11001649,SD,Negeri,Kec. Galang,316008,Kota Batam,316000,Prov. Kepulauan Riau,310000,4,6,42,6,6,0,1,52,25 Apr 2026 18:49:47,7778EB67EFDBCDFA849E
SD NEGERI 013 GALANG,11001657,SD,Negeri,Kec. Galang,316008,Kota Batam,316000,Prov. Kepulauan Riau,310000,6,3,53,6,6,1,1,9,02 Mar 2026 21:41:39,9BABF44430A2A655C3B7
SD NEGERI 014 GALANG,11001660,SD,Negeri,Kec. Galang,316008,Kota Batam,316000,Prov. Kepulauan Riau,310000,8,2,36,6,6,1,1,13,23 Apr 2026 08:23:23,A43F29EF2F76DE90332B
SD NEGERI 015 GALANG,11001652,SD,Negeri,Kec. Galang,316008,Kota Batam,316000,Prov. Kepulauan Riau,310000,8,2,104,6,6,1,1,13,05 Apr 2026 18:10:55,11B307D3D98B9C08B0C7
SD NEGERI 016 GALANG,11001658,SD,Negeri,Kec. Galang,316008,Kota Batam,316000,Prov. Kepulauan Riau,310000,8,2,67,6,6,1,1,17,23 Apr 2026 09:04:57,F68D16B9A163DE57FEE1
SD NEGERI 017 GALANG,11001639,SD,Negeri,Kec. Galang,316008,Kota Batam,316000,Prov. Kepulauan Riau,310000,7,3,91,6,6,0,1,17,02 Apr 2026 14:09:51,94CE85BFE2C319D454A4
SD NEGERI 018 GALANG,11001646,SD,Negeri,Kec. Galang,316008,Kota Batam,316000,Prov. Kepulauan Riau,310000,13,1,212,11,9,0,1,24,30 Apr 2026 00:06:16,0C2EEA6397A82DB21131
SD NEGERI 019 GALANG,11001589,SD,Negeri,Kec. Galang,316008,Kota Batam,316000,Prov. Kepulauan Riau,310000,10,2,141,8,7,1,1,67,22 Apr 2026 11:29:19,27A74CB7BCC621EC2F37
SD NEGERI 020 GALANG,11001614,SD,Negeri,Kec. Galang,316008,Kota Batam,316000,Prov. Kepulauan Riau,310000,7,4,113,6,6,1,1,13,21 Apr 2026 11:17:44,180D3A9D9CD968A2D488
SD NEGERI 021 GALANG,11001624,SD,Negeri,Kec. Galang,316008,Kota Batam,316000,Prov. Kepulauan Riau,310000,6,2,55,6,6,0,1,10,21 Apr 2026 08:52:54,73327D09F87E9E4317BD
SD NEGERI 023 GALANG,11001662,SD,Negeri,Kec. Galang,316008,Kota Batam,316000,Prov. Kepulauan Riau,310000,7,4,49,6,6,1,1,10,21 Apr 2026 10:24:56,0277B1DB1AA0A666DE20
SD NEGERI 024 GALANG,11001663,SD,Negeri,Kec. Galang,316008,Kota Batam,316000,Prov. Kepulauan Riau,310000,13,7,345,12,10,1,1,12,30 Apr 2026 10:02:01,3F92E72E306CF858B80F
SD SANTO IGNATIUS LOYOLA,11001709,SD,Swasta,Kec. Galang,316008,Kota Batam,316000,Prov. Kepulauan Riau,310000,9,4,123,6,6,1,1,17,02 May 2026 17:34:52,274169C9F37C616160A6
SMP NEGERI 13 BATAM,11001740,SMP,Negeri,Kec. Galang,316008,Kota Batam,316000,Prov. Kepulauan Riau,310000,9,8,122,5,6,2,1,21,03 Apr 2026 06:30:18,F7CD49CD4D666E7DD66A
SMP NEGERI 15 BATAM,11001742,SMP,Negeri,Kec. Galang,316008,Kota Batam,316000,Prov. Kepulauan Riau,310000,9,2,35,3,4,1,1,16,30 Apr 2026 16:29:02,87C2F8DECE23F139371F
SMP NEGERI 18 BATAM,11001745,SMP,Negeri,Kec. Galang,316008,Kota Batam,316000,Prov. Kepulauan Riau,310000,9,2,121,5,3,2,1,12,29 Apr 2026 08:44:30,50EA72A145456815BD21
SMP NEGERI 22 BATAM,11001750,SMP,Negeri,Kec. Galang,316008,Kota Batam,316000,Prov. Kepulauan Riau,310000,15,5,409,11,8,1,1,33,02 May 2026 13:58:45,DF45964ABCE602CF457A
SMP NEGERI 24 BATAM,69788024,SMP,Negeri,Kec. Galang,316008,Kota Batam,316000,Prov. Kepulauan Riau,310000,6,1,62,3,4,1,1,8,01 Apr 2026 05:18:48,3F6A00EC095F43D4AC2B
SMP NEGERI 32 BATAM,11002367,SMP,Negeri,Kec. Galang,316008,Kota Batam,316000,Prov. Kepulauan Riau,310000,6,2,98,4,4,1,3,8,05 Apr 2026 21:34:41,F091B05749783FB83CC7
SMP NEGERI 39 BATAM,11002996,SMP,Negeri,Kec. Galang,316008,Kota Batam,316000,Prov. Kepulauan Riau,310000,6,5,42,3,3,1,1,7,04 Mar 2026 22:24:11,EF1D0D4103DFC681DF40
SMP NEGERI 49 BATAM,69769627,SMP,Negeri,Kec. Galang,316008,Kota Batam,316000,Prov. Kepulauan Riau,310000,7,2,80,3,3,2,1,14,16 Apr 2026 09:57:53,0D144FCA0FD6F514CD3B
SMAN 10 BATAM,11002194,SMA,Negeri,Kec. Galang,316008,Kota Batam,316000,Prov. Kepulauan Riau,310000,26,4,505,12,12,2,0,37,17 Apr 2026 08:49:34,B225EA5D9722D6CA8C09
SMAN 6 BATAM,11002200,SMA,Negeri,Kec. Galang,316008,Kota Batam,316000,Prov. Kepulauan Riau,310000,11,5,43,3,5,2,1,14,03 Mar 2026 07:35:55,B1F6FABE9BFF7F14B431
SMAN 9 BATAM,11002203,SMA,Negeri,Kec. Galang,316008,Kota Batam,316000,Prov. Kepulauan Riau,310000,14,4,109,5,5,2,1,4,16 Feb 2026 17:34:32,C2ED037AE39D793CCBBE
SD NEGERI 001 BELAKANG PADANG,11001587,SD,Negeri,Kec. Belakang Padang,316001,Kota Batam,316000,Prov. Kepulauan Riau,310000,14,4,222,11,8,0,1,7,17 Apr 2026 12:17:43,3FCF23763C9EEABACF6D
SD NEGERI 002 BELAKANG PADANG,11001592,SD,Negeri,Kec. Belakang Padang,316001,Kota Batam,316000,Prov. Kepulauan Riau,310000,8,2,86,6,6,0,1,10,01 Mar 2026 13:34:22,0109A7276E230921213A
SD NEGERI 003 BELAKANG PADANG,11001597,SD,Negeri,Kec. Belakang Padang,316001,Kota Batam,316000,Prov. Kepulauan Riau,310000,13,3,217,10,11,0,1,21,16 Apr 2026 19:06:37,3E68CF23458304299D43
SD NEGERI 004 BELAKANG PADANG,11001602,SD,Negeri,Kec. Belakang Padang,316001,Kota Batam,316000,Prov. Kepulauan Riau,310000,11,5,141,7,7,0,1,22,18 Apr 2026 07:10:25,1C714B4C509C51519D0A
SD NEGERI 006 BELAKANG PADANG,11001612,SD,Negeri,Kec. Belakang Padang,316001,Kota Batam,316000,Prov. Kepulauan Riau,310000,17,13,277,12,14,0,1,11,28 Apr 2026 07:38:19,06F4920DAC3D10A46110
SD NEGERI 008 BELAKANG PADANG,11001622,SD,Negeri,Kec. Belakang Padang,316001,Kota Batam,316000,Prov. Kepulauan Riau,310000,8,1,56,6,4,0,0,8,06 Mar 2026 21:34:38,E6EAE611F1DE0A6670B0
SD NEGERI 009 BELAKANG PADANG,11001627,SD,Negeri,Kec. Belakang Padang,316001,Kota Batam,316000,Prov. Kepulauan Riau,310000,6,1,93,6,8,0,1,10,09 Apr 2026 06:16:38,4D7EAB97560E4FE6A82C
SD NEGERI 011 BELAKANG PADANG,11001637,SD,Negeri,Kec. Belakang Padang,316001,Kota Batam,316000,Prov. Kepulauan Riau,310000,8,1,97,6,6,0,1,15,08 Apr 2026 08:44:06,10CA071ED830D38EC8E5
SD NEGERI 012 BELAKANG PADANG,11001642,SD,Negeri,Kec. Belakang Padang,316001,Kota Batam,316000,Prov. Kepulauan Riau,310000,8,3,102,6,6,0,0,16,06 Apr 2026 08:14:49,A6F91255208C509FD791
SD NEGERI 013 BELAKANG PADANG,11001645,SD,Negeri,Kec. Belakang Padang,316001,Kota Batam,316000,Prov. Kepulauan Riau,310000,7,3,79,6,7,0,0,16,04 Apr 2026 09:20:09,7B5120D036F1E0B97585
SD NEGERI 014 BELAKANG PADANG,11001648,SD,Negeri,Kec. Belakang Padang,316001,Kota Batam,316000,Prov. Kepulauan Riau,310000,10,4,51,6,6,1,2,22,01 Apr 2026 06:20:42,6016B1D277BCA937AA5C
SD NEGERI 015 BELAKANG PADANG,11001651,SD,Negeri,Kec. Belakang Padang,316001,Kota Batam,316000,Prov. Kepulauan Riau,310000,8,2,79,6,6,0,1,11,05 Apr 2026 20:50:57,8B8C5398E9F915C5DCE7
SD NEGERI 016 BELAKANG PADANG,11001654,SD,Negeri,Kec. Belakang Padang,316001,Kota Batam,316000,Prov. Kepulauan Riau,310000,8,4,48,6,6,0,0,14,06 Apr 2026 09:12:02,A44AB57A2EBA74F429FB
SDN 005 BELAKANG PADANG,11001607,SD,Negeri,Kec. Belakang Padang,316001,Kota Batam,316000,Prov. Kepulauan Riau,310000,8,2,54,6,3,0,1,11,09 Apr 2026 21:46:20,D706D5DFF6818DD2EE97
SMP NEGERI 1 BATAM,11002383,SMP,Negeri,Kec. Belakang Padang,316001,Kota Batam,316000,Prov. Kepulauan Riau,310000,15,4,384,9,9,2,1,28,20 Apr 2026 10:34:51,E3D12DE872B0751B0EA8
SMP NEGERI 2 BATAM,11002384,SMP,Negeri,Kec. Belakang Padang,316001,Kota Batam,316000,Prov. Kepulauan Riau,310000,9,2,75,4,6,2,1,13,27 Feb 2026 09:56:22,259FD55FD31C20E6AD12
SMP NEGERI 33 BATAM,11002374,SMP,Negeri,Kec. Belakang Padang,316001,Kota Batam,316000,Prov. Kepulauan Riau,310000,5,4,52,3,3,0,0,14,08 Apr 2026 02:17:35,149F0A1CEB5751BF84B1
SMP NEGERI 48 BATAM,69788020,SMP,Negeri,Kec. Belakang Padang,316001,Kota Batam,316000,Prov. Kepulauan Riau,310000,7,3,54,3,3,1,1,8,03 Mar 2026 15:47:55,6638FF70FC7730E239EC
SMP NEGERI 55 BATAM,69870880,SMP,Negeri,Kec. Belakang Padang,316001,Kota Batam,316000,Prov. Kepulauan Riau,310000,8,2,99,5,6,0,1,6,05 Mar 2026 09:13:20,C74DAD01ED21B64405C4
SMP NEGERI 7 BATAM,11000373,SMP,Negeri,Kec. Belakang Padang,316001,Kota Batam,316000,Prov. Kepulauan Riau,310000,8,4,167,6,6,2,1,13,02 Mar 2026 13:44:59,EBE9F74F88CA6F89D203
SMAN 13 BATAM,11002455,SMA,Negeri,Kec. Belakang Padang,316001,Kota Batam,316000,Prov. Kepulauan Riau,310000,16,6,130,6,6,2,1,26,29 Apr 2026 13:02:25,D74EE38AA3DDE773E806
SMAN 2 BATAM,11000359,SMA,Negeri,Kec. Belakang Padang,316001,Kota Batam,316000,Prov. Kepulauan Riau,310000,23,10,376,12,13,5,1,29,16 Apr 2026 09:10:37,B3AB8156997555924887
SMAN 22 BATAM,69968298,SMA,Negeri,Kec. Belakang Padang,316001,Kota Batam,316000,Prov. Kepulauan Riau,310000,13,5,98,3,3,2,1,10,23 Apr 2026 23:59:39,93F281EDC7775AD33ED8
SMAN 7 BATAM,11002201,SMA,Negeri,Kec. Belakang Padang,316001,Kota Batam,316000,Prov. Kepulauan Riau,310000,12,5,185,6,6,1,1,30,10 Mar 2026 10:33:04,13877D3801AB5F43F521
SD NEGERI 001 BULANG,11001588,SD,Negeri,Kec. Bulang,316004,Kota Batam,316000,Prov. Kepulauan Riau,310000,16,5,317,14,7,0,1,23,27 Apr 2026 19:08:42,B9DFD65793B58C3DEDCA
SD NEGERI 002 BULANG,11001598,SD,Negeri,Kec. Bulang,316004,Kota Batam,316000,Prov. Kepulauan Riau,310000,6,2,58,6,4,0,1,12,30 Apr 2026 22:33:14,BB5172DEAF93DEB8850F
SD NEGERI 003 BULANG,11001603,SD,Negeri,Kec. Bulang,316004,Kota Batam,316000,Prov. Kepulauan Riau,310000,7,1,94,6,4,0,1,10,02 Apr 2026 18:24:59,E3122FC7FB8ED4F37E25
SD NEGERI 004 BULANG,11001593,SD,Negeri,Kec. Bulang,316004,Kota Batam,316000,Prov. Kepulauan Riau,310000,7,5,131,6,6,0,1,10,20 Apr 2026 10:38:07,C135FCA353167D2DBA9E
SD NEGERI 005 BULANG,11001608,SD,Negeri,Kec. Bulang,316004,Kota Batam,316000,Prov. Kepulauan Riau,310000,7,6,71,6,3,0,1,5,29 Apr 2026 01:49:57,19F05FC2BD4AA3B73E30
SD NEGERI 006 BULANG,11001613,SD,Negeri,Kec. Bulang,316004,Kota Batam,316000,Prov. Kepulauan Riau,310000,7,0,117,6,6,0,1,8,08 Apr 2026 05:57:04,A44ED442C6624021EFC6
SD NEGERI 007 BULANG,11001618,SD,Negeri,Kec. Bulang,316004,Kota Batam,316000,Prov. Kepulauan Riau,310000,8,5,185,7,6,0,1,26,14 Apr 2026 22:58:11,29C77DCDD238335DFA32
SD NEGERI 008 BULANG,11001633,SD,Negeri,Kec. Bulang,316004,Kota Batam,316000,Prov. Kepulauan Riau,310000,8,2,54,6,6,1,1,7,06 Apr 2026 14:47:41,996227691F05F545A32D
SD NEGERI 009 BULANG,11001638,SD,Negeri,Kec. Bulang,316004,Kota Batam,316000,Prov. Kepulauan Riau,310000,7,0,96,6,6,0,1,11,10 Apr 2026 22:01:39,672972C7C2CBAC9BA057
SD NEGERI 010 BULANG,11001623,SD,Negeri,Kec. Bulang,316004,Kota Batam,316000,Prov. Kepulauan Riau,310000,11,4,116,9,9,0,1,15,08 Apr 2026 08:55:23,1150A25A9AA9B341EB57
SMP NEGERI 14 BATAM,11001741,SMP,Negeri,Kec. Bulang,316004,Kota Batam,316000,Prov. Kepulauan Riau,310000,6,5,79,3,3,0,2,11,10 Apr 2026 17:10:23,FF3FC168BD8A3034B129
SMP NEGERI 19 BATAM,11001746,SMP,Negeri,Kec. Bulang,316004,Kota Batam,316000,Prov. Kepulauan Riau,310000,8,2,42,3,3,1,1,12,27 Apr 2026 10:12:27,0A834EEC4B0BA4ED546A
SMP NEGERI 46 BATAM,69757243,SMP,Negeri,Kec. Bulang,316004,Kota Batam,316000,Prov. Kepulauan Riau,310000,7,2,57,3,3,1,1,13,05 Apr 2026 15:24:44,BFCE9C226F704B698D92
SMP NEGERI 5 BATAM,11000375,SMP,Negeri,Kec. Bulang,316004,Kota Batam,316000,Prov. Kepulauan Riau,310000,8,4,162,5,7,2,1,7,29 Apr 2026 08:38:41,4639C9E079D600B5208B
SMP NEGERI 64 BATAM,11001758,SMP,Negeri,Kec. Bulang,316004,Kota Batam,316000,Prov. Kepulauan Riau,310000,7,3,88,3,3,0,1,23,12 Apr 2026 22:27:26,9D7CBBD130DEABC34B04
SMAN 11 BATAM,11002195,SMA,Negeri,Kec. Bulang,316004,Kota Batam,316000,Prov. Kepulauan Riau,310000,14,5,216,6,6,2,1,18,29 Apr 2026 09:44:22,FD92A1D77690FDC24E40
SD NEGERI 001 KARIMUN,11001006,SD,Negeri,Kec. Karimun,310203,Kab. Karimun,310200,Prov. Kepulauan Riau,310000,21,6,413,15,12,1,1,32,06 Apr 2026 17:02:19,EDBD8A478E7C6E98765E
SD NEGERI 002 KARIMUN,11001010,SD,Negeri,Kec. Karimun,310203,Kab. Karimun,310200,Prov. Kepulauan Riau,310000,21,6,443,16,16,1,1,14,02 May 2026 10:52:09,8E4DA4F3FC299998DC8F
SD NEGERI 003 KARIMUN,11001019,SD,Negeri,Kec. Karimun,310203,Kab. Karimun,310200,Prov. Kepulauan Riau,310000,17,6,256,12,7,0,1,15,06 Apr 2026 20:20:11,2E1FD67E7BE046E64DDE
SD NEGERI 004 KARIMUN,11001028,SD,Negeri,Kec. Karimun,310203,Kab. Karimun,310200,Prov. Kepulauan Riau,310000,16,4,283,12,6,0,1,25,09 Apr 2026 11:30:38,01E9553AA4964E08D0F6
SD NEGERI 006 KARIMUN,11001041,SD,Negeri,Kec. Karimun,310203,Kab. Karimun,310200,Prov. Kepulauan Riau,310000,18,6,316,14,10,0,1,36,16 Apr 2026 12:22:44,BC7741E3D17E476628D5
SD NEGERI 007 KARIMUN,11001047,SD,Negeri,Kec. Karimun,310203,Kab. Karimun,310200,Prov. Kepulauan Riau,310000,16,9,344,13,9,0,1,32,29 Apr 2026 08:02:52,6E00119E23983161BBA7
SD NEGERI 011 KARIMUN,11000287,SD,Negeri,Kec. Karimun,310203,Kab. Karimun,310200,Prov. Kepulauan Riau,310000,14,9,213,12,8,0,1,12,20 Mar 2026 13:53:26,503688F86D7E984B60C3
SD NEGERI 013 KARIMUN,11000294,SD,Negeri,Kec. Karimun,310203,Kab. Karimun,310200,Prov. Kepulauan Riau,310000,17,6,353,13,6,1,1,20,20 Apr 2026 08:53:39,1E5397445DC6AEA0E84D
SD SWASTA 009 SANTU YUSUF KARIMUN,11000254,SD,Swasta,Kec. Karimun,310203,Kab. Karimun,310200,Prov. Kepulauan Riau,310000,14,5,225,9,13,2,1,15,06 Apr 2026 11:02:43,AFF90425435CF37475CD
SD SWASTA 014 MAHABODHI KARIMUN,11001080,SD,Swasta,Kec. Karimun,310203,Kab. Karimun,310200,Prov. Kepulauan Riau,310000,21,8,296,13,20,1,1,13,07 Apr 2026 10:39:27,310C280B8DB634FFC00D
SD SWASTA 015 VIDYA SASANA KARIMUN,11001120,SD,Swasta,Kec. Karimun,310203,Kab. Karimun,310200,Prov. Kepulauan Riau,310000,19,3,263,12,12,2,1,43,21 Apr 2026 19:37:48,E2D57FAFA4DBA1CC707E
SD SWASTA 016 MUHAMMADIYAH KARIMUN,11001121,SD,Swasta,Kec. Karimun,310203,Kab. Karimun,310200,Prov. Kepulauan Riau,310000,22,8,309,15,16,1,1,86,29 Apr 2026 14:57:09,6530973E24CA00714F70
SD SWASTA 017 IT DARUL MUKMIN KARIMUN,11002783,SD,Swasta,Kec. Karimun,310203,Kab. Karimun,310200,Prov. Kepulauan Riau,310000,30,6,480,18,28,2,1,6,23 Feb 2026 20:44:05,A13FDFBFC323F30C8A34
SD SWASTA 018 PLUS AVICENA KARIMUN,11003060,SD,Swasta,Kec. Karimun,310203,Kab. Karimun,310200,Prov. Kepulauan Riau,310000,11,4,132,8,8,1,1,25,13 Apr 2026 22:16:14,F122D3406A48A5C29CF5
SD SWASTA 019 AUSTINE,69978221,SD,Swasta,Kec. Karimun,310203,Kab. Karimun,310200,Prov. Kepulauan Riau,310000,6,1,42,6,6,0,0,10,23 Feb 2026 07:01:45,87FD96447BE981AB2322
SMP NEGERI 1 KARIMUN,11000206,SMP,Negeri,Kec. Karimun,310203,Kab. Karimun,310200,Prov. Kepulauan Riau,310000,45,11,806,24,25,4,1,29,16 Apr 2026 13:11:07,D1BE75A4ACB222FD673A
SMP NEGERI 2 KARIMUN,11000209,SMP,Negeri,Kec. Karimun,310203,Kab. Karimun,310200,Prov. Kepulauan Riau,310000,31,8,499,16,15,1,1,27,02 May 2026 08:47:07,404A66DE2C9FC9720FF7
SMP SWASTA MAHA BODHI KARIMUN,11001145,SMP,Swasta,Kec. Karimun,310203,Kab. Karimun,310200,Prov. Kepulauan Riau,310000,15,9,279,11,12,2,1,29,06 Apr 2026 11:27:51,CD02ADF048583FBDA972
SMP SWASTA MUHAMMADIYAH KARIMUN,11001146,SMP,Swasta,Kec. Karimun,310203,Kab. Karimun,310200,Prov. Kepulauan Riau,310000,9,6,111,5,6,2,1,14,22 Apr 2026 11:00:00,0B8E5E164C177D847DBA
SMP SWASTA SANTO YUSUP KARIMUN,11001147,SMP,Swasta,Kec. Karimun,310203,Kab. Karimun,310200,Prov. Kepulauan Riau,310000,11,5,214,7,7,2,1,10,14 Mar 2026 20:26:45,909882EDE1636E105B4D
SMP SWASTA VIDYA SASANA KARIMUN,11001148,SMP,Swasta,Kec. Karimun,310203,Kab. Karimun,310200,Prov. Kepulauan Riau,310000,10,3,128,6,11,3,1,12,09 Feb 2026 11:45:59,B6B6CEC6489C35DF1E1B
SMPS IT DARUL MUKMIN,69775679,SMP,Swasta,Kec. Karimun,310203,Kab. Karimun,310200,Prov. Kepulauan Riau,310000,17,6,202,8,8,2,1,12,10 Apr 2026 11:13:10,BF05691DB28CF477DB76
SMAN 2 KARIMUN,11000223,SMA,Negeri,Kec. Karimun,310203,Kab. Karimun,310200,Prov. Kepulauan Riau,310000,47,10,877,24,24,5,1,27,30 Apr 2026 08:07:12,9FADD519F1F77D6DE1CF
SMAS IT DARUL MUKMIN KARIMUN,70061036,SMA,Swasta,Kec. Karimun,310203,Kab. Karimun,310200,Prov. Kepulauan Riau,310000,0,0,0,0,0,0,0,0,,6F2EFC389522A3D82CE5
SMAS MAHA BODHI KARIMUN,11002033,SMA,Swasta,Kec. Karimun,310203,Kab. Karimun,310200,Prov. Kepulauan Riau,310000,19,8,314,10,12,3,1,15,22 Apr 2026 09:54:39,14884AB6FFAD887D86E9
SMAS SANTO YUSUP,11002034,SMA,Swasta,Kec. Karimun,310203,Kab. Karimun,310200,Prov. Kepulauan Riau,310000,16,4,190,6,10,5,1,15,25 Apr 2026 11:07:03,6752FDA46A5AC7D2BFA8
SMKS VIDYA SASANA,11003035,SMK,Swasta,Kec. Karimun,310203,Kab. Karimun,310200,Prov. Kepulauan Riau,310000,17,4,214,7,9,1,1,40,30 Apr 2026 12:47:42,1A8E1ABA1994CC69038D
SMKS YASPIKA,11002145,SMK,Swasta,Kec. Karimun,310203,Kab. Karimun,310200,Prov. Kepulauan Riau,310000,13,8,155,6,15,2,1,17,25 Apr 2026 09:04:38,4984B88C4A17B7C413DA
SD NEGERI 001 TEBING,11001002,SD,Negeri,Kec. Tebing,310205,Kab. Karimun,310200,Prov. Kepulauan Riau,310000,32,8,628,23,18,0,1,16,17 Apr 2026 11:47:03,F0B1903F907D01CA770E
SD NEGERI 002 TEBING,11001013,SD,Negeri,Kec. Tebing,310205,Kab. Karimun,310200,Prov. Kepulauan Riau,310000,20,6,402,15,7,0,1,23,16 Apr 2026 20:15:34,9069061C7404C784F851
SD NEGERI 003 TEBING,11001020,SD,Negeri,Kec. Tebing,310205,Kab. Karimun,310200,Prov. Kepulauan Riau,310000,33,8,671,24,12,0,1,14,10 Apr 2026 15:19:36,24346AB6F16D4C52DDA8
SD NEGERI 004 TEBING,11001029,SD,Negeri,Kec. Tebing,310205,Kab. Karimun,310200,Prov. Kepulauan Riau,310000,24,6,522,19,9,0,1,14,28 Apr 2026 10:04:34,7801DB3AEF6E5EADA56C
SD NEGERI 005 TEBING,11001033,SD,Negeri,Kec. Tebing,310205,Kab. Karimun,310200,Prov. Kepulauan Riau,310000,8,5,136,6,5,0,1,30,12 Apr 2026 07:02:04,560E506738BAD521C8EB
SD NEGERI 006 TEBING,11001038,SD,Negeri,Kec. Tebing,310205,Kab. Karimun,310200,Prov. Kepulauan Riau,310000,8,3,134,6,5,0,1,41,06 Mar 2026 10:45:08,C8F3EE69F053A2E0F8A6
SD NEGERI 007 TEBING,11001048,SD,Negeri,Kec. Tebing,310205,Kab. Karimun,310200,Prov. Kepulauan Riau,310000,17,5,242,12,11,0,1,20,30 Apr 2026 09:55:28,65DF74EEB5D7CE8605A5
SD NEGERI 008 TEBING,11001061,SD,Negeri,Kec. Tebing,310205,Kab. Karimun,310200,Prov. Kepulauan Riau,310000,17,6,372,12,7,0,1,23,11 Apr 2026 11:46:46,56194CF3030FB5D9AAD6
SD NEGERI 011 TEBING,69786389,SD,Negeri,Kec. Tebing,310205,Kab. Karimun,310200,Prov. Kepulauan Riau,310000,8,3,96,6,7,0,0,17,13 Apr 2026 11:54:06,C1E4A1312D59B0ECD285
SD SWASTA 009 IMMANUEL TEBING,11001106,SD,Swasta,Kec. Tebing,310205,Kab. Karimun,310200,Prov. Kepulauan Riau,310000,8,3,147,6,6,1,1,15,09 Apr 2026 21:28:17,7023E833A0A3C60A690C
SD SWASTA 010 ISLAM TERPADU CENDEKIA TEBING,11002487,SD,Swasta,Kec. Tebing,310205,Kab. Karimun,310200,Prov. Kepulauan Riau,310000,50,10,582,20,22,1,1,50,27 Apr 2026 08:53:13,A5F706B821F5525FF977
SD SWASTA 012 MAITREYAWIRA TEBING,69964663,SD,Swasta,Kec. Tebing,310205,Kab. Karimun,310200,Prov. Kepulauan Riau,310000,30,9,400,18,18,3,1,14,23 Apr 2026 10:18:56,ABE2A7549AD1C60607C4
SD SWASTA 013 AVAVA TEBING,69971299,SD,Swasta,Kec. Tebing,310205,Kab. Karimun,310200,Prov. Kepulauan Riau,310000,8,3,90,6,6,0,1,7,22 Apr 2026 07:58:52,E949D0ABD7C39D6F916F
SD SWASTA 014 IT INSAN MULIA,69989138,SD,Swasta,Kec. Tebing,310205,Kab. Karimun,310200,Prov. Kepulauan Riau,310000,20,3,279,12,12,1,1,17,23 Apr 2026 09:52:27,E0EF5844C8D1D53F3059
SD-SMP NEGERI 4 SATU ATAP TEBING,11002480,SMP,Negeri,Kec. Tebing,310205,Kab. Karimun,310200,Prov. Kepulauan Riau,310000,11,4,95,4,4,0,1,22,30 Apr 2026 08:29:24,D4527BCCF3EFD6B6F51C
SMP NEGERI 1 TEBING,11001134,SMP,Negeri,Kec. Tebing,310205,Kab. Karimun,310200,Prov. Kepulauan Riau,310000,38,8,698,22,22,1,1,24,02 May 2026 11:13:21,421B15BB713B5D90E920
SMP NEGERI 2 TEBING,11001139,SMP,Negeri,Kec. Tebing,310205,Kab. Karimun,310200,Prov. Kepulauan Riau,310000,29,4,550,16,15,2,1,31,30 Apr 2026 08:24:54,C8F5250FA3126301D759
SMP NEGERI 3 TEBING,11002138,SMP,Negeri,Kec. Tebing,310205,Kab. Karimun,310200,Prov. Kepulauan Riau,310000,32,8,588,17,17,1,2,29,28 Apr 2026 08:31:32,65BDD228F72BB4ECFE9E
SMP SWASTA  IMANUEL TEBING,11001144,SMP,Swasta,Kec. Tebing,310205,Kab. Karimun,310200,Prov. Kepulauan Riau,310000,6,3,83,3,3,2,1,10,21 Apr 2026 11:08:22,CC87B570C149816B2E6D
SMP SWASTA MAITREYAWIRA TEBING,70007786,SMP,Swasta,Kec. Tebing,310205,Kab. Karimun,310200,Prov. Kepulauan Riau,310000,15,7,145,6,6,1,1,15,02 Apr 2026 08:31:45,F8EFB15D5D4CEE555A57
SMPIT CENDEKIA,69900135,SMP,Swasta,Kec. Tebing,310205,Kab. Karimun,310200,Prov. Kepulauan Riau,310000,21,5,256,9,7,1,1,21,17 Apr 2026 08:17:36,6F6E8B79A80206A8D1A9
SMPS MUTAWALLY TEBING,70038222,SMP,Swasta,Kec. Tebing,310205,Kab. Karimun,310200,Prov. Kepulauan Riau,310000,5,4,42,2,8,0,0,52,24 Apr 2026 07:59:44,51484600F34CF1DE6FA2
SMAN 1 KARIMUN,11000240,SMA,Negeri,Kec. Tebing,310205,Kab. Karimun,310200,Prov. Kepulauan Riau,310000,47,19,1066,27,25,3,1,1,28 Apr 2026 15:37:32,2474774F22EF062FD4FA
SMAN 4 KARIMUN,11002029,SMA,Negeri,Kec. Tebing,310205,Kab. Karimun,310200,Prov. Kepulauan Riau,310000,30,7,746,20,15,5,1,44,17 Apr 2026 10:32:19,D406C154DA087A121322
SMAN 5 KARIMUN,69989323,SMA,Negeri,Kec. Tebing,310205,Kab. Karimun,310200,Prov. Kepulauan Riau,310000,32,8,552,15,18,2,0,18,22 Apr 2026 14:35:12,578CF097786CC7280F30
SMAS MAITREYAWIRA KARIMUN,70046521,SMA,Swasta,Kec. Tebing,310205,Kab. Karimun,310200,Prov. Kepulauan Riau,310000,11,2,48,2,2,1,1,16,06 Feb 2026 07:37:09,25CE713BC9E9C8A54B14
SMK NEGERI 1 KARIMUN,11002143,SMK,Negeri,Kec. Tebing,310205,Kab. Karimun,310200,Prov. Kepulauan Riau,310000,67,23,1241,37,30,3,1,43,24 Apr 2026 17:48:01,D5793AF30C6DEF6633E0
SMK NEGERI 2 KARIMUN,69864705,SMK,Negeri,Kec. Tebing,310205,Kab. Karimun,310200,Prov. Kepulauan Riau,310000,46,12,625,24,24,1,1,60,28 Apr 2026 17:14:33,2918DB904875DD35ED80
SD NEGERI 001 KUNDUR,11001007,SD,Negeri,Kec. Kundur,310202,Kab. Karimun,310200,Prov. Kepulauan Riau,310000,16,7,230,12,13,0,1,21,23 Apr 2026 07:37:59,51194404DF8B7769B080
SD NEGERI 002 KUNDUR,11001014,SD,Negeri,Kec. Kundur,310202,Kab. Karimun,310200,Prov. Kepulauan Riau,310000,15,9,194,10,12,0,1,18,17 Apr 2026 07:49:58,D369B507B5C485AE108B
SD NEGERI 003 KUNDUR,11001022,SD,Negeri,Kec. Kundur,310202,Kab. Karimun,310200,Prov. Kepulauan Riau,310000,12,6,159,9,8,0,1,1,21 Apr 2026 07:30:42,4B6A6E23C20DEDC09F18
SD NEGERI 004 KUNDUR,11001030,SD,Negeri,Kec. Kundur,310202,Kab. Karimun,310200,Prov. Kepulauan Riau,310000,11,10,110,6,6,0,1,9,10 Apr 2026 15:09:09,012728031B2B13F416A6
SD NEGERI 005 KUNDUR,11001036,SD,Negeri,Kec. Kundur,310202,Kab. Karimun,310200,Prov. Kepulauan Riau,310000,8,5,129,6,7,1,1,20,03 Apr 2026 16:55:59,42934E5528482AFAAE32
SD NEGERI 006 KUNDUR,11001043,SD,Negeri,Kec. Kundur,310202,Kab. Karimun,310200,Prov. Kepulauan Riau,310000,9,7,108,6,8,0,1,30,24 Apr 2026 08:51:31,8904FCDFEFF448BA3C3D
SD NEGERI 007 KUNDUR,11001057,SD,Negeri,Kec. Kundur,310202,Kab. Karimun,310200,Prov. Kepulauan Riau,310000,10,5,64,6,8,0,1,32,02 May 2026 09:45:40,999FC8AAC9276B65C900
SD NEGERI 008 KUNDUR,11001062,SD,Negeri,Kec. Kundur,310202,Kab. Karimun,310200,Prov. Kepulauan Riau,310000,7,3,43,6,6,1,1,20,09 Apr 2026 08:07:51,4BDFE622A5345EEE7892
SD NEGERI 009 KUNDUR,11001066,SD,Negeri,Kec. Kundur,310202,Kab. Karimun,310200,Prov. Kepulauan Riau,310000,9,5,44,6,6,0,0,9,02 Apr 2026 14:27:00,E9D9F2DE91F901A5D7EF
SD NEGERI 010 KUNDUR,11001071,SD,Negeri,Kec. Kundur,310202,Kab. Karimun,310200,Prov. Kepulauan Riau,310000,9,5,114,6,8,1,1,17,02 May 2026 08:53:47,6B00013DD5D6FD33D8ED
SD NEGERI 011 KUNDUR,11001079,SD,Negeri,Kec. Kundur,310202,Kab. Karimun,310200,Prov. Kepulauan Riau,310000,14,3,189,11,9,0,1,14,06 Apr 2026 07:33:10,F90080462C043351CB87
SD NEGERI 012 KUNDUR,11001084,SD,Negeri,Kec. Kundur,310202,Kab. Karimun,310200,Prov. Kepulauan Riau,310000,11,5,88,6,6,0,2,11,20 Apr 2026 10:23:23,646D1D3145FCC27561D9
SD NEGERI 013 KUNDUR,11001086,SD,Negeri,Kec. Kundur,310202,Kab. Karimun,310200,Prov. Kepulauan Riau,310000,8,2,91,6,8,1,1,25,02 Apr 2026 22:10:24,ED9AB3842636D8C4615B
SD NEGERI 014 KUNDUR,11001087,SD,Negeri,Kec. Kundur,310202,Kab. Karimun,310200,Prov. Kepulauan Riau,310000,8,6,65,6,7,1,0,21,21 Apr 2026 07:53:51,D9EA31E909C45F2AECD7
SD NEGERI 015 KUNDUR,11000188,SD,Negeri,Kec. Kundur,310202,Kab. Karimun,310200,Prov. Kepulauan Riau,310000,15,7,200,10,8,1,1,18,08 Apr 2026 08:37:54,141B51F0BB55C335CC1B
SD NEGERI 016 KUNDUR,11000189,SD,Negeri,Kec. Kundur,310202,Kab. Karimun,310200,Prov. Kepulauan Riau,310000,9,8,109,6,8,0,0,4,20 Jan 2026 08:51:44,E430CA9387626AAE4A9A
SD NEGERI 017 KUNDUR,11001095,SD,Negeri,Kec. Kundur,310202,Kab. Karimun,310200,Prov. Kepulauan Riau,310000,17,6,245,12,10,0,1,26,29 Apr 2026 10:00:59,4EA1B246FA4E760A3F7E
SEKOLAH DASAR ISLAM TERPADU (SDIT) QAUMAN,70054948,SD,Swasta,Kec. Kundur,310202,Kab. Karimun,310200,Prov. Kepulauan Riau,310000,2,1,10,1,1,0,0,5,31 Jan 2026 21:21:10,C012FD320A3DED906EAB
SD-SMP NEGERI 3 SATU ATAP KUNDUR,11002513,SMP,Negeri,Kec. Kundur,310202,Kab. Karimun,310200,Prov. Kepulauan Riau,310000,10,9,81,3,4,0,2,27,20 Apr 2026 21:11:32,5547529EBC96604F09BF
SMP NEGERI 1 KUNDUR,11000207,SMP,Negeri,Kec. Kundur,310202,Kab. Karimun,310200,Prov. Kepulauan Riau,310000,36,14,604,20,23,3,1,26,20 Apr 2026 14:20:19,AFE4C70F1245D8DF9D67
SMP NEGERI 2 KUNDUR,11000210,SMP,Negeri,Kec. Kundur,310202,Kab. Karimun,310200,Prov. Kepulauan Riau,310000,14,14,146,6,14,1,1,26,28 Apr 2026 19:24:50,F032E922ACB04E0D7FCE
SMAN 1 KUNDUR,11000241,SMA,Negeri,Kec. Kundur,310202,Kab. Karimun,310200,Prov. Kepulauan Riau,310000,48,14,873,26,24,8,1,34,28 Apr 2026 15:38:13,6F47B5EC57208E13825A
SMAN 1 UNGAR,11002031,SMA,Negeri,Kec. Kundur,310202,Kab. Karimun,310200,Prov. Kepulauan Riau,310000,20,7,191,7,8,4,1,17,27 Apr 2026 08:49:05,FF716BDF2086F5DE554C
SMAN 3 KUNDUR,11002028,SMA,Negeri,Kec. Kundur,310202,Kab. Karimun,310200,Prov. Kepulauan Riau,310000,27,16,343,12,16,6,1,30,28 Apr 2026 11:58:45,03E537462F2E0FA3BF3A
SMKS BINA INSAN,69974506,SMK,Swasta,Kec. Kundur,310202,Kab. Karimun,310200,Prov. Kepulauan Riau,310000,10,2,54,3,5,1,1,18,27 Apr 2026 09:32:04,69F5C165E035FF86519F
SMKS BUDI MULIA KUNDUR,11000205,SMK,Swasta,Kec. Kundur,310202,Kab. Karimun,310200,Prov. Kepulauan Riau,310000,9,8,68,5,12,1,1,8,27 Apr 2026 08:26:58,98A67376F04D512FCB05
SD NEGERI 001 MERAL,11001003,SD,Negeri,Kec. Meral,310204,Kab. Karimun,310200,Prov. Kepulauan Riau,310000,18,5,345,13,11,0,1,30,09 Apr 2026 20:57:55,071A755710CCA1D5B707
SD NEGERI 002 MERAL,11001008,SD,Negeri,Kec. Meral,310204,Kab. Karimun,310200,Prov. Kepulauan Riau,310000,26,4,540,21,13,0,1,72,02 May 2026 10:17:09,5AF55B3C66A278D319C9
SD NEGERI 003 MERAL,11001018,SD,Negeri,Kec. Meral,310204,Kab. Karimun,310200,Prov. Kepulauan Riau,310000,21,7,504,18,12,1,1,15,11 Apr 2026 07:51:38,4D7401CD240204AB8B2B
SD NEGERI 004 MERAL,11001026,SD,Negeri,Kec. Meral,310204,Kab. Karimun,310200,Prov. Kepulauan Riau,310000,22,10,445,17,10,0,1,31,30 Apr 2026 13:55:46,4FD2DA467CC25D3795AB
SD NEGERI 006 MERAL,11001102,SD,Negeri,Kec. Meral,310204,Kab. Karimun,310200,Prov. Kepulauan Riau,310000,26,4,462,19,25,0,1,23,06 Apr 2026 09:11:47,0EFB32A2E5B87FFFED7F
SD NEGERI 008 MERAL,11001068,SD,Negeri,Kec. Meral,310204,Kab. Karimun,310200,Prov. Kepulauan Riau,310000,16,4,338,13,6,0,1,49,17 Apr 2026 09:48:16,E1633372CA15EA515E10
SD NEGERI 009 MERAL,11000291,SD,Negeri,Kec. Meral,310204,Kab. Karimun,310200,Prov. Kepulauan Riau,310000,33,7,667,24,16,0,1,38,29 Apr 2026 07:32:04,F10781CCEEE982D130B5
SD NEGERI 010 MERAL,11001078,SD,Negeri,Kec. Meral,310204,Kab. Karimun,310200,Prov. Kepulauan Riau,310000,22,7,455,16,7,1,1,27,16 Apr 2026 08:32:14,35DB15381618F9509DB8
SD NEGERI 011 MERAL,11001081,SD,Negeri,Kec. Meral,310204,Kab. Karimun,310200,Prov. Kepulauan Riau,310000,24,6,529,20,8,0,1,19,18 Apr 2026 12:13:52,6369C586EBF37E984141
SD SWASTA 005 CAHAYA MERAL,11001101,SD,Swasta,Kec. Meral,310204,Kab. Karimun,310200,Prov. Kepulauan Riau,310000,33,11,486,21,22,1,1,28,20 Apr 2026 07:37:42,3FDBAB77CE70EA1620FF
SD SWASTA 007 ORA ET LABORA MERAL,11000252,SD,Swasta,Kec. Meral,310204,Kab. Karimun,310200,Prov. Kepulauan Riau,310000,9,3,83,6,6,0,1,20,02 Apr 2026 11:13:22,01115A41EAFCC7631F57
SD SWASTA 012 BINA BANGSA MERAL,11001109,SD,Swasta,Kec. Meral,310204,Kab. Karimun,310200,Prov. Kepulauan Riau,310000,11,6,85,6,18,1,1,32,02 May 2026 11:25:55,08641100B4538C3E6E07
SD SWASTA METHODIST KARIMUN,69931730,SD,Swasta,Kec. Meral,310204,Kab. Karimun,310200,Prov. Kepulauan Riau,310000,9,3,93,6,6,1,1,67,30 Apr 2026 09:31:31,D296D26D5B5431C523C1
SMP NEGERI 1 MERAL,11001133,SMP,Negeri,Kec. Meral,310204,Kab. Karimun,310200,Prov. Kepulauan Riau,310000,37,5,588,18,18,2,1,40,29 Apr 2026 15:01:56,DDF5A9539B4A75CC1144
SMP NEGERI 2 MERAL,11002787,SMP,Negeri,Kec. Meral,310204,Kab. Karimun,310200,Prov. Kepulauan Riau,310000,24,7,381,11,12,2,1,19,30 Apr 2026 19:27:58,4E75DC5486D29AC58CDB
SMP NEGERI 3 MERAL,11001149,SMP,Negeri,Kec. Meral,310204,Kab. Karimun,310200,Prov. Kepulauan Riau,310000,31,8,503,16,16,2,1,23,24 Apr 2026 11:06:11,B50303CACB55884EB8D6
SMP NURUL MUSTHAFAWIYAH,70054412,SMP,Swasta,Kec. Meral,310204,Kab. Karimun,310200,Prov. Kepulauan Riau,310000,2,3,6,1,3,0,0,20,21 Apr 2026 09:14:43,9C541528CC179C93BDDF
SMP SWASTA AL - HIMMAH,60726065,SMP,Swasta,Kec. Meral,310204,Kab. Karimun,310200,Prov. Kepulauan Riau,310000,28,10,453,15,15,2,1,21,29 Apr 2026 11:13:28,6D4F2E94688106863812
SMP SWASTA BINA BANGSA MERAL,11002489,SMP,Swasta,Kec. Meral,310204,Kab. Karimun,310200,Prov. Kepulauan Riau,310000,6,3,34,3,3,2,1,27,09 Apr 2026 09:32:52,B054C392DA323C4296BB
SMP SWASTA CAHAYA MERAL,70001767,SMP,Swasta,Kec. Meral,310204,Kab. Karimun,310200,Prov. Kepulauan Riau,310000,13,6,219,8,8,2,0,20,09 Apr 2026 08:28:02,2DF49A2CD98CC333AF28
SMAN 3 KARIMUN,11002027,SMA,Negeri,Kec. Meral,310204,Kab. Karimun,310200,Prov. Kepulauan Riau,310000,29,13,472,15,18,6,1,36,21 Apr 2026 09:55:33,FEBCE53F6DCBEE9C1E08
SMAS CAHAYA,70037009,SMA,Swasta,Kec. Meral,310204,Kab. Karimun,310200,Prov. Kepulauan Riau,310000,14,2,104,5,7,2,1,13,10 Mar 2026 08:51:15,AAFBF58F6BBBE52EBF3A
SD NEGERI 007 KUNDUR BARAT,11001049,SD,Negeri,Kec. Kundur Barat,310208,Kab. Karimun,310200,Prov. Kepulauan Riau,310000,17,8,250,12,10,0,1,31,10 Apr 2026 09:06:46,B2BF45712C0E216E2871
SD NEGERI 001 KUNDUR BARAT,11000300,SD,Negeri,Kec. Kundur Barat,310208,Kab. Karimun,310200,Prov. Kepulauan Riau,310000,8,5,148,7,6,0,1,14,29 Apr 2026 14:33:49,B8EE0BADBFAC6A2EEC78
SD NEGERI 002 KUNDUR BARAT,11000305,SD,Negeri,Kec. Kundur Barat,310208,Kab. Karimun,310200,Prov. Kepulauan Riau,310000,10,6,157,8,7,0,1,21,28 Apr 2026 09:48:37,B65B27A3933ABE83E318
SD NEGERI 003 KUNDUR BARAT,11001017,SD,Negeri,Kec. Kundur Barat,310208,Kab. Karimun,310200,Prov. Kepulauan Riau,310000,8,6,141,6,6,0,0,12,04 Apr 2026 09:54:08,269051F3AEC3F2038EEA
SD NEGERI 004 KUNDUR BARAT,11000315,SD,Negeri,Kec. Kundur Barat,310208,Kab. Karimun,310200,Prov. Kepulauan Riau,310000,10,6,147,7,6,1,1,15,25 Apr 2026 08:16:20,2FB5569D35027A70266C
SD NEGERI 005 KUNDUR BARAT,11001031,SD,Negeri,Kec. Kundur Barat,310208,Kab. Karimun,310200,Prov. Kepulauan Riau,310000,13,6,176,9,9,1,1,14,28 Apr 2026 20:01:35,5100B03DF0AE65B5BE63
SD NEGERI 006 KUNDUR BARAT,11001039,SD,Negeri,Kec. Kundur Barat,310208,Kab. Karimun,310200,Prov. Kepulauan Riau,310000,8,11,138,6,6,1,1,15,29 Apr 2026 11:03:39,FB38E3D5FB858889FBCF
SD NEGERI 008 KUNDUR BARAT,11001055,SD,Negeri,Kec. Kundur Barat,310208,Kab. Karimun,310200,Prov. Kepulauan Riau,310000,8,7,85,6,8,0,0,12,06 Apr 2026 07:35:25,AFCA76C140FBAE1193C6
SD NEGERI 009 KUNDUR BARAT,11000282,SD,Negeri,Kec. Kundur Barat,310208,Kab. Karimun,310200,Prov. Kepulauan Riau,310000,8,6,131,6,7,0,1,8,30 Apr 2026 08:21:01,C2F804118EFD6A5ECD2A
SD NEGERI 010 KUNDUR BARAT,11000284,SD,Negeri,Kec. Kundur Barat,310208,Kab. Karimun,310200,Prov. Kepulauan Riau,310000,17,6,309,12,10,1,1,24,10 Apr 2026 10:16:29,E3AFACB56BC9DB3CBBC5
SD NEGERI 011 KUNDUR BARAT,11001070,SD,Negeri,Kec. Kundur Barat,310208,Kab. Karimun,310200,Prov. Kepulauan Riau,310000,10,7,130,6,6,0,1,13,10 Mar 2026 09:31:40,05CFBFA335719D4BAEDE
SD NEGERI 012 KUNDUR BARAT,11000290,SD,Negeri,Kec. Kundur Barat,310208,Kab. Karimun,310200,Prov. Kepulauan Riau,310000,15,8,248,11,13,0,1,20,03 Apr 2026 11:40:17,9DE8FEE1AB59A8DD7CBD
SD NEGERI 013 KUNDUR BARAT,11002494,SD,Negeri,Kec. Kundur Barat,310208,Kab. Karimun,310200,Prov. Kepulauan Riau,310000,9,8,155,7,6,1,1,17,10 Apr 2026 10:14:33,B626C3F7DFA1C1179D3F
SDS ISLAM UMMUL QURO,70039653,SD,Swasta,Kec. Kundur Barat,310208,Kab. Karimun,310200,Prov. Kepulauan Riau,310000,8,3,91,6,7,0,0,9,06 Mar 2026 22:30:41,0E3B5F1A229AFCF56C5B
SMP NEGERI 1 KUNDUR BARAT,11001131,SMP,Negeri,Kec. Kundur Barat,310208,Kab. Karimun,310200,Prov. Kepulauan Riau,310000,26,7,388,13,16,3,1,19,07 Apr 2026 19:42:28,431C9653AB97C566735B
SMP NEGERI 2 KUNDUR BARAT,11001136,SMP,Negeri,Kec. Kundur Barat,310208,Kab. Karimun,310200,Prov. Kepulauan Riau,310000,11,4,124,6,6,1,1,37,10 Apr 2026 08:18:53,180FC4AE776F11649D0F
SMP NEGERI 3 KUNDUR BARAT,69870907,SMP,Negeri,Kec. Kundur Barat,310208,Kab. Karimun,310200,Prov. Kepulauan Riau,310000,15,5,111,5,6,1,1,19,23 Apr 2026 11:33:53,1F90DA9CE7E233C036DA
SMPS DARUL FURQAN KUNDUR BARAT,11001143,SMP,Swasta,Kec. Kundur Barat,310208,Kab. Karimun,310200,Prov. Kepulauan Riau,310000,9,5,105,5,6,2,1,15,29 Apr 2026 09:07:54,C17560FBE6B642350890
SMAN 4 KUNDUR,11002030,SMA,Negeri,Kec. Kundur Barat,310208,Kab. Karimun,310200,Prov. Kepulauan Riau,310000,31,13,591,18,16,6,1,35,29 Apr 2026 07:41:53,972A86333FF44EC9813F
SMAS DARUL FURQAN,11002032,SMA,Swasta,Kec. Kundur Barat,310208,Kab. Karimun,310200,Prov. Kepulauan Riau,310000,10,5,89,3,5,3,1,8,15 Apr 2026 20:34:26,7FC4E90FAF56765FF88E
SMK NEGERI KUNDUR,11002580,SMK,Negeri,Kec. Kundur Barat,310208,Kab. Karimun,310200,Prov. Kepulauan Riau,310000,30,20,233,15,20,1,1,1,30 Apr 2026 14:26:55,DE585A154AF829CC4E3D
SD NEGERI 001 MORO,11001004,SD,Negeri,Kec. Moro,310201,Kab. Karimun,310200,Prov. Kepulauan Riau,310000,16,10,233,12,11,0,1,23,02 May 2026 10:41:24,DB083C3B4E48996AC0F5
SD NEGERI 002 MORO,11001016,SD,Negeri,Kec. Moro,310201,Kab. Karimun,310200,Prov. Kepulauan Riau,310000,15,9,221,12,9,0,1,11,04 Apr 2026 06:31:15,9A9D0472D189D1E2AE51
SD NEGERI 004 MORO,11001037,SD,Negeri,Kec. Moro,310201,Kab. Karimun,310200,Prov. Kepulauan Riau,310000,7,6,126,6,6,1,1,15,30 Apr 2026 11:40:11,D698FA75911182DD2B7A
SD NEGERI 011 MORO,11001082,SD,Negeri,Kec. Moro,310201,Kab. Karimun,310200,Prov. Kepulauan Riau,310000,11,5,101,11,12,0,1,9,13 Apr 2026 14:37:15,7FBEF8392BA9ED531CFD
SD NEGERI 013 MORO,11000184,SD,Negeri,Kec. Moro,310201,Kab. Karimun,310200,Prov. Kepulauan Riau,310000,8,7,176,7,9,0,1,11,06 Mar 2026 10:03:30,4964656905FBB957BD5E
SD NEGERI 015 MORO,11001090,SD,Negeri,Kec. Moro,310201,Kab. Karimun,310200,Prov. Kepulauan Riau,310000,14,9,217,11,9,0,1,115,19 Apr 2026 09:00:53,0DE86E5FE995327AD1C3
SD NEGERI 020 MORO,11001100,SD,Negeri,Kec. Moro,310201,Kab. Karimun,310200,Prov. Kepulauan Riau,310000,8,7,68,6,5,1,1,19,16 Apr 2026 11:04:35,CF866AC2D8081AB0DE8D
SD NEGERI 021 MORO,11002488,SD,Negeri,Kec. Moro,310201,Kab. Karimun,310200,Prov. Kepulauan Riau,310000,8,6,40,6,4,1,1,21,01 Mar 2026 00:43:14,437DC999FFBA3D60263B
SD SWASTA 009 SEROJA MORO,11001108,SD,Swasta,Kec. Moro,310201,Kab. Karimun,310200,Prov. Kepulauan Riau,310000,9,2,97,6,6,0,1,40,20 Apr 2026 07:36:51,B6E0DC31DD460B8C8AC2
SD-SMP NEGERI 4 SATU ATAP MORO,11002140,SMP,Negeri,Kec. Moro,310201,Kab. Karimun,310200,Prov. Kepulauan Riau,310000,6,2,25,3,3,0,0,10,11 Apr 2026 08:31:34,10F6003C153ACB9CC63E
SD-SMP NEGERI 5 SATU ATAP MORO,11002141,SMP,Negeri,Kec. Moro,310201,Kab. Karimun,310200,Prov. Kepulauan Riau,310000,9,3,41,3,3,1,1,26,30 Apr 2026 22:32:54,221E310D5AF0EDB77DEE
SMP NEGERI 1 MORO,11000208,SMP,Negeri,Kec. Moro,310201,Kab. Karimun,310200,Prov. Kepulauan Riau,310000,29,7,475,16,16,3,1,27,29 Apr 2026 07:38:10,30516FCA50BDDAB62C3D
SMP NEGERI 2 MORO,11001142,SMP,Negeri,Kec. Moro,310201,Kab. Karimun,310200,Prov. Kepulauan Riau,310000,12,13,122,6,6,2,1,22,22 Apr 2026 10:08:28,602D29779891DAF2F9EE
SMP SWASTA IT ATTHOHIRIYAH,69989334,SMP,Swasta,Kec. Moro,310201,Kab. Karimun,310200,Prov. Kepulauan Riau,310000,7,5,108,6,3,0,0,10,05 Mar 2026 09:51:06,E0228BC4E0C3A81CEF62
SMAN 1 MORO,11000224,SMA,Negeri,Kec. Moro,310201,Kab. Karimun,310200,Prov. Kepulauan Riau,310000,24,13,425,14,15,5,1,13,27 Apr 2026 11:54:51,0A67CDAD8A7770E7EC8C
SMAN 1 SUGIE BESAR,11003223,SMA,Negeri,Kec. Moro,310201,Kab. Karimun,310200,Prov. Kepulauan Riau,310000,14,14,174,6,9,3,2,12,10 Apr 2026 08:22:40,90DACC1419D6174D4557
SMK NEGERI 1 MORO,11002144,SMK,Negeri,Kec. Moro,310201,Kab. Karimun,310200,Prov. Kepulauan Riau,310000,24,13,114,12,10,4,1,19,26 Apr 2026 21:05:09,D319C19784C0BA008C35
SD NEGERI 003 MORO.,11001035,SD,Negeri,Kec. Sugie Besar,310214,Kab. Karimun,310200,Prov. Kepulauan Riau,310000,12,3,141,11,10,1,1,4,29 Jan 2026 08:20:22,5A005080FE4E684DF83C
SD NEGERI 005 MORO,11001046,SD,Negeri,Kec. Sugie Besar,310214,Kab. Karimun,310200,Prov. Kepulauan Riau,310000,11,7,91,8,10,0,1,19,28 Apr 2026 08:03:59,27714020C4CF8FD52ED6
SD NEGERI 006 MORO,11001056,SD,Negeri,Kec. Sugie Besar,310214,Kab. Karimun,310200,Prov. Kepulauan Riau,310000,10,6,68,8,11,0,1,20,30 Apr 2026 21:31:26,F0C98079D1A56C73EC9C
SD NEGERI 007 MORO,11001060,SD,Negeri,Kec. Sugie Besar,310214,Kab. Karimun,310200,Prov. Kepulauan Riau,310000,8,5,56,6,6,0,0,10,03 Mar 2026 12:13:15,C036615330790D1EE7CC
SD NEGERI 008 MORO,11001065,SD,Negeri,Kec. Sugie Besar,310214,Kab. Karimun,310200,Prov. Kepulauan Riau,310000,7,6,31,6,6,1,1,21,13 Apr 2026 08:10:53,F00B7693FF8182CA1D7E
SD NEGERI 010 MORO,11001077,SD,Negeri,Kec. Sugie Besar,310214,Kab. Karimun,310200,Prov. Kepulauan Riau,310000,10,0,63,6,8,1,1,19,01 May 2026 20:35:38,6643638EA126752E56E5
SD NEGERI 012 MORO,11001085,SD,Negeri,Kec. Sugie Besar,310214,Kab. Karimun,310200,Prov. Kepulauan Riau,310000,7,4,109,6,6,1,1,14,28 Feb 2026 11:34:03,820C0D873353FA8FC85C
SD NEGERI 014 MORO,11001088,SD,Negeri,Kec. Sugie Besar,310214,Kab. Karimun,310200,Prov. Kepulauan Riau,310000,6,3,98,6,6,1,1,19,23 Apr 2026 06:25:12,1E64FBE7D65574739E5A
SD NEGERI 016 MORO,11001094,SD,Negeri,Kec. Sugie Besar,310214,Kab. Karimun,310200,Prov. Kepulauan Riau,310000,6,4,30,6,6,1,1,4,04 Mar 2026 07:52:02,5B030C4A6444F6E1E7FD
SD NEGERI 017 MORO,11000168,SD,Negeri,Kec. Sugie Besar,310214,Kab. Karimun,310200,Prov. Kepulauan Riau,310000,6,4,38,6,7,0,1,41,30 Apr 2026 13:16:24,12801D7201FC0761548D
SD NEGERI 018 MORO,11001097,SD,Negeri,Kec. Sugie Besar,310214,Kab. Karimun,310200,Prov. Kepulauan Riau,310000,7,4,63,6,6,1,1,29,28 Apr 2026 09:47:43,6674C4F2C192BFE51684
SD NEGERI 019 MORO,11001098,SD,Negeri,Kec. Sugie Besar,310214,Kab. Karimun,310200,Prov. Kepulauan Riau,310000,8,7,69,6,6,0,1,7,08 Apr 2026 11:05:45,0E219F8460F8729F4CEF
SD-SMP NEGERI 3 SATU ATAP MORO,11002137,SMP,Negeri,Kec. Sugie Besar,310214,Kab. Karimun,310200,Prov. Kepulauan Riau,310000,8,2,36,3,3,0,0,9,02 Apr 2026 21:31:31,80703A1324643EDA25D2
SD-SMP NEGERI 6 SATU ATAP MORO,11002142,SMP,Negeri,Kec. Sugie Besar,310214,Kab. Karimun,310200,Prov. Kepulauan Riau,310000,7,3,43,3,4,0,0,16,03 Mar 2026 04:45:08,00A95E15BC501A242D8E
SD-SMP NEGERI 7 SATU ATAP MORO,11002514,SMP,Negeri,Kec. Sugie Besar,310214,Kab. Karimun,310200,Prov. Kepulauan Riau,310000,9,4,48,3,3,1,0,13,11 Apr 2026 08:22:53,6F024E6788D43ECA0019
SD-SMP NEGERI 8 SATU ATAP MORO,11002515,SMP,Negeri,Kec. Sugie Besar,310214,Kab. Karimun,310200,Prov. Kepulauan Riau,310000,6,2,30,3,3,1,1,9,30 Apr 2026 11:16:08,449FB10E874DA00A1F8F
SD NEGERI 001 KUNDUR UTARA,11001005,SD,Negeri,Kec. Kundur Utara,310207,Kab. Karimun,310200,Prov. Kepulauan Riau,310000,8,6,32,6,6,0,1,37,30 Apr 2026 11:20:36,0C59404653E0D255F296
SD NEGERI 002 KUNDUR UTARA,11001015,SD,Negeri,Kec. Kundur Utara,310207,Kab. Karimun,310200,Prov. Kepulauan Riau,310000,14,9,173,8,10,0,1,7,10 Feb 2026 21:34:57,E3058A03FFDF82B67A9F
SD NEGERI 003 KUNDUR UTARA,11001023,SD,Negeri,Kec. Kundur Utara,310207,Kab. Karimun,310200,Prov. Kepulauan Riau,310000,11,8,82,6,7,0,1,14,10 Apr 2026 09:32:18,01F3A3CE9291EFDBA63E
SD NEGERI 004 KUNDUR UTARA,11001034,SD,Negeri,Kec. Kundur Utara,310207,Kab. Karimun,310200,Prov. Kepulauan Riau,310000,7,3,73,6,6,0,1,6,10 Apr 2026 12:17:05,FB44C0FBA779C1153B0B
SD NEGERI 005 KUNDUR UTARA,11001040,SD,Negeri,Kec. Kundur Utara,310207,Kab. Karimun,310200,Prov. Kepulauan Riau,310000,7,4,79,6,6,0,1,5,09 Feb 2026 10:22:29,4EBAD4CFCCFC13E5526C
SD NEGERI 006 KUNDUR UTARA,11001064,SD,Negeri,Kec. Kundur Utara,310207,Kab. Karimun,310200,Prov. Kepulauan Riau,310000,13,6,169,10,9,1,1,13,30 Apr 2026 08:12:50,A1B6B9D87FF75A517BBF
SD NEGERI 007 KUNDUR UTARA,11001067,SD,Negeri,Kec. Kundur Utara,310207,Kab. Karimun,310200,Prov. Kepulauan Riau,310000,12,4,84,6,7,0,1,11,27 Apr 2026 11:23:47,B86D4100E5F32B377B2C
SD NEGERI 008 KUNDUR UTARA,11001072,SD,Negeri,Kec. Kundur Utara,310207,Kab. Karimun,310200,Prov. Kepulauan Riau,310000,18,5,226,12,12,0,1,8,20 Apr 2026 09:07:07,109D47DCB9270DA40FBB
SMP NEGERI 1 KUNDUR UTARA,11001132,SMP,Negeri,Kec. Kundur Utara,310207,Kab. Karimun,310200,Prov. Kepulauan Riau,310000,20,8,283,11,13,2,1,35,28 Apr 2026 08:43:37,8EC462056A94DDA0B4B2
SMP NEGERI 2 KUNDUR UTARA,11001137,SMP,Negeri,Kec. Kundur Utara,310207,Kab. Karimun,310200,Prov. Kepulauan Riau,310000,16,4,239,9,12,2,1,27,02 May 2026 14:19:21,D92616040FBD865E82C6
SMP NEGERI 3 KUNDUR UTARA,11002493,SMP,Negeri,Kec. Kundur Utara,310207,Kab. Karimun,310200,Prov. Kepulauan Riau,310000,11,8,102,4,6,2,2,15,17 Apr 2026 07:44:50,D70F4AFA5826D3BDE7F3
SMAN 2 KUNDUR,11000221,SMA,Negeri,Kec. Kundur Utara,310207,Kab. Karimun,310200,Prov. Kepulauan Riau,310000,21,12,266,9,14,4,1,33,30 Apr 2026 10:32:05,4E2A690EBDA1946B8637
SMK NEGERI KUNDUR UTARA,69960641,SMK,Negeri,Kec. Kundur Utara,310207,Kab. Karimun,310200,Prov. Kepulauan Riau,310000,25,15,488,15,10,0,1,30,29 Apr 2026 09:22:10,2C64EDA554296728F8C4
SD NEGERI 001 MERAL BARAT,11001103,SD,Negeri,Kec. Meral Barat,310210,Kab. Karimun,310200,Prov. Kepulauan Riau,310000,17,5,271,12,12,0,1,30,20 Apr 2026 09:49:11,FFF0B1E0C4CE83EE2DB1
SD NEGERI 002 MERAL BARAT,11001052,SD,Negeri,Kec. Meral Barat,310210,Kab. Karimun,310200,Prov. Kepulauan Riau,310000,25,4,547,19,13,0,1,31,04 Feb 2026 09:34:03,98602B204664BA4E3A45
SD NEGERI 003 MERAL BARAT,11001051,SD,Negeri,Kec. Meral Barat,310210,Kab. Karimun,310200,Prov. Kepulauan Riau,310000,16,5,337,12,10,0,1,18,29 Apr 2026 09:47:49,B11317287C540352044D
SD NEGERI 004 MERAL BARAT,11001069,SD,Negeri,Kec. Meral Barat,310210,Kab. Karimun,310200,Prov. Kepulauan Riau,310000,15,10,304,12,12,0,1,12,29 Apr 2026 08:54:29,A3537991A57B21F90DD2
SD NEGERI 005 MERAL BARAT,11001063,SD,Negeri,Kec. Meral Barat,310210,Kab. Karimun,310200,Prov. Kepulauan Riau,310000,16,5,250,12,12,0,1,38,16 Apr 2026 08:09:24,60C38F07A51B3FA04490
SMP NEGERI 1 MERAL BARAT,11001138,SMP,Negeri,Kec. Meral Barat,310210,Kab. Karimun,310200,Prov. Kepulauan Riau,310000,13,8,251,8,9,2,1,28,27 Apr 2026 10:01:48,C196CABF91339D019A2E
SMP NEGERI 2 MERAL BARAT,11001141,SMP,Negeri,Kec. Meral Barat,310210,Kab. Karimun,310200,Prov. Kepulauan Riau,310000,17,4,324,9,10,2,1,21,28 Apr 2026 14:44:06,944BC72BEC0B888B3BE4
SD NEGERI 001 BELAT,11001024,SD,Negeri,Kec. Belat,310212,Kab. Karimun,310200,Prov. Kepulauan Riau,310000,8,8,132,6,8,0,1,14,29 Apr 2026 10:29:49,1AE7DCCCD97E94DF7F83
SD NEGERI 002 BELAT,11001050,SD,Negeri,Kec. Belat,310212,Kab. Karimun,310200,Prov. Kepulauan Riau,310000,7,4,111,6,6,1,1,13,17 Apr 2026 09:03:03,DA98EAAA569C593DECEE
SD NEGERI 003 BELAT,11001053,SD,Negeri,Kec. Belat,310212,Kab. Karimun,310200,Prov. Kepulauan Riau,310000,11,4,127,9,9,0,1,7,04 Mar 2026 09:58:42,E7F1AE6BA766ED4E222A
SD NEGERI 004 BELAT,11001075,SD,Negeri,Kec. Belat,310212,Kab. Karimun,310200,Prov. Kepulauan Riau,310000,8,3,81,6,6,1,1,10,01 May 2026 20:05:09,61D1711F88F78962A585
SD NEGERI 005 BELAT,11000293,SD,Negeri,Kec. Belat,310212,Kab. Karimun,310200,Prov. Kepulauan Riau,310000,7,4,39,6,8,0,0,9,04 Mar 2026 20:38:32,3746A8B9E6E841252ED8
SD NEGERI 006 BELAT,11001083,SD,Negeri,Kec. Belat,310212,Kab. Karimun,310200,Prov. Kepulauan Riau,310000,8,2,73,6,6,1,1,8,03 Mar 2026 09:07:43,DBC841B30F45739A01BE
SD NEGERI 007 BELAT,69786710,SD,Negeri,Kec. Belat,310212,Kab. Karimun,310200,Prov. Kepulauan Riau,310000,7,3,48,6,5,1,1,11,02 Apr 2026 08:57:47,AD5CE5E373298AFEDEBD
SD-SMP NEGERI 2 SATU ATAP BELAT,11002512,SMP,Negeri,Kec. Belat,310212,Kab. Karimun,310200,Prov. Kepulauan Riau,310000,6,4,45,3,3,1,1,1,24 Jan 2026 07:57:54,857DBCBF7F6C920724D8
SD-SMP NEGERI 3 SATU ATAP BELAT,11002491,SMP,Negeri,Kec. Belat,310212,Kab. Karimun,310200,Prov. Kepulauan Riau,310000,9,4,38,3,4,1,1,10,10 Apr 2026 12:34:35,B6A5FC16328DDE3B8083
SMP NEGERI 1 BELAT,11001140,SMP,Negeri,Kec. Belat,310212,Kab. Karimun,310200,Prov. Kepulauan Riau,310000,14,8,129,6,9,2,1,24,24 Apr 2026 09:41:10,1AA9ED0DAA603B7CB4E8
SMAN 1 BELAT,11002518,SMA,Negeri,Kec. Belat,310212,Kab. Karimun,310200,Prov. Kepulauan Riau,310000,15,6,196,6,6,5,1,14,02 Apr 2026 12:46:30,8C15D631CF785642F6D7
SD NEGERI 001 BURU,11000279,SD,Negeri,Kec. Buru,310206,Kab. Karimun,310200,Prov. Kepulauan Riau,310000,7,10,155,6,7,0,1,15,10 Apr 2026 16:06:04,B336D8928A7236BBC52D
SD NEGERI 002 BURU,11001011,SD,Negeri,Kec. Buru,310206,Kab. Karimun,310200,Prov. Kepulauan Riau,310000,7,3,127,6,6,0,1,25,07 Apr 2026 20:14:58,22A055C74E531BDEE737
SD NEGERI 003 BURU,11001021,SD,Negeri,Kec. Buru,310206,Kab. Karimun,310200,Prov. Kepulauan Riau,310000,8,6,128,6,6,0,1,18,15 Apr 2026 22:12:46,26BFA76F4DC4575891ED
SD NEGERI 004 BURU,11001025,SD,Negeri,Kec. Buru,310206,Kab. Karimun,310200,Prov. Kepulauan Riau,310000,7,5,147,6,7,0,1,11,16 Apr 2026 08:39:07,2E0C2E393B6755E508A2
SD NEGERI 005 BURU,11001032,SD,Negeri,Kec. Buru,310206,Kab. Karimun,310200,Prov. Kepulauan Riau,310000,10,6,165,9,10,0,1,17,17 Apr 2026 09:50:04,DACAE1A094C9F069C593
SD NEGERI 006 BURU,11001042,SD,Negeri,Kec. Buru,310206,Kab. Karimun,310200,Prov. Kepulauan Riau,310000,4,6,43,6,6,1,0,14,08 Apr 2026 23:29:37,AF52C96951C2DCFB5EC4
SD NEGERI 007 BURU,11001045,SD,Negeri,Kec. Buru,310206,Kab. Karimun,310200,Prov. Kepulauan Riau,310000,7,6,81,6,7,0,1,25,06 Apr 2026 07:38:03,52965A58A0DD8F0F3C24
SD NEGERI 008 BURU,11001058,SD,Negeri,Kec. Buru,310206,Kab. Karimun,310200,Prov. Kepulauan Riau,310000,9,3,28,6,6,0,0,17,06 Apr 2026 19:10:06,258A1A2DCE7CD6866A8B
SD NEGERI 009 BURU,11000233,SD,Negeri,Kec. Buru,310206,Kab. Karimun,310200,Prov. Kepulauan Riau,310000,7,2,94,6,6,0,1,13,16 Apr 2026 11:56:24,1197B6149464C5B01A8A
SMP NEGERI 1 BURU,11001130,SMP,Negeri,Kec. Buru,310206,Kab. Karimun,310200,Prov. Kepulauan Riau,310000,15,15,286,9,11,2,1,34,12 Mar 2026 10:08:52,193F9D544753C56E1878
SMP NEGERI 2 BURU,11001135,SMP,Negeri,Kec. Buru,310206,Kab. Karimun,310200,Prov. Kepulauan Riau,310000,11,6,150,6,6,2,1,24,13 Apr 2026 20:07:25,B7723DB1B69A64BB9DAB
SMAN 1 BURU,11002025,SMA,Negeri,Kec. Buru,310206,Kab. Karimun,310200,Prov. Kepulauan Riau,310000,19,14,291,9,14,6,1,1,27 Apr 2026 20:23:00,A43C9F7AFB196CE92F31
SD NEGERI 001 DURAI,11001009,SD,Negeri,Kec. Durai,310209,Kab. Karimun,310200,Prov. Kepulauan Riau,310000,12,6,185,9,12,0,1,20,27 Apr 2026 10:07:30,7FB3CD338B959D9A0CDF
SD NEGERI 002 DURAI,11001027,SD,Negeri,Kec. Durai,310209,Kab. Karimun,310200,Prov. Kepulauan Riau,310000,15,3,161,13,10,0,0,19,07 Mar 2026 12:14:07,B44506C720113E127F3F
SD NEGERI 003 DURAI,11001074,SD,Negeri,Kec. Durai,310209,Kab. Karimun,310200,Prov. Kepulauan Riau,310000,8,5,102,6,7,0,1,11,02 May 2026 08:05:44,8A17C45444D1248C8BBF
SD NEGERI 004 DURAI,11001091,SD,Negeri,Kec. Durai,310209,Kab. Karimun,310200,Prov. Kepulauan Riau,310000,8,5,23,6,7,0,0,10,13 Apr 2026 08:45:49,480AC7069E52B57E697B
SD NEGERI 005 DURAI,11001092,SD,Negeri,Kec. Durai,310209,Kab. Karimun,310200,Prov. Kepulauan Riau,310000,6,5,29,6,6,1,1,20,21 Apr 2026 09:52:04,7ECDEDFD5BE8ADB7EFC3
SD NEGERI 006 DURAI,11001099,SD,Negeri,Kec. Durai,310209,Kab. Karimun,310200,Prov. Kepulauan Riau,310000,8,4,74,6,5,1,2,11,04 Apr 2026 10:03:45,FA683B66BAF29CB2D1FD
SD NEGERI 007 DURAI,69786390,SD,Negeri,Kec. Durai,310209,Kab. Karimun,310200,Prov. Kepulauan Riau,310000,9,5,27,6,6,0,0,38,09 Apr 2026 10:21:38,7630AF1C62794B47D4D0
SD-SMP NEGERI 2 SATU ATAP DURAI,11002136,SMP,Negeri,Kec. Durai,310209,Kab. Karimun,310200,Prov. Kepulauan Riau,310000,10,3,76,3,3,1,0,15,30 Apr 2026 08:35:49,71660958574BCE0F7BB6
SD-SMP NEGERI 3 SATU ATAP DURAI,11002516,SMP,Negeri,Kec. Durai,310209,Kab. Karimun,310200,Prov. Kepulauan Riau,310000,8,3,56,3,3,0,0,25,01 May 2026 21:11:01,28A51D3742FDD0E8E6C5
SMP NEGERI 1 DURAI,11000211,SMP,Negeri,Kec. Durai,310209,Kab. Karimun,310200,Prov. Kepulauan Riau,310000,14,10,142,6,6,4,1,20,30 Apr 2026 11:23:11,9409DD872311E324B547
SMAN 1 DURAI,11002026,SMA,Negeri,Kec. Durai,310209,Kab. Karimun,310200,Prov. Kepulauan Riau,310000,19,7,191,7,9,2,1,20,30 Apr 2026 08:30:36,3CEEFE9AFB00DBD775C4
SD NEGERI 001 Ungar,11001044,SD,Negeri,Kec. Ungar,310211,Kab. Karimun,310200,Prov. Kepulauan Riau,310000,8,9,84,6,6,0,1,5,24 Jan 2026 10:30:49,C043BD058C9895CA29A4
SD NEGERI 002 Ungar,11001073,SD,Negeri,Kec. Ungar,310211,Kab. Karimun,310200,Prov. Kepulauan Riau,310000,10,9,103,6,6,1,1,11,11 Apr 2026 08:56:41,1CF1165EDFB40C18DB83
SD NEGERI 003 Ungar,11000203,SD,Negeri,Kec. Ungar,310211,Kab. Karimun,310200,Prov. Kepulauan Riau,310000,8,10,103,6,7,0,1,26,10 Apr 2026 19:41:12,7894C499B084A2093F26
SD Negeri 004 Ungar,11001089,SD,Negeri,Kec. Ungar,310211,Kab. Karimun,310200,Prov. Kepulauan Riau,310000,8,4,36,6,6,0,0,24,29 Apr 2026 10:03:34,D6C360374206DD6FDDC1
SD NEGERI 005 Ungar,11001093,SD,Negeri,Kec. Ungar,310211,Kab. Karimun,310200,Prov. Kepulauan Riau,310000,10,6,105,6,6,0,1,12,08 Apr 2026 08:19:00,59368C29AA660C9A1BA6
SD NEGERI 006 Ungar,11001096,SD,Negeri,Kec. Ungar,310211,Kab. Karimun,310200,Prov. Kepulauan Riau,310000,7,4,13,6,7,0,0,7,23 Apr 2026 19:58:29,06ECD557B52CE8C6E2E5
SD-SMP NEGERI 2 SATU ATAP UNGAR,11002492,SMP,Negeri,Kec. Ungar,310211,Kab. Karimun,310200,Prov. Kepulauan Riau,310000,7,2,14,3,3,1,0,7,10 Apr 2026 20:17:50,55B9F5D47A199A3E4453
SMP NEGERI 1 UNGAR,11000219,SMP,Negeri,Kec. Ungar,310211,Kab. Karimun,310200,Prov. Kepulauan Riau,310000,18,7,226,9,14,1,1,12,16 Apr 2026 09:00:15,8B9E5559E67389D8B597
SD NEGERI 005 KARIMUN,11000312,SD,Negeri,Kec. Selat Gelam,310213,Kab. Karimun,310200,Prov. Kepulauan Riau,310000,7,6,101,6,6,1,1,15,22 Apr 2026 12:35:30,096B4293E7745500DA01
SD NEGERI 008 KARIMUN,11001059,SD,Negeri,Kec. Selat Gelam,310213,Kab. Karimun,310200,Prov. Kepulauan Riau,310000,7,5,57,6,6,0,1,6,03 Mar 2026 09:00:42,49C64CF8941162577423
SD NEGERI 010 KARIMUN,11000285,SD,Negeri,Kec. Selat Gelam,310213,Kab. Karimun,310200,Prov. Kepulauan Riau,310000,8,6,106,6,6,1,1,9,02 Apr 2026 08:43:41,C88CA673F2DA07E8C283
SD NEGERI 012 KARIMUN,11000292,SD,Negeri,Kec. Selat Gelam,310213,Kab. Karimun,310200,Prov. Kepulauan Riau,310000,7,3,31,6,5,0,1,249,08 Apr 2026 11:25:25,46C58BA512D8C1A50764
SD-SMP NEGERI 4 SATU ATAP KARIMUN,11002139,SMP,Negeri,Kec. Selat Gelam,310213,Kab. Karimun,310200,Prov. Kepulauan Riau,310000,10,1,39,3,3,1,1,20,07 Mar 2026 15:27:46,6A5C5F35A66593D3844E
SMP NEGERI 3 KARIMUN,11000220,SMP,Negeri,Kec. Selat Gelam,310213,Kab. Karimun,310200,Prov. Kepulauan Riau,310000,9,7,97,4,5,2,1,4,22 Jan 2026 09:30:59,D5BEB366FC219006CD4F
SMA NEGERI 1 SELAT GELAM,70048478,SMA,Negeri,Kec. Selat Gelam,310213,Kab. Karimun,310200,Prov. Kepulauan Riau,310000,9,1,53,2,6,2,1,23,15 Apr 2026 21:24:27,582DA44D9EA55895613B
SD NEGERI 002 BINTAN TIMUR,11001874,SD,Negeri,Kec. Bintan Timur,310110,Kab. Bintan,310100,Prov. Kepulauan Riau,310000,23,2,446,18,27,0,1,26,01 May 2026 23:01:28,4E3FBC8AB44216D5F3ED
SD NEGERI 003 BINTAN TIMUR,11001879,SD,Negeri,Kec. Bintan Timur,310110,Kab. Bintan,310100,Prov. Kepulauan Riau,310000,26,7,428,19,27,1,3,14,07 Apr 2026 08:46:29,DB63AD2ABCE5FE50B55D
SD NEGERI 006 BINTAN TIMUR,11001914,SD,Negeri,Kec. Bintan Timur,310110,Kab. Bintan,310100,Prov. Kepulauan Riau,310000,11,3,234,10,11,0,1,23,02 Apr 2026 10:52:42,657E4061F7D7DCA9E0B4
SD NEGERI 007 BINTAN TIMUR,11001918,SD,Negeri,Kec. Bintan Timur,310110,Kab. Bintan,310100,Prov. Kepulauan Riau,310000,7,3,90,6,9,0,1,16,29 Apr 2026 17:21:06,B53524C8E8EF84AB8B59
SD NEGERI 008 BINTAN TIMUR,11001922,SD,Negeri,Kec. Bintan Timur,310110,Kab. Bintan,310100,Prov. Kepulauan Riau,310000,7,5,107,6,6,0,1,13,10 Apr 2026 15:20:45,DA08BAB23DCD12164377
SD NEGERI 009 BINTAN TIMUR,11001926,SD,Negeri,Kec. Bintan Timur,310110,Kab. Bintan,310100,Prov. Kepulauan Riau,310000,14,1,317,11,7,0,1,20,29 Apr 2026 13:10:20,ACEA0C941F089075DBFD
SD NEGERI 010 BINTAN TIMUR,11001935,SD,Negeri,Kec. Bintan Timur,310110,Kab. Bintan,310100,Prov. Kepulauan Riau,310000,14,2,344,12,11,0,1,23,17 Apr 2026 12:38:37,A09FF6A051CD0109A147
SD NEGERI 011 BINTAN TIMUR,11001938,SD,Negeri,Kec. Bintan Timur,310110,Kab. Bintan,310100,Prov. Kepulauan Riau,310000,26,5,610,20,16,0,1,23,27 Apr 2026 11:23:26,92D3352E961D1D7332A9
SD NEGERI 012 BINTAN TIMUR,11001941,SD,Negeri,Kec. Bintan Timur,310110,Kab. Bintan,310100,Prov. Kepulauan Riau,310000,8,2,138,6,2,0,1,17,31 Mar 2026 14:22:38,DB06257B6CD369F8CEE2
SD NEGERI 013 BINTAN TIMUR,11001942,SD,Negeri,Kec. Bintan Timur,310110,Kab. Bintan,310100,Prov. Kepulauan Riau,310000,13,1,254,11,13,0,1,9,09 Apr 2026 14:34:08,FB554561D0AB0F882D28
SD NEGERI 014 BINTAN TIMUR,11001944,SD,Negeri,Kec. Bintan Timur,310110,Kab. Bintan,310100,Prov. Kepulauan Riau,310000,8,3,120,6,6,1,1,8,11 Feb 2026 21:47:04,13249A2A08AA186506D7
SD NEGERI 015 BINTAN TIMUR,11001948,SD,Negeri,Kec. Bintan Timur,310110,Kab. Bintan,310100,Prov. Kepulauan Riau,310000,14,3,318,11,14,0,1,12,29 Apr 2026 08:19:55,B90B8E834048B4D2DB6A
SD NEGERI 016 BINTAN TIMUR,11001952,SD,Negeri,Kec. Bintan Timur,310110,Kab. Bintan,310100,Prov. Kepulauan Riau,310000,7,2,116,6,6,0,1,18,06 Mar 2026 21:58:21,D19E338BED2C39D12A13
SD NEGERI 017 BINTAN TIMUR,11001953,SD,Negeri,Kec. Bintan Timur,310110,Kab. Bintan,310100,Prov. Kepulauan Riau,310000,12,1,217,9,12,0,1,24,13 Apr 2026 22:52:46,65332EAC661615F95AFB
SD NEGERI 018 BINTAN TIMUR,11001954,SD,Negeri,Kec. Bintan Timur,310110,Kab. Bintan,310100,Prov. Kepulauan Riau,310000,7,2,51,6,3,1,1,20,10 Feb 2026 14:17:00,57DB8485079B5071A058
SD NEGERI 019 BINTAN TIMUR,69978391,SD,Negeri,Kec. Bintan Timur,310110,Kab. Bintan,310100,Prov. Kepulauan Riau,310000,20,2,460,16,9,0,1,16,13 Apr 2026 19:45:20,D8E427C8BCEFC32262B0
SD ISLAM AL HASANAH,11001955,SD,Swasta,Kec. Bintan Timur,310110,Kab. Bintan,310100,Prov. Kepulauan Riau,310000,6,3,130,6,6,0,1,33,27 Apr 2026 11:58:26,3053307C177D4BE64C66
SD SURYA KEMULIAAN,69945648,SD,Swasta,Kec. Bintan Timur,310110,Kab. Bintan,310100,Prov. Kepulauan Riau,310000,9,2,82,6,7,1,1,54,11 Apr 2026 12:18:49,9AF00557774960392DB2
SDIT AL BINTANI,70039079,SD,Swasta,Kec. Bintan Timur,310110,Kab. Bintan,310100,Prov. Kepulauan Riau,310000,12,2,105,5,6,0,0,16,10 Mar 2026 10:18:52,76985BB718667C6813A7
SMP NEGERI 1 BINTAN,11001991,SMP,Negeri,Kec. Bintan Timur,310110,Kab. Bintan,310100,Prov. Kepulauan Riau,310000,41,7,708,24,24,2,1,27,28 Apr 2026 14:38:01,82E385545AE259847484
SMP NEGERI 2 BINTAN,11001993,SMP,Negeri,Kec. Bintan Timur,310110,Kab. Bintan,310100,Prov. Kepulauan Riau,310000,25,5,511,17,20,2,1,13,08 Apr 2026 13:48:00,C3E7E1F27DDB2E998734
SMP NEGERI 26 BINTAN,69872347,SMP,Negeri,Kec. Bintan Timur,310110,Kab. Bintan,310100,Prov. Kepulauan Riau,310000,11,2,68,3,3,2,1,23,28 Apr 2026 09:07:23,63EBB8299FD2D76831D2
SMP NEGERI 3 BINTAN,11001996,SMP,Negeri,Kec. Bintan Timur,310110,Kab. Bintan,310100,Prov. Kepulauan Riau,310000,31,3,643,18,18,2,1,36,30 Apr 2026 10:15:00,A82B303BBF117BC13668
SMP NEGERI 4 BINTAN,11002003,SMP,Negeri,Kec. Bintan Timur,310110,Kab. Bintan,310100,Prov. Kepulauan Riau,310000,14,5,284,10,9,3,1,21,23 Apr 2026 11:50:55,B4AF2D3B110B766D801E
SMP ISLAM KHADIMUL UMMAH,70060292,SMP,Swasta,Kec. Bintan Timur,310110,Kab. Bintan,310100,Prov. Kepulauan Riau,310000,6,1,33,2,9,1,1,17,30 Apr 2026 13:58:01,B8ECD023CC772A377C60
SMAN 1 BINTAN TIMUR,11002255,SMA,Negeri,Kec. Bintan Timur,310110,Kab. Bintan,310100,Prov. Kepulauan Riau,310000,63,13,1141,30,30,4,2,46,01 May 2026 19:30:19,953655A533A7E99108C4
SMA IBNU KASIM NWDI BINTAN,70031054,SMA,Swasta,Kec. Bintan Timur,310110,Kab. Bintan,310100,Prov. Kepulauan Riau,310000,13,2,26,2,3,0,0,2,07 Mar 2026 08:01:21,3E369F16FF8DDBC54609
SMA ISLAM KHADIMUL UMMAH,70059687,SMA,Swasta,Kec. Bintan Timur,310110,Kab. Bintan,310100,Prov. Kepulauan Riau,310000,6,1,0,0,0,0,0,0,,E881817C84FCF934DB01
SMAS ISLAM AL-AZHAR 13 BINTAN,69888766,SMA,Swasta,Kec. Bintan Timur,310110,Kab. Bintan,310100,Prov. Kepulauan Riau,310000,0,2,0,0,0,0,0,0,,567275E4F8735B9F9735
SMK NEGERI 1 BINTAN TIMUR,11002481,SMK,Negeri,Kec. Bintan Timur,310110,Kab. Bintan,310100,Prov. Kepulauan Riau,310000,58,6,975,29,23,1,1,21,29 Apr 2026 07:23:54,59065F0AC9AF248B870D
SD NEGERI 001 BINTAN UTARA,11001873,SD,Negeri,Kec. Bintan Utara,310101,Kab. Bintan,310100,Prov. Kepulauan Riau,310000,28,5,453,19,22,1,1,18,02 Apr 2026 07:51:37,08C89AF06CBB7E33022C
SD NEGERI 003 BINTAN UTARA,11001880,SD,Negeri,Kec. Bintan Utara,310101,Kab. Bintan,310100,Prov. Kepulauan Riau,310000,21,3,382,14,14,0,1,27,27 Apr 2026 11:44:12,2F54F0F806B63A856F4C
SD NEGERI 004 BINTAN UTARA,11001885,SD,Negeri,Kec. Bintan Utara,310101,Kab. Bintan,310100,Prov. Kepulauan Riau,310000,21,4,414,16,16,0,1,20,13 Apr 2026 19:18:20,E1E1F355F95CE86DA0CB
SD NEGERI 005 BINTAN UTARA,11001895,SD,Negeri,Kec. Bintan Utara,310101,Kab. Bintan,310100,Prov. Kepulauan Riau,310000,11,3,203,9,9,0,1,61,30 Apr 2026 13:09:04,880B67F5E48B03E30D7F
SD NEGERI 006 BINTAN UTARA,11001909,SD,Negeri,Kec. Bintan Utara,310101,Kab. Bintan,310100,Prov. Kepulauan Riau,310000,8,2,185,6,7,0,1,14,29 Apr 2026 17:27:57,A1FBE28CA39CB2C74F0A
SD NEGERI 008 BINTAN UTARA,11001939,SD,Negeri,Kec. Bintan Utara,310101,Kab. Bintan,310100,Prov. Kepulauan Riau,310000,7,2,102,6,6,0,1,10,29 Apr 2026 09:59:23,6043B90C879CAA4F2F58
SD NEGERI 009 BINTAN UTARA,11001947,SD,Negeri,Kec. Bintan Utara,310101,Kab. Bintan,310100,Prov. Kepulauan Riau,310000,7,2,139,6,10,0,1,8,27 Apr 2026 11:42:29,EFED90D36AAB21A366C6
SD NEGERI 010 BINTAN UTARA,69984256,SD,Negeri,Kec. Bintan Utara,310101,Kab. Bintan,310100,Prov. Kepulauan Riau,310000,12,2,202,9,6,0,1,21,23 Apr 2026 11:39:15,1824CC7088A74629DBFE
SD ISLAM MAMBAUS SHOLAH,70006743,SD,Swasta,Kec. Bintan Utara,310101,Kab. Bintan,310100,Prov. Kepulauan Riau,310000,8,4,145,8,8,0,0,25,27 Apr 2026 12:31:54,24E981BE6D4F3955E1F2
SD KRISTEN CALISA,69980941,SD,Swasta,Kec. Bintan Utara,310101,Kab. Bintan,310100,Prov. Kepulauan Riau,310000,9,3,121,6,6,0,0,68,29 Apr 2026 09:41:14,EB3E22ED7591C8B0330C
SEKOLAH DASAR ISLAM TERPADU BAHTERA INSANI,11003030,SD,Swasta,Kec. Bintan Utara,310101,Kab. Bintan,310100,Prov. Kepulauan Riau,310000,26,5,230,12,12,0,1,33,02 May 2026 15:08:14,A0F94B5069044909FD6A
SMP NEGERI 11 BINTAN,11002241,SMP,Negeri,Kec. Bintan Utara,310101,Kab. Bintan,310100,Prov. Kepulauan Riau,310000,24,3,613,18,17,2,1,30,29 Apr 2026 08:19:58,019521E751B98FBDA608
SMP NEGERI 12 BINTAN,11001994,SMP,Negeri,Kec. Bintan Utara,310101,Kab. Bintan,310100,Prov. Kepulauan Riau,310000,27,3,651,18,18,2,1,21,27 Apr 2026 09:23:50,81124053EB3B380C8AD6
SMP NEGERI 13 BINTAN,11002246,SMP,Negeri,Kec. Bintan Utara,310101,Kab. Bintan,310100,Prov. Kepulauan Riau,310000,16,3,308,11,12,2,1,16,30 Apr 2026 11:36:38,8BDC6F9C755DA0F316B2
SMP MAMBAUS SHOLIHIN,69945652,SMP,Swasta,Kec. Bintan Utara,310101,Kab. Bintan,310100,Prov. Kepulauan Riau,310000,23,1,97,4,9,0,0,7,15 Apr 2026 08:39:56,CBCC370E91D4926E48A7
SMP TAHFIDZ DARUL FIKRI,70013952,SMP,Swasta,Kec. Bintan Utara,310101,Kab. Bintan,310100,Prov. Kepulauan Riau,310000,6,3,80,4,4,1,0,15,24 Apr 2026 08:50:48,7614B17F4CA44F688D9E
SMPIT BAHTERA INSANI,69945870,SMP,Swasta,Kec. Bintan Utara,310101,Kab. Bintan,310100,Prov. Kepulauan Riau,310000,16,1,129,6,6,0,1,11,07 Apr 2026 13:27:06,8595622E870923EDE951
SMAN 1 BINTAN UTARA,11002256,SMA,Negeri,Kec. Bintan Utara,310101,Kab. Bintan,310100,Prov. Kepulauan Riau,310000,47,15,972,28,28,4,1,49,02 Apr 2026 10:57:52,9A622B0C634309BB2428
SMA TAHFIDZ DARUL FIKRI BINTAN,70050358,SMA,Swasta,Kec. Bintan Utara,310101,Kab. Bintan,310100,Prov. Kepulauan Riau,310000,2,0,57,3,3,0,0,11,06 Apr 2026 22:59:25,410D147AB1DEA6B6EA16
SMAS YKPP BINTAN UTARA,11002261,SMA,Swasta,Kec. Bintan Utara,310101,Kab. Bintan,310100,Prov. Kepulauan Riau,310000,8,6,39,4,10,2,1,7,07 Apr 2026 10:33:09,5DC7E1DB594105A536D0
SMK NEGERI 1 BINTAN UTARA,11002263,SMK,Negeri,Kec. Bintan Utara,310101,Kab. Bintan,310100,Prov. Kepulauan Riau,310000,67,22,1435,40,22,4,1,41,29 Apr 2026 08:16:36,19C95BEBF50DE5690D86
SMKS MUHAMMADIYAH,11002262,SMK,Swasta,Kec. Bintan Utara,310101,Kab. Bintan,310100,Prov. Kepulauan Riau,310000,14,7,115,12,11,1,1,9,13 Feb 2026 09:04:17,B422A36D279DE6A0EBF0
SMKS PERKAPALAN HANG TUAH,11002266,SMK,Swasta,Kec. Bintan Utara,310101,Kab. Bintan,310100,Prov. Kepulauan Riau,310000,7,2,63,9,8,1,1,28,13 Apr 2026 11:24:50,FBFB340D8A9CC8B844BC
SD NEGERI 001 TELUK SEBONG,11001902,SD,Negeri,Kec. Teluk Sebong,310105,Kab. Bintan,310100,Prov. Kepulauan Riau,310000,7,2,55,6,6,0,0,21,29 Apr 2026 12:04:48,02DEDE920763051FDADB
SD NEGERI 002 TELUK SEBONG,11001916,SD,Negeri,Kec. Teluk Sebong,310105,Kab. Bintan,310100,Prov. Kepulauan Riau,310000,9,2,172,7,8,0,1,24,30 Apr 2026 08:28:45,F45182E5EE91B84B6C92
SD NEGERI 003 TELUK SEBONG,11001921,SD,Negeri,Kec. Teluk Sebong,310105,Kab. Bintan,310100,Prov. Kepulauan Riau,310000,19,1,319,14,11,0,1,10,27 Apr 2026 11:07:46,921F9931929C97FCF7F5
SD NEGERI 004 TELUK SEBONG,11001923,SD,Negeri,Kec. Teluk Sebong,310105,Kab. Bintan,310100,Prov. Kepulauan Riau,310000,7,3,136,6,6,0,1,14,17 Apr 2026 13:26:56,073EBD5F7F9FD2C5BFA3
SD NEGERI 005 TELUK SEBONG,11001927,SD,Negeri,Kec. Teluk Sebong,310105,Kab. Bintan,310100,Prov. Kepulauan Riau,310000,8,3,123,6,7,1,1,8,14 Apr 2026 12:29:29,ACBB9583C4BF27E40A4F
SD NEGERI 006 TELUK SEBONG,11002102,SD,Negeri,Kec. Teluk Sebong,310105,Kab. Bintan,310100,Prov. Kepulauan Riau,310000,7,2,40,6,6,0,1,16,10 Apr 2026 06:02:41,6EFBCCF677A44ED18EAD
SD NEGERI 007 TELUK SEBONG,11001936,SD,Negeri,Kec. Teluk Sebong,310105,Kab. Bintan,310100,Prov. Kepulauan Riau,310000,15,3,231,11,12,1,1,12,29 Apr 2026 14:35:00,52ED4AFEA044AA96E38B
SD NEGERI 008 TELUK SEBONG,11001945,SD,Negeri,Kec. Teluk Sebong,310105,Kab. Bintan,310100,Prov. Kepulauan Riau,310000,10,2,175,7,10,0,1,27,29 Apr 2026 11:41:47,B75BDE2545C447D266A1
SD NEGERI 009 TELUK SEBONG,11001951,SD,Negeri,Kec. Teluk Sebong,310105,Kab. Bintan,310100,Prov. Kepulauan Riau,310000,8,3,118,6,6,0,1,10,14 Apr 2026 09:16:40,863656F9F8A1030EA02C
SD NEGERI 010 TELUK SEBONG,69911998,SD,Negeri,Kec. Teluk Sebong,310105,Kab. Bintan,310100,Prov. Kepulauan Riau,310000,12,3,156,8,8,0,1,74,29 Apr 2026 13:51:04,A103E9DCD8F292094D04
SD TUNAS BANGSA,11002238,SD,Swasta,Kec. Teluk Sebong,310105,Kab. Bintan,310100,Prov. Kepulauan Riau,310000,11,2,121,6,6,3,1,39,15 Apr 2026 10:36:12,F4512C547B0C4B604274
SDIT SYIAR HARMONI BINTAN,69945474,SD,Swasta,Kec. Teluk Sebong,310105,Kab. Bintan,310100,Prov. Kepulauan Riau,310000,11,2,108,7,7,1,1,13,21 Apr 2026 14:15:12,4BDB754DF10873A2069C
SMP NEGERI 10 BINTAN,11001995,SMP,Negeri,Kec. Teluk Sebong,310105,Kab. Bintan,310100,Prov. Kepulauan Riau,310000,7,3,151,6,3,1,1,10,26 Apr 2026 16:07:54,9DE209FA7BB33865D4F1
SMP NEGERI 24 BINTAN,11002485,SMP,Negeri,Kec. Teluk Sebong,310105,Kab. Bintan,310100,Prov. Kepulauan Riau,310000,13,3,196,7,8,2,1,27,05 Apr 2026 12:06:15,035A3ACD08B3B0371271
SMP NEGERI 8 BINTAN,11001969,SMP,Negeri,Kec. Teluk Sebong,310105,Kab. Bintan,310100,Prov. Kepulauan Riau,310000,15,1,219,9,9,2,1,63,27 Apr 2026 11:48:03,DCC66A601864AEF4D9AC
SMP NEGERI 9 BINTAN,11001967,SMP,Negeri,Kec. Teluk Sebong,310105,Kab. Bintan,310100,Prov. Kepulauan Riau,310000,11,4,283,9,9,2,1,21,17 Apr 2026 09:05:01,2312E1EEFBD517FA682A
SMP ISLAM HARMONI BINTAN,70026551,SMP,Swasta,Kec. Teluk Sebong,310105,Kab. Bintan,310100,Prov. Kepulauan Riau,310000,7,4,41,2,2,1,1,42,21 Apr 2026 17:54:07,DF7EC9D44D8ACA0E8182
SMP SABILUL MUHTADIN,70038349,SMP,Swasta,Kec. Teluk Sebong,310105,Kab. Bintan,310100,Prov. Kepulauan Riau,310000,11,2,86,4,5,0,0,12,10 Apr 2026 10:26:05,E7F8639A7D72603F2EAC
SMPS TUNAS BANGSA,69901705,SMP,Swasta,Kec. Teluk Sebong,310105,Kab. Bintan,310100,Prov. Kepulauan Riau,310000,13,2,138,6,6,2,1,30,28 Apr 2026 12:33:57,5F1C01D869179965ABAC
SMAN 1 TELUK SEBONG,11002260,SMA,Negeri,Kec. Teluk Sebong,310105,Kab. Bintan,310100,Prov. Kepulauan Riau,310000,32,11,486,14,16,5,1,36,24 Apr 2026 15:31:52,720F717C6AE55AD02856
SMAS TUNAS BANGSA,69974387,SMA,Swasta,Kec. Teluk Sebong,310105,Kab. Bintan,310100,Prov. Kepulauan Riau,310000,14,2,144,6,11,4,1,7,24 Apr 2026 10:31:42,7F8E0A7B94980903C5E8
SD NEGERI 001 GUNUNG KIJANG,11001881,SD,Negeri,Kec. Gunung Kijang,310102,Kab. Bintan,310100,Prov. Kepulauan Riau,310000,15,3,299,12,12,0,1,28,06 Apr 2026 02:30:46,2885DF5FF789131734CC
SD NEGERI 002 GUNUNG KIJANG,11001897,SD,Negeri,Kec. Gunung Kijang,310102,Kab. Bintan,310100,Prov. Kepulauan Riau,310000,16,4,337,12,10,0,1,23,27 Apr 2026 11:05:01,5D238A8BFA3D7E1C621C
SD NEGERI 003 GUNUNG KIJANG,11001905,SD,Negeri,Kec. Gunung Kijang,310102,Kab. Bintan,310100,Prov. Kepulauan Riau,310000,8,2,198,6,8,0,1,11,10 Mar 2026 11:39:55,B8B94AC7AD4941AA839B
SD NEGERI 004 GUNUNG KIJANG,11001913,SD,Negeri,Kec. Gunung Kijang,310102,Kab. Bintan,310100,Prov. Kepulauan Riau,310000,8,4,57,6,6,0,1,19,24 Apr 2026 11:50:24,AC1FE74BF5429CF3F1A2
SD NEGERI 005 GUNUNG KIJANG,11001915,SD,Negeri,Kec. Gunung Kijang,310102,Kab. Bintan,310100,Prov. Kepulauan Riau,310000,8,3,139,7,6,1,1,10,04 Mar 2026 09:01:45,893DAA45BCA2CC77EFAC
SD NEGERI 006 GUNUNG KIJANG,11001919,SD,Negeri,Kec. Gunung Kijang,310102,Kab. Bintan,310100,Prov. Kepulauan Riau,310000,9,2,184,7,9,0,1,21,29 Apr 2026 12:50:44,535025E0C25CFC82B9EB
SD NEGERI 007 GUNUNG KIJANG,11001928,SD,Negeri,Kec. Gunung Kijang,310102,Kab. Bintan,310100,Prov. Kepulauan Riau,310000,14,2,233,10,12,1,1,14,28 Apr 2026 09:33:39,64ACD85EBA50CB2BD6D1
SD NEGERI 008 GUNUNG KIJANG,11001933,SD,Negeri,Kec. Gunung Kijang,310102,Kab. Bintan,310100,Prov. Kepulauan Riau,310000,8,3,115,6,7,0,1,6,14 Apr 2026 21:28:29,3104EB3B64229A4EFE62
SD NEGERI 009 GUNUNG KIJANG,69912000,SD,Negeri,Kec. Gunung Kijang,310102,Kab. Bintan,310100,Prov. Kepulauan Riau,310000,7,1,124,6,6,0,1,19,27 Apr 2026 13:14:07,2CB949A524D54D2FEAF3
SMP NEGERI 20 BINTAN,11002252,SMP,Negeri,Kec. Gunung Kijang,310102,Kab. Bintan,310100,Prov. Kepulauan Riau,310000,8,4,112,5,4,1,1,10,29 Apr 2026 13:46:29,5E3AF02937B4F1D8A964
SMP NEGERI 27 BINTAN,69786967,SMP,Negeri,Kec. Gunung Kijang,310102,Kab. Bintan,310100,Prov. Kepulauan Riau,310000,8,3,50,3,3,1,0,18,30 Apr 2026 09:58:42,E1EB35BE69D8E517DEF9
SMP NEGERI 5 BINTAN,11001966,SMP,Negeri,Kec. Gunung Kijang,310102,Kab. Bintan,310100,Prov. Kepulauan Riau,310000,20,6,354,12,12,1,1,11,14 Apr 2026 08:24:43,E2B7ED9ABE3CC1959D50
SMK NEGERI 1 GUNUNG KIJANG,11003305,SMK,Negeri,Kec. Gunung Kijang,310102,Kab. Bintan,310100,Prov. Kepulauan Riau,310000,26,9,287,12,10,2,1,23,27 Apr 2026 10:59:43,6A62239C1752D5116909
SD NEGERI 001 TELUK BINTAN,11001869,SD,Negeri,Kec. Teluk Bintan,310104,Kab. Bintan,310100,Prov. Kepulauan Riau,310000,8,4,148,6,6,0,1,10,24 Apr 2026 09:40:30,74842507E4FA67BEB42E
SD NEGERI 002 TELUK BINTAN,11001878,SD,Negeri,Kec. Teluk Bintan,310104,Kab. Bintan,310100,Prov. Kepulauan Riau,310000,7,3,157,6,7,1,1,21,02 Apr 2026 07:44:47,B746DF159ECBE794916E
SD NEGERI 003 TELUK BINTAN,11001882,SD,Negeri,Kec. Teluk Bintan,310104,Kab. Bintan,310100,Prov. Kepulauan Riau,310000,7,1,44,6,6,1,1,11,18 Apr 2026 00:21:33,0FAA52BB22F90B0E2C69
SD NEGERI 004 TELUK BINTAN,11001887,SD,Negeri,Kec. Teluk Bintan,310104,Kab. Bintan,310100,Prov. Kepulauan Riau,310000,6,3,84,6,6,0,1,34,01 May 2026 08:25:44,E45EEE62C6CE2526D026
SD NEGERI 005 TELUK BINTAN,11001893,SD,Negeri,Kec. Teluk Bintan,310104,Kab. Bintan,310100,Prov. Kepulauan Riau,310000,7,2,75,6,6,1,1,31,10 Apr 2026 09:01:48,32A62AA8058194EC93FE
SD NEGERI 006 TELUK BINTAN,11001898,SD,Negeri,Kec. Teluk Bintan,310104,Kab. Bintan,310100,Prov. Kepulauan Riau,310000,8,1,67,6,7,1,1,16,02 Apr 2026 20:19:33,2A9CB1385D6AC18E18B7
SD NEGERI 007 TELUK BINTAN,11001904,SD,Negeri,Kec. Teluk Bintan,310104,Kab. Bintan,310100,Prov. Kepulauan Riau,310000,8,5,79,6,6,0,1,35,12 Apr 2026 21:39:04,B2261323D5379227ACDA
SD NEGERI 008 TELUK BINTAN,11001906,SD,Negeri,Kec. Teluk Bintan,310104,Kab. Bintan,310100,Prov. Kepulauan Riau,310000,7,2,62,6,6,0,1,28,12 Apr 2026 01:49:35,96D00FA4854056DA6F61
SD NEGERI 009 TELUK BINTAN,11001912,SD,Negeri,Kec. Teluk Bintan,310104,Kab. Bintan,310100,Prov. Kepulauan Riau,310000,8,1,130,6,6,0,1,23,20 Apr 2026 10:13:11,E2767BB54CB00B6ADA85
SD NEGERI 010 TELUK BINTAN,11001917,SD,Negeri,Kec. Teluk Bintan,310104,Kab. Bintan,310100,Prov. Kepulauan Riau,310000,7,2,75,6,6,0,0,18,03 Mar 2026 21:07:18,93179CB4E88479D34A71
SD NEGERI 011 TELUK BINTAN,11001920,SD,Negeri,Kec. Teluk Bintan,310104,Kab. Bintan,310100,Prov. Kepulauan Riau,310000,6,3,61,6,6,0,1,9,11 Apr 2026 05:18:03,7BD7942B224E05FE882A
SD NEGERI 012 TELUK BINTAN,11001925,SD,Negeri,Kec. Teluk Bintan,310104,Kab. Bintan,310100,Prov. Kepulauan Riau,310000,7,2,56,6,6,0,1,15,29 Apr 2026 18:22:10,A4E72CB633416BB4AB41
SD NEGERI 013 TELUK BINTAN,11001929,SD,Negeri,Kec. Teluk Bintan,310104,Kab. Bintan,310100,Prov. Kepulauan Riau,310000,7,0,31,6,6,0,1,9,13 Apr 2026 10:26:37,F1764040C005CA406646
SD NEGERI 014 TELUK BINTAN,11001930,SD,Negeri,Kec. Teluk Bintan,310104,Kab. Bintan,310100,Prov. Kepulauan Riau,310000,8,2,41,6,6,1,0,88,10 Apr 2026 09:42:49,D6F225914E184D1C8E7E
SMP NEGERI 21 SATU ATAP TELUK BINTAN,11002253,SMP,Negeri,Kec. Teluk Bintan,310104,Kab. Bintan,310100,Prov. Kepulauan Riau,310000,10,1,98,4,7,1,1,15,16 Apr 2026 07:58:21,85E995C117F842F9714A
SMP NEGERI 6 BINTAN,11001965,SMP,Negeri,Kec. Teluk Bintan,310104,Kab. Bintan,310100,Prov. Kepulauan Riau,310000,17,5,245,9,10,1,1,33,02 Apr 2026 06:18:39,683E664161FB2DFE8B25
SMP NEGERI 7 BINTAN,11001963,SMP,Negeri,Kec. Teluk Bintan,310104,Kab. Bintan,310100,Prov. Kepulauan Riau,310000,11,3,108,4,8,2,1,14,11 Apr 2026 15:41:51,97636D26F6D75D76D1E4
SMPN 28 BINTAN,69854747,SMP,Negeri,Kec. Teluk Bintan,310104,Kab. Bintan,310100,Prov. Kepulauan Riau,310000,11,3,141,6,6,1,1,14,30 Apr 2026 08:18:02,102E2296A4DCE9E4D5DD
SMAN 1 TELUK BINTAN,11002259,SMA,Negeri,Kec. Teluk Bintan,310104,Kab. Bintan,310100,Prov. Kepulauan Riau,310000,20,8,215,7,11,6,1,20,30 Apr 2026 12:49:51,7B4481BE9703347CC6E4
SMAN 2 TELUK BINTAN,69963195,SMA,Negeri,Kec. Teluk Bintan,310104,Kab. Bintan,310100,Prov. Kepulauan Riau,310000,16,6,51,3,2,2,1,11,05 Apr 2026 01:04:23,B2F4C3754E178624472D
SD NEGERI 001 SERI KUALA LOBAM,11001900,SD,Negeri,Kec. Seri Kuala Lobam,310109,Kab. Bintan,310100,Prov. Kepulauan Riau,310000,23,3,500,18,17,1,1,19,10 Apr 2026 21:41:04,C68379B7CDE3F93C0393
SD NEGERI 002 SERI KUALA LOBAM,11001932,SD,Negeri,Kec. Seri Kuala Lobam,310109,Kab. Bintan,310100,Prov. Kepulauan Riau,310000,7,1,109,6,6,0,1,24,30 Apr 2026 12:41:50,9606333A8EC3CB08BAEE
SD NEGERI 003 SERI KUALA LOBAM,11001943,SD,Negeri,Kec. Seri Kuala Lobam,310109,Kab. Bintan,310100,Prov. Kepulauan Riau,310000,8,4,161,6,7,0,1,17,24 Apr 2026 11:09:14,68EECF0212B363B7BCBB
SD NEGERI 004 SERI KUALA LOBAM,11001950,SD,Negeri,Kec. Seri Kuala Lobam,310109,Kab. Bintan,310100,Prov. Kepulauan Riau,310000,7,3,77,6,6,0,1,22,23 Apr 2026 10:49:57,1075EF4CDF394E3FC57B
SD NEGERI 005 SERI KUALA LOBAM,11001867,SD,Negeri,Kec. Seri Kuala Lobam,310109,Kab. Bintan,310100,Prov. Kepulauan Riau,310000,20,2,467,18,18,0,1,42,21 Apr 2026 13:55:34,5E277C94D203771836A3
SD NEGERI 006 SERI KUALA LOBAM,11002103,SD,Negeri,Kec. Seri Kuala Lobam,310109,Kab. Bintan,310100,Prov. Kepulauan Riau,310000,13,2,302,11,10,0,1,20,29 Apr 2026 11:24:19,DDEED7AE78C56C0A5A59
SD NEGERI 007 SERI KUALA LOBAM,69854721,SD,Negeri,Kec. Seri Kuala Lobam,310109,Kab. Bintan,310100,Prov. Kepulauan Riau,310000,7,2,163,6,8,0,1,8,06 Apr 2026 10:46:20,BA9F36C96CB692302C1E
SD GRACIA,69982075,SD,Swasta,Kec. Seri Kuala Lobam,310109,Kab. Bintan,310100,Prov. Kepulauan Riau,310000,6,2,96,6,6,0,0,14,07 Apr 2026 14:17:24,D227FF3E1EBB401A26C8
SD PETRA CAHAYA KASIH,70037790,SD,Swasta,Kec. Seri Kuala Lobam,310109,Kab. Bintan,310100,Prov. Kepulauan Riau,310000,8,1,99,6,6,0,0,14,29 Jan 2026 22:26:54,3C651BB0733C40D850A0
SDIT AN NAHL,69945471,SD,Swasta,Kec. Seri Kuala Lobam,310109,Kab. Bintan,310100,Prov. Kepulauan Riau,310000,20,1,301,13,13,1,0,11,20 Apr 2026 07:31:16,2585CD6D7CB831858A54
SMP NEGERI 15 BINTAN,11001998,SMP,Negeri,Kec. Seri Kuala Lobam,310109,Kab. Bintan,310100,Prov. Kepulauan Riau,310000,9,3,121,5,5,2,1,1,10 Apr 2026 09:19:44,4AFF5ADBA0B455636E63
SMP NEGERI 16 BINTAN,11002002,SMP,Negeri,Kec. Seri Kuala Lobam,310109,Kab. Bintan,310100,Prov. Kepulauan Riau,310000,20,1,376,12,10,1,1,45,30 Apr 2026 13:04:53,4285F994508935126300
SMPIT AN NAHL,70054967,SMP,Swasta,Kec. Seri Kuala Lobam,310109,Kab. Bintan,310100,Prov. Kepulauan Riau,310000,7,1,75,3,3,0,0,11,30 Apr 2026 08:08:01,FAB0CE7E299BE14F4C14
SMK NEGERI 1 SERI KUALA LOBAM,69854734,SMK,Negeri,Kec. Seri Kuala Lobam,310109,Kab. Bintan,310100,Prov. Kepulauan Riau,310000,34,7,265,18,13,0,0,24,27 Apr 2026 13:57:34,C0CE4D208CA3676022A4
SMKS MARITIM LINTAS BARAT,69873700,SMK,Swasta,Kec. Seri Kuala Lobam,310109,Kab. Bintan,310100,Prov. Kepulauan Riau,310000,2,2,13,3,3,0,1,4,02 Feb 2026 12:30:21,DCEE1C4DEA1B6EB6826B
SD NEGERI 001 TOAPAYA,11001871,SD,Negeri,Kec. Toapaya,310106,Kab. Bintan,310100,Prov. Kepulauan Riau,310000,17,3,326,13,17,1,1,9,04 Feb 2026 19:28:02,502E1DEF2B71B99837E3
SD NEGERI 002 TOAPAYA,11001876,SD,Negeri,Kec. Toapaya,310106,Kab. Bintan,310100,Prov. Kepulauan Riau,310000,17,6,280,12,13,1,1,17,08 Mar 2026 18:56:09,48AC6CDBF66C03D8ACEB
SD NEGERI 003 TOAPAYA,11001886,SD,Negeri,Kec. Toapaya,310106,Kab. Bintan,310100,Prov. Kepulauan Riau,310000,7,3,117,6,6,1,1,22,30 Apr 2026 07:46:51,77F6AA4122121557DF05
SD NEGERI 004 TOAPAYA,11001892,SD,Negeri,Kec. Toapaya,310106,Kab. Bintan,310100,Prov. Kepulauan Riau,310000,26,4,543,20,21,1,1,22,22 Apr 2026 22:26:12,F5856CAD323AF7DE8BC7
SD NEGERI 005 TOAPAYA,11001907,SD,Negeri,Kec. Toapaya,310106,Kab. Bintan,310100,Prov. Kepulauan Riau,310000,7,4,137,6,8,0,1,7,15 Apr 2026 07:49:38,0F68E3DDF3B23FD66F3F
SD NEGERI 006 TOAPAYA,11001924,SD,Negeri,Kec. Toapaya,310106,Kab. Bintan,310100,Prov. Kepulauan Riau,310000,7,4,52,6,6,0,1,7,04 Mar 2026 08:35:14,14B5ECCA9956F2154B4A
SMP NEGERI 17 BINTAN,11001962,SMP,Negeri,Kec. Toapaya,310106,Kab. Bintan,310100,Prov. Kepulauan Riau,310000,25,8,558,16,16,1,1,22,22 Apr 2026 14:18:12,1A7D9F70D2D61D88B329
SMP AL IHSAN BINTAN,70000244,SMP,Swasta,Kec. Toapaya,310106,Kab. Bintan,310100,Prov. Kepulauan Riau,310000,8,3,99,4,8,1,1,86,01 May 2026 21:27:55,FF209989C346ABA9186C
SMP ISLAM PLUS DARUSSILMI,70060299,SMP,Swasta,Kec. Toapaya,310106,Kab. Bintan,310100,Prov. Kepulauan Riau,310000,7,1,0,0,0,0,0,0,,88F13A91BDC828856D20
SMP NAHDLATUL WATHAN,70026719,SMP,Swasta,Kec. Toapaya,310106,Kab. Bintan,310100,Prov. Kepulauan Riau,310000,8,3,55,3,3,0,0,22,29 Apr 2026 20:55:37,2DD31FD6EC3C16A410E8
SMP SAINS SALAHUDDIN WAHID TEBU IRENG BINTAN,70038048,SMP,Swasta,Kec. Toapaya,310106,Kab. Bintan,310100,Prov. Kepulauan Riau,310000,8,2,58,3,3,2,1,21,20 Apr 2026 13:28:05,CEAFD5A1E90245F985D4
SMAN 1 TOAPAYA,11002257,SMA,Negeri,Kec. Toapaya,310106,Kab. Bintan,310100,Prov. Kepulauan Riau,310000,39,15,586,17,18,5,1,26,28 Apr 2026 11:40:18,6604D9F0B34ADE28742A
SEKOLAH MENENGAH ATAS ISLAM TERPADU NAHDLATUL WATHAN,70052509,SMA,Swasta,Kec. Toapaya,310106,Kab. Bintan,310100,Prov. Kepulauan Riau,310000,2,2,8,2,2,0,0,9,01 Mar 2026 22:28:21,3BBFC5A93C22A535C0E7
SMA AL IHSAN BINTAN,70047105,SMA,Swasta,Kec. Toapaya,310106,Kab. Bintan,310100,Prov. Kepulauan Riau,310000,5,1,14,3,8,1,1,24,02 May 2026 14:34:57,7CF838E7A60787E74951
SMA Islam Plus Darussilmi,70059548,SMA,Swasta,Kec. Toapaya,310106,Kab. Bintan,310100,Prov. Kepulauan Riau,310000,8,2,0,0,0,0,0,0,,D9F1B099657EA4B6E6BC
SD NEGERI 001 BINTAN PESISIR,11001901,SD,Negeri,Kec. Bintan Pesisir,310108,Kab. Bintan,310100,Prov. Kepulauan Riau,310000,11,4,179,9,13,0,1,1,04 Mar 2026 21:18:56,1DE8CC846BE1751E0310
SD NEGERI 002 BINTAN PESISIR,11001908,SD,Negeri,Kec. Bintan Pesisir,310108,Kab. Bintan,310100,Prov. Kepulauan Riau,310000,11,2,197,9,12,0,0,11,30 Apr 2026 07:46:44,D83BB13A6FDCA946CF24
SD NEGERI 003 BINTAN PESISIR,11001931,SD,Negeri,Kec. Bintan Pesisir,310108,Kab. Bintan,310100,Prov. Kepulauan Riau,310000,6,1,32,6,6,0,1,13,30 Apr 2026 05:55:08,E36D36918EAFEF199C44
SD NEGERI 004 BINTAN PESISIR,11001946,SD,Negeri,Kec. Bintan Pesisir,310108,Kab. Bintan,310100,Prov. Kepulauan Riau,310000,11,1,108,10,9,0,1,22,27 Apr 2026 09:47:17,4BBE8CC5DBB35DAC8054
SD NEGERI 005 BINTAN PESISIR,11001949,SD,Negeri,Kec. Bintan Pesisir,310108,Kab. Bintan,310100,Prov. Kepulauan Riau,310000,8,2,112,6,6,0,1,19,04 Apr 2026 18:12:20,AF15EF355003E4630046
SD NEGERI 006 BINTAN PESISIR,11001940,SD,Negeri,Kec. Bintan Pesisir,310108,Kab. Bintan,310100,Prov. Kepulauan Riau,310000,7,0,60,6,8,0,1,10,03 Mar 2026 10:25:28,ABA9ADC2FD03D0161689
SMP NEGERI 18 BINTAN,11001968,SMP,Negeri,Kec. Bintan Pesisir,310108,Kab. Bintan,310100,Prov. Kepulauan Riau,310000,9,2,127,6,8,1,1,10,06 Apr 2026 13:47:30,BEA19419CBA5165A6475
SMP NEGERI 19 BINTAN,11002001,SMP,Negeri,Kec. Bintan Pesisir,310108,Kab. Bintan,310100,Prov. Kepulauan Riau,310000,11,2,183,6,6,3,1,36,24 Apr 2026 10:53:13,8267A31DD92C9AD34FE2
SMP NEGERI 22 SATU ATAP MAPUR,11002482,SMP,Negeri,Kec. Bintan Pesisir,310108,Kab. Bintan,310100,Prov. Kepulauan Riau,310000,8,1,37,3,3,2,1,11,13 Apr 2026 11:02:47,B56C09A7864DF8B685C8
SMAN 1 BINTAN PESISIR,11002484,SMA,Negeri,Kec. Bintan Pesisir,310108,Kab. Bintan,310100,Prov. Kepulauan Riau,310000,14,4,99,4,6,4,1,21,23 Apr 2026 13:20:06,70CE34DCA7AF64E114E5
SMAN 2 BINTAN PESISIR,69953268,SMA,Negeri,Kec. Bintan Pesisir,310108,Kab. Bintan,310100,Prov. Kepulauan Riau,310000,14,6,100,4,6,3,1,18,22 Apr 2026 17:22:40,3C57A4B70B941A683DEF
SD NEGERI 001 TAMBELAN,11001872,SD,Negeri,Kec. Tambelan,310103,Kab. Bintan,310100,Prov. Kepulauan Riau,310000,8,5,80,6,6,0,1,12,30 Mar 2026 20:09:26,689F04BA5E7C6C64D8FE
SD NEGERI 002 TAMBELAN,11001877,SD,Negeri,Kec. Tambelan,310103,Kab. Bintan,310100,Prov. Kepulauan Riau,310000,7,3,105,6,8,0,0,27,24 Apr 2026 10:00:12,90995E8388CAC3C20722
SD NEGERI 003 TAMBELAN,11001883,SD,Negeri,Kec. Tambelan,310103,Kab. Bintan,310100,Prov. Kepulauan Riau,310000,8,4,155,6,9,0,1,30,21 Apr 2026 23:18:13,3B0261118BBAC5EBBD4A
SD NEGERI 004 TAMBELAN,11001889,SD,Negeri,Kec. Tambelan,310103,Kab. Bintan,310100,Prov. Kepulauan Riau,310000,7,4,61,6,6,0,1,14,28 Apr 2026 09:17:23,1C1E17619596B356A73D
SD NEGERI 005 TAMBELAN,11001894,SD,Negeri,Kec. Tambelan,310103,Kab. Bintan,310100,Prov. Kepulauan Riau,310000,8,4,90,6,6,1,1,13,07 Apr 2026 09:22:49,BBBF33D31C5DDEBDA770
SD NEGERI 006 TAMBELAN,11001899,SD,Negeri,Kec. Tambelan,310103,Kab. Bintan,310100,Prov. Kepulauan Riau,310000,8,6,11,7,5,0,0,10,12 Apr 2026 05:23:44,BDD48129C2946741873A
SD NEGERI 007 TAMBELAN,11001903,SD,Negeri,Kec. Tambelan,310103,Kab. Bintan,310100,Prov. Kepulauan Riau,310000,11,4,33,9,8,1,1,28,02 Apr 2026 15:54:15,CBFFEFEED46097830468
SMP NEGERI 14 BINTAN,11001964,SMP,Negeri,Kec. Tambelan,310103,Kab. Bintan,310100,Prov. Kepulauan Riau,310000,15,7,252,9,9,2,1,41,28 Apr 2026 08:21:38,E35EF1D3B3E16B9F07B0
SMAN 1 TAMBELAN,11002258,SMA,Negeri,Kec. Tambelan,310103,Kab. Bintan,310100,Prov. Kepulauan Riau,310000,22,12,194,6,9,2,1,33,28 Apr 2026 09:53:41,CA8B8399DAA96DB53569
SD NEGERI 001 MANTANG,11001896,SD,Negeri,Kec. Mantang,310107,Kab. Bintan,310100,Prov. Kepulauan Riau,310000,7,3,134,6,7,1,1,10,05 Apr 2026 08:48:00,97F9FD90A636F9CD176F
SD NEGERI 002 MANTANG,11001910,SD,Negeri,Kec. Mantang,310107,Kab. Bintan,310100,Prov. Kepulauan Riau,310000,9,1,113,6,6,0,1,16,22 Apr 2026 11:46:47,F16D2121C8E21014EA1B
SD NEGERI 003 MANTANG,11001934,SD,Negeri,Kec. Mantang,310107,Kab. Bintan,310100,Prov. Kepulauan Riau,310000,7,4,124,6,7,0,1,15,06 Apr 2026 19:15:16,E1993A4D9651B41A07C3
SD NEGERI 004 MANTANG,11001937,SD,Negeri,Kec. Mantang,310107,Kab. Bintan,310100,Prov. Kepulauan Riau,310000,23,5,66,20,13,1,1,19,12 Apr 2026 10:19:01,608CD63A96C5D9D362F2
SMP NEGERI 23 BINTAN,11002004,SMP,Negeri,Kec. Mantang,310107,Kab. Bintan,310100,Prov. Kepulauan Riau,310000,11,3,164,6,7,2,1,30,24 Apr 2026 09:26:44,69453F4EACCA29C5CE87
SMP NEGERI 25 SATU ATAP SELAT LIMAU,11003028,SMP,Negeri,Kec. Mantang,310107,Kab. Bintan,310100,Prov. Kepulauan Riau,310000,8,1,17,3,4,2,1,20,13 Apr 2026 14:36:40,10D95FA41700CA8FD12D
SMAN 1 MANTANG,69854725,SMA,Negeri,Kec. Mantang,310107,Kab. Bintan,310100,Prov. Kepulauan Riau,310000,15,6,145,6,6,4,1,18,27 Apr 2026 08:34:29,CC09CA88FCF7AE40BF31
SD NEGERI 001 LINGGA,11001406,SD,Negeri,Kec. Lingga,310402,Kab. Lingga,310400,Prov. Kepulauan Riau,310000,9,4,157,7,8,1,1,13,03 Apr 2026 21:22:43,C2FE6F528FBCDB688DAC
SD NEGERI 002 LINGGA,11001433,SD,Negeri,Kec. Lingga,310402,Kab. Lingga,310400,Prov. Kepulauan Riau,310000,6,2,56,6,6,0,1,5,12 Feb 2026 10:51:24,6BB7034DA2CE18655040
SD NEGERI 003 LINGGA,11001446,SD,Negeri,Kec. Lingga,310402,Kab. Lingga,310400,Prov. Kepulauan Riau,310000,9,0,143,6,6,0,1,16,09 Apr 2026 13:43:09,32E0C2FED90821C6F50C
SD NEGERI 004 LINGGA,11001450,SD,Negeri,Kec. Lingga,310402,Kab. Lingga,310400,Prov. Kepulauan Riau,310000,8,2,142,6,6,1,1,6,10 Apr 2026 12:02:03,9F1839AEF43042696431
SD NEGERI 005 LINGGA,11001459,SD,Negeri,Kec. Lingga,310402,Kab. Lingga,310400,Prov. Kepulauan Riau,310000,8,0,44,6,6,0,1,6,13 Apr 2026 17:21:30,E21C0351CED4B15BEA76
SD NEGERI 006 LINGGA,11001467,SD,Negeri,Kec. Lingga,310402,Kab. Lingga,310400,Prov. Kepulauan Riau,310000,8,0,109,6,11,0,1,14,07 Apr 2026 08:30:22,03D91245C575ABCEBAC2
SD NEGERI 007 LINGGA,11001481,SD,Negeri,Kec. Lingga,310402,Kab. Lingga,310400,Prov. Kepulauan Riau,310000,7,3,57,6,6,0,1,10,04 Apr 2026 01:54:14,71388A91751780E5AB6D
SD NEGERI 008 LINGGA,11001487,SD,Negeri,Kec. Lingga,310402,Kab. Lingga,310400,Prov. Kepulauan Riau,310000,9,2,60,6,6,0,0,13,29 Apr 2026 07:39:20,2B7FC1B081FA1007171F
SD NEGERI 009 LINGGA,11001493,SD,Negeri,Kec. Lingga,310402,Kab. Lingga,310400,Prov. Kepulauan Riau,310000,7,2,45,6,6,0,1,8,06 Apr 2026 19:16:31,8D00AAAAC578C708E301
SD NEGERI 010 LINGGA,11001495,SD,Negeri,Kec. Lingga,310402,Kab. Lingga,310400,Prov. Kepulauan Riau,310000,6,3,15,5,5,0,1,10,15 Apr 2026 06:05:29,69A3250F9DB810466B08
SD NEGERI 011 LINGGA,11001498,SD,Negeri,Kec. Lingga,310402,Kab. Lingga,310400,Prov. Kepulauan Riau,310000,8,0,89,6,6,0,1,23,06 Apr 2026 09:20:51,A68DB503FDB6AA88352A
SD NEGERI 012 LINGGA,11001501,SD,Negeri,Kec. Lingga,310402,Kab. Lingga,310400,Prov. Kepulauan Riau,310000,7,1,34,6,4,0,1,20,01 May 2026 16:37:12,C80CF76A4F2181069BA8
SD NEGERI 013 LINGGA,11001507,SD,Negeri,Kec. Lingga,310402,Kab. Lingga,310400,Prov. Kepulauan Riau,310000,7,1,50,6,7,0,1,8,31 Mar 2026 07:51:36,7983B927A493A7500F10
SD NEGERI 014 LINGGA,11001512,SD,Negeri,Kec. Lingga,310402,Kab. Lingga,310400,Prov. Kepulauan Riau,310000,6,3,75,6,6,0,1,9,07 Apr 2026 14:53:59,6998BB73A08559D7A5EB
SD NEGERI 015 LINGGA,11002592,SD,Negeri,Kec. Lingga,310402,Kab. Lingga,310400,Prov. Kepulauan Riau,310000,6,2,35,6,9,0,0,4,22 Jan 2026 16:24:54,021F810F762961CA103C
SD NEGERI 016 LINGGA,11002593,SD,Negeri,Kec. Lingga,310402,Kab. Lingga,310400,Prov. Kepulauan Riau,310000,6,1,42,6,2,0,1,10,08 Apr 2026 20:15:01,D25E1AAB54254311EF43
SD NEGERI 017 LINGGA,11002808,SD,Negeri,Kec. Lingga,310402,Kab. Lingga,310400,Prov. Kepulauan Riau,310000,7,3,54,6,6,0,0,24,02 May 2026 08:13:46,D43668D7E8C413EA07CB
SD NEGERI 018 LINGGA,60730364,SD,Negeri,Kec. Lingga,310402,Kab. Lingga,310400,Prov. Kepulauan Riau,310000,6,1,17,6,4,0,0,15,05 Apr 2026 21:02:29,25E9D77614FFA507EE43
SD NEGERI 019 LINGGA,60730365,SD,Negeri,Kec. Lingga,310402,Kab. Lingga,310400,Prov. Kepulauan Riau,310000,10,1,34,6,4,0,0,16,13 Apr 2026 19:34:21,2142A815DAB2BA201F6F
SDI INTEGRAL LUQMAN AL HAKIM LINGGA,69954988,SD,Swasta,Kec. Lingga,310402,Kab. Lingga,310400,Prov. Kepulauan Riau,310000,8,3,107,6,9,0,0,14,06 Apr 2026 09:05:15,6AE152F6ABB81D5DB1DD
SDIT AL-MADANI,69988237,SD,Swasta,Kec. Lingga,310402,Kab. Lingga,310400,Prov. Kepulauan Riau,310000,11,4,152,6,6,0,0,37,28 Apr 2026 12:50:26,5B09EA7945448D3F6693
SMP NEGERI 1 LINGGA,11001518,SMP,Negeri,Kec. Lingga,310402,Kab. Lingga,310400,Prov. Kepulauan Riau,310000,20,6,349,11,12,2,2,28,21 Apr 2026 08:49:42,E1C62CC40BFFE121E361
SMP NEGERI 2 LINGGA,60730342,SMP,Negeri,Kec. Lingga,310402,Kab. Lingga,310400,Prov. Kepulauan Riau,310000,9,3,50,3,3,1,1,16,13 Apr 2026 10:14:05,E95BE84139E2508184CC
SMP NEGERI 3 LINGGA,60730343,SMP,Negeri,Kec. Lingga,310402,Kab. Lingga,310400,Prov. Kepulauan Riau,310000,8,3,72,3,3,2,1,10,04 Apr 2026 06:12:54,3BB58DD242B4B5920DA4
SMP NEGERI 4 LINGGA,69788008,SMP,Negeri,Kec. Lingga,310402,Kab. Lingga,310400,Prov. Kepulauan Riau,310000,8,3,24,3,3,0,0,8,03 Apr 2026 21:10:58,40BC750359829B19FE52
SMP NEGERI 5 LINGGA,11002811,SMP,Negeri,Kec. Lingga,310402,Kab. Lingga,310400,Prov. Kepulauan Riau,310000,8,2,42,3,5,0,0,9,29 Apr 2026 12:10:28,449C49827A8B1643215C
SMPI INTEGRAL LUQMAN AL-HAKIM LINGGA,70012039,SMP,Swasta,Kec. Lingga,310402,Kab. Lingga,310400,Prov. Kepulauan Riau,310000,5,1,36,3,2,0,0,14,22 Apr 2026 09:48:58,C26FB86633E4CAF6FE9D
SMAN 1 LINGGA,11002067,SMA,Negeri,Kec. Lingga,310402,Kab. Lingga,310400,Prov. Kepulauan Riau,310000,38,11,602,18,24,5,1,7,28 Apr 2026 23:00:47,DC4F1CE288D6346E4261
SMA INTEGRAL BUNDA TANAH MELAYU,70035989,SMA,Swasta,Kec. Lingga,310402,Kab. Lingga,310400,Prov. Kepulauan Riau,310000,6,2,20,2,5,1,1,6,30 Apr 2026 12:50:52,076EFC2D67305A1A92FC
SMK NEGERI 2 LINGGA,60725422,SMK,Negeri,Kec. Lingga,310402,Kab. Lingga,310400,Prov. Kepulauan Riau,310000,14,5,69,9,6,0,0,25,28 Apr 2026 08:22:57,94E1CD296283AD54AE22
SD NEGERI 001 SINGKEP,11001408,SD,Negeri,Kec. Singkep,310401,Kab. Lingga,310400,Prov. Kepulauan Riau,310000,9,4,143,7,9,1,1,11,06 Apr 2026 08:15:20,F49F6BA4D8E3DC5C4155
SD NEGERI 002 SINGKEP,11001412,SD,Negeri,Kec. Singkep,310401,Kab. Lingga,310400,Prov. Kepulauan Riau,310000,13,1,274,12,13,1,1,13,02 Apr 2026 08:31:19,33EFF8D399E54472F7E1
SD NEGERI 003 SINGKEP,11001416,SD,Negeri,Kec. Singkep,310401,Kab. Lingga,310400,Prov. Kepulauan Riau,310000,8,4,120,6,10,1,2,22,02 Mar 2026 22:17:49,59F50799A4C7956B0BAB
SD NEGERI 004 SINGKEP,11001420,SD,Negeri,Kec. Singkep,310401,Kab. Lingga,310400,Prov. Kepulauan Riau,310000,10,1,122,6,9,0,0,26,06 Apr 2026 12:16:59,6D7C9B76FBD7A5D0362B
SD NEGERI 005 SINGKEP,11001424,SD,Negeri,Kec. Singkep,310401,Kab. Lingga,310400,Prov. Kepulauan Riau,310000,6,1,75,6,7,1,1,16,30 Apr 2026 21:19:48,AA2081FCB19E96CA2F9F
SD NEGERI 006 SINGKEP,11001427,SD,Negeri,Kec. Singkep,310401,Kab. Lingga,310400,Prov. Kepulauan Riau,310000,7,1,46,6,6,0,1,69,29 Apr 2026 16:24:26,9F00FEBCC901E217AB01
SD NEGERI 007 SINGKEP,11001448,SD,Negeri,Kec. Singkep,310401,Kab. Lingga,310400,Prov. Kepulauan Riau,310000,8,2,102,6,6,0,1,14,29 Apr 2026 08:27:28,DE89770DF29EFBAC4B79
SD NEGERI 008 SINGKEP,11001452,SD,Negeri,Kec. Singkep,310401,Kab. Lingga,310400,Prov. Kepulauan Riau,310000,12,2,169,10,12,0,2,38,30 Apr 2026 22:31:51,8B6F02C74FB3B051B834
SD NEGERI 009 SINGKEP,11001457,SD,Negeri,Kec. Singkep,310401,Kab. Lingga,310400,Prov. Kepulauan Riau,310000,16,1,214,12,12,0,1,18,27 Apr 2026 22:55:33,CC186C248A1515F3A992
SD NEGERI 010 SINGKEP,11001461,SD,Negeri,Kec. Singkep,310401,Kab. Lingga,310400,Prov. Kepulauan Riau,310000,8,2,61,6,8,0,1,19,13 Apr 2026 14:09:15,E088A5E420B7808A8F59
SD NEGERI 011 SINGKEP,11001473,SD,Negeri,Kec. Singkep,310401,Kab. Lingga,310400,Prov. Kepulauan Riau,310000,13,2,168,9,10,0,1,5,30 Jan 2026 11:49:54,393933F66247F7A0F15B
SD NEGERI 012 SINGKEP,11001477,SD,Negeri,Kec. Singkep,310401,Kab. Lingga,310400,Prov. Kepulauan Riau,310000,6,3,96,6,14,0,1,13,24 Apr 2026 08:46:46,B2758D28EBCA1BF805A2
SD NEGERI 013 SINGKEP,11001483,SD,Negeri,Kec. Singkep,310401,Kab. Lingga,310400,Prov. Kepulauan Riau,310000,8,2,66,6,6,0,1,18,04 Mar 2026 08:08:18,AE92EF226BE5BB0B79AD
SD NEGERI 014 SINGKEP,11001489,SD,Negeri,Kec. Singkep,310401,Kab. Lingga,310400,Prov. Kepulauan Riau,310000,8,3,83,6,6,0,1,6,10 Apr 2026 14:21:02,9A17CD9A832A7EC35B3C
SD IT INSAN CENDEKIA,69831591,SD,Swasta,Kec. Singkep,310401,Kab. Lingga,310400,Prov. Kepulauan Riau,310000,11,4,228,12,13,0,1,33,01 May 2026 20:54:05,9F112F4DB7242EFDB0CA
SMP NEGERI 1 SINGKEP,11001521,SMP,Negeri,Kec. Singkep,310401,Kab. Lingga,310400,Prov. Kepulauan Riau,310000,16,6,269,10,22,5,1,12,10 Apr 2026 17:01:22,2228A7BFED034C35B562
SMP NEGERI 2 SINGKEP,11001526,SMP,Negeri,Kec. Singkep,310401,Kab. Lingga,310400,Prov. Kepulauan Riau,310000,28,6,559,19,19,1,1,15,23 Apr 2026 19:57:14,8157B29105912FCDAB1E
SMPIT INSAN CENDEKIA,69984162,SMP,Swasta,Kec. Singkep,310401,Kab. Lingga,310400,Prov. Kepulauan Riau,310000,9,3,98,4,6,0,1,16,28 Feb 2026 12:50:46,7C146F8E69FD9CF07178
SMAN 1 SINGKEP,11002070,SMA,Negeri,Kec. Singkep,310401,Kab. Lingga,310400,Prov. Kepulauan Riau,310000,40,15,717,21,20,5,2,11,27 Apr 2026 12:14:16,808E6B40D19D227B339F
SMAN 2 SINGKEP,11002072,SMA,Negeri,Kec. Singkep,310401,Kab. Lingga,310400,Prov. Kepulauan Riau,310000,30,8,328,10,25,6,1,39,29 Apr 2026 00:13:28,138B996ADE2CEA169758
SMAS BAITUL QURAN,69968697,SMA,Swasta,Kec. Singkep,310401,Kab. Lingga,310400,Prov. Kepulauan Riau,310000,9,6,90,3,6,1,1,11,14 Apr 2026 16:43:03,9276F2EB4AC3CD089EDF
SMK NEGERI 1 SINGKEP,11002814,SMK,Negeri,Kec. Singkep,310401,Kab. Lingga,310400,Prov. Kepulauan Riau,310000,24,10,282,13,12,2,1,18,15 Apr 2026 00:54:11,53D717D284D58B844B5A
SMKS MAHARDIKA SINGKEP,11002074,SMK,Swasta,Kec. Singkep,310401,Kab. Lingga,310400,Prov. Kepulauan Riau,310000,10,4,28,5,9,1,1,16,28 Apr 2026 15:01:15,542E4572F4E561115FAA
SD NEGERI 001 SINGKEP BARAT,11001409,SD,Negeri,Kec. Singkep Barat,310404,Kab. Lingga,310400,Prov. Kepulauan Riau,310000,9,2,134,6,10,1,1,9,02 Mar 2026 22:45:07,328BA778E0701086A1B7
SD NEGERI 002 SINGKEP BARAT,11001413,SD,Negeri,Kec. Singkep Barat,310404,Kab. Lingga,310400,Prov. Kepulauan Riau,310000,8,2,58,6,6,1,2,6,03 Mar 2026 06:33:16,7B29C834827A90CC35B7
SD NEGERI 003 SINGKEP BARAT,11001417,SD,Negeri,Kec. Singkep Barat,310404,Kab. Lingga,310400,Prov. Kepulauan Riau,310000,9,2,108,6,11,0,1,11,22 Apr 2026 11:38:57,D93A4EE5AF0E04308A98
SD NEGERI 004 SINGKEP BARAT,11001421,SD,Negeri,Kec. Singkep Barat,310404,Kab. Lingga,310400,Prov. Kepulauan Riau,310000,11,5,90,12,12,1,1,6,23 Apr 2026 13:28:36,E0AA22EAC39A20570272
SD NEGERI 005 SINGKEP BARAT,11001425,SD,Negeri,Kec. Singkep Barat,310404,Kab. Lingga,310400,Prov. Kepulauan Riau,310000,14,3,213,15,7,0,1,16,24 Apr 2026 10:31:01,C213DE3619302E70ADF5
SD NEGERI 006 SINGKEP BARAT,11001432,SD,Negeri,Kec. Singkep Barat,310404,Kab. Lingga,310400,Prov. Kepulauan Riau,310000,7,3,64,6,6,0,1,6,29 Apr 2026 09:07:35,9B41EDFDEBF25C5A79CF
SD NEGERI 007 SINGKEP BARAT,11001436,SD,Negeri,Kec. Singkep Barat,310404,Kab. Lingga,310400,Prov. Kepulauan Riau,310000,7,1,75,6,6,0,0,14,29 Apr 2026 10:52:08,B5C1874732851106DE84
SD NEGERI 008 SINGKEP BARAT,11001440,SD,Negeri,Kec. Singkep Barat,310404,Kab. Lingga,310400,Prov. Kepulauan Riau,310000,5,1,83,6,6,0,1,4,11 Apr 2026 15:58:31,F2C836CE0BAF11EE291F
SD NEGERI 009 SINGKEP BARAT,11001445,SD,Negeri,Kec. Singkep Barat,310404,Kab. Lingga,310400,Prov. Kepulauan Riau,310000,10,2,74,6,6,0,1,15,30 Apr 2026 09:03:41,24128758D85E779B813E
SD NEGERI 010 SINGKEP BARAT,11001458,SD,Negeri,Kec. Singkep Barat,310404,Kab. Lingga,310400,Prov. Kepulauan Riau,310000,7,2,66,6,6,1,1,6,23 Apr 2026 00:51:07,F6E23931622DEA6286D0
SD NEGERI 011 SINGKEP BARAT,11001466,SD,Negeri,Kec. Singkep Barat,310404,Kab. Lingga,310400,Prov. Kepulauan Riau,310000,7,1,55,6,3,0,0,4,01 Feb 2026 21:06:02,1AA96CC181AA62B84575
SD NEGERI 012 SINGKEP BARAT,11001474,SD,Negeri,Kec. Singkep Barat,310404,Kab. Lingga,310400,Prov. Kepulauan Riau,310000,7,1,87,6,6,0,1,10,03 Mar 2026 09:49:57,670561B29C3C424BE86A
SD NEGERI 013 SINGKEP BARAT,11002594,SD,Negeri,Kec. Singkep Barat,310404,Kab. Lingga,310400,Prov. Kepulauan Riau,310000,5,2,26,6,3,0,0,11,02 Apr 2026 21:32:53,49907B5E2C3617A9A3C6
SD NEGERI 014 SINGKEP BARAT,60730367,SD,Negeri,Kec. Singkep Barat,310404,Kab. Lingga,310400,Prov. Kepulauan Riau,310000,6,2,14,6,6,0,0,15,09 Apr 2026 00:30:18,70F2EF18F06B69BB3CD9
SMP NEGERI 1 SINGKEP BARAT,11001522,SMP,Negeri,Kec. Singkep Barat,310404,Kab. Lingga,310400,Prov. Kepulauan Riau,310000,14,8,252,9,10,2,1,12,31 Mar 2026 09:37:33,2677251D1488492C6CAB
SMP NEGERI 2 SINGKEP BARAT,11002597,SMP,Negeri,Kec. Singkep Barat,310404,Kab. Lingga,310400,Prov. Kepulauan Riau,310000,6,5,72,3,3,2,1,5,05 Mar 2026 09:42:56,F9095FA61C8326E9902E
SMP NEGERI 3 SINGKEP BARAT,11002598,SMP,Negeri,Kec. Singkep Barat,310404,Kab. Lingga,310400,Prov. Kepulauan Riau,310000,10,4,113,6,6,2,1,8,04 Apr 2026 08:00:04,46CA1242811D58C49063
SMP NEGERI 4 SINGKEP BARAT,11002812,SMP,Negeri,Kec. Singkep Barat,310404,Kab. Lingga,310400,Prov. Kepulauan Riau,310000,6,2,79,4,3,1,1,18,30 Apr 2026 10:19:00,3A598DF71FD1054E9CD4
SMAN 1 SINGKEP BARAT,11002071,SMA,Negeri,Kec. Singkep Barat,310404,Kab. Lingga,310400,Prov. Kepulauan Riau,310000,28,12,347,13,12,3,1,41,26 Apr 2026 13:23:23,44F44410A497727DF379
SD NEGERI 001 LINGGA UTARA,11001410,SD,Negeri,Kec. Lingga Utara,310405,Kab. Lingga,310400,Prov. Kepulauan Riau,310000,8,2,46,6,6,0,1,8,13 Apr 2026 08:55:05,3FF2514F7B176C00ED46
SD NEGERI 002 LINGGA UTARA,11001414,SD,Negeri,Kec. Lingga Utara,310405,Kab. Lingga,310400,Prov. Kepulauan Riau,310000,9,2,142,7,6,1,1,7,02 May 2026 10:12:40,A39910CC7982A928E795
SD NEGERI 003 LINGGA UTARA,11001429,SD,Negeri,Kec. Lingga Utara,310405,Kab. Lingga,310400,Prov. Kepulauan Riau,310000,7,2,46,6,6,0,0,8,29 Apr 2026 08:54:41,8DEBE66344C119F4482B
SD NEGERI 004 LINGGA UTARA,11001441,SD,Negeri,Kec. Lingga Utara,310405,Kab. Lingga,310400,Prov. Kepulauan Riau,310000,6,4,49,6,7,0,0,12,11 Apr 2026 02:12:35,C1A9E4CEAA39E1A3B5F8
SD NEGERI 005 LINGGA UTARA,11001454,SD,Negeri,Kec. Lingga Utara,310405,Kab. Lingga,310400,Prov. Kepulauan Riau,310000,6,2,90,6,6,1,1,10,10 Apr 2026 09:26:08,BE1AEDF5B92AFD770BC4
SD NEGERI 006 LINGGA UTARA,11002065,SD,Negeri,Kec. Lingga Utara,310405,Kab. Lingga,310400,Prov. Kepulauan Riau,310000,9,1,37,6,6,0,0,8,02 May 2026 08:13:01,A3B226805B92FDA96896
SD NEGERI 007 LINGGA UTARA,11001471,SD,Negeri,Kec. Lingga Utara,310405,Kab. Lingga,310400,Prov. Kepulauan Riau,310000,7,3,135,6,7,0,1,9,23 Apr 2026 08:46:11,B4097A931F5D58902A1D
SD NEGERI 008 LINGGA UTARA,11001475,SD,Negeri,Kec. Lingga Utara,310405,Kab. Lingga,310400,Prov. Kepulauan Riau,310000,8,2,72,6,6,1,1,8,24 Apr 2026 09:02:15,79502FB8ADF6B1D8AAC3
SD NEGERI 009 LINGGA UTARA,11001484,SD,Negeri,Kec. Lingga Utara,310405,Kab. Lingga,310400,Prov. Kepulauan Riau,310000,5,2,50,6,6,0,1,12,02 May 2026 19:51:01,285EA5C34FD349D0DECD
SD NEGERI 010 LINGGA UTARA,11001497,SD,Negeri,Kec. Lingga Utara,310405,Kab. Lingga,310400,Prov. Kepulauan Riau,310000,7,2,63,6,6,0,1,7,01 May 2026 20:17:54,C4C50047A58B564CBD8E
SD NEGERI 011 LINGGA UTARA,11001499,SD,Negeri,Kec. Lingga Utara,310405,Kab. Lingga,310400,Prov. Kepulauan Riau,310000,8,3,75,6,7,0,1,6,29 Jan 2026 21:58:33,9DCC76C7C0DDE4723FCE
SD NEGERI 012 LINGGA UTARA,11001500,SD,Negeri,Kec. Lingga Utara,310405,Kab. Lingga,310400,Prov. Kepulauan Riau,310000,7,2,52,6,6,0,1,8,07 Apr 2026 07:46:14,0EE6DDE67C31DD7C065D
SD NEGERI 013 LINGGA UTARA,11001502,SD,Negeri,Kec. Lingga Utara,310405,Kab. Lingga,310400,Prov. Kepulauan Riau,310000,8,2,41,6,6,0,1,5,10 Mar 2026 00:49:11,8200010F664F4A067AD4
SD NEGERI 014 LINGGA UTARA,11001508,SD,Negeri,Kec. Lingga Utara,310405,Kab. Lingga,310400,Prov. Kepulauan Riau,310000,7,2,118,6,6,0,1,9,29 Apr 2026 11:31:48,56E888FA53872C24DED4
SD NEGERI 015 LINGGA UTARA,11001509,SD,Negeri,Kec. Lingga Utara,310405,Kab. Lingga,310400,Prov. Kepulauan Riau,310000,7,2,63,6,8,0,1,21,02 May 2026 10:35:37,1ADEA6385746620BE241
SD NEGERI 016 LINGGA UTARA,60730366,SD,Negeri,Kec. Lingga Utara,310405,Kab. Lingga,310400,Prov. Kepulauan Riau,310000,6,1,21,6,6,0,0,13,20 Apr 2026 10:23:27,972CAE278A7BDD813DA8
SD NEGERI 017 LINGGA UTARA,69788010,SD,Negeri,Kec. Lingga Utara,310405,Kab. Lingga,310400,Prov. Kepulauan Riau,310000,5,2,12,4,4,0,0,7,05 Mar 2026 12:37:40,15FB060D1C4F0819F7C6
SMP NEGERI 1 LINGGA UTARA,11001523,SMP,Negeri,Kec. Lingga Utara,310405,Kab. Lingga,310400,Prov. Kepulauan Riau,310000,20,11,300,12,12,2,1,26,28 Apr 2026 08:09:16,89E3B4747A4632BAD3B0
SMP NEGERI 2 LINGGA UTARA,11002603,SMP,Negeri,Kec. Lingga Utara,310405,Kab. Lingga,310400,Prov. Kepulauan Riau,310000,10,2,124,6,5,2,1,18,27 Apr 2026 09:18:23,1F326222913E03DD944F
SMP NEGERI 3 LINGGA UTARA,11002613,SMP,Negeri,Kec. Lingga Utara,310405,Kab. Lingga,310400,Prov. Kepulauan Riau,310000,8,1,53,3,2,0,1,14,12 Apr 2026 11:11:28,2D682A9B75B0CE7EF2A0
SMP NEGERI 4 LINGGA UTARA,11002609,SMP,Negeri,Kec. Lingga Utara,310405,Kab. Lingga,310400,Prov. Kepulauan Riau,310000,7,1,18,3,3,0,0,17,02 Mar 2026 11:07:19,C4B7CC3FA94B33940DF4
SMAN 1 LINGGA UTARA,11002068,SMA,Negeri,Kec. Lingga Utara,310405,Kab. Lingga,310400,Prov. Kepulauan Riau,310000,19,9,272,9,11,5,1,14,22 Apr 2026 18:10:07,7D608881D2D0429EBBC8
SD NEGERI 001 SENAYANG,11001407,SD,Negeri,Kec. Bakung Serumpun,310411,Kab. Lingga,310400,Prov. Kepulauan Riau,310000,8,2,117,6,6,0,0,11,29 Apr 2026 08:51:51,191BE6935BE654DEFF4F
SD NEGERI 005 SENAYANG,11001423,SD,Negeri,Kec. Bakung Serumpun,310411,Kab. Lingga,310400,Prov. Kepulauan Riau,310000,8,2,95,6,4,0,1,19,21 Apr 2026 12:11:07,31B5201B89ECCA579568
SD NEGERI 010 SENAYANG,11001442,SD,Negeri,Kec. Bakung Serumpun,310411,Kab. Lingga,310400,Prov. Kepulauan Riau,310000,6,4,115,6,6,0,0,16,23 Apr 2026 23:28:34,19F13D6DF7CFC7021C2A
SD NEGERI 012 SENAYANG,11001451,SD,Negeri,Kec. Bakung Serumpun,310411,Kab. Lingga,310400,Prov. Kepulauan Riau,310000,7,3,85,6,5,1,1,20,06 Apr 2026 10:57:38,AC8F46DB5E4C7E942B4C
SD NEGERI 013 SENAYANG,11001455,SD,Negeri,Kec. Bakung Serumpun,310411,Kab. Lingga,310400,Prov. Kepulauan Riau,310000,8,1,62,6,6,0,1,17,15 Apr 2026 21:34:12,E61442CD66260B5A4CE5
SD NEGERI 016 SENAYANG,11001468,SD,Negeri,Kec. Bakung Serumpun,310411,Kab. Lingga,310400,Prov. Kepulauan Riau,310000,8,2,74,6,8,0,1,11,06 Apr 2026 18:28:27,618A1DE42F769155644F
SD NEGERI 017 SENAYANG,11001472,SD,Negeri,Kec. Bakung Serumpun,310411,Kab. Lingga,310400,Prov. Kepulauan Riau,310000,7,3,73,6,7,1,1,10,31 Jan 2026 06:35:54,B01C4FADD6CE222F9095
SD NEGERI 029 SENAYANG,11002799,SD,Negeri,Kec. Bakung Serumpun,310411,Kab. Lingga,310400,Prov. Kepulauan Riau,310000,6,2,34,6,6,0,0,11,09 Apr 2026 12:34:08,5987065D643A9320FB16
SD NEGERI 031 SENAYANG,11002802,SD,Negeri,Kec. Bakung Serumpun,310411,Kab. Lingga,310400,Prov. Kepulauan Riau,310000,7,2,33,6,2,0,0,5,20 Apr 2026 14:07:31,920F6FF5E06B0EC571B5
SD NEGERI 035 SENAYANG,11002806,SD,Negeri,Kec. Bakung Serumpun,310411,Kab. Lingga,310400,Prov. Kepulauan Riau,310000,12,3,76,12,8,0,0,11,09 Feb 2026 20:36:41,05A60BDF8A8B5719368D
SD NEGERI 037 SENAYANG,60730368,SD,Negeri,Kec. Bakung Serumpun,310411,Kab. Lingga,310400,Prov. Kepulauan Riau,310000,4,2,11,5,2,0,0,14,04 Apr 2026 05:40:10,675836DC9A9F5618C22C
SD NEGERI 038 SENAYANG,60730369,SD,Negeri,Kec. Bakung Serumpun,310411,Kab. Lingga,310400,Prov. Kepulauan Riau,310000,6,1,33,6,2,0,0,8,02 Apr 2026 22:06:27,4E896E9A836E2868AA76
SMP NEGERI 11 SENAYANG,11002610,SMP,Negeri,Kec. Bakung Serumpun,310411,Kab. Lingga,310400,Prov. Kepulauan Riau,310000,5,3,42,3,3,1,1,18,02 May 2026 08:38:07,A774D65639603DAEC439
SMP NEGERI 12 SENAYANG,11002611,SMP,Negeri,Kec. Bakung Serumpun,310411,Kab. Lingga,310400,Prov. Kepulauan Riau,310000,7,2,29,3,3,1,1,5,14 Apr 2026 20:03:52,DF68792A1206A02F563D
SMP NEGERI 2 SENAYANG,11001525,SMP,Negeri,Kec. Bakung Serumpun,310411,Kab. Lingga,310400,Prov. Kepulauan Riau,310000,9,5,161,6,6,2,1,5,02 Mar 2026 23:54:55,7CC1D6AE76C225D5B412
SMP NEGERI 7 SENAYANG,11001532,SMP,Negeri,Kec. Bakung Serumpun,310411,Kab. Lingga,310400,Prov. Kepulauan Riau,310000,6,4,69,3,3,1,1,15,03 Mar 2026 09:06:26,C35CA237F8AF25509209
SMP NEGERI 8 SENAYANG,11002606,SMP,Negeri,Kec. Bakung Serumpun,310411,Kab. Lingga,310400,Prov. Kepulauan Riau,310000,6,2,54,3,3,1,1,10,18 Apr 2026 09:32:25,888B5F485FFA1590561A
SMA NEGERI 2 BAKUNG SERUMPUN,70048494,SMA,Negeri,Kec. Bakung Serumpun,310411,Kab. Lingga,310400,Prov. Kepulauan Riau,310000,4,5,59,3,3,0,0,5,23 Apr 2026 09:14:30,F38217F77814D1542B5C
SMAN 1 BAKUNG SERUMPUN,11003247,SMA,Negeri,Kec. Bakung Serumpun,310411,Kab. Lingga,310400,Prov. Kepulauan Riau,310000,15,8,176,6,8,4,1,19,28 Apr 2026 14:52:17,776096CD7E077DCEB406
SD NEGERI 001 LINGGA TIMUR,11001418,SD,Negeri,Kec. Lingga Timur,310408,Kab. Lingga,310400,Prov. Kepulauan Riau,310000,7,2,63,6,6,1,1,9,02 Apr 2026 08:26:52,EAB30B5B284BBE428636
SD NEGERI 002 LINGGA TIMUR,11001422,SD,Negeri,Kec. Lingga Timur,310408,Kab. Lingga,310400,Prov. Kepulauan Riau,310000,7,3,64,6,6,0,0,11,06 Apr 2026 09:56:15,6F2F238F980BE7A3C118
SD NEGERI 003 LINGGA TIMUR,11001478,SD,Negeri,Kec. Lingga Timur,310408,Kab. Lingga,310400,Prov. Kepulauan Riau,310000,7,3,54,6,6,0,1,6,04 Mar 2026 02:02:40,F2F2F7003E2F7D65373C
SD NEGERI 004 LINGGA TIMUR,11001490,SD,Negeri,Kec. Lingga Timur,310408,Kab. Lingga,310400,Prov. Kepulauan Riau,310000,7,1,35,6,6,0,1,6,15 Apr 2026 10:59:40,07E660620144A444997C
SD NEGERI 005 LINGGA TIMUR,11001503,SD,Negeri,Kec. Lingga Timur,310408,Kab. Lingga,310400,Prov. Kepulauan Riau,310000,9,2,38,6,3,0,2,7,08 Apr 2026 07:05:59,878D8FE22D917577DAF4
SD NEGERI 006 LINGGA TIMUR,11001505,SD,Negeri,Kec. Lingga Timur,310408,Kab. Lingga,310400,Prov. Kepulauan Riau,310000,6,4,19,6,6,0,1,13,30 Apr 2026 00:54:35,84A9A553809CC57F7345
SD NEGERI 007 LINGGA TIMUR,11001510,SD,Negeri,Kec. Lingga Timur,310408,Kab. Lingga,310400,Prov. Kepulauan Riau,310000,7,2,44,6,6,0,1,15,02 Apr 2026 05:31:13,663F109687B457F644A1
SD NEGERI 008 LINGGA TIMUR,11001511,SD,Negeri,Kec. Lingga Timur,310408,Kab. Lingga,310400,Prov. Kepulauan Riau,310000,8,2,24,6,4,0,0,8,06 Apr 2026 06:08:15,AE43772B5A854CE36303
SDIT IBNU HAJAR ASQALANI,69895382,SD,Swasta,Kec. Lingga Timur,310408,Kab. Lingga,310400,Prov. Kepulauan Riau,310000,9,4,52,6,6,0,1,20,03 Apr 2026 21:32:30,1F7DFC6F3FAC5A50FC53
SMP NEGERI 1 LINGGA TIMUR,11001527,SMP,Negeri,Kec. Lingga Timur,310408,Kab. Lingga,310400,Prov. Kepulauan Riau,310000,6,4,52,3,3,1,1,8,06 Mar 2026 09:50:02,C6D317F69B6EAE898197
SMP NEGERI 2 LINGGA TIMUR,11002605,SMP,Negeri,Kec. Lingga Timur,310408,Kab. Lingga,310400,Prov. Kepulauan Riau,310000,6,4,89,4,3,2,1,9,29 Apr 2026 19:52:24,A052E9CD378F6B9FE5D5
SMPIT IBNU HAJAR ASQALANI,70008113,SMP,Swasta,Kec. Lingga Timur,310408,Kab. Lingga,310400,Prov. Kepulauan Riau,310000,4,2,37,3,3,0,0,27,14 Apr 2026 00:09:41,A6D34003C1B541C8957C
SMAN 1 LINGGA TIMUR,11003246,SMA,Negeri,Kec. Lingga Timur,310408,Kab. Lingga,310400,Prov. Kepulauan Riau,310000,15,7,179,7,8,3,1,31,28 Apr 2026 09:26:03,74415B71E57E3074275C
SMAIT IBNU HAJAR ASQALANI,70054634,SMA,Swasta,Kec. Lingga Timur,310408,Kab. Lingga,310400,Prov. Kepulauan Riau,310000,3,1,14,2,2,0,1,11,09 Apr 2026 11:53:02,4EC8E3CAB19E5458DAB5
SMK NEGERI 1 LINGGA,11003241,SMK,Negeri,Kec. Lingga Timur,310408,Kab. Lingga,310400,Prov. Kepulauan Riau,310000,12,6,44,3,5,0,1,56,28 Apr 2026 11:30:12,A1C6DBE7B12CA0E89555
SD NEGERI 006 SENAYANG,11001426,SD,Negeri,Kec. Katang Bidare,310413,Kab. Lingga,310400,Prov. Kepulauan Riau,310000,7,2,95,6,6,1,1,8,10 Apr 2026 13:49:31,9B14E8C8AE3DD4651A1F
SD NEGERI 008 SENAYANG,11001434,SD,Negeri,Kec. Katang Bidare,310413,Kab. Lingga,310400,Prov. Kepulauan Riau,310000,8,2,31,6,6,0,0,12,01 Apr 2026 22:23:54,EE421606AA1C2E03CD31
SD NEGERI 011 SENAYANG,11001447,SD,Negeri,Kec. Katang Bidare,310413,Kab. Lingga,310400,Prov. Kepulauan Riau,310000,8,2,55,6,6,0,1,1,29 Apr 2026 19:07:28,C6D903E3C80DC00B600F
SD NEGERI 015 SENAYANG,11001464,SD,Negeri,Kec. Katang Bidare,310413,Kab. Lingga,310400,Prov. Kepulauan Riau,310000,7,3,72,6,6,1,1,15,30 Mar 2026 13:57:08,070E78DB4EF22D17A9CF
SD NEGERI 025 SENAYANG,11001496,SD,Negeri,Kec. Katang Bidare,310413,Kab. Lingga,310400,Prov. Kepulauan Riau,310000,8,2,56,6,6,1,1,1,03 Mar 2026 10:54:25,2E59131E11CDE7DC6DCA
SD NEGERI 026 SENAYANG,11002614,SD,Negeri,Kec. Katang Bidare,310413,Kab. Lingga,310400,Prov. Kepulauan Riau,310000,8,3,41,6,5,0,1,36,03 Mar 2026 19:02:47,5A0829AF334CFAB25DCF
SD NEGERI 033 SENAYANG,11002804,SD,Negeri,Kec. Katang Bidare,310413,Kab. Lingga,310400,Prov. Kepulauan Riau,310000,5,2,24,6,4,0,0,7,06 Apr 2026 23:36:03,3D644B0E1B9B3ECDACA2
SD NEGERI 034 SENAYANG,11002805,SD,Negeri,Kec. Katang Bidare,310413,Kab. Lingga,310400,Prov. Kepulauan Riau,310000,6,1,20,6,3,0,0,6,04 Mar 2026 04:50:48,7D9B012461E8763D456D
SD NEGERI 036 SENAYANG,11002807,SD,Negeri,Kec. Katang Bidare,310413,Kab. Lingga,310400,Prov. Kepulauan Riau,310000,7,2,21,6,4,0,0,10,07 Apr 2026 08:04:18,B386B473C6785DEC44F7
SMP NEGERI 4 SENAYANG,60730345,SMP,Negeri,Kec. Katang Bidare,310413,Kab. Lingga,310400,Prov. Kepulauan Riau,310000,6,3,35,3,3,0,0,8,08 Mar 2026 21:30:00,12E545579FA9907B34BA
SMP NEGERI 5 SENAYANG,60730346,SMP,Negeri,Kec. Katang Bidare,310413,Kab. Lingga,310400,Prov. Kepulauan Riau,310000,7,3,60,3,6,2,1,18,01 May 2026 20:19:57,50921F82CA435C85A7CC
SMP NEGERI 6 SENAYANG,11001531,SMP,Negeri,Kec. Katang Bidare,310413,Kab. Lingga,310400,Prov. Kepulauan Riau,310000,7,3,90,3,6,1,1,15,04 Apr 2026 08:26:20,F434F153C37698EE0C68
SMP NEGERI 9 SENAYANG,11002607,SMP,Negeri,Kec. Katang Bidare,310413,Kab. Lingga,310400,Prov. Kepulauan Riau,310000,4,1,14,3,3,1,1,11,30 Apr 2026 21:45:30,7B9717F753DC4269C7C2
SMAN 1 KATANG BIDARE,11002813,SMA,Negeri,Kec. Katang Bidare,310413,Kab. Lingga,310400,Prov. Kepulauan Riau,310000,17,3,75,4,6,3,1,19,29 Apr 2026 13:26:57,BE60CC91289E1ECDE190
SD NEGERI 002 SENAYANG,11001411,SD,Negeri,Kec. Senayang,310403,Kab. Lingga,310400,Prov. Kepulauan Riau,310000,9,1,104,7,6,1,1,17,30 Apr 2026 05:34:48,CFBC226404A9F21A2F54
SD NEGERI 003 SENAYANG,11001415,SD,Negeri,Kec. Senayang,310403,Kab. Lingga,310400,Prov. Kepulauan Riau,310000,5,1,40,6,6,0,1,8,01 Mar 2026 06:17:06,F0C0AFAD3487D23F5E49
SD NEGERI 007 SENAYANG,11001430,SD,Negeri,Kec. Senayang,310403,Kab. Lingga,310400,Prov. Kepulauan Riau,310000,7,1,68,6,7,1,1,25,02 Apr 2026 00:46:54,87249A6764686427BF6A
SD NEGERI 014 SENAYANG,11001460,SD,Negeri,Kec. Senayang,310403,Kab. Lingga,310400,Prov. Kepulauan Riau,310000,9,3,45,6,6,0,0,16,17 Apr 2026 19:54:53,1A05E39CE1F1473F22E2
SD NEGERI 018 SENAYANG,11001476,SD,Negeri,Kec. Senayang,310403,Kab. Lingga,310400,Prov. Kepulauan Riau,310000,7,1,43,6,6,0,1,13,28 Apr 2026 20:17:32,69E2249E9B9035DE3D8E
SD NEGERI 019 SENAYANG,11001479,SD,Negeri,Kec. Senayang,310403,Kab. Lingga,310400,Prov. Kepulauan Riau,310000,6,2,21,6,5,0,1,17,30 Apr 2026 10:24:03,1420199FDAA30054E004
SD NEGERI 020 SENAYANG,11001482,SD,Negeri,Kec. Senayang,310403,Kab. Lingga,310400,Prov. Kepulauan Riau,310000,8,0,35,6,5,0,1,8,03 Apr 2026 05:05:17,D6728ABDF42B703C5B95
SD NEGERI 021 SENAYANG,11001485,SD,Negeri,Kec. Senayang,310403,Kab. Lingga,310400,Prov. Kepulauan Riau,310000,7,1,44,6,6,0,1,3,22 Jan 2026 10:02:46,93273221DA70C92E28F6
SD NEGERI 022 SENAYANG,11001488,SD,Negeri,Kec. Senayang,310403,Kab. Lingga,310400,Prov. Kepulauan Riau,310000,9,1,98,6,6,0,0,6,03 Mar 2026 08:43:19,C8D3EFE05DC82B1E009B
SD NEGERI 023 SENAYANG,11001491,SD,Negeri,Kec. Senayang,310403,Kab. Lingga,310400,Prov. Kepulauan Riau,310000,6,1,34,6,4,0,1,9,04 Mar 2026 08:19:14,ED31656DC4C68EC462A6
SD NEGERI 032 SENAYANG,11002803,SD,Negeri,Kec. Senayang,310403,Kab. Lingga,310400,Prov. Kepulauan Riau,310000,6,2,11,6,2,0,0,1,09 Apr 2026 08:33:07,29CBAA038A23199F4D36
SD ST CAROLUS SENAYANG,11001513,SD,Swasta,Kec. Senayang,310403,Kab. Lingga,310400,Prov. Kepulauan Riau,310000,4,1,27,6,6,0,0,3,09 Feb 2026 20:51:13,54BF45A75BE38ECEF719
SMP NEGERI 1 SENAYANG,11001520,SMP,Negeri,Kec. Senayang,310403,Kab. Lingga,310400,Prov. Kepulauan Riau,310000,9,3,89,4,6,2,1,11,04 Apr 2026 07:35:31,8E54D4FD2EE4DDDE0DCC
SMP NEGERI 10 SENAYANG,11002608,SMP,Negeri,Kec. Senayang,310403,Kab. Lingga,310400,Prov. Kepulauan Riau,310000,7,2,22,3,1,1,0,16,02 Mar 2026 09:37:32,D42DB00D0C87BCCA9621
SMAN 1 SENAYANG,11002069,SMA,Negeri,Kec. Senayang,310403,Kab. Lingga,310400,Prov. Kepulauan Riau,310000,16,8,115,6,8,5,1,18,20 Apr 2026 08:26:53,30079C439E87007EF263
SMK NEGERI 1 SENAYANG,11002073,SMK,Negeri,Kec. Senayang,310403,Kab. Lingga,310400,Prov. Kepulauan Riau,310000,13,7,25,3,8,0,1,50,01 May 2026 13:14:48,BFB2638739ED1240B389
SD NEGERI 001 SINGKEP PESISIR,11001431,SD,Negeri,Kec. Singkep Pesisir,310406,Kab. Lingga,310400,Prov. Kepulauan Riau,310000,9,1,106,6,5,0,1,8,04 Apr 2026 19:22:28,C21008C1DB2F893327B4
SD NEGERI 002 SINGKEP PESISIR,11001435,SD,Negeri,Kec. Singkep Pesisir,310406,Kab. Lingga,310400,Prov. Kepulauan Riau,310000,7,1,82,6,7,0,1,7,13 Apr 2026 21:36:16,E81FA1862BB45ADFB4E3
SD NEGERI 003 SINGKEP PESISIR,11001439,SD,Negeri,Kec. Singkep Pesisir,310406,Kab. Lingga,310400,Prov. Kepulauan Riau,310000,8,2,74,6,6,0,0,13,29 Apr 2026 10:52:24,28FC649C2C53DC8C2480
SD NEGERI 004 SINGKEP PESISIR,11001486,SD,Negeri,Kec. Singkep Pesisir,310406,Kab. Lingga,310400,Prov. Kepulauan Riau,310000,7,1,38,6,5,0,0,23,01 May 2026 05:57:12,318760E60CD23C504509
SD NEGERI 005 SINGKEP PESISIR,11001492,SD,Negeri,Kec. Singkep Pesisir,310406,Kab. Lingga,310400,Prov. Kepulauan Riau,310000,8,2,83,6,6,0,0,12,25 Apr 2026 10:03:14,88686B0F8D6ABDE3DD56
SMP NEGERI 1 SINGKEP PESISIR,11001529,SMP,Negeri,Kec. Singkep Pesisir,310406,Kab. Lingga,310400,Prov. Kepulauan Riau,310000,11,3,176,7,5,3,2,5,03 Mar 2026 06:42:30,3964FD8B80B1E6B7A5F8
SMP NEGERI 2 SINGKEP PESISIR,69949018,SMP,Negeri,Kec. Singkep Pesisir,310406,Kab. Lingga,310400,Prov. Kepulauan Riau,310000,10,6,58,3,3,1,0,20,03 Apr 2026 18:39:40,6E5E2A0989488A251761
SMAN 1 SINGKEP PESISIR,69979502,SMA,Negeri,Kec. Singkep Pesisir,310406,Kab. Lingga,310400,Prov. Kepulauan Riau,310000,16,8,130,6,6,2,0,13,02 Mar 2026 11:37:02,465AF8D4B49B781E666C
SD NEGERI 004 SENAYANG,11001419,SD,Negeri,Kec. Temiang Pesisir,310412,Kab. Lingga,310400,Prov. Kepulauan Riau,310000,8,1,120,6,8,0,0,20,04 Mar 2026 13:32:44,4FAF2421C6DB42D8C449
SD NEGERI 009 SENAYANG,11001438,SD,Negeri,Kec. Temiang Pesisir,310412,Kab. Lingga,310400,Prov. Kepulauan Riau,310000,7,3,61,6,5,0,1,18,29 Apr 2026 13:35:11,9BA62095437034AB3B03
SD NEGERI 024 SENAYANG,11001494,SD,Negeri,Kec. Temiang Pesisir,310412,Kab. Lingga,310400,Prov. Kepulauan Riau,310000,6,2,74,6,6,0,1,5,30 Apr 2026 16:34:42,BE5474096D4A94E72963
SD NEGERI 027 SENAYANG,11002595,SD,Negeri,Kec. Temiang Pesisir,310412,Kab. Lingga,310400,Prov. Kepulauan Riau,310000,8,3,48,9,10,0,1,29,24 Apr 2026 19:17:50,F9CF2660A10FC833A430
SD NEGERI 028 SENAYANG,11002596,SD,Negeri,Kec. Temiang Pesisir,310412,Kab. Lingga,310400,Prov. Kepulauan Riau,310000,6,1,28,6,5,0,1,18,30 Apr 2026 11:06:52,AC81F8DB8708D4761285
SD NEGERI 030 SENAYANG,11002801,SD,Negeri,Kec. Temiang Pesisir,310412,Kab. Lingga,310400,Prov. Kepulauan Riau,310000,6,1,25,6,4,0,0,7,02 Mar 2026 23:49:54,6DBB01BEF7433B394046
SMP NEGERI 3 SENAYANG,11001528,SMP,Negeri,Kec. Temiang Pesisir,310412,Kab. Lingga,310400,Prov. Kepulauan Riau,310000,8,2,123,6,6,1,1,9,04 Mar 2026 08:24:28,0678F413954E935B6860
SMAN 1 TEMIANG PESISIR,60725467,SMA,Negeri,Kec. Temiang Pesisir,310412,Kab. Lingga,310400,Prov. Kepulauan Riau,310000,14,11,140,6,9,4,2,17,17 Apr 2026 19:51:24,41D0098EF82615E686D2
SD NEGERI 001 SELAYAR,11001437,SD,Negeri,Kec. Selayar,310409,Kab. Lingga,310400,Prov. Kepulauan Riau,310000,8,2,131,6,9,0,1,9,14 Apr 2026 22:08:06,DC41AA10D0610776DF9C
SD NEGERI 002 SELAYAR,11001463,SD,Negeri,Kec. Selayar,310409,Kab. Lingga,310400,Prov. Kepulauan Riau,310000,7,1,46,6,6,0,1,9,04 Feb 2026 21:00:27,02B1A5FBA6AD66E2A1BE
SD NEGERI 003 SELAYAR,11001504,SD,Negeri,Kec. Selayar,310409,Kab. Lingga,310400,Prov. Kepulauan Riau,310000,7,1,38,6,7,0,1,7,07 Apr 2026 12:16:03,28F8D402B70B8BF4BFBC
SD NEGERI 004 SELAYAR,11001506,SD,Negeri,Kec. Selayar,310409,Kab. Lingga,310400,Prov. Kepulauan Riau,310000,7,1,30,6,6,0,1,7,22 Apr 2026 09:11:33,DA82C6FD31960D36CAD7
SD NEGERI 005 SELAYAR,11002809,SD,Negeri,Kec. Selayar,310409,Kab. Lingga,310400,Prov. Kepulauan Riau,310000,8,2,29,6,3,0,0,5,04 Mar 2026 14:41:13,EEE2CC325485FFD3C00F
SD NEGERI 006 SELAYAR,60730363,SD,Negeri,Kec. Selayar,310409,Kab. Lingga,310400,Prov. Kepulauan Riau,310000,8,1,37,6,6,0,0,6,30 Apr 2026 09:09:20,3AA45C415D5FEEED7573
SMP NEGERI 1 SELAYAR,11001530,SMP,Negeri,Kec. Selayar,310409,Kab. Lingga,310400,Prov. Kepulauan Riau,310000,12,4,117,6,6,1,0,1,22 Apr 2026 09:20:35,4C5140B99FF217E73536
SMAN 1 SELAYAR,11003243,SMA,Negeri,Kec. Selayar,310409,Kab. Lingga,310400,Prov. Kepulauan Riau,310000,18,8,122,6,8,5,1,20,06 Apr 2026 10:19:03,B6C2B1B28AD999D7DB08
SD NEGERI 001 SINGKEP SELATAN,11001443,SD,Negeri,Kec. Singkep Selatan,310407,Kab. Lingga,310400,Prov. Kepulauan Riau,310000,6,1,72,6,6,0,1,27,13 Apr 2026 22:57:20,D3876EFA477855B5C519
SD NEGERI 002 SINGKEP SELATAN,11001465,SD,Negeri,Kec. Singkep Selatan,310407,Kab. Lingga,310400,Prov. Kepulauan Riau,310000,6,2,84,6,6,0,1,6,04 Mar 2026 12:30:35,1DC9A1028EB48C351D00
SD NEGERI 003 SINGKEP SELATAN,11001469,SD,Negeri,Kec. Singkep Selatan,310407,Kab. Lingga,310400,Prov. Kepulauan Riau,310000,8,2,28,6,6,0,0,1,07 Apr 2026 15:54:26,1A89671B28A4B6C16FDC
SD NEGERI 004 SINGKEP SELATAN,11001480,SD,Negeri,Kec. Singkep Selatan,310407,Kab. Lingga,310400,Prov. Kepulauan Riau,310000,8,1,23,6,5,0,0,8,14 Feb 2026 21:22:13,42FD8213580BA9BF10C7
SD NEGERI 005 SINGKEP SELATAN,11002798,SD,Negeri,Kec. Singkep Selatan,310407,Kab. Lingga,310400,Prov. Kepulauan Riau,310000,5,1,17,6,6,0,0,17,18 Apr 2026 16:56:35,66F245E625BA238F6229
SMP NEGERI 1 SINGKEP SELATAN,60730344,SMP,Negeri,Kec. Singkep Selatan,310407,Kab. Lingga,310400,Prov. Kepulauan Riau,310000,6,2,17,3,3,1,1,30,28 Apr 2026 21:21:54,E38E5710A1C989ECD684
SMP NEGERI 2 SINGKEP SELATAN,11002602,SMP,Negeri,Kec. Singkep Selatan,310407,Kab. Lingga,310400,Prov. Kepulauan Riau,310000,7,2,87,3,3,2,1,21,28 Mar 2026 01:15:28,FBB391A4A3AF26C7F0AB
SMAN 1 SINGKEP SELATAN,69965911,SMA,Negeri,Kec. Singkep Selatan,310407,Kab. Lingga,310400,Prov. Kepulauan Riau,310000,17,6,67,6,6,3,1,25,15 Apr 2026 22:17:53,8311251D6309F6EAF24A
SD NEGERI 001 KEPULAUAN POSEK,11001428,SD,Negeri,Kec. Kepulauan Posek,310410,Kab. Lingga,310400,Prov. Kepulauan Riau,310000,7,2,32,6,6,0,1,12,11 Apr 2026 10:30:38,BBD1E69F4A6F7E8DB9F4
SD NEGERI 002 KEPULAUAN POSEK,11001449,SD,Negeri,Kec. Kepulauan Posek,310410,Kab. Lingga,310400,Prov. Kepulauan Riau,310000,7,2,92,6,6,0,0,6,05 Apr 2026 17:29:56,C14032D5E9805DE66ADF
SD NEGERI 003 KEPULAUAN POSEK,11001453,SD,Negeri,Kec. Kepulauan Posek,310410,Kab. Lingga,310400,Prov. Kepulauan Riau,310000,8,3,38,6,6,0,0,19,28 Apr 2026 10:05:22,5BD43B67F7BE9C774CC2
SD NEGERI 004 KEPULAUAN POSEK,11001462,SD,Negeri,Kec. Kepulauan Posek,310410,Kab. Lingga,310400,Prov. Kepulauan Riau,310000,7,1,86,6,6,0,0,26,11 Apr 2026 14:43:38,A5302EE5C543C1655119
SD NEGERI 005 KEPULAUAN POSEK,11001470,SD,Negeri,Kec. Kepulauan Posek,310410,Kab. Lingga,310400,Prov. Kepulauan Riau,310000,8,2,36,6,7,0,1,24,28 Apr 2026 09:54:46,BB804A8DAE1D4455BB2C
SD NEGERI 006 KEPULAUAN POSEK,11002066,SD,Negeri,Kec. Kepulauan Posek,310410,Kab. Lingga,310400,Prov. Kepulauan Riau,310000,6,7,60,6,6,0,0,6,24 Apr 2026 13:37:07,7CB0B0E3778694A0AF7D
SMP NEGERI 1 KEPULAUAN POSEK,11002810,SMP,Negeri,Kec. Kepulauan Posek,310410,Kab. Lingga,310400,Prov. Kepulauan Riau,310000,6,3,35,3,3,1,0,26,30 Apr 2026 23:07:10,325E99F65B0CA3B29F88
SMP NEGERI 2 KEPULAUAN POSEK,11002601,SMP,Negeri,Kec. Kepulauan Posek,310410,Kab. Lingga,310400,Prov. Kepulauan Riau,310000,7,2,94,3,3,2,1,6,10 Feb 2026 14:16:09,3AD721ACD4C57146CCB1
SMAN 1 KEPULAUAN POSEK,69980031,SMA,Negeri,Kec. Kepulauan Posek,310410,Kab. Lingga,310400,Prov. Kepulauan Riau,310000,8,5,87,4,4,2,1,7,06 Apr 2026 11:12:49,7EFEDDCB3F95C6991F05
SD NEGERI 001 RANAI,11001160,SD,Negeri,Kec. Bunguran Timur,310305,Kab. Natuna,310300,Prov. Kepulauan Riau,310000,22,4,346,15,9,0,2,25,29 Apr 2026 10:55:12,E793236BFAECEF83956E
SD NEGERI 002 RANAI,11001172,SD,Negeri,Kec. Bunguran Timur,310305,Kab. Natuna,310300,Prov. Kepulauan Riau,310000,21,13,356,14,9,1,1,35,24 Apr 2026 12:47:30,E31DE4CC2849A2FE76D1
SD NEGERI 003 SUNGAI ULU,11001190,SD,Negeri,Kec. Bunguran Timur,310305,Kab. Natuna,310300,Prov. Kepulauan Riau,310000,8,4,116,6,6,1,1,14,27 Apr 2026 23:41:22,54548D3AD3263F7520BA
SD NEGERI 004 RANAI,11001308,SD,Negeri,Kec. Bunguran Timur,310305,Kab. Natuna,310300,Prov. Kepulauan Riau,310000,15,8,227,11,7,0,1,47,23 Apr 2026 14:43:33,1C01EAF7E45B14D8824C
SD NEGERI 005 SEPEMPANG,11001326,SD,Negeri,Kec. Bunguran Timur,310305,Kab. Natuna,310300,Prov. Kepulauan Riau,310000,15,4,233,10,10,0,1,23,06 Apr 2026 11:12:10,A1D179C5579180D2BD9D
SD NEGERI 006 BANDARSYAH,11001350,SD,Negeri,Kec. Bunguran Timur,310305,Kab. Natuna,310300,Prov. Kepulauan Riau,310000,18,5,220,11,8,0,1,23,23 Apr 2026 19:18:09,A85F50FAFE995F8E11C7
SD NEGERI 007 RANAI DARAT,11001357,SD,Negeri,Kec. Bunguran Timur,310305,Kab. Natuna,310300,Prov. Kepulauan Riau,310000,21,3,355,15,18,0,0,58,11 Apr 2026 11:35:39,77751329C6C518C023D1
SD NEGERI 008 BATU GAJAH,11001368,SD,Negeri,Kec. Bunguran Timur,310305,Kab. Natuna,310300,Prov. Kepulauan Riau,310000,10,3,38,6,6,0,1,10,01 May 2026 21:00:09,89B7A5EE870568BA0EF7
SD NEGERI 009 BANDARSYAH,11001378,SD,Negeri,Kec. Bunguran Timur,310305,Kab. Natuna,310300,Prov. Kepulauan Riau,310000,10,2,96,6,6,0,1,26,30 Apr 2026 11:16:04,4B7B586006BDB438484B
SD NEGERI 010 BATU GAJAH,11001383,SD,Negeri,Kec. Bunguran Timur,310305,Kab. Natuna,310300,Prov. Kepulauan Riau,310000,9,4,49,6,6,0,1,30,03 Mar 2026 09:08:01,018F7218F0328B0F4673
SD NEGERI 011 RANAI,11002764,SD,Negeri,Kec. Bunguran Timur,310305,Kab. Natuna,310300,Prov. Kepulauan Riau,310000,8,4,97,6,6,0,1,87,23 Apr 2026 07:56:30,FD1FA9AF11098A41196E
SD NEGERI 012 RANAI,69964075,SD,Negeri,Kec. Bunguran Timur,310305,Kab. Natuna,310300,Prov. Kepulauan Riau,310000,21,5,274,12,10,1,1,22,06 Apr 2026 15:21:16,008187FA2A2EB5E613B4
SD NEGERI 013 RANAI,70041098,SD,Negeri,Kec. Bunguran Timur,310305,Kab. Natuna,310300,Prov. Kepulauan Riau,310000,9,3,104,6,6,0,0,35,24 Apr 2026 20:00:25,88CEADCB3B7061BAD54F
Sekolah Rakyat Dasar Terintegrasi 32 Natuna,70058785,SD,Negeri,Kec. Bunguran Timur,310305,Kab. Natuna,310300,Prov. Kepulauan Riau,310000,1,0,23,4,2,1,1,46,20 Apr 2026 08:02:20,9AD3F6EA135C62BCB647
SD ISLAM TERPADU ANAK SHOLEH RANAI,69980322,SD,Swasta,Kec. Bunguran Timur,310305,Kab. Natuna,310300,Prov. Kepulauan Riau,310000,19,2,177,8,7,0,0,23,06 Apr 2026 18:38:23,331A137E59D8C687AF7F
SD ISLAM TERPADU NIQ BUNGURAN TIMUR,70001237,SD,Swasta,Kec. Bunguran Timur,310305,Kab. Natuna,310300,Prov. Kepulauan Riau,310000,17,3,232,12,12,0,1,28,30 Jan 2026 21:32:51,6F1368B5B8C92C7AAF92
Sekolah Rakyat Menengah Pertama Terintegrasi 32 Natuna,70058786,SMP,Negeri,Kec. Bunguran Timur,310305,Kab. Natuna,310300,Prov. Kepulauan Riau,310000,5,0,50,2,5,2,1,25,23 Apr 2026 07:14:14,8B5606486A503B3F67BE
SMP NEGERI 1 BUNGURAN TIMUR,11000317,SMP,Negeri,Kec. Bunguran Timur,310305,Kab. Natuna,310300,Prov. Kepulauan Riau,310000,49,11,761,24,27,4,1,124,01 May 2026 00:59:07,D90E33D7493434D52E38
SMP NEGERI 2 BUNGURAN TIMUR,11002054,SMP,Negeri,Kec. Bunguran Timur,310305,Kab. Natuna,310300,Prov. Kepulauan Riau,310000,19,9,235,9,11,2,2,23,27 Apr 2026 10:49:01,7CF0DB5F04B91A372E37
SMP NEGERI 3 BUNGURAN TIMUR,11002498,SMP,Negeri,Kec. Bunguran Timur,310305,Kab. Natuna,310300,Prov. Kepulauan Riau,310000,12,7,88,3,8,2,1,36,23 Apr 2026 05:33:13,50AFF61BDE177C03D933
SMP Imam Syafii Boarding School,70047877,SMP,Swasta,Kec. Bunguran Timur,310305,Kab. Natuna,310300,Prov. Kepulauan Riau,310000,8,3,42,3,3,0,1,36,24 Apr 2026 22:19:43,1AEC86A0DD9FB74834C4
SMP NURUL JANNAH,69893913,SMP,Swasta,Kec. Bunguran Timur,310305,Kab. Natuna,310300,Prov. Kepulauan Riau,310000,15,3,207,8,6,1,1,22,19 Apr 2026 08:28:17,D67EDECFC3615992A786
SMPIT NATUNA INSAN QURANI,70030341,SMP,Swasta,Kec. Bunguran Timur,310305,Kab. Natuna,310300,Prov. Kepulauan Riau,310000,7,3,50,3,3,0,0,15,04 Apr 2026 21:23:39,1BA33993B1D2243CB34A
Sekolah Rakyat Menengah Atas Terintegrasi 32 Natuna,70058787,SMA,Negeri,Kec. Bunguran Timur,310305,Kab. Natuna,310300,Prov. Kepulauan Riau,310000,11,1,22,2,5,1,1,40,20 Apr 2026 10:41:59,740E39EF29C050897676
SMAN 1 BUNGURAN TIMUR,11000322,SMA,Negeri,Kec. Bunguran Timur,310305,Kab. Natuna,310300,Prov. Kepulauan Riau,310000,48,17,947,27,27,4,1,58,30 Apr 2026 09:14:47,83F4A8E02B4C278F2909
SMAN 2 BUNGURAN TIMUR,11002049,SMA,Negeri,Kec. Bunguran Timur,310305,Kab. Natuna,310300,Prov. Kepulauan Riau,310000,41,12,558,18,18,5,2,26,05 Apr 2026 11:37:01,8339E70D8DB510EF12B1
SMA NURUL JANNAH,70057010,SMA,Swasta,Kec. Bunguran Timur,310305,Kab. Natuna,310300,Prov. Kepulauan Riau,310000,0,0,13,1,1,0,0,7,27 Apr 2026 09:42:15,C866AAB40CE5EBAA6C3F
SMK NEGERI 1 BUNGURAN TIMUR,11002052,SMK,Negeri,Kec. Bunguran Timur,310305,Kab. Natuna,310300,Prov. Kepulauan Riau,310000,29,22,91,12,15,5,1,16,10 Apr 2026 09:36:35,9867E225B3166D27D5AB
SMK NEGERI 2 BUNGURAN TIMUR,69988626,SMK,Negeri,Kec. Bunguran Timur,310305,Kab. Natuna,310300,Prov. Kepulauan Riau,310000,21,7,46,9,5,3,1,24,10 Apr 2026 20:22:16,8155681B249DE29FF712
SD NEGERI 001 SEDANAU,11001161,SD,Negeri,Kec. Bunguran Barat,310304,Kab. Natuna,310300,Prov. Kepulauan Riau,310000,9,4,87,6,7,0,1,8,22 Jan 2026 09:00:28,8FBCF8A0EB0679BDF404
SD NEGERI 002 SEDANAU,11001173,SD,Negeri,Kec. Bunguran Barat,310304,Kab. Natuna,310300,Prov. Kepulauan Riau,310000,9,4,72,6,6,0,1,12,06 Apr 2026 09:11:34,E2785391BA2A68926725
SD NEGERI 003 SEDANAU,11001314,SD,Negeri,Kec. Bunguran Barat,310304,Kab. Natuna,310300,Prov. Kepulauan Riau,310000,16,5,157,8,14,1,1,15,14 Apr 2026 01:55:55,ACCA3F697C8123CF41E6
SD NEGERI 004 PIAN TENGAH,11001332,SD,Negeri,Kec. Bunguran Barat,310304,Kab. Natuna,310300,Prov. Kepulauan Riau,310000,8,1,59,6,6,0,1,11,02 Mar 2026 11:41:59,61DB42D752B4F1CB3E9B
SD NEGERI 005 SEDANAU,11001341,SD,Negeri,Kec. Bunguran Barat,310304,Kab. Natuna,310300,Prov. Kepulauan Riau,310000,8,5,74,6,6,0,1,15,27 Apr 2026 22:58:33,29E4A84C6A4FC2C44C4B
SD NEGERI 006 SEDANAU,11001347,SD,Negeri,Kec. Bunguran Barat,310304,Kab. Natuna,310300,Prov. Kepulauan Riau,310000,9,3,46,6,7,0,2,12,24 Apr 2026 07:44:18,29CE66ED507B7C2FC229
SD NEGERI 007 SELAUT,11001353,SD,Negeri,Kec. Bunguran Barat,310304,Kab. Natuna,310300,Prov. Kepulauan Riau,310000,8,4,30,6,8,0,1,39,16 Apr 2026 20:38:33,10C6B8E9B087EAB6EADA
SD NEGERI 008 BINJAI,11001359,SD,Negeri,Kec. Bunguran Barat,310304,Kab. Natuna,310300,Prov. Kepulauan Riau,310000,8,4,96,6,6,0,1,16,03 Mar 2026 21:26:52,4C0AADD144482BC33E5D
SD NEGERI 009 MEKAR JAYA,11001375,SD,Negeri,Kec. Bunguran Barat,310304,Kab. Natuna,310300,Prov. Kepulauan Riau,310000,7,3,63,6,6,0,1,16,04 Apr 2026 21:39:33,164A7757835CA45B3CB4
SD NEGERI 010 SEDANAU,11001380,SD,Negeri,Kec. Bunguran Barat,310304,Kab. Natuna,310300,Prov. Kepulauan Riau,310000,8,3,10,5,6,0,1,15,05 Mar 2026 09:20:22,EBF788D13C69270573B6
SD ISLAM TERPADU ISLAMIC CENTRE BUNGURAN BARAT,70003625,SD,Swasta,Kec. Bunguran Barat,310304,Kab. Natuna,310300,Prov. Kepulauan Riau,310000,8,2,90,6,6,0,0,19,16 Apr 2026 11:53:33,5D177E058989FFBDB5D9
SMP NEGERI 1 BUNGURAN BARAT,11000318,SMP,Negeri,Kec. Bunguran Barat,310304,Kab. Natuna,310300,Prov. Kepulauan Riau,310000,13,8,138,6,10,2,1,18,21 Apr 2026 22:14:54,B7744FC2393A74F6D3B3
SMP NEGERI 2 BUNGURAN BARAT,11002503,SMP,Negeri,Kec. Bunguran Barat,310304,Kab. Natuna,310300,Prov. Kepulauan Riau,310000,7,7,23,3,8,2,1,15,02 Apr 2026 22:16:05,B6C963F5D0B1940FE4E7
SMP NEGERI 3 BUNGURAN BARAT,69980325,SMP,Negeri,Kec. Bunguran Barat,310304,Kab. Natuna,310300,Prov. Kepulauan Riau,310000,7,4,6,3,3,1,1,18,03 Mar 2026 13:56:04,EE106FADCD7FE3255181
SMAN 1 BUNGURAN BARAT,11002042,SMA,Negeri,Kec. Bunguran Barat,310304,Kab. Natuna,310300,Prov. Kepulauan Riau,310000,21,10,142,6,10,4,1,44,21 Apr 2026 14:56:23,24155730A95015376446
SMK NEGERI 1 BUNGURAN BARAT,11000320,SMK,Negeri,Kec. Bunguran Barat,310304,Kab. Natuna,310300,Prov. Kepulauan Riau,310000,28,16,131,13,15,6,1,42,05 Apr 2026 13:47:59,54B3233C390150AE10DA
SMK NEGERI 2 BUNGURAN BARAT,11003175,SMK,Negeri,Kec. Bunguran Barat,310304,Kab. Natuna,310300,Prov. Kepulauan Riau,310000,16,10,51,6,11,5,1,25,29 Apr 2026 12:22:02,08D3FDEFD30E3C078145
SD NEGERI 001 TANJUNG,11001182,SD,Negeri,Kec. Bunguran Timur Laut,310317,Kab. Natuna,310300,Prov. Kepulauan Riau,310000,9,4,129,7,6,0,2,15,18 Apr 2026 08:26:08,A61D97CCC4E6ADEAB44D
SD NEGERI 002 KELANGA,11001312,SD,Negeri,Kec. Bunguran Timur Laut,310317,Kab. Natuna,310300,Prov. Kepulauan Riau,310000,8,3,94,6,6,0,1,33,13 Mar 2026 21:49:15,0158DC0A06D8C4B41181
SD NEGERI 003 PENGADAH,11001319,SD,Negeri,Kec. Bunguran Timur Laut,310317,Kab. Natuna,310300,Prov. Kepulauan Riau,310000,8,4,62,6,6,0,4,34,16 Apr 2026 21:52:57,B66DAFE4AA0D85355DFE
SD NEGERI 004 CERUK,11001335,SD,Negeri,Kec. Bunguran Timur Laut,310317,Kab. Natuna,310300,Prov. Kepulauan Riau,310000,10,4,124,6,7,0,1,15,10 Apr 2026 11:00:54,C46EFEC43CDFE6254E18
SD NEGERI 005 LIMAU MANIS,11001372,SD,Negeri,Kec. Bunguran Timur Laut,310317,Kab. Natuna,310300,Prov. Kepulauan Riau,310000,10,3,113,6,6,1,1,13,24 Mar 2026 13:31:39,B0125E04A5AD63A2109C
SD NEGERI 006 SELEMAM,11001381,SD,Negeri,Kec. Bunguran Timur Laut,310317,Kab. Natuna,310300,Prov. Kepulauan Riau,310000,10,4,38,6,6,0,1,22,27 Apr 2026 13:21:35,8A2843F40AE88EE8CAB2
SD NEGERI 007 SEBADAI HULU,11001382,SD,Negeri,Kec. Bunguran Timur Laut,310317,Kab. Natuna,310300,Prov. Kepulauan Riau,310000,7,4,35,6,6,0,2,24,27 Apr 2026 08:57:23,9436F7748F75EC9E3EDD
SD ISLAM PATIHA,70061537,SD,Swasta,Kec. Bunguran Timur Laut,310317,Kab. Natuna,310300,Prov. Kepulauan Riau,310000,0,0,0,0,0,0,0,0,,8768E531F851F76E4642
SMP NEGERI 1 BUNGURAN TIMUR LAUT,11001403,SMP,Negeri,Kec. Bunguran Timur Laut,310317,Kab. Natuna,310300,Prov. Kepulauan Riau,310000,15,9,195,7,9,3,1,33,30 Apr 2026 08:52:41,F0688544EAC2D6944DBC
SMP NEGERI 2 BUNGURAN TIMUR LAUT,11002055,SMP,Negeri,Kec. Bunguran Timur Laut,310317,Kab. Natuna,310300,Prov. Kepulauan Riau,310000,10,6,35,3,5,0,1,35,01 May 2026 05:07:34,2FDE2DE4C3B14BDED2EF
SMAN 1 BUNGURAN TIMUR LAUT,11002778,SMA,Negeri,Kec. Bunguran Timur Laut,310317,Kab. Natuna,310300,Prov. Kepulauan Riau,310000,21,7,162,7,7,4,1,27,27 Apr 2026 04:41:31,C2E8C874C207FC679914
SMK NEGERI 1 BUNGURAN TIMUR LAUT,69974105,SMK,Negeri,Kec. Bunguran Timur Laut,310317,Kab. Natuna,310300,Prov. Kepulauan Riau,310000,17,9,66,9,6,2,3,40,07 Apr 2026 08:03:26,16B1513024A64C3206B0
SD NEGERI 001 SERASAN,11002364,SD,Negeri,Kec. Serasan,310306,Kab. Natuna,310300,Prov. Kepulauan Riau,310000,7,3,103,6,8,1,1,22,29 Apr 2026 11:14:52,09A75403C1199C33867F
SD NEGERI 002 SERASAN,11001165,SD,Negeri,Kec. Serasan,310306,Kab. Natuna,310300,Prov. Kepulauan Riau,310000,8,4,79,6,6,0,1,20,14 Apr 2026 05:38:27,77925F49ADCC4550DE43
SD NEGERI 003 TANJUNG BALAU,11001191,SD,Negeri,Kec. Serasan,310306,Kab. Natuna,310300,Prov. Kepulauan Riau,310000,8,6,45,6,6,0,1,4,26 Apr 2026 15:26:18,6FC3F3A80B942D6FFD03
SD NEGERI 004 JERMALIK,11001197,SD,Negeri,Kec. Serasan,310306,Kab. Natuna,310300,Prov. Kepulauan Riau,310000,9,6,44,6,6,0,1,15,20 Apr 2026 08:52:52,3B7CDC746AACCE5D2999
SD NEGERI 005 PANGKALAN,11001311,SD,Negeri,Kec. Serasan,310306,Kab. Natuna,310300,Prov. Kepulauan Riau,310000,8,7,41,6,8,0,1,28,01 May 2026 18:56:39,B1A4600D344F15A36787
SD NEGERI 006 BATU BERIAN,11001316,SD,Negeri,Kec. Serasan,310306,Kab. Natuna,310300,Prov. Kepulauan Riau,310000,8,5,84,6,7,0,1,17,03 Apr 2026 00:31:35,369F3ACF6C6EABED695D
SD NEGERI 007 HILIR,11001328,SD,Negeri,Kec. Serasan,310306,Kab. Natuna,310300,Prov. Kepulauan Riau,310000,9,7,97,6,6,0,2,18,28 Apr 2026 10:48:26,BB498AAF611C28C9EE7E
SMP NEGERI 1 SERASAN,11000325,SMP,Negeri,Kec. Serasan,310306,Kab. Natuna,310300,Prov. Kepulauan Riau,310000,14,10,177,6,12,3,1,35,20 Apr 2026 12:29:34,FD61AC448C647C96AB73
SMP NEGERI 2 SERASAN,69978814,SMP,Negeri,Kec. Serasan,310306,Kab. Natuna,310300,Prov. Kepulauan Riau,310000,9,7,33,3,3,0,0,26,21 Apr 2026 10:02:40,785C35CD141435FC6353
SMP NEGERI 3 SERASAN,69978813,SMP,Negeri,Kec. Serasan,310306,Kab. Natuna,310300,Prov. Kepulauan Riau,310000,8,7,44,3,3,0,0,17,12 Mar 2026 21:56:04,76BDAD859382A638A282
SMAN 1 SERASAN,11002047,SMA,Negeri,Kec. Serasan,310306,Kab. Natuna,310300,Prov. Kepulauan Riau,310000,25,16,285,10,12,3,1,58,30 Apr 2026 21:30:49,7BDA910A4B32E84CA4D6
SD NEGERI 001 CEMAGA,11001195,SD,Negeri,Kec. Bunguran Selatan,310320,Kab. Natuna,310300,Prov. Kepulauan Riau,310000,8,3,123,6,6,0,1,45,27 Apr 2026 10:25:49,E00B21048DE98B44629F
SD NEGERI 002 CEMAGA TENGAH,11001330,SD,Negeri,Kec. Bunguran Selatan,310320,Kab. Natuna,310300,Prov. Kepulauan Riau,310000,9,4,38,6,6,1,1,10,02 May 2026 08:40:23,855279FC7AB5D7144FC5
SD NEGERI 003 CEMAGA UTARA,11001345,SD,Negeri,Kec. Bunguran Selatan,310320,Kab. Natuna,310300,Prov. Kepulauan Riau,310000,8,5,115,6,6,0,1,13,22 Apr 2026 11:18:24,7BD188A48191CB11094B
SD NEGERI 004 CEMAGA SELATAN,11001346,SD,Negeri,Kec. Bunguran Selatan,310320,Kab. Natuna,310300,Prov. Kepulauan Riau,310000,7,2,42,6,6,0,1,16,25 Apr 2026 10:04:55,C42BD5A17965E64FE186
SD NEGERI 005 CEMAGA SELATAN,11001376,SD,Negeri,Kec. Bunguran Selatan,310320,Kab. Natuna,310300,Prov. Kepulauan Riau,310000,7,4,63,6,6,0,1,19,09 Apr 2026 08:18:02,5845B56DB712BCEFF407
SD NEGERI 006 CEMAGA SELATAN,11001384,SD,Negeri,Kec. Bunguran Selatan,310320,Kab. Natuna,310300,Prov. Kepulauan Riau,310000,7,2,25,6,6,0,2,28,15 Apr 2026 09:43:33,24E1740FF64B1183CB66
SMP NEGERI 1 BUNGURAN SELATAN,11001404,SMP,Negeri,Kec. Bunguran Selatan,310320,Kab. Natuna,310300,Prov. Kepulauan Riau,310000,11,11,67,3,4,2,1,13,14 Apr 2026 23:19:15,533D6EA9CB437C286D8C
SMP NEGERI 2 BUNGURAN SELATAN,69978815,SMP,Negeri,Kec. Bunguran Selatan,310320,Kab. Natuna,310300,Prov. Kepulauan Riau,310000,10,3,46,3,6,1,1,37,29 Apr 2026 11:45:23,24668F73D9E1E0597414
SMAN 1 BUNGURAN SELATAN,11002499,SMA,Negeri,Kec. Bunguran Selatan,310320,Kab. Natuna,310300,Prov. Kepulauan Riau,310000,17,8,111,5,6,4,1,38,27 Apr 2026 18:44:01,559AB089D7B2D1ADFF74
SD NEGERI 001 TANJUNG BATANG,11001192,SD,Negeri,Kec. Pulau Tiga,310313,Kab. Natuna,310300,Prov. Kepulauan Riau,310000,9,3,138,6,8,0,1,19,17 Apr 2026 07:50:37,D864588B8BECCA447D47
SD NEGERI 002 SEDEDAP,11001300,SD,Negeri,Kec. Pulau Tiga,310313,Kab. Natuna,310300,Prov. Kepulauan Riau,310000,8,2,81,6,6,1,1,30,28 Apr 2026 21:57:33,736F9DCD569AFB2B1829
SD NEGERI 003 SABANG MAWANG,11001304,SD,Negeri,Kec. Pulau Tiga,310313,Kab. Natuna,310300,Prov. Kepulauan Riau,310000,10,5,118,6,7,0,1,31,14 Apr 2026 08:26:00,1DCA7A90B4C0426A2C67
SD NEGERI 004 SERANTAS,11001327,SD,Negeri,Kec. Pulau Tiga,310313,Kab. Natuna,310300,Prov. Kepulauan Riau,310000,7,4,69,6,8,0,1,47,17 Apr 2026 10:20:41,E4B9DD42471AF3A9E8E8
SMP NEGERI 1 PULAU TIGA,11001405,SMP,Negeri,Kec. Pulau Tiga,310313,Kab. Natuna,310300,Prov. Kepulauan Riau,310000,9,10,106,4,5,1,1,35,28 Apr 2026 09:04:58,640397DF3DABA376330D
SMAN 1 PULAU TIGA,70062187,SMA,Negeri,Kec. Pulau Tiga,310313,Kab. Natuna,310300,Prov. Kepulauan Riau,310000,0,0,0,0,0,0,0,0,,C20392BB437ACB4AD7BC
SMAN 1 PULAU TIGA BARAT,11002050,SMA,Negeri,Kec. Pulau Tiga,310313,Kab. Natuna,310300,Prov. Kepulauan Riau,310000,21,8,208,7,8,3,1,67,23 Apr 2026 10:16:00,983F48AA3A9E15BEF16F
SD NEGERI 001 ARUNG AYAM,11001176,SD,Negeri,Kec. Serasan Timur,310321,Kab. Natuna,310300,Prov. Kepulauan Riau,310000,8,3,86,6,8,1,1,10,14 Apr 2026 20:48:07,958F95B097D408ED9BF4
SD NEGERI 002 AIR NUSA,11001303,SD,Negeri,Kec. Serasan Timur,310321,Kab. Natuna,310300,Prov. Kepulauan Riau,310000,7,8,117,6,6,0,1,12,12 Apr 2026 23:58:59,D00261EAD77D65205131
SD NEGERI 003 PAYAK,11001325,SD,Negeri,Kec. Serasan Timur,310321,Kab. Natuna,310300,Prov. Kepulauan Riau,310000,8,4,44,6,6,0,1,29,30 Apr 2026 09:21:16,953BAB3ABCA2F117DC74
SD NEGERI 004 AIR RINGAU,69893603,SD,Negeri,Kec. Serasan Timur,310321,Kab. Natuna,310300,Prov. Kepulauan Riau,310000,9,6,71,6,6,0,1,37,01 May 2026 00:21:55,7C7C8998CC2B645FFBF0
SMP NEGERI 1 SERASAN TIMUR,11002053,SMP,Negeri,Kec. Serasan Timur,310321,Kab. Natuna,310300,Prov. Kepulauan Riau,310000,11,6,168,6,9,2,1,46,20 Apr 2026 20:39:16,8CE17A4B2D31BCB5BA1E
SMAN 1 SERASAN TIMUR,11003053,SMA,Negeri,Kec. Serasan Timur,310321,Kab. Natuna,310300,Prov. Kepulauan Riau,310000,16,7,108,4,6,4,1,27,28 Apr 2026 08:04:53,759ED0CED982B149AE57
SD NEGERI 001 SEDANAU TIMUR,11001338,SD,Negeri,Kec. Bunguran Batubi,310323,Kab. Natuna,310300,Prov. Kepulauan Riau,310000,7,4,57,6,6,0,1,27,07 Apr 2026 10:47:41,5371697ECE9118658711
SD NEGERI 002 BATUBI JAYA,11001366,SD,Negeri,Kec. Bunguran Batubi,310323,Kab. Natuna,310300,Prov. Kepulauan Riau,310000,10,2,41,6,7,0,1,46,04 Apr 2026 08:02:15,7D474C779F20118665F3
SD NEGERI 003 GUNUNG PUTRI,11001369,SD,Negeri,Kec. Bunguran Batubi,310323,Kab. Natuna,310300,Prov. Kepulauan Riau,310000,7,4,117,6,7,0,1,42,02 May 2026 11:10:55,3CE1590AEDA220CE02B1
SD NEGERI 004 SEDARAT BARU,11001371,SD,Negeri,Kec. Bunguran Batubi,310323,Kab. Natuna,310300,Prov. Kepulauan Riau,310000,9,2,36,6,6,0,1,10,30 Mar 2026 12:23:29,F00C8743D011817EB690
SD NEGERI 005 BATUBI JAYA,11001374,SD,Negeri,Kec. Bunguran Batubi,310323,Kab. Natuna,310300,Prov. Kepulauan Riau,310000,9,4,82,6,6,0,1,32,28 Apr 2026 20:59:29,0607475E9651516D6F1D
SMP NEGERI 1 BUNGURAN BATUBI,11000328,SMP,Negeri,Kec. Bunguran Batubi,310323,Kab. Natuna,310300,Prov. Kepulauan Riau,310000,12,5,127,5,9,1,1,17,21 Apr 2026 10:24:44,986215DAE7D161465D67
SMAN 1 BATUBI,11002450,SMA,Negeri,Kec. Bunguran Batubi,310323,Kab. Natuna,310300,Prov. Kepulauan Riau,310000,16,7,59,3,8,5,1,22,27 Apr 2026 13:42:05,22401E1C3F5EFE4C65F2
SD NEGERI 001 HARAPAN JAYA,11001360,SD,Negeri,Kec. Bunguran Tengah,310318,Kab. Natuna,310300,Prov. Kepulauan Riau,310000,14,3,183,11,10,0,1,22,28 Apr 2026 11:03:32,AAE2D8FBD643F74D871F
SD NEGERI 002 TAPAU,11001365,SD,Negeri,Kec. Bunguran Tengah,310318,Kab. Natuna,310300,Prov. Kepulauan Riau,310000,9,4,100,6,6,0,1,22,27 Apr 2026 08:32:00,939CCAF69A93148A6095
SD NEGERI 003 AIR LENGIT,11001370,SD,Negeri,Kec. Bunguran Tengah,310318,Kab. Natuna,310300,Prov. Kepulauan Riau,310000,10,3,97,6,7,0,1,11,04 Apr 2026 08:57:06,AFF3CB0DAF3E66CA0363
SMP NEGERI 1 BUNGURAN TENGAH,11000329,SMP,Negeri,Kec. Bunguran Tengah,310318,Kab. Natuna,310300,Prov. Kepulauan Riau,310000,14,5,157,6,10,3,1,42,27 Apr 2026 09:45:53,214E816D441FCB84B9F8
SMAN 1 BUNGURAN TENGAH,69762629,SMA,Negeri,Kec. Bunguran Tengah,310318,Kab. Natuna,310300,Prov. Kepulauan Riau,310000,20,6,112,5,9,5,1,30,23 Apr 2026 09:39:38,97A06F3B4CA59206DCF8
SD NEGERI 001 KELARIK AIR MALI,11002358,SD,Negeri,Kec. Bunguran Utara,310311,Kab. Natuna,310300,Prov. Kepulauan Riau,310000,8,2,68,6,7,0,1,7,06 Mar 2026 08:43:46,A649DD80DC403F75FE64
SD NEGERI 002 KELARIK,11001168,SD,Negeri,Kec. Bunguran Utara,310311,Kab. Natuna,310300,Prov. Kepulauan Riau,310000,10,6,134,7,8,0,1,21,16 Apr 2026 14:34:38,67EEA05CB307FD33E06C
SD NEGERI 003 KELARIK UTARA,11001178,SD,Negeri,Kec. Bunguran Utara,310311,Kab. Natuna,310300,Prov. Kepulauan Riau,310000,9,5,134,6,7,1,1,5,03 Apr 2026 13:00:51,5F98947DD5CEF15AE283
SD NEGERI 004 TELUK BUTON,11001302,SD,Negeri,Kec. Bunguran Utara,310311,Kab. Natuna,310300,Prov. Kepulauan Riau,310000,7,6,61,6,6,0,1,37,24 Apr 2026 10:54:29,598B06CCCE59611A422D
SMP NEGERI 1 BUNGURAN UTARA,11001396,SMP,Negeri,Kec. Bunguran Utara,310311,Kab. Natuna,310300,Prov. Kepulauan Riau,310000,12,11,102,4,12,3,1,40,14 Apr 2026 23:30:31,405EB160CBF0DB91AEC9
SMP NEGERI 2 BUNGURAN UTARA,69978868,SMP,Negeri,Kec. Bunguran Utara,310311,Kab. Natuna,310300,Prov. Kepulauan Riau,310000,12,4,18,3,3,0,0,18,07 Mar 2026 10:24:01,A5DC99E6C52876ADF910
SMAN 1 BUNGURAN UTARA,11002043,SMA,Negeri,Kec. Bunguran Utara,310311,Kab. Natuna,310300,Prov. Kepulauan Riau,310000,19,11,133,6,11,4,1,21,08 Apr 2026 09:58:42,7B2F2E5B62C6BA608A32
SD NEGERI 001 SABANG BARAT,11002363,SD,Negeri,Kec. Midai,310303,Kab. Natuna,310300,Prov. Kepulauan Riau,310000,12,7,138,8,12,0,1,26,25 Apr 2026 09:58:22,63E8872A4C5F170F46D1
SD NEGERI 002 AIR PUTIH,11001175,SD,Negeri,Kec. Midai,310303,Kab. Natuna,310300,Prov. Kepulauan Riau,310000,8,7,39,6,6,0,1,22,12 Apr 2026 12:30:53,4F1D4EE2CB00F76FC4D9
SD NEGERI 003 SABANG BARAT,11001185,SD,Negeri,Kec. Midai,310303,Kab. Natuna,310300,Prov. Kepulauan Riau,310000,9,4,109,6,6,0,1,12,03 Apr 2026 06:12:48,1FF08F34D3D7C3AF8385
SD NEGERI 004 GUNUNG SEBELAT,11001196,SD,Negeri,Kec. Midai,310303,Kab. Natuna,310300,Prov. Kepulauan Riau,310000,8,7,40,6,6,0,1,17,11 Apr 2026 05:16:15,AA9B54016B2889231EC3
SMP NEGERI 1 MIDAI,11000324,SMP,Negeri,Kec. Midai,310303,Kab. Natuna,310300,Prov. Kepulauan Riau,310000,11,9,95,5,13,2,1,53,11 Apr 2026 08:44:57,10B3BEA14E3733077A84
SMAN 1 MIDAI,11002045,SMA,Negeri,Kec. Midai,310303,Kab. Natuna,310300,Prov. Kepulauan Riau,310000,23,15,185,6,13,5,1,24,17 Apr 2026 11:44:44,6D6C7990564944AB43CB
SD NEGERI 001 AIR PAYANG,11002448,SD,Negeri,Kec. Pulau Laut,310312,Kab. Natuna,310300,Prov. Kepulauan Riau,310000,9,3,100,6,6,0,1,14,02 Apr 2026 04:09:50,44B2D588B1B128C90B69
SD NEGERI 002 TANJUNG PALA,11001174,SD,Negeri,Kec. Pulau Laut,310312,Kab. Natuna,310300,Prov. Kepulauan Riau,310000,10,4,102,6,7,1,1,22,16 Apr 2026 10:47:47,25E48CC25F15C41AC9F9
SD NEGERI 003 KADUR,11001177,SD,Negeri,Kec. Pulau Laut,310312,Kab. Natuna,310300,Prov. Kepulauan Riau,310000,7,3,37,6,6,0,1,10,23 Apr 2026 10:43:52,A0ACE4113711FCB88DA0
SMP NEGERI 1 PULAU LAUT,11001398,SMP,Negeri,Kec. Pulau Laut,310312,Kab. Natuna,310300,Prov. Kepulauan Riau,310000,9,4,88,4,7,2,1,13,15 Apr 2026 10:19:37,9D6577EDA82B0E2F7049
SMAN 1 PULAU LAUT,11002051,SMA,Negeri,Kec. Pulau Laut,310312,Kab. Natuna,310300,Prov. Kepulauan Riau,310000,16,9,107,4,9,3,1,26,27 Apr 2026 15:13:33,67117755A860B0709024
SD NEGERI 001 PULAU TIGA,11001183,SD,Negeri,Kec. Pulau Tiga Barat,310324,Kab. Natuna,310300,Prov. Kepulauan Riau,310000,11,4,163,8,7,0,1,53,17 Apr 2026 09:33:56,4A85B954075BC7769F14
SD NEGERI 002 SELADING,11001321,SD,Negeri,Kec. Pulau Tiga Barat,310324,Kab. Natuna,310300,Prov. Kepulauan Riau,310000,10,3,43,6,6,0,1,32,02 Apr 2026 09:07:23,A619A7ACFC8EDBD045B8
SD NEGERI 003 SETUMUK,11001358,SD,Negeri,Kec. Pulau Tiga Barat,310324,Kab. Natuna,310300,Prov. Kepulauan Riau,310000,8,5,41,6,6,1,1,64,30 Apr 2026 11:46:29,8DD1F1E4ECD3AFD0CA5E
SMP NEGERI 1 PULAU TIGA  BARAT,11001402,SMP,Negeri,Kec. Pulau Tiga Barat,310324,Kab. Natuna,310300,Prov. Kepulauan Riau,310000,8,4,87,4,6,3,1,21,29 Apr 2026 12:37:12,B3C092B72367592B6C5D
SD NEGERI 001 SUBI,11001162,SD,Negeri,Kec. Subi,310309,Kab. Natuna,310300,Prov. Kepulauan Riau,310000,9,5,96,6,6,0,1,21,30 Apr 2026 09:34:49,78523AC911FA51AA74D1
SD NEGERI 002 MELIAH,11002509,SD,Negeri,Kec. Subi,310309,Kab. Natuna,310300,Prov. Kepulauan Riau,310000,8,5,57,6,10,0,1,48,29 Apr 2026 10:10:45,744A524917B572CCD43B
SD NEGERI 003 SUBI BESAR,11001181,SD,Negeri,Kec. Subi,310309,Kab. Natuna,310300,Prov. Kepulauan Riau,310000,10,3,74,6,10,1,1,15,30 Apr 2026 08:35:17,2C12A5C1131012E2590E
SMP NEGERI 1 SUBI,11001399,SMP,Negeri,Kec. Subi,310309,Kab. Natuna,310300,Prov. Kepulauan Riau,310000,9,8,123,6,6,3,1,6,06 Mar 2026 08:52:02,01D6C17A6AC93904DCA9
SMAN 1 SUBI,11002048,SMA,Negeri,Kec. Subi,310309,Kab. Natuna,310300,Prov. Kepulauan Riau,310000,15,8,111,6,9,3,1,18,20 Apr 2026 08:43:41,55870AF6F97FA214E09C
SD NEGERI 001 KELARIK BARAT,11001189,SD,Negeri,Kec. Pulau Seluan,310327,Kab. Natuna,310300,Prov. Kepulauan Riau,310000,8,4,76,6,8,0,1,22,30 Apr 2026 15:16:08,D7906C4587C02CE1637D
SMP NEGERI 1 PULAU SELUAN,11002508,SMP,Negeri,Kec. Pulau Seluan,310327,Kab. Natuna,310300,Prov. Kepulauan Riau,310000,8,4,43,3,5,2,1,23,23 Apr 2026 20:07:30,4750ED509D00E76E64A1
SMA NEGERI 1 SELUAN,70048467,SMA,Negeri,Kec. Pulau Seluan,310327,Kab. Natuna,310300,Prov. Kepulauan Riau,310000,12,3,24,3,3,0,0,27,30 Apr 2026 10:05:07,62BFA77546C04F4920A9
SD NEGERI 001 BATU BELANAK,11001167,SD,Negeri,Kec. Suak Midai,310325,Kab. Natuna,310300,Prov. Kepulauan Riau,310000,9,5,32,6,6,0,1,14,16 Apr 2026 23:30:23,B7D8BFDAF70E81C758CE
SD NEGERI 002 GUNUNG JAMBAT,11001305,SD,Negeri,Kec. Suak Midai,310325,Kab. Natuna,310300,Prov. Kepulauan Riau,310000,7,4,38,6,6,1,1,53,23 Apr 2026 06:42:43,ED0408D24BA6F4E3ACFE
SD NEGERI 001 PULAU PANJANG,11001186,SD,Negeri,Kec. Pulau Panjang,310326,Kab. Natuna,310300,Prov. Kepulauan Riau,310000,8,4,52,6,6,0,0,16,07 Apr 2026 09:02:32,5B24AE7197895C30BE67
SD NEGERI 002 KERDAU,11001198,SD,Negeri,Kec. Pulau Panjang,310326,Kab. Natuna,310300,Prov. Kepulauan Riau,310000,7,3,34,6,7,0,1,29,13 Apr 2026 10:16:03,F24FF8153119D776BF21
SMP NEGERI 1 PULAU PANJANG,11002057,SMP,Negeri,Kec. Pulau Panjang,310326,Kab. Natuna,310300,Prov. Kepulauan Riau,310000,12,4,28,3,7,2,1,16,08 Apr 2026 04:56:54,E37A9F92E7FB554B1109
SD NEGERI 001 TPI. TIMUR,11001795,SD,Negeri,Kec. Tanjung Pinang Timur,316102,Kota Tanjung Pinang,316100,Prov. Kepulauan Riau,310000,16,4,313,12,14,1,1,24,30 Apr 2026 11:17:26,6D1CA3F5EAF3841DF10A
SD NEGERI 002 TPI. TIMUR,11001799,SD,Negeri,Kec. Tanjung Pinang Timur,316102,Kota Tanjung Pinang,316100,Prov. Kepulauan Riau,310000,33,6,759,25,17,1,1,69,02 May 2026 10:21:15,288082B8D5314A946910
SD NEGERI 003 TPI. TIMUR,11001803,SD,Negeri,Kec. Tanjung Pinang Timur,316102,Kota Tanjung Pinang,316100,Prov. Kepulauan Riau,310000,38,11,955,30,20,1,1,43,27 Apr 2026 13:47:20,A70264C42FFC33B88184
SD NEGERI 004 BINAAN TPI. TIMUR,11001807,SD,Negeri,Kec. Tanjung Pinang Timur,316102,Kota Tanjung Pinang,316100,Prov. Kepulauan Riau,310000,29,5,610,23,18,1,2,44,22 Apr 2026 09:39:59,CC230506E52465868E81
SD NEGERI 005 TPI. TIMUR,11001811,SD,Negeri,Kec. Tanjung Pinang Timur,316102,Kota Tanjung Pinang,316100,Prov. Kepulauan Riau,310000,11,5,171,8,10,0,1,14,16 Apr 2026 11:18:34,4F4AC808D7CA8D88FF8B
SD NEGERI 006 TPI. TIMUR,11001815,SD,Negeri,Kec. Tanjung Pinang Timur,316102,Kota Tanjung Pinang,316100,Prov. Kepulauan Riau,310000,31,4,930,28,16,1,1,58,06 Apr 2026 10:55:18,2B9ECA7D582ACB2C8109
SD NEGERI 008 TPI. TIMUR,11001822,SD,Negeri,Kec. Tanjung Pinang Timur,316102,Kota Tanjung Pinang,316100,Prov. Kepulauan Riau,310000,15,4,240,11,13,0,1,43,14 Apr 2026 12:46:53,DF316899814BEEB53BFA
SD NEGERI 009 TPI. TIMUR,11001826,SD,Negeri,Kec. Tanjung Pinang Timur,316102,Kota Tanjung Pinang,316100,Prov. Kepulauan Riau,310000,9,4,115,6,6,0,1,15,22 Apr 2026 10:08:59,FD2A9378120D12734329
SD NEGERI 010 TPI. TIMUR,11001830,SD,Negeri,Kec. Tanjung Pinang Timur,316102,Kota Tanjung Pinang,316100,Prov. Kepulauan Riau,310000,26,4,638,21,8,1,1,13,13 Apr 2026 13:05:19,7D202CCD59DA7381D0EF
SD NEGERI 011 TPI. TIMUR,11001834,SD,Negeri,Kec. Tanjung Pinang Timur,316102,Kota Tanjung Pinang,316100,Prov. Kepulauan Riau,310000,30,6,684,24,24,0,1,21,16 Apr 2026 08:41:12,B4B66C8C8C5956D03F88
SD NEGERI 012 TPI. TIMUR,11001838,SD,Negeri,Kec. Tanjung Pinang Timur,316102,Kota Tanjung Pinang,316100,Prov. Kepulauan Riau,310000,29,6,804,24,10,0,1,31,27 Apr 2026 09:03:47,63D979EAEA091D7E898C
SD NEGERI 013 TPI. TIMUR,11001841,SD,Negeri,Kec. Tanjung Pinang Timur,316102,Kota Tanjung Pinang,316100,Prov. Kepulauan Riau,310000,26,5,628,21,9,0,1,38,28 Apr 2026 08:30:31,2B62EF5786D041EBC832
SD NEGERI 014 TPI. TIMUR,11002767,SD,Negeri,Kec. Tanjung Pinang Timur,316102,Kota Tanjung Pinang,316100,Prov. Kepulauan Riau,310000,13,4,307,12,11,0,1,49,24 Apr 2026 00:23:51,A9C9C56E2F1B32BF386A
SD NEGERI 016 TANJUNGPINANG TIMUR,69899221,SD,Negeri,Kec. Tanjung Pinang Timur,316102,Kota Tanjung Pinang,316100,Prov. Kepulauan Riau,310000,14,6,366,12,10,0,0,19,13 Apr 2026 10:27:34,EEA43518E4EA9251609A
SD NEGERI 017 TANJUNGPINANG TIMUR,69981451,SD,Negeri,Kec. Tanjung Pinang Timur,316102,Kota Tanjung Pinang,316100,Prov. Kepulauan Riau,310000,24,5,600,19,6,1,1,21,20 Apr 2026 09:31:08,9AB4085EA56045277807
SDN No.015 TANJUNGPINANG TIMUR,69786903,SD,Negeri,Kec. Tanjung Pinang Timur,316102,Kota Tanjung Pinang,316100,Prov. Kepulauan Riau,310000,25,5,695,22,16,0,1,36,29 Apr 2026 08:05:16,71E8B5786C95C03EBCB3
SD DE GREEN CAMP,11003226,SD,Swasta,Kec. Tanjung Pinang Timur,316102,Kota Tanjung Pinang,316100,Prov. Kepulauan Riau,310000,29,6,396,17,17,0,1,14,15 Mar 2026 05:46:07,20A61BDD4EE6F4639658
SD ISLAM AL-FAATIH TANJUNGPINANG,70009533,SD,Swasta,Kec. Tanjung Pinang Timur,316102,Kota Tanjung Pinang,316100,Prov. Kepulauan Riau,310000,19,3,226,11,12,1,0,27,31 Mar 2026 08:26:57,17D62C2C10635F4D7ADB
SD ISLAM MANARUL ILMI AL FAJR,70047793,SD,Swasta,Kec. Tanjung Pinang Timur,316102,Kota Tanjung Pinang,316100,Prov. Kepulauan Riau,310000,8,2,66,3,3,0,0,14,01 May 2026 23:02:52,158AC528931938935423
SD ISLAM TERPADU TARUNA AR RISALAH TANJUNGPINANG,70048097,SD,Swasta,Kec. Tanjung Pinang Timur,316102,Kota Tanjung Pinang,316100,Prov. Kepulauan Riau,310000,5,4,48,4,4,0,1,14,22 Apr 2026 10:43:28,E170B43F13D466885CED
SD MAITREYAWIRA BINTAN CENTER,70014423,SD,Swasta,Kec. Tanjung Pinang Timur,316102,Kota Tanjung Pinang,316100,Prov. Kepulauan Riau,310000,13,3,208,8,8,0,1,21,14 Apr 2026 12:51:16,FA64D5000F1BF4BC1F20
SD MARANATHA TPI. TIMUR,11002776,SD,Swasta,Kec. Tanjung Pinang Timur,316102,Kota Tanjung Pinang,316100,Prov. Kepulauan Riau,310000,10,5,206,8,8,1,1,24,10 Apr 2026 08:18:37,68040BC012AD6BF955CD
SD SWASTA CARE LEARNING CENTRE TANJUNGPINANG,70044598,SD,Swasta,Kec. Tanjung Pinang Timur,316102,Kota Tanjung Pinang,316100,Prov. Kepulauan Riau,310000,5,1,45,4,4,0,0,40,12 Mar 2026 08:48:52,84FABC24D640E61E91D5
SDIT AL MADINAH TPI. TIMUR,11001851,SD,Swasta,Kec. Tanjung Pinang Timur,316102,Kota Tanjung Pinang,316100,Prov. Kepulauan Riau,310000,54,11,554,20,21,3,1,40,21 Apr 2026 08:08:55,F6B8A79D42A6B166619A
SDIT AL-MUNAWWARAH,70053388,SD,Swasta,Kec. Tanjung Pinang Timur,316102,Kota Tanjung Pinang,316100,Prov. Kepulauan Riau,310000,2,2,17,2,2,0,1,12,29 Apr 2026 09:18:25,B69C1077E4EA31518D1B
SDIT TUNAS ILMU,69971606,SD,Swasta,Kec. Tanjung Pinang Timur,316102,Kota Tanjung Pinang,316100,Prov. Kepulauan Riau,310000,29,4,348,14,15,0,0,37,07 Apr 2026 20:54:18,7993F6C5FC0B27149287
SDMUHAMMADIYAH TPI. TIMUR,11001970,SD,Swasta,Kec. Tanjung Pinang Timur,316102,Kota Tanjung Pinang,316100,Prov. Kepulauan Riau,310000,9,1,117,7,7,0,1,20,10 Apr 2026 08:18:17,ACD6C0780FFE731E6B40
SDS Anugerah Tanjungpinang Timur,11002775,SD,Swasta,Kec. Tanjung Pinang Timur,316102,Kota Tanjung Pinang,316100,Prov. Kepulauan Riau,310000,16,3,227,12,12,2,1,40,27 Apr 2026 09:01:30,3E318FFE3CCE7D514318
SDS IT ASSAKINAH,60730045,SD,Swasta,Kec. Tanjung Pinang Timur,316102,Kota Tanjung Pinang,316100,Prov. Kepulauan Riau,310000,47,16,557,18,18,1,1,27,27 Apr 2026 10:33:25,6ABD00EC30A2CBEE58E7
SDS KINARYA GRASIA TANJUNGPINANG,11003310,SD,Swasta,Kec. Tanjung Pinang Timur,316102,Kota Tanjung Pinang,316100,Prov. Kepulauan Riau,310000,11,4,141,6,6,2,1,49,06 Apr 2026 08:17:26,5A9C531FD30D6559219A
SMP NEGERI 12 TANJUNGPINANG,11001864,SMP,Negeri,Kec. Tanjung Pinang Timur,316102,Kota Tanjung Pinang,316100,Prov. Kepulauan Riau,310000,32,8,645,18,16,4,2,23,21 Apr 2026 06:36:51,21C66F868266A3648F70
SMP NEGERI 16 TANJUNGPINANG,69946151,SMP,Negeri,Kec. Tanjung Pinang Timur,316102,Kota Tanjung Pinang,316100,Prov. Kepulauan Riau,310000,35,6,867,20,20,1,1,75,30 Apr 2026 15:13:46,46378FA1EDFC3A837F30
SMP NEGERI 17 Tanjungpinang,70038728,SMP,Negeri,Kec. Tanjung Pinang Timur,316102,Kota Tanjung Pinang,316100,Prov. Kepulauan Riau,310000,16,6,457,11,8,0,1,41,21 Apr 2026 09:22:15,5F6264F35AA936DEF42A
SMP NEGERI 2 TANJUNGPINANG,11000417,SMP,Negeri,Kec. Tanjung Pinang Timur,316102,Kota Tanjung Pinang,316100,Prov. Kepulauan Riau,310000,37,9,863,22,22,5,1,50,27 Apr 2026 14:00:29,B35D2BA492ADA60EE818
SMP NEGERI 7 TANJUNG PINANG,11000422,SMP,Negeri,Kec. Tanjung Pinang Timur,316102,Kota Tanjung Pinang,316100,Prov. Kepulauan Riau,310000,51,10,1403,33,32,2,1,27,29 Apr 2026 15:37:04,0129124E788E15D50D75
SMP AL KAUTSAR TANJUNGPINANG,11002359,SMP,Swasta,Kec. Tanjung Pinang Timur,316102,Kota Tanjung Pinang,316100,Prov. Kepulauan Riau,310000,9,1,48,3,7,2,1,8,16 Apr 2026 09:07:42,8045E55EAF5E65D2F5AC
SMP ISLAM AL-ADZKIA,70044962,SMP,Swasta,Kec. Tanjung Pinang Timur,316102,Kota Tanjung Pinang,316100,Prov. Kepulauan Riau,310000,12,5,36,3,3,0,1,21,27 Apr 2026 21:11:51,3000704A2B1A29534642
SMP ISLAM DE GREEN CAMP,69972201,SMP,Swasta,Kec. Tanjung Pinang Timur,316102,Kota Tanjung Pinang,316100,Prov. Kepulauan Riau,310000,10,6,153,6,7,2,1,26,29 Apr 2026 12:39:58,DA52B21FD443EB43F87D
SMP ISLAM MUHAMMAD AL-FAATIH TANJUNGPINANG,70060989,SMP,Swasta,Kec. Tanjung Pinang Timur,316102,Kota Tanjung Pinang,316100,Prov. Kepulauan Riau,310000,0,0,0,0,0,0,0,0,,C1682EF1F96C5781F360
SMP IT AL MADINAH TANJUNGPINANG,11002617,SMP,Swasta,Kec. Tanjung Pinang Timur,316102,Kota Tanjung Pinang,316100,Prov. Kepulauan Riau,310000,31,8,325,11,11,2,1,30,28 Apr 2026 11:31:06,CB5BE0020663DE25CF93
SMP KATOLIK TANJUNGPINANG,11001859,SMP,Swasta,Kec. Tanjung Pinang Timur,316102,Kota Tanjung Pinang,316100,Prov. Kepulauan Riau,310000,9,5,135,5,9,5,1,13,08 Apr 2026 12:04:41,FD5254FA82C80B06060B
SMP MAITREYAWIRA BINTAN CENTER,70014435,SMP,Swasta,Kec. Tanjung Pinang Timur,316102,Kota Tanjung Pinang,316100,Prov. Kepulauan Riau,310000,7,2,76,4,4,2,1,18,22 Apr 2026 07:44:51,436FE0E87A36AB3CB6C8
SMP MARANATHA,70001824,SMP,Swasta,Kec. Tanjung Pinang Timur,316102,Kota Tanjung Pinang,316100,Prov. Kepulauan Riau,310000,5,2,69,3,3,2,1,21,20 Apr 2026 13:17:04,9CADED73E31440E9A67E
SMP MUHAMMADIYAH TANJUNGPINANG,11001860,SMP,Swasta,Kec. Tanjung Pinang Timur,316102,Kota Tanjung Pinang,316100,Prov. Kepulauan Riau,310000,7,3,33,3,3,2,1,42,22 Apr 2026 11:17:50,FD03D2B5AD217472FA29
SMP SWASTA KINARYA GRASIA,70010136,SMP,Swasta,Kec. Tanjung Pinang Timur,316102,Kota Tanjung Pinang,316100,Prov. Kepulauan Riau,310000,6,1,34,3,3,2,1,48,22 Apr 2026 13:22:24,C6E32A899B183095A692
SMPIT TARUNA AR RISALAH,70011862,SMP,Swasta,Kec. Tanjung Pinang Timur,316102,Kota Tanjung Pinang,316100,Prov. Kepulauan Riau,310000,6,3,70,3,3,1,1,35,30 Apr 2026 08:30:15,2632227361BA40BB85F2
SMPIT TUNAS ILMU,70035353,SMP,Swasta,Kec. Tanjung Pinang Timur,316102,Kota Tanjung Pinang,316100,Prov. Kepulauan Riau,310000,8,4,107,5,6,0,1,41,28 Apr 2026 07:47:00,C5598C8E743A4E30B0A1
SMPS ANUGERAH,69899446,SMP,Swasta,Kec. Tanjung Pinang Timur,316102,Kota Tanjung Pinang,316100,Prov. Kepulauan Riau,310000,9,2,33,3,5,3,2,41,27 Apr 2026 12:17:53,98E794700C91A0438FBC
SMAN 7 TANJUNGPINANG,69971073,SMA,Negeri,Kec. Tanjung Pinang Timur,316102,Kota Tanjung Pinang,316100,Prov. Kepulauan Riau,310000,31,16,536,16,14,3,1,45,29 Apr 2026 15:37:27,8ED4C90B653878E266BE
SMA  ISLAM DE GREEN CAMP,70040407,SMA,Swasta,Kec. Tanjung Pinang Timur,316102,Kota Tanjung Pinang,316100,Prov. Kepulauan Riau,310000,12,5,78,4,4,2,1,22,27 Apr 2026 13:10:31,A37F730A3F2B3EFFADC2
SMA ISLAM AL ADZKIA,70061559,SMA,Swasta,Kec. Tanjung Pinang Timur,316102,Kota Tanjung Pinang,316100,Prov. Kepulauan Riau,310000,0,0,0,0,0,0,0,0,,2DFFCE90945A414772E5
SMAIT TARUNA AR RISALAH TANJUNGPINANG,70012136,SMA,Swasta,Kec. Tanjung Pinang Timur,316102,Kota Tanjung Pinang,316100,Prov. Kepulauan Riau,310000,6,5,28,3,3,0,1,58,28 Apr 2026 10:27:54,2B6B90824C2B2DE58437
SMAS KATOLIK SANTA MARIA,11001977,SMA,Swasta,Kec. Tanjung Pinang Timur,316102,Kota Tanjung Pinang,316100,Prov. Kepulauan Riau,310000,11,6,93,4,7,4,1,12,30 Apr 2026 13:01:47,B4C00BCCFED2CC4B0F6D
SMK NEGERI 3 TANJUNGPINANG,11000426,SMK,Negeri,Kec. Tanjung Pinang Timur,316102,Kota Tanjung Pinang,316100,Prov. Kepulauan Riau,310000,78,28,1094,37,22,5,1,18,29 Apr 2026 13:46:27,A6225D5CFA953C2D7C09
SMK NEGERI 4 TANJUNGPINANG,11002495,SMK,Negeri,Kec. Tanjung Pinang Timur,316102,Kota Tanjung Pinang,316100,Prov. Kepulauan Riau,310000,53,18,1039,31,29,1,1,33,28 Apr 2026 14:50:53,B2252DD3984B3404E49A
SMKS ALKAUTSAR,70043747,SMK,Swasta,Kec. Tanjung Pinang Timur,316102,Kota Tanjung Pinang,316100,Prov. Kepulauan Riau,310000,2,2,11,2,1,1,0,15,01 May 2026 11:25:27,23766531E7281EF33C88
SMKS BINTAN INSANI,69774641,SMK,Swasta,Kec. Tanjung Pinang Timur,316102,Kota Tanjung Pinang,316100,Prov. Kepulauan Riau,310000,11,4,73,3,6,2,1,33,09 Mar 2026 09:32:58,487410B0336C374A3503
SD NEGERI 001 BKT. BESTARI,11001792,SD,Negeri,Kec. Bukit Bestari,316103,Kota Tanjung Pinang,316100,Prov. Kepulauan Riau,310000,7,2,119,6,12,1,2,38,18 Apr 2026 22:12:08,35E414A5353B97FC8F68
SD NEGERI 002 BKT. BESTARI,11001796,SD,Negeri,Kec. Bukit Bestari,316103,Kota Tanjung Pinang,316100,Prov. Kepulauan Riau,310000,21,5,450,18,14,0,0,31,13 Apr 2026 18:28:52,1E5BB844A56901DF21C6
SD NEGERI 003 BUKIT. BESTARI,11001800,SD,Negeri,Kec. Bukit Bestari,316103,Kota Tanjung Pinang,316100,Prov. Kepulauan Riau,310000,14,3,264,12,7,1,0,19,12 Apr 2026 12:43:09,D1B44EA7495F0C227FD0
SD NEGERI 004 BKT. BESTARI,11001804,SD,Negeri,Kec. Bukit Bestari,316103,Kota Tanjung Pinang,316100,Prov. Kepulauan Riau,310000,23,3,450,18,9,0,0,17,13 Apr 2026 15:26:10,D602C931FE9A0E1A99D3
SD NEGERI 005 BKT. BESTARI,11001808,SD,Negeri,Kec. Bukit Bestari,316103,Kota Tanjung Pinang,316100,Prov. Kepulauan Riau,310000,8,3,139,6,6,0,1,15,14 Apr 2026 07:18:46,78A54797BB49108DF152
SD NEGERI 006 BKT. BESTARI,11001812,SD,Negeri,Kec. Bukit Bestari,316103,Kota Tanjung Pinang,316100,Prov. Kepulauan Riau,310000,7,3,141,6,8,0,1,30,29 Apr 2026 07:37:56,9A193F638E73C612B92D
SD NEGERI 007 BKT. BESTARI,11001816,SD,Negeri,Kec. Bukit Bestari,316103,Kota Tanjung Pinang,316100,Prov. Kepulauan Riau,310000,8,4,105,6,6,0,1,37,14 Apr 2026 10:38:09,05A95FF7655410A64EBB
SD NEGERI 008 BKT. BESTARI,11001819,SD,Negeri,Kec. Bukit Bestari,316103,Kota Tanjung Pinang,316100,Prov. Kepulauan Riau,310000,7,3,128,6,10,0,1,22,16 Apr 2026 07:43:26,8DCD8A21E6680FBD9D57
SD NEGERI 009 BKT. BESTARI,11001823,SD,Negeri,Kec. Bukit Bestari,316103,Kota Tanjung Pinang,316100,Prov. Kepulauan Riau,310000,7,4,109,6,6,0,1,19,30 Apr 2026 11:25:05,C12052E951123659B77C
SD NEGERI 010 BKT. BESTARI,11001827,SD,Negeri,Kec. Bukit Bestari,316103,Kota Tanjung Pinang,316100,Prov. Kepulauan Riau,310000,8,4,82,6,6,0,1,18,13 Apr 2026 09:07:30,A32260472D4756842993
SD NEGERI 011 BKT. BESTARI,11001831,SD,Negeri,Kec. Bukit Bestari,316103,Kota Tanjung Pinang,316100,Prov. Kepulauan Riau,310000,13,3,263,11,11,0,1,27,30 Apr 2026 09:45:56,0822697F6C844CDCD0D0
SD NEGERI 012 BKT. BESTARI,11001835,SD,Negeri,Kec. Bukit Bestari,316103,Kota Tanjung Pinang,316100,Prov. Kepulauan Riau,310000,13,4,294,12,6,0,1,14,07 Apr 2026 09:01:47,54875D083308BDC820B8
SD NEGERI 013 BKT. BESTARI,11001839,SD,Negeri,Kec. Bukit Bestari,316103,Kota Tanjung Pinang,316100,Prov. Kepulauan Riau,310000,15,3,326,13,6,1,1,41,23 Apr 2026 14:07:10,6CB97F5EA634EF7F2F59
SD NEGERI 014 BINAAN BKT. BESTARI,11001842,SD,Negeri,Kec. Bukit Bestari,316103,Kota Tanjung Pinang,316100,Prov. Kepulauan Riau,310000,22,4,480,19,18,0,1,41,14 Apr 2026 16:21:34,1AE47AA73DCB7FA928BF
SD NEGERI 017 BKT. BESTARI,11001846,SD,Negeri,Kec. Bukit Bestari,316103,Kota Tanjung Pinang,316100,Prov. Kepulauan Riau,310000,15,4,237,12,16,1,1,15,21 Apr 2026 09:35:24,1F020E9CE8A79CEB0327
SD IT IBNU ARSYAD,70044345,SD,Swasta,Kec. Bukit Bestari,316103,Kota Tanjung Pinang,316100,Prov. Kepulauan Riau,310000,10,6,121,5,5,0,1,28,28 Apr 2026 14:55:01,F01DD92094A50D8999EF
SD PELITA NUSANTARA BKT. BESTARI,11001847,SD,Swasta,Kec. Bukit Bestari,316103,Kota Tanjung Pinang,316100,Prov. Kepulauan Riau,310000,29,12,478,19,25,1,1,20,28 Apr 2026 15:26:48,196E659E70DBEDC51C53
SD SWASTA TOAN HWA,69946161,SD,Swasta,Kec. Bukit Bestari,316103,Kota Tanjung Pinang,316100,Prov. Kepulauan Riau,310000,22,4,223,11,14,1,1,32,23 Apr 2026 20:01:31,3E4D4565C89FF5242E3F
SDMAITREYAWIRA,11002394,SD,Swasta,Kec. Bukit Bestari,316103,Kota Tanjung Pinang,316100,Prov. Kepulauan Riau,310000,26,8,389,16,24,3,1,57,28 Apr 2026 15:23:50,70F0C3F8AD9CD93039E7
SMP N 6 TANJUNG PINANG,11000421,SMP,Negeri,Kec. Bukit Bestari,316103,Kota Tanjung Pinang,316100,Prov. Kepulauan Riau,310000,30,8,393,13,24,5,1,160,28 Apr 2026 15:16:18,2441BE81ED9BE1F51460
SMP NEGERI 10 TANJUNG PINANG,11000412,SMP,Negeri,Kec. Bukit Bestari,316103,Kota Tanjung Pinang,316100,Prov. Kepulauan Riau,310000,28,7,381,14,17,2,1,58,29 Apr 2026 09:57:44,FBD2BE4973F5255269E3
SMP NEGERI 13 TANJUNGPINANG,11001971,SMP,Negeri,Kec. Bukit Bestari,316103,Kota Tanjung Pinang,316100,Prov. Kepulauan Riau,310000,12,5,151,6,3,0,1,18,07 Apr 2026 22:29:30,9DE12E9673F70A5F4D3F
SMP NEGERI 4 TANJUNGPINANG,11000419,SMP,Negeri,Kec. Bukit Bestari,316103,Kota Tanjung Pinang,316100,Prov. Kepulauan Riau,310000,46,10,1218,27,27,1,1,30,15 Apr 2026 21:17:17,90D8F74D679E11DD675A
SMP NEGERI 5 TANJUNG PINANG,11000420,SMP,Negeri,Kec. Bukit Bestari,316103,Kota Tanjung Pinang,316100,Prov. Kepulauan Riau,310000,46,11,851,24,17,4,1,70,28 Apr 2026 14:36:50,3FEB087A11EA95C2D623
SMP MAITREYAWIRA TANJUNGPINANG,11002360,SMP,Swasta,Kec. Bukit Bestari,316103,Kota Tanjung Pinang,316100,Prov. Kepulauan Riau,310000,19,6,310,11,11,3,1,12,13 Mar 2026 14:36:30,653363F2920A34BEE188
SMP PELITA NUSANTARA,11001861,SMP,Swasta,Kec. Bukit Bestari,316103,Kota Tanjung Pinang,316100,Prov. Kepulauan Riau,310000,15,10,228,9,10,2,1,18,08 Apr 2026 05:19:30,C807378E5B062D00C2DB
SMAN 2 TANJUNGPINANG,11000434,SMA,Negeri,Kec. Bukit Bestari,316103,Kota Tanjung Pinang,316100,Prov. Kepulauan Riau,310000,76,15,1637,42,43,6,1,56,26 Apr 2026 05:28:24,7F8EBEDC0EB5FC9C0E83
SMAN 4 TANJUNGPINANG,11000436,SMA,Negeri,Kec. Bukit Bestari,316103,Kota Tanjung Pinang,316100,Prov. Kepulauan Riau,310000,60,24,1294,34,34,5,1,30,29 Apr 2026 07:33:05,4F2969E6A2075B5BE09E
SMAS MAITREYAWIRA,11003244,SMA,Swasta,Kec. Bukit Bestari,316103,Kota Tanjung Pinang,316100,Prov. Kepulauan Riau,310000,14,4,123,5,6,2,1,24,20 Apr 2026 14:36:52,EC84597CC4925BB9CF9E
SMAS MUHAMMADIYAH TANJUNGPINANG,11001974,SMA,Swasta,Kec. Bukit Bestari,316103,Kota Tanjung Pinang,316100,Prov. Kepulauan Riau,310000,11,1,24,3,3,4,1,22,20 Apr 2026 12:10:08,C88D137E70718DB5B537
SMAS PELITA NUSANTARA,11002361,SMA,Swasta,Kec. Bukit Bestari,316103,Kota Tanjung Pinang,316100,Prov. Kepulauan Riau,310000,8,0,77,3,7,2,1,18,06 Apr 2026 08:47:37,9EB0D579CFF5BBE8E865
SMK NEGERI 1 TANJUNGPINANG,11000438,SMK,Negeri,Kec. Bukit Bestari,316103,Kota Tanjung Pinang,316100,Prov. Kepulauan Riau,310000,99,23,1940,54,44,9,1,47,29 Apr 2026 10:09:53,BC1D5832588FE1D54074
SMK NEGERI 2 TANJUNGPINANG,11000439,SMK,Negeri,Kec. Bukit Bestari,316103,Kota Tanjung Pinang,316100,Prov. Kepulauan Riau,310000,48,14,728,26,26,3,1,77,30 Apr 2026 16:00:06,AED97A6D84DA4FDCB64F
SMKS KESEHATAN WIDYA TANJUNGPINANG,69756150,SMK,Swasta,Kec. Bukit Bestari,316103,Kota Tanjung Pinang,316100,Prov. Kepulauan Riau,310000,9,1,34,6,6,2,1,10,10 Mar 2026 10:14:26,8E27E8355DD51C36A58E
SMKS MAITREYAWIRA,11003164,SMK,Swasta,Kec. Bukit Bestari,316103,Kota Tanjung Pinang,316100,Prov. Kepulauan Riau,310000,23,7,241,11,13,2,1,16,16 Mar 2026 13:29:28,A37E4E588C7373219692
SD NEGERI 001 TANJUNGPINANG BARAT,11001793,SD,Negeri,Kec. Tanjung Pinang Barat,316101,Kota Tanjung Pinang,316100,Prov. Kepulauan Riau,310000,7,2,115,6,6,1,1,29,14 Apr 2026 12:53:34,D4C4EA174E57F55BAFCE
SD NEGERI 003 TANJUNGPINANG BARAT,11001801,SD,Negeri,Kec. Tanjung Pinang Barat,316101,Kota Tanjung Pinang,316100,Prov. Kepulauan Riau,310000,16,3,307,14,14,0,1,22,20 Apr 2026 22:31:57,B3C897A4A502D77EB35A
SD NEGERI 004 BINAAN TANJUNGPINANG BARAT,11001805,SD,Negeri,Kec. Tanjung Pinang Barat,316101,Kota Tanjung Pinang,316100,Prov. Kepulauan Riau,310000,23,6,465,18,15,3,1,18,14 Apr 2026 08:41:25,1264C2328AA1D10A5402
SD NEGERI 006 TANJUNGPINANG BARAT,11001813,SD,Negeri,Kec. Tanjung Pinang Barat,316101,Kota Tanjung Pinang,316100,Prov. Kepulauan Riau,310000,10,3,158,7,6,0,1,19,14 Apr 2026 09:37:22,513581908297B8A44632
SD NEGERI 008 TANJUNGPINANG BARAT,11001820,SD,Negeri,Kec. Tanjung Pinang Barat,316101,Kota Tanjung Pinang,316100,Prov. Kepulauan Riau,310000,8,4,123,6,6,0,1,33,09 Apr 2026 13:25:45,502F5BB1954805145686
SD NEGERI 010 TANJUNGPINANG BARAT,11001828,SD,Negeri,Kec. Tanjung Pinang Barat,316101,Kota Tanjung Pinang,316100,Prov. Kepulauan Riau,310000,13,2,183,9,7,0,1,17,15 Apr 2026 21:22:01,619E28B64635FB26FEB5
SD NEGERI 011 TANJUNGPINANG BARAT,11001832,SD,Negeri,Kec. Tanjung Pinang Barat,316101,Kota Tanjung Pinang,316100,Prov. Kepulauan Riau,310000,15,3,240,12,7,1,1,26,13 Apr 2026 14:23:28,4A87924BFD0E84AC4D5B
SD NEGERI 012 TANJUNGPINANG BARAT,11001836,SD,Negeri,Kec. Tanjung Pinang Barat,316101,Kota Tanjung Pinang,316100,Prov. Kepulauan Riau,310000,9,3,128,6,7,1,1,18,14 Apr 2026 10:57:48,FE6A721F37A6958C97EC
SD NEGERI 013 TANJUNGPINANG BARAT,11001840,SD,Negeri,Kec. Tanjung Pinang Barat,316101,Kota Tanjung Pinang,316100,Prov. Kepulauan Riau,310000,13,5,213,9,12,0,1,14,14 Apr 2026 15:26:58,C6C1D4A8BB3C3AFE8AF2
SD NEGERI 014 TANJUNGPINANG BARAT,11001843,SD,Negeri,Kec. Tanjung Pinang Barat,316101,Kota Tanjung Pinang,316100,Prov. Kepulauan Riau,310000,7,4,91,6,6,0,1,30,13 Apr 2026 19:21:16,4A15C544B95CA23D5BFA
Sekolah Rakyat Dasar Terintegrasi 33 Tanjung Pinang,70058788,SD,Negeri,Kec. Tanjung Pinang Barat,316101,Kota Tanjung Pinang,316100,Prov. Kepulauan Riau,310000,2,0,29,6,2,2,1,6,04 Feb 2026 18:03:15,1D8C2B83C83F214C69E3
SDKATOLIK TANJUNGPINANG BARAT,11001852,SD,Swasta,Kec. Tanjung Pinang Barat,316101,Kota Tanjung Pinang,316100,Prov. Kepulauan Riau,310000,18,8,410,13,15,1,1,8,23 Apr 2026 08:14:46,1CF491C1558D34161392
SDSION TPI. BARAT,11001853,SD,Swasta,Kec. Tanjung Pinang Barat,316101,Kota Tanjung Pinang,316100,Prov. Kepulauan Riau,310000,13,1,301,12,12,0,1,18,12 Apr 2026 13:05:25,664C4E8E07489E102DD5
Sekolah Rakyat Menengah Pertama Terintegrasi 33 Tanjung Pinang,70058789,SMP,Negeri,Kec. Tanjung Pinang Barat,316101,Kota Tanjung Pinang,316100,Prov. Kepulauan Riau,310000,3,0,17,3,1,2,1,13,29 Apr 2026 17:05:17,A1896726B7C165F15424
SMP NEGERI 1 TANJUNGPINANG,11000413,SMP,Negeri,Kec. Tanjung Pinang Barat,316101,Kota Tanjung Pinang,316100,Prov. Kepulauan Riau,310000,50,11,1065,28,21,4,1,141,30 Apr 2026 09:25:40,1F6062617EF180F6B35D
SMP NEGERI 8 TANJUNG PINANG,11000423,SMP,Negeri,Kec. Tanjung Pinang Barat,316101,Kota Tanjung Pinang,316100,Prov. Kepulauan Riau,310000,14,7,183,6,14,2,1,27,15 Apr 2026 17:40:12,A250460B29F522E21156
SMP SWASTA SION,70043662,SMP,Swasta,Kec. Tanjung Pinang Barat,316101,Kota Tanjung Pinang,316100,Prov. Kepulauan Riau,310000,6,2,64,3,6,2,1,17,14 Apr 2026 15:26:00,C0D1F7C4B63191DCD962
Sekolah Rakyat Menengah Atas Terintegrasi 33 Tanjung Pinang,70058790,SMA,Negeri,Kec. Tanjung Pinang Barat,316101,Kota Tanjung Pinang,316100,Prov. Kepulauan Riau,310000,14,1,16,2,1,2,1,13,30 Apr 2026 08:02:33,28CF533406B9385E3A3F
SMAN 1 TANJUNGPINANG,11000433,SMA,Negeri,Kec. Tanjung Pinang Barat,316101,Kota Tanjung Pinang,316100,Prov. Kepulauan Riau,310000,101,21,1965,52,52,6,1,51,28 Apr 2026 20:35:21,1706428CB814F13858C7
SMAN 5 TANJUNGPINANG,11000437,SMA,Negeri,Kec. Tanjung Pinang Barat,316101,Kota Tanjung Pinang,316100,Prov. Kepulauan Riau,310000,28,13,305,10,15,5,0,43,01 May 2026 17:41:23,499C231A4D6215579768
SD NEGERI 002 TANJUNGPINANG KOTA,11001798,SD,Negeri,Kec. Tanjung Pinang Kota,316104,Kota Tanjung Pinang,316100,Prov. Kepulauan Riau,310000,9,4,154,8,6,0,1,22,22 Apr 2026 12:07:27,7FFADF5C94FE21D56FB5
SD NEGERI 003 BINAAN TANJUNGPINANG KOTA,11001802,SD,Negeri,Kec. Tanjung Pinang Kota,316104,Kota Tanjung Pinang,316100,Prov. Kepulauan Riau,310000,14,5,212,10,17,1,1,29,07 Apr 2026 07:59:53,406B08837C0A8D5FB9C7
SD NEGERI 004 TANJUNGPINANG KOTA,11001806,SD,Negeri,Kec. Tanjung Pinang Kota,316104,Kota Tanjung Pinang,316100,Prov. Kepulauan Riau,310000,10,2,205,9,14,0,1,30,22 Apr 2026 14:11:51,E95D5D3EB0C88EE72FFC
SD NEGERI 005 TANJUNGPINANG KOTA,11001810,SD,Negeri,Kec. Tanjung Pinang Kota,316104,Kota Tanjung Pinang,316100,Prov. Kepulauan Riau,310000,23,3,444,18,13,0,1,21,15 Apr 2026 12:27:43,CDF7CF32DA015EA85120
SD NEGERI 006 TPI. KOTA,11001814,SD,Negeri,Kec. Tanjung Pinang Kota,316104,Kota Tanjung Pinang,316100,Prov. Kepulauan Riau,310000,8,3,101,6,6,0,1,22,01 May 2026 10:29:23,84883F5C0F248372F09F
SD NEGERI 009 TANJUNGPINANG KOTA,11001825,SD,Negeri,Kec. Tanjung Pinang Kota,316104,Kota Tanjung Pinang,316100,Prov. Kepulauan Riau,310000,9,4,164,7,8,0,0,55,27 Apr 2026 09:51:48,F7A74D0C62390CFBDF89
SD NEGERI 010 TANJUNGPINANG KOTA,11001829,SD,Negeri,Kec. Tanjung Pinang Kota,316104,Kota Tanjung Pinang,316100,Prov. Kepulauan Riau,310000,8,2,150,6,7,1,1,36,14 Apr 2026 10:26:55,7A6B86E4546B74ABC7DB
SD NEGERI 012 TANJUNGPINANG KOTA,11001837,SD,Negeri,Kec. Tanjung Pinang Kota,316104,Kota Tanjung Pinang,316100,Prov. Kepulauan Riau,310000,7,3,137,6,6,0,1,12,13 Apr 2026 12:52:17,A1893A2F7AD6C1E6C0E1
SDN NO. 008 TANJUNGPINANG KOTA,11001821,SD,Negeri,Kec. Tanjung Pinang Kota,316104,Kota Tanjung Pinang,316100,Prov. Kepulauan Riau,310000,9,3,74,6,6,0,1,43,30 Apr 2026 09:37:52,AFE030052EC8AB133304
SD IT AR-REFAH,69982012,SD,Swasta,Kec. Tanjung Pinang Kota,316104,Kota Tanjung Pinang,316100,Prov. Kepulauan Riau,310000,33,6,337,12,12,1,1,18,28 Apr 2026 13:45:22,CA65AC802E30EC20D018
SDS BINTAN TPI KOTA,11001848,SD,Swasta,Kec. Tanjung Pinang Kota,316104,Kota Tanjung Pinang,316100,Prov. Kepulauan Riau,310000,10,2,70,6,6,0,1,30,17 Apr 2026 09:49:26,4B5FE4BD25784CEB5CB3
SDYAPENDIK GPIB TPI. KOTA,11001854,SD,Swasta,Kec. Tanjung Pinang Kota,316104,Kota Tanjung Pinang,316100,Prov. Kepulauan Riau,310000,5,2,13,3,12,0,2,21,06 Apr 2026 21:43:10,9D3BCFBBC0A853B96F5C
SMP NEGERI 11 TANJUNGPINANG,11000411,SMP,Negeri,Kec. Tanjung Pinang Kota,316104,Kota Tanjung Pinang,316100,Prov. Kepulauan Riau,310000,24,5,458,14,18,2,1,19,27 Apr 2026 09:38:11,44F75A25AE1FAB51310B
SMP NEGERI 14 Tanjungpinang,11001972,SMP,Negeri,Kec. Tanjung Pinang Kota,316104,Kota Tanjung Pinang,316100,Prov. Kepulauan Riau,310000,11,3,60,3,3,1,1,36,24 Apr 2026 09:23:29,20AE32323FCFCE165B73
SMP NEGERI 9 TANJUNG PINANG,11000424,SMP,Negeri,Kec. Tanjung Pinang Kota,316104,Kota Tanjung Pinang,316100,Prov. Kepulauan Riau,310000,11,6,75,3,7,1,1,22,20 Apr 2026 10:50:43,1F3FA7AAA813B6D5100A
SMP Ibnu Utsman Boarding School,70061418,SMP,Swasta,Kec. Tanjung Pinang Kota,316104,Kota Tanjung Pinang,316100,Prov. Kepulauan Riau,310000,0,0,0,0,0,0,0,0,,AB8DFDC09A6CC3958221
SMP ISLAM TERPADU AS-SAKINAH,69979809,SMP,Swasta,Kec. Tanjung Pinang Kota,316104,Kota Tanjung Pinang,316100,Prov. Kepulauan Riau,310000,24,7,171,6,7,1,1,62,21 Apr 2026 14:27:10,E55A1ED0287D1C2AE797
SMAN 6 TANJUNGPINANG,11001975,SMA,Negeri,Kec. Tanjung Pinang Kota,316104,Kota Tanjung Pinang,316100,Prov. Kepulauan Riau,310000,27,7,234,8,12,4,1,31,17 Apr 2026 17:03:37,66F61FF8A6334CB3BDD1
SMAIT AS-SAKINAH,70012468,SMA,Swasta,Kec. Tanjung Pinang Kota,316104,Kota Tanjung Pinang,316100,Prov. Kepulauan Riau,310000,24,6,52,3,4,1,1,86,23 Apr 2026 22:17:18,D1FF91595B97C7623938
SMK NEGERI 5 TANJUNGPINANG,69973762,SMK,Negeri,Kec. Tanjung Pinang Kota,316104,Kota Tanjung Pinang,316100,Prov. Kepulauan Riau,310000,24,7,360,13,15,2,0,13,24 Feb 2026 12:54:57,6203C0E03C31360D06D3
SDN 001 TAREMPA,11001164,SD,Negeri,Kec. Siantan,310503,Kab. Kepulauan Anambas,310500,Prov. Kepulauan Riau,310000,16,6,269,10,8,0,1,26,30 Apr 2026 07:29:03,82828707FED9A7E1002E
SDN 002 TAREMPA,11001301,SD,Negeri,Kec. Siantan,310503,Kab. Kepulauan Anambas,310500,Prov. Kepulauan Riau,310000,18,10,261,12,12,0,1,40,27 Apr 2026 08:48:04,874201EE254C837A6052
SDN 003 TAREMPA,11001344,SD,Negeri,Kec. Siantan,310503,Kab. Kepulauan Anambas,310500,Prov. Kepulauan Riau,310000,9,6,132,6,6,0,0,17,30 Apr 2026 07:36:56,A4E4608FF9F94872B424
SDN 004 BUKIT TAMBUN,11001315,SD,Negeri,Kec. Siantan,310503,Kab. Kepulauan Anambas,310500,Prov. Kepulauan Riau,310000,12,3,130,6,6,0,1,12,03 Mar 2026 19:24:17,999404AA5C6CF25D10E0
SDN 005 ANTANG,11001329,SD,Negeri,Kec. Siantan,310503,Kab. Kepulauan Anambas,310500,Prov. Kepulauan Riau,310000,11,7,133,6,6,1,1,16,28 Apr 2026 08:51:54,5C7BB9D84E5865CBCA73
SDN 006 TANJUNG,11001349,SD,Negeri,Kec. Siantan,310503,Kab. Kepulauan Anambas,310500,Prov. Kepulauan Riau,310000,11,4,95,6,6,0,1,16,16 Apr 2026 10:22:00,34AD78F57CE98D8EAF56
SDN 007 SEDAK,11001361,SD,Negeri,Kec. Siantan,310503,Kab. Kepulauan Anambas,310500,Prov. Kepulauan Riau,310000,10,4,35,6,6,0,0,9,14 Apr 2026 10:49:06,C3970F52488D602182D3
SDN 008 DUSUN,11001363,SD,Negeri,Kec. Siantan,310503,Kab. Kepulauan Anambas,310500,Prov. Kepulauan Riau,310000,9,5,120,6,5,0,1,10,04 Mar 2026 20:29:07,0621E9BA2EC93C0F8092
SDN 009 REKAM,69787022,SD,Negeri,Kec. Siantan,310503,Kab. Kepulauan Anambas,310500,Prov. Kepulauan Riau,310000,8,2,17,6,4,0,1,11,21 Apr 2026 11:54:50,AF27868879FF6082A3D3
SD Tahfidz Quran Insan Utama,69980056,SD,Swasta,Kec. Siantan,310503,Kab. Kepulauan Anambas,310500,Prov. Kepulauan Riau,310000,11,4,87,6,6,0,0,52,29 Apr 2026 10:57:38,FEE704098FD912C23733
SMPN 1 SIANTAN,11000326,SMP,Negeri,Kec. Siantan,310503,Kab. Kepulauan Anambas,310500,Prov. Kepulauan Riau,310000,18,7,170,7,9,2,1,18,27 Apr 2026 09:47:03,7802DF2F922C58E0AF8B
SMPN 2 SIANTAN,11000330,SMP,Negeri,Kec. Siantan,310503,Kab. Kepulauan Anambas,310500,Prov. Kepulauan Riau,310000,24,5,271,9,9,2,2,30,22 Apr 2026 09:42:06,DC995022DC92EA866B23
SMPN 3 SEDAK,11002504,SMP,Negeri,Kec. Siantan,310503,Kab. Kepulauan Anambas,310500,Prov. Kepulauan Riau,310000,9,2,13,3,3,1,1,16,21 Apr 2026 14:40:47,F1BFC7C329B400871018
SMPN 4 DUSUN,11003257,SMP,Negeri,Kec. Siantan,310503,Kab. Kepulauan Anambas,310500,Prov. Kepulauan Riau,310000,11,7,61,3,5,1,1,31,07 Apr 2026 14:58:24,0A84DAAC2DEC490754D6
SMPN 5 BUKIT TAMBUN,69734125,SMP,Negeri,Kec. Siantan,310503,Kab. Kepulauan Anambas,310500,Prov. Kepulauan Riau,310000,12,6,85,3,3,2,1,14,30 Mar 2026 15:28:07,59CA935A7B930166B233
SMP KHAIRA UMMAH ISLAMIC BOARDING SCHOOL,69734124,SMP,Swasta,Kec. Siantan,310503,Kab. Kepulauan Anambas,310500,Prov. Kepulauan Riau,310000,9,3,59,3,3,1,1,20,21 Apr 2026 07:00:55,D15FA8262D4E1FEB1342
SMAN 1 SIANTAN,11000321,SMA,Negeri,Kec. Siantan,310503,Kab. Kepulauan Anambas,310500,Prov. Kepulauan Riau,310000,28,9,516,16,25,4,1,59,19 Apr 2026 19:27:52,117E2796A03805A98329
SDN 001 LADAN,11001163,SD,Negeri,Kec. Palmatak,310504,Kab. Kepulauan Anambas,310500,Prov. Kepulauan Riau,310000,18,21,200,11,11,1,1,27,28 Apr 2026 10:32:45,DD30420F717C90A08575
SDN 002 PUTIK,11001187,SD,Negeri,Kec. Palmatak,310504,Kab. Kepulauan Anambas,310500,Prov. Kepulauan Riau,310000,12,7,133,6,11,0,1,34,24 Apr 2026 09:04:35,B9DD89DA6B65455370C9
SDN 003 PIABUNG,11001320,SD,Negeri,Kec. Palmatak,310504,Kab. Kepulauan Anambas,310500,Prov. Kepulauan Riau,310000,9,13,115,7,6,0,1,14,27 Apr 2026 08:35:16,0AB82182DFE1DBC2BB2E
SDN 004 LANGIR,11001331,SD,Negeri,Kec. Palmatak,310504,Kab. Kepulauan Anambas,310500,Prov. Kepulauan Riau,310000,10,2,44,6,6,0,1,8,23 Apr 2026 21:11:19,29B68B9701FDE9214C93
SDN 005 CANDI,69821190,SD,Negeri,Kec. Palmatak,310504,Kab. Kepulauan Anambas,310500,Prov. Kepulauan Riau,310000,8,14,89,6,6,0,1,19,29 Apr 2026 09:12:41,F28947C64633498D4B42
SDN 006 TEBANG,11001354,SD,Negeri,Kec. Palmatak,310504,Kab. Kepulauan Anambas,310500,Prov. Kepulauan Riau,310000,11,11,91,6,8,0,1,17,16 Mar 2026 19:18:49,F669297B4C95CC93F909
SDN 007 BELIBAK,11001367,SD,Negeri,Kec. Palmatak,310504,Kab. Kepulauan Anambas,310500,Prov. Kepulauan Riau,310000,8,8,28,6,6,0,1,11,07 Feb 2026 11:00:55,F80663051C39DA9B0AE0
SDTQ ADZ DZIKRA PALMATAK,70027484,SD,Swasta,Kec. Palmatak,310504,Kab. Kepulauan Anambas,310500,Prov. Kepulauan Riau,310000,13,3,90,5,8,0,0,21,21 Apr 2026 13:08:42,F78A5CA59B492516AEB4
Sekolah Rakyat Menengah Pertama Terintegrasi 12 Kepulauan Anambas,70055484,SMP,Negeri,Kec. Palmatak,310504,Kab. Kepulauan Anambas,310500,Prov. Kepulauan Riau,310000,1,0,0,0,0,0,0,0,,6FA7032FE82D6D1DAD23
SMPN 1 PALMATAK,11001397,SMP,Negeri,Kec. Palmatak,310504,Kab. Kepulauan Anambas,310500,Prov. Kepulauan Riau,310000,17,11,183,7,10,2,1,19,25 Apr 2026 07:49:56,6D545B88D790BBB2FAB3
SMPN 2 PIABUNG,11002056,SMP,Negeri,Kec. Palmatak,310504,Kab. Kepulauan Anambas,310500,Prov. Kepulauan Riau,310000,15,9,103,6,8,1,1,12,25 Apr 2026 13:17:48,5D6C1B10711346D5EE61
SMPN 3 PUTIK,11002058,SMP,Negeri,Kec. Palmatak,310504,Kab. Kepulauan Anambas,310500,Prov. Kepulauan Riau,310000,16,8,98,4,6,1,2,13,17 Apr 2026 10:22:11,548BDA36FDE4F4216260
SMP INTEGRASI AS-SUNNIYAH,70001698,SMP,Swasta,Kec. Palmatak,310504,Kab. Kepulauan Anambas,310500,Prov. Kepulauan Riau,310000,8,4,73,4,5,2,1,18,28 Apr 2026 20:56:33,B9812B78C1E1EAA7F172
Sekolah Rakyat Menengah Atas Terintegrasi 12 Kepulauan Anambas,70055485,SMA,Negeri,Kec. Palmatak,310504,Kab. Kepulauan Anambas,310500,Prov. Kepulauan Riau,310000,0,1,0,0,0,0,0,0,,0BE457790DAE365DB5C9
SMAN 1 PALMATAK,11002046,SMA,Negeri,Kec. Palmatak,310504,Kab. Kepulauan Anambas,310500,Prov. Kepulauan Riau,310000,30,12,484,14,15,6,1,23,29 Apr 2026 09:16:17,D5860AC583FBF118EDFB
SMA INTEGRASI AS-SUNNIYAH,70042627,SMA,Swasta,Kec. Palmatak,310504,Kab. Kepulauan Anambas,310500,Prov. Kepulauan Riau,310000,6,2,50,3,1,0,1,28,02 May 2026 10:07:49,9FC1410BC2735AA35592
SDN 001 TELAGA,69821187,SD,Negeri,Kec. Siantan Selatan,310505,Kab. Kepulauan Anambas,310500,Prov. Kepulauan Riau,310000,6,5,36,6,6,0,1,17,07 Apr 2026 09:51:44,60AB7938362349B61FD9
SDN 002 KIABU,11001306,SD,Negeri,Kec. Siantan Selatan,310505,Kab. Kepulauan Anambas,310500,Prov. Kepulauan Riau,310000,11,6,79,6,7,0,1,17,28 Apr 2026 11:17:04,D0BCBD9D6FDCDE12514A
SDN 003 MENGKAIT,11001324,SD,Negeri,Kec. Siantan Selatan,310505,Kab. Kepulauan Anambas,310500,Prov. Kepulauan Riau,310000,5,5,89,6,6,1,1,11,27 Apr 2026 08:45:47,D453905D845F7662E03B
SDN 004 GENTING,11001352,SD,Negeri,Kec. Siantan Selatan,310505,Kab. Kepulauan Anambas,310500,Prov. Kepulauan Riau,310000,8,5,70,6,6,0,1,43,09 Apr 2026 08:56:43,EE6BB1C47C9A4409BFA2
SDN 005 LINGAI,11001356,SD,Negeri,Kec. Siantan Selatan,310505,Kab. Kepulauan Anambas,310500,Prov. Kepulauan Riau,310000,6,5,25,6,6,0,1,8,03 Mar 2026 22:01:55,517A4BD47B9C3DC72E85
SDN 006 TELAGA KECIL,11001377,SD,Negeri,Kec. Siantan Selatan,310505,Kab. Kepulauan Anambas,310500,Prov. Kepulauan Riau,310000,3,5,18,6,6,0,1,12,12 Mar 2026 10:22:22,21385730205B2BABFB32
SDN 007 LINGAI BESAR,11003253,SD,Negeri,Kec. Siantan Selatan,310505,Kab. Kepulauan Anambas,310500,Prov. Kepulauan Riau,310000,6,1,10,5,3,0,0,36,25 Apr 2026 11:24:18,98F6B8E51C301D30182A
SDN 008 HARUNG HIJAU,69734123,SD,Negeri,Kec. Siantan Selatan,310505,Kab. Kepulauan Anambas,310500,Prov. Kepulauan Riau,310000,8,3,54,6,6,0,1,12,08 Apr 2026 14:00:30,F24D9F5178E53887D232
SMPN 1 KIABU,11003023,SMP,Negeri,Kec. Siantan Selatan,310505,Kab. Kepulauan Anambas,310500,Prov. Kepulauan Riau,310000,7,6,33,3,3,1,1,14,12 Mar 2026 08:53:20,B7D14AC8FF687C8174EC
SMPN 2 MENGKAIT,11002507,SMP,Negeri,Kec. Siantan Selatan,310505,Kab. Kepulauan Anambas,310500,Prov. Kepulauan Riau,310000,6,4,49,3,6,2,2,13,04 Feb 2026 12:51:28,5DA6553D3D8C3E9E268F
SMPN 3 TELAGA,11003259,SMP,Negeri,Kec. Siantan Selatan,310505,Kab. Kepulauan Anambas,310500,Prov. Kepulauan Riau,310000,9,5,20,3,4,1,1,23,07 Apr 2026 22:05:05,9045703F3496194D6E5D
SMPN 4 GENTING,11003258,SMP,Negeri,Kec. Siantan Selatan,310505,Kab. Kepulauan Anambas,310500,Prov. Kepulauan Riau,310000,9,6,33,3,4,1,1,37,28 Apr 2026 10:06:57,F4C082F66A57FDB885E9
SMPN 5 HARUNG HIJAU,69856269,SMP,Negeri,Kec. Siantan Selatan,310505,Kab. Kepulauan Anambas,310500,Prov. Kepulauan Riau,310000,10,5,29,3,3,1,1,11,20 Feb 2026 20:19:23,0ACAA1142E5FEB6DEE3F
SMPN 6 LINGAI,69912913,SMP,Negeri,Kec. Siantan Selatan,310505,Kab. Kepulauan Anambas,310500,Prov. Kepulauan Riau,310000,4,2,17,3,3,1,1,42,20 Apr 2026 22:22:35,97FD9D7D1581CD1C6572
SMK NEGERI 4 ANAMBAS,69973863,SMK,Negeri,Kec. Siantan Selatan,310505,Kab. Kepulauan Anambas,310500,Prov. Kepulauan Riau,310000,11,4,19,5,6,1,1,23,13 Apr 2026 12:10:46,03342C819E31362F6D6B
SDN 001 NYAMUK,11001171,SD,Negeri,Kec. Siantan Timur,310506,Kab. Kepulauan Anambas,310500,Prov. Kepulauan Riau,310000,10,6,137,7,8,0,1,22,18 Apr 2026 10:00:46,05F5613EC085F39E8429
SDN 002 MUNJAN,69821189,SD,Negeri,Kec. Siantan Timur,310506,Kab. Kepulauan Anambas,310500,Prov. Kepulauan Riau,310000,12,9,75,6,6,0,1,28,28 Apr 2026 18:34:06,65EFE4F5ED0C6740E905
SDN 003 AIR PUTIH,11001334,SD,Negeri,Kec. Siantan Timur,310506,Kab. Kepulauan Anambas,310500,Prov. Kepulauan Riau,310000,8,10,12,6,6,0,1,12,02 Apr 2026 21:52:41,6762AE7CE0F3487BDC91
SDN 004 SERAT,11001342,SD,Negeri,Kec. Siantan Timur,310506,Kab. Kepulauan Anambas,310500,Prov. Kepulauan Riau,310000,8,9,47,6,6,0,1,16,20 Apr 2026 11:23:32,C6A3E727EC4D9BDAE755
SDN 005 TEMBURUN,11001373,SD,Negeri,Kec. Siantan Timur,310506,Kab. Kepulauan Anambas,310500,Prov. Kepulauan Riau,310000,8,8,59,6,6,0,1,13,10 Apr 2026 15:58:58,227803EB20640CA2A18F
SDN 006 BATU BELAH,11001379,SD,Negeri,Kec. Siantan Timur,310506,Kab. Kepulauan Anambas,310500,Prov. Kepulauan Riau,310000,8,9,75,6,6,0,1,10,27 Apr 2026 08:05:08,9A4F58CD62D50E0AD372
SDN 007 ETANG,11003255,SD,Negeri,Kec. Siantan Timur,310506,Kab. Kepulauan Anambas,310500,Prov. Kepulauan Riau,310000,8,7,15,6,6,0,1,9,02 May 2026 15:53:20,DA502170622F10D018FA
SDN 008 PENEBUNG,11001318,SD,Negeri,Kec. Siantan Timur,310506,Kab. Kepulauan Anambas,310500,Prov. Kepulauan Riau,310000,8,3,6,5,2,0,0,7,07 Apr 2026 19:38:49,EB1A553B580009D5E9FC
SDN 009 NOKOK,69787046,SD,Negeri,Kec. Siantan Timur,310506,Kab. Kepulauan Anambas,310500,Prov. Kepulauan Riau,310000,6,8,26,6,6,0,1,25,26 Apr 2026 08:13:11,54835413E7E6276940D0
SDN 010 LUAP,69856266,SD,Negeri,Kec. Siantan Timur,310506,Kab. Kepulauan Anambas,310500,Prov. Kepulauan Riau,310000,8,9,36,6,6,0,1,22,30 Apr 2026 09:27:38,6405D9727E90DD54CA37
SMPN 1 SIANTAN TIMUR,11000331,SMP,Negeri,Kec. Siantan Timur,310506,Kab. Kepulauan Anambas,310500,Prov. Kepulauan Riau,310000,13,12,92,3,5,3,1,21,29 Apr 2026 16:58:19,1728AF199CF1DA514CAB
SMPN 2 BATU BELAH,11002505,SMP,Negeri,Kec. Siantan Timur,310506,Kab. Kepulauan Anambas,310500,Prov. Kepulauan Riau,310000,11,7,49,3,7,1,0,19,21 Apr 2026 12:27:49,98E2279F446B15723E46
SMPN 3  MUNJAN,69856270,SMP,Negeri,Kec. Siantan Timur,310506,Kab. Kepulauan Anambas,310500,Prov. Kepulauan Riau,310000,11,7,43,3,6,1,1,35,23 Apr 2026 11:21:54,21C509986D7E7ED812CA
SMAN 1 SIANTAN TIMUR,11002506,SMA,Negeri,Kec. Siantan Timur,310506,Kab. Kepulauan Anambas,310500,Prov. Kepulauan Riau,310000,17,9,140,6,7,4,1,25,28 Apr 2026 18:49:00,6720366E5E80C8C1890A
SDN 001 AIR ASUK,11001166,SD,Negeri,Kec. Siantan Tengah,310507,Kab. Kepulauan Anambas,310500,Prov. Kepulauan Riau,310000,9,9,89,6,6,1,1,15,06 Apr 2026 10:00:10,2175B9173C9B59E8E764
SDN 002 AIR NANGAK,69821188,SD,Negeri,Kec. Siantan Tengah,310507,Kab. Kepulauan Anambas,310500,Prov. Kepulauan Riau,310000,8,11,70,6,6,0,1,33,20 Apr 2026 07:58:35,D0A093BDA9938D02D0C6
SDN 003 AIR SENA,11001310,SD,Negeri,Kec. Siantan Tengah,310507,Kab. Kepulauan Anambas,310500,Prov. Kepulauan Riau,310000,9,9,73,6,6,0,1,16,13 Apr 2026 09:01:42,658271123B4BA2D5C21D
SDN 004 TELUK SUNTING,11001362,SD,Negeri,Kec. Siantan Tengah,310507,Kab. Kepulauan Anambas,310500,Prov. Kepulauan Riau,310000,8,10,48,6,6,0,1,38,27 Apr 2026 08:54:54,4B46F4C3A6268491EF38
SDN 005 LIDI,11001364,SD,Negeri,Kec. Siantan Tengah,310507,Kab. Kepulauan Anambas,310500,Prov. Kepulauan Riau,310000,9,7,38,6,6,1,1,17,06 Mar 2026 09:50:16,089A5A5F0D083A881751
SDN 006 LIUK,11003254,SD,Negeri,Kec. Siantan Tengah,310507,Kab. Kepulauan Anambas,310500,Prov. Kepulauan Riau,310000,9,8,24,6,6,0,0,19,23 Apr 2026 23:20:41,7BA5ADCE7377B0C0E9AE
SDN 007 MUNTAI,69787048,SD,Negeri,Kec. Siantan Tengah,310507,Kab. Kepulauan Anambas,310500,Prov. Kepulauan Riau,310000,8,10,23,6,3,0,1,16,13 Apr 2026 12:02:15,FD43C67CCB25AF023B32
SMPN 1 AIR NANGAK,11003022,SMP,Negeri,Kec. Siantan Tengah,310507,Kab. Kepulauan Anambas,310500,Prov. Kepulauan Riau,310000,12,13,94,4,5,2,3,29,21 Apr 2026 07:55:34,5D45394B606B5CE2E648
SMPN 2 AIR ASUK,69734126,SMP,Negeri,Kec. Siantan Tengah,310507,Kab. Kepulauan Anambas,310500,Prov. Kepulauan Riau,310000,12,9,46,3,5,1,1,21,22 Apr 2026 07:28:24,2B47D902025B0C092620
SMK NEGERI 1 ANAMBAS,11003192,SMK,Negeri,Kec. Siantan Tengah,310507,Kab. Kepulauan Anambas,310500,Prov. Kepulauan Riau,310000,27,7,252,14,15,6,1,46,15 Apr 2026 21:23:14,6C25756BAEBD9BE906EE
SMK NEGERI 2 ANAMBAS,69859732,SMK,Negeri,Kec. Siantan Tengah,310507,Kab. Kepulauan Anambas,310500,Prov. Kepulauan Riau,310000,12,6,30,5,7,3,1,27,21 Apr 2026 20:19:12,EE4986856B27D79390EF
SDN 001 LETUNG,11002362,SD,Negeri,Kec. Jemaja,310501,Kab. Kepulauan Anambas,310500,Prov. Kepulauan Riau,310000,16,10,192,8,9,0,1,30,28 Apr 2026 09:28:28,1CBA34A0AEA456B85E82
SDN 002 REWAK,11001188,SD,Negeri,Kec. Jemaja,310501,Kab. Kepulauan Anambas,310500,Prov. Kepulauan Riau,310000,8,8,12,6,6,1,1,11,10 Apr 2026 10:15:46,FD75C09508C60FA80EEE
SDN 003 MAMPOK,11001199,SD,Negeri,Kec. Jemaja,310501,Kab. Kepulauan Anambas,310500,Prov. Kepulauan Riau,310000,8,8,75,6,6,0,1,12,04 Mar 2026 09:46:22,A188C4996DF2AF7558D2
SDN 004 LETUNG,11001313,SD,Negeri,Kec. Jemaja,310501,Kab. Kepulauan Anambas,310500,Prov. Kepulauan Riau,310000,12,9,153,8,7,0,1,19,29 Apr 2026 14:52:21,40EE300895A4CBDB00EC
SDN 005 LEMBAH REWAK,11001322,SD,Negeri,Kec. Jemaja,310501,Kab. Kepulauan Anambas,310500,Prov. Kepulauan Riau,310000,9,8,60,6,6,0,1,12,15 Apr 2026 10:43:41,AC285983689DF40E7F49
SDN 006 LETUNG,11001336,SD,Negeri,Kec. Jemaja,310501,Kab. Kepulauan Anambas,310500,Prov. Kepulauan Riau,310000,10,11,126,6,6,0,1,18,09 Apr 2026 04:29:32,2D6C53D0130644CA1AA3
SDN 007 PULAU DARAK,11001340,SD,Negeri,Kec. Jemaja,310501,Kab. Kepulauan Anambas,310500,Prov. Kepulauan Riau,310000,4,4,7,3,6,0,0,18,10 Apr 2026 10:49:38,28CF532FA71DD8D9FB82
SDN 008 AIR BIRU,69787047,SD,Negeri,Kec. Jemaja,310501,Kab. Kepulauan Anambas,310500,Prov. Kepulauan Riau,310000,9,6,33,6,7,1,1,13,02 Apr 2026 19:23:59,642BDB8748588D3AD8F1
SDN 009 LANDAK,69787045,SD,Negeri,Kec. Jemaja,310501,Kab. Kepulauan Anambas,310500,Prov. Kepulauan Riau,310000,11,9,81,6,6,0,1,12,27 Apr 2026 17:04:23,02E4EEE9AE5BCD3F3166
SMPN 1 JEMAJA,11000323,SMP,Negeri,Kec. Jemaja,310501,Kab. Kepulauan Anambas,310500,Prov. Kepulauan Riau,310000,21,6,234,9,9,3,1,20,21 Apr 2026 13:39:53,917387AA536A42D5D507
SMPN 2 LEMBAH REWAK,69911390,SMP,Negeri,Kec. Jemaja,310501,Kab. Kepulauan Anambas,310500,Prov. Kepulauan Riau,310000,13,3,63,3,5,1,1,23,15 Apr 2026 11:17:39,FCE24B91FBEAF399BC6C
SMAN 1 JEMAJA,11002044,SMA,Negeri,Kec. Jemaja,310501,Kab. Kepulauan Anambas,310500,Prov. Kepulauan Riau,310000,22,9,372,12,13,9,1,39,27 Apr 2026 22:17:14,A598AAFA0F6C2C2B2EEB
SDN 001 PIASAN,11001180,SD,Negeri,Kec. Siantan Utara,310510,Kab. Kepulauan Anambas,310500,Prov. Kepulauan Riau,310000,8,13,56,6,6,1,1,13,10 Apr 2026 18:50:27,A565F783018E108C5A64
SDN 002 BAYAT,11001194,SD,Negeri,Kec. Siantan Utara,310510,Kab. Kepulauan Anambas,310500,Prov. Kepulauan Riau,310000,5,5,76,6,7,0,1,7,19 Apr 2026 20:45:08,C637E50B1B822D65D8D8
SDN 003 PALAH,11001337,SD,Negeri,Kec. Siantan Utara,310510,Kab. Kepulauan Anambas,310500,Prov. Kepulauan Riau,310000,3,4,9,4,6,0,0,25,01 May 2026 21:08:02,BDE86BA0222EF1651682
SDN 004 PIAN PASIR,11001339,SD,Negeri,Kec. Siantan Utara,310510,Kab. Kepulauan Anambas,310500,Prov. Kepulauan Riau,310000,8,6,61,6,6,0,1,16,29 Apr 2026 08:38:21,FD027EB9A9AB45A3B0F5
SDN 005 MUBUR KECIL,69856267,SD,Negeri,Kec. Siantan Utara,310510,Kab. Kepulauan Anambas,310500,Prov. Kepulauan Riau,310000,8,8,36,6,7,0,0,42,30 Apr 2026 11:27:10,90175113B0919D40F641
SMPN 1 SIANTAN UTARA,11002511,SMP,Negeri,Kec. Siantan Utara,310510,Kab. Kepulauan Anambas,310500,Prov. Kepulauan Riau,310000,10,13,78,3,6,2,1,12,28 Apr 2026 18:31:32,36D35D6B61A7A9262E08
SMPN 2 BAYAT,69963963,SMP,Negeri,Kec. Siantan Utara,310510,Kab. Kepulauan Anambas,310500,Prov. Kepulauan Riau,310000,8,5,20,3,4,1,0,19,10 Apr 2026 05:37:35,393D5105FBE8E782E75A
SMAN 1 SIANTAN UTARA,69859728,SMA,Negeri,Kec. Siantan Utara,310510,Kab. Kepulauan Anambas,310500,Prov. Kepulauan Riau,310000,13,5,92,3,5,4,1,18,27 Apr 2026 11:48:05,44A2FAAF19BCDC3A284B
SDN 001 KUALA MARAS,11001169,SD,Negeri,Kec. Jemaja Timur,310502,Kab. Kepulauan Anambas,310500,Prov. Kepulauan Riau,310000,9,8,89,6,6,0,1,19,29 Apr 2026 22:14:10,78FBCAB87166F4CCBD20
SDN 002 ULU MARAS,11001309,SD,Negeri,Kec. Jemaja Timur,310502,Kab. Kepulauan Anambas,310500,Prov. Kepulauan Riau,310000,9,7,102,6,6,1,1,13,28 Apr 2026 09:54:53,FA7FA09398D8FCAEC40E
SDN 003 BUKIT PADI,11001351,SD,Negeri,Kec. Jemaja Timur,310502,Kab. Kepulauan Anambas,310500,Prov. Kepulauan Riau,310000,8,6,73,6,6,1,1,30,04 Apr 2026 11:04:24,2440EC675C6185458C77
SDN 004 GENTING PULUR,11003252,SD,Negeri,Kec. Jemaja Timur,310502,Kab. Kepulauan Anambas,310500,Prov. Kepulauan Riau,310000,8,9,53,6,7,0,0,26,15 Apr 2026 13:57:16,F2236F2C234F01881824
SMPN 1 JEMAJA TIMUR,11001400,SMP,Negeri,Kec. Jemaja Timur,310502,Kab. Kepulauan Anambas,310500,Prov. Kepulauan Riau,310000,12,9,109,5,6,3,2,23,20 Apr 2026 12:39:37,45049729FBB9BB475036
SMK NEGERI 3 ANAMBAS,69859733,SMK,Negeri,Kec. Jemaja Timur,310502,Kab. Kepulauan Anambas,310500,Prov. Kepulauan Riau,310000,21,5,47,7,6,1,1,19,20 Apr 2026 09:40:02,4ED37305BF046111F43B
SDN 001 PAYALAMAN,11001307,SD,Negeri,Kec. Kute Siantan,310509,Kab. Kepulauan Anambas,310500,Prov. Kepulauan Riau,310000,9,5,129,6,13,0,1,9,09 Apr 2026 09:17:22,F33D5583078497989B9B
SDN 002 MATAK,11001323,SD,Negeri,Kec. Kute Siantan,310509,Kab. Kepulauan Anambas,310500,Prov. Kepulauan Riau,310000,7,5,37,6,6,0,0,21,14 Apr 2026 08:55:51,3703266E6EF5CC51430F
SDN 003 BATU AMPAR,11002447,SD,Negeri,Kec. Kute Siantan,310509,Kab. Kepulauan Anambas,310500,Prov. Kepulauan Riau,310000,7,7,70,6,6,0,1,8,09 Apr 2026 21:44:07,F6340A3D1381F90B69A7
SDN 004 TELUK DURIAN,11001385,SD,Negeri,Kec. Kute Siantan,310509,Kab. Kepulauan Anambas,310500,Prov. Kepulauan Riau,310000,10,6,43,6,6,0,1,22,04 Mar 2026 09:11:26,197BEF1CEB73BE5EEAC4
SDN 001 KERAMUT,11001179,SD,Negeri,Kec. Jemaja Barat,310508,Kab. Kepulauan Anambas,310500,Prov. Kepulauan Riau,310000,8,13,32,6,6,0,1,14,02 Apr 2026 18:01:28,414E4BD8C32998190A79
SDN 002 IMPOL,11001317,SD,Negeri,Kec. Jemaja Barat,310508,Kab. Kepulauan Anambas,310500,Prov. Kepulauan Riau,310000,7,4,36,6,6,0,1,7,11 Apr 2026 05:02:49,CFF398F78278CB1ECB67
SDN 003 SUNGGAK,11001348,SD,Negeri,Kec. Jemaja Barat,310508,Kab. Kepulauan Anambas,310500,Prov. Kepulauan Riau,310000,8,5,24,6,6,0,1,17,28 Apr 2026 14:53:34,AFEF0BA735099804566F
SMPN 1 SUNGGAK,69734127,SMP,Negeri,Kec. Jemaja Barat,310508,Kab. Kepulauan Anambas,310500,Prov. Kepulauan Riau,310000,10,9,41,3,3,2,1,16,02 Apr 2026 11:10:13,E27FF6976303120AC970
