nama_sekolah,npsn,bentuk_pendidikan,status_sekolah,kecamatan,kode_kecamatan,kabupaten,kode_kabupaten,provinsi,kode_provinsi,jumlah_guru_ptk,jumlah_pegawai,jumlah_peserta_didik,jumlah_rombel,jumlah_ruang_kelas,jumlah_lab,jumlah_perpustakaan,jumlah_kirim_sinkron,sinkron_terakhir,sekolah_id_enkrip
SD INPRES GUDANG ARANG,60300706,SD,Negeri,Kec. Merauke,370101,Kab. Merauke,370100,Prov. Papua Selatan,370000,15,2,260,9,9,1,1,28,30 Apr 2026 07:15:56,FA6FF9D1AA1173D03C17
SD INPRES KAMPUNG BARU,60300657,SD,Negeri,Kec. Merauke,370101,Kab. Merauke,370100,Prov. Papua Selatan,370000,17,2,311,12,13,1,1,26,20 Apr 2026 08:56:11,ECCAE542EFB45F5A56BB
SD INPRES MANGGA DUA,60300750,SD,Negeri,Kec. Merauke,370101,Kab. Merauke,370100,Prov. Papua Selatan,370000,19,3,396,13,14,0,1,27,27 Apr 2026 09:14:00,8B50B30DF4AA8A2B268D
SD INPRES MOPAH BARU,60300763,SD,Negeri,Kec. Merauke,370101,Kab. Merauke,370100,Prov. Papua Selatan,370000,20,2,413,12,12,0,0,16,01 May 2026 18:50:22,2BF866C4977E54821562
SD INPRES NASEM,60300764,SD,Negeri,Kec. Merauke,370101,Kab. Merauke,370100,Prov. Papua Selatan,370000,6,1,77,6,6,1,1,20,20 Apr 2026 08:35:19,AEAAB1CA60AB34E8F2DD
SD INPRES POLDER,60300766,SD,Negeri,Kec. Merauke,370101,Kab. Merauke,370100,Prov. Papua Selatan,370000,29,3,626,21,19,0,0,89,25 Apr 2026 10:41:30,369585DFCF25B38A859E
SD INPRES SERINGGU,60300720,SD,Negeri,Kec. Merauke,370101,Kab. Merauke,370100,Prov. Papua Selatan,370000,26,5,492,17,14,0,3,30,26 Apr 2026 05:39:27,C05E9AC3ACEAFD3E2905
SD NEGERI 1 MERAUKE,60300635,SD,Negeri,Kec. Merauke,370101,Kab. Merauke,370100,Prov. Papua Selatan,370000,25,2,504,18,15,1,2,36,27 Apr 2026 19:24:25,C9A55265B0893786C035
SD NEGERI 2 MERAUKE,60300634,SD,Negeri,Kec. Merauke,370101,Kab. Merauke,370100,Prov. Papua Selatan,370000,30,2,627,23,15,0,1,10,04 Mar 2026 13:50:38,3C5563912C7457127C71
SD NEGERI BOKEM,60300633,SD,Negeri,Kec. Merauke,370101,Kab. Merauke,370100,Prov. Papua Selatan,370000,10,1,58,6,6,0,2,29,02 Apr 2026 20:18:45,75DF607064EB25D74FE7
SD NEGERI CENDERAWASIH,60300632,SD,Negeri,Kec. Merauke,370101,Kab. Merauke,370100,Prov. Papua Selatan,370000,32,1,517,18,15,0,1,106,30 Apr 2026 18:36:47,8E5BE42AD7CA51B6FEE1
SD NEGERI NGGOLAR,69772741,SD,Negeri,Kec. Merauke,370101,Kab. Merauke,370100,Prov. Papua Selatan,370000,7,2,74,6,5,0,0,21,25 Apr 2026 19:23:05,C4C0A4E2F53F180885E4
SD NEGERI WASUR 1,60300628,SD,Negeri,Kec. Merauke,370101,Kab. Merauke,370100,Prov. Papua Selatan,370000,8,1,93,6,18,0,2,16,07 Mar 2026 12:44:04,5BE30A996B82628320CB
SD NEGERI WASUR 2,60300627,SD,Negeri,Kec. Merauke,370101,Kab. Merauke,370100,Prov. Papua Selatan,370000,17,1,210,11,7,0,0,59,30 Apr 2026 09:09:50,58902ACB3C66CC74E08C
Sekolah Rakyat Dasar Terintegrasi 77 Merauke,70058883,SD,Negeri,Kec. Merauke,370101,Kab. Merauke,370100,Prov. Papua Selatan,370000,2,0,23,5,7,2,1,17,28 Apr 2026 08:22:35,E498B2B544ACFDD629DC
SD ADVENT MERAUKE,60304548,SD,Swasta,Kec. Merauke,370101,Kab. Merauke,370100,Prov. Papua Selatan,370000,6,3,139,6,7,0,0,25,26 Apr 2026 18:45:06,B223DB2DB741C91ED456
SD INTERNASIONAL OKKI ANIM HA,60303661,SD,Swasta,Kec. Merauke,370101,Kab. Merauke,370100,Prov. Papua Selatan,370000,9,2,111,6,6,0,0,12,10 Apr 2026 10:02:10,898BCBDCDE7DD5E9EEAC
SD IT LUKMAN AL HAKIM,69824450,SD,Swasta,Kec. Merauke,370101,Kab. Merauke,370100,Prov. Papua Selatan,370000,29,2,407,17,16,1,0,25,21 Apr 2026 12:18:12,2B1C6C0ABE9DF15C6B3B
SD IT PERMATA BUNDA,70007890,SD,Swasta,Kec. Merauke,370101,Kab. Merauke,370100,Prov. Papua Selatan,370000,11,3,153,7,6,0,0,20,16 Apr 2026 08:04:27,B0E03C0CB188C384B9AA
SD KRISTEN KALAM KUDUS MERAUKE,69772743,SD,Swasta,Kec. Merauke,370101,Kab. Merauke,370100,Prov. Papua Selatan,370000,11,3,170,7,9,0,1,56,27 Apr 2026 09:11:34,CDD320106BAFF6860575
SD MUHAMMADIYAH MERAUKE,69966029,SD,Swasta,Kec. Merauke,370101,Kab. Merauke,370100,Prov. Papua Selatan,370000,17,3,290,12,9,0,0,36,18 Apr 2026 08:17:10,E7DC8A22A0480932389A
SD Muhammadiyah PK Bambu Pemali,70006816,SD,Swasta,Kec. Merauke,370101,Kab. Merauke,370100,Prov. Papua Selatan,370000,10,2,223,9,8,0,0,21,02 May 2026 16:28:34,BB5C70AB3B9F2D63AEAA
SD Nusantara 1,69991783,SD,Swasta,Kec. Merauke,370101,Kab. Merauke,370100,Prov. Papua Selatan,370000,9,1,100,7,7,0,0,21,21 Apr 2026 07:03:00,CE7ED898567120DA08B5
SD YAPIS 1 MERAUKE,60300733,SD,Swasta,Kec. Merauke,370101,Kab. Merauke,370100,Prov. Papua Selatan,370000,22,1,521,18,18,0,1,26,24 Apr 2026 09:10:48,674726B86AE52533673D
SD YAPIS II,60303073,SD,Swasta,Kec. Merauke,370101,Kab. Merauke,370100,Prov. Papua Selatan,370000,18,2,451,14,10,1,1,13,14 Apr 2026 10:33:03,4F3D8B991CFF80AD3F54
SD YPK ERMASU,60300735,SD,Swasta,Kec. Merauke,370101,Kab. Merauke,370100,Prov. Papua Selatan,370000,17,1,314,12,12,0,0,28,29 Apr 2026 18:33:56,C19733E8A735D511F1AE
SD YPK MOPAH LAMA,60300741,SD,Swasta,Kec. Merauke,370101,Kab. Merauke,370100,Prov. Papua Selatan,370000,19,2,461,16,13,0,0,25,04 Mar 2026 09:19:28,6384196518287053E952
SD YPK MULI,60300740,SD,Swasta,Kec. Merauke,370101,Kab. Merauke,370100,Prov. Papua Selatan,370000,10,1,248,10,10,0,0,23,19 Apr 2026 19:26:54,819E00D8B1C64AB637F1
SD YPPGI GERADUS ADII JATI-JATI,60303621,SD,Swasta,Kec. Merauke,370101,Kab. Merauke,370100,Prov. Papua Selatan,370000,7,1,192,8,6,0,0,46,23 Apr 2026 13:09:55,4A35DAE8406F8E9A7F0F
SD YPPK DON BOSCHO BUDHI MULIA,60306563,SD,Swasta,Kec. Merauke,370101,Kab. Merauke,370100,Prov. Papua Selatan,370000,18,2,554,17,19,0,1,45,29 Apr 2026 11:42:01,B6B594F96E40522B6295
SD YPPK ST AGUSTINUS BAMBUPEMALI,69727977,SD,Swasta,Kec. Merauke,370101,Kab. Merauke,370100,Prov. Papua Selatan,370000,25,1,702,24,18,0,1,86,29 Apr 2026 12:25:39,C3E18A6600236BE3BFB9
SD YPPK ST FRANSISKUS XAVERIUS 2,60300534,SD,Swasta,Kec. Merauke,370101,Kab. Merauke,370100,Prov. Papua Selatan,370000,24,5,519,19,19,1,0,37,22 Apr 2026 06:50:58,EF6DFE9D2EA3A6528AE5
SD YPPK ST MIKAEL,60300544,SD,Swasta,Kec. Merauke,370101,Kab. Merauke,370100,Prov. Papua Selatan,370000,18,2,488,14,14,0,0,136,30 Apr 2026 23:53:35,6B71BBC8A4EFF038DE72
SD YPPK ST TARSISIUS BIANKUK.,60300559,SD,Swasta,Kec. Merauke,370101,Kab. Merauke,370100,Prov. Papua Selatan,370000,13,1,276,10,8,0,1,27,17 Apr 2026 09:55:27,BCA9C1627BDD7F057119
SD YPPK ST THERESIA BUTI,60300558,SD,Swasta,Kec. Merauke,370101,Kab. Merauke,370100,Prov. Papua Selatan,370000,14,1,329,12,11,0,0,38,02 May 2026 06:46:12,41557D8DC256274826CA
SD YPPK STA MARIA FATIMA,69727978,SD,Swasta,Kec. Merauke,370101,Kab. Merauke,370100,Prov. Papua Selatan,370000,16,2,307,12,12,0,2,65,14 Apr 2026 06:39:42,B8A31B67386540B5D43F
Sekolah Rakyat Menengah Pertama Terintegrasi 77 Merauke,70058884,SMP,Negeri,Kec. Merauke,370101,Kab. Merauke,370100,Prov. Papua Selatan,370000,5,1,12,2,2,0,0,8,04 Feb 2026 16:32:01,FC655F237A84E8BD47C3
SMP NEGERI 1 MERAUKE,60300606,SMP,Negeri,Kec. Merauke,370101,Kab. Merauke,370100,Prov. Papua Selatan,370000,46,5,926,30,30,3,1,51,29 Apr 2026 08:00:15,4E16B079FA124BE23E2B
SMP NEGERI 2 MERAUKE,60300594,SMP,Negeri,Kec. Merauke,370101,Kab. Merauke,370100,Prov. Papua Selatan,370000,49,11,947,30,28,6,1,29,27 Apr 2026 13:21:04,93D126DD78DFB7BD8B43
SMP NEGERI 9 MERAUKE,60300614,SMP,Negeri,Kec. Merauke,370101,Kab. Merauke,370100,Prov. Papua Selatan,370000,23,4,201,8,16,2,2,40,22 Apr 2026 16:13:12,F1D6BBB1F057A41F3D5D
SMP NEGERI BUTI,60300613,SMP,Negeri,Kec. Merauke,370101,Kab. Merauke,370100,Prov. Papua Selatan,370000,15,9,278,10,11,2,1,31,09 Apr 2026 03:48:37,DB36A7A729DC9A1D995B
SMP NEGERI GUDANG ARANG,60304738,SMP,Negeri,Kec. Merauke,370101,Kab. Merauke,370100,Prov. Papua Selatan,370000,15,1,198,8,6,2,1,19,16 Apr 2026 11:40:03,FC17A838077C9375F2D2
SMP NEGERI SATU ATAP 1 WASUR,60302709,SMP,Negeri,Kec. Merauke,370101,Kab. Merauke,370100,Prov. Papua Selatan,370000,17,4,158,7,14,2,1,18,21 Apr 2026 07:12:36,F5F4BE37BCAB84AD3BF3
SMP AL MA ARIF NU MERAUKE,69976683,SMP,Swasta,Kec. Merauke,370101,Kab. Merauke,370100,Prov. Papua Selatan,370000,14,2,250,7,4,2,4,27,15 Apr 2026 07:03:34,33FC8ED7C64F82D5A774
SMP BP AL-MUNAWWAROH,60304737,SMP,Swasta,Kec. Merauke,370101,Kab. Merauke,370100,Prov. Papua Selatan,370000,10,2,84,4,4,2,1,35,26 Apr 2026 09:55:11,850CB0B0EA63326D5329
SMP ISLAM TERPADU (SMP-IT) IBNU SINA,69989474,SMP,Swasta,Kec. Merauke,370101,Kab. Merauke,370100,Prov. Papua Selatan,370000,13,1,123,6,6,1,1,25,02 Apr 2026 10:21:56,641364742FC189059B52
SMP KRISTEN KALAM KUDUS MERAUKE,69973464,SMP,Swasta,Kec. Merauke,370101,Kab. Merauke,370100,Prov. Papua Selatan,370000,9,2,57,3,4,2,1,23,22 Apr 2026 07:18:17,6A81AECF071259E29E21
SMP MUHAMMADIYAH KARTOSENTANAN,70034605,SMP,Swasta,Kec. Merauke,370101,Kab. Merauke,370100,Prov. Papua Selatan,370000,7,1,91,5,3,0,0,13,08 Apr 2026 14:33:33,6290CAF04D78BCCD3369
SMP MUHAMMADIYAH MERAUKE,60300651,SMP,Swasta,Kec. Merauke,370101,Kab. Merauke,370100,Prov. Papua Selatan,370000,30,7,528,17,12,1,1,50,28 Apr 2026 08:48:52,E9BF8FB10D632D8916D8
SMP YAPIS,60300649,SMP,Swasta,Kec. Merauke,370101,Kab. Merauke,370100,Prov. Papua Selatan,370000,24,2,473,15,16,3,1,50,30 Apr 2026 11:21:21,D48DADBAF88B56A37D4C
SMP YPK 2 MERAUKE,60304743,SMP,Swasta,Kec. Merauke,370101,Kab. Merauke,370100,Prov. Papua Selatan,370000,11,3,262,9,6,1,1,30,30 Apr 2026 11:38:43,BCE92ACC638D38E4BB3F
SMP YPK MERAUKE,60300648,SMP,Swasta,Kec. Merauke,370101,Kab. Merauke,370100,Prov. Papua Selatan,370000,20,6,416,14,15,3,1,81,30 Apr 2026 20:08:35,A7F152E4DC5A8F6E70DC
SMP YPPGI Gerardus Adi,60303687,SMP,Swasta,Kec. Merauke,370101,Kab. Merauke,370100,Prov. Papua Selatan,370000,5,2,34,3,7,1,0,13,13 Mar 2026 18:09:16,E099600108E269BD65E7
SMP YPPK SANTO MIKAEL,60300645,SMP,Swasta,Kec. Merauke,370101,Kab. Merauke,370100,Prov. Papua Selatan,370000,14,2,276,9,10,3,1,62,22 Apr 2026 06:41:40,A4C1A123C01BABC5DCF0
SMP YPPK YOANES 23,60300643,SMP,Swasta,Kec. Merauke,370101,Kab. Merauke,370100,Prov. Papua Selatan,370000,29,9,689,21,21,3,1,38,29 Apr 2026 04:31:56,410A5D7AE62D89978019
SMPS YOHANES AERTS,60304736,SMP,Swasta,Kec. Merauke,370101,Kab. Merauke,370100,Prov. Papua Selatan,370000,11,4,67,4,5,2,1,23,20 Apr 2026 09:58:42,2956104906F85A85DF05
UPTD SMP ADVENT MERAUKE,70054685,SMP,Swasta,Kec. Merauke,370101,Kab. Merauke,370100,Prov. Papua Selatan,370000,0,0,0,0,0,0,0,0,,C9B3BFB3CBA96B66FF8C
SMA NEGERI 1 MERAUKE,60300625,SMA,Negeri,Kec. Merauke,370101,Kab. Merauke,370100,Prov. Papua Selatan,370000,73,19,1139,33,34,4,1,29,26 Apr 2026 16:02:57,AFEA7385F5615E5D65D9
SMA NEGERI 2 MERAUKE,60300639,SMA,Negeri,Kec. Merauke,370101,Kab. Merauke,370100,Prov. Papua Selatan,370000,61,6,1047,31,30,2,1,81,29 Apr 2026 05:29:37,77798DB41F4F8F4325CC
SMA NEGERI 3 MERAUKE,60300640,SMA,Negeri,Kec. Merauke,370101,Kab. Merauke,370100,Prov. Papua Selatan,370000,49,8,938,28,26,5,1,24,24 Apr 2026 08:17:42,CD59379149AE9FB3A3A2
SMA NEGERI KPG KHAS PAPUA MERAUKE,60302711,SMA,Negeri,Kec. Merauke,370101,Kab. Merauke,370100,Prov. Papua Selatan,370000,23,3,485,15,25,2,1,27,30 Apr 2026 22:48:18,98CF42636BCB84CC5DCF
SMA NEGERI PLUS SATU ATAP 1 MERAUKE,60728370,SMA,Negeri,Kec. Merauke,370101,Kab. Merauke,370100,Prov. Papua Selatan,370000,39,2,160,8,11,1,1,47,23 Apr 2026 04:50:10,3BCAF66311822AC99F4B
SMA GOLDEN GATE MERAUKE,70031492,SMA,Swasta,Kec. Merauke,370101,Kab. Merauke,370100,Prov. Papua Selatan,370000,0,1,0,0,0,0,0,0,,8F6257B1F00926DD986F
SMA ISLAM TERPADU (SMA-IT) IBNU KHALDUN,70027727,SMA,Swasta,Kec. Merauke,370101,Kab. Merauke,370100,Prov. Papua Selatan,370000,6,2,38,3,3,0,0,20,09 Apr 2026 11:29:23,0DAD0033BFBDAE5B2E0A
SMA PLUS YPPGI GERADUS ADII,69863854,SMA,Swasta,Kec. Merauke,370101,Kab. Merauke,370100,Prov. Papua Selatan,370000,5,1,194,7,3,0,0,30,27 Apr 2026 14:21:43,D25DBED8BFC6AB6C51B3
SMA SEMINARI PASTOR BONUS,70032285,SMA,Swasta,Kec. Merauke,370101,Kab. Merauke,370100,Prov. Papua Selatan,370000,6,1,90,4,5,1,0,22,06 Apr 2026 17:20:24,73B2B75FBF0AEF84ED73
SMA YAPIS 1 MERAUKE,70049042,SMA,Swasta,Kec. Merauke,370101,Kab. Merauke,370100,Prov. Papua Selatan,370000,4,2,26,2,2,1,1,23,16 Apr 2026 17:27:15,D91B3AFF5597ED86A55C
SMA YPK MASA DEPAN CERAH,70039258,SMA,Swasta,Kec. Merauke,370101,Kab. Merauke,370100,Prov. Papua Selatan,370000,9,5,99,4,6,1,1,28,14 Apr 2026 17:42:15,D3698D51F722A1B7B04E
SMA YPK MERAUKE,60302715,SMA,Swasta,Kec. Merauke,370101,Kab. Merauke,370100,Prov. Papua Selatan,370000,31,9,659,18,14,6,1,43,23 Apr 2026 10:28:00,61067FD2174AC3D8F2E7
SMA YPPK YOANES XXIII MERAUKE,60300593,SMA,Swasta,Kec. Merauke,370101,Kab. Merauke,370100,Prov. Papua Selatan,370000,24,7,304,10,11,5,1,63,29 Apr 2026 09:13:29,725F6F703D99D51C831B
SMA YPPK YOS SUDARSO MERAUKE,60303490,SMA,Swasta,Kec. Merauke,370101,Kab. Merauke,370100,Prov. Papua Selatan,370000,21,8,225,8,10,4,1,26,18 Apr 2026 14:18:29,12CFC558EA4AD9BA158A
SMAS PLUS MUHAMMADIYAH,60304322,SMA,Swasta,Kec. Merauke,370101,Kab. Merauke,370100,Prov. Papua Selatan,370000,9,2,143,6,3,3,1,58,27 Apr 2026 08:08:08,C57F0D7EE7A60CBDFB7D
SMK Negeri 1 Bisnis dan Manajemen  Merauke,60300653,SMK,Negeri,Kec. Merauke,370101,Kab. Merauke,370100,Prov. Papua Selatan,370000,68,7,864,31,29,7,1,50,28 Apr 2026 14:51:18,E66663B0E2A391DE3B3C
SMK Negeri 12 Kesehatan Merauke,70032704,SMK,Negeri,Kec. Merauke,370101,Kab. Merauke,370100,Prov. Papua Selatan,370000,25,1,326,12,5,2,1,28,01 May 2026 20:46:23,917185D16B96FB504815
SMK Negeri 2 Pariwisata Merauke,60300652,SMK,Negeri,Kec. Merauke,370101,Kab. Merauke,370100,Prov. Papua Selatan,370000,37,7,111,15,23,3,1,38,23 Apr 2026 08:04:53,577FDBF35FC2ADB1F93E
SMK Negeri 3 Teknologi dan Rekayasa Merauke,60302720,SMK,Negeri,Kec. Merauke,370101,Kab. Merauke,370100,Prov. Papua Selatan,370000,73,7,896,39,26,2,1,27,30 Apr 2026 12:28:03,542C06F8F0FBA6062299
SMKS AMPARI MERAUKE,60302729,SMK,Swasta,Kec. Merauke,370101,Kab. Merauke,370100,Prov. Papua Selatan,370000,9,2,73,6,6,0,1,12,02 May 2026 13:49:29,CBCE7C78C016A22D8CE2
SMKS KESEHATAN YALEKA MARO,69812080,SMK,Swasta,Kec. Merauke,370101,Kab. Merauke,370100,Prov. Papua Selatan,370000,12,2,121,9,9,4,1,19,24 Apr 2026 07:36:52,1D93FBA8BB3A9DF7C378
SMKS SANTO ANTONIUS MERAUKE,60302719,SMK,Swasta,Kec. Merauke,370101,Kab. Merauke,370100,Prov. Papua Selatan,370000,35,5,410,16,16,1,1,34,28 Apr 2026 22:25:56,BBD7090EB75EE0BD2A98
SMKS YPK MERAUKE,69772747,SMK,Swasta,Kec. Merauke,370101,Kab. Merauke,370100,Prov. Papua Selatan,370000,6,1,126,6,6,1,1,24,16 Apr 2026 22:11:16,F0BEE563A4202E7558DF
SD INPRES JAGEBOB III,60300664,SD,Negeri,Kec. Tanah Miring,370106,Kab. Merauke,370100,Prov. Papua Selatan,370000,10,1,102,7,7,0,0,17,28 Apr 2026 14:13:49,6D870A116E1572D2497D
SD INPRES SENAYU,60300769,SD,Negeri,Kec. Tanah Miring,370106,Kab. Merauke,370100,Prov. Papua Selatan,370000,12,1,110,8,6,0,1,14,03 Apr 2026 20:23:17,F97C235D031EE6561B36
SD INPRES SERMAYAM 1,60300768,SD,Negeri,Kec. Tanah Miring,370106,Kab. Merauke,370100,Prov. Papua Selatan,370000,10,1,157,8,8,0,1,35,24 Apr 2026 19:22:24,62F0F454547F75C048ED
SD INPRES SERMAYAM 2,60300767,SD,Negeri,Kec. Tanah Miring,370106,Kab. Merauke,370100,Prov. Papua Selatan,370000,9,0,146,7,10,0,0,25,27 Apr 2026 12:12:45,4FFC83AE2B79F48DBB95
SD INPRES TAMBAT,60300732,SD,Negeri,Kec. Tanah Miring,370106,Kab. Merauke,370100,Prov. Papua Selatan,370000,10,1,74,6,6,0,0,40,02 May 2026 17:19:07,238402BCADA3D418CED7
SD INPRES TANAH MIRING 1,60300731,SD,Negeri,Kec. Tanah Miring,370106,Kab. Merauke,370100,Prov. Papua Selatan,370000,12,2,187,9,6,0,2,30,22 Apr 2026 07:12:21,081128E6EC2D91C5F684
SD INPRES TANAH MIRING 2,60300730,SD,Negeri,Kec. Tanah Miring,370106,Kab. Merauke,370100,Prov. Papua Selatan,370000,8,1,225,9,9,1,1,15,14 Apr 2026 08:57:19,98F92531A09B82648690
SD INPRES TANAH MIRING 3,60300729,SD,Negeri,Kec. Tanah Miring,370106,Kab. Merauke,370100,Prov. Papua Selatan,370000,9,3,159,6,7,0,1,6,03 Mar 2026 08:26:47,41ABA6C499CB52B366F4
SD INPRES TANAH MIRING 4,60300728,SD,Negeri,Kec. Tanah Miring,370106,Kab. Merauke,370100,Prov. Papua Selatan,370000,12,1,223,10,10,0,1,11,28 Apr 2026 19:59:22,DC81163A260380E1BD19
SD INPRES TANAH MIRING 6,60300726,SD,Negeri,Kec. Tanah Miring,370106,Kab. Merauke,370100,Prov. Papua Selatan,370000,9,1,157,8,7,1,1,9,14 Mar 2026 06:57:07,D594B5B99A15215D8979
SD INPRES TANAH MIRING 7,60300725,SD,Negeri,Kec. Tanah Miring,370106,Kab. Merauke,370100,Prov. Papua Selatan,370000,8,1,158,7,9,0,1,21,23 Apr 2026 08:35:06,2B9F6E7CF2F09BCA9CCD
SD INPRES TANAH MIRING 8,60300724,SD,Negeri,Kec. Tanah Miring,370106,Kab. Merauke,370100,Prov. Papua Selatan,370000,10,1,196,8,8,1,1,10,10 Apr 2026 06:45:04,42AF7EB277CAD27F5C1B
SD INPRES TANAH MIRING 9,60300723,SD,Negeri,Kec. Tanah Miring,370106,Kab. Merauke,370100,Prov. Papua Selatan,370000,7,1,23,6,3,0,1,10,05 Apr 2026 03:40:31,54E86B2064679C1B79F2
SD INPRES TANAH MIRING V,60300727,SD,Negeri,Kec. Tanah Miring,370106,Kab. Merauke,370100,Prov. Papua Selatan,370000,11,1,168,8,6,0,0,16,16 Apr 2026 05:45:28,2C62BBB8E143A0519C8F
SD NEGERI KAMANGI,69725722,SD,Negeri,Kec. Tanah Miring,370106,Kab. Merauke,370100,Prov. Papua Selatan,370000,5,1,51,6,6,0,0,11,06 Apr 2026 17:09:56,A937FA91507257CB3B48
SD Negeri SARSANG,69772742,SD,Negeri,Kec. Tanah Miring,370106,Kab. Merauke,370100,Prov. Papua Selatan,370000,10,3,133,8,8,1,2,12,16 Apr 2026 06:14:26,D0C574DAB49E4AECC9F6
SD AL KHODIJAH,69972213,SD,Swasta,Kec. Tanah Miring,370106,Kab. Merauke,370100,Prov. Papua Selatan,370000,10,1,163,8,6,0,0,30,02 May 2026 08:07:38,38B4BC574BA953109899
SMP NEGERI 12 MERAUKE,60300597,SMP,Negeri,Kec. Tanah Miring,370106,Kab. Merauke,370100,Prov. Papua Selatan,370000,10,2,108,5,6,1,1,12,20 Apr 2026 06:29:22,C546F719986802E1FEE1
SMP NEGERI 13 MERAUKE,60300596,SMP,Negeri,Kec. Tanah Miring,370106,Kab. Merauke,370100,Prov. Papua Selatan,370000,18,3,237,9,12,2,1,34,27 Apr 2026 09:04:22,0BAB92A732DB1A650FEC
SMP NEGERI 8 MERAUKE,60300615,SMP,Negeri,Kec. Tanah Miring,370106,Kab. Merauke,370100,Prov. Papua Selatan,370000,23,3,415,14,16,2,1,44,15 Apr 2026 07:17:33,7805655D7B496DDBFABF
SMP NEGERI SATU ATAP 4 SENAYU,60304742,SMP,Negeri,Kec. Tanah Miring,370106,Kab. Merauke,370100,Prov. Papua Selatan,370000,12,1,77,4,4,2,1,20,29 Apr 2026 05:55:18,32A7BF41782CBB92CA50
SMP NEGERI WAKRAM,69992985,SMP,Negeri,Kec. Tanah Miring,370106,Kab. Merauke,370100,Prov. Papua Selatan,370000,9,1,73,3,3,1,1,18,30 Apr 2026 06:25:15,2255FF428D9C9837DFEC
SMP AL KHODIJAH MERAUKE,70031275,SMP,Swasta,Kec. Tanah Miring,370106,Kab. Merauke,370100,Prov. Papua Selatan,370000,7,2,91,3,3,0,0,21,28 Apr 2026 06:11:19,2B40A8235BE7123F2898
SMA NEGERI 1 TANAH MIRING,69824440,SMA,Negeri,Kec. Tanah Miring,370106,Kab. Merauke,370100,Prov. Papua Selatan,370000,22,4,278,9,7,1,1,31,01 May 2026 22:49:33,022D3B9C1C0CE9822F06
SMA NEGERI PLUS SATAP 4 SENAYU,69949477,SMA,Negeri,Kec. Tanah Miring,370106,Kab. Merauke,370100,Prov. Papua Selatan,370000,11,1,52,3,3,2,1,18,21 Apr 2026 07:35:02,2E574259C02B7B9D9869
SMK Negeri 5 Agribisnis dan  Agroteknologi  Merauke,60302727,SMK,Negeri,Kec. Tanah Miring,370106,Kab. Merauke,370100,Prov. Papua Selatan,370000,31,3,481,17,17,4,1,47,24 Apr 2026 04:42:12,CE474749F31514D50FFC
SD INPRES JAYA MAKMUR,60304549,SD,Negeri,Kec. Kurik,370111,Kab. Merauke,370100,Prov. Papua Selatan,370000,12,2,233,10,12,0,0,31,14 Apr 2026 07:52:53,F4E004C6E39805DE5340
SD INPRES KURIK 1,60300684,SD,Negeri,Kec. Kurik,370111,Kab. Merauke,370100,Prov. Papua Selatan,370000,10,2,123,7,7,0,1,13,29 Apr 2026 09:54:53,3BE861F02ED2B68033A4
SD INPRES KURIK 3,60300679,SD,Negeri,Kec. Kurik,370111,Kab. Merauke,370100,Prov. Papua Selatan,370000,9,3,200,7,6,0,1,24,16 Apr 2026 08:03:50,2A4F0472F57C53A366E8
SD INPRES KURIK 4,60300677,SD,Negeri,Kec. Kurik,370111,Kab. Merauke,370100,Prov. Papua Selatan,370000,11,2,153,8,7,0,1,24,25 Apr 2026 17:20:37,5FDB73EDAC00256CBD3F
SD INPRES SALOR 1,60300778,SD,Negeri,Kec. Kurik,370111,Kab. Merauke,370100,Prov. Papua Selatan,370000,8,1,180,6,7,0,1,13,07 Apr 2026 06:38:26,8548798BCD8F1C14296C
SD INPRES SALOR 2,69725725,SD,Negeri,Kec. Kurik,370111,Kab. Merauke,370100,Prov. Papua Selatan,370000,14,1,207,11,11,0,1,14,05 Apr 2026 08:12:32,FB6D5FF648F4B8C14594
SD INPRES SALOR 3,60300780,SD,Negeri,Kec. Kurik,370111,Kab. Merauke,370100,Prov. Papua Selatan,370000,9,1,64,6,7,0,0,11,16 Mar 2026 11:01:26,E8893E80217502118A97
SD INPRES SUMBER MULIA,60304545,SD,Negeri,Kec. Kurik,370111,Kab. Merauke,370100,Prov. Papua Selatan,370000,11,1,82,6,6,0,1,23,19 Apr 2026 17:59:54,212782B4F528F76B3B5F
SD NEGERI WAPEKO,60300629,SD,Negeri,Kec. Kurik,370111,Kab. Merauke,370100,Prov. Papua Selatan,370000,8,1,66,6,6,0,0,15,16 Apr 2026 06:02:13,3BE6C6155D0A4EDC8040
SD NEGERI WIND JAYA,69972219,SD,Negeri,Kec. Kurik,370111,Kab. Merauke,370100,Prov. Papua Selatan,370000,7,1,29,6,3,0,0,6,03 Apr 2026 07:46:59,9ABE135BE238365ADFC2
SD MUHAMMADIYAH KREATIF ANUMBOB,70056681,SD,Swasta,Kec. Kurik,370111,Kab. Merauke,370100,Prov. Papua Selatan,370000,1,0,0,0,0,0,0,0,,3B3F8D3F8D929B96160C
SD YPK KALIKI,60300586,SD,Swasta,Kec. Kurik,370111,Kab. Merauke,370100,Prov. Papua Selatan,370000,4,4,98,6,6,1,1,1,02 Apr 2026 18:31:37,51F6A9C088C481279084
SD YPPK SALOR,60300529,SD,Swasta,Kec. Kurik,370111,Kab. Merauke,370100,Prov. Papua Selatan,370000,9,1,62,6,6,0,1,1,01 Apr 2026 23:13:44,CD349E40AEB9D9CE1AB1
SDIT HARAPAN BANGSA,70061854,SD,Swasta,Kec. Kurik,370111,Kab. Merauke,370100,Prov. Papua Selatan,370000,0,0,0,0,0,0,0,0,,5DEA7B0211E2FD602732
SMP NEGERI 4 MERAUKE,60300621,SMP,Negeri,Kec. Kurik,370111,Kab. Merauke,370100,Prov. Papua Selatan,370000,27,4,371,13,17,2,1,29,23 Apr 2026 06:58:59,3EF322E94DF9965D1FA6
SMP NEGERI 7 MERAUKE,60300616,SMP,Negeri,Kec. Kurik,370111,Kab. Merauke,370100,Prov. Papua Selatan,370000,19,2,239,8,9,2,1,31,20 Apr 2026 18:50:03,8B1B132627CAACA08EC9
SMP BP AL KHOLIDIYAH KURIK,60304697,SMP,Swasta,Kec. Kurik,370111,Kab. Merauke,370100,Prov. Papua Selatan,370000,6,3,112,5,3,0,1,10,22 Apr 2026 04:59:12,B7572CC1B153299D3ED8
SMA NEGERI 1 KURIK,60302717,SMA,Negeri,Kec. Kurik,370111,Kab. Merauke,370100,Prov. Papua Selatan,370000,42,4,814,24,25,4,3,29,30 Apr 2026 12:57:02,5FC16FB4DA27F78288BA
SD INPRES BUPUL 11,60300703,SD,Negeri,Kec. Ulilin,370109,Kab. Merauke,370100,Prov. Papua Selatan,370000,7,1,50,6,6,0,0,1,27 Apr 2026 06:25:27,DD3AC1894EF5DF2A0E7B
SD INPRES BUPUL 12,60300704,SD,Negeri,Kec. Ulilin,370109,Kab. Merauke,370100,Prov. Papua Selatan,370000,6,1,51,6,4,0,0,11,11 Apr 2026 11:56:36,453DD637ED35E8047ECF
SD INPRES BUPUL VI,60300712,SD,Negeri,Kec. Ulilin,370109,Kab. Merauke,370100,Prov. Papua Selatan,370000,7,1,117,6,5,0,0,18,22 Apr 2026 07:25:13,DC405A79D2AFA70DDE55
SD INPRES BUPUL XIII,60300717,SD,Negeri,Kec. Ulilin,370109,Kab. Merauke,370100,Prov. Papua Selatan,370000,4,1,33,6,3,0,0,24,08 Apr 2026 09:30:58,C262C8102DB11C7E5992
SD INPRES MUTING 1,60300761,SD,Negeri,Kec. Ulilin,370109,Kab. Merauke,370100,Prov. Papua Selatan,370000,3,1,62,6,6,1,1,7,06 Mar 2026 09:29:55,24FC36DBE0EBF91AA29A
SD INPRES MUTING 2,60300758,SD,Negeri,Kec. Ulilin,370109,Kab. Merauke,370100,Prov. Papua Selatan,370000,7,3,109,6,9,0,1,9,30 Mar 2026 17:10:59,7AA8BF81FF0B7E9A5128
SD INPRES MUTING 3,60300757,SD,Negeri,Kec. Ulilin,370109,Kab. Merauke,370100,Prov. Papua Selatan,370000,7,1,132,7,6,0,0,18,03 Mar 2026 18:05:17,F5CB99E84E8B6E885C56
SD INPRES MUTING IV,60300756,SD,Negeri,Kec. Ulilin,370109,Kab. Merauke,370100,Prov. Papua Selatan,370000,8,1,162,7,9,0,1,30,29 Apr 2026 18:38:08,6511E32FC38C420ED81A
SD INPRES MUTING V,60300755,SD,Negeri,Kec. Ulilin,370109,Kab. Merauke,370100,Prov. Papua Selatan,370000,7,1,55,6,6,0,1,12,23 Apr 2026 08:31:40,9785FC2BB825554A5472
SD INPRES SELIL,60300781,SD,Negeri,Kec. Ulilin,370109,Kab. Merauke,370100,Prov. Papua Selatan,370000,7,1,24,6,6,0,0,12,25 Apr 2026 11:37:13,9B5D14359C1DE23E8CA0
SD NEGERI ISAU BIA II,69990060,SD,Negeri,Kec. Ulilin,370109,Kab. Merauke,370100,Prov. Papua Selatan,370000,13,1,263,11,7,0,1,15,17 Apr 2026 07:31:54,8FE13AA3EE1D02EB8E8F
SD Negeri Kigorun,70051183,SD,Negeri,Kec. Ulilin,370109,Kab. Merauke,370100,Prov. Papua Selatan,370000,2,1,100,4,4,0,0,18,28 Apr 2026 13:59:49,8D67E6DD8ED2B2877336
SD NEGERI KUKUMID,69989794,SD,Negeri,Kec. Ulilin,370109,Kab. Merauke,370100,Prov. Papua Selatan,370000,12,2,263,11,11,0,0,26,29 Apr 2026 10:53:13,C4F448AEE884868C6F77
SD NEGERI LOO BIA 1,69972313,SD,Negeri,Kec. Ulilin,370109,Kab. Merauke,370100,Prov. Papua Selatan,370000,18,1,304,14,8,0,0,45,29 Apr 2026 09:07:42,A188F661BC1C1AA00016
SD NEGERI PT PAL SELIL,69992074,SD,Negeri,Kec. Ulilin,370109,Kab. Merauke,370100,Prov. Papua Selatan,370000,12,1,173,9,6,0,0,65,30 Apr 2026 23:03:44,1FC4410EB8E2AD3657BF
SD YPK Harapan Selil,69959188,SD,Swasta,Kec. Ulilin,370109,Kab. Merauke,370100,Prov. Papua Selatan,370000,11,3,248,11,7,0,0,36,20 Apr 2026 06:03:40,2B12CEFC1DC72501B4E5
SD YPPK MANDUM,60303074,SD,Swasta,Kec. Ulilin,370109,Kab. Merauke,370100,Prov. Papua Selatan,370000,6,1,73,6,3,0,0,8,07 Apr 2026 07:34:52,A1A4D65127458023A351
SMP NEGERI 2 MUTING,60300607,SMP,Negeri,Kec. Ulilin,370109,Kab. Merauke,370100,Prov. Papua Selatan,370000,15,2,218,8,9,1,1,23,01 May 2026 16:28:42,4FC8599A628517E780A7
SMP NEGERI KUKUMID,70014315,SMP,Negeri,Kec. Ulilin,370109,Kab. Merauke,370100,Prov. Papua Selatan,370000,7,2,112,5,5,1,1,29,29 Apr 2026 17:56:32,B2544BF4993A7E141CCA
SMP Negeri Loo Bia,70014994,SMP,Negeri,Kec. Ulilin,370109,Kab. Merauke,370100,Prov. Papua Selatan,370000,12,1,102,4,4,1,1,76,25 Apr 2026 17:41:14,C5647943DA1AA812EE17
SMA NEGERI 1 ULILIN,70047426,SMA,Negeri,Kec. Ulilin,370109,Kab. Merauke,370100,Prov. Papua Selatan,370000,7,2,160,8,4,2,1,11,12 Apr 2026 04:47:26,FFA31BD7A0AF4CE0BAF0
SD INPRES KUPRIK,60300685,SD,Negeri,Kec. Semangga,370105,Kab. Merauke,370100,Prov. Papua Selatan,370000,14,3,289,13,13,0,2,13,30 Apr 2026 07:41:35,FF380885E04F21E829F4
SD INPRES MURAM,60300762,SD,Negeri,Kec. Semangga,370105,Kab. Merauke,370100,Prov. Papua Selatan,370000,11,2,193,9,7,1,3,17,22 Apr 2026 08:18:15,AB22A4F52987D862B682
SD INPRES SEMANGGA 1,60300774,SD,Negeri,Kec. Semangga,370105,Kab. Merauke,370100,Prov. Papua Selatan,370000,17,2,234,11,11,0,1,70,29 Apr 2026 10:12:52,4B6143AE9174366C7021
SD INPRES SEMANGGA 5,60300770,SD,Negeri,Kec. Semangga,370105,Kab. Merauke,370100,Prov. Papua Selatan,370000,7,3,136,6,6,0,1,24,17 Apr 2026 19:21:18,6F303F157B023427808A
SD INPRES SEMANGGA II,60300773,SD,Negeri,Kec. Semangga,370105,Kab. Merauke,370100,Prov. Papua Selatan,370000,13,2,164,8,6,1,1,16,27 Apr 2026 12:45:27,0369EADF550B1E67212D
SD INPRES SEMANGGA III,60300772,SD,Negeri,Kec. Semangga,370105,Kab. Merauke,370100,Prov. Papua Selatan,370000,8,1,147,7,8,0,2,11,21 Apr 2026 07:17:51,CB8ECEDAF0CC0CF238D4
SD INPRES SEMANGGA IV,60300771,SD,Negeri,Kec. Semangga,370105,Kab. Merauke,370100,Prov. Papua Selatan,370000,6,2,156,6,7,0,1,32,16 Apr 2026 02:50:33,F1E3E3FE09EE5DC0626E
SD YPK KUPRIK,60300743,SD,Swasta,Kec. Semangga,370105,Kab. Merauke,370100,Prov. Papua Selatan,370000,7,3,83,6,6,0,1,20,23 Mar 2026 15:58:26,04C0CCA86C9CC642D3E6
SD YPPK ST THOMAS AQUINO NOHOTIF,60300540,SD,Swasta,Kec. Semangga,370105,Kab. Merauke,370100,Prov. Papua Selatan,370000,9,1,167,6,6,0,1,45,29 Apr 2026 08:58:35,970A8F8F90E12EF04B36
SD YPPK WENDU,60300548,SD,Swasta,Kec. Semangga,370105,Kab. Merauke,370100,Prov. Papua Selatan,370000,10,2,217,9,15,1,0,9,10 Apr 2026 08:52:54,95393743802E679DD553
SD YPPK YOS SOEDARSO KUPER,60300654,SD,Swasta,Kec. Semangga,370105,Kab. Merauke,370100,Prov. Papua Selatan,370000,5,1,61,6,6,0,1,14,04 Mar 2026 06:42:12,996FE5F7FF11630FF5D0
SMP NEGERI 3 MERAUKE,60300609,SMP,Negeri,Kec. Semangga,370105,Kab. Merauke,370100,Prov. Papua Selatan,370000,25,3,345,12,13,3,1,21,21 Apr 2026 05:40:15,3F37A66345705422DA1D
SMP NEGERI URUMB,60300612,SMP,Negeri,Kec. Semangga,370105,Kab. Merauke,370100,Prov. Papua Selatan,370000,10,2,151,7,10,2,1,16,01 May 2026 19:58:59,13311B6AF13329E12620
SMP SATAP 2 MERAUKE,60304739,SMP,Negeri,Kec. Semangga,370105,Kab. Merauke,370100,Prov. Papua Selatan,370000,10,2,122,6,8,1,1,18,27 Apr 2026 07:13:02,3F58CBDD1D2B220EA341
SMA NEGERI PLUS URUMB,60302714,SMA,Negeri,Kec. Semangga,370105,Kab. Merauke,370100,Prov. Papua Selatan,370000,18,2,152,6,6,4,1,25,30 Apr 2026 07:04:04,BA541C1F1E602E5BC173
SMA ENTREPRENEURSHIP CHEVALIER ANASAI,70001747,SMA,Swasta,Kec. Semangga,370105,Kab. Merauke,370100,Prov. Papua Selatan,370000,10,3,120,5,6,4,1,21,16 Apr 2026 06:21:23,BBA9DB981F0DB43E935D
SD INPRES JAGEBOB 1,60300705,SD,Negeri,Kec. Jagebob,370107,Kab. Merauke,370100,Prov. Papua Selatan,370000,9,1,90,6,7,0,0,7,09 Apr 2026 02:29:08,E28727302ADFDC802762
SD INPRES JAGEBOB 11,60300687,SD,Negeri,Kec. Jagebob,370107,Kab. Merauke,370100,Prov. Papua Selatan,370000,6,1,28,6,3,0,0,6,26 Jan 2026 18:03:01,7C3414CF381D0CEC6876
SD INPRES JAGEBOB 12,60300669,SD,Negeri,Kec. Jagebob,370107,Kab. Merauke,370100,Prov. Papua Selatan,370000,4,1,23,6,3,0,0,11,29 Apr 2026 03:41:20,0355C2904E8E7F678DF1
SD INPRES JAGEBOB 14,60300667,SD,Negeri,Kec. Jagebob,370107,Kab. Merauke,370100,Prov. Papua Selatan,370000,4,1,35,6,6,0,1,10,08 Apr 2026 05:55:08,2B96522B1C164A744E38
SD INPRES JAGEBOB 2,60300665,SD,Negeri,Kec. Jagebob,370107,Kab. Merauke,370100,Prov. Papua Selatan,370000,10,1,143,8,6,0,0,61,01 May 2026 10:54:09,E9A1D15125CC2EDE82C9
SD INPRES JAGEBOB 4,60300663,SD,Negeri,Kec. Jagebob,370107,Kab. Merauke,370100,Prov. Papua Selatan,370000,4,2,33,6,6,0,0,1,11 Mar 2026 07:30:02,77A5B84BAE1EE327F32D
SD INPRES JAGEBOB 5,60300662,SD,Negeri,Kec. Jagebob,370107,Kab. Merauke,370100,Prov. Papua Selatan,370000,7,2,70,6,6,0,1,7,27 Jan 2026 19:25:12,974FE65982059A19B03F
SD INPRES JAGEBOB 6,60300661,SD,Negeri,Kec. Jagebob,370107,Kab. Merauke,370100,Prov. Papua Selatan,370000,8,1,151,7,7,0,1,37,27 Apr 2026 11:15:17,BAC0AE900910BCB1779A
SD INPRES JAGEBOB IX,60300658,SD,Negeri,Kec. Jagebob,370107,Kab. Merauke,370100,Prov. Papua Selatan,370000,6,2,65,6,3,0,0,14,27 Apr 2026 09:52:53,2F150D4959C1DE4C2609
SD INPRES JAGEBOB VII,60300660,SD,Negeri,Kec. Jagebob,370107,Kab. Merauke,370100,Prov. Papua Selatan,370000,3,1,34,6,6,0,0,19,29 Apr 2026 07:36:06,7DB5E82B6C6B56770587
SD INPRES JAGEBOB VIII,60300659,SD,Negeri,Kec. Jagebob,370107,Kab. Merauke,370100,Prov. Papua Selatan,370000,8,1,113,7,7,0,1,26,29 Apr 2026 05:37:48,A4121C63AA84A89850F2
SD INPRES JAGEBOB X,60300688,SD,Negeri,Kec. Jagebob,370107,Kab. Merauke,370100,Prov. Papua Selatan,370000,11,1,89,7,7,0,0,17,08 Apr 2026 04:45:59,39CF107D5AC38D9772DD
SD YPPK POO,60300536,SD,Swasta,Kec. Jagebob,370107,Kab. Merauke,370100,Prov. Papua Selatan,370000,6,1,47,6,6,1,1,10,12 Apr 2026 18:43:34,8E769680A5BB224E7881
SMP NEGERI 10 MERAUKE,60300599,SMP,Negeri,Kec. Jagebob,370107,Kab. Merauke,370100,Prov. Papua Selatan,370000,10,2,135,6,9,2,1,40,23 Apr 2026 06:20:33,C3959DFE1A5516450929
SMP NEGERI 14 MERAUKE,60300595,SMP,Negeri,Kec. Jagebob,370107,Kab. Merauke,370100,Prov. Papua Selatan,370000,8,2,17,3,7,2,1,36,21 Apr 2026 18:58:49,C02A02FAD33C19A6B75B
SMP NEGERI 6 MERAUKE,60300617,SMP,Negeri,Kec. Jagebob,370107,Kab. Merauke,370100,Prov. Papua Selatan,370000,12,1,138,6,8,2,1,23,01 May 2026 17:59:27,467348035ADBA2209276
SMA NEGERI 4 MERAUKE,60300611,SMA,Negeri,Kec. Jagebob,370107,Kab. Merauke,370100,Prov. Papua Selatan,370000,22,3,204,7,10,4,2,40,02 May 2026 15:13:58,ECCF190AA67278FBBF18
SMK Negeri 7 Agribisnis dan Agroteknologi Merauke,60302722,SMK,Negeri,Kec. Jagebob,370107,Kab. Merauke,370100,Prov. Papua Selatan,370000,19,2,112,6,10,5,1,20,30 Apr 2026 06:51:33,7BD65D6504DCD0B0FE13
SD INPRES KURIK 2,60300680,SD,Negeri,Kec. Malind,370114,Kab. Merauke,370100,Prov. Papua Selatan,370000,16,2,228,11,8,0,1,8,14 Apr 2026 06:36:47,460F0F7546082A23D5CA
SD INPRES PADANG RAHARJA,60304550,SD,Negeri,Kec. Malind,370114,Kab. Merauke,370100,Prov. Papua Selatan,370000,9,1,204,7,6,0,1,11,07 Apr 2026 11:32:15,C63310727DD508B912F4
SD INPRES SUKA MAJU,60304551,SD,Negeri,Kec. Malind,370114,Kab. Merauke,370100,Prov. Papua Selatan,370000,8,3,203,6,8,0,0,23,14 Apr 2026 09:24:25,054D6A1AA995E16780C9
SD YPPK DOMANDE,60300564,SD,Swasta,Kec. Malind,370114,Kab. Merauke,370100,Prov. Papua Selatan,370000,6,2,133,6,6,0,1,18,04 Apr 2026 07:43:35,352A43AEBBC8899D60E6
SD YPPK KAIBURSE,60300588,SD,Swasta,Kec. Malind,370114,Kab. Merauke,370100,Prov. Papua Selatan,370000,8,1,83,6,6,0,0,5,22 Apr 2026 08:32:27,F076EAADB9F4223B54E7
SD YPPK KUMBE,60300579,SD,Swasta,Kec. Malind,370114,Kab. Merauke,370100,Prov. Papua Selatan,370000,9,2,220,8,8,1,1,49,29 Apr 2026 18:52:14,589458DB0B036A51917C
SD YPPK ONGGARI,69727980,SD,Swasta,Kec. Malind,370114,Kab. Merauke,370100,Prov. Papua Selatan,370000,6,1,129,7,9,1,1,11,22 Apr 2026 07:46:53,FB4E69BD3504027C653B
SMP NEGERI 1 KUMBE,60300623,SMP,Negeri,Kec. Malind,370114,Kab. Merauke,370100,Prov. Papua Selatan,370000,17,3,269,9,8,2,1,16,03 Mar 2026 08:16:13,15F63BFA9AEA3D0363B0
SMP NEGERI 5 MERAUKE,60300619,SMP,Negeri,Kec. Malind,370114,Kab. Merauke,370100,Prov. Papua Selatan,370000,15,3,173,7,8,2,1,21,30 Apr 2026 10:04:36,B0FF4051F1C085E0ADAF
SMP NEGERI SATU ATAP 3 DOMANDE,69772744,SMP,Negeri,Kec. Malind,370114,Kab. Merauke,370100,Prov. Papua Selatan,370000,14,2,73,4,3,1,1,16,01 May 2026 14:55:34,0E630D3D136C1F891217
SMK Negeri 4 Kehutanan dan Perkebunan  Merauke,60302724,SMK,Negeri,Kec. Malind,370114,Kab. Merauke,370100,Prov. Papua Selatan,370000,30,2,227,15,12,6,1,23,16 Apr 2026 06:15:22,3C9BFE1062547900DA3F
SD INPRES BUPUL 1,60300689,SD,Negeri,Kec. Elikobal,370110,Kab. Merauke,370100,Prov. Papua Selatan,370000,8,1,144,7,7,0,0,14,13 Apr 2026 06:08:58,49E4D04E8D93546615AB
SD INPRES BUPUL 10,60300702,SD,Negeri,Kec. Elikobal,370110,Kab. Merauke,370100,Prov. Papua Selatan,370000,4,1,43,6,6,1,1,11,14 Apr 2026 07:14:37,9375EB7CE1DE23E2BFB5
SD INPRES BUPUL 2,60300716,SD,Negeri,Kec. Elikobal,370110,Kab. Merauke,370100,Prov. Papua Selatan,370000,4,1,46,6,6,0,1,6,03 Apr 2026 15:45:43,AE0364486AB2FBFD4043
SD INPRES BUPUL 4,60300714,SD,Negeri,Kec. Elikobal,370110,Kab. Merauke,370100,Prov. Papua Selatan,370000,4,1,53,6,6,0,0,16,02 Apr 2026 04:04:21,6238E1F839173FA5B818
SD INPRES BUPUL III,60300715,SD,Negeri,Kec. Elikobal,370110,Kab. Merauke,370100,Prov. Papua Selatan,370000,7,1,49,6,6,1,1,6,03 Apr 2026 03:34:33,7D6F71FA29D6A1BF14C9
SD INPRES BUPUL IX,60300709,SD,Negeri,Kec. Elikobal,370110,Kab. Merauke,370100,Prov. Papua Selatan,370000,4,1,56,6,3,0,0,17,24 Apr 2026 06:15:27,1FE91A2B0EDAB9AC7B84
SD INPRES BUPUL V,60300713,SD,Negeri,Kec. Elikobal,370110,Kab. Merauke,370100,Prov. Papua Selatan,370000,6,1,63,6,3,0,0,16,13 Apr 2026 06:28:41,EE47BA50DF1C452FA007
SD INPRES BUPUL VII,69725728,SD,Negeri,Kec. Elikobal,370110,Kab. Merauke,370100,Prov. Papua Selatan,370000,6,1,39,6,5,0,0,21,10 Apr 2026 07:12:09,1FDD1D63C73C4625E18C
SD INPRES BUPUL VIII,60300710,SD,Negeri,Kec. Elikobal,370110,Kab. Merauke,370100,Prov. Papua Selatan,370000,6,1,24,6,3,0,0,6,17 Mar 2026 08:58:40,FAC7A9EC8801001F7E33
SD YPK TANAS,60300575,SD,Swasta,Kec. Elikobal,370110,Kab. Merauke,370100,Prov. Papua Selatan,370000,9,1,32,6,6,1,1,25,02 May 2026 08:40:45,225E119670DD25D7F7B1
SD YPPK BUPUL,60300565,SD,Swasta,Kec. Elikobal,370110,Kab. Merauke,370100,Prov. Papua Selatan,370000,12,1,128,6,6,1,1,11,21 Apr 2026 21:56:52,3F2CCE4F7E70532DD07E
SD YPPK ST. MIKAEL KWEEL,60300561,SD,Swasta,Kec. Elikobal,370110,Kab. Merauke,370100,Prov. Papua Selatan,370000,7,1,79,6,6,0,1,3,24 Feb 2026 21:42:26,197536A287CD666C76E1
SMP NEGERI 3 MUTING,60300622,SMP,Negeri,Kec. Elikobal,370110,Kab. Merauke,370100,Prov. Papua Selatan,370000,9,2,135,6,3,2,3,14,11 Mar 2026 07:24:26,0C54F4DD77AAB2E332E2
SMP NEGERI 5 MUTING,60300618,SMP,Negeri,Kec. Elikobal,370110,Kab. Merauke,370100,Prov. Papua Selatan,370000,11,4,121,6,7,2,2,27,29 Apr 2026 07:20:33,42A531B7A0DE5AC0C6A0
SMK Negeri 8 Agribisnis dan Agroteknologi  Merauke,60302721,SMK,Negeri,Kec. Elikobal,370110,Kab. Merauke,370100,Prov. Papua Selatan,370000,15,4,123,8,7,5,1,30,30 Apr 2026 19:23:46,3F571E2FA50DACE85442
SD INPRES MUTING 10,69725726,SD,Negeri,Kec. Muting,370102,Kab. Merauke,370100,Prov. Papua Selatan,370000,4,1,38,6,3,0,0,14,25 Apr 2026 05:50:13,9A9454DC8ED5F63F053A
SD INPRES MUTING 11,60300759,SD,Negeri,Kec. Muting,370102,Kab. Merauke,370100,Prov. Papua Selatan,370000,4,1,43,6,3,0,0,14,06 Apr 2026 20:23:46,F77D546D40F4D7E2ECAD
SD INPRES MUTING 6,60300754,SD,Negeri,Kec. Muting,370102,Kab. Merauke,370100,Prov. Papua Selatan,370000,8,1,125,6,6,0,0,20,16 Apr 2026 10:17:49,1D9796923191C9BF739F
SD INPRES MUTING 7,69725727,SD,Negeri,Kec. Muting,370102,Kab. Merauke,370100,Prov. Papua Selatan,370000,8,1,133,6,7,0,0,45,20 Apr 2026 10:39:15,68C5E2995ADFA6AFE968
SD INPRES MUTING 9,60300751,SD,Negeri,Kec. Muting,370102,Kab. Merauke,370100,Prov. Papua Selatan,370000,3,1,95,6,6,1,1,6,22 Feb 2026 16:31:25,48C99E1E47C2C685E72D
SD INPRES MUTING VIII,60300752,SD,Negeri,Kec. Muting,370102,Kab. Merauke,370100,Prov. Papua Selatan,370000,7,1,121,6,6,0,0,17,25 Apr 2026 02:57:22,5F81D3BEFBBC0425F835
SD YPK PAKHAS,60300537,SD,Swasta,Kec. Muting,370102,Kab. Merauke,370100,Prov. Papua Selatan,370000,7,1,57,6,8,0,0,6,28 Mar 2026 21:08:51,4C9F1FEE13FAAF0FA97F
SD YPK WAAN,69727982,SD,Swasta,Kec. Muting,370102,Kab. Merauke,370100,Prov. Papua Selatan,370000,0,1,57,6,3,0,0,12,20 Apr 2026 14:01:51,B6FF651DEF0555D5731B
SD YPPK BOHA,60300543,SD,Swasta,Kec. Muting,370102,Kab. Merauke,370100,Prov. Papua Selatan,370000,3,1,54,6,3,0,0,11,01 May 2026 08:42:18,2534C1A11D7C6FAD86A2
SD YPPK KOLAM,60300582,SD,Swasta,Kec. Muting,370102,Kab. Merauke,370100,Prov. Papua Selatan,370000,2,1,100,6,3,0,0,9,04 Mar 2026 18:51:09,EEB73C860482BB77777A
SD YPPK MUTING,69727981,SD,Swasta,Kec. Muting,370102,Kab. Merauke,370100,Prov. Papua Selatan,370000,7,2,245,10,9,1,2,13,22 Apr 2026 16:36:28,7450CFF98BE6E783B1C2
SD YPPK SELAUW,60303707,SD,Swasta,Kec. Muting,370102,Kab. Merauke,370100,Prov. Papua Selatan,370000,6,1,146,7,3,0,0,12,24 Apr 2026 20:03:10,40AC358F958E1219C439
SMP NEGERI 1 MUTING,60300604,SMP,Negeri,Kec. Muting,370102,Kab. Merauke,370100,Prov. Papua Selatan,370000,16,5,149,7,6,2,1,25,21 Apr 2026 08:18:10,50562E56D99312D8CBCC
SMP NEGERI 4 MUTING,60300620,SMP,Negeri,Kec. Muting,370102,Kab. Merauke,370100,Prov. Papua Selatan,370000,15,2,205,8,6,1,1,22,22 Apr 2026 04:15:24,F8377E5546D335D4186F
SMA NEGERI 1 MUTING,60300638,SMA,Negeri,Kec. Muting,370102,Kab. Merauke,370100,Prov. Papua Selatan,370000,25,6,321,11,9,3,2,22,21 Apr 2026 15:42:38,6CDB81B17A74C8285EE1
SD INPRES ALAKU,60300691,SD,Negeri,Kec. Okaba,370103,Kab. Merauke,370100,Prov. Papua Selatan,370000,5,3,77,6,6,0,0,6,15 Apr 2026 02:00:01,09A3EDA0B167662C4BF9
SD INPRES OKABA,60300765,SD,Negeri,Kec. Okaba,370103,Kab. Merauke,370100,Prov. Papua Selatan,370000,8,2,73,6,6,0,1,15,13 Apr 2026 06:23:07,EBEB5216BE6F16AB069E
SD INPRES WAMBI,69725730,SD,Negeri,Kec. Okaba,370103,Kab. Merauke,370100,Prov. Papua Selatan,370000,10,1,69,6,6,0,1,15,04 Mar 2026 15:44:04,11CBB1875BD58F89212F
SD YPK ALATEPI,60300734,SD,Swasta,Kec. Okaba,370103,Kab. Merauke,370100,Prov. Papua Selatan,370000,1,2,54,6,6,0,0,4,07 Mar 2026 21:14:56,BBDAEA5016929F9CDB51
SD YPK IWOOL,60300747,SD,Swasta,Kec. Okaba,370103,Kab. Merauke,370100,Prov. Papua Selatan,370000,5,1,55,6,3,0,0,16,21 Apr 2026 20:32:46,83101BF849AB0EC8EC2B
SD YPK OKABA,60300738,SD,Swasta,Kec. Okaba,370103,Kab. Merauke,370100,Prov. Papua Selatan,370000,3,2,51,6,5,0,0,5,04 Mar 2026 11:23:31,7EB3D9DDC322C969BD40
SD YPPK IWOLYE,60300589,SD,Swasta,Kec. Okaba,370103,Kab. Merauke,370100,Prov. Papua Selatan,370000,3,1,47,6,6,0,0,10,02 Mar 2026 13:04:35,EE08ABD04B3A0055DC3A
SD YPPK MAKALING,69727988,SD,Swasta,Kec. Okaba,370103,Kab. Merauke,370100,Prov. Papua Selatan,370000,4,1,82,6,6,0,1,13,17 Apr 2026 20:57:02,2D7BC9A611DD5956B7AF
SD YPPK OKABA,60300539,SD,Swasta,Kec. Okaba,370103,Kab. Merauke,370100,Prov. Papua Selatan,370000,4,1,55,6,6,1,1,12,11 Apr 2026 18:46:01,B76AD72722729D2205F5
SD YPPK SANGGASE,60300530,SD,Swasta,Kec. Okaba,370103,Kab. Merauke,370100,Prov. Papua Selatan,370000,7,1,127,6,6,1,1,25,13 Mar 2026 11:28:09,9FED84924EF7495AB385
SD YPPK WAMBI,60300550,SD,Swasta,Kec. Okaba,370103,Kab. Merauke,370100,Prov. Papua Selatan,370000,4,1,140,7,3,0,0,16,22 Apr 2026 19:36:57,20057C71E2277728B26D
SMP NEGERI 1 OKABA,60300602,SMP,Negeri,Kec. Okaba,370103,Kab. Merauke,370100,Prov. Papua Selatan,370000,18,2,255,9,9,3,1,11,03 Mar 2026 08:44:27,8B73FA8476D31C623109
SMP NEGERI 2 OKABA,60300608,SMP,Negeri,Kec. Okaba,370103,Kab. Merauke,370100,Prov. Papua Selatan,370000,11,1,89,4,8,2,1,14,06 Mar 2026 05:56:03,735E2D006327DEA1CA16
SMA NEGERI 1 OKABA,60302718,SMA,Negeri,Kec. Okaba,370103,Kab. Merauke,370100,Prov. Papua Selatan,370000,19,1,153,6,9,3,1,24,23 Apr 2026 10:49:39,CA322D15D05C142CCBEF
SMK Negeri 9 Agribisnis dan Agroteknologi Merauke,60302725,SMK,Negeri,Kec. Okaba,370103,Kab. Merauke,370100,Prov. Papua Selatan,370000,12,1,39,6,7,4,1,30,01 May 2026 21:57:23,1573B5EF421219FD2895
SD INPRES KIWORO,60300670,SD,Negeri,Kec. Kimaam,370104,Kab. Merauke,370100,Prov. Papua Selatan,370000,14,2,151,7,7,0,1,14,30 Apr 2026 18:07:06,20FD4AB8A334F0A698D8
SD INPRES KUMBIS,60300686,SD,Negeri,Kec. Kimaam,370104,Kab. Merauke,370100,Prov. Papua Selatan,370000,7,1,104,6,6,0,0,16,02 May 2026 10:10:35,8BE70B5F2F81A918B9B1
SD YPPK KALILAM BATU MERAH,60300585,SD,Swasta,Kec. Kimaam,370104,Kab. Merauke,370100,Prov. Papua Selatan,370000,8,1,182,6,8,1,1,12,29 Apr 2026 09:35:52,15D6956714ACFD43B58C
SD YPPK KIMAAM,60300583,SD,Swasta,Kec. Kimaam,370104,Kab. Merauke,370100,Prov. Papua Selatan,370000,9,1,356,13,7,0,0,34,09 Apr 2026 08:24:18,E6FF0D4DCEAB8CAF51B9
SD YPPK KOMOLOM,60300581,SD,Swasta,Kec. Kimaam,370104,Kab. Merauke,370100,Prov. Papua Selatan,370000,5,1,116,6,6,0,0,12,30 Apr 2026 14:24:20,0002F3513948E62DEACA
SD YPPK TERI,60300556,SD,Swasta,Kec. Kimaam,370104,Kab. Merauke,370100,Prov. Papua Selatan,370000,5,1,257,9,5,0,1,10,20 Apr 2026 11:31:04,254AEC99EDEAF1FDF734
SD YPPK TURIRAM/YEOBI,60300553,SD,Swasta,Kec. Kimaam,370104,Kab. Merauke,370100,Prov. Papua Selatan,370000,8,1,152,6,6,0,0,32,08 Apr 2026 21:27:40,D0FACE77535F2CB12BE5
SMP NEGERI 1 KIMAAM,60300624,SMP,Negeri,Kec. Kimaam,370104,Kab. Merauke,370100,Prov. Papua Selatan,370000,15,3,295,9,7,1,1,39,04 Apr 2026 16:32:21,02A59D586E932934ADF1
SMP YPPK ST KIZITO KIMAAM,60300646,SMP,Swasta,Kec. Kimaam,370104,Kab. Merauke,370100,Prov. Papua Selatan,370000,8,2,246,8,8,1,0,15,08 Apr 2026 08:14:14,1C80E50FFEFCBB1D84E2
SMA NEGERI 1 KIMAAM,60302716,SMA,Negeri,Kec. Kimaam,370104,Kab. Merauke,370100,Prov. Papua Selatan,370000,17,1,267,9,8,2,1,18,30 Apr 2026 15:48:07,51DD4DB2C8F787A5BEDB
SMK Negeri 10 Agribisnis dan Agroteknologi Merauke,60302723,SMK,Negeri,Kec. Kimaam,370104,Kab. Merauke,370100,Prov. Papua Selatan,370000,14,1,116,6,6,4,1,29,11 Apr 2026 03:15:12,3853E22F800A569EFD1A
SD INPRES RAWA BIRU,60300775,SD,Negeri,Kec. Sota,370108,Kab. Merauke,370100,Prov. Papua Selatan,370000,12,1,81,6,5,0,1,18,10 Apr 2026 20:25:30,90C6ED6E8C68DAFDC333
SD YPK SOTA,60300719,SD,Swasta,Kec. Sota,370108,Kab. Merauke,370100,Prov. Papua Selatan,370000,9,1,110,6,6,0,0,19,18 Apr 2026 07:27:29,6E80F370C9BDE2C29CA2
SD YPK TORAY,60300572,SD,Swasta,Kec. Sota,370108,Kab. Merauke,370100,Prov. Papua Selatan,370000,4,1,61,6,6,0,1,9,28 Apr 2026 06:38:25,7EF6CBC678D24C6F834B
SD YPPK ERAMBU,60300562,SD,Swasta,Kec. Sota,370108,Kab. Merauke,370100,Prov. Papua Selatan,370000,5,2,134,6,12,0,1,30,22 Apr 2026 20:00:59,F0ED9589B4110BD715A0
SD YPPK ST FRANSISKUS XAVERIUS YANGGANDUR,60300547,SD,Swasta,Kec. Sota,370108,Kab. Merauke,370100,Prov. Papua Selatan,370000,5,3,83,6,7,1,1,9,16 Apr 2026 20:10:52,B2A703AA14574E4306C0
SMP NEGERI 11 MERAUKE,60300598,SMP,Negeri,Kec. Sota,370108,Kab. Merauke,370100,Prov. Papua Selatan,370000,13,3,153,6,8,2,1,20,30 Apr 2026 08:28:12,A3D9B8BFDE3D0F4BAC44
SMP NEGERI ERAMBU,60302707,SMP,Negeri,Kec. Sota,370108,Kab. Merauke,370100,Prov. Papua Selatan,370000,11,4,129,5,7,1,1,20,30 Apr 2026 08:49:58,8DF15CC1F6494D33D120
SMP NEGERI YANGGANDUR,60304940,SMP,Negeri,Kec. Sota,370108,Kab. Merauke,370100,Prov. Papua Selatan,370000,8,2,81,4,3,1,0,19,28 Apr 2026 16:00:31,0592C7BF82339803A8CF
SMK Negeri 6 Agribisnis dan Agroteknologi  Merauke,60302726,SMK,Negeri,Kec. Sota,370108,Kab. Merauke,370100,Prov. Papua Selatan,370000,19,2,177,8,11,5,1,13,01 May 2026 05:11:34,979F55E5CF0F7E11C436
SD NEGERI 1 MAM,69772748,SD,Negeri,Kec. Ngguti,370116,Kab. Merauke,370100,Prov. Papua Selatan,370000,24,1,776,30,13,0,1,127,30 Apr 2026 06:58:23,2DBEF0D25DC891FCD8FF
SD YPK NAKIAS,60300739,SD,Swasta,Kec. Ngguti,370116,Kab. Merauke,370100,Prov. Papua Selatan,370000,2,1,63,6,5,0,0,3,28 Mar 2026 21:14:19,4BB825EB357A6BFECC4C
SD YPK PO EPE,60300736,SD,Swasta,Kec. Ngguti,370116,Kab. Merauke,370100,Prov. Papua Selatan,370000,3,1,63,6,6,0,1,15,04 Mar 2026 19:37:56,DC673F12BF9A0F72F8DE
SD YPK SALAM EPE,60304607,SD,Swasta,Kec. Ngguti,370116,Kab. Merauke,370100,Prov. Papua Selatan,370000,1,1,80,6,5,0,0,5,28 Apr 2026 16:58:47,23C7C835DB8C34DDA196
SD YPK TAGA EPE,60300592,SD,Swasta,Kec. Ngguti,370116,Kab. Merauke,370100,Prov. Papua Selatan,370000,4,1,85,6,6,0,0,13,10 Apr 2026 00:36:59,99BF4E96E850B541D6D0
SD YPPK YAWIMU,60300546,SD,Swasta,Kec. Ngguti,370116,Kab. Merauke,370100,Prov. Papua Selatan,370000,3,1,84,6,3,0,0,5,19 Apr 2026 20:58:24,1F216BE838D5BB8CF2C7
SD YPPK YOMOP,60300560,SD,Swasta,Kec. Ngguti,370116,Kab. Merauke,370100,Prov. Papua Selatan,370000,3,1,56,6,6,0,1,24,01 May 2026 09:09:00,A4BF984212E0A1588439
SMP Negeri Mam,69957318,SMP,Negeri,Kec. Ngguti,370116,Kab. Merauke,370100,Prov. Papua Selatan,370000,20,3,238,9,10,3,1,11,02 May 2026 07:48:27,1DAB684F9A2264F12BF3
SMP NEGERI SATU ATAP 5 NGGUTI,69772745,SMP,Negeri,Kec. Ngguti,370116,Kab. Merauke,370100,Prov. Papua Selatan,370000,10,1,38,3,4,1,1,27,02 May 2026 16:06:51,7B28BA18BE3555BE67AF
SD INPRES KONDO,60300671,SD,Negeri,Kec. Naukenjerai,370112,Kab. Merauke,370100,Prov. Papua Selatan,370000,8,1,79,6,6,0,0,10,11 Apr 2026 20:10:48,E5DCBD8ED27D7EE0C190
SD YPK KULER,69727979,SD,Swasta,Kec. Naukenjerai,370112,Kab. Merauke,370100,Prov. Papua Selatan,370000,9,3,106,6,6,0,1,6,29 Jan 2026 21:51:00,502DE9EE1F6C883BF25D
SD YPK ONGGAYA,60300737,SD,Swasta,Kec. Naukenjerai,370112,Kab. Merauke,370100,Prov. Papua Selatan,370000,7,1,37,6,6,0,1,56,01 May 2026 07:53:33,52F5D110E14854EC1B54
SD YPK TOMER,60300574,SD,Swasta,Kec. Naukenjerai,370112,Kab. Merauke,370100,Prov. Papua Selatan,370000,7,1,80,6,4,0,1,17,26 Apr 2026 10:18:45,D4317003FFB6F3EF3C01
SD YPK TOMERAU,60300573,SD,Swasta,Kec. Naukenjerai,370112,Kab. Merauke,370100,Prov. Papua Selatan,370000,4,2,52,6,7,1,1,9,05 Mar 2026 02:55:22,7B96D586122BD79D95F9
SMP YPK TOMER,60300647,SMP,Swasta,Kec. Naukenjerai,370112,Kab. Merauke,370100,Prov. Papua Selatan,370000,9,1,158,6,7,1,1,17,19 Apr 2026 04:19:53,9772E023FED735F8E5DA
SMK Negeri 11 Agribisnis dan Agroteknologi Merauke,60302728,SMK,Negeri,Kec. Naukenjerai,370112,Kab. Merauke,370100,Prov. Papua Selatan,370000,17,2,89,6,6,3,1,13,15 Apr 2026 06:22:18,2D7E9BE35B05496F5FBB
SD INPRES YOMUKA,60300721,SD,Negeri,Kec. Tabonji,370118,Kab. Merauke,370100,Prov. Papua Selatan,370000,10,1,113,6,3,0,0,13,30 Apr 2026 12:19:42,61EE964403EA4DE61AE7
SD NEGERI YERAHA,60304546,SD,Negeri,Kec. Tabonji,370118,Kab. Merauke,370100,Prov. Papua Selatan,370000,7,1,116,6,5,0,0,15,29 Apr 2026 18:24:21,89EA9FCF2716BB7C4192
SD YPPK IROMORO,60300590,SD,Swasta,Kec. Tabonji,370118,Kab. Merauke,370100,Prov. Papua Selatan,370000,6,1,131,6,6,0,0,3,19 Feb 2026 10:35:25,7D5676EB32C8F12C6ECC
SD YPPK KONJOMBANDO,60300580,SD,Swasta,Kec. Tabonji,370118,Kab. Merauke,370100,Prov. Papua Selatan,370000,6,1,115,6,3,0,0,11,15 Apr 2026 10:40:35,5D5DA9BEF187906AD915
SD YPPK St YAKOBUS BUZA SUAM,60300557,SD,Swasta,Kec. Tabonji,370118,Kab. Merauke,370100,Prov. Papua Selatan,370000,11,1,180,9,6,0,2,43,17 Mar 2026 09:18:49,4043D0FC5721604DECFC
SMP NEGERI TABONJI,60304698,SMP,Negeri,Kec. Tabonji,370118,Kab. Merauke,370100,Prov. Papua Selatan,370000,11,1,266,9,5,2,3,29,22 Apr 2026 09:45:59,0D29CD4E7671AD71F56C
SD INPRES DODALIM,60300708,SD,Negeri,Kec. Tubang,370115,Kab. Merauke,370100,Prov. Papua Selatan,370000,6,2,59,6,4,0,0,14,22 Apr 2026 11:42:33,E3246391C35A5A9A3EAA
SD INPRES DOKIB,60300707,SD,Negeri,Kec. Tubang,370115,Kab. Merauke,370100,Prov. Papua Selatan,370000,7,1,99,6,6,0,0,35,14 Apr 2026 21:35:42,FCE63FC3D9B6D848A32D
SD YPK WELBUTI,60300570,SD,Swasta,Kec. Tubang,370115,Kab. Merauke,370100,Prov. Papua Selatan,370000,4,1,89,6,6,0,0,16,02 Apr 2026 05:50:33,658C3EE5926C1F932CA4
SD YPPK GALUM WOBOYO,60300577,SD,Swasta,Kec. Tubang,370115,Kab. Merauke,370100,Prov. Papua Selatan,370000,4,1,66,6,6,0,0,15,30 Apr 2026 19:23:22,1DE18EA975704FA0B984
SD YPPK WAMAL,60300551,SD,Swasta,Kec. Tubang,370115,Kab. Merauke,370100,Prov. Papua Selatan,370000,6,1,139,6,7,0,1,7,29 Apr 2026 06:44:12,CEF61461E9B65DA674A3
SD YPPK YOWID,60300637,SD,Swasta,Kec. Tubang,370115,Kab. Merauke,370100,Prov. Papua Selatan,370000,1,1,148,6,6,0,0,14,29 Apr 2026 06:55:03,E5AD4E0D26C9E05DE685
SMP PERS N TUBANG,60304608,SMP,Negeri,Kec. Tubang,370115,Kab. Merauke,370100,Prov. Papua Selatan,370000,11,2,123,5,5,1,1,12,27 Apr 2026 08:29:28,925085213FCCC8351E49
SD INPRES KLADAR,60303622,SD,Negeri,Kec. Waan,370119,Kab. Merauke,370100,Prov. Papua Selatan,370000,8,1,121,7,6,0,0,28,30 Apr 2026 20:04:50,AE050019A0C3CAEA4060
SD INPRES KONORAU,69725731,SD,Negeri,Kec. Waan,370119,Kab. Merauke,370100,Prov. Papua Selatan,370000,9,1,205,9,6,0,0,22,24 Apr 2026 17:55:26,CCB4F96DBBB6D7959DBC
SD YPPK SABON,60300535,SD,Swasta,Kec. Waan,370119,Kab. Merauke,370100,Prov. Papua Selatan,370000,3,2,230,10,6,1,1,28,13 Apr 2026 20:39:55,4787CFFA912D83DAC2AA
SD YPPK TOR KLADAR,60300554,SD,Swasta,Kec. Waan,370119,Kab. Merauke,370100,Prov. Papua Selatan,370000,5,2,124,7,3,0,0,11,22 Apr 2026 09:39:56,237B462261AF3AC142D5
SD YPPK WAAN KONORAU,60300552,SD,Swasta,Kec. Waan,370119,Kab. Merauke,370100,Prov. Papua Selatan,370000,6,1,194,8,3,0,0,31,30 Apr 2026 12:54:51,AB3630480DAB0539C7ED
SMP NEGERI WAAN,60302708,SMP,Negeri,Kec. Waan,370119,Kab. Merauke,370100,Prov. Papua Selatan,370000,10,1,261,9,7,0,1,10,13 Mar 2026 21:32:15,14FC53AE94B2B0AB520D
SD YPPK BAAD,60300569,SD,Swasta,Kec. Animha,370113,Kab. Merauke,370100,Prov. Papua Selatan,370000,3,1,106,6,6,0,0,8,17 Apr 2026 19:09:25,A7ACC6E4DED272B4AA1A
SD YPPK KAIZA,60300587,SD,Swasta,Kec. Animha,370113,Kab. Merauke,370100,Prov. Papua Selatan,370000,5,1,102,7,5,0,0,18,21 Apr 2026 21:30:02,97242C07CDE832958F6B
SD YPPK SENEGI,60300531,SD,Swasta,Kec. Animha,370113,Kab. Merauke,370100,Prov. Papua Selatan,370000,4,2,94,6,6,0,1,26,30 Apr 2026 14:31:56,B59C9D6FF9FBA5146F53
SD YPPK ST PETRUS KOA,60300545,SD,Swasta,Kec. Animha,370113,Kab. Merauke,370100,Prov. Papua Selatan,370000,7,2,121,7,6,0,1,23,02 May 2026 10:22:55,18E01100DFE0F05D0D65
SD YPPK WAYAU,60300549,SD,Swasta,Kec. Animha,370113,Kab. Merauke,370100,Prov. Papua Selatan,370000,5,3,100,6,7,0,1,8,04 Feb 2026 20:15:15,E06A111A9717D5BBC1B1
SMP NEGERI WAYAU,60302710,SMP,Negeri,Kec. Animha,370113,Kab. Merauke,370100,Prov. Papua Selatan,370000,16,1,128,6,4,1,1,19,16 Apr 2026 07:26:29,C645987A66B065961D7D
SD INPRES YULILI,60303072,SD,Negeri,Kec. Ilwayab,370120,Kab. Merauke,370100,Prov. Papua Selatan,370000,10,1,61,6,6,0,0,24,26 Apr 2026 10:33:17,05856E9535F69C0E64F1
SD NEGERI WANAM WOGIKEL,69725733,SD,Negeri,Kec. Ilwayab,370120,Kab. Merauke,370100,Prov. Papua Selatan,370000,20,2,339,14,9,0,0,40,16 Apr 2026 12:36:30,9B8EA26DFFAEC2556F6C
SD YPPK BIBIKEM,60300566,SD,Swasta,Kec. Ilwayab,370120,Kab. Merauke,370100,Prov. Papua Selatan,370000,5,1,84,6,3,0,1,15,07 Apr 2026 18:23:53,8DBBA461C272535DAE41
SD YPPK ILWAYAB,60300591,SD,Swasta,Kec. Ilwayab,370120,Kab. Merauke,370100,Prov. Papua Selatan,370000,7,1,122,7,9,0,0,17,28 Apr 2026 19:21:16,4040779F3BBACD8F1F9E
SMP PERS ILWAYAB,60303688,SMP,Negeri,Kec. Ilwayab,370120,Kab. Merauke,370100,Prov. Papua Selatan,370000,16,1,250,9,10,1,0,152,01 May 2026 05:30:00,B83FD6222A1398245D89
SD YPK BU EPE,60304950,SD,Swasta,Kec. Kaptel,370117,Kab. Merauke,370100,Prov. Papua Selatan,370000,2,1,78,6,3,0,0,18,01 May 2026 08:18:50,D4D06EF14846226024FC
SD YPK IHLEP,60300748,SD,Swasta,Kec. Kaptel,370117,Kab. Merauke,370100,Prov. Papua Selatan,370000,3,1,92,6,6,0,0,15,10 Apr 2026 05:40:55,D6CF25F5C8FA8F1E6EFB
SD YPK KANISKOBAT,60300746,SD,Swasta,Kec. Kaptel,370117,Kab. Merauke,370100,Prov. Papua Selatan,370000,7,1,105,6,6,0,0,54,25 Apr 2026 16:41:05,1FDD3A4285CB9A13007B
SD YPK KAPTEL,60300745,SD,Swasta,Kec. Kaptel,370117,Kab. Merauke,370100,Prov. Papua Selatan,370000,5,1,109,6,8,0,0,12,24 Apr 2026 11:34:24,E0D0D8C5EDA051688529
SD YPK KWEMSID,60300742,SD,Swasta,Kec. Kaptel,370117,Kab. Merauke,370100,Prov. Papua Selatan,370000,4,1,67,6,6,0,0,5,17 Apr 2026 04:55:31,B856076D20CD2E4C7363
SMP NEGERI PERSIAPAN KAPTEL,69772746,SMP,Negeri,Kec. Kaptel,370117,Kab. Merauke,370100,Prov. Papua Selatan,370000,13,2,113,6,4,1,1,23,30 Apr 2026 17:44:29,1FC4C11BBC6645429C42
SD INPRES KAWE,60300656,SD,Negeri,Kec. Kontuar,370122,Kab. Merauke,370100,Prov. Papua Selatan,370000,8,1,80,6,3,0,0,11,03 Mar 2026 21:07:03,3B719F4CBB746A70E30F
SD INPRES SIBENDA,69725732,SD,Negeri,Kec. Kontuar,370122,Kab. Merauke,370100,Prov. Papua Selatan,370000,6,1,126,6,4,0,0,8,12 Apr 2026 21:07:42,347181FD3AF24561226C
SD NEGERI PEMBRI,70005296,SD,Negeri,Kec. Kontuar,370122,Kab. Merauke,370100,Prov. Papua Selatan,370000,7,1,116,7,3,0,0,29,30 Apr 2026 12:05:13,FD6EFAC81815C17592F1
SD NEGERI WETAU,60304949,SD,Negeri,Kec. Kontuar,370122,Kab. Merauke,370100,Prov. Papua Selatan,370000,7,1,108,6,3,0,0,19,27 Apr 2026 16:54:30,F1D522E8C3BFD89EA21A
SD INPRES SABUDOM,60300776,SD,Negeri,Kec. Padua,370121,Kab. Merauke,370100,Prov. Papua Selatan,370000,5,1,125,6,3,0,0,21,15 Apr 2026 08:34:50,41CF9ADB09520E844115
SD YPPK BAMOL,60300568,SD,Swasta,Kec. Padua,370121,Kab. Merauke,370100,Prov. Papua Selatan,370000,6,3,230,7,7,0,0,23,08 Apr 2026 12:43:40,B9CC8763286157C9FE51
SD YPPK KALWA PADWA,60300584,SD,Swasta,Kec. Padua,370121,Kab. Merauke,370100,Prov. Papua Selatan,370000,1,1,275,8,8,0,1,48,12 Apr 2026 10:59:53,869F74B0CD1DC8F2C94B
SD INPRES DAGIMON,60303116,SD,Negeri,Kec. Obaa,370301,Kab. Mappi,370300,Prov. Papua Selatan,370000,10,2,301,11,13,1,1,11,11 Apr 2026 05:48:34,86FD3752C58A2298A470
SD INPRES KADAM OYIM,60303125,SD,Negeri,Kec. Obaa,370301,Kab. Mappi,370300,Prov. Papua Selatan,370000,9,3,184,7,6,0,1,20,24 Mar 2026 09:21:55,393B76BE8C2B6CCC9094
SD INPRES KEPI,60303130,SD,Negeri,Kec. Obaa,370301,Kab. Mappi,370300,Prov. Papua Selatan,370000,28,3,627,22,20,0,2,41,17 Apr 2026 13:21:20,435AC99244672532F6CC
SD INPRES RAYAM,60303148,SD,Negeri,Kec. Obaa,370301,Kab. Mappi,370300,Prov. Papua Selatan,370000,8,1,230,8,9,0,0,12,03 Mar 2026 20:37:04,B9FBCCF066503D720B4A
SD INPRES TOGHOM,60303156,SD,Negeri,Kec. Obaa,370301,Kab. Mappi,370300,Prov. Papua Selatan,370000,7,3,141,6,6,1,1,14,04 Mar 2026 02:31:05,B3FB08863EE5DF5815AC
SD NEGERI 1 OBAA,69872340,SD,Negeri,Kec. Obaa,370301,Kab. Mappi,370300,Prov. Papua Selatan,370000,34,4,867,27,12,1,1,47,02 May 2026 18:21:39,8CCCF43DCBC41DA1F713
SD NEGERI GAYU,60303168,SD,Negeri,Kec. Obaa,370301,Kab. Mappi,370300,Prov. Papua Selatan,370000,8,1,122,6,6,0,0,20,02 May 2026 18:47:58,4E8733600E258F8F6B46
SD NEGERI METIM,60303176,SD,Negeri,Kec. Obaa,370301,Kab. Mappi,370300,Prov. Papua Selatan,370000,9,1,117,6,8,0,1,26,30 Apr 2026 09:58:12,1AD74B7A0B009C88FC11
SD MA ARIF 1 KEPI,70046831,SD,Swasta,Kec. Obaa,370301,Kab. Mappi,370300,Prov. Papua Selatan,370000,3,0,0,0,0,0,0,0,,770ABC1E921F3CB50ECE
SD YAPIS AL FALAH KEPI,60304552,SD,Swasta,Kec. Obaa,370301,Kab. Mappi,370300,Prov. Papua Selatan,370000,10,1,225,11,10,1,0,21,14 Apr 2026 21:07:53,6E197034E84C1A119146
SD YPPK DONBOSCO ENEM,60303190,SD,Swasta,Kec. Obaa,370301,Kab. Mappi,370300,Prov. Papua Selatan,370000,4,2,220,8,3,1,1,11,14 Apr 2026 19:51:11,73481E4490EFEB292D82
SD YPPK SANTO YOSEPH KEPI,60303070,SD,Swasta,Kec. Obaa,370301,Kab. Mappi,370300,Prov. Papua Selatan,370000,14,3,359,14,16,1,1,15,27 Apr 2026 17:05:43,1597960C0A69C95B56CC
SD YPPK ST DOMINIKA KOGO,60303214,SD,Swasta,Kec. Obaa,370301,Kab. Mappi,370300,Prov. Papua Selatan,370000,5,1,200,6,6,0,0,15,01 May 2026 18:22:37,1AACFB3BAF6F03297D0C
SD YPPK ST MATHIUS EMETE,60303216,SD,Swasta,Kec. Obaa,370301,Kab. Mappi,370300,Prov. Papua Selatan,370000,6,2,110,6,6,0,0,28,22 Apr 2026 18:54:02,28BD478DC1BC3DD875D6
SD YPPK ST MIKHAEL PIAY,60303207,SD,Swasta,Kec. Obaa,370301,Kab. Mappi,370300,Prov. Papua Selatan,370000,4,1,103,6,6,0,0,15,27 Feb 2026 16:28:52,885592F380C51DA9029A
SD YPPK ST PAULUS MUIN,60303208,SD,Swasta,Kec. Obaa,370301,Kab. Mappi,370300,Prov. Papua Selatan,370000,7,2,294,10,8,0,0,16,29 Apr 2026 18:09:36,B7464A56DB96A9FB2FBE
SD YPPK ST PAULUS TUP/SOBA,60303223,SD,Swasta,Kec. Obaa,370301,Kab. Mappi,370300,Prov. Papua Selatan,370000,9,1,277,9,8,0,1,15,28 Apr 2026 21:45:07,8F59822800D92B052FE2
SD YPPK ST PAULUS WANGGATE,60303209,SD,Swasta,Kec. Obaa,370301,Kab. Mappi,370300,Prov. Papua Selatan,370000,3,3,186,7,6,0,1,27,29 Apr 2026 17:08:28,096B977224463393618F
SD YPPK ST PETRUS WAIRU,60303210,SD,Swasta,Kec. Obaa,370301,Kab. Mappi,370300,Prov. Papua Selatan,370000,1,1,120,6,6,0,0,15,10 Apr 2026 12:41:30,6A96947C132A80D664C3
SD YPPK ST YAKOBUS GAUDA,60303069,SD,Swasta,Kec. Obaa,370301,Kab. Mappi,370300,Prov. Papua Selatan,370000,6,1,47,6,8,0,1,8,08 Mar 2026 17:59:56,E8AD84E8A2B6F5F621A2
SD YPPK ST YAKOBUS YAMUI,60303211,SD,Swasta,Kec. Obaa,370301,Kab. Mappi,370300,Prov. Papua Selatan,370000,6,2,184,8,8,0,1,39,28 Feb 2026 11:43:28,E78B75F397A3E88FF542
SD YPPK ST.PAULUS HAKUME,70000404,SD,Swasta,Kec. Obaa,370301,Kab. Mappi,370300,Prov. Papua Selatan,370000,3,3,76,3,3,0,0,4,29 Mar 2026 11:15:55,0FD2CA55D5007A519DD7
SD YPPK ST.YAKOBUS REP,60303235,SD,Swasta,Kec. Obaa,370301,Kab. Mappi,370300,Prov. Papua Selatan,370000,5,2,195,8,6,0,0,27,18 Apr 2026 17:25:47,8A3C5FB7E360B219754F
SD YPPK YOHANES PAULUS II OBAA,60303671,SD,Swasta,Kec. Obaa,370301,Kab. Mappi,370300,Prov. Papua Selatan,370000,12,2,319,12,15,1,1,30,15 Apr 2026 07:55:15,0408AB6D859274C17DED
SMP NEGERI I OBAA,60303252,SMP,Negeri,Kec. Obaa,370301,Kab. Mappi,370300,Prov. Papua Selatan,370000,34,2,690,20,24,3,1,49,10 Apr 2026 07:23:00,B75BE6BE81BDAC3D8650
SMP NEGERI SATU ATAP DAGIMON,70055116,SMP,Negeri,Kec. Obaa,370301,Kab. Mappi,370300,Prov. Papua Selatan,370000,0,1,22,1,1,0,0,7,06 Apr 2026 01:40:46,F4716D255DBA09D4390D
SMPN II OBAA,69872339,SMP,Negeri,Kec. Obaa,370301,Kab. Mappi,370300,Prov. Papua Selatan,370000,25,4,463,14,11,2,1,31,30 Mar 2026 07:20:46,9D48136C186840F07B8A
SMP MAARIF 1 NURUL HUDA KEPI,69992430,SMP,Swasta,Kec. Obaa,370301,Kab. Mappi,370300,Prov. Papua Selatan,370000,1,1,0,0,0,0,0,0,,A20BE017AEF19204867D
SMP YAPIS AL FALAH KEPI,69992351,SMP,Swasta,Kec. Obaa,370301,Kab. Mappi,370300,Prov. Papua Selatan,370000,8,1,95,4,4,0,1,19,23 Apr 2026 10:09:25,D940FA3C3AE3716F714E
SMP YPPK SANTO GABRIEL OBAA,69980588,SMP,Swasta,Kec. Obaa,370301,Kab. Mappi,370300,Prov. Papua Selatan,370000,6,2,89,3,3,0,0,47,18 Apr 2026 17:39:06,6246354AB97E128291D3
SMP YPPK ST PAULUS KEPI,60303257,SMP,Swasta,Kec. Obaa,370301,Kab. Mappi,370300,Prov. Papua Selatan,370000,15,3,431,13,10,3,1,42,22 Apr 2026 07:35:54,CE26B7C9A6EB85598797
SMP YPPK YOHANES PAULUS II OBAA,60303258,SMP,Swasta,Kec. Obaa,370301,Kab. Mappi,370300,Prov. Papua Selatan,370000,18,6,390,11,10,2,1,24,09 Apr 2026 06:57:36,4172D63235D1A4D08D04
SMA NEGERI 1 OBAA,60303261,SMA,Negeri,Kec. Obaa,370301,Kab. Mappi,370300,Prov. Papua Selatan,370000,32,4,693,20,21,5,1,82,29 Apr 2026 21:26:18,2C59C16609E336B5E30F
SMA NEGERI 2 OBAA,69893731,SMA,Negeri,Kec. Obaa,370301,Kab. Mappi,370300,Prov. Papua Selatan,370000,21,5,188,7,8,6,1,12,20 Apr 2026 14:02:06,54C82846E72129F1C9F8
SMA YPPK ST. YOHANES PAULUS KEPI,60304944,SMA,Swasta,Kec. Obaa,370301,Kab. Mappi,370300,Prov. Papua Selatan,370000,14,3,333,11,11,2,1,37,28 Apr 2026 07:55:23,7B1291DFA0D5AC6B5A65
SMK Negeri 1 Teknologi dan Rekayasa Mappi,60303262,SMK,Negeri,Kec. Obaa,370301,Kab. Mappi,370300,Prov. Papua Selatan,370000,40,4,798,25,21,4,1,82,28 Apr 2026 09:52:35,5DE12353AEB6A4049457
SMK Negeri 2 Bisnis dan Manajemen Mappi,69948756,SMK,Negeri,Kec. Obaa,370301,Kab. Mappi,370300,Prov. Papua Selatan,370000,25,2,357,14,8,1,1,27,28 Apr 2026 12:45:35,28A569D6839D3725847A
SMK Negeri 3 Seni dan Industri Kreatif Mappi,69976914,SMK,Negeri,Kec. Obaa,370301,Kab. Mappi,370300,Prov. Papua Selatan,370000,14,5,163,6,8,1,1,43,29 Apr 2026 04:27:00,645EAAE07327A8E9EE35
SD INPRES KOGOYAMAN,60303134,SD,Negeri,Kec. Mambioman Bapai,370302,Kab. Mappi,370300,Prov. Papua Selatan,370000,9,1,161,7,6,0,0,19,22 Apr 2026 11:17:14,555F01F88BB1F03EAC29
SD INPRES MAGABAG,60303140,SD,Negeri,Kec. Mambioman Bapai,370302,Kab. Mappi,370300,Prov. Papua Selatan,370000,6,1,109,6,6,0,1,18,14 Apr 2026 08:51:54,B1B06E2BE512FF6D2BA1
SD INPRES WAGIN,60303160,SD,Negeri,Kec. Mambioman Bapai,370302,Kab. Mappi,370300,Prov. Papua Selatan,370000,7,1,271,8,7,0,0,17,25 Feb 2026 20:53:55,F645D195AFEB9F79340E
SD NEGERI GHANU,70004141,SD,Negeri,Kec. Mambioman Bapai,370302,Kab. Mappi,370300,Prov. Papua Selatan,370000,4,1,146,7,3,0,0,11,06 Mar 2026 18:34:07,7E97367E43024A3E7828
SD NEGERI MAGABAG,70050692,SD,Negeri,Kec. Mambioman Bapai,370302,Kab. Mappi,370300,Prov. Papua Selatan,370000,1,1,104,5,3,0,0,10,13 Apr 2026 08:22:51,F170F30B86E75A6A4317
SD YPPK WAMAN YAGIHIN,60303238,SD,Negeri,Kec. Mambioman Bapai,370302,Kab. Mappi,370300,Prov. Papua Selatan,370000,2,1,120,6,6,0,0,52,20 Apr 2026 11:14:41,5902F80D5892C0BD9F54
SD YPPK ST LUKAS LINGGUA,60303200,SD,Swasta,Kec. Mambioman Bapai,370302,Kab. Mappi,370300,Prov. Papua Selatan,370000,3,1,185,7,6,1,1,20,13 Apr 2026 19:24:17,73EA0CCC7F06762EF4B0
SD YPPK ST STEFANUS MUR,69787859,SD,Swasta,Kec. Mambioman Bapai,370302,Kab. Mappi,370300,Prov. Papua Selatan,370000,8,5,366,13,10,0,1,36,21 Apr 2026 12:02:53,148AFA777D630B7030E9
SD YPPK ST. MIKHAEL AGHAM,60303218,SD,Swasta,Kec. Mambioman Bapai,370302,Kab. Mappi,370300,Prov. Papua Selatan,370000,6,1,179,8,10,1,0,23,04 Mar 2026 07:09:59,0B779FB6523D89DB3519
SD YPPK ST. PETRUS YATAN,60303240,SD,Swasta,Kec. Mambioman Bapai,370302,Kab. Mappi,370300,Prov. Papua Selatan,370000,6,1,158,6,7,0,1,25,01 May 2026 08:04:52,7E0BA945C712E3ADE985
SD YPPK St.LINUS TEREYEMU,60303237,SD,Swasta,Kec. Mambioman Bapai,370302,Kab. Mappi,370300,Prov. Papua Selatan,370000,2,1,94,6,3,0,0,24,28 Apr 2026 16:32:17,6D24DCC78D30EA6F5088
SD YPPK ST.PAULUS KATAN,60303202,SD,Swasta,Kec. Mambioman Bapai,370302,Kab. Mappi,370300,Prov. Papua Selatan,370000,4,2,127,6,6,0,1,25,09 Mar 2026 09:34:06,2395BCF64D0418923C15
SD YPPK ST.PETRUS IMA,60303194,SD,Swasta,Kec. Mambioman Bapai,370302,Kab. Mappi,370300,Prov. Papua Selatan,370000,4,1,95,6,5,0,0,6,03 Mar 2026 10:45:29,4A8423772B43BEBE4B06
SD YPPK ST.YOSEPH MONANA,60303199,SD,Swasta,Kec. Mambioman Bapai,370302,Kab. Mappi,370300,Prov. Papua Selatan,370000,1,3,227,7,6,0,0,1,09 Feb 2026 17:08:08,CD19E562DF22A52770F4
SD YPPK Sta.THERESIA GOBA,60303228,SD,Swasta,Kec. Mambioman Bapai,370302,Kab. Mappi,370300,Prov. Papua Selatan,370000,2,1,173,7,3,0,1,42,02 May 2026 08:35:21,145D1408C605C9D1A6EA
SMP NEGERI 2 NAMBIOMAN BAPAI,69895516,SMP,Negeri,Kec. Mambioman Bapai,370302,Kab. Mappi,370300,Prov. Papua Selatan,370000,20,2,180,8,3,2,2,22,25 Apr 2026 18:24:15,FE9DA4EA3A54125D675B
SMP NEGERI SATU ATAP GOBA,70055220,SMP,Negeri,Kec. Mambioman Bapai,370302,Kab. Mappi,370300,Prov. Papua Selatan,370000,0,1,36,1,1,0,0,20,02 May 2026 18:50:35,4C7B2BC823116916534E
SMP NEGERI SATU ATAP ST. PETRUS YATAN,70056217,SMP,Negeri,Kec. Mambioman Bapai,370302,Kab. Mappi,370300,Prov. Papua Selatan,370000,2,0,36,1,2,0,0,40,17 Apr 2026 11:17:24,6349D24EFDEE41E66270
SMPN I NAMBIOMAN BAPAI,60303251,SMP,Negeri,Kec. Mambioman Bapai,370302,Kab. Mappi,370300,Prov. Papua Selatan,370000,23,2,558,18,15,4,1,32,29 Apr 2026 08:49:40,A7B282F58E666FA0B2FD
SMA NEGERI SATU ATAP AGHAM,70056006,SMA,Negeri,Kec. Mambioman Bapai,370302,Kab. Mappi,370300,Prov. Papua Selatan,370000,3,1,30,1,1,0,1,27,17 Mar 2026 13:28:06,E3FC58E06995F11B41AE
SMK Negeri 4 Agribisnis dan Agroteknologi Mappi,69888697,SMK,Negeri,Kec. Mambioman Bapai,370302,Kab. Mappi,370300,Prov. Papua Selatan,370000,21,3,211,9,3,4,1,29,29 Apr 2026 08:34:32,8C9C43A95FB7CD50639D
SD INPRES ECI,60303117,SD,Negeri,Kec. Assue,370306,Kab. Mappi,370300,Prov. Papua Selatan,370000,8,1,161,7,12,0,0,15,19 Apr 2026 16:30:31,F6C5CFD011306ABDD487
SD INPRES KAITOK,60303127,SD,Negeri,Kec. Assue,370306,Kab. Mappi,370300,Prov. Papua Selatan,370000,5,1,68,6,6,0,0,19,07 Apr 2026 18:57:36,63F97746B7AD90319FFA
SD INPRES KHOMANG,60303133,SD,Negeri,Kec. Assue,370306,Kab. Mappi,370300,Prov. Papua Selatan,370000,6,1,145,6,6,0,0,23,06 Apr 2026 02:02:43,CE24D3BFFFC31B9B6B4F
SD INPRES SIGARE,60303151,SD,Negeri,Kec. Assue,370306,Kab. Mappi,370300,Prov. Papua Selatan,370000,8,1,80,6,3,0,0,21,29 Apr 2026 22:24:10,5F10E1A488CF52A02F93
SD NEGERI JUFO KECIL,60303170,SD,Negeri,Kec. Assue,370306,Kab. Mappi,370300,Prov. Papua Selatan,370000,8,1,127,7,6,1,0,22,30 Apr 2026 10:43:31,5E29DDAE63CD534E09B9
SD NEGERI KERU,60303171,SD,Negeri,Kec. Assue,370306,Kab. Mappi,370300,Prov. Papua Selatan,370000,7,1,74,6,3,0,0,19,15 Apr 2026 22:04:58,FF327C0290C9D4A74574
SD NEGERI MEDA,70046480,SD,Negeri,Kec. Assue,370306,Kab. Mappi,370300,Prov. Papua Selatan,370000,1,1,0,0,0,0,0,0,,DC7C4D947EBC4D35BB87
SD YPPK HATI KUDUS ECI,60304689,SD,Swasta,Kec. Assue,370306,Kab. Mappi,370300,Prov. Papua Selatan,370000,5,1,208,8,6,1,1,13,07 Apr 2026 20:28:07,89F38203BF001C09D167
SD YPPK ST AGUSTINUS KIKI,60303197,SD,Swasta,Kec. Assue,370306,Kab. Mappi,370300,Prov. Papua Selatan,370000,1,1,132,6,3,0,0,12,14 Apr 2026 21:20:52,E508600F9166BC1BE51E
SD YPPK ST BERNADUS ABOGE,60303213,SD,Swasta,Kec. Assue,370306,Kab. Mappi,370300,Prov. Papua Selatan,370000,5,1,275,10,7,0,0,28,30 Apr 2026 06:36:08,4270C1ADB8A7F3CA8346
SD YPPK ST MATHEUS ISAGE,60303195,SD,Swasta,Kec. Assue,370306,Kab. Mappi,370300,Prov. Papua Selatan,370000,1,1,154,6,6,0,0,7,04 Mar 2026 12:46:32,3A0BFD01EE664AA71D05
SD YPPK ST MIKHAEL KHANAMI,60303219,SD,Swasta,Kec. Assue,370306,Kab. Mappi,370300,Prov. Papua Selatan,370000,6,1,160,7,6,0,0,34,17 Apr 2026 22:09:25,17E7B6F6FC954CAFE1BA
SD YPPK ST PAULUS ASAREN,60303221,SD,Swasta,Kec. Assue,370306,Kab. Mappi,370300,Prov. Papua Selatan,370000,5,1,160,7,6,0,0,9,29 Apr 2026 08:00:24,7810C67EEC0E34F134BB
SD YPPK ST PETRUS YAME,60303239,SD,Swasta,Kec. Assue,370306,Kab. Mappi,370300,Prov. Papua Selatan,370000,2,1,132,6,6,0,0,18,23 Apr 2026 18:23:05,21A0FE9A233C08365432
SD YPPK ST YAKOBUS KOPI,60303233,SD,Swasta,Kec. Assue,370306,Kab. Mappi,370300,Prov. Papua Selatan,370000,0,1,134,7,6,0,0,9,05 Mar 2026 20:40:33,2E68F358CE1D004513C3
SD YPPK ST. FREDERIKUS EMOGON,60303192,SD,Swasta,Kec. Assue,370306,Kab. Mappi,370300,Prov. Papua Selatan,370000,3,1,151,7,6,0,0,17,26 Feb 2026 11:14:46,3B23DD3C7262D1369244
SMP NEGERI 1 ASSUE,60303248,SMP,Negeri,Kec. Assue,370306,Kab. Mappi,370300,Prov. Papua Selatan,370000,28,3,623,21,18,2,0,21,30 Apr 2026 06:51:58,0FA9F2AAF4CC0C8C435F
SMP NEGERI 2 ASSUE,69958489,SMP,Negeri,Kec. Assue,370306,Kab. Mappi,370300,Prov. Papua Selatan,370000,7,1,41,3,5,3,2,18,25 Apr 2026 19:34:27,1712443B87B400AD665E
SMP AS ADIYAH AL ANSHAR ASSUE,69991107,SMP,Swasta,Kec. Assue,370306,Kab. Mappi,370300,Prov. Papua Selatan,370000,9,1,48,3,3,1,1,29,01 May 2026 16:27:09,691E817D2383A2699292
SMP YPPK ST PETRUS ASSUE,60304474,SMP,Swasta,Kec. Assue,370306,Kab. Mappi,370300,Prov. Papua Selatan,370000,5,3,106,5,6,1,0,29,10 Apr 2026 20:16:44,D2F5ECD1FEA1EF6F81FC
SMA NEGERI I ASGON,60303259,SMA,Negeri,Kec. Assue,370306,Kab. Mappi,370300,Prov. Papua Selatan,370000,21,3,720,20,12,2,1,23,24 Apr 2026 07:46:36,8A0F3E82C3C6D3E980C3
SD INPRES BADE 1,60303106,SD,Negeri,Kec. Edera,370304,Kab. Mappi,370300,Prov. Papua Selatan,370000,13,2,251,11,12,1,1,32,28 Apr 2026 19:14:26,5547A89AE4C447061D43
SD INPRES BADE 2,60303107,SD,Negeri,Kec. Edera,370304,Kab. Mappi,370300,Prov. Papua Selatan,370000,19,2,359,16,13,1,1,62,16 Apr 2026 09:32:52,16A50253A5D40D22BAA5
SD INPRES BANAMEPE,60303110,SD,Negeri,Kec. Edera,370304,Kab. Mappi,370300,Prov. Papua Selatan,370000,7,1,87,7,6,0,0,30,28 Apr 2026 17:16:58,CBE3505C7E4EFA8BFE14
SD INPRES ISYAMAN,60303122,SD,Negeri,Kec. Edera,370304,Kab. Mappi,370300,Prov. Papua Selatan,370000,8,1,194,8,13,1,1,21,15 Feb 2026 18:54:38,A8926A146F21C6AACC8B
SD NEGERI BADE,60303166,SD,Negeri,Kec. Edera,370304,Kab. Mappi,370300,Prov. Papua Selatan,370000,7,1,94,7,7,0,0,20,07 Apr 2026 21:25:42,9372442FD35366132F30
SD NEGERI PORDES,60303180,SD,Negeri,Kec. Edera,370304,Kab. Mappi,370300,Prov. Papua Selatan,370000,7,2,87,6,6,1,0,31,08 Apr 2026 19:56:40,EBA93856FC5BBF5CE311
SD YPPK DONBOSCO BADE,60303191,SD,Swasta,Kec. Edera,370304,Kab. Mappi,370300,Prov. Papua Selatan,370000,8,1,235,8,9,0,0,16,11 Apr 2026 08:54:16,7F381670B7B39AE3796E
SD YPPK ST.YOSEPH YODOM,60303206,SD,Swasta,Kec. Edera,370304,Kab. Mappi,370300,Prov. Papua Selatan,370000,3,1,168,7,6,0,0,19,03 Apr 2026 18:33:09,766D41316367D8D085FF
SD YPPK ST.YOSUDARSO GETURKI,69902519,SD,Swasta,Kec. Edera,370304,Kab. Mappi,370300,Prov. Papua Selatan,370000,5,1,115,7,6,0,0,31,09 Apr 2026 19:58:48,12A51402EE0FDCB445C2
SD YPPK Sta.THERESIA GEMIKYA,60303193,SD,Swasta,Kec. Edera,370304,Kab. Mappi,370300,Prov. Papua Selatan,370000,7,1,196,8,9,0,0,30,24 Apr 2026 12:58:47,DEFC9FC8755F9EAD3DAA
SMPN I EDERA,60303250,SMP,Negeri,Kec. Edera,370304,Kab. Mappi,370300,Prov. Papua Selatan,370000,28,2,519,17,16,3,1,215,01 May 2026 07:08:47,4FD2F1E4AF20BB113A35
SMP ISLAM TERPADU EDERA,69987801,SMP,Swasta,Kec. Edera,370304,Kab. Mappi,370300,Prov. Papua Selatan,370000,3,1,92,4,4,1,1,28,15 Apr 2026 08:01:00,FDEC1560CABBA83E5201
SMP YPPK ST ADRIANUS BADE,60303256,SMP,Swasta,Kec. Edera,370304,Kab. Mappi,370300,Prov. Papua Selatan,370000,9,2,344,12,13,2,1,24,24 Apr 2026 05:13:14,BA7862EC345276CE422A
SMAN I EDERA,60303260,SMA,Negeri,Kec. Edera,370304,Kab. Mappi,370300,Prov. Papua Selatan,370000,29,2,473,15,14,3,1,65,02 May 2026 13:41:37,129EC2C053E2C9732DEA
SD INPRES KAIBUSENE,60303126,SD,Negeri,Kec. Haju,370305,Kab. Mappi,370300,Prov. Papua Selatan,370000,0,2,134,6,6,0,0,4,30 Apr 2026 19:04:08,E20977B04549C76BEEC5
SD INPRES KATAGE,60303128,SD,Negeri,Kec. Haju,370305,Kab. Mappi,370300,Prov. Papua Selatan,370000,3,1,143,6,9,0,0,20,04 Apr 2026 11:30:54,70A36B6D4A4196FABFFC
SD INPRES KERKE,60303131,SD,Negeri,Kec. Haju,370305,Kab. Mappi,370300,Prov. Papua Selatan,370000,4,1,125,6,4,0,0,10,30 Apr 2026 20:37:13,16BEEFBEE08BC8E12B2B
SD INPRES SOGOPE,60303152,SD,Negeri,Kec. Haju,370305,Kab. Mappi,370300,Prov. Papua Selatan,370000,7,1,104,7,6,0,0,16,12 Mar 2026 07:28:51,764958B1319FBB131D2E
SD INPRES WIYAGE,60303161,SD,Negeri,Kec. Haju,370305,Kab. Mappi,370300,Prov. Papua Selatan,370000,3,1,190,7,6,0,0,12,06 Mar 2026 17:43:21,AB8F8F4B4ACF1D416395
SD NEGERI AMAGATSU,60303164,SD,Negeri,Kec. Haju,370305,Kab. Mappi,370300,Prov. Papua Selatan,370000,5,1,154,8,3,0,0,38,28 Apr 2026 19:23:28,210BF94C0844F7441891
SD NEGERI GAIRIPIM,60304605,SD,Negeri,Kec. Haju,370305,Kab. Mappi,370300,Prov. Papua Selatan,370000,5,1,97,6,3,0,0,16,12 Apr 2026 17:09:20,503254F613234F68E7EB
SD NEGERI KAIBU,69987441,SD,Negeri,Kec. Haju,370305,Kab. Mappi,370300,Prov. Papua Selatan,370000,7,1,77,6,3,0,0,13,19 Apr 2026 09:43:59,CD9B3C14C49D72C7519F
SD NEGERI OKOR,60303177,SD,Negeri,Kec. Haju,370305,Kab. Mappi,370300,Prov. Papua Selatan,370000,6,1,188,6,3,0,0,4,02 Feb 2026 20:15:41,22470B347812ACF44D37
SD NEGERI SEMTAIPIM,70011897,SD,Negeri,Kec. Haju,370305,Kab. Mappi,370300,Prov. Papua Selatan,370000,2,1,104,6,2,0,0,28,29 Apr 2026 16:57:51,F5B271622D17E18C2DC9
SD NEGERI SORAKIA,60303182,SD,Negeri,Kec. Haju,370305,Kab. Mappi,370300,Prov. Papua Selatan,370000,2,1,157,6,6,0,0,6,14 Feb 2026 19:32:11,8813872613BB7F71DD2D
SD NEGERI WAROGOM,69787858,SD,Negeri,Kec. Haju,370305,Kab. Mappi,370300,Prov. Papua Selatan,370000,1,1,63,6,4,0,0,6,28 Jan 2026 13:41:52,98C899FC2302E9DAC4DE
SDN AMENDA,69987478,SD,Negeri,Kec. Haju,370305,Kab. Mappi,370300,Prov. Papua Selatan,370000,4,1,83,6,3,0,0,15,14 Mar 2026 07:00:43,C5D8B2208A440201E267
SD YPPGI ABOHOI,60303186,SD,Swasta,Kec. Haju,370305,Kab. Mappi,370300,Prov. Papua Selatan,370000,6,2,280,11,6,0,0,4,24 Apr 2026 11:45:23,7280C73BDE49615868B0
SD YPPK ST XAVERIUS YAGATSU,60303232,SD,Swasta,Kec. Haju,370305,Kab. Mappi,370300,Prov. Papua Selatan,370000,9,2,186,9,7,1,0,12,06 Mar 2026 07:40:59,E0F4EDE0A3BDA081E1A2
SD YPPK St. LINUS ATSIPIM,60303215,SD,Swasta,Kec. Haju,370305,Kab. Mappi,370300,Prov. Papua Selatan,370000,0,1,197,7,6,0,0,6,02 May 2026 10:08:49,44E5827FFF98E8B8507A
SD YPPK St. MIKHAEL PAGAI,60303217,SD,Swasta,Kec. Haju,370305,Kab. Mappi,370300,Prov. Papua Selatan,370000,4,1,102,6,7,0,0,12,10 Apr 2026 18:50:11,AEAC5C48E5AEA79D3CBA
SD YPPK ST.AGUSTINUS GAIBUGIR,60303212,SD,Swasta,Kec. Haju,370305,Kab. Mappi,370300,Prov. Papua Selatan,370000,1,1,124,6,3,0,0,21,18 Apr 2026 17:57:56,C940248797214C155B6B
SD YPPK ST.PETRUS ARARE,60303224,SD,Swasta,Kec. Haju,370305,Kab. Mappi,370300,Prov. Papua Selatan,370000,5,3,187,6,7,0,0,24,24 Feb 2026 21:43:59,79CBF5ED93808967CCAE
SMP NEGERI 1 HAJU,60303254,SMP,Negeri,Kec. Haju,370305,Kab. Mappi,370300,Prov. Papua Selatan,370000,20,3,464,15,9,2,1,28,23 Apr 2026 21:05:24,C05CA9FE9A5EDA18A3B3
SMPN 2 HAJU,69990323,SMP,Negeri,Kec. Haju,370305,Kab. Mappi,370300,Prov. Papua Selatan,370000,5,1,81,4,4,1,1,23,14 Apr 2026 09:28:05,A7C68B7C7B5A2D798D04
SD INPRES BAITATE,60303109,SD,Negeri,Kec. Passue,370308,Kab. Mappi,370300,Prov. Papua Selatan,370000,5,1,82,6,6,0,0,23,10 Apr 2026 20:55:42,4FC793288A83DAA1789D
SD INPRES KOTIAK,60303135,SD,Negeri,Kec. Passue,370308,Kab. Mappi,370300,Prov. Papua Selatan,370000,8,1,180,6,6,1,1,5,06 Feb 2026 16:28:05,D858D4EFE091C63D759E
SD INPRES KOTUP,60303136,SD,Negeri,Kec. Passue,370308,Kab. Mappi,370300,Prov. Papua Selatan,370000,10,1,147,8,3,0,0,10,16 Mar 2026 17:45:32,A083854C77B716CBBD8A
SD INPRES MENYA,60303142,SD,Negeri,Kec. Passue,370308,Kab. Mappi,370300,Prov. Papua Selatan,370000,10,3,234,10,7,1,1,26,27 Apr 2026 04:32:54,1CD9967C193FF30044AA
SD INPRES PASSUE,60303147,SD,Negeri,Kec. Passue,370308,Kab. Mappi,370300,Prov. Papua Selatan,370000,6,1,100,6,6,1,1,31,15 Apr 2026 09:32:00,13CF55907663A6FD15F4
SD INPRES SEPOH,60303150,SD,Negeri,Kec. Passue,370308,Kab. Mappi,370300,Prov. Papua Selatan,370000,3,4,147,6,6,1,1,29,07 Apr 2026 11:53:59,99D31773FDD6D93668A3
SD INPRES TOGHOM PATU,60303157,SD,Negeri,Kec. Passue,370308,Kab. Mappi,370300,Prov. Papua Selatan,370000,3,1,89,6,3,0,0,19,01 Mar 2026 17:16:07,29EEA0A0E83F134C3247
SD NEGERI KAIME,60304936,SD,Negeri,Kec. Passue,370308,Kab. Mappi,370300,Prov. Papua Selatan,370000,4,2,59,6,4,0,0,17,28 Apr 2026 15:56:24,90DEAD2AF66E98E316EC
SD NEGERI NOHON CABANG TIGA,70011895,SD,Negeri,Kec. Passue,370308,Kab. Mappi,370300,Prov. Papua Selatan,370000,5,2,191,7,3,0,0,20,08 Apr 2026 17:51:21,F2EB1CD612FA1289DF38
SD NEGERI URUFU,70030546,SD,Negeri,Kec. Passue,370308,Kab. Mappi,370300,Prov. Papua Selatan,370000,3,1,212,9,3,0,0,49,07 Mar 2026 19:19:42,27745DCF67C0A9727979
SD NEGERI WAGABA,70032211,SD,Negeri,Kec. Passue,370308,Kab. Mappi,370300,Prov. Papua Selatan,370000,2,2,78,6,3,0,0,56,20 Apr 2026 20:38:10,6B1DD9BA92AA6733C968
SDN AFOGOMA,69987915,SD,Negeri,Kec. Passue,370308,Kab. Mappi,370300,Prov. Papua Selatan,370000,7,2,152,6,3,0,0,14,18 Apr 2026 08:39:52,7653B2EA8F98EE3BE7CE
SDN AMAJAMAN,69987831,SD,Negeri,Kec. Passue,370308,Kab. Mappi,370300,Prov. Papua Selatan,370000,6,3,87,6,3,0,0,12,01 May 2026 07:21:55,7EB6DBEA5B4CEB2BE524
SDN PASIR PUTIH,69987830,SD,Negeri,Kec. Passue,370308,Kab. Mappi,370300,Prov. Papua Selatan,370000,3,1,130,6,6,0,0,53,02 May 2026 06:51:01,ACD8F54095C59F507BFB
SD YPPGI NOHON,60304473,SD,Swasta,Kec. Passue,370308,Kab. Mappi,370300,Prov. Papua Selatan,370000,2,1,119,7,7,0,0,22,12 Apr 2026 21:41:39,D0DEF1A8C02FB8138538
SD YPPK YOHANES PERMANDI TAIM,60303244,SD,Swasta,Kec. Passue,370308,Kab. Mappi,370300,Prov. Papua Selatan,370000,4,1,283,11,6,0,1,5,26 Jan 2026 18:48:02,C2E5129E3C50134E4AFB
SMP NEGERI 1 PASSUE,60303253,SMP,Negeri,Kec. Passue,370308,Kab. Mappi,370300,Prov. Papua Selatan,370000,8,6,152,6,7,2,1,1,11 Apr 2026 19:07:54,60920DD54908278BE0E6
SMP NEGERI 2 PASSUE,69968274,SMP,Negeri,Kec. Passue,370308,Kab. Mappi,370300,Prov. Papua Selatan,370000,15,2,326,11,6,2,2,13,10 Apr 2026 12:36:45,68CE83F69DC35BF5FD1A
SD INPRES KABE,60303124,SD,Negeri,Kec. Minyamur,370309,Kab. Mappi,370300,Prov. Papua Selatan,370000,6,1,257,9,6,0,0,4,27 Jan 2026 22:52:48,EFCC98E1E729EC1AA97E
SD INPRES KAYAGAE,60303129,SD,Negeri,Kec. Minyamur,370309,Kab. Mappi,370300,Prov. Papua Selatan,370000,6,1,370,13,6,0,0,13,29 Apr 2026 07:19:54,BE62EF45FCE2112C98A2
SD INPRES KOFAR,60303139,SD,Negeri,Kec. Minyamur,370309,Kab. Mappi,370300,Prov. Papua Selatan,370000,4,2,283,10,6,0,0,19,28 Apr 2026 18:03:57,C8CD1417CAD9C828C07B
SD INPRES SUMURAMAN,60303153,SD,Negeri,Kec. Minyamur,370309,Kab. Mappi,370300,Prov. Papua Selatan,370000,8,3,213,8,6,1,0,10,11 Apr 2026 10:51:38,22ED332A62FB9B7AE71D
SD INPRES TARAGAI,60303155,SD,Negeri,Kec. Minyamur,370309,Kab. Mappi,370300,Prov. Papua Selatan,370000,6,1,90,6,3,0,0,21,23 Apr 2026 18:49:51,FE3889A6743E342206A0
SD NEGERI ATTI,60303165,SD,Negeri,Kec. Minyamur,370309,Kab. Mappi,370300,Prov. Papua Selatan,370000,4,3,87,6,6,0,0,8,20 Feb 2026 13:14:26,70E7D0211AAD1C7652A9
SD NEGERI KHAUMI,60303172,SD,Negeri,Kec. Minyamur,370309,Kab. Mappi,370300,Prov. Papua Selatan,370000,7,1,160,8,8,0,0,33,08 Apr 2026 21:41:13,489D156A90CD988D27AB
SD NEGERI KOGIR,70011477,SD,Negeri,Kec. Minyamur,370309,Kab. Mappi,370300,Prov. Papua Selatan,370000,6,1,188,9,3,0,0,38,27 Apr 2026 09:59:02,50937BF139151B285824
SD NEGERI PANNO,60303178,SD,Negeri,Kec. Minyamur,370309,Kab. Mappi,370300,Prov. Papua Selatan,370000,3,2,108,6,3,0,0,45,17 Apr 2026 19:06:23,02BCC4F46B62DA5E55C4
SD NEGERI UPIN,60303183,SD,Negeri,Kec. Minyamur,370309,Kab. Mappi,370300,Prov. Papua Selatan,370000,4,3,95,6,3,0,0,11,10 Mar 2026 18:27:11,A96FA7DF9B4F4003944E
SD YPPK SENE,60303205,SD,Swasta,Kec. Minyamur,370309,Kab. Mappi,370300,Prov. Papua Selatan,370000,2,1,77,6,6,0,0,28,04 Mar 2026 07:16:04,F575F946ADBAE73D8AFE
SD YPPK Sta. SISILIA KOMURU,60303226,SD,Swasta,Kec. Minyamur,370309,Kab. Mappi,370300,Prov. Papua Selatan,370000,2,2,135,6,3,0,0,10,27 Apr 2026 20:07:12,DEAC94AE7FB9EF9EFA75
SMP NEGERI 1 MINYAMUR,70014255,SMP,Negeri,Kec. Minyamur,370309,Kab. Mappi,370300,Prov. Papua Selatan,370000,4,2,76,4,3,0,0,25,26 Apr 2026 08:41:03,188687684E5DDFB1EC64
SD INPRES ABAU,60303104,SD,Negeri,Kec. Citak-Mitak,370303,Kab. Mappi,370300,Prov. Papua Selatan,370000,6,1,154,10,10,0,0,32,24 Jan 2026 19:15:45,F02BD9A48C5E3B17CFE0
SD INPRES BIDNEW,60303113,SD,Negeri,Kec. Citak-Mitak,370303,Kab. Mappi,370300,Prov. Papua Selatan,370000,6,2,219,10,6,0,1,7,13 Feb 2026 14:17:56,61DAA65801AC766003E3
SD INPRES EPEM,60303118,SD,Negeri,Kec. Citak-Mitak,370303,Kab. Mappi,370300,Prov. Papua Selatan,370000,4,3,139,7,3,0,0,26,19 Apr 2026 11:00:08,33E65011E568B0D3AB8A
SD INPRES KUMASMA,60303138,SD,Negeri,Kec. Citak-Mitak,370303,Kab. Mappi,370300,Prov. Papua Selatan,370000,6,1,241,10,3,0,0,15,10 Mar 2026 17:30:44,ADA40A1B859896D7B4E7
SD INPRES TAMANIM,60303154,SD,Negeri,Kec. Citak-Mitak,370303,Kab. Mappi,370300,Prov. Papua Selatan,370000,14,2,259,11,8,1,0,25,03 Mar 2026 17:22:54,915A3F5E2320E5DE2CED
SD YPPGI SENGGO,60303187,SD,Swasta,Kec. Citak-Mitak,370303,Kab. Mappi,370300,Prov. Papua Selatan,370000,1,2,80,6,6,0,0,15,04 Feb 2026 14:43:49,D9DEEE98B0AC910E2D32
SD YPPK ST.YOSEPH SENGGO,69899153,SD,Swasta,Kec. Citak-Mitak,370303,Kab. Mappi,370300,Prov. Papua Selatan,370000,2,1,249,10,6,1,1,10,23 Mar 2026 08:40:08,075395B3B1FD8EB7F661
SMPN I CITAK MITAK,60303249,SMP,Negeri,Kec. Citak-Mitak,370303,Kab. Mappi,370300,Prov. Papua Selatan,370000,23,2,600,19,15,4,1,29,24 Apr 2026 17:30:45,02E272A8F51E4248A8D4
SMAN I CITAK MITAK,60304943,SMA,Negeri,Kec. Citak-Mitak,370303,Kab. Mappi,370300,Prov. Papua Selatan,370000,22,4,528,16,11,1,1,193,24 Apr 2026 20:10:56,57F974D540B45E4C8F11
SD INPRES BAHASI,60303108,SD,Negeri,Kec. Passue Bawah,370314,Kab. Mappi,370300,Prov. Papua Selatan,370000,2,6,95,6,6,0,0,12,02 May 2026 19:39:25,5EC0299012B9617DE991
SD INPRES BUSIRI,60303115,SD,Negeri,Kec. Passue Bawah,370314,Kab. Mappi,370300,Prov. Papua Selatan,370000,9,1,122,6,6,0,0,17,05 Mar 2026 08:02:46,1FDA2F305BD8D7853AA9
SD INPRES HONYA,60303121,SD,Negeri,Kec. Passue Bawah,370314,Kab. Mappi,370300,Prov. Papua Selatan,370000,4,1,86,6,3,0,0,12,07 Apr 2026 20:56:55,CAB27CBA6ED16F171D56
SD INPRES WONGGI,60303132,SD,Negeri,Kec. Passue Bawah,370314,Kab. Mappi,370300,Prov. Papua Selatan,370000,7,1,123,6,6,0,0,13,26 Feb 2026 22:33:58,DB21EEB31CC0296E1740
SD NEGERI BIVO,60304469,SD,Negeri,Kec. Passue Bawah,370314,Kab. Mappi,370300,Prov. Papua Selatan,370000,5,1,101,6,9,0,0,23,30 Apr 2026 03:26:36,1E2C57F879955DC8C6FF
SDN SAMRUKIA,69987829,SD,Negeri,Kec. Passue Bawah,370314,Kab. Mappi,370300,Prov. Papua Selatan,370000,3,1,103,6,6,1,2,9,27 Apr 2026 13:04:06,BAE5D9DBC525A5A4655C
SD YPPGI HAKU,60304876,SD,Swasta,Kec. Passue Bawah,370314,Kab. Mappi,370300,Prov. Papua Selatan,370000,4,1,66,6,3,0,0,12,23 Apr 2026 20:49:34,A55C305224A6A5BCE8B6
SD YPPGI SAHABINAM,69893308,SD,Swasta,Kec. Passue Bawah,370314,Kab. Mappi,370300,Prov. Papua Selatan,370000,0,1,47,6,6,0,0,8,25 Apr 2026 06:25:35,443B3101C0D4426E1EB4
SD YPPGI VETA,60304472,SD,Swasta,Kec. Passue Bawah,370314,Kab. Mappi,370300,Prov. Papua Selatan,370000,1,1,0,0,0,0,0,0,,AABE29CCEB0806D19414
SMP NEGERI 1 PASSUE BAWAH,70032209,SMP,Negeri,Kec. Passue Bawah,370314,Kab. Mappi,370300,Prov. Papua Selatan,370000,5,1,68,3,3,0,0,30,28 Apr 2026 21:43:58,B1274CFB91DCDDB04286
SD INPRES BOSMA,60303114,SD,Negeri,Kec. Syahcame,370311,Kab. Mappi,370300,Prov. Papua Selatan,370000,8,1,189,7,5,0,0,5,22 Feb 2026 21:01:42,5633671B3E547F67CB99
SD INPRES OGORITO,60303146,SD,Negeri,Kec. Syahcame,370311,Kab. Mappi,370300,Prov. Papua Selatan,370000,6,1,122,6,6,0,1,15,02 May 2026 17:43:15,33AC3F60E4D809B66B52
SD INPRES OGOTHO,60303145,SD,Negeri,Kec. Syahcame,370311,Kab. Mappi,370300,Prov. Papua Selatan,370000,6,2,190,8,6,0,0,26,10 Apr 2026 18:37:30,39201E69333E16CC39EE
SD YPPK KHOBETA,60303196,SD,Swasta,Kec. Syahcame,370311,Kab. Mappi,370300,Prov. Papua Selatan,370000,3,2,93,6,6,0,0,9,03 Mar 2026 15:46:12,AFFD0177C01831234D5B
SD YPPK PANCASILA OSSO,60303198,SD,Swasta,Kec. Syahcame,370311,Kab. Mappi,370300,Prov. Papua Selatan,370000,4,1,101,6,6,0,0,6,22 Jan 2026 17:18:29,D398F77937779326DCEC
SD YPPK ST.THERESIA HOMLIKYA,60303230,SD,Swasta,Kec. Syahcame,370311,Kab. Mappi,370300,Prov. Papua Selatan,370000,8,1,164,8,6,0,0,29,04 Mar 2026 15:01:24,CF44891691608FD57361
SD YPPK ST.YOSEPH ASSET,60303189,SD,Swasta,Kec. Syahcame,370311,Kab. Mappi,370300,Prov. Papua Selatan,370000,7,1,155,8,6,0,0,27,13 Apr 2026 13:32:19,394E6C354490D45A12AD
SMP NEGERI 1 SYAHCAME,69980415,SMP,Negeri,Kec. Syahcame,370311,Kab. Mappi,370300,Prov. Papua Selatan,370000,11,1,168,7,5,2,1,86,28 Apr 2026 07:55:38,3433E1D235F29269D9A6
SD INPRES BASMAN,60303112,SD,Negeri,Kec. Ti  Zain,370315,Kab. Mappi,370300,Prov. Papua Selatan,370000,3,1,167,7,6,0,0,19,04 Apr 2026 16:54:30,1B59DDD50502C35E30A5
SD INPRES KUMABAN,60303137,SD,Negeri,Kec. Ti  Zain,370315,Kab. Mappi,370300,Prov. Papua Selatan,370000,6,3,156,7,6,0,0,14,23 Apr 2026 08:44:48,C2BC2D91FDBEA36D12BC
SD INPRES MEROKIMA,60303175,SD,Negeri,Kec. Ti  Zain,370315,Kab. Mappi,370300,Prov. Papua Selatan,370000,5,1,102,7,8,0,0,11,07 Mar 2026 09:53:44,29AC4E19DC275873652F
SD INPRES TUKUMAU,60303158,SD,Negeri,Kec. Ti  Zain,370315,Kab. Mappi,370300,Prov. Papua Selatan,370000,4,1,100,6,6,0,0,14,13 Mar 2026 23:07:12,E49101C1AA4B22F03749
SD NEGERI MU,69987442,SD,Negeri,Kec. Ti  Zain,370315,Kab. Mappi,370300,Prov. Papua Selatan,370000,5,1,234,8,3,0,0,26,23 Apr 2026 20:58:22,67CFE55F5EA2F081BD11
SD NEGERI TARUWA,60304724,SD,Negeri,Kec. Ti  Zain,370315,Kab. Mappi,370300,Prov. Papua Selatan,370000,4,3,216,9,6,0,0,8,19 Apr 2026 20:31:15,F4BC6865ED2182B5F652
SD NEGERI VYER,60304534,SD,Negeri,Kec. Ti  Zain,370315,Kab. Mappi,370300,Prov. Papua Selatan,370000,1,3,107,6,6,0,0,9,24 Feb 2026 03:04:59,A2AE0466C8238EE00885
SMP YPPGI UBUTAME TI ZAIN,69963855,SMP,Swasta,Kec. Ti  Zain,370315,Kab. Mappi,370300,Prov. Papua Selatan,370000,3,1,54,3,3,2,1,24,29 Apr 2026 10:13:55,6183F36B9BCC77350579
SD INPRES HARAPAN,60303120,SD,Negeri,Kec. Venaha,370310,Kab. Mappi,370300,Prov. Papua Selatan,370000,6,1,74,6,6,1,0,25,29 Apr 2026 20:20:22,2776F6F63B6D72FFA154
SD INPRES MEMES,60303141,SD,Negeri,Kec. Venaha,370310,Kab. Mappi,370300,Prov. Papua Selatan,370000,6,1,93,6,3,0,0,7,11 Apr 2026 09:53:23,716F3E85CD605183EED6
SD INPRES MOPIO,60303143,SD,Negeri,Kec. Venaha,370310,Kab. Mappi,370300,Prov. Papua Selatan,370000,8,1,117,7,6,0,0,22,28 Apr 2026 10:45:54,BB9F7BBDE276F0561FF7
SD INPRES SAHAPIKYA,60303149,SD,Negeri,Kec. Venaha,370310,Kab. Mappi,370300,Prov. Papua Selatan,370000,5,1,99,6,6,0,0,44,04 Apr 2026 17:21:34,0F34D5AC26207412489B
SD NEGERI GETIO,70035579,SD,Negeri,Kec. Venaha,370310,Kab. Mappi,370300,Prov. Papua Selatan,370000,5,1,115,4,3,0,0,7,07 Mar 2026 10:47:15,51529184DB12A0489920
SD NEGERI PIES,69787862,SD,Negeri,Kec. Venaha,370310,Kab. Mappi,370300,Prov. Papua Selatan,370000,7,1,84,6,3,0,0,19,23 Apr 2026 12:49:19,96B09CD6514EAD4723BE
SD YPPK YIBIN,60303243,SD,Swasta,Kec. Venaha,370310,Kab. Mappi,370300,Prov. Papua Selatan,370000,5,1,87,6,6,0,0,17,30 Apr 2026 12:26:43,8A0A2F8B9F953958CA91
SMP NEGERI 1 VENAHA,60303255,SMP,Negeri,Kec. Venaha,370310,Kab. Mappi,370300,Prov. Papua Selatan,370000,14,1,183,7,7,1,1,30,11 Apr 2026 07:07:32,9DC3ED17E629E2C2EA5E
SD INPRES HABESKE,60303119,SD,Negeri,Kec. Yakomi,370312,Kab. Mappi,370300,Prov. Papua Selatan,370000,3,0,46,6,6,0,0,7,04 Mar 2026 17:52:30,26706547CFF9991A2846
SD INPRES MUYASIEN,60303144,SD,Negeri,Kec. Yakomi,370312,Kab. Mappi,370300,Prov. Papua Selatan,370000,1,1,115,6,9,0,0,16,21 Apr 2026 09:10:30,1C72028D163EAB6E4AF4
SD INPRES YAME,60303162,SD,Negeri,Kec. Yakomi,370312,Kab. Mappi,370300,Prov. Papua Selatan,370000,8,1,97,7,6,1,0,12,02 May 2026 07:24:49,056714E6E26BD0DD1257
SD NEGERI SIEN,60303181,SD,Negeri,Kec. Yakomi,370312,Kab. Mappi,370300,Prov. Papua Selatan,370000,7,1,103,6,6,0,0,21,07 Apr 2026 20:02:37,0C7859C531CEF2E37219
SD YPK AMK,60303184,SD,Swasta,Kec. Yakomi,370312,Kab. Mappi,370300,Prov. Papua Selatan,370000,1,1,70,6,3,0,0,10,28 Feb 2026 16:56:19,3E6D48A3BD76E6CE4C40
SD YPK BENGGO,60303185,SD,Swasta,Kec. Yakomi,370312,Kab. Mappi,370300,Prov. Papua Selatan,370000,3,1,0,0,0,0,0,0,,2437A0773549BA34F738
SD YPPK ST.THERESIA KOGOYA,60303231,SD,Swasta,Kec. Yakomi,370312,Kab. Mappi,370300,Prov. Papua Selatan,370000,1,1,74,6,6,0,0,4,29 Apr 2026 10:55:18,3B5D7B4A0C56E1A83D43
SMP NEGERI 1 YAKOMI,69967638,SMP,Negeri,Kec. Yakomi,370312,Kab. Mappi,370300,Prov. Papua Selatan,370000,7,1,105,5,5,2,1,13,24 Feb 2026 19:40:09,20F1583A04913BC961E9
SD INPRES AMAZU,60303105,SD,Negeri,Kec. Kaibar,370307,Kab. Mappi,370300,Prov. Papua Selatan,370000,6,2,106,6,6,0,0,8,27 Apr 2026 19:55:34,EADBBD90FFEB6D58ECE2
SD INPRES BINERBIS,60303167,SD,Negeri,Kec. Kaibar,370307,Kab. Mappi,370300,Prov. Papua Selatan,370000,5,1,90,6,6,0,0,13,09 Apr 2026 08:06:43,EDA262DDDA345FE34F88
SD INPRES IMENBI,60303169,SD,Negeri,Kec. Kaibar,370307,Kab. Mappi,370300,Prov. Papua Selatan,370000,3,1,86,6,6,0,0,21,15 Apr 2026 03:31:02,AE24F60031CC522FFC85
SD INPRES VOMU,60303159,SD,Negeri,Kec. Kaibar,370307,Kab. Mappi,370300,Prov. Papua Selatan,370000,3,1,122,7,6,0,0,10,02 Apr 2026 16:21:10,724997DD3EFEBE0CEF21
SD INPRES YEMU,60303163,SD,Negeri,Kec. Kaibar,370307,Kab. Mappi,370300,Prov. Papua Selatan,370000,5,1,86,6,6,0,0,12,22 Apr 2026 21:23:25,F8405F0E470C8378118C
SD YPPGI TIAU,60303188,SD,Swasta,Kec. Kaibar,370307,Kab. Mappi,370300,Prov. Papua Selatan,370000,3,1,158,7,3,0,0,16,30 Apr 2026 08:23:18,2E40F951FF17F46E56F9
SMP NEGERI 1 KAIBAR,69888859,SMP,Negeri,Kec. Kaibar,370307,Kab. Mappi,370300,Prov. Papua Selatan,370000,9,1,179,6,3,2,1,24,02 May 2026 17:30:12,D485D7B0BDAF09E21A02
SD NEGERI SINO,60303174,SD,Negeri,Kec. Bamgi,370313,Kab. Mappi,370300,Prov. Papua Selatan,370000,10,1,150,8,7,0,0,37,29 Apr 2026 20:22:05,B4AE3A7D6B7A9AEF80BC
SD YPPK KONEBI,60303201,SD,Swasta,Kec. Bamgi,370313,Kab. Mappi,370300,Prov. Papua Selatan,370000,3,1,184,7,7,0,0,25,27 Apr 2026 09:49:05,FCC67E76BA4B7CB68369
SD YPPK ST PETRUS SIBI,60303225,SD,Swasta,Kec. Bamgi,370313,Kab. Mappi,370300,Prov. Papua Selatan,370000,4,1,162,7,3,0,0,51,07 Apr 2026 17:10:35,0DB52649332D68F5B6B6
SD YPPK ST.THERESIA TAGAIMON,60303229,SD,Swasta,Kec. Bamgi,370313,Kab. Mappi,370300,Prov. Papua Selatan,370000,7,1,159,7,6,0,0,13,18 Apr 2026 18:21:45,FED91A0AFC725E59EA28
SD YPPK YELOBA,60303242,SD,Swasta,Kec. Bamgi,370313,Kab. Mappi,370300,Prov. Papua Selatan,370000,7,2,124,8,6,2,1,30,18 Apr 2026 17:46:32,30D4762A70F4BE81CF6F
SD INPRES BERITEN,60303932,SD,Negeri,Kec. Agats,370401,Kab. Asmat,370400,Prov. Papua Selatan,370000,11,1,78,6,5,0,0,32,07 Apr 2026 09:43:21,E451BB1DB0DD18449E35
SD Inpres Per,69932616,SD,Negeri,Kec. Agats,370401,Kab. Asmat,370400,Prov. Papua Selatan,370000,8,1,169,8,5,0,0,29,30 Apr 2026 08:18:25,7550BE6D4B345CADD6BB
SD INPRES SYURU,60303749,SD,Negeri,Kec. Agats,370401,Kab. Asmat,370400,Prov. Papua Selatan,370000,30,2,632,22,14,2,1,32,28 Apr 2026 04:42:14,376A172055DC583280EF
SD INPRES UWUS,60304105,SD,Negeri,Kec. Agats,370401,Kab. Asmat,370400,Prov. Papua Selatan,370000,10,1,166,7,6,0,0,31,21 Apr 2026 22:07:45,B1C6F1D375C545A72D04
SD NEGERI MBAIT,60303630,SD,Negeri,Kec. Agats,370401,Kab. Asmat,370400,Prov. Papua Selatan,370000,27,2,454,22,12,0,0,99,30 Apr 2026 08:21:19,BD1EED328B539D4EF5B6
SD NEGERI MBAIT 2,69979821,SD,Negeri,Kec. Agats,370401,Kab. Asmat,370400,Prov. Papua Selatan,370000,18,2,281,12,7,0,0,45,30 Apr 2026 11:44:35,31DF0142E016AA7B3DD3
SD DARUSSALAM,60304108,SD,Swasta,Kec. Agats,370401,Kab. Asmat,370400,Prov. Papua Selatan,370000,23,3,458,17,17,1,1,81,30 Apr 2026 20:01:20,22CD7FB5D860BF3F3C5F
SD YPPGI AGATS,60303633,SD,Swasta,Kec. Agats,370401,Kab. Asmat,370400,Prov. Papua Selatan,370000,21,2,439,18,13,1,1,71,01 May 2026 11:04:04,01D7C836E82503384BE4
SD YPPK DON BOSCO EWER,60303634,SD,Swasta,Kec. Agats,370401,Kab. Asmat,370400,Prov. Papua Selatan,370000,13,1,300,10,11,0,0,42,28 Apr 2026 12:39:05,35E1D0DE414807C24DB8
SD YPPK SALIB SUCI AGATS,60303627,SD,Swasta,Kec. Agats,370401,Kab. Asmat,370400,Prov. Papua Selatan,370000,23,3,460,17,11,0,1,28,26 Mar 2026 11:39:59,FF135C65E90F72E5EA72
SD YPPK ST. ANTONIUS DE PADUA YEPEM,60303631,SD,Swasta,Kec. Agats,370401,Kab. Asmat,370400,Prov. Papua Selatan,370000,9,1,197,8,4,0,0,75,30 Apr 2026 13:46:39,9144ADC1C7351055E27C
SD YPPK ST. YOHANES PEMANDI YUFRI,60303629,SD,Swasta,Kec. Agats,370401,Kab. Asmat,370400,Prov. Papua Selatan,370000,3,2,122,8,8,0,1,13,26 Apr 2026 01:45:24,BE535A75A0CEC81BCD36
SMP NEGERI 2 AGATS,60303672,SMP,Negeri,Kec. Agats,370401,Kab. Asmat,370400,Prov. Papua Selatan,370000,30,4,504,15,17,4,1,38,30 Apr 2026 09:43:04,4192E6A854BB6A837ECD
SMP NEGERI 3 AGATS,69953536,SMP,Negeri,Kec. Agats,370401,Kab. Asmat,370400,Prov. Papua Selatan,370000,16,2,143,6,9,2,3,70,28 Apr 2026 21:45:47,82BBF9D1092F1595F679
SMP NEGERI MBAIT,60304074,SMP,Negeri,Kec. Agats,370401,Kab. Asmat,370400,Prov. Papua Selatan,370000,28,2,439,13,11,2,1,95,22 Apr 2026 06:20:50,6D22EF28B5E2BA8AC9E5
SMP YAPIS AGATS,69812082,SMP,Swasta,Kec. Agats,370401,Kab. Asmat,370400,Prov. Papua Selatan,370000,14,5,112,5,5,1,1,101,27 Apr 2026 08:04:16,06EFCAE5F657BB183FD6
SMP YPPGI AGATS,69796646,SMP,Swasta,Kec. Agats,370401,Kab. Asmat,370400,Prov. Papua Selatan,370000,18,3,151,6,7,1,1,57,16 Apr 2026 12:36:09,45223DBF4BEB85FE5C02
SMP YPPK ST. YOHANES PEMANDI AGATS,60304073,SMP,Swasta,Kec. Agats,370401,Kab. Asmat,370400,Prov. Papua Selatan,370000,19,5,331,11,11,2,1,39,24 Apr 2026 08:53:02,7A37B740FD0123075A71
SMPIT MAARIF LILIK HANDAYANI,70057220,SMP,Swasta,Kec. Agats,370401,Kab. Asmat,370400,Prov. Papua Selatan,370000,7,3,22,1,1,0,0,99,21 Apr 2026 18:17:24,BB1601242A2BE7460941
SMAN 1 AGATS,60304063,SMA,Negeri,Kec. Agats,370401,Kab. Asmat,370400,Prov. Papua Selatan,370000,46,4,787,24,22,6,1,62,30 Apr 2026 21:28:35,13F9F053D5BCF7E3F83D
SMAS YAN SMIT,60304065,SMA,Swasta,Kec. Agats,370401,Kab. Asmat,370400,Prov. Papua Selatan,370000,24,2,329,10,14,2,1,53,29 Apr 2026 19:56:24,DEF9C9B75522F6ABE871
SMAS YPPGI ROESLER AGATS,69796660,SMA,Swasta,Kec. Agats,370401,Kab. Asmat,370400,Prov. Papua Selatan,370000,17,3,354,10,6,1,0,57,29 Apr 2026 11:21:06,788DF21F3FFCFDF02351
SMK Negeri 1 Seni dan Industri Kreatif Asmat,60304066,SMK,Negeri,Kec. Agats,370401,Kab. Asmat,370400,Prov. Papua Selatan,370000,27,5,258,9,7,1,0,77,30 Apr 2026 11:00:06,DD63154E7F22F437EAAE
SD INPRES BUAGANI,60303760,SD,Negeri,Kec. Sawa Erma,370403,Kab. Asmat,370400,Prov. Papua Selatan,370000,9,1,188,7,6,0,0,64,29 Apr 2026 09:30:00,FF72C86BD053A445BBE6
SD INPRES JIPAWER,60303759,SD,Negeri,Kec. Sawa Erma,370403,Kab. Asmat,370400,Prov. Papua Selatan,370000,6,2,142,8,6,0,0,44,16 Apr 2026 10:11:53,E74ECBFB1FEB3BDA2263
SD Inpres Mumugu,69932614,SD,Negeri,Kec. Sawa Erma,370403,Kab. Asmat,370400,Prov. Papua Selatan,370000,3,2,150,6,6,0,0,8,09 Apr 2026 22:11:48,F12523984593D0210062
SD INPRES PUPIS,60303756,SD,Negeri,Kec. Sawa Erma,370403,Kab. Asmat,370400,Prov. Papua Selatan,370000,2,1,81,6,4,0,0,6,22 Apr 2026 13:57:09,798DA6E2936ACF6A8243
SD NEGERI ABAMU,60304109,SD,Negeri,Kec. Sawa Erma,370403,Kab. Asmat,370400,Prov. Papua Selatan,370000,2,1,114,6,2,0,0,20,17 Apr 2026 23:11:18,52CFDED8F01F3CCBA744
SD NEGERI EROKO,69755574,SD,Negeri,Kec. Sawa Erma,370403,Kab. Asmat,370400,Prov. Papua Selatan,370000,2,2,66,6,3,0,0,22,01 May 2026 10:27:42,52659667D70DA1C247EE
SD NEGERI ESMAPAN,60304992,SD,Negeri,Kec. Sawa Erma,370403,Kab. Asmat,370400,Prov. Papua Selatan,370000,2,1,86,6,2,0,0,34,25 Apr 2026 17:45:54,6B8CABE0C083A218064C
SD NEGERI OMOR,60304114,SD,Negeri,Kec. Sawa Erma,370403,Kab. Asmat,370400,Prov. Papua Selatan,370000,1,1,159,9,6,0,0,47,16 Apr 2026 07:52:43,D693B9A06EC743170534
SD NEGERI SAUTI,69896429,SD,Negeri,Kec. Sawa Erma,370403,Kab. Asmat,370400,Prov. Papua Selatan,370000,12,1,125,7,6,0,0,58,26 Apr 2026 21:50:29,8E888F7F6148DB537216
SD NEGERI SAWA ERMA,60303746,SD,Negeri,Kec. Sawa Erma,370403,Kab. Asmat,370400,Prov. Papua Selatan,370000,11,2,118,7,7,0,1,26,30 Apr 2026 07:36:59,DE5DC5F06A9F493A12D4
SD NEGERI TII,69896431,SD,Negeri,Kec. Sawa Erma,370403,Kab. Asmat,370400,Prov. Papua Selatan,370000,5,1,101,6,3,0,0,41,20 Apr 2026 10:07:06,D5D3C25023D4E7AF7FC7
SD NEGERI WEO,60304991,SD,Negeri,Kec. Sawa Erma,370403,Kab. Asmat,370400,Prov. Papua Selatan,370000,5,1,62,6,2,0,0,23,04 Mar 2026 08:47:05,C20D374D0AB8526837A0
SD PERSIAPAN NEGERI YAKAPIS,69755573,SD,Negeri,Kec. Sawa Erma,370403,Kab. Asmat,370400,Prov. Papua Selatan,370000,0,1,11,2,6,0,0,21,09 Feb 2026 08:25:34,009DF7275C33C855D11C
SD SATU ATAP SAWA ERMA,60304740,SD,Negeri,Kec. Sawa Erma,370403,Kab. Asmat,370400,Prov. Papua Selatan,370000,7,2,57,6,6,1,1,55,30 Mar 2026 06:58:56,D7E143982AC844BBD449
SD YPPK KRISTUS AMORE SAWA ERMA,60303742,SD,Swasta,Kec. Sawa Erma,370403,Kab. Asmat,370400,Prov. Papua Selatan,370000,7,1,123,7,7,0,1,40,29 Apr 2026 07:31:57,0AFE86A0FBC74EFD87FB
SD YPPK YAN SMITH ST.ALOYSIUS MUMUGU 2,69787834,SD,Swasta,Kec. Sawa Erma,370403,Kab. Asmat,370400,Prov. Papua Selatan,370000,1,1,101,6,5,0,0,13,19 Apr 2026 13:24:46,A865F3D7924AFE9B5BB0
SMP NEGERI 1 ATAP SAWA ERMA,69812084,SMP,Negeri,Kec. Sawa Erma,370403,Kab. Asmat,370400,Prov. Papua Selatan,370000,10,3,103,4,4,2,1,34,28 Apr 2026 07:48:39,FA5814566C507E4F1141
SMP NEGERI 1 SAWA ERMA,60304072,SMP,Negeri,Kec. Sawa Erma,370403,Kab. Asmat,370400,Prov. Papua Selatan,370000,11,2,104,4,6,2,1,30,06 Mar 2026 22:15:55,1B234E122010B64F5371
SMA PERSIAPAN NEGERI SAWA ERMA,70050445,SMA,Negeri,Kec. Sawa Erma,370403,Kab. Asmat,370400,Prov. Papua Selatan,370000,11,0,47,3,2,1,1,41,07 Mar 2026 20:27:17,CE94FC60137FCC861A66
SD INPRES KAMUR,60303774,SD,Negeri,Kec. Pantai Kasuari,370406,Kab. Asmat,370400,Prov. Papua Selatan,370000,10,1,179,10,9,1,1,66,20 Apr 2026 13:23:17,7C895F296FC7EA35A987
SD INPRES KAYERIN,60303781,SD,Negeri,Kec. Pantai Kasuari,370406,Kab. Asmat,370400,Prov. Papua Selatan,370000,7,1,203,8,7,0,0,37,30 Apr 2026 21:52:17,7D17061E025DFB19F919
SD INPRES SANAPAI,60303766,SD,Negeri,Kec. Pantai Kasuari,370406,Kab. Asmat,370400,Prov. Papua Selatan,370000,5,1,119,6,3,0,0,20,12 Feb 2026 09:00:14,0337D1CFCAA09284F6DF
SD INPRES SANEP,60303775,SD,Negeri,Kec. Pantai Kasuari,370406,Kab. Asmat,370400,Prov. Papua Selatan,370000,6,2,258,8,4,0,1,66,12 Mar 2026 08:02:36,C1DEA6ACB8312E48D21A
SD INPRES SANTAMBOR,60304101,SD,Negeri,Kec. Pantai Kasuari,370406,Kab. Asmat,370400,Prov. Papua Selatan,370000,3,1,171,6,6,0,0,12,28 Apr 2026 17:48:46,BF41546DCD72CE60FDB3
SD INPRES SERAMIT,60303765,SD,Negeri,Kec. Pantai Kasuari,370406,Kab. Asmat,370400,Prov. Papua Selatan,370000,3,1,94,6,5,0,0,42,20 Apr 2026 11:50:05,87420AA94B691D823881
SD INPRES YAGAMIT,60303783,SD,Negeri,Kec. Pantai Kasuari,370406,Kab. Asmat,370400,Prov. Papua Selatan,370000,4,3,95,6,6,0,0,23,20 Apr 2026 09:53:02,01F06D1EFD50259DE947
SD NEGERI AMARU,60303778,SD,Negeri,Kec. Pantai Kasuari,370406,Kab. Asmat,370400,Prov. Papua Selatan,370000,11,1,247,9,3,0,0,54,25 Apr 2026 00:14:03,30D885758DBDFB0A20D6
SD NEGERI HAHARE,69787833,SD,Negeri,Kec. Pantai Kasuari,370406,Kab. Asmat,370400,Prov. Papua Selatan,370000,8,1,152,7,6,0,0,84,30 Apr 2026 19:05:45,5B298C0BE3BD465343F6
SD NEGERI SEMENDORO,60304115,SD,Negeri,Kec. Pantai Kasuari,370406,Kab. Asmat,370400,Prov. Papua Selatan,370000,2,1,175,6,5,0,0,24,17 Apr 2026 18:02:49,3D0594C099ECD5708733
SD NEGERI YAHUI,60304937,SD,Negeri,Kec. Pantai Kasuari,370406,Kab. Asmat,370400,Prov. Papua Selatan,370000,9,1,116,7,7,0,0,71,16 Apr 2026 11:01:08,2C33FA30A11A8526AE22
SD YPPGI ELFIS KAMUR MAURO,70045893,SD,Swasta,Kec. Pantai Kasuari,370406,Kab. Asmat,370400,Prov. Papua Selatan,370000,0,1,69,6,1,0,0,23,28 Feb 2026 17:25:49,06ACCCCDCA1DF77B3905
SD YPPGI KAMUR,60304107,SD,Swasta,Kec. Pantai Kasuari,370406,Kab. Asmat,370400,Prov. Papua Selatan,370000,1,1,164,7,7,0,0,22,20 Apr 2026 10:22:45,100817AB364AF0B78F63
SMP NEGERI 1 PANTAI KASUARI,60304068,SMP,Negeri,Kec. Pantai Kasuari,370406,Kab. Asmat,370400,Prov. Papua Selatan,370000,18,2,232,9,9,2,1,49,24 Apr 2026 09:07:31,B5690CD596532D9C3CF6
SMA NEGERI PANTAI KASUARI,70057944,SMA,Negeri,Kec. Pantai Kasuari,370406,Kab. Asmat,370400,Prov. Papua Selatan,370000,1,1,20,1,3,0,0,15,29 Apr 2026 08:51:27,ABD87BE1B0A71A68CA77
SD INPRES AMBISU,60303722,SD,Negeri,Kec. Atsj,370402,Kab. Asmat,370400,Prov. Papua Selatan,370000,6,2,69,6,6,0,0,75,23 Apr 2026 12:31:28,F50BEBAC86BDE31A04B0
SD INPRES ATSJ,60303714,SD,Negeri,Kec. Atsj,370402,Kab. Asmat,370400,Prov. Papua Selatan,370000,20,4,323,13,12,1,1,59,30 Apr 2026 07:15:17,23207D1ADFA7F3128875
SD INPRES BINE,60303721,SD,Negeri,Kec. Atsj,370402,Kab. Asmat,370400,Prov. Papua Selatan,370000,5,1,128,6,5,0,0,29,28 Apr 2026 21:50:59,75CC00F9D7296D1D980A
SD INPRES BIPIM,60303718,SD,Negeri,Kec. Atsj,370402,Kab. Asmat,370400,Prov. Papua Selatan,370000,4,2,80,6,6,0,0,27,29 Apr 2026 09:54:08,414C601DC40FD20CD5AA
SD INPRES SOGONI,60303731,SD,Negeri,Kec. Atsj,370402,Kab. Asmat,370400,Prov. Papua Selatan,370000,4,1,100,6,5,0,0,33,22 Apr 2026 20:02:36,4ADD354ABF410DF1881E
SD NEGERI ATAMEC,60304939,SD,Negeri,Kec. Atsj,370402,Kab. Asmat,370400,Prov. Papua Selatan,370000,8,1,86,6,5,0,0,19,23 Apr 2026 09:39:17,959438B31BBC59713707
SD YPPK ST. PAULUS ATSJ,69787831,SD,Swasta,Kec. Atsj,370402,Kab. Asmat,370400,Prov. Papua Selatan,370000,15,1,326,11,11,0,0,89,27 Apr 2026 09:34:46,8783015301EB3437A1F7
SD YPPK STA. ROSA AMANAMKAI,60303723,SD,Swasta,Kec. Atsj,370402,Kab. Asmat,370400,Prov. Papua Selatan,370000,4,2,167,6,7,0,1,56,25 Apr 2026 21:18:39,274401DD4E14174B8879
SMP NEGERI 1 ATSJ,60304070,SMP,Negeri,Kec. Atsj,370402,Kab. Asmat,370400,Prov. Papua Selatan,370000,23,4,383,12,12,2,0,128,02 May 2026 08:08:48,A883D681E103D6083047
SMAN 1 ATSY,60304064,SMA,Negeri,Kec. Atsj,370402,Kab. Asmat,370400,Prov. Papua Selatan,370000,25,4,379,11,10,2,1,27,21 Apr 2026 09:00:42,083341E931E47E714FA1
SD INPRES BINAM,60304415,SD,Negeri,Kec. Suator,370407,Kab. Asmat,370400,Prov. Papua Selatan,370000,11,2,182,7,6,2,1,51,15 Apr 2026 07:42:41,7D5F97AA8B0944B93B77
SD INPRES BURBIS,60304094,SD,Negeri,Kec. Suator,370407,Kab. Asmat,370400,Prov. Papua Selatan,370000,6,1,137,6,3,0,0,23,21 Apr 2026 09:58:35,C54BB0D05723F7EEA9E1
SD INPRES JINAK,60304096,SD,Negeri,Kec. Suator,370407,Kab. Asmat,370400,Prov. Papua Selatan,370000,4,1,149,6,7,0,0,31,24 Apr 2026 17:55:17,FA3BA436717E78A3462C
SD INPRES KARBIS,60304097,SD,Negeri,Kec. Suator,370407,Kab. Asmat,370400,Prov. Papua Selatan,370000,4,1,42,6,6,0,0,83,23 Apr 2026 09:28:31,577A8DBA4E989C4D3E04
SD INPRES SIPANAP,60304103,SD,Negeri,Kec. Suator,370407,Kab. Asmat,370400,Prov. Papua Selatan,370000,6,1,120,6,5,0,0,22,28 Apr 2026 07:15:18,A3733BC6316D3960E64B
SD INPRES WOWI,60304106,SD,Negeri,Kec. Suator,370407,Kab. Asmat,370400,Prov. Papua Selatan,370000,4,1,102,6,3,0,0,46,29 Apr 2026 21:48:24,8B3BBAB4EAE4753E0E29
SD NEGERI BUBIS,60304431,SD,Negeri,Kec. Suator,370407,Kab. Asmat,370400,Prov. Papua Selatan,370000,5,1,201,7,3,0,0,35,01 May 2026 09:53:31,1FDF8ECD3CF2253D9520
SD NEGERI MABUL,60304946,SD,Negeri,Kec. Suator,370407,Kab. Asmat,370400,Prov. Papua Selatan,370000,2,1,205,10,7,0,0,33,30 Apr 2026 21:34:55,BC81867B7B15AEAF93C7
SD NEGERI VAGABUS,69896433,SD,Negeri,Kec. Suator,370407,Kab. Asmat,370400,Prov. Papua Selatan,370000,4,1,65,6,3,0,0,64,16 Apr 2026 13:11:20,8FB29B5EE9E68D55BC3A
SD NEGERI WAGANU 2,69787835,SD,Negeri,Kec. Suator,370407,Kab. Asmat,370400,Prov. Papua Selatan,370000,4,1,100,6,3,0,0,15,24 Apr 2026 22:01:43,A03E44ABDAFA876CFC6B
SMP Negeri Suator,69821192,SMP,Negeri,Kec. Suator,370407,Kab. Asmat,370400,Prov. Papua Selatan,370000,14,2,260,9,9,1,1,31,28 Apr 2026 19:26:45,1DAC55A1E3589E5185AC
SD INPRES SAFAN,60304099,SD,Negeri,Kec. Safan,370416,Kab. Asmat,370400,Prov. Papua Selatan,370000,6,3,290,9,3,0,0,5,02 May 2026 17:25:06,62DF32141D5F618A59AF
SD INPRES SIMSAGAR,60304102,SD,Negeri,Kec. Safan,370416,Kab. Asmat,370400,Prov. Papua Selatan,370000,7,1,146,6,6,0,0,121,30 Apr 2026 07:59:41,1A1126BCBA2A5E375DD3
SD INPRES YAPTAMBOR,60303769,SD,Negeri,Kec. Safan,370416,Kab. Asmat,370400,Prov. Papua Selatan,370000,3,2,229,8,4,0,0,11,21 Apr 2026 18:02:16,C075F5D4B233F2C81F00
SD NEGERI EMENE,60304112,SD,Negeri,Kec. Safan,370416,Kab. Asmat,370400,Prov. Papua Selatan,370000,2,1,191,9,6,0,0,19,15 Apr 2026 12:04:47,DF61CF0D3E8262A2D8B5
SD YPPGI SAMAN,60303763,SD,Swasta,Kec. Safan,370416,Kab. Asmat,370400,Prov. Papua Selatan,370000,1,1,109,6,5,0,0,27,24 Apr 2026 10:56:18,4D5DEB5C95E5FC817DC1
SD YPPK HATI KUDUS PIRIMAPUN,60303779,SD,Swasta,Kec. Safan,370416,Kab. Asmat,370400,Prov. Papua Selatan,370000,13,1,289,9,7,0,0,37,10 Apr 2026 19:52:11,61781D5494269AF8EEE4
SD YPPK ROH KUDUS BAYUN,60303768,SD,Swasta,Kec. Safan,370416,Kab. Asmat,370400,Prov. Papua Selatan,370000,2,1,136,6,6,0,0,45,22 Apr 2026 19:30:24,0EBAF052925CCC3B6251
SMP NEGERI 2 PANTAI KASUARI,60304069,SMP,Negeri,Kec. Safan,370416,Kab. Asmat,370400,Prov. Papua Selatan,370000,12,1,137,5,5,2,1,18,16 Apr 2026 19:19:52,EF87205CBACC2B812DAA
SMP PERSIAPAN NEGERI PRIMAPUN,69960206,SMP,Negeri,Kec. Safan,370416,Kab. Asmat,370400,Prov. Papua Selatan,370000,8,2,136,5,5,1,1,33,16 Apr 2026 12:42:56,0C4EA6E4AB4E7A00D529
SD INPRES AWOK,60303737,SD,Negeri,Kec. Sirets,370417,Kab. Asmat,370400,Prov. Papua Selatan,370000,7,1,128,6,5,0,1,19,15 Apr 2026 06:33:27,5C7348BDECF700FBD926
SD INPRES BIWAR DARAT,60303729,SD,Negeri,Kec. Sirets,370417,Kab. Asmat,370400,Prov. Papua Selatan,370000,3,1,94,6,6,0,0,32,17 Apr 2026 19:43:13,77B8FDA296C6F085D2B3
SD INPRES FOS,60303725,SD,Negeri,Kec. Sirets,370417,Kab. Asmat,370400,Prov. Papua Selatan,370000,3,1,154,6,6,0,1,20,16 Apr 2026 12:37:56,C9C7CADEED832444A414
SD INPRES KAIMO,60303728,SD,Negeri,Kec. Sirets,370417,Kab. Asmat,370400,Prov. Papua Selatan,370000,8,3,131,6,4,0,0,100,30 Apr 2026 13:24:42,46500FB016BF6C68CC57
SD INPRES WAGANU,60303730,SD,Negeri,Kec. Sirets,370417,Kab. Asmat,370400,Prov. Papua Selatan,370000,6,1,89,6,6,0,0,60,15 Apr 2026 09:50:01,4006774C985A03A4C4C5
SD NEGERI DAMEN,60303735,SD,Negeri,Kec. Sirets,370417,Kab. Asmat,370400,Prov. Papua Selatan,370000,6,1,122,6,4,0,0,35,28 Apr 2026 17:51:15,D3FB280ED1C8B5899175
SD YPPGI YAOSAKOR,60303716,SD,Swasta,Kec. Sirets,370417,Kab. Asmat,370400,Prov. Papua Selatan,370000,6,1,62,6,6,0,0,5,06 Mar 2026 12:03:12,74E30CE25C1FA95FD7B4
SD YPPK ST. ANNA YAOSAKOR,60303732,SD,Swasta,Kec. Sirets,370417,Kab. Asmat,370400,Prov. Papua Selatan,370000,8,1,54,6,5,0,0,33,16 Apr 2026 08:54:53,8E111847CBECE7EF4D9E
SMP NEGERI SIRETS,69959447,SMP,Negeri,Kec. Sirets,370417,Kab. Asmat,370400,Prov. Papua Selatan,370000,18,2,139,5,6,0,0,12,08 Apr 2026 13:19:09,0FF1416B639E1107F4EF
SD INPRES BUETKWAR,60303640,SD,Negeri,Kec. Akat,370404,Kab. Asmat,370400,Prov. Papua Selatan,370000,5,1,101,6,6,0,0,47,29 Apr 2026 08:45:21,40085E37F73D51A9439F
SD NEGERI CUMNEW,60304982,SD,Negeri,Kec. Akat,370404,Kab. Asmat,370400,Prov. Papua Selatan,370000,10,1,120,7,6,0,1,30,17 Apr 2026 18:16:33,B568BA70150A747BE2C6
SD NEGERI KATEUW,60304976,SD,Negeri,Kec. Akat,370404,Kab. Asmat,370400,Prov. Papua Selatan,370000,3,1,62,6,2,0,0,16,29 Apr 2026 12:38:02,EB5C3449F8C7BC437A83
SD NEGERI SESAKAM,60303642,SD,Negeri,Kec. Akat,370404,Kab. Asmat,370400,Prov. Papua Selatan,370000,10,0,58,6,6,0,0,12,30 Apr 2026 12:31:52,FE91237EC381BFA8BF55
SD NEGERI UJIN AJIN,60304989,SD,Negeri,Kec. Akat,370404,Kab. Asmat,370400,Prov. Papua Selatan,370000,6,2,494,16,5,0,1,105,26 Apr 2026 18:20:06,F4D007CB6448E35EA562
SD YPPGI AYAM,60303636,SD,Swasta,Kec. Akat,370404,Kab. Asmat,370400,Prov. Papua Selatan,370000,4,1,106,6,3,0,1,73,16 Apr 2026 18:01:01,3FB8F87D9DDCC00C366E
SD YPPK ST. MARTINUS AYAM,60303646,SD,Swasta,Kec. Akat,370404,Kab. Asmat,370400,Prov. Papua Selatan,370000,8,1,208,10,10,0,1,49,30 Apr 2026 07:12:12,9C4DEEA9F83B2320F955
SMP NEGERI 1 AGATS,60304067,SMP,Negeri,Kec. Akat,370404,Kab. Asmat,370400,Prov. Papua Selatan,370000,17,1,112,6,8,1,1,44,25 Apr 2026 18:43:18,B72DF20CF17B9FB24878
SD INPRES BAGAIR,60303713,SD,Negeri,Kec. Fayit,370405,Kab. Asmat,370400,Prov. Papua Selatan,370000,6,1,218,8,6,0,0,58,30 Apr 2026 15:11:59,C120AB237EC4A223D070
SD INPRES BASIM,60303648,SD,Negeri,Kec. Fayit,370405,Kab. Asmat,370400,Prov. Papua Selatan,370000,9,1,468,14,6,0,0,51,29 Apr 2026 10:16:50,14045C26593062B082F0
SD INPRES BIOPIS,60303651,SD,Negeri,Kec. Fayit,370405,Kab. Asmat,370400,Prov. Papua Selatan,370000,5,1,365,11,6,0,0,22,01 May 2026 09:35:08,8A64906D8D569772B10F
SD INPRES NANAI,60303649,SD,Negeri,Kec. Fayit,370405,Kab. Asmat,370400,Prov. Papua Selatan,370000,4,1,199,6,3,0,0,18,23 Apr 2026 21:20:10,4FA3072FDE077DE5203D
SD INPRES OCENEP,60303652,SD,Negeri,Kec. Fayit,370405,Kab. Asmat,370400,Prov. Papua Selatan,370000,8,3,433,14,6,0,0,12,21 Apr 2026 20:13:18,5B2FCBC0B056C5EA3FE9
SD INPRES PIRIEN,60303650,SD,Negeri,Kec. Fayit,370405,Kab. Asmat,370400,Prov. Papua Selatan,370000,0,1,220,7,3,0,0,25,24 Apr 2026 09:47:37,D63B7DC960FF95BE71E8
SMP NEGERI 1 FAYIT,60304071,SMP,Negeri,Kec. Fayit,370405,Kab. Asmat,370400,Prov. Papua Selatan,370000,19,1,215,9,10,1,1,21,28 Apr 2026 08:20:43,9FDFA10FF61BBDE4A858
SD INPRES OMANESEP,69787832,SD,Negeri,Kec. Betcbamu,370419,Kab. Asmat,370400,Prov. Papua Selatan,370000,6,1,187,8,6,0,0,35,20 Apr 2026 10:06:55,38CCDC9A1F8F738FA241
SD INPRES YOUW,60303717,SD,Negeri,Kec. Betcbamu,370419,Kab. Asmat,370400,Prov. Papua Selatan,370000,11,1,138,8,6,0,1,65,24 Apr 2026 07:25:13,F6CE4DB9D41CBDA0E81D
SD NEGERI KAWET,69787829,SD,Negeri,Kec. Betcbamu,370419,Kab. Asmat,370400,Prov. Papua Selatan,370000,6,1,44,6,3,0,0,72,16 Apr 2026 08:58:14,1E9167755F1F90CB1B40
SD NEGERI WARKAI,69787830,SD,Negeri,Kec. Betcbamu,370419,Kab. Asmat,370400,Prov. Papua Selatan,370000,6,1,173,8,5,0,0,39,29 Apr 2026 12:47:23,6660A3AE1ECFF1964570
SD YPPK BIWAR LAUT,60303727,SD,Swasta,Kec. Betcbamu,370419,Kab. Asmat,370400,Prov. Papua Selatan,370000,9,1,187,7,4,0,0,15,01 May 2026 11:16:32,3567F195FF8CDEC59766
SMP NEGERI BETCBAMU,70050444,SMP,Negeri,Kec. Betcbamu,370419,Kab. Asmat,370400,Prov. Papua Selatan,370000,5,2,92,3,1,0,0,43,29 Apr 2026 21:04:54,CE9F15948BE4F2505972
SD INPRES BINAMZAIN,60304093,SD,Negeri,Kec. Kolf Braza,370409,Kab. Asmat,370400,Prov. Papua Selatan,370000,6,1,157,6,6,0,0,29,27 Apr 2026 08:45:44,6CB8956653596783F7A1
SD INPRES PATIPI,60304098,SD,Negeri,Kec. Kolf Braza,370409,Kab. Asmat,370400,Prov. Papua Selatan,370000,3,1,139,6,4,0,0,40,26 Apr 2026 10:02:38,3BAFF26E682F634836FC
SD NEGERI PEPERA,60304987,SD,Negeri,Kec. Kolf Braza,370409,Kab. Asmat,370400,Prov. Papua Selatan,370000,5,1,92,7,3,0,0,82,29 Apr 2026 07:58:58,4BFE4CD52526D8EF49FE
SD NEGERI ULAKIN,60304934,SD,Negeri,Kec. Kolf Braza,370409,Kab. Asmat,370400,Prov. Papua Selatan,370000,0,1,129,6,5,0,0,26,20 Apr 2026 10:16:38,DCD9E85C4EAB8AF6199D
SD NEGERI WOUTU KOLOF,69755575,SD,Negeri,Kec. Kolf Braza,370409,Kab. Asmat,370400,Prov. Papua Selatan,370000,3,1,91,6,4,0,0,29,17 Apr 2026 18:36:56,4E93F40168A03E95872B
SMP PERSIAPAN NEGERI KOLF BRAZA,70042478,SMP,Negeri,Kec. Kolf Braza,370409,Kab. Asmat,370400,Prov. Papua Selatan,370000,3,1,76,4,1,0,1,27,15 Apr 2026 15:22:53,EF539EDC64E380DB2955
SD INPRES BECO,60303639,SD,Negeri,Kec. Sor Ep,370425,Kab. Asmat,370400,Prov. Papua Selatan,370000,9,2,128,7,4,0,0,44,16 Apr 2026 13:43:24,5EF42F3727979B0E5CFF
SD INPRES YUNI,60303643,SD,Negeri,Kec. Sor Ep,370425,Kab. Asmat,370400,Prov. Papua Selatan,370000,8,1,107,6,6,0,1,36,17 Apr 2026 18:45:09,AD4BFC8AEA42551DEFD4
SD NEGERI FAKAN,69896427,SD,Negeri,Kec. Sor Ep,370425,Kab. Asmat,370400,Prov. Papua Selatan,370000,5,1,85,6,2,0,0,32,29 Apr 2026 13:59:22,A83445091F11A2B4303E
SMP NEGERI SOR EP,70057042,SMP,Negeri,Kec. Sor Ep,370425,Kab. Asmat,370400,Prov. Papua Selatan,370000,2,1,27,1,3,0,0,12,22 Apr 2026 18:33:25,DF9ED0387ACF8D02563E
SD INPRES AOU,60303743,SD,Negeri,Kec. Pulau Tiga,370412,Kab. Asmat,370400,Prov. Papua Selatan,370000,4,1,130,7,6,0,0,89,16 Apr 2026 10:13:07,22F86F3DB00E4A52E483
SD INPRES NAKAI,60303757,SD,Negeri,Kec. Pulau Tiga,370412,Kab. Asmat,370400,Prov. Papua Selatan,370000,5,1,201,9,3,0,0,8,29 Apr 2026 15:01:16,19B35250D76EF1F6397E
SD NEGERI AOAP,70049622,SD,Negeri,Kec. Pulau Tiga,370412,Kab. Asmat,370400,Prov. Papua Selatan,370000,0,1,63,6,3,0,0,49,30 Apr 2026 14:08:41,BDEE730185F29EC5EB28
SD NEGERI FUMERIPITS,70050440,SD,Negeri,Kec. Pulau Tiga,370412,Kab. Asmat,370400,Prov. Papua Selatan,370000,1,1,70,6,2,0,0,27,15 Apr 2026 09:41:09,5AE4C4C16CCED44B2F3B
SD YPPK ST. FRANSISKUS XAVERIUS KAPI,60303762,SD,Swasta,Kec. Pulau Tiga,370412,Kab. Asmat,370400,Prov. Papua Selatan,370000,3,1,139,6,6,0,0,24,02 Apr 2026 05:21:22,6FBED1D63629D75ADC9A
SD YPPK ST. PETRUS AS-ATAT,60303751,SD,Swasta,Kec. Pulau Tiga,370412,Kab. Asmat,370400,Prov. Papua Selatan,370000,7,1,206,9,9,0,1,39,28 Apr 2026 11:52:43,347262883D4A2159DF46
SMP PERSIAPAN NEGERI PULAU TIGA,70042477,SMP,Negeri,Kec. Pulau Tiga,370412,Kab. Asmat,370400,Prov. Papua Selatan,370000,7,1,51,3,2,0,0,23,28 Apr 2026 19:53:22,8DA424688A48828399F5
SD INPRES MANEP SIMINI,60303745,SD,Negeri,Kec. Jetsy,370413,Kab. Asmat,370400,Prov. Papua Selatan,370000,3,1,163,8,6,0,1,28,30 Apr 2026 15:05:39,175AD3B736264ED0B19C
SD NEGERI PAU,60303635,SD,Negeri,Kec. Jetsy,370413,Kab. Asmat,370400,Prov. Papua Selatan,370000,5,1,72,6,6,0,1,36,03 Apr 2026 10:39:17,236FE63918F19709F86F
SD YPPK STA. AGNES AMBOREP,60303641,SD,Swasta,Kec. Jetsy,370413,Kab. Asmat,370400,Prov. Papua Selatan,370000,3,1,149,6,6,0,0,38,30 Apr 2026 08:38:13,B8D05F748C699F1BF049
SD YPPK WARSE,60303645,SD,Swasta,Kec. Jetsy,370413,Kab. Asmat,370400,Prov. Papua Selatan,370000,4,1,300,11,6,0,0,34,16 Apr 2026 08:04:15,F4CA55A4CD963C15EAE3
SD NEGERI YENI,69984897,SD,Negeri,Kec. Joerat,370411,Kab. Asmat,370400,Prov. Papua Selatan,370000,6,1,98,6,3,0,0,41,28 Apr 2026 18:36:57,598D3D79F9273EFBB33E
SD YPPK ST. YOHANES PEMANDI YAMAS,60303748,SD,Swasta,Kec. Joerat,370411,Kab. Asmat,370400,Prov. Papua Selatan,370000,7,1,102,7,7,0,0,45,28 Apr 2026 10:28:33,6F5ED4DBBB5679459327
SMP NEGERI YAMAS,69965470,SMP,Negeri,Kec. Joerat,370411,Kab. Asmat,370400,Prov. Papua Selatan,370000,6,1,68,3,4,1,1,13,07 Mar 2026 18:41:11,529136B3FB4C92814957
SD INPRES DAIKOT,60304095,SD,Negeri,Kec. Joutu,370420,Kab. Asmat,370400,Prov. Papua Selatan,370000,7,1,110,7,6,0,0,43,02 May 2026 19:51:40,227D4848A6B7BB50E300
SD INPRES SOMNAK,60304104,SD,Negeri,Kec. Joutu,370420,Kab. Asmat,370400,Prov. Papua Selatan,370000,2,1,139,7,6,0,0,32,26 Apr 2026 10:27:33,C2FEBA4D5FC59F80C91D
SD INPRES VAKAM,69862409,SD,Negeri,Kec. Joutu,370420,Kab. Asmat,370400,Prov. Papua Selatan,370000,7,1,122,6,4,0,0,19,21 Apr 2026 21:44:34,CDDD38C7838D3751D9F5
SD NEGERI WABAK,69896437,SD,Negeri,Kec. Joutu,370420,Kab. Asmat,370400,Prov. Papua Selatan,370000,2,1,119,7,6,0,0,37,16 Apr 2026 13:56:21,A43C5B0D8D780CF71FDB
SMP NEGERI JOUTU,70057946,SMP,Negeri,Kec. Joutu,370420,Kab. Asmat,370400,Prov. Papua Selatan,370000,1,0,0,0,0,0,0,0,,EDACDA4999DB1A562EBE
SD INPRES SAGARE,60303724,SD,Negeri,Kec. Awyu,370422,Kab. Asmat,370400,Prov. Papua Selatan,370000,12,1,182,10,6,0,1,29,01 May 2026 06:43:55,EF4622C4D09E3DF90D7F
SD INPRES SUAGAI,60303626,SD,Negeri,Kec. Awyu,370422,Kab. Asmat,370400,Prov. Papua Selatan,370000,3,1,257,8,2,0,0,21,30 Apr 2026 10:21:42,5B278986707F00E67773
SMP NEGERI AWYU,69967019,SMP,Negeri,Kec. Awyu,370422,Kab. Asmat,370400,Prov. Papua Selatan,370000,14,1,157,6,6,1,1,30,09 Apr 2026 18:27:42,C7EB3F30E527C18EF252
SMP YPPGI KEN JIM YOST COMORO,69967020,SMP,Swasta,Kec. Awyu,370422,Kab. Asmat,370400,Prov. Papua Selatan,370000,7,1,65,3,3,0,0,34,25 Apr 2026 15:17:50,20BA4B411DC9CB521ABA
SD INPRES AIRO,60304091,SD,Negeri,Kec. Kopay,370415,Kab. Asmat,370400,Prov. Papua Selatan,370000,2,2,149,8,6,0,0,101,29 Apr 2026 09:30:24,5F089E180789F45C0503
SD INPRES SINIPIT,60304424,SD,Negeri,Kec. Kopay,370415,Kab. Asmat,370400,Prov. Papua Selatan,370000,6,1,310,10,6,0,0,35,30 Apr 2026 11:58:57,CD4309615CB6DF9A2351
SD NEGERI KAIPOM,60304113,SD,Negeri,Kec. Kopay,370415,Kab. Asmat,370400,Prov. Papua Selatan,370000,2,1,110,6,6,0,0,27,27 Apr 2026 08:14:54,58EEDAB5B8A1ABD34635
SD YPPGI KAWEM,60303767,SD,Swasta,Kec. Kopay,370415,Kab. Asmat,370400,Prov. Papua Selatan,370000,0,1,195,8,2,0,0,32,04 Mar 2026 11:02:34,8997BFB13DCF7B515321
SMP YPPGI JHON McCAIN HAHARE,70047697,SMP,Swasta,Kec. Kopay,370415,Kab. Asmat,370400,Prov. Papua Selatan,370000,0,1,75,3,3,0,0,32,21 Apr 2026 08:30:51,1E7BA2220BA20625BEE2
SD INPRES KUMURAI,60303771,SD,Negeri,Kec. Der Koumur,370414,Kab. Asmat,370400,Prov. Papua Selatan,370000,6,1,276,9,4,0,0,51,21 Apr 2026 11:34:03,0DC39C7511684B33F0C9
SD INPRES YANKAP,60303782,SD,Negeri,Kec. Der Koumur,370414,Kab. Asmat,370400,Prov. Papua Selatan,370000,8,1,160,7,4,0,1,64,01 May 2026 17:11:22,041D91BC4D48AF6C6FFA
SD NEGERI AMKAI,70032564,SD,Negeri,Kec. Der Koumur,370414,Kab. Asmat,370400,Prov. Papua Selatan,370000,6,1,133,6,3,0,0,34,02 May 2026 08:07:36,366C6027A61C5720C1A4
SMP NEGERI DER KOUMUR,70042476,SMP,Negeri,Kec. Der Koumur,370414,Kab. Asmat,370400,Prov. Papua Selatan,370000,15,1,256,9,4,0,1,26,20 Apr 2026 09:27:00,111BFA9186024EE49A9A
SD INPRES WIYAGAS,60303712,SD,Negeri,Kec. Aswi,370421,Kab. Asmat,370400,Prov. Papua Selatan,370000,4,2,229,9,6,0,0,14,06 Mar 2026 06:56:32,E36D402BA6FF531E5084
SD NEGERI BAGAIR 2,60304951,SD,Negeri,Kec. Aswi,370421,Kab. Asmat,370400,Prov. Papua Selatan,370000,4,0,289,11,4,0,0,74,30 Apr 2026 15:03:54,809E58ED3D8B22A8089E
SD NEGERI PIRAMAT,60304988,SD,Negeri,Kec. Aswi,370421,Kab. Asmat,370400,Prov. Papua Selatan,370000,6,1,99,6,2,0,0,34,26 Apr 2026 22:09:53,0E0F91327CFD0FE3C99F
SD NEGERI TAURO,69896430,SD,Negeri,Kec. Aswi,370421,Kab. Asmat,370400,Prov. Papua Selatan,370000,7,0,153,6,2,0,0,42,30 Apr 2026 20:06:14,546F684AD33EAFD1F40B
SD INPRES JIVAK,60303752,SD,Negeri,Kec. Tomor Birip,370424,Kab. Asmat,370400,Prov. Papua Selatan,370000,2,1,60,6,5,0,0,27,28 Apr 2026 10:39:43,530C8D0B730595E38EC7
SD INPRES MUNU,60303740,SD,Negeri,Kec. Tomor Birip,370424,Kab. Asmat,370400,Prov. Papua Selatan,370000,6,1,92,6,5,0,0,24,27 Apr 2026 09:10:39,2E949B7E7F7826AC6F0E
SD INPRES TOMOR,60303628,SD,Negeri,Kec. Tomor Birip,370424,Kab. Asmat,370400,Prov. Papua Selatan,370000,6,1,117,7,6,0,1,20,21 Apr 2026 21:51:33,B5410540EB03CFF9A66A
SD NEGERI ONAFAI,69896479,SD,Negeri,Kec. Unir Sirau,370410,Kab. Asmat,370400,Prov. Papua Selatan,370000,6,1,109,7,3,0,0,80,30 Apr 2026 07:29:03,F874C99AB57DA29BB18C
SD YPPK MARTIR-MARTIR UGANDA KOMOR,60303754,SD,Swasta,Kec. Unir Sirau,370410,Kab. Asmat,370400,Prov. Papua Selatan,370000,4,1,193,8,6,0,0,37,24 Apr 2026 08:43:29,AB1B17591F54DC15CE13
SD NEGERI SURU-SURU,60303739,SD,Negeri,Kec. Suru-suru,370408,Kab. Asmat,370400,Prov. Papua Selatan,370000,3,1,159,7,6,0,0,7,17 Feb 2026 19:22:05,6EDDCB28B47021366BDD
SD YPPGI YENUSUKU,70032207,SD,Swasta,Kec. Suru-suru,370408,Kab. Asmat,370400,Prov. Papua Selatan,370000,1,1,88,6,2,0,0,12,30 Mar 2026 07:28:26,A9C8C74D19D3003C0975
SD INPRES COMORO,60303726,SD,Negeri,Kec. Ayib,370418,Kab. Asmat,370400,Prov. Papua Selatan,370000,5,1,217,8,6,0,0,28,01 May 2026 09:26:49,D6BCC537E8284C11D208
SD YPPGI MAHUSI,69988095,SD,Swasta,Kec. Ayib,370418,Kab. Asmat,370400,Prov. Papua Selatan,370000,2,1,152,6,3,0,0,13,15 Mar 2026 20:07:57,445496B1EE329B337384
SD NEGERI BAYGON,69896417,SD,Negeri,Kec. Koroway Buluanop,370423,Kab. Asmat,370400,Prov. Papua Selatan,370000,2,1,230,9,3,0,0,38,29 Apr 2026 07:32:09,95BDEF2FCB620C4D0241
SD INPRES TANAH MERAH,60302074,SD,Negeri,Kec. Mandobo,370201,Kab. Boven Digoel,370200,Prov. Papua Selatan,370000,30,1,500,18,22,0,1,79,28 Apr 2026 07:19:11,C1D8626A78078199155C
SD NEGERI 2 TANAH MERAH,60303694,SD,Negeri,Kec. Mandobo,370201,Kab. Boven Digoel,370200,Prov. Papua Selatan,370000,36,5,696,24,19,1,1,98,01 May 2026 14:34:35,1B42733ECE55EE231082
SD NEGERI MAWAN,60302085,SD,Negeri,Kec. Mandobo,370201,Kab. Boven Digoel,370200,Prov. Papua Selatan,370000,11,3,138,7,7,0,1,62,27 Apr 2026 13:33:32,E4E106B8D67D7F791C96
SD ALAM ANUGERAH TERINDAH,70006229,SD,Swasta,Kec. Mandobo,370201,Kab. Boven Digoel,370200,Prov. Papua Selatan,370000,18,2,314,11,11,1,1,19,18 Apr 2026 14:34:26,7F04A3361F123FCA92D8
SD ISLAM TERPADU BAITURRAHMAH,69959504,SD,Swasta,Kec. Mandobo,370201,Kab. Boven Digoel,370200,Prov. Papua Selatan,370000,22,4,406,16,13,1,1,34,30 Apr 2026 10:47:07,BB5E9015E053BBDBB4AD
SD SHALOM TANAH MERAH,70015723,SD,Swasta,Kec. Mandobo,370201,Kab. Boven Digoel,370200,Prov. Papua Selatan,370000,11,2,222,9,9,0,1,94,30 Apr 2026 09:30:45,5B8FDE1E62661A512B1A
SD YPK SION TANAH MERAH,69946396,SD,Swasta,Kec. Mandobo,370201,Kab. Boven Digoel,370200,Prov. Papua Selatan,370000,13,1,249,12,6,0,0,15,30 Mar 2026 07:26:10,D060ACEFE332B441D8FD
SD YPPK KALI WET,60302113,SD,Swasta,Kec. Mandobo,370201,Kab. Boven Digoel,370200,Prov. Papua Selatan,370000,12,3,112,14,16,0,1,24,06 Mar 2026 11:16:52,464B8149710A84CD7888
SD YPPK KALI WIN,60302114,SD,Swasta,Kec. Mandobo,370201,Kab. Boven Digoel,370200,Prov. Papua Selatan,370000,5,2,119,6,6,0,1,129,01 May 2026 13:10:51,1CE41D49DB88790B7736
SD YPPK MARYAM,60302119,SD,Swasta,Kec. Mandobo,370201,Kab. Boven Digoel,370200,Prov. Papua Selatan,370000,2,1,37,6,6,0,1,18,25 Apr 2026 15:40:00,615ECB7B3037F8A0B445
SD YPPK ST FRANSISKUS XAVERIUS TANAH MERAH,60302127,SD,Swasta,Kec. Mandobo,370201,Kab. Boven Digoel,370200,Prov. Papua Selatan,370000,23,3,593,20,15,0,1,56,02 May 2026 09:43:19,8B520FF1530E26E5F510
SMP NEGERI 1 TANAH MERAH,60302141,SMP,Negeri,Kec. Mandobo,370201,Kab. Boven Digoel,370200,Prov. Papua Selatan,370000,57,3,950,31,31,2,1,166,29 Apr 2026 13:36:12,61E6CA8A42C4EAACA2CE
SMP NEGERI 2 TANAH MERAH,60302142,SMP,Negeri,Kec. Mandobo,370201,Kab. Boven Digoel,370200,Prov. Papua Selatan,370000,41,3,601,20,19,2,1,29,01 May 2026 04:18:52,B166F39F0898FCA4E597
SMP ANUGERAH TERINDAH,70034555,SMP,Swasta,Kec. Mandobo,370201,Kab. Boven Digoel,370200,Prov. Papua Selatan,370000,10,2,82,3,3,0,0,32,29 Mar 2026 09:18:17,485037268A6AC79B9B91
SMP SATU ATAP ST FRANSISKUS XAVERIUS TANAH MERAH,60303703,SMP,Swasta,Kec. Mandobo,370201,Kab. Boven Digoel,370200,Prov. Papua Selatan,370000,18,3,184,7,7,2,1,110,30 Apr 2026 07:29:12,DC01EF0315F606FA99C4
SMP YPK SION TANAH MERAH,69899367,SMP,Swasta,Kec. Mandobo,370201,Kab. Boven Digoel,370200,Prov. Papua Selatan,370000,16,2,200,7,7,2,1,86,27 Apr 2026 13:49:02,5C2325FFA2E72B91692C
SMAN 1 TANAH MERAH,60302732,SMA,Negeri,Kec. Mandobo,370201,Kab. Boven Digoel,370200,Prov. Papua Selatan,370000,42,3,430,13,23,5,1,118,30 Apr 2026 20:31:14,319DC5E47BE2824DD42F
SMA KRISTEN CAHAYA KASIH TANAH MERAH,70061928,SMA,Swasta,Kec. Mandobo,370201,Kab. Boven Digoel,370200,Prov. Papua Selatan,370000,0,0,0,0,0,0,0,0,,425A1F369B500E8CAD29
SMA SANTO YOSEPH TANAH MERAH,69899309,SMA,Swasta,Kec. Mandobo,370201,Kab. Boven Digoel,370200,Prov. Papua Selatan,370000,16,2,382,12,14,2,1,46,02 May 2026 19:41:10,80E79884C01D2AA8D313
SMK Negeri 1 Rekayasa Dan Teknologi Boven Digoel,60305245,SMK,Negeri,Kec. Mandobo,370201,Kab. Boven Digoel,370200,Prov. Papua Selatan,370000,51,2,670,23,23,3,1,54,02 May 2026 18:01:05,31202BFFF71389401FFC
SMKS YPPGI  Agrobisnis Dan Agroteknologi Boven Digoel,70032706,SMK,Swasta,Kec. Mandobo,370201,Kab. Boven Digoel,370200,Prov. Papua Selatan,370000,0,0,0,0,0,0,0,0,,93A0868B9A5B9FCC2381
SD INPRES ASIKI,60302058,SD,Negeri,Kec. Jair,370205,Kab. Boven Digoel,370200,Prov. Papua Selatan,370000,24,1,340,15,19,1,1,48,30 Apr 2026 15:05:52,D81AFBFD5FB02AF5E743
SD NEGERI BMO KALI KAOH,69946401,SD,Negeri,Kec. Jair,370205,Kab. Boven Digoel,370200,Prov. Papua Selatan,370000,4,1,46,6,6,0,0,19,28 Apr 2026 06:58:30,B69E271EF0E39240364B
SD NEGERI CAMP 3 ASIKI,60302081,SD,Negeri,Kec. Jair,370205,Kab. Boven Digoel,370200,Prov. Papua Selatan,370000,24,2,564,18,22,1,1,34,28 Apr 2026 09:53:17,9535D2C33874FA74DCB6
SD NEGERI GETENTIRI,69950953,SD,Negeri,Kec. Jair,370205,Kab. Boven Digoel,370200,Prov. Papua Selatan,370000,9,2,104,6,6,0,0,167,06 Apr 2026 16:29:48,CA72DB10CC01B1218791
SD NEGERI NAGA,69899423,SD,Negeri,Kec. Jair,370205,Kab. Boven Digoel,370200,Prov. Papua Selatan,370000,13,2,129,6,7,1,1,43,11 Apr 2026 06:24:06,9EB5CFC194C2F8007843
SD NEGERI PERSIAPAN MIRI,69946397,SD,Negeri,Kec. Jair,370205,Kab. Boven Digoel,370200,Prov. Papua Selatan,370000,10,1,42,6,6,0,1,77,02 May 2026 08:26:19,5680E6CBAC6E0A46155D
SD KATOLIK SANTO YOSEPH ASIKI,69899368,SD,Swasta,Kec. Jair,370205,Kab. Boven Digoel,370200,Prov. Papua Selatan,370000,5,1,142,6,6,0,1,40,24 Apr 2026 07:54:42,E503DA2A078829D85BBC
SD YPPGI BUTIPTIRI,60302094,SD,Swasta,Kec. Jair,370205,Kab. Boven Digoel,370200,Prov. Papua Selatan,370000,3,0,19,5,6,0,0,30,02 May 2026 09:54:48,6AD450A24D55518FC022
SD YPPK ANGGAI,60302103,SD,Swasta,Kec. Jair,370205,Kab. Boven Digoel,370200,Prov. Papua Selatan,370000,5,2,141,6,6,0,0,91,06 Apr 2026 21:49:23,4C47DF2466F45ED75EE8
SD YPPK GETENTIRI,60302109,SD,Swasta,Kec. Jair,370205,Kab. Boven Digoel,370200,Prov. Papua Selatan,370000,17,4,366,15,17,0,1,185,01 May 2026 13:48:04,035380EECA3AB7D49A13
SMP NEGERI ASIKI,60302145,SMP,Negeri,Kec. Jair,370205,Kab. Boven Digoel,370200,Prov. Papua Selatan,370000,25,2,373,14,15,1,1,48,22 Apr 2026 11:39:05,3048A65D6D88915D5506
SMP NEGERI CAMP 19,69725939,SMP,Negeri,Kec. Jair,370205,Kab. Boven Digoel,370200,Prov. Papua Selatan,370000,19,2,292,10,10,2,1,33,26 Apr 2026 18:56:03,0953FBAFCEE7C2DCB652
SMP NEGERI JAIR,60302139,SMP,Negeri,Kec. Jair,370205,Kab. Boven Digoel,370200,Prov. Papua Selatan,370000,18,2,235,9,15,1,1,24,22 Apr 2026 13:40:14,719D2C8406B711654C13
SMA NEGERI ASIKI,69946393,SMA,Negeri,Kec. Jair,370205,Kab. Boven Digoel,370200,Prov. Papua Selatan,370000,19,3,300,11,11,4,1,25,27 Apr 2026 11:11:17,63B1BAC0C23E21C5BC1A
SMK Negeri 3 Agribisnis Dan Agroteknologi Boven Digoel,60305288,SMK,Negeri,Kec. Jair,370205,Kab. Boven Digoel,370200,Prov. Papua Selatan,370000,22,1,224,8,15,3,1,41,30 Apr 2026 13:26:08,BBC87286D081BB071827
SMK Negeri 4 Agribisnis Dan Agroteknologi  Boven Digoel,69961137,SMK,Negeri,Kec. Jair,370205,Kab. Boven Digoel,370200,Prov. Papua Selatan,370000,23,6,205,12,9,0,1,51,26 Apr 2026 08:55:39,DF1C2773CBDEB00C96C5
SD INPRES MINDIPTANA,60302070,SD,Negeri,Kec. Mindiptana,370202,Kab. Boven Digoel,370200,Prov. Papua Selatan,370000,13,1,200,9,15,0,1,74,28 Apr 2026 18:51:02,9200595ED751F79E3F60
SD INPRES OSSO KAMKA,60302072,SD,Negeri,Kec. Mindiptana,370202,Kab. Boven Digoel,370200,Prov. Papua Selatan,370000,9,1,176,9,13,0,0,31,13 Mar 2026 15:24:16,DB68633B4D01E78EF2DA
SD YPPK IMKO,60302110,SD,Swasta,Kec. Mindiptana,370202,Kab. Boven Digoel,370200,Prov. Papua Selatan,370000,0,0,0,0,0,0,0,0,,1FD861907AB827552A1F
SD YPPK KAKUNA,60302112,SD,Swasta,Kec. Mindiptana,370202,Kab. Boven Digoel,370200,Prov. Papua Selatan,370000,5,1,49,6,3,0,0,10,21 Jan 2026 18:44:31,7D93EFF92381D7707C22
SD YPPK MINDIPTANA,60302120,SD,Swasta,Kec. Mindiptana,370202,Kab. Boven Digoel,370200,Prov. Papua Selatan,370000,2,1,43,5,6,0,0,13,29 Apr 2026 00:05:44,E2762CFAE0BCE0CCC58C
SD YPPK TINGGAM,60302129,SD,Swasta,Kec. Mindiptana,370202,Kab. Boven Digoel,370200,Prov. Papua Selatan,370000,4,1,68,6,6,0,2,27,05 Mar 2026 17:48:17,FCFFC564A3055B68A029
SD YPPK UMAP,60302130,SD,Swasta,Kec. Mindiptana,370202,Kab. Boven Digoel,370200,Prov. Papua Selatan,370000,1,1,35,6,3,0,0,51,18 Apr 2026 07:18:37,34E7E1B141A0C86D7BB2
SD YPPK WANGGATKIBI,60302135,SD,Swasta,Kec. Mindiptana,370202,Kab. Boven Digoel,370200,Prov. Papua Selatan,370000,6,1,67,6,6,0,0,23,19 Apr 2026 20:56:59,00631CB0D5542461D8D9
SMP NEGERI 1 MINDIPTANA,60302140,SMP,Negeri,Kec. Mindiptana,370202,Kab. Boven Digoel,370200,Prov. Papua Selatan,370000,23,2,173,7,9,3,2,85,22 Apr 2026 14:04:05,4A83C07B60CFB219717C
SMP Negeri 2 Krounjendit Mindiptana,69980064,SMP,Negeri,Kec. Mindiptana,370202,Kab. Boven Digoel,370200,Prov. Papua Selatan,370000,10,2,75,3,7,0,1,36,28 Apr 2026 21:02:18,38FAE600844CA730C766
SMP YPPK MINDIPTANA,60302147,SMP,Swasta,Kec. Mindiptana,370202,Kab. Boven Digoel,370200,Prov. Papua Selatan,370000,4,2,176,6,10,1,0,35,04 Mar 2026 10:34:25,03EE3196FB0CAFB29C5C
SMA YPPK PETRUS HOEBOER MINDIPTANA,60302733,SMA,Swasta,Kec. Mindiptana,370202,Kab. Boven Digoel,370200,Prov. Papua Selatan,370000,11,2,226,9,11,2,1,24,01 May 2026 06:03:25,7830DB6C1440D6259DC3
SMK Negeri 2 Agribisnis Dan Agroteknologi Boven Digoel,60302934,SMK,Negeri,Kec. Mindiptana,370202,Kab. Boven Digoel,370200,Prov. Papua Selatan,370000,18,2,71,6,6,2,1,46,12 Mar 2026 19:53:43,95904327D246BAB940F4
SD INPRES GINGGIMOP,60302067,SD,Negeri,Kec. Arimop,370209,Kab. Boven Digoel,370200,Prov. Papua Selatan,370000,8,1,32,6,6,0,1,19,20 Apr 2026 10:52:42,B80E29C99A9254DB078A
SD NEGERI ARIMBET,60302079,SD,Negeri,Kec. Arimop,370209,Kab. Boven Digoel,370200,Prov. Papua Selatan,370000,6,1,42,6,3,1,1,44,30 Apr 2026 15:33:44,BC039CA7B042A7A019EE
SD NEGERI BUKIT,60302080,SD,Negeri,Kec. Arimop,370209,Kab. Boven Digoel,370200,Prov. Papua Selatan,370000,2,0,61,5,3,0,0,7,08 Mar 2026 20:58:26,4BADE86F961BEB534103
SD NEGERI PERSIAPAN YEROP,69946411,SD,Negeri,Kec. Arimop,370209,Kab. Boven Digoel,370200,Prov. Papua Selatan,370000,5,1,40,6,6,0,0,27,01 May 2026 12:52:57,D9221D726F7C34E4DF1C
SD YPPGI TIROP,60302099,SD,Swasta,Kec. Arimop,370209,Kab. Boven Digoel,370200,Prov. Papua Selatan,370000,2,1,76,6,6,0,0,34,16 Apr 2026 23:03:29,46FBB625296AE683D451
SD YPPK OKWAMUOP,60302125,SD,Swasta,Kec. Arimop,370209,Kab. Boven Digoel,370200,Prov. Papua Selatan,370000,7,1,55,6,6,0,0,60,26 Apr 2026 18:23:15,C9D9B7B5FC2D7182B6F3
SD YPPK WAKERIOP I,60302133,SD,Swasta,Kec. Arimop,370209,Kab. Boven Digoel,370200,Prov. Papua Selatan,370000,7,1,84,6,6,0,0,42,23 Mar 2026 20:11:38,71F9F8105E407EC5576E
SD YPPK WAKERIOP II,60302134,SD,Swasta,Kec. Arimop,370209,Kab. Boven Digoel,370200,Prov. Papua Selatan,370000,4,1,52,6,4,0,1,106,01 May 2026 14:47:15,1A64935FF52558D706E8
SMP NEGERI ARIMOP,70026874,SMP,Negeri,Kec. Arimop,370209,Kab. Boven Digoel,370200,Prov. Papua Selatan,370000,9,2,71,4,4,1,1,117,29 Apr 2026 19:13:47,F1972F18F4A44A99EAAE
SD NEGERI AFU,69946399,SD,Negeri,Kec. Fofi,370210,Kab. Boven Digoel,370200,Prov. Papua Selatan,370000,1,1,35,5,2,0,0,7,05 Mar 2026 19:52:57,5B9F3C11482C4E30D0DB
SD NEGERI HAMKO,69946404,SD,Negeri,Kec. Fofi,370210,Kab. Boven Digoel,370200,Prov. Papua Selatan,370000,3,1,101,6,6,0,0,10,17 Feb 2026 20:47:11,813D2DC6057A4EF070EC
SD NEGERI HELLO,69946405,SD,Negeri,Kec. Fofi,370210,Kab. Boven Digoel,370200,Prov. Papua Selatan,370000,1,1,63,6,4,0,0,25,28 Mar 2026 04:22:39,15DE84CB2A2AA6055FF4
SD NEGERI IKISI,60302083,SD,Negeri,Kec. Fofi,370210,Kab. Boven Digoel,370200,Prov. Papua Selatan,370000,8,0,185,8,6,0,1,20,15 Apr 2026 19:43:39,0C1FF25A899D0DEF764B
SD NEGERI KOWO 1,60302084,SD,Negeri,Kec. Fofi,370210,Kab. Boven Digoel,370200,Prov. Papua Selatan,370000,3,2,61,6,3,0,0,32,25 Apr 2026 10:13:42,1FE0A0D79E2D2887EC0A
SD NEGERI SOEKANGGO,60302089,SD,Negeri,Kec. Fofi,370210,Kab. Boven Digoel,370200,Prov. Papua Selatan,370000,7,3,146,6,7,0,1,161,24 Apr 2026 21:46:49,6F79A84A7E06C0CB4794
SD NEGERI SUFIO,69946409,SD,Negeri,Kec. Fofi,370210,Kab. Boven Digoel,370200,Prov. Papua Selatan,370000,1,1,89,7,3,1,1,30,19 Apr 2026 20:57:23,E59DD1D46306A1D79620
SD NEGERI YARE,60302091,SD,Negeri,Kec. Fofi,370210,Kab. Boven Digoel,370200,Prov. Papua Selatan,370000,6,1,83,6,3,0,1,21,23 Apr 2026 21:53:53,C0B83E116E3E274FA3B9
SD YPPK KOWO II,60302117,SD,Swasta,Kec. Fofi,370210,Kab. Boven Digoel,370200,Prov. Papua Selatan,370000,2,1,90,6,6,0,0,8,25 Feb 2026 09:21:02,545144BCDF2A5F6EC5FC
SMP NEGERI FOFI,69946395,SMP,Negeri,Kec. Fofi,370210,Kab. Boven Digoel,370200,Prov. Papua Selatan,370000,9,0,233,8,6,0,0,24,19 Mar 2026 11:33:05,80F3BB595AFDF1FAC3B6
SD NEGERI IKCAN,69946402,SD,Negeri,Kec. Waropko,370203,Kab. Boven Digoel,370200,Prov. Papua Selatan,370000,6,0,60,6,6,0,0,21,04 Mar 2026 10:03:40,4B282499B956FA276306
SD NEGERI PERSIAPAN AMUPKIM,69946353,SD,Negeri,Kec. Waropko,370203,Kab. Boven Digoel,370200,Prov. Papua Selatan,370000,5,1,56,6,3,0,0,15,05 Mar 2026 10:35:27,8351265980FDD378286E
SD NEGERI TOMEN,70042260,SD,Negeri,Kec. Waropko,370203,Kab. Boven Digoel,370200,Prov. Papua Selatan,370000,0,1,0,0,0,0,0,0,,9AA8026DC148000400C6
SD YPPK DUMUTU,60302108,SD,Swasta,Kec. Waropko,370203,Kab. Boven Digoel,370200,Prov. Papua Selatan,370000,2,0,33,6,6,0,0,9,28 Apr 2026 20:59:00,ED1AB3ABC449666564FB
SD YPPK KANGGEWOT,60302115,SD,Swasta,Kec. Waropko,370203,Kab. Boven Digoel,370200,Prov. Papua Selatan,370000,2,1,34,6,6,0,0,57,29 Apr 2026 19:22:57,328B69B33DC93D3E3E85
SD YPPK NINATI,60302122,SD,Swasta,Kec. Waropko,370203,Kab. Boven Digoel,370200,Prov. Papua Selatan,370000,1,1,75,6,6,0,1,28,22 Apr 2026 18:02:19,E3AB50036CA417E30616
SD YPPK SIMIRAM,60302126,SD,Swasta,Kec. Waropko,370203,Kab. Boven Digoel,370200,Prov. Papua Selatan,370000,0,1,39,6,3,0,0,53,03 Apr 2026 02:30:06,D40B5CDEFA30053AB9BD
SD YPPK WAROPKO,60302136,SD,Swasta,Kec. Waropko,370203,Kab. Boven Digoel,370200,Prov. Papua Selatan,370000,3,1,114,6,6,1,1,29,01 May 2026 23:58:06,DBD36363FE272A9DE200
SD YPPK YETETKUN,60302138,SD,Swasta,Kec. Waropko,370203,Kab. Boven Digoel,370200,Prov. Papua Selatan,370000,7,1,160,6,6,0,0,115,02 May 2026 12:51:42,381A0DC753254574945F
SMP NEGERI 1 WAROPKO,60302144,SMP,Negeri,Kec. Waropko,370203,Kab. Boven Digoel,370200,Prov. Papua Selatan,370000,13,2,145,7,7,0,1,89,10 Apr 2026 22:26:36,A97E38851675A38908E7
SD INPRES AIFO,60302057,SD,Negeri,Kec. Bomakia,370206,Kab. Boven Digoel,370200,Prov. Papua Selatan,370000,2,3,44,6,6,1,1,44,30 Apr 2026 08:34:09,4B39DEF1F7FDA8698787
SD INPRES UNI,60302076,SD,Negeri,Kec. Bomakia,370206,Kab. Boven Digoel,370200,Prov. Papua Selatan,370000,7,1,103,6,6,0,0,22,03 Mar 2026 17:36:47,0A50C04E280772D65C0A
SD NEGERI PERSIAPAN SOMI,69946408,SD,Negeri,Kec. Bomakia,370206,Kab. Boven Digoel,370200,Prov. Papua Selatan,370000,2,0,56,6,7,0,0,5,16 Feb 2026 12:40:16,CCFC960D1D5282B794E8
SD NEGERI WOMU,70031783,SD,Negeri,Kec. Bomakia,370206,Kab. Boven Digoel,370200,Prov. Papua Selatan,370000,5,1,55,6,3,0,0,101,01 May 2026 17:03:02,5C4C186C14E30164ADA9
SD YPPGI BOMA,60302093,SD,Swasta,Kec. Bomakia,370206,Kab. Boven Digoel,370200,Prov. Papua Selatan,370000,12,3,370,13,15,0,1,50,20 Apr 2026 10:41:40,52EF6B08DF4C31A4253F
SMP NEGERI BOMAKIA,60302143,SMP,Negeri,Kec. Bomakia,370206,Kab. Boven Digoel,370200,Prov. Papua Selatan,370000,16,2,248,9,6,2,1,44,02 May 2026 13:51:50,02710C7D70A0F2DC8C51
SD YPK KAISAH,60302092,SD,Swasta,Kec. Subur,370215,Kab. Boven Digoel,370200,Prov. Papua Selatan,370000,2,1,74,6,6,0,1,19,25 Apr 2026 11:17:12,6ED0174B277C803BACAE
SD YPPK AIWAT,60302101,SD,Swasta,Kec. Subur,370215,Kab. Boven Digoel,370200,Prov. Papua Selatan,370000,5,0,60,6,6,0,0,20,27 Apr 2026 15:40:11,7644D4664F95547D0C00
SD YPPK TEREK,60302128,SD,Swasta,Kec. Subur,370215,Kab. Boven Digoel,370200,Prov. Papua Selatan,370000,3,0,75,6,6,0,0,19,29 Mar 2026 06:02:19,6E3BD7A7D0BF5536E6E0
SD YPPK WAGHAI,60302132,SD,Swasta,Kec. Subur,370215,Kab. Boven Digoel,370200,Prov. Papua Selatan,370000,7,1,90,6,6,0,0,56,10 Apr 2026 20:52:50,BC35CD5444AD06C1AB49
SMPN Satap Terintegrasi 1 Terek,69856282,SMP,Negeri,Kec. Subur,370215,Kab. Boven Digoel,370200,Prov. Papua Selatan,370000,5,3,69,3,12,2,1,51,28 Apr 2026 10:07:38,B198FE1C68B369A62ADE
SD INPRES DANOWAGE 1,70051742,SD,Negeri,Kec. Yaniruma,370214,Kab. Boven Digoel,370200,Prov. Papua Selatan,370000,1,0,150,4,5,0,0,9,02 Mar 2026 09:38:15,04646B6CFF5ECE95C9E6
SD INPRES FEFERO,60303695,SD,Negeri,Kec. Yaniruma,370214,Kab. Boven Digoel,370200,Prov. Papua Selatan,370000,3,1,23,6,3,0,0,29,28 Apr 2026 12:29:26,1D65C09FD055A29AA37E
SD INPRES MANGGEMAHE,60302069,SD,Negeri,Kec. Yaniruma,370214,Kab. Boven Digoel,370200,Prov. Papua Selatan,370000,3,2,87,6,3,0,0,7,11 Apr 2026 04:33:29,8A4AE1C4FC5144B04F10
SD NEGERI HAVENDA,70046244,SD,Negeri,Kec. Yaniruma,370214,Kab. Boven Digoel,370200,Prov. Papua Selatan,370000,2,0,0,0,0,0,0,0,,89D161897005DDA81A7A
SD LENTERA HARAPAN,70008557,SD,Swasta,Kec. Yaniruma,370214,Kab. Boven Digoel,370200,Prov. Papua Selatan,370000,4,1,56,6,6,0,0,11,28 Apr 2026 12:00:24,0253E478161DE0939F98
SD YPPGI YANIRUMA,60302100,SD,Swasta,Kec. Yaniruma,370214,Kab. Boven Digoel,370200,Prov. Papua Selatan,370000,2,1,56,4,7,0,1,31,01 May 2026 13:38:59,6F100DD7B4486AA96E55
SMP NEGERI YANIRUMA,70008785,SMP,Negeri,Kec. Yaniruma,370214,Kab. Boven Digoel,370200,Prov. Papua Selatan,370000,8,0,53,3,3,0,1,42,12 Apr 2026 12:59:39,2E76E7BB138CD227A6DF
SD INPRES AUTRIOP,60302060,SD,Negeri,Kec. Iniyandit,370208,Kab. Boven Digoel,370200,Prov. Papua Selatan,370000,5,1,38,6,6,0,1,89,28 Apr 2026 19:39:41,4B4C815F46D42A21FE16
SD INPRES TETOP,60302075,SD,Negeri,Kec. Iniyandit,370208,Kab. Boven Digoel,370200,Prov. Papua Selatan,370000,5,1,46,6,6,0,0,46,15 Apr 2026 19:40:49,286B500B1509438F0D87
SD NEGERI EREMOP,60302082,SD,Negeri,Kec. Iniyandit,370208,Kab. Boven Digoel,370200,Prov. Papua Selatan,370000,6,2,96,6,6,0,1,19,29 Apr 2026 18:16:31,44B62B559F627B8FA202
SD YPPK OGENETAN,60302124,SD,Swasta,Kec. Iniyandit,370208,Kab. Boven Digoel,370200,Prov. Papua Selatan,370000,7,2,78,6,6,0,2,61,01 May 2026 07:08:44,3F31654493EF6C319A25
SMP NEGERI INIYANDIT,70029265,SMP,Negeri,Kec. Iniyandit,370208,Kab. Boven Digoel,370200,Prov. Papua Selatan,370000,10,2,48,3,4,0,0,39,20 Apr 2026 07:40:55,8A6054741D0068CB6CA3
SD NEGERI METTO,60302086,SD,Negeri,Kec. Ki,370219,Kab. Boven Digoel,370200,Prov. Papua Selatan,370000,5,2,144,6,6,0,1,38,24 Apr 2026 19:20:47,5E8F51D42CC85FF0F240
SD NEGERI MIE 1,60302087,SD,Negeri,Kec. Ki,370219,Kab. Boven Digoel,370200,Prov. Papua Selatan,370000,7,3,199,7,8,0,0,55,27 Apr 2026 20:54:20,D8B5C57129F6C5115013
SD NEGERI MIE 2 HOBUNANGGE,60302088,SD,Negeri,Kec. Ki,370219,Kab. Boven Digoel,370200,Prov. Papua Selatan,370000,3,1,119,7,13,0,0,24,01 May 2026 06:52:51,E20B335554019EA2FE16
SMP NEGERI UJUNG KIA,69946394,SMP,Negeri,Kec. Ki,370219,Kab. Boven Digoel,370200,Prov. Papua Selatan,370000,8,2,61,3,3,1,1,42,16 Apr 2026 07:52:31,2F535C9B68A4D91CCBC0
SD INPRES WANGGEMALO,60302078,SD,Negeri,Kec. Kombay,370216,Kab. Boven Digoel,370200,Prov. Papua Selatan,370000,2,0,93,6,6,0,0,17,02 May 2026 06:48:40,E3E1AE3F9507BD0918EF
SD NEGERI DEMA,69946403,SD,Negeri,Kec. Kombay,370216,Kab. Boven Digoel,370200,Prov. Papua Selatan,370000,6,0,85,6,3,0,0,19,22 Apr 2026 12:26:55,D3834BE72AB3FAD93650
SD NEGERI PERSIAPAN SINIBURU,69946407,SD,Negeri,Kec. Kombay,370216,Kab. Boven Digoel,370200,Prov. Papua Selatan,370000,3,1,109,6,3,0,0,6,09 Apr 2026 04:28:52,6C4E42477E607202644A
SD NEGERI UGO,60302090,SD,Negeri,Kec. Kombay,370216,Kab. Boven Digoel,370200,Prov. Papua Selatan,370000,3,2,101,6,6,0,0,10,11 Mar 2026 09:47:50,6A783F3AD9699FCFA32A
SD NEGERI YEFUFLA,69946410,SD,Negeri,Kec. Kombay,370216,Kab. Boven Digoel,370200,Prov. Papua Selatan,370000,0,1,97,5,3,0,0,9,11 Mar 2026 10:36:15,6161C598A5B24E736203
SD YPPK AMUAN,60302102,SD,Swasta,Kec. Kombut,370207,Kab. Boven Digoel,370200,Prov. Papua Selatan,370000,1,1,52,6,6,0,1,24,30 Apr 2026 10:25:32,AA7F2E72F58E79224DB1
SD YPPK KAWANGTET,60302116,SD,Swasta,Kec. Kombut,370207,Kab. Boven Digoel,370200,Prov. Papua Selatan,370000,4,1,43,6,6,0,0,26,15 Apr 2026 17:06:10,B40DB607E0B454467DEB
SD YPPK KOMBUT,60303701,SD,Swasta,Kec. Kombut,370207,Kab. Boven Digoel,370200,Prov. Papua Selatan,370000,3,1,0,0,0,0,0,0,,662920F7E65AEEA433B0
SD YPPK MOKBIRAN,60302121,SD,Swasta,Kec. Kombut,370207,Kab. Boven Digoel,370200,Prov. Papua Selatan,370000,3,1,55,6,6,0,0,42,30 Apr 2026 05:16:59,CA5170F2E841534939BA
SD INPRES FIRIWAGE,60302065,SD,Negeri,Kec. Firiwage,370213,Kab. Boven Digoel,370200,Prov. Papua Selatan,370000,5,1,49,6,7,1,1,41,23 Apr 2026 08:12:02,EE5B43C22E990DC26677
SD INPRES KARUWAGE,60302068,SD,Negeri,Kec. Firiwage,370213,Kab. Boven Digoel,370200,Prov. Papua Selatan,370000,1,2,66,7,6,0,0,43,01 May 2026 14:18:05,D9226182E0BC77DDCDE2
SD INPRES WALIBURU,60302077,SD,Negeri,Kec. Firiwage,370213,Kab. Boven Digoel,370200,Prov. Papua Selatan,370000,2,1,120,6,6,0,0,10,30 Apr 2026 20:43:03,2FA39BA34B731AC8B672
SD NEGERI DANOKIT,69787838,SD,Negeri,Kec. Firiwage,370213,Kab. Boven Digoel,370200,Prov. Papua Selatan,370000,3,1,29,5,6,0,0,8,09 Mar 2026 14:51:45,A4FF015CD0A9AFC1A4AD
SD NEGERI KABUAGE,69946406,SD,Negeri,Kec. Firiwage,370213,Kab. Boven Digoel,370200,Prov. Papua Selatan,370000,1,1,174,8,2,0,0,36,02 May 2026 00:37:53,53972FE27F672BE3C2DB
SD NEGERI KUKEN,60302118,SD,Negeri,Kec. Ambatkwi,370211,Kab. Boven Digoel,370200,Prov. Papua Selatan,370000,2,1,53,5,5,0,0,10,04 Mar 2026 23:33:36,2E66EE0699A461A8E877
SD YPPGI KOLOPKAM,60302096,SD,Swasta,Kec. Ambatkwi,370211,Kab. Boven Digoel,370200,Prov. Papua Selatan,370000,0,1,45,5,17,0,0,6,12 Apr 2026 20:14:53,F6EDB8C55F71CE83F569
SD YPPK ANUMKA,60302105,SD,Swasta,Kec. Ambatkwi,370211,Kab. Boven Digoel,370200,Prov. Papua Selatan,370000,2,1,61,6,6,0,0,16,23 Feb 2026 01:51:18,B7F811DA2F586BBE24B1
SD YPPK ARIMBIT,60302106,SD,Swasta,Kec. Ambatkwi,370211,Kab. Boven Digoel,370200,Prov. Papua Selatan,370000,0,0,0,0,0,0,0,0,,68D18A07C97B3EDFA0D9
SD YPPK AWAKEN,60302107,SD,Swasta,Kec. Ambatkwi,370211,Kab. Boven Digoel,370200,Prov. Papua Selatan,370000,1,0,0,0,0,0,0,0,,0A86121ADBDBF42CD72E
SD INPRES BAYANGGOP,60302061,SD,Negeri,Kec. Manggelum,370212,Kab. Boven Digoel,370200,Prov. Papua Selatan,370000,5,1,91,6,3,0,0,40,25 Apr 2026 11:00:46,846866402749761CCD21
SD INPRES BURUNGGOP,60302064,SD,Negeri,Kec. Manggelum,370212,Kab. Boven Digoel,370200,Prov. Papua Selatan,370000,6,1,72,6,3,0,0,67,30 Apr 2026 09:02:07,35029B76EE01828395AD
SD INPRES GAGUOP,60302066,SD,Negeri,Kec. Manggelum,370212,Kab. Boven Digoel,370200,Prov. Papua Selatan,370000,0,1,93,6,6,0,0,12,14 Apr 2026 20:59:37,DFC0B7815040C8612A83
SD YPPGI MANGGELUM,60302098,SD,Swasta,Kec. Manggelum,370212,Kab. Boven Digoel,370200,Prov. Papua Selatan,370000,3,1,156,7,6,0,0,36,30 Apr 2026 08:38:01,F3348D1DAC05AD477B81
SD YPPGI KAWAGIT,60302095,SD,Swasta,Kec. Kouh,370204,Kab. Boven Digoel,370200,Prov. Papua Selatan,370000,3,1,68,6,6,0,1,41,28 Apr 2026 20:02:22,A31EDDFE68CA1281669A
SD YPPGI KOUH,60302097,SD,Swasta,Kec. Kouh,370204,Kab. Boven Digoel,370200,Prov. Papua Selatan,370000,4,1,259,9,8,0,1,39,20 Apr 2026 19:47:35,A74674B4DC806B527D92
SMP YPPGI KOUH,60302146,SMP,Swasta,Kec. Kouh,370204,Kab. Boven Digoel,370200,Prov. Papua Selatan,370000,5,1,44,3,10,1,1,31,25 Apr 2026 17:48:46,9092747E550195A3F196
SD NEGERI PERSIAPAN TIMKA,69946400,SD,Negeri,Kec. Ninati,370217,Kab. Boven Digoel,370200,Prov. Papua Selatan,370000,6,2,40,6,3,0,0,93,19 Apr 2026 01:46:06,FE6F4CAF4BF7BA032525
SD YPPK UPYETETKO,60302131,SD,Swasta,Kec. Ninati,370217,Kab. Boven Digoel,370200,Prov. Papua Selatan,370000,4,1,73,6,6,0,1,51,01 May 2026 14:18:19,D6FF56F1C24D7D30640F
SD INPRES SESNUK,60302073,SD,Negeri,Kec. Sesnuk,370218,Kab. Boven Digoel,370200,Prov. Papua Selatan,370000,8,1,32,6,6,0,1,38,01 May 2026 14:08:18,6E63A9084ED392627265
SD NEGERI MENEWA,69946398,SD,Negeri,Kec. Sesnuk,370218,Kab. Boven Digoel,370200,Prov. Papua Selatan,370000,1,1,149,7,4,0,0,22,01 May 2026 23:18:27,1ED7360F935996C41B7C
SD YPPK ANGGAMBURAN,60302104,SD,Swasta,Kec. Sesnuk,370218,Kab. Boven Digoel,370200,Prov. Papua Selatan,370000,3,1,33,6,3,1,1,26,02 May 2026 19:15:18,E9DCC00ACD0968D891AD
SD INPRES BIMOP,60302063,SD,Negeri,Kec. Kawagit,370220,Kab. Boven Digoel,370200,Prov. Papua Selatan,370000,7,3,183,6,6,0,0,21,26 Apr 2026 23:07:50,C48FD2B6DA805362BDBA
SD INPRES NIOP,60302071,SD,Negeri,Kec. Kawagit,370220,Kab. Boven Digoel,370200,Prov. Papua Selatan,370000,1,1,79,6,6,0,0,24,01 May 2026 13:30:05,0236357743C10411CC3C
