nama_sekolah,npsn,bentuk_pendidikan,status_sekolah,kecamatan,kode_kecamatan,kabupaten,kode_kabupaten,provinsi,kode_provinsi,jumlah_guru_ptk,jumlah_pegawai,jumlah_peserta_didik,jumlah_rombel,jumlah_ruang_kelas,jumlah_lab,jumlah_perpustakaan,jumlah_kirim_sinkron,sinkron_terakhir,sekolah_id_enkrip
UPT SD NEGERI BACEM 01 PONGGOK,20514735,SD,Negeri,Kec. Ponggok,051519,Kab. Blitar,051500,Prov. Jawa Timur,050000,7,1,42,6,5,0,1,38,21 Apr 2026 09:30:32,529CA9FCFE2400212EF7
UPT SD NEGERI BACEM 02,20514733,SD,Negeri,Kec. Ponggok,051519,Kab. Blitar,051500,Prov. Jawa Timur,050000,7,1,50,6,8,0,3,17,25 Apr 2026 08:24:31,AF4EFAFDC59CC8BF5EDC
UPT SD NEGERI BACEM 03,20514731,SD,Negeri,Kec. Ponggok,051519,Kab. Blitar,051500,Prov. Jawa Timur,050000,5,2,17,6,6,0,0,15,04 Mar 2026 16:04:28,DD88469532EA5EE92BB2
UPT SD NEGERI BACEM 04,20514729,SD,Negeri,Kec. Ponggok,051519,Kab. Blitar,051500,Prov. Jawa Timur,050000,7,3,57,6,6,0,1,21,27 Apr 2026 12:16:23,37B2724E9E5E5F3A1560
UPT SD NEGERI BENDO 01,20515116,SD,Negeri,Kec. Ponggok,051519,Kab. Blitar,051500,Prov. Jawa Timur,050000,14,1,254,13,12,0,1,22,09 Apr 2026 10:42:37,E054FEA0D3128660FCEB
UPT SD NEGERI BENDO 02,20515115,SD,Negeri,Kec. Ponggok,051519,Kab. Blitar,051500,Prov. Jawa Timur,050000,7,1,81,6,6,0,1,15,02 May 2026 11:46:25,722FCB85CD89ED7143A4
UPT SD NEGERI CANDIREJO 01,20515127,SD,Negeri,Kec. Ponggok,051519,Kab. Blitar,051500,Prov. Jawa Timur,050000,7,2,85,6,6,0,1,18,15 Apr 2026 13:48:13,6C5730046E1E2D2A9086
UPT SD NEGERI CANDIREJO 02,20515162,SD,Negeri,Kec. Ponggok,051519,Kab. Blitar,051500,Prov. Jawa Timur,050000,8,2,91,6,7,2,1,16,06 Apr 2026 08:30:09,8ADA5C2D7785B80561F4
UPT SD NEGERI CANDIREJO 03,20515057,SD,Negeri,Kec. Ponggok,051519,Kab. Blitar,051500,Prov. Jawa Timur,050000,9,2,147,6,6,2,1,8,06 Mar 2026 08:29:01,8EEB2060FE7449CC176C
UPT SD NEGERI CANDIREJO 04,20515177,SD,Negeri,Kec. Ponggok,051519,Kab. Blitar,051500,Prov. Jawa Timur,050000,7,2,81,6,6,1,1,11,04 Mar 2026 08:02:10,70CD33650AEE2B3EF645
UPT SD NEGERI DADAPLANGU 01,20515176,SD,Negeri,Kec. Ponggok,051519,Kab. Blitar,051500,Prov. Jawa Timur,050000,8,2,61,6,6,1,1,12,07 Apr 2026 07:34:37,E69E2DD12C0C603ABEB1
UPT SD NEGERI DADAPLANGU 02,20515175,SD,Negeri,Kec. Ponggok,051519,Kab. Blitar,051500,Prov. Jawa Timur,050000,6,2,77,6,6,0,1,19,12 Apr 2026 19:41:09,511CD7E022DB7F857A41
UPT SD NEGERI DADAPLANGU 03,20515174,SD,Negeri,Kec. Ponggok,051519,Kab. Blitar,051500,Prov. Jawa Timur,050000,8,1,30,6,6,0,0,14,09 Apr 2026 10:21:21,B2F509D37EEDE17A6171
UPT SD NEGERI GEMBONGAN 01,20515139,SD,Negeri,Kec. Ponggok,051519,Kab. Blitar,051500,Prov. Jawa Timur,050000,7,2,24,6,6,0,0,7,04 Mar 2026 12:23:18,AD3321925F6EAB3C2394
UPT SD NEGERI GEMBONGAN 02,20515138,SD,Negeri,Kec. Ponggok,051519,Kab. Blitar,051500,Prov. Jawa Timur,050000,10,3,131,6,7,0,1,14,29 Apr 2026 11:29:47,4E18BA8BB632650E143B
UPT SD NEGERI GEMBONGAN 03,20515137,SD,Negeri,Kec. Ponggok,051519,Kab. Blitar,051500,Prov. Jawa Timur,050000,6,2,56,6,6,1,1,12,02 Apr 2026 11:47:28,667CE809F496A05CF6DA
UPT SD NEGERI GEMBONGAN 04,20515136,SD,Negeri,Kec. Ponggok,051519,Kab. Blitar,051500,Prov. Jawa Timur,050000,8,2,89,6,8,1,1,8,04 Mar 2026 12:04:33,D239FF357497E783A51C
UPT SD NEGERI GEMBONGAN 05,20515135,SD,Negeri,Kec. Ponggok,051519,Kab. Blitar,051500,Prov. Jawa Timur,050000,8,1,68,6,6,0,0,21,06 Mar 2026 13:15:23,ACC0E180754D44AD7AD7
UPT SD NEGERI GEMBONGAN 07,20515133,SD,Negeri,Kec. Ponggok,051519,Kab. Blitar,051500,Prov. Jawa Timur,050000,6,1,97,6,6,0,1,11,02 Apr 2026 12:37:56,B2494017FB6617FACE8C
UPT SD NEGERI JATILENGGER 01,20514983,SD,Negeri,Kec. Ponggok,051519,Kab. Blitar,051500,Prov. Jawa Timur,050000,7,1,53,6,6,0,1,21,08 Apr 2026 20:57:53,D91B466E4E6915386730
UPT SD NEGERI JATILENGGER 02,20514965,SD,Negeri,Kec. Ponggok,051519,Kab. Blitar,051500,Prov. Jawa Timur,050000,8,1,147,6,6,1,1,12,19 Apr 2026 19:21:13,E737DFBDFBD97FE7CCBE
UPT SD NEGERI KARANGBENDO 01,20514939,SD,Negeri,Kec. Ponggok,051519,Kab. Blitar,051500,Prov. Jawa Timur,050000,8,2,72,6,7,0,0,9,23 Apr 2026 20:38:20,3CB10B8705BE05DD0AA5
UPT SD NEGERI KARANGBENDO 02,20514938,SD,Negeri,Kec. Ponggok,051519,Kab. Blitar,051500,Prov. Jawa Timur,050000,5,2,69,6,6,0,1,6,24 Apr 2026 09:00:59,95FE1763F2B318957255
UPT SD NEGERI KARANGBENDO 03,20552210,SD,Negeri,Kec. Ponggok,051519,Kab. Blitar,051500,Prov. Jawa Timur,050000,3,3,30,6,6,0,1,13,05 Mar 2026 09:14:57,08F93138DEDD11795CED
UPT SD NEGERI KARANGBENDO 04,20514940,SD,Negeri,Kec. Ponggok,051519,Kab. Blitar,051500,Prov. Jawa Timur,050000,8,2,82,6,6,0,1,41,03 Mar 2026 23:12:29,A2C3511A1F8159217BAD
UPT SD NEGERI KAWEDUSAN 01,20515026,SD,Negeri,Kec. Ponggok,051519,Kab. Blitar,051500,Prov. Jawa Timur,050000,7,3,65,6,6,0,1,5,11 Mar 2026 11:19:25,E62ECA30C255A4348E0B
UPT SD NEGERI KAWEDUSAN 02,20515025,SD,Negeri,Kec. Ponggok,051519,Kab. Blitar,051500,Prov. Jawa Timur,050000,8,1,40,6,6,0,1,13,09 Mar 2026 11:51:47,8F5FA818F9F3D86AD548
UPT SD NEGERI KEBONDUREN 01,20515054,SD,Negeri,Kec. Ponggok,051519,Kab. Blitar,051500,Prov. Jawa Timur,050000,12,2,190,10,12,1,1,15,12 Apr 2026 00:12:07,C4B980624485F82DF880
UPT SD NEGERI KEBONDUREN 02,20515053,SD,Negeri,Kec. Ponggok,051519,Kab. Blitar,051500,Prov. Jawa Timur,050000,7,3,70,6,6,0,1,17,13 Apr 2026 08:05:08,458A6C2C5E62046BBB47
UPT SD NEGERI KEBONDUREN 03,20515052,SD,Negeri,Kec. Ponggok,051519,Kab. Blitar,051500,Prov. Jawa Timur,050000,7,2,71,6,6,0,1,15,24 Apr 2026 19:36:19,7493EE8F07A2D4443811
UPT SD NEGERI LANGON 01,20514266,SD,Negeri,Kec. Ponggok,051519,Kab. Blitar,051500,Prov. Jawa Timur,050000,7,3,66,6,6,0,1,17,31 Mar 2026 19:30:22,6A62E39F3E459FE47A6D
UPT SD NEGERI LANGON 02,20514248,SD,Negeri,Kec. Ponggok,051519,Kab. Blitar,051500,Prov. Jawa Timur,050000,6,2,74,6,6,0,1,15,09 Apr 2026 22:23:00,ABF339FF2B2201CA3CBA
UPT SD NEGERI MALIRAN 01,20514245,SD,Negeri,Kec. Ponggok,051519,Kab. Blitar,051500,Prov. Jawa Timur,050000,8,1,53,6,6,0,0,7,04 Apr 2026 18:09:35,66913DCDF2AB1716FF8B
UPT SD NEGERI MALIRAN 02,20514244,SD,Negeri,Kec. Ponggok,051519,Kab. Blitar,051500,Prov. Jawa Timur,050000,8,2,36,6,6,0,0,57,02 Apr 2026 13:22:12,01F75F90469C8DE9D4B4
UPT SD NEGERI MALIRAN 03,20514243,SD,Negeri,Kec. Ponggok,051519,Kab. Blitar,051500,Prov. Jawa Timur,050000,7,1,69,6,7,0,0,15,04 Mar 2026 19:03:38,48E7FA6CA69BEE7A3F78
UPT SD NEGERI POJOK 01,20514100,SD,Negeri,Kec. Ponggok,051519,Kab. Blitar,051500,Prov. Jawa Timur,050000,7,2,24,6,6,0,0,13,09 Apr 2026 10:08:36,B84A56367FC3C7AECF53
UPT SD NEGERI POJOK 02,20514099,SD,Negeri,Kec. Ponggok,051519,Kab. Blitar,051500,Prov. Jawa Timur,050000,7,1,53,6,6,0,0,17,03 Mar 2026 09:03:20,6C5E269F687A7B727EC0
UPT SD NEGERI PONGGOK 01,20514095,SD,Negeri,Kec. Ponggok,051519,Kab. Blitar,051500,Prov. Jawa Timur,050000,10,1,155,7,7,0,1,9,06 Feb 2026 07:15:02,2C9716A8C11CF6EDC9D8
UPT SD NEGERI PONGGOK 02,20514094,SD,Negeri,Kec. Ponggok,051519,Kab. Blitar,051500,Prov. Jawa Timur,050000,5,2,55,6,6,0,1,15,07 Apr 2026 09:30:31,F8D42DF607CF8B8038D6
UPT SD NEGERI PONGGOK 03,20514093,SD,Negeri,Kec. Ponggok,051519,Kab. Blitar,051500,Prov. Jawa Timur,050000,8,2,153,7,7,0,1,13,06 Apr 2026 08:33:29,080C8E005089C8B317A9
UPT SD NEGERI PONGGOK 04,20514092,SD,Negeri,Kec. Ponggok,051519,Kab. Blitar,051500,Prov. Jawa Timur,050000,6,2,136,6,12,0,1,9,04 Apr 2026 14:12:30,29562A18C9C6B37F271E
UPT SD NEGERI PONGGOK 05,20514107,SD,Negeri,Kec. Ponggok,051519,Kab. Blitar,051500,Prov. Jawa Timur,050000,4,2,17,6,6,0,1,30,24 Apr 2026 11:02:40,628808D06688430164EA
UPT SD NEGERI RINGINANYAR 01,20514063,SD,Negeri,Kec. Ponggok,051519,Kab. Blitar,051500,Prov. Jawa Timur,050000,8,0,101,6,6,0,0,19,13 Apr 2026 12:39:45,EF866EE52FDA964502BC
UPT SD NEGERI RINGINANYAR 02,20514073,SD,Negeri,Kec. Ponggok,051519,Kab. Blitar,051500,Prov. Jawa Timur,050000,7,2,100,6,6,0,1,27,30 Apr 2026 06:46:55,369D8CB4F5519F336045
UPT SD NEGERI SIDOREJO 01,20554573,SD,Negeri,Kec. Ponggok,051519,Kab. Blitar,051500,Prov. Jawa Timur,050000,8,1,37,6,6,0,0,9,24 Apr 2026 07:05:15,B7FF8D1FBDD170D6CD6C
UPT SD NEGERI SIDOREJO 02,20514162,SD,Negeri,Kec. Ponggok,051519,Kab. Blitar,051500,Prov. Jawa Timur,050000,9,1,93,6,8,0,1,8,06 Apr 2026 08:45:27,274AFCB9BB8D01743B88
UPT SD NEGERI SIDOREJO 03,20514143,SD,Negeri,Kec. Ponggok,051519,Kab. Blitar,051500,Prov. Jawa Timur,050000,7,2,124,6,6,0,1,10,13 Apr 2026 04:53:55,951602B9DDEABC962930
UPT SD NEGERI SIDOREJO 04,20514142,SD,Negeri,Kec. Ponggok,051519,Kab. Blitar,051500,Prov. Jawa Timur,050000,8,1,36,6,6,0,1,7,31 Jan 2026 07:11:48,8C082EDF110135D66589
UPT SD NEGERI SIDOREJO 05,20514141,SD,Negeri,Kec. Ponggok,051519,Kab. Blitar,051500,Prov. Jawa Timur,050000,9,3,248,9,11,0,1,14,29 Apr 2026 02:02:36,8E2543D96F6D1BB1EF70
UPT SD NEGERI SIDOREJO 06,20514140,SD,Negeri,Kec. Ponggok,051519,Kab. Blitar,051500,Prov. Jawa Timur,050000,6,1,28,6,6,0,1,6,31 Jan 2026 13:36:09,A25DD012C4801B61E5AD
SD ISLAM TERPADU AL KAUTSAR KEBONDUREN,20567070,SD,Swasta,Kec. Ponggok,051519,Kab. Blitar,051500,Prov. Jawa Timur,050000,8,2,131,7,7,3,1,9,13 Apr 2026 09:09:26,C184035A5FB712CFF45C
SDIT AL KHUSNA SIDOREJO,20570576,SD,Swasta,Kec. Ponggok,051519,Kab. Blitar,051500,Prov. Jawa Timur,050000,6,1,37,6,6,0,1,16,12 Apr 2026 19:54:37,645BBD569A774C656088
SDIT AMANATUL UMMAH,69965066,SD,Swasta,Kec. Ponggok,051519,Kab. Blitar,051500,Prov. Jawa Timur,050000,3,3,11,5,6,0,0,6,07 Apr 2026 09:49:18,14CEA87D6897A54B383D
UPT SMP NEGERI 1 PONGGOK,20514420,SMP,Negeri,Kec. Ponggok,051519,Kab. Blitar,051500,Prov. Jawa Timur,050000,47,10,881,28,28,2,1,40,27 Apr 2026 09:40:02,10FEC2F8C9C178CE692E
UPT SMP NEGERI 2 PONGGOK,20514435,SMP,Negeri,Kec. Ponggok,051519,Kab. Blitar,051500,Prov. Jawa Timur,050000,44,8,872,28,28,2,1,38,28 Apr 2026 12:36:54,B0D5AF570C0D1C45C0ED
UPT SMP NEGERI 3 PONGGOK,20514425,SMP,Negeri,Kec. Ponggok,051519,Kab. Blitar,051500,Prov. Jawa Timur,050000,23,6,403,14,19,5,2,36,30 Apr 2026 08:15:15,EF3BFF06774B95E3D7BC
SMP ISLAM AL IRSYADIYAH,70002684,SMP,Swasta,Kec. Ponggok,051519,Kab. Blitar,051500,Prov. Jawa Timur,050000,3,1,68,3,3,1,1,10,03 Apr 2026 09:19:36,723691FF439B52E97777
SMP ISLAM TERPADU I`ANATHUT THOLIBIN,70010569,SMP,Swasta,Kec. Ponggok,051519,Kab. Blitar,051500,Prov. Jawa Timur,050000,10,2,81,4,6,1,1,30,23 Apr 2026 10:43:53,C7B3C863FCE0183DEBA3
SMP PGRI 1 PONGGOK,20514460,SMP,Swasta,Kec. Ponggok,051519,Kab. Blitar,051500,Prov. Jawa Timur,050000,3,1,22,3,3,1,1,10,04 Apr 2026 19:49:12,F330CCD4A30051419FC2
SMP PGRI 2 PONGGOK,20514458,SMP,Swasta,Kec. Ponggok,051519,Kab. Blitar,051500,Prov. Jawa Timur,050000,7,1,36,3,3,2,1,8,25 Apr 2026 11:15:01,930BD720067823D132B1
SMPIQU Al-Bahjah Bacem Ponggok Blitar,70026649,SMP,Swasta,Kec. Ponggok,051519,Kab. Blitar,051500,Prov. Jawa Timur,050000,10,2,111,5,5,2,1,43,27 Apr 2026 07:56:53,84227D7EEFAB00BA529E
SMAN 1 PONGGOK,20514348,SMA,Negeri,Kec. Ponggok,051519,Kab. Blitar,051500,Prov. Jawa Timur,050000,47,12,1012,30,29,6,2,22,27 Apr 2026 11:00:24,27C55AD15104C601B0B9
SMAIQu Al-Bahjah Blitar,70062069,SMA,Swasta,Kec. Ponggok,051519,Kab. Blitar,051500,Prov. Jawa Timur,050000,0,0,0,0,0,0,0,0,,CFBE7FA7C9FAD2DA90AD
SMK AL KHUSNA,69937557,SMK,Swasta,Kec. Ponggok,051519,Kab. Blitar,051500,Prov. Jawa Timur,050000,9,2,48,6,3,1,1,13,07 Mar 2026 04:13:23,DEBBC05B92808F169974
UPT SD NEGERI BUTUN 01,20515077,SD,Negeri,Kec. Gandusari,051515,Kab. Blitar,051500,Prov. Jawa Timur,050000,7,2,41,6,6,0,1,15,14 Apr 2026 23:49:14,07F7B059B0DB50888A7E
UPT SD NEGERI BUTUN 02,20515076,SD,Negeri,Kec. Gandusari,051515,Kab. Blitar,051500,Prov. Jawa Timur,050000,8,1,62,6,7,0,0,18,02 May 2026 08:50:51,C1C7BDA165AC6466858B
UPT SD NEGERI BUTUN 03,20515075,SD,Negeri,Kec. Gandusari,051515,Kab. Blitar,051500,Prov. Jawa Timur,050000,4,1,24,6,6,0,1,6,09 Mar 2026 11:23:45,4AEF2F7A39289D02CC4D
UPT SD NEGERI GADUNGAN 01,20515194,SD,Negeri,Kec. Gandusari,051515,Kab. Blitar,051500,Prov. Jawa Timur,050000,8,2,103,6,6,0,0,7,03 Mar 2026 10:49:47,062AE969003F29E2E927
UPT SD NEGERI GADUNGAN 02,20515195,SD,Negeri,Kec. Gandusari,051515,Kab. Blitar,051500,Prov. Jawa Timur,050000,8,1,153,6,6,0,1,11,04 Apr 2026 10:45:01,76D78D40E51D6E441842
UPT SD NEGERI GADUNGAN 03,20515188,SD,Negeri,Kec. Gandusari,051515,Kab. Blitar,051500,Prov. Jawa Timur,050000,5,1,30,6,5,0,0,6,02 Mar 2026 11:22:02,1487452DAEB907B97C23
UPT SD NEGERI GADUNGAN 05,20515186,SD,Negeri,Kec. Gandusari,051515,Kab. Blitar,051500,Prov. Jawa Timur,050000,7,2,105,6,6,0,0,10,05 Mar 2026 09:00:33,BB1CA9DFC62F07CD4E1F
UPT SD NEGERI GANDUSARI 01,20515182,SD,Negeri,Kec. Gandusari,051515,Kab. Blitar,051500,Prov. Jawa Timur,050000,6,2,115,6,6,0,1,16,07 Apr 2026 19:48:46,FFF771740F9573FE8359
UPT SD NEGERI GANDUSARI 02,20515181,SD,Negeri,Kec. Gandusari,051515,Kab. Blitar,051500,Prov. Jawa Timur,050000,8,2,113,6,6,0,1,10,14 Apr 2026 15:57:03,18CB020AD3B6E25F095C
UPT SD NEGERI GONDANG,20515160,SD,Negeri,Kec. Gandusari,051515,Kab. Blitar,051500,Prov. Jawa Timur,050000,8,1,162,6,8,0,1,13,28 Feb 2026 09:48:03,49F628EF746F79697F58
UPT SD NEGERI KOTES 01,20515015,SD,Negeri,Kec. Gandusari,051515,Kab. Blitar,051500,Prov. Jawa Timur,050000,7,1,61,6,6,0,1,12,23 Apr 2026 09:05:24,16096EB69DB3D32000DE
UPT SD NEGERI KRISIK 01,20515011,SD,Negeri,Kec. Gandusari,051515,Kab. Blitar,051500,Prov. Jawa Timur,050000,8,2,151,6,6,0,0,20,30 Apr 2026 12:44:20,B3D3929DB272C4035EC5
UPT SD NEGERI KRISIK 02,20515010,SD,Negeri,Kec. Gandusari,051515,Kab. Blitar,051500,Prov. Jawa Timur,050000,9,1,89,6,7,0,1,9,11 Feb 2026 15:43:12,70B400C64A0696A00879
UPT SD NEGERI KRISIK 03,20515009,SD,Negeri,Kec. Gandusari,051515,Kab. Blitar,051500,Prov. Jawa Timur,050000,9,1,116,6,7,0,1,12,09 Apr 2026 08:28:05,DD98E95E9C1141CB1278
UPT SD NEGERI KRISIK 04,20515008,SD,Negeri,Kec. Gandusari,051515,Kab. Blitar,051500,Prov. Jawa Timur,050000,8,2,135,7,7,0,0,14,30 Apr 2026 07:59:56,47E7CA3AB82AA0262C15
UPT SD NEGERI NGARINGAN 02,20514198,SD,Negeri,Kec. Gandusari,051515,Kab. Blitar,051500,Prov. Jawa Timur,050000,2,1,11,6,5,0,0,7,29 Apr 2026 18:14:56,326AB70F8896FEBEBDA7
UPT SD NEGERI NGARINGAN 03,20514213,SD,Negeri,Kec. Gandusari,051515,Kab. Blitar,051500,Prov. Jawa Timur,050000,12,4,210,9,9,1,1,13,30 Apr 2026 07:52:24,B8050136C706B054C19C
UPT SD NEGERI NGARINGAN 04,20514214,SD,Negeri,Kec. Gandusari,051515,Kab. Blitar,051500,Prov. Jawa Timur,050000,8,2,57,6,6,0,1,9,05 Mar 2026 07:40:15,1C390F35092D8DCBB89C
UPT SD NEGERI NGARINGAN 05,20514230,SD,Negeri,Kec. Gandusari,051515,Kab. Blitar,051500,Prov. Jawa Timur,050000,9,3,113,6,7,0,0,4,20 Apr 2026 08:34:11,D906CF07CAE67B79726D
UPT SD NEGERI SEMEN 01,20514166,SD,Negeri,Kec. Gandusari,051515,Kab. Blitar,051500,Prov. Jawa Timur,050000,9,1,164,7,7,1,1,14,09 Mar 2026 07:32:57,A94C28451FD39CA2DE1F
UPT SD NEGERI SEMEN 02,20514165,SD,Negeri,Kec. Gandusari,051515,Kab. Blitar,051500,Prov. Jawa Timur,050000,8,3,131,6,6,0,1,27,28 Apr 2026 11:16:05,AEA9FA54A4CCDFE2EEB9
UPT SD NEGERI SEMEN 04,20514163,SD,Negeri,Kec. Gandusari,051515,Kab. Blitar,051500,Prov. Jawa Timur,050000,6,1,70,6,6,0,1,17,03 Apr 2026 21:35:28,CC8E5AE10B0ECB5007F3
UPT SD NEGERI SEMEN 05,20514178,SD,Negeri,Kec. Gandusari,051515,Kab. Blitar,051500,Prov. Jawa Timur,050000,6,2,98,6,6,0,1,5,22 Jan 2026 11:34:09,C8FD1FD1DC01E3AF8795
UPT SD NEGERI SLUMBUNG 01,20514144,SD,Negeri,Kec. Gandusari,051515,Kab. Blitar,051500,Prov. Jawa Timur,050000,7,2,59,6,6,1,1,10,14 Feb 2026 09:09:23,070B0FC7375236EF2628
UPT SD NEGERI SLUMBUNG 02,20514145,SD,Negeri,Kec. Gandusari,051515,Kab. Blitar,051500,Prov. Jawa Timur,050000,6,2,104,6,6,0,1,13,26 Apr 2026 09:17:01,14321C44CF97D0F5BA3D
UPT SD NEGERI SLUMBUNG 03,20514160,SD,Negeri,Kec. Gandusari,051515,Kab. Blitar,051500,Prov. Jawa Timur,050000,4,1,14,5,6,0,1,8,06 Apr 2026 11:52:19,16029D15118274358C29
UPT SD NEGERI SOSO 02,20514158,SD,Negeri,Kec. Gandusari,051515,Kab. Blitar,051500,Prov. Jawa Timur,050000,5,2,83,6,6,0,0,8,15 Apr 2026 12:33:09,A82BF4320F68676E4AB6
UPT SD NEGERI SOSO 03,20514157,SD,Negeri,Kec. Gandusari,051515,Kab. Blitar,051500,Prov. Jawa Timur,050000,7,2,112,6,6,0,1,20,24 Apr 2026 09:51:54,2D0CDAB11222B50781CE
UPT SD NEGERI SUKOSEWU 01,20514533,SD,Negeri,Kec. Gandusari,051515,Kab. Blitar,051500,Prov. Jawa Timur,050000,7,2,101,6,6,0,1,17,24 Apr 2026 08:24:23,DC6C31C73716205EAF16
UPT SD NEGERI SUKOSEWU 03,20514531,SD,Negeri,Kec. Gandusari,051515,Kab. Blitar,051500,Prov. Jawa Timur,050000,8,2,112,6,5,0,1,14,09 Apr 2026 12:32:03,ACC3CE2D82D15A279873
UPT SD NEGERI SUKOSEWU 04,20514530,SD,Negeri,Kec. Gandusari,051515,Kab. Blitar,051500,Prov. Jawa Timur,050000,9,1,193,8,9,0,1,18,02 Apr 2026 19:04:49,97551549AA6FD9DA18A3
UPT SD NEGERI SUMBERAGUNG 01,20551742,SD,Negeri,Kec. Gandusari,051515,Kab. Blitar,051500,Prov. Jawa Timur,050000,8,3,104,6,9,0,1,18,22 Apr 2026 10:59:51,C980CF8804F7BFDC7139
UPT SD NEGERI SUMBERAGUNG 02,20514552,SD,Negeri,Kec. Gandusari,051515,Kab. Blitar,051500,Prov. Jawa Timur,050000,8,1,96,6,6,0,1,17,19 Apr 2026 07:22:42,CBF626280F62A2479ABE
UPT SD NEGERI SUMBERAGUNG 03,20551683,SD,Negeri,Kec. Gandusari,051515,Kab. Blitar,051500,Prov. Jawa Timur,050000,7,1,90,6,10,0,1,14,03 Apr 2026 11:28:06,CCA6D9F5818B404E1CCB
UPT SD NEGERI TAMBAKAN 01,20514608,SD,Negeri,Kec. Gandusari,051515,Kab. Blitar,051500,Prov. Jawa Timur,050000,6,1,134,6,6,1,1,12,03 Mar 2026 11:05:52,7A4750FE0988B05B04CB
UPT SD NEGERI TAMBAKAN 02,20514607,SD,Negeri,Kec. Gandusari,051515,Kab. Blitar,051500,Prov. Jawa Timur,050000,7,3,44,6,6,0,0,25,22 Apr 2026 11:11:34,35D859A7F408B5373B22
UPT SD NEGERI TULUNGREJO 01,20514598,SD,Negeri,Kec. Gandusari,051515,Kab. Blitar,051500,Prov. Jawa Timur,050000,8,2,139,7,7,1,1,15,03 Mar 2026 20:34:05,8D32DB1AE7EF3163B163
UPT SD NEGERI TULUNGREJO 02,20514597,SD,Negeri,Kec. Gandusari,051515,Kab. Blitar,051500,Prov. Jawa Timur,050000,5,1,20,5,4,0,0,8,04 Mar 2026 11:14:36,0BB8B96EE3DFF8BC23D4
UPT SD NEGERI TULUNGREJO 03,20514594,SD,Negeri,Kec. Gandusari,051515,Kab. Blitar,051500,Prov. Jawa Timur,050000,6,1,84,6,6,0,0,16,05 Apr 2026 16:55:52,86F572FF44E84603FFE6
SD ISLAM TERPADU AL-FIRDAUS,70010151,SD,Swasta,Kec. Gandusari,051515,Kab. Blitar,051500,Prov. Jawa Timur,050000,5,1,66,6,6,0,0,17,28 Apr 2026 12:29:29,56A793C875CFBC96A593
UPT SMP NEGERI 1 GANDUSARI,20514472,SMP,Negeri,Kec. Gandusari,051515,Kab. Blitar,051500,Prov. Jawa Timur,050000,44,10,934,30,30,2,1,71,29 Apr 2026 09:02:16,F75A6DFEE06254B086F8
UPT SMP NEGERI 2 GANDUSARI,20551720,SMP,Negeri,Kec. Gandusari,051515,Kab. Blitar,051500,Prov. Jawa Timur,050000,52,5,918,30,28,6,1,52,27 Apr 2026 10:44:14,6648E5A1C2A37D347D6A
SMP MAMBAUL HISAN,69899755,SMP,Swasta,Kec. Gandusari,051515,Kab. Blitar,051500,Prov. Jawa Timur,050000,22,2,479,16,21,1,1,16,21 Apr 2026 10:05:36,EE93C91305E088452E52
SMP PGRI GANDUSARI,20551743,SMP,Swasta,Kec. Gandusari,051515,Kab. Blitar,051500,Prov. Jawa Timur,050000,3,1,35,3,3,1,1,5,22 Jan 2026 16:02:11,DCFE6C39023FA6E49E27
SMKS MAMBAUL HISAN,20568434,SMK,Swasta,Kec. Gandusari,051515,Kab. Blitar,051500,Prov. Jawa Timur,050000,16,3,153,6,5,0,0,28,28 Apr 2026 18:49:21,2D19CC934C229B402BD4
UPT SD NEGERI BENDOSARI 01,20554589,SD,Negeri,Kec. Kademangan,051507,Kab. Blitar,051500,Prov. Jawa Timur,050000,8,1,103,6,6,1,1,46,06 Apr 2026 17:49:52,04E8F302342025221C41
UPT SD NEGERI BENDOSARI 02,20554590,SD,Negeri,Kec. Kademangan,051507,Kab. Blitar,051500,Prov. Jawa Timur,050000,5,1,70,6,6,0,1,14,06 Apr 2026 12:13:00,D09D90596947B0BA5159
UPT SD NEGERI DARUNGAN 01,20515171,SD,Negeri,Kec. Kademangan,051507,Kab. Blitar,051500,Prov. Jawa Timur,050000,7,2,111,6,6,0,1,26,06 Apr 2026 11:59:35,1A267950012B76DE1680
UPT SD NEGERI DARUNGAN 02,20515170,SD,Negeri,Kec. Kademangan,051507,Kab. Blitar,051500,Prov. Jawa Timur,050000,7,2,41,6,6,0,0,15,04 Mar 2026 16:35:51,134C9173EB69C02D9C62
UPT SD NEGERI DAWUHAN 01,20515169,SD,Negeri,Kec. Kademangan,051507,Kab. Blitar,051500,Prov. Jawa Timur,050000,7,1,115,6,6,0,0,19,24 Apr 2026 10:04:33,128C1ED1F260086D0747
UPT SD NEGERI DAWUHAN 04,20515166,SD,Negeri,Kec. Kademangan,051507,Kab. Blitar,051500,Prov. Jawa Timur,050000,10,0,134,7,8,0,1,52,20 Apr 2026 11:56:52,FAEE9307318D866441BC
UPT SD NEGERI JIMBE 02,20514953,SD,Negeri,Kec. Kademangan,051507,Kab. Blitar,051500,Prov. Jawa Timur,050000,6,1,30,6,6,0,0,22,08 Apr 2026 08:57:43,67CBE4075FADCA636D7D
UPT SD NEGERI JIMBE 03,20514952,SD,Negeri,Kec. Kademangan,051507,Kab. Blitar,051500,Prov. Jawa Timur,050000,7,3,85,6,6,0,1,19,01 Apr 2026 05:56:55,D233F46836EB98384B60
UPT SD NEGERI KADEMANGAN 01,20514975,SD,Negeri,Kec. Kademangan,051507,Kab. Blitar,051500,Prov. Jawa Timur,050000,18,2,293,14,14,1,2,27,01 Apr 2026 05:32:21,262D9D23E568497FE3A8
UPT SD NEGERI KADEMANGAN 05,20514972,SD,Negeri,Kec. Kademangan,051507,Kab. Blitar,051500,Prov. Jawa Timur,050000,15,3,248,12,12,0,1,16,28 Apr 2026 07:39:37,AF89598DA6A327B3EEB1
UPT SD NEGERI KEBONSARI 01,20515051,SD,Negeri,Kec. Kademangan,051507,Kab. Blitar,051500,Prov. Jawa Timur,050000,8,1,101,6,6,0,1,13,30 Mar 2026 13:46:14,F1F0C8E6838F550C79A9
UPT SD NEGERI KEBONSARI 02,20515050,SD,Negeri,Kec. Kademangan,051507,Kab. Blitar,051500,Prov. Jawa Timur,050000,6,1,33,6,6,0,1,21,10 Apr 2026 13:30:24,68913A0A9F0B261CFAC2
UPT SD NEGERI MARON 02,20514249,SD,Negeri,Kec. Kademangan,051507,Kab. Blitar,051500,Prov. Jawa Timur,050000,2,0,0,0,0,0,0,0,,7CE741E9C5E8BB659CA3
UPT SD NEGERI MARON 04,20514250,SD,Negeri,Kec. Kademangan,051507,Kab. Blitar,051500,Prov. Jawa Timur,050000,8,1,113,6,12,0,1,16,02 May 2026 12:14:46,CE03F87D96BF0A589F4F
UPT SD NEGERI MARON 05,20514265,SD,Negeri,Kec. Kademangan,051507,Kab. Blitar,051500,Prov. Jawa Timur,050000,9,2,62,6,6,0,0,32,08 Apr 2026 12:48:35,732AE257B9BBB7C9E64D
UPT SD NEGERI PAKISAJI 01,20514334,SD,Negeri,Kec. Kademangan,051507,Kab. Blitar,051500,Prov. Jawa Timur,050000,7,2,43,6,6,0,1,16,10 Apr 2026 17:52:04,A57BE33853A377F904AD
UPT SD NEGERI PAKISAJI 02,20514332,SD,Negeri,Kec. Kademangan,051507,Kab. Blitar,051500,Prov. Jawa Timur,050000,7,2,77,6,6,0,0,8,04 Mar 2026 07:48:20,0C2916E81D12D58E9BE5
UPT SD NEGERI PANGGUNGDUWET 01,20514323,SD,Negeri,Kec. Kademangan,051507,Kab. Blitar,051500,Prov. Jawa Timur,050000,8,1,95,6,6,0,1,27,06 Apr 2026 10:14:35,C1BC510C0F8A302C050A
UPT SD NEGERI PANGGUNGDUWET 02,20514322,SD,Negeri,Kec. Kademangan,051507,Kab. Blitar,051500,Prov. Jawa Timur,050000,8,2,52,6,6,0,0,19,29 Apr 2026 08:47:29,7BB7675BE2A1FCA44BB9
UPT SD NEGERI PANGGUNGDUWET 03,20514321,SD,Negeri,Kec. Kademangan,051507,Kab. Blitar,051500,Prov. Jawa Timur,050000,8,2,47,5,6,1,1,16,13 Apr 2026 06:48:01,D7A6DE58C76C12E260C3
UPT SD NEGERI PLOSOREJO 01,20514289,SD,Negeri,Kec. Kademangan,051507,Kab. Blitar,051500,Prov. Jawa Timur,050000,9,2,172,7,7,0,1,18,23 Apr 2026 07:32:47,C5CB3EF37D068049FCF0
UPT SD NEGERI PLOSOREJO 02,20514288,SD,Negeri,Kec. Kademangan,051507,Kab. Blitar,051500,Prov. Jawa Timur,050000,7,2,70,6,6,0,1,16,04 Apr 2026 11:23:21,C405E472D1E2A7685228
UPT SD NEGERI PLOSOREJO 03,20514287,SD,Negeri,Kec. Kademangan,051507,Kab. Blitar,051500,Prov. Jawa Timur,050000,6,2,32,6,6,0,0,12,28 Apr 2026 08:01:12,F067E45FFCCEC375B6E2
UPT SD NEGERI PLUMPUNGREJO 01,20514106,SD,Negeri,Kec. Kademangan,051507,Kab. Blitar,051500,Prov. Jawa Timur,050000,6,1,61,6,6,0,1,7,04 Mar 2026 07:58:00,50661BED3A411CF63D5D
UPT SD NEGERI PLUMPUNGREJO 02,20514105,SD,Negeri,Kec. Kademangan,051507,Kab. Blitar,051500,Prov. Jawa Timur,050000,7,1,73,6,6,0,1,21,28 Apr 2026 08:49:43,ACB1CC597C0C517ACD26
UPT SD NEGERI REJOWINANGUN 01,20514069,SD,Negeri,Kec. Kademangan,051507,Kab. Blitar,051500,Prov. Jawa Timur,050000,8,2,61,6,6,0,1,9,07 Apr 2026 15:25:31,682060352A4E7755473F
UPT SD NEGERI REJOWINANGUN 02,20514068,SD,Negeri,Kec. Kademangan,051507,Kab. Blitar,051500,Prov. Jawa Timur,050000,6,1,31,5,7,0,0,19,24 Apr 2026 08:09:12,A7130A09FF07B9354698
UPT SD NEGERI SUMBERJATI,20514492,SD,Negeri,Kec. Kademangan,051507,Kab. Blitar,051500,Prov. Jawa Timur,050000,6,2,67,6,6,1,1,32,02 May 2026 09:40:37,0CBA858193689B1DCAB0
UPT SD NEGERI SUMBERJO 01,20554663,SD,Negeri,Kec. Kademangan,051507,Kab. Blitar,051500,Prov. Jawa Timur,050000,8,1,127,7,7,1,1,10,02 Apr 2026 07:18:56,83D20CA5DC78F09CD172
UPT SD NEGERI SUMBERJO 02,20554664,SD,Negeri,Kec. Kademangan,051507,Kab. Blitar,051500,Prov. Jawa Timur,050000,9,1,31,6,6,0,1,28,06 Apr 2026 10:58:02,2940914B49E33F6B628D
UPT SD NEGERI SURUHWADANG 01,20514506,SD,Negeri,Kec. Kademangan,051507,Kab. Blitar,051500,Prov. Jawa Timur,050000,9,2,106,6,6,0,2,29,09 Mar 2026 10:47:30,970614A2FF6EC957A95E
UPT SD NEGERI SURUHWADANG 02,20514505,SD,Negeri,Kec. Kademangan,051507,Kab. Blitar,051500,Prov. Jawa Timur,050000,6,2,23,6,6,0,0,27,02 May 2026 07:24:22,93CC9E83B6A46FA04D8C
UPT SD NEGERI SURUHWADANG 03,20514487,SD,Negeri,Kec. Kademangan,051507,Kab. Blitar,051500,Prov. Jawa Timur,050000,8,2,76,6,6,0,0,19,02 May 2026 06:12:40,E48E0E17F6CD19071DD8
UPT SD NEGERI SURUHWADANG 04,20514556,SD,Negeri,Kec. Kademangan,051507,Kab. Blitar,051500,Prov. Jawa Timur,050000,8,2,103,6,6,0,1,19,14 Apr 2026 07:02:10,835014CD6CB18AE76AF4
SD ISLAM LUKMANUL HAKIM,20549297,SD,Swasta,Kec. Kademangan,051507,Kab. Blitar,051500,Prov. Jawa Timur,050000,25,3,444,19,19,2,1,12,22 Apr 2026 08:16:25,B02E55EB627738C0C800
SDI AISYIYAH SURUHWADANG,69966665,SD,Swasta,Kec. Kademangan,051507,Kab. Blitar,051500,Prov. Jawa Timur,050000,4,1,128,6,6,0,1,14,06 Apr 2026 09:19:23,FBC9EDBEA3886D9E859D
UPT SMP NEGERI 1 KADEMANGAN,20514470,SMP,Negeri,Kec. Kademangan,051507,Kab. Blitar,051500,Prov. Jawa Timur,050000,39,6,794,25,26,3,1,30,28 Apr 2026 10:45:20,63E66FA1EA9CB947C606
UPT SMP NEGERI 2 KADEMANGAN,20514438,SMP,Negeri,Kec. Kademangan,051507,Kab. Blitar,051500,Prov. Jawa Timur,050000,38,12,807,27,26,3,1,24,27 Apr 2026 09:34:54,3ED4AC1E639835E9914D
UPT SMP NEGERI 3 KADEMANGAN,20514427,SMP,Negeri,Kec. Kademangan,051507,Kab. Blitar,051500,Prov. Jawa Timur,050000,11,4,158,7,12,2,1,30,02 May 2026 14:40:00,4E1F7EE054ED96C4B1B8
SMP DARUSSALAM KADEMANGAN,20551744,SMP,Swasta,Kec. Kademangan,051507,Kab. Blitar,051500,Prov. Jawa Timur,050000,11,4,92,4,4,2,1,20,29 Apr 2026 11:41:30,FF9E0A276470ECEDD0B9
SMP ISLAM ANHARUL ULUM,69883266,SMP,Swasta,Kec. Kademangan,051507,Kab. Blitar,051500,Prov. Jawa Timur,050000,22,4,315,12,12,2,1,27,18 Apr 2026 20:32:37,A9FD37253FC989EBDB60
SMP ISLAM TERPADU NURUL AULIYA,70060795,SMP,Swasta,Kec. Kademangan,051507,Kab. Blitar,051500,Prov. Jawa Timur,050000,0,0,0,0,0,0,0,0,,1F89A98ECC937317425B
SMAN 1 KADEMANGAN,20514350,SMA,Negeri,Kec. Kademangan,051507,Kab. Blitar,051500,Prov. Jawa Timur,050000,49,9,1007,30,28,5,1,58,23 Apr 2026 07:49:49,107B6E9AB5B21331DED1
SMAS MANDIRI KADEMANGAN,20551745,SMA,Swasta,Kec. Kademangan,051507,Kab. Blitar,051500,Prov. Jawa Timur,050000,6,2,100,3,3,0,1,43,29 Apr 2026 10:59:02,47F0E12E98CCA726249E
SMKN 1 KADEMANGAN,20551747,SMK,Negeri,Kec. Kademangan,051507,Kab. Blitar,051500,Prov. Jawa Timur,050000,120,29,2367,70,50,4,1,50,30 Apr 2026 11:23:53,C8E6BCB01264A21B1CD8
SMK ISLAM ANHARUL ULUM,69952420,SMK,Swasta,Kec. Kademangan,051507,Kab. Blitar,051500,Prov. Jawa Timur,050000,21,2,200,10,10,1,1,35,29 Apr 2026 12:14:55,6A3E77441C20CCEA35D7
UPT SD NEGERI BANGGLE 01,20515092,SD,Negeri,Kec. Kanigoro,051508,Kab. Blitar,051500,Prov. Jawa Timur,050000,4,0,1,1,6,0,1,8,09 Apr 2026 16:42:00,5F0E69F9811DA9D67E74
UPT SD NEGERI BANGGLE 02,20515107,SD,Negeri,Kec. Kanigoro,051508,Kab. Blitar,051500,Prov. Jawa Timur,050000,8,2,121,6,10,0,2,15,16 Apr 2026 12:10:01,1E0B8C572455FAC64BC5
UPT SD NEGERI GAPRANG 01,20515180,SD,Negeri,Kec. Kanigoro,051508,Kab. Blitar,051500,Prov. Jawa Timur,050000,9,2,107,6,6,0,3,8,08 Apr 2026 13:27:52,ED1A1A0FD8ECF1BA5D77
UPT SD NEGERI GOGODESO 01,20515144,SD,Negeri,Kec. Kanigoro,051508,Kab. Blitar,051500,Prov. Jawa Timur,050000,9,1,164,6,8,0,1,18,14 Apr 2026 12:33:33,51E69293F577D5CC3006
UPT SD NEGERI GOGODESO 02,20515145,SD,Negeri,Kec. Kanigoro,051508,Kab. Blitar,051500,Prov. Jawa Timur,050000,7,2,84,6,8,0,1,5,04 Apr 2026 11:10:48,6543C958D2986CF6577E
UPT SD NEGERI JATINOM 01,20514964,SD,Negeri,Kec. Kanigoro,051508,Kab. Blitar,051500,Prov. Jawa Timur,050000,8,1,93,6,6,0,0,14,02 May 2026 11:16:02,73E3794EA27E7475B54A
UPT SD NEGERI JATINOM 03,20514962,SD,Negeri,Kec. Kanigoro,051508,Kab. Blitar,051500,Prov. Jawa Timur,050000,7,1,63,6,6,0,0,6,09 Apr 2026 09:52:25,C464AA41A5E804681F2B
UPT SD NEGERI KANIGORO 03,20514942,SD,Negeri,Kec. Kanigoro,051508,Kab. Blitar,051500,Prov. Jawa Timur,050000,14,3,339,14,14,0,1,15,22 Apr 2026 15:14:04,0DD5163357BA7E02897F
UPT SD NEGERI KANIGORO 04,20514941,SD,Negeri,Kec. Kanigoro,051508,Kab. Blitar,051500,Prov. Jawa Timur,050000,7,2,204,9,12,1,1,24,12 Apr 2026 16:55:01,4612F10C151F58A29C5A
UPT SD NEGERI KARANGSONO 01,20515032,SD,Negeri,Kec. Kanigoro,051508,Kab. Blitar,051500,Prov. Jawa Timur,050000,7,2,75,6,6,0,1,14,10 Apr 2026 09:22:54,DE2BC2040EEE32C33EA8
UPT SD NEGERI KARANGSONO 02,20515031,SD,Negeri,Kec. Kanigoro,051508,Kab. Blitar,051500,Prov. Jawa Timur,050000,6,2,67,6,6,0,1,14,01 Apr 2026 23:14:18,FBE7950AFBEDE2B43CE3
UPT SD NEGERI KUNINGAN,20515007,SD,Negeri,Kec. Kanigoro,051508,Kab. Blitar,051500,Prov. Jawa Timur,050000,5,1,17,6,6,0,0,8,30 Apr 2026 10:28:11,363FBFD342B9F4F7A257
UPT SD NEGERI MINGGIRSARI,20514264,SD,Negeri,Kec. Kanigoro,051508,Kab. Blitar,051500,Prov. Jawa Timur,050000,7,1,56,6,6,0,1,9,14 Apr 2026 08:30:49,67581684CCFAF135DCDE
UPT SD NEGERI PAPUNGAN 01,20514279,SD,Negeri,Kec. Kanigoro,051508,Kab. Blitar,051500,Prov. Jawa Timur,050000,7,3,113,6,6,0,1,30,16 Apr 2026 11:35:07,B43FDC0D1ED8FC836BA8
UPT SD NEGERI PAPUNGAN 02,20514278,SD,Negeri,Kec. Kanigoro,051508,Kab. Blitar,051500,Prov. Jawa Timur,050000,5,1,61,6,11,0,1,14,15 Apr 2026 19:51:52,99A6B6A580E0D7D16CB4
UPT SD NEGERI SATRIYAN 01,20514078,SD,Negeri,Kec. Kanigoro,051508,Kab. Blitar,051500,Prov. Jawa Timur,050000,5,1,22,6,8,0,1,10,02 May 2026 08:23:17,5E57951A0872A9073734
UPT SD NEGERI SATRIYAN 02,20514077,SD,Negeri,Kec. Kanigoro,051508,Kab. Blitar,051500,Prov. Jawa Timur,050000,6,1,83,6,6,0,1,11,13 Apr 2026 18:59:04,A8DB2F3611FB656EC729
UPT SD NEGERI SATRIYAN 03,20514076,SD,Negeri,Kec. Kanigoro,051508,Kab. Blitar,051500,Prov. Jawa Timur,050000,8,2,81,6,6,0,1,8,14 Apr 2026 07:52:16,4EE9A7EE90FA7811ECE2
UPT SD NEGERI SAWENTAR 01,20514075,SD,Negeri,Kec. Kanigoro,051508,Kab. Blitar,051500,Prov. Jawa Timur,050000,8,1,94,6,6,1,1,25,07 Apr 2026 07:06:46,FB09D8718725E1B7927A
UPT SD NEGERI SAWENTAR 02,20514090,SD,Negeri,Kec. Kanigoro,051508,Kab. Blitar,051500,Prov. Jawa Timur,050000,9,2,210,7,12,2,1,40,02 May 2026 00:14:55,A63FD8A992BD30AA047A
UPT SD NEGERI SAWENTAR 04,20514127,SD,Negeri,Kec. Kanigoro,051508,Kab. Blitar,051500,Prov. Jawa Timur,050000,5,2,61,6,6,1,1,14,02 May 2026 09:43:26,6B0B84DB0271A9B23D17
UPT SD NEGERI TLOGO 02,20514574,SD,Negeri,Kec. Kanigoro,051508,Kab. Blitar,051500,Prov. Jawa Timur,050000,8,4,181,7,14,2,1,30,06 Apr 2026 21:06:28,6C7EFE9AA689E2A87F89
SD PLUS SUNAN PANDANARAN,20549302,SD,Swasta,Kec. Kanigoro,051508,Kab. Blitar,051500,Prov. Jawa Timur,050000,22,1,378,17,21,1,1,8,10 Apr 2026 11:49:23,03DB197800F0CB0DDB31
SDI AISYIYAH JATINOM,20549030,SD,Swasta,Kec. Kanigoro,051508,Kab. Blitar,051500,Prov. Jawa Timur,050000,3,1,95,6,8,2,1,11,16 Apr 2026 09:15:12,41BC69F0F819B513DB22
SDI AL HIKMAH KANIGORO,70062136,SD,Swasta,Kec. Kanigoro,051508,Kab. Blitar,051500,Prov. Jawa Timur,050000,0,0,0,0,0,0,0,0,,6174D57A96EF20DA57B2
SDIT INSANTAMA BLITAR,70046583,SD,Swasta,Kec. Kanigoro,051508,Kab. Blitar,051500,Prov. Jawa Timur,050000,7,1,45,6,6,0,1,16,29 Apr 2026 08:03:38,7E6C2E9D2BE2E3E8CCE8
UPT SMP NEGERI 1 KANIGORO,20551715,SMP,Negeri,Kec. Kanigoro,051508,Kab. Blitar,051500,Prov. Jawa Timur,050000,43,13,957,30,29,4,1,44,29 Apr 2026 08:41:00,CBF41494C444BDD35A43
SMP AMANATUL UMMAH (AMANU),69787458,SMP,Swasta,Kec. Kanigoro,051508,Kab. Blitar,051500,Prov. Jawa Timur,050000,6,1,21,3,3,2,1,33,15 Apr 2026 17:39:38,D94E6634986CD372C324
SMP HASANUDDIN,20514359,SMP,Swasta,Kec. Kanigoro,051508,Kab. Blitar,051500,Prov. Jawa Timur,050000,8,2,34,3,3,2,1,15,30 Mar 2026 16:24:39,FA7697BC396631657F28
SMP MIFTAHUL HUDA GOGODESO,60726249,SMP,Swasta,Kec. Kanigoro,051508,Kab. Blitar,051500,Prov. Jawa Timur,050000,8,2,94,4,6,2,1,5,03 Mar 2026 10:46:37,3E97EE9E872162EA8F4F
SMP PGRI KANIGORO,20514454,SMP,Swasta,Kec. Kanigoro,051508,Kab. Blitar,051500,Prov. Jawa Timur,050000,2,2,7,3,3,3,1,4,23 Apr 2026 10:20:06,76D8C632B28270D4C7F5
SMP PLUS AL-HANAN,70060113,SMP,Swasta,Kec. Kanigoro,051508,Kab. Blitar,051500,Prov. Jawa Timur,050000,0,0,0,0,0,0,0,0,,44F618EE47CE269C62CE
SMP PLUS ASY-SYUKUR,20549318,SMP,Swasta,Kec. Kanigoro,051508,Kab. Blitar,051500,Prov. Jawa Timur,050000,6,1,38,3,3,1,1,12,02 May 2026 09:29:38,2002168746ECD4AAAF0A
SMK HIDAYATUL MUBTADIIN,69888603,SMK,Swasta,Kec. Kanigoro,051508,Kab. Blitar,051500,Prov. Jawa Timur,050000,10,2,66,6,4,0,1,19,17 Apr 2026 09:17:41,A6FD0A0C5A5A5CFEFFE1
SMKS ISLAM KANIGORO,69757425,SMK,Swasta,Kec. Kanigoro,051508,Kab. Blitar,051500,Prov. Jawa Timur,050000,17,3,119,12,11,1,1,19,29 Apr 2026 07:56:50,5E06759C2DCA8CBBBF88
UPT SD NEGERI BAGELENAN 02,20514726,SD,Negeri,Kec. Srengat,051520,Kab. Blitar,051500,Prov. Jawa Timur,050000,8,2,106,6,6,1,1,17,05 Apr 2026 20:09:32,5050B452A063A3342768
UPT SD NEGERI BAGELENAN 03,20514725,SD,Negeri,Kec. Srengat,051520,Kab. Blitar,051500,Prov. Jawa Timur,050000,7,2,41,6,6,0,1,27,08 Apr 2026 06:56:05,ADBA41D15720BEA69170
UPT SD NEGERI DANDONG 01,20515173,SD,Negeri,Kec. Srengat,051520,Kab. Blitar,051500,Prov. Jawa Timur,050000,8,2,74,6,6,1,0,24,02 May 2026 09:09:59,5E4963B85DDB24FEAB71
UPT SD NEGERI DANDONG 02,20515172,SD,Negeri,Kec. Srengat,051520,Kab. Blitar,051500,Prov. Jawa Timur,050000,8,1,51,6,6,0,1,11,02 May 2026 08:40:05,B9DF00E8DA8A48D404AA
UPT SD NEGERI DERMOJAYAN 01,20515178,SD,Negeri,Kec. Srengat,051520,Kab. Blitar,051500,Prov. Jawa Timur,050000,7,1,58,6,6,2,1,6,14 Apr 2026 10:41:09,38446560916B1C6B796D
UPT SD NEGERI KANDANGAN 01,20514946,SD,Negeri,Kec. Srengat,051520,Kab. Blitar,051500,Prov. Jawa Timur,050000,8,2,69,6,6,0,1,4,18 Mar 2026 19:05:02,6B604B9F68A4B510A4DA
UPT SD NEGERI KANDANGAN 02,20514945,SD,Negeri,Kec. Srengat,051520,Kab. Blitar,051500,Prov. Jawa Timur,050000,8,3,71,6,6,0,0,8,02 Apr 2026 12:53:55,2BDEE9D7A1FD22B22FB1
UPT SD NEGERI KARANGGAYAM 01,20514937,SD,Negeri,Kec. Srengat,051520,Kab. Blitar,051500,Prov. Jawa Timur,050000,7,3,71,6,6,0,1,35,31 Mar 2026 12:46:23,41E2B95D4B9A07B78513
UPT SD NEGERI KARANGGAYAM 02,20514936,SD,Negeri,Kec. Srengat,051520,Kab. Blitar,051500,Prov. Jawa Timur,050000,8,3,91,6,6,2,1,7,03 Mar 2026 11:02:48,E1D35100AD4D6ABE2EF3
UPT SD NEGERI KAUMAN 01,20515028,SD,Negeri,Kec. Srengat,051520,Kab. Blitar,051500,Prov. Jawa Timur,050000,8,1,50,6,6,0,1,28,04 Apr 2026 08:11:32,3B1A93F783AA131136F0
UPT SD NEGERI KAUMAN 02,20515027,SD,Negeri,Kec. Srengat,051520,Kab. Blitar,051500,Prov. Jawa Timur,050000,7,2,43,6,6,0,1,12,16 Apr 2026 08:35:40,05529D40A4F2935DC956
UPT SD NEGERI KENDALREJO,20514997,SD,Negeri,Kec. Srengat,051520,Kab. Blitar,051500,Prov. Jawa Timur,050000,5,3,90,6,7,0,1,41,02 May 2026 10:22:08,E0E572B275114E8EEE2E
UPT SD NEGERI KERJEN,20514992,SD,Negeri,Kec. Srengat,051520,Kab. Blitar,051500,Prov. Jawa Timur,050000,7,2,94,6,6,0,1,17,04 Apr 2026 09:39:52,6D45368968AC00B40A19
UPT SD NEGERI MARON,20514235,SD,Negeri,Kec. Srengat,051520,Kab. Blitar,051500,Prov. Jawa Timur,050000,8,1,165,6,9,0,0,9,30 Apr 2026 11:24:53,6BCA465A0751DD182D84
UPT SD NEGERI NGAGLIK 01,20514203,SD,Negeri,Kec. Srengat,051520,Kab. Blitar,051500,Prov. Jawa Timur,050000,8,3,89,6,6,0,0,6,13 Apr 2026 11:42:37,5B84EEEB68E515178F8B
UPT SD NEGERI NGAGLIK 02,20514202,SD,Negeri,Kec. Srengat,051520,Kab. Blitar,051500,Prov. Jawa Timur,050000,8,1,42,6,6,0,0,8,09 Apr 2026 10:46:24,DB6023AB394D84A06614
UPT SD NEGERI NGAGLIK 03,20514201,SD,Negeri,Kec. Srengat,051520,Kab. Blitar,051500,Prov. Jawa Timur,050000,6,2,54,6,6,0,1,16,25 Apr 2026 08:23:38,EB8596BF53B471AE5807
UPT SD NEGERI PAKISREJO 01,20514331,SD,Negeri,Kec. Srengat,051520,Kab. Blitar,051500,Prov. Jawa Timur,050000,8,1,76,6,6,0,1,11,29 Apr 2026 20:11:36,B63E611F4A041D0770E8
UPT SD NEGERI PAKISREJO 02,20514330,SD,Negeri,Kec. Srengat,051520,Kab. Blitar,051500,Prov. Jawa Timur,050000,6,2,31,5,6,0,0,28,09 Apr 2026 11:56:36,AF4C83DE10CF91E5B13E
UPT SD NEGERI PURWOKERTO 01,20514118,SD,Negeri,Kec. Srengat,051520,Kab. Blitar,051500,Prov. Jawa Timur,050000,8,2,55,6,6,1,1,17,28 Apr 2026 10:05:33,5939BE620D0470ABCE93
UPT SD NEGERI SELOKAJANG 01,20514177,SD,Negeri,Kec. Srengat,051520,Kab. Blitar,051500,Prov. Jawa Timur,050000,8,2,150,6,7,0,1,10,06 Apr 2026 22:17:46,707C42C3F8994D746798
UPT SD NEGERI SELOKAJANG 02,20514176,SD,Negeri,Kec. Srengat,051520,Kab. Blitar,051500,Prov. Jawa Timur,050000,8,1,55,6,6,0,0,32,30 Apr 2026 11:55:34,F3211E5D5D7DF2E90044
UPT SD NEGERI SELOKAJANG 03,20514175,SD,Negeri,Kec. Srengat,051520,Kab. Blitar,051500,Prov. Jawa Timur,050000,9,3,62,6,9,0,1,13,30 Mar 2026 07:22:31,482731B031CD00476C41
UPT SD NEGERI SRENGAT 01,20514155,SD,Negeri,Kec. Srengat,051520,Kab. Blitar,051500,Prov. Jawa Timur,050000,25,4,505,20,20,2,1,33,16 Apr 2026 08:03:12,DA158B4CC4ED06B04D37
UPT SD NEGERI SRENGAT 02,20514154,SD,Negeri,Kec. Srengat,051520,Kab. Blitar,051500,Prov. Jawa Timur,050000,7,2,92,6,6,1,1,11,18 Mar 2026 20:34:48,B9B6F36EAF054DAD7C4B
UPT SD NEGERI SRENGAT 03,20514153,SD,Negeri,Kec. Srengat,051520,Kab. Blitar,051500,Prov. Jawa Timur,050000,10,2,162,8,8,1,1,8,07 Apr 2026 13:03:59,34F7B6186E3B5E15471A
UPT SD NEGERI TOGOGAN 01,20514572,SD,Negeri,Kec. Srengat,051520,Kab. Blitar,051500,Prov. Jawa Timur,050000,9,2,127,7,9,0,1,12,09 Apr 2026 07:17:35,166B5971C6B96AE0A70C
UPT SD NEGERI TOGOGAN 02,20514571,SD,Negeri,Kec. Srengat,051520,Kab. Blitar,051500,Prov. Jawa Timur,050000,8,1,68,6,6,1,0,11,04 Apr 2026 05:36:06,F86DA0DF736922B01627
UPT SD NEGERI WONOREJO 01,20514377,SD,Negeri,Kec. Srengat,051520,Kab. Blitar,051500,Prov. Jawa Timur,050000,10,1,186,9,13,2,1,13,25 Apr 2026 09:13:32,29FBD19744C827CF1569
UPT SD NEGERI WONOREJO 02,20514375,SD,Negeri,Kec. Srengat,051520,Kab. Blitar,051500,Prov. Jawa Timur,050000,8,2,49,6,6,0,2,23,06 Apr 2026 07:17:17,C8F5C1C9733D11428D04
SD ISLAM SRENGAT,20555478,SD,Swasta,Kec. Srengat,051520,Kab. Blitar,051500,Prov. Jawa Timur,050000,8,3,191,7,11,1,1,11,23 Apr 2026 08:29:31,0E7E72745EF1E2544E34
SD LABORATORIUM UNU BLITAR,70005252,SD,Swasta,Kec. Srengat,051520,Kab. Blitar,051500,Prov. Jawa Timur,050000,7,2,34,6,6,1,1,7,05 Mar 2026 10:34:22,734F32B59BFD4C354F18
SDI AKHLAQUL BANIN DARUL FAQIH,69979940,SD,Swasta,Kec. Srengat,051520,Kab. Blitar,051500,Prov. Jawa Timur,050000,7,2,59,6,6,0,1,6,06 Mar 2026 09:08:03,01538FF9B53103C72AFB
SDISLAM WAHID HASYIM,20514712,SD,Swasta,Kec. Srengat,051520,Kab. Blitar,051500,Prov. Jawa Timur,050000,10,2,108,7,12,0,1,12,24 Apr 2026 19:42:55,29AC2CF0AD5B1B24E42D
SDIT AL AKBAR,69948190,SD,Swasta,Kec. Srengat,051520,Kab. Blitar,051500,Prov. Jawa Timur,050000,11,2,146,7,12,0,0,13,21 Apr 2026 08:16:42,B008E45AD55A988505EB
SDIT IBADURRAHMAN,20549301,SD,Swasta,Kec. Srengat,051520,Kab. Blitar,051500,Prov. Jawa Timur,050000,22,3,426,18,18,2,1,8,06 Apr 2026 08:12:36,6C2A839B96234D0F4132
UPT SMP NEGERI 1 SRENGAT,20551746,SMP,Negeri,Kec. Srengat,051520,Kab. Blitar,051500,Prov. Jawa Timur,050000,52,11,956,30,30,3,1,24,15 Apr 2026 18:23:49,FD19750102A3E7A435D4
UPT SMP NEGERI 2 SRENGAT,20551716,SMP,Negeri,Kec. Srengat,051520,Kab. Blitar,051500,Prov. Jawa Timur,050000,45,7,843,27,27,3,2,21,15 Apr 2026 09:36:17,E54F687034AB08568E71
UPT SMP NEGERI 3 SRENGAT,20514407,SMP,Negeri,Kec. Srengat,051520,Kab. Blitar,051500,Prov. Jawa Timur,050000,30,7,571,19,21,6,1,61,21 Apr 2026 11:57:53,E77E5322C84BDA0E2BDF
SMP DARUSSALAM 45 SRENGAT,20514361,SMP,Swasta,Kec. Srengat,051520,Kab. Blitar,051500,Prov. Jawa Timur,050000,5,1,20,3,3,2,3,14,24 Apr 2026 10:24:20,037AE09D875950012DCA
SMP ISLAM SRENGAT,20514337,SMP,Swasta,Kec. Srengat,051520,Kab. Blitar,051500,Prov. Jawa Timur,050000,3,2,29,3,3,2,1,12,25 Apr 2026 10:07:01,405A6AAF28D6B5D22512
SMP PGRI SRENGAT,20514469,SMP,Swasta,Kec. Srengat,051520,Kab. Blitar,051500,Prov. Jawa Timur,050000,3,1,12,3,5,2,1,13,16 Apr 2026 17:47:05,12849C57D995E671AC40
SMP TERPADU DARUR ROJA,20576014,SMP,Swasta,Kec. Srengat,051520,Kab. Blitar,051500,Prov. Jawa Timur,050000,6,1,86,4,4,3,1,30,15 Apr 2026 12:46:12,AD044AD16AA6B5B8D97F
SMPIT IBADURRAHMAN,20574697,SMP,Swasta,Kec. Srengat,051520,Kab. Blitar,051500,Prov. Jawa Timur,050000,7,3,86,4,6,2,1,9,10 Apr 2026 20:45:47,E1A5230032DC2A9B006D
SMAN 1 SRENGAT,20514347,SMA,Negeri,Kec. Srengat,051520,Kab. Blitar,051500,Prov. Jawa Timur,050000,60,21,1248,36,33,7,1,20,27 Apr 2026 15:05:10,547CB573072B512BA6C6
SMAS PGRI SRENGAT,20514371,SMA,Swasta,Kec. Srengat,051520,Kab. Blitar,051500,Prov. Jawa Timur,050000,7,1,91,4,9,3,2,35,14 Apr 2026 15:25:05,3B8D1B08E7BA612EF6C7
SMAS TERPADU DARUR ROJA,69829177,SMA,Swasta,Kec. Srengat,051520,Kab. Blitar,051500,Prov. Jawa Timur,050000,14,2,61,3,4,1,1,29,06 Apr 2026 13:09:22,FC3B71EF5CE71886F476
SMKS IT AL KAUTSAR,20554582,SMK,Swasta,Kec. Srengat,051520,Kab. Blitar,051500,Prov. Jawa Timur,050000,20,7,420,15,15,1,1,57,21 Apr 2026 09:31:54,1783265FE6AA46A40870
UPT SD NEGERI BANGSRI 01,20515108,SD,Negeri,Kec. Nglegok,051517,Kab. Blitar,051500,Prov. Jawa Timur,050000,8,3,57,6,6,0,0,25,14 Mar 2026 07:06:51,8E092B20D68572B1773C
UPT SD NEGERI BANGSRI 02,20515125,SD,Negeri,Kec. Nglegok,051517,Kab. Blitar,051500,Prov. Jawa Timur,050000,6,2,58,6,6,1,1,24,01 May 2026 19:33:44,F2DEAC12D3F3BFF73657
UPT SD NEGERI BANGSRI 03,20515124,SD,Negeri,Kec. Nglegok,051517,Kab. Blitar,051500,Prov. Jawa Timur,050000,4,1,36,6,6,0,1,25,04 Apr 2026 08:04:51,CB4C3A66677EE662C952
UPT SD NEGERI DAYU 01,20515165,SD,Negeri,Kec. Nglegok,051517,Kab. Blitar,051500,Prov. Jawa Timur,050000,7,1,69,6,6,0,0,22,10 Mar 2026 12:00:19,E6CFEC9778E26C568CD7
UPT SD NEGERI DAYU 02,20515164,SD,Negeri,Kec. Nglegok,051517,Kab. Blitar,051500,Prov. Jawa Timur,050000,6,3,123,6,6,0,1,25,04 Apr 2026 09:44:13,884C21DA96CEB22529CF
UPT SD NEGERI DAYU 04,20515163,SD,Negeri,Kec. Nglegok,051517,Kab. Blitar,051500,Prov. Jawa Timur,050000,8,2,110,7,7,0,0,10,04 Mar 2026 10:55:11,568F30272CA331BE97DF
UPT SD NEGERI JIWUT 01,20514981,SD,Negeri,Kec. Nglegok,051517,Kab. Blitar,051500,Prov. Jawa Timur,050000,5,2,58,6,6,0,0,39,29 Apr 2026 03:00:50,3B03BA28FECA091416A3
UPT SD NEGERI JIWUT 03,20514980,SD,Negeri,Kec. Nglegok,051517,Kab. Blitar,051500,Prov. Jawa Timur,050000,4,2,24,5,6,0,1,28,04 Apr 2026 09:17:54,14DBBA4F9A459570FBFA
UPT SD NEGERI KEDAWUNG 01,20515049,SD,Negeri,Kec. Nglegok,051517,Kab. Blitar,051500,Prov. Jawa Timur,050000,8,2,153,6,6,0,1,13,22 Apr 2026 12:31:35,0BE06D4A72B847AEEE6F
UPT SD NEGERI KEDAWUNG 02,20515048,SD,Negeri,Kec. Nglegok,051517,Kab. Blitar,051500,Prov. Jawa Timur,050000,8,3,64,6,8,1,1,14,23 Apr 2026 17:34:05,F8C87204A2DAA0C1E49E
UPT SD NEGERI KEDAWUNG 03,20515047,SD,Negeri,Kec. Nglegok,051517,Kab. Blitar,051500,Prov. Jawa Timur,050000,7,1,95,6,6,0,1,29,04 Apr 2026 07:44:24,A8CC05D6A1BCA48ADFDC
UPT SD NEGERI KEMLOKO 01,20515001,SD,Negeri,Kec. Nglegok,051517,Kab. Blitar,051500,Prov. Jawa Timur,050000,7,2,52,6,6,0,0,13,04 Apr 2026 07:15:52,DBCEF8EA8EE33E87EF4E
UPT SD NEGERI KEMLOKO 02,20514998,SD,Negeri,Kec. Nglegok,051517,Kab. Blitar,051500,Prov. Jawa Timur,050000,7,1,52,6,6,0,1,11,08 Apr 2026 11:35:14,866C1F42143DF5089800
UPT SD NEGERI KRENCENG 01,20515013,SD,Negeri,Kec. Nglegok,051517,Kab. Blitar,051500,Prov. Jawa Timur,050000,7,1,77,6,6,0,1,33,01 May 2026 16:29:39,1C12F33278EF4A9260ED
UPT SD NEGERI MODANGAN 01,20514263,SD,Negeri,Kec. Nglegok,051517,Kab. Blitar,051500,Prov. Jawa Timur,050000,5,2,42,6,6,0,1,22,07 Mar 2026 05:42:28,872FEA82E2BCB92AF99D
UPT SD NEGERI MODANGAN 02,20514262,SD,Negeri,Kec. Nglegok,051517,Kab. Blitar,051500,Prov. Jawa Timur,050000,6,3,62,6,7,0,1,12,11 Apr 2026 06:20:27,32A56011731D8D2D464A
UPT SD NEGERI MODANGAN 03,20514261,SD,Negeri,Kec. Nglegok,051517,Kab. Blitar,051500,Prov. Jawa Timur,050000,7,1,117,6,8,0,1,15,14 Apr 2026 07:35:11,2D4973763F2B9271C4E2
UPT SD NEGERI MODANGAN 05,20514259,SD,Negeri,Kec. Nglegok,051517,Kab. Blitar,051500,Prov. Jawa Timur,050000,11,1,172,9,8,0,1,24,28 Jan 2026 13:33:33,257B6A85F7AA6FE5A172
UPT SD NEGERI NGLEGOK 01,20514215,SD,Negeri,Kec. Nglegok,051517,Kab. Blitar,051500,Prov. Jawa Timur,050000,21,3,444,18,25,0,1,20,29 Apr 2026 22:16:08,8362785AEB127339943A
UPT SD NEGERI NGLEGOK 02,20514197,SD,Negeri,Kec. Nglegok,051517,Kab. Blitar,051500,Prov. Jawa Timur,050000,14,4,302,12,12,0,1,24,13 Apr 2026 17:48:30,213DB1CE8BB84C8EF0EA
UPT SD NEGERI NGLEGOK 05,20514317,SD,Negeri,Kec. Nglegok,051517,Kab. Blitar,051500,Prov. Jawa Timur,050000,7,2,35,6,6,0,1,19,08 Apr 2026 07:38:44,0E099C78465E9A053A89
UPT SD NEGERI NGORAN 01,20514316,SD,Negeri,Kec. Nglegok,051517,Kab. Blitar,051500,Prov. Jawa Timur,050000,7,1,91,6,6,0,1,14,06 Apr 2026 11:29:27,3F694455712F180B0DB8
UPT SD NEGERI NGORAN 02,20514315,SD,Negeri,Kec. Nglegok,051517,Kab. Blitar,051500,Prov. Jawa Timur,050000,9,3,164,6,6,0,1,13,27 Apr 2026 08:13:31,73D3407F1081CAAA3486
UPT SD NEGERI PENATARAN 01,20514271,SD,Negeri,Kec. Nglegok,051517,Kab. Blitar,051500,Prov. Jawa Timur,050000,6,3,40,6,6,0,0,12,07 Apr 2026 09:05:57,EF8F589B9B4A655A7159
UPT SD NEGERI PENATARAN 02,20514270,SD,Negeri,Kec. Nglegok,051517,Kab. Blitar,051500,Prov. Jawa Timur,050000,8,3,117,6,6,1,1,17,24 Apr 2026 07:35:28,D8932F723EC0CBFF2F66
UPT SD NEGERI PENATARAN 03,20514269,SD,Negeri,Kec. Nglegok,051517,Kab. Blitar,051500,Prov. Jawa Timur,050000,8,3,78,6,6,1,1,11,06 Mar 2026 08:26:11,9D61F2EDC7826B148EB6
UPT SD NEGERI PENATARAN 04,20514284,SD,Negeri,Kec. Nglegok,051517,Kab. Blitar,051500,Prov. Jawa Timur,050000,7,1,65,6,6,0,1,22,03 Apr 2026 15:42:26,1B60366F8A6938923257
UPT SD NEGERI PENATARAN 06,20514285,SD,Negeri,Kec. Nglegok,051517,Kab. Blitar,051500,Prov. Jawa Timur,050000,4,1,14,5,3,0,1,17,12 Apr 2026 18:55:43,A5ED8D049DFB70156DDE
UPT SD NEGERI SUMBERASRI 01,20514544,SD,Negeri,Kec. Nglegok,051517,Kab. Blitar,051500,Prov. Jawa Timur,050000,9,3,191,8,8,0,1,10,13 Apr 2026 17:00:19,0EBDB2C17F3669CA3EEA
UPT SD NEGERI SUMBERASRI 02,20514543,SD,Negeri,Kec. Nglegok,051517,Kab. Blitar,051500,Prov. Jawa Timur,050000,7,1,133,6,6,0,1,12,22 Apr 2026 11:48:09,D424B3D9572AFFAD840B
UPT SD NEGERI SUMBERASRI 03,20514542,SD,Negeri,Kec. Nglegok,051517,Kab. Blitar,051500,Prov. Jawa Timur,050000,5,3,78,6,6,0,1,25,13 Apr 2026 10:52:28,0F18130D1DC560D741ED
UPT SD NEGERI SUMBERASRI 04,20514541,SD,Negeri,Kec. Nglegok,051517,Kab. Blitar,051500,Prov. Jawa Timur,050000,8,2,98,6,6,0,1,18,27 Apr 2026 11:53:21,0C6D0DF32405CEEBE62D
UPT SD NEGERI SUMBERASRI 05,20514540,SD,Negeri,Kec. Nglegok,051517,Kab. Blitar,051500,Prov. Jawa Timur,050000,7,1,75,6,6,0,1,9,02 Mar 2026 09:23:00,51157C27456D1C8D8569
UPT SD NEGERI SUMBERASRI 06,20514539,SD,Negeri,Kec. Nglegok,051517,Kab. Blitar,051500,Prov. Jawa Timur,050000,4,1,20,6,3,0,1,31,04 Apr 2026 11:01:34,9A6DA2D2F6719FFBC04B
SDI KREATIF ZAID BIN TSABIT,20549300,SD,Swasta,Kec. Nglegok,051517,Kab. Blitar,051500,Prov. Jawa Timur,050000,20,2,322,14,14,0,2,21,23 Apr 2026 09:55:51,3DE136BD43E1BB117975
SDIT WILDAN MUKHOLLADUN,20553251,SD,Swasta,Kec. Nglegok,051517,Kab. Blitar,051500,Prov. Jawa Timur,050000,15,2,308,12,12,1,1,9,07 Apr 2026 13:54:03,DB5F603E5265EBA4D883
UPT SMP NEGERI 1 NGLEGOK,20514422,SMP,Negeri,Kec. Nglegok,051517,Kab. Blitar,051500,Prov. Jawa Timur,050000,43,9,890,29,29,1,1,42,29 Apr 2026 13:23:30,7F459D9C3444E025AC71
UPT SMP NEGERI 2 NGLEGOK,20514437,SMP,Negeri,Kec. Nglegok,051517,Kab. Blitar,051500,Prov. Jawa Timur,050000,45,8,831,27,27,3,1,14,13 Apr 2026 14:04:34,90C9634AE604AFB3CD92
UPT SMP NEGERI 3 NGLEGOK,20514426,SMP,Negeri,Kec. Nglegok,051517,Kab. Blitar,051500,Prov. Jawa Timur,050000,22,8,371,13,13,4,1,11,05 Mar 2026 11:33:06,250C19FFE6FE708E775F
SMP AL ASHFA,69979828,SMP,Swasta,Kec. Nglegok,051517,Kab. Blitar,051500,Prov. Jawa Timur,050000,7,1,59,3,3,1,1,4,10 Feb 2026 19:42:15,55936E83A09C53F56CE9
SMP ISLAM BAABUSSALAAM,70054377,SMP,Swasta,Kec. Nglegok,051517,Kab. Blitar,051500,Prov. Jawa Timur,050000,6,1,29,2,2,0,0,7,30 Apr 2026 13:40:00,792252CE8C50B90FE678
SMKN 1 NGLEGOK,20557276,SMK,Negeri,Kec. Nglegok,051517,Kab. Blitar,051500,Prov. Jawa Timur,050000,91,24,1845,53,34,3,1,17,28 Apr 2026 08:01:14,0F910A05F5BC77B4B2D7
SMK ISLAM TERPADU HIDAYATUL ULUM,70057150,SMK,Swasta,Kec. Nglegok,051517,Kab. Blitar,051500,Prov. Jawa Timur,050000,4,2,30,1,2,0,0,40,20 Apr 2026 09:33:40,FF8FA4406067C6066CB4
UPT SD NEGERI BAJANG 01,20514706,SD,Negeri,Kec. Talun,051509,Kab. Blitar,051500,Prov. Jawa Timur,050000,8,2,53,6,6,0,1,22,30 Apr 2026 08:20:12,F8599C02108DE2D9666F
UPT SD NEGERI BAJANG 02,20515126,SD,Negeri,Kec. Talun,051509,Kab. Blitar,051500,Prov. Jawa Timur,050000,8,1,46,6,7,1,1,11,02 May 2026 10:38:52,286E28C2DC7977E006FD
UPT SD NEGERI BAJANG 03,20515106,SD,Negeri,Kec. Talun,051509,Kab. Blitar,051500,Prov. Jawa Timur,050000,6,3,36,6,9,0,1,10,18 Apr 2026 08:20:46,F84E3C9BA5185E9D26A1
UPT SD NEGERI BENDOSEWU 01,20515090,SD,Negeri,Kec. Talun,051509,Kab. Blitar,051500,Prov. Jawa Timur,050000,8,1,72,6,6,0,0,22,03 Apr 2026 17:18:58,F97DEF01B48B0914D2BF
UPT SD NEGERI BENDOSEWU 02,20515072,SD,Negeri,Kec. Talun,051509,Kab. Blitar,051500,Prov. Jawa Timur,050000,7,2,115,6,6,0,1,22,02 May 2026 08:16:49,395EDAB585F8C554D98C
UPT SD NEGERI BENDOSEWU 03,20515071,SD,Negeri,Kec. Talun,051509,Kab. Blitar,051500,Prov. Jawa Timur,050000,7,1,72,6,6,0,1,34,02 Apr 2026 07:12:17,8EF32906B869287E41FB
UPT SD NEGERI DUREN 01,20515192,SD,Negeri,Kec. Talun,051509,Kab. Blitar,051500,Prov. Jawa Timur,050000,8,1,87,6,6,0,1,13,15 Apr 2026 12:12:01,F3BF0DD17A2CFBE5C625
UPT SD NEGERI DUREN 02,20515193,SD,Negeri,Kec. Talun,051509,Kab. Blitar,051500,Prov. Jawa Timur,050000,8,2,48,6,6,0,1,9,04 Mar 2026 07:26:13,3466E9BABF9068AD02E2
UPT SD NEGERI JABUNG,20515155,SD,Negeri,Kec. Talun,051509,Kab. Blitar,051500,Prov. Jawa Timur,050000,8,3,57,6,6,0,1,19,07 Apr 2026 22:02:34,F11CA8D37FF23FB51CD7
UPT SD NEGERI JAJAR 01,20515154,SD,Negeri,Kec. Talun,051509,Kab. Blitar,051500,Prov. Jawa Timur,050000,7,1,83,6,6,0,1,7,04 Mar 2026 07:46:35,71BE734ECAC47357BBD9
UPT SD NEGERI JAJAR 02,20515153,SD,Negeri,Kec. Talun,051509,Kab. Blitar,051500,Prov. Jawa Timur,050000,6,1,56,6,6,0,0,39,07 Mar 2026 14:28:01,CECB4BAF2977DBCA2E58
UPT SD NEGERI JEBLOG,20514959,SD,Negeri,Kec. Talun,051509,Kab. Blitar,051500,Prov. Jawa Timur,050000,7,1,100,6,6,0,1,17,02 May 2026 07:45:12,5AE2F99A5B80F986A771
UPT SD NEGERI KAMULAN 01,20514948,SD,Negeri,Kec. Talun,051509,Kab. Blitar,051500,Prov. Jawa Timur,050000,8,3,71,6,6,0,0,19,07 Mar 2026 12:35:32,C5299BE700D03A44F9E3
UPT SD NEGERI KAMULAN 02,20514947,SD,Negeri,Kec. Talun,051509,Kab. Blitar,051500,Prov. Jawa Timur,050000,7,2,71,6,6,0,1,13,29 Apr 2026 08:00:40,9423CFECF5ADB683ED85
UPT SD NEGERI KAWERON 01,20515024,SD,Negeri,Kec. Talun,051509,Kab. Blitar,051500,Prov. Jawa Timur,050000,8,2,70,6,8,0,0,16,16 Apr 2026 13:31:12,51B7D2E441A418D54664
UPT SD NEGERI KAWERON 02,20515023,SD,Negeri,Kec. Talun,051509,Kab. Blitar,051500,Prov. Jawa Timur,050000,7,2,98,6,6,0,1,14,06 Apr 2026 08:06:51,9D8E8B9A7D954A14A6B2
UPT SD NEGERI KENDALREJO 01,20514996,SD,Negeri,Kec. Talun,051509,Kab. Blitar,051500,Prov. Jawa Timur,050000,8,2,168,6,6,0,1,15,07 Apr 2026 16:58:51,ADDAD97001F53CCED32E
UPT SD NEGERI KENDALREJO 02,20514995,SD,Negeri,Kec. Talun,051509,Kab. Blitar,051500,Prov. Jawa Timur,050000,9,2,103,6,7,1,1,16,21 Apr 2026 10:25:21,C377A533F053E15E181C
UPT SD NEGERI KENDALREJO 04,20514994,SD,Negeri,Kec. Talun,051509,Kab. Blitar,051500,Prov. Jawa Timur,050000,9,3,130,6,6,0,1,12,09 Apr 2026 10:37:11,4C216AC0DAC4FFE3D91D
UPT SD NEGERI PASIRHARJO 01,20514273,SD,Negeri,Kec. Talun,051509,Kab. Blitar,051500,Prov. Jawa Timur,050000,8,1,144,6,10,1,1,7,09 Apr 2026 08:07:30,E63ED4591F26132E1D56
UPT SD NEGERI PASIRHARJO 02,20514272,SD,Negeri,Kec. Talun,051509,Kab. Blitar,051500,Prov. Jawa Timur,050000,9,1,47,6,6,0,1,25,18 Apr 2026 12:23:08,68BE6444FF377585FFD5
UPT SD NEGERI SRAGI,20514156,SD,Negeri,Kec. Talun,051509,Kab. Blitar,051500,Prov. Jawa Timur,050000,8,1,69,6,6,0,1,15,04 Apr 2026 09:32:09,3D88F0A459F293FB36CB
UPT SD NEGERI TALUN 02,20514612,SD,Negeri,Kec. Talun,051509,Kab. Blitar,051500,Prov. Jawa Timur,050000,8,1,132,6,8,0,1,19,07 Mar 2026 08:14:26,6C7A794F4C32FFF76945
UPT SD NEGERI TALUN 03,20514611,SD,Negeri,Kec. Talun,051509,Kab. Blitar,051500,Prov. Jawa Timur,050000,7,3,89,6,9,0,1,10,07 Mar 2026 13:25:57,6FA87CE4E1AA02D4B985
UPT SD NEGERI TALUN 05,20514195,SD,Negeri,Kec. Talun,051509,Kab. Blitar,051500,Prov. Jawa Timur,050000,7,2,69,6,6,0,1,16,04 Apr 2026 10:56:38,AC83275CA961FC2EBD41
UPT SD NEGERI TUMPANG 01,20514587,SD,Negeri,Kec. Talun,051509,Kab. Blitar,051500,Prov. Jawa Timur,050000,7,2,36,6,6,0,0,9,06 Apr 2026 02:32:32,DC1F6F0A42ADF70120DF
UPT SD NEGERI TUMPANG 02,20514586,SD,Negeri,Kec. Talun,051509,Kab. Blitar,051500,Prov. Jawa Timur,050000,10,1,168,8,11,0,1,25,27 Feb 2026 15:33:46,3E477931EBB1A93C93C7
UPT SD NEGERI TUMPANG 03,20514585,SD,Negeri,Kec. Talun,051509,Kab. Blitar,051500,Prov. Jawa Timur,050000,8,2,43,6,6,0,1,18,03 Apr 2026 05:23:45,BD67BF0D51E68A05ABFC
UPT SD NEGERI WONOREJO 01,20551735,SD,Negeri,Kec. Talun,051509,Kab. Blitar,051500,Prov. Jawa Timur,050000,8,2,98,6,7,1,0,24,10 Apr 2026 08:36:34,4675F4FD3558511CFE20
UPT SD NEGERI WONOREJO 02,20551736,SD,Negeri,Kec. Talun,051509,Kab. Blitar,051500,Prov. Jawa Timur,050000,7,1,96,6,6,0,1,12,06 Apr 2026 04:13:48,7ED3E145DC63D5228337
SD ISLAM HASANUL AMIN,20547842,SD,Swasta,Kec. Talun,051509,Kab. Blitar,051500,Prov. Jawa Timur,050000,15,1,304,13,15,0,1,6,20 Apr 2026 14:46:13,8704E74CE0E6F6F63FF1
UPT SMP NEGERI 1 TALUN,20514414,SMP,Negeri,Kec. Talun,051509,Kab. Blitar,051500,Prov. Jawa Timur,050000,42,10,840,27,27,5,1,40,28 Apr 2026 09:13:49,192CD72FE09C976F5C76
UPT SMP NEGERI 2 TALUN,20514432,SMP,Negeri,Kec. Talun,051509,Kab. Blitar,051500,Prov. Jawa Timur,050000,32,6,694,23,29,4,1,15,06 Apr 2026 08:51:29,4C31B78963A87BF27605
SMP DARUL FALAH JEBLOG TALUN,60728382,SMP,Swasta,Kec. Talun,051509,Kab. Blitar,051500,Prov. Jawa Timur,050000,6,2,127,6,6,1,1,5,04 Mar 2026 08:43:06,7694694E66DFE08C8BF4
SMP ISLAM TALUN,20514356,SMP,Swasta,Kec. Talun,051509,Kab. Blitar,051500,Prov. Jawa Timur,050000,5,1,6,2,3,2,1,13,22 Apr 2026 05:21:51,EB9F5B082304E723FF09
SMP MUJIB IHSAN TALUN,20514465,SMP,Swasta,Kec. Talun,051509,Kab. Blitar,051500,Prov. Jawa Timur,050000,2,2,0,0,0,0,0,0,,5D2B3A4E7298FD1CEECB
SMAN 1 TALUN,20514344,SMA,Negeri,Kec. Talun,051509,Kab. Blitar,051500,Prov. Jawa Timur,050000,58,16,1283,36,37,10,2,43,15 Apr 2026 12:01:54,37FF614E5BFDC6BF4EA2
SMA AL JUMHURI,70038708,SMA,Swasta,Kec. Talun,051509,Kab. Blitar,051500,Prov. Jawa Timur,050000,17,1,152,6,7,1,1,24,27 Apr 2026 16:58:49,A83D0CD392484278F584
SMA DARUL FALAH,70057918,SMA,Swasta,Kec. Talun,051509,Kab. Blitar,051500,Prov. Jawa Timur,050000,4,0,68,2,1,0,0,43,08 Apr 2026 22:20:10,ABE78CBC93F9A7DBC5AE
SMAS PGRI TALUN,20514353,SMA,Swasta,Kec. Talun,051509,Kab. Blitar,051500,Prov. Jawa Timur,050000,12,1,76,4,6,5,1,18,14 Apr 2026 22:53:07,52FC1A58CFD429784696
UPT SD NEGERI BUMIREJO 01,20515082,SD,Negeri,Kec. Kesamben,051511,Kab. Blitar,051500,Prov. Jawa Timur,050000,8,2,75,6,6,0,1,22,15 Apr 2026 09:31:07,B9ED16189CC93A9EB349
UPT SD NEGERI BUMIREJO 02,20515081,SD,Negeri,Kec. Kesamben,051511,Kab. Blitar,051500,Prov. Jawa Timur,050000,8,2,107,6,6,0,1,17,28 Apr 2026 08:34:32,B3C964D0F6816F9C9B50
UPT SD NEGERI BUMIREJO 03,20515080,SD,Negeri,Kec. Kesamben,051511,Kab. Blitar,051500,Prov. Jawa Timur,050000,7,2,102,6,6,0,1,26,25 Apr 2026 04:24:53,8FAF4B7CC6C43020830A
UPT SD NEGERI BUMIREJO 05,20515078,SD,Negeri,Kec. Kesamben,051511,Kab. Blitar,051500,Prov. Jawa Timur,050000,9,2,44,6,6,0,0,31,21 Apr 2026 10:29:25,4E81415FF21F87709996
UPT SD NEGERI JUGO 02,20514979,SD,Negeri,Kec. Kesamben,051511,Kab. Blitar,051500,Prov. Jawa Timur,050000,7,1,69,6,6,0,1,20,04 Apr 2026 07:52:25,7A82F303997B5497FE8B
UPT SD NEGERI JUGO 03,20514978,SD,Negeri,Kec. Kesamben,051511,Kab. Blitar,051500,Prov. Jawa Timur,050000,7,1,82,6,6,0,0,11,09 Apr 2026 22:59:33,3765EA3287D7B490AF54
UPT SD NEGERI JUGO 04,20514977,SD,Negeri,Kec. Kesamben,051511,Kab. Blitar,051500,Prov. Jawa Timur,050000,8,3,90,6,6,0,1,21,13 Apr 2026 07:51:34,2CDD37BFE32C9DD1CBFC
UPT SD NEGERI JUGO 05,20514976,SD,Negeri,Kec. Kesamben,051511,Kab. Blitar,051500,Prov. Jawa Timur,050000,9,1,176,7,6,0,1,22,04 Apr 2026 09:43:29,939A1D03BB76452182BE
UPT SD NEGERI KEMIRIGEDE,20515002,SD,Negeri,Kec. Kesamben,051511,Kab. Blitar,051500,Prov. Jawa Timur,050000,8,2,57,6,9,0,0,31,20 Apr 2026 09:02:57,AE3A61A5D2E0C82F83CD
UPT SD NEGERI KESAMBEN 02,20514990,SD,Negeri,Kec. Kesamben,051511,Kab. Blitar,051500,Prov. Jawa Timur,050000,8,1,81,6,6,0,0,13,06 Apr 2026 04:33:31,D6D5B65D6787F5B173C2
UPT SD NEGERI KESAMBEN 03,20514989,SD,Negeri,Kec. Kesamben,051511,Kab. Blitar,051500,Prov. Jawa Timur,050000,7,1,56,6,6,0,0,32,24 Apr 2026 22:35:47,4229915C627B9BD89766
UPT SD NEGERI KESAMBEN 04,20514988,SD,Negeri,Kec. Kesamben,051511,Kab. Blitar,051500,Prov. Jawa Timur,050000,8,2,151,6,6,0,1,9,03 Mar 2026 08:43:49,0C003E569F7E6707EF99
UPT SD NEGERI KESAMBEN 06,20514986,SD,Negeri,Kec. Kesamben,051511,Kab. Blitar,051500,Prov. Jawa Timur,050000,7,1,115,6,6,0,1,62,13 Apr 2026 14:58:19,77749A99CA02CAC37B2E
UPT SD NEGERI KESAMBEN 07,20514987,SD,Negeri,Kec. Kesamben,051511,Kab. Blitar,051500,Prov. Jawa Timur,050000,16,2,241,11,15,0,1,34,22 Apr 2026 08:41:07,1E091FAB8E3CA299F340
UPT SD NEGERI PAGERGUNUNG 01,20514306,SD,Negeri,Kec. Kesamben,051511,Kab. Blitar,051500,Prov. Jawa Timur,050000,8,3,115,6,6,0,1,15,09 Feb 2026 13:10:48,095DC3CC8EDD835D9771
UPT SD NEGERI PAGERGUNUNG 03,20514304,SD,Negeri,Kec. Kesamben,051511,Kab. Blitar,051500,Prov. Jawa Timur,050000,7,1,53,6,6,0,0,19,01 May 2026 18:32:16,59181C8198B4E0BEC982
UPT SD NEGERI PAGERWOJO 01,20514303,SD,Negeri,Kec. Kesamben,051511,Kab. Blitar,051500,Prov. Jawa Timur,050000,8,1,147,6,6,0,1,21,13 Apr 2026 08:40:24,7DE257AAC43514775865
UPT SD NEGERI PAGERWOJO 02,20514318,SD,Negeri,Kec. Kesamben,051511,Kab. Blitar,051500,Prov. Jawa Timur,050000,6,1,69,6,6,0,1,19,29 Apr 2026 08:54:17,3A93A4A5667DC1FF0205
UPT SD NEGERI PAGERWOJO 03,20514319,SD,Negeri,Kec. Kesamben,051511,Kab. Blitar,051500,Prov. Jawa Timur,050000,8,1,73,6,6,0,0,10,05 Mar 2026 11:21:05,F2A345044603A65C8D65
UPT SD NEGERI PAGERWOJO 04,20514335,SD,Negeri,Kec. Kesamben,051511,Kab. Blitar,051500,Prov. Jawa Timur,050000,8,1,58,6,6,0,0,10,10 Apr 2026 11:23:15,CD3BFFFE87084449D0BD
UPT SD NEGERI SIRAMAN 01,20514139,SD,Negeri,Kec. Kesamben,051511,Kab. Blitar,051500,Prov. Jawa Timur,050000,6,2,79,6,6,0,1,1,27 Apr 2026 07:26:02,BE04B981807835C9B6DB
UPT SD NEGERI SIRAMAN 02,20514138,SD,Negeri,Kec. Kesamben,051511,Kab. Blitar,051500,Prov. Jawa Timur,050000,6,1,68,6,6,0,1,30,02 May 2026 11:44:03,9A08316A350302031E5C
UPT SD NEGERI SIRAMAN 03,20514137,SD,Negeri,Kec. Kesamben,051511,Kab. Blitar,051500,Prov. Jawa Timur,050000,7,2,137,6,8,0,1,19,13 Apr 2026 19:21:39,3249D69E98FA923D8BC6
UPT SD NEGERI SIRAMAN 04,20514136,SD,Negeri,Kec. Kesamben,051511,Kab. Blitar,051500,Prov. Jawa Timur,050000,9,2,147,6,11,0,1,17,02 May 2026 05:05:47,328712D4F19968BBE674
UPT SD NEGERI SUKOANYAR 01,20514151,SD,Negeri,Kec. Kesamben,051511,Kab. Blitar,051500,Prov. Jawa Timur,050000,5,2,55,6,6,0,1,17,10 Mar 2026 14:33:44,D1BE8B51AACCE0C1BE64
UPT SD NEGERI SUKOANYAR 02,20514150,SD,Negeri,Kec. Kesamben,051511,Kab. Blitar,051500,Prov. Jawa Timur,050000,7,1,71,6,6,0,1,12,02 May 2026 08:16:34,9FC5A11B7603FB179C7B
UPT SD NEGERI TAPAKREJO 01,20514617,SD,Negeri,Kec. Kesamben,051511,Kab. Blitar,051500,Prov. Jawa Timur,050000,10,1,105,6,6,0,1,17,02 Apr 2026 19:24:24,EE98CC640D401D45829B
UPT SD NEGERI TAPAKREJO 02,20514618,SD,Negeri,Kec. Kesamben,051511,Kab. Blitar,051500,Prov. Jawa Timur,050000,8,2,64,6,6,1,0,12,30 Mar 2026 19:17:22,4F9F69D06AB42E65E6DB
UPT SD NEGERI TEPAS 01,20514600,SD,Negeri,Kec. Kesamben,051511,Kab. Blitar,051500,Prov. Jawa Timur,050000,8,2,143,6,7,1,0,31,27 Apr 2026 12:48:01,39352A21155C139859BC
UPT SD NEGERI TEPAS 02,20514582,SD,Negeri,Kec. Kesamben,051511,Kab. Blitar,051500,Prov. Jawa Timur,050000,7,2,77,6,6,0,0,8,24 Jan 2026 21:47:48,7ED9DC55697E39C45C4E
UPT SD NEGERI TEPAS 03,20514581,SD,Negeri,Kec. Kesamben,051511,Kab. Blitar,051500,Prov. Jawa Timur,050000,7,1,100,6,6,0,1,14,06 Mar 2026 10:04:24,A2BCEF2254C0BB88975D
SD KRISTEN KALAM KUDUS,69948189,SD,Swasta,Kec. Kesamben,051511,Kab. Blitar,051500,Prov. Jawa Timur,050000,6,3,158,6,6,1,1,12,29 Apr 2026 09:08:33,9363D707CC1A2FF142D5
SD MUHAMMADIYAH 1 KESAMBEN,69954648,SD,Swasta,Kec. Kesamben,051511,Kab. Blitar,051500,Prov. Jawa Timur,050000,5,2,86,6,6,0,1,13,05 Apr 2026 18:01:00,127D2725371233B755BE
UPT SMP NEGERI 1 KESAMBEN,20551717,SMP,Negeri,Kec. Kesamben,051511,Kab. Blitar,051500,Prov. Jawa Timur,050000,45,8,946,30,30,5,1,41,27 Apr 2026 11:02:54,DE9A3AA99D8CAA75DBEC
SMP ISLAM HASANUDDIN KESAMBEN,20514358,SMP,Swasta,Kec. Kesamben,051511,Kab. Blitar,051500,Prov. Jawa Timur,050000,9,6,100,5,13,3,1,19,05 Mar 2026 03:20:51,CB9219A73CAC49959CC4
SMP KATOLIK YOHANES GABRIEL KESAMBEN,20514477,SMP,Swasta,Kec. Kesamben,051511,Kab. Blitar,051500,Prov. Jawa Timur,050000,5,3,40,3,3,1,1,5,02 Mar 2026 20:51:00,F526AD0791B933122B9D
SMP KRISTEN DIAN SAKTI KESAMBEN,20514485,SMP,Swasta,Kec. Kesamben,051511,Kab. Blitar,051500,Prov. Jawa Timur,050000,3,2,32,3,3,1,1,10,07 Apr 2026 11:22:43,6C3A601C76E0BEF51D95
SMP PGRI 01 KESAMBEN,20551729,SMP,Swasta,Kec. Kesamben,051511,Kab. Blitar,051500,Prov. Jawa Timur,050000,4,3,18,3,5,2,1,21,23 Apr 2026 17:21:49,B2C6E9FCD0B6681E143E
SMP PGRI 2 KESAMBEN,20552244,SMP,Swasta,Kec. Kesamben,051511,Kab. Blitar,051500,Prov. Jawa Timur,050000,2,2,20,3,3,0,1,5,03 Mar 2026 20:41:59,DDDDEA673483A00F0F58
SMP TAMANSISWA,20551722,SMP,Swasta,Kec. Kesamben,051511,Kab. Blitar,051500,Prov. Jawa Timur,050000,4,2,33,3,3,1,1,7,20 Apr 2026 08:38:12,CEA9058F7E702F59D1A0
SMP WIYATA DHARMA,20548834,SMP,Swasta,Kec. Kesamben,051511,Kab. Blitar,051500,Prov. Jawa Timur,050000,6,3,44,3,3,1,1,6,03 Mar 2026 11:15:09,7A1559080137C9CE77E6
SMAN 1 KESAMBEN,20514349,SMA,Negeri,Kec. Kesamben,051511,Kab. Blitar,051500,Prov. Jawa Timur,050000,55,16,1038,30,30,6,2,78,23 Apr 2026 20:16:51,C15F54B7D211012DE3A9
SMAS I HASANUDIN KESAMBEN,20514393,SMA,Swasta,Kec. Kesamben,051511,Kab. Blitar,051500,Prov. Jawa Timur,050000,5,1,40,3,3,6,1,7,29 Jan 2026 20:44:47,10E3BC91729F6BBE13C1
SMAS KRISTEN DIAN SAKTI,20575437,SMA,Swasta,Kec. Kesamben,051511,Kab. Blitar,051500,Prov. Jawa Timur,050000,7,2,45,3,6,1,1,7,07 Feb 2026 04:18:58,789C5357BFBE029F04C4
SMAS WIYATA DHARMA,20514352,SMA,Swasta,Kec. Kesamben,051511,Kab. Blitar,051500,Prov. Jawa Timur,050000,4,3,62,3,3,5,2,21,02 May 2026 09:38:39,146D3EEED3FC9F8B9FA4
SMKS PEMUDA 1 KESAMBEN,20514343,SMK,Swasta,Kec. Kesamben,051511,Kab. Blitar,051500,Prov. Jawa Timur,050000,37,9,602,22,25,3,1,11,30 Apr 2026 13:53:31,C95F3F9A90C5F68ED741
SMKS PEMUDA 3 KESAMBEN BLITAR,20514367,SMK,Swasta,Kec. Kesamben,051511,Kab. Blitar,051500,Prov. Jawa Timur,050000,17,8,501,17,19,2,1,11,13 Feb 2026 05:10:43,6F3CBBDE56318FB0D773
UPT SD NEGERI BENCE 01,20514707,SD,Negeri,Kec. Garum,051516,Kab. Blitar,051500,Prov. Jawa Timur,050000,7,3,58,6,6,0,1,33,14 Apr 2026 11:18:35,ACDB33EDF97F040180A7
UPT SD NEGERI BENCE 02,20515119,SD,Negeri,Kec. Garum,051516,Kab. Blitar,051500,Prov. Jawa Timur,050000,8,1,127,6,7,1,1,30,02 Apr 2026 11:56:05,07D12D1D4B1E31856B65
UPT SD NEGERI BENCE 03,20515118,SD,Negeri,Kec. Garum,051516,Kab. Blitar,051500,Prov. Jawa Timur,050000,8,2,82,6,6,0,1,11,16 Apr 2026 10:02:33,8A78E9164AC09641F6C9
UPT SD NEGERI BENCE 04,20515117,SD,Negeri,Kec. Garum,051516,Kab. Blitar,051500,Prov. Jawa Timur,050000,6,1,48,6,6,0,1,10,04 Mar 2026 07:42:43,887BFCA691CC445ED82C
UPT SD NEGERI GARUM 01,20515142,SD,Negeri,Kec. Garum,051516,Kab. Blitar,051500,Prov. Jawa Timur,050000,7,3,122,6,7,1,1,8,16 Apr 2026 11:36:06,4A1F677415531D8B258F
UPT SD NEGERI GARUM 03,20515140,SD,Negeri,Kec. Garum,051516,Kab. Blitar,051500,Prov. Jawa Timur,050000,7,2,74,6,6,0,1,14,30 Apr 2026 09:42:32,97C5E6F0FC1DFE81F515
UPT SD NEGERI KARANGREJO 01,20514984,SD,Negeri,Kec. Garum,051516,Kab. Blitar,051500,Prov. Jawa Timur,050000,7,1,57,6,6,1,1,18,27 Apr 2026 11:06:08,8A1DFDFC1E874EE659B9
UPT SD NEGERI KARANGREJO 02,20515055,SD,Negeri,Kec. Garum,051516,Kab. Blitar,051500,Prov. Jawa Timur,050000,6,1,39,6,6,0,1,14,04 Apr 2026 22:28:30,9BE4C80B04EF5668DEAB
UPT SD NEGERI KARANGREJO 03,20515037,SD,Negeri,Kec. Garum,051516,Kab. Blitar,051500,Prov. Jawa Timur,050000,8,2,78,6,6,0,0,8,14 Apr 2026 10:37:10,919CB7B76C194D9D187C
UPT SD NEGERI KARANGREJO 04,20515036,SD,Negeri,Kec. Garum,051516,Kab. Blitar,051500,Prov. Jawa Timur,050000,7,2,124,6,10,2,1,15,30 Apr 2026 07:50:59,38AC05F6F44FF8FD22B0
UPT SD NEGERI KARANGREJO 05,20515035,SD,Negeri,Kec. Garum,051516,Kab. Blitar,051500,Prov. Jawa Timur,050000,7,2,111,6,6,2,1,13,30 Apr 2026 07:20:47,F9260CA804B78BC1E1CF
UPT SD NEGERI POJOK 01,20514101,SD,Negeri,Kec. Garum,051516,Kab. Blitar,051500,Prov. Jawa Timur,050000,8,2,54,6,7,0,1,24,04 Apr 2026 08:57:08,5D0B135000B86A8F6220
UPT SD NEGERI POJOK 02,20514098,SD,Negeri,Kec. Garum,051516,Kab. Blitar,051500,Prov. Jawa Timur,050000,6,3,48,6,6,0,1,30,16 Apr 2026 13:04:06,C09ED2A39D59BDDBA82A
UPT SD NEGERI POJOK 03,20514097,SD,Negeri,Kec. Garum,051516,Kab. Blitar,051500,Prov. Jawa Timur,050000,0,0,0,0,0,0,0,0,,453545264BAA66DFB6BC
UPT SD NEGERI SIDODADI 01,20514193,SD,Negeri,Kec. Garum,051516,Kab. Blitar,051500,Prov. Jawa Timur,050000,8,2,124,6,7,0,1,16,03 Apr 2026 00:26:11,76BF9192891148000542
UPT SD NEGERI SIDODADI 02,20514192,SD,Negeri,Kec. Garum,051516,Kab. Blitar,051500,Prov. Jawa Timur,050000,9,1,139,6,7,0,1,12,04 Mar 2026 07:50:05,8154CE3F22BE38C7C1A9
UPT SD NEGERI SIDODADI 03,20514191,SD,Negeri,Kec. Garum,051516,Kab. Blitar,051500,Prov. Jawa Timur,050000,10,3,186,8,11,1,1,8,27 Apr 2026 11:41:01,EEE7A1D71C3361A5FB5A
UPT SD NEGERI SIDODADI 04,20514190,SD,Negeri,Kec. Garum,051516,Kab. Blitar,051500,Prov. Jawa Timur,050000,8,2,46,6,6,0,1,11,07 Mar 2026 09:40:53,A9DC6FF05CD968E0E389
UPT SD NEGERI SIDODADI 05,20514189,SD,Negeri,Kec. Garum,051516,Kab. Blitar,051500,Prov. Jawa Timur,050000,8,1,112,6,6,0,0,19,29 Apr 2026 12:26:26,BF8C8B1DDF5A66C408D6
UPT SD NEGERI SLOROK 01,20554661,SD,Negeri,Kec. Garum,051516,Kab. Blitar,051500,Prov. Jawa Timur,050000,8,2,78,6,6,1,0,9,20 Apr 2026 13:55:01,231BC5E6A45EA2D79EE3
UPT SD NEGERI SLOROK 02,20514130,SD,Negeri,Kec. Garum,051516,Kab. Blitar,051500,Prov. Jawa Timur,050000,7,2,46,6,6,1,1,11,03 Apr 2026 04:57:09,2BEAB1BB0D178A102A8D
UPT SD NEGERI SUMBERDIREN 01,20514498,SD,Negeri,Kec. Garum,051516,Kab. Blitar,051500,Prov. Jawa Timur,050000,7,1,41,6,6,0,1,9,04 Apr 2026 07:16:54,C366739860B2E7325441
UPT SD NEGERI SUMBERDIREN 02,20514497,SD,Negeri,Kec. Garum,051516,Kab. Blitar,051500,Prov. Jawa Timur,050000,8,2,56,6,7,0,1,28,16 Apr 2026 12:33:27,678CD7FC4ADE39832D94
UPT SD NEGERI TAWANGSARI 01,20514629,SD,Negeri,Kec. Garum,051516,Kab. Blitar,051500,Prov. Jawa Timur,050000,10,3,175,8,10,0,0,14,26 Apr 2026 08:36:15,CFA957B7A031E7ED0DA3
UPT SD NEGERI TAWANGSARI 02,20514628,SD,Negeri,Kec. Garum,051516,Kab. Blitar,051500,Prov. Jawa Timur,050000,8,1,111,6,6,0,0,10,20 Apr 2026 13:41:37,162FBC86CD3ABD1403CD
UPT SD NEGERI TINGAL 01,20514579,SD,Negeri,Kec. Garum,051516,Kab. Blitar,051500,Prov. Jawa Timur,050000,6,1,39,6,6,0,0,12,05 Apr 2026 10:07:05,AEE3BCACD48CE67D9FE2
UPT SD NEGERI TINGAL 02,20514578,SD,Negeri,Kec. Garum,051516,Kab. Blitar,051500,Prov. Jawa Timur,050000,12,3,172,10,11,0,1,24,07 Mar 2026 21:37:52,2129A32990FD87845641
SD KATOLIK YOHANES GABRIEL,20514711,SD,Swasta,Kec. Garum,051516,Kab. Blitar,051500,Prov. Jawa Timur,050000,7,2,51,6,6,1,1,13,03 Mar 2026 10:12:28,46288EAA2235C59D2242
SDI MA ARIF TAWANGSARI,20549298,SD,Swasta,Kec. Garum,051516,Kab. Blitar,051500,Prov. Jawa Timur,050000,39,3,875,32,32,1,1,28,11 Apr 2026 12:49:32,B5DFAC7D3F28A796DEA4
SDIT AL HIKMAH BENCE,20549295,SD,Swasta,Kec. Garum,051516,Kab. Blitar,051500,Prov. Jawa Timur,050000,40,4,701,27,27,2,1,33,29 Apr 2026 12:27:51,FDEB2759BC51179E79FE
UPT SMP NEGERI 1 GARUM,20514471,SMP,Negeri,Kec. Garum,051516,Kab. Blitar,051500,Prov. Jawa Timur,050000,44,10,832,27,27,4,1,105,24 Apr 2026 07:59:55,08B06D57D148E0A20E4E
UPT SMP NEGERI 2 GARUM,20514439,SMP,Negeri,Kec. Garum,051516,Kab. Blitar,051500,Prov. Jawa Timur,050000,25,6,378,13,14,3,1,13,13 Apr 2026 12:04:16,FC1D5FA49EDB85AC4910
UPT SMP NEGERI 3 GARUM,70008416,SMP,Negeri,Kec. Garum,051516,Kab. Blitar,051500,Prov. Jawa Timur,050000,16,3,289,9,6,1,1,20,02 Apr 2026 13:22:56,DC171FD885BE7CC2C7EB
SMP ISLAM IBNU MAS`UD,70026902,SMP,Swasta,Kec. Garum,051516,Kab. Blitar,051500,Prov. Jawa Timur,050000,6,2,56,3,3,0,1,18,06 Apr 2026 12:36:26,321A0D7EF0670D2AA72E
SMP IT AL-HIKMAH BENCE,20549319,SMP,Swasta,Kec. Garum,051516,Kab. Blitar,051500,Prov. Jawa Timur,050000,13,3,227,8,9,2,1,14,28 Apr 2026 09:53:11,FFCE654E393AD4070B2C
SMP NU GARUM,20514464,SMP,Swasta,Kec. Garum,051516,Kab. Blitar,051500,Prov. Jawa Timur,050000,3,2,47,3,3,1,1,8,03 Mar 2026 09:04:56,C33D12633DD4A021720F
SMP PGRI GARUM,20514455,SMP,Swasta,Kec. Garum,051516,Kab. Blitar,051500,Prov. Jawa Timur,050000,6,1,12,3,3,2,1,3,22 Jan 2026 14:49:31,FC333FD23EBC2429BBE1
SMAN 1 GARUM,20514351,SMA,Negeri,Kec. Garum,051516,Kab. Blitar,051500,Prov. Jawa Timur,050000,53,15,1052,30,27,7,1,29,14 Apr 2026 15:32:36,8BEC8FFD6B799D4F3DCC
SMA  IT AL HIKMAH,69948430,SMA,Swasta,Kec. Garum,051516,Kab. Blitar,051500,Prov. Jawa Timur,050000,8,2,60,3,6,2,1,11,10 Mar 2026 09:58:58,21E0B443A9BBA0EDACF4
SMAS KATOLIK SEMINARI GARUM,20549326,SMA,Swasta,Kec. Garum,051516,Kab. Blitar,051500,Prov. Jawa Timur,050000,12,5,89,3,8,5,1,11,08 Apr 2026 07:10:33,F26009BB6B43C6A2F6E1
SMKS KESEHATAN BIM BLITAR,20573398,SMK,Swasta,Kec. Garum,051516,Kab. Blitar,051500,Prov. Jawa Timur,050000,25,13,393,16,13,2,1,25,27 Apr 2026 12:16:30,9480B5EA298239C7547B
UPT SD NEGERI BABADAN 01,20514722,SD,Negeri,Kec. Wlingi,051514,Kab. Blitar,051500,Prov. Jawa Timur,050000,29,6,661,24,24,1,1,27,03 Mar 2026 19:04:53,0B96D35138DCD7BFEFD3
UPT SD NEGERI BABADAN 02,20514723,SD,Negeri,Kec. Wlingi,051514,Kab. Blitar,051500,Prov. Jawa Timur,050000,8,2,100,6,6,0,1,31,24 Apr 2026 07:39:38,7C0DA25F32169850B694
UPT SD NEGERI BABADAN 03,20514738,SD,Negeri,Kec. Wlingi,051514,Kab. Blitar,051500,Prov. Jawa Timur,050000,4,1,43,6,5,0,1,25,07 Apr 2026 07:43:09,B366F512CC6349C67FCD
UPT SD NEGERI BABADAN 04,20514737,SD,Negeri,Kec. Wlingi,051514,Kab. Blitar,051500,Prov. Jawa Timur,050000,7,1,35,6,6,0,0,22,17 Apr 2026 10:49:59,E641BB29D72EE3139AB5
UPT SD NEGERI BABADAN 05,20514736,SD,Negeri,Kec. Wlingi,051514,Kab. Blitar,051500,Prov. Jawa Timur,050000,8,3,109,6,6,1,1,32,09 Apr 2026 10:22:27,ADEA907E3421E36FAF3E
UPT SD NEGERI BALEREJO 01,20552219,SD,Negeri,Kec. Wlingi,051514,Kab. Blitar,051500,Prov. Jawa Timur,050000,7,2,99,6,7,0,1,20,08 Apr 2026 13:19:00,AFF7A4FA010103DC8B76
UPT SD NEGERI BALEREJO 03,20552216,SD,Negeri,Kec. Wlingi,051514,Kab. Blitar,051500,Prov. Jawa Timur,050000,11,2,131,7,9,0,1,19,02 May 2026 06:49:30,784EAF0DDE6F89E76E31
UPT SD NEGERI BERU 01,20515069,SD,Negeri,Kec. Wlingi,051514,Kab. Blitar,051500,Prov. Jawa Timur,050000,16,2,312,13,15,0,1,18,07 Apr 2026 08:55:49,9F362A8913E884462A64
UPT SD NEGERI BERU 03,20515067,SD,Negeri,Kec. Wlingi,051514,Kab. Blitar,051500,Prov. Jawa Timur,050000,7,2,65,6,6,0,1,20,01 May 2026 09:45:40,D72A5879AEB31B53932A
UPT SD NEGERI KLEMUNAN 01,20515004,SD,Negeri,Kec. Wlingi,051514,Kab. Blitar,051500,Prov. Jawa Timur,050000,8,2,51,6,6,0,1,10,11 Apr 2026 11:32:15,90BA7C470D775F8CEC9C
UPT SD NEGERI KLEMUNAN 02,20515020,SD,Negeri,Kec. Wlingi,051514,Kab. Blitar,051500,Prov. Jawa Timur,050000,3,1,23,5,6,0,1,1,07 Apr 2026 19:56:52,DDB82C714909F21D060F
UPT SD NEGERI KLEMUNAN 03,20515019,SD,Negeri,Kec. Wlingi,051514,Kab. Blitar,051500,Prov. Jawa Timur,050000,4,1,18,6,6,0,1,12,02 Apr 2026 17:42:37,D1CF70F25E74398AC409
UPT SD NEGERI NGADIRENGGO 01,20514211,SD,Negeri,Kec. Wlingi,051514,Kab. Blitar,051500,Prov. Jawa Timur,050000,7,1,85,6,6,1,1,15,04 Apr 2026 20:20:52,8F0AE9AD8EDCCB88EED2
UPT SD NEGERI NGADIRENGGO 02,20514210,SD,Negeri,Kec. Wlingi,051514,Kab. Blitar,051500,Prov. Jawa Timur,050000,6,1,65,6,7,0,1,15,06 Apr 2026 10:49:14,9AB049F711A2ACCDD6FA
UPT SD NEGERI NGADIRENGGO 03,20514209,SD,Negeri,Kec. Wlingi,051514,Kab. Blitar,051500,Prov. Jawa Timur,050000,4,1,21,6,6,0,0,30,11 Apr 2026 16:57:41,1E70144691DB469EA250
UPT SD NEGERI NGADIRENGGO 04,20514208,SD,Negeri,Kec. Wlingi,051514,Kab. Blitar,051500,Prov. Jawa Timur,050000,7,2,48,6,5,0,1,13,20 Apr 2026 09:22:40,058D917E6D70100ED0FD
UPT SD NEGERI NGADIRENGGO 05,20514207,SD,Negeri,Kec. Wlingi,051514,Kab. Blitar,051500,Prov. Jawa Timur,050000,7,1,49,6,3,0,0,15,05 Apr 2026 12:38:02,B2969179DEC1E5D6F424
UPT SD NEGERI TANGKIL 01,20514604,SD,Negeri,Kec. Wlingi,051514,Kab. Blitar,051500,Prov. Jawa Timur,050000,14,2,289,12,12,1,1,17,08 Apr 2026 19:18:02,EBA8AC3DE0B6C0FFBF5F
UPT SD NEGERI TANGKIL 02,20514603,SD,Negeri,Kec. Wlingi,051514,Kab. Blitar,051500,Prov. Jawa Timur,050000,7,1,68,6,6,0,0,38,24 Apr 2026 08:23:44,37E2CF3D57C69639851D
UPT SD NEGERI TANGKIL 03,20514602,SD,Negeri,Kec. Wlingi,051514,Kab. Blitar,051500,Prov. Jawa Timur,050000,8,2,43,6,6,0,1,25,15 Apr 2026 12:54:35,477B3CE9F610BE4DFBA5
UPT SD NEGERI TEGALASRI 01,20514626,SD,Negeri,Kec. Wlingi,051514,Kab. Blitar,051500,Prov. Jawa Timur,050000,9,3,121,6,9,0,1,17,21 Apr 2026 08:19:47,2C5D04E82FA4A632CA22
UPT SD NEGERI TEGALASRI 02,20514625,SD,Negeri,Kec. Wlingi,051514,Kab. Blitar,051500,Prov. Jawa Timur,050000,8,2,105,6,6,0,1,20,06 Apr 2026 10:23:39,A3CAC3A2AEC54510E3F9
UPT SD NEGERI TEGALASRI 03,20514624,SD,Negeri,Kec. Wlingi,051514,Kab. Blitar,051500,Prov. Jawa Timur,050000,6,2,103,6,8,1,1,24,29 Apr 2026 11:26:15,A5F86B41647E6BC1D96B
UPT SD NEGERI TEGALASRI 04,20514623,SD,Negeri,Kec. Wlingi,051514,Kab. Blitar,051500,Prov. Jawa Timur,050000,6,2,75,6,6,0,1,11,10 Apr 2026 14:20:45,61768F0AEB2A9B01C7AF
UPT SD NEGERI TEMBALANG,20514620,SD,Negeri,Kec. Wlingi,051514,Kab. Blitar,051500,Prov. Jawa Timur,050000,8,1,105,6,6,0,1,10,23 Apr 2026 10:45:17,177DB8301766D8D3DE5D
UPT SD NEGERI WLINGI 01,20514382,SD,Negeri,Kec. Wlingi,051514,Kab. Blitar,051500,Prov. Jawa Timur,050000,8,1,122,6,6,0,1,35,11 Apr 2026 18:30:35,887F35E8B0ABFCFD6F53
UPT SD NEGERI WLINGI 02,20514381,SD,Negeri,Kec. Wlingi,051514,Kab. Blitar,051500,Prov. Jawa Timur,050000,16,4,281,12,12,0,1,48,28 Apr 2026 07:29:15,E4FEFB9D22E52B123D51
UPT SD NEGERI WLINGI 03,20514380,SD,Negeri,Kec. Wlingi,051514,Kab. Blitar,051500,Prov. Jawa Timur,050000,4,2,31,6,6,0,1,13,28 Apr 2026 18:56:49,C8740DD615C49C82F199
SD ISLAM BABADAN,20514713,SD,Swasta,Kec. Wlingi,051514,Kab. Blitar,051500,Prov. Jawa Timur,050000,12,1,257,12,12,1,1,6,07 Apr 2026 12:13:52,0EA4A6B961BBE375A8B7
SD IT BINA INSAN MULIA,20566367,SD,Swasta,Kec. Wlingi,051514,Kab. Blitar,051500,Prov. Jawa Timur,050000,13,2,207,12,11,1,1,8,15 Apr 2026 18:54:04,46039609B5B1C288BCB4
SDI MIFTAHUL ULUM KLEMUNAN,69981912,SD,Swasta,Kec. Wlingi,051514,Kab. Blitar,051500,Prov. Jawa Timur,050000,7,2,164,7,7,0,0,8,03 Mar 2026 21:16:53,0D4775E2AB40DFE30208
UPT SMP NEGERI 1 WLINGI,20514411,SMP,Negeri,Kec. Wlingi,051514,Kab. Blitar,051500,Prov. Jawa Timur,050000,53,11,954,30,30,5,2,20,26 Apr 2026 22:31:44,62B361396197749F24FB
UPT SMP NEGERI 2 WLINGI,20514430,SMP,Negeri,Kec. Wlingi,051514,Kab. Blitar,051500,Prov. Jawa Timur,050000,52,6,937,30,30,5,1,30,29 Apr 2026 12:04:58,1CD7BAE424143BAE46E6
UPT SMP NEGERI 3 WLINGI,20554575,SMP,Negeri,Kec. Wlingi,051514,Kab. Blitar,051500,Prov. Jawa Timur,050000,16,4,244,8,11,1,0,26,27 Apr 2026 12:09:41,45CA93FD1BC8895B7CFC
SMPI MIFTAHUL ULUM,70000623,SMP,Swasta,Kec. Wlingi,051514,Kab. Blitar,051500,Prov. Jawa Timur,050000,7,2,136,6,6,1,0,8,29 Apr 2026 10:22:59,29EBBA31260C76B04536
SMKS Farmasi Katolik Citra F,69787511,SMK,Swasta,Kec. Wlingi,051514,Kab. Blitar,051500,Prov. Jawa Timur,050000,11,5,29,3,3,2,1,13,03 Mar 2026 09:22:40,CDC15C9E3BE26A757D24
SMKS INDRAPHRASTA WLINGI,20549740,SMK,Swasta,Kec. Wlingi,051514,Kab. Blitar,051500,Prov. Jawa Timur,050000,7,3,21,3,3,1,1,16,12 Apr 2026 22:31:39,54F6F62E7256093714A2
SMKS ISLAM 2 WLINGI,20514354,SMK,Swasta,Kec. Wlingi,051514,Kab. Blitar,051500,Prov. Jawa Timur,050000,22,4,637,21,15,2,1,22,24 Apr 2026 13:56:48,9CA66DCA78DAC7A3DF71
SMKS PGRI WLINGI,20514366,SMK,Swasta,Kec. Wlingi,051514,Kab. Blitar,051500,Prov. Jawa Timur,050000,96,30,2234,71,41,5,1,70,30 Apr 2026 15:34:39,0269C0DCF59650FF7CD1
SMKS WIGHNESWARA WLINGI,20514340,SMK,Swasta,Kec. Wlingi,051514,Kab. Blitar,051500,Prov. Jawa Timur,050000,7,1,11,3,3,1,1,13,22 Apr 2026 09:17:35,FD2AF30584FF085E90A2
UPT SD NEGERI GANDEKAN 01,20515185,SD,Negeri,Kec. Wonodadi,051521,Kab. Blitar,051500,Prov. Jawa Timur,050000,8,1,71,6,6,0,0,17,30 Apr 2026 07:52:18,8C861E85038684CDF088
UPT SD NEGERI GANDEKAN 02,20515184,SD,Negeri,Kec. Wonodadi,051521,Kab. Blitar,051500,Prov. Jawa Timur,050000,7,2,60,6,6,1,1,20,04 Mar 2026 12:40:43,7DCFFF1DA43753A8B806
UPT SD NEGERI GANDEKAN 04,20515183,SD,Negeri,Kec. Wonodadi,051521,Kab. Blitar,051500,Prov. Jawa Timur,050000,6,1,24,6,6,0,1,21,08 Apr 2026 10:05:06,7D98B2220A34CA44EBAF
UPT SD NEGERI JATEN,20515146,SD,Negeri,Kec. Wonodadi,051521,Kab. Blitar,051500,Prov. Jawa Timur,050000,8,2,95,6,6,0,1,10,06 Apr 2026 08:09:38,32BDA59A524E2F5E979D
UPT SD NEGERI KALIBOTO,20514971,SD,Negeri,Kec. Wonodadi,051521,Kab. Blitar,051500,Prov. Jawa Timur,050000,9,2,72,6,6,0,0,8,03 Mar 2026 10:36:33,344FAE04456760D2ACCC
UPT SD NEGERI KEBONAGUNG 01,20515038,SD,Negeri,Kec. Wonodadi,051521,Kab. Blitar,051500,Prov. Jawa Timur,050000,6,2,41,6,6,0,1,19,13 Apr 2026 11:31:04,4C50D26DDF7783B09376
UPT SD NEGERI KEBONAGUNG 03,20515039,SD,Negeri,Kec. Wonodadi,051521,Kab. Blitar,051500,Prov. Jawa Timur,050000,7,2,41,6,7,0,1,11,04 Mar 2026 09:16:12,E2D9D29E8C662FDACDD7
UPT SD NEGERI KOLOMAYAN 01,20515018,SD,Negeri,Kec. Wonodadi,051521,Kab. Blitar,051500,Prov. Jawa Timur,050000,8,1,28,6,5,0,0,8,10 Apr 2026 08:34:57,5034809318733325B0EE
UPT SD NEGERI KOLOMAYAN 02,20515017,SD,Negeri,Kec. Wonodadi,051521,Kab. Blitar,051500,Prov. Jawa Timur,050000,8,1,52,6,6,0,0,8,13 Apr 2026 21:03:05,F962735D29F3E69B7D68
UPT SD NEGERI KOLOMAYAN 03,20515016,SD,Negeri,Kec. Wonodadi,051521,Kab. Blitar,051500,Prov. Jawa Timur,050000,8,1,41,6,6,0,1,20,29 Apr 2026 21:12:05,BE4183C7F3B6A61AA1FF
UPT SD NEGERI KUNIR 01,20515006,SD,Negeri,Kec. Wonodadi,051521,Kab. Blitar,051500,Prov. Jawa Timur,050000,8,3,69,6,6,1,1,17,30 Apr 2026 09:43:16,4E38E14D15343C025827
UPT SD NEGERI KUNIR 02,20515005,SD,Negeri,Kec. Wonodadi,051521,Kab. Blitar,051500,Prov. Jawa Timur,050000,6,2,107,6,6,1,1,23,13 Apr 2026 21:28:34,170A6349F2D7E8D40C56
UPT SD NEGERI KUNIR 03,20514985,SD,Negeri,Kec. Wonodadi,051521,Kab. Blitar,051500,Prov. Jawa Timur,050000,11,2,169,9,7,2,1,26,25 Apr 2026 08:40:40,68548FA350CEB6B038F6
UPT SD NEGERI PIKATAN 01,20514300,SD,Negeri,Kec. Wonodadi,051521,Kab. Blitar,051500,Prov. Jawa Timur,050000,7,2,25,6,6,0,0,12,04 Mar 2026 11:13:04,20BDBD1D330D6ECB4498
UPT SD NEGERI REJOSARI,20514072,SD,Negeri,Kec. Wonodadi,051521,Kab. Blitar,051500,Prov. Jawa Timur,050000,8,2,43,6,6,0,1,19,29 Mar 2026 18:20:10,1343C99BD0348FB2FE6D
UPT SD NEGERI SALAM,20514087,SD,Negeri,Kec. Wonodadi,051521,Kab. Blitar,051500,Prov. Jawa Timur,050000,8,1,49,6,7,0,1,8,14 Mar 2026 10:47:41,5E721531D86DB0C28840
UPT SD NEGERI TAWANGREJO 01,20514631,SD,Negeri,Kec. Wonodadi,051521,Kab. Blitar,051500,Prov. Jawa Timur,050000,7,1,67,6,6,0,1,10,03 Mar 2026 11:19:01,167521E84640535D27C3
UPT SD NEGERI TAWANGREJO 02,20514630,SD,Negeri,Kec. Wonodadi,051521,Kab. Blitar,051500,Prov. Jawa Timur,050000,7,1,31,6,8,1,2,8,07 Apr 2026 05:19:45,2A890E893D83B623BDAC
UPT SD NEGERI WONODADI 01,20514379,SD,Negeri,Kec. Wonodadi,051521,Kab. Blitar,051500,Prov. Jawa Timur,050000,8,2,190,9,6,0,1,10,08 Apr 2026 07:38:07,6B6CC3B4253CE7C4968C
UPT SD NEGERI WONODADI 03,20514378,SD,Negeri,Kec. Wonodadi,051521,Kab. Blitar,051500,Prov. Jawa Timur,050000,8,3,100,6,6,0,1,10,04 Mar 2026 10:15:23,2E304C53CBD7078E17B6
SD ISLAM HASYIM ASY ARI,20549296,SD,Swasta,Kec. Wonodadi,051521,Kab. Blitar,051500,Prov. Jawa Timur,050000,23,3,377,14,18,2,1,9,03 Mar 2026 09:25:13,2E668227A4CFD0F55D7F
UPT SMP NEGERI 1 WONODADI,20551719,SMP,Negeri,Kec. Wonodadi,051521,Kab. Blitar,051500,Prov. Jawa Timur,050000,19,5,272,10,12,2,3,34,28 Apr 2026 08:11:02,DF5E37DF6C9B77F12B4A
SMP AL KAMAL,20514362,SMP,Swasta,Kec. Wonodadi,051521,Kab. Blitar,051500,Prov. Jawa Timur,050000,11,5,327,11,14,2,1,14,21 Apr 2026 11:39:59,CD07A6178B368130BCFA
SMP ASWAJA,20554580,SMP,Swasta,Kec. Wonodadi,051521,Kab. Blitar,051500,Prov. Jawa Timur,050000,5,1,52,3,4,2,1,9,30 Apr 2026 10:45:50,A88B257170D0B2A38F8A
SMP ISLAM TERPADU SUNAN KALIJAGA,69992039,SMP,Swasta,Kec. Wonodadi,051521,Kab. Blitar,051500,Prov. Jawa Timur,050000,13,1,190,8,7,2,1,7,10 Apr 2026 10:42:58,38200EF0EF18E0D679EC
SMP MUALLIMIN WONODADI,20514466,SMP,Swasta,Kec. Wonodadi,051521,Kab. Blitar,051500,Prov. Jawa Timur,050000,23,1,399,13,13,1,1,12,24 Apr 2026 09:55:31,AB71600344FE9DC3066D
SMP TERPADU ABUL FAIDL WONODADI,20566465,SMP,Swasta,Kec. Wonodadi,051521,Kab. Blitar,051500,Prov. Jawa Timur,050000,8,1,40,3,6,2,1,13,10 Apr 2026 18:05:19,A1ACDB6846B85E856C49
SMA ISLAM TERPADU WALISONGO,70038707,SMA,Swasta,Kec. Wonodadi,051521,Kab. Blitar,051500,Prov. Jawa Timur,050000,16,2,179,6,6,2,1,13,18 Apr 2026 19:49:08,E9929830290BE224C670
SMA TERPADU ABUL FAIDL,20552151,SMA,Swasta,Kec. Wonodadi,051521,Kab. Blitar,051500,Prov. Jawa Timur,050000,8,2,71,3,11,5,1,13,18 Apr 2026 10:36:24,FB25934D75461C5EA018
SMK DARUL HUDA,69900338,SMK,Swasta,Kec. Wonodadi,051521,Kab. Blitar,051500,Prov. Jawa Timur,050000,24,3,294,16,10,2,1,41,28 Apr 2026 13:11:52,7F9C7F61F7DE90D68010
SMK UNGGULAN AL KAMAL KUNIR,20549328,SMK,Swasta,Kec. Wonodadi,051521,Kab. Blitar,051500,Prov. Jawa Timur,050000,13,2,149,7,6,1,1,14,22 Apr 2026 08:17:37,28C5BAD31447AA44D8A5
SMKS ASWAJA KUNIR,69829178,SMK,Swasta,Kec. Wonodadi,051521,Kab. Blitar,051500,Prov. Jawa Timur,050000,11,0,60,4,4,1,1,13,14 Mar 2026 11:12:09,806DCFF6495C2E5CCB81
UPT SD NEGERI BENDOSARI 01,20515112,SD,Negeri,Kec. Sanankulon,051518,Kab. Blitar,051500,Prov. Jawa Timur,050000,8,2,75,6,6,1,2,25,10 Apr 2026 08:10:21,568BACC351577F43AB4C
UPT SD NEGERI BENDOSARI 02,20515091,SD,Negeri,Kec. Sanankulon,051518,Kab. Blitar,051500,Prov. Jawa Timur,050000,7,2,93,6,6,1,1,15,27 Apr 2026 09:15:07,98731EF2B83E2CABC3C8
UPT SD NEGERI BENDOWULUNG,20515070,SD,Negeri,Kec. Sanankulon,051518,Kab. Blitar,051500,Prov. Jawa Timur,050000,8,2,84,6,6,0,1,18,04 Mar 2026 12:03:27,8EA0FE5925E62C737BB6
UPT SD NEGERI GLEDUG 01,20515130,SD,Negeri,Kec. Sanankulon,051518,Kab. Blitar,051500,Prov. Jawa Timur,050000,6,1,48,6,6,0,1,20,04 Mar 2026 08:24:31,95FF27F3A3F6C369C6F5
UPT SD NEGERI GLEDUG 02,20515129,SD,Negeri,Kec. Sanankulon,051518,Kab. Blitar,051500,Prov. Jawa Timur,050000,7,2,35,6,6,0,0,15,18 Apr 2026 10:17:06,47571E518A6E783F9A58
UPT SD NEGERI JEDING,20514958,SD,Negeri,Kec. Sanankulon,051518,Kab. Blitar,051500,Prov. Jawa Timur,050000,8,2,63,6,6,0,0,25,03 Mar 2026 10:26:21,F08E1D26D1E275CF49A2
UPT SD NEGERI KALIPUCUNG 02,20514921,SD,Negeri,Kec. Sanankulon,051518,Kab. Blitar,051500,Prov. Jawa Timur,050000,7,3,133,6,6,1,1,19,30 Mar 2026 13:42:25,A269958A15FA80863861
UPT SD NEGERI KALIPUCUNG 03,20514920,SD,Negeri,Kec. Sanankulon,051518,Kab. Blitar,051500,Prov. Jawa Timur,050000,6,2,63,6,6,1,1,16,04 Mar 2026 11:58:00,8E4FD41C1E6766C3E518
UPT SD NEGERI PLOSOARANG 01,20514291,SD,Negeri,Kec. Sanankulon,051518,Kab. Blitar,051500,Prov. Jawa Timur,050000,7,2,47,6,8,0,1,47,30 Apr 2026 11:22:05,D91EA93C10821C20AEBE
UPT SD NEGERI PLOSOARANG 02,20514290,SD,Negeri,Kec. Sanankulon,051518,Kab. Blitar,051500,Prov. Jawa Timur,050000,7,1,26,6,6,0,1,13,03 Apr 2026 09:51:20,AC85386012D6090A0708
UPT SD NEGERI PURWOREJO 01,20514115,SD,Negeri,Kec. Sanankulon,051518,Kab. Blitar,051500,Prov. Jawa Timur,050000,7,3,86,6,6,2,1,31,16 Apr 2026 18:28:42,D84080BDD2467094835B
UPT SD NEGERI PURWOREJO 02,20514114,SD,Negeri,Kec. Sanankulon,051518,Kab. Blitar,051500,Prov. Jawa Timur,050000,7,1,34,6,6,0,0,10,03 Mar 2026 18:49:15,45628F843F1F531E8819
UPT SD NEGERI PURWOREJO 03,20514110,SD,Negeri,Kec. Sanankulon,051518,Kab. Blitar,051500,Prov. Jawa Timur,050000,8,2,61,6,6,0,1,34,02 May 2026 08:40:09,AE0E85C8BC880B873D38
UPT SD NEGERI PURWOREJO 04,20514109,SD,Negeri,Kec. Sanankulon,051518,Kab. Blitar,051500,Prov. Jawa Timur,050000,7,1,48,6,6,0,1,9,04 Mar 2026 17:30:50,CEB8A2218DDE0E163545
UPT SD NEGERI SANANKULON 01,20514081,SD,Negeri,Kec. Sanankulon,051518,Kab. Blitar,051500,Prov. Jawa Timur,050000,7,1,61,6,6,0,1,28,02 May 2026 18:18:54,4CF21628A661C3CC0F95
UPT SD NEGERI SANANKULON 02,20514080,SD,Negeri,Kec. Sanankulon,051518,Kab. Blitar,051500,Prov. Jawa Timur,050000,8,3,112,6,6,0,0,42,27 Apr 2026 10:16:03,3EDA5D22609288118C3A
UPT SD NEGERI SANANKULON 03,20514079,SD,Negeri,Kec. Sanankulon,051518,Kab. Blitar,051500,Prov. Jawa Timur,050000,8,3,58,6,6,0,1,15,27 Apr 2026 07:23:26,1B70850F29C4B52464F7
UPT SD NEGERI SUMBER 01,20514527,SD,Negeri,Kec. Sanankulon,051518,Kab. Blitar,051500,Prov. Jawa Timur,050000,7,2,52,6,6,0,0,16,30 Apr 2026 09:41:34,33796C1EA6BB9C8BFC1F
UPT SD NEGERI SUMBER 02,20514526,SD,Negeri,Kec. Sanankulon,051518,Kab. Blitar,051500,Prov. Jawa Timur,050000,7,2,98,6,6,0,1,28,06 Apr 2026 09:02:58,BE4684D34D7962B5D268
UPT SD NEGERI SUMBER 03,20514525,SD,Negeri,Kec. Sanankulon,051518,Kab. Blitar,051500,Prov. Jawa Timur,050000,8,2,60,6,6,0,1,12,19 Apr 2026 11:18:18,D49211448F9151BCCC00
UPT SD NEGERI SUMBERINGIN 02,20514495,SD,Negeri,Kec. Sanankulon,051518,Kab. Blitar,051500,Prov. Jawa Timur,050000,6,2,32,6,6,0,0,21,10 Apr 2026 21:55:25,5597841AD31DA3C76A08
UPT SD NEGERI SUMBERINGIN 03,20514494,SD,Negeri,Kec. Sanankulon,051518,Kab. Blitar,051500,Prov. Jawa Timur,050000,8,1,65,6,6,0,0,34,09 Apr 2026 07:15:08,B13D7524772BA81DB3E8
UPT SD NEGERI SUMBERINGIN 04,20514493,SD,Negeri,Kec. Sanankulon,051518,Kab. Blitar,051500,Prov. Jawa Timur,050000,6,2,138,6,6,0,1,29,17 Apr 2026 10:29:02,5331F8349255C4C4806A
UPT SD NEGERI SUMBERJO 01,20514490,SD,Negeri,Kec. Sanankulon,051518,Kab. Blitar,051500,Prov. Jawa Timur,050000,8,2,142,6,6,0,1,19,19 Apr 2026 21:10:21,6DD22654A20F732D8B63
UPT SD NEGERI SUMBERJO 02,10514488,SD,Negeri,Kec. Sanankulon,051518,Kab. Blitar,051500,Prov. Jawa Timur,050000,7,2,54,6,6,0,0,20,29 Mar 2026 05:03:46,A7879381CFB99017F154
UPT SD NEGERI TULISKRIYO 01,20514583,SD,Negeri,Kec. Sanankulon,051518,Kab. Blitar,051500,Prov. Jawa Timur,050000,8,1,46,6,8,0,1,55,09 Apr 2026 20:13:59,F66FBCD02482F6503978
UPT SD NEGERI TULISKRIYO 02,20514584,SD,Negeri,Kec. Sanankulon,051518,Kab. Blitar,051500,Prov. Jawa Timur,050000,7,2,70,6,6,0,1,16,04 Mar 2026 23:59:40,3E2A1A35244C554FC93B
SD ALAM WANATANI,20514714,SD,Swasta,Kec. Sanankulon,051518,Kab. Blitar,051500,Prov. Jawa Timur,050000,7,1,56,6,6,0,0,15,29 Apr 2026 11:22:45,C97304933C4CBF32F09B
SD INTEGRAL YAA BUNAYYA,20549294,SD,Swasta,Kec. Sanankulon,051518,Kab. Blitar,051500,Prov. Jawa Timur,050000,7,2,53,6,6,1,1,7,04 Mar 2026 12:42:29,B8BAEDC9327138155AD0
SD ISLAM QUR`AN AL ISTIQOMAH,70013097,SD,Swasta,Kec. Sanankulon,051518,Kab. Blitar,051500,Prov. Jawa Timur,050000,7,2,108,6,6,0,0,16,07 Apr 2026 10:10:53,7A0CB9A1BF70CF777874
UPT SMP NEGERI 1 SANANKULON,20551738,SMP,Negeri,Kec. Sanankulon,051518,Kab. Blitar,051500,Prov. Jawa Timur,050000,35,7,564,19,20,3,2,20,23 Apr 2026 11:41:12,3F724F9197CE8075A32D
SMP AL-HIKAM WANATANI,69991797,SMP,Swasta,Kec. Sanankulon,051518,Kab. Blitar,051500,Prov. Jawa Timur,050000,5,2,56,3,3,1,0,7,11 Feb 2026 11:10:13,E01D048DE8541BF87F55
SMP ISLAM AFADA,69989475,SMP,Swasta,Kec. Sanankulon,051518,Kab. Blitar,051500,Prov. Jawa Timur,050000,15,2,230,9,9,0,0,18,28 Apr 2026 20:08:31,1BC2D88156AD5C66995E
SMP MAMBAUS SHOLIHIN,20514467,SMP,Swasta,Kec. Sanankulon,051518,Kab. Blitar,051500,Prov. Jawa Timur,050000,17,4,297,10,13,2,2,26,23 Apr 2026 11:38:22,DA57FC4D32EE87588168
SMP NABAWI MAFTAHUL ULUUM,20564090,SMP,Swasta,Kec. Sanankulon,051518,Kab. Blitar,051500,Prov. Jawa Timur,050000,11,2,187,8,9,2,1,11,06 Mar 2026 20:32:37,BB02D7D6C3B2E64F8883
SMP PGRI SANANKULON,20514452,SMP,Swasta,Kec. Sanankulon,051518,Kab. Blitar,051500,Prov. Jawa Timur,050000,2,1,17,3,3,3,1,4,05 Mar 2026 08:27:35,C5FDD5A17E26BFDD0318
SMAS MAMBA US SHOLIHIN,20549327,SMA,Swasta,Kec. Sanankulon,051518,Kab. Blitar,051500,Prov. Jawa Timur,050000,14,2,142,5,5,2,1,16,02 May 2026 11:53:22,824167CC4A89CB01ECA0
SMAS NABAWI MAFTAHUL ULUM,69757428,SMA,Swasta,Kec. Sanankulon,051518,Kab. Blitar,051500,Prov. Jawa Timur,050000,13,1,168,6,6,2,1,9,29 Apr 2026 10:22:21,26BBF19AB290704DCDDE
SMKS BINA WISATA SANANKULON,20514338,SMK,Swasta,Kec. Sanankulon,051518,Kab. Blitar,051500,Prov. Jawa Timur,050000,8,1,76,3,3,4,1,55,28 Apr 2026 10:00:45,DB9E3A7B3CA1B596FF2C
UPT SD NEGERI BALEREJO 01,20552211,SD,Negeri,Kec. Panggungrejo,051503,Kab. Blitar,051500,Prov. Jawa Timur,050000,6,2,85,6,6,0,1,12,04 Mar 2026 12:30:59,9129EA45C063C9A2953C
UPT SD NEGERI BALEREJO 03,20552212,SD,Negeri,Kec. Panggungrejo,051503,Kab. Blitar,051500,Prov. Jawa Timur,050000,5,1,43,6,6,0,1,29,20 Apr 2026 13:55:01,9E33F65AFC2BA7124FBD
UPT SD NEGERI BUMIAYU 01,20515084,SD,Negeri,Kec. Panggungrejo,051503,Kab. Blitar,051500,Prov. Jawa Timur,050000,8,2,68,6,6,0,1,39,23 Apr 2026 10:40:39,8F9BE4A9B7EC8B296FC4
UPT SD NEGERI BUMIAYU 02,20515083,SD,Negeri,Kec. Panggungrejo,051503,Kab. Blitar,051500,Prov. Jawa Timur,050000,9,2,74,6,6,0,1,10,16 Mar 2026 08:56:41,ECD729BADE804F82A0F0
UPT SD NEGERI KALIGAMBIR 01,20514970,SD,Negeri,Kec. Panggungrejo,051503,Kab. Blitar,051500,Prov. Jawa Timur,050000,2,1,10,4,6,0,0,17,04 Apr 2026 07:56:04,8ADC8E97FB04051A2F3B
UPT SD NEGERI KALIGAMBIR 02,20514969,SD,Negeri,Kec. Panggungrejo,051503,Kab. Blitar,051500,Prov. Jawa Timur,050000,8,1,76,6,5,0,1,15,30 Mar 2026 20:55:15,6A9E8F20DEC5264A5A89
UPT SD NEGERI KALIGAMBIR 03,20514968,SD,Negeri,Kec. Panggungrejo,051503,Kab. Blitar,051500,Prov. Jawa Timur,050000,7,2,60,6,6,0,1,7,02 Apr 2026 13:17:41,4049BEB28BF0FE089C03
UPT SD NEGERI KALIGAMBIR 04,20514950,SD,Negeri,Kec. Panggungrejo,051503,Kab. Blitar,051500,Prov. Jawa Timur,050000,8,2,128,6,6,0,1,13,06 Mar 2026 19:39:34,82BB98DA915C33F1F256
UPT SD NEGERI KALIGAMBIR 06,20514949,SD,Negeri,Kec. Panggungrejo,051503,Kab. Blitar,051500,Prov. Jawa Timur,050000,8,1,42,6,4,0,0,22,09 Apr 2026 12:12:35,18C1AFEC5844C6ADD029
UPT SD NEGERI KALITENGAH 01,20514919,SD,Negeri,Kec. Panggungrejo,051503,Kab. Blitar,051500,Prov. Jawa Timur,050000,8,3,99,6,7,0,1,17,06 Apr 2026 10:05:47,D92BC1D4B6D3AC636CAF
UPT SD NEGERI KALITENGAH 02,20514918,SD,Negeri,Kec. Panggungrejo,051503,Kab. Blitar,051500,Prov. Jawa Timur,050000,6,2,34,6,6,0,0,24,06 Apr 2026 14:39:43,3032FBF399F140A16F1F
UPT SD NEGERI KALITENGAH 03,20514917,SD,Negeri,Kec. Panggungrejo,051503,Kab. Blitar,051500,Prov. Jawa Timur,050000,9,3,77,6,6,0,0,21,30 Apr 2026 07:49:37,4E45B11A2DEB9A58D08A
UPT SD NEGERI KALITENGAH 04,20514932,SD,Negeri,Kec. Panggungrejo,051503,Kab. Blitar,051500,Prov. Jawa Timur,050000,5,2,39,6,6,0,1,29,02 Apr 2026 17:37:20,AE95A5D488164586AFCB
UPT SD NEGERI KALITENGAH 05,20514933,SD,Negeri,Kec. Panggungrejo,051503,Kab. Blitar,051500,Prov. Jawa Timur,050000,4,2,25,6,4,0,0,18,04 Mar 2026 23:32:42,ACF1F56F46CC31A369CF
UPT SD NEGERI KLATAK,20515003,SD,Negeri,Kec. Panggungrejo,051503,Kab. Blitar,051500,Prov. Jawa Timur,050000,7,1,75,6,6,0,1,10,09 Apr 2026 22:21:30,0DC9FFAF5274FAE2EEBA
UPT SD NEGERI MARGOMULYO 01,20514238,SD,Negeri,Kec. Panggungrejo,051503,Kab. Blitar,051500,Prov. Jawa Timur,050000,6,3,62,6,6,0,1,24,06 Mar 2026 09:18:46,4E68158CEF268447C265
UPT SD NEGERI MARGOMULYO 02,20514237,SD,Negeri,Kec. Panggungrejo,051503,Kab. Blitar,051500,Prov. Jawa Timur,050000,9,1,54,6,6,0,0,29,17 Apr 2026 07:30:39,2C20DF9060C4BCC06B45
UPT SD NEGERI MARGOMULYO 03,20514236,SD,Negeri,Kec. Panggungrejo,051503,Kab. Blitar,051500,Prov. Jawa Timur,050000,5,1,31,5,6,0,1,20,28 Apr 2026 10:14:09,937E5B85BD1836D80054
UPT SD NEGERI PANGGUNGASRI 01,20514326,SD,Negeri,Kec. Panggungrejo,051503,Kab. Blitar,051500,Prov. Jawa Timur,050000,8,2,107,6,13,0,2,12,06 Apr 2026 19:44:35,21370B50805935602896
UPT SD NEGERI PANGGUNGASRI 02,20514325,SD,Negeri,Kec. Panggungrejo,051503,Kab. Blitar,051500,Prov. Jawa Timur,050000,5,2,37,5,5,0,1,18,14 Apr 2026 13:02:40,CBA6F490C3E7F39B06A7
UPT SD NEGERI PANGGUNGREJO 01,20514320,SD,Negeri,Kec. Panggungrejo,051503,Kab. Blitar,051500,Prov. Jawa Timur,050000,8,3,118,6,6,0,1,54,01 May 2026 22:40:27,A8338262069A625BFA3C
UPT SD NEGERI PANGGUNGREJO 02,20514302,SD,Negeri,Kec. Panggungrejo,051503,Kab. Blitar,051500,Prov. Jawa Timur,050000,8,1,53,6,6,0,1,25,24 Apr 2026 10:56:34,C95E7D88F2221C36DD7E
UPT SD NEGERI PANGGUNGREJO 03,20514301,SD,Negeri,Kec. Panggungrejo,051503,Kab. Blitar,051500,Prov. Jawa Timur,050000,8,2,77,6,6,0,1,8,13 Feb 2026 06:16:24,8ABE61DB3A42F7D79E90
UPT SD NEGERI PANGGUNGREJO 04,20514283,SD,Negeri,Kec. Panggungrejo,051503,Kab. Blitar,051500,Prov. Jawa Timur,050000,2,1,13,6,9,0,0,14,15 Apr 2026 21:30:02,F6823515E8B1F5982828
UPT SD NEGERI PANGGUNGREJO 05,20514282,SD,Negeri,Kec. Panggungrejo,051503,Kab. Blitar,051500,Prov. Jawa Timur,050000,6,1,82,6,6,0,0,12,06 Apr 2026 16:16:57,76355D8F00582749383E
UPT SD NEGERI PANGGUNGREJO 06,20514281,SD,Negeri,Kec. Panggungrejo,051503,Kab. Blitar,051500,Prov. Jawa Timur,050000,7,1,54,5,6,0,0,19,07 Mar 2026 07:02:30,D92BA7947298B79708FA
UPT SD NEGERI PANGGUNGREJO 07,20514280,SD,Negeri,Kec. Panggungrejo,051503,Kab. Blitar,051500,Prov. Jawa Timur,050000,7,2,68,6,6,0,0,19,06 Apr 2026 12:15:56,2D359418C5CFE1CF2848
UPT SD NEGERI SERANG 01,20514179,SD,Negeri,Kec. Panggungrejo,051503,Kab. Blitar,051500,Prov. Jawa Timur,050000,6,2,114,6,6,0,1,18,06 Apr 2026 07:52:31,06EAF977CB461071EED2
UPT SD NEGERI SERANG 02,20514194,SD,Negeri,Kec. Panggungrejo,051503,Kab. Blitar,051500,Prov. Jawa Timur,050000,8,2,107,6,6,0,1,14,16 Mar 2026 08:03:20,C6D1394A96BB552B399B
UPT SD NEGERI SUMBERAGUNG 01,20551712,SD,Negeri,Kec. Panggungrejo,051503,Kab. Blitar,051500,Prov. Jawa Timur,050000,8,1,103,6,6,0,2,20,04 Mar 2026 08:54:28,F8C341C9FF7EA5FDD04F
UPT SD NEGERI SUMBERAGUNG 02,20552214,SD,Negeri,Kec. Panggungrejo,051503,Kab. Blitar,051500,Prov. Jawa Timur,050000,5,1,28,5,6,0,1,18,06 Apr 2026 12:39:05,18B399BF6810329BD7F6
UPT SD NEGERI SUMBERSIH 01,20514515,SD,Negeri,Kec. Panggungrejo,051503,Kab. Blitar,051500,Prov. Jawa Timur,050000,7,1,76,6,6,0,2,19,23 Apr 2026 19:54:05,B8FD12119D425A1A5ED7
UPT SD NEGERI SUMBERSIH 02,20514514,SD,Negeri,Kec. Panggungrejo,051503,Kab. Blitar,051500,Prov. Jawa Timur,050000,7,1,46,6,6,0,0,12,11 Apr 2026 09:02:57,8E59581B3B89AD46D320
UPT SD NEGERI SUMBERSIH 03,20514513,SD,Negeri,Kec. Panggungrejo,051503,Kab. Blitar,051500,Prov. Jawa Timur,050000,7,2,37,6,3,0,0,15,06 Apr 2026 12:48:45,CF43E1523B472DE2C781
UPT SMP NEGERI 1 PANGGUNGREJO,20551714,SMP,Negeri,Kec. Panggungrejo,051503,Kab. Blitar,051500,Prov. Jawa Timur,050000,33,7,593,20,21,5,1,21,26 Apr 2026 15:47:32,03ABBABE82AD440A94AE
UPT SMP NEGERI 2 PANGGUNGREJO,20514436,SMP,Negeri,Kec. Panggungrejo,051503,Kab. Blitar,051500,Prov. Jawa Timur,050000,15,6,185,7,8,3,1,18,14 Apr 2026 21:17:27,6001A199785F818C814F
UPT SMP SATU ATAP KALIGAMBIR,69787512,SMP,Negeri,Kec. Panggungrejo,051503,Kab. Blitar,051500,Prov. Jawa Timur,050000,8,1,28,3,3,1,1,12,28 Apr 2026 10:40:31,C157D35962232ED9CE6A
UPT SMP SATU ATAP PANGGUNGREJO,20575272,SMP,Negeri,Kec. Panggungrejo,051503,Kab. Blitar,051500,Prov. Jawa Timur,050000,9,2,50,3,5,1,1,33,22 Apr 2026 10:32:34,1D4C5DC23DA176CC3341
SMP PGRI PANGGUNGREJO,20514453,SMP,Swasta,Kec. Panggungrejo,051503,Kab. Blitar,051500,Prov. Jawa Timur,050000,3,2,51,3,3,3,1,3,17 Feb 2026 15:28:28,228DB07BCC1ACEBC4079
SMKN 1 PANGGUNGREJO BLITAR,20551723,SMK,Negeri,Kec. Panggungrejo,051503,Kab. Blitar,051500,Prov. Jawa Timur,050000,68,15,1361,38,30,6,1,15,04 Feb 2026 07:27:30,C53F35B5C78A05696663
UPT SD NEGERI GUNUNG GEDE 02,20515158,SD,Negeri,Kec. Wonotirto,051502,Kab. Blitar,051500,Prov. Jawa Timur,050000,7,2,80,6,6,0,1,14,08 Apr 2026 08:03:04,706CE949E706FBDAB085
UPT SD NEGERI GUNUNG GEDE 03,20515157,SD,Negeri,Kec. Wonotirto,051502,Kab. Blitar,051500,Prov. Jawa Timur,050000,7,2,106,6,6,0,1,9,09 Mar 2026 14:49:44,3C639372A1D429DA7A17
UPT SD NEGERI GUNUNG GEDE 04,20515156,SD,Negeri,Kec. Wonotirto,051502,Kab. Blitar,051500,Prov. Jawa Timur,050000,7,1,80,6,6,0,1,16,07 Apr 2026 21:38:43,CC27B0FFFFC3F769174E
UPT SD NEGERI KALIGRENJENG 01,20514931,SD,Negeri,Kec. Wonotirto,051502,Kab. Blitar,051500,Prov. Jawa Timur,050000,7,2,81,6,6,0,0,28,25 Apr 2026 09:18:18,2B0A222DDB115A14C156
UPT SD NEGERI KALIGRENJENG 02,20514930,SD,Negeri,Kec. Wonotirto,051502,Kab. Blitar,051500,Prov. Jawa Timur,050000,7,2,74,6,6,0,1,9,06 Apr 2026 17:57:37,520C1202C1B782481D46
UPT SD NEGERI NGADIPURO 01,20514252,SD,Negeri,Kec. Wonotirto,051502,Kab. Blitar,051500,Prov. Jawa Timur,050000,8,2,89,6,6,0,0,12,02 Mar 2026 09:38:27,3FD03B37BEC0B82EB031
UPT SD NEGERI NGADIPURO 03,20514232,SD,Negeri,Kec. Wonotirto,051502,Kab. Blitar,051500,Prov. Jawa Timur,050000,6,2,84,6,6,0,0,13,10 Apr 2026 11:00:54,0EEF0CD784C7E80D04A5
UPT SD NEGERI NGADIPURO 04,20514231,SD,Negeri,Kec. Wonotirto,051502,Kab. Blitar,051500,Prov. Jawa Timur,050000,6,2,97,6,6,0,0,18,10 Apr 2026 14:46:07,DBF15170837CF987E0B5
UPT SD NEGERI NGENI 01,20514225,SD,Negeri,Kec. Wonotirto,051502,Kab. Blitar,051500,Prov. Jawa Timur,050000,5,2,110,6,6,0,0,12,06 Apr 2026 14:09:26,06D2A2993E9E38E8A49A
UPT SD NEGERI NGENI 02,20514224,SD,Negeri,Kec. Wonotirto,051502,Kab. Blitar,051500,Prov. Jawa Timur,050000,6,1,62,6,6,0,1,13,16 Apr 2026 08:46:42,7C733D98F109B594C16F
UPT SD NEGERI NGENI 03,20514223,SD,Negeri,Kec. Wonotirto,051502,Kab. Blitar,051500,Prov. Jawa Timur,050000,8,3,111,6,6,0,1,14,04 Apr 2026 10:53:56,EC90FCA87F935AAE2161
UPT SD NEGERI NGENI 04,20514221,SD,Negeri,Kec. Wonotirto,051502,Kab. Blitar,051500,Prov. Jawa Timur,050000,7,0,29,6,5,0,2,14,07 Apr 2026 22:39:18,B48B95D5E5F71A7A5D21
UPT SD NEGERI NGENI 05,20514220,SD,Negeri,Kec. Wonotirto,051502,Kab. Blitar,051500,Prov. Jawa Timur,050000,5,1,91,6,6,0,0,8,05 Mar 2026 11:11:50,FAEF50F3C7135BC22A60
UPT SD NEGERI NGENI 06,20514219,SD,Negeri,Kec. Wonotirto,051502,Kab. Blitar,051500,Prov. Jawa Timur,050000,7,2,77,6,6,0,0,31,03 Apr 2026 05:22:27,EFC796FE9A98F914898F
UPT SD NEGERI NGENI 07,20514218,SD,Negeri,Kec. Wonotirto,051502,Kab. Blitar,051500,Prov. Jawa Timur,050000,6,1,60,6,6,0,1,12,05 Apr 2026 19:32:58,AAC16DE7D62C3F6E1AB4
UPT SD NEGERI NGENI 08,20514217,SD,Negeri,Kec. Wonotirto,051502,Kab. Blitar,051500,Prov. Jawa Timur,050000,8,1,74,6,6,0,1,16,10 Apr 2026 08:11:58,6B94073CD977EE043A42
UPT SD NEGERI PASIRAMAN 01,20514276,SD,Negeri,Kec. Wonotirto,051502,Kab. Blitar,051500,Prov. Jawa Timur,050000,7,1,74,6,6,0,1,15,02 Apr 2026 09:47:03,FC3CF0AD2DB139C29F82
UPT SD NEGERI PASIRAMAN 02,20514275,SD,Negeri,Kec. Wonotirto,051502,Kab. Blitar,051500,Prov. Jawa Timur,050000,6,2,28,6,5,0,1,14,05 Apr 2026 19:29:16,59C66051E340D33F86A4
UPT SD NEGERI PASIRAMAN 03,20514274,SD,Negeri,Kec. Wonotirto,051502,Kab. Blitar,051500,Prov. Jawa Timur,050000,7,3,110,6,6,1,1,11,02 Apr 2026 20:17:42,EAFF8C4345CA007D6A95
UPT SD NEGERI SUMBERBOTO 02,20514520,SD,Negeri,Kec. Wonotirto,051502,Kab. Blitar,051500,Prov. Jawa Timur,050000,6,1,33,6,6,0,0,10,02 Apr 2026 11:30:35,EDB65262D526BD1C3238
UPT SD NEGERI SUMBERBOTO 03,20514502,SD,Negeri,Kec. Wonotirto,051502,Kab. Blitar,051500,Prov. Jawa Timur,050000,7,0,72,6,6,0,1,8,02 Apr 2026 07:31:49,E532C58E6308A8C95001
UPT SD NEGERI SUMBERBOTO 04,20514501,SD,Negeri,Kec. Wonotirto,051502,Kab. Blitar,051500,Prov. Jawa Timur,050000,7,2,88,6,6,0,1,17,10 Apr 2026 04:11:15,8C774E50C877D229E4CF
UPT SD NEGERI SUMBERBOTO 05,20514500,SD,Negeri,Kec. Wonotirto,051502,Kab. Blitar,051500,Prov. Jawa Timur,050000,5,2,30,6,6,0,1,20,17 Apr 2026 11:16:20,FB1ABC11043AB5FE6DE5
UPT SD NEGERI TAMBAKREJO 01,20514609,SD,Negeri,Kec. Wonotirto,051502,Kab. Blitar,051500,Prov. Jawa Timur,050000,14,3,275,12,8,0,1,17,08 Apr 2026 05:15:03,0F6A22AFD7F7350E1BDE
UPT SD NEGERI TAMBAKREJO 02,20514606,SD,Negeri,Kec. Wonotirto,051502,Kab. Blitar,051500,Prov. Jawa Timur,050000,7,1,155,6,6,0,1,31,01 May 2026 11:04:08,DF632C30DD1AF19A3E7F
UPT SD NEGERI WONOTIRTO 01,20514373,SD,Negeri,Kec. Wonotirto,051502,Kab. Blitar,051500,Prov. Jawa Timur,050000,4,3,37,6,6,0,2,36,02 Mar 2026 22:13:56,CEB1E55D01E1DE18746C
UPT SD NEGERI WONOTIRTO 02,20514388,SD,Negeri,Kec. Wonotirto,051502,Kab. Blitar,051500,Prov. Jawa Timur,050000,7,3,98,6,6,0,1,10,02 Mar 2026 12:45:45,0B3A0D8E2975ACF84198
UPT SD NEGERI WONOTIRTO 03,20514389,SD,Negeri,Kec. Wonotirto,051502,Kab. Blitar,051500,Prov. Jawa Timur,050000,6,1,43,6,6,0,1,18,29 Apr 2026 08:15:39,94E5B58AC95DD8D36D08
UPT SD NEGERI WONOTIRTO 04,20514403,SD,Negeri,Kec. Wonotirto,051502,Kab. Blitar,051500,Prov. Jawa Timur,050000,6,1,46,6,6,0,0,11,29 Apr 2026 10:29:27,F7682FCD08B43CC86052
UPT SD NEGERI WONOTIRTO 05,20514404,SD,Negeri,Kec. Wonotirto,051502,Kab. Blitar,051500,Prov. Jawa Timur,050000,7,2,29,5,6,0,0,11,29 Apr 2026 02:09:58,B1129F5358659AFC7517
UPT SMP NEGERI 1 WONOTIRTO,20514409,SMP,Negeri,Kec. Wonotirto,051502,Kab. Blitar,051500,Prov. Jawa Timur,050000,17,5,401,14,12,3,1,33,13 Apr 2026 11:35:20,D904EC0FEE3450B8781A
UPT SMP NEGERI 2 WONOTIRTO,20514429,SMP,Negeri,Kec. Wonotirto,051502,Kab. Blitar,051500,Prov. Jawa Timur,050000,20,7,265,10,10,3,1,42,29 Apr 2026 07:28:40,DD8979CBDD4EF4C1799D
UPT SMP NEGERI SATU ATAP NGADIPURO WONOTIRTO,20551731,SMP,Negeri,Kec. Wonotirto,051502,Kab. Blitar,051500,Prov. Jawa Timur,050000,8,1,97,5,3,1,1,9,11 Apr 2026 07:55:44,4911377600FB618CB26E
SMP PGRI WONOTIRTO,20549737,SMP,Swasta,Kec. Wonotirto,051502,Kab. Blitar,051500,Prov. Jawa Timur,050000,4,1,16,3,4,2,1,3,23 Apr 2026 11:09:53,7E327D1F1733FE0300B5
SMA MUSLIM PANCASILA,69937697,SMA,Swasta,Kec. Wonotirto,051502,Kab. Blitar,051500,Prov. Jawa Timur,050000,7,1,32,3,3,1,1,14,08 Apr 2026 17:18:35,CAF359EF771DFCB29AE6
UPT SD NEGERI BACEM 02,20514732,SD,Negeri,Kec. Sutojayan,051506,Kab. Blitar,051500,Prov. Jawa Timur,050000,8,2,122,6,7,0,1,19,03 Mar 2026 13:05:50,81EC760D1521473F2F07
UPT SD NEGERI BACEM 03,20554658,SD,Negeri,Kec. Sutojayan,051506,Kab. Blitar,051500,Prov. Jawa Timur,050000,8,2,60,6,7,0,1,18,03 Apr 2026 23:10:25,9787CAA62B8EEBAF12FC
UPT SD NEGERI JEGU 01,20514957,SD,Negeri,Kec. Sutojayan,051506,Kab. Blitar,051500,Prov. Jawa Timur,050000,6,1,38,6,6,0,0,13,21 Apr 2026 09:33:15,6CEF5F00CEBE9533C22C
UPT SD NEGERI JEGU 02,20514956,SD,Negeri,Kec. Sutojayan,051506,Kab. Blitar,051500,Prov. Jawa Timur,050000,8,2,92,6,6,0,0,15,09 Apr 2026 12:29:38,0E54293650B6612EC77E
UPT SD NEGERI JEGU 03,20514955,SD,Negeri,Kec. Sutojayan,051506,Kab. Blitar,051500,Prov. Jawa Timur,050000,8,2,30,6,6,0,1,10,10 Apr 2026 07:29:54,B9C2D4D85F21FFBA9DE4
UPT SD NEGERI JINGGLONG 01,20514951,SD,Negeri,Kec. Sutojayan,051506,Kab. Blitar,051500,Prov. Jawa Timur,050000,7,2,90,6,7,0,1,12,07 Apr 2026 18:17:12,6304D5D962C366C036AB
UPT SD NEGERI JINGGLONG 02,20514966,SD,Negeri,Kec. Sutojayan,051506,Kab. Blitar,051500,Prov. Jawa Timur,050000,7,1,35,6,6,0,0,12,03 Apr 2026 13:55:22,06476C9265D498921BE0
UPT SD NEGERI JINGGLONG 03,20514967,SD,Negeri,Kec. Sutojayan,051506,Kab. Blitar,051500,Prov. Jawa Timur,050000,7,1,40,6,6,0,1,12,08 Apr 2026 08:49:27,21809A14A5B50BFB8D10
UPT SD NEGERI KALIPANG 01,20514925,SD,Negeri,Kec. Sutojayan,051506,Kab. Blitar,051500,Prov. Jawa Timur,050000,26,4,491,19,19,2,1,41,02 May 2026 11:47:30,A0633A9295F20DFCCEE3
UPT SD NEGERI KALIPANG 02,20514924,SD,Negeri,Kec. Sutojayan,051506,Kab. Blitar,051500,Prov. Jawa Timur,050000,7,2,53,6,6,0,0,16,02 May 2026 07:35:46,F802CFF303E6FEC63864
UPT SD NEGERI KALIPANG 03,20514923,SD,Negeri,Kec. Sutojayan,051506,Kab. Blitar,051500,Prov. Jawa Timur,050000,17,4,259,12,12,1,1,21,02 May 2026 08:11:53,5086563CC989C3059DBF
UPT SD NEGERI KAULON 01,20515030,SD,Negeri,Kec. Sutojayan,051506,Kab. Blitar,051500,Prov. Jawa Timur,050000,7,2,64,6,6,0,2,31,08 Apr 2026 08:59:56,C321911F6D938CE18C65
UPT SD NEGERI KAULON 02,20515029,SD,Negeri,Kec. Sutojayan,051506,Kab. Blitar,051500,Prov. Jawa Timur,050000,8,2,36,6,6,1,1,15,12 Apr 2026 04:33:46,2129B21126D9FC505D3B
UPT SD NEGERI KEDUNGBUNDER 01,20515043,SD,Negeri,Kec. Sutojayan,051506,Kab. Blitar,051500,Prov. Jawa Timur,050000,7,1,45,6,6,0,1,12,02 Apr 2026 10:18:19,DFEC11F9C0D17C69E762
UPT SD NEGERI KEMBANGARUM,20515021,SD,Negeri,Kec. Sutojayan,051506,Kab. Blitar,051500,Prov. Jawa Timur,050000,7,1,73,6,6,0,1,1,04 Apr 2026 09:14:44,D3ED78E2F659ED034F70
UPT SD NEGERI PANDANARUM 01,20514329,SD,Negeri,Kec. Sutojayan,051506,Kab. Blitar,051500,Prov. Jawa Timur,050000,8,2,58,6,6,0,1,11,04 Apr 2026 10:47:03,46F6A673C185F06B143C
UPT SD NEGERI PANDANARUM 02,20514328,SD,Negeri,Kec. Sutojayan,051506,Kab. Blitar,051500,Prov. Jawa Timur,050000,8,3,49,6,6,0,1,19,05 Mar 2026 10:39:59,66DBD7941F99422C82EF
UPT SD NEGERI PANDANARUM 03,20514327,SD,Negeri,Kec. Sutojayan,051506,Kab. Blitar,051500,Prov. Jawa Timur,050000,7,3,89,6,6,1,1,21,13 Apr 2026 20:22:39,2D81C5E7A33002D6FCBE
UPT SD NEGERI SUKOREJO 01,20552230,SD,Negeri,Kec. Sutojayan,051506,Kab. Blitar,051500,Prov. Jawa Timur,050000,9,2,138,6,11,1,1,26,09 Apr 2026 06:59:48,16C3F31D96D0BE63C0F7
UPT SD NEGERI SUKOREJO 02,20514554,SD,Negeri,Kec. Sutojayan,051506,Kab. Blitar,051500,Prov. Jawa Timur,050000,8,1,52,6,6,0,1,20,04 Apr 2026 07:24:09,CEB93822A0EF750F3BDE
UPT SD NEGERI SUMBERJO,20514491,SD,Negeri,Kec. Sutojayan,051506,Kab. Blitar,051500,Prov. Jawa Timur,050000,8,2,50,6,6,0,1,7,03 Mar 2026 12:39:31,027A7EF823262D2A4056
UPT SD NEGERI SUTOJAYAN 01,20514634,SD,Negeri,Kec. Sutojayan,051506,Kab. Blitar,051500,Prov. Jawa Timur,050000,6,2,79,6,6,1,1,11,02 May 2026 07:02:11,B233FFA9CC25492F9DE9
UPT SD NEGERI SUTOJAYAN 02,20514616,SD,Negeri,Kec. Sutojayan,051506,Kab. Blitar,051500,Prov. Jawa Timur,050000,8,2,61,6,6,1,1,25,26 Apr 2026 20:56:23,B6DD0D80638155A9C985
UPT SD NEGERI SUTOJAYAN 03,20514615,SD,Negeri,Kec. Sutojayan,051506,Kab. Blitar,051500,Prov. Jawa Timur,050000,9,3,85,6,6,0,1,35,07 Apr 2026 11:30:20,C9646D1AE3F765BDD814
UPT SD NEGERI SUTOJAYAN 04,20514614,SD,Negeri,Kec. Sutojayan,051506,Kab. Blitar,051500,Prov. Jawa Timur,050000,7,2,81,6,6,2,1,24,15 Apr 2026 18:02:47,69F98C1BB0CDA3DA8126
SD ISLAM AISYIYAH KALIPANG,20573289,SD,Swasta,Kec. Sutojayan,051506,Kab. Blitar,051500,Prov. Jawa Timur,050000,5,1,43,6,6,0,0,7,30 Apr 2026 10:06:33,6B6D2970B0FE75E828E8
SEKOLAH ALAM LODOYO,70059902,SD,Swasta,Kec. Sutojayan,051506,Kab. Blitar,051500,Prov. Jawa Timur,050000,4,1,0,0,0,0,0,0,,FC3C4DB256C827857DB8
UPT SMP NEGERI 1 SUTOJAYAN,20514415,SMP,Negeri,Kec. Sutojayan,051506,Kab. Blitar,051500,Prov. Jawa Timur,050000,54,9,956,30,31,6,1,39,29 Apr 2026 08:34:23,4BF74B2E2E56107B264E
UPT SMP NEGERI 2 SUTOJAYAN,20514433,SMP,Negeri,Kec. Sutojayan,051506,Kab. Blitar,051500,Prov. Jawa Timur,050000,51,8,908,30,30,4,1,45,30 Apr 2026 15:26:51,44EC81BA403E46E33474
UPT SMP NEGERI 3 SUTOJAYAN,20554574,SMP,Negeri,Kec. Sutojayan,051506,Kab. Blitar,051500,Prov. Jawa Timur,050000,12,5,133,6,6,1,1,16,05 Mar 2026 10:01:04,06CCD05429ACE89E7FC6
SMP PGRI SUTOJAYAN,20548833,SMP,Swasta,Kec. Sutojayan,051506,Kab. Blitar,051500,Prov. Jawa Timur,050000,8,1,27,3,6,3,1,18,29 Apr 2026 19:44:40,803E8AAF5C5D116EACBC
SMAN 1 SUTOJAYAN,20551724,SMA,Negeri,Kec. Sutojayan,051506,Kab. Blitar,051500,Prov. Jawa Timur,050000,48,13,1035,30,30,6,1,40,15 Apr 2026 08:44:13,E739CC96DDC8A3943809
SMKS PGRI 1 SUTOJAYAN BLITAR,20537219,SMK,Swasta,Kec. Sutojayan,051506,Kab. Blitar,051500,Prov. Jawa Timur,050000,12,3,179,9,14,1,1,19,24 Apr 2026 10:45:51,9D56A6BC7CAE755FC8F8
SMKS PGRI 2 SUTOJAYAN BLITAR,20537218,SMK,Swasta,Kec. Sutojayan,051506,Kab. Blitar,051500,Prov. Jawa Timur,050000,7,2,82,3,3,1,1,42,21 Apr 2026 21:55:49,C25286443E4ECC0C04A7
UPT SD NEGERI JAMBEWANGI 01,20515149,SD,Negeri,Kec. Selopuro,051510,Kab. Blitar,051500,Prov. Jawa Timur,050000,6,2,46,6,6,0,1,7,03 Mar 2026 12:48:36,85CA7C754DCE994346FF
UPT SD NEGERI JAMBEWANGI 02,20515148,SD,Negeri,Kec. Selopuro,051510,Kab. Blitar,051500,Prov. Jawa Timur,050000,7,1,33,6,6,0,0,30,14 Apr 2026 11:56:32,EDEE4FFFAC1607916958
UPT SD NEGERI JAMBEWANGI 03,20515147,SD,Negeri,Kec. Selopuro,051510,Kab. Blitar,051500,Prov. Jawa Timur,050000,6,2,60,6,6,0,1,15,24 Apr 2026 07:50:42,E402EEE8ACDFFE4D7227
UPT SD NEGERI JATITENGAH 01,20514961,SD,Negeri,Kec. Selopuro,051510,Kab. Blitar,051500,Prov. Jawa Timur,050000,7,2,101,6,6,2,1,11,30 Apr 2026 13:07:27,506310C95910B49245F1
UPT SD NEGERI JATITENGAH 02,20514960,SD,Negeri,Kec. Selopuro,051510,Kab. Blitar,051500,Prov. Jawa Timur,050000,7,2,44,6,6,0,1,8,12 Apr 2026 22:34:20,EA647B61E2320F3EE9CA
UPT SD NEGERI MANDESAN 01,20514242,SD,Negeri,Kec. Selopuro,051510,Kab. Blitar,051500,Prov. Jawa Timur,050000,7,1,46,6,6,0,1,25,03 Apr 2026 15:30:47,6D860F0EBB2833002E91
UPT SD NEGERI MANDESAN 02,20514241,SD,Negeri,Kec. Selopuro,051510,Kab. Blitar,051500,Prov. Jawa Timur,050000,7,1,82,6,6,0,1,8,11 Mar 2026 10:20:43,D6CAE1FE23AAF8A300ED
UPT SD NEGERI MRONJO 01,20514255,SD,Negeri,Kec. Selopuro,051510,Kab. Blitar,051500,Prov. Jawa Timur,050000,8,3,79,6,6,0,0,8,02 May 2026 10:31:50,478144C214BF1B11C08C
UPT SD NEGERI MRONJO 02,20514254,SD,Negeri,Kec. Selopuro,051510,Kab. Blitar,051500,Prov. Jawa Timur,050000,7,2,70,6,6,0,1,11,11 Apr 2026 17:22:10,01B4EB9428D150FFDCFB
UPT SD NEGERI MRONJO 03,20514253,SD,Negeri,Kec. Selopuro,051510,Kab. Blitar,051500,Prov. Jawa Timur,050000,8,1,56,6,6,0,1,15,19 Apr 2026 19:01:07,E36352AB77E81F32AE2A
UPT SD NEGERI PLOSO 01,20514294,SD,Negeri,Kec. Selopuro,051510,Kab. Blitar,051500,Prov. Jawa Timur,050000,7,2,79,6,6,1,1,28,21 Apr 2026 09:35:57,EC06BC62CD99CB95DF06
UPT SD NEGERI PLOSO 03,20551725,SD,Negeri,Kec. Selopuro,051510,Kab. Blitar,051500,Prov. Jawa Timur,050000,6,1,90,6,6,0,1,35,04 Apr 2026 21:49:14,35A9C6A21D93CD4F8159
UPT SD NEGERI POPOH 01,20514125,SD,Negeri,Kec. Selopuro,051510,Kab. Blitar,051500,Prov. Jawa Timur,050000,7,2,94,6,6,1,1,17,07 Apr 2026 11:32:25,507E5CEDDCC0C062285C
UPT SD NEGERI POPOH 02,20514124,SD,Negeri,Kec. Selopuro,051510,Kab. Blitar,051500,Prov. Jawa Timur,050000,6,1,103,6,6,0,1,15,04 Apr 2026 07:29:02,94A51BA7EE384A86174A
UPT SD NEGERI POPOH 03,20514122,SD,Negeri,Kec. Selopuro,051510,Kab. Blitar,051500,Prov. Jawa Timur,050000,8,2,80,6,6,0,1,8,07 Apr 2026 16:32:27,F2D0554BBD0EC27DF365
UPT SD NEGERI SELOPURO 01,20514174,SD,Negeri,Kec. Selopuro,051510,Kab. Blitar,051500,Prov. Jawa Timur,050000,6,3,26,6,6,1,1,62,11 Apr 2026 11:36:15,DB3B3D904A8CD3BC10AC
UPT SD NEGERI SELOPURO 02,20514173,SD,Negeri,Kec. Selopuro,051510,Kab. Blitar,051500,Prov. Jawa Timur,050000,8,1,33,6,6,0,0,48,11 Apr 2026 15:21:17,59399505F8E5893F953A
UPT SD NEGERI SELOPURO 03,20514172,SD,Negeri,Kec. Selopuro,051510,Kab. Blitar,051500,Prov. Jawa Timur,050000,9,1,51,6,6,0,1,75,13 Apr 2026 12:04:50,740FFADC5996A4CF6C28
UPT SD NEGERI SELOPURO 04,20514171,SD,Negeri,Kec. Selopuro,051510,Kab. Blitar,051500,Prov. Jawa Timur,050000,8,2,122,6,6,0,1,18,15 Apr 2026 18:54:18,0A987A75493FB6573346
UPT SD NEGERI SELOPURO 05,20514170,SD,Negeri,Kec. Selopuro,051510,Kab. Blitar,051500,Prov. Jawa Timur,050000,9,3,155,7,6,0,1,15,07 Mar 2026 21:47:25,A8B02FA3A055F8607A3F
UPT SD NEGERI TEGALREJO 01,20514622,SD,Negeri,Kec. Selopuro,051510,Kab. Blitar,051500,Prov. Jawa Timur,050000,7,1,106,6,6,1,1,26,29 Apr 2026 07:28:14,25BB8DD98179101B2800
SD ISLAM ROUDLATUL JANNAH,20549299,SD,Swasta,Kec. Selopuro,051510,Kab. Blitar,051500,Prov. Jawa Timur,050000,12,3,174,8,9,1,1,9,02 Mar 2026 11:45:20,50D1EBE52AB0A1821100
UPT SMP NEGERI 1 SELOPURO,20514418,SMP,Negeri,Kec. Selopuro,051510,Kab. Blitar,051500,Prov. Jawa Timur,050000,37,9,666,22,27,3,1,43,22 Apr 2026 10:17:17,4794752B2606A784E65B
SMP ISLAM ASSALAM JAMBEWANGI,20554581,SMP,Swasta,Kec. Selopuro,051510,Kab. Blitar,051500,Prov. Jawa Timur,050000,6,1,38,3,6,2,1,21,18 Apr 2026 08:43:54,31FE3F15068769A62DCF
SMP TAHFIDZ INSAN MADANI,70042150,SMP,Swasta,Kec. Selopuro,051510,Kab. Blitar,051500,Prov. Jawa Timur,050000,7,1,49,3,3,0,0,10,15 Mar 2026 06:40:32,B2E7112DCEFCAEDFDB40
SMKS ISLAM ASSALAM JAMBEWANGI,20574853,SMK,Swasta,Kec. Selopuro,051510,Kab. Blitar,051500,Prov. Jawa Timur,050000,35,1,505,21,12,0,0,11,08 Apr 2026 10:07:19,A254ECE7D3F2E866F8E7
UPT SD NEGERI DOKO 01,20515189,SD,Negeri,Kec. Doko,051513,Kab. Blitar,051500,Prov. Jawa Timur,050000,7,1,57,6,6,0,0,9,04 Apr 2026 07:48:34,CF6DBFA13A033C6F05F6
UPT SD NEGERI DOKO 02,20515190,SD,Negeri,Kec. Doko,051513,Kab. Blitar,051500,Prov. Jawa Timur,050000,4,1,22,6,6,0,0,17,27 Apr 2026 08:58:56,19E7E1E9BCD75FFEA51D
UPT SD NEGERI DOKO 04,20515191,SD,Negeri,Kec. Doko,051513,Kab. Blitar,051500,Prov. Jawa Timur,050000,6,2,61,6,6,1,1,11,17 Apr 2026 07:37:30,15DBBB30979B7FD5ADF5
UPT SD NEGERI GENENGAN 01,20515132,SD,Negeri,Kec. Doko,051513,Kab. Blitar,051500,Prov. Jawa Timur,050000,5,0,11,5,6,0,0,10,06 Apr 2026 21:52:03,9FD7F7ABE12ABD04708F
UPT SD NEGERI GENENGAN 02,20515131,SD,Negeri,Kec. Doko,051513,Kab. Blitar,051500,Prov. Jawa Timur,050000,7,1,77,6,6,0,1,9,03 Apr 2026 12:32:36,E406E35FB5DF20133083
UPT SD NEGERI JAMBEPAWON 01,20515152,SD,Negeri,Kec. Doko,051513,Kab. Blitar,051500,Prov. Jawa Timur,050000,6,3,49,6,6,1,1,27,13 Apr 2026 07:17:17,17C321D8A1B064396A80
UPT SD NEGERI JAMBEPAWON 02,20515151,SD,Negeri,Kec. Doko,051513,Kab. Blitar,051500,Prov. Jawa Timur,050000,7,1,56,6,6,0,1,10,27 Apr 2026 10:23:04,05ECDF5D00FC9CC7F72D
UPT SD NEGERI KALIMANIS 01,20514929,SD,Negeri,Kec. Doko,051513,Kab. Blitar,051500,Prov. Jawa Timur,050000,8,1,82,6,6,0,1,19,15 Apr 2026 08:25:05,FD56EF52BD7F99860B98
UPT SD NEGERI KALIMANIS 02,20514928,SD,Negeri,Kec. Doko,051513,Kab. Blitar,051500,Prov. Jawa Timur,050000,7,2,59,6,6,0,1,16,08 Apr 2026 08:08:36,B63EBA835DF0DE8C14E9
UPT SD NEGERI KALIMANIS 03,20514927,SD,Negeri,Kec. Doko,051513,Kab. Blitar,051500,Prov. Jawa Timur,050000,4,2,22,6,6,0,0,15,30 Apr 2026 08:22:23,86545F074FB5F7FF1A7E
UPT SD NEGERI KALIMANIS 04,20514926,SD,Negeri,Kec. Doko,051513,Kab. Blitar,051500,Prov. Jawa Timur,050000,6,1,63,6,4,0,0,10,02 May 2026 08:10:33,8F1D99E8F6E6A81FA605
UPT SD NEGERI PLUMBANGAN 01,20514286,SD,Negeri,Kec. Doko,051513,Kab. Blitar,051500,Prov. Jawa Timur,050000,8,2,65,6,6,0,1,7,02 May 2026 08:37:11,60894A76AAEC759B1C94
UPT SD NEGERI PLUMBANGAN 02,20514268,SD,Negeri,Kec. Doko,051513,Kab. Blitar,051500,Prov. Jawa Timur,050000,8,2,45,6,6,0,0,23,07 Apr 2026 07:15:13,C4A42D2A8FE10815EF75
UPT SD NEGERI PLUMBANGAN 04,20514126,SD,Negeri,Kec. Doko,051513,Kab. Blitar,051500,Prov. Jawa Timur,050000,7,1,43,6,5,0,1,17,07 Apr 2026 14:25:57,02D9469A17498BA84E07
UPT SD NEGERI RESAPOMBO 01,20514067,SD,Negeri,Kec. Doko,051513,Kab. Blitar,051500,Prov. Jawa Timur,050000,10,1,224,7,7,0,0,20,02 Apr 2026 18:45:59,D9C2BF6DFFC867CFF6EA
UPT SD NEGERI RESAPOMBO 02,20514066,SD,Negeri,Kec. Doko,051513,Kab. Blitar,051500,Prov. Jawa Timur,050000,9,1,131,6,7,0,1,8,02 Apr 2026 11:05:34,584BFB90A0450768AE31
UPT SD NEGERI RESAPOMBO 03,20514065,SD,Negeri,Kec. Doko,051513,Kab. Blitar,051500,Prov. Jawa Timur,050000,8,1,67,6,6,0,0,1,02 Apr 2026 10:38:45,5806DB91303A6C79A9FD
UPT SD NEGERI RESAPOMBO 04,20514064,SD,Negeri,Kec. Doko,051513,Kab. Blitar,051500,Prov. Jawa Timur,050000,8,1,106,6,6,0,1,15,04 Apr 2026 05:11:52,4CDE6C2212A1A6CEE14F
UPT SD NEGERI RESAPOMBO 05,20514057,SD,Negeri,Kec. Doko,051513,Kab. Blitar,051500,Prov. Jawa Timur,050000,8,2,62,6,6,0,0,16,28 Apr 2026 08:07:08,7E7D4EBF7CEDCDF89A64
UPT SD NEGERI RESAPOMBO 06,20514058,SD,Negeri,Kec. Doko,051513,Kab. Blitar,051500,Prov. Jawa Timur,050000,7,1,104,6,6,0,1,20,01 May 2026 05:24:28,FA9E4C0474E57A8D0CF5
UPT SD NEGERI SIDOREJO 01 DOKO,20514180,SD,Negeri,Kec. Doko,051513,Kab. Blitar,051500,Prov. Jawa Timur,050000,11,3,214,8,8,0,1,16,20 Apr 2026 11:27:20,1FE156FF3F3359DDE1C4
UPT SD NEGERI SIDOREJO 02 DOKO,20514161,SD,Negeri,Kec. Doko,051513,Kab. Blitar,051500,Prov. Jawa Timur,050000,6,1,49,6,6,1,1,14,02 Apr 2026 18:20:33,A800D83D4E984B240537
UPT SD NEGERI SLOROK 01 DOKO,20514132,SD,Negeri,Kec. Doko,051513,Kab. Blitar,051500,Prov. Jawa Timur,050000,9,2,146,6,7,0,1,13,02 May 2026 16:18:01,9B625F51AD96E99301B5
UPT SD NEGERI SLOROK 02 DOKO,20514131,SD,Negeri,Kec. Doko,051513,Kab. Blitar,051500,Prov. Jawa Timur,050000,7,2,53,6,6,0,0,15,08 Apr 2026 10:25:11,A63981A6BE0EAA51D642
UPT SD NEGERI SLOROK 03 DOKO,20514129,SD,Negeri,Kec. Doko,051513,Kab. Blitar,051500,Prov. Jawa Timur,050000,7,2,81,6,6,0,2,9,13 Apr 2026 14:52:11,0FEF2B37B97E080E45C9
UPT SD NEGERI SUMBERURIP 01,20514512,SD,Negeri,Kec. Doko,051513,Kab. Blitar,051500,Prov. Jawa Timur,050000,9,1,48,6,6,0,0,18,08 Apr 2026 19:47:12,6DBC322DEF8DBA2A84E1
UPT SD NEGERI SUMBERURIP 03,20514510,SD,Negeri,Kec. Doko,051513,Kab. Blitar,051500,Prov. Jawa Timur,050000,8,2,141,7,6,0,1,11,02 May 2026 09:01:46,FE3EB845717C331AFD76
UPT SD NEGERI SURU 01,20514509,SD,Negeri,Kec. Doko,051513,Kab. Blitar,051500,Prov. Jawa Timur,050000,6,2,79,6,6,0,1,12,04 Apr 2026 08:14:40,750A8FCE1EBD5BB109C6
UPT SD NEGERI SURU 02,20514508,SD,Negeri,Kec. Doko,051513,Kab. Blitar,051500,Prov. Jawa Timur,050000,9,1,78,6,6,0,1,37,02 Apr 2026 08:37:48,A2081329E51B92E1A884
UPT SD NEGERI SURU 03,20514507,SD,Negeri,Kec. Doko,051513,Kab. Blitar,051500,Prov. Jawa Timur,050000,7,1,58,6,6,0,1,39,12 Apr 2026 19:34:18,DB5998515DD1FBF75522
UPT SMP NEGERI 1 DOKO,20514473,SMP,Negeri,Kec. Doko,051513,Kab. Blitar,051500,Prov. Jawa Timur,050000,39,6,830,27,27,3,1,21,16 Apr 2026 11:23:50,9358A945E55303763E8C
UPT SMP NEGERI 2 DOKO,20514423,SMP,Negeri,Kec. Doko,051513,Kab. Blitar,051500,Prov. Jawa Timur,050000,26,4,491,16,17,4,2,14,24 Feb 2026 13:10:24,F8B7729DEC1BC984B595
UPT SMP NEGERI 3 DOKO,20514428,SMP,Negeri,Kec. Doko,051513,Kab. Blitar,051500,Prov. Jawa Timur,050000,18,2,231,9,10,2,1,77,21 Apr 2026 12:53:00,97D8985D07FA188C4C93
SMKN 1 DOKO,20514364,SMK,Negeri,Kec. Doko,051513,Kab. Blitar,051500,Prov. Jawa Timur,050000,96,25,2024,60,33,10,1,20,12 Apr 2026 11:53:31,943CAE8B422A0465230B
UPT SD NEGERI BAKUNG 01,20551706,SD,Negeri,Kec. Udanawu,051522,Kab. Blitar,051500,Prov. Jawa Timur,050000,5,3,28,6,6,0,1,13,28 Apr 2026 08:30:33,EB3841774A20F01F46D6
UPT SD NEGERI BAKUNG 02,20551707,SD,Negeri,Kec. Udanawu,051522,Kab. Blitar,051500,Prov. Jawa Timur,050000,7,3,105,6,6,1,1,12,06 Apr 2026 11:49:39,D6F38A8F9EE7D30C23D3
UPT SD NEGERI BAKUNG 03,20515101,SD,Negeri,Kec. Udanawu,051522,Kab. Blitar,051500,Prov. Jawa Timur,050000,7,1,34,6,6,0,1,21,06 Apr 2026 09:41:30,5F760EB7E72D0626564E
UPT SD NEGERI BAKUNG 04,20515100,SD,Negeri,Kec. Udanawu,051522,Kab. Blitar,051500,Prov. Jawa Timur,050000,6,1,25,6,6,0,1,29,15 Apr 2026 08:19:20,26CA2C0C279AD3578BBC
UPT SD NEGERI BENDOREJO 01,20515114,SD,Negeri,Kec. Udanawu,051522,Kab. Blitar,051500,Prov. Jawa Timur,050000,8,3,65,6,6,0,1,23,02 May 2026 08:40:48,49F9A86CF90C3D67C3C8
UPT SD NEGERI BESUKI 01,20515065,SD,Negeri,Kec. Udanawu,051522,Kab. Blitar,051500,Prov. Jawa Timur,050000,9,1,175,7,10,0,1,18,28 Apr 2026 10:40:46,8CC2A3A5C14404B527AD
UPT SD NEGERI JATI 01,20515128,SD,Negeri,Kec. Udanawu,051522,Kab. Blitar,051500,Prov. Jawa Timur,050000,8,2,134,6,6,0,1,31,07 Apr 2026 13:53:30,01B58BDBF21AF05AB90B
UPT SD NEGERI KARANGGONDANG 01,20514934,SD,Negeri,Kec. Udanawu,051522,Kab. Blitar,051500,Prov. Jawa Timur,050000,9,1,46,6,6,1,1,19,16 Apr 2026 20:13:28,86BD71CE42BD2736F785
UPT SD NEGERI KARANGGONDANG 02,20514916,SD,Negeri,Kec. Udanawu,051522,Kab. Blitar,051500,Prov. Jawa Timur,050000,8,2,66,6,6,1,1,23,07 Apr 2026 04:00:57,D7538F62E28D0FD5AECE
UPT SD NEGERI MANGUNAN 01,20514240,SD,Negeri,Kec. Udanawu,051522,Kab. Blitar,051500,Prov. Jawa Timur,050000,7,3,106,6,6,0,1,28,22 Apr 2026 11:54:14,158C30FB5642614F6BE3
UPT SD NEGERI MANGUNAN 02,20514239,SD,Negeri,Kec. Udanawu,051522,Kab. Blitar,051500,Prov. Jawa Timur,050000,8,2,55,6,6,0,0,8,06 Mar 2026 05:20:57,68CD62C2D28E35ABE287
UPT SD NEGERI RINGINANOM 01,20514060,SD,Negeri,Kec. Udanawu,051522,Kab. Blitar,051500,Prov. Jawa Timur,050000,8,1,80,6,6,0,1,27,07 Apr 2026 13:37:25,C653AB6DC4BC15AFE820
UPT SD NEGERI RINGINANOM 02,20514061,SD,Negeri,Kec. Udanawu,051522,Kab. Blitar,051500,Prov. Jawa Timur,050000,8,2,115,6,6,0,1,8,03 Mar 2026 10:10:35,106D06971EC145B25CBB
UPT SD NEGERI SLEMANAN 01,20514135,SD,Negeri,Kec. Udanawu,051522,Kab. Blitar,051500,Prov. Jawa Timur,050000,8,1,53,6,6,0,1,9,04 Apr 2026 08:17:45,93D9BB9370815A71FA89
UPT SD NEGERI SLEMANAN 02,20514134,SD,Negeri,Kec. Udanawu,051522,Kab. Blitar,051500,Prov. Jawa Timur,050000,7,1,71,6,6,0,1,17,27 Apr 2026 20:29:28,EBB483006E181ECCF6FE
UPT SD NEGERI SUKOREJO 01,20551704,SD,Negeri,Kec. Udanawu,051522,Kab. Blitar,051500,Prov. Jawa Timur,050000,8,1,34,6,6,0,1,14,12 Feb 2026 09:33:59,D7DC9D005924165F0402
UPT SD NEGERI SUKOREJO 02,20551705,SD,Negeri,Kec. Udanawu,051522,Kab. Blitar,051500,Prov. Jawa Timur,050000,7,1,106,6,6,0,1,32,02 Apr 2026 17:52:13,EF5648D24090327A5F1E
UPT SD NEGERI SUMBERSARI 01,20514517,SD,Negeri,Kec. Udanawu,051522,Kab. Blitar,051500,Prov. Jawa Timur,050000,7,2,115,6,6,0,0,13,23 Apr 2026 16:25:50,E2CED028720DB494570F
UPT SD NEGERI SUMBERSARI 02,20514516,SD,Negeri,Kec. Udanawu,051522,Kab. Blitar,051500,Prov. Jawa Timur,050000,6,2,53,6,6,0,1,28,23 Apr 2026 11:10:37,D6332E23088C9828A2A6
UPT SD NEGERI TEMENGGUNGAN 01,20514619,SD,Negeri,Kec. Udanawu,051522,Kab. Blitar,051500,Prov. Jawa Timur,050000,6,1,77,6,6,0,1,11,04 Apr 2026 08:43:59,0CD85988CB0822B43E77
UPT SD NEGERI TEMENGGUNGAN 02,20514601,SD,Negeri,Kec. Udanawu,051522,Kab. Blitar,051500,Prov. Jawa Timur,050000,8,2,94,6,6,0,1,12,08 Apr 2026 11:17:11,980F2B68939BABCB09A4
UPT SD NEGERI TUNJUNG 01,20514557,SD,Negeri,Kec. Udanawu,051522,Kab. Blitar,051500,Prov. Jawa Timur,050000,8,2,110,6,6,1,1,13,13 Apr 2026 14:52:38,17679B7903B6D91B6D96
UPT SD NEGERI TUNJUNG 03,20514405,SD,Negeri,Kec. Udanawu,051522,Kab. Blitar,051500,Prov. Jawa Timur,050000,7,1,60,6,6,0,1,51,30 Apr 2026 11:06:50,D50064127961D3C21445
UPT SMP NEGERI 1 UDANAWU,20514413,SMP,Negeri,Kec. Udanawu,051522,Kab. Blitar,051500,Prov. Jawa Timur,050000,41,10,831,27,27,4,2,25,01 Apr 2026 22:08:58,85FCFFB1E2015A153B9B
UPT SMP NEGERI 2 UDANAWU,20551709,SMP,Negeri,Kec. Udanawu,051522,Kab. Blitar,051500,Prov. Jawa Timur,050000,11,2,63,3,8,2,1,23,27 Apr 2026 08:53:34,AD5E98D4C88CB2A2417C
SMKN 1 UDANAWU,20551726,SMK,Negeri,Kec. Udanawu,051522,Kab. Blitar,051500,Prov. Jawa Timur,050000,125,14,2426,69,43,3,1,34,30 Apr 2026 10:40:47,404B86D1BA5A56D6BEAC
UPT SD NEGERI BINANGUN 01,20515063,SD,Negeri,Kec. Binangun,051505,Kab. Blitar,051500,Prov. Jawa Timur,050000,8,3,174,7,18,1,1,19,10 Apr 2026 17:50:16,691645225131D6938C84
UPT SD NEGERI BINANGUN 02,20515062,SD,Negeri,Kec. Binangun,051505,Kab. Blitar,051500,Prov. Jawa Timur,050000,7,2,81,6,6,0,1,19,08 Apr 2026 04:56:24,F7504FD84397789A576A
UPT SD NEGERI BINANGUN 03,20515061,SD,Negeri,Kec. Binangun,051505,Kab. Blitar,051500,Prov. Jawa Timur,050000,8,1,56,6,6,0,0,14,22 Apr 2026 12:03:33,DAEC701FE7B6A44A9566
UPT SD NEGERI BIROWO 02,20515059,SD,Negeri,Kec. Binangun,051505,Kab. Blitar,051500,Prov. Jawa Timur,050000,8,1,112,6,9,0,1,16,03 Mar 2026 08:03:26,A97DF2AC2759D7EC0D5F
UPT SD NEGERI BIROWO 03,20515058,SD,Negeri,Kec. Binangun,051505,Kab. Blitar,051500,Prov. Jawa Timur,050000,9,2,85,6,6,0,0,6,03 Mar 2026 20:54:10,8375D49EF38D37ED6EDF
UPT SD NEGERI BIROWO 04,20515073,SD,Negeri,Kec. Binangun,051505,Kab. Blitar,051500,Prov. Jawa Timur,050000,5,1,60,6,6,0,0,10,08 Apr 2026 13:18:24,1CCE5B008CF29D867DB5
UPT SD NEGERI KEDUNGWUNGU 01,20515041,SD,Negeri,Kec. Binangun,051505,Kab. Blitar,051500,Prov. Jawa Timur,050000,6,2,59,6,6,0,1,11,02 May 2026 09:42:44,82F888B5702233F881ED
UPT SD NEGERI KEDUNGWUNGU 02,20515040,SD,Negeri,Kec. Binangun,051505,Kab. Blitar,051500,Prov. Jawa Timur,050000,7,2,48,6,6,0,0,12,12 Apr 2026 21:17:47,49D23F59FA4F8DDE91FE
UPT SD NEGERI KEDUNGWUNGU 03,20515022,SD,Negeri,Kec. Binangun,051505,Kab. Blitar,051500,Prov. Jawa Timur,050000,7,3,66,6,6,0,1,12,06 Mar 2026 00:57:08,5CCBF5FDD4999110EC71
UPT SD NEGERI NGADRI 01,20514206,SD,Negeri,Kec. Binangun,051505,Kab. Blitar,051500,Prov. Jawa Timur,050000,6,1,65,6,6,0,1,10,02 May 2026 11:51:27,D28142B75E1531980056
UPT SD NEGERI NGADRI 02,20514205,SD,Negeri,Kec. Binangun,051505,Kab. Blitar,051500,Prov. Jawa Timur,050000,9,2,53,6,6,0,1,19,23 Apr 2026 18:08:40,0769352814AD987883C2
UPT SD NEGERI NGADRI 03,20514204,SD,Negeri,Kec. Binangun,051505,Kab. Blitar,051500,Prov. Jawa Timur,050000,7,3,78,6,6,0,0,14,27 Apr 2026 10:02:21,2B415692E7ABF28A4C31
UPT SD NEGERI NGEMBUL 03,20514227,SD,Negeri,Kec. Binangun,051505,Kab. Blitar,051500,Prov. Jawa Timur,050000,8,2,114,6,6,0,1,14,04 Apr 2026 21:36:51,15FE4E933A8155CE7A87
UPT SD NEGERI NGEMBUL 04,20514226,SD,Negeri,Kec. Binangun,051505,Kab. Blitar,051500,Prov. Jawa Timur,050000,8,1,124,6,6,0,2,8,13 Apr 2026 10:17:12,6B34F040CFB1094070D6
UPT SD NEGERI REJOSO 01,20554572,SD,Negeri,Kec. Binangun,051505,Kab. Blitar,051500,Prov. Jawa Timur,050000,8,3,123,6,6,0,1,21,11 Apr 2026 09:54:13,253EA9DFCB7A215EF4BA
UPT SD NEGERI REJOSO 02,20514071,SD,Negeri,Kec. Binangun,051505,Kab. Blitar,051500,Prov. Jawa Timur,050000,6,1,52,6,8,0,0,11,15 Apr 2026 08:28:18,DBC026CA7A5F99AD2E2D
UPT SD NEGERI REJOSO 03,20514070,SD,Negeri,Kec. Binangun,051505,Kab. Blitar,051500,Prov. Jawa Timur,050000,5,3,53,6,6,0,1,22,30 Apr 2026 13:35:53,0B8BF63958918B4A6779
UPT SD NEGERI SALAMREJO,20514086,SD,Negeri,Kec. Binangun,051505,Kab. Blitar,051500,Prov. Jawa Timur,050000,7,2,78,6,6,0,1,16,01 May 2026 21:27:41,1CAB452DB2A041EFD2BC
UPT SD NEGERI SAMBIGEDE 01,20514085,SD,Negeri,Kec. Binangun,051505,Kab. Blitar,051500,Prov. Jawa Timur,050000,6,1,71,6,6,0,1,16,14 Apr 2026 21:56:19,BB383CC3AB77D92C3181
UPT SD NEGERI SAMBIGEDE 03,20514083,SD,Negeri,Kec. Binangun,051505,Kab. Blitar,051500,Prov. Jawa Timur,050000,7,2,58,6,6,1,1,6,02 Mar 2026 08:11:49,9495E9FAEA5B3FD2E9C4
UPT SD NEGERI SAMBIGEDE 04,20514082,SD,Negeri,Kec. Binangun,051505,Kab. Blitar,051500,Prov. Jawa Timur,050000,7,0,90,6,6,0,0,38,01 May 2026 18:16:19,39541EA949260C87D775
UPT SD NEGERI SUKORAME 02,20514148,SD,Negeri,Kec. Binangun,051505,Kab. Blitar,051500,Prov. Jawa Timur,050000,8,2,117,6,6,0,1,17,02 Apr 2026 09:31:32,8EEE6FB82677735261E3
UPT SD NEGERI SUMBERKEMBAR 01,20514518,SD,Negeri,Kec. Binangun,051505,Kab. Blitar,051500,Prov. Jawa Timur,050000,3,2,59,6,6,0,1,8,16 Apr 2026 11:45:56,8031622ACD91318386F1
UPT SD NEGERI SUMBERKEMBAR 02,20514523,SD,Negeri,Kec. Binangun,051505,Kab. Blitar,051500,Prov. Jawa Timur,050000,4,1,19,6,6,0,1,14,08 Apr 2026 05:37:44,9D2847C093DC104EBFA1
UPT SD NEGERI SUMBERKEMBAR 03,20514522,SD,Negeri,Kec. Binangun,051505,Kab. Blitar,051500,Prov. Jawa Timur,050000,7,3,72,6,6,0,0,30,20 Apr 2026 21:57:17,6BBF19C02821DEAAA6BE
UPT SD NEGERI TAWANGREJO,20514632,SD,Negeri,Kec. Binangun,051505,Kab. Blitar,051500,Prov. Jawa Timur,050000,4,3,97,6,6,0,1,19,05 Apr 2026 14:29:34,F0A027B3933D8F3E4EE0
UPT SD NEGERI UMBULDAMAR,20514387,SD,Negeri,Kec. Binangun,051505,Kab. Blitar,051500,Prov. Jawa Timur,050000,5,2,45,6,6,0,1,8,04 Mar 2026 08:35:55,7403BE18E57532201BE0
UPT SMP NEGERI 1 BINANGUN,20514474,SMP,Negeri,Kec. Binangun,051505,Kab. Blitar,051500,Prov. Jawa Timur,050000,42,6,847,27,27,4,1,30,17 Apr 2026 10:39:15,BE9F8B92401B35D97760
SMP PGRI 2 BINANGUN,20514459,SMP,Swasta,Kec. Binangun,051505,Kab. Blitar,051500,Prov. Jawa Timur,050000,5,1,34,3,3,2,1,7,05 Mar 2026 13:08:28,3B7E7487FF1EB4CFAE30
SMKS PGRI BINANGUN,20549330,SMK,Swasta,Kec. Binangun,051505,Kab. Blitar,051500,Prov. Jawa Timur,050000,9,2,103,7,6,1,1,7,20 Apr 2026 11:09:35,C71982EA0224FF22C604
UPT SD NEGERI BAKUNG 01,20515104,SD,Negeri,Kec. Bakung,051501,Kab. Blitar,051500,Prov. Jawa Timur,050000,6,0,81,6,6,0,1,10,22 Apr 2026 12:11:23,6B547D93EEB14C3B68BE
UPT SD NEGERI BAKUNG 02,20515102,SD,Negeri,Kec. Bakung,051501,Kab. Blitar,051500,Prov. Jawa Timur,050000,7,1,40,6,5,0,0,10,22 Apr 2026 11:36:12,7D3F4EA74FD83AAB6DBF
UPT SD NEGERI BULULAWANG 01,20515086,SD,Negeri,Kec. Bakung,051501,Kab. Blitar,051500,Prov. Jawa Timur,050000,7,2,44,6,6,0,1,27,28 Apr 2026 15:43:52,14E5A4D4C63742C92EDA
UPT SD NEGERI BULULAWANG 02,20515085,SD,Negeri,Kec. Bakung,051501,Kab. Blitar,051500,Prov. Jawa Timur,050000,4,1,33,6,3,0,0,13,02 May 2026 09:26:19,1E6BAA8CFE7CA4821F69
UPT SD NEGERI KEDUNGBANTENG 02,20515045,SD,Negeri,Kec. Bakung,051501,Kab. Blitar,051500,Prov. Jawa Timur,050000,8,1,134,6,6,1,1,8,02 May 2026 11:25:12,B44EA6342C3A26A19E32
UPT SD NEGERI KEDUNGBANTENG 03,20515044,SD,Negeri,Kec. Bakung,051501,Kab. Blitar,051500,Prov. Jawa Timur,050000,7,2,60,6,6,0,1,13,10 Apr 2026 21:37:16,9578A166F05F1009F3F4
UPT SD NEGERI LOREJO 01,20514247,SD,Negeri,Kec. Bakung,051501,Kab. Blitar,051500,Prov. Jawa Timur,050000,7,1,108,6,6,0,1,11,24 Apr 2026 12:07:28,0EA7EDAA6E5534C6BC3F
UPT SD NEGERI LOREJO 02,20514246,SD,Negeri,Kec. Bakung,051501,Kab. Blitar,051500,Prov. Jawa Timur,050000,8,3,94,6,6,0,0,26,29 Apr 2026 09:01:05,572F2469F353AE23257B
UPT SD NEGERI NGREJO 01,20514313,SD,Negeri,Kec. Bakung,051501,Kab. Blitar,051500,Prov. Jawa Timur,050000,6,1,80,6,6,0,1,14,08 Apr 2026 06:21:32,7CD90A5172DB8121DCE1
UPT SD NEGERI NGREJO 02,20555481,SD,Negeri,Kec. Bakung,051501,Kab. Blitar,051500,Prov. Jawa Timur,050000,7,1,55,6,6,0,1,10,05 Apr 2026 12:57:26,E7DB2462011DC57C5DC9
UPT SD NEGERI PLANDIREJO 01,20514297,SD,Negeri,Kec. Bakung,051501,Kab. Blitar,051500,Prov. Jawa Timur,050000,6,2,82,6,6,0,1,11,22 Apr 2026 12:26:04,3E289EB2F8072F0B0381
UPT SD NEGERI PLANDIREJO 02,20514296,SD,Negeri,Kec. Bakung,051501,Kab. Blitar,051500,Prov. Jawa Timur,050000,8,1,86,6,6,0,1,31,02 May 2026 10:07:22,D761803AAF8EC3D723F0
UPT SD NEGERI PLANDIREJO 03,20514295,SD,Negeri,Kec. Bakung,051501,Kab. Blitar,051500,Prov. Jawa Timur,050000,6,2,73,6,6,0,1,20,06 Apr 2026 13:34:04,24A2D58D1B8767C170D7
UPT SD NEGERI PULEREJO 01,20514121,SD,Negeri,Kec. Bakung,051501,Kab. Blitar,051500,Prov. Jawa Timur,050000,7,1,133,6,9,0,2,17,11 Apr 2026 04:43:52,08FB6BF7F99A8CC78393
UPT SD NEGERI PULEREJO 02,20514120,SD,Negeri,Kec. Bakung,051501,Kab. Blitar,051500,Prov. Jawa Timur,050000,7,1,63,6,5,0,0,21,11 Apr 2026 16:28:07,E15FBB7613A6FD9BAC9D
UPT SD NEGERI SIDOMULYO 02,20552232,SD,Negeri,Kec. Bakung,051501,Kab. Blitar,051500,Prov. Jawa Timur,050000,8,1,110,6,6,0,0,33,14 Apr 2026 13:51:26,6155506E78188508183F
UPT SD NEGERI SIDOMULYO 03,20552233,SD,Negeri,Kec. Bakung,051501,Kab. Blitar,051500,Prov. Jawa Timur,050000,7,2,106,6,6,0,1,16,02 Apr 2026 06:20:10,F1AA543ABD279E316290
UPT SD NEGERI SUMBERDADI,20514499,SD,Negeri,Kec. Bakung,051501,Kab. Blitar,051500,Prov. Jawa Timur,050000,7,2,86,6,6,0,1,13,08 Apr 2026 13:44:09,ABB2B62EEB0307ACC673
UPT SD NEGERI TUMPAKKEPUH 01,20514592,SD,Negeri,Kec. Bakung,051501,Kab. Blitar,051500,Prov. Jawa Timur,050000,7,1,102,6,6,0,0,12,22 Apr 2026 13:18:31,7F299DB7C72C89F441BF
UPT SD NEGERI TUMPAKKEPUH 02,20514591,SD,Negeri,Kec. Bakung,051501,Kab. Blitar,051500,Prov. Jawa Timur,050000,7,1,64,6,6,0,0,15,10 Apr 2026 08:39:43,77D44CBB009D3E0D1709
UPT SD NEGERI TUMPAKKEPUH 03,20514590,SD,Negeri,Kec. Bakung,051501,Kab. Blitar,051500,Prov. Jawa Timur,050000,6,1,24,6,4,0,0,18,01 May 2026 00:51:50,C7323721C4C10EE48655
UPT SD NEGERI TUMPAKOYOT 01,20514589,SD,Negeri,Kec. Bakung,051501,Kab. Blitar,051500,Prov. Jawa Timur,050000,7,0,88,6,6,0,1,34,02 May 2026 08:41:58,9CC4F7D0E13DA2421A18
UPT SD NEGERI TUMPAKOYOT 02,20514588,SD,Negeri,Kec. Bakung,051501,Kab. Blitar,051500,Prov. Jawa Timur,050000,6,1,54,6,6,0,0,11,11 Apr 2026 18:24:57,B8BA91247BA8A768A3A3
UPT SMP NEGERI 1 BAKUNG,20551741,SMP,Negeri,Kec. Bakung,051501,Kab. Blitar,051500,Prov. Jawa Timur,050000,33,6,548,19,19,1,1,20,29 Apr 2026 07:33:23,A201467228008F6B4974
UPT SMP NEGERI 2 BAKUNG,20514408,SMP,Negeri,Kec. Bakung,051501,Kab. Blitar,051500,Prov. Jawa Timur,050000,18,6,213,9,9,1,1,11,22 Apr 2026 14:26:42,915D839D50E2C8E1F4E6
SMP PGRI BAKUNG,20551728,SMP,Swasta,Kec. Bakung,051501,Kab. Blitar,051500,Prov. Jawa Timur,050000,5,2,36,3,3,1,1,13,29 Apr 2026 16:48:30,37EA5E29F0DB28774166
SMKN 1 BAKUNG,20514365,SMK,Negeri,Kec. Bakung,051501,Kab. Blitar,051500,Prov. Jawa Timur,050000,23,8,518,18,18,2,1,25,16 Apr 2026 10:09:44,39E4FC3901AF5B9658B3
UPT SD NEGERI AMPELGADING 02,20514709,SD,Negeri,Kec. Selorejo,051512,Kab. Blitar,051500,Prov. Jawa Timur,050000,8,3,122,6,10,1,1,22,27 Apr 2026 12:11:55,C5CB95A45C2129FD8CB5
UPT SD NEGERI AMPELGADING 03,20514708,SD,Negeri,Kec. Selorejo,051512,Kab. Blitar,051500,Prov. Jawa Timur,050000,8,2,94,6,6,0,1,9,02 Apr 2026 18:52:09,360403C5F2D32D61435B
UPT SD NEGERI BANJARSARI 01,20515122,SD,Negeri,Kec. Selorejo,051512,Kab. Blitar,051500,Prov. Jawa Timur,050000,7,2,65,6,6,0,1,12,10 Apr 2026 10:53:25,11AB57B84375AD348FF8
UPT SD NEGERI BANJARSARI 02,20515121,SD,Negeri,Kec. Selorejo,051512,Kab. Blitar,051500,Prov. Jawa Timur,050000,6,2,54,6,6,0,0,19,22 Jan 2026 13:41:05,88BBC6D5457A381DB4AB
UPT SD NEGERI BANJARSARI 03,20515120,SD,Negeri,Kec. Selorejo,051512,Kab. Blitar,051500,Prov. Jawa Timur,050000,6,2,28,6,6,0,0,22,26 Apr 2026 21:05:10,881F23C97CF45E561888
UPT SD NEGERI BORO 01,20515074,SD,Negeri,Kec. Selorejo,051512,Kab. Blitar,051500,Prov. Jawa Timur,050000,7,2,46,6,6,1,2,31,15 Apr 2026 10:56:07,C83ECED49DD047BDA25A
UPT SD NEGERI BORO 03,20515088,SD,Negeri,Kec. Selorejo,051512,Kab. Blitar,051500,Prov. Jawa Timur,050000,9,1,83,6,7,0,0,47,30 Apr 2026 10:44:37,1D6A30699218F5572CDB
UPT SD NEGERI BORO 04,20515087,SD,Negeri,Kec. Selorejo,051512,Kab. Blitar,051500,Prov. Jawa Timur,050000,9,2,76,6,6,0,1,32,11 Apr 2026 12:00:36,211E10439BE148D105C7
UPT SD NEGERI NGRECO,20554662,SD,Negeri,Kec. Selorejo,051512,Kab. Blitar,051500,Prov. Jawa Timur,050000,8,2,94,6,6,0,1,28,12 Apr 2026 21:08:04,6CFA8C0E5EA5B6845643
UPT SD NEGERI NGRENDENG 01,20514311,SD,Negeri,Kec. Selorejo,051512,Kab. Blitar,051500,Prov. Jawa Timur,050000,8,2,64,6,6,0,0,13,11 Apr 2026 14:29:37,207AC5BE324CB74D2C9E
UPT SD NEGERI NGRENDENG 02,20514310,SD,Negeri,Kec. Selorejo,051512,Kab. Blitar,051500,Prov. Jawa Timur,050000,8,3,83,6,6,0,1,23,03 Mar 2026 12:04:27,F8DC464054B8AAA9566E
UPT SD NEGERI NGRENDENG 03,20514309,SD,Negeri,Kec. Selorejo,051512,Kab. Blitar,051500,Prov. Jawa Timur,050000,7,1,65,6,8,0,1,8,03 Mar 2026 10:34:24,BF74D0694F6A74876B7C
UPT SD NEGERI OLAK ALEN 01,20514308,SD,Negeri,Kec. Selorejo,051512,Kab. Blitar,051500,Prov. Jawa Timur,050000,8,2,61,6,6,0,1,9,13 Apr 2026 08:28:48,EB2135A83DAE6E69DC99
UPT SD NEGERI POHGAJIH 01,20514104,SD,Negeri,Kec. Selorejo,051512,Kab. Blitar,051500,Prov. Jawa Timur,050000,11,1,163,8,9,2,1,9,14 Apr 2026 02:28:59,EBA174C96FE6AAB1D183
UPT SD NEGERI SELOREJO 01,20514169,SD,Negeri,Kec. Selorejo,051512,Kab. Blitar,051500,Prov. Jawa Timur,050000,9,2,81,6,6,1,1,20,03 Apr 2026 22:09:18,7F0A276ABEC506B9A47B
UPT SD NEGERI SELOREJO 02,20514168,SD,Negeri,Kec. Selorejo,051512,Kab. Blitar,051500,Prov. Jawa Timur,050000,8,1,71,6,6,1,1,14,06 Apr 2026 11:13:58,A4BA7E63547F8755C0BD
UPT SD NEGERI SELOREJO 03,20514167,SD,Negeri,Kec. Selorejo,051512,Kab. Blitar,051500,Prov. Jawa Timur,050000,8,2,81,6,6,0,1,43,06 Apr 2026 11:32:20,674E725BD3703A28F821
UPT SD NEGERI SIDOMULYO 01,20554243,SD,Negeri,Kec. Selorejo,051512,Kab. Blitar,051500,Prov. Jawa Timur,050000,9,2,117,6,6,0,1,22,07 Apr 2026 10:50:09,952854D746A15D359F85
UPT SD NEGERI SIDOMULYO 02,20554244,SD,Negeri,Kec. Selorejo,051512,Kab. Blitar,051500,Prov. Jawa Timur,050000,8,1,107,6,6,0,1,10,13 Apr 2026 11:42:26,5503728F0E45015AF99A
UPT SD NEGERI SIDOMULYO 03,20554245,SD,Negeri,Kec. Selorejo,051512,Kab. Blitar,051500,Prov. Jawa Timur,050000,8,1,113,6,6,1,1,21,02 May 2026 11:06:16,C74306A0868D3DC588BA
UPT SD NEGERI SIDOMULYO 04,20514182,SD,Negeri,Kec. Selorejo,051512,Kab. Blitar,051500,Prov. Jawa Timur,050000,7,2,55,6,6,0,1,17,18 Apr 2026 07:56:00,FA96B41791F57576E7A6
UPT SD NEGERI SUMBERAGUNG 01,20551713,SD,Negeri,Kec. Selorejo,051512,Kab. Blitar,051500,Prov. Jawa Timur,050000,7,1,107,6,7,0,1,8,06 Apr 2026 09:17:58,AA9878379646CCB4E288
UPT SD NEGERI SUMBERAGUNG 02,20549736,SD,Negeri,Kec. Selorejo,051512,Kab. Blitar,051500,Prov. Jawa Timur,050000,9,3,69,6,6,0,1,25,13 Apr 2026 11:01:54,2D4275C53D58080951E5
UPT SD NEGERI SUMBERAGUNG 03,20551739,SD,Negeri,Kec. Selorejo,051512,Kab. Blitar,051500,Prov. Jawa Timur,050000,8,1,83,6,6,0,1,10,03 Apr 2026 07:30:16,46CB3429B0BC6DAA929D
UPT SD NEGERI SUMBERAGUNG 04,20514547,SD,Negeri,Kec. Selorejo,051512,Kab. Blitar,051500,Prov. Jawa Timur,050000,7,1,53,6,6,0,1,9,02 May 2026 10:40:23,4C8253F0BAC4B58B25A2
UPT SMP NEGERI 1 SELOREJO,20551750,SMP,Negeri,Kec. Selorejo,051512,Kab. Blitar,051500,Prov. Jawa Timur,050000,41,8,836,27,27,3,1,17,28 Apr 2026 08:45:46,69BCEDBDE92265A10183
UPT SMP NEGERI 2 SELOREJO,20549317,SMP,Negeri,Kec. Selorejo,051512,Kab. Blitar,051500,Prov. Jawa Timur,050000,18,6,241,9,11,3,2,16,22 Apr 2026 20:56:04,2F318CCE3A9F1369C0DA
SMP YP 17 SELOREJO,20551753,SMP,Swasta,Kec. Selorejo,051512,Kab. Blitar,051500,Prov. Jawa Timur,050000,5,4,52,3,4,1,1,11,29 Apr 2026 08:59:42,ED986F65D5393A7AA710
SMP YP MA ARIF SELOREJO,20551656,SMP,Swasta,Kec. Selorejo,051512,Kab. Blitar,051500,Prov. Jawa Timur,050000,7,1,27,3,3,2,1,54,02 May 2026 19:23:08,F7220837E57880391FAE
SMKS ISLAM SELOREJO BLITAR,20549329,SMK,Swasta,Kec. Selorejo,051512,Kab. Blitar,051500,Prov. Jawa Timur,050000,6,2,39,3,5,2,1,44,25 Apr 2026 09:51:48,14295042A9F7A1759F1C
SMKS YP 17 SELOREJO BLITAR,20551754,SMK,Swasta,Kec. Selorejo,051512,Kab. Blitar,051500,Prov. Jawa Timur,050000,25,9,316,13,13,2,1,20,09 Apr 2026 13:55:24,5A38BBDA80E0ADB5653D
UPT SD NEGERI GONDANGTAPEN,20515159,SD,Negeri,Kec. Wates,051504,Kab. Blitar,051500,Prov. Jawa Timur,050000,3,3,23,6,5,0,1,7,04 Apr 2026 10:08:50,ECAE3A385308E56102CD
UPT SD NEGERI MOJOREJO 01,20514258,SD,Negeri,Kec. Wates,051504,Kab. Blitar,051500,Prov. Jawa Timur,050000,7,2,61,6,6,0,0,26,08 Apr 2026 07:15:26,FDBDA840278EFF087F9E
UPT SD NEGERI MOJOREJO 02,20514257,SD,Negeri,Kec. Wates,051504,Kab. Blitar,051500,Prov. Jawa Timur,050000,6,2,38,6,6,0,0,9,04 Apr 2026 09:48:45,BA906B989F070A3BE63C
UPT SD NEGERI MOJOREJO 03,20514256,SD,Negeri,Kec. Wates,051504,Kab. Blitar,051500,Prov. Jawa Timur,050000,5,2,42,5,6,0,1,14,03 Apr 2026 22:16:41,CBCB754E022CEC9CECDB
UPT SD NEGERI PURWOREJO 01,20552139,SD,Negeri,Kec. Wates,051504,Kab. Blitar,051500,Prov. Jawa Timur,050000,7,2,144,6,6,1,0,23,27 Apr 2026 13:42:18,037663C8A0626379CDF0
UPT SD NEGERI PURWOREJO 02,20514113,SD,Negeri,Kec. Wates,051504,Kab. Blitar,051500,Prov. Jawa Timur,050000,7,1,43,6,6,0,0,20,01 May 2026 18:46:45,5DB18661F69EAA5903E3
UPT SD NEGERI PURWOREJO 04,20552141,SD,Negeri,Kec. Wates,051504,Kab. Blitar,051500,Prov. Jawa Timur,050000,5,2,17,6,6,0,0,26,17 Mar 2026 19:51:09,05F339DD0B3C86979251
UPT SD NEGERI RINGINREJO 01,20514074,SD,Negeri,Kec. Wates,051504,Kab. Blitar,051500,Prov. Jawa Timur,050000,6,3,114,6,6,1,1,12,12 Apr 2026 08:25:45,B6B17D32C7196DE484EB
UPT SD NEGERI RINGINREJO 02,20514089,SD,Negeri,Kec. Wates,051504,Kab. Blitar,051500,Prov. Jawa Timur,050000,8,2,124,6,6,0,1,10,07 Apr 2026 22:33:17,10F00F5BC0C154F94671
UPT SD NEGERI RINGINREJO 03,20514088,SD,Negeri,Kec. Wates,051504,Kab. Blitar,051500,Prov. Jawa Timur,050000,8,2,51,6,6,0,0,22,03 Apr 2026 20:18:42,E02029FF964E7DB2240C
UPT SD NEGERI RINGINREJO 04,20514059,SD,Negeri,Kec. Wates,051504,Kab. Blitar,051500,Prov. Jawa Timur,050000,9,1,93,6,6,0,1,20,23 Apr 2026 18:16:55,E0C0F3EB5300A086B4C6
UPT SD NEGERI SUKOREJO 01,20552138,SD,Negeri,Kec. Wates,051504,Kab. Blitar,051500,Prov. Jawa Timur,050000,8,1,49,6,6,0,0,11,04 Mar 2026 12:47:22,B791A8090253701C9396
UPT SD NEGERI SUKOREJO 03,20514534,SD,Negeri,Kec. Wates,051504,Kab. Blitar,051500,Prov. Jawa Timur,050000,9,2,81,6,6,0,1,9,03 Mar 2026 03:32:05,1269C8B1663FECA29584
UPT SD NEGERI SUMBERARUM 02,20514545,SD,Negeri,Kec. Wates,051504,Kab. Blitar,051500,Prov. Jawa Timur,050000,7,2,125,6,6,0,1,12,27 Apr 2026 08:35:42,D9FA29572AD8E48186C9
UPT SD NEGERI TUGUREJO 01,20514570,SD,Negeri,Kec. Wates,051504,Kab. Blitar,051500,Prov. Jawa Timur,050000,8,2,48,6,6,0,1,19,03 Apr 2026 08:42:45,313765BB2084E6915AFA
UPT SD NEGERI TUGUREJO 02,20514559,SD,Negeri,Kec. Wates,051504,Kab. Blitar,051500,Prov. Jawa Timur,050000,8,2,81,6,6,0,0,9,22 Apr 2026 13:13:02,FB2C1FB0E0A7EC4A9FD5
UPT SD NEGERI TUGUREJO 03,20514558,SD,Negeri,Kec. Wates,051504,Kab. Blitar,051500,Prov. Jawa Timur,050000,6,2,77,6,6,0,1,24,08 Apr 2026 18:02:23,7FB45308775D48306D69
UPT SD NEGERI TULUNGREJO 01,20552136,SD,Negeri,Kec. Wates,051504,Kab. Blitar,051500,Prov. Jawa Timur,050000,7,2,60,6,6,0,1,16,03 Mar 2026 09:48:34,5EEC8113F4E39877DFAA
UPT SD NEGERI TULUNGREJO 02,20552137,SD,Negeri,Kec. Wates,051504,Kab. Blitar,051500,Prov. Jawa Timur,050000,8,1,64,6,6,0,1,4,30 Jan 2026 17:09:45,4B36FF6FF610B01488EE
UPT SD NEGERI TULUNGREJO 04,20551748,SD,Negeri,Kec. Wates,051504,Kab. Blitar,051500,Prov. Jawa Timur,050000,7,1,94,6,6,0,0,24,28 Apr 2026 12:00:23,B513A6CE4D15F7A71538
UPT SD NEGERI WATES 01,20514386,SD,Negeri,Kec. Wates,051504,Kab. Blitar,051500,Prov. Jawa Timur,050000,6,2,48,6,5,0,1,31,11 Apr 2026 12:40:51,F8ECDB0610A9B15214DA
UPT SD NEGERI WATES 02,20514385,SD,Negeri,Kec. Wates,051504,Kab. Blitar,051500,Prov. Jawa Timur,050000,7,2,73,6,7,0,0,19,20 Apr 2026 13:15:43,76E7BFB1AF767E340574
UPT SD NEGERI WATES 04,20514384,SD,Negeri,Kec. Wates,051504,Kab. Blitar,051500,Prov. Jawa Timur,050000,8,2,22,6,7,0,0,10,03 Mar 2026 17:28:30,34885777F0768C0247AB
UPT SD NEGERI WATES 05,20514383,SD,Negeri,Kec. Wates,051504,Kab. Blitar,051500,Prov. Jawa Timur,050000,8,2,89,6,6,0,1,11,07 Mar 2026 16:03:32,CCBAFEE2F143BD7284E9
UPT SMP NEGERI 1 WATES,20514412,SMP,Negeri,Kec. Wates,051504,Kab. Blitar,051500,Prov. Jawa Timur,050000,27,8,535,18,21,3,1,19,23 Apr 2026 14:42:35,CBDF6388D7AEAE81DA3D
UPT SMP NEGERI 2 WATES,20514431,SMP,Negeri,Kec. Wates,051504,Kab. Blitar,051500,Prov. Jawa Timur,050000,13,3,118,6,12,2,1,35,29 Apr 2026 08:13:42,DD9C914759831685F7DC
SMP PGRI 2 WATES,20514461,SMP,Swasta,Kec. Wates,051504,Kab. Blitar,051500,Prov. Jawa Timur,050000,4,2,18,3,3,1,1,6,22 Apr 2026 08:34:51,116105540E10F2AEE7D0
SMP PONDOK PESANTREN AL-KHUSYU`,70009569,SMP,Swasta,Kec. Wates,051504,Kab. Blitar,051500,Prov. Jawa Timur,050000,7,1,39,3,1,0,0,6,06 Mar 2026 23:33:47,41B79BD58870CEB8BFD0
SMPK PANCASILA WATES,20551783,SMP,Swasta,Kec. Wates,051504,Kab. Blitar,051500,Prov. Jawa Timur,050000,8,2,37,3,3,2,2,22,20 Apr 2026 11:15:58,6F255BB882E341EAEAC9
SMAS I HASANUDIN WATES,20514392,SMA,Swasta,Kec. Wates,051504,Kab. Blitar,051500,Prov. Jawa Timur,050000,6,2,36,3,4,1,1,11,07 Mar 2026 11:16:27,8E500FFADC715CECE654
SMK PESANTREN AL-KHUSYU`,70031143,SMK,Swasta,Kec. Wates,051504,Kab. Blitar,051500,Prov. Jawa Timur,050000,4,1,86,4,3,0,1,16,28 Apr 2026 11:03:24,D00A6C0910FCA747FC2A
SMKS PEMUDA 2 WATES,20514342,SMK,Swasta,Kec. Wates,051504,Kab. Blitar,051500,Prov. Jawa Timur,050000,12,4,146,9,9,1,1,18,15 Apr 2026 21:37:37,D2047A7199A3E8143701
