nama_sekolah,npsn,bentuk_pendidikan,status_sekolah,kecamatan,kode_kecamatan,kabupaten,kode_kabupaten,provinsi,kode_provinsi,jumlah_guru_ptk,jumlah_pegawai,jumlah_peserta_didik,jumlah_rombel,jumlah_ruang_kelas,jumlah_lab,jumlah_perpustakaan,jumlah_kirim_sinkron,sinkron_terakhir,sekolah_id_enkrip
SD INPRES BAKUNG,40313284,SD,Negeri,Kec. Somba Opu,190304,Kab. Gowa,190300,Prov. Sulawesi Selatan,190000,7,1,142,6,6,0,1,32,20 Apr 2026 19:20:02,E22E5D7BED1CB67E4DA2
SD INPRES BALANG-BALANG,40313318,SD,Negeri,Kec. Somba Opu,190304,Kab. Gowa,190300,Prov. Sulawesi Selatan,190000,16,3,291,13,6,0,1,43,21 Apr 2026 05:46:31,C2FECCDC7F33E870F303
SD INPRES BATANGKALUKU,40313285,SD,Negeri,Kec. Somba Opu,190304,Kab. Gowa,190300,Prov. Sulawesi Selatan,190000,15,2,341,12,6,0,1,22,02 May 2026 08:36:39,478C756D232FBADE2FD6
SD INPRES BEROANGING,40314405,SD,Negeri,Kec. Somba Opu,190304,Kab. Gowa,190300,Prov. Sulawesi Selatan,190000,5,2,27,6,6,0,0,11,07 Mar 2026 17:01:11,2C299D182BB3B0493CEC
SD INPRES BERTINGKAT,40301461,SD,Negeri,Kec. Somba Opu,190304,Kab. Gowa,190300,Prov. Sulawesi Selatan,190000,18,2,345,14,6,1,1,48,16 Apr 2026 09:50:30,100A89546F37D93E8537
SD INPRES BONTO-BONTOA,40313926,SD,Negeri,Kec. Somba Opu,190304,Kab. Gowa,190300,Prov. Sulawesi Selatan,190000,14,2,374,12,6,0,1,28,29 Apr 2026 14:02:30,20A66FBAA004587E2E93
SD INPRES BONTORAMBA,40313565,SD,Negeri,Kec. Somba Opu,190304,Kab. Gowa,190300,Prov. Sulawesi Selatan,190000,9,1,204,7,12,0,3,44,30 Apr 2026 15:48:46,F04070C6848A7948BB2F
SD INPRES BUTTADIDIA,40313774,SD,Negeri,Kec. Somba Opu,190304,Kab. Gowa,190300,Prov. Sulawesi Selatan,190000,7,2,131,6,6,0,1,7,01 Mar 2026 21:34:51,E298AE3D5C31F0B064A2
SD INPRES CAMBAYA,40301082,SD,Negeri,Kec. Somba Opu,190304,Kab. Gowa,190300,Prov. Sulawesi Selatan,190000,15,2,406,13,6,0,1,68,23 Apr 2026 11:14:22,9477D28434023C5C30CC
SD INPRES KATANGKA,40314224,SD,Negeri,Kec. Somba Opu,190304,Kab. Gowa,190300,Prov. Sulawesi Selatan,190000,8,1,167,6,4,0,0,23,15 Apr 2026 08:29:51,D01C214BB33628F5FD7B
SD INPRES KATANGKA I,40301403,SD,Negeri,Kec. Somba Opu,190304,Kab. Gowa,190300,Prov. Sulawesi Selatan,190000,10,1,191,7,4,0,0,24,14 Apr 2026 08:33:21,22F1678E7D4840089B69
SD INPRES LAKIYUNG,40313306,SD,Negeri,Kec. Somba Opu,190304,Kab. Gowa,190300,Prov. Sulawesi Selatan,190000,13,2,230,10,6,0,1,29,24 Apr 2026 09:30:19,6299BF3FA0D3574CE8F1
SD INPRES MACANDA,40313778,SD,Negeri,Kec. Somba Opu,190304,Kab. Gowa,190300,Prov. Sulawesi Selatan,190000,9,2,186,8,6,0,1,19,29 Apr 2026 19:58:44,1B13F9660BC91F52CC4B
SD INPRES MACCINIAYO,40313823,SD,Negeri,Kec. Somba Opu,190304,Kab. Gowa,190300,Prov. Sulawesi Selatan,190000,16,2,250,12,6,0,1,32,30 Apr 2026 16:58:12,C84D6538F50721E28876
SD INPRES MANGASA,40313798,SD,Negeri,Kec. Somba Opu,190304,Kab. Gowa,190300,Prov. Sulawesi Selatan,190000,15,3,293,12,7,0,1,30,28 Apr 2026 09:29:39,5C9CD50A2140D9A7EE29
SD INPRES MANGASA 1,40313785,SD,Negeri,Kec. Somba Opu,190304,Kab. Gowa,190300,Prov. Sulawesi Selatan,190000,10,4,164,6,6,0,0,23,29 Apr 2026 14:03:04,C965AFD343DEDE9AA0A3
SD INPRES PABANGIANG,40313781,SD,Negeri,Kec. Somba Opu,190304,Kab. Gowa,190300,Prov. Sulawesi Selatan,190000,23,2,466,17,9,0,1,71,30 Apr 2026 20:01:05,1E7019B2648FB9D0AF73
SD INPRES PACCINONGANG,40300974,SD,Negeri,Kec. Somba Opu,190304,Kab. Gowa,190300,Prov. Sulawesi Selatan,190000,17,3,345,13,6,0,1,38,28 Apr 2026 09:36:21,0966FDA071A9AFD69C3E
SD INPRES PANDANG-PANDANG,40313201,SD,Negeri,Kec. Somba Opu,190304,Kab. Gowa,190300,Prov. Sulawesi Selatan,190000,8,1,148,6,6,0,1,17,13 Apr 2026 07:43:34,F8C2398B541FA3AD4899
SD INPRES PANGGENTUNGANG SELATAN,40313198,SD,Negeri,Kec. Somba Opu,190304,Kab. Gowa,190300,Prov. Sulawesi Selatan,190000,16,2,423,13,6,0,1,20,07 Apr 2026 21:05:28,8C3384BBA3776BE6F00F
SD INPRES PENGGENTUNGANG UTARA,40313314,SD,Negeri,Kec. Somba Opu,190304,Kab. Gowa,190300,Prov. Sulawesi Selatan,190000,20,3,385,15,6,0,1,31,16 Apr 2026 03:43:01,C6A9AEA394E82C5AB506
SD INPRES SAMATA,40313281,SD,Negeri,Kec. Somba Opu,190304,Kab. Gowa,190300,Prov. Sulawesi Selatan,190000,16,2,276,13,6,0,1,26,18 Apr 2026 20:57:57,BDB19E1805D838F23809
SD INPRES SERO,40313251,SD,Negeri,Kec. Somba Opu,190304,Kab. Gowa,190300,Prov. Sulawesi Selatan,190000,14,2,309,12,6,0,1,24,24 Apr 2026 06:41:46,6391F87A7F60C68DE221
SD INPRES SUNGGUMINASA,40313320,SD,Negeri,Kec. Somba Opu,190304,Kab. Gowa,190300,Prov. Sulawesi Selatan,190000,7,1,95,6,4,0,0,23,10 Apr 2026 15:38:49,1366C8A67871BC8FF2D3
SD INPRES SUNGGUMINASA I,40313308,SD,Negeri,Kec. Somba Opu,190304,Kab. Gowa,190300,Prov. Sulawesi Selatan,190000,7,1,78,6,3,0,0,17,18 Apr 2026 13:50:05,95E7651DDC245DD589D6
SD INPRES TAENG-TAENG,40314243,SD,Negeri,Kec. Somba Opu,190304,Kab. Gowa,190300,Prov. Sulawesi Selatan,190000,13,3,228,9,6,0,1,20,20 Apr 2026 19:30:42,D97524ED00F4B657AA1C
SD INPRES TAMARUNANG,40300991,SD,Negeri,Kec. Somba Opu,190304,Kab. Gowa,190300,Prov. Sulawesi Selatan,190000,23,2,434,17,10,0,1,27,14 Apr 2026 10:57:50,00FD04BAF7F2ED662788
SD INPRES TINGGIMAE,40301128,SD,Negeri,Kec. Somba Opu,190304,Kab. Gowa,190300,Prov. Sulawesi Selatan,190000,16,1,379,12,8,0,0,26,25 Apr 2026 08:42:37,FB0B8489DD496631774B
SD NEGERI BATANGKALUKU,40300915,SD,Negeri,Kec. Somba Opu,190304,Kab. Gowa,190300,Prov. Sulawesi Selatan,190000,17,5,380,14,6,0,2,22,02 Apr 2026 21:06:08,461326CAB353E148D17F
SD NEGERI BONTOKAMASE,40300912,SD,Negeri,Kec. Somba Opu,190304,Kab. Gowa,190300,Prov. Sulawesi Selatan,190000,31,3,845,24,18,1,2,38,21 Apr 2026 09:49:16,A59CB85400D671F3E544
SD NEGERI BONTORAMBA,40313813,SD,Negeri,Kec. Somba Opu,190304,Kab. Gowa,190300,Prov. Sulawesi Selatan,190000,16,1,372,12,6,0,1,21,16 Apr 2026 07:49:35,13A22D0432FABBD385E2
SD NEGERI MANGASA,40301099,SD,Negeri,Kec. Somba Opu,190304,Kab. Gowa,190300,Prov. Sulawesi Selatan,190000,15,2,245,12,5,0,0,31,16 Apr 2026 11:19:25,F43A5F1E178CB893EA18
SD NEGERI MANGASA I,40313782,SD,Negeri,Kec. Somba Opu,190304,Kab. Gowa,190300,Prov. Sulawesi Selatan,190000,11,3,231,8,6,0,1,48,29 Apr 2026 13:26:41,DBBD8CF5A92B6FE39F72
SD NEGERI PACCINONGANG UNGGULAN,40313212,SD,Negeri,Kec. Somba Opu,190304,Kab. Gowa,190300,Prov. Sulawesi Selatan,190000,33,6,769,24,12,0,1,31,13 Apr 2026 08:59:26,4B4BABF59DDCBE4A0BF1
SD NEGERI PAO-PAO,40313815,SD,Negeri,Kec. Somba Opu,190304,Kab. Gowa,190300,Prov. Sulawesi Selatan,190000,18,1,433,14,9,0,0,18,09 Apr 2026 01:12:40,729042F2D04B8B5AAE2C
SD NEGERI ROMANG POLONG,40313256,SD,Negeri,Kec. Somba Opu,190304,Kab. Gowa,190300,Prov. Sulawesi Selatan,190000,17,2,381,13,6,0,1,74,25 Apr 2026 07:32:24,10BEE512F128EAF07010
SD NEGERI SAMATA,40314506,SD,Negeri,Kec. Somba Opu,190304,Kab. Gowa,190300,Prov. Sulawesi Selatan,190000,26,2,558,21,7,0,1,60,27 Apr 2026 09:36:13,7263DBF368CFC5B3A924
SD NEGERI SUNGGUMINASA I,40314372,SD,Negeri,Kec. Somba Opu,190304,Kab. Gowa,190300,Prov. Sulawesi Selatan,190000,15,2,332,12,7,0,1,51,25 Apr 2026 09:31:53,9104C63C20E6D85B5D2C
SD NEGERI SUNGGUMINASA II,40301130,SD,Negeri,Kec. Somba Opu,190304,Kab. Gowa,190300,Prov. Sulawesi Selatan,190000,19,2,316,13,7,0,1,22,01 May 2026 13:22:12,B79FB92ECEF48EF2657B
SD NEGERI SUNGGUMINASA III,40313744,SD,Negeri,Kec. Somba Opu,190304,Kab. Gowa,190300,Prov. Sulawesi Selatan,190000,12,2,169,9,6,0,1,23,27 Apr 2026 10:36:07,A0FB1B0FAD844BFE3CE4
SD NEGERI SUNGGUMINASA IV,40313779,SD,Negeri,Kec. Somba Opu,190304,Kab. Gowa,190300,Prov. Sulawesi Selatan,190000,14,4,326,13,6,0,1,22,13 Apr 2026 21:55:03,CD8E051AFBAB46E797B0
SD NEGERI SUNGGUMINASA V,40313784,SD,Negeri,Kec. Somba Opu,190304,Kab. Gowa,190300,Prov. Sulawesi Selatan,190000,15,3,324,12,6,0,1,22,28 Apr 2026 07:52:48,A427388DA2F9878BE474
SDIT KUTTAB AL HASAN,70060152,SD,Negeri,Kec. Somba Opu,190304,Kab. Gowa,190300,Prov. Sulawesi Selatan,190000,0,0,0,0,0,0,0,0,,2EE5251F61C36AF91E79
SD ALAM INSAN KAMIL,69982270,SD,Swasta,Kec. Somba Opu,190304,Kab. Gowa,190300,Prov. Sulawesi Selatan,190000,16,3,129,6,6,0,1,28,11 Apr 2026 20:25:09,AEECE984EF5D45BBD10C
SD HASANUDDIN,40301120,SD,Swasta,Kec. Somba Opu,190304,Kab. Gowa,190300,Prov. Sulawesi Selatan,190000,7,2,168,6,9,0,1,25,30 Apr 2026 10:48:54,3B2990FA4D6C6533C274
SD ISLAM CENDEKIA MUDA,70050651,SD,Swasta,Kec. Somba Opu,190304,Kab. Gowa,190300,Prov. Sulawesi Selatan,190000,5,1,74,3,6,0,1,7,04 Mar 2026 14:44:06,A3AB6CA434B539D51820
SD ISLAM TERPADU  WAHDAH ISLAMIYAH,69917193,SD,Swasta,Kec. Somba Opu,190304,Kab. Gowa,190300,Prov. Sulawesi Selatan,190000,55,5,745,24,28,1,0,20,26 Apr 2026 09:31:56,0D6A0FB9BFFBCA004A95
SD ISLAM TERPADU AZZAHRAH,69988957,SD,Swasta,Kec. Somba Opu,190304,Kab. Gowa,190300,Prov. Sulawesi Selatan,190000,22,4,189,11,15,2,1,35,14 Apr 2026 10:16:45,456BEF24A93147A1CA4D
SD LAZUARDI ATHAILLAH GCS,70050069,SD,Swasta,Kec. Somba Opu,190304,Kab. Gowa,190300,Prov. Sulawesi Selatan,190000,10,2,68,6,6,0,0,31,29 Apr 2026 13:35:12,11CC9F9EBC261E8A07DB
SD RUMAH SEKOLAH CENDEKIA,69888524,SD,Swasta,Kec. Somba Opu,190304,Kab. Gowa,190300,Prov. Sulawesi Selatan,190000,10,3,100,6,8,2,1,62,28 Apr 2026 11:08:01,773848FF3074775E8FB9
SDIT AL ANDALUSIA,70059394,SD,Swasta,Kec. Somba Opu,190304,Kab. Gowa,190300,Prov. Sulawesi Selatan,190000,7,0,0,0,0,0,0,0,,5BA6101F6BD1F326F814
SDIT AL FADIYAH,69970506,SD,Swasta,Kec. Somba Opu,190304,Kab. Gowa,190300,Prov. Sulawesi Selatan,190000,52,6,561,23,24,2,1,28,29 Apr 2026 14:14:01,63CF2A71CDACA923F5C9
SDIT AL-FITYAN SCHOOL GOWA,40318221,SD,Swasta,Kec. Somba Opu,190304,Kab. Gowa,190300,Prov. Sulawesi Selatan,190000,61,5,700,24,24,2,1,34,30 Apr 2026 13:57:54,3C80061C1BE37F59D004
SDS ISLAM NURFADHILAH,69726861,SD,Swasta,Kec. Somba Opu,190304,Kab. Gowa,190300,Prov. Sulawesi Selatan,190000,6,1,96,6,6,0,1,42,17 Apr 2026 09:13:21,11A5B0F0923F3FD64272
SDS TERPADU SWATA BANI RAUF,40315144,SD,Swasta,Kec. Somba Opu,190304,Kab. Gowa,190300,Prov. Sulawesi Selatan,190000,11,1,240,12,7,0,1,46,13 Apr 2026 14:54:42,180BDC2663A13F15453D
SMP NEGERI 1 SUNGGUMINASA,40301063,SMP,Negeri,Kec. Somba Opu,190304,Kab. Gowa,190300,Prov. Sulawesi Selatan,190000,53,11,1466,33,33,2,1,20,29 Apr 2026 17:03:50,679F227F4E0379461434
SMP NEGERI 2 SUNGGUMINASA,40301060,SMP,Negeri,Kec. Somba Opu,190304,Kab. Gowa,190300,Prov. Sulawesi Selatan,190000,58,4,1166,33,25,3,1,67,02 May 2026 09:49:56,6A23340235D0182F0450
SMP NEGERI 3 SUNGGUMINASA,40301049,SMP,Negeri,Kec. Somba Opu,190304,Kab. Gowa,190300,Prov. Sulawesi Selatan,190000,59,11,1034,33,33,2,1,30,24 Apr 2026 09:00:28,F18FF8D42C78B4629696
SMP NEGERI 4 SUNGGUMINASA,40301051,SMP,Negeri,Kec. Somba Opu,190304,Kab. Gowa,190300,Prov. Sulawesi Selatan,190000,57,11,1331,33,39,7,3,49,30 Apr 2026 12:43:37,33C5F3973C870C007D21
SMP NEGERI 5 SUNGGUMINASA,69967385,SMP,Negeri,Kec. Somba Opu,190304,Kab. Gowa,190300,Prov. Sulawesi Selatan,190000,20,4,377,13,9,2,1,27,25 Apr 2026 11:33:41,C341DCAA4F0E0EFA13FB
SMP AISYIYAH PACCINONGANG,40314307,SMP,Swasta,Kec. Somba Opu,190304,Kab. Gowa,190300,Prov. Sulawesi Selatan,190000,9,0,119,5,6,2,1,50,30 Apr 2026 09:32:19,590F00A74C23B279B890
SMP AISYIYAH SUNGGUMINASA,40313508,SMP,Swasta,Kec. Somba Opu,190304,Kab. Gowa,190300,Prov. Sulawesi Selatan,190000,19,1,261,10,9,1,1,17,01 May 2026 18:25:31,06584F49256B97294EBC
SMP ALAM INSAN KAMIL,70010680,SMP,Swasta,Kec. Somba Opu,190304,Kab. Gowa,190300,Prov. Sulawesi Selatan,190000,6,1,25,3,3,0,1,45,28 Apr 2026 09:08:34,A846D1A6B74667DB76AB
SMP BATARA GOWA,40313473,SMP,Swasta,Kec. Somba Opu,190304,Kab. Gowa,190300,Prov. Sulawesi Selatan,190000,5,3,22,3,4,1,1,14,29 Apr 2026 20:35:48,64327D03D7CA8CE8265D
SMP CITRA SAMATA,40313460,SMP,Swasta,Kec. Somba Opu,190304,Kab. Gowa,190300,Prov. Sulawesi Selatan,190000,9,2,109,4,4,1,1,22,14 Apr 2026 22:53:21,C87B06E88226C63ABA20
SMP GOWA RAYA,40313232,SMP,Swasta,Kec. Somba Opu,190304,Kab. Gowa,190300,Prov. Sulawesi Selatan,190000,7,2,37,3,3,2,1,20,21 Apr 2026 10:29:28,7835A886A68ECD8E9DFF
SMP HANDAYANI GOWATA,70012235,SMP,Swasta,Kec. Somba Opu,190304,Kab. Gowa,190300,Prov. Sulawesi Selatan,190000,6,2,106,5,3,0,0,14,08 Apr 2026 11:47:37,39CEEB1DE982BD3AF016
SMP HANDAYANI SUNGGUMINASA,40313504,SMP,Swasta,Kec. Somba Opu,190304,Kab. Gowa,190300,Prov. Sulawesi Selatan,190000,6,4,69,3,7,3,1,22,20 Apr 2026 09:31:24,9D1A6D3A5AD6C55FB383
SMP HASANUDDIN,40313506,SMP,Swasta,Kec. Somba Opu,190304,Kab. Gowa,190300,Prov. Sulawesi Selatan,190000,8,2,111,6,6,1,1,11,17 Apr 2026 11:03:58,5D310AC6E86B364069DF
SMP IT AL-FITYAN SCHOOL,60729098,SMP,Swasta,Kec. Somba Opu,190304,Kab. Gowa,190300,Prov. Sulawesi Selatan,190000,38,4,531,18,18,2,1,29,01 May 2026 11:28:22,EA99E3E9A79E60ACD89A
SMP IT AT-TAUHID BOARDING SCHOOL,70047350,SMP,Swasta,Kec. Somba Opu,190304,Kab. Gowa,190300,Prov. Sulawesi Selatan,190000,6,4,160,7,4,1,1,22,28 Apr 2026 07:38:36,1565CD6E237C47254CB5
SMP IT CHENG HOO,70053496,SMP,Swasta,Kec. Somba Opu,190304,Kab. Gowa,190300,Prov. Sulawesi Selatan,190000,3,1,38,3,3,0,0,27,13 Apr 2026 14:53:45,5F32A88555B8C37FCC28
SMP IT WAHDAH ISLAMIYAH GOWA,69991910,SMP,Swasta,Kec. Somba Opu,190304,Kab. Gowa,190300,Prov. Sulawesi Selatan,190000,24,3,227,9,12,1,1,36,23 Apr 2026 15:24:21,0239F0D06276D90627B2
SMP LAZUARDI ATHAILLAH,70049756,SMP,Swasta,Kec. Somba Opu,190304,Kab. Gowa,190300,Prov. Sulawesi Selatan,190000,8,1,36,3,3,1,2,25,10 Apr 2026 12:09:57,BFC13ACC20F44E78A2FC
SMP PESANTREN GUPPI SAMATA,40313505,SMP,Swasta,Kec. Somba Opu,190304,Kab. Gowa,190300,Prov. Sulawesi Selatan,190000,12,1,68,3,6,1,1,17,17 Apr 2026 13:18:46,DFFA9BDBFFD5E16460E3
SMP PGRI SUNGGUMINASA,40313503,SMP,Swasta,Kec. Somba Opu,190304,Kab. Gowa,190300,Prov. Sulawesi Selatan,190000,7,4,138,5,15,2,1,8,27 Apr 2026 11:13:08,45014BB2AB5DB59304C8
SMP SOMBA OPU,40313204,SMP,Swasta,Kec. Somba Opu,190304,Kab. Gowa,190300,Prov. Sulawesi Selatan,190000,7,2,71,3,3,1,1,15,06 Apr 2026 20:13:32,9746422A82BE433C81DB
SMP YAPIP MAKASSAR SUNGGUMINASA,40301023,SMP,Swasta,Kec. Somba Opu,190304,Kab. Gowa,190300,Prov. Sulawesi Selatan,190000,7,2,55,3,7,1,1,31,30 Apr 2026 11:13:41,8099A771DC7C2F9A0437
SMAN 1 GOWA,40301034,SMA,Negeri,Kec. Somba Opu,190304,Kab. Gowa,190300,Prov. Sulawesi Selatan,190000,69,8,1109,31,31,3,1,57,01 May 2026 18:24:48,CE95659CD4EA3C253480
SMAN 10 GOWA,40313497,SMA,Negeri,Kec. Somba Opu,190304,Kab. Gowa,190300,Prov. Sulawesi Selatan,190000,48,5,724,22,21,3,1,27,30 Apr 2026 06:56:27,7B39C3E96DC1D42ABB6B
SMAN 14 GOWA,40314425,SMA,Negeri,Kec. Somba Opu,190304,Kab. Gowa,190300,Prov. Sulawesi Selatan,190000,55,5,907,27,28,3,1,40,20 Apr 2026 10:53:38,AACA6FCBBE76B0495429
SMAS BATARA GOWA,40314404,SMA,Swasta,Kec. Somba Opu,190304,Kab. Gowa,190300,Prov. Sulawesi Selatan,190000,8,1,61,3,3,1,1,23,30 Apr 2026 10:30:38,B5955DA505C8822B8B2F
SMAS GOWA RAYA,40314037,SMA,Swasta,Kec. Somba Opu,190304,Kab. Gowa,190300,Prov. Sulawesi Selatan,190000,9,5,53,3,5,2,1,27,22 Apr 2026 06:41:34,39C9F3D595D1808A2480
SMAS GUPPI SAMATA,60728411,SMA,Swasta,Kec. Somba Opu,190304,Kab. Gowa,190300,Prov. Sulawesi Selatan,190000,4,4,63,3,6,6,1,8,04 Mar 2026 16:07:14,B11380276AB6D6610FBC
SMAS HANDAYANI,40314383,SMA,Swasta,Kec. Somba Opu,190304,Kab. Gowa,190300,Prov. Sulawesi Selatan,190000,6,4,57,4,6,1,1,15,28 Apr 2026 12:10:21,009C853D293C95F1EBF0
SMAS HASANUDDIN,40301124,SMA,Swasta,Kec. Somba Opu,190304,Kab. Gowa,190300,Prov. Sulawesi Selatan,190000,6,4,59,3,4,1,1,48,30 Apr 2026 07:16:41,8E93F1E89EB047FA17BC
SMAS ISLAM TERPADU WAHDAH ISLAMIYAH GOWA,70014098,SMA,Swasta,Kec. Somba Opu,190304,Kab. Gowa,190300,Prov. Sulawesi Selatan,190000,12,1,129,6,6,1,1,5,13 Apr 2026 11:17:26,DF049207D54BC7E8A1B9
SMAS IT AL FITYAN SCHOOL,69734079,SMA,Swasta,Kec. Somba Opu,190304,Kab. Gowa,190300,Prov. Sulawesi Selatan,190000,30,2,350,11,11,7,2,15,16 Apr 2026 15:19:03,C0A55337AEB8074D03DF
SMAS MUHAMMADIYAH SUNGGUMINASA,40301125,SMA,Swasta,Kec. Somba Opu,190304,Kab. Gowa,190300,Prov. Sulawesi Selatan,190000,12,1,67,4,8,2,1,32,30 Apr 2026 21:24:00,FFF22555F0AF44F00CA9
SMAS PGRI SUNGGUMINASA,40313282,SMA,Swasta,Kec. Somba Opu,190304,Kab. Gowa,190300,Prov. Sulawesi Selatan,190000,11,4,84,4,7,2,1,96,06 Apr 2026 23:58:41,6927ADB073BEFD976892
SMAS SOMBA OPU,40313735,SMA,Swasta,Kec. Somba Opu,190304,Kab. Gowa,190300,Prov. Sulawesi Selatan,190000,4,2,49,3,4,1,1,10,04 Apr 2026 11:40:19,6F694A6C220DCE869B7A
SMAS TAHFIZHUL QURAN IMAM ASY-SYATIBY W.I,69981356,SMA,Swasta,Kec. Somba Opu,190304,Kab. Gowa,190300,Prov. Sulawesi Selatan,190000,24,5,295,8,9,1,1,51,25 Apr 2026 12:55:55,C30B19C2CECC0E1A757B
SMAS YAPIP MAKASSAR SUNGGUMINASA,40301126,SMA,Swasta,Kec. Somba Opu,190304,Kab. Gowa,190300,Prov. Sulawesi Selatan,190000,12,2,108,4,20,3,1,18,13 Apr 2026 13:41:04,3C62DFE23BD73CAAC717
SMKN 2 GOWA,40301042,SMK,Negeri,Kec. Somba Opu,190304,Kab. Gowa,190300,Prov. Sulawesi Selatan,190000,86,8,1297,40,24,3,1,55,29 Apr 2026 16:55:41,B7D763D6C5C24E5D2B91
SMKN 3 GOWA,40313851,SMK,Negeri,Kec. Somba Opu,190304,Kab. Gowa,190300,Prov. Sulawesi Selatan,190000,104,11,1684,57,79,2,1,102,30 Apr 2026 14:07:04,1D9E253C1DA0850F4F85
SMKS FARMASI SYEKH YUSUF AL MAKASSARI,40313480,SMK,Swasta,Kec. Somba Opu,190304,Kab. Gowa,190300,Prov. Sulawesi Selatan,190000,7,2,36,3,6,1,1,19,17 Apr 2026 07:35:12,8E7538F67406551A2B45
SMKS HANDAYANI GOWATA,70006107,SMK,Swasta,Kec. Somba Opu,190304,Kab. Gowa,190300,Prov. Sulawesi Selatan,190000,9,3,103,6,7,1,1,35,01 May 2026 13:15:07,3A902282F3A43A2ED47E
SMKS HANDAYANI SUNGGUMINASA,40301039,SMK,Swasta,Kec. Somba Opu,190304,Kab. Gowa,190300,Prov. Sulawesi Selatan,190000,13,2,129,7,12,1,1,9,11 Apr 2026 17:48:15,72D77C70AEB72E47B636
SMKS NURFADHILAH,70013136,SMK,Swasta,Kec. Somba Opu,190304,Kab. Gowa,190300,Prov. Sulawesi Selatan,190000,0,0,0,0,0,0,0,0,,6637A84B48FEE01EFA9F
SMKS TEKNOLOGI SOMBA OPU,40313738,SMK,Swasta,Kec. Somba Opu,190304,Kab. Gowa,190300,Prov. Sulawesi Selatan,190000,20,7,291,13,25,1,1,46,02 May 2026 09:47:45,3A39A43FED3CCD0E9EB1
SMKS YAPIP MAKASSAR SUNGGUMINASA,40313746,SMK,Swasta,Kec. Somba Opu,190304,Kab. Gowa,190300,Prov. Sulawesi Selatan,190000,6,2,71,4,10,1,1,30,26 Apr 2026 06:16:37,C9CC01CAB1FB1F9AE306
SD INPRES ANA GOWA,40313210,SD,Negeri,Kec. Pallangga,190303,Kab. Gowa,190300,Prov. Sulawesi Selatan,190000,24,1,651,22,11,0,1,30,24 Apr 2026 10:16:25,1AF87ADB3DE7DE957869
SD INPRES BALINAPPANG,40313934,SD,Negeri,Kec. Pallangga,190303,Kab. Gowa,190300,Prov. Sulawesi Selatan,190000,7,1,127,6,6,0,1,21,08 Apr 2026 14:20:25,B4BF8AC503A99D39BE49
SD INPRES BELAKA,40314469,SD,Negeri,Kec. Pallangga,190303,Kab. Gowa,190300,Prov. Sulawesi Selatan,190000,16,2,411,16,9,0,1,26,11 Apr 2026 20:48:52,3972D598C6BFE84D3248
SD INPRES BIRINGKALORO,40313560,SD,Negeri,Kec. Pallangga,190303,Kab. Gowa,190300,Prov. Sulawesi Selatan,190000,20,5,591,18,8,0,2,13,29 Apr 2026 22:40:59,082BA181F9A8EC5A33F5
SD INPRES BONTOALA I,40301470,SD,Negeri,Kec. Pallangga,190303,Kab. Gowa,190300,Prov. Sulawesi Selatan,190000,13,2,535,16,9,0,1,35,01 May 2026 15:53:57,C1B335BFB7FAFBBDE4A5
SD INPRES BONTOALA II,40313532,SD,Negeri,Kec. Pallangga,190303,Kab. Gowa,190300,Prov. Sulawesi Selatan,190000,12,3,462,15,6,0,1,20,06 Apr 2026 06:03:53,7CBB92E347DA8407C279
SD INPRES BORONG BILALANG,40301455,SD,Negeri,Kec. Pallangga,190303,Kab. Gowa,190300,Prov. Sulawesi Selatan,190000,9,4,195,8,7,0,1,19,30 Apr 2026 12:31:46,E84487212085422DF76B
SD INPRES BORONGKARAMASA,40313361,SD,Negeri,Kec. Pallangga,190303,Kab. Gowa,190300,Prov. Sulawesi Selatan,190000,8,3,165,7,7,0,1,13,10 Apr 2026 02:54:22,11D0D13CA27E45986C5E
SD INPRES BORONGTALA,40313501,SD,Negeri,Kec. Pallangga,190303,Kab. Gowa,190300,Prov. Sulawesi Selatan,190000,7,2,71,6,7,0,1,21,27 Apr 2026 07:30:13,ADFC7B0DA7271D8E76DD
SD INPRES JENETALLASA,40301359,SD,Negeri,Kec. Pallangga,190303,Kab. Gowa,190300,Prov. Sulawesi Selatan,190000,16,1,329,14,7,0,1,56,28 Apr 2026 11:30:59,8E3C0B9CB5CC6D97BBFB
SD INPRES KAMPILI,40301368,SD,Negeri,Kec. Pallangga,190303,Kab. Gowa,190300,Prov. Sulawesi Selatan,190000,8,4,226,8,8,1,1,22,30 Apr 2026 06:58:50,CEA3E1B8B94B9E93AD87
SD INPRES LAMBENGI,40314416,SD,Negeri,Kec. Pallangga,190303,Kab. Gowa,190300,Prov. Sulawesi Selatan,190000,22,5,715,19,8,0,1,23,14 Apr 2026 05:06:37,C7793D446E60002AC298
SD INPRES LIKULOE,40301398,SD,Negeri,Kec. Pallangga,190303,Kab. Gowa,190300,Prov. Sulawesi Selatan,190000,8,3,154,6,6,0,1,20,06 Apr 2026 20:44:09,BEC0E40C630C647E14EF
SD INPRES PAKU,40313521,SD,Negeri,Kec. Pallangga,190303,Kab. Gowa,190300,Prov. Sulawesi Selatan,190000,15,2,335,12,10,0,1,23,30 Apr 2026 20:51:06,852317BC63EDB68566BF
SD INPRES PALLANGGA,40313344,SD,Negeri,Kec. Pallangga,190303,Kab. Gowa,190300,Prov. Sulawesi Selatan,190000,15,2,310,12,8,0,1,30,13 Apr 2026 12:35:22,A4EAD2F7ACA7E52BEE0E
SD INPRES PANGKABINANGA,40313211,SD,Negeri,Kec. Pallangga,190303,Kab. Gowa,190300,Prov. Sulawesi Selatan,190000,18,1,404,13,6,0,1,38,02 May 2026 19:42:00,4423FD46FFF8B78906C4
SD INPRES PARANGBANOA,40313489,SD,Negeri,Kec. Pallangga,190303,Kab. Gowa,190300,Prov. Sulawesi Selatan,190000,11,2,341,12,7,0,1,33,24 Apr 2026 08:50:04,BC330ABB9B61DAA9B322
SD INPRES PARANGMALENGU,40300973,SD,Negeri,Kec. Pallangga,190303,Kab. Gowa,190300,Prov. Sulawesi Selatan,190000,6,3,124,6,5,0,0,10,04 Apr 2026 21:18:48,C53AB3777286619CE460
SD INPRES RITAYA,40313379,SD,Negeri,Kec. Pallangga,190303,Kab. Gowa,190300,Prov. Sulawesi Selatan,190000,7,2,55,6,6,0,0,33,30 Apr 2026 14:05:20,AE20BB3775D0B433CD2B
SD INPRES SANRANGAN,40313487,SD,Negeri,Kec. Pallangga,190303,Kab. Gowa,190300,Prov. Sulawesi Selatan,190000,13,4,495,12,6,0,1,43,13 Apr 2026 15:20:29,B74917DC35EB297554C4
SD INPRES SOGAYA,40301015,SD,Negeri,Kec. Pallangga,190303,Kab. Gowa,190300,Prov. Sulawesi Selatan,190000,5,3,147,6,6,0,1,24,02 May 2026 09:03:22,7ED57125159672691012
SD INPRES TATTAKANG,40313360,SD,Negeri,Kec. Pallangga,190303,Kab. Gowa,190300,Prov. Sulawesi Selatan,190000,11,1,534,15,7,0,1,45,30 Apr 2026 10:01:38,D1E816B95EA9E455F6D0
SD INPRES TETE BATU,40313515,SD,Negeri,Kec. Pallangga,190303,Kab. Gowa,190300,Prov. Sulawesi Selatan,190000,20,4,510,17,9,0,1,33,02 May 2026 10:32:36,DE31994A11A328CEA1D1
SD INPRES TETEBATU I,40313502,SD,Negeri,Kec. Pallangga,190303,Kab. Gowa,190300,Prov. Sulawesi Selatan,190000,19,1,474,17,6,0,1,26,22 Apr 2026 16:24:42,9B24D153653F2D6A254F
SD INPRES WATU-WATU,40313486,SD,Negeri,Kec. Pallangga,190303,Kab. Gowa,190300,Prov. Sulawesi Selatan,190000,5,2,145,6,6,0,1,38,29 Apr 2026 23:40:14,D58F42AB7ACA4841DB75
SD NEGERI BIRING BALANG,40300903,SD,Negeri,Kec. Pallangga,190303,Kab. Gowa,190300,Prov. Sulawesi Selatan,190000,15,2,270,12,12,0,0,30,28 Apr 2026 13:31:36,10596904A4ACBC4FB9CD
SD NEGERI BIRINGKALORO,40313488,SD,Negeri,Kec. Pallangga,190303,Kab. Gowa,190300,Prov. Sulawesi Selatan,190000,24,3,515,19,8,0,0,17,16 Apr 2026 15:12:56,A90133ED98073CCD3290
SD NEGERI BONTOCINDE,40313491,SD,Negeri,Kec. Pallangga,190303,Kab. Gowa,190300,Prov. Sulawesi Selatan,190000,8,2,164,6,6,0,1,11,03 Mar 2026 20:11:17,A9BA263F0398C3CCAD42
SD NEGERI BONTORAMBA,40300908,SD,Negeri,Kec. Pallangga,190303,Kab. Gowa,190300,Prov. Sulawesi Selatan,190000,9,4,283,10,6,0,1,41,24 Apr 2026 05:50:29,5FF141E999371EDF3AC6
SD NEGERI BORONGKARAMASA,40313490,SD,Negeri,Kec. Pallangga,190303,Kab. Gowa,190300,Prov. Sulawesi Selatan,190000,11,2,282,10,6,0,1,32,04 Apr 2026 13:02:32,8007EF0505E1FF0F462C
SD NEGERI CAMBAYA,40300946,SD,Negeri,Kec. Pallangga,190303,Kab. Gowa,190300,Prov. Sulawesi Selatan,190000,8,2,107,6,6,0,1,30,30 Apr 2026 11:43:53,DF9647E71873C796E3A0
SD NEGERI CENTRE MANGALLI,40313402,SD,Negeri,Kec. Pallangga,190303,Kab. Gowa,190300,Prov. Sulawesi Selatan,190000,31,4,794,24,16,0,1,22,10 Apr 2026 12:35:53,DD7D2FF455C5ACF3F1EB
SD NEGERI KAMPUNG PARANG,40300933,SD,Negeri,Kec. Pallangga,190303,Kab. Gowa,190300,Prov. Sulawesi Selatan,190000,14,2,288,12,6,0,1,18,10 Apr 2026 05:08:52,34FD58542A7340BECD44
SD NEGERI PAJALAU,40313485,SD,Negeri,Kec. Pallangga,190303,Kab. Gowa,190300,Prov. Sulawesi Selatan,190000,9,3,181,7,6,0,1,26,17 Apr 2026 09:54:44,8F9F3A8041AE9BB43471
SD NEGERI TAENG,40313535,SD,Negeri,Kec. Pallangga,190303,Kab. Gowa,190300,Prov. Sulawesi Selatan,190000,22,3,697,20,10,0,1,40,28 Apr 2026 18:28:58,4A5EC273BFA0BD708CFD
SD NEGERI TAIPALELENG,40313495,SD,Negeri,Kec. Pallangga,190303,Kab. Gowa,190300,Prov. Sulawesi Selatan,190000,10,1,191,8,9,0,1,42,23 Apr 2026 05:07:16,F620E11074C8253E4AB6
SD NEGERI TALLANG-TALLANG,40313556,SD,Negeri,Kec. Pallangga,190303,Kab. Gowa,190300,Prov. Sulawesi Selatan,190000,12,1,282,10,9,0,1,35,18 Apr 2026 15:37:35,74A6FA38CDAA09513054
SD NEGERI TOMBOLO K,40313932,SD,Negeri,Kec. Pallangga,190303,Kab. Gowa,190300,Prov. Sulawesi Selatan,190000,16,4,522,15,6,0,1,49,21 Apr 2026 09:13:05,D675CADF295BF7955ED5
SD ISLAM TERPADU MUKHLISIIN,69906413,SD,Swasta,Kec. Pallangga,190303,Kab. Gowa,190300,Prov. Sulawesi Selatan,190000,52,1,509,20,20,1,1,26,30 Apr 2026 12:08:34,0CAA09721657F2819E05
SD TAHFID ANDALUSIA,70052513,SD,Swasta,Kec. Pallangga,190303,Kab. Gowa,190300,Prov. Sulawesi Selatan,190000,3,1,85,6,6,0,0,18,08 Apr 2026 06:02:20,E1AB9832CAFC192FCAAF
SDIT ALIF CENDEKIA GOWA,70028731,SD,Swasta,Kec. Pallangga,190303,Kab. Gowa,190300,Prov. Sulawesi Selatan,190000,17,2,215,11,19,1,1,47,30 Apr 2026 13:20:06,5EF78BC4AAE13FFADBC5
SDIT ALMUBARAK,70026595,SD,Swasta,Kec. Pallangga,190303,Kab. Gowa,190300,Prov. Sulawesi Selatan,190000,10,3,155,8,8,0,1,33,09 Apr 2026 18:29:09,0FC0850AC198C4F67B11
SMP NEGERI 1 PALLANGGA,40301061,SMP,Negeri,Kec. Pallangga,190303,Kab. Gowa,190300,Prov. Sulawesi Selatan,190000,49,5,1401,33,33,3,1,30,28 Apr 2026 11:15:07,8BF85C92DA1E40C8D580
SMP NEGERI 2 PALLANGGA,40301071,SMP,Negeri,Kec. Pallangga,190303,Kab. Gowa,190300,Prov. Sulawesi Selatan,190000,14,5,191,7,12,3,1,25,02 May 2026 08:17:27,7B7B3459DF0AD0261AF4
SMP NEGERI 3 PALLANGGA,40313509,SMP,Negeri,Kec. Pallangga,190303,Kab. Gowa,190300,Prov. Sulawesi Selatan,190000,37,6,733,25,25,3,1,107,02 May 2026 12:50:00,C233999933976F0B0E14
SMP NEGERI 4 PALLANGGA,40313753,SMP,Negeri,Kec. Pallangga,190303,Kab. Gowa,190300,Prov. Sulawesi Selatan,190000,20,6,323,12,15,2,1,42,30 Apr 2026 15:07:41,BF0FEE7AC3314D134915
SMP NEGERI 5 PALLANGGA,40314298,SMP,Negeri,Kec. Pallangga,190303,Kab. Gowa,190300,Prov. Sulawesi Selatan,190000,43,5,844,28,23,1,1,19,29 Apr 2026 09:18:26,28A9BD22C732B5374792
SMP AHLUS SHIDQI WAR RAHMAH,70055984,SMP,Swasta,Kec. Pallangga,190303,Kab. Gowa,190300,Prov. Sulawesi Selatan,190000,12,0,27,2,2,2,1,28,23 Apr 2026 03:16:03,12650ECB27A664B4C1A4
SMP ASKARI PALLANGGA,40313510,SMP,Swasta,Kec. Pallangga,190303,Kab. Gowa,190300,Prov. Sulawesi Selatan,190000,22,3,328,11,15,1,1,15,07 Apr 2026 21:07:02,B990B2CCB8414A40E4D4
SMP IT MUKHLISIIN,70015113,SMP,Swasta,Kec. Pallangga,190303,Kab. Gowa,190300,Prov. Sulawesi Selatan,190000,15,1,127,6,6,2,1,18,20 Apr 2026 16:17:23,E539405A204F10176DAB
SMP PEST. PUTRI YATAMA MANDIRI,40313752,SMP,Swasta,Kec. Pallangga,190303,Kab. Gowa,190300,Prov. Sulawesi Selatan,190000,6,1,185,7,3,2,1,20,23 Apr 2026 08:13:06,2E75AA3BF05F20C80DFD
SMPIT ALIF CENDEKIA GOWA,70060237,SMP,Swasta,Kec. Pallangga,190303,Kab. Gowa,190300,Prov. Sulawesi Selatan,190000,5,0,10,1,2,1,0,18,22 Apr 2026 08:12:29,07C59C7681E86CF79A31
SMAN 20 GOWA,69762670,SMA,Negeri,Kec. Pallangga,190303,Kab. Gowa,190300,Prov. Sulawesi Selatan,190000,35,5,571,17,16,3,1,43,28 Apr 2026 09:55:28,69D055373D175BA4C222
SMAN 9 GOWA,40313217,SMA,Negeri,Kec. Pallangga,190303,Kab. Gowa,190300,Prov. Sulawesi Selatan,190000,63,9,1042,30,29,3,1,23,27 Apr 2026 13:22:54,E6380AC0458B2F55E006
SMAS ISLAM LASHARAN JAYA GOWA,70012189,SMA,Swasta,Kec. Pallangga,190303,Kab. Gowa,190300,Prov. Sulawesi Selatan,190000,6,2,37,3,4,0,0,24,23 Apr 2026 09:24:19,7453F0C659C60921E84F
SMAS PESANTREN PUTRI YATAMA MANDIRI,40313202,SMA,Swasta,Kec. Pallangga,190303,Kab. Gowa,190300,Prov. Sulawesi Selatan,190000,8,1,143,6,5,2,1,21,29 Apr 2026 08:48:03,B8B7C333E190D71D44E4
SMKN 4 GOWA,40301041,SMK,Negeri,Kec. Pallangga,190303,Kab. Gowa,190300,Prov. Sulawesi Selatan,190000,130,14,2202,66,40,1,1,112,29 Apr 2026 13:51:15,EB5F8D224476C7B2121E
SD INPRES BARASA,40313406,SD,Negeri,Kec. Bajeng,190302,Kab. Gowa,190300,Prov. Sulawesi Selatan,190000,10,0,47,6,6,0,0,15,17 Apr 2026 08:43:18,61633573C19B68A436FE
SD INPRES BONE,40313407,SD,Negeri,Kec. Bajeng,190302,Kab. Gowa,190300,Prov. Sulawesi Selatan,190000,10,1,175,7,7,0,0,22,02 May 2026 18:59:35,968FB525F5C61BB9DCBE
SD INPRES BONTOBILA,40313375,SD,Negeri,Kec. Bajeng,190302,Kab. Gowa,190300,Prov. Sulawesi Selatan,190000,7,3,142,6,6,0,0,24,13 Apr 2026 10:20:46,774DC950ADD1EA716F66
SD INPRES BONTOBU NE,40314226,SD,Negeri,Kec. Bajeng,190302,Kab. Gowa,190300,Prov. Sulawesi Selatan,190000,8,2,137,7,6,0,1,15,18 Apr 2026 07:34:01,C9E9FC2E2C4E9C74484F
SD INPRES BORONGUNTI,40313377,SD,Negeri,Kec. Bajeng,190302,Kab. Gowa,190300,Prov. Sulawesi Selatan,190000,7,3,171,6,6,0,0,11,02 May 2026 18:55:23,15A8CB31A2F6CB4F6334
SD INPRES BORONGUNTIA,40313429,SD,Negeri,Kec. Bajeng,190302,Kab. Gowa,190300,Prov. Sulawesi Selatan,190000,6,4,147,6,6,0,1,20,23 Apr 2026 09:22:52,E402466726A65363A262
SD INPRES BUKKANGRAKI,40313562,SD,Negeri,Kec. Bajeng,190302,Kab. Gowa,190300,Prov. Sulawesi Selatan,190000,7,3,178,6,6,0,0,22,17 Apr 2026 14:06:40,F9A9B725FA2094944101
SD INPRES CINIAYO,40313439,SD,Negeri,Kec. Bajeng,190302,Kab. Gowa,190300,Prov. Sulawesi Selatan,190000,6,2,129,6,6,0,0,17,15 Apr 2026 08:23:33,F43EA422E6CB2A9D93A0
SD INPRES JATIA,40301358,SD,Negeri,Kec. Bajeng,190302,Kab. Gowa,190300,Prov. Sulawesi Selatan,190000,7,4,117,6,7,0,1,26,10 Apr 2026 09:20:03,3555FCF3CCCC55C475BB
SD INPRES KALEBAJENG,40300943,SD,Negeri,Kec. Bajeng,190302,Kab. Gowa,190300,Prov. Sulawesi Selatan,190000,7,1,101,6,6,0,1,86,02 May 2026 15:45:21,4A00B93FF6B2E84345CA
SD INPRES LIMBUNG,40301386,SD,Negeri,Kec. Bajeng,190302,Kab. Gowa,190300,Prov. Sulawesi Selatan,190000,14,1,225,11,10,0,1,23,10 Apr 2026 12:16:18,EB87D1F348CC57FBD393
SD INPRES MACCINI BAJI,40313401,SD,Negeri,Kec. Bajeng,190302,Kab. Gowa,190300,Prov. Sulawesi Selatan,190000,7,1,66,6,6,0,0,24,30 Apr 2026 14:24:50,636886A800F8FAC7A6B4
SD INPRES MANURUKI,40301393,SD,Negeri,Kec. Bajeng,190302,Kab. Gowa,190300,Prov. Sulawesi Selatan,190000,9,2,141,6,9,0,1,9,15 Apr 2026 07:45:35,5658B7A365B78670047F
SD INPRES PABBENTENGANG,40314286,SD,Negeri,Kec. Bajeng,190302,Kab. Gowa,190300,Prov. Sulawesi Selatan,190000,8,2,118,6,6,0,1,31,27 Apr 2026 11:00:00,4EF31BADCC2B3E101DC2
SD INPRES PAKKINGKINGANG,40300979,SD,Negeri,Kec. Bajeng,190302,Kab. Gowa,190300,Prov. Sulawesi Selatan,190000,8,3,133,6,6,0,1,13,09 Apr 2026 08:46:09,AC7F2B324DE0F024FFB1
SD INPRES PALOMPONG,40301077,SD,Negeri,Kec. Bajeng,190302,Kab. Gowa,190300,Prov. Sulawesi Selatan,190000,9,2,215,8,8,0,1,14,13 Apr 2026 07:20:23,C2EDCA4116B381DE7BF2
SD INPRES PANCIRO,40300983,SD,Negeri,Kec. Bajeng,190302,Kab. Gowa,190300,Prov. Sulawesi Selatan,190000,7,2,63,6,6,0,1,24,28 Apr 2026 08:33:06,30D8DD948FFA7994FCAA
SD INPRES PARANGREA,40300962,SD,Negeri,Kec. Bajeng,190302,Kab. Gowa,190300,Prov. Sulawesi Selatan,190000,8,2,155,6,6,0,0,23,11 Apr 2026 13:02:33,8A8878134726FCD5218A
SD INPRES PARE-PARE,40313397,SD,Negeri,Kec. Bajeng,190302,Kab. Gowa,190300,Prov. Sulawesi Selatan,190000,14,3,291,12,12,0,1,13,02 Apr 2026 13:34:27,6157CEE7C28EE473D4D5
SD INPRES PATTINGALOANG,40313393,SD,Negeri,Kec. Bajeng,190302,Kab. Gowa,190300,Prov. Sulawesi Selatan,190000,10,3,231,10,6,0,1,25,05 Apr 2026 20:21:25,C64C9A828C8CD996B743
SD INPRES SUGITANGNGA,40301016,SD,Negeri,Kec. Bajeng,190302,Kab. Gowa,190300,Prov. Sulawesi Selatan,190000,8,2,74,6,6,0,1,25,04 Mar 2026 07:46:11,B1657FFA7AEEB157464D
SD INPRES TARANTANG,40301138,SD,Negeri,Kec. Bajeng,190302,Kab. Gowa,190300,Prov. Sulawesi Selatan,190000,7,3,97,6,6,0,0,26,16 Apr 2026 19:59:17,B9C18537201CF051023D
SD INPRES TEBBAKANG,40300958,SD,Negeri,Kec. Bajeng,190302,Kab. Gowa,190300,Prov. Sulawesi Selatan,190000,8,3,153,6,6,0,1,29,21 Apr 2026 09:10:49,DCB5177A9075DC50F7DB
SD NEGERI BONTOMAERO I,40314204,SD,Negeri,Kec. Bajeng,190302,Kab. Gowa,190300,Prov. Sulawesi Selatan,190000,7,2,129,6,6,0,1,13,03 Apr 2026 19:09:50,DA7430EB4FCFE2594F92
SD NEGERI BONTOMAERO II,40300913,SD,Negeri,Kec. Bajeng,190302,Kab. Gowa,190300,Prov. Sulawesi Selatan,190000,12,3,228,10,6,1,1,26,06 Apr 2026 09:29:27,63A1969FC884679C6B1C
SD NEGERI DOJA,40300951,SD,Negeri,Kec. Bajeng,190302,Kab. Gowa,190300,Prov. Sulawesi Selatan,190000,9,4,172,7,8,0,1,22,23 Apr 2026 21:15:31,CFC2334BA96EEC380561
SD NEGERI KUTULU,40300937,SD,Negeri,Kec. Bajeng,190302,Kab. Gowa,190300,Prov. Sulawesi Selatan,190000,9,2,108,6,6,0,1,40,11 Apr 2026 08:02:31,F759A9861829B53E3DE3
SD NEGERI LABBAKKANG,40300938,SD,Negeri,Kec. Bajeng,190302,Kab. Gowa,190300,Prov. Sulawesi Selatan,190000,8,3,148,7,6,0,1,24,08 Apr 2026 13:31:57,6E6109D8D938F31215B6
SD NEGERI LIMBUNG PUTERA,40301091,SD,Negeri,Kec. Bajeng,190302,Kab. Gowa,190300,Prov. Sulawesi Selatan,190000,13,2,196,9,6,0,1,13,08 Apr 2026 10:00:27,27C3E798E1625540616C
SD NEGERI LIMBUNG PUTERI,40301092,SD,Negeri,Kec. Bajeng,190302,Kab. Gowa,190300,Prov. Sulawesi Selatan,190000,14,2,364,13,12,1,1,55,11 Apr 2026 08:45:03,9C8111D3D7A0D4B5CD8E
SD Negeri Lonrong,40301095,SD,Negeri,Kec. Bajeng,190302,Kab. Gowa,190300,Prov. Sulawesi Selatan,190000,8,3,205,6,6,0,0,31,17 Apr 2026 19:29:32,08F40B4530CAE1B7761E
SD NEGERI PANCIRO,40313394,SD,Negeri,Kec. Bajeng,190302,Kab. Gowa,190300,Prov. Sulawesi Selatan,190000,11,3,252,11,8,0,1,18,29 Apr 2026 09:04:15,1A61F1C31AF36D2549D9
SD NEGERI PANNYANGKALANG,40301083,SD,Negeri,Kec. Bajeng,190302,Kab. Gowa,190300,Prov. Sulawesi Selatan,190000,6,1,203,7,6,0,1,23,22 Apr 2026 20:13:34,5F12D087DD81DABCB181
SD NEGERI PARE-PARE,40301086,SD,Negeri,Kec. Bajeng,190302,Kab. Gowa,190300,Prov. Sulawesi Selatan,190000,7,3,104,6,6,0,0,25,13 Apr 2026 17:05:35,E111606DF23217910937
SD NEGERI ROMANG RAPPOA,40313563,SD,Negeri,Kec. Bajeng,190302,Kab. Gowa,190300,Prov. Sulawesi Selatan,190000,11,4,231,10,6,0,1,14,02 May 2026 05:25:25,22A2765AB1747A6DD272
SD NEGERI TANETEA,40301134,SD,Negeri,Kec. Bajeng,190302,Kab. Gowa,190300,Prov. Sulawesi Selatan,190000,9,2,140,6,6,0,1,13,07 Apr 2026 13:11:58,B40443B9192B644EA417
SD IT AL MUWAHHIDIIN 1,69991472,SD,Swasta,Kec. Bajeng,190302,Kab. Gowa,190300,Prov. Sulawesi Selatan,190000,29,1,574,23,21,0,1,16,20 Apr 2026 14:36:43,BF724D25791D1D3FA759
SDIT AL FURQAN WAHDAH ISLAMIYAH,69970050,SD,Swasta,Kec. Bajeng,190302,Kab. Gowa,190300,Prov. Sulawesi Selatan,190000,26,2,282,11,14,0,1,23,16 Apr 2026 14:03:12,16155E27764EACA5F3F1
SDIT AT TIBYAN,70012868,SD,Swasta,Kec. Bajeng,190302,Kab. Gowa,190300,Prov. Sulawesi Selatan,190000,17,6,275,12,12,0,1,25,28 Apr 2026 15:02:02,DCFDC8309B1CED1D1A4F
SMP NEGERI 1 BAJENG,40301024,SMP,Negeri,Kec. Bajeng,190302,Kab. Gowa,190300,Prov. Sulawesi Selatan,190000,57,7,960,31,31,2,1,34,30 Apr 2026 12:53:13,D002A8F15AE3E53210A3
SMP NEGERI 2 BAJENG,40314397,SMP,Negeri,Kec. Bajeng,190302,Kab. Gowa,190300,Prov. Sulawesi Selatan,190000,21,7,254,10,10,2,1,71,29 Apr 2026 08:47:34,53F4693FE93704F3CFD6
SMP NEGERI 3 BAJENG,40301050,SMP,Negeri,Kec. Bajeng,190302,Kab. Gowa,190300,Prov. Sulawesi Selatan,190000,33,5,456,16,17,2,1,37,02 May 2026 18:17:02,A5133CC9E2B0EE097F0C
SMP NEGERI 4 BAJENG,40313136,SMP,Negeri,Kec. Bajeng,190302,Kab. Gowa,190300,Prov. Sulawesi Selatan,190000,19,7,233,9,10,2,1,33,17 Apr 2026 21:20:53,8B4FD8265DFA9C5528AE
SMP AKSARA BAJENG,40313220,SMP,Swasta,Kec. Bajeng,190302,Kab. Gowa,190300,Prov. Sulawesi Selatan,190000,10,1,107,4,6,2,1,35,05 Apr 2026 14:39:56,BFE533EB728FC5D9B463
SMP ISLAM AS SUNNAH PANCIRO,69970538,SMP,Swasta,Kec. Bajeng,190302,Kab. Gowa,190300,Prov. Sulawesi Selatan,190000,11,2,149,6,7,1,1,17,14 Apr 2026 10:40:46,778B19C1362D760C7E1F
SMP ISLAM AS SYAMSIAH BOARDING SCHOOL,69974958,SMP,Swasta,Kec. Bajeng,190302,Kab. Gowa,190300,Prov. Sulawesi Selatan,190000,7,2,65,3,3,1,1,22,08 Apr 2026 18:27:17,28B628313A40D6F7DB12
SMP ISLAM DARUSSALAM,69728239,SMP,Swasta,Kec. Bajeng,190302,Kab. Gowa,190300,Prov. Sulawesi Selatan,190000,8,5,52,3,4,0,1,21,22 Apr 2026 09:17:02,A1A13A67FF2D5509E8D0
SMP MUHAMMADIYAH LIMBUNG,40314577,SMP,Swasta,Kec. Bajeng,190302,Kab. Gowa,190300,Prov. Sulawesi Selatan,190000,54,13,875,28,23,2,2,67,24 Apr 2026 17:40:14,50920B570FA1B10595AE
SMPIT ALMUWAHHIDIIN,70046389,SMP,Swasta,Kec. Bajeng,190302,Kab. Gowa,190300,Prov. Sulawesi Selatan,190000,4,1,76,3,3,0,0,33,21 Apr 2026 19:54:26,E5732CBAB12EBDAAD686
SMPIT DARUL HUFFADZ GOWA,70054164,SMP,Swasta,Kec. Bajeng,190302,Kab. Gowa,190300,Prov. Sulawesi Selatan,190000,7,1,56,3,3,0,1,21,06 Apr 2026 22:06:50,5FA2347CEF00EC8594B7
SMAN 2 GOWA,40301141,SMA,Negeri,Kec. Bajeng,190302,Kab. Gowa,190300,Prov. Sulawesi Selatan,190000,74,14,1231,36,38,4,1,28,25 Apr 2026 13:16:39,36A60BE8235C23018E33
SMA AKSARA BAJENG,40314039,SMA,Swasta,Kec. Bajeng,190302,Kab. Gowa,190300,Prov. Sulawesi Selatan,190000,16,4,194,7,7,2,1,29,16 Apr 2026 10:34:53,5721473614720A8CD8C5
SMA INSAN KAMIL,69948079,SMA,Swasta,Kec. Bajeng,190302,Kab. Gowa,190300,Prov. Sulawesi Selatan,190000,8,2,239,8,5,2,1,11,20 Apr 2026 16:37:31,86ACE3B682C2B87ECA27
SMA Islam Darussalam Pannyangkalang,69865667,SMA,Swasta,Kec. Bajeng,190302,Kab. Gowa,190300,Prov. Sulawesi Selatan,190000,9,3,158,4,3,2,1,33,26 Apr 2026 19:44:57,8F4699592695F03F24AA
SMA IT DAARUL HUFFADZ GOWA,70059602,SMA,Swasta,Kec. Bajeng,190302,Kab. Gowa,190300,Prov. Sulawesi Selatan,190000,4,0,0,0,0,0,0,0,,108804787C2B6F73BA0C
SMA PANNYANGKALANG,69959168,SMA,Swasta,Kec. Bajeng,190302,Kab. Gowa,190300,Prov. Sulawesi Selatan,190000,5,4,64,4,3,0,1,20,11 Apr 2026 07:35:58,ADA80ED81ACAB1FCCF80
SMAS MUHAMMADIYAH LEMPANGANG,40318944,SMA,Swasta,Kec. Bajeng,190302,Kab. Gowa,190300,Prov. Sulawesi Selatan,190000,12,2,117,4,5,1,1,11,19 Apr 2026 11:02:04,D5D1B902A3B26A7A19EB
SMAS MUHAMMADIYAH LIMBUNG,40313433,SMA,Swasta,Kec. Bajeng,190302,Kab. Gowa,190300,Prov. Sulawesi Selatan,190000,23,1,315,11,19,2,1,45,02 May 2026 07:05:29,EBEBD9585C66EC41BE0F
SMKN 1 GOWA,40301040,SMK,Negeri,Kec. Bajeng,190302,Kab. Gowa,190300,Prov. Sulawesi Selatan,190000,107,21,1522,45,52,5,2,33,28 Apr 2026 09:40:27,3DC525805BC8039327F2
SMK SULTAN HASANUDDIN,69949695,SMK,Swasta,Kec. Bajeng,190302,Kab. Gowa,190300,Prov. Sulawesi Selatan,190000,12,1,77,8,8,2,1,15,21 Apr 2026 20:43:45,711106F2932BE0AC0DB0
SMKS YPKK LIMBUNG,40301032,SMK,Swasta,Kec. Bajeng,190302,Kab. Gowa,190300,Prov. Sulawesi Selatan,190000,24,4,311,13,20,3,1,15,07 Apr 2026 19:56:16,FC2DF0A56ED8C60565B7
SD INPRES ALERANG,40301420,SD,Negeri,Kec. Bontonompo,190301,Kab. Gowa,190300,Prov. Sulawesi Selatan,190000,8,2,104,6,6,0,0,21,22 Apr 2026 11:12:05,C83BEDF9DEAADAB23580
SD INPRES BALABURU,40314475,SD,Negeri,Kec. Bontonompo,190301,Kab. Gowa,190300,Prov. Sulawesi Selatan,190000,8,0,89,6,6,0,1,8,14 Apr 2026 12:38:10,2F6E7C1BB0EF7ACAEFD4
SD INPRES BATEGULUNG,40314274,SD,Negeri,Kec. Bontonompo,190301,Kab. Gowa,190300,Prov. Sulawesi Selatan,190000,7,3,159,6,6,0,1,8,09 Apr 2026 19:36:03,AAE41690403B531A7FC2
SD INPRES BILONGA,40301462,SD,Negeri,Kec. Bontonompo,190301,Kab. Gowa,190300,Prov. Sulawesi Selatan,190000,8,2,137,6,6,0,0,19,07 Apr 2026 12:40:06,42C0EDD0E708BADF2CDE
SD INPRES BONTOMANAI,40314493,SD,Negeri,Kec. Bontonompo,190301,Kab. Gowa,190300,Prov. Sulawesi Selatan,190000,6,2,137,6,6,0,0,11,23 Apr 2026 08:44:15,84D15700001FC2C568C3
SD INPRES BONTOMARINRA,40301447,SD,Negeri,Kec. Bontonompo,190301,Kab. Gowa,190300,Prov. Sulawesi Selatan,190000,7,2,75,6,6,0,0,1,05 Mar 2026 01:33:18,06243755876B52651BCB
SD INPRES BONTONOMPO,40313199,SD,Negeri,Kec. Bontonompo,190301,Kab. Gowa,190300,Prov. Sulawesi Selatan,190000,16,2,242,12,12,0,0,21,13 Apr 2026 20:01:19,8E841AB093112C60863F
SD INPRES BONTORANNU,40314249,SD,Negeri,Kec. Bontonompo,190301,Kab. Gowa,190300,Prov. Sulawesi Selatan,190000,9,2,65,6,6,0,0,6,08 Apr 2026 20:13:31,7562AFEB32C492AEFD78
SD INPRES BONTOSALLANG,40301452,SD,Negeri,Kec. Bontonompo,190301,Kab. Gowa,190300,Prov. Sulawesi Selatan,190000,9,1,96,6,6,0,0,17,31 Mar 2026 15:36:30,7F6BFB9173978C81C868
SD INPRES BULOGADING I,40301374,SD,Negeri,Kec. Bontonompo,190301,Kab. Gowa,190300,Prov. Sulawesi Selatan,190000,9,1,81,6,6,0,0,10,11 Apr 2026 19:50:21,6F8A58891D7013131B95
SD INPRES BULOGADING II,40314413,SD,Negeri,Kec. Bontonompo,190301,Kab. Gowa,190300,Prov. Sulawesi Selatan,190000,9,1,154,6,7,0,0,13,14 Apr 2026 08:27:32,F6A5B3993C5C67CF0D5A
SD INPRES KAMPUNG MEJANG,40301367,SD,Negeri,Kec. Bontonompo,190301,Kab. Gowa,190300,Prov. Sulawesi Selatan,190000,9,2,221,8,8,0,1,18,20 Apr 2026 18:45:54,5CCE2B34AE5EE78D11C7
SD INPRES KATANGKA,40301402,SD,Negeri,Kec. Bontonompo,190301,Kab. Gowa,190300,Prov. Sulawesi Selatan,190000,10,2,200,9,6,0,1,14,07 Apr 2026 10:53:05,529333914FEDD5A80ACB
SD INPRES SALEKOWA,40300986,SD,Negeri,Kec. Bontonompo,190301,Kab. Gowa,190300,Prov. Sulawesi Selatan,190000,7,3,47,6,6,0,0,18,30 Apr 2026 11:41:23,CBD9D209155AA14D9E00
SD INPRES TABINJAI,40301002,SD,Negeri,Kec. Bontonompo,190301,Kab. Gowa,190300,Prov. Sulawesi Selatan,190000,6,2,146,6,6,0,1,12,16 Apr 2026 02:16:07,953380E6521199C0052A
SD INPRES TABUAKKANG,40301017,SD,Negeri,Kec. Bontonompo,190301,Kab. Gowa,190300,Prov. Sulawesi Selatan,190000,7,3,165,6,6,0,0,14,17 Apr 2026 06:32:30,CB8CBB1AA5A6BED9A2A7
SD NEGERI ANASSAPPU,40314276,SD,Negeri,Kec. Bontonompo,190301,Kab. Gowa,190300,Prov. Sulawesi Selatan,190000,10,1,180,8,8,0,0,24,11 Apr 2026 14:32:14,81AFBB5E14F62550D718
SD NEGERI BAREMBENG I,40314474,SD,Negeri,Kec. Bontonompo,190301,Kab. Gowa,190300,Prov. Sulawesi Selatan,190000,7,2,139,6,8,0,0,9,21 Apr 2026 13:07:05,34C47AA8459210A73C6E
SD NEGERI BAREMBENG II,40300916,SD,Negeri,Kec. Bontonompo,190301,Kab. Gowa,190300,Prov. Sulawesi Selatan,190000,9,2,229,9,8,0,1,12,19 Apr 2026 20:45:14,58EE052C2AB1C9F9108C
SD NEGERI BONTONOMPO,40314480,SD,Negeri,Kec. Bontonompo,190301,Kab. Gowa,190300,Prov. Sulawesi Selatan,190000,9,2,106,6,6,0,1,10,06 Apr 2026 20:06:31,00CA3A016EDBFF1A926B
SD NEGERI BONTORIKONG,40314468,SD,Negeri,Kec. Bontonompo,190301,Kab. Gowa,190300,Prov. Sulawesi Selatan,190000,8,3,203,6,7,0,3,26,14 Apr 2026 19:34:36,9B80343778359CFE5B45
SD NEGERI BORONGKANANG,40314503,SD,Negeri,Kec. Bontonompo,190301,Kab. Gowa,190300,Prov. Sulawesi Selatan,190000,7,2,139,6,6,0,1,46,29 Apr 2026 12:27:36,A84BD232842725132BAE
SD NEGERI KALASE RENA,40314428,SD,Negeri,Kec. Bontonompo,190301,Kab. Gowa,190300,Prov. Sulawesi Selatan,190000,10,3,205,8,9,0,1,18,04 Apr 2026 13:00:04,A74B3524D7EA4A937112
SD NEGERI KALUARRANG,40313743,SD,Negeri,Kec. Bontonompo,190301,Kab. Gowa,190300,Prov. Sulawesi Selatan,190000,8,1,123,6,6,0,1,15,15 Apr 2026 07:23:40,35AC9B0043E4CECACFE6
SD NEGERI KAREBASSE,40314477,SD,Negeri,Kec. Bontonompo,190301,Kab. Gowa,190300,Prov. Sulawesi Selatan,190000,8,1,149,6,6,1,0,20,30 Apr 2026 19:35:19,C94C8CDB113AAB06A765
SD NEGERI KOKOWA,40301142,SD,Negeri,Kec. Bontonompo,190301,Kab. Gowa,190300,Prov. Sulawesi Selatan,190000,6,3,140,6,6,1,1,23,23 Apr 2026 14:26:45,7AC4CAF2C8D187EDF755
SD NEGERI RAPPOKALELENG,40313742,SD,Negeri,Kec. Bontonompo,190301,Kab. Gowa,190300,Prov. Sulawesi Selatan,190000,13,3,281,11,12,0,1,17,22 Apr 2026 07:14:56,20AE79280BE79B713F0D
SD NEGERI ROMANGLASA,40314385,SD,Negeri,Kec. Bontonompo,190301,Kab. Gowa,190300,Prov. Sulawesi Selatan,190000,8,2,171,6,6,0,0,7,05 Mar 2026 21:04:03,0CB5A272CC936C27084C
SMP NEGERI 1 BONTONOMPO,40301028,SMP,Negeri,Kec. Bontonompo,190301,Kab. Gowa,190300,Prov. Sulawesi Selatan,190000,33,5,523,18,20,3,1,42,29 Apr 2026 08:43:27,BA8015BBAADB7DA0AD16
SMP NEGERI 2 BONTONOMPO,40301070,SMP,Negeri,Kec. Bontonompo,190301,Kab. Gowa,190300,Prov. Sulawesi Selatan,190000,12,4,137,6,7,1,1,31,22 Apr 2026 08:07:11,E4A1CFE323DAC539A2DE
SMP NEGERI 3 BONTONOMPO,40314407,SMP,Negeri,Kec. Bontonompo,190301,Kab. Gowa,190300,Prov. Sulawesi Selatan,190000,13,9,260,9,9,2,1,29,30 Apr 2026 21:13:20,8D0CB90D62ACB9259E9F
SMP NEGERI 4 BONTONOMPO,40313380,SMP,Negeri,Kec. Bontonompo,190301,Kab. Gowa,190300,Prov. Sulawesi Selatan,190000,19,7,239,9,11,2,2,47,24 Apr 2026 06:51:33,DC96DDF212CDDED0DFEF
SMP PGRI BAREMBENG,40301021,SMP,Swasta,Kec. Bontonompo,190301,Kab. Gowa,190300,Prov. Sulawesi Selatan,190000,8,3,191,6,8,2,1,20,14 Apr 2026 08:38:51,62CEE1833AAE37C44465
SMPIT TAHFIZH QURAN AL MULTAZAM,70052588,SMP,Swasta,Kec. Bontonompo,190301,Kab. Gowa,190300,Prov. Sulawesi Selatan,190000,7,2,29,3,3,1,1,26,18 Apr 2026 13:20:04,4A4370882F4575CC9E9A
SMAN 3 GOWA,40301018,SMA,Negeri,Kec. Bontonompo,190301,Kab. Gowa,190300,Prov. Sulawesi Selatan,190000,54,12,894,27,30,2,1,62,02 May 2026 05:35:46,6C615BCF93EF7566929F
SMKS GARUDAYA BONTONOMPO,40301044,SMK,Swasta,Kec. Bontonompo,190301,Kab. Gowa,190300,Prov. Sulawesi Selatan,190000,16,4,223,12,19,1,1,32,22 Apr 2026 07:43:20,A1DCC08AE48DC494C3D4
SD INPRES BALANGPAPA,40314422,SD,Negeri,Kec. Bontomarannu,190305,Kab. Gowa,190300,Prov. Sulawesi Selatan,190000,6,1,197,7,6,0,1,17,06 Apr 2026 15:46:40,7DC05836E42FA546F952
SD INPRES BONTO-BONTO,40314250,SD,Negeri,Kec. Bontomarannu,190305,Kab. Gowa,190300,Prov. Sulawesi Selatan,190000,10,2,190,8,6,0,0,34,10 Apr 2026 11:24:32,EAE10E862CF4307A6CCC
SD INPRES BONTOMANAI,40313733,SD,Negeri,Kec. Bontomarannu,190305,Kab. Gowa,190300,Prov. Sulawesi Selatan,190000,9,2,188,6,6,0,1,26,06 Apr 2026 07:51:14,68DCA919DEEB106B3919
SD INPRES BORONGKALUKU,40313737,SD,Negeri,Kec. Bontomarannu,190305,Kab. Gowa,190300,Prov. Sulawesi Selatan,190000,10,3,337,12,6,0,1,31,17 Apr 2026 08:20:11,E56EC999B730F46D11E3
SD INPRES BORONGRAPPO,40314254,SD,Negeri,Kec. Bontomarannu,190305,Kab. Gowa,190300,Prov. Sulawesi Selatan,190000,7,1,200,6,6,0,0,24,29 Apr 2026 09:03:51,325D668E1C4FAC316602
SD INPRES MAWANG,40313788,SD,Negeri,Kec. Bontomarannu,190305,Kab. Gowa,190300,Prov. Sulawesi Selatan,190000,9,2,270,11,8,1,1,13,31 Mar 2026 07:07:35,9253FB0016E404620DDA
SD INPRES PAKATTO,40300977,SD,Negeri,Kec. Bontomarannu,190305,Kab. Gowa,190300,Prov. Sulawesi Selatan,190000,13,3,388,12,10,0,1,16,08 Apr 2026 08:22:31,1C9CFFE426539DD2C94E
SD INPRES PAKATTO CADDI,40313734,SD,Negeri,Kec. Bontomarannu,190305,Kab. Gowa,190300,Prov. Sulawesi Selatan,190000,14,1,304,12,9,0,1,35,01 May 2026 08:34:24,8BF637F60FDD6096EEA5
SD INPRES SAMAYA,40300987,SD,Negeri,Kec. Bontomarannu,190305,Kab. Gowa,190300,Prov. Sulawesi Selatan,190000,6,2,97,6,6,0,1,20,20 Apr 2026 07:44:00,D8ADB8C2CF12874B9D71
SD INPRES SANDIKKA,40314199,SD,Negeri,Kec. Bontomarannu,190305,Kab. Gowa,190300,Prov. Sulawesi Selatan,190000,13,1,338,12,10,0,1,16,28 Apr 2026 10:43:17,8E79095D4CCCD5D33E4E
SD INPRES SARITENE,40301010,SD,Negeri,Kec. Bontomarannu,190305,Kab. Gowa,190300,Prov. Sulawesi Selatan,190000,10,3,224,9,6,0,1,29,09 Apr 2026 06:58:27,D520347CA9E9F5C7FE61
SD INPRES SONGKOLO,40313736,SD,Negeri,Kec. Bontomarannu,190305,Kab. Gowa,190300,Prov. Sulawesi Selatan,190000,15,1,304,12,6,0,1,21,11 Apr 2026 15:28:47,CB9863A20E75D9C71EDC
SD NEGERI BILI-BILI,40300904,SD,Negeri,Kec. Bontomarannu,190305,Kab. Gowa,190300,Prov. Sulawesi Selatan,190000,14,0,279,12,12,0,1,23,12 Apr 2026 12:15:44,EAEE1D576C086CC5BA78
SD NEGERI BONTOTENE,40300909,SD,Negeri,Kec. Bontomarannu,190305,Kab. Gowa,190300,Prov. Sulawesi Selatan,190000,6,2,181,6,6,0,1,10,07 Apr 2026 06:53:30,842A32C7BDCB5A3F3B15
SD NEGERI BORONGKALUKU,40300945,SD,Negeri,Kec. Bontomarannu,190305,Kab. Gowa,190300,Prov. Sulawesi Selatan,190000,9,1,219,9,6,0,1,34,30 Apr 2026 22:14:26,6D9E9F904724962CE432
SD NEGERI CENTRE MAWANG,40300947,SD,Negeri,Kec. Bontomarannu,190305,Kab. Gowa,190300,Prov. Sulawesi Selatan,190000,21,3,641,20,12,0,1,59,26 Apr 2026 06:35:59,81609BB77E824245D2CE
SD NEGERI PANAIKANG,40301078,SD,Negeri,Kec. Bontomarannu,190305,Kab. Gowa,190300,Prov. Sulawesi Selatan,190000,10,1,260,10,6,0,1,11,30 Apr 2026 10:42:57,C56203C26CA8FF7D73DC
SD NEGERI UNGGULAN BONTOMANAI,40314273,SD,Negeri,Kec. Bontomarannu,190305,Kab. Gowa,190300,Prov. Sulawesi Selatan,190000,20,4,569,18,14,0,1,43,29 Apr 2026 10:43:38,3EA600B883D58A9F49D3
SD ISLAM MAFAAZA,70057738,SD,Swasta,Kec. Bontomarannu,190305,Kab. Gowa,190300,Prov. Sulawesi Selatan,190000,5,3,22,1,2,0,0,7,10 Apr 2026 22:41:17,096EE1C92F706DAE92A3
SD ISLAM TANWIRUS SUNNAH,69728238,SD,Swasta,Kec. Bontomarannu,190305,Kab. Gowa,190300,Prov. Sulawesi Selatan,190000,11,1,210,11,17,0,1,14,20 Apr 2026 07:12:43,F4E8450D134D59C51EAC
SD IT AL IHSAN GOWA,70052690,SD,Swasta,Kec. Bontomarannu,190305,Kab. Gowa,190300,Prov. Sulawesi Selatan,190000,9,1,89,6,6,0,0,10,02 Apr 2026 22:45:25,CE705BA56FF900819CB4
Sekolah Rakyat Menengah Pertama 24 Gowa,70055406,SMP,Negeri,Kec. Bontomarannu,190305,Kab. Gowa,190300,Prov. Sulawesi Selatan,190000,9,24,148,6,6,1,1,25,13 Mar 2026 08:58:16,1CA74E132F3A79E00AB1
SMP NEGERI 1 BONTOMARANNU,40301027,SMP,Negeri,Kec. Bontomarannu,190305,Kab. Gowa,190300,Prov. Sulawesi Selatan,190000,44,3,969,29,29,2,1,43,27 Apr 2026 09:26:57,73A2B48EFEE3E243AE05
SMP NEGERI 2 BONTOMARANNU,40301069,SMP,Negeri,Kec. Bontomarannu,190305,Kab. Gowa,190300,Prov. Sulawesi Selatan,190000,22,6,383,12,14,2,1,40,07 Apr 2026 07:06:13,6F8513F274D731F7D016
SMP NEGERI 3 BONTOMARANNU,40314255,SMP,Negeri,Kec. Bontomarannu,190305,Kab. Gowa,190300,Prov. Sulawesi Selatan,190000,17,4,347,12,6,1,1,46,30 Apr 2026 09:23:23,3FFAA15E6D17E2F5A8DD
SMP ISLAM TANWIRUS SUNNAH,69728237,SMP,Swasta,Kec. Bontomarannu,190305,Kab. Gowa,190300,Prov. Sulawesi Selatan,190000,11,1,156,6,7,1,1,42,20 Apr 2026 07:51:21,730875D89D95532BC754
SMP ISLAM TERPADU AL MUQIIT BONTOMARANNU,70044795,SMP,Swasta,Kec. Bontomarannu,190305,Kab. Gowa,190300,Prov. Sulawesi Selatan,190000,6,6,45,3,3,0,1,28,28 Apr 2026 12:03:56,1AB4EF4EDCF16DA703C3
SMPIT AL IHSAN GOWA,70052744,SMP,Swasta,Kec. Bontomarannu,190305,Kab. Gowa,190300,Prov. Sulawesi Selatan,190000,7,2,70,3,3,0,0,35,01 May 2026 08:06:37,3225B9064B50FD708E34
SMAN 8 GOWA,40301074,SMA,Negeri,Kec. Bontomarannu,190305,Kab. Gowa,190300,Prov. Sulawesi Selatan,190000,76,11,1119,31,31,1,1,43,30 Apr 2026 20:38:35,1B55631C03D5EFBDAF58
SMAS MUHAMMADIYAH BONTOMARANNU,40319013,SMA,Swasta,Kec. Bontomarannu,190305,Kab. Gowa,190300,Prov. Sulawesi Selatan,190000,4,0,62,3,3,1,1,9,06 Apr 2026 09:20:18,85B55B243631622A663D
SMK PELAYARAN TARUNA NUSANTARA JAYA,69990903,SMK,Swasta,Kec. Bontomarannu,190305,Kab. Gowa,190300,Prov. Sulawesi Selatan,190000,12,4,36,6,5,0,0,16,19 Apr 2026 10:15:08,1D2C618B21B7FC52DDB4
SMK PESANTREN TANWIRUS SUNNAH,70034614,SMK,Swasta,Kec. Bontomarannu,190305,Kab. Gowa,190300,Prov. Sulawesi Selatan,190000,5,1,119,3,4,1,1,20,24 Apr 2026 15:04:47,A34607877A3134BC3455
SMK SYEKH YUSUF,69949983,SMK,Swasta,Kec. Bontomarannu,190305,Kab. Gowa,190300,Prov. Sulawesi Selatan,190000,7,2,58,3,11,3,1,29,18 Apr 2026 18:08:36,E9128BBCFAF6CD3D1A6C
SD INPRES BALANG PUNIA,40314033,SD,Negeri,Kec. Pattallassang,190315,Kab. Gowa,190300,Prov. Sulawesi Selatan,190000,9,1,160,9,6,0,0,13,22 Apr 2026 18:22:15,3A38B71676C5DE44C275
SD INPRES BOLLANGI I,40314032,SD,Negeri,Kec. Pattallassang,190315,Kab. Gowa,190300,Prov. Sulawesi Selatan,190000,8,1,176,7,6,1,1,16,17 Apr 2026 19:27:42,88673A636CA740E4C1B3
SD INPRES BORONGPA LA LA,40314034,SD,Negeri,Kec. Pattallassang,190315,Kab. Gowa,190300,Prov. Sulawesi Selatan,190000,7,3,289,10,6,0,1,35,16 Apr 2026 07:20:26,C5D43B7400D11639E624
SD INPRES HOMBES ARMED,40314031,SD,Negeri,Kec. Pattallassang,190315,Kab. Gowa,190300,Prov. Sulawesi Selatan,190000,18,3,498,16,11,0,1,18,22 Apr 2026 08:35:42,F2A953DBBC2288B99D97
SD INPRES JAPING,40314284,SD,Negeri,Kec. Pattallassang,190315,Kab. Gowa,190300,Prov. Sulawesi Selatan,190000,18,2,414,15,6,0,1,27,28 Apr 2026 08:59:44,70DA7D172C42F06DF127
SD INPRES MONCONG-MONCONG,40314030,SD,Negeri,Kec. Pattallassang,190315,Kab. Gowa,190300,Prov. Sulawesi Selatan,190000,14,3,438,12,9,1,1,13,23 Apr 2026 12:22:57,D40B99CCABBC60906DB3
SD INPRES MONCONGLOE,40314035,SD,Negeri,Kec. Pattallassang,190315,Kab. Gowa,190300,Prov. Sulawesi Selatan,190000,9,0,187,8,9,0,1,10,24 Apr 2026 10:06:31,5981E54BB315728CFC0C
SD INPRES PANAIKANG,40314311,SD,Negeri,Kec. Pattallassang,190315,Kab. Gowa,190300,Prov. Sulawesi Selatan,190000,11,2,274,10,6,0,1,31,29 Apr 2026 08:09:29,4A7B162244B7DCBE1C14
SD INPRES PATTALLASSANG,40300966,SD,Negeri,Kec. Pattallassang,190315,Kab. Gowa,190300,Prov. Sulawesi Selatan,190000,16,2,548,17,8,0,1,23,02 May 2026 08:22:26,9D416190D2337A59AC19
SD INPRES SAILONG,40300971,SD,Negeri,Kec. Pattallassang,190315,Kab. Gowa,190300,Prov. Sulawesi Selatan,190000,6,1,150,6,6,0,1,9,04 Apr 2026 07:44:45,A46B38640A510B79A0D4
SD INPRES SANGING-SANGING,40314029,SD,Negeri,Kec. Pattallassang,190315,Kab. Gowa,190300,Prov. Sulawesi Selatan,190000,12,2,299,12,6,0,1,58,21 Apr 2026 10:39:40,8AC2D0D7D0D563858C88
SD INPRES TEAMATE,40314027,SD,Negeri,Kec. Pattallassang,190315,Kab. Gowa,190300,Prov. Sulawesi Selatan,190000,7,1,189,7,5,0,1,1,28 Apr 2026 11:46:30,B3B2AB4FC1D36F5A69F6
SD INPRES TIMBUSENG,40314026,SD,Negeri,Kec. Pattallassang,190315,Kab. Gowa,190300,Prov. Sulawesi Selatan,190000,15,2,354,12,6,0,1,13,06 Apr 2026 23:51:56,62EA1F20A3C900B79F9C
SD NEGERI GANRANG JAWA I,40314479,SD,Negeri,Kec. Pattallassang,190315,Kab. Gowa,190300,Prov. Sulawesi Selatan,190000,14,2,334,12,6,0,1,16,10 Apr 2026 11:49:12,E300B84DA1C522E73757
SD NEGERI GANRANG JAWA II,40314024,SD,Negeri,Kec. Pattallassang,190315,Kab. Gowa,190300,Prov. Sulawesi Selatan,190000,4,1,131,6,6,0,0,8,22 Apr 2026 07:14:31,6A67FE2674BBA1C0DE7C
SD NEGERI PABUNDUKANG,40314025,SD,Negeri,Kec. Pattallassang,190315,Kab. Gowa,190300,Prov. Sulawesi Selatan,190000,15,2,295,12,7,0,1,17,06 Apr 2026 13:56:18,CE2DC2186F9C510FCFA5
SD MUAMALAH ALQUDSIYAH,70060298,SD,Swasta,Kec. Pattallassang,190315,Kab. Gowa,190300,Prov. Sulawesi Selatan,190000,0,0,0,0,0,0,0,0,,1595CB9E258B2B0D0561
SEKOLAH DASAR ISLAM TERPADU BILIGUAL MICI AL BASIT,70058636,SD,Swasta,Kec. Pattallassang,190315,Kab. Gowa,190300,Prov. Sulawesi Selatan,190000,10,0,74,5,5,0,1,9,30 Apr 2026 05:07:51,9D8E6211591F37A6D4B1
SMP NEGERI 1 PATTALLASSANG,40313512,SMP,Negeri,Kec. Pattallassang,190315,Kab. Gowa,190300,Prov. Sulawesi Selatan,190000,11,4,278,10,14,3,1,12,02 Mar 2026 19:50:10,4685EE7725BCEC81CDC9
SMP NEGERI 2 PATTALLASSANG,40313518,SMP,Negeri,Kec. Pattallassang,190315,Kab. Gowa,190300,Prov. Sulawesi Selatan,190000,21,2,567,18,13,1,1,18,29 Apr 2026 21:45:03,890141B2F6B8135C570D
SMP NEGERI 3 PATTALLASSANG,40316692,SMP,Negeri,Kec. Pattallassang,190315,Kab. Gowa,190300,Prov. Sulawesi Selatan,190000,17,4,377,12,11,2,1,37,09 Apr 2026 03:50:20,720C5577D1B9BD36E63F
SMP NEGERI SATAP GANRANG JAWA II,40318244,SMP,Negeri,Kec. Pattallassang,190315,Kab. Gowa,190300,Prov. Sulawesi Selatan,190000,6,1,100,3,3,1,1,15,11 Apr 2026 16:53:42,A61E4A6665E5E6CA1A65
SMPN SATAP MONCONGLOE,40318201,SMP,Negeri,Kec. Pattallassang,190315,Kab. Gowa,190300,Prov. Sulawesi Selatan,190000,7,3,81,3,3,1,1,21,29 Apr 2026 11:19:08,381B5BFB9039D98D3F6A
SMP INTEGRAL TAHFIDZ BOLLANGI,70043168,SMP,Swasta,Kec. Pattallassang,190315,Kab. Gowa,190300,Prov. Sulawesi Selatan,190000,9,3,51,3,3,1,1,21,21 Apr 2026 12:05:58,03CB31FCF8087B4818F3
SMP SUMBARRANG,69918718,SMP,Swasta,Kec. Pattallassang,190315,Kab. Gowa,190300,Prov. Sulawesi Selatan,190000,9,2,112,4,4,1,1,29,05 Apr 2026 05:25:47,4F1C3691BDFADF328603
SMAN 21 GOWA,69762669,SMA,Negeri,Kec. Pattallassang,190315,Kab. Gowa,190300,Prov. Sulawesi Selatan,190000,36,6,609,18,14,4,1,11,05 Mar 2026 22:22:22,239FBE0FBB9E847E9ED5
SMA INSAN CENDEKIA SYECH YUSUF,69900330,SMA,Swasta,Kec. Pattallassang,190315,Kab. Gowa,190300,Prov. Sulawesi Selatan,190000,17,1,82,4,6,0,1,17,06 Apr 2026 09:12:27,E38A0F380E3438AA3F0E
SMA SUMBARRANG,70055247,SMA,Swasta,Kec. Pattallassang,190315,Kab. Gowa,190300,Prov. Sulawesi Selatan,190000,9,2,25,1,1,0,0,29,05 Apr 2026 18:42:23,FC8CE7BBCDDE0CEDE20B
SMKN 5 GOWA,40315698,SMK,Negeri,Kec. Pattallassang,190315,Kab. Gowa,190300,Prov. Sulawesi Selatan,190000,58,6,824,30,22,2,1,55,29 Apr 2026 12:52:21,62F0FB2CF2D9465EBCC2
SMKS PELITA AGUNG,40313776,SMK,Swasta,Kec. Pattallassang,190315,Kab. Gowa,190300,Prov. Sulawesi Selatan,190000,10,1,192,8,6,1,1,9,20 Apr 2026 10:45:56,ED73FD8930568FEFD59B
SD INPRES BATULAPISI,40313364,SD,Negeri,Kec. Tinggi Moncong,190307,Kab. Gowa,190300,Prov. Sulawesi Selatan,190000,7,0,94,6,6,0,0,16,09 Apr 2026 17:37:43,1352AC10B541DE72FB6C
SD INPRES BULUBALLEA,40314290,SD,Negeri,Kec. Tinggi Moncong,190307,Kab. Gowa,190300,Prov. Sulawesi Selatan,190000,7,1,259,11,6,0,1,12,27 Apr 2026 16:51:10,83666B89F1D03BEDC5C1
SD INPRES GANTARANG,40314052,SD,Negeri,Kec. Tinggi Moncong,190307,Kab. Gowa,190300,Prov. Sulawesi Selatan,190000,4,1,46,6,6,0,0,12,10 Apr 2026 17:38:34,5DE6FACC850DD57BA863
SD INPRES JALEKO,40314467,SD,Negeri,Kec. Tinggi Moncong,190307,Kab. Gowa,190300,Prov. Sulawesi Selatan,190000,8,2,56,6,3,0,1,18,12 Apr 2026 17:30:10,5298FE75FC9FDF0BE669
SD INPRES JONGGOWA,40314309,SD,Negeri,Kec. Tinggi Moncong,190307,Kab. Gowa,190300,Prov. Sulawesi Selatan,190000,5,0,68,6,6,0,1,18,20 Apr 2026 09:58:38,DF342BA925B751A48B59
SD INPRES KAMPUNG BARU,40301369,SD,Negeri,Kec. Tinggi Moncong,190307,Kab. Gowa,190300,Prov. Sulawesi Selatan,190000,6,1,53,6,6,0,0,69,03 Apr 2026 02:01:23,A6A75AE678BB3BD72A48
SD INPRES LEMBANG PANAI,40301411,SD,Negeri,Kec. Tinggi Moncong,190307,Kab. Gowa,190300,Prov. Sulawesi Selatan,190000,5,1,56,6,6,0,2,15,27 Apr 2026 08:24:42,8E80CE18E891EB223D73
SD INPRES LEMBANNA,40314292,SD,Negeri,Kec. Tinggi Moncong,190307,Kab. Gowa,190300,Prov. Sulawesi Selatan,190000,4,2,77,6,4,0,0,4,13 Mar 2026 09:35:59,04BD972A22BDABAD029E
SD INPRES MALINO,40301391,SD,Negeri,Kec. Tinggi Moncong,190307,Kab. Gowa,190300,Prov. Sulawesi Selatan,190000,5,1,139,6,6,1,1,24,15 Apr 2026 09:24:24,DCFE126F357B8EA307BD
SD INPRES MANDALLE,40314473,SD,Negeri,Kec. Tinggi Moncong,190307,Kab. Gowa,190300,Prov. Sulawesi Selatan,190000,8,0,126,6,6,0,1,17,19 Apr 2026 17:04:04,C69E3CB9503D2993B9A7
SD INPRES PALLANGGA,40314510,SD,Negeri,Kec. Tinggi Moncong,190307,Kab. Gowa,190300,Prov. Sulawesi Selatan,190000,5,0,69,6,6,0,1,7,10 Apr 2026 08:00:43,48B7DA3320FAD13F69B3
SD INPRES PALLAPPASSANG,40314406,SD,Negeri,Kec. Tinggi Moncong,190307,Kab. Gowa,190300,Prov. Sulawesi Selatan,190000,7,1,31,6,6,0,0,8,01 May 2026 13:46:25,E73614EC912981E9DE0F
SD INPRES PANAIKANG,40300981,SD,Negeri,Kec. Tinggi Moncong,190307,Kab. Gowa,190300,Prov. Sulawesi Selatan,190000,5,2,53,6,6,0,0,19,14 Apr 2026 09:09:28,09090C5EA8D600DAF147
SD INPRES PARANG LAMBERE,40314289,SD,Negeri,Kec. Tinggi Moncong,190307,Kab. Gowa,190300,Prov. Sulawesi Selatan,190000,6,0,25,6,6,0,1,19,10 Apr 2026 08:51:10,E8DD26E2DD1A3666A83F
SD INPRES PATUKU,40314285,SD,Negeri,Kec. Tinggi Moncong,190307,Kab. Gowa,190300,Prov. Sulawesi Selatan,190000,7,0,27,6,5,0,1,18,20 Apr 2026 20:51:07,DFF0724BEA563125239D
SD INPRES SALUTTOWA,40314283,SD,Negeri,Kec. Tinggi Moncong,190307,Kab. Gowa,190300,Prov. Sulawesi Selatan,190000,5,2,167,6,6,0,1,40,28 Apr 2026 07:23:12,4E03A6FB3DCC58957970
SD INPRES SANGGIRINGAN,40301005,SD,Negeri,Kec. Tinggi Moncong,190307,Kab. Gowa,190300,Prov. Sulawesi Selatan,190000,5,1,74,6,8,0,1,14,10 Apr 2026 16:18:16,4D390084969A059F1211
SD INPRES TASSALA,40300998,SD,Negeri,Kec. Tinggi Moncong,190307,Kab. Gowa,190300,Prov. Sulawesi Selatan,190000,8,2,89,6,6,0,1,11,16 Apr 2026 16:18:29,58A17BF423814B63D81F
SD NEGERI 2 MALINO,40313215,SD,Negeri,Kec. Tinggi Moncong,190307,Kab. Gowa,190300,Prov. Sulawesi Selatan,190000,7,0,173,7,6,0,1,9,15 Apr 2026 20:56:36,0A5F396B903E8FA3BD11
SD NEGERI CENTER MALINO,40314305,SD,Negeri,Kec. Tinggi Moncong,190307,Kab. Gowa,190300,Prov. Sulawesi Selatan,190000,14,2,301,12,12,0,1,18,14 Apr 2026 17:40:55,5F6F8E108BFE8BE4AF83
SD NEGERI JONJO II,40314281,SD,Negeri,Kec. Tinggi Moncong,190307,Kab. Gowa,190300,Prov. Sulawesi Selatan,190000,6,3,131,6,6,0,1,35,05 Apr 2026 10:44:50,DF7ECC8AAAB874AA7F1B
SD NEGERI LOMBASANG,40301340,SD,Negeri,Kec. Tinggi Moncong,190307,Kab. Gowa,190300,Prov. Sulawesi Selatan,190000,8,2,128,7,7,0,1,17,02 May 2026 11:29:02,37FA827E2D1F9D6D5221
SD NEGERI PARANG MAHA,40314288,SD,Negeri,Kec. Tinggi Moncong,190307,Kab. Gowa,190300,Prov. Sulawesi Selatan,190000,5,2,27,6,6,0,0,7,10 Apr 2026 14:57:18,A36149FDCB3474226A7B
SD NEGERI PARANGBUGISI,40314306,SD,Negeri,Kec. Tinggi Moncong,190307,Kab. Gowa,190300,Prov. Sulawesi Selatan,190000,5,2,73,6,6,0,1,15,10 Apr 2026 07:21:39,7C3CA86F64FC39F97EFC
SD NEGERI PATTAPANG,40316631,SD,Negeri,Kec. Tinggi Moncong,190307,Kab. Gowa,190300,Prov. Sulawesi Selatan,190000,7,2,80,6,3,0,0,24,11 Apr 2026 04:40:05,2DA9668DF758AE2935FA
SMP NEGERI 1 TINGGIMONCONG,40301065,SMP,Negeri,Kec. Tinggi Moncong,190307,Kab. Gowa,190300,Prov. Sulawesi Selatan,190000,20,3,365,14,15,3,1,37,02 Apr 2026 07:02:06,49A1B8C8354243C3E985
SMP NEGERI 2 TINGGIMONCONG,40301052,SMP,Negeri,Kec. Tinggi Moncong,190307,Kab. Gowa,190300,Prov. Sulawesi Selatan,190000,14,1,156,6,10,1,1,5,06 Mar 2026 21:55:01,79BE6A110E4011A32E62
SMP NEGERI 3 TINGGIMONCONG,40313513,SMP,Negeri,Kec. Tinggi Moncong,190307,Kab. Gowa,190300,Prov. Sulawesi Selatan,190000,6,4,75,3,3,2,1,19,18 Mar 2026 11:14:33,AD4B4229E5449AD82238
SMP NEGERI 4 TINGGIMONCONGSATAP MANDALLE,40318310,SMP,Negeri,Kec. Tinggi Moncong,190307,Kab. Gowa,190300,Prov. Sulawesi Selatan,190000,5,0,53,3,3,1,0,13,05 Mar 2026 12:23:07,AA46F7316C93F5102813
SMP NEGERI 5 TINGGIMONCONGSATAP BULUBALLEA,40318311,SMP,Negeri,Kec. Tinggi Moncong,190307,Kab. Gowa,190300,Prov. Sulawesi Selatan,190000,9,1,99,5,2,1,1,25,27 Apr 2026 16:45:17,B00C3BEE5777C9A4D3EE
SMP NEGERI 6 TINGGIMONCONG/SATAP SANGGIRINGANG,40318349,SMP,Negeri,Kec. Tinggi Moncong,190307,Kab. Gowa,190300,Prov. Sulawesi Selatan,190000,5,2,28,3,3,1,1,4,18 Jan 2026 20:21:20,BB843BB21E7A3C93B2C3
SMAN 4 GOWA,40301035,SMA,Negeri,Kec. Tinggi Moncong,190307,Kab. Gowa,190300,Prov. Sulawesi Selatan,190000,36,6,534,17,19,7,2,25,10 Apr 2026 09:56:21,BCC52E943E1359019DFF
SMAN 5 GOWA,40301037,SMA,Negeri,Kec. Tinggi Moncong,190307,Kab. Gowa,190300,Prov. Sulawesi Selatan,190000,22,5,305,10,11,5,1,26,30 Apr 2026 13:00:38,B96013EC58A67F03D68A
SMA IT VILLA TAHFIZH HIMMATUL QURAN MALINO,70043074,SMA,Swasta,Kec. Tinggi Moncong,190307,Kab. Gowa,190300,Prov. Sulawesi Selatan,190000,7,1,87,3,3,0,1,13,27 Apr 2026 15:30:24,4CE4A1561D01985FB2A5
SMAS MUHAMMADIYAH MALINO,40319016,SMA,Swasta,Kec. Tinggi Moncong,190307,Kab. Gowa,190300,Prov. Sulawesi Selatan,190000,8,2,88,4,6,2,1,16,20 Apr 2026 08:46:53,BB6A88FBC307BDBF0834
SMK BUKIT HIDAYAH,69990692,SMK,Swasta,Kec. Tinggi Moncong,190307,Kab. Gowa,190300,Prov. Sulawesi Selatan,190000,8,1,21,3,3,1,1,32,17 Mar 2026 18:16:53,6A0428410ADC138EA10D
SMKS MALINO,69947575,SMK,Swasta,Kec. Tinggi Moncong,190307,Kab. Gowa,190300,Prov. Sulawesi Selatan,190000,7,2,45,6,6,1,1,14,15 Apr 2026 05:22:38,D97E8996C454F360C928
SD INPRES BONTO CINDE TACCIRI,40301471,SD,Negeri,Kec. Barombong,190310,Kab. Gowa,190300,Prov. Sulawesi Selatan,190000,9,4,186,8,6,0,1,22,24 Apr 2026 09:19:16,A038294A3CC67C91FAAF
SD INPRES BONTOA,40301469,SD,Negeri,Kec. Barombong,190310,Kab. Gowa,190300,Prov. Sulawesi Selatan,190000,6,3,73,6,6,0,1,26,30 Apr 2026 20:14:23,1F39B173A19373ADE4D0
SD INPRES BONTOKARAMPUANG,40301458,SD,Negeri,Kec. Barombong,190310,Kab. Gowa,190300,Prov. Sulawesi Selatan,190000,9,3,123,7,6,0,1,34,15 Apr 2026 17:02:12,78433FE8E3E4087764AA
SD INPRES KALUKUANG BOKA,40301365,SD,Negeri,Kec. Barombong,190310,Kab. Gowa,190300,Prov. Sulawesi Selatan,190000,8,1,171,6,6,0,1,23,03 Mar 2026 19:27:46,E4973BF4ECBBE2B6CB53
SD INPRES KAMPUNG PARANG,40301384,SD,Negeri,Kec. Barombong,190310,Kab. Gowa,190300,Prov. Sulawesi Selatan,190000,8,1,184,7,6,0,1,40,30 Apr 2026 20:07:02,DEDF6ACECDDEFB4ABCA6
SD INPRES KARAMPUANG,40301400,SD,Negeri,Kec. Barombong,190310,Kab. Gowa,190300,Prov. Sulawesi Selatan,190000,8,4,186,8,7,0,1,33,24 Apr 2026 08:58:06,E5BFC90D7C8843BC32BE
SD INPRES MALAKAYA,40301390,SD,Negeri,Kec. Barombong,190310,Kab. Gowa,190300,Prov. Sulawesi Selatan,190000,7,3,143,6,6,0,1,22,30 Apr 2026 08:30:13,312CF2C02ED8FA6D91E4
SD INPRES PATTUNG,40300969,SD,Negeri,Kec. Barombong,190310,Kab. Gowa,190300,Prov. Sulawesi Selatan,190000,12,5,333,12,6,0,1,18,15 Apr 2026 13:48:58,1979607EDFFFC9172918
SD INPRES SAPIRIA,40301009,SD,Negeri,Kec. Barombong,190310,Kab. Gowa,190300,Prov. Sulawesi Selatan,190000,11,3,356,12,12,0,1,28,20 Apr 2026 12:05:39,7D947467AE3E06A532C2
SD INPRES TAMANNYELENG,40300990,SD,Negeri,Kec. Barombong,190310,Kab. Gowa,190300,Prov. Sulawesi Selatan,190000,25,3,599,20,7,0,1,27,13 Apr 2026 12:39:46,E6655C501D62C423A5A0
SD INPRES TANGALLA,40300995,SD,Negeri,Kec. Barombong,190310,Kab. Gowa,190300,Prov. Sulawesi Selatan,190000,20,2,493,17,10,0,1,33,17 Apr 2026 20:28:31,C0D862CB440FFFDEAFCB
SD NEGERI BONTO PAJJA,40313348,SD,Negeri,Kec. Barombong,190310,Kab. Gowa,190300,Prov. Sulawesi Selatan,190000,14,2,311,12,10,0,2,20,17 Apr 2026 07:59:56,2D47B1B5C1F2DEEDBBD8
SD NEGERI BONTOMANAI K,40300914,SD,Negeri,Kec. Barombong,190310,Kab. Gowa,190300,Prov. Sulawesi Selatan,190000,15,3,411,13,10,0,1,24,13 Apr 2026 08:37:58,68388A001D4716FAA047
SD NEGERI KALUKUANG,40300931,SD,Negeri,Kec. Barombong,190310,Kab. Gowa,190300,Prov. Sulawesi Selatan,190000,18,4,386,16,10,1,1,33,27 Apr 2026 07:42:06,948F4BF8A09FAD1A6FD6
SD NEGERI MONCOBALANG I,40313295,SD,Negeri,Kec. Barombong,190310,Kab. Gowa,190300,Prov. Sulawesi Selatan,190000,9,3,173,8,7,0,1,35,26 Apr 2026 20:08:30,7D6DCAD84F4DDAE422C9
SD NEGERI MONCOBALANG II,40313296,SD,Negeri,Kec. Barombong,190310,Kab. Gowa,190300,Prov. Sulawesi Selatan,190000,6,4,129,6,6,0,1,28,03 Apr 2026 20:25:17,1B84E242583F4AF22BAE
SDIT  AL QALAM GOWA FULLDAY SCHOOL,70028695,SD,Swasta,Kec. Barombong,190310,Kab. Gowa,190300,Prov. Sulawesi Selatan,190000,8,4,149,7,7,1,1,43,28 Apr 2026 07:18:04,668E3816305E68BF6C83
SMP NEGERI 1 BAROMBONG,40301025,SMP,Negeri,Kec. Barombong,190310,Kab. Gowa,190300,Prov. Sulawesi Selatan,190000,18,6,459,15,16,2,1,30,24 Apr 2026 10:22:42,CD2736B41B8B98DBFAC5
SMP NEGERI 2 BAROMBONG,40313305,SMP,Negeri,Kec. Barombong,190310,Kab. Gowa,190300,Prov. Sulawesi Selatan,190000,49,6,1040,33,23,1,1,67,01 May 2026 17:58:41,2408042A9427D205D827
SMP NEGERI 3 BAROMBONG,69967386,SMP,Negeri,Kec. Barombong,190310,Kab. Gowa,190300,Prov. Sulawesi Selatan,190000,13,3,58,3,3,0,3,17,09 Apr 2026 10:51:17,D0CEDF7938A1C013F854
SMPIT AL QALAM GOWA BOARDING SCHOOL,70006275,SMP,Swasta,Kec. Barombong,190310,Kab. Gowa,190300,Prov. Sulawesi Selatan,190000,7,2,112,5,6,2,1,17,30 Apr 2026 13:21:07,1BF28CC8B98C49D06B63
SMAN 22 GOWA,69939808,SMA,Negeri,Kec. Barombong,190310,Kab. Gowa,190300,Prov. Sulawesi Selatan,190000,35,11,525,16,9,4,1,20,13 Apr 2026 20:09:01,0018A974F556F82FF48B
SMA ISLAM TERPADU AL QALAM GOWA BOARDING SCHOOL,70043073,SMA,Swasta,Kec. Barombong,190310,Kab. Gowa,190300,Prov. Sulawesi Selatan,190000,10,2,67,3,6,2,1,17,20 Apr 2026 21:01:59,F1BB7ACC16E6DD7E098D
SD INPRES BANGKENGBATU,40314515,SD,Negeri,Kec. Tombolo Pao,190312,Kab. Gowa,190300,Prov. Sulawesi Selatan,190000,7,2,85,6,6,0,0,7,21 Feb 2026 21:44:41,FC9EB67F658BD00261D2
SD INPRES BIRING PANTING,40301127,SD,Negeri,Kec. Tombolo Pao,190312,Kab. Gowa,190300,Prov. Sulawesi Selatan,190000,7,1,177,7,6,0,1,13,01 Apr 2026 21:59:30,7C83806745493DCEFF2F
SD INPRES BOCCI,40313213,SD,Negeri,Kec. Tombolo Pao,190312,Kab. Gowa,190300,Prov. Sulawesi Selatan,190000,8,1,132,6,6,0,1,13,06 Apr 2026 07:32:50,61405394751444036A07
SD INPRES BOLAROMANG,40300929,SD,Negeri,Kec. Tombolo Pao,190312,Kab. Gowa,190300,Prov. Sulawesi Selatan,190000,6,1,45,6,6,0,1,11,10 Mar 2026 11:53:01,B9BA175A96E6E6DDEEE0
SD INPRES BONTOMANAI,40314321,SD,Negeri,Kec. Tombolo Pao,190312,Kab. Gowa,190300,Prov. Sulawesi Selatan,190000,6,0,60,6,6,0,1,3,04 Apr 2026 10:01:39,09C5EDD05BAD13AD41A9
SD INPRES CENGKONG,40301377,SD,Negeri,Kec. Tombolo Pao,190312,Kab. Gowa,190300,Prov. Sulawesi Selatan,190000,6,1,89,6,6,1,1,28,10 Apr 2026 17:41:31,512A32ADA6ED7C96E512
SD INPRES KANREAPIA,40301385,SD,Negeri,Kec. Tombolo Pao,190312,Kab. Gowa,190300,Prov. Sulawesi Selatan,190000,8,2,110,6,6,0,1,24,07 Apr 2026 20:55:51,7D1034CEC1B93E82F1B2
SD INPRES LANGKOWA,40300978,SD,Negeri,Kec. Tombolo Pao,190312,Kab. Gowa,190300,Prov. Sulawesi Selatan,190000,6,1,92,6,6,0,0,10,28 Jan 2026 19:23:52,5C895122396E84B027F9
SD INPRES LAPPARA,40301408,SD,Negeri,Kec. Tombolo Pao,190312,Kab. Gowa,190300,Prov. Sulawesi Selatan,190000,6,1,97,6,6,0,1,14,08 Apr 2026 08:50:28,703CE27276F109425B17
SD INPRES MAPUNG,40313218,SD,Negeri,Kec. Tombolo Pao,190312,Kab. Gowa,190300,Prov. Sulawesi Selatan,190000,6,1,138,6,6,0,0,16,12 Apr 2026 19:40:13,09B28DC5B79F33DEB25F
SD INPRES MAROANGING,40300944,SD,Negeri,Kec. Tombolo Pao,190312,Kab. Gowa,190300,Prov. Sulawesi Selatan,190000,7,2,104,6,6,0,1,7,24 Feb 2026 10:05:54,0B5E354E296593610F8C
SD INPRES PABARUNG,40314318,SD,Negeri,Kec. Tombolo Pao,190312,Kab. Gowa,190300,Prov. Sulawesi Selatan,190000,6,0,32,6,6,0,0,11,02 Apr 2026 19:54:32,8733FB4962C2309B08B4
SD INPRES PALEMPANG,40314317,SD,Negeri,Kec. Tombolo Pao,190312,Kab. Gowa,190300,Prov. Sulawesi Selatan,190000,2,1,39,6,6,0,0,11,08 Apr 2026 05:26:02,6A7B9DED0256813BB948
SD INPRES PARANGBOBBO,40300960,SD,Negeri,Kec. Tombolo Pao,190312,Kab. Gowa,190300,Prov. Sulawesi Selatan,190000,4,1,129,6,6,0,1,27,03 Apr 2026 05:53:54,549E0FE9457412B53042
SD INPRES PATTALLASSANG,40313283,SD,Negeri,Kec. Tombolo Pao,190312,Kab. Gowa,190300,Prov. Sulawesi Selatan,190000,6,2,62,6,6,0,0,7,12 Feb 2026 10:25:31,50F734BAA043B617DF69
SD INPRES SANGKARANA,40301006,SD,Negeri,Kec. Tombolo Pao,190312,Kab. Gowa,190300,Prov. Sulawesi Selatan,190000,8,0,77,6,6,0,1,13,04 Mar 2026 09:12:49,E0E327584245CF3D7BE0
SD INPRES TOMBOLO,40300917,SD,Negeri,Kec. Tombolo Pao,190312,Kab. Gowa,190300,Prov. Sulawesi Selatan,190000,7,2,162,6,6,0,1,7,09 Apr 2026 17:22:10,91787F12DF3FAE259534
SD NEGERI BALASSUKA,40300925,SD,Negeri,Kec. Tombolo Pao,190312,Kab. Gowa,190300,Prov. Sulawesi Selatan,190000,6,2,80,6,7,0,1,10,04 Apr 2026 13:38:26,7164C1791964B62AC242
SD NEGERI ERELEMBANG,40300952,SD,Negeri,Kec. Tombolo Pao,190312,Kab. Gowa,190300,Prov. Sulawesi Selatan,190000,6,2,101,6,6,0,1,19,05 Apr 2026 21:24:10,BF102050B3DD3E271D83
SD NEGERI KANREAPIA,40300934,SD,Negeri,Kec. Tombolo Pao,190312,Kab. Gowa,190300,Prov. Sulawesi Selatan,190000,9,3,252,10,8,0,1,20,22 Apr 2026 21:44:59,05E8596906942130D864
SD NEGERI LEMBANG PAO,40314319,SD,Negeri,Kec. Tombolo Pao,190312,Kab. Gowa,190300,Prov. Sulawesi Selatan,190000,7,3,93,6,6,0,1,11,27 Apr 2026 21:39:14,10532193936026D2A0BF
SD NEGERI LEMBANG TEKO,40300942,SD,Negeri,Kec. Tombolo Pao,190312,Kab. Gowa,190300,Prov. Sulawesi Selatan,190000,6,3,87,6,6,0,1,8,29 Apr 2026 18:28:43,B3AF55AED46025709670
SD NEGERI PARANGBOBBO,40301085,SD,Negeri,Kec. Tombolo Pao,190312,Kab. Gowa,190300,Prov. Sulawesi Selatan,190000,8,2,61,6,6,0,0,13,08 Mar 2026 04:55:52,3502E82C9F44367829C1
SD NEGERI TOMBOLO PAO,69863283,SD,Negeri,Kec. Tombolo Pao,190312,Kab. Gowa,190300,Prov. Sulawesi Selatan,190000,7,1,150,7,7,0,1,16,18 Apr 2026 07:58:21,BB21D884C821C93BDF9D
SD NEGERI TONASA,40301104,SD,Negeri,Kec. Tombolo Pao,190312,Kab. Gowa,190300,Prov. Sulawesi Selatan,190000,6,2,116,6,6,0,1,8,04 Mar 2026 19:07:17,EEB248C505CE32AB7D27
SD MUHAMMADIYAH DATARANG,40314294,SD,Swasta,Kec. Tombolo Pao,190312,Kab. Gowa,190300,Prov. Sulawesi Selatan,190000,4,1,100,6,6,0,0,4,26 Jan 2026 09:46:37,C15C37765BEBC8BC1B3D
SMP NEGERI 1 TOMBOLOPAO,40301066,SMP,Negeri,Kec. Tombolo Pao,190312,Kab. Gowa,190300,Prov. Sulawesi Selatan,190000,11,4,263,9,13,2,1,26,08 Apr 2026 16:44:26,7815F51819401848B3E0
SMP NEGERI 2 TOMBOLO PAO,40301047,SMP,Negeri,Kec. Tombolo Pao,190312,Kab. Gowa,190300,Prov. Sulawesi Selatan,190000,9,3,144,6,6,1,1,28,15 Apr 2026 00:22:05,7D1E3372AB9EA2FAD34A
SMP NEGERI 3 SATAP TOMBOLOPAO,40314434,SMP,Negeri,Kec. Tombolo Pao,190312,Kab. Gowa,190300,Prov. Sulawesi Selatan,190000,5,1,47,3,3,0,1,34,16 Apr 2026 15:01:32,24CED02771B0E3DEC359
SMP NEGERI 4 TOMBOLO PAO,40314198,SMP,Negeri,Kec. Tombolo Pao,190312,Kab. Gowa,190300,Prov. Sulawesi Selatan,190000,11,3,105,4,6,2,1,30,18 Apr 2026 18:02:22,06601F4BBB6105D0FBF1
SMP NEGERI 5 TOMBOLO PAOSATAP BIRINGPANTING,60729096,SMP,Negeri,Kec. Tombolo Pao,190312,Kab. Gowa,190300,Prov. Sulawesi Selatan,190000,5,2,67,3,3,1,1,20,21 Feb 2026 20:31:27,922AE1FE10D731EE8B1E
SMP NEGERI 6 TOMBOLO PAOSATAP MAPUNG,40318960,SMP,Negeri,Kec. Tombolo Pao,190312,Kab. Gowa,190300,Prov. Sulawesi Selatan,190000,8,1,63,3,3,1,1,12,26 Apr 2026 12:27:15,21855A6242DF981041B2
SMP NEGERI 7 TOMBOLO PAOSATAP TONASA,69758820,SMP,Negeri,Kec. Tombolo Pao,190312,Kab. Gowa,190300,Prov. Sulawesi Selatan,190000,7,1,41,3,5,0,0,14,27 Apr 2026 11:28:13,030FE838FD3930A03FBE
SMP NEGERI 8 TOMBOLO PAO/SATAP LEMBANG TEKO,69758819,SMP,Negeri,Kec. Tombolo Pao,190312,Kab. Gowa,190300,Prov. Sulawesi Selatan,190000,6,2,41,3,3,1,0,9,28 Apr 2026 10:49:53,95A6D5F55CE8C93B73B6
SMAN 11 GOWA,40314403,SMA,Negeri,Kec. Tombolo Pao,190312,Kab. Gowa,190300,Prov. Sulawesi Selatan,190000,22,4,261,9,10,1,0,14,20 Apr 2026 19:11:15,EFE0063EEA632F2F58CF
SD CENTER MALAKAJI,40313561,SD,Negeri,Kec. Tompobulu,190309,Kab. Gowa,190300,Prov. Sulawesi Selatan,190000,10,2,252,12,6,0,1,28,02 May 2026 06:24:38,07457D805010CABDC501
SD INPRES BONTOBUDDUNG,40314492,SD,Negeri,Kec. Tompobulu,190309,Kab. Gowa,190300,Prov. Sulawesi Selatan,190000,8,1,122,6,7,0,1,8,12 Apr 2026 03:11:32,D944759D4CF18CA673B9
SD INPRES BULOPORONG,40301375,SD,Negeri,Kec. Tompobulu,190309,Kab. Gowa,190300,Prov. Sulawesi Selatan,190000,9,1,66,6,10,0,1,32,20 Apr 2026 10:07:19,7C1BACF8AD6C7315B3C0
SD INPRES GARENTONG,40314316,SD,Negeri,Kec. Tompobulu,190309,Kab. Gowa,190300,Prov. Sulawesi Selatan,190000,6,2,105,6,12,0,1,13,18 Apr 2026 08:45:36,E2722C67911D70557CB6
SD INPRES GARING,40314476,SD,Negeri,Kec. Tompobulu,190309,Kab. Gowa,190300,Prov. Sulawesi Selatan,190000,9,1,63,6,6,0,0,21,24 Apr 2026 10:58:16,92E6612650A523ADD389
SD INPRES KAYUMALLE,40300936,SD,Negeri,Kec. Tompobulu,190309,Kab. Gowa,190300,Prov. Sulawesi Selatan,190000,7,0,69,6,10,0,0,7,18 Apr 2026 10:17:24,6226AE6DC346E2EF46F9
SD INPRES LEMBANG BU NE,40300921,SD,Negeri,Kec. Tompobulu,190309,Kab. Gowa,190300,Prov. Sulawesi Selatan,190000,8,1,114,6,10,0,1,12,12 Feb 2026 04:51:21,F90A513FD00EFAFA9B7B
SD INPRES LOJONG,40301387,SD,Negeri,Kec. Tompobulu,190309,Kab. Gowa,190300,Prov. Sulawesi Selatan,190000,6,1,101,6,6,1,0,10,15 Apr 2026 11:21:50,5A8F1A5C8431C813A399
SD INPRES MALAKAJI,40314272,SD,Negeri,Kec. Tompobulu,190309,Kab. Gowa,190300,Prov. Sulawesi Selatan,190000,8,1,81,6,14,1,1,22,11 Apr 2026 20:12:23,43DDE889716F512E6087
SD INPRES MAMPUA,40301392,SD,Negeri,Kec. Tompobulu,190309,Kab. Gowa,190300,Prov. Sulawesi Selatan,190000,6,3,89,6,6,0,1,11,21 Apr 2026 07:42:38,6C6CB6247539165CC083
SD INPRES PAJAGALUNG,40300975,SD,Negeri,Kec. Tompobulu,190309,Kab. Gowa,190300,Prov. Sulawesi Selatan,190000,8,0,116,6,6,0,0,15,14 Apr 2026 08:20:09,4CCFDB2F4929C6A6FD9F
SD INPRESI PARANGKEKE,40300961,SD,Negeri,Kec. Tompobulu,190309,Kab. Gowa,190300,Prov. Sulawesi Selatan,190000,6,0,122,6,6,0,1,11,06 Apr 2026 18:27:20,AAD6F821447BD02EF048
SD NEGERI BATUPEWAI,40300906,SD,Negeri,Kec. Tompobulu,190309,Kab. Gowa,190300,Prov. Sulawesi Selatan,190000,9,1,55,6,6,0,0,11,16 Apr 2026 19:43:58,D0387B9A9A3894EA0475
SD NEGERI BONGKILEMBA,40313479,SD,Negeri,Kec. Tompobulu,190309,Kab. Gowa,190300,Prov. Sulawesi Selatan,190000,7,1,83,6,3,0,1,18,07 Apr 2026 10:41:18,5D77DDA1DF48D3F5DC0E
SD NEGERI BULUENG,40313494,SD,Negeri,Kec. Tompobulu,190309,Kab. Gowa,190300,Prov. Sulawesi Selatan,190000,6,1,67,6,6,0,0,1,05 Mar 2026 10:41:11,48563118384F91982354
SD NEGERI CIKORO,40300949,SD,Negeri,Kec. Tompobulu,190309,Kab. Gowa,190300,Prov. Sulawesi Selatan,190000,6,2,205,7,7,0,1,15,11 Apr 2026 09:04:00,42D7D14FF829862B2787
SD NEGERI DATARA,40300950,SD,Negeri,Kec. Tompobulu,190309,Kab. Gowa,190300,Prov. Sulawesi Selatan,190000,7,2,121,6,6,0,1,14,11 Apr 2026 13:05:51,1302AD08FBD13B7D267D
SD NEGERI GARING,40300953,SD,Negeri,Kec. Tompobulu,190309,Kab. Gowa,190300,Prov. Sulawesi Selatan,190000,7,2,114,6,6,0,1,13,15 Apr 2026 23:40:57,1D31629BAC2795689494
SD NEGERI KARANGLOE,69982311,SD,Negeri,Kec. Tompobulu,190309,Kab. Gowa,190300,Prov. Sulawesi Selatan,190000,8,0,89,6,3,0,0,1,26 Apr 2026 15:03:54,524DC287B6283DD4A29B
SD NEGERI LEMBAYA,40301075,SD,Negeri,Kec. Tompobulu,190309,Kab. Gowa,190300,Prov. Sulawesi Selatan,190000,7,2,268,9,8,0,1,18,06 Apr 2026 18:00:06,B4EC3D289C74B79B8D4F
SD NEGERI RAPPOALA,40301102,SD,Negeri,Kec. Tompobulu,190309,Kab. Gowa,190300,Prov. Sulawesi Selatan,190000,6,1,45,6,3,0,0,14,21 Apr 2026 08:55:51,BB0079354445EF92FF0F
SD NEGERI TAIPAKODONG,40314386,SD,Negeri,Kec. Tompobulu,190309,Kab. Gowa,190300,Prov. Sulawesi Selatan,190000,7,2,164,6,6,0,0,25,11 Apr 2026 10:30:51,FF6EFCC0C8FDA902FD58
SD NEGERI ULUGALUNG,40301108,SD,Negeri,Kec. Tompobulu,190309,Kab. Gowa,190300,Prov. Sulawesi Selatan,190000,8,2,153,6,6,0,0,15,03 Apr 2026 00:09:25,ADF8593253C87BC1C721
SD ISLAM TERPADU TANGNGA PARANG,69956282,SD,Swasta,Kec. Tompobulu,190309,Kab. Gowa,190300,Prov. Sulawesi Selatan,190000,5,1,40,6,3,0,0,9,14 Apr 2026 23:23:39,BEA59FD44A0DF4518F71
SMP NEGERI 1 TOMPOBULU,40301067,SMP,Negeri,Kec. Tompobulu,190309,Kab. Gowa,190300,Prov. Sulawesi Selatan,190000,23,4,281,11,12,3,1,18,12 Apr 2026 14:50:27,591A1E053C4C67E1B8B4
SMP NEGERI 2 TOMPOBULU,40313517,SMP,Negeri,Kec. Tompobulu,190309,Kab. Gowa,190300,Prov. Sulawesi Selatan,190000,11,1,107,6,6,1,1,10,16 Mar 2026 13:57:39,D03A65D8CB70CDE6DDE0
SMP NEGERI 4 TOMPOBULU SATAP GARENTONG,40313519,SMP,Negeri,Kec. Tompobulu,190309,Kab. Gowa,190300,Prov. Sulawesi Selatan,190000,7,1,75,3,3,0,1,28,12 Mar 2026 07:09:44,26849365BDE9B0857C6F
SMP NEGERI 5 TOMPOBULU SATAP BATUPEWAI,40318993,SMP,Negeri,Kec. Tompobulu,190309,Kab. Gowa,190300,Prov. Sulawesi Selatan,190000,8,1,57,3,3,1,1,16,28 Apr 2026 09:49:24,73BC3B070E8E1B709D41
SMP NEGERI SATAP GARING,40314054,SMP,Negeri,Kec. Tompobulu,190309,Kab. Gowa,190300,Prov. Sulawesi Selatan,190000,7,3,65,3,4,1,1,15,07 Apr 2026 09:10:10,472E72B99A2C719A4101
SMP ISLAM TANGNGA PARANG,70015042,SMP,Swasta,Kec. Tompobulu,190309,Kab. Gowa,190300,Prov. Sulawesi Selatan,190000,8,1,30,3,2,0,0,24,02 Mar 2026 20:32:45,3A4C52D0295B7B53AA35
SMP IT PERMATA ALJAMI,70001205,SMP,Swasta,Kec. Tompobulu,190309,Kab. Gowa,190300,Prov. Sulawesi Selatan,190000,3,3,27,3,3,0,1,8,22 Jan 2026 09:16:51,399051502760853FEBC2
SMAN 7 GOWA,40301036,SMA,Negeri,Kec. Tompobulu,190309,Kab. Gowa,190300,Prov. Sulawesi Selatan,190000,27,4,303,10,16,2,1,28,15 Apr 2026 00:20:04,1913F264BA3D868BC4FF
SMA ISLAM NURUL ILMI,69946815,SMA,Swasta,Kec. Tompobulu,190309,Kab. Gowa,190300,Prov. Sulawesi Selatan,190000,11,1,158,6,7,1,1,22,24 Apr 2026 09:40:52,451AB54C097891B81E94
SD INPRES BONTO TENE,40314256,SD,Negeri,Kec. Bajeng Barat,190318,Kab. Gowa,190300,Prov. Sulawesi Selatan,190000,9,1,105,6,8,0,0,19,07 Apr 2026 20:40:47,8019E7883D61DCFEE55C
SD INPRES BONTOSUNGGU,40301453,SD,Negeri,Kec. Bajeng Barat,190318,Kab. Gowa,190300,Prov. Sulawesi Selatan,190000,8,2,148,6,7,0,1,37,28 Apr 2026 08:39:10,CCD294B69CCF0948C543
SD INPRES KAMPUNG PARANG,40301079,SD,Negeri,Kec. Bajeng Barat,190318,Kab. Gowa,190300,Prov. Sulawesi Selatan,190000,8,0,108,6,6,0,1,32,13 Apr 2026 23:04:17,A8C14458F1BC257B5EE8
SD INPRES MANDALLE,40301098,SD,Negeri,Kec. Bajeng Barat,190318,Kab. Gowa,190300,Prov. Sulawesi Selatan,190000,9,1,158,6,6,0,1,24,05 Apr 2026 22:39:35,2E2F8FFCA96410DE7111
SD INPRES MATTONTONGDARE,40301395,SD,Negeri,Kec. Bajeng Barat,190318,Kab. Gowa,190300,Prov. Sulawesi Selatan,190000,8,1,151,7,7,0,0,12,05 Apr 2026 06:27:20,17EBAED2AF825FE4A715
SD INPRES PANNUJUANG,40300984,SD,Negeri,Kec. Bajeng Barat,190318,Kab. Gowa,190300,Prov. Sulawesi Selatan,190000,8,1,105,6,6,0,1,16,25 Apr 2026 07:49:41,6CCF81C93EFEACAEF610
SD INPRES TALABORONG,40300988,SD,Negeri,Kec. Bajeng Barat,190318,Kab. Gowa,190300,Prov. Sulawesi Selatan,190000,8,1,157,6,6,0,1,15,30 Apr 2026 09:35:23,71932B2CC4EE0E17AD5F
SD INPRES TALAKUWE,40300989,SD,Negeri,Kec. Bajeng Barat,190318,Kab. Gowa,190300,Prov. Sulawesi Selatan,190000,11,0,159,8,6,0,1,39,08 Apr 2026 10:35:03,73210826B699626F62C4
SD INPRES TAMATTIA,40314048,SD,Negeri,Kec. Bajeng Barat,190318,Kab. Gowa,190300,Prov. Sulawesi Selatan,190000,8,2,173,8,6,0,1,32,01 May 2026 21:39:27,4BE768C64FD516FC7BA3
SD NEGERI BONTOMANAI,40300930,SD,Negeri,Kec. Bajeng Barat,190318,Kab. Gowa,190300,Prov. Sulawesi Selatan,190000,9,1,92,6,6,0,1,19,22 Apr 2026 09:13:30,5DB68D970BA3E5B8047A
SD NEGERI GENTUNGANG,40300955,SD,Negeri,Kec. Bajeng Barat,190318,Kab. Gowa,190300,Prov. Sulawesi Selatan,190000,10,0,154,6,7,0,1,17,24 Apr 2026 16:13:31,5A3E03984B6BE7D0C173
SD NEGERI MANJALLING,40301101,SD,Negeri,Kec. Bajeng Barat,190318,Kab. Gowa,190300,Prov. Sulawesi Selatan,190000,15,2,292,12,9,1,1,19,23 Apr 2026 18:37:15,635BEADDD8DA7ADB89B6
SD NEGERI MATTOANGING,40301088,SD,Negeri,Kec. Bajeng Barat,190318,Kab. Gowa,190300,Prov. Sulawesi Selatan,190000,9,4,105,6,6,0,1,23,29 Apr 2026 18:06:42,41077DF38A94FBDE8584
SD NEGERI TANABANGKA,40314047,SD,Negeri,Kec. Bajeng Barat,190318,Kab. Gowa,190300,Prov. Sulawesi Selatan,190000,9,1,195,7,6,0,1,13,02 Apr 2026 18:56:40,717AADA7B5F1DEBCF1B3
SD.INPRES DOANG,40314291,SD,Negeri,Kec. Bajeng Barat,190318,Kab. Gowa,190300,Prov. Sulawesi Selatan,190000,7,3,88,6,6,0,0,37,03 Apr 2026 19:02:49,D30A21A71C87964A8851
SMP NEGERI 1 BAJENG BARAT,40301068,SMP,Negeri,Kec. Bajeng Barat,190318,Kab. Gowa,190300,Prov. Sulawesi Selatan,190000,25,9,483,17,24,4,1,30,25 Apr 2026 20:54:56,07C2C81C6839BBF48943
SMP NEGERI 2 BAJENG BARAT,40301048,SMP,Negeri,Kec. Bajeng Barat,190318,Kab. Gowa,190300,Prov. Sulawesi Selatan,190000,20,7,332,12,12,2,1,24,13 Apr 2026 12:28:58,B7BE80B9BD0F663B7946
SMP PGRI BAJENG,40301020,SMP,Swasta,Kec. Bajeng Barat,190318,Kab. Gowa,190300,Prov. Sulawesi Selatan,190000,3,2,18,3,5,1,1,3,31 Jan 2026 22:04:01,4BB60ABB90933DA9269A
SMAN 19 GOWA,40318874,SMA,Negeri,Kec. Bajeng Barat,190318,Kab. Gowa,190300,Prov. Sulawesi Selatan,190000,52,7,684,20,17,2,1,20,25 Apr 2026 09:28:39,7187164062F428EF9FC7
SD INPRES BAE-BAE,40301421,SD,Negeri,Kec. Biring Bulu,190311,Kab. Gowa,190300,Prov. Sulawesi Selatan,190000,14,2,125,12,11,0,0,51,14 Apr 2026 07:50:16,E173E8A96E1576B4D8E7
SD INPRES BANGKA-BANGKALA,40313409,SD,Negeri,Kec. Biring Bulu,190311,Kab. Gowa,190300,Prov. Sulawesi Selatan,190000,6,3,141,6,7,0,1,12,19 Apr 2026 13:24:40,F30CA41F1C5F990C0EE2
SD INPRES BANGKOWA,40314431,SD,Negeri,Kec. Biring Bulu,190311,Kab. Gowa,190300,Prov. Sulawesi Selatan,190000,8,1,98,6,6,0,0,41,04 Apr 2026 13:41:06,F56829D2E25AF0CC2963
SD INPRES BORIMASUNGGU,40313936,SD,Negeri,Kec. Biring Bulu,190311,Kab. Gowa,190300,Prov. Sulawesi Selatan,190000,8,1,67,6,6,0,1,15,25 Apr 2026 07:31:21,5FCB25A6C2522B661B57
SD INPRES BORONGNGARA,40314478,SD,Negeri,Kec. Biring Bulu,190311,Kab. Gowa,190300,Prov. Sulawesi Selatan,190000,7,2,103,6,6,0,0,16,05 Mar 2026 00:34:53,EEDECE33F03FDBB1BA6D
SD INPRES BUNGASUNGGU,40301376,SD,Negeri,Kec. Biring Bulu,190311,Kab. Gowa,190300,Prov. Sulawesi Selatan,190000,8,2,60,6,6,0,1,12,07 Apr 2026 14:54:00,5D62310D94DA64C9F140
SD INPRES CINIAYO,40301378,SD,Negeri,Kec. Biring Bulu,190311,Kab. Gowa,190300,Prov. Sulawesi Selatan,190000,5,1,54,6,7,0,1,32,01 Apr 2026 22:23:49,05B113AE96E886A380D0
SD INPRES KALUARA,40318323,SD,Negeri,Kec. Biring Bulu,190311,Kab. Gowa,190300,Prov. Sulawesi Selatan,190000,7,1,98,6,6,0,0,12,07 Mar 2026 21:20:47,2E6B2C5A7EB451B38CB4
SD INPRES KAMPUNG BERU,40314507,SD,Negeri,Kec. Biring Bulu,190311,Kab. Gowa,190300,Prov. Sulawesi Selatan,190000,7,1,120,6,6,0,1,22,22 Apr 2026 07:26:22,69C015A67B2C3834FC8F
SD INPRES KARAMASA,40300935,SD,Negeri,Kec. Biring Bulu,190311,Kab. Gowa,190300,Prov. Sulawesi Selatan,190000,7,0,104,8,8,0,0,34,20 Apr 2026 11:07:00,DF66D7D6FE51B514FF51
SD INPRES LEMBANG-LEMBANG,40314517,SD,Negeri,Kec. Biring Bulu,190311,Kab. Gowa,190300,Prov. Sulawesi Selatan,190000,4,0,43,6,6,0,0,20,19 Apr 2026 08:03:48,FFD21764D1AF9AA965CD
SD INPRES MALONJO,40314062,SD,Negeri,Kec. Biring Bulu,190311,Kab. Gowa,190300,Prov. Sulawesi Selatan,190000,8,2,102,6,6,0,1,14,19 Apr 2026 13:01:56,457F5C414371462BCC73
SD INPRES PATAUNG,40300965,SD,Negeri,Kec. Biring Bulu,190311,Kab. Gowa,190300,Prov. Sulawesi Selatan,190000,9,1,89,6,6,0,0,37,27 Apr 2026 08:22:51,1AAB8CD8FE2027D5EE6D
SD INPRES TANABERU,40300992,SD,Negeri,Kec. Biring Bulu,190311,Kab. Gowa,190300,Prov. Sulawesi Selatan,190000,8,1,195,11,12,0,1,25,20 Apr 2026 16:31:18,DAE7947A54B93D255FEA
SD INPRES TARING,40300996,SD,Negeri,Kec. Biring Bulu,190311,Kab. Gowa,190300,Prov. Sulawesi Selatan,190000,9,1,140,7,7,0,1,8,21 Apr 2026 19:08:15,010DD957816140B1FDB9
SD INPRES TONRORATTANG,40300919,SD,Negeri,Kec. Biring Bulu,190311,Kab. Gowa,190300,Prov. Sulawesi Selatan,190000,9,0,103,6,6,0,1,24,02 May 2026 14:30:27,ED9178ECE05910791414
SD NEGERI BANGKALALOE,40314423,SD,Negeri,Kec. Biring Bulu,190311,Kab. Gowa,190300,Prov. Sulawesi Selatan,190000,7,0,46,6,6,0,1,8,30 Apr 2026 10:11:43,246ACFE606C38353F402
SD NEGERI BATURAPPE,40300905,SD,Negeri,Kec. Biring Bulu,190311,Kab. Gowa,190300,Prov. Sulawesi Selatan,190000,5,2,97,6,6,0,1,27,16 Apr 2026 18:21:11,8F13AF9900A79CE712FC
SD NEGERI LAUWA,40300939,SD,Negeri,Kec. Biring Bulu,190311,Kab. Gowa,190300,Prov. Sulawesi Selatan,190000,3,1,113,6,6,0,0,12,17 Apr 2026 22:26:58,4BB4931AE77B6E0B2533
SD NEGERI PENCONG,40301087,SD,Negeri,Kec. Biring Bulu,190311,Kab. Gowa,190300,Prov. Sulawesi Selatan,190000,5,2,154,6,6,0,0,46,02 May 2026 14:51:51,1E55AC2691765143C360
SD NEGERI SANRANGAN,40301129,SD,Negeri,Kec. Biring Bulu,190311,Kab. Gowa,190300,Prov. Sulawesi Selatan,190000,11,1,108,6,6,1,0,19,19 Apr 2026 12:24:08,014D8046AA97F90CFB56
SD NEGERI TARING,40301139,SD,Negeri,Kec. Biring Bulu,190311,Kab. Gowa,190300,Prov. Sulawesi Selatan,190000,6,1,104,6,6,0,1,10,27 Apr 2026 08:50:51,166A39BA6ADD31F41D49
SD NEGERI TOMPONA,40313419,SD,Negeri,Kec. Biring Bulu,190311,Kab. Gowa,190300,Prov. Sulawesi Selatan,190000,6,0,118,6,6,0,0,16,09 Apr 2026 22:20:34,71F14A1EB034783840D7
SD NEGERI TONRORITA,40313354,SD,Negeri,Kec. Biring Bulu,190311,Kab. Gowa,190300,Prov. Sulawesi Selatan,190000,8,1,137,6,6,0,0,13,16 Apr 2026 07:53:32,5A905945F843FBFBAD5A
SMP NEGERI 1 BIRINGBULU,40306501,SMP,Negeri,Kec. Biring Bulu,190311,Kab. Gowa,190300,Prov. Sulawesi Selatan,190000,8,5,80,4,6,2,1,3,31 Jan 2026 18:11:13,7B63C46233F82383E40F
SMP NEGERI 2 BIRINGBULU,40313342,SMP,Negeri,Kec. Biring Bulu,190311,Kab. Gowa,190300,Prov. Sulawesi Selatan,190000,9,3,76,4,6,2,2,18,01 May 2026 05:38:13,29968834AA1447BAC3EA
SMP NEGERI 3 SATAP BIRINGBULU,40314663,SMP,Negeri,Kec. Biring Bulu,190311,Kab. Gowa,190300,Prov. Sulawesi Selatan,190000,8,1,69,3,3,1,1,31,01 May 2026 17:03:24,0EB3F557C3CAF34072C6
SMP NEGERI 4 BIRINGBULU,40318442,SMP,Negeri,Kec. Biring Bulu,190311,Kab. Gowa,190300,Prov. Sulawesi Selatan,190000,11,4,144,6,8,3,1,21,17 Apr 2026 22:26:01,B9CA1BED975A9277C566
SMP NEGERI 5 BIRINGBULU/SATAP TARING,60729095,SMP,Negeri,Kec. Biring Bulu,190311,Kab. Gowa,190300,Prov. Sulawesi Selatan,190000,7,1,35,3,3,0,0,15,10 Apr 2026 12:47:03,3DC7DF33FF1A2DA3851E
SMP NEGERI 6 BIRINGBULUSATAP KARAMASA,60728413,SMP,Negeri,Kec. Biring Bulu,190311,Kab. Gowa,190300,Prov. Sulawesi Selatan,190000,8,1,61,3,4,0,1,26,10 Apr 2026 10:16:13,DF6FBA6219A7221122E5
SMP NEGERI 7 BIRINGBULU/SATAP LEMBANG-LEMBANG,69758823,SMP,Negeri,Kec. Biring Bulu,190311,Kab. Gowa,190300,Prov. Sulawesi Selatan,190000,8,0,22,3,3,1,1,23,02 May 2026 10:39:01,95C02735F0A97466DF7E
SMP NEGERI 8 BIRINGBULUSATAP TANABERU,69758822,SMP,Negeri,Kec. Biring Bulu,190311,Kab. Gowa,190300,Prov. Sulawesi Selatan,190000,8,1,153,6,3,3,2,20,30 Apr 2026 09:13:06,F64503D980E969810A1E
SMAN 16 GOWA,40319017,SMA,Negeri,Kec. Biring Bulu,190311,Kab. Gowa,190300,Prov. Sulawesi Selatan,190000,25,6,210,8,6,3,1,21,27 Apr 2026 10:39:33,D8D90DF1D320348953BF
SD INPRES BENGO,40314394,SD,Negeri,Kec. Manuju,190313,Kab. Gowa,190300,Prov. Sulawesi Selatan,190000,5,1,67,6,6,0,0,11,28 Apr 2026 10:07:43,1422AE774E662A32445D
SD INPRES BENGO 2,40314395,SD,Negeri,Kec. Manuju,190313,Kab. Gowa,190300,Prov. Sulawesi Selatan,190000,7,0,51,6,6,0,0,15,20 Apr 2026 09:03:47,88B5EB34952855420458
SD INPRES CONGGORO,40314460,SD,Negeri,Kec. Manuju,190313,Kab. Gowa,190300,Prov. Sulawesi Selatan,190000,8,1,89,6,5,0,1,37,25 Apr 2026 22:54:27,CE9ECF4C9E6D6FA2AC22
SD INPRES GANTARANGPANGI,40314313,SD,Negeri,Kec. Manuju,190313,Kab. Gowa,190300,Prov. Sulawesi Selatan,190000,4,1,38,5,6,0,0,7,02 Apr 2026 08:52:26,A5768049697BFCC0F11F
SD INPRES KANANGA,40314427,SD,Negeri,Kec. Manuju,190313,Kab. Gowa,190300,Prov. Sulawesi Selatan,190000,7,1,45,6,6,0,0,16,15 Apr 2026 03:55:38,5610F55335C2297F478E
SD INPRES LATA,40314436,SD,Negeri,Kec. Manuju,190313,Kab. Gowa,190300,Prov. Sulawesi Selatan,190000,8,2,136,6,6,0,1,19,17 Apr 2026 21:23:59,19DE04757F7752A0E1A1
SD INPRES PANNYIKOKANG,40314472,SD,Negeri,Kec. Manuju,190313,Kab. Gowa,190300,Prov. Sulawesi Selatan,190000,8,0,73,6,6,0,1,13,05 Apr 2026 20:46:35,9922C41BBFA346E03832
SD INPRES PASSUAKKANG,40314293,SD,Negeri,Kec. Manuju,190313,Kab. Gowa,190300,Prov. Sulawesi Selatan,190000,6,4,85,6,6,0,1,22,14 Apr 2026 18:13:58,83B95E6B9EC4CB7786F9
SD INPRES PATTALLIKANG,40314295,SD,Negeri,Kec. Manuju,190313,Kab. Gowa,190300,Prov. Sulawesi Selatan,190000,6,2,155,6,7,0,1,18,11 Apr 2026 07:37:17,263E47E9E85030FA6146
SD INPRES PATTIRO,40300968,SD,Negeri,Kec. Manuju,190313,Kab. Gowa,190300,Prov. Sulawesi Selatan,190000,7,1,94,6,6,0,1,7,12 Mar 2026 08:21:49,19CFB8002B929C4880EE
SD INPRES PORONG,40314410,SD,Negeri,Kec. Manuju,190313,Kab. Gowa,190300,Prov. Sulawesi Selatan,190000,8,1,114,6,7,0,1,26,12 Apr 2026 21:18:31,549AA7F3E999EF05AE71
SD INPRES TAMALATEA,40314046,SD,Negeri,Kec. Manuju,190313,Kab. Gowa,190300,Prov. Sulawesi Selatan,190000,4,2,73,6,5,0,0,17,02 Apr 2026 02:40:04,FA8417D6D38C6409DE46
SD INPRES TANAKARAENG,40314435,SD,Negeri,Kec. Manuju,190313,Kab. Gowa,190300,Prov. Sulawesi Selatan,190000,15,1,256,12,6,0,1,17,31 Mar 2026 14:38:49,41088A1C38BBAFA42BD0
SD NEGERI PARANGLOE LATA,40314511,SD,Negeri,Kec. Manuju,190313,Kab. Gowa,190300,Prov. Sulawesi Selatan,190000,10,2,98,6,6,0,3,30,25 Apr 2026 19:23:08,34ED27848EC98D425F55
SD NEGERI TASSESE,40314244,SD,Negeri,Kec. Manuju,190313,Kab. Gowa,190300,Prov. Sulawesi Selatan,190000,11,1,105,6,6,0,1,18,14 Apr 2026 08:35:51,A2AEEB957A17D92A86C6
SDS UMINDA TANAKARAENG,40301084,SD,Swasta,Kec. Manuju,190313,Kab. Gowa,190300,Prov. Sulawesi Selatan,190000,6,1,103,6,6,0,1,17,08 Apr 2026 14:28:20,EBD52BF435FCDF1AB452
SMP NEGERI 1 MANUJU,40301046,SMP,Negeri,Kec. Manuju,190313,Kab. Gowa,190300,Prov. Sulawesi Selatan,190000,12,5,120,6,6,2,1,8,03 Mar 2026 20:47:34,25DB554D02B1C8160875
SMP NEGERI 2 MANUJU,40313514,SMP,Negeri,Kec. Manuju,190313,Kab. Gowa,190300,Prov. Sulawesi Selatan,190000,12,3,175,7,7,2,1,30,23 Apr 2026 09:22:22,036759298257E3899BBB
SMP NEGERI 3 MANUJUSATAP TASSESE,40314277,SMP,Negeri,Kec. Manuju,190313,Kab. Gowa,190300,Prov. Sulawesi Selatan,190000,10,4,55,3,3,2,1,20,30 Apr 2026 06:00:05,452D089701116BC5A1FE
SMP NEGERI 4 MANUJUSATAP CONGGORO,40314459,SMP,Negeri,Kec. Manuju,190313,Kab. Gowa,190300,Prov. Sulawesi Selatan,190000,6,1,43,3,3,1,1,10,24 Feb 2026 17:18:23,8F48CF444B9B4DF4CE91
SMP NEGERI 5 MANUJUSATAP TANAKARAENG,69758821,SMP,Negeri,Kec. Manuju,190313,Kab. Gowa,190300,Prov. Sulawesi Selatan,190000,5,1,69,3,1,1,0,31,23 Apr 2026 08:59:49,39249C1D750951FF7081
SMP ISLAM DARUSSALAM MANUJU,69930393,SMP,Swasta,Kec. Manuju,190313,Kab. Gowa,190300,Prov. Sulawesi Selatan,190000,6,4,25,3,2,0,0,12,07 Apr 2026 09:45:55,1860E42348C720422A7C
SMP IT ASMAUL HUSNA,70056475,SMP,Swasta,Kec. Manuju,190313,Kab. Gowa,190300,Prov. Sulawesi Selatan,190000,8,2,20,3,1,0,0,7,30 Apr 2026 14:23:45,C4D5FCF2B944FDE96E57
SMPIT YUHANA FOUR DALLE,69995888,SMP,Swasta,Kec. Manuju,190313,Kab. Gowa,190300,Prov. Sulawesi Selatan,190000,6,1,122,5,6,2,0,26,21 Apr 2026 14:58:46,DDE67F9ED2C4B6179C01
SMAN 18 GOWA,40318859,SMA,Negeri,Kec. Manuju,190313,Kab. Gowa,190300,Prov. Sulawesi Selatan,190000,21,4,270,9,7,1,1,16,14 Apr 2026 09:41:08,50B35CAD0BD8FD0C0B70
SMAS IT YUHANA FOUR DALLE GOWA,69992885,SMA,Swasta,Kec. Manuju,190313,Kab. Gowa,190300,Prov. Sulawesi Selatan,190000,5,1,76,3,6,2,1,16,22 Apr 2026 20:51:44,40C2BA1DBF0974B9A060
SD INPRES BISARA,40301464,SD,Negeri,Kec. Bontonompo Selatan,190316,Kab. Gowa,190300,Prov. Sulawesi Selatan,190000,11,1,83,6,6,0,1,1,22 Apr 2026 01:55:45,C49C876B242BA38AD2D6
SD INPRES BONTOMALETTE,40301443,SD,Negeri,Kec. Bontonompo Selatan,190316,Kab. Gowa,190300,Prov. Sulawesi Selatan,190000,9,1,51,6,6,0,1,25,23 Apr 2026 20:21:54,5517A29ABD85060FFCE5
SD INPRES GALLANG,40301381,SD,Negeri,Kec. Bontonompo Selatan,190316,Kab. Gowa,190300,Prov. Sulawesi Selatan,190000,9,1,108,6,4,0,1,9,02 May 2026 09:32:55,D3531FADFFF1C3C58C41
SD INPRES ISOKA,40301371,SD,Negeri,Kec. Bontonompo Selatan,190316,Kab. Gowa,190300,Prov. Sulawesi Selatan,190000,8,3,109,6,6,0,1,11,17 Apr 2026 17:59:29,5D06AD983E19BF027FA6
SD INPRES JIPANG,40314426,SD,Negeri,Kec. Bontonompo Selatan,190316,Kab. Gowa,190300,Prov. Sulawesi Selatan,190000,10,4,140,7,6,0,0,19,30 Apr 2026 17:57:41,BED0315008D06133F6A2
SD INPRES KADUNDUNGANG,40301362,SD,Negeri,Kec. Bontonompo Selatan,190316,Kab. Gowa,190300,Prov. Sulawesi Selatan,190000,8,2,165,6,6,0,1,25,22 Apr 2026 10:42:15,E2877920230EC2AB26B4
SD INPRES KAMPUNG PARANG,40301366,SD,Negeri,Kec. Bontonompo Selatan,190316,Kab. Gowa,190300,Prov. Sulawesi Selatan,190000,8,1,115,6,6,0,0,11,22 Apr 2026 08:30:46,8643F4B8FD76629CEFF4
SD INPRES PABUNDUKANG,40300959,SD,Negeri,Kec. Bontonompo Selatan,190316,Kab. Gowa,190300,Prov. Sulawesi Selatan,190000,11,1,152,9,9,0,1,18,07 Apr 2026 19:50:32,203A8EDA7E4A03C34CD5
SD INPRES PAJOKKI,40300976,SD,Negeri,Kec. Bontonompo Selatan,190316,Kab. Gowa,190300,Prov. Sulawesi Selatan,190000,10,2,117,6,6,0,1,36,02 May 2026 07:23:41,19C1736A803EE1AD307D
SD INPRES PAMANDONGANG,40300980,SD,Negeri,Kec. Bontonompo Selatan,190316,Kab. Gowa,190300,Prov. Sulawesi Selatan,190000,9,1,103,6,6,0,1,10,14 Apr 2026 10:15:22,3D764BDFB68CE13F2290
SD INPRES SENGKA,40301013,SD,Negeri,Kec. Bontonompo Selatan,190316,Kab. Gowa,190300,Prov. Sulawesi Selatan,190000,13,4,182,8,6,0,1,16,29 Mar 2026 10:08:16,38F489BB6D41E36DE910
SD INPRES SOROBAYA,40301003,SD,Negeri,Kec. Bontonompo Selatan,190316,Kab. Gowa,190300,Prov. Sulawesi Selatan,190000,7,1,100,6,6,0,0,17,11 Apr 2026 19:30:11,4DD207F7D60CAC25BC59
SD NEGERI ALLUKA,40300923,SD,Negeri,Kec. Bontonompo Selatan,190316,Kab. Gowa,190300,Prov. Sulawesi Selatan,190000,10,1,174,7,6,0,1,10,01 May 2026 19:05:46,0C335E3871EFFC484FE4
SD NEGERI BONTOCINIAYO,40300911,SD,Negeri,Kec. Bontonompo Selatan,190316,Kab. Gowa,190300,Prov. Sulawesi Selatan,190000,5,3,20,6,6,0,1,8,20 Apr 2026 19:40:55,95152C9A2616D9535BC5
SD NEGERI CAMBAJAWAYA,40313240,SD,Negeri,Kec. Bontonompo Selatan,190316,Kab. Gowa,190300,Prov. Sulawesi Selatan,190000,9,1,192,7,9,0,1,16,18 Apr 2026 11:02:28,62B84DF9C0816CA29B68
SD NEGERI KADUNDUNGANG,40313239,SD,Negeri,Kec. Bontonompo Selatan,190316,Kab. Gowa,190300,Prov. Sulawesi Selatan,190000,10,2,50,6,6,0,1,19,21 Apr 2026 04:58:01,85A9B24205C097B25AB2
SD NEGERI SABBALA,40313241,SD,Negeri,Kec. Bontonompo Selatan,190316,Kab. Gowa,190300,Prov. Sulawesi Selatan,190000,12,2,204,10,6,0,0,20,20 Apr 2026 10:40:34,9DB088F34C70905BB78E
SD NEGERI SALAJO,40301103,SD,Negeri,Kec. Bontonompo Selatan,190316,Kab. Gowa,190300,Prov. Sulawesi Selatan,190000,9,2,45,6,6,1,1,24,23 Apr 2026 19:44:58,CD1018F407157F2E3165
SD NEGERI TANRARA,40301136,SD,Negeri,Kec. Bontonompo Selatan,190316,Kab. Gowa,190300,Prov. Sulawesi Selatan,190000,12,2,181,9,6,0,1,44,02 May 2026 07:16:53,8A5D18A1AE253FC0A65A
SD NEGERI TINDANG,40313238,SD,Negeri,Kec. Bontonompo Selatan,190316,Kab. Gowa,190300,Prov. Sulawesi Selatan,190000,10,4,175,7,6,0,1,24,15 Apr 2026 02:03:52,C7F50D560CAC16224A9A
SMP NEGERI 1 BONTONOMPO SELATAN,40301029,SMP,Negeri,Kec. Bontonompo Selatan,190316,Kab. Gowa,190300,Prov. Sulawesi Selatan,190000,17,4,282,10,24,2,1,31,28 Apr 2026 07:38:58,14DACDF5A31D126C35CB
SMP NEGERI 2 BONTONOMPO SELATAN,40313511,SMP,Negeri,Kec. Bontonompo Selatan,190316,Kab. Gowa,190300,Prov. Sulawesi Selatan,190000,26,10,535,18,18,1,1,33,19 Apr 2026 20:40:30,C7B1332DD62B2B7A98F9
SMP NEGERI 3 BONTONOMPO SELATANSATAP SALAJO,40319145,SMP,Negeri,Kec. Bontonompo Selatan,190316,Kab. Gowa,190300,Prov. Sulawesi Selatan,190000,8,2,33,3,3,1,1,18,14 Apr 2026 21:45:49,4C8C3D5E3E999EF85F9E
SMAN 13 GOWA,40314453,SMA,Negeri,Kec. Bontonompo Selatan,190316,Kab. Gowa,190300,Prov. Sulawesi Selatan,190000,35,4,509,16,13,3,1,52,17 Apr 2026 16:58:43,46F97B3AFDB44425858D
SD INPRES BARUA,40314505,SD,Negeri,Kec. Bontolempangan,190314,Kab. Gowa,190300,Prov. Sulawesi Selatan,190000,8,1,121,6,6,0,1,52,30 Apr 2026 08:13:03,425068D5269C76F07EB6
SD INPRES BONTOKURA,40314504,SD,Negeri,Kec. Bontolempangan,190314,Kab. Gowa,190300,Prov. Sulawesi Selatan,190000,7,2,64,6,6,0,1,1,13 Apr 2026 04:40:53,F647E93820CC85D7BF66
SD INPRES BONTOLOE,40314308,SD,Negeri,Kec. Bontolempangan,190314,Kab. Gowa,190300,Prov. Sulawesi Selatan,190000,6,1,132,6,6,0,1,15,24 Apr 2026 17:01:21,BF1CAE8D7AF1A20E221B
SD INPRES BORONGBULO,69897014,SD,Negeri,Kec. Bontolempangan,190314,Kab. Gowa,190300,Prov. Sulawesi Selatan,190000,7,1,55,6,3,0,0,12,29 Apr 2026 18:13:07,FC5B130F69DA6FB0F0DC
SD INPRES JULUMATENE,40313424,SD,Negeri,Kec. Bontolempangan,190314,Kab. Gowa,190300,Prov. Sulawesi Selatan,190000,9,2,160,6,6,0,1,17,01 May 2026 07:02:40,4D6243294186570B83A7
SD INPRES LANGKOWA,40314471,SD,Negeri,Kec. Bontolempangan,190314,Kab. Gowa,190300,Prov. Sulawesi Selatan,190000,5,2,56,6,6,0,0,15,30 Apr 2026 05:01:38,B1A51C2BF94257D8C22D
SD INPRES LEMOA,40301399,SD,Negeri,Kec. Bontolempangan,190314,Kab. Gowa,190300,Prov. Sulawesi Selatan,190000,7,2,95,6,6,0,1,26,30 Apr 2026 11:58:19,5B780A663E414CB9D0AD
SD INPRES OMPOA,40301397,SD,Negeri,Kec. Bontolempangan,190314,Kab. Gowa,190300,Prov. Sulawesi Selatan,190000,6,2,112,6,6,0,0,16,02 May 2026 08:11:41,6ADCF55B2814D08F931C
SD INPRES TANAPANGKAYA,40300994,SD,Negeri,Kec. Bontolempangan,190314,Kab. Gowa,190300,Prov. Sulawesi Selatan,190000,9,0,124,6,9,0,1,26,02 May 2026 08:24:16,AFFB1FBE517A43B57590
SD NEGERI LEMOA,40301090,SD,Negeri,Kec. Bontolempangan,190314,Kab. Gowa,190300,Prov. Sulawesi Selatan,190000,9,1,132,6,6,0,0,5,05 Mar 2026 03:33:59,379F827808ADA2A38ECE
SD NEGERI MALENGU,40301001,SD,Negeri,Kec. Bontolempangan,190314,Kab. Gowa,190300,Prov. Sulawesi Selatan,190000,5,1,53,6,7,0,1,12,02 May 2026 18:29:47,43C62D6E0661F58A6DAA
SD NEGERI PALADINGAN,40313425,SD,Negeri,Kec. Bontolempangan,190314,Kab. Gowa,190300,Prov. Sulawesi Selatan,190000,6,0,129,6,6,0,0,46,30 Apr 2026 22:20:21,DC66D31DD07B08C15FDE
SDI.BALIANGAN,40300926,SD,Negeri,Kec. Bontolempangan,190314,Kab. Gowa,190300,Prov. Sulawesi Selatan,190000,5,1,63,6,6,0,1,14,27 Apr 2026 09:04:26,0621C4E06E6AF0A18D2F
SMP NEGERI 1 BONTOLEMPANGAN,40301030,SMP,Negeri,Kec. Bontolempangan,190314,Kab. Gowa,190300,Prov. Sulawesi Selatan,190000,12,2,176,7,9,3,1,19,28 Apr 2026 11:40:02,30FBD06FAC4EA7B4CA2C
SMP NEGERI 2 BONTOLEMPANGAN,40313426,SMP,Negeri,Kec. Bontolempangan,190314,Kab. Gowa,190300,Prov. Sulawesi Selatan,190000,7,3,46,3,3,2,3,14,27 Mar 2026 10:01:39,6D3547671242783F0CF5
SMP NEGERI 3 BONTOLEMPANGANG,40318179,SMP,Negeri,Kec. Bontolempangan,190314,Kab. Gowa,190300,Prov. Sulawesi Selatan,190000,10,1,106,5,5,2,1,14,21 Apr 2026 20:35:22,74346BF7CB6707751BDB
SMP NEGERI 4 BONTOLEMPANGANGSATAP MALENGU,69725850,SMP,Negeri,Kec. Bontolempangan,190314,Kab. Gowa,190300,Prov. Sulawesi Selatan,190000,6,3,30,3,3,0,0,22,02 May 2026 18:18:19,24C5912C2D2CB3859531
SMP NEGERI 5 BONTOLEMPANGANGSATAP BALIANGAN,40319066,SMP,Negeri,Kec. Bontolempangan,190314,Kab. Gowa,190300,Prov. Sulawesi Selatan,190000,7,2,26,3,1,1,1,10,03 Mar 2026 08:15:52,25E02CAE22B1F8013199
SMP ISLAM NURUL AS ADIYAH,69941948,SMP,Swasta,Kec. Bontolempangan,190314,Kab. Gowa,190300,Prov. Sulawesi Selatan,190000,8,1,60,3,3,0,0,15,19 Apr 2026 20:38:14,AA81F20D82A75AB7A4B3
SMP YASPIB BORONGBULO,69897026,SMP,Swasta,Kec. Bontolempangan,190314,Kab. Gowa,190300,Prov. Sulawesi Selatan,190000,10,1,22,3,1,0,1,40,15 Apr 2026 15:00:25,0E33FEDE2EE13AC602DB
SMAN 15 GOWA,40314402,SMA,Negeri,Kec. Bontolempangan,190314,Kab. Gowa,190300,Prov. Sulawesi Selatan,190000,22,4,206,8,6,1,2,36,02 May 2026 09:21:28,158598D11547D0C2E7AB
SMA ISLAM NURUL AS ADIYAH LASSA LASSA,69955147,SMA,Swasta,Kec. Bontolempangan,190314,Kab. Gowa,190300,Prov. Sulawesi Selatan,190000,7,2,61,3,3,0,1,14,02 Apr 2026 20:59:09,72742E1ED28E20F93A7D
SMAS YASPIB BONTOLEMPANGAN,40314624,SMA,Swasta,Kec. Bontolempangan,190314,Kab. Gowa,190300,Prov. Sulawesi Selatan,190000,18,2,115,6,7,0,0,45,30 Apr 2026 07:04:44,911E07832293DFC72920
SMK YASPIB BONTOLEMPANGAN,69950389,SMK,Swasta,Kec. Bontolempangan,190314,Kab. Gowa,190300,Prov. Sulawesi Selatan,190000,11,2,65,3,3,0,0,15,08 Apr 2026 07:04:05,DE01A33DBCDE144CBBAA
SD INPRES BONTOSUNGGU,40313435,SD,Negeri,Kec. Parang Loe,190306,Kab. Gowa,190300,Prov. Sulawesi Selatan,190000,9,3,169,7,6,0,1,22,04 Apr 2026 08:08:54,78E681F76C4168D82A3F
SD INPRES BORISALLO,40313378,SD,Negeri,Kec. Parang Loe,190306,Kab. Gowa,190300,Prov. Sulawesi Selatan,190000,7,4,135,7,7,0,1,18,06 Apr 2026 17:13:11,20E24EC465E854B6473D
SD INPRES BUJJULU,40313386,SD,Negeri,Kec. Parang Loe,190306,Kab. Gowa,190300,Prov. Sulawesi Selatan,190000,8,2,76,6,7,0,1,11,09 Apr 2026 08:41:12,6D73197954CB2367EC7D
SD INPRES JENEMADINGING,40314302,SD,Negeri,Kec. Parang Loe,190306,Kab. Gowa,190300,Prov. Sulawesi Selatan,190000,5,3,101,6,6,0,1,39,02 Apr 2026 21:07:45,E32098CB2F89CE13C3E3
SD INPRES KASIMBURANG,40301401,SD,Negeri,Kec. Parang Loe,190306,Kab. Gowa,190300,Prov. Sulawesi Selatan,190000,6,1,140,6,9,0,1,20,08 Apr 2026 13:54:19,92C011EEB03FD7534E17
SD INPRES KASSI,40313349,SD,Negeri,Kec. Parang Loe,190306,Kab. Gowa,190300,Prov. Sulawesi Selatan,190000,3,1,46,6,6,0,1,17,06 Apr 2026 13:37:03,1C3BFFFDE7D93E195064
SD INPRES MALALANG,40313387,SD,Negeri,Kec. Parang Loe,190306,Kab. Gowa,190300,Prov. Sulawesi Selatan,190000,6,2,90,6,6,0,1,33,20 Apr 2026 09:23:43,26D25CC8AC7DBA073667
SD INPRES PAKKOLOMPO,40313383,SD,Negeri,Kec. Parang Loe,190306,Kab. Gowa,190300,Prov. Sulawesi Selatan,190000,7,3,95,6,7,0,1,15,12 Apr 2026 07:39:55,5AE05D035372D459E7FE
SD INPRES PANNYEROANG,40314301,SD,Negeri,Kec. Parang Loe,190306,Kab. Gowa,190300,Prov. Sulawesi Selatan,190000,6,1,44,6,6,0,1,14,02 May 2026 10:01:52,E7F12329B522E75AE8FB
SD INPRES PAPPAREANG,40300985,SD,Negeri,Kec. Parang Loe,190306,Kab. Gowa,190300,Prov. Sulawesi Selatan,190000,7,1,70,6,11,0,1,18,05 Apr 2026 05:15:03,A38EDCD9F99351317588
SD INPRES PARANG,40313389,SD,Negeri,Kec. Parang Loe,190306,Kab. Gowa,190300,Prov. Sulawesi Selatan,190000,15,3,262,12,12,0,1,42,22 Apr 2026 12:07:09,9ADE7E5AD3F36B2A4F44
SD INPRES PEO,40313384,SD,Negeri,Kec. Parang Loe,190306,Kab. Gowa,190300,Prov. Sulawesi Selatan,190000,6,4,135,6,6,0,1,23,04 Apr 2026 20:52:50,DC3F9AAD5880FEB11F0D
SD NEGERI BONTOJAI,40313385,SD,Negeri,Kec. Parang Loe,190306,Kab. Gowa,190300,Prov. Sulawesi Selatan,190000,9,4,217,8,9,0,0,8,24 Mar 2026 16:58:13,507E2DE14527A9F5508B
SD NEGERI BONTOPARANG,40313390,SD,Negeri,Kec. Parang Loe,190306,Kab. Gowa,190300,Prov. Sulawesi Selatan,190000,7,3,65,6,7,0,1,18,18 Apr 2026 16:05:43,11F83CB356253F0BAA69
SD NEGERI LEBONG,40313347,SD,Negeri,Kec. Parang Loe,190306,Kab. Gowa,190300,Prov. Sulawesi Selatan,190000,5,2,116,6,6,0,1,25,30 Apr 2026 18:05:54,64B6C52BCC4721BCBA8B
SD NEGERI PARANGLOE,40313445,SD,Negeri,Kec. Parang Loe,190306,Kab. Gowa,190300,Prov. Sulawesi Selatan,190000,8,2,150,6,6,0,1,21,08 Apr 2026 11:30:03,A81BD20F6D1E449DF61F
SD TRANS PARANGPUNGALLU,40314303,SD,Negeri,Kec. Parang Loe,190306,Kab. Gowa,190300,Prov. Sulawesi Selatan,190000,4,0,31,5,7,0,1,9,06 Apr 2026 15:49:15,15373FB8E39D8234C2A6
SMP NEGERI 1 PARANGLOE,40313398,SMP,Negeri,Kec. Parang Loe,190306,Kab. Gowa,190300,Prov. Sulawesi Selatan,190000,25,7,381,13,18,1,1,45,27 Apr 2026 06:40:17,56FAC703F679815B4C7D
SMP NEGERI 2 PARANGLOE,40313438,SMP,Negeri,Kec. Parang Loe,190306,Kab. Gowa,190300,Prov. Sulawesi Selatan,190000,12,4,154,6,6,2,1,20,21 Apr 2026 22:56:18,B4C2172B8661E9F7C149
SMP NEGERI 3 SATAP PARANGLOE,40314665,SMP,Negeri,Kec. Parang Loe,190306,Kab. Gowa,190300,Prov. Sulawesi Selatan,190000,6,1,82,3,4,1,1,31,03 Apr 2026 05:41:38,299D3FAC229AC0B774A8
SMP NEGERI 4 PARANGLOESATAP KASSI,40318447,SMP,Negeri,Kec. Parang Loe,190306,Kab. Gowa,190300,Prov. Sulawesi Selatan,190000,6,1,19,3,3,1,0,20,15 Apr 2026 08:05:43,9F20EFD94B856C934593
SMAN 6 GOWA,40301033,SMA,Negeri,Kec. Parang Loe,190306,Kab. Gowa,190300,Prov. Sulawesi Selatan,190000,33,9,470,15,18,1,1,14,30 Apr 2026 08:26:35,861F3CDB530CB545FB1A
SMAS ISLAM HIZBUL WATHAN,40313443,SMA,Swasta,Kec. Parang Loe,190306,Kab. Gowa,190300,Prov. Sulawesi Selatan,190000,8,3,85,3,3,0,1,14,27 Apr 2026 09:21:47,BF9DE7E30F1B22751F06
SD INPRES BATUNAPARA,40301459,SD,Negeri,Kec. Bungaya,190308,Kab. Gowa,190300,Prov. Sulawesi Selatan,190000,7,1,80,6,7,0,1,9,04 Mar 2026 12:04:56,5ABB2AF5F8ED82720DD6
SD INPRES BONTOMANAI,40314589,SD,Negeri,Kec. Bungaya,190308,Kab. Gowa,190300,Prov. Sulawesi Selatan,190000,11,2,41,6,6,0,0,13,29 Apr 2026 09:59:35,861C5AA8505740B36A5D
SD INPRES BONTOSUNGGU,40301372,SD,Negeri,Kec. Bungaya,190308,Kab. Gowa,190300,Prov. Sulawesi Selatan,190000,4,3,97,6,6,0,1,14,02 May 2026 18:11:56,26285AE2C63D9E4C280B
SD INPRES JENEBATU,40313302,SD,Negeri,Kec. Bungaya,190308,Kab. Gowa,190300,Prov. Sulawesi Selatan,190000,8,3,104,6,9,0,1,43,24 Apr 2026 09:53:40,0DA00663EC95F2CE4201
SD INPRES MANGEMPANG,40313297,SD,Negeri,Kec. Bungaya,190308,Kab. Gowa,190300,Prov. Sulawesi Selatan,190000,11,2,113,9,9,0,1,7,01 Apr 2026 02:12:48,32F40B2C5F9B3E21E5F9
SD INPRES MONCONGAN,40314270,SD,Negeri,Kec. Bungaya,190308,Kab. Gowa,190300,Prov. Sulawesi Selatan,190000,7,2,68,6,6,0,0,19,13 Apr 2026 21:05:01,2244CC7FB0CE78E7C078
SD INPRES PARANG-PARANG,40300972,SD,Negeri,Kec. Bungaya,190308,Kab. Gowa,190300,Prov. Sulawesi Selatan,190000,7,2,68,6,6,0,1,13,18 Apr 2026 10:38:13,2F3255E96F0FB970A29A
SD INPRES PARANGBERU,40313301,SD,Negeri,Kec. Bungaya,190308,Kab. Gowa,190300,Prov. Sulawesi Selatan,190000,9,4,88,6,9,0,1,14,10 Apr 2026 10:58:56,73965613831FD33FEE36
SD INPRES PARANGKANTISANG,40313303,SD,Negeri,Kec. Bungaya,190308,Kab. Gowa,190300,Prov. Sulawesi Selatan,190000,10,1,89,9,9,0,1,17,24 Apr 2026 09:02:38,362602917304B192562D
SD INPRES SAPAYA,40301008,SD,Negeri,Kec. Bungaya,190308,Kab. Gowa,190300,Prov. Sulawesi Selatan,190000,9,1,192,8,6,0,1,18,08 Apr 2026 10:38:37,148D3ADCFC5B8317F053
SD INPRES SARROANGIN,40301011,SD,Negeri,Kec. Bungaya,190308,Kab. Gowa,190300,Prov. Sulawesi Selatan,190000,7,1,109,6,7,0,1,12,07 Apr 2026 10:07:00,E784AF21C4D7696B2BFC
SD INPRES TAROWANG,40300997,SD,Negeri,Kec. Bungaya,190308,Kab. Gowa,190300,Prov. Sulawesi Selatan,190000,9,5,107,6,6,0,1,23,14 Apr 2026 19:59:30,5DDD6A36F04BAAFC418A
SD INPRES TUMBUH,40313298,SD,Negeri,Kec. Bungaya,190308,Kab. Gowa,190300,Prov. Sulawesi Selatan,190000,9,3,84,6,6,0,1,7,04 Mar 2026 22:23:49,0DDA1D1B37F42843EFA2
SD NEGERI BISSOLORO,40300902,SD,Negeri,Kec. Bungaya,190308,Kab. Gowa,190300,Prov. Sulawesi Selatan,190000,9,0,91,6,6,0,1,15,02 May 2026 13:49:55,88599303D77B7A11E33C
SD NEGERI SAPAYA,40313365,SD,Negeri,Kec. Bungaya,190308,Kab. Gowa,190300,Prov. Sulawesi Selatan,190000,7,2,71,6,6,0,1,9,03 Mar 2026 03:42:10,384C69629A44740D9D0D
SD NEGERI ULUJANGAN,40301109,SD,Negeri,Kec. Bungaya,190308,Kab. Gowa,190300,Prov. Sulawesi Selatan,190000,7,2,42,6,6,0,0,16,02 Apr 2026 22:06:49,17118A1460DE04D73A42
SMP NEGERI 1 BUNGAYA,40301045,SMP,Negeri,Kec. Bungaya,190308,Kab. Gowa,190300,Prov. Sulawesi Selatan,190000,10,5,136,6,8,2,1,49,25 Apr 2026 12:37:36,09242588FDDF4313096C
SMP NEGERI 2 BUNGAYA,40314278,SMP,Negeri,Kec. Bungaya,190308,Kab. Gowa,190300,Prov. Sulawesi Selatan,190000,7,2,23,3,3,2,1,23,22 Apr 2026 11:54:00,DA63F613FEAC22437018
SMP NEGERI 3 BUNGAYA/SATAP ULUJANGANG,40314640,SMP,Negeri,Kec. Bungaya,190308,Kab. Gowa,190300,Prov. Sulawesi Selatan,190000,8,2,27,3,3,1,1,24,14 Apr 2026 19:03:02,593CDB196B4F1C6D5C63
SMP NEGERI 4 BUNGAYA,40318852,SMP,Negeri,Kec. Bungaya,190308,Kab. Gowa,190300,Prov. Sulawesi Selatan,190000,6,5,34,3,3,5,7,8,03 Mar 2026 09:15:12,E1D0CDCEDC480D472A46
SMP Darul Fallaah,40316112,SMP,Swasta,Kec. Bungaya,190308,Kab. Gowa,190300,Prov. Sulawesi Selatan,190000,5,1,79,4,3,0,1,25,30 Apr 2026 20:22:09,8A9F7B18CD58F0C64AF7
SMP MUHAMMADIYAH BUAKKANG,40319610,SMP,Swasta,Kec. Bungaya,190308,Kab. Gowa,190300,Prov. Sulawesi Selatan,190000,10,2,26,3,3,0,1,13,15 Apr 2026 20:30:05,85E5CEB7016E2189B741
SMAN 17 GOWA,40313170,SMA,Negeri,Kec. Bungaya,190308,Kab. Gowa,190300,Prov. Sulawesi Selatan,190000,18,6,188,7,7,2,3,27,07 Apr 2026 12:44:05,5E714A95DC41DAF0106E
SMK PONDOK PESANTREN MUHAMMADIYAH BUAKKANG,69883504,SMK,Swasta,Kec. Bungaya,190308,Kab. Gowa,190300,Prov. Sulawesi Selatan,190000,12,2,103,6,4,1,1,27,20 Apr 2026 15:30:25,8C362A9286B6C37E319F
SD INPRES BATUMENTENG,40313255,SD,Negeri,Kec. Parigi,190317,Kab. Gowa,190300,Prov. Sulawesi Selatan,190000,7,1,78,6,6,0,1,9,05 Apr 2026 00:58:02,6785010E2166CCFA2347
SD INPRES LALOASA,40301405,SD,Negeri,Kec. Parigi,190317,Kab. Gowa,190300,Prov. Sulawesi Selatan,190000,7,1,157,6,6,1,1,11,10 Apr 2026 18:23:09,257B410A226F21B95364
SD INPRES LENGKESE,40313277,SD,Negeri,Kec. Parigi,190317,Kab. Gowa,190300,Prov. Sulawesi Selatan,190000,4,1,79,6,6,0,1,13,02 May 2026 10:06:34,9DE7F4BC54A5A44752A7
SD INPRES PARANGLABBUA,40313278,SD,Negeri,Kec. Parigi,190317,Kab. Gowa,190300,Prov. Sulawesi Selatan,190000,5,1,42,6,6,0,1,20,08 Apr 2026 09:08:27,A47B59BC860EA35C857F
SD INPRES PARIGI,40300964,SD,Negeri,Kec. Parigi,190317,Kab. Gowa,190300,Prov. Sulawesi Selatan,190000,7,0,40,6,6,0,0,17,11 Apr 2026 13:49:22,A0E4C1ECE8AE8BDDF9DD
SD INPRES PATTALLASSANG,40313209,SD,Negeri,Kec. Parigi,190317,Kab. Gowa,190300,Prov. Sulawesi Selatan,190000,3,1,84,6,6,0,1,8,13 Apr 2026 07:52:49,61B7B41B1E62695931C8
SD INPRES RAULO,40300970,SD,Negeri,Kec. Parigi,190317,Kab. Gowa,190300,Prov. Sulawesi Selatan,190000,8,1,87,6,6,0,0,9,30 Apr 2026 07:41:01,F292870C2A232DFAD3AC
SD INPRES SICINI,40313280,SD,Negeri,Kec. Parigi,190317,Kab. Gowa,190300,Prov. Sulawesi Selatan,190000,7,2,93,6,9,0,1,25,09 Apr 2026 16:36:42,524CC39F0BAEE07B69A2
SD INPRES SIRIYA,40301014,SD,Negeri,Kec. Parigi,190317,Kab. Gowa,190300,Prov. Sulawesi Selatan,190000,7,1,102,6,7,0,1,11,02 May 2026 10:37:05,A71C260EF3E83070A7AF
SD NEGERI JONJO I,40313271,SD,Negeri,Kec. Parigi,190317,Kab. Gowa,190300,Prov. Sulawesi Selatan,190000,5,1,97,6,6,0,1,8,30 Mar 2026 20:58:10,CB8B86142D64360A5810
SD NEGERI LONGKA,40301094,SD,Negeri,Kec. Parigi,190317,Kab. Gowa,190300,Prov. Sulawesi Selatan,190000,7,1,101,6,6,1,1,9,11 Apr 2026 08:31:02,F924D5122D52BD44E343
SD NEGERI RAULO,40313276,SD,Negeri,Kec. Parigi,190317,Kab. Gowa,190300,Prov. Sulawesi Selatan,190000,6,1,88,6,6,0,1,23,24 Apr 2026 08:19:14,7784AC4FF453981398DF
SMP NEGERI 1 PARIGI,40301059,SMP,Negeri,Kec. Parigi,190317,Kab. Gowa,190300,Prov. Sulawesi Selatan,190000,13,5,204,9,9,2,1,22,02 May 2026 08:52:11,3E0F2CEB108CBC169B1B
SMP NEGERI 2 PARIGI,40313516,SMP,Negeri,Kec. Parigi,190317,Kab. Gowa,190300,Prov. Sulawesi Selatan,190000,10,2,157,6,9,2,1,7,02 Apr 2026 17:04:26,CC39458A248767375A40
SMP NEGERI 3 PARIGISATAP RAULO,40315695,SMP,Negeri,Kec. Parigi,190317,Kab. Gowa,190300,Prov. Sulawesi Selatan,190000,5,2,57,3,3,1,1,16,10 Apr 2026 02:57:12,DEAE2DF770B17A8FA7FC
SMP NEGERI 4 SATAP PARIGI,40314451,SMP,Negeri,Kec. Parigi,190317,Kab. Gowa,190300,Prov. Sulawesi Selatan,190000,7,3,44,3,3,0,1,7,06 Apr 2026 20:47:22,6AA9ED11A330FDAA9A67
SMAN 12 GOWA,40314466,SMA,Negeri,Kec. Parigi,190317,Kab. Gowa,190300,Prov. Sulawesi Selatan,190000,25,7,395,15,13,2,1,45,28 Apr 2026 09:57:03,AC5E5B3EEEEBE0470501
