nama_sekolah,npsn,bentuk_pendidikan,status_sekolah,kecamatan,kode_kecamatan,kabupaten,kode_kabupaten,provinsi,kode_provinsi,jumlah_guru_ptk,jumlah_pegawai,jumlah_peserta_didik,jumlah_rombel,jumlah_ruang_kelas,jumlah_lab,jumlah_perpustakaan,jumlah_kirim_sinkron,sinkron_terakhir,sekolah_id_enkrip
SD NEGERI 1 ANGGARAKSA,50202930,SD,Negeri,Kec. Pringgabaya,230308,Kab. Lombok Timur,230300,Prov. Nusa Tenggara Barat,230000,12,3,175,9,9,0,0,22,26 Apr 2026 22:27:30,A2ADCB1BB563789E210C
SD NEGERI 1 APITAIK,50202958,SD,Negeri,Kec. Pringgabaya,230308,Kab. Lombok Timur,230300,Prov. Nusa Tenggara Barat,230000,12,3,254,11,13,0,1,15,27 Apr 2026 10:05:33,BD724BAFB8492C854DB3
SD NEGERI 1 BAGIK PAPAN,50202957,SD,Negeri,Kec. Pringgabaya,230308,Kab. Lombok Timur,230300,Prov. Nusa Tenggara Barat,230000,11,2,164,9,8,0,1,18,30 Apr 2026 12:47:55,D656F0AE187427DD2024
SD NEGERI 1 BATUYANG,50202954,SD,Negeri,Kec. Pringgabaya,230308,Kab. Lombok Timur,230300,Prov. Nusa Tenggara Barat,230000,10,1,175,8,6,0,1,16,22 Apr 2026 18:05:42,C09CB407B36FA3288CC0
SD NEGERI 1 GUNUNG MALANG,50202121,SD,Negeri,Kec. Pringgabaya,230308,Kab. Lombok Timur,230300,Prov. Nusa Tenggara Barat,230000,17,3,296,12,12,0,1,28,23 Apr 2026 16:24:14,23BA72899D978A7B85EA
SD NEGERI 1 KERUMUT,50203006,SD,Negeri,Kec. Pringgabaya,230308,Kab. Lombok Timur,230300,Prov. Nusa Tenggara Barat,230000,22,3,320,15,14,0,1,23,27 Apr 2026 07:52:01,2051A4920519B96CB21C
SD NEGERI 1 LABUHAN LOMBOK,50202297,SD,Negeri,Kec. Pringgabaya,230308,Kab. Lombok Timur,230300,Prov. Nusa Tenggara Barat,230000,19,2,479,15,14,0,1,52,01 May 2026 21:02:43,96EE852D053E53ABA150
SD NEGERI 1 POHGADING,50203051,SD,Negeri,Kec. Pringgabaya,230308,Kab. Lombok Timur,230300,Prov. Nusa Tenggara Barat,230000,16,2,316,12,8,0,0,11,04 Mar 2026 06:38:12,15744A94D5EC9C6F4B19
SD NEGERI 1 POHGADING TIMUR,50202321,SD,Negeri,Kec. Pringgabaya,230308,Kab. Lombok Timur,230300,Prov. Nusa Tenggara Barat,230000,16,1,261,12,6,0,0,30,22 Apr 2026 07:32:25,8DDF64E056D6F9163116
SD NEGERI 1 PRINGGABAYA,50203033,SD,Negeri,Kec. Pringgabaya,230308,Kab. Lombok Timur,230300,Prov. Nusa Tenggara Barat,230000,16,0,269,12,12,0,0,32,04 Mar 2026 09:34:07,9A69F38FE1C0406B1BBE
SD NEGERI 1 PRINGGABAYA UTARA,50202319,SD,Negeri,Kec. Pringgabaya,230308,Kab. Lombok Timur,230300,Prov. Nusa Tenggara Barat,230000,9,2,101,6,10,0,1,12,08 Apr 2026 07:45:02,4DAAA5960863FC110F77
SD NEGERI 1 SERUNI MUMBUL,50202925,SD,Negeri,Kec. Pringgabaya,230308,Kab. Lombok Timur,230300,Prov. Nusa Tenggara Barat,230000,23,4,433,17,9,0,0,27,16 Apr 2026 08:50:50,AD4ABA79F81837F43A80
SD NEGERI 1 TEKO,50202235,SD,Negeri,Kec. Pringgabaya,230308,Kab. Lombok Timur,230300,Prov. Nusa Tenggara Barat,230000,10,2,191,8,7,0,1,14,11 Apr 2026 10:18:16,9670690A7D64DE7193B0
SD NEGERI 1 TELAGA WARU,50202273,SD,Negeri,Kec. Pringgabaya,230308,Kab. Lombok Timur,230300,Prov. Nusa Tenggara Barat,230000,12,2,242,9,9,0,1,17,01 May 2026 15:29:08,9EA4109730510D795770
SD NEGERI 2 ANGGARAKSA,50202160,SD,Negeri,Kec. Pringgabaya,230308,Kab. Lombok Timur,230300,Prov. Nusa Tenggara Barat,230000,15,4,220,11,13,0,1,29,02 May 2026 11:00:43,A2CA49F47CB28D50A218
SD NEGERI 2 APITAIK,50202998,SD,Negeri,Kec. Pringgabaya,230308,Kab. Lombok Timur,230300,Prov. Nusa Tenggara Barat,230000,15,1,205,11,7,0,1,21,27 Apr 2026 09:49:28,38CCE22F491850CA83B1
SD NEGERI 2 Bagik Papan,50202997,SD,Negeri,Kec. Pringgabaya,230308,Kab. Lombok Timur,230300,Prov. Nusa Tenggara Barat,230000,11,2,228,9,10,0,1,12,03 Mar 2026 08:52:08,64A0FAFC647D02F6CB06
SD NEGERI 2 BATUYANG,50202994,SD,Negeri,Kec. Pringgabaya,230308,Kab. Lombok Timur,230300,Prov. Nusa Tenggara Barat,230000,9,3,80,6,6,0,0,15,27 Apr 2026 19:43:52,2BDDD31B32B77D297485
SD NEGERI 2 GUNUNG MALANG,50202188,SD,Negeri,Kec. Pringgabaya,230308,Kab. Lombok Timur,230300,Prov. Nusa Tenggara Barat,230000,14,5,270,12,10,0,1,26,23 Apr 2026 08:40:58,528C5E40C307AC757A9D
SD NEGERI 2 KERUMUT,50202361,SD,Negeri,Kec. Pringgabaya,230308,Kab. Lombok Timur,230300,Prov. Nusa Tenggara Barat,230000,12,1,194,9,6,1,1,19,24 Apr 2026 08:25:51,041045138F18193F7E07
SD NEGERI 2 LABUHAN LOMBOK,50202387,SD,Negeri,Kec. Pringgabaya,230308,Kab. Lombok Timur,230300,Prov. Nusa Tenggara Barat,230000,17,2,358,12,12,0,1,23,06 Apr 2026 07:56:32,72F3AB76E35A97703BA4
SD NEGERI 2 POHGADING,50202308,SD,Negeri,Kec. Pringgabaya,230308,Kab. Lombok Timur,230300,Prov. Nusa Tenggara Barat,230000,19,3,341,14,14,0,1,20,29 Apr 2026 07:30:56,B6C2FF8EF8F4BEF475CD
SD NEGERI 2 POHGADING TIMUR,50202533,SD,Negeri,Kec. Pringgabaya,230308,Kab. Lombok Timur,230300,Prov. Nusa Tenggara Barat,230000,17,0,238,12,7,0,0,37,02 May 2026 10:09:05,F12C9C783E3BF21B2E7D
SD NEGERI 2 PRINGGABAYA,50202307,SD,Negeri,Kec. Pringgabaya,230308,Kab. Lombok Timur,230300,Prov. Nusa Tenggara Barat,230000,10,2,207,11,6,0,1,60,28 Apr 2026 07:01:19,E5190CFA3E67284C49BA
SD NEGERI 2 PRINGGABAYA UTARA,50202532,SD,Negeri,Kec. Pringgabaya,230308,Kab. Lombok Timur,230300,Prov. Nusa Tenggara Barat,230000,9,1,184,7,6,0,1,25,20 Apr 2026 12:05:13,B586DF0A151FF15FEAAB
SD NEGERI 2 SERUNI MUMBUL,50202629,SD,Negeri,Kec. Pringgabaya,230308,Kab. Lombok Timur,230300,Prov. Nusa Tenggara Barat,230000,10,1,170,7,10,0,0,62,29 Apr 2026 18:04:47,23D12591BA9ECEC31016
SD NEGERI 2 TEKO,50202542,SD,Negeri,Kec. Pringgabaya,230308,Kab. Lombok Timur,230300,Prov. Nusa Tenggara Barat,230000,12,4,170,9,6,0,1,20,10 Apr 2026 07:58:28,7B8DFD5A1D955BD43A2C
SD NEGERI 3 APITAIK,50202274,SD,Negeri,Kec. Pringgabaya,230308,Kab. Lombok Timur,230300,Prov. Nusa Tenggara Barat,230000,13,3,298,11,7,0,1,15,28 Apr 2026 06:02:16,855AFF6DB3DDF7A17446
SD NEGERI 3 BAGIK PAPAN,50202147,SD,Negeri,Kec. Pringgabaya,230308,Kab. Lombok Timur,230300,Prov. Nusa Tenggara Barat,230000,13,1,178,9,6,0,2,30,27 Apr 2026 09:00:27,5ED4413C7ECA5C2732CC
SD NEGERI 3 BATUYANG,50202270,SD,Negeri,Kec. Pringgabaya,230308,Kab. Lombok Timur,230300,Prov. Nusa Tenggara Barat,230000,11,1,197,8,8,0,1,10,23 Apr 2026 20:58:27,10447D6D1237A0D3E967
SD NEGERI 3 LABUHAN LOMBOK,50202578,SD,Negeri,Kec. Pringgabaya,230308,Kab. Lombok Timur,230300,Prov. Nusa Tenggara Barat,230000,17,2,293,12,9,0,1,33,27 Apr 2026 10:32:42,D1C7F43E8B600CA48534
SD NEGERI 3 POHGADING,50202137,SD,Negeri,Kec. Pringgabaya,230308,Kab. Lombok Timur,230300,Prov. Nusa Tenggara Barat,230000,8,1,103,6,6,0,1,11,07 Apr 2026 08:23:00,D20473D2B9B84CD6A2AF
SD NEGERI 3 POHGADING TIMUR,50202591,SD,Negeri,Kec. Pringgabaya,230308,Kab. Lombok Timur,230300,Prov. Nusa Tenggara Barat,230000,8,1,123,6,6,0,0,13,15 Apr 2026 09:09:51,1A8E75F9EC48A71FB59A
SD NEGERI 3 PRINGGABAYA,50202135,SD,Negeri,Kec. Pringgabaya,230308,Kab. Lombok Timur,230300,Prov. Nusa Tenggara Barat,230000,19,4,418,16,12,0,2,16,28 Apr 2026 17:53:40,CB78FB615C72E51F403A
SD NEGERI 3 PRINGGABAYA UTARA,69755184,SD,Negeri,Kec. Pringgabaya,230308,Kab. Lombok Timur,230300,Prov. Nusa Tenggara Barat,230000,9,0,111,6,6,0,1,11,10 Feb 2026 10:18:03,81C82D4A759D10D19E94
SD NEGERI 3 SERUNI MUMBUL,50202608,SD,Negeri,Kec. Pringgabaya,230308,Kab. Lombok Timur,230300,Prov. Nusa Tenggara Barat,230000,14,1,234,10,14,0,1,11,29 Apr 2026 08:08:56,9432D1CF254C6A92126D
SD NEGERI 4 APITAIK,50202148,SD,Negeri,Kec. Pringgabaya,230308,Kab. Lombok Timur,230300,Prov. Nusa Tenggara Barat,230000,18,2,277,13,8,1,1,31,29 Apr 2026 12:10:08,62815CB397EF0820F005
SD NEGERI 4 BATUYANG,50202144,SD,Negeri,Kec. Pringgabaya,230308,Kab. Lombok Timur,230300,Prov. Nusa Tenggara Barat,230000,16,4,260,12,10,1,1,20,04 Apr 2026 07:30:13,5B4B66857335E4E89DC4
SD NEGERI 4 LABUHAN LOMBOK,50202598,SD,Negeri,Kec. Pringgabaya,230308,Kab. Lombok Timur,230300,Prov. Nusa Tenggara Barat,230000,10,4,182,8,8,0,1,20,11 Apr 2026 06:44:06,042955FCDD7699D2EF77
SD NEGERI 4 POHGADING,50202206,SD,Negeri,Kec. Pringgabaya,230308,Kab. Lombok Timur,230300,Prov. Nusa Tenggara Barat,230000,9,2,152,7,9,0,1,12,12 Apr 2026 18:54:07,19238192614118B32CA6
SD NEGERI 4 POHGADING TIMUR,50202453,SD,Negeri,Kec. Pringgabaya,230308,Kab. Lombok Timur,230300,Prov. Nusa Tenggara Barat,230000,8,3,116,6,6,0,0,10,03 Apr 2026 07:23:39,02089BE45493EE28A265
SD NEGERI 4 PRINGGABAYA,50202205,SD,Negeri,Kec. Pringgabaya,230308,Kab. Lombok Timur,230300,Prov. Nusa Tenggara Barat,230000,18,6,404,15,14,1,1,29,02 May 2026 07:20:26,15D00F15F93576C4E7D6
SD NEGERI 5 APITAIK,50202561,SD,Negeri,Kec. Pringgabaya,230308,Kab. Lombok Timur,230300,Prov. Nusa Tenggara Barat,230000,14,2,288,12,6,0,1,23,30 Apr 2026 09:37:39,03FA76BA1A7089BA8B32
SD NEGERI 5 BATUYANG,50202248,SD,Negeri,Kec. Pringgabaya,230308,Kab. Lombok Timur,230300,Prov. Nusa Tenggara Barat,230000,9,3,55,6,6,0,0,20,23 Apr 2026 07:32:59,6DB65D6E11568CBB97E8
SD NEGERI 5 POHGADING,50202637,SD,Negeri,Kec. Pringgabaya,230308,Kab. Lombok Timur,230300,Prov. Nusa Tenggara Barat,230000,8,1,55,6,6,0,0,28,27 Apr 2026 09:40:23,D4DC5D9B7D724FCAA268
SD NEGERI 5 PRINGGABAYA,50202638,SD,Negeri,Kec. Pringgabaya,230308,Kab. Lombok Timur,230300,Prov. Nusa Tenggara Barat,230000,8,1,102,6,6,0,0,12,31 Mar 2026 07:21:50,FDE4CEB67ABCDD2AD3FB
SD NEGERI 6 BATUYANG,50202559,SD,Negeri,Kec. Pringgabaya,230308,Kab. Lombok Timur,230300,Prov. Nusa Tenggara Barat,230000,10,1,156,7,7,0,0,23,17 Apr 2026 23:21:13,EC8648AEF0A5D10C105B
SD NEGERI 6 POHGADING,50202436,SD,Negeri,Kec. Pringgabaya,230308,Kab. Lombok Timur,230300,Prov. Nusa Tenggara Barat,230000,9,2,94,6,6,0,0,35,30 Apr 2026 17:05:30,61399F3419BD17D0D85D
SD NEGERI 6 PRINGGABAYA,50202605,SD,Negeri,Kec. Pringgabaya,230308,Kab. Lombok Timur,230300,Prov. Nusa Tenggara Barat,230000,16,1,256,12,6,0,0,26,08 Apr 2026 07:24:25,2D8A41C4FA231AF1428B
SD NEGERI 7 BATUYANG KAB. LOTIM,50202540,SD,Negeri,Kec. Pringgabaya,230308,Kab. Lombok Timur,230300,Prov. Nusa Tenggara Barat,230000,8,2,155,6,6,0,0,16,06 Apr 2026 04:48:51,CB68847666AC93DC97C6
SD NEGERI 7 PRINGGABAYA,50202435,SD,Negeri,Kec. Pringgabaya,230308,Kab. Lombok Timur,230300,Prov. Nusa Tenggara Barat,230000,8,2,148,6,6,1,1,25,20 Apr 2026 09:43:45,9FA830205D4B1E64D50E
SD NEGERI 8 PRINGGABAYA,50202452,SD,Negeri,Kec. Pringgabaya,230308,Kab. Lombok Timur,230300,Prov. Nusa Tenggara Barat,230000,8,2,134,6,6,0,0,18,30 Apr 2026 10:27:25,EF347D56E695D18DF5A3
SD ISLAM AL - HADLARAH NW,70026947,SD,Swasta,Kec. Pringgabaya,230308,Kab. Lombok Timur,230300,Prov. Nusa Tenggara Barat,230000,6,1,55,5,5,0,0,25,20 Mar 2026 12:31:27,E2196CADC8034D6EDDAB
SD ISLAM AL - ISHLAH PRINGGABAYA UTARA,69979829,SD,Swasta,Kec. Pringgabaya,230308,Kab. Lombok Timur,230300,Prov. Nusa Tenggara Barat,230000,22,1,208,9,10,0,0,24,30 Apr 2026 08:07:48,2F3968B68BFFDBFB2D63
SD Islam Darul Hikmah NW Pekosong,50220427,SD,Swasta,Kec. Pringgabaya,230308,Kab. Lombok Timur,230300,Prov. Nusa Tenggara Barat,230000,10,2,88,6,6,0,0,23,04 Apr 2026 15:39:25,585C18FB979A8B9A47DD
SD ISLAM KHAERUL UMMAH,70034153,SD,Swasta,Kec. Pringgabaya,230308,Kab. Lombok Timur,230300,Prov. Nusa Tenggara Barat,230000,10,1,43,5,5,1,2,20,06 Apr 2026 22:09:12,34649D99B910A545CA54
SD ISLAM TAHFIDZUL QURAN,69983880,SD,Swasta,Kec. Pringgabaya,230308,Kab. Lombok Timur,230300,Prov. Nusa Tenggara Barat,230000,13,1,214,10,6,0,1,6,27 Mar 2026 05:49:09,54F69FF4909F3A9620ED
SD ISLAM TERPADU AL HILAL,70041108,SD,Swasta,Kec. Pringgabaya,230308,Kab. Lombok Timur,230300,Prov. Nusa Tenggara Barat,230000,8,2,78,5,4,0,1,27,01 May 2026 15:45:15,2740430279174FAD57AA
SD IT MARAQITTALIMAT PRINGGABAYA UTARA,69757235,SD,Swasta,Kec. Pringgabaya,230308,Kab. Lombok Timur,230300,Prov. Nusa Tenggara Barat,230000,9,1,31,6,6,0,0,60,24 Apr 2026 12:38:10,563E74C200CF81197241
SD MUHAMMADIYAH PLUS POHGADING,70004893,SD,Swasta,Kec. Pringgabaya,230308,Kab. Lombok Timur,230300,Prov. Nusa Tenggara Barat,230000,8,2,102,6,3,0,0,20,09 Mar 2026 06:04:32,3EE1045C952FB59F5634
SDIT DHIYA UL BAHRI SERUNI MUMBUL PRINGGABAYA,69761888,SD,Swasta,Kec. Pringgabaya,230308,Kab. Lombok Timur,230300,Prov. Nusa Tenggara Barat,230000,16,1,247,9,6,0,0,49,25 Apr 2026 22:48:05,1AB04DF979C0972E709A
SDS ISLAM HAMZANWADI DASAN BARU,69786241,SD,Swasta,Kec. Pringgabaya,230308,Kab. Lombok Timur,230300,Prov. Nusa Tenggara Barat,230000,10,1,99,6,6,0,0,19,16 Apr 2026 11:27:01,AED7FF2E7D4276B95B4A
SMP NEGERI 1 PRINGGABAYA,50202519,SMP,Negeri,Kec. Pringgabaya,230308,Kab. Lombok Timur,230300,Prov. Nusa Tenggara Barat,230000,65,13,1138,33,33,4,1,19,29 Apr 2026 07:52:09,BE10188E14794211F7B8
SMP NEGERI 2 PRINGGABAYA,50202469,SMP,Negeri,Kec. Pringgabaya,230308,Kab. Lombok Timur,230300,Prov. Nusa Tenggara Barat,230000,47,16,673,21,19,1,1,27,25 Apr 2026 09:00:01,065D370782626C3AF8D7
SMP NEGERI 3 PRINGGABAYA,50202484,SMP,Negeri,Kec. Pringgabaya,230308,Kab. Lombok Timur,230300,Prov. Nusa Tenggara Barat,230000,61,10,812,25,25,4,1,25,09 Apr 2026 13:43:35,8161308576C52D3231E4
SMP NEGERI 4 PRINGGABAYA,50205649,SMP,Negeri,Kec. Pringgabaya,230308,Kab. Lombok Timur,230300,Prov. Nusa Tenggara Barat,230000,43,6,348,12,12,2,1,24,24 Apr 2026 07:31:03,CED8C9F37830AB3076A5
SMP NEGERI 5 PRINGGABAYA,50202476,SMP,Negeri,Kec. Pringgabaya,230308,Kab. Lombok Timur,230300,Prov. Nusa Tenggara Barat,230000,18,4,205,8,12,1,1,31,28 Apr 2026 11:43:20,FBA7DB47CB2528D60C02
SMP NEGERI 6 PRINGGABAYA,50220630,SMP,Negeri,Kec. Pringgabaya,230308,Kab. Lombok Timur,230300,Prov. Nusa Tenggara Barat,230000,15,2,128,5,5,1,1,62,23 Apr 2026 07:38:20,4514D9EB61D455F90E97
SMP NEGERI SATU ATAP 1 PRINGGABAYA,50220302,SMP,Negeri,Kec. Pringgabaya,230308,Kab. Lombok Timur,230300,Prov. Nusa Tenggara Barat,230000,13,1,58,3,3,1,1,21,23 Apr 2026 08:14:13,714A7DEF41EE271AF4D4
SMP NEGERI SATU ATAP 2 PRINGGABAYA,69761890,SMP,Negeri,Kec. Pringgabaya,230308,Kab. Lombok Timur,230300,Prov. Nusa Tenggara Barat,230000,15,0,31,3,3,0,1,50,24 Apr 2026 10:02:17,9EA38C2603E1A0C36454
SMP NEGERI SATU ATAP 3 PRINGGABAYA,69761889,SMP,Negeri,Kec. Pringgabaya,230308,Kab. Lombok Timur,230300,Prov. Nusa Tenggara Barat,230000,22,2,122,6,6,1,1,44,24 Apr 2026 17:22:44,41447A938EC755B5E5DF
SMP DARUSSALAM NW,69985462,SMP,Swasta,Kec. Pringgabaya,230308,Kab. Lombok Timur,230300,Prov. Nusa Tenggara Barat,230000,14,1,81,3,3,0,1,52,23 Apr 2026 09:55:54,5F6843F69FD1B39BB1FA
SMP ISLAM AL - ISHLAH PRINGGABAYA,70054613,SMP,Swasta,Kec. Pringgabaya,230308,Kab. Lombok Timur,230300,Prov. Nusa Tenggara Barat,230000,2,1,25,3,3,0,0,5,09 Feb 2026 08:12:25,AC6CEC1F43950EBAAA3E
SMP ISLAM AL-IKHLAS NW POHGADING,50219966,SMP,Swasta,Kec. Pringgabaya,230308,Kab. Lombok Timur,230300,Prov. Nusa Tenggara Barat,230000,11,1,107,5,7,2,1,23,27 Apr 2026 09:56:30,5D9AABEF4D5810B83CCD
SMP ISLAM NURUL-ILHAM BAGEK GAET,69862593,SMP,Swasta,Kec. Pringgabaya,230308,Kab. Lombok Timur,230300,Prov. Nusa Tenggara Barat,230000,16,1,113,6,3,2,1,68,12 Apr 2026 21:33:23,BC68D7026A872100A535
SMP ISLAM NW PERMATAN,69788254,SMP,Swasta,Kec. Pringgabaya,230308,Kab. Lombok Timur,230300,Prov. Nusa Tenggara Barat,230000,8,1,85,4,3,1,1,19,07 Apr 2026 00:46:44,A5E701DEA7CAE52FC0C2
SMP ISLAM TAHFIZHUL QURAN MIFTAHUL KHAER,69979390,SMP,Swasta,Kec. Pringgabaya,230308,Kab. Lombok Timur,230300,Prov. Nusa Tenggara Barat,230000,10,1,26,3,3,0,1,21,30 Mar 2026 20:11:11,A4A88265CCD2722ED140
SMP Islam Terpadu Al-Chalil,69755191,SMP,Swasta,Kec. Pringgabaya,230308,Kab. Lombok Timur,230300,Prov. Nusa Tenggara Barat,230000,8,1,48,3,3,1,1,62,02 May 2026 08:26:51,8BF67C657BAB292E6276
SMP ISLAM TERPADU LUQMAN AL-HAKIM,70036205,SMP,Swasta,Kec. Pringgabaya,230308,Kab. Lombok Timur,230300,Prov. Nusa Tenggara Barat,230000,14,1,74,3,3,0,0,51,22 Apr 2026 10:19:40,E83E619631931056E3E3
SMP ISLAM TERPADU NW TEKO,69987454,SMP,Swasta,Kec. Pringgabaya,230308,Kab. Lombok Timur,230300,Prov. Nusa Tenggara Barat,230000,16,1,154,6,6,2,1,17,23 Apr 2026 09:52:36,F8D5975FCE104DD169BB
SMP ISLAM TERPADU YASNUHU NW PRINGGABAYA,69955484,SMP,Swasta,Kec. Pringgabaya,230308,Kab. Lombok Timur,230300,Prov. Nusa Tenggara Barat,230000,15,2,139,6,3,1,0,13,23 Feb 2026 09:32:47,B0592175BA97C376B972
SMP IT ARIFFILLAH PRINGGABAYA,70058114,SMP,Swasta,Kec. Pringgabaya,230308,Kab. Lombok Timur,230300,Prov. Nusa Tenggara Barat,230000,9,2,26,2,3,0,0,19,22 Apr 2026 10:43:06,8252DA3F44374603F61A
SMP IT DHIYA UL ISLAM SERUNI MUMBUL,69994896,SMP,Swasta,Kec. Pringgabaya,230308,Kab. Lombok Timur,230300,Prov. Nusa Tenggara Barat,230000,9,2,80,3,3,0,2,57,03 Apr 2026 19:49:47,8F8CD85B2A33B9B06D2E
SMP IT NW BENYER,70052463,SMP,Swasta,Kec. Pringgabaya,230308,Kab. Lombok Timur,230300,Prov. Nusa Tenggara Barat,230000,4,1,28,2,2,0,0,13,10 Feb 2026 05:20:08,2E35DBA090AB4930E07D
SMP IT TAHZIBUL AKHLAK NW,70055150,SMP,Swasta,Kec. Pringgabaya,230308,Kab. Lombok Timur,230300,Prov. Nusa Tenggara Barat,230000,12,2,25,3,3,0,0,23,09 Apr 2026 02:49:49,0908E33F511EA97F9E51
SMP MARAQITTALIMAT PRINGGABAYA UTARA,69787730,SMP,Swasta,Kec. Pringgabaya,230308,Kab. Lombok Timur,230300,Prov. Nusa Tenggara Barat,230000,10,1,47,3,3,1,1,26,16 Apr 2026 16:32:18,0611A5473C8919F4D64C
SMP Muhammadiyah Pohgading,69787732,SMP,Swasta,Kec. Pringgabaya,230308,Kab. Lombok Timur,230300,Prov. Nusa Tenggara Barat,230000,9,2,119,5,2,2,1,19,08 Apr 2026 09:06:29,8CA5AE69558C6C819C09
SMP NW MENANGA BARIS,50220017,SMP,Swasta,Kec. Pringgabaya,230308,Kab. Lombok Timur,230300,Prov. Nusa Tenggara Barat,230000,7,2,74,3,3,1,1,7,21 Apr 2026 20:11:13,FAE80766B16E11A001F7
SMPS Islam Islhul Ummah NW Anggaraksa,69774707,SMP,Swasta,Kec. Pringgabaya,230308,Kab. Lombok Timur,230300,Prov. Nusa Tenggara Barat,230000,11,1,91,4,3,1,1,26,20 Apr 2026 22:38:11,DD04700D0E6D126FB65E
SMAN 1 PRINGGABAYA,50202411,SMA,Negeri,Kec. Pringgabaya,230308,Kab. Lombok Timur,230300,Prov. Nusa Tenggara Barat,230000,85,14,1278,36,32,4,1,34,28 Apr 2026 09:25:44,6C891DCA9F4751851743
SMA ISLAM MARAQITTALIMAT PRINGGABAYA,69985140,SMA,Swasta,Kec. Pringgabaya,230308,Kab. Lombok Timur,230300,Prov. Nusa Tenggara Barat,230000,10,1,62,3,3,1,1,19,17 Apr 2026 07:38:25,0F76790E4BD858790A5F
SMA ISLAM PLUS AL-IKHLAS NW POHGADING,69987169,SMA,Swasta,Kec. Pringgabaya,230308,Kab. Lombok Timur,230300,Prov. Nusa Tenggara Barat,230000,15,2,113,5,5,2,1,29,06 Apr 2026 21:33:14,EB823EDC8ACA9D47FF0A
SMA ISLAM PLUS NW TEKO,70031155,SMA,Swasta,Kec. Pringgabaya,230308,Kab. Lombok Timur,230300,Prov. Nusa Tenggara Barat,230000,10,2,110,4,1,2,1,23,27 Apr 2026 11:11:07,3BE948360666DC0E6BE0
SMAS MUHAMMADIYAH POHGADING,50219588,SMA,Swasta,Kec. Pringgabaya,230308,Kab. Lombok Timur,230300,Prov. Nusa Tenggara Barat,230000,14,2,183,6,7,2,1,26,30 Apr 2026 07:29:23,B04DD9D91FB504426D4F
SMAS NW PERMATAN,50205637,SMA,Swasta,Kec. Pringgabaya,230308,Kab. Lombok Timur,230300,Prov. Nusa Tenggara Barat,230000,10,1,164,6,3,1,1,45,27 Apr 2026 07:47:46,8090A02FB1DDCC2798EA
SMAS NW PRINGGABAYA,50219586,SMA,Swasta,Kec. Pringgabaya,230308,Kab. Lombok Timur,230300,Prov. Nusa Tenggara Barat,230000,14,3,84,4,3,1,1,18,01 May 2026 07:56:50,477F158A0B9BF5A18AAA
SMKN 1 PRINGGABAYA,50205626,SMK,Negeri,Kec. Pringgabaya,230308,Kab. Lombok Timur,230300,Prov. Nusa Tenggara Barat,230000,113,29,1806,59,33,0,1,173,02 May 2026 11:09:14,F008DADDEC5013E301FF
SMK AS-SYAIKHU,69974574,SMK,Swasta,Kec. Pringgabaya,230308,Kab. Lombok Timur,230300,Prov. Nusa Tenggara Barat,230000,23,2,155,6,8,1,1,39,01 May 2026 14:52:07,171ABDF2CFD1967EA22F
SMK ISLAM ISLAHUL UMMAH NW ANGGARAKSA,69974578,SMK,Swasta,Kec. Pringgabaya,230308,Kab. Lombok Timur,230300,Prov. Nusa Tenggara Barat,230000,12,1,124,5,4,0,0,36,20 Apr 2026 21:25:03,3FF24B5070E29B90CA8E
SMK ISLAM TERPADU JANNATUL HAZNI,69893900,SMK,Swasta,Kec. Pringgabaya,230308,Kab. Lombok Timur,230300,Prov. Nusa Tenggara Barat,230000,12,2,70,3,3,0,0,13,26 Mar 2026 11:07:02,A075C91C087524530621
SMK ISLAM YASNUHU PRINGGABAYA,69873699,SMK,Swasta,Kec. Pringgabaya,230308,Kab. Lombok Timur,230300,Prov. Nusa Tenggara Barat,230000,25,1,248,12,10,0,1,23,30 Apr 2026 09:58:15,EDAEBC14B64A400318F0
SMK IT LUQMAN AL HAKIM POHGADING,70052052,SMK,Swasta,Kec. Pringgabaya,230308,Kab. Lombok Timur,230300,Prov. Nusa Tenggara Barat,230000,9,1,26,2,6,0,0,22,29 Apr 2026 23:32:27,CE7EC3BDE50CE15EB156
SMK IT YASRUN NW TEKO,70015259,SMK,Swasta,Kec. Pringgabaya,230308,Kab. Lombok Timur,230300,Prov. Nusa Tenggara Barat,230000,11,1,40,3,3,1,1,38,15 Apr 2026 18:53:19,8FDA108713EA5FD4F771
SMKS KESEHATAN HAMZAR MT PRINGGABAYA,50220651,SMK,Swasta,Kec. Pringgabaya,230308,Kab. Lombok Timur,230300,Prov. Nusa Tenggara Barat,230000,23,1,83,3,3,1,1,9,10 Apr 2026 16:01:31,E996AD1775E4B9ED1D15
SD NEGERI 1 DANGER,50202968,SD,Negeri,Kec. Masbagik,230305,Kab. Lombok Timur,230300,Prov. Nusa Tenggara Barat,230000,8,2,186,6,6,0,0,17,23 Apr 2026 08:05:31,9A128936CB75D787D92D
SD NEGERI 1 KESIK,50219360,SD,Negeri,Kec. Masbagik,230305,Kab. Lombok Timur,230300,Prov. Nusa Tenggara Barat,230000,8,0,147,6,6,0,1,13,08 Apr 2026 07:28:48,054016A2E1DF85CBF07A
SD NEGERI 1 KUMBANG,50202991,SD,Negeri,Kec. Masbagik,230305,Kab. Lombok Timur,230300,Prov. Nusa Tenggara Barat,230000,8,0,130,6,6,0,0,32,15 Apr 2026 14:45:58,509661DC92B037494040
SD NEGERI 1 LENDANG NANGKA,50202924,SD,Negeri,Kec. Masbagik,230305,Kab. Lombok Timur,230300,Prov. Nusa Tenggara Barat,230000,9,3,181,7,6,0,2,6,14 Apr 2026 04:59:52,4CADAF524E85884FEA20
SD NEGERI 1 LENDANG NANGKA UTARA,50202296,SD,Negeri,Kec. Masbagik,230305,Kab. Lombok Timur,230300,Prov. Nusa Tenggara Barat,230000,9,2,213,7,6,0,0,18,09 Apr 2026 18:17:33,72114169E0EB39C57E73
SD NEGERI 1 MASBAGIK SELATAN,50202947,SD,Negeri,Kec. Masbagik,230305,Kab. Lombok Timur,230300,Prov. Nusa Tenggara Barat,230000,8,1,87,6,7,0,1,39,02 Apr 2026 09:23:29,0C5F57B101813C4341A2
SD NEGERI 1 MASBAGIK TIMUR,50205705,SD,Negeri,Kec. Masbagik,230305,Kab. Lombok Timur,230300,Prov. Nusa Tenggara Barat,230000,12,2,220,10,10,0,0,12,21 Apr 2026 10:35:30,E4679D263EE53D7C4975
SD NEGERI 1 MASBAGIK UTARA,50202948,SD,Negeri,Kec. Masbagik,230305,Kab. Lombok Timur,230300,Prov. Nusa Tenggara Barat,230000,9,0,161,7,8,0,1,20,24 Apr 2026 08:36:50,71BBB1554D8769563EB6
SD NEGERI 1 MASBAGIK UTARA BARU,50202179,SD,Negeri,Kec. Masbagik,230305,Kab. Lombok Timur,230300,Prov. Nusa Tenggara Barat,230000,17,3,359,13,7,0,1,9,27 Apr 2026 10:29:05,3BBBBA37A73C1C50D359
SD NEGERI 1 PAOKMOTONG,50202941,SD,Negeri,Kec. Masbagik,230305,Kab. Lombok Timur,230300,Prov. Nusa Tenggara Barat,230000,11,2,169,8,8,0,1,11,25 Mar 2026 11:24:30,6E7D538F6BA97860D9BC
SD NEGERI 2 DANGER,50202159,SD,Negeri,Kec. Masbagik,230305,Kab. Lombok Timur,230300,Prov. Nusa Tenggara Barat,230000,15,2,242,11,11,1,1,38,22 Apr 2026 22:11:13,DFFEE7059DBCCD04CDD7
SD NEGERI 2 KESIK,50203004,SD,Negeri,Kec. Masbagik,230305,Kab. Lombok Timur,230300,Prov. Nusa Tenggara Barat,230000,8,1,190,6,7,0,1,15,28 Apr 2026 10:51:31,C6D112E4C1D78AA56DEF
SD NEGERI 2 KUMBANG,50202251,SD,Negeri,Kec. Masbagik,230305,Kab. Lombok Timur,230300,Prov. Nusa Tenggara Barat,230000,18,2,308,13,7,0,1,30,24 Apr 2026 05:19:52,F7B5CD0789D5D85389A6
SD NEGERI 2 LENDANG NANGKA,50202386,SD,Negeri,Kec. Masbagik,230305,Kab. Lombok Timur,230300,Prov. Nusa Tenggara Barat,230000,10,3,74,6,7,0,0,19,17 Apr 2026 09:23:49,DA4A9D0C17E0C3E9F343
SD NEGERI 2 LENDANG NANGKA UTARA,50202187,SD,Negeri,Kec. Masbagik,230305,Kab. Lombok Timur,230300,Prov. Nusa Tenggara Barat,230000,11,2,196,8,9,0,0,14,27 Apr 2026 07:41:45,375ECAEB22AB0D9B4C7F
SD NEGERI 2 MASBAGIK SELATAN,50202288,SD,Negeri,Kec. Masbagik,230305,Kab. Lombok Timur,230300,Prov. Nusa Tenggara Barat,230000,21,3,371,16,16,0,1,21,29 Apr 2026 09:28:22,11086B0D15008CA1A3D1
SD NEGERI 2 MASBAGIK TIMUR,50219358,SD,Negeri,Kec. Masbagik,230305,Kab. Lombok Timur,230300,Prov. Nusa Tenggara Barat,230000,11,0,173,7,8,0,1,14,15 Apr 2026 14:12:21,4BF2B883EAC69F1CD03F
SD NEGERI 2 MASBAGIK UTARA,50205703,SD,Negeri,Kec. Masbagik,230305,Kab. Lombok Timur,230300,Prov. Nusa Tenggara Barat,230000,15,1,207,10,13,0,1,42,01 May 2026 19:40:29,E73C6602290CB234E31A
SD NEGERI 2 PAOKMOTONG,50202299,SD,Negeri,Kec. Masbagik,230305,Kab. Lombok Timur,230300,Prov. Nusa Tenggara Barat,230000,16,2,320,12,12,0,1,23,13 Apr 2026 10:44:06,6AFE1AC321E8261E1FB4
SD NEGERI 3 DANGER,50202245,SD,Negeri,Kec. Masbagik,230305,Kab. Lombok Timur,230300,Prov. Nusa Tenggara Barat,230000,13,2,246,10,10,1,2,5,06 Mar 2026 22:45:46,3112B887B349F4731E6A
SD NEGERI 3 KESIK,50202374,SD,Negeri,Kec. Masbagik,230305,Kab. Lombok Timur,230300,Prov. Nusa Tenggara Barat,230000,16,4,321,13,13,0,1,18,13 Apr 2026 22:05:30,A6FE3A4D5616C1270498
SD NEGERI 3 LENDANG NANGKA,50202120,SD,Negeri,Kec. Masbagik,230305,Kab. Lombok Timur,230300,Prov. Nusa Tenggara Barat,230000,14,2,273,11,12,1,1,16,23 Apr 2026 09:34:40,54A5D7A0364C64CC1CF0
SD NEGERI 3 LENDANG NANGKA UTARA,50202577,SD,Negeri,Kec. Masbagik,230305,Kab. Lombok Timur,230300,Prov. Nusa Tenggara Barat,230000,8,1,161,6,6,0,0,13,03 Apr 2026 07:55:53,549EE191C3417A27B95F
SD NEGERI 3 MASBAGIK SELATAN,50202379,SD,Negeri,Kec. Masbagik,230305,Kab. Lombok Timur,230300,Prov. Nusa Tenggara Barat,230000,16,1,231,11,13,0,1,36,14 Apr 2026 09:16:16,1757BF4EDEB3C557D5A0
SD NEGERI 3 MASBAGIK TIMUR,50202378,SD,Negeri,Kec. Masbagik,230305,Kab. Lombok Timur,230300,Prov. Nusa Tenggara Barat,230000,9,2,194,7,7,0,1,8,06 Mar 2026 09:09:45,3131D3CCECD5BEDB803A
SD NEGERI 3 MASBAGIK UTARA,50202113,SD,Negeri,Kec. Masbagik,230305,Kab. Lombok Timur,230300,Prov. Nusa Tenggara Barat,230000,17,2,267,12,9,1,1,17,24 Apr 2026 08:17:56,10D3AC4B271E4ECAD8C7
SD NEGERI 3 PAOK MOTONG,50202328,SD,Negeri,Kec. Masbagik,230305,Kab. Lombok Timur,230300,Prov. Nusa Tenggara Barat,230000,16,3,290,12,10,0,0,26,28 Apr 2026 09:13:28,6EF4ABF76CBDF5529FC1
SD NEGERI 4 DANGER,50202557,SD,Negeri,Kec. Masbagik,230305,Kab. Lombok Timur,230300,Prov. Nusa Tenggara Barat,230000,26,3,440,18,11,0,0,33,13 Apr 2026 07:51:43,1E0E4AB590588E755391
SD NEGERI 4 KESIK,50202143,SD,Negeri,Kec. Masbagik,230305,Kab. Lombok Timur,230300,Prov. Nusa Tenggara Barat,230000,8,1,138,7,7,1,1,14,11 Apr 2026 08:44:06,773F82F8CC26AD20BAFC
SD NEGERI 4 LENDANG NANGKA,50202597,SD,Negeri,Kec. Masbagik,230305,Kab. Lombok Timur,230300,Prov. Nusa Tenggara Barat,230000,8,1,129,6,6,0,0,25,16 Apr 2026 10:55:21,DD075C34CF6AE154B313
SD NEGERI 4 LENDANG NANGKA UTARA,50202628,SD,Negeri,Kec. Masbagik,230305,Kab. Lombok Timur,230300,Prov. Nusa Tenggara Barat,230000,13,2,272,11,11,0,0,8,10 Apr 2026 12:34:58,BA32E6B2AA890A33FE4B
SD NEGERI 4 MASBAGIK SELATAN,50205704,SD,Negeri,Kec. Masbagik,230305,Kab. Lombok Timur,230300,Prov. Nusa Tenggara Barat,230000,16,2,318,12,12,0,1,28,08 Apr 2026 07:41:02,B80AF321A60C275E5184
SD NEGERI 4 MASBAGIK TIMUR,50202112,SD,Negeri,Kec. Masbagik,230305,Kab. Lombok Timur,230300,Prov. Nusa Tenggara Barat,230000,11,0,199,8,8,1,1,55,17 Apr 2026 07:49:40,99879CB17364809EF6BA
SD NEGERI 4 MASBAGIK UTARA,50202595,SD,Negeri,Kec. Masbagik,230305,Kab. Lombok Timur,230300,Prov. Nusa Tenggara Barat,230000,15,2,281,12,6,0,1,27,02 May 2026 07:58:32,46FEFCE3069DAA4FB38C
SD NEGERI 4 PAOK MOTONG,50219351,SD,Negeri,Kec. Masbagik,230305,Kab. Lombok Timur,230300,Prov. Nusa Tenggara Barat,230000,10,2,133,6,6,0,0,27,02 Apr 2026 13:30:27,BE7A47E5358C65563707
SD NEGERI 5 DANGER,50202589,SD,Negeri,Kec. Masbagik,230305,Kab. Lombok Timur,230300,Prov. Nusa Tenggara Barat,230000,12,2,219,9,9,0,0,34,08 Apr 2026 19:57:52,2941A91EE7A8BEA99E49
SD NEGERI 5 LENDANG NANGKA,50202607,SD,Negeri,Kec. Masbagik,230305,Kab. Lombok Timur,230300,Prov. Nusa Tenggara Barat,230000,11,3,187,9,7,0,0,30,21 Apr 2026 11:44:30,0316207869EC9885717E
SD NEGERI 5 LENDANG NANGKA UTARA,50202439,SD,Negeri,Kec. Masbagik,230305,Kab. Lombok Timur,230300,Prov. Nusa Tenggara Barat,230000,13,1,246,10,10,0,0,17,14 Apr 2026 09:32:39,323E40C273201B32DE35
SD NEGERI 5 MASBAGIK SELATAN,50202180,SD,Negeri,Kec. Masbagik,230305,Kab. Lombok Timur,230300,Prov. Nusa Tenggara Barat,230000,10,2,222,9,9,0,0,15,07 Apr 2026 19:28:19,EFE7DFCC9624A5A7DA3F
SD NEGERI 5 MASBAGIK UTARA,50202590,SD,Negeri,Kec. Masbagik,230305,Kab. Lombok Timur,230300,Prov. Nusa Tenggara Barat,230000,11,1,289,10,8,0,0,19,04 Mar 2026 10:34:14,9980E7E3D4BC18E0E530
SD NEGERI 5 PAOKMOTONG,50219359,SD,Negeri,Kec. Masbagik,230305,Kab. Lombok Timur,230300,Prov. Nusa Tenggara Barat,230000,9,1,80,6,6,0,1,9,14 Apr 2026 05:11:27,6F47229EEB4D2592059B
SD NEGERI 6 MASBAGIK SELATAN,50202554,SD,Negeri,Kec. Masbagik,230305,Kab. Lombok Timur,230300,Prov. Nusa Tenggara Barat,230000,10,0,205,8,8,0,1,23,12 Apr 2026 18:18:58,93ACBBDA554C1970D30F
SD NEGERI 6 MASBAGIK UTARA,50202537,SD,Negeri,Kec. Masbagik,230305,Kab. Lombok Timur,230300,Prov. Nusa Tenggara Barat,230000,17,3,280,12,12,0,0,19,11 Apr 2026 05:27:15,145C00A7789DF23B8329
SD I YADINU MASBAGIK,50220779,SD,Swasta,Kec. Masbagik,230305,Kab. Lombok Timur,230300,Prov. Nusa Tenggara Barat,230000,15,2,149,9,9,0,1,32,28 Apr 2026 20:57:46,26BAA2240FE1D56DE80F
SD ISLAM AL ABROR KESIK,50205706,SD,Swasta,Kec. Masbagik,230305,Kab. Lombok Timur,230300,Prov. Nusa Tenggara Barat,230000,8,1,59,6,6,0,0,10,27 Apr 2026 09:09:55,FDBDB8F1F0FBBD2CDF3F
SD ISLAM AL MASYHURI NW DAMARATA,50205707,SD,Swasta,Kec. Masbagik,230305,Kab. Lombok Timur,230300,Prov. Nusa Tenggara Barat,230000,8,1,63,6,6,0,1,15,15 Apr 2026 06:53:00,B23AE637B37B8FAD72D7
SD ISLAM AN NUR SEJATI SANGIANG,69948303,SD,Swasta,Kec. Masbagik,230305,Kab. Lombok Timur,230300,Prov. Nusa Tenggara Barat,230000,7,1,79,6,6,0,0,12,06 Feb 2026 22:24:05,707269CB27F087BF18FB
SD ISLAM NAHDLATUL WATHAN ANAK DUI,69831532,SD,Swasta,Kec. Masbagik,230305,Kab. Lombok Timur,230300,Prov. Nusa Tenggara Barat,230000,8,1,58,6,6,0,0,18,02 May 2026 07:04:36,5AF5DEDD64FB8266667A
SD ISLAM NW BENGKAUNG,69755196,SD,Swasta,Kec. Masbagik,230305,Kab. Lombok Timur,230300,Prov. Nusa Tenggara Barat,230000,9,1,153,7,6,0,0,17,24 Apr 2026 18:35:40,8B0A5BCC6AD0DA71255F
SD ISLAM TERPADU AHMAD ARRUMY,70028168,SD,Swasta,Kec. Masbagik,230305,Kab. Lombok Timur,230300,Prov. Nusa Tenggara Barat,230000,6,2,55,5,5,0,0,56,26 Apr 2026 04:59:08,B21A490F7CDA4F9E5FF1
SD ISLAM TERPADU DAARUSSYAHADAH NW MASBAGIK,69958494,SD,Swasta,Kec. Masbagik,230305,Kab. Lombok Timur,230300,Prov. Nusa Tenggara Barat,230000,11,1,101,6,6,0,0,7,15 Apr 2026 22:43:27,5D73229C7A029AFD9FF2
SD ISLAM ZAINUL HASAN NW,70056947,SD,Swasta,Kec. Masbagik,230305,Kab. Lombok Timur,230300,Prov. Nusa Tenggara Barat,230000,1,4,4,1,1,0,0,16,28 Apr 2026 12:35:22,FCB47CDE910EC3B59A51
SD IT DHIYA UL FALAH,70043280,SD,Swasta,Kec. Masbagik,230305,Kab. Lombok Timur,230300,Prov. Nusa Tenggara Barat,230000,4,2,68,3,3,0,0,7,09 Apr 2026 08:12:43,F1D05EC1743F3B2F8E2F
SD IT Halimatussa diyah NW Lendang Nangka,70052725,SD,Swasta,Kec. Masbagik,230305,Kab. Lombok Timur,230300,Prov. Nusa Tenggara Barat,230000,7,1,22,2,2,0,1,10,25 Apr 2026 06:39:32,4E3CF527B3942797345B
SD IT NWDI BOROK LELET,70061446,SD,Swasta,Kec. Masbagik,230305,Kab. Lombok Timur,230300,Prov. Nusa Tenggara Barat,230000,3,1,0,0,0,0,0,0,17 Apr 2026 09:16:47,4B8009E5ED672AEBE640
SDS ISLAM QIBLATUL MUSTAQIM,69761891,SD,Swasta,Kec. Masbagik,230305,Kab. Lombok Timur,230300,Prov. Nusa Tenggara Barat,230000,10,2,46,6,6,1,1,11,25 Apr 2026 12:09:35,DB96AF25F8622118D2AF
SMP NEGERI 1 MASBAGIK,50202521,SMP,Negeri,Kec. Masbagik,230305,Kab. Lombok Timur,230300,Prov. Nusa Tenggara Barat,230000,58,14,914,29,30,3,1,33,01 May 2026 10:06:09,C47A010F93A7F7582D57
SMP NEGERI 2 MASBAGIK,50202471,SMP,Negeri,Kec. Masbagik,230305,Kab. Lombok Timur,230300,Prov. Nusa Tenggara Barat,230000,40,6,560,17,19,2,1,35,29 Apr 2026 07:02:28,DB8CB7ACD444DCF57C38
SMP NEGERI 3 MASBAGIK,50202485,SMP,Negeri,Kec. Masbagik,230305,Kab. Lombok Timur,230300,Prov. Nusa Tenggara Barat,230000,31,6,492,16,16,2,0,40,18 Apr 2026 08:10:51,6807F53C0F9BFEF355A5
SMP NEGERI 4 MASBAGIK,50205650,SMP,Negeri,Kec. Masbagik,230305,Kab. Lombok Timur,230300,Prov. Nusa Tenggara Barat,230000,20,5,185,7,7,1,1,39,23 Apr 2026 08:52:06,8D1912079D9D19557E0E
SMP NEGERI 5 MASBAGIK,50219635,SMP,Negeri,Kec. Masbagik,230305,Kab. Lombok Timur,230300,Prov. Nusa Tenggara Barat,230000,37,8,519,15,15,2,1,52,02 May 2026 10:00:29,AE78F8CA235FF7CDFEE9
SMP NEGERI 6 MASBAGIK,69946550,SMP,Negeri,Kec. Masbagik,230305,Kab. Lombok Timur,230300,Prov. Nusa Tenggara Barat,230000,24,3,242,9,9,1,2,28,04 Apr 2026 08:42:53,182C5685BB626FB0C4FD
SMP DARUL ITQON,70057439,SMP,Swasta,Kec. Masbagik,230305,Kab. Lombok Timur,230300,Prov. Nusa Tenggara Barat,230000,0,0,0,0,0,0,0,0,,8730BEF8746DCBC205A5
SMP ISLAM AL ABROR KESIK,50205645,SMP,Swasta,Kec. Masbagik,230305,Kab. Lombok Timur,230300,Prov. Nusa Tenggara Barat,230000,6,1,20,3,9,2,1,13,27 Apr 2026 09:29:32,C03988373B29A09B6CAF
SMP ISLAM AL MADINATUL ISLAMIYAH RUMENENG,70038308,SMP,Swasta,Kec. Masbagik,230305,Kab. Lombok Timur,230300,Prov. Nusa Tenggara Barat,230000,6,1,14,3,3,0,0,11,28 Apr 2026 09:11:08,364D8D06E3C8E963CB17
SMP ISLAM ANNUR SEJATI NW SANGIANG,70011307,SMP,Swasta,Kec. Masbagik,230305,Kab. Lombok Timur,230300,Prov. Nusa Tenggara Barat,230000,9,1,21,3,3,0,0,22,15 Apr 2026 08:03:43,65868C0860EDD7FFDB9B
SMP ISLAM ASSAGGAF NW BENGKAUNG,70041840,SMP,Swasta,Kec. Masbagik,230305,Kab. Lombok Timur,230300,Prov. Nusa Tenggara Barat,230000,9,1,26,3,1,1,1,31,20 Apr 2026 08:22:10,E2CAA32409B08B5B01DC
SMP ISLAM FADHILATUL HASANAH,69755180,SMP,Swasta,Kec. Masbagik,230305,Kab. Lombok Timur,230300,Prov. Nusa Tenggara Barat,230000,6,1,21,3,3,1,1,29,27 Apr 2026 10:45:50,C1C82203B6F14329B63F
SMP ISLAM NW KUMBUNG,50219380,SMP,Swasta,Kec. Masbagik,230305,Kab. Lombok Timur,230300,Prov. Nusa Tenggara Barat,230000,9,1,79,3,3,1,1,67,02 Apr 2026 22:31:55,6E72C5A6871FC5BD4402
SMP ISLAM TERPADU DAARUSSYAHADAH NW MASBAGIK,69958524,SMP,Swasta,Kec. Masbagik,230305,Kab. Lombok Timur,230300,Prov. Nusa Tenggara Barat,230000,12,1,51,3,3,1,1,30,02 May 2026 10:26:58,B0BEC4682FE951D69050
SMP ISLAM TERPADU DHIYA UL FALAH,70050043,SMP,Swasta,Kec. Masbagik,230305,Kab. Lombok Timur,230300,Prov. Nusa Tenggara Barat,230000,11,1,60,2,2,0,0,17,23 Apr 2026 17:17:31,5BDF5C911D2E75A02AED
SMP ISLAM TERPADU RAUDATUL MUJAHIDIN KUMBUNG,69761944,SMP,Swasta,Kec. Masbagik,230305,Kab. Lombok Timur,230300,Prov. Nusa Tenggara Barat,230000,16,1,171,7,9,0,1,22,02 May 2026 08:48:44,A0728562A33ABC233168
SMP MUHAMMADIYAH BOARDING SCHOOL MASBAGIK,70004894,SMP,Swasta,Kec. Masbagik,230305,Kab. Lombok Timur,230300,Prov. Nusa Tenggara Barat,230000,11,3,57,3,3,1,1,20,16 Apr 2026 11:09:41,5F4216F339D3B750EF16
SMP YADINU MASBAGIK,50202399,SMP,Swasta,Kec. Masbagik,230305,Kab. Lombok Timur,230300,Prov. Nusa Tenggara Barat,230000,19,2,123,5,6,2,2,31,28 Apr 2026 08:07:43,CAFB3ECEF58B76BEE20A
SMPS ISLAM QIBLATUL MUSTAQIM,69761892,SMP,Swasta,Kec. Masbagik,230305,Kab. Lombok Timur,230300,Prov. Nusa Tenggara Barat,230000,12,2,31,3,3,1,1,15,26 Apr 2026 06:22:03,B2186BDDF2BDF697E008
SMAN 1 MASBAGIK,50202412,SMA,Negeri,Kec. Masbagik,230305,Kab. Lombok Timur,230300,Prov. Nusa Tenggara Barat,230000,65,11,1218,35,34,5,1,25,21 Apr 2026 08:20:40,D3ECFB05E82E95384B12
SMAN 2 MASBAGIK,69831966,SMA,Negeri,Kec. Masbagik,230305,Kab. Lombok Timur,230300,Prov. Nusa Tenggara Barat,230000,0,0,0,0,0,0,0,0,,1C40CCFF20B4361CA99B
SMA ISLAM DAARUSSYAHADAH NW MASBAGIK,70038826,SMA,Swasta,Kec. Masbagik,230305,Kab. Lombok Timur,230300,Prov. Nusa Tenggara Barat,230000,10,1,25,3,3,1,1,18,28 Apr 2026 15:20:11,6D05169699AF7FCD4730
SMA NW BOROK LELET,69985138,SMA,Swasta,Kec. Masbagik,230305,Kab. Lombok Timur,230300,Prov. Nusa Tenggara Barat,230000,13,2,52,3,3,1,1,38,30 Apr 2026 14:28:43,81EA8B0EB3DE0383ED75
SMA-IT ZAINUL HASAN NW,70049075,SMA,Swasta,Kec. Masbagik,230305,Kab. Lombok Timur,230300,Prov. Nusa Tenggara Barat,230000,14,1,105,4,7,1,1,47,22 Apr 2026 09:46:40,ADF48908E285B19F12F0
SMAIT Almanshuriah,70061792,SMA,Swasta,Kec. Masbagik,230305,Kab. Lombok Timur,230300,Prov. Nusa Tenggara Barat,230000,0,0,0,0,0,0,0,0,,770636C0D08013F84C29
SMAS MARDATILLAH NW PENAKAK,50205636,SMA,Swasta,Kec. Masbagik,230305,Kab. Lombok Timur,230300,Prov. Nusa Tenggara Barat,230000,18,2,100,5,6,1,1,20,30 Apr 2026 07:49:08,F120AB0A6D829E4053C1
SMAS MUHAMMADIYAH MASBAGIK,50205634,SMA,Swasta,Kec. Masbagik,230305,Kab. Lombok Timur,230300,Prov. Nusa Tenggara Barat,230000,7,4,51,3,3,2,1,24,03 Apr 2026 22:42:42,A411CD2573C173929B44
SMAS YADINU MASBAGIK,50202416,SMA,Swasta,Kec. Masbagik,230305,Kab. Lombok Timur,230300,Prov. Nusa Tenggara Barat,230000,14,1,130,6,6,2,1,42,25 Apr 2026 08:12:02,8C169627283DA2511E0B
SMK NEGERI 1 MASBAGIK,70003744,SMK,Negeri,Kec. Masbagik,230305,Kab. Lombok Timur,230300,Prov. Nusa Tenggara Barat,230000,53,12,613,24,12,3,1,77,02 May 2026 09:04:17,F8AF403EB4C07B1613C2
SMK QIBLATUL MUSTAQIM,69974594,SMK,Swasta,Kec. Masbagik,230305,Kab. Lombok Timur,230300,Prov. Nusa Tenggara Barat,230000,0,0,0,0,0,0,0,0,,1B32853692C5BD63EDDE
SMKS AL-MAJIDIYAH NW KESIK,69761886,SMK,Swasta,Kec. Masbagik,230305,Kab. Lombok Timur,230300,Prov. Nusa Tenggara Barat,230000,14,2,38,3,6,1,2,32,10 Apr 2026 23:19:11,440C4BA44EA6310D99DB
SMKS AL-MUJAHIDIN NW KUMBUNG,69765076,SMK,Swasta,Kec. Masbagik,230305,Kab. Lombok Timur,230300,Prov. Nusa Tenggara Barat,230000,13,1,90,6,3,1,0,37,27 Apr 2026 10:00:34,1A86F559919F040F4A19
SMKS ISLAM RAUDATUL AZHAR MASBAGIK TIMUR,69758228,SMK,Swasta,Kec. Masbagik,230305,Kab. Lombok Timur,230300,Prov. Nusa Tenggara Barat,230000,20,1,83,3,4,1,1,22,01 May 2026 23:52:19,44C2DCA4C7036FE689AC
SMKS NW KUMBUNG,50219642,SMK,Swasta,Kec. Masbagik,230305,Kab. Lombok Timur,230300,Prov. Nusa Tenggara Barat,230000,22,3,226,9,9,1,1,9,09 Apr 2026 18:51:01,3C0F5B45AD137AD23EED
SD NEGERI 1 BANDOK,50202110,SD,Negeri,Kec. Wanasaba,230318,Kab. Lombok Timur,230300,Prov. Nusa Tenggara Barat,230000,10,1,161,8,6,1,1,9,04 Mar 2026 07:44:24,5EE13A512EBB297ED8F4
SD NEGERI 1 BEBIDAS,50219367,SD,Negeri,Kec. Wanasaba,230318,Kab. Lombok Timur,230300,Prov. Nusa Tenggara Barat,230000,11,1,74,6,6,0,1,11,20 Apr 2026 10:24:15,5BB1C1967C152964FBA8
SD NEGERI 1 BERIRIJARAK,50203014,SD,Negeri,Kec. Wanasaba,230318,Kab. Lombok Timur,230300,Prov. Nusa Tenggara Barat,230000,12,2,221,10,6,0,1,26,30 Apr 2026 08:07:31,9E4E9AB0BED5B82B58F6
SD NEGERI 1 KARANG BARU,50202969,SD,Negeri,Kec. Wanasaba,230318,Kab. Lombok Timur,230300,Prov. Nusa Tenggara Barat,230000,12,1,166,7,7,1,1,19,02 May 2026 08:52:58,3D8E6E75C3F377FF57C6
SD NEGERI 1 MAMBEN BARU,50202627,SD,Negeri,Kec. Wanasaba,230318,Kab. Lombok Timur,230300,Prov. Nusa Tenggara Barat,230000,9,3,67,6,6,0,1,8,20 Apr 2026 13:05:25,3683C43514E79C2C4C03
SD NEGERI 1 MAMBEN DAYA,50202950,SD,Negeri,Kec. Wanasaba,230318,Kab. Lombok Timur,230300,Prov. Nusa Tenggara Barat,230000,13,2,204,10,7,0,1,22,05 Mar 2026 09:35:29,554B8C4930BA7E8DC947
SD NEGERI 1 MAMBEN LAUK,50202949,SD,Negeri,Kec. Wanasaba,230318,Kab. Lombok Timur,230300,Prov. Nusa Tenggara Barat,230000,13,0,155,7,7,0,1,23,05 Mar 2026 23:06:03,9A195438069EC0B18F2E
SD NEGERI 1 OTAK RARANGAN,50202633,SD,Negeri,Kec. Wanasaba,230318,Kab. Lombok Timur,230300,Prov. Nusa Tenggara Barat,230000,8,2,140,6,6,0,1,21,24 Apr 2026 16:53:33,CB2A14011CF5ACACA0D3
SD NEGERI 1 TEMBENG PUTIK,50202289,SD,Negeri,Kec. Wanasaba,230318,Kab. Lombok Timur,230300,Prov. Nusa Tenggara Barat,230000,11,2,141,6,6,0,1,19,28 Apr 2026 05:00:33,4535F97C7869970A1437
SD NEGERI 1 WANASABA,50203037,SD,Negeri,Kec. Wanasaba,230318,Kab. Lombok Timur,230300,Prov. Nusa Tenggara Barat,230000,9,2,102,6,6,0,0,20,28 Apr 2026 10:03:31,9CB74589B8C3472F1622
SD NEGERI 1 WANASABA DAYA,50202211,SD,Negeri,Kec. Wanasaba,230318,Kab. Lombok Timur,230300,Prov. Nusa Tenggara Barat,230000,10,1,128,6,6,1,0,53,13 Apr 2026 08:56:39,0B987341A24070AA96A1
SD NEGERI 1 WANASABA LAUK,50202565,SD,Negeri,Kec. Wanasaba,230318,Kab. Lombok Timur,230300,Prov. Nusa Tenggara Barat,230000,10,1,127,6,6,0,1,11,11 Feb 2026 07:03:01,F82C4375AF9E6AEAB1FA
SD NEGERI 2 BANDOK,50202181,SD,Negeri,Kec. Wanasaba,230318,Kab. Lombok Timur,230300,Prov. Nusa Tenggara Barat,230000,17,1,199,9,9,1,0,60,22 Apr 2026 06:51:49,8B660CE4390403892961
SD NEGERI 2 BEBIDAS,50202162,SD,Negeri,Kec. Wanasaba,230318,Kab. Lombok Timur,230300,Prov. Nusa Tenggara Barat,230000,8,1,77,6,6,0,0,16,18 Apr 2026 08:27:28,A877B8F1443352F2DE7F
SD NEGERI 2 BERIRIJARAK,50202364,SD,Negeri,Kec. Wanasaba,230318,Kab. Lombok Timur,230300,Prov. Nusa Tenggara Barat,230000,10,2,129,6,6,1,1,23,24 Apr 2026 19:34:09,30024681757E95AA4B48
SD NEGERI 2 KARANG BARU,50202236,SD,Negeri,Kec. Wanasaba,230318,Kab. Lombok Timur,230300,Prov. Nusa Tenggara Barat,230000,11,1,81,6,6,0,0,11,11 Apr 2026 08:46:58,C34B8EF08ED15ABBD7A7
SD NEGERI 2 MAMBEN DAYA,50202290,SD,Negeri,Kec. Wanasaba,230318,Kab. Lombok Timur,230300,Prov. Nusa Tenggara Barat,230000,9,2,97,6,6,0,0,17,21 Mar 2026 21:29:15,42EF5607F5266BBC195F
SD NEGERI 2 MAMBEN LAUK,50202380,SD,Negeri,Kec. Wanasaba,230318,Kab. Lombok Timur,230300,Prov. Nusa Tenggara Barat,230000,9,2,57,6,6,1,2,9,30 Apr 2026 10:54:23,4442DD0821593BF9FE54
SD NEGERI 2 TEMBENG PUTIK,50202556,SD,Negeri,Kec. Wanasaba,230318,Kab. Lombok Timur,230300,Prov. Nusa Tenggara Barat,230000,14,1,187,10,6,0,1,20,14 Apr 2026 08:23:46,09B9BF6AF5598490B09F
SD NEGERI 2 WANASABA,50202278,SD,Negeri,Kec. Wanasaba,230318,Kab. Lombok Timur,230300,Prov. Nusa Tenggara Barat,230000,15,2,193,10,8,0,1,12,21 Apr 2026 08:02:48,C5E54434A04CEEF5B46D
SD NEGERI 2 WANASABA DAYA,50202613,SD,Negeri,Kec. Wanasaba,230318,Kab. Lombok Timur,230300,Prov. Nusa Tenggara Barat,230000,9,3,133,6,6,0,1,10,10 Apr 2026 09:19:40,2615583DDC1D275B3E76
SD NEGERI 2 WANASABA LAUK,50202545,SD,Negeri,Kec. Wanasaba,230318,Kab. Lombok Timur,230300,Prov. Nusa Tenggara Barat,230000,11,2,113,6,6,0,1,22,20 Apr 2026 21:26:28,F8E5E84DDA998DD04D2B
SD NEGERI 3 BEBIDAS,50202600,SD,Negeri,Kec. Wanasaba,230318,Kab. Lombok Timur,230300,Prov. Nusa Tenggara Barat,230000,10,2,140,6,6,0,0,14,13 Apr 2026 21:48:12,6099022CBBAC2C2CEB6A
SD NEGERI 3 BERIRIJARAK,50202582,SD,Negeri,Kec. Wanasaba,230318,Kab. Lombok Timur,230300,Prov. Nusa Tenggara Barat,230000,10,1,126,6,6,1,1,30,30 Apr 2026 07:00:40,69DBC4BE27CFF4D7E34F
SD NEGERI 3 MAMBEN DAYA,50202381,SD,Negeri,Kec. Wanasaba,230318,Kab. Lombok Timur,230300,Prov. Nusa Tenggara Barat,230000,11,4,137,6,6,0,0,20,08 Apr 2026 07:26:52,156FA36C94314E5E5E9D
SD NEGERI 3 MAMBEN LAUK,50202596,SD,Negeri,Kec. Wanasaba,230318,Kab. Lombok Timur,230300,Prov. Nusa Tenggara Barat,230000,13,2,212,10,6,0,1,23,20 Apr 2026 09:37:13,90B6B194AFF3D46047C0
SD NEGERI 3 WANASABA,50202152,SD,Negeri,Kec. Wanasaba,230318,Kab. Lombok Timur,230300,Prov. Nusa Tenggara Barat,230000,14,1,169,10,6,0,1,13,30 Apr 2026 10:17:28,DDABB8A57604A1B12599
SD NEGERI 3 WANASABA LAUK,50202639,SD,Negeri,Kec. Wanasaba,230318,Kab. Lombok Timur,230300,Prov. Nusa Tenggara Barat,230000,16,0,216,11,6,0,1,94,02 May 2026 08:26:40,A11E681831AC52BC40B6
SD NEGERI 4 BEBIDAS,50202609,SD,Negeri,Kec. Wanasaba,230318,Kab. Lombok Timur,230300,Prov. Nusa Tenggara Barat,230000,16,2,244,12,8,0,1,35,02 May 2026 08:34:31,618264D32795E0513EFB
SD NEGERI 4 BERIRIJARAK,50202442,SD,Negeri,Kec. Wanasaba,230318,Kab. Lombok Timur,230300,Prov. Nusa Tenggara Barat,230000,20,2,236,12,12,0,1,9,06 Apr 2026 00:21:49,2FD1B69316BC609F3EC5
SD NEGERI 4 MAMBEN DAYA,50202109,SD,Negeri,Kec. Wanasaba,230318,Kab. Lombok Timur,230300,Prov. Nusa Tenggara Barat,230000,8,2,149,6,6,1,1,17,10 Apr 2026 07:46:13,B1F6549A2F6463E13DBB
SD NEGERI 5 BEBIDAS,69996027,SD,Negeri,Kec. Wanasaba,230318,Kab. Lombok Timur,230300,Prov. Nusa Tenggara Barat,230000,10,2,41,6,3,0,0,33,21 Apr 2026 19:05:51,240DFA213BFB30F74FFF
SD NEGERI 5 MAMBEN DAYA,50202182,SD,Negeri,Kec. Wanasaba,230318,Kab. Lombok Timur,230300,Prov. Nusa Tenggara Barat,230000,14,1,213,10,9,0,1,5,04 Apr 2026 08:07:55,4B28042F480DCA677E34
SD INSAN CENDIKIA BANDOK,70049457,SD,Swasta,Kec. Wanasaba,230318,Kab. Lombok Timur,230300,Prov. Nusa Tenggara Barat,230000,5,1,36,3,3,0,0,15,10 Apr 2026 18:02:15,EE476C6FA32532420573
SD Islam Nahdlatus Shaufiyah,69959047,SD,Swasta,Kec. Wanasaba,230318,Kab. Lombok Timur,230300,Prov. Nusa Tenggara Barat,230000,11,2,90,6,3,0,0,15,10 Apr 2026 14:04:55,08B41D1B2EFF7B376685
SD ISLAM NW BATU RENTE,69830666,SD,Swasta,Kec. Wanasaba,230318,Kab. Lombok Timur,230300,Prov. Nusa Tenggara Barat,230000,10,2,109,6,6,0,0,13,14 Apr 2026 07:11:20,C43E97DD72D2E2BFA95F
SD ISLAM TERPADU NURUZZAINIYAH NW BANDOK,69758229,SD,Swasta,Kec. Wanasaba,230318,Kab. Lombok Timur,230300,Prov. Nusa Tenggara Barat,230000,9,1,80,6,3,0,0,37,20 Apr 2026 10:14:55,C112D5E08E5BB58703D1
SD IT AL ISTIQOMMAH NAHDLATUL WATHAN MAMBEN BARU,69986787,SD,Swasta,Kec. Wanasaba,230318,Kab. Lombok Timur,230300,Prov. Nusa Tenggara Barat,230000,12,1,57,6,3,1,1,14,14 Apr 2026 21:01:30,04EF5C5A697E40A53C91
SD IT MARAQITTALIMAT LEKOK DALEM,69995714,SD,Swasta,Kec. Wanasaba,230318,Kab. Lombok Timur,230300,Prov. Nusa Tenggara Barat,230000,9,1,69,6,5,1,1,14,13 Feb 2026 08:55:17,ACE24BC4653E3EE9CFDC
SD IT YADAIMAH NW,70053888,SD,Swasta,Kec. Wanasaba,230318,Kab. Lombok Timur,230300,Prov. Nusa Tenggara Barat,230000,1,1,10,2,2,0,0,6,03 Feb 2026 10:18:29,C4DA0E1FC20DA81C2391
SDI Tarbiyatul Islam NWDI Wanasaba,69727997,SD,Swasta,Kec. Wanasaba,230318,Kab. Lombok Timur,230300,Prov. Nusa Tenggara Barat,230000,16,2,289,12,8,0,0,29,13 Apr 2026 10:34:24,F6AB14028E68236AB8E6
SDS IT AL- MADANI,69762719,SD,Swasta,Kec. Wanasaba,230318,Kab. Lombok Timur,230300,Prov. Nusa Tenggara Barat,230000,14,2,150,10,6,0,0,40,16 Apr 2026 16:44:30,8D2E28F251E08B0868DD
SMP NEGERI 1 WANASABA,50202491,SMP,Negeri,Kec. Wanasaba,230318,Kab. Lombok Timur,230300,Prov. Nusa Tenggara Barat,230000,55,16,754,23,24,2,1,24,27 Apr 2026 07:10:42,48864118022705191305
SMP NEGERI 2 WANASABA,50202475,SMP,Negeri,Kec. Wanasaba,230318,Kab. Lombok Timur,230300,Prov. Nusa Tenggara Barat,230000,31,4,277,10,11,3,1,28,29 Apr 2026 08:01:08,DDE67B1F5C6EC4D3E3BF
SMP NEGERI 3 WANASABA,50202479,SMP,Negeri,Kec. Wanasaba,230318,Kab. Lombok Timur,230300,Prov. Nusa Tenggara Barat,230000,21,4,55,3,9,2,1,20,21 Apr 2026 06:58:29,BDF714EDD817424A2624
SMP NEGERI SATU ATAP 1 WANASABA,50220309,SMP,Negeri,Kec. Wanasaba,230318,Kab. Lombok Timur,230300,Prov. Nusa Tenggara Barat,230000,17,0,39,3,3,1,1,25,08 Apr 2026 04:45:37,2DCA999447D24A8ECFE6
SMP NEGERI SATU ATAP 2 WANASABA,69755202,SMP,Negeri,Kec. Wanasaba,230318,Kab. Lombok Timur,230300,Prov. Nusa Tenggara Barat,230000,15,1,51,3,2,1,1,32,01 May 2026 10:04:26,FB7458B7A9D6AB9D3FA6
SMP AL MARIF KARANG BARU,50219388,SMP,Swasta,Kec. Wanasaba,230318,Kab. Lombok Timur,230300,Prov. Nusa Tenggara Barat,230000,13,1,52,3,3,2,1,7,22 Apr 2026 08:05:13,30F6009903B76E723A23
SMP INSAN CENDIKIA BANDOK,70062076,SMP,Swasta,Kec. Wanasaba,230318,Kab. Lombok Timur,230300,Prov. Nusa Tenggara Barat,230000,0,0,0,0,0,0,0,0,,E604979AFE14B4905DDA
SMP Islam Al Madani Mamben Lauk,50219628,SMP,Swasta,Kec. Wanasaba,230318,Kab. Lombok Timur,230300,Prov. Nusa Tenggara Barat,230000,11,1,110,6,6,0,0,13,16 Apr 2026 22:25:48,3E7F14C79BD3C9DC6E05
SMP ISLAM SAADATUL ISLAMIYAH TEMBENG PUTIK,69775442,SMP,Swasta,Kec. Wanasaba,230318,Kab. Lombok Timur,230300,Prov. Nusa Tenggara Barat,230000,11,1,35,3,3,1,1,13,05 Mar 2026 09:37:43,FFA9D258640D9D406261
SMP ISLAM SIROJUL ULUM,50219623,SMP,Swasta,Kec. Wanasaba,230318,Kab. Lombok Timur,230300,Prov. Nusa Tenggara Barat,230000,10,1,53,3,3,1,1,49,06 Mar 2026 09:11:12,AB40ADE02131D0558904
SMP ISLAM TERPADU MARAQITTA LIMAT BANDOK,69755177,SMP,Swasta,Kec. Wanasaba,230318,Kab. Lombok Timur,230300,Prov. Nusa Tenggara Barat,230000,11,2,83,4,5,1,0,16,22 Apr 2026 10:53:08,773D0D24D985F943A5C3
SMP IT AL - ISTIQOMAH NW MAMBEN BARU,70000181,SMP,Swasta,Kec. Wanasaba,230318,Kab. Lombok Timur,230300,Prov. Nusa Tenggara Barat,230000,14,4,36,3,2,0,0,28,28 Apr 2026 09:17:48,DEDF95C3998774B82C27
SMP IT AL HAMZAR MARAQITTA LIMAT TEMBENG PUTIK,70000690,SMP,Swasta,Kec. Wanasaba,230318,Kab. Lombok Timur,230300,Prov. Nusa Tenggara Barat,230000,12,0,75,4,4,2,1,21,28 Mar 2026 10:46:05,BB8D0232DB3D5AEC0156
SMP IT DARUL IMAN NW,70056386,SMP,Swasta,Kec. Wanasaba,230318,Kab. Lombok Timur,230300,Prov. Nusa Tenggara Barat,230000,11,1,18,3,3,0,0,109,30 Apr 2026 09:26:52,CFAEA703A4FD577CC9B4
SMP IT NW OTAK KEBON,69982158,SMP,Swasta,Kec. Wanasaba,230318,Kab. Lombok Timur,230300,Prov. Nusa Tenggara Barat,230000,11,1,60,3,2,1,1,11,20 Apr 2026 11:06:53,5CE6F338EDF423753840
SMP Khairul Fatihin NW,70001749,SMP,Swasta,Kec. Wanasaba,230318,Kab. Lombok Timur,230300,Prov. Nusa Tenggara Barat,230000,6,1,58,3,1,0,0,7,06 Mar 2026 06:06:02,ED2E082C9F4DE060C996
SMP MARAQITTA LIMAT MAMBEN,50219353,SMP,Swasta,Kec. Wanasaba,230318,Kab. Lombok Timur,230300,Prov. Nusa Tenggara Barat,230000,10,1,50,3,3,0,1,22,24 Apr 2026 21:26:18,9F4B3D5B6135BD984E5C
SMP NW WANASABA,50205716,SMP,Swasta,Kec. Wanasaba,230318,Kab. Lombok Timur,230300,Prov. Nusa Tenggara Barat,230000,14,3,142,6,7,1,1,11,12 Feb 2026 21:23:50,1DE7723A57CCBCA0505E
SMP TAHFIDZ ARROBBANI WANASABA,70000062,SMP,Swasta,Kec. Wanasaba,230318,Kab. Lombok Timur,230300,Prov. Nusa Tenggara Barat,230000,12,1,73,3,3,0,0,15,31 Mar 2026 08:03:07,0372777D45F30AAC5B77
SMAN 1 WANASABA,50202501,SMA,Negeri,Kec. Wanasaba,230318,Kab. Lombok Timur,230300,Prov. Nusa Tenggara Barat,230000,65,15,1120,32,23,5,1,27,18 Apr 2026 10:59:22,9E2231D21E039031EB84
SMA PLUS AHLUSSUNNAH WAL JAMAAH NW BERIRI JARAK,70051677,SMA,Swasta,Kec. Wanasaba,230318,Kab. Lombok Timur,230300,Prov. Nusa Tenggara Barat,230000,11,1,31,2,2,0,0,29,11 Apr 2026 21:09:28,0A64C3F2997FAC33C7EF
SMAS AL HAMZAR TEMBENG PUTIK,50205722,SMA,Swasta,Kec. Wanasaba,230318,Kab. Lombok Timur,230300,Prov. Nusa Tenggara Barat,230000,26,2,332,11,10,1,1,25,23 Apr 2026 07:24:45,48AA0C833D964DE327C5
SMAS AL MUKTARIYAH MAMBEN,50205718,SMA,Swasta,Kec. Wanasaba,230318,Kab. Lombok Timur,230300,Prov. Nusa Tenggara Barat,230000,6,1,64,3,3,1,1,15,06 Mar 2026 22:35:33,2B72A12A2921522AC40A
SMAS MARAQITTALIMAT WANASABA,50202408,SMA,Swasta,Kec. Wanasaba,230318,Kab. Lombok Timur,230300,Prov. Nusa Tenggara Barat,230000,14,1,61,3,6,2,1,18,02 May 2026 13:03:57,57415FED5B95BC7330FA
SMAS TARBIYATUL ISLAM NWDI WANASABA,50205720,SMA,Swasta,Kec. Wanasaba,230318,Kab. Lombok Timur,230300,Prov. Nusa Tenggara Barat,230000,16,2,220,8,8,3,4,24,21 Apr 2026 07:12:25,4C923F0F67DAB5968A40
SMK AL-ISTIQOMAH NW,69953633,SMK,Swasta,Kec. Wanasaba,230318,Kab. Lombok Timur,230300,Prov. Nusa Tenggara Barat,230000,8,2,30,3,3,1,1,20,15 Apr 2026 08:01:34,46142B4B8ECAAF790361
SMK AL-MUKHTARIYAH MAMBEN,70055794,SMK,Swasta,Kec. Wanasaba,230318,Kab. Lombok Timur,230300,Prov. Nusa Tenggara Barat,230000,10,1,14,1,1,1,1,23,22 Apr 2026 09:54:04,6F4F2FF75450728817D2
SMK KHAIRUL FATIHIN NW,70039159,SMK,Swasta,Kec. Wanasaba,230318,Kab. Lombok Timur,230300,Prov. Nusa Tenggara Barat,230000,10,1,52,6,1,0,0,25,30 Apr 2026 18:41:35,198C5FB951CBE7268516
SMK MAARIF SIROJULULUM,69879005,SMK,Swasta,Kec. Wanasaba,230318,Kab. Lombok Timur,230300,Prov. Nusa Tenggara Barat,230000,10,1,29,3,3,1,1,46,20 Apr 2026 11:10:16,DC7C478080CD7F73EBBA
SMK TAHFIDZ ARROBBANI WANASABA,70016059,SMK,Swasta,Kec. Wanasaba,230318,Kab. Lombok Timur,230300,Prov. Nusa Tenggara Barat,230000,13,1,68,3,3,0,1,26,01 May 2026 20:47:57,7C772E6516D6D99F1028
SMKS Insan Cendikia Bandok,70047168,SMK,Swasta,Kec. Wanasaba,230318,Kab. Lombok Timur,230300,Prov. Nusa Tenggara Barat,230000,18,1,51,3,3,0,0,35,22 Apr 2026 05:27:59,0A46D95E190DA2A11305
SMKS ISLAM PLUS AL MADANI,50219643,SMK,Swasta,Kec. Wanasaba,230318,Kab. Lombok Timur,230300,Prov. Nusa Tenggara Barat,230000,15,2,112,8,6,1,0,51,22 Apr 2026 11:25:14,0D48ECE4063471AE53C1
SMKS MARAQITTALIMAT LENGKOK LENDANG,50220638,SMK,Swasta,Kec. Wanasaba,230318,Kab. Lombok Timur,230300,Prov. Nusa Tenggara Barat,230000,0,0,0,0,0,0,0,0,,FEDA23CDACB406393D42
SMKS MT MAMBEN,50205719,SMK,Swasta,Kec. Wanasaba,230318,Kab. Lombok Timur,230300,Prov. Nusa Tenggara Barat,230000,21,3,113,9,9,1,1,14,03 Mar 2026 21:29:20,30D6327C1CFC27AE8137
SMKS NW TEMBENG PUTIK,69757227,SMK,Swasta,Kec. Wanasaba,230318,Kab. Lombok Timur,230300,Prov. Nusa Tenggara Barat,230000,16,1,84,4,4,1,1,23,20 Apr 2026 16:58:50,D535FB34005DFF23CD0D
SMKS TARBIYATUL ISLAM NWDI WANASABA,69757228,SMK,Swasta,Kec. Wanasaba,230318,Kab. Lombok Timur,230300,Prov. Nusa Tenggara Barat,230000,12,3,131,8,8,1,1,23,28 Apr 2026 17:06:13,330B24AB382BDAC65ED5
SMKS TEKNOLOGI MT MAMBEN DAYA,69755173,SMK,Swasta,Kec. Wanasaba,230318,Kab. Lombok Timur,230300,Prov. Nusa Tenggara Barat,230000,6,1,49,3,4,2,1,10,30 Apr 2026 09:24:54,C369525EF39432F2A706
SD NEGERI 1 AIK PRAPA,50203019,SD,Negeri,Kec. Aikmel,230309,Kab. Lombok Timur,230300,Prov. Nusa Tenggara Barat,230000,11,2,184,7,6,0,0,17,02 Apr 2026 04:49:46,D9821E10F9C7061D07B7
SD NEGERI 1 AIKMEL,50203020,SD,Negeri,Kec. Aikmel,230309,Kab. Lombok Timur,230300,Prov. Nusa Tenggara Barat,230000,19,2,313,14,12,0,1,19,22 Apr 2026 16:55:37,FAAB6ABA8314467D0B6D
SD NEGERI 1 AIKMEL BARAT,50202277,SD,Negeri,Kec. Aikmel,230309,Kab. Lombok Timur,230300,Prov. Nusa Tenggara Barat,230000,16,2,194,12,6,0,1,13,14 Apr 2026 08:32:03,18574FD847B9F64C561C
SD NEGERI 1 AIKMEL TIMUR,50202961,SD,Negeri,Kec. Aikmel,230309,Kab. Lombok Timur,230300,Prov. Nusa Tenggara Barat,230000,17,2,276,13,8,0,1,36,24 Apr 2026 09:42:45,7C62A6203981834A98EB
SD NEGERI 1 AIKMEL UTARA,50202960,SD,Negeri,Kec. Aikmel,230309,Kab. Lombok Timur,230300,Prov. Nusa Tenggara Barat,230000,10,0,166,7,6,0,1,15,07 Mar 2026 08:07:11,7B7BF95E932BC4FD29B6
SD NEGERI 1 KALIJAGA,50202970,SD,Negeri,Kec. Aikmel,230309,Kab. Lombok Timur,230300,Prov. Nusa Tenggara Barat,230000,9,2,137,6,7,0,1,36,29 Apr 2026 15:25:50,E3CF1A0A99BF1DCEC63B
SD NEGERI 1 KALIJAGA SELATAN,50203015,SD,Negeri,Kec. Aikmel,230309,Kab. Lombok Timur,230300,Prov. Nusa Tenggara Barat,230000,10,3,151,8,6,0,0,20,30 Apr 2026 07:26:40,3867EB86F136F6E7E289
SD NEGERI 1 KALIJAGA TENGAH,50202443,SD,Negeri,Kec. Aikmel,230309,Kab. Lombok Timur,230300,Prov. Nusa Tenggara Barat,230000,9,2,131,6,6,0,1,63,28 Apr 2026 10:13:22,81DCA0504BC3AFB65DE6
SD NEGERI 1 KALIJAGA TIMUR,50202365,SD,Negeri,Kec. Aikmel,230309,Kab. Lombok Timur,230300,Prov. Nusa Tenggara Barat,230000,9,1,119,7,6,0,1,15,24 Apr 2026 07:57:37,BFBDF6E5FA5C980F0DB8
SD NEGERI 1 KEMBANG KERANG,50202933,SD,Negeri,Kec. Aikmel,230309,Kab. Lombok Timur,230300,Prov. Nusa Tenggara Barat,230000,10,2,164,7,7,0,0,17,23 Apr 2026 10:53:35,37436B14DC6D1F770945
SD NEGERI 1 KEMBANG KERANG DAYA,50202363,SD,Negeri,Kec. Aikmel,230309,Kab. Lombok Timur,230300,Prov. Nusa Tenggara Barat,230000,9,0,112,6,6,0,0,23,25 Apr 2026 20:31:23,EFB864389CB6E27FF1EF
SD NEGERI 1 KEROYA,50203009,SD,Negeri,Kec. Aikmel,230309,Kab. Lombok Timur,230300,Prov. Nusa Tenggara Barat,230000,17,3,320,13,14,1,1,9,10 Mar 2026 20:19:53,FDB58CBA9E007E002DBF
SD NEGERI 1 TOYA,50202276,SD,Negeri,Kec. Aikmel,230309,Kab. Lombok Timur,230300,Prov. Nusa Tenggara Barat,230000,10,3,146,8,6,0,1,9,18 Apr 2026 09:52:29,5EA9F39597C01D38405A
SD NEGERI 2 AIK PRAPA,50202563,SD,Negeri,Kec. Aikmel,230309,Kab. Lombok Timur,230300,Prov. Nusa Tenggara Barat,230000,11,1,192,8,6,0,2,5,06 Feb 2026 12:25:15,52C04DE63CF21946AF5E
SD NEGERI 2 AIKMEL,50202151,SD,Negeri,Kec. Aikmel,230309,Kab. Lombok Timur,230300,Prov. Nusa Tenggara Barat,230000,15,4,306,12,12,0,2,21,02 May 2026 09:11:48,2CF45FED1E37E928A4C6
SD NEGERI 2 AIKMEL BARAT,50202564,SD,Negeri,Kec. Aikmel,230309,Kab. Lombok Timur,230300,Prov. Nusa Tenggara Barat,230000,12,2,200,10,6,0,0,23,16 Apr 2026 12:34:48,921AB0EEAF34064B6862
SD NEGERI 2 AIKMEL TIMUR,50202544,SD,Negeri,Kec. Aikmel,230309,Kab. Lombok Timur,230300,Prov. Nusa Tenggara Barat,230000,9,3,178,7,6,1,1,31,01 May 2026 19:45:25,A480FBDA1672F648CF29
SD NEGERI 2 KALIJAGA,50219986,SD,Negeri,Kec. Aikmel,230309,Kab. Lombok Timur,230300,Prov. Nusa Tenggara Barat,230000,17,2,300,13,13,1,1,24,24 Apr 2026 21:09:28,68C9A512DA4898E93EA6
SD NEGERI 2 KALIJAGA SELATAN,50202634,SD,Negeri,Kec. Aikmel,230309,Kab. Lombok Timur,230300,Prov. Nusa Tenggara Barat,230000,11,2,175,8,8,0,1,8,26 Mar 2026 22:09:15,A0FEBE127AAAFAF05F4C
SD NEGERI 2 KALIJAGA TIMUR,50202601,SD,Negeri,Kec. Aikmel,230309,Kab. Lombok Timur,230300,Prov. Nusa Tenggara Barat,230000,9,2,152,6,6,0,0,82,25 Apr 2026 10:01:51,C69A7213293C5C5FCD14
SD NEGERI 2 KEMBANG KERANG,50202208,SD,Negeri,Kec. Aikmel,230309,Kab. Lombok Timur,230300,Prov. Nusa Tenggara Barat,230000,12,2,196,10,8,1,1,21,23 Apr 2026 09:09:49,DACB1CB59072BDD30394
SD NEGERI 2 KEMBANG KERANG DAYA,50202161,SD,Negeri,Kec. Aikmel,230309,Kab. Lombok Timur,230300,Prov. Nusa Tenggara Barat,230000,10,0,195,8,6,0,0,25,08 Apr 2026 08:42:34,D6B9D1085F5840EAFBA4
SD NEGERI 2 TOYA,50202150,SD,Negeri,Kec. Aikmel,230309,Kab. Lombok Timur,230300,Prov. Nusa Tenggara Barat,230000,8,2,91,6,6,1,1,11,30 Apr 2026 08:09:39,6B1184552742B2CC8C26
SD NEGERI 3 AIKMEL,50202210,SD,Negeri,Kec. Aikmel,230309,Kab. Lombok Timur,230300,Prov. Nusa Tenggara Barat,230000,9,2,146,6,6,0,1,19,30 Apr 2026 08:57:25,CBB646697F132AF05036
SD NEGERI 3 AIKMEL BARAT,50202622,SD,Negeri,Kec. Aikmel,230309,Kab. Lombok Timur,230300,Prov. Nusa Tenggara Barat,230000,8,3,123,6,6,0,0,5,06 Mar 2026 10:42:58,BA30E0EA83EA4DC3D554
SD NEGERI 3 KALIJAGA,50202610,SD,Negeri,Kec. Aikmel,230309,Kab. Lombok Timur,230300,Prov. Nusa Tenggara Barat,230000,9,0,119,6,6,0,0,8,20 Apr 2026 11:25:06,CFFBD6C2D2E1332A9F7F
SD NEGERI 3 KALIJAGA TIMUR,50202425,SD,Negeri,Kec. Aikmel,230309,Kab. Lombok Timur,230300,Prov. Nusa Tenggara Barat,230000,9,1,146,7,6,1,1,13,30 Apr 2026 16:01:46,7D762E92DDA084492F9F
SD NEGERI 3 KEMBANG KERANG,50202581,SD,Negeri,Kec. Aikmel,230309,Kab. Lombok Timur,230300,Prov. Nusa Tenggara Barat,230000,15,2,216,12,5,0,0,14,11 Apr 2026 05:02:02,DE25D9FF92212E0237FD
SD NEGERI 3 KEMBANG KERANG DAYA,50202632,SD,Negeri,Kec. Aikmel,230309,Kab. Lombok Timur,230300,Prov. Nusa Tenggara Barat,230000,9,2,83,6,6,0,0,14,22 Apr 2026 14:54:21,DEFFCE1F53C8BA9F0ACD
SD NEGERI 3 TOYA,50202209,SD,Negeri,Kec. Aikmel,230309,Kab. Lombok Timur,230300,Prov. Nusa Tenggara Barat,230000,9,0,68,6,5,0,0,29,10 Apr 2026 20:58:07,BB640DF8F2E1B0F211EF
SD NEGERI 4 TOYA,50202543,SD,Negeri,Kec. Aikmel,230309,Kab. Lombok Timur,230300,Prov. Nusa Tenggara Barat,230000,8,0,103,6,6,0,0,26,24 Apr 2026 07:00:54,A4DC097E3136FB867C3A
SD Islam As-Sunnah Bagek Nyaka,50220328,SD,Swasta,Kec. Aikmel,230309,Kab. Lombok Timur,230300,Prov. Nusa Tenggara Barat,230000,29,2,379,13,13,0,1,65,25 Apr 2026 09:07:51,28AE3D2F88B7513BDEB7
SD ISLAM ASH - SHIBGOH,70028398,SD,Swasta,Kec. Aikmel,230309,Kab. Lombok Timur,230300,Prov. Nusa Tenggara Barat,230000,12,1,132,7,8,0,1,17,29 Apr 2026 14:01:49,EB69FC97351C10028AB5
SD ISLAM BISYARATUL BAROKAH AL MAJDIYAH,70043586,SD,Swasta,Kec. Aikmel,230309,Kab. Lombok Timur,230300,Prov. Nusa Tenggara Barat,230000,5,2,29,4,4,0,0,17,31 Jan 2026 21:03:43,5B173DB4F1BF29F754FB
SD ISLAM DARUL HIJRAH,70014263,SD,Swasta,Kec. Aikmel,230309,Kab. Lombok Timur,230300,Prov. Nusa Tenggara Barat,230000,9,2,153,7,7,0,0,19,14 Apr 2026 10:17:38,ED0AA5722836B7DFF5A7
SD ISLAM KHADIJAH BAGIK NYAKA,69990324,SD,Swasta,Kec. Aikmel,230309,Kab. Lombok Timur,230300,Prov. Nusa Tenggara Barat,230000,27,2,372,12,12,0,1,19,25 Apr 2026 09:11:18,2DE487B4780F22A2F42D
SD ISLAM PLUS QAMARULLAIL AL AMIN,69966495,SD,Swasta,Kec. Aikmel,230309,Kab. Lombok Timur,230300,Prov. Nusa Tenggara Barat,230000,9,1,20,6,3,0,0,6,05 Apr 2026 05:30:54,A04487558D1C330DB93B
SD ISLAM RAUDATUSSIBYAN AL - MANNAN,70054044,SD,Swasta,Kec. Aikmel,230309,Kab. Lombok Timur,230300,Prov. Nusa Tenggara Barat,230000,4,1,36,2,2,0,0,23,23 Apr 2026 00:34:29,EB1525AEA040FDFFA98E
SD ISLAM TERPADU AL ULUM WALHIKAM,69983884,SD,Swasta,Kec. Aikmel,230309,Kab. Lombok Timur,230300,Prov. Nusa Tenggara Barat,230000,24,1,230,10,5,0,0,14,13 Mar 2026 16:00:02,CB05E5C598083DC615E7
SD IT DARUSSUNDUSIAH NW PERTEMUAN,70024219,SD,Swasta,Kec. Aikmel,230309,Kab. Lombok Timur,230300,Prov. Nusa Tenggara Barat,230000,9,1,66,6,7,0,0,9,11 Mar 2026 21:46:31,4FAD04EA454F4EE052D7
SD IT DAWAMA NWDI AIKMEL UTARA,70049876,SD,Swasta,Kec. Aikmel,230309,Kab. Lombok Timur,230300,Prov. Nusa Tenggara Barat,230000,6,1,29,3,3,0,0,6,07 Feb 2026 00:06:36,7315F5F93747EA63BC1B
SD IT PATA,70036105,SD,Swasta,Kec. Aikmel,230309,Kab. Lombok Timur,230300,Prov. Nusa Tenggara Barat,230000,3,2,90,4,4,0,0,22,28 Apr 2026 01:11:35,3BC94C1563FC175241A8
SD TEKNOLOGI ALMAARIF ISHLAHUL QOLBI,70035120,SD,Swasta,Kec. Aikmel,230309,Kab. Lombok Timur,230300,Prov. Nusa Tenggara Barat,230000,6,1,51,4,4,0,0,12,03 Mar 2026 20:21:18,3FB66A334DCF4D7241C6
SDS ISLAM AL- BAROKAH,69761887,SD,Swasta,Kec. Aikmel,230309,Kab. Lombok Timur,230300,Prov. Nusa Tenggara Barat,230000,11,1,126,6,5,0,0,17,13 Apr 2026 08:49:48,46288135537B0701981D
SDS IT AL HIKAM,69759229,SD,Swasta,Kec. Aikmel,230309,Kab. Lombok Timur,230300,Prov. Nusa Tenggara Barat,230000,5,1,62,6,6,0,1,13,07 Apr 2026 19:30:14,54F03CA300106C07FE62
SMP NEGERI 1 AIKMEL,50202492,SMP,Negeri,Kec. Aikmel,230309,Kab. Lombok Timur,230300,Prov. Nusa Tenggara Barat,230000,62,10,1004,30,30,4,1,42,30 Apr 2026 12:28:12,C5A31172B21B627AE08D
SMP NEGERI 2 AIKMEL,50205493,SMP,Negeri,Kec. Aikmel,230309,Kab. Lombok Timur,230300,Prov. Nusa Tenggara Barat,230000,14,7,85,4,6,2,1,16,02 May 2026 06:49:10,CB161A5ADED1C2AC1E17
SMP NEGERI SATU ATAP 1 AIKMEL,50220303,SMP,Negeri,Kec. Aikmel,230309,Kab. Lombok Timur,230300,Prov. Nusa Tenggara Barat,230000,7,1,32,3,3,0,1,13,21 Apr 2026 06:51:11,611ADD655DD6DB4F9B3F
SMP NEGERI SATU ATAP 2 AIKMEL,69755201,SMP,Negeri,Kec. Aikmel,230309,Kab. Lombok Timur,230300,Prov. Nusa Tenggara Barat,230000,11,0,74,3,3,2,0,15,14 Apr 2026 07:43:57,787B9EC5FAF601B9066C
SMP NEGERI SATU ATAP 3 AIKMEL,69988758,SMP,Negeri,Kec. Aikmel,230309,Kab. Lombok Timur,230300,Prov. Nusa Tenggara Barat,230000,10,0,23,3,3,1,1,31,25 Apr 2026 07:52:45,5845487DF04BA7A519B3
SMP CENDEKIA NW AIKLOMAK,69906754,SMP,Swasta,Kec. Aikmel,230309,Kab. Lombok Timur,230300,Prov. Nusa Tenggara Barat,230000,16,2,110,6,6,0,1,9,04 Mar 2026 13:58:05,5BDA14C22A05813F75A1
SMP DARUSSHOLIHIN NW KALIJAGA,50202400,SMP,Swasta,Kec. Aikmel,230309,Kab. Lombok Timur,230300,Prov. Nusa Tenggara Barat,230000,21,4,238,9,9,1,1,18,02 May 2026 19:31:07,C348D4508B49FA31E7BC
SMP ISLAM AL - RAHMAN NW AIKMEL,70026873,SMP,Swasta,Kec. Aikmel,230309,Kab. Lombok Timur,230300,Prov. Nusa Tenggara Barat,230000,10,2,64,3,4,1,1,27,05 Apr 2026 21:54:00,23088F9F2053EA8F80F7
SMP Islam Al Hikam Nahdlatul Ulama Montor Sugia,69774708,SMP,Swasta,Kec. Aikmel,230309,Kab. Lombok Timur,230300,Prov. Nusa Tenggara Barat,230000,8,2,60,3,3,2,1,30,07 Apr 2026 22:09:41,4D81D9FCA9DF2948420E
SMP ISLAM AL MANAN BAGIK NYAKA,69755183,SMP,Swasta,Kec. Aikmel,230309,Kab. Lombok Timur,230300,Prov. Nusa Tenggara Barat,230000,11,1,122,5,3,2,1,80,02 May 2026 10:31:51,1C14B67D22CFAE17F797
SMP Islam AS-sunnah Bagik Nyaka,50219894,SMP,Swasta,Kec. Aikmel,230309,Kab. Lombok Timur,230300,Prov. Nusa Tenggara Barat,230000,19,6,185,8,11,1,1,14,09 Mar 2026 03:41:37,D7E3FCB8E8D88E498324
SMP Islam Hidayatul Islamiyah Bagik Nyaka,50219775,SMP,Swasta,Kec. Aikmel,230309,Kab. Lombok Timur,230300,Prov. Nusa Tenggara Barat,230000,10,1,87,4,4,1,0,12,11 Mar 2026 08:43:13,9ACAC9932463B61BD775
SMP ISLAM KHADIJAH BAGEK NYAKA,50220446,SMP,Swasta,Kec. Aikmel,230309,Kab. Lombok Timur,230300,Prov. Nusa Tenggara Barat,230000,13,5,222,8,9,1,1,11,29 Apr 2026 07:17:18,D27839CE4499503227FE
SMP ISLAM TAHFIZH DARUSSHOMAD 2,70044439,SMP,Swasta,Kec. Aikmel,230309,Kab. Lombok Timur,230300,Prov. Nusa Tenggara Barat,230000,5,1,35,3,5,0,0,24,18 Apr 2026 11:25:01,53A85E6EE4E691FE8191
SMP Islam Terpadu Hamzanwadi NW Peneda,50220505,SMP,Swasta,Kec. Aikmel,230309,Kab. Lombok Timur,230300,Prov. Nusa Tenggara Barat,230000,5,1,48,3,3,2,1,9,03 Mar 2026 16:18:06,0731D74C7E14505F808A
SMP Islam Terpadu Plus Tahfidzul Qur an Aikmel,50220545,SMP,Swasta,Kec. Aikmel,230309,Kab. Lombok Timur,230300,Prov. Nusa Tenggara Barat,230000,11,2,159,7,10,2,1,11,21 Apr 2026 14:23:16,C34B4DE089FAA76467BF
SMP IT ARRAWDHAH,70056959,SMP,Swasta,Kec. Aikmel,230309,Kab. Lombok Timur,230300,Prov. Nusa Tenggara Barat,230000,13,1,23,1,1,0,0,10,27 Jan 2026 12:05:50,3E6D7E4028D30E4E5BD3
SMP IT JAMALUDIN BAGEK NYAKA,69755182,SMP,Swasta,Kec. Aikmel,230309,Kab. Lombok Timur,230300,Prov. Nusa Tenggara Barat,230000,9,1,109,5,5,1,1,72,01 May 2026 09:27:08,73E5768EB91A38212C62
SMP IT Nurul Huda NW Banjarsari,69755193,SMP,Swasta,Kec. Aikmel,230309,Kab. Lombok Timur,230300,Prov. Nusa Tenggara Barat,230000,10,1,37,3,3,2,1,9,28 Apr 2026 08:34:04,196451810E89BCCE5CDF
SMP IT QURAN NAHDLATUL WATHAN,70054628,SMP,Swasta,Kec. Aikmel,230309,Kab. Lombok Timur,230300,Prov. Nusa Tenggara Barat,230000,14,16,173,6,6,0,0,18,26 Apr 2026 00:37:02,D4112B1638A76BAD1331
SMP NW PUNGKASAN,69774709,SMP,Swasta,Kec. Aikmel,230309,Kab. Lombok Timur,230300,Prov. Nusa Tenggara Barat,230000,11,2,60,3,3,3,2,1,11 Mar 2026 08:55:25,58B0AC9558D9308639C8
SMP RIYADUL FALAH AIKMEL UTARA,50205643,SMP,Swasta,Kec. Aikmel,230309,Kab. Lombok Timur,230300,Prov. Nusa Tenggara Barat,230000,13,2,110,5,6,2,1,12,03 Mar 2026 09:33:50,8BA850916A3531E8C8DD
SMPIT MAFAZA NAHDLATUL WATHAN,69978390,SMP,Swasta,Kec. Aikmel,230309,Kab. Lombok Timur,230300,Prov. Nusa Tenggara Barat,230000,11,1,71,3,3,1,1,10,18 Apr 2026 08:38:02,209DE818BCDA778A680E
SMA NEGERI 1 LENEK,50202500,SMA,Negeri,Kec. Aikmel,230309,Kab. Lombok Timur,230300,Prov. Nusa Tenggara Barat,230000,47,14,794,23,19,6,1,28,29 Apr 2026 09:25:07,F94C4CBC6098ABAABA7F
SMAN 1 AIKMEL,50205632,SMA,Negeri,Kec. Aikmel,230309,Kab. Lombok Timur,230300,Prov. Nusa Tenggara Barat,230000,62,13,1265,36,31,4,1,41,27 Apr 2026 12:22:10,B61A4D5DE64D86943083
SEKOLAH MENENGAH ATAS PLUS QURAN NAHDLATUL WATHAN,70056962,SMA,Swasta,Kec. Aikmel,230309,Kab. Lombok Timur,230300,Prov. Nusa Tenggara Barat,230000,4,4,63,3,3,0,0,10,27 Apr 2026 19:20:20,5EB3370BD830D2CDB4D7
SMA ISLAM HAMZANWADI PENEDA,69984502,SMA,Swasta,Kec. Aikmel,230309,Kab. Lombok Timur,230300,Prov. Nusa Tenggara Barat,230000,8,1,40,3,3,2,1,36,10 Mar 2026 23:19:39,6F0A7EC725D92C66259F
SMA Islam Jamiludin Kalijaga Timur,70061790,SMA,Swasta,Kec. Aikmel,230309,Kab. Lombok Timur,230300,Prov. Nusa Tenggara Barat,230000,0,0,0,0,0,0,0,0,,FB6F8B7F0E4BAD088B98
SMAS DARUL FALAH AIKMEL,50219587,SMA,Swasta,Kec. Aikmel,230309,Kab. Lombok Timur,230300,Prov. Nusa Tenggara Barat,230000,16,1,196,6,3,1,3,8,17 Apr 2026 15:42:42,C7A09A11AA67D7ADA8CF
SMAS DARUSSHOLIHIN NW KALIJAGA,50202419,SMA,Swasta,Kec. Aikmel,230309,Kab. Lombok Timur,230300,Prov. Nusa Tenggara Barat,230000,21,1,136,5,6,1,1,11,17 Mar 2026 21:28:37,4E3F4C59818FAB93E96F
SMAS ISLAM ASSUNNAH BAGEK NYAKA,50205721,SMA,Swasta,Kec. Aikmel,230309,Kab. Lombok Timur,230300,Prov. Nusa Tenggara Barat,230000,19,4,438,14,18,1,1,30,08 Apr 2026 08:50:06,71473A45562374CFEF12
SMAS PGRI AIKMEL,50202417,SMA,Swasta,Kec. Aikmel,230309,Kab. Lombok Timur,230300,Prov. Nusa Tenggara Barat,230000,9,2,20,3,6,2,1,23,21 Apr 2026 09:42:26,1ABBCD3ED2B2DB5970BB
SMK CENDEKIA NW AIKLOMAK,69880776,SMK,Swasta,Kec. Aikmel,230309,Kab. Lombok Timur,230300,Prov. Nusa Tenggara Barat,230000,13,3,14,4,3,0,1,19,26 Apr 2026 10:12:58,9D0CE20AEEE19C5E53F8
SMK DARUL KAMAL NW KEMBANG KERANG,50219641,SMK,Swasta,Kec. Aikmel,230309,Kab. Lombok Timur,230300,Prov. Nusa Tenggara Barat,230000,25,5,205,9,4,1,1,43,27 Apr 2026 06:48:36,CB6F3BFCC5A857693F8D
SMK DARUSSUNDUSIAH NW PERTEMUAN,69849080,SMK,Swasta,Kec. Aikmel,230309,Kab. Lombok Timur,230300,Prov. Nusa Tenggara Barat,230000,8,2,73,3,4,1,1,10,25 Apr 2026 07:41:36,24D9FC519AB7E401073D
SMK ILHAMI AIKMEL,69815431,SMK,Swasta,Kec. Aikmel,230309,Kab. Lombok Timur,230300,Prov. Nusa Tenggara Barat,230000,13,1,59,3,3,1,1,13,14 Apr 2026 11:27:25,9991857DACBAA7F92282
SMK KHAIRUL UMAM LENEK DAYA,69931645,SMK,Swasta,Kec. Aikmel,230309,Kab. Lombok Timur,230300,Prov. Nusa Tenggara Barat,230000,14,2,70,3,3,0,0,23,29 Apr 2026 16:59:38,65511F786C37247785EA
SMK PLUS MOCH. LUTHFI AL-MANAN,70059485,SMK,Swasta,Kec. Aikmel,230309,Kab. Lombok Timur,230300,Prov. Nusa Tenggara Barat,230000,10,1,42,2,1,0,0,85,23 Apr 2026 22:33:08,5F0B0EF89A553C84D693
SMK TARBIYATUSSIBYAN,69991850,SMK,Swasta,Kec. Aikmel,230309,Kab. Lombok Timur,230300,Prov. Nusa Tenggara Barat,230000,9,2,65,3,3,1,1,51,29 Apr 2026 09:43:58,D80D2E3EB058132C2995
SMKS AS SIDDIQ LENEK,50220770,SMK,Swasta,Kec. Aikmel,230309,Kab. Lombok Timur,230300,Prov. Nusa Tenggara Barat,230000,16,2,162,7,7,1,1,20,06 Apr 2026 23:52:47,996E7B57134B2F7FC454
SMKS CHAIRIL ANWAR,50205630,SMK,Swasta,Kec. Aikmel,230309,Kab. Lombok Timur,230300,Prov. Nusa Tenggara Barat,230000,7,0,0,0,0,0,0,0,,BF128B2454CD9D0499EE
SMKS DARUSSHOLIHIN NW KALIJAGA,50219639,SMK,Swasta,Kec. Aikmel,230309,Kab. Lombok Timur,230300,Prov. Nusa Tenggara Barat,230000,26,1,158,6,6,1,1,31,22 Apr 2026 07:58:24,AFAA252E8E4BA5E12219
SMKS MT KALIJAGA TIMUR,69760763,SMK,Swasta,Kec. Aikmel,230309,Kab. Lombok Timur,230300,Prov. Nusa Tenggara Barat,230000,14,1,39,3,3,1,1,22,24 Apr 2026 10:24:35,AA7B89BB660FDFC6B5FC
SD NEGERI 1 EMBUNG KANDONG,50202620,SD,Negeri,Kec. Terara,230303,Kab. Lombok Timur,230300,Prov. Nusa Tenggara Barat,230000,8,3,126,6,6,0,0,17,14 Apr 2026 16:51:44,C9232D11F256B732AEA4
SD NEGERI 1 EMBUNG RAJA,50203024,SD,Negeri,Kec. Terara,230303,Kab. Lombok Timur,230300,Prov. Nusa Tenggara Barat,230000,15,4,300,12,12,0,2,21,11 Apr 2026 22:45:35,9F5888D28964667EC713
SD NEGERI 1 JENGGIK,50202975,SD,Negeri,Kec. Terara,230303,Kab. Lombok Timur,230300,Prov. Nusa Tenggara Barat,230000,8,2,72,6,5,0,0,13,30 Mar 2026 13:25:15,194F829A927C202D7212
SD NEGERI 1 KALIANYAR,50203050,SD,Negeri,Kec. Terara,230303,Kab. Lombok Timur,230300,Prov. Nusa Tenggara Barat,230000,13,1,200,9,6,1,2,37,11 Apr 2026 21:09:39,83011F63EAB7FDA13CA3
SD NEGERI 1 LANDO,50203003,SD,Negeri,Kec. Terara,230303,Kab. Lombok Timur,230300,Prov. Nusa Tenggara Barat,230000,9,3,176,7,6,0,0,20,08 Apr 2026 07:58:35,4875B66F6AEED3B8F8BC
SD NEGERI 1 LEMING,50202254,SD,Negeri,Kec. Terara,230303,Kab. Lombok Timur,230300,Prov. Nusa Tenggara Barat,230000,9,2,186,6,6,1,1,30,28 Apr 2026 08:13:52,30BB723DA9DEAB78FFA1
SD NEGERI 1 PANDAN DURI,50203039,SD,Negeri,Kec. Terara,230303,Kab. Lombok Timur,230300,Prov. Nusa Tenggara Barat,230000,8,1,164,6,6,0,1,33,11 Apr 2026 11:18:22,09ED3E5DCAD0ED49BD88
SD NEGERI 1 RARANG,50202304,SD,Negeri,Kec. Terara,230303,Kab. Lombok Timur,230300,Prov. Nusa Tenggara Barat,230000,8,1,105,6,6,0,1,8,03 Mar 2026 08:49:55,1EE9642C5C2257A9888F
SD NEGERI 1 RARANG BATAS,50202202,SD,Negeri,Kec. Terara,230303,Kab. Lombok Timur,230300,Prov. Nusa Tenggara Barat,230000,9,2,157,6,6,0,0,12,17 Apr 2026 09:05:54,2D38B46E9A29ED0489B3
SD NEGERI 1 RARANG SELATAN,50202433,SD,Negeri,Kec. Terara,230303,Kab. Lombok Timur,230300,Prov. Nusa Tenggara Barat,230000,11,0,219,8,8,0,1,61,14 Apr 2026 10:42:47,DE22B054BC080E0D4CA3
SD NEGERI 1 SANTONG,50202265,SD,Negeri,Kec. Terara,230303,Kab. Lombok Timur,230300,Prov. Nusa Tenggara Barat,230000,7,1,116,6,6,1,1,21,04 Mar 2026 07:23:41,99711AADD59F6F178229
SD NEGERI 1 SELAGIK,50202316,SD,Negeri,Kec. Terara,230303,Kab. Lombok Timur,230300,Prov. Nusa Tenggara Barat,230000,8,0,191,6,6,0,0,24,27 Apr 2026 07:49:45,B3E9D6793B40DC03D623
SD NEGERI 1 SUKADANA,50202259,SD,Negeri,Kec. Terara,230303,Kab. Lombok Timur,230300,Prov. Nusa Tenggara Barat,230000,10,2,187,8,8,0,0,42,27 Apr 2026 09:29:44,70656C77798356FCEC4C
SD NEGERI 1 SURADADI,50203045,SD,Negeri,Kec. Terara,230303,Kab. Lombok Timur,230300,Prov. Nusa Tenggara Barat,230000,11,1,182,8,8,0,1,29,09 Apr 2026 23:09:15,A24AAF65129CE5CC3171
SD NEGERI 1 TERARA,50202280,SD,Negeri,Kec. Terara,230303,Kab. Lombok Timur,230300,Prov. Nusa Tenggara Barat,230000,17,2,329,12,12,0,1,16,02 May 2026 17:52:46,1AB01E3984DAF5EAA687
SD NEGERI 2 EMBUNG RAJA,50202198,SD,Negeri,Kec. Terara,230303,Kab. Lombok Timur,230300,Prov. Nusa Tenggara Barat,230000,7,2,137,6,6,1,1,27,06 Mar 2026 16:42:00,C8312C37C23985B4BBA7
SD NEGERI 2 JENGGIK,50202167,SD,Negeri,Kec. Terara,230303,Kab. Lombok Timur,230300,Prov. Nusa Tenggara Barat,230000,8,2,116,6,5,0,1,27,20 Apr 2026 15:46:24,474162073BEBFBD2AA59
SD NEGERI 2 KALIANYAR,50202231,SD,Negeri,Kec. Terara,230303,Kab. Lombok Timur,230300,Prov. Nusa Tenggara Barat,230000,10,1,253,7,6,0,0,51,07 Apr 2026 13:25:45,D714DC73EC10A97273D9
SD NEGERI 2 LANDO,50202369,SD,Negeri,Kec. Terara,230303,Kab. Lombok Timur,230300,Prov. Nusa Tenggara Barat,230000,8,1,187,6,6,0,1,19,15 Apr 2026 10:14:26,9E2E2B6863EA5C09C50C
SD NEGERI 2 LEMING,50202571,SD,Negeri,Kec. Terara,230303,Kab. Lombok Timur,230300,Prov. Nusa Tenggara Barat,230000,9,1,136,6,6,0,1,9,16 Apr 2026 10:18:22,D67A1891ECB09787330A
SD NEGERI 2 PANDAN DURI,50219361,SD,Negeri,Kec. Terara,230303,Kab. Lombok Timur,230300,Prov. Nusa Tenggara Barat,230000,8,1,128,6,6,0,0,18,02 May 2026 10:20:54,1BDA033AFF880602DE80
SD NEGERI 2 RARANG,50202133,SD,Negeri,Kec. Terara,230303,Kab. Lombok Timur,230300,Prov. Nusa Tenggara Barat,230000,10,2,205,8,7,1,1,23,27 Apr 2026 11:15:47,2FE2F1DF3DDDE0A2E63C
SD NEGERI 2 RARANG BATAS,50202651,SD,Negeri,Kec. Terara,230303,Kab. Lombok Timur,230300,Prov. Nusa Tenggara Barat,230000,9,1,160,7,6,0,0,11,06 Mar 2026 13:18:09,62D10203D093B12F7406
SD NEGERI 2 RARANG SELATAN,50202403,SD,Negeri,Kec. Terara,230303,Kab. Lombok Timur,230300,Prov. Nusa Tenggara Barat,230000,8,2,163,6,6,0,1,11,13 Apr 2026 07:57:09,1028A232F98DC896774A
SD NEGERI 2 RARANG TENGAH,50202317,SD,Negeri,Kec. Terara,230303,Kab. Lombok Timur,230300,Prov. Nusa Tenggara Barat,230000,9,1,131,6,6,0,0,13,05 Mar 2026 07:44:40,BF943A5786ED1D4ADDB1
SD NEGERI 2 SANTONG,50202353,SD,Negeri,Kec. Terara,230303,Kab. Lombok Timur,230300,Prov. Nusa Tenggara Barat,230000,9,1,205,7,7,0,0,10,10 Apr 2026 09:38:15,60E2402947704DC65A84
SD NEGERI 2 SELAGIK,50202549,SD,Negeri,Kec. Terara,230303,Kab. Lombok Timur,230300,Prov. Nusa Tenggara Barat,230000,12,3,262,9,9,0,0,33,22 Apr 2026 10:56:25,13BEE0F5B1EE364A264D
SD NEGERI 2 SUKADANA,50202337,SD,Negeri,Kec. Terara,230303,Kab. Lombok Timur,230300,Prov. Nusa Tenggara Barat,230000,15,2,315,12,9,0,1,27,06 Apr 2026 09:37:49,0FA0FF74CD4D1200A853
SD NEGERI 2 SURADADI,50202216,SD,Negeri,Kec. Terara,230303,Kab. Lombok Timur,230300,Prov. Nusa Tenggara Barat,230000,9,1,148,6,6,1,1,13,03 Mar 2026 11:24:59,9841661B609F469DCA5A
SD NEGERI 2 TERARA,50202212,SD,Negeri,Kec. Terara,230303,Kab. Lombok Timur,230300,Prov. Nusa Tenggara Barat,230000,8,2,82,6,6,1,1,16,10 Apr 2026 22:24:46,0417695E417F258F2DD6
SD NEGERI 3 EMBUNG RAJA,50202647,SD,Negeri,Kec. Terara,230303,Kab. Lombok Timur,230300,Prov. Nusa Tenggara Barat,230000,9,1,124,6,6,0,0,33,17 Apr 2026 05:02:56,528FE4581E217B64022E
SD NEGERI 3 JENGGIK,50202586,SD,Negeri,Kec. Terara,230303,Kab. Lombok Timur,230300,Prov. Nusa Tenggara Barat,230000,8,1,113,6,6,0,1,13,10 Apr 2026 18:23:43,A5C9797E510A5ECB6C10
SD NEGERI 3 LANDO,50202240,SD,Negeri,Kec. Terara,230303,Kab. Lombok Timur,230300,Prov. Nusa Tenggara Barat,230000,9,1,103,6,6,0,1,17,27 Apr 2026 09:31:20,B48CA8A645595E95F9D7
SD NEGERI 3 LEMING,50202614,SD,Negeri,Kec. Terara,230303,Kab. Lombok Timur,230300,Prov. Nusa Tenggara Barat,230000,9,1,79,6,6,0,1,22,17 Apr 2026 09:43:42,3E950DC353066EE91E0D
SD NEGERI 3 RARANG,50202530,SD,Negeri,Kec. Terara,230303,Kab. Lombok Timur,230300,Prov. Nusa Tenggara Barat,230000,10,3,216,7,6,0,1,28,04 Mar 2026 09:11:11,84EC0108AEC3358F8091
SD NEGERI 3 RARANG TENGAH,50202450,SD,Negeri,Kec. Terara,230303,Kab. Lombok Timur,230300,Prov. Nusa Tenggara Barat,230000,7,1,166,6,6,1,1,12,16 Apr 2026 09:10:40,0FBE305164315CEDDF46
SD NEGERI 3 SANTONG,50202128,SD,Negeri,Kec. Terara,230303,Kab. Lombok Timur,230300,Prov. Nusa Tenggara Barat,230000,8,2,141,6,6,1,1,24,30 Apr 2026 10:09:46,56DC379050202B5B1777
SD NEGERI 3 SELAGIK,50202643,SD,Negeri,Kec. Terara,230303,Kab. Lombok Timur,230300,Prov. Nusa Tenggara Barat,230000,11,1,242,10,7,0,1,35,17 Apr 2026 09:54:34,2CF905E8DA3BB1A3033B
SD NEGERI 3 SUKADANA,50202193,SD,Negeri,Kec. Terara,230303,Kab. Lombok Timur,230300,Prov. Nusa Tenggara Barat,230000,8,3,144,6,6,1,1,19,30 Apr 2026 08:07:40,82F1AF88F5CF9ADA82CE
SD NEGERI 3 SURADADI,50202428,SD,Negeri,Kec. Terara,230303,Kab. Lombok Timur,230300,Prov. Nusa Tenggara Barat,230000,8,0,151,6,6,1,1,26,30 Apr 2026 10:24:32,D45040EF7493CB31CE22
SD NEGERI 3 TERARA,50202568,SD,Negeri,Kec. Terara,230303,Kab. Lombok Timur,230300,Prov. Nusa Tenggara Barat,230000,8,2,160,6,6,0,1,22,06 Apr 2026 07:55:25,56BC8CB987D4C9166F2E
SD NEGERI 4 LANDO,50202636,SD,Negeri,Kec. Terara,230303,Kab. Lombok Timur,230300,Prov. Nusa Tenggara Barat,230000,7,1,93,6,6,0,0,20,18 Mar 2026 18:27:17,C02593AD67676679E30D
SD NEGERI 4 RARANG,50202423,SD,Negeri,Kec. Terara,230303,Kab. Lombok Timur,230300,Prov. Nusa Tenggara Barat,230000,13,4,198,11,9,0,1,12,30 Apr 2026 06:59:02,FE04FC65EC701EFE83B9
SD NEGERI 4 SANTONG,50202525,SD,Negeri,Kec. Terara,230303,Kab. Lombok Timur,230300,Prov. Nusa Tenggara Barat,230000,8,1,88,6,6,0,0,30,30 Apr 2026 23:05:59,D99927D4B9748A45304F
SD NEGERI 4 SUKADANA,50202552,SD,Negeri,Kec. Terara,230303,Kab. Lombok Timur,230300,Prov. Nusa Tenggara Barat,230000,8,3,85,6,6,0,0,24,07 Apr 2026 08:51:44,031D99E3E955F842DEA9
SD NEGERI 4 TERARA,50202640,SD,Negeri,Kec. Terara,230303,Kab. Lombok Timur,230300,Prov. Nusa Tenggara Barat,230000,10,1,166,8,5,0,0,17,09 Apr 2026 09:05:08,1FDC9083FA09BA06AE7F
SD NEGERI 5 LANDO,50202604,SD,Negeri,Kec. Terara,230303,Kab. Lombok Timur,230300,Prov. Nusa Tenggara Barat,230000,9,0,158,6,6,0,1,16,10 Apr 2026 12:12:41,9CBF5059D621D5888F68
SD NEGERI 5 SUKADANA,69978529,SD,Negeri,Kec. Terara,230303,Kab. Lombok Timur,230300,Prov. Nusa Tenggara Barat,230000,8,2,123,6,6,0,0,11,09 Apr 2026 06:58:12,27A8917CED3103F03636
SDN 1 RARANG TENGAH,50203030,SD,Negeri,Kec. Terara,230303,Kab. Lombok Timur,230300,Prov. Nusa Tenggara Barat,230000,9,1,217,7,6,0,2,21,15 Apr 2026 08:58:43,5439F11A56347828100B
SD ISLAM KAMIL MUSTHOFA AL - MUBAROK NW,70058606,SD,Swasta,Kec. Terara,230303,Kab. Lombok Timur,230300,Prov. Nusa Tenggara Barat,230000,5,1,6,2,2,0,0,13,02 May 2026 19:32:09,65BA65793B34A09ED508
SD ISLAM NUSROTUL HAQQI WAROSULIH,70057102,SD,Swasta,Kec. Terara,230303,Kab. Lombok Timur,230300,Prov. Nusa Tenggara Barat,230000,7,3,20,3,3,0,1,20,16 Apr 2026 03:07:47,141EA6F4A3466BBDF43B
SMP NEGERI 1 TERARA,50202508,SMP,Negeri,Kec. Terara,230303,Kab. Lombok Timur,230300,Prov. Nusa Tenggara Barat,230000,70,10,1134,33,26,5,1,38,22 Apr 2026 11:25:43,0B09B90392837028100C
SMP NEGERI 2 TERARA,50202474,SMP,Negeri,Kec. Terara,230303,Kab. Lombok Timur,230300,Prov. Nusa Tenggara Barat,230000,31,6,359,12,12,2,1,29,02 May 2026 10:46:25,DF8DBAB91B5E53A372FA
SMP NEGERI 3 TERARA,50202480,SMP,Negeri,Kec. Terara,230303,Kab. Lombok Timur,230300,Prov. Nusa Tenggara Barat,230000,25,6,325,11,12,2,1,26,18 Apr 2026 10:36:10,2FD4E721EE5DA32C553C
SMP NEGERI SATU ATAP 1 TERARA,50220308,SMP,Negeri,Kec. Terara,230303,Kab. Lombok Timur,230300,Prov. Nusa Tenggara Barat,230000,14,0,81,4,5,2,1,21,01 May 2026 20:37:47,868597B6385ECB7881DA
SMP NEGERI SATU ATAP 2 TERARA,50220311,SMP,Negeri,Kec. Terara,230303,Kab. Lombok Timur,230300,Prov. Nusa Tenggara Barat,230000,13,1,41,3,3,1,1,31,30 Apr 2026 10:01:12,631D1B2A48A9903DE418
SMP AL - BADRIYAH KEBON RADEN,70039840,SMP,Swasta,Kec. Terara,230303,Kab. Lombok Timur,230300,Prov. Nusa Tenggara Barat,230000,9,1,23,3,3,0,1,16,23 Apr 2026 13:12:21,F7DEB3820FC2EFF48425
SMP ISLAM AL BADRIYAH RARANG,50219396,SMP,Swasta,Kec. Terara,230303,Kab. Lombok Timur,230300,Prov. Nusa Tenggara Barat,230000,11,1,94,5,5,2,1,22,21 Apr 2026 07:40:47,DF05C8475209264D355B
SMP ISLAM AL MASSYATH NW GUNUNG SESANG,69886247,SMP,Swasta,Kec. Terara,230303,Kab. Lombok Timur,230300,Prov. Nusa Tenggara Barat,230000,11,1,79,4,3,2,1,33,28 Apr 2026 11:24:33,22655EA3CF73BD70716B
SMP ISLAM DARUL MUHSININ NW GERANTUNG,69981869,SMP,Swasta,Kec. Terara,230303,Kab. Lombok Timur,230300,Prov. Nusa Tenggara Barat,230000,11,1,103,3,3,0,1,18,15 Apr 2026 18:57:39,0BB91B35E72B5DF51D90
SMP ISLAM NURUL AZHAR SUKADANA,69883582,SMP,Swasta,Kec. Terara,230303,Kab. Lombok Timur,230300,Prov. Nusa Tenggara Barat,230000,2,1,93,4,8,1,0,10,24 Apr 2026 12:59:57,977B27F2F1662587224B
SMP Islam NW Gayut,50220507,SMP,Swasta,Kec. Terara,230303,Kab. Lombok Timur,230300,Prov. Nusa Tenggara Barat,230000,12,1,99,6,3,1,4,21,16 Mar 2026 20:34:16,ECFF91D2440DED29CB84
SMP ISLAM TERPADU AL HASANIYAH NW JENGGIK,69874366,SMP,Swasta,Kec. Terara,230303,Kab. Lombok Timur,230300,Prov. Nusa Tenggara Barat,230000,9,1,51,3,3,2,1,34,11 Apr 2026 08:32:55,5ACEB46245F4F5619A74
SMP ISLAM TERPADU DARUL AZKIYA BUMBANG,69936411,SMP,Swasta,Kec. Terara,230303,Kab. Lombok Timur,230300,Prov. Nusa Tenggara Barat,230000,8,3,67,3,3,0,0,24,05 Apr 2026 20:06:35,9C903B6F7A6D5A831350
SMP ISLAM TERPADU HUSNUL KHOTIMAH JIKEN,69958526,SMP,Swasta,Kec. Terara,230303,Kab. Lombok Timur,230300,Prov. Nusa Tenggara Barat,230000,6,1,31,3,2,0,0,13,13 Apr 2026 19:47:04,50522D72CF1B6C62272D
SMP IT AL - MIZAANUL KUBRO,70037328,SMP,Swasta,Kec. Terara,230303,Kab. Lombok Timur,230300,Prov. Nusa Tenggara Barat,230000,9,1,29,3,3,0,1,12,24 Apr 2026 14:53:16,D66DBE55B88849B00D11
SMP IT AZZAHRA SANTONG,69995772,SMP,Swasta,Kec. Terara,230303,Kab. Lombok Timur,230300,Prov. Nusa Tenggara Barat,230000,11,2,73,3,3,0,1,10,01 May 2026 08:48:58,57AB1312C163DDFAB97A
SMP IT JIHADUL MUSLIMIN BATU PENGILIK,70013223,SMP,Swasta,Kec. Terara,230303,Kab. Lombok Timur,230300,Prov. Nusa Tenggara Barat,230000,12,3,58,3,3,0,1,14,02 May 2026 19:23:26,D550BCE6680A73B214BA
SMP IT Sulthon Rinjani NW Dasan Poto,69994895,SMP,Swasta,Kec. Terara,230303,Kab. Lombok Timur,230300,Prov. Nusa Tenggara Barat,230000,9,1,43,3,3,0,1,51,29 Apr 2026 12:10:05,A67533E66B9416929D46
SMP Tahfizh As - Shonhaadji,70007078,SMP,Swasta,Kec. Terara,230303,Kab. Lombok Timur,230300,Prov. Nusa Tenggara Barat,230000,4,1,23,3,6,2,1,10,17 Mar 2026 15:02:42,6E9EC8E388820793A9AD
SMPS ISLAM AL-ANSHORI,69761894,SMP,Swasta,Kec. Terara,230303,Kab. Lombok Timur,230300,Prov. Nusa Tenggara Barat,230000,10,1,62,3,3,0,0,24,27 Apr 2026 09:33:34,36DD49586CAE7A932B13
SMPS IT AL QIMMAH,69760836,SMP,Swasta,Kec. Terara,230303,Kab. Lombok Timur,230300,Prov. Nusa Tenggara Barat,230000,9,3,60,3,3,0,0,13,30 Apr 2026 20:23:51,23C2F8BF5C84CB3230CD
SMAN 1 TERARA,50202502,SMA,Negeri,Kec. Terara,230303,Kab. Lombok Timur,230300,Prov. Nusa Tenggara Barat,230000,70,16,1334,35,31,4,1,54,24 Apr 2026 09:56:28,5FC6D081EFAF5166520B
SMA ISLAM DARUL AMIEN,70053639,SMA,Swasta,Kec. Terara,230303,Kab. Lombok Timur,230300,Prov. Nusa Tenggara Barat,230000,6,1,19,3,1,0,0,45,30 Apr 2026 13:34:55,9B9DB1DBB40CEFA3BD51
SMA ISLAM HUSNUL KHOTIMAH JIKEN,70048300,SMA,Swasta,Kec. Terara,230303,Kab. Lombok Timur,230300,Prov. Nusa Tenggara Barat,230000,3,1,31,3,3,0,0,12,23 Mar 2026 14:16:38,BF772DF441C31A8407D5
SMA ISLAM NURUL AZHAR,70037073,SMA,Swasta,Kec. Terara,230303,Kab. Lombok Timur,230300,Prov. Nusa Tenggara Barat,230000,0,1,68,3,4,0,0,4,29 Jan 2026 21:58:27,35263204B365E07F3CAF
SMA ISLAM NW GAYUT,69946312,SMA,Swasta,Kec. Terara,230303,Kab. Lombok Timur,230300,Prov. Nusa Tenggara Barat,230000,14,1,114,6,6,1,1,32,25 Mar 2026 11:23:15,535B10EA921244E5693D
SMAS AL HASANIYAH JENGGIK,50202396,SMA,Swasta,Kec. Terara,230303,Kab. Lombok Timur,230300,Prov. Nusa Tenggara Barat,230000,9,2,106,3,5,2,0,13,16 Apr 2026 12:54:17,97C82A9F80900F6AAD82
SMAS ALBADRIYAH RARANG,50202393,SMA,Swasta,Kec. Terara,230303,Kab. Lombok Timur,230300,Prov. Nusa Tenggara Barat,230000,10,2,61,3,3,2,1,21,08 Apr 2026 08:37:47,8EA8C584058B837080FA
SMAS MUHAMMADIYAH TERARA,50202422,SMA,Swasta,Kec. Terara,230303,Kab. Lombok Timur,230300,Prov. Nusa Tenggara Barat,230000,9,1,16,3,3,3,1,7,06 Mar 2026 18:42:19,1B0177D27E25EFFE26EB
SMK AL ANSHORI MONJE,69930706,SMK,Swasta,Kec. Terara,230303,Kab. Lombok Timur,230300,Prov. Nusa Tenggara Barat,230000,9,1,165,5,3,1,0,21,08 Apr 2026 09:49:10,D3F968142FC041D274EF
SMK ISLAM TERPADU AL QIMMAH,69945065,SMK,Swasta,Kec. Terara,230303,Kab. Lombok Timur,230300,Prov. Nusa Tenggara Barat,230000,9,1,55,3,3,0,0,32,15 Apr 2026 17:19:32,9277B5F9792BEA970216
SMKS DARUL HAMIDI NW BATU MIRIK,60729169,SMK,Swasta,Kec. Terara,230303,Kab. Lombok Timur,230300,Prov. Nusa Tenggara Barat,230000,13,3,99,6,6,3,1,23,22 Apr 2026 08:10:59,53F91CAA029307B1ECDF
SMKS RAHMATULLAH NW JENGGIK,50219638,SMK,Swasta,Kec. Terara,230303,Kab. Lombok Timur,230300,Prov. Nusa Tenggara Barat,230000,0,0,0,0,0,0,0,0,,0D9D6C6D7076A2209DF5
SMKS YAPIS SANTONG,69757229,SMK,Swasta,Kec. Terara,230303,Kab. Lombok Timur,230300,Prov. Nusa Tenggara Barat,230000,6,1,104,6,6,1,1,12,21 Apr 2026 19:39:50,01868FAB83ADDD0E7AC0
SD NEGERI 1 DARMASARI,50205762,SD,Negeri,Kec. Sikur,230304,Kab. Lombok Timur,230300,Prov. Nusa Tenggara Barat,230000,9,1,148,7,6,0,0,20,23 Apr 2026 07:29:39,76DF832A2E5A7203F43B
SD NEGERI 1 GELORA,50219340,SD,Negeri,Kec. Sikur,230304,Kab. Lombok Timur,230300,Prov. Nusa Tenggara Barat,230000,12,2,192,10,7,0,0,66,30 Apr 2026 07:42:48,A0F22F44A26EA631D792
SD NEGERI 1 JERUK MANIS,50219985,SD,Negeri,Kec. Sikur,230304,Kab. Lombok Timur,230300,Prov. Nusa Tenggara Barat,230000,7,3,101,6,6,1,1,12,12 Apr 2026 14:07:43,6E3B6ACF20741BA1BF18
SD NEGERI 1 KEMBANG KUNING,50205757,SD,Negeri,Kec. Sikur,230304,Kab. Lombok Timur,230300,Prov. Nusa Tenggara Barat,230000,7,2,151,6,6,0,1,17,30 Apr 2026 10:20:17,43FF2FA522C2C2D7F599
SD NEGERI 1 KOTARAJA,50205750,SD,Negeri,Kec. Sikur,230304,Kab. Lombok Timur,230300,Prov. Nusa Tenggara Barat,230000,18,3,375,14,14,0,0,25,02 May 2026 08:06:33,82EB06F42F55AAA6D8E9
SD NEGERI 1 LOYOK,50205747,SD,Negeri,Kec. Sikur,230304,Kab. Lombok Timur,230300,Prov. Nusa Tenggara Barat,230000,9,2,111,7,6,0,1,4,21 Jan 2026 09:36:11,10263FBFDA928CC59D9B
SD NEGERI 1 MONTONG BAAN,50219341,SD,Negeri,Kec. Sikur,230304,Kab. Lombok Timur,230300,Prov. Nusa Tenggara Barat,230000,9,2,157,6,6,0,0,15,07 Apr 2026 07:25:21,6B624E1CCBCDC01F2281
SD NEGERI 1 MONTONG BAAN SELATAN,50205743,SD,Negeri,Kec. Sikur,230304,Kab. Lombok Timur,230300,Prov. Nusa Tenggara Barat,230000,15,3,286,12,13,0,1,11,26 Apr 2026 07:31:00,6C94A44807B350C2BA68
SD NEGERI 1 SEMAYA,50205741,SD,Negeri,Kec. Sikur,230304,Kab. Lombok Timur,230300,Prov. Nusa Tenggara Barat,230000,10,3,196,8,8,0,0,12,03 Apr 2026 00:25:00,B6CCCCA781433C4E9938
SD NEGERI 1 SIKUR,50205737,SD,Negeri,Kec. Sikur,230304,Kab. Lombok Timur,230300,Prov. Nusa Tenggara Barat,230000,17,3,251,12,8,0,1,6,04 Mar 2026 08:27:37,5F3F4F9055FAF270FF4A
SD NEGERI 1 SIKUR SELATAN,50205761,SD,Negeri,Kec. Sikur,230304,Kab. Lombok Timur,230300,Prov. Nusa Tenggara Barat,230000,15,4,246,12,9,0,1,24,21 Apr 2026 07:31:08,ABCDEF98B8FAD22C3173
SD NEGERI 1 TETEBATU,50205753,SD,Negeri,Kec. Sikur,230304,Kab. Lombok Timur,230300,Prov. Nusa Tenggara Barat,230000,9,2,187,7,6,0,1,5,04 Mar 2026 10:21:22,45B27E136887C84304B0
SD NEGERI 1 TETEBATU SELATAN,50219646,SD,Negeri,Kec. Sikur,230304,Kab. Lombok Timur,230300,Prov. Nusa Tenggara Barat,230000,10,2,191,8,6,0,0,20,15 Apr 2026 10:22:25,E4751CC2A00AE0998BDA
SD NEGERI 2 DARMASARI,50205763,SD,Negeri,Kec. Sikur,230304,Kab. Lombok Timur,230300,Prov. Nusa Tenggara Barat,230000,9,2,116,6,6,0,1,26,30 Apr 2026 10:32:25,F250078A870915CBA764
SD NEGERI 2 GELORA,50219343,SD,Negeri,Kec. Sikur,230304,Kab. Lombok Timur,230300,Prov. Nusa Tenggara Barat,230000,16,4,303,12,7,0,1,25,19 Mar 2026 17:07:05,2C106ECAC787A5F549DA
SD NEGERI 2 KOTARAJA,50219339,SD,Negeri,Kec. Sikur,230304,Kab. Lombok Timur,230300,Prov. Nusa Tenggara Barat,230000,14,3,291,11,10,0,1,11,02 Apr 2026 05:48:25,7402A1656F0C0222625C
SD NEGERI 2 LOYOK,50205748,SD,Negeri,Kec. Sikur,230304,Kab. Lombok Timur,230300,Prov. Nusa Tenggara Barat,230000,11,1,203,9,6,0,0,30,27 Mar 2026 13:29:01,7FC282C0FD887EB891A1
SD NEGERI 2 MONTONG BAAN,50219402,SD,Negeri,Kec. Sikur,230304,Kab. Lombok Timur,230300,Prov. Nusa Tenggara Barat,230000,7,1,119,6,6,0,1,36,20 Apr 2026 18:13:31,15D0C04D48BFE5AFB04A
SD NEGERI 2 MONTONG BAAN SELATAN,50205745,SD,Negeri,Kec. Sikur,230304,Kab. Lombok Timur,230300,Prov. Nusa Tenggara Barat,230000,12,1,164,9,11,0,1,24,13 Apr 2026 09:07:09,35A3E11EB1FDC08BE9B8
SD NEGERI 2 SEMAYA,50205764,SD,Negeri,Kec. Sikur,230304,Kab. Lombok Timur,230300,Prov. Nusa Tenggara Barat,230000,8,2,141,6,6,0,1,20,13 Apr 2026 12:51:50,D9D3E6B4775FF195C963
SD NEGERI 2 SIKUR,50219984,SD,Negeri,Kec. Sikur,230304,Kab. Lombok Timur,230300,Prov. Nusa Tenggara Barat,230000,17,3,336,12,12,1,1,9,09 Apr 2026 09:03:52,AB0DD9221C90940CEC70
SD NEGERI 2 SIKUR SELATAN,50219983,SD,Negeri,Kec. Sikur,230304,Kab. Lombok Timur,230300,Prov. Nusa Tenggara Barat,230000,14,1,208,10,8,0,1,17,21 Apr 2026 08:55:54,91299E398817D342C11B
SD NEGERI 2 TETEBATU,50205754,SD,Negeri,Kec. Sikur,230304,Kab. Lombok Timur,230300,Prov. Nusa Tenggara Barat,230000,6,0,131,6,6,0,1,19,04 Mar 2026 19:41:39,56D6D1EB1DE9387E465A
SD NEGERI 2 TETEBATU SELATAN,50205756,SD,Negeri,Kec. Sikur,230304,Kab. Lombok Timur,230300,Prov. Nusa Tenggara Barat,230000,8,3,84,6,6,0,0,27,23 Apr 2026 07:50:53,A42E1609F61268F003C5
SD NEGERI 3 DARMASARI,50205742,SD,Negeri,Kec. Sikur,230304,Kab. Lombok Timur,230300,Prov. Nusa Tenggara Barat,230000,9,3,176,7,6,0,1,11,30 Apr 2026 11:11:49,E4085BD8A646390F59F1
SD NEGERI 3 GELORA,50205749,SD,Negeri,Kec. Sikur,230304,Kab. Lombok Timur,230300,Prov. Nusa Tenggara Barat,230000,9,2,150,6,7,0,0,33,29 Apr 2026 13:06:45,E5727629254E46B9CBE4
SD NEGERI 3 KOTARAJA,50205751,SD,Negeri,Kec. Sikur,230304,Kab. Lombok Timur,230300,Prov. Nusa Tenggara Barat,230000,10,1,209,8,6,0,0,20,03 Mar 2026 20:31:20,E6F3C5312218B929E593
SD NEGERI 3 LOYOK,50219347,SD,Negeri,Kec. Sikur,230304,Kab. Lombok Timur,230300,Prov. Nusa Tenggara Barat,230000,8,2,128,6,6,1,1,10,04 Apr 2026 07:53:30,AB0724A6947DC3389BF1
SD NEGERI 3 MONTONG BAAN,50219401,SD,Negeri,Kec. Sikur,230304,Kab. Lombok Timur,230300,Prov. Nusa Tenggara Barat,230000,10,1,155,6,6,0,1,14,19 Apr 2026 20:20:09,14E4E46104B4B442A3EB
SD NEGERI 3 MONTONG BAAN SELATAN,50219348,SD,Negeri,Kec. Sikur,230304,Kab. Lombok Timur,230300,Prov. Nusa Tenggara Barat,230000,8,2,171,6,6,0,0,12,05 Mar 2026 06:58:28,5F9AB68E4F11DBE1A1BF
SD NEGERI 3 SEMAYA,50205765,SD,Negeri,Kec. Sikur,230304,Kab. Lombok Timur,230300,Prov. Nusa Tenggara Barat,230000,8,2,141,6,7,1,1,15,02 Apr 2026 16:49:31,E0273E8E47A5057BD2BD
SD NEGERI 3 SIKUR,50205738,SD,Negeri,Kec. Sikur,230304,Kab. Lombok Timur,230300,Prov. Nusa Tenggara Barat,230000,11,2,192,8,8,0,1,13,13 Apr 2026 06:57:05,9ABEF048E731A6C00EB1
SD NEGERI 3 SIKUR SELATAN,50205739,SD,Negeri,Kec. Sikur,230304,Kab. Lombok Timur,230300,Prov. Nusa Tenggara Barat,230000,8,2,135,6,6,0,0,9,05 Mar 2026 07:43:27,FA572B9642B322B5F031
SD NEGERI 3 TETEBATU,50219344,SD,Negeri,Kec. Sikur,230304,Kab. Lombok Timur,230300,Prov. Nusa Tenggara Barat,230000,7,1,178,6,6,0,1,15,14 Apr 2026 06:46:26,0918F225DC9BA4D0236E
SD NEGERI 4 KOTARAJA,50219342,SD,Negeri,Kec. Sikur,230304,Kab. Lombok Timur,230300,Prov. Nusa Tenggara Barat,230000,12,1,197,9,9,0,1,10,18 Apr 2026 08:11:38,AE5810CE63444DCD27E3
SD NEGERI 4 LOYOK,50219349,SD,Negeri,Kec. Sikur,230304,Kab. Lombok Timur,230300,Prov. Nusa Tenggara Barat,230000,8,2,95,6,6,0,1,35,30 Apr 2026 07:47:30,0FC7B8ED84B40D6C4CDA
SD NEGERI 4 MONTONG BAAN,50219399,SD,Negeri,Kec. Sikur,230304,Kab. Lombok Timur,230300,Prov. Nusa Tenggara Barat,230000,11,1,156,8,6,0,0,15,30 Apr 2026 09:02:25,CED082725D626A6AD499
SD NEGERI 4 MONTONG BAAN SELATAN,50219352,SD,Negeri,Kec. Sikur,230304,Kab. Lombok Timur,230300,Prov. Nusa Tenggara Barat,230000,8,0,134,6,6,0,0,16,04 Apr 2026 07:13:34,14C2CA5E4C0632477557
SD NEGERI 4 SIKUR,50205740,SD,Negeri,Kec. Sikur,230304,Kab. Lombok Timur,230300,Prov. Nusa Tenggara Barat,230000,10,2,139,6,6,0,1,22,06 Mar 2026 08:49:32,A3C85C6E02823497586C
SD NEGERI 4 TETEBATU,50205755,SD,Negeri,Kec. Sikur,230304,Kab. Lombok Timur,230300,Prov. Nusa Tenggara Barat,230000,10,1,197,8,9,0,0,16,28 Apr 2026 07:08:28,365D7A30B3C550CE1E5E
SD NEGERI 5 KOTARAJA,50219346,SD,Negeri,Kec. Sikur,230304,Kab. Lombok Timur,230300,Prov. Nusa Tenggara Barat,230000,10,1,102,6,6,0,0,11,14 Apr 2026 08:06:51,4E95D03DC9A3E433E80E
SD NEGERI 5 MONTONG BAAN SELATAN,50219350,SD,Negeri,Kec. Sikur,230304,Kab. Lombok Timur,230300,Prov. Nusa Tenggara Barat,230000,8,3,102,6,5,0,0,10,04 Apr 2026 08:58:12,FD171672AC32E75C8958
SD NEGERI 6 KOTARAJA,50205752,SD,Negeri,Kec. Sikur,230304,Kab. Lombok Timur,230300,Prov. Nusa Tenggara Barat,230000,8,2,88,6,6,0,0,8,17 Apr 2026 08:13:04,5668786F4AD909C9D88F
SD Islam NW Kotaraja,50220443,SD,Swasta,Kec. Sikur,230304,Kab. Lombok Timur,230300,Prov. Nusa Tenggara Barat,230000,10,1,191,9,8,0,1,14,10 Apr 2026 08:19:49,9BCA8FBCCAE5DB7912E3
SD Islam Yaroja Kembang Kuning,50219981,SD,Swasta,Kec. Sikur,230304,Kab. Lombok Timur,230300,Prov. Nusa Tenggara Barat,230000,9,2,106,6,6,0,0,43,29 Apr 2026 14:21:08,4F38613F2BE618EA2AA0
SDI AL BANAWA SIKUR,69985874,SD,Swasta,Kec. Sikur,230304,Kab. Lombok Timur,230300,Prov. Nusa Tenggara Barat,230000,7,1,23,6,3,1,0,18,10 Apr 2026 16:44:56,CBBA793F06F709A92E21
SMP NEGERI 1 SIKUR,50202511,SMP,Negeri,Kec. Sikur,230304,Kab. Lombok Timur,230300,Prov. Nusa Tenggara Barat,230000,45,10,784,24,25,2,1,65,23 Apr 2026 11:59:37,A1E1174F6E3E2F43D07D
SMP NEGERI 2 SIKUR,50202462,SMP,Negeri,Kec. Sikur,230304,Kab. Lombok Timur,230300,Prov. Nusa Tenggara Barat,230000,46,10,558,19,21,2,1,49,24 Apr 2026 07:06:57,B94DA57BAB49C50375A1
SMP NEGERI 3 SIKUR,50202481,SMP,Negeri,Kec. Sikur,230304,Kab. Lombok Timur,230300,Prov. Nusa Tenggara Barat,230000,21,7,217,8,12,1,1,23,20 Apr 2026 09:11:40,C7BF344B02256793E523
SMP NEGERI 4 SIKUR,50202477,SMP,Negeri,Kec. Sikur,230304,Kab. Lombok Timur,230300,Prov. Nusa Tenggara Barat,230000,11,4,41,3,6,2,1,43,23 Apr 2026 07:54:38,C83EAA0D4FE439EFF90E
SMP NEGERI 5 SIKUR,50219580,SMP,Negeri,Kec. Sikur,230304,Kab. Lombok Timur,230300,Prov. Nusa Tenggara Barat,230000,26,4,277,10,10,1,1,25,30 Apr 2026 09:04:26,A06082E5C822729010C9
SMP NEGERI 6 SIKUR,50219636,SMP,Negeri,Kec. Sikur,230304,Kab. Lombok Timur,230300,Prov. Nusa Tenggara Barat,230000,16,5,87,4,5,2,1,16,10 Apr 2026 07:36:39,0A4D414EC2B1C77AE088
SMP ISLAM AL LATHIFIYAH TINGGAR,50202401,SMP,Swasta,Kec. Sikur,230304,Kab. Lombok Timur,230300,Prov. Nusa Tenggara Barat,230000,8,2,95,4,3,2,1,25,17 Apr 2026 09:55:21,222C5BB4692948E988F2
SMP ISLAM AL PURQAN OTAK BANGKET,69974851,SMP,Swasta,Kec. Sikur,230304,Kab. Lombok Timur,230300,Prov. Nusa Tenggara Barat,230000,6,2,44,3,3,0,1,11,15 Mar 2026 17:20:42,0B93B4645DD52D748A39
SMP Islam Darul Muttaqien Kotaraja,50219897,SMP,Swasta,Kec. Sikur,230304,Kab. Lombok Timur,230300,Prov. Nusa Tenggara Barat,230000,10,3,78,3,4,1,1,10,04 Mar 2026 10:52:57,BFB41B8CCFD9A2755297
SMP Islam NW Ajan,50220597,SMP,Swasta,Kec. Sikur,230304,Kab. Lombok Timur,230300,Prov. Nusa Tenggara Barat,230000,9,1,59,3,3,2,1,8,12 Apr 2026 09:52:08,57B9550790922BE2D674
SMP IT PLUS AL-BURUJ NW SIKUR,70036625,SMP,Swasta,Kec. Sikur,230304,Kab. Lombok Timur,230300,Prov. Nusa Tenggara Barat,230000,8,1,36,3,3,0,1,20,22 Apr 2026 11:42:41,9742F9417E8EA77A7794
SMP IT SYAIKH ABDURRAHMAN KOTARAJA,69995705,SMP,Swasta,Kec. Sikur,230304,Kab. Lombok Timur,230300,Prov. Nusa Tenggara Barat,230000,9,3,72,3,3,1,1,20,07 Mar 2026 09:00:17,659CE7A46964E15FF204
SMP NW SEMAYA,50202493,SMP,Swasta,Kec. Sikur,230304,Kab. Lombok Timur,230300,Prov. Nusa Tenggara Barat,230000,14,1,42,3,3,1,1,15,08 Apr 2026 09:52:09,A0BCDA084A7F7FA186C4
SMP PLUS HANDAYANI KELANJUH,69896863,SMP,Swasta,Kec. Sikur,230304,Kab. Lombok Timur,230300,Prov. Nusa Tenggara Barat,230000,10,2,37,3,3,2,1,13,31 Mar 2026 19:15:20,2FA3D0B380E8B6F7D5CD
SMAN 1 SIKUR,50202504,SMA,Negeri,Kec. Sikur,230304,Kab. Lombok Timur,230300,Prov. Nusa Tenggara Barat,230000,62,13,1287,36,30,4,1,23,28 Apr 2026 08:52:18,66E4843112E217AAF794
Sekolah Menengah Atas Islam Terpadu Bina Taqwa Boarding School,70055193,SMA,Swasta,Kec. Sikur,230304,Kab. Lombok Timur,230300,Prov. Nusa Tenggara Barat,230000,9,0,20,2,2,0,1,42,28 Apr 2026 18:45:12,C2450DCBDA7DEACDE847
SMA AZMANAWADI KOTARAJA,70054572,SMA,Swasta,Kec. Sikur,230304,Kab. Lombok Timur,230300,Prov. Nusa Tenggara Barat,230000,10,1,6,2,3,0,1,22,19 Apr 2026 16:03:52,72D4D0FA6F9D3747809C
SMA ISLAM TERPADU ASH-SHIDDIQ JERUK MANIS,69889124,SMA,Swasta,Kec. Sikur,230304,Kab. Lombok Timur,230300,Prov. Nusa Tenggara Barat,230000,12,1,34,3,3,1,1,7,06 Apr 2026 00:18:03,BF5E2764D5DB2EC39C0B
SMA IT DARUN NIKMAH KOTARAJA,69982228,SMA,Swasta,Kec. Sikur,230304,Kab. Lombok Timur,230300,Prov. Nusa Tenggara Barat,230000,9,1,49,3,3,1,1,18,20 Apr 2026 08:37:49,B55E43E2912358A5020C
SMA IT Syaikh Abdurrahman Kotaraja,70042364,SMA,Swasta,Kec. Sikur,230304,Kab. Lombok Timur,230300,Prov. Nusa Tenggara Barat,230000,12,1,30,3,3,1,1,23,23 Apr 2026 04:34:54,15BB34C89E328657E6BD
SMK NEGERI 1 SIKUR,50220292,SMK,Negeri,Kec. Sikur,230304,Kab. Lombok Timur,230300,Prov. Nusa Tenggara Barat,230000,85,25,1606,50,29,3,1,69,27 Apr 2026 06:57:56,1E28A97DEC1E6E20F6B2
SMKN 1 KOTARAJA,50220568,SMK,Negeri,Kec. Sikur,230304,Kab. Lombok Timur,230300,Prov. Nusa Tenggara Barat,230000,49,12,451,24,28,1,1,49,28 Apr 2026 09:54:13,E18B9957D99B903AB9EB
SMK ANNASHIRIYAH TETEBATU,70003624,SMK,Swasta,Kec. Sikur,230304,Kab. Lombok Timur,230300,Prov. Nusa Tenggara Barat,230000,11,4,48,3,3,0,0,42,15 Apr 2026 08:06:13,83DA1A6DE933DBAEC38A
SMK ISLAM AL LATHIFIYAH TINGGAR,69982229,SMK,Swasta,Kec. Sikur,230304,Kab. Lombok Timur,230300,Prov. Nusa Tenggara Barat,230000,11,0,86,4,3,3,1,12,05 Mar 2026 23:03:31,7D64EEFAA841117658A0
SMKS AL BANAWA SIKUR,50219659,SMK,Swasta,Kec. Sikur,230304,Kab. Lombok Timur,230300,Prov. Nusa Tenggara Barat,230000,10,1,44,12,8,1,1,9,29 Mar 2026 12:21:55,BA9F74CFD41D1BD34B2D
SMKS BAJANG NW AJAN,50222288,SMK,Swasta,Kec. Sikur,230304,Kab. Lombok Timur,230300,Prov. Nusa Tenggara Barat,230000,18,3,147,9,12,1,0,40,18 Apr 2026 19:31:49,FCD7DAD68CD91EC6CFA1
SMKS NW SEMAYA,50222287,SMK,Swasta,Kec. Sikur,230304,Kab. Lombok Timur,230300,Prov. Nusa Tenggara Barat,230000,10,1,103,4,3,0,0,21,05 Apr 2026 16:45:53,BA05FFB7EB8150EC809E
SD NEGERI 1 DENGGEN,50202982,SD,Negeri,Kec. Selong,230307,Kab. Lombok Timur,230300,Prov. Nusa Tenggara Barat,230000,12,5,200,9,8,0,0,20,02 Apr 2026 09:22:33,6F52DE164DE1CCEDBD5E
SD NEGERI 1 DENGGEN TIMUR,50202989,SD,Negeri,Kec. Selong,230307,Kab. Lombok Timur,230300,Prov. Nusa Tenggara Barat,230000,10,1,143,6,6,0,1,34,16 Apr 2026 12:29:51,2A74D199B49E66238E62
SD NEGERI 1 KELAYU JORONG,50202952,SD,Negeri,Kec. Selong,230307,Kab. Lombok Timur,230300,Prov. Nusa Tenggara Barat,230000,9,3,165,6,6,0,1,17,26 Apr 2026 16:28:19,F5101EFF12396BB5024C
SD NEGERI 1 KELAYU SELATAN,50202951,SD,Negeri,Kec. Selong,230307,Kab. Lombok Timur,230300,Prov. Nusa Tenggara Barat,230000,10,2,143,7,6,0,1,29,24 Apr 2026 10:24:31,02B19552E943306099BC
SD NEGERI 1 KELAYU UTARA,50202934,SD,Negeri,Kec. Selong,230307,Kab. Lombok Timur,230300,Prov. Nusa Tenggara Barat,230000,11,2,59,6,6,1,1,40,22 Apr 2026 11:25:12,9332E5E53806DE755D74
SD NEGERI 1 KEMBANG SARI,50202932,SD,Negeri,Kec. Selong,230307,Kab. Lombok Timur,230300,Prov. Nusa Tenggara Barat,230000,9,1,141,6,6,0,0,23,21 Apr 2026 14:54:02,15BB67872B93494860DA
SD NEGERI 1 MAJIDI,50202936,SD,Negeri,Kec. Selong,230307,Kab. Lombok Timur,230300,Prov. Nusa Tenggara Barat,230000,15,2,271,11,6,0,1,14,27 Apr 2026 10:32:34,5254F51A58F97652A0D7
SD NEGERI 1 PANCOR,50202942,SD,Negeri,Kec. Selong,230307,Kab. Lombok Timur,230300,Prov. Nusa Tenggara Barat,230000,16,2,247,12,12,0,1,23,24 Apr 2026 20:22:40,8EB5B3382E2DAB858E28
SD NEGERI 1 RAKAM,50203031,SD,Negeri,Kec. Selong,230307,Kab. Lombok Timur,230300,Prov. Nusa Tenggara Barat,230000,16,3,220,10,10,0,1,10,30 Jan 2026 12:47:35,0E7ACACD34A29FCF324C
SD NEGERI 1 SANDUBAYA,50219356,SD,Negeri,Kec. Selong,230307,Kab. Lombok Timur,230300,Prov. Nusa Tenggara Barat,230000,10,1,64,6,6,0,1,10,12 Mar 2026 07:59:25,F1D2E9F7A2C2DCC44464
SD NEGERI 1 SEKARTEJA,50203023,SD,Negeri,Kec. Selong,230307,Kab. Lombok Timur,230300,Prov. Nusa Tenggara Barat,230000,9,3,186,6,6,0,1,10,23 Feb 2026 07:10:09,B769471EF71416DA66CC
SD NEGERI 1 SELONG,50219354,SD,Negeri,Kec. Selong,230307,Kab. Lombok Timur,230300,Prov. Nusa Tenggara Barat,230000,14,3,206,10,9,0,1,13,23 Apr 2026 13:34:01,590141EBBBE07D5EC0C5
SD NEGERI 2 DENGGEN,50202390,SD,Negeri,Kec. Selong,230307,Kab. Lombok Timur,230300,Prov. Nusa Tenggara Barat,230000,10,1,178,6,6,0,1,37,30 Mar 2026 16:02:56,B7052EE1600DB990C4B2
SD NEGERI 2 DENGGEN TIMUR,50202172,SD,Negeri,Kec. Selong,230307,Kab. Lombok Timur,230300,Prov. Nusa Tenggara Barat,230000,10,1,177,9,9,1,1,21,16 Apr 2026 10:30:07,2ADF1232D5C9E2E3A6DB
SD NEGERI 2 KELAYU JORONG,50203013,SD,Negeri,Kec. Selong,230307,Kab. Lombok Timur,230300,Prov. Nusa Tenggara Barat,230000,9,3,97,6,6,0,1,9,16 Mar 2026 08:09:19,AD0A9D602FEC0ADE08F7
SD NEGERI 2 KELAYU SELATAN,50203011,SD,Negeri,Kec. Selong,230307,Kab. Lombok Timur,230300,Prov. Nusa Tenggara Barat,230000,13,3,154,6,6,0,1,15,22 Apr 2026 09:24:37,9A59953A1037527A6BC8
SD NEGERI 2 KELAYU UTARA,50203010,SD,Negeri,Kec. Selong,230307,Kab. Lombok Timur,230300,Prov. Nusa Tenggara Barat,230000,20,3,370,16,14,0,1,26,04 Mar 2026 07:24:51,0F962FD07F7EB40B4C0E
SD NEGERI 2 KEMBANG SARI,50203008,SD,Negeri,Kec. Selong,230307,Kab. Lombok Timur,230300,Prov. Nusa Tenggara Barat,230000,12,3,150,7,7,0,1,12,06 Apr 2026 20:30:12,D6DED035CCBA66BC30D9
SD NEGERI 2 MAJIDI,50202291,SD,Negeri,Kec. Selong,230307,Kab. Lombok Timur,230300,Prov. Nusa Tenggara Barat,230000,9,1,153,7,9,0,1,14,12 Mar 2026 10:47:47,C639C6EA43EE95CFACE2
SD NEGERI 2 PANCOR,50202298,SD,Negeri,Kec. Selong,230307,Kab. Lombok Timur,230300,Prov. Nusa Tenggara Barat,230000,14,2,215,11,10,1,1,26,30 Apr 2026 09:55:39,A15F146179E6D77DE06F
SD NEGERI 2 RAKAM,50202305,SD,Negeri,Kec. Selong,230307,Kab. Lombok Timur,230300,Prov. Nusa Tenggara Barat,230000,16,3,274,13,13,0,1,18,20 Apr 2026 12:44:16,9C557A941B1C2AFCE4DD
SD NEGERI 2 SANDUBAYA,50202282,SD,Negeri,Kec. Selong,230307,Kab. Lombok Timur,230300,Prov. Nusa Tenggara Barat,230000,18,3,372,13,13,0,1,33,06 Apr 2026 19:22:04,96C4A966F0391A4DDD1A
SD NEGERI 2 SEKARTEJA,50219357,SD,Negeri,Kec. Selong,230307,Kab. Lombok Timur,230300,Prov. Nusa Tenggara Barat,230000,10,3,169,7,7,0,1,27,22 Apr 2026 18:15:29,A55D4A93BCF27080C5BF
SD NEGERI 2 SELONG,50202263,SD,Negeri,Kec. Selong,230307,Kab. Lombok Timur,230300,Prov. Nusa Tenggara Barat,230000,11,1,169,9,9,0,1,8,11 Apr 2026 11:19:17,51EB297ED22C814570EB
SD NEGERI 3 KEMBANG SARI,50202362,SD,Negeri,Kec. Selong,230307,Kab. Lombok Timur,230300,Prov. Nusa Tenggara Barat,230000,7,2,130,6,6,0,1,8,30 Mar 2026 09:55:02,390E212DBB52E4AFFD78
SD NEGERI 3 PANCOR,50202329,SD,Negeri,Kec. Selong,230307,Kab. Lombok Timur,230300,Prov. Nusa Tenggara Barat,230000,30,5,515,20,20,1,1,25,30 Apr 2026 08:35:45,380000A6921234B6D404
SD NEGERI 3 SANDUBAYA,50202354,SD,Negeri,Kec. Selong,230307,Kab. Lombok Timur,230300,Prov. Nusa Tenggara Barat,230000,12,2,212,10,6,0,1,18,20 Apr 2026 14:53:03,47D3FDB22B6FBB76CAA2
SD NEGERI 3 SEKARTEJA,50202352,SD,Negeri,Kec. Selong,230307,Kab. Lombok Timur,230300,Prov. Nusa Tenggara Barat,230000,11,2,178,7,7,0,1,20,16 Apr 2026 09:55:31,7066408BCFDCE5EB369F
SD NEGERI 3 SELONG,50219355,SD,Negeri,Kec. Selong,230307,Kab. Lombok Timur,230300,Prov. Nusa Tenggara Barat,230000,27,6,506,18,18,0,1,26,16 Apr 2026 11:03:43,B3B2380C1AC6A56D02F3
SD NEGERI 4 PANCOR,50202126,SD,Negeri,Kec. Selong,230307,Kab. Lombok Timur,230300,Prov. Nusa Tenggara Barat,230000,14,2,256,10,7,0,1,19,25 Apr 2026 06:12:27,32D6915A19D87948B0CB
SD NEGERI 4 SELONG,50202175,SD,Negeri,Kec. Selong,230307,Kab. Lombok Timur,230300,Prov. Nusa Tenggara Barat,230000,8,3,81,6,6,0,0,21,24 Apr 2026 09:37:24,68A70DF3C35F5382D7A9
SD NEGERI 5 SELONG,50202196,SD,Negeri,Kec. Selong,230307,Kab. Lombok Timur,230300,Prov. Nusa Tenggara Barat,230000,17,4,294,12,12,0,1,20,21 Apr 2026 19:22:10,D8A9D66788CFF83A6A80
SD NEGERI 6 SELONG,50202538,SD,Negeri,Kec. Selong,230307,Kab. Lombok Timur,230300,Prov. Nusa Tenggara Barat,230000,10,4,188,7,7,0,1,40,02 Apr 2026 05:52:28,5C1FD7C1C7269BA9AB03
SD ISLAM CITRA SAWING,70002179,SD,Swasta,Kec. Selong,230307,Kab. Lombok Timur,230300,Prov. Nusa Tenggara Barat,230000,21,4,189,9,5,0,0,26,24 Apr 2026 07:30:27,D42C079AFECB1F730965
SD ISLAM PLUS HUBBUL MASAKIN,70057331,SD,Swasta,Kec. Selong,230307,Kab. Lombok Timur,230300,Prov. Nusa Tenggara Barat,230000,2,2,5,2,1,0,1,27,16 Mar 2026 08:21:52,72045BB1DB6514B97D6B
SD ISLAM PLUS TAHFIZ DARUL MUJAHIDIN NW,69954286,SD,Swasta,Kec. Selong,230307,Kab. Lombok Timur,230300,Prov. Nusa Tenggara Barat,230000,11,1,134,7,12,1,1,19,18 Apr 2026 08:58:43,7B5BDE2FA581054AC48E
SD ISLAM TERPADU AL-IRSYAD AL-ISLAMIYAH RAKAM,69929874,SD,Swasta,Kec. Selong,230307,Kab. Lombok Timur,230300,Prov. Nusa Tenggara Barat,230000,11,3,284,12,9,0,0,18,04 Mar 2026 07:11:53,FD057033D513E6FE44F7
SD Islam Terpadu Izudin Al-Badar Rakam,69759227,SD,Swasta,Kec. Selong,230307,Kab. Lombok Timur,230300,Prov. Nusa Tenggara Barat,230000,6,1,13,4,6,0,0,6,31 Jan 2026 05:58:14,5E43656D9FF945CF4FE6
SD Islam Terpadu Nurul Fikri Selong,50219971,SD,Swasta,Kec. Selong,230307,Kab. Lombok Timur,230300,Prov. Nusa Tenggara Barat,230000,41,5,653,24,18,0,1,7,09 Apr 2026 06:40:22,AC293D8994C924473728
SD ISLAM TERPADU TGH. UMAR KELAYU,69886271,SD,Swasta,Kec. Selong,230307,Kab. Lombok Timur,230300,Prov. Nusa Tenggara Barat,230000,9,1,32,6,6,1,1,30,08 Apr 2026 05:11:53,7F909BD7498BA5F434A8
SD IT MUSTHOFA KAMAL,70048399,SD,Swasta,Kec. Selong,230307,Kab. Lombok Timur,230300,Prov. Nusa Tenggara Barat,230000,8,1,34,3,3,0,1,41,28 Apr 2026 18:43:28,EC7C32FC0753F396D7EC
SD PLUS MUHAMMADIYAH PANCOR,50202962,SD,Swasta,Kec. Selong,230307,Kab. Lombok Timur,230300,Prov. Nusa Tenggara Barat,230000,8,2,153,6,6,0,1,9,28 Feb 2026 19:07:12,EA26571477D75A5F0C89
SD UNGGULAN HAMZANWADI,69995778,SD,Swasta,Kec. Selong,230307,Kab. Lombok Timur,230300,Prov. Nusa Tenggara Barat,230000,24,2,233,12,13,0,1,28,20 Apr 2026 10:44:19,505D55293D9E5170C301
SMP NEGERI 1 SELONG,50202513,SMP,Negeri,Kec. Selong,230307,Kab. Lombok Timur,230300,Prov. Nusa Tenggara Barat,230000,48,13,1023,28,29,3,1,42,22 Apr 2026 09:50:10,731964B8223152EE18DC
SMP NEGERI 2 SELONG,50202463,SMP,Negeri,Kec. Selong,230307,Kab. Lombok Timur,230300,Prov. Nusa Tenggara Barat,230000,39,6,424,15,14,2,1,51,01 May 2026 11:16:55,86C5B105F370C99F0CAA
SMP NEGERI 3 SELONG,50202482,SMP,Negeri,Kec. Selong,230307,Kab. Lombok Timur,230300,Prov. Nusa Tenggara Barat,230000,41,9,489,16,18,1,1,69,28 Apr 2026 16:48:26,CD18278411E77BB476E2
SMP NEGERI 4 SELONG,50202478,SMP,Negeri,Kec. Selong,230307,Kab. Lombok Timur,230300,Prov. Nusa Tenggara Barat,230000,45,12,442,21,24,3,1,61,29 Apr 2026 10:50:47,22CDDF31001622126732
SMP NEGERI 5 SELONG,50202459,SMP,Negeri,Kec. Selong,230307,Kab. Lombok Timur,230300,Prov. Nusa Tenggara Barat,230000,28,10,215,12,7,2,1,31,30 Apr 2026 08:24:41,5ADBA30B0B1ADB0EC5FC
SMP ISLAM DARUL MUJAHIDIN NW MAJIDI,69995490,SMP,Swasta,Kec. Selong,230307,Kab. Lombok Timur,230300,Prov. Nusa Tenggara Barat,230000,11,1,152,6,6,0,0,27,05 Apr 2026 18:01:02,0D826E8E7443D0EC8CAB
SMP ISLAM HAYATUL UMMAH,70040741,SMP,Swasta,Kec. Selong,230307,Kab. Lombok Timur,230300,Prov. Nusa Tenggara Barat,230000,13,5,57,3,3,1,1,31,20 Apr 2026 07:33:49,9A115C4665A543D3EB50
SMP ISLAM PLUS KARYA ADI HUSADA,69862678,SMP,Swasta,Kec. Selong,230307,Kab. Lombok Timur,230300,Prov. Nusa Tenggara Barat,230000,7,1,95,4,1,2,1,24,24 Apr 2026 08:18:01,A716A162D02F76540C71
SMP Islam Rekat Lauk,50219625,SMP,Swasta,Kec. Selong,230307,Kab. Lombok Timur,230300,Prov. Nusa Tenggara Barat,230000,9,1,48,3,3,1,1,16,30 Apr 2026 09:35:23,1E4BD3357EB096150D9E
SMP ISLAM TERPADU TGH UMAR KELAYU,69947332,SMP,Swasta,Kec. Selong,230307,Kab. Lombok Timur,230300,Prov. Nusa Tenggara Barat,230000,9,1,22,3,3,1,1,19,23 Mar 2026 05:55:37,8EF68A88DE0362FA73F4
SMP IT NURUL FIKRI SELONG,69995703,SMP,Swasta,Kec. Selong,230307,Kab. Lombok Timur,230300,Prov. Nusa Tenggara Barat,230000,4,1,101,4,5,0,0,15,14 Apr 2026 07:09:41,2766CA141648934C59EA
SMP NW DENGGEN TIMUR,69990894,SMP,Swasta,Kec. Selong,230307,Kab. Lombok Timur,230300,Prov. Nusa Tenggara Barat,230000,12,1,60,3,3,1,0,22,13 Apr 2026 05:08:49,D17839810F2ADBCD3B3E
SMP NW PANCOR,50205736,SMP,Swasta,Kec. Selong,230307,Kab. Lombok Timur,230300,Prov. Nusa Tenggara Barat,230000,9,1,114,5,6,2,1,31,08 Apr 2026 23:46:00,F17D335974C1ED6294B0
SMP UNGGULAN HAMZANWADI,70056111,SMP,Swasta,Kec. Selong,230307,Kab. Lombok Timur,230300,Prov. Nusa Tenggara Barat,230000,11,1,16,1,1,0,1,17,12 Apr 2026 09:59:58,0B756A97BF2B1940C1A8
SMPS IT AL-ASYARI NW REBAN TEBU,69772642,SMP,Swasta,Kec. Selong,230307,Kab. Lombok Timur,230300,Prov. Nusa Tenggara Barat,230000,12,1,110,6,2,1,1,20,27 Apr 2026 07:52:16,EB31D243392055629322
SMAN 1 SELONG,50202522,SMA,Negeri,Kec. Selong,230307,Kab. Lombok Timur,230300,Prov. Nusa Tenggara Barat,230000,77,17,1318,36,37,4,1,23,17 Apr 2026 08:29:08,605DEE089097537B27A4
SMAN 2 SELONG,50202499,SMA,Negeri,Kec. Selong,230307,Kab. Lombok Timur,230300,Prov. Nusa Tenggara Barat,230000,67,16,1466,42,42,3,1,59,27 Apr 2026 10:52:36,5E61E79090F658ACCDFE
SMAN 3 SELONG,50219579,SMA,Negeri,Kec. Selong,230307,Kab. Lombok Timur,230300,Prov. Nusa Tenggara Barat,230000,52,17,790,24,24,4,1,19,30 Apr 2026 19:00:42,D9E61D8BEE98FEAEDA92
SEKOLAH MENENGAH ATAS ISLAM TERPADU NURUL FIKRI SELONG,70054893,SMA,Swasta,Kec. Selong,230307,Kab. Lombok Timur,230300,Prov. Nusa Tenggara Barat,230000,6,1,13,2,2,0,0,19,03 Apr 2026 22:18:44,2B4F14D3CB42FA9A7190
SMA ISLAM DARUL MUJAHIDIN NWDI MAJIDI,70042596,SMA,Swasta,Kec. Selong,230307,Kab. Lombok Timur,230300,Prov. Nusa Tenggara Barat,230000,11,1,58,3,3,1,1,29,07 Mar 2026 16:00:57,40B3A42B1423C4BF1E86
SMA ISLAM TERPADU TGH. UMAR KELAYU,69886273,SMA,Swasta,Kec. Selong,230307,Kab. Lombok Timur,230300,Prov. Nusa Tenggara Barat,230000,10,2,83,4,5,1,1,13,10 Apr 2026 16:14:22,61283CA75274142A78C4
SMA IT AL-ASYARI NWDI REBAN TEBU,70031880,SMA,Swasta,Kec. Selong,230307,Kab. Lombok Timur,230300,Prov. Nusa Tenggara Barat,230000,9,2,57,3,3,1,1,22,14 Apr 2026 07:16:42,C51E1C33E31CC92095C6
SMA PLUS TAJUL KAROMAH,70032897,SMA,Swasta,Kec. Selong,230307,Kab. Lombok Timur,230300,Prov. Nusa Tenggara Barat,230000,6,1,80,4,3,0,1,17,05 Apr 2026 17:08:06,5705372F804039DF252D
SMAS MUHAMMADIYAH BOARDING SCHOOL SELONG,50202421,SMA,Swasta,Kec. Selong,230307,Kab. Lombok Timur,230300,Prov. Nusa Tenggara Barat,230000,9,2,36,3,3,1,1,15,09 Apr 2026 21:22:18,37A219BBB5E4B626E8BC
SMAS NWDI PANCOR,50202418,SMA,Swasta,Kec. Selong,230307,Kab. Lombok Timur,230300,Prov. Nusa Tenggara Barat,230000,13,5,128,5,5,5,1,20,28 Apr 2026 09:26:32,000BD41C09EEB3A11267
SMKN 1 SELONG,50202496,SMK,Negeri,Kec. Selong,230307,Kab. Lombok Timur,230300,Prov. Nusa Tenggara Barat,230000,120,43,1847,62,64,3,1,84,29 Apr 2026 06:53:49,7CC87576F53364456F66
SMK ISLAM AZZUHRIYAH NW,70010369,SMK,Swasta,Kec. Selong,230307,Kab. Lombok Timur,230300,Prov. Nusa Tenggara Barat,230000,9,1,29,3,3,0,1,46,07 Apr 2026 22:26:13,1CA25797B2C264A6E934
SMKS KESEHATAN ADIHUSADA RAKAM,50220646,SMK,Swasta,Kec. Selong,230307,Kab. Lombok Timur,230300,Prov. Nusa Tenggara Barat,230000,6,7,294,10,10,1,1,12,02 May 2026 18:55:46,F060779B70AD7E86BDA1
SMKS NW PANCOR,50205628,SMK,Swasta,Kec. Selong,230307,Kab. Lombok Timur,230300,Prov. Nusa Tenggara Barat,230000,8,2,259,12,12,2,1,14,29 Apr 2026 07:30:24,9C6B239B5D0DA807317C
SMKS NW RENCO,50220723,SMK,Swasta,Kec. Selong,230307,Kab. Lombok Timur,230300,Prov. Nusa Tenggara Barat,230000,11,2,77,4,4,1,1,8,12 Apr 2026 21:30:25,F1BA0CF2664FD28A4808
SD NEGERI 1 BATU NAMPAR,50202995,SD,Negeri,Kec. Jerowaru,230315,Kab. Lombok Timur,230300,Prov. Nusa Tenggara Barat,230000,11,1,199,9,9,0,1,18,29 Mar 2026 19:56:03,B675EE7ACF4F780CDC2F
SD NEGERI 1 BATU NAMPAR SELATAN,50202271,SD,Negeri,Kec. Jerowaru,230315,Kab. Lombok Timur,230300,Prov. Nusa Tenggara Barat,230000,14,2,225,11,7,0,1,30,11 Apr 2026 09:38:21,7066D50E8234E17E25AC
SD NEGERI 1 EKAS BUANA,50202313,SD,Negeri,Kec. Jerowaru,230315,Kab. Lombok Timur,230300,Prov. Nusa Tenggara Barat,230000,12,2,242,11,7,0,0,33,29 Apr 2026 10:07:27,F6084A0B596F799660B6
SD NEGERI 1 JEROWARU,50202368,SD,Negeri,Kec. Jerowaru,230315,Kab. Lombok Timur,230300,Prov. Nusa Tenggara Barat,230000,8,2,115,6,7,0,1,11,06 Apr 2026 13:56:53,F56E938357AFA99A97C8
SD NEGERI 1 KWANG RUNDUN,50202593,SD,Negeri,Kec. Jerowaru,230315,Kab. Lombok Timur,230300,Prov. Nusa Tenggara Barat,230000,9,1,51,6,6,1,1,12,05 Apr 2026 09:34:46,4E9F611F60DBA6763293
SD NEGERI 1 PANDAN WANGI,50203017,SD,Negeri,Kec. Jerowaru,230315,Kab. Lombok Timur,230300,Prov. Nusa Tenggara Barat,230000,8,2,170,6,6,0,0,18,25 Apr 2026 09:50:10,B36DA72658803AEA302F
SD NEGERI 1 PAREMAS,50202191,SD,Negeri,Kec. Jerowaru,230315,Kab. Lombok Timur,230300,Prov. Nusa Tenggara Barat,230000,7,1,51,6,6,1,1,15,06 Apr 2026 19:47:33,12CEC91DFC1A4CE62F87
SD NEGERI 1 PEMONGKONG,50202940,SD,Negeri,Kec. Jerowaru,230315,Kab. Lombok Timur,230300,Prov. Nusa Tenggara Barat,230000,15,2,291,12,9,0,1,34,27 Apr 2026 09:44:10,8493CABD11BBD047B791
SD NEGERI 1 PENE,50202955,SD,Negeri,Kec. Jerowaru,230315,Kab. Lombok Timur,230300,Prov. Nusa Tenggara Barat,230000,7,2,117,6,6,0,1,14,27 Apr 2026 10:01:27,1599D2ACE8376149376F
SD NEGERI 1 SEKAROH,50202535,SD,Negeri,Kec. Jerowaru,230315,Kab. Lombok Timur,230300,Prov. Nusa Tenggara Barat,230000,8,2,107,6,6,0,0,19,23 Apr 2026 09:10:42,64805397484EE458DD7D
SD NEGERI 1 SEPAPAN,50202973,SD,Negeri,Kec. Jerowaru,230315,Kab. Lombok Timur,230300,Prov. Nusa Tenggara Barat,230000,18,3,400,15,10,0,0,44,10 Apr 2026 20:35:40,3F2E85E55F9047B49854
SD NEGERI 1 SERIWE,50202327,SD,Negeri,Kec. Jerowaru,230315,Kab. Lombok Timur,230300,Prov. Nusa Tenggara Barat,230000,8,1,216,8,8,1,1,15,16 Apr 2026 08:57:16,296CF840FA2814B4C3C9
SD NEGERI 1 SUKA DAMAI,50203048,SD,Negeri,Kec. Jerowaru,230315,Kab. Lombok Timur,230300,Prov. Nusa Tenggara Barat,230000,10,2,163,8,6,0,1,33,20 Apr 2026 19:41:17,A2A868A8546388880AEF
SD NEGERI 1 SUKARAJA,50202257,SD,Negeri,Kec. Jerowaru,230315,Kab. Lombok Timur,230300,Prov. Nusa Tenggara Barat,230000,7,1,77,6,6,1,1,17,16 Apr 2026 07:24:38,1C6DA78FB2957D0B7673
SD NEGERI 1 WAKAN,50202336,SD,Negeri,Kec. Jerowaru,230315,Kab. Lombok Timur,230300,Prov. Nusa Tenggara Barat,230000,7,2,123,6,7,0,1,26,07 Apr 2026 17:26:18,2D016A5F45EECFAB7D2F
SD NEGERI 2 JEROWARU,50202239,SD,Negeri,Kec. Jerowaru,230315,Kab. Lombok Timur,230300,Prov. Nusa Tenggara Barat,230000,8,2,127,6,6,1,2,15,28 Apr 2026 06:46:49,B6ACABADB560D6B03B5A
SD NEGERI 2 PANDAN WANGI,50202166,SD,Negeri,Kec. Jerowaru,230315,Kab. Lombok Timur,230300,Prov. Nusa Tenggara Barat,230000,9,2,142,6,6,0,1,18,24 Apr 2026 09:10:01,AD331BC0509537EE7F87
SD NEGERI 2 PAREMAS,50205662,SD,Negeri,Kec. Jerowaru,230315,Kab. Lombok Timur,230300,Prov. Nusa Tenggara Barat,230000,10,2,224,9,6,0,0,18,11 Apr 2026 09:09:47,EE1E871D5B56350E03B2
SD NEGERI 2 PEMONGKONG,50202127,SD,Negeri,Kec. Jerowaru,230315,Kab. Lombok Timur,230300,Prov. Nusa Tenggara Barat,230000,11,1,201,8,8,1,1,20,10 Apr 2026 08:35:10,6B2CF0B2F2BDF09C9CC1
SD NEGERI 2 PENE,50202145,SD,Negeri,Kec. Jerowaru,230315,Kab. Lombok Timur,230300,Prov. Nusa Tenggara Barat,230000,9,2,177,7,7,0,1,28,29 Apr 2026 11:53:47,772F550204F05E49CC07
SD NEGERI 2 SEKAROH,50202624,SD,Negeri,Kec. Jerowaru,230315,Kab. Lombok Timur,230300,Prov. Nusa Tenggara Barat,230000,14,3,279,12,8,0,1,28,07 Apr 2026 21:17:38,5CD8D7A41E1A367F27E0
SD NEGERI 2 SERIWE,50202455,SD,Negeri,Kec. Jerowaru,230315,Kab. Lombok Timur,230300,Prov. Nusa Tenggara Barat,230000,6,2,141,6,8,0,1,8,23 Apr 2026 18:23:49,BC1F0901FE295A38D311
SD NEGERI 2 SUKA DAMAI,50202615,SD,Negeri,Kec. Jerowaru,230315,Kab. Lombok Timur,230300,Prov. Nusa Tenggara Barat,230000,9,2,147,6,6,0,1,16,05 Mar 2026 08:53:57,9F8B491DF7C309DC01E5
SD NEGERI 2 SUKARAJA,50202644,SD,Negeri,Kec. Jerowaru,230315,Kab. Lombok Timur,230300,Prov. Nusa Tenggara Barat,230000,11,1,169,9,6,0,1,32,12 Mar 2026 07:32:27,954E26698067218B701F
SD NEGERI 2 WAKAN,50202219,SD,Negeri,Kec. Jerowaru,230315,Kab. Lombok Timur,230300,Prov. Nusa Tenggara Barat,230000,7,2,138,6,6,0,1,16,07 Feb 2026 18:02:06,0FAE8079CA6A0E117691
SD NEGERI 3 JEROWARU,50202603,SD,Negeri,Kec. Jerowaru,230315,Kab. Lombok Timur,230300,Prov. Nusa Tenggara Barat,230000,15,1,194,10,6,0,1,32,27 Apr 2026 09:01:38,DA58575B0EDBA4238658
SD NEGERI 3 PANDAN WANGI,50202585,SD,Negeri,Kec. Jerowaru,230315,Kab. Lombok Timur,230300,Prov. Nusa Tenggara Barat,230000,13,1,208,9,9,0,1,32,11 Apr 2026 07:43:05,CD8D22BB6E61DD149805
SD NEGERI 3 SEKAROH,50202438,SD,Negeri,Kec. Jerowaru,230315,Kab. Lombok Timur,230300,Prov. Nusa Tenggara Barat,230000,8,0,109,6,6,0,1,36,18 Apr 2026 09:37:09,D03CA545C6AD0E88E671
SD NEGERI 3 SERIWE,50219920,SD,Negeri,Kec. Jerowaru,230315,Kab. Lombok Timur,230300,Prov. Nusa Tenggara Barat,230000,8,1,75,6,6,0,1,20,06 Apr 2026 08:58:43,36460CCBD475ED3A9750
SD NEGERI 3 WAKAN,50202176,SD,Negeri,Kec. Jerowaru,230315,Kab. Lombok Timur,230300,Prov. Nusa Tenggara Barat,230000,9,2,185,8,7,0,1,20,27 Apr 2026 08:51:07,EA76CE4D6CF17478AF04
SD NEGERI 4 JEROWARU,50205660,SD,Negeri,Kec. Jerowaru,230315,Kab. Lombok Timur,230300,Prov. Nusa Tenggara Barat,230000,14,2,224,11,9,0,1,17,28 Apr 2026 21:12:37,EC3D7B794957EB281845
SD NEGERI 4 PANDAN WANGI,50202635,SD,Negeri,Kec. Jerowaru,230315,Kab. Lombok Timur,230300,Prov. Nusa Tenggara Barat,230000,8,1,97,6,6,0,0,26,28 Mar 2026 09:28:28,8FD8B43306A04C8F59B2
SD NEGERI 4 SEKAROH,50202441,SD,Negeri,Kec. Jerowaru,230315,Kab. Lombok Timur,230300,Prov. Nusa Tenggara Barat,230000,7,2,89,6,6,0,0,13,08 Mar 2026 21:50:34,43ACDDCE3F94375345C3
SD NEGERI 4 WAKAN,50202551,SD,Negeri,Kec. Jerowaru,230315,Kab. Lombok Timur,230300,Prov. Nusa Tenggara Barat,230000,8,2,147,6,6,0,0,22,14 Apr 2026 07:54:30,0C0C61AAB65E99C77FE9
SD NEGERI 5 JEROWARU,50202426,SD,Negeri,Kec. Jerowaru,230315,Kab. Lombok Timur,230300,Prov. Nusa Tenggara Barat,230000,10,3,198,7,7,0,0,28,02 May 2026 19:54:59,480F245D1D94EBDE14CE
SD NEGERI 5 PANDAN WANGI,50202404,SD,Negeri,Kec. Jerowaru,230315,Kab. Lombok Timur,230300,Prov. Nusa Tenggara Barat,230000,8,1,164,6,6,0,0,25,22 Apr 2026 09:03:50,F74393DF7A14B50581AC
SD NEGERI 5 WAKAN,50202429,SD,Negeri,Kec. Jerowaru,230315,Kab. Lombok Timur,230300,Prov. Nusa Tenggara Barat,230000,8,1,27,6,4,0,0,23,29 Apr 2026 15:58:46,190D071E01AE93FF8559
SD NEGERI 6 JEROWARU,50202445,SD,Negeri,Kec. Jerowaru,230315,Kab. Lombok Timur,230300,Prov. Nusa Tenggara Barat,230000,9,1,107,6,6,0,1,13,08 Apr 2026 12:06:00,6DDE050BEA05BD8AF5D9
SD NEGERI 7 JEROWARU,50205661,SD,Negeri,Kec. Jerowaru,230315,Kab. Lombok Timur,230300,Prov. Nusa Tenggara Barat,230000,7,2,139,6,6,0,1,14,13 Apr 2026 10:13:27,BC11DF91BCD3ED0F3EBB
SD ISLAM BABUSSALAM MONTONG SARI,69971279,SD,Swasta,Kec. Jerowaru,230315,Kab. Lombok Timur,230300,Prov. Nusa Tenggara Barat,230000,8,1,49,6,5,0,0,14,15 Apr 2026 08:59:35,DF2B6D27375AC99295E2
SD Islam Terpadu Al-Kautsar,50220332,SD,Swasta,Kec. Jerowaru,230315,Kab. Lombok Timur,230300,Prov. Nusa Tenggara Barat,230000,7,2,98,6,6,1,1,14,07 Mar 2026 10:17:38,ABEF1B2ABB5B41032474
SD ISLAM TERPADU MENURI,69765077,SD,Swasta,Kec. Jerowaru,230315,Kab. Lombok Timur,230300,Prov. Nusa Tenggara Barat,230000,9,1,60,6,6,0,0,21,17 Mar 2026 22:03:18,8F8A131B5016AF84324D
SD Islam Yaqin 1 Ujung Betok,50220324,SD,Swasta,Kec. Jerowaru,230315,Kab. Lombok Timur,230300,Prov. Nusa Tenggara Barat,230000,9,1,57,6,6,0,1,18,09 Apr 2026 13:27:54,66A9F8C3E7A77520DE1C
SD Islam Yaqin 2 Kaliantan,50220325,SD,Swasta,Kec. Jerowaru,230315,Kab. Lombok Timur,230300,Prov. Nusa Tenggara Barat,230000,10,1,69,6,6,0,0,17,04 Mar 2026 06:43:47,0F0FA8E8A3FA3E494251
SD ISLAM YAQIN 3 SUNGKUN,50220336,SD,Swasta,Kec. Jerowaru,230315,Kab. Lombok Timur,230300,Prov. Nusa Tenggara Barat,230000,8,1,55,6,6,0,0,13,01 May 2026 21:02:07,79C1E190D537591C0F39
SD IT ASH SHIDDIQIN,70033198,SD,Swasta,Kec. Jerowaru,230315,Kab. Lombok Timur,230300,Prov. Nusa Tenggara Barat,230000,11,3,90,6,4,0,0,10,02 Mar 2026 01:16:28,5A006A7002457998FAD1
SDS ISLAM MALABARI,69768291,SD,Swasta,Kec. Jerowaru,230315,Kab. Lombok Timur,230300,Prov. Nusa Tenggara Barat,230000,8,1,20,6,3,0,0,13,30 Mar 2026 15:36:18,1C711C8B803688E0E717
SMP NEGERI 1 JEROWARU,50202398,SMP,Negeri,Kec. Jerowaru,230315,Kab. Lombok Timur,230300,Prov. Nusa Tenggara Barat,230000,28,2,286,10,7,1,1,39,28 Apr 2026 09:54:14,03C44D6B22945EE66A28
SMP NEGERI 2 JEROWARU,50202397,SMP,Negeri,Kec. Jerowaru,230315,Kab. Lombok Timur,230300,Prov. Nusa Tenggara Barat,230000,20,7,237,9,9,2,1,44,24 Apr 2026 08:03:37,94D22BD27C1787C64BDF
SMP NEGERI 3 JEROWARU,50202488,SMP,Negeri,Kec. Jerowaru,230315,Kab. Lombok Timur,230300,Prov. Nusa Tenggara Barat,230000,24,7,182,8,8,1,1,10,03 Mar 2026 13:31:46,9B95D60E9D6E603897AC
SMP NEGERI 4 JEROWARU,50205648,SMP,Negeri,Kec. Jerowaru,230315,Kab. Lombok Timur,230300,Prov. Nusa Tenggara Barat,230000,38,9,442,13,13,2,1,29,02 May 2026 11:29:22,8F202316EB8ED4923143
SMP NEGERI 5 JEROWARU,50220304,SMP,Negeri,Kec. Jerowaru,230315,Kab. Lombok Timur,230300,Prov. Nusa Tenggara Barat,230000,19,4,183,7,8,1,1,23,02 May 2026 10:58:29,257D19DA0AE29771ED93
SMP NEGERI SATU ATAP 1 JEROWARU,69755205,SMP,Negeri,Kec. Jerowaru,230315,Kab. Lombok Timur,230300,Prov. Nusa Tenggara Barat,230000,11,0,76,3,3,0,0,27,08 Apr 2026 07:08:14,E163B09061ABAA7EC1F6
SMP NEGERI SATU ATAP 2 JEROWARU,69755175,SMP,Negeri,Kec. Jerowaru,230315,Kab. Lombok Timur,230300,Prov. Nusa Tenggara Barat,230000,11,2,16,3,2,1,0,19,05 Apr 2026 08:58:06,B36AE27D78F37617FA67
SMP NEGERI SATU ATAP 3 JEROWARU,69755206,SMP,Negeri,Kec. Jerowaru,230315,Kab. Lombok Timur,230300,Prov. Nusa Tenggara Barat,230000,8,0,36,3,3,1,0,16,06 Mar 2026 09:27:57,D5406370CB08938803C7
SMP NEGERI SATU ATAP 4 JEROWARU,69755174,SMP,Negeri,Kec. Jerowaru,230315,Kab. Lombok Timur,230300,Prov. Nusa Tenggara Barat,230000,12,1,52,3,3,1,1,9,15 Apr 2026 16:45:56,BE67FDE149AEB5C5D8C7
SMP NEGERI SATU ATAP 5 JEROWARU,69755207,SMP,Negeri,Kec. Jerowaru,230315,Kab. Lombok Timur,230300,Prov. Nusa Tenggara Barat,230000,10,0,10,3,3,1,1,26,28 Apr 2026 10:08:06,182795D8C7D6B25617CB
SMP NEGERI SATU ATAP 6 JEROWARU,69755189,SMP,Negeri,Kec. Jerowaru,230315,Kab. Lombok Timur,230300,Prov. Nusa Tenggara Barat,230000,7,0,19,3,3,1,1,38,06 Apr 2026 16:56:49,771CCB5510252FE363D2
SMP BABUSSALAM MONTONG SARI,69830669,SMP,Swasta,Kec. Jerowaru,230315,Kab. Lombok Timur,230300,Prov. Nusa Tenggara Barat,230000,9,2,35,3,3,0,1,27,15 Apr 2026 19:19:18,9CDC07C0AF62599137D1
SMP Islam Terpadu Riyadussholihin,69755186,SMP,Swasta,Kec. Jerowaru,230315,Kab. Lombok Timur,230300,Prov. Nusa Tenggara Barat,230000,12,1,75,3,3,1,1,9,16 Apr 2026 22:48:03,10156392EF716BF430E8
SMP ISLAM YAQIN 01 MONTONG BATU BAWI,69862453,SMP,Swasta,Kec. Jerowaru,230315,Kab. Lombok Timur,230300,Prov. Nusa Tenggara Barat,230000,11,1,12,3,3,1,1,10,30 Apr 2026 16:43:33,6F175EAA8F4B4EEC7DB0
SMP IT NURUL MUTTAQIN WAKAN,70043145,SMP,Swasta,Kec. Jerowaru,230315,Kab. Lombok Timur,230300,Prov. Nusa Tenggara Barat,230000,23,1,29,3,1,0,0,5,04 Feb 2026 06:01:52,802C87293C43AA54C456
SMP IT PLUS NW PEJERUK,69985520,SMP,Swasta,Kec. Jerowaru,230315,Kab. Lombok Timur,230300,Prov. Nusa Tenggara Barat,230000,10,1,9,3,3,0,0,12,11 Feb 2026 15:37:39,E8D6A4497CA0ADE22643
SMP TAHFIZH INSAN MADANI,70028207,SMP,Swasta,Kec. Jerowaru,230315,Kab. Lombok Timur,230300,Prov. Nusa Tenggara Barat,230000,7,1,53,3,3,1,1,13,30 Apr 2026 18:19:38,AB8DCF305B52A55C5DFB
SMPS ISLAM DARUTTALIM NW TANGAR,69786240,SMP,Swasta,Kec. Jerowaru,230315,Kab. Lombok Timur,230300,Prov. Nusa Tenggara Barat,230000,12,2,77,3,3,1,1,20,17 Mar 2026 23:57:20,6DE08557C46A38E1F262
SMAN 1 JEROWARU,50202415,SMA,Negeri,Kec. Jerowaru,230315,Kab. Lombok Timur,230300,Prov. Nusa Tenggara Barat,230000,0,0,0,0,0,0,0,0,,782DA7A555B8DF862B67
SMA TAHFIZH INSAN MADANI,70060072,SMA,Swasta,Kec. Jerowaru,230315,Kab. Lombok Timur,230300,Prov. Nusa Tenggara Barat,230000,2,1,5,1,1,0,1,7,06 Mar 2026 22:23:09,2D8AE7EDBFEDD188686F
SMK NEGERI 1 JEROWARU,70003742,SMK,Negeri,Kec. Jerowaru,230315,Kab. Lombok Timur,230300,Prov. Nusa Tenggara Barat,230000,37,9,700,24,11,1,1,64,28 Apr 2026 17:19:18,1509120B07578EA86683
SMK BABUSSALAM,69888819,SMK,Swasta,Kec. Jerowaru,230315,Kab. Lombok Timur,230300,Prov. Nusa Tenggara Barat,230000,10,4,76,9,9,1,1,15,23 Apr 2026 12:13:12,6DA1C20B2224D6900C61
SMK BAHRUL YAQIN,70031486,SMK,Swasta,Kec. Jerowaru,230315,Kab. Lombok Timur,230300,Prov. Nusa Tenggara Barat,230000,4,2,43,3,3,0,0,46,29 Apr 2026 19:30:35,36AE46CD0EE8651BEB0E
SMK KEHUTANAN WANA WISATA SEKAROH,69935322,SMK,Swasta,Kec. Jerowaru,230315,Kab. Lombok Timur,230300,Prov. Nusa Tenggara Barat,230000,13,2,59,3,3,1,1,78,30 Apr 2026 23:46:01,1CBB3B6CCA739F3F1DE3
SMKS DARUL QURAN,50222289,SMK,Swasta,Kec. Jerowaru,230315,Kab. Lombok Timur,230300,Prov. Nusa Tenggara Barat,230000,33,4,317,13,7,1,0,43,11 Apr 2026 18:45:48,3CA1DE542F7261828186
SMKS DARUL WUSTHA JEROWARU,50220291,SMK,Swasta,Kec. Jerowaru,230315,Kab. Lombok Timur,230300,Prov. Nusa Tenggara Barat,230000,13,1,74,3,4,1,1,17,10 Apr 2026 21:51:35,8CFD01CFA69783D959AE
SD NEGERI 1 ANJANI,50202959,SD,Negeri,Kec. Suralaga,230312,Kab. Lombok Timur,230300,Prov. Nusa Tenggara Barat,230000,17,1,262,12,12,0,1,43,13 Apr 2026 19:55:19,A0B513D72804E7D37191
SD NEGERI 1 BAGIK PAYUNG,50202956,SD,Negeri,Kec. Suralaga,230312,Kab. Lombok Timur,230300,Prov. Nusa Tenggara Barat,230000,14,0,121,7,6,0,1,6,04 Apr 2026 09:26:38,14E9CE623AFB869B3223
SD NEGERI 1 BAGIK PAYUNG SELATAN,50202272,SD,Negeri,Kec. Suralaga,230312,Kab. Lombok Timur,230300,Prov. Nusa Tenggara Barat,230000,14,1,173,9,6,0,1,45,28 Apr 2026 08:41:20,EE8579C5A5325936E0FF
SD NEGERI 1 BAGIK PAYUNG TIMUR,50202146,SD,Negeri,Kec. Suralaga,230312,Kab. Lombok Timur,230300,Prov. Nusa Tenggara Barat,230000,13,1,187,10,8,0,1,9,09 Apr 2026 20:55:59,26143E2ED2FBEB1C0122
SD NEGERI 1 DAMES DAMAI,50203007,SD,Negeri,Kec. Suralaga,230312,Kab. Lombok Timur,230300,Prov. Nusa Tenggara Barat,230000,11,1,47,6,6,0,0,45,12 Apr 2026 07:17:36,72BAECD09B21081B5EAF
SD NEGERI 1 DASAN BOROK,50203044,SD,Negeri,Kec. Suralaga,230312,Kab. Lombok Timur,230300,Prov. Nusa Tenggara Barat,230000,11,3,132,6,6,0,1,31,10 Apr 2026 20:09:34,8C4A171CF1D61736F508
SD NEGERI 1 GAPUK,50202149,SD,Negeri,Kec. Suralaga,230312,Kab. Lombok Timur,230300,Prov. Nusa Tenggara Barat,230000,9,2,139,7,7,0,1,16,29 Apr 2026 11:05:13,715AE5285664730F86D5
SD NEGERI 1 GERUNG PERMAI,50202548,SD,Negeri,Kec. Suralaga,230312,Kab. Lombok Timur,230300,Prov. Nusa Tenggara Barat,230000,11,3,125,6,6,0,1,23,16 Apr 2026 20:35:53,96F84B2723E94F389141
SD NEGERI 1 KERONGKONG,50202931,SD,Negeri,Kec. Suralaga,230312,Kab. Lombok Timur,230300,Prov. Nusa Tenggara Barat,230000,11,1,139,6,8,0,1,17,27 Apr 2026 17:50:03,E6F52058E360428BA748
SD NEGERI 1 PAOK LOMBOK,50202281,SD,Negeri,Kec. Suralaga,230312,Kab. Lombok Timur,230300,Prov. Nusa Tenggara Barat,230000,19,2,236,12,12,0,3,21,18 Apr 2026 08:59:59,6170D5656C7AB02A5219
SD NEGERI 1 SURALAGA,50202253,SD,Negeri,Kec. Suralaga,230312,Kab. Lombok Timur,230300,Prov. Nusa Tenggara Barat,230000,9,1,150,8,8,0,1,15,06 Apr 2026 21:27:44,F3B48ACF429698493978
SD NEGERI 1 TEBABAN,50203040,SD,Negeri,Kec. Suralaga,230312,Kab. Lombok Timur,230300,Prov. Nusa Tenggara Barat,230000,15,1,182,9,6,0,1,8,18 Feb 2026 05:05:19,EBAB777ED67E8362DDB0
SD NEGERI 1 TUMBUH MULIA,50202570,SD,Negeri,Kec. Suralaga,230312,Kab. Lombok Timur,230300,Prov. Nusa Tenggara Barat,230000,10,1,59,6,6,0,1,14,06 Apr 2026 19:46:43,D9057CBFA710388EC8DD
SD NEGERI 1 WARINGIN,50202996,SD,Negeri,Kec. Suralaga,230312,Kab. Lombok Timur,230300,Prov. Nusa Tenggara Barat,230000,10,2,150,7,6,0,1,24,14 Apr 2026 08:14:55,E3CA83C21BB556609BBF
SD NEGERI 2 ANJANI,50203001,SD,Negeri,Kec. Suralaga,230312,Kab. Lombok Timur,230300,Prov. Nusa Tenggara Barat,230000,14,2,253,11,8,0,1,15,07 Mar 2026 09:28:00,CF1526BB0F85F65C1FA2
SD NEGERI 2 BAGIK PAYUNG,50202541,SD,Negeri,Kec. Suralaga,230312,Kab. Lombok Timur,230300,Prov. Nusa Tenggara Barat,230000,13,1,132,7,7,0,1,21,22 Apr 2026 10:56:52,5C667F42FB3CF6C18F45
SD NEGERI 2 BAGIK PAYUNG SELATAN,50202249,SD,Negeri,Kec. Suralaga,230312,Kab. Lombok Timur,230300,Prov. Nusa Tenggara Barat,230000,12,2,121,6,6,1,1,32,30 Apr 2026 09:24:37,1CAA2631FD9BB1FDA0C0
SD NEGERI 2 BAGIK PAYUNG TIMUR,50202621,SD,Negeri,Kec. Suralaga,230312,Kab. Lombok Timur,230300,Prov. Nusa Tenggara Barat,230000,11,1,166,8,6,0,0,16,14 Apr 2026 08:32:22,4357DB7C762D227956A3
SD NEGERI 2 PAOK LOMBOK,50202154,SD,Negeri,Kec. Suralaga,230312,Kab. Lombok Timur,230300,Prov. Nusa Tenggara Barat,230000,12,3,133,6,6,1,1,51,24 Apr 2026 07:53:13,16ED69A4B3472DB160AA
SD NEGERI 2 SURALAGA,50202174,SD,Negeri,Kec. Suralaga,230312,Kab. Lombok Timur,230300,Prov. Nusa Tenggara Barat,230000,9,3,79,6,8,0,0,21,18 Apr 2026 08:48:09,B3A3DD8A79CAA7CEC4C1
SD NEGERI 2 TEBABAN,50202213,SD,Negeri,Kec. Suralaga,230312,Kab. Lombok Timur,230300,Prov. Nusa Tenggara Barat,230000,12,1,168,7,6,0,1,19,21 Apr 2026 12:27:11,2066023C9F535653E681
SD NEGERI 2 WARINGIN,50202560,SD,Negeri,Kec. Suralaga,230312,Kab. Lombok Timur,230300,Prov. Nusa Tenggara Barat,230000,9,2,125,6,6,0,0,9,04 Mar 2026 08:14:09,E0C9C62C370250DCB554
SD NEGERI 3 ANJANI,50202275,SD,Negeri,Kec. Suralaga,230312,Kab. Lombok Timur,230300,Prov. Nusa Tenggara Barat,230000,12,1,154,7,8,0,1,12,05 Mar 2026 08:24:27,5B09B23BF58FD26DC84D
SD NEGERI 3 SURALAGA,50202215,SD,Negeri,Kec. Suralaga,230312,Kab. Lombok Timur,230300,Prov. Nusa Tenggara Barat,230000,9,0,72,6,6,0,1,45,10 Apr 2026 05:06:52,06C4E7A76D9770A27334
SD NEGERI 4 ANJANI,50202233,SD,Negeri,Kec. Suralaga,230312,Kab. Lombok Timur,230300,Prov. Nusa Tenggara Barat,230000,12,2,178,9,6,1,1,34,08 Apr 2026 09:24:46,076B7B5F8EAAA0B1E433
SD NEGERI 4 SURALAGA,50202642,SD,Negeri,Kec. Suralaga,230312,Kab. Lombok Timur,230300,Prov. Nusa Tenggara Barat,230000,9,1,65,6,3,1,0,12,03 Mar 2026 04:05:52,531D5DC62E8BF47DC7B2
SD NEGERI 5 ANJANI,50202562,SD,Negeri,Kec. Suralaga,230312,Kab. Lombok Timur,230300,Prov. Nusa Tenggara Barat,230000,11,2,144,6,6,0,0,22,20 Apr 2026 10:20:05,719DBE25F756390AD766
SD ASSUNNAH ASSALAFIYAH SURALAGA,69755188,SD,Swasta,Kec. Suralaga,230312,Kab. Lombok Timur,230300,Prov. Nusa Tenggara Barat,230000,22,1,391,16,16,0,0,18,20 Apr 2026 11:19:04,DDD48924A56EBBD0F05C
SD ISLAM AL-BIRRUNI,69911315,SD,Swasta,Kec. Suralaga,230312,Kab. Lombok Timur,230300,Prov. Nusa Tenggara Barat,230000,17,2,106,6,4,0,1,19,03 Apr 2026 18:05:52,3FDA5B872C5834283561
SD ISLAM DAULATUL UMMAH AL-ISLAMIYAH WARINGIN,50220010,SD,Swasta,Kec. Suralaga,230312,Kab. Lombok Timur,230300,Prov. Nusa Tenggara Barat,230000,9,1,102,6,6,0,1,20,05 Mar 2026 08:39:41,FF0149FB0AF7D899E424
SD ISLAM TAHFIZH KERONGKONG,69827770,SD,Swasta,Kec. Suralaga,230312,Kab. Lombok Timur,230300,Prov. Nusa Tenggara Barat,230000,10,1,106,6,7,0,0,11,02 Apr 2026 07:35:06,C34EFCFFBA1950416ED9
SD ISLAM TERPADU BADIUL ISLAH NWDI GOTONG ROYONG,70046758,SD,Swasta,Kec. Suralaga,230312,Kab. Lombok Timur,230300,Prov. Nusa Tenggara Barat,230000,10,1,26,3,3,0,0,19,18 Apr 2026 20:21:53,8A30C9CB34C2161C89FD
SD ISLAM TERPADU SURALAGA,69755187,SD,Swasta,Kec. Suralaga,230312,Kab. Lombok Timur,230300,Prov. Nusa Tenggara Barat,230000,9,1,147,6,6,0,1,6,26 Feb 2026 07:20:00,4C61087C9F8869E4F532
SD IT AHMAD NUR AS SIDDIQ,70041814,SD,Swasta,Kec. Suralaga,230312,Kab. Lombok Timur,230300,Prov. Nusa Tenggara Barat,230000,12,4,69,3,3,0,0,16,09 Mar 2026 06:48:49,360C77E994FD91B2E2B2
SD IT AL - BARRAH,70014753,SD,Swasta,Kec. Suralaga,230312,Kab. Lombok Timur,230300,Prov. Nusa Tenggara Barat,230000,5,1,54,5,5,0,0,9,03 Mar 2026 20:12:09,C507B2819CA1FC504A03
SD IT IBNU ABBAS,70036227,SD,Swasta,Kec. Suralaga,230312,Kab. Lombok Timur,230300,Prov. Nusa Tenggara Barat,230000,13,1,99,5,5,0,0,17,02 May 2026 07:26:04,757CDDDA6DD0EB4EB82C
SD IT TAHFIZUL QURAN TUNAS IMAN PAOK LOMBOK,70013970,SD,Swasta,Kec. Suralaga,230312,Kab. Lombok Timur,230300,Prov. Nusa Tenggara Barat,230000,10,1,75,6,6,0,0,10,02 Apr 2026 10:47:59,2F1524F183E042621929
SMP NEGERI 1 SURALAGA,50202509,SMP,Negeri,Kec. Suralaga,230312,Kab. Lombok Timur,230300,Prov. Nusa Tenggara Barat,230000,40,6,293,12,13,1,1,31,30 Apr 2026 09:00:11,EEB5419E9F5F92AEEBF6
SMP NEGERI 2 SURALAGA,50202460,SMP,Negeri,Kec. Suralaga,230312,Kab. Lombok Timur,230300,Prov. Nusa Tenggara Barat,230000,30,5,176,8,9,1,1,32,07 Apr 2026 04:55:54,A5A82A3C29A2DE17C74B
SMP NEGERI SATU ATAP 1 SURALAGA,50220617,SMP,Negeri,Kec. Suralaga,230312,Kab. Lombok Timur,230300,Prov. Nusa Tenggara Barat,230000,22,2,85,4,3,1,1,12,16 Apr 2026 10:05:56,FA34C33FA05E00D2AE14
SMP AS-SUNAH AS-SALAFIYAH SURALAGA,69990385,SMP,Swasta,Kec. Suralaga,230312,Kab. Lombok Timur,230300,Prov. Nusa Tenggara Barat,230000,9,1,90,4,6,1,1,29,26 Apr 2026 07:19:51,7365EA422CA45486CA51
SMP Islam Darul Ashfiya Dasan Reban,69787744,SMP,Swasta,Kec. Suralaga,230312,Kab. Lombok Timur,230300,Prov. Nusa Tenggara Barat,230000,10,1,7,3,5,1,1,19,15 Apr 2026 21:23:02,88B075F78A0D352EE5C8
SMP ISLAM DARUSSALAM,50205641,SMP,Swasta,Kec. Suralaga,230312,Kab. Lombok Timur,230300,Prov. Nusa Tenggara Barat,230000,13,1,75,3,3,1,1,6,20 Feb 2026 20:12:04,F8478C60317BBB966A29
SMP ISLAM DARUSSALAMAH NW PRAIDA KROYA,69758227,SMP,Swasta,Kec. Suralaga,230312,Kab. Lombok Timur,230300,Prov. Nusa Tenggara Barat,230000,8,2,35,3,5,1,2,18,21 Apr 2026 18:10:50,786E2D602F5A55C17B79
SMP ISLAM DAULATUL UMMAH AL ISLAMIYAH WARINGIN,69948291,SMP,Swasta,Kec. Suralaga,230312,Kab. Lombok Timur,230300,Prov. Nusa Tenggara Barat,230000,9,1,99,3,3,1,1,10,30 Apr 2026 07:52:58,B49E725A6AF313058490
SMP Islam NW Tebaban Timur,50220466,SMP,Swasta,Kec. Suralaga,230312,Kab. Lombok Timur,230300,Prov. Nusa Tenggara Barat,230000,12,1,75,3,3,2,1,29,03 Apr 2026 12:11:18,4F9E786BDB289D485FA6
SMP ISLAM SAADATUDDARAIN NW MAJUET,50219626,SMP,Swasta,Kec. Suralaga,230312,Kab. Lombok Timur,230300,Prov. Nusa Tenggara Barat,230000,12,1,68,3,3,2,0,24,30 Apr 2026 07:12:01,6C072DDEBF3A58323075
SMP ISLAM SULLAMUL MUBTADI ANJANI,69755181,SMP,Swasta,Kec. Suralaga,230312,Kab. Lombok Timur,230300,Prov. Nusa Tenggara Barat,230000,17,1,112,5,2,1,4,25,17 Apr 2026 13:02:28,6E24D61570184CA03511
SMP ISLAM TAHFIZH,69944203,SMP,Swasta,Kec. Suralaga,230312,Kab. Lombok Timur,230300,Prov. Nusa Tenggara Barat,230000,16,2,212,8,7,1,1,16,20 Apr 2026 08:09:03,2FA8904D229FF96A2409
SMP ISLAM TERAMPIL NURUL MUJAHIDIN NW PANCOR KOPONG,69830139,SMP,Swasta,Kec. Suralaga,230312,Kab. Lombok Timur,230300,Prov. Nusa Tenggara Barat,230000,14,1,70,3,3,2,0,10,11 Apr 2026 11:33:47,75171CD4D797ED256771
SMP NW ANJANI,50205715,SMP,Swasta,Kec. Suralaga,230312,Kab. Lombok Timur,230300,Prov. Nusa Tenggara Barat,230000,17,1,133,6,6,2,1,37,30 Apr 2026 10:46:35,AD6E4F59C779C1F84940
SMP Tahfiz Al-Batthawi NW Kerongkong,70000540,SMP,Swasta,Kec. Suralaga,230312,Kab. Lombok Timur,230300,Prov. Nusa Tenggara Barat,230000,8,1,57,3,5,0,1,26,06 Mar 2026 09:35:32,EA70923E19F28EF8653D
SMP TAHFIZ DIYA UL AZHAR,70028209,SMP,Swasta,Kec. Suralaga,230312,Kab. Lombok Timur,230300,Prov. Nusa Tenggara Barat,230000,8,2,90,4,4,0,1,29,03 Apr 2026 03:49:21,9F9DD6F148B87045549A
SMPIT ARRISALAH PAOK LOMBOK,69786719,SMP,Swasta,Kec. Suralaga,230312,Kab. Lombok Timur,230300,Prov. Nusa Tenggara Barat,230000,11,1,94,5,6,2,1,26,27 Mar 2026 20:43:35,BD19CB26B75328C077D8
SMPS ISLAM TERPADU AN-NUR SURALAGA,69775443,SMP,Swasta,Kec. Suralaga,230312,Kab. Lombok Timur,230300,Prov. Nusa Tenggara Barat,230000,9,2,53,3,3,1,0,17,25 Apr 2026 21:01:25,270C7FA5D89DEFB99686
SMPS NW SURALAGA,69775441,SMP,Swasta,Kec. Suralaga,230312,Kab. Lombok Timur,230300,Prov. Nusa Tenggara Barat,230000,27,1,301,11,9,1,0,6,29 Apr 2026 12:47:11,ECBC68F28266453D0D19
SMAN 1 SURALAGA,50205633,SMA,Negeri,Kec. Suralaga,230312,Kab. Lombok Timur,230300,Prov. Nusa Tenggara Barat,230000,30,10,431,15,13,4,1,36,27 Apr 2026 12:03:25,1B717F694FB098801B55
SEKOLAH MENENGAH ATAS TAHFIZ DIYAUL AZHAR BAGIK PAYUNG,70055265,SMA,Swasta,Kec. Suralaga,230312,Kab. Lombok Timur,230300,Prov. Nusa Tenggara Barat,230000,2,1,27,2,2,0,0,16,13 Apr 2026 20:58:52,6B0B51491E02531DE612
SMA ISLAM TERPADU AR-RISALAH PAOK LOMBOK,69941988,SMA,Swasta,Kec. Suralaga,230312,Kab. Lombok Timur,230300,Prov. Nusa Tenggara Barat,230000,10,1,57,3,1,1,0,28,11 Apr 2026 19:29:00,7F1BC996FAEC0ACFEC12
SMA NW SURALAGA,69953751,SMA,Swasta,Kec. Suralaga,230312,Kab. Lombok Timur,230300,Prov. Nusa Tenggara Barat,230000,27,3,311,10,11,1,1,4,04 Mar 2026 10:22:35,514DD7818DBF55304AA4
SMA TAHFIZ AL-BATTHAWI NWDI KERONGKONG,70042237,SMA,Swasta,Kec. Suralaga,230312,Kab. Lombok Timur,230300,Prov. Nusa Tenggara Barat,230000,8,1,51,3,3,1,1,57,01 May 2026 03:45:39,1AE8FF9BED717C0A837A
SMAIT Daulah Ummah,70060901,SMA,Swasta,Kec. Suralaga,230312,Kab. Lombok Timur,230300,Prov. Nusa Tenggara Barat,230000,6,1,11,2,2,0,0,21,01 May 2026 17:37:20,14773B763AD432937F94
SMAS NW ANJANI,50202420,SMA,Swasta,Kec. Suralaga,230312,Kab. Lombok Timur,230300,Prov. Nusa Tenggara Barat,230000,14,2,109,4,5,2,1,52,20 Apr 2026 16:58:07,53B6F39AC10F15744C03
SMAS NWDI TEBABAN,50219372,SMA,Swasta,Kec. Suralaga,230312,Kab. Lombok Timur,230300,Prov. Nusa Tenggara Barat,230000,18,2,78,4,5,2,1,23,17 Apr 2026 14:14:51,361DCA6D129ED3FC6D00
SMAS SULLAMUL MUBTADI ANJANI,50205638,SMA,Swasta,Kec. Suralaga,230312,Kab. Lombok Timur,230300,Prov. Nusa Tenggara Barat,230000,12,2,104,5,6,3,2,40,20 Apr 2026 21:40:32,3B8A5DE04C1A59A756A9
SMK AL-IKHLAS NW,70032454,SMK,Swasta,Kec. Suralaga,230312,Kab. Lombok Timur,230300,Prov. Nusa Tenggara Barat,230000,10,1,12,3,3,0,1,26,11 Apr 2026 07:34:32,BC4B786BAA5281CD09F8
SMK DARUSSALAMAH NW PRAIDA KROYA,69953512,SMK,Swasta,Kec. Suralaga,230312,Kab. Lombok Timur,230300,Prov. Nusa Tenggara Barat,230000,0,0,0,0,0,0,0,0,,A0B3B34AAC22670AAFD0
SMK ISLAM TAHFIZ,69952068,SMK,Swasta,Kec. Suralaga,230312,Kab. Lombok Timur,230300,Prov. Nusa Tenggara Barat,230000,14,2,137,4,5,1,1,20,30 Apr 2026 14:58:14,10A093E310BE4B8ACA45
SMK Maarif Nurilhasany,69988755,SMK,Swasta,Kec. Suralaga,230312,Kab. Lombok Timur,230300,Prov. Nusa Tenggara Barat,230000,5,1,12,3,4,1,0,28,27 Apr 2026 13:07:55,19B5ED9675D1DD94D104
SMK NW SURALAGA,69930705,SMK,Swasta,Kec. Suralaga,230312,Kab. Lombok Timur,230300,Prov. Nusa Tenggara Barat,230000,15,1,67,6,5,0,0,16,04 Mar 2026 21:42:57,927A640CAC19AA2D8AE5
SMK UNWANUL FALAH PAOK LOMBOK,69889051,SMK,Swasta,Kec. Suralaga,230312,Kab. Lombok Timur,230300,Prov. Nusa Tenggara Barat,230000,11,1,75,4,4,1,1,20,23 Apr 2026 09:51:43,33276AB935DD433223C6
SMKS GUNUNG RINJANI LOMBOK,69760837,SMK,Swasta,Kec. Suralaga,230312,Kab. Lombok Timur,230300,Prov. Nusa Tenggara Barat,230000,12,4,76,4,13,2,1,16,17 Apr 2026 19:51:58,9C8FDA69C7231B54319C
SMKS ISLAM DARUSSALAM,50219644,SMK,Swasta,Kec. Suralaga,230312,Kab. Lombok Timur,230300,Prov. Nusa Tenggara Barat,230000,9,1,63,3,3,1,1,13,27 Apr 2026 11:29:19,03BA9B0893B1C2736B85
SMKS NW ANJANI,50205629,SMK,Swasta,Kec. Suralaga,230312,Kab. Lombok Timur,230300,Prov. Nusa Tenggara Barat,230000,20,6,184,10,12,1,0,30,28 Apr 2026 22:53:48,6FE95617917D1ED85D92
SD NEGERI 1 BATU PUTIK,50202195,SD,Negeri,Kec. Keruak,230301,Kab. Lombok Timur,230300,Prov. Nusa Tenggara Barat,230000,13,2,197,10,9,0,1,17,24 Apr 2026 09:50:46,F663186B614F4EABF960
SD NEGERI 1 DANE RASE,50202431,SD,Negeri,Kec. Keruak,230301,Kab. Lombok Timur,230300,Prov. Nusa Tenggara Barat,230000,12,2,191,8,6,1,1,94,30 Apr 2026 06:53:25,DBA9B315D7D60F5986D5
SD NEGERI 1 KERUAK,50203022,SD,Negeri,Kec. Keruak,230301,Kab. Lombok Timur,230300,Prov. Nusa Tenggara Barat,230000,20,3,370,15,13,0,1,34,30 Apr 2026 08:19:51,449F4AC893CEC3401D95
SD NEGERI 1 KETANGGA JERAENG,50202351,SD,Negeri,Kec. Keruak,230301,Kab. Lombok Timur,230300,Prov. Nusa Tenggara Barat,230000,12,1,189,10,8,0,0,7,09 Apr 2026 03:46:48,C391507E38575AAD6B6A
SD NEGERI 1 KETAPANG RAYA,50202155,SD,Negeri,Kec. Keruak,230301,Kab. Lombok Timur,230300,Prov. Nusa Tenggara Barat,230000,9,2,155,7,7,1,1,27,20 Apr 2026 13:48:06,6B90AD369688839B414B
SD NEGERI 1 MENDANA RAYA,50202646,SD,Negeri,Kec. Keruak,230301,Kab. Lombok Timur,230300,Prov. Nusa Tenggara Barat,230000,8,1,149,6,6,0,1,9,11 Mar 2026 20:52:32,50FBA06D615F20F54D6A
SD NEGERI 1 MONTONG BELAI,50202142,SD,Negeri,Kec. Keruak,230301,Kab. Lombok Timur,230300,Prov. Nusa Tenggara Barat,230000,10,1,185,8,8,1,1,27,04 Apr 2026 09:12:20,4FD71A950B1BDB5FD642
SD NEGERI 1 PIJOT,50202984,SD,Negeri,Kec. Keruak,230301,Kab. Lombok Timur,230300,Prov. Nusa Tenggara Barat,230000,16,2,259,12,8,0,1,12,02 May 2026 09:35:04,7BC6022D62AC57C783B6
SD NEGERI 1 PIJOT UTARA,50202322,SD,Negeri,Kec. Keruak,230301,Kab. Lombok Timur,230300,Prov. Nusa Tenggara Barat,230000,9,2,182,7,6,0,1,14,16 Apr 2026 11:22:46,3EB5767F1606E1F3101C
SD NEGERI 1 PULAU MARINGKIK,50202267,SD,Negeri,Kec. Keruak,230301,Kab. Lombok Timur,230300,Prov. Nusa Tenggara Barat,230000,14,1,245,10,10,0,1,16,17 Apr 2026 18:13:26,92C94BEF5658EF7BCD50
SD NEGERI 1 SELEBUNG KETANGGA,50202264,SD,Negeri,Kec. Keruak,230301,Kab. Lombok Timur,230300,Prov. Nusa Tenggara Barat,230000,11,2,166,8,6,0,1,53,22 Apr 2026 10:46:52,804F2CB276A737DC6E73
SD NEGERI 1 SENYIUR,50203021,SD,Negeri,Kec. Keruak,230301,Kab. Lombok Timur,230300,Prov. Nusa Tenggara Barat,230000,11,1,175,8,6,0,1,19,17 Apr 2026 18:18:30,D501BD4C4199FD2D13AF
SD NEGERI 1 SEPIT,50202262,SD,Negeri,Kec. Keruak,230301,Kab. Lombok Timur,230300,Prov. Nusa Tenggara Barat,230000,15,3,220,11,11,0,0,15,02 May 2026 08:56:05,F1667B882044009300DF
SD NEGERI 1 SETUNGKEP LINGSAR,50202250,SD,Negeri,Kec. Keruak,230301,Kab. Lombok Timur,230300,Prov. Nusa Tenggara Barat,230000,10,1,177,7,10,0,1,19,16 Apr 2026 13:30:41,681360DD7F0A44CF6C2D
SD NEGERI 1 Tanjung Luar,50203041,SD,Negeri,Kec. Keruak,230301,Kab. Lombok Timur,230300,Prov. Nusa Tenggara Barat,230000,20,2,392,15,14,0,0,34,25 Apr 2026 09:09:47,7EEBCB4990DE49F867E1
SD NEGERI 2 BATU PUTIK,50202616,SD,Negeri,Kec. Keruak,230301,Kab. Lombok Timur,230300,Prov. Nusa Tenggara Barat,230000,13,3,200,10,6,0,1,31,01 May 2026 16:24:52,FCB01CB9577AF20C24CD
SD NEGERI 2 KERUAK,50202617,SD,Negeri,Kec. Keruak,230301,Kab. Lombok Timur,230300,Prov. Nusa Tenggara Barat,230000,9,2,134,6,6,0,1,18,22 Apr 2026 07:58:25,FBFBE4E88CBF80DA12F3
SD NEGERI 2 KETANGGA JERAENG,50202447,SD,Negeri,Kec. Keruak,230301,Kab. Lombok Timur,230300,Prov. Nusa Tenggara Barat,230000,9,1,138,6,6,0,0,10,10 Apr 2026 05:52:12,76984ADC0D44CB07EDF6
SD NEGERI 2 KETAPANG RAYA,50202569,SD,Negeri,Kec. Keruak,230301,Kab. Lombok Timur,230300,Prov. Nusa Tenggara Barat,230000,18,3,282,12,6,0,1,26,23 Apr 2026 12:07:30,5F03F7B9F5B766E7CDF1
SD NEGERI 2 PIJOT,50202309,SD,Negeri,Kec. Keruak,230301,Kab. Lombok Timur,230300,Prov. Nusa Tenggara Barat,230000,16,1,210,12,7,0,1,29,06 Apr 2026 09:49:19,BE86186A8665286A97EA
SD NEGERI 2 SELEBUNG KETANGGA,50202197,SD,Negeri,Kec. Keruak,230301,Kab. Lombok Timur,230300,Prov. Nusa Tenggara Barat,230000,17,3,259,12,12,1,1,19,07 Apr 2026 09:03:09,DFF4CC9AA78A09925AA2
SD NEGERI 2 SENYIUR,50202350,SD,Negeri,Kec. Keruak,230301,Kab. Lombok Timur,230300,Prov. Nusa Tenggara Barat,230000,9,2,186,8,6,0,1,42,28 Apr 2026 13:42:21,475821AC440450CA14B0
SD NEGERI 2 SEPIT,50202539,SD,Negeri,Kec. Keruak,230301,Kab. Lombok Timur,230300,Prov. Nusa Tenggara Barat,230000,11,1,120,6,6,0,1,26,17 Apr 2026 19:43:42,9C12584F7B420625BE08
SD NEGERI 2 SETUNGKEP LINGSAR,50202430,SD,Negeri,Kec. Keruak,230301,Kab. Lombok Timur,230300,Prov. Nusa Tenggara Barat,230000,9,0,57,6,6,0,1,16,13 Apr 2026 11:06:43,A1FB12263884459CFFBA
SD NEGERI 2 TANJUNG LUAR,50202214,SD,Negeri,Kec. Keruak,230301,Kab. Lombok Timur,230300,Prov. Nusa Tenggara Barat,230000,13,4,266,12,10,1,1,18,06 Apr 2026 10:12:57,43F9241924B877755317
SD NEGERI 3 BATU PUTIK,50202446,SD,Negeri,Kec. Keruak,230301,Kab. Lombok Timur,230300,Prov. Nusa Tenggara Barat,230000,9,1,134,6,6,0,1,26,21 Apr 2026 09:55:07,530E46392E2E815633AC
SD NEGERI 3 KETAPANG RAYA,50202641,SD,Negeri,Kec. Keruak,230301,Kab. Lombok Timur,230300,Prov. Nusa Tenggara Barat,230000,9,2,187,7,6,0,0,11,28 Apr 2026 08:00:49,E7AEBB431EF991CD2543
SD NEGERI 3 PIJOT,50219926,SD,Negeri,Kec. Keruak,230301,Kab. Lombok Timur,230300,Prov. Nusa Tenggara Barat,230000,12,2,212,10,6,0,0,16,03 Apr 2026 15:10:05,AD747F8059DE5FEE73EA
SD NEGERI 3 SELEBUNG KETANGGA,50202524,SD,Negeri,Kec. Keruak,230301,Kab. Lombok Timur,230300,Prov. Nusa Tenggara Barat,230000,10,2,112,6,6,0,1,30,30 Apr 2026 10:38:28,F76FA81E372111441078
SD NEGERI 3 SENYIUR,50202645,SD,Negeri,Kec. Keruak,230301,Kab. Lombok Timur,230300,Prov. Nusa Tenggara Barat,230000,12,1,154,9,8,0,1,16,20 Apr 2026 21:26:22,95632A183A500DB5ECC2
SD NEGERI 3 TANJUNG LUAR,50202547,SD,Negeri,Kec. Keruak,230301,Kab. Lombok Timur,230300,Prov. Nusa Tenggara Barat,230000,20,3,383,16,14,1,1,14,10 Apr 2026 23:21:13,CF59EB5E5896AFDB3A65
SD NEGERI 4 SENYIUR,50202405,SD,Negeri,Kec. Keruak,230301,Kab. Lombok Timur,230300,Prov. Nusa Tenggara Barat,230000,8,2,136,6,6,0,0,16,10 Apr 2026 08:17:45,51873C58EE03AA0123B6
SD ISLAM AL-HALIM,69954121,SD,Swasta,Kec. Keruak,230301,Kab. Lombok Timur,230300,Prov. Nusa Tenggara Barat,230000,8,1,70,6,6,0,1,19,20 Apr 2026 07:51:20,1DF8643F627D62119512
SD ISLAM TERPADU ABU BAKAR ASH-SHIDDIQ,69987451,SD,Swasta,Kec. Keruak,230301,Kab. Lombok Timur,230300,Prov. Nusa Tenggara Barat,230000,12,1,174,9,6,0,0,5,03 Mar 2026 13:21:13,3C0258E72682275AC43C
SD IT ASSYAMIL,70061498,SD,Swasta,Kec. Keruak,230301,Kab. Lombok Timur,230300,Prov. Nusa Tenggara Barat,230000,3,1,22,2,3,0,0,19,25 Apr 2026 20:34:45,C31F0EDE73A9FEE128ED
SD TAHFIZHUL QUR AN ASY - SYIFA,70045285,SD,Swasta,Kec. Keruak,230301,Kab. Lombok Timur,230300,Prov. Nusa Tenggara Barat,230000,9,1,47,4,5,0,1,39,02 May 2026 10:08:01,B9944F72875CC82A4F96
SDI TAHFIZH NURUL ISHLAH,70008669,SD,Swasta,Kec. Keruak,230301,Kab. Lombok Timur,230300,Prov. Nusa Tenggara Barat,230000,10,1,97,6,3,0,0,15,04 Apr 2026 08:33:00,6919EBDCBD11DA6433CF
SMP NEGERI 1 KERUAK,50202506,SMP,Negeri,Kec. Keruak,230301,Kab. Lombok Timur,230300,Prov. Nusa Tenggara Barat,230000,57,9,667,24,25,2,1,33,24 Apr 2026 10:00:07,879A8EEA94A80EAB6424
SMP NEGERI 2 KERUAK,50202473,SMP,Negeri,Kec. Keruak,230301,Kab. Lombok Timur,230300,Prov. Nusa Tenggara Barat,230000,42,15,478,16,19,3,1,43,29 Apr 2026 10:43:11,F796780D7E4EE4CDB877
SMP NEGERI 3 KERUAK,50202487,SMP,Negeri,Kec. Keruak,230301,Kab. Lombok Timur,230300,Prov. Nusa Tenggara Barat,230000,24,2,194,7,11,2,1,32,01 Apr 2026 06:14:44,B8671D8525A33A3C243D
SMP NEGERI 4 Keruak,69762672,SMP,Negeri,Kec. Keruak,230301,Kab. Lombok Timur,230300,Prov. Nusa Tenggara Barat,230000,24,3,185,8,5,2,1,15,19 Apr 2026 17:26:45,75E1D126E3E5D4167D00
SMP NEGERI SATU ATAP 1 KERUAK,50220305,SMP,Negeri,Kec. Keruak,230301,Kab. Lombok Timur,230300,Prov. Nusa Tenggara Barat,230000,15,1,100,4,4,2,1,24,29 Apr 2026 21:03:23,95DBE48D4B23A6F37027
SMP ILMU AL QURAN NURUL ISHLAH,70032597,SMP,Swasta,Kec. Keruak,230301,Kab. Lombok Timur,230300,Prov. Nusa Tenggara Barat,230000,10,1,100,4,1,0,1,34,28 Apr 2026 19:44:29,7C858706750E24860B57
SMP ISLAM AL BAROKAT NAHDLATUL WATHAN JERAEN,70035555,SMP,Swasta,Kec. Keruak,230301,Kab. Lombok Timur,230300,Prov. Nusa Tenggara Barat,230000,16,1,17,3,3,0,0,41,18 Apr 2026 13:25:25,C78D73452EACC5527D66
SMP ISLAM AL-HALIM,69954122,SMP,Swasta,Kec. Keruak,230301,Kab. Lombok Timur,230300,Prov. Nusa Tenggara Barat,230000,8,3,44,3,3,1,1,22,03 Apr 2026 22:40:09,85F49D7B32C71828F8EB
SMP ISLAM AZ - ZAINIYAH,70054746,SMP,Swasta,Kec. Keruak,230301,Kab. Lombok Timur,230300,Prov. Nusa Tenggara Barat,230000,12,3,30,2,3,1,1,31,01 May 2026 20:52:52,7FA74544C8FB4DFAD836
SMP ISLAM BINA UL INSAN TUNDAK,69757232,SMP,Swasta,Kec. Keruak,230301,Kab. Lombok Timur,230300,Prov. Nusa Tenggara Barat,230000,6,1,30,3,3,0,0,29,04 Mar 2026 10:37:35,374B58C2F183E7FC5EB5
SMP IT AL UMM NW LOKON,70055641,SMP,Swasta,Kec. Keruak,230301,Kab. Lombok Timur,230300,Prov. Nusa Tenggara Barat,230000,16,1,26,3,3,1,0,16,07 Apr 2026 22:20:13,8370272EF987C65ADC5C
SMP IT SITI WIDHATUL FAEHA KETANGGA JERAENG,70024043,SMP,Swasta,Kec. Keruak,230301,Kab. Lombok Timur,230300,Prov. Nusa Tenggara Barat,230000,14,3,68,3,3,0,1,13,13 Apr 2026 22:19:40,E39CDEC23D5BCEBA7718
SMAN 1 KERUAK,50202414,SMA,Negeri,Kec. Keruak,230301,Kab. Lombok Timur,230300,Prov. Nusa Tenggara Barat,230000,74,16,1390,38,31,3,1,53,30 Apr 2026 09:37:43,59139A26B308A2B7BD90
SMA PLUS BAROKATUL WALIDAIN,69952646,SMA,Swasta,Kec. Keruak,230301,Kab. Lombok Timur,230300,Prov. Nusa Tenggara Barat,230000,16,1,46,3,3,1,0,29,09 Apr 2026 04:51:32,206B4243195D9FD5269E
SMAS ILMU AL-QUR AN NURUL ISHLAH KETANGGA JERAENG,70045763,SMA,Swasta,Kec. Keruak,230301,Kab. Lombok Timur,230300,Prov. Nusa Tenggara Barat,230000,11,1,66,4,1,1,1,28,21 Apr 2026 00:28:57,47FD1F918223F2B62E96
SMKN 1 KERUAK,50205627,SMK,Negeri,Kec. Keruak,230301,Kab. Lombok Timur,230300,Prov. Nusa Tenggara Barat,230000,42,18,548,20,18,3,1,33,30 Apr 2026 08:41:10,221BA3FDB2518855DD5A
SMK ISLAM AL HALIM,69974482,SMK,Swasta,Kec. Keruak,230301,Kab. Lombok Timur,230300,Prov. Nusa Tenggara Barat,230000,5,1,53,3,3,0,0,19,11 Apr 2026 20:16:28,46AD01795E4FD2BA5768
SMKS TEKNOLOGI SITI RAUDHAH,50219957,SMK,Swasta,Kec. Keruak,230301,Kab. Lombok Timur,230300,Prov. Nusa Tenggara Barat,230000,5,1,34,3,3,2,1,19,27 Feb 2026 16:40:32,494C1276F75E3198667C
SD NEGERI 1 BANJARSARI,50203038,SD,Negeri,Kec. Labuhan Haji,230311,Kab. Lombok Timur,230300,Prov. Nusa Tenggara Barat,230000,11,4,202,8,7,0,0,29,01 Apr 2026 22:04:31,057FE8A79EC52C026D68
SD NEGERI 1 GERES,50203002,SD,Negeri,Kec. Labuhan Haji,230311,Kab. Lombok Timur,230300,Prov. Nusa Tenggara Barat,230000,14,2,243,11,7,0,1,30,14 Apr 2026 17:01:13,CE2979471461510EF7BF
SD NEGERI 1 IJOBALIT,50202977,SD,Negeri,Kec. Labuhan Haji,230311,Kab. Lombok Timur,230300,Prov. Nusa Tenggara Barat,230000,10,1,140,6,7,0,0,34,07 Apr 2026 10:44:36,CFDF066009D99B2586DC
SD NEGERI 1 KERTASARI,50202141,SD,Negeri,Kec. Labuhan Haji,230311,Kab. Lombok Timur,230300,Prov. Nusa Tenggara Barat,230000,9,2,124,6,6,0,0,10,22 Apr 2026 09:32:05,C2248C0AB3DA9832A517
SD NEGERI 1 KORLEKO,50202579,SD,Negeri,Kec. Labuhan Haji,230311,Kab. Lombok Timur,230300,Prov. Nusa Tenggara Barat,230000,22,5,357,16,16,0,0,15,29 Apr 2026 08:01:12,50F17E9E0EDED7F60A5D
SD NEGERI 1 KORLEKO SELATAN,50202927,SD,Negeri,Kec. Labuhan Haji,230311,Kab. Lombok Timur,230300,Prov. Nusa Tenggara Barat,230000,12,1,150,7,7,0,1,25,14 Apr 2026 10:40:51,EF479E086D0F2B5190D2
SD NEGERI 1 LABUHAN HAJI,50202926,SD,Negeri,Kec. Labuhan Haji,230311,Kab. Lombok Timur,230300,Prov. Nusa Tenggara Barat,230000,13,1,196,10,8,0,1,32,29 Apr 2026 06:55:24,166430C452F5770EC72C
SD NEGERI 1 PENEDAGANDOR,50202939,SD,Negeri,Kec. Labuhan Haji,230311,Kab. Lombok Timur,230300,Prov. Nusa Tenggara Barat,230000,13,3,204,10,10,0,0,25,24 Apr 2026 09:40:19,84638C820DB5F82CAAD2
SD NEGERI 1 SURYAWANGI,50203043,SD,Negeri,Kec. Labuhan Haji,230311,Kab. Lombok Timur,230300,Prov. Nusa Tenggara Barat,230000,10,3,180,8,7,0,1,13,16 Apr 2026 11:10:31,DC22122A68BBF914EE6A
SD NEGERI 1 TANJUNG,50203042,SD,Negeri,Kec. Labuhan Haji,230311,Kab. Lombok Timur,230300,Prov. Nusa Tenggara Barat,230000,19,4,316,12,10,0,1,47,28 Apr 2026 18:44:33,74F7FAB3BF3B4D102C66
SD NEGERI 1 TEROS,50202153,SD,Negeri,Kec. Labuhan Haji,230311,Kab. Lombok Timur,230300,Prov. Nusa Tenggara Barat,230000,19,2,242,12,12,0,1,31,20 Apr 2026 11:10:25,380195CC7BC6770CF6EA
SD NEGERI 1 TIRTANADI,50202389,SD,Negeri,Kec. Labuhan Haji,230311,Kab. Lombok Timur,230300,Prov. Nusa Tenggara Barat,230000,15,2,174,9,6,1,1,39,27 Apr 2026 09:45:46,9DBF1291CCF3446D88FB
SD NEGERI 2 BANJARSARI,50202279,SD,Negeri,Kec. Labuhan Haji,230311,Kab. Lombok Timur,230300,Prov. Nusa Tenggara Barat,230000,10,2,151,6,6,1,1,18,10 Apr 2026 09:38:16,F4DB0B6E41DB672643BD
SD NEGERI 2 GERES,50202370,SD,Negeri,Kec. Labuhan Haji,230311,Kab. Lombok Timur,230300,Prov. Nusa Tenggara Barat,230000,9,2,95,6,6,0,1,13,12 Mar 2026 08:55:41,CDD4AE75249CA39AD5C7
SD NEGERI 2 IJOBALIT,50202168,SD,Negeri,Kec. Labuhan Haji,230311,Kab. Lombok Timur,230300,Prov. Nusa Tenggara Barat,230000,10,3,172,7,7,0,1,27,27 Apr 2026 07:14:21,6ABA961C2BA0232953E5
SD NEGERI 2 KERTASARI,50219921,SD,Negeri,Kec. Labuhan Haji,230311,Kab. Lombok Timur,230300,Prov. Nusa Tenggara Barat,230000,12,1,195,9,6,0,0,39,02 May 2026 09:06:50,DA9A9F6A1959363BB77A
SD NEGERI 2 KORLEKO,50202599,SD,Negeri,Kec. Labuhan Haji,230311,Kab. Lombok Timur,230300,Prov. Nusa Tenggara Barat,230000,9,1,110,6,6,0,0,11,25 Apr 2026 08:18:17,4B220A7B76C303FFEA64
SD NEGERI 2 KORLEKO SELATAN,50202654,SD,Negeri,Kec. Labuhan Haji,230311,Kab. Lombok Timur,230300,Prov. Nusa Tenggara Barat,230000,16,3,95,6,6,0,1,12,10 Apr 2026 08:07:51,7A6FBB8CA8564A27620F
SD NEGERI 2 LABUHAN HAJI,50202314,SD,Negeri,Kec. Labuhan Haji,230311,Kab. Lombok Timur,230300,Prov. Nusa Tenggara Barat,230000,15,2,225,10,8,0,1,26,23 Apr 2026 12:13:22,17DDA5476FA92FEBB16C
SD NEGERI 2 PENEDAGANDOR,50202312,SD,Negeri,Kec. Labuhan Haji,230311,Kab. Lombok Timur,230300,Prov. Nusa Tenggara Barat,230000,17,3,240,12,6,0,1,35,02 Apr 2026 14:38:40,F01F95F7A6183EFC2C61
SD NEGERI 2 SURYAWANGI,50202252,SD,Negeri,Kec. Labuhan Haji,230311,Kab. Lombok Timur,230300,Prov. Nusa Tenggara Barat,230000,12,3,194,9,7,1,1,33,30 Apr 2026 10:58:40,994CEE370A42419B8263
SD NEGERI 2 TANJUNG,50202266,SD,Negeri,Kec. Labuhan Haji,230311,Kab. Lombok Timur,230300,Prov. Nusa Tenggara Barat,230000,8,2,110,6,6,0,1,28,27 Apr 2026 21:11:18,A22B24EADC638063B65B
SD NEGERI 2 TEROS,50205658,SD,Negeri,Kec. Labuhan Haji,230311,Kab. Lombok Timur,230300,Prov. Nusa Tenggara Barat,230000,8,0,109,6,6,0,1,13,16 Feb 2026 19:22:46,F5B3C2F5ABE3C664D604
SD NEGERI 2 TIRTANADI,50202124,SD,Negeri,Kec. Labuhan Haji,230311,Kab. Lombok Timur,230300,Prov. Nusa Tenggara Barat,230000,14,3,155,9,7,1,1,16,06 Mar 2026 08:26:27,6A930567E637B8970572
SD NEGERI 3 BANJARSARI,50202566,SD,Negeri,Kec. Labuhan Haji,230311,Kab. Lombok Timur,230300,Prov. Nusa Tenggara Barat,230000,10,4,158,6,6,0,1,14,28 Apr 2026 08:30:39,E22B1850CD7C036F18E2
SD NEGERI 3 KORLEKO SELATAN,50202630,SD,Negeri,Kec. Labuhan Haji,230311,Kab. Lombok Timur,230300,Prov. Nusa Tenggara Barat,230000,9,2,96,6,6,0,1,20,20 Apr 2026 11:16:56,AFC590358702868CBBA5
SD NEGERI 3 LABUHAN HAJI,50202388,SD,Negeri,Kec. Labuhan Haji,230311,Kab. Lombok Timur,230300,Prov. Nusa Tenggara Barat,230000,8,2,90,6,6,0,0,24,16 Mar 2026 07:54:37,DA193AACD4019C549FC4
SD NEGERI 3 PENEDAGANDOR,50202326,SD,Negeri,Kec. Labuhan Haji,230311,Kab. Lombok Timur,230300,Prov. Nusa Tenggara Barat,230000,11,2,139,6,7,0,1,5,03 Mar 2026 20:28:47,3AAB13C0ED803E697DA7
SD NEGERI 3 SURYAWANGI,50202157,SD,Negeri,Kec. Labuhan Haji,230311,Kab. Lombok Timur,230300,Prov. Nusa Tenggara Barat,230000,9,2,178,7,8,0,0,13,12 Apr 2026 00:05:56,997DF54E555D26260496
SD NEGERI 3 TANJUNG,50202156,SD,Negeri,Kec. Labuhan Haji,230311,Kab. Lombok Timur,230300,Prov. Nusa Tenggara Barat,230000,8,2,110,6,6,0,1,8,25 Apr 2026 08:31:00,23506883DA67E501B79F
SD NEGERI 3 TIRTANADI,50202190,SD,Negeri,Kec. Labuhan Haji,230311,Kab. Lombok Timur,230300,Prov. Nusa Tenggara Barat,230000,14,1,171,9,6,0,1,26,12 Apr 2026 08:03:03,DA84FC9A1260F53D22BE
SD NEGERI 4 LABUHAN HAJI,50202122,SD,Negeri,Kec. Labuhan Haji,230311,Kab. Lombok Timur,230300,Prov. Nusa Tenggara Barat,230000,12,4,196,9,7,1,1,50,09 Apr 2026 22:29:40,7EBC37B9465BDFD65D4E
SD NEGERI 5 LABUHAN HAJI,50202189,SD,Negeri,Kec. Labuhan Haji,230311,Kab. Lombok Timur,230300,Prov. Nusa Tenggara Barat,230000,9,1,104,6,7,0,1,19,06 Mar 2026 09:31:39,0B95AE32F754941CAFDF
SD NEGERI 6 LABUHAN HAJI,50205657,SD,Negeri,Kec. Labuhan Haji,230311,Kab. Lombok Timur,230300,Prov. Nusa Tenggara Barat,230000,8,3,128,6,6,0,1,14,09 Mar 2026 09:47:57,2DA1090AF70F0E29A6E4
SD Islam NW Al liqo Korleko,50219922,SD,Swasta,Kec. Labuhan Haji,230311,Kab. Lombok Timur,230300,Prov. Nusa Tenggara Barat,230000,7,2,44,6,6,0,0,12,12 Mar 2026 20:51:47,ED3D5C86FD261D4B979F
SD Islam NW Dasan Gerung,50219923,SD,Swasta,Kec. Labuhan Haji,230311,Kab. Lombok Timur,230300,Prov. Nusa Tenggara Barat,230000,7,1,73,6,6,0,0,9,14 Mar 2026 07:19:50,AE4058C542D3BECFCDAE
SDI NW Dusun Teliah,69761943,SD,Swasta,Kec. Labuhan Haji,230311,Kab. Lombok Timur,230300,Prov. Nusa Tenggara Barat,230000,10,2,142,6,6,1,1,13,30 Apr 2026 10:07:09,31F6C9B5978D36A36F0A
SDI NW KORLEKO,69814001,SD,Swasta,Kec. Labuhan Haji,230311,Kab. Lombok Timur,230300,Prov. Nusa Tenggara Barat,230000,8,1,28,4,6,0,1,20,04 Mar 2026 19:00:23,CE6E8653D10B6BDA0668
SDIT Darul Muhsin NW Tanjung,69787726,SD,Swasta,Kec. Labuhan Haji,230311,Kab. Lombok Timur,230300,Prov. Nusa Tenggara Barat,230000,6,1,47,6,6,0,1,6,10 Apr 2026 14:39:48,CE6043C94A0D3AB86231
SMP NEGERI 1 LABUHAN HAJI,50202507,SMP,Negeri,Kec. Labuhan Haji,230311,Kab. Lombok Timur,230300,Prov. Nusa Tenggara Barat,230000,50,16,765,24,25,3,1,48,23 Apr 2026 12:09:53,786DB437679983E6917D
SMP NEGERI 2 LABUHAN HAJI,50202472,SMP,Negeri,Kec. Labuhan Haji,230311,Kab. Lombok Timur,230300,Prov. Nusa Tenggara Barat,230000,43,15,583,22,21,3,1,34,24 Apr 2026 09:16:13,1892C3E3D9F37896FEAE
SMP NEGERI 3 LABUHAN HAJI,50202486,SMP,Negeri,Kec. Labuhan Haji,230311,Kab. Lombok Timur,230300,Prov. Nusa Tenggara Barat,230000,16,5,125,6,7,3,2,25,28 Apr 2026 09:33:39,344D7DA9E5D004F1D451
SMP NEGERI SATU ATAP 1 LABUHAN HAJI,50220306,SMP,Negeri,Kec. Labuhan Haji,230311,Kab. Lombok Timur,230300,Prov. Nusa Tenggara Barat,230000,12,2,66,3,4,1,1,31,16 Apr 2026 08:50:43,AD19B29415543414BFB7
SMP ISLAM HIDAYATUTTAUHID ESOT - LABUHAN HAJI,69787725,SMP,Swasta,Kec. Labuhan Haji,230311,Kab. Lombok Timur,230300,Prov. Nusa Tenggara Barat,230000,12,2,113,5,6,1,0,11,26 Apr 2026 17:11:32,A2FC30598B3CBA9854C6
SMP ISLAM NW DASAN GERUNG,69853538,SMP,Swasta,Kec. Labuhan Haji,230311,Kab. Lombok Timur,230300,Prov. Nusa Tenggara Barat,230000,7,1,28,3,3,1,1,20,20 Apr 2026 20:58:31,E4C2103C5191EC59ED65
SMP ISLAM TERPADU IBNU MASUD SURYAWANGI,69899624,SMP,Swasta,Kec. Labuhan Haji,230311,Kab. Lombok Timur,230300,Prov. Nusa Tenggara Barat,230000,12,1,111,6,4,1,1,32,16 Apr 2026 09:36:36,46F4F31D7D4199F23BC9
SMP NW KORLEKO,50205639,SMP,Swasta,Kec. Labuhan Haji,230311,Kab. Lombok Timur,230300,Prov. Nusa Tenggara Barat,230000,12,2,102,4,4,0,1,12,04 Apr 2026 08:53:03,27E02C7B11874704DEB8
SMPIT DARUL MUHSIN NW,69813997,SMP,Swasta,Kec. Labuhan Haji,230311,Kab. Lombok Timur,230300,Prov. Nusa Tenggara Barat,230000,12,2,35,3,4,1,1,19,09 Apr 2026 05:21:22,9ACF1B7773D339AF1D43
SMAN 1 LABUHAN HAJI,50202413,SMA,Negeri,Kec. Labuhan Haji,230311,Kab. Lombok Timur,230300,Prov. Nusa Tenggara Barat,230000,59,18,880,25,26,4,1,42,29 Apr 2026 10:23:25,3FCFF2287BECA340773F
SEKOLAH MENEGAH ATAS ISLAM TERPADU DAARUSY SYIFAA TIRPAS,70055185,SMA,Swasta,Kec. Labuhan Haji,230311,Kab. Lombok Timur,230300,Prov. Nusa Tenggara Barat,230000,6,1,21,1,1,0,0,16,28 Apr 2026 15:40:01,C6E63BAF1B8C95E7B834
SMA ISLAM TERPADU BINTANG SEMBILAN,69892374,SMA,Swasta,Kec. Labuhan Haji,230311,Kab. Lombok Timur,230300,Prov. Nusa Tenggara Barat,230000,13,2,109,5,6,1,1,29,22 Apr 2026 21:51:21,8E9DF7A453D27140F6FD
SMA ISLAM TERPADU IBNU MASUD,69985321,SMA,Swasta,Kec. Labuhan Haji,230311,Kab. Lombok Timur,230300,Prov. Nusa Tenggara Barat,230000,19,4,112,5,3,0,1,18,27 Apr 2026 20:42:38,D36BB0087769CA23BF41
SMA IT MARAQITTALIMAT TIRTANADI,70015180,SMA,Swasta,Kec. Labuhan Haji,230311,Kab. Lombok Timur,230300,Prov. Nusa Tenggara Barat,230000,11,1,73,3,1,1,1,29,23 Apr 2026 10:51:10,ED05334D24E010596D20
SMKS KESEHATAN NW TEROS,50222065,SMK,Swasta,Kec. Labuhan Haji,230311,Kab. Lombok Timur,230300,Prov. Nusa Tenggara Barat,230000,18,1,165,6,3,0,0,38,28 Apr 2026 17:57:41,94959854CD691ECA40F3
SMKS NW KORLEKO,50219640,SMK,Swasta,Kec. Labuhan Haji,230311,Kab. Lombok Timur,230300,Prov. Nusa Tenggara Barat,230000,13,2,156,6,8,3,1,34,24 Apr 2026 07:45:22,8296E0416D4BEB0FE1E9
SD NEGERI 1 BOROK TOYANG,50202992,SD,Negeri,Kec. Sakra Barat,230314,Kab. Lombok Timur,230300,Prov. Nusa Tenggara Barat,230000,9,1,142,6,6,0,1,16,17 Apr 2026 08:08:21,FB36F81B68CDC6073BD8
SD NEGERI 1 BOYEMARE,50202268,SD,Negeri,Kec. Sakra Barat,230314,Kab. Lombok Timur,230300,Prov. Nusa Tenggara Barat,230000,11,2,130,6,6,0,1,19,21 Apr 2026 11:28:45,00D375914980065DF7D6
SD NEGERI 1 BUNGTIANG,50202967,SD,Negeri,Kec. Sakra Barat,230314,Kab. Lombok Timur,230300,Prov. Nusa Tenggara Barat,230000,14,3,172,8,10,0,1,20,28 Apr 2026 10:22:34,F3393E07A667BFC8E39E
SD NEGERI 1 GADUNGMAS,50202324,SD,Negeri,Kec. Sakra Barat,230314,Kab. Lombok Timur,230300,Prov. Nusa Tenggara Barat,230000,10,2,115,6,6,0,1,3,22 Jan 2026 07:03:46,773FF8B8AA59BB9509C2
SD NEGERI 1 GUNUNG RAJAK,50202978,SD,Negeri,Kec. Sakra Barat,230314,Kab. Lombok Timur,230300,Prov. Nusa Tenggara Barat,230000,10,0,150,6,6,0,1,26,08 Apr 2026 14:57:41,3CAC6FFF1F62E9B1C446
SD NEGERI 1 JERO GUNUNG,50202529,SD,Negeri,Kec. Sakra Barat,230314,Kab. Lombok Timur,230300,Prov. Nusa Tenggara Barat,230000,14,4,237,10,11,0,1,14,03 Apr 2026 17:54:26,5EDFA80BA3B51FB867E9
SD NEGERI 1 MONTONG BETER,50202986,SD,Negeri,Kec. Sakra Barat,230314,Kab. Lombok Timur,230300,Prov. Nusa Tenggara Barat,230000,10,2,103,6,6,0,0,17,14 Apr 2026 18:30:32,9269362AB0CF4D16A0DD
SD NEGERI 1 PEJARING,50202256,SD,Negeri,Kec. Sakra Barat,230314,Kab. Lombok Timur,230300,Prov. Nusa Tenggara Barat,230000,13,1,215,10,6,0,1,33,28 Apr 2026 14:41:17,90E83DC57D3365993828
SD NEGERI 1 PEMATUNG,50202132,SD,Negeri,Kec. Sakra Barat,230314,Kab. Lombok Timur,230300,Prov. Nusa Tenggara Barat,230000,8,0,151,6,6,0,0,4,04 Mar 2026 09:17:26,074C7A3878DF8DFD3C32
SD NEGERI 1 PENGKELAK MAS,50202937,SD,Negeri,Kec. Sakra Barat,230314,Kab. Lombok Timur,230300,Prov. Nusa Tenggara Barat,230000,14,4,226,11,8,0,1,19,29 Apr 2026 09:32:56,8C59B82C94A56AE9FB9B
SD NEGERI 1 Rensing,50203028,SD,Negeri,Kec. Sakra Barat,230314,Kab. Lombok Timur,230300,Prov. Nusa Tenggara Barat,230000,10,2,150,7,6,0,1,23,22 Apr 2026 07:50:36,C78C4922BA7147EBCC87
SD NEGERI 1 RENSING BAT,50202332,SD,Negeri,Kec. Sakra Barat,230314,Kab. Lombok Timur,230300,Prov. Nusa Tenggara Barat,230000,10,2,159,7,6,0,0,22,23 Apr 2026 08:45:45,8BF41678CC9A397520C2
SD NEGERI 1 RENSING RAYA,50202302,SD,Negeri,Kec. Sakra Barat,230314,Kab. Lombok Timur,230300,Prov. Nusa Tenggara Barat,230000,9,1,125,6,7,0,1,19,02 May 2026 09:32:35,606A904925E30C7D7799
SD NEGERI 1 SUKARARA,50203047,SD,Negeri,Kec. Sakra Barat,230314,Kab. Lombok Timur,230300,Prov. Nusa Tenggara Barat,230000,14,1,268,12,6,0,1,16,25 Apr 2026 08:21:04,D90572293D88A6B67D6C
SD NEGERI 1 TANAK KAKEN,50202371,SD,Negeri,Kec. Sakra Barat,230314,Kab. Lombok Timur,230300,Prov. Nusa Tenggara Barat,230000,12,0,187,9,6,0,1,8,27 Apr 2026 16:05:14,528CA7F4D8905B784921
SD NEGERI 2 BOROK TOYANG,50202246,SD,Negeri,Kec. Sakra Barat,230314,Kab. Lombok Timur,230300,Prov. Nusa Tenggara Barat,230000,12,1,170,8,8,0,1,15,25 Apr 2026 08:58:43,D2EBFB3CD22F9819ACA0
SD NEGERI 2 BOYEMARE,50202558,SD,Negeri,Kec. Sakra Barat,230314,Kab. Lombok Timur,230300,Prov. Nusa Tenggara Barat,230000,9,1,138,6,6,0,1,25,28 Apr 2026 11:28:37,371AB20DBA7D8247B553
SD NEGERI 2 BUNGTIANG,50202158,SD,Negeri,Kec. Sakra Barat,230314,Kab. Lombok Timur,230300,Prov. Nusa Tenggara Barat,230000,14,2,240,10,6,0,1,13,02 May 2026 07:30:59,A2F6EDA6C9FE5ABEDA41
SD NEGERI 2 GUNUNG RAJAK,50202587,SD,Negeri,Kec. Sakra Barat,230314,Kab. Lombok Timur,230300,Prov. Nusa Tenggara Barat,230000,9,1,83,6,6,0,0,18,28 Apr 2026 09:13:24,0F572322783BCB6D11DE
SD NEGERI 2 MONTONG BETER,50202169,SD,Negeri,Kec. Sakra Barat,230314,Kab. Lombok Timur,230300,Prov. Nusa Tenggara Barat,230000,10,2,182,8,6,0,1,21,30 Apr 2026 06:34:43,251203D9E3203AB80202
SD NEGERI 2 PENGKELAK MAS,50202311,SD,Negeri,Kec. Sakra Barat,230314,Kab. Lombok Timur,230300,Prov. Nusa Tenggara Barat,230000,18,3,332,13,9,0,1,14,22 Apr 2026 09:59:19,D25548B67D00DE407341
SD NEGERI 2 RENSING,50219362,SD,Negeri,Kec. Sakra Barat,230314,Kab. Lombok Timur,230300,Prov. Nusa Tenggara Barat,230000,8,2,103,6,6,0,0,17,02 May 2026 07:48:12,6D035AF27CC70B77A681
SD NEGERI 2 SUKARARA,50202335,SD,Negeri,Kec. Sakra Barat,230314,Kab. Lombok Timur,230300,Prov. Nusa Tenggara Barat,230000,9,1,141,6,6,0,1,16,20 Apr 2026 11:18:00,B5EF8F3A8054AB6E3D02
SD NEGERI 3 BOROK TOYANG,50202523,SD,Negeri,Kec. Sakra Barat,230314,Kab. Lombok Timur,230300,Prov. Nusa Tenggara Barat,230000,9,1,145,7,6,0,1,19,04 Mar 2026 08:31:41,6FF1095323AFAA76DA3B
SD NEGERI 3 MONTONG BETER,50202241,SD,Negeri,Kec. Sakra Barat,230314,Kab. Lombok Timur,230300,Prov. Nusa Tenggara Barat,230000,10,3,143,6,6,0,1,10,31 Mar 2026 07:51:52,95C4B97613D26919F3ED
SD NEGERI 3 PENGKELAK MAS,50202139,SD,Negeri,Kec. Sakra Barat,230314,Kab. Lombok Timur,230300,Prov. Nusa Tenggara Barat,230000,8,4,154,6,6,0,1,27,02 May 2026 08:28:19,F8592473D4FCF5AAD164
SD NEGERI 3 SUKARARA,50202218,SD,Negeri,Kec. Sakra Barat,230314,Kab. Lombok Timur,230300,Prov. Nusa Tenggara Barat,230000,9,1,148,6,6,1,1,20,30 Apr 2026 21:19:48,1E37CEE6E8B9F3CA4E86
SD NEGERI 4 SUKARARA,50202391,SD,Negeri,Kec. Sakra Barat,230314,Kab. Lombok Timur,230300,Prov. Nusa Tenggara Barat,230000,10,2,152,6,6,0,1,16,29 Apr 2026 07:58:06,E990FBD5CFE9654BB6BB
SD NEGERI 5 SUKARARA,50202550,SD,Negeri,Kec. Sakra Barat,230314,Kab. Lombok Timur,230300,Prov. Nusa Tenggara Barat,230000,9,4,159,7,7,0,1,40,25 Apr 2026 07:02:50,24FDE77AA8481E35703D
SD ISLAM NW LINGKOK LALEM,50205659,SD,Swasta,Kec. Sakra Barat,230314,Kab. Lombok Timur,230300,Prov. Nusa Tenggara Barat,230000,8,2,116,6,6,0,1,21,06 Apr 2026 07:19:22,3733FAF1C471A7CF7AD6
SD Islam Elhakim Bagik Lonjer,70000538,SD,Swasta,Kec. Sakra Barat,230314,Kab. Lombok Timur,230300,Prov. Nusa Tenggara Barat,230000,7,2,52,6,6,0,1,11,22 Apr 2026 15:55:00,C0B16558A35D27563C99
SDI Darul Abidin,69872330,SD,Swasta,Kec. Sakra Barat,230314,Kab. Lombok Timur,230300,Prov. Nusa Tenggara Barat,230000,8,2,107,6,5,0,1,4,06 Mar 2026 01:12:37,7CB048D61C4CFC112528
SMP NEGERI 1 SAKRA BARAT,50202516,SMP,Negeri,Kec. Sakra Barat,230314,Kab. Lombok Timur,230300,Prov. Nusa Tenggara Barat,230000,60,13,454,18,16,1,1,58,30 Apr 2026 07:34:45,DBF5F093F4025852DADF
SMP NEGERI 2 SAKRA BARAT,50202466,SMP,Negeri,Kec. Sakra Barat,230314,Kab. Lombok Timur,230300,Prov. Nusa Tenggara Barat,230000,35,6,271,10,12,2,1,18,20 Apr 2026 10:59:14,E9F65DF3DE370D19069A
SMP BIRRUL WALIDAIN NW RENSING,69824456,SMP,Swasta,Kec. Sakra Barat,230314,Kab. Lombok Timur,230300,Prov. Nusa Tenggara Barat,230000,12,1,51,3,3,1,0,19,10 Apr 2026 21:07:24,319A83DCC0AEB060C70E
SMP ISLAM AL BAYANI,69945947,SMP,Swasta,Kec. Sakra Barat,230314,Kab. Lombok Timur,230300,Prov. Nusa Tenggara Barat,230000,12,3,81,3,3,2,1,23,04 Mar 2026 16:18:46,913740A3CE88DEB4C256
SMP ISLAM AL MADANI NAHDLATUL WATHAN BATU TANGKOK,70032257,SMP,Swasta,Kec. Sakra Barat,230314,Kab. Lombok Timur,230300,Prov. Nusa Tenggara Barat,230000,11,1,51,3,3,0,1,21,13 Apr 2026 12:08:33,65028E16DC296B597FFF
SMP ISLAM AL YASINI NW BUNGTIANG,69986496,SMP,Swasta,Kec. Sakra Barat,230314,Kab. Lombok Timur,230300,Prov. Nusa Tenggara Barat,230000,15,1,20,3,2,0,0,32,20 Apr 2026 08:03:08,D3644CF17AFB8DBD6FE8
SMP ISLAM KHOLIQ SAJID NAHDLATUL WATHAN BUKIT TENGGER,70046979,SMP,Swasta,Kec. Sakra Barat,230314,Kab. Lombok Timur,230300,Prov. Nusa Tenggara Barat,230000,17,4,43,3,3,0,0,28,23 Apr 2026 20:44:15,5DD652F849193F3C0B81
SMP ISLAM TARUNA BANGSA,70056374,SMP,Swasta,Kec. Sakra Barat,230314,Kab. Lombok Timur,230300,Prov. Nusa Tenggara Barat,230000,4,1,42,2,1,0,0,22,19 Apr 2026 21:08:31,30B3AAB564A8BE36AC5B
SMP ISLAM TERPADU LIDDARAIN NW TANGAR,70035713,SMP,Swasta,Kec. Sakra Barat,230314,Kab. Lombok Timur,230300,Prov. Nusa Tenggara Barat,230000,16,1,43,3,3,0,0,15,20 Apr 2026 20:01:38,186692911B01A1ABF6F8
SMP NW JERUA,50219624,SMP,Swasta,Kec. Sakra Barat,230314,Kab. Lombok Timur,230300,Prov. Nusa Tenggara Barat,230000,11,1,84,5,6,1,1,8,03 Mar 2026 18:55:28,4E316D43C4616DCA40F9
SMPS ISLAM AL- MAHMUDIYAH,69762718,SMP,Swasta,Kec. Sakra Barat,230314,Kab. Lombok Timur,230300,Prov. Nusa Tenggara Barat,230000,14,1,28,3,3,1,1,22,11 Apr 2026 12:35:11,C82AB688A4604F58AB4F
SMPS IT DHIAUL FIKRI,69760833,SMP,Swasta,Kec. Sakra Barat,230314,Kab. Lombok Timur,230300,Prov. Nusa Tenggara Barat,230000,9,2,61,3,3,1,1,17,27 Apr 2026 12:10:46,6ACE4F971BC3A204143C
SEKOLAH MENENGAH ATAS PLUS IHYA ULUMUDDIN NW,70055755,SMA,Swasta,Kec. Sakra Barat,230314,Kab. Lombok Timur,230300,Prov. Nusa Tenggara Barat,230000,13,4,25,1,3,2,1,4,27 Jan 2026 21:31:15,262DD1389DA4C5937500
SMA IT DHIAUL FIKRI SUKARARA,69918594,SMA,Swasta,Kec. Sakra Barat,230314,Kab. Lombok Timur,230300,Prov. Nusa Tenggara Barat,230000,10,3,54,3,5,1,1,55,27 Apr 2026 16:25:26,136485949AFC9AE1E4D0
SMA NWDI  SUKARARA,50219630,SMA,Swasta,Kec. Sakra Barat,230314,Kab. Lombok Timur,230300,Prov. Nusa Tenggara Barat,230000,15,2,103,4,5,2,1,21,29 Apr 2026 11:51:32,8695A40F27007FFDC914
SMA PLUS LIDDARAIN NW,70056968,SMA,Swasta,Kec. Sakra Barat,230314,Kab. Lombok Timur,230300,Prov. Nusa Tenggara Barat,230000,0,0,0,0,0,0,0,0,,DAC8FA1616A03C7CA0DF
SMAS BIRRUL WALIDAIN NW RENSING,50202395,SMA,Swasta,Kec. Sakra Barat,230314,Kab. Lombok Timur,230300,Prov. Nusa Tenggara Barat,230000,15,1,90,4,7,2,1,7,10 Mar 2026 22:02:17,8C637A291DB3C3519D08
SMAS DANA NW BAGEK NYALA,50202394,SMA,Swasta,Kec. Sakra Barat,230314,Kab. Lombok Timur,230300,Prov. Nusa Tenggara Barat,230000,16,1,47,3,3,2,1,4,29 Jan 2026 08:58:39,D3C8E38E8092385F92FA
SMK AL-MUKHTARY NW BUNGTIANG,69826557,SMK,Swasta,Kec. Sakra Barat,230314,Kab. Lombok Timur,230300,Prov. Nusa Tenggara Barat,230000,18,2,69,5,6,1,1,25,05 Apr 2026 21:18:12,445E4F97D8DF41B88D83
SMK MEDIA NUSANTARA NW,70056185,SMK,Swasta,Kec. Sakra Barat,230314,Kab. Lombok Timur,230300,Prov. Nusa Tenggara Barat,230000,10,1,8,2,2,0,0,14,17 Apr 2026 07:15:04,01F7401D74D4ED7C4A45
SMK NW DARUL ABROR,69956729,SMK,Swasta,Kec. Sakra Barat,230314,Kab. Lombok Timur,230300,Prov. Nusa Tenggara Barat,230000,12,1,47,3,3,1,1,46,30 Apr 2026 19:33:40,23273015B4D1A9EBC2A0
SMK TARUNA BANGSA SAKRA BARAT,69888663,SMK,Swasta,Kec. Sakra Barat,230314,Kab. Lombok Timur,230300,Prov. Nusa Tenggara Barat,230000,15,2,119,5,1,1,0,43,02 May 2026 09:00:36,09B6D6505874E4B13084
SD NEGERI 1 KETANGGA,50219384,SD,Negeri,Kec. Suela,230320,Kab. Lombok Timur,230300,Prov. Nusa Tenggara Barat,230000,10,1,108,6,6,0,1,18,04 Feb 2026 10:29:07,F4E5329B711C56049AB6
SD NEGERI 1 MEKAR SARI,50219909,SD,Negeri,Kec. Suela,230320,Kab. Lombok Timur,230300,Prov. Nusa Tenggara Barat,230000,9,2,196,7,6,0,2,22,09 Feb 2026 23:12:51,E990BA2D555502A778E2
SD NEGERI 1 PERIGI,50219904,SD,Negeri,Kec. Suela,230320,Kab. Lombok Timur,230300,Prov. Nusa Tenggara Barat,230000,12,3,222,10,11,0,1,30,27 Apr 2026 08:15:15,1394E96419EF350B16AD
SD NEGERI 1 PUNCAK JERINGO,50219387,SD,Negeri,Kec. Suela,230320,Kab. Lombok Timur,230300,Prov. Nusa Tenggara Barat,230000,7,2,70,6,6,1,1,18,01 Feb 2026 22:09:31,1F58C085CD7F6B1E1E25
SD NEGERI 1 SAPIT,50219385,SD,Negeri,Kec. Suela,230320,Kab. Lombok Timur,230300,Prov. Nusa Tenggara Barat,230000,7,2,150,6,6,0,1,20,28 Apr 2026 08:16:30,27C270276AF17BDF3881
SD NEGERI 1 SELAPARANG,50219390,SD,Negeri,Kec. Suela,230320,Kab. Lombok Timur,230300,Prov. Nusa Tenggara Barat,230000,8,1,129,6,6,0,1,26,15 Apr 2026 20:16:53,27934D0B18AF0BBF990C
SD NEGERI 1 SUELA,50219902,SD,Negeri,Kec. Suela,230320,Kab. Lombok Timur,230300,Prov. Nusa Tenggara Barat,230000,13,2,199,10,7,0,1,42,22 Apr 2026 07:20:10,9B6257AA401AAD5EC2F2
SD NEGERI 1 SUNTALANGU,50219903,SD,Negeri,Kec. Suela,230320,Kab. Lombok Timur,230300,Prov. Nusa Tenggara Barat,230000,9,2,82,6,6,0,1,9,11 Apr 2026 12:08:04,092410B8119347BC57BB
SD NEGERI 2 KETANGGA,50219906,SD,Negeri,Kec. Suela,230320,Kab. Lombok Timur,230300,Prov. Nusa Tenggara Barat,230000,10,2,156,7,7,0,1,15,21 Apr 2026 22:09:50,DE2D91F5FD0528613147
SD NEGERI 2 MEKAR SARI,50219910,SD,Negeri,Kec. Suela,230320,Kab. Lombok Timur,230300,Prov. Nusa Tenggara Barat,230000,8,1,75,6,6,0,2,27,24 Apr 2026 08:45:32,11A59652451896DF49F1
SD NEGERI 2 PERIGI,50219394,SD,Negeri,Kec. Suela,230320,Kab. Lombok Timur,230300,Prov. Nusa Tenggara Barat,230000,9,2,69,6,6,0,1,17,07 Apr 2026 05:21:04,F700AD8EB8924A97C3AD
SD NEGERI 2 Puncak Jeringo,50220442,SD,Negeri,Kec. Suela,230320,Kab. Lombok Timur,230300,Prov. Nusa Tenggara Barat,230000,8,0,57,6,6,0,1,11,07 Mar 2026 08:16:18,E962D73F3AC544CCFE32
SD NEGERI 2 SAPIT,50219907,SD,Negeri,Kec. Suela,230320,Kab. Lombok Timur,230300,Prov. Nusa Tenggara Barat,230000,9,2,155,7,7,0,1,12,10 Apr 2026 05:52:01,FED4D0150A36F74D05DB
SD NEGERI 2 SELAPARANG,50219391,SD,Negeri,Kec. Suela,230320,Kab. Lombok Timur,230300,Prov. Nusa Tenggara Barat,230000,9,3,116,6,6,0,1,16,17 Apr 2026 08:58:18,0AD2B39E8C4D55CA573F
SD NEGERI 2 SUELA,50219908,SD,Negeri,Kec. Suela,230320,Kab. Lombok Timur,230300,Prov. Nusa Tenggara Barat,230000,12,3,292,10,11,0,1,40,25 Apr 2026 08:02:21,EAB5525E1D08A52DA76B
SD NEGERI 2 SUNTALANGU,50219912,SD,Negeri,Kec. Suela,230320,Kab. Lombok Timur,230300,Prov. Nusa Tenggara Barat,230000,8,0,153,6,6,0,0,9,23 Apr 2026 14:41:12,8D6F41F164A39E69B14B
SD NEGERI 3 KETANGGA,50219389,SD,Negeri,Kec. Suela,230320,Kab. Lombok Timur,230300,Prov. Nusa Tenggara Barat,230000,9,2,133,6,6,0,1,43,17 Apr 2026 07:41:08,D40B8EFEAF62DC62FAB9
SD NEGERI 3 MEKAR SARI,50219386,SD,Negeri,Kec. Suela,230320,Kab. Lombok Timur,230300,Prov. Nusa Tenggara Barat,230000,8,1,157,6,6,0,1,11,13 Apr 2026 13:02:34,D6A97A4A683A4B8E970A
SD NEGERI 3 PERIGI,50219914,SD,Negeri,Kec. Suela,230320,Kab. Lombok Timur,230300,Prov. Nusa Tenggara Barat,230000,8,1,101,6,6,0,1,11,16 Apr 2026 17:00:22,4EE8C09D6E756D44D3BB
SD NEGERI 3 PUNCAK JERINGO,69947405,SD,Negeri,Kec. Suela,230320,Kab. Lombok Timur,230300,Prov. Nusa Tenggara Barat,230000,8,1,33,6,6,0,0,10,17 Apr 2026 10:44:05,25E60B29A2AF97740390
SD NEGERI 3 SAPIT,50219393,SD,Negeri,Kec. Suela,230320,Kab. Lombok Timur,230300,Prov. Nusa Tenggara Barat,230000,8,2,92,6,6,0,1,15,17 Apr 2026 09:35:20,2ABEE82F3C1179F74502
SD NEGERI 3 SELAPARANG,50219392,SD,Negeri,Kec. Suela,230320,Kab. Lombok Timur,230300,Prov. Nusa Tenggara Barat,230000,9,0,99,6,6,0,1,11,18 Apr 2026 18:04:33,38B92328924ADF448171
SD NEGERI 3 SUELA,50219911,SD,Negeri,Kec. Suela,230320,Kab. Lombok Timur,230300,Prov. Nusa Tenggara Barat,230000,8,2,119,6,6,0,1,40,19 Apr 2026 20:33:35,FCE3266BD904253EBE52
SD NEGERI 3 SUNTALANGU,50219383,SD,Negeri,Kec. Suela,230320,Kab. Lombok Timur,230300,Prov. Nusa Tenggara Barat,230000,9,2,191,7,6,0,1,24,11 Apr 2026 04:34:37,9E8916A705CBF3A954A1
SD NEGERI 4 KETANGGA,50219913,SD,Negeri,Kec. Suela,230320,Kab. Lombok Timur,230300,Prov. Nusa Tenggara Barat,230000,8,2,133,6,6,0,1,26,02 May 2026 09:05:42,C963C500194E50C4F85C
SD NEGERI 4 PERIGI,50219916,SD,Negeri,Kec. Suela,230320,Kab. Lombok Timur,230300,Prov. Nusa Tenggara Barat,230000,12,2,228,10,9,0,0,34,02 May 2026 06:31:14,5943824AA3F7BEB14384
SD NEGERI 4 Selaparang,50219918,SD,Negeri,Kec. Suela,230320,Kab. Lombok Timur,230300,Prov. Nusa Tenggara Barat,230000,8,1,51,6,6,0,1,6,04 Mar 2026 09:41:50,9CB8EC79FFFD2274D462
SD NEGERI 4 SUNTALANGU,50219917,SD,Negeri,Kec. Suela,230320,Kab. Lombok Timur,230300,Prov. Nusa Tenggara Barat,230000,9,2,154,7,7,0,0,27,17 Apr 2026 07:51:46,2BA132C4090ABBC88B19
SD NEGERI 5 KETANGGA,50219915,SD,Negeri,Kec. Suela,230320,Kab. Lombok Timur,230300,Prov. Nusa Tenggara Barat,230000,10,2,63,6,6,0,0,20,09 Mar 2026 09:13:09,2F5775DAC1E923D13887
SD NEGERI 5 SUNTALANGU,50219919,SD,Negeri,Kec. Suela,230320,Kab. Lombok Timur,230300,Prov. Nusa Tenggara Barat,230000,9,2,69,6,6,0,0,36,01 May 2026 16:05:29,07E1587A2E402B4396E3
SD ISLAM IHYAAUDDIN AIK BETA,69900770,SD,Swasta,Kec. Suela,230320,Kab. Lombok Timur,230300,Prov. Nusa Tenggara Barat,230000,11,1,80,6,6,0,0,12,21 Apr 2026 08:55:20,80F4A8C8892F630AFA40
SD Islam Maraqittalimat Mekar Sari,50219933,SD,Swasta,Kec. Suela,230320,Kab. Lombok Timur,230300,Prov. Nusa Tenggara Barat,230000,11,1,154,6,6,0,0,12,05 Mar 2026 18:18:29,59CA7654A5F499BAC1DD
SD ISLAM SEMPOL,69990901,SD,Swasta,Kec. Suela,230320,Kab. Lombok Timur,230300,Prov. Nusa Tenggara Barat,230000,5,2,15,6,7,0,0,13,16 Apr 2026 13:07:50,017CAFA1343B1E9D3C8E
SD ISLAM TERPADU  AN-NAJIYAH,69787024,SD,Swasta,Kec. Suela,230320,Kab. Lombok Timur,230300,Prov. Nusa Tenggara Barat,230000,13,1,187,10,12,0,1,15,25 Apr 2026 07:08:01,6EAF10DE33CB573F2876
SD IT ABDURRAHMAN BIN AUF,70056528,SD,Swasta,Kec. Suela,230320,Kab. Lombok Timur,230300,Prov. Nusa Tenggara Barat,230000,10,1,48,5,5,0,0,13,09 Mar 2026 21:48:45,9B4DA570FA6EBEE92211
SD MARAQITTA LIMAT SUNTALANGU,70027082,SD,Swasta,Kec. Suela,230320,Kab. Lombok Timur,230300,Prov. Nusa Tenggara Barat,230000,8,1,43,5,3,0,0,24,13 Apr 2026 18:20:56,3A238364A9C3D834A1A7
SMP NEGERI 1 SUELA,50202510,SMP,Negeri,Kec. Suela,230320,Kab. Lombok Timur,230300,Prov. Nusa Tenggara Barat,230000,36,8,577,19,20,2,1,22,31 Mar 2026 13:02:58,B96F14EF04B61A76122C
SMP NEGERI 2 SUELA,50202461,SMP,Negeri,Kec. Suela,230320,Kab. Lombok Timur,230300,Prov. Nusa Tenggara Barat,230000,22,2,126,6,10,2,1,47,22 Apr 2026 21:34:13,60B58992C96F641EB17E
SMP NEGERI 3 Suela,50219632,SMP,Negeri,Kec. Suela,230320,Kab. Lombok Timur,230300,Prov. Nusa Tenggara Barat,230000,9,3,44,3,5,2,1,17,17 Apr 2026 11:20:39,F5D4E2B5FBD033CB3CFF
SMP NEGERI SATU ATAP 1 SUELA,69755208,SMP,Negeri,Kec. Suela,230320,Kab. Lombok Timur,230300,Prov. Nusa Tenggara Barat,230000,8,1,22,3,3,0,1,9,02 May 2026 12:08:54,7056816CC869B73DD519
SMP NEGERI SATU ATAP 2 SUELA,69755209,SMP,Negeri,Kec. Suela,230320,Kab. Lombok Timur,230300,Prov. Nusa Tenggara Barat,230000,7,0,26,3,2,0,0,8,16 Feb 2026 10:25:16,B4BDBCF98F2FBF08DC56
SMP NEGERI SATU ATAP 3 SUELA,69755210,SMP,Negeri,Kec. Suela,230320,Kab. Lombok Timur,230300,Prov. Nusa Tenggara Barat,230000,8,0,24,3,1,1,1,13,04 Mar 2026 08:38:27,B973C4614B0E2B5D985D
SMP NEGERI SATU ATAP 4 SUELA,69830604,SMP,Negeri,Kec. Suela,230320,Kab. Lombok Timur,230300,Prov. Nusa Tenggara Barat,230000,7,2,51,3,2,2,1,28,16 Apr 2026 13:42:39,15C58AE5749F86638B35
SMP NEGERI SATU ATAP 5 SUELA,69888335,SMP,Negeri,Kec. Suela,230320,Kab. Lombok Timur,230300,Prov. Nusa Tenggara Barat,230000,8,0,5,3,3,1,1,5,19 Jan 2026 08:25:13,2F87F4AB2843A82D40DD
SMP ISLAM MARAQITTALIMAT KETANGGA,69757233,SMP,Swasta,Kec. Suela,230320,Kab. Lombok Timur,230300,Prov. Nusa Tenggara Barat,230000,12,1,22,3,3,2,1,6,07 Feb 2026 09:03:56,9CFFC38FC05D36A0D139
SMP ISLAM MARAQITTALIMAT MEKAR SARI,69755192,SMP,Swasta,Kec. Suela,230320,Kab. Lombok Timur,230300,Prov. Nusa Tenggara Barat,230000,10,1,49,3,3,1,0,9,04 Mar 2026 22:32:01,DBED32AAB49C649DF6F9
SMP ISLAM NAHDLATUL WATHAN  BILAKEMBAR,69761893,SMP,Swasta,Kec. Suela,230320,Kab. Lombok Timur,230300,Prov. Nusa Tenggara Barat,230000,11,1,49,3,1,1,0,13,30 Apr 2026 17:37:09,5EE50D1DD4DD602F2778
SMP Islam NW Perigi,50220560,SMP,Swasta,Kec. Suela,230320,Kab. Lombok Timur,230300,Prov. Nusa Tenggara Barat,230000,9,1,56,3,2,1,1,19,15 Feb 2026 22:10:53,AD4686C801BBB1DFC9D7
SMP ISLAM TERPADU DARUTH THOYYIBAH NW KETANGGA,70032077,SMP,Swasta,Kec. Suela,230320,Kab. Lombok Timur,230300,Prov. Nusa Tenggara Barat,230000,16,1,47,3,1,0,0,15,25 Apr 2026 12:05:55,16E04126E2B1C718B23E
SMP IT AN - NAJIYAH Suntalangu,70001901,SMP,Swasta,Kec. Suela,230320,Kab. Lombok Timur,230300,Prov. Nusa Tenggara Barat,230000,6,1,36,3,3,1,1,15,17 Apr 2026 12:31:29,5590A6028107CED59966
SMP MARAQITTALIMAT SUNTALANGU,70031432,SMP,Swasta,Kec. Suela,230320,Kab. Lombok Timur,230300,Prov. Nusa Tenggara Barat,230000,9,1,25,2,2,0,0,41,14 Apr 2026 19:57:21,B816BB8CC5878E7F40FA
SMP TAHFIDZUL QUR AN MT SAPIT,70042040,SMP,Swasta,Kec. Suela,230320,Kab. Lombok Timur,230300,Prov. Nusa Tenggara Barat,230000,4,1,50,3,5,2,1,7,03 Mar 2026 20:55:38,784F46C6A936679F68DA
SMP WADI AL-QURAN,69990386,SMP,Swasta,Kec. Suela,230320,Kab. Lombok Timur,230300,Prov. Nusa Tenggara Barat,230000,3,1,63,3,3,0,0,4,28 Jan 2026 11:05:40,C523C442D2CA04551750
SMAN 1 SUELA,50202503,SMA,Negeri,Kec. Suela,230320,Kab. Lombok Timur,230300,Prov. Nusa Tenggara Barat,230000,41,8,957,26,24,7,1,128,27 Apr 2026 20:39:15,ED3075D0E45521384C02
SMA ISLAM MARAQITTALIMAT MEKAR SARI,69924888,SMA,Swasta,Kec. Suela,230320,Kab. Lombok Timur,230300,Prov. Nusa Tenggara Barat,230000,13,2,106,5,4,1,1,10,04 Mar 2026 10:22:59,99DC91EC43FAABB67FBE
SMA ISLAM PLUS AMALI,70010192,SMA,Swasta,Kec. Suela,230320,Kab. Lombok Timur,230300,Prov. Nusa Tenggara Barat,230000,16,2,65,3,1,1,0,15,29 Apr 2026 17:06:01,CF6CCBC8A199D3E1F137
SMA PERIGI,50219629,SMA,Swasta,Kec. Suela,230320,Kab. Lombok Timur,230300,Prov. Nusa Tenggara Barat,230000,13,1,46,3,6,0,1,13,03 Mar 2026 08:27:37,CB2BA161806BECFBB91E
SMK AL-ANSHOR NW PUNCAK JERINGO,69950546,SMK,Swasta,Kec. Suela,230320,Kab. Lombok Timur,230300,Prov. Nusa Tenggara Barat,230000,24,1,126,6,3,0,1,43,07 Mar 2026 04:37:01,FFE25C2810D293D07421
SMK NW KETANGGA SUELA,70057364,SMK,Swasta,Kec. Suela,230320,Kab. Lombok Timur,230300,Prov. Nusa Tenggara Barat,230000,0,0,0,0,0,0,0,0,,C3549B452707E9D77A14
SMKS MARAQITALIMAT SUELA,50220635,SMK,Swasta,Kec. Suela,230320,Kab. Lombok Timur,230300,Prov. Nusa Tenggara Barat,230000,14,2,98,5,6,1,1,31,22 Apr 2026 10:53:20,929816E4C2FBDAE80FD5
SD NEGERI 1 AIK DEWA,50202306,SD,Negeri,Kec. Pringgasela,230316,Kab. Lombok Timur,230300,Prov. Nusa Tenggara Barat,230000,8,2,131,6,6,1,1,39,29 Apr 2026 08:21:25,2E3D6CF2E18FF52FE979
SD NEGERI 1 JURIT,50202972,SD,Negeri,Kec. Pringgasela,230316,Kab. Lombok Timur,230300,Prov. Nusa Tenggara Barat,230000,9,0,179,6,6,0,1,10,14 Mar 2026 08:14:32,1589959EE05A6A7992CD
SD NEGERI 1 JURIT BARU,50203016,SD,Negeri,Kec. Pringgasela,230316,Kab. Lombok Timur,230300,Prov. Nusa Tenggara Barat,230000,14,1,254,11,6,0,1,33,02 Apr 2026 22:47:37,64D3EF3F64C8E095F300
SD NEGERI 1 PENGADANGAN,50202938,SD,Negeri,Kec. Pringgasela,230316,Kab. Lombok Timur,230300,Prov. Nusa Tenggara Barat,230000,17,2,262,12,7,0,1,19,08 Apr 2026 07:59:36,4960B33072D47B6D2C15
SD NEGERI 1 PENGADANGAN BARAT,50202192,SD,Negeri,Kec. Pringgasela,230316,Kab. Lombok Timur,230300,Prov. Nusa Tenggara Barat,230000,18,1,260,11,12,0,1,9,05 Mar 2026 09:33:35,88BBB69969BE7E200ABA
SD NEGERI 1 PRINGGASELA,50203032,SD,Negeri,Kec. Pringgasela,230316,Kab. Lombok Timur,230300,Prov. Nusa Tenggara Barat,230000,8,3,175,7,7,0,1,27,02 May 2026 18:59:54,6907FEB01FAAED541753
SD NEGERI 1 PRINGGASELA SELATAN,50202134,SD,Negeri,Kec. Pringgasela,230316,Kab. Lombok Timur,230300,Prov. Nusa Tenggara Barat,230000,16,3,258,12,12,1,1,23,11 Apr 2026 09:53:54,1910D979F7B2B502CF88
SD NEGERI 1 PRINGGASELA TIMUR,50202318,SD,Negeri,Kec. Pringgasela,230316,Kab. Lombok Timur,230300,Prov. Nusa Tenggara Barat,230000,17,3,294,12,8,0,1,28,17 Apr 2026 08:40:02,4DCB528E95EDC9A4BD2B
SD NEGERI 1 REMPUNG,50203029,SD,Negeri,Kec. Pringgasela,230316,Kab. Lombok Timur,230300,Prov. Nusa Tenggara Barat,230000,14,3,234,11,6,0,1,11,03 Mar 2026 04:23:30,5319B257E8499896DD9C
SD NEGERI 1 TIMBA NUH,50219363,SD,Negeri,Kec. Pringgasela,230316,Kab. Lombok Timur,230300,Prov. Nusa Tenggara Barat,230000,13,1,218,11,6,0,1,17,10 Mar 2026 10:27:37,9B455EDA5867219E20A7
SD NEGERI 2 AIK DEWA,50202451,SD,Negeri,Kec. Pringgasela,230316,Kab. Lombok Timur,230300,Prov. Nusa Tenggara Barat,230000,14,1,241,10,6,0,1,23,28 Apr 2026 09:28:01,1B76FD3BBE261E92FECA
SD NEGERI 2 JURIT,50202367,SD,Negeri,Kec. Pringgasela,230316,Kab. Lombok Timur,230300,Prov. Nusa Tenggara Barat,230000,16,3,362,12,9,0,1,15,30 Apr 2026 08:16:34,E5E2897FE71DDECCA389
SD NEGERI 2 JURIT BARU,50202165,SD,Negeri,Kec. Pringgasela,230316,Kab. Lombok Timur,230300,Prov. Nusa Tenggara Barat,230000,12,0,176,9,6,0,1,9,02 Apr 2026 09:05:31,EFA31EEDF0E02CB3647B
SD NEGERI 2 PENGADANGAN,50202325,SD,Negeri,Kec. Pringgasela,230316,Kab. Lombok Timur,230300,Prov. Nusa Tenggara Barat,230000,15,3,255,12,10,0,1,31,22 Apr 2026 07:39:13,7A1D8423D9D768300488
SD NEGERI 2 PENGADANGAN BARAT,50202534,SD,Negeri,Kec. Pringgasela,230316,Kab. Lombok Timur,230300,Prov. Nusa Tenggara Barat,230000,16,4,254,12,8,0,1,20,23 Apr 2026 10:06:15,27B42C16D5A67602CA5E
SD NEGERI 2 PRINGGASELA,50202434,SD,Negeri,Kec. Pringgasela,230316,Kab. Lombok Timur,230300,Prov. Nusa Tenggara Barat,230000,13,1,177,9,6,0,1,22,06 Apr 2026 13:13:10,ED9211C8C22F04747BF4
SD NEGERI 2 PRINGGASELA SELATAN,50202531,SD,Negeri,Kec. Pringgasela,230316,Kab. Lombok Timur,230300,Prov. Nusa Tenggara Barat,230000,11,0,195,8,8,0,1,15,28 Apr 2026 18:50:39,0749B57A36EF86FD3035
SD NEGERI 2 REMPUNG,50202303,SD,Negeri,Kec. Pringgasela,230316,Kab. Lombok Timur,230300,Prov. Nusa Tenggara Barat,230000,11,3,165,8,7,0,1,12,16 Apr 2026 08:33:02,A42A9AC72AFABD7A41D0
SD NEGERI 2 TIMBA NUH,50202592,SD,Negeri,Kec. Pringgasela,230316,Kab. Lombok Timur,230300,Prov. Nusa Tenggara Barat,230000,10,1,156,7,6,0,1,20,17 Apr 2026 09:37:06,935DD713FACCEB2270B5
SD NEGERI 3 AIK DEWA,50202424,SD,Negeri,Kec. Pringgasela,230316,Kab. Lombok Timur,230300,Prov. Nusa Tenggara Barat,230000,12,2,172,8,8,0,0,11,16 Apr 2026 09:38:40,A066C88F6414BD6D6A78
SD NEGERI 3 JURIT,50202238,SD,Negeri,Kec. Pringgasela,230316,Kab. Lombok Timur,230300,Prov. Nusa Tenggara Barat,230000,11,2,214,10,6,0,1,9,02 Apr 2026 07:57:05,4AEAF2484FA6CC1ADBD0
SD NEGERI 3 JURIT BARU,50202584,SD,Negeri,Kec. Pringgasela,230316,Kab. Lombok Timur,230300,Prov. Nusa Tenggara Barat,230000,9,1,110,6,6,0,0,20,10 Apr 2026 09:23:29,7A4C6574B6773010F7FD
SD NEGERI 3 PENGADANGAN,50202140,SD,Negeri,Kec. Pringgasela,230316,Kab. Lombok Timur,230300,Prov. Nusa Tenggara Barat,230000,12,3,210,10,6,1,1,37,30 Apr 2026 11:27:34,ED9955A82A0F60FD3624
SD NEGERI 3 PENGADANGAN BARAT,50202454,SD,Negeri,Kec. Pringgasela,230316,Kab. Lombok Timur,230300,Prov. Nusa Tenggara Barat,230000,9,1,109,6,6,1,1,15,17 Mar 2026 07:00:03,024CACC0F41DB2DDC8F5
SD NEGERI 3 PRINGGASELA SELATAN,50202652,SD,Negeri,Kec. Pringgasela,230316,Kab. Lombok Timur,230300,Prov. Nusa Tenggara Barat,230000,13,3,187,8,8,0,0,5,10 Apr 2026 20:18:17,EE7E5379B3B9CB7F6D32
SD NEGERI 3 REMPUNG,50202331,SD,Negeri,Kec. Pringgasela,230316,Kab. Lombok Timur,230300,Prov. Nusa Tenggara Barat,230000,13,4,216,10,6,0,1,16,28 Apr 2026 09:26:30,5D76B1287C256437BAC7
SD NEGERI 4 JURIT,50219364,SD,Negeri,Kec. Pringgasela,230316,Kab. Lombok Timur,230300,Prov. Nusa Tenggara Barat,230000,9,1,150,6,6,0,1,17,01 May 2026 21:06:25,5C1D197172F19F03EB77
SD NEGERI 4 JURIT BARU,50202602,SD,Negeri,Kec. Pringgasela,230316,Kab. Lombok Timur,230300,Prov. Nusa Tenggara Barat,230000,11,1,168,8,6,0,1,14,12 Apr 2026 17:55:50,10E9CF39DFA6BF2A8752
SD NEGERI 4 PENGADANGAN,50202623,SD,Negeri,Kec. Pringgasela,230316,Kab. Lombok Timur,230300,Prov. Nusa Tenggara Barat,230000,9,3,150,6,3,0,0,21,10 Apr 2026 13:21:46,FEDC00AF5714F733706C
SD NEGERI 4 PRINGGASELA SELATAN,69965554,SD,Negeri,Kec. Pringgasela,230316,Kab. Lombok Timur,230300,Prov. Nusa Tenggara Barat,230000,11,4,99,6,4,0,1,9,22 Apr 2026 08:05:29,0938E9E29BFA64A1B519
SD NEGERI 5 JURIT BARU,50202611,SD,Negeri,Kec. Pringgasela,230316,Kab. Lombok Timur,230300,Prov. Nusa Tenggara Barat,230000,8,1,43,6,6,0,0,40,04 Mar 2026 08:47:18,F715A79221816D175C4A
SD NEGERI 5 PENGADANGAN,50202437,SD,Negeri,Kec. Pringgasela,230316,Kab. Lombok Timur,230300,Prov. Nusa Tenggara Barat,230000,14,2,234,12,6,0,0,16,21 Apr 2026 06:35:53,51A8DCBC8A4427FDFAAE
SD ISLAM ISLAHUL MUSLIMIN,70045050,SD,Swasta,Kec. Pringgasela,230316,Kab. Lombok Timur,230300,Prov. Nusa Tenggara Barat,230000,10,1,30,3,3,0,0,13,10 Apr 2026 21:13:49,60DFFCF59A0912A1CAAF
SD Islam Terpadu Hisnu Al - Muslim Aikdewa,70002678,SD,Swasta,Kec. Pringgasela,230316,Kab. Lombok Timur,230300,Prov. Nusa Tenggara Barat,230000,7,6,88,6,5,0,0,10,09 Apr 2026 10:45:30,8599C76ABE5F62ABF854
SD ISLAM TERPADU MAJANU BIL ILMI SUKAMAJU,69831531,SD,Swasta,Kec. Pringgasela,230316,Kab. Lombok Timur,230300,Prov. Nusa Tenggara Barat,230000,11,2,86,6,6,0,0,13,09 Apr 2026 08:54:05,1E6F073B561791000BCC
SD ISLAM TERPADU QOLBUN SALIM AN - NUJUM NW,70044082,SD,Swasta,Kec. Pringgasela,230316,Kab. Lombok Timur,230300,Prov. Nusa Tenggara Barat,230000,4,4,40,6,6,0,0,16,24 Apr 2026 07:38:22,8419C685D37E3ECD2D83
SD IT RUHUL QURO PENGADANGAN,70027081,SD,Swasta,Kec. Pringgasela,230316,Kab. Lombok Timur,230300,Prov. Nusa Tenggara Barat,230000,9,3,56,5,5,0,0,34,24 Apr 2026 07:27:20,7F629652CA8CA7FF4CDE
SDIT Darul Chalidi NW Pringgasela,50220445,SD,Swasta,Kec. Pringgasela,230316,Kab. Lombok Timur,230300,Prov. Nusa Tenggara Barat,230000,12,3,161,7,6,0,1,20,30 Apr 2026 13:43:29,0FA44D17FD8ED0D754D9
SDS I AL INSANI,69760834,SD,Swasta,Kec. Pringgasela,230316,Kab. Lombok Timur,230300,Prov. Nusa Tenggara Barat,230000,10,1,34,6,6,0,0,52,23 Apr 2026 22:22:08,8015539C62246FA35804
SMP NEGERI 1 PRINGGASELA,50202518,SMP,Negeri,Kec. Pringgasela,230316,Kab. Lombok Timur,230300,Prov. Nusa Tenggara Barat,230000,48,13,669,21,21,2,1,9,16 Apr 2026 10:52:00,3A959031DDB9D830D525
SMP NEGERI 2 PRINGGASELA,50202468,SMP,Negeri,Kec. Pringgasela,230316,Kab. Lombok Timur,230300,Prov. Nusa Tenggara Barat,230000,24,4,180,7,10,1,1,41,02 May 2026 10:33:09,C7FBB668F4AEE8FD4AA5
SMP NEGERI 3 PRINGGASELA,50220283,SMP,Negeri,Kec. Pringgasela,230316,Kab. Lombok Timur,230300,Prov. Nusa Tenggara Barat,230000,17,4,107,6,7,2,1,5,02 Mar 2026 08:09:23,0A4C300CF30F030347D1
SMP NEGERI 4 PRINGGASELA,69755197,SMP,Negeri,Kec. Pringgasela,230316,Kab. Lombok Timur,230300,Prov. Nusa Tenggara Barat,230000,18,4,137,6,2,1,1,21,02 Apr 2026 17:58:11,142E580BF850D4ED7C57
SMP NEGERI SATU ATAP 1 PRINGGASELA,69830603,SMP,Negeri,Kec. Pringgasela,230316,Kab. Lombok Timur,230300,Prov. Nusa Tenggara Barat,230000,14,1,48,3,1,1,1,18,13 Mar 2026 22:21:56,DBFED41E5665B798F180
SMP NEGERI SATU ATAP 2 PRINGGASELA,69988754,SMP,Negeri,Kec. Pringgasela,230316,Kab. Lombok Timur,230300,Prov. Nusa Tenggara Barat,230000,13,2,78,3,3,0,0,30,10 Apr 2026 17:31:10,88FCDBBB938DB5932207
SMP ISLAM BINA INSANI,69900402,SMP,Swasta,Kec. Pringgasela,230316,Kab. Lombok Timur,230300,Prov. Nusa Tenggara Barat,230000,10,1,49,3,3,1,1,4,27 Mar 2026 05:33:46,B6D1C021CB48BF61A010
SMP Islam Pancor Kopong,69863293,SMP,Swasta,Kec. Pringgasela,230316,Kab. Lombok Timur,230300,Prov. Nusa Tenggara Barat,230000,12,1,16,3,6,1,1,9,11 Apr 2026 19:59:57,BD7B658F5C6EFD55CB94
SMP IT QOLBUN SALIM AN - NUJUM NW,70055687,SMP,Swasta,Kec. Pringgasela,230316,Kab. Lombok Timur,230300,Prov. Nusa Tenggara Barat,230000,7,2,21,3,3,0,0,34,08 Apr 2026 14:53:40,48F7F0DC6D1C6418E942
SMPS IT DARUL CHALIDI NW PRINGGASELA,69761942,SMP,Swasta,Kec. Pringgasela,230316,Kab. Lombok Timur,230300,Prov. Nusa Tenggara Barat,230000,15,2,130,6,3,2,1,25,27 Apr 2026 08:26:14,97E6F78A4036B2A85292
SMAN 1 PRINGGASELA,50202410,SMA,Negeri,Kec. Pringgasela,230316,Kab. Lombok Timur,230300,Prov. Nusa Tenggara Barat,230000,48,12,909,26,26,2,1,34,30 Apr 2026 09:45:39,83311D10038727E66B70
SMA PLUS DARUL CHALIDI NW PRINGGASELA,70037235,SMA,Swasta,Kec. Pringgasela,230316,Kab. Lombok Timur,230300,Prov. Nusa Tenggara Barat,230000,16,2,85,3,5,1,1,21,29 Apr 2026 07:58:40,3D8F2E4181452FD781D6
SMKN PRINGGASELA,50220438,SMK,Negeri,Kec. Pringgasela,230316,Kab. Lombok Timur,230300,Prov. Nusa Tenggara Barat,230000,33,14,216,15,16,1,1,21,02 Apr 2026 06:15:31,33DA60E8CBF5604B9E06
SMKS NW BENTENG,50219899,SMK,Swasta,Kec. Pringgasela,230316,Kab. Lombok Timur,230300,Prov. Nusa Tenggara Barat,230000,17,3,145,6,6,1,1,13,06 Apr 2026 23:03:55,DAB18D2CDF04FC75A61B
SD NEGERI 1 KABAR,50202971,SD,Negeri,Kec. Sakra,230302,Kab. Lombok Timur,230300,Prov. Nusa Tenggara Barat,230000,9,2,134,7,7,0,1,11,24 Apr 2026 18:22:22,7B04981DE772EF6E3397
SD NEGERI 1 KESELET,50203005,SD,Negeri,Kec. Sakra,230302,Kab. Lombok Timur,230300,Prov. Nusa Tenggara Barat,230000,15,2,244,11,11,0,1,15,03 Apr 2026 05:50:03,E9CEFC24C74EBA714E9D
SD NEGERI 1 KUANG BARU,50202356,SD,Negeri,Kec. Sakra,230302,Kab. Lombok Timur,230300,Prov. Nusa Tenggara Barat,230000,16,4,222,10,11,0,1,24,01 May 2026 12:05:19,3E0723CF27BF7209673A
SD NEGERI 1 MOYOT,50202528,SD,Negeri,Kec. Sakra,230302,Kab. Lombok Timur,230300,Prov. Nusa Tenggara Barat,230000,11,2,156,7,6,0,0,22,12 Apr 2026 20:23:35,7B05C13B12394E67E0DF
SD NEGERI 1 PERESAK,50205702,SD,Negeri,Kec. Sakra,230302,Kab. Lombok Timur,230300,Prov. Nusa Tenggara Barat,230000,13,1,176,8,9,0,1,10,17 Apr 2026 15:02:32,6F604E56108B54885F32
SD NEGERI 1 RUMBUK,50202301,SD,Negeri,Kec. Sakra,230302,Kab. Lombok Timur,230300,Prov. Nusa Tenggara Barat,230000,17,2,308,12,14,1,1,16,05 Mar 2026 09:21:14,75A183573155547395E9
SD NEGERI 1 RUMBUK TIMUR,50203027,SD,Negeri,Kec. Sakra,230302,Kab. Lombok Timur,230300,Prov. Nusa Tenggara Barat,230000,16,1,234,12,12,1,1,23,29 Apr 2026 13:31:26,7D0996DEA4CD1420DB06
SD NEGERI 1 SAKRA,50203026,SD,Negeri,Kec. Sakra,230302,Kab. Lombok Timur,230300,Prov. Nusa Tenggara Barat,230000,21,5,413,17,15,1,1,43,07 Apr 2026 10:25:41,4BD14CEDD7D7E973144D
SD NEGERI 1 SAKRA SELATAN,50202200,SD,Negeri,Kec. Sakra,230302,Kab. Lombok Timur,230300,Prov. Nusa Tenggara Barat,230000,17,2,260,12,6,0,1,16,03 Apr 2026 05:38:15,1E39AC3D0D9640A4963D
SD NEGERI 1 SONGAK,50202929,SD,Negeri,Kec. Sakra,230302,Kab. Lombok Timur,230300,Prov. Nusa Tenggara Barat,230000,16,3,220,11,9,0,1,12,04 Mar 2026 08:46:30,674289C0068F88082E37
SD NEGERI 1 SUANGI,50203036,SD,Negeri,Kec. Sakra,230302,Kab. Lombok Timur,230300,Prov. Nusa Tenggara Barat,230000,10,3,148,7,6,0,0,8,11 Apr 2026 23:19:19,60918BDED40F7587FCB8
SD NEGERI 1 SUANGI TIMUR,50202338,SD,Negeri,Kec. Sakra,230302,Kab. Lombok Timur,230300,Prov. Nusa Tenggara Barat,230000,17,2,263,12,14,1,1,18,23 Apr 2026 10:01:39,0E8D3ED0DB743EADC13F
SD NEGERI 2 KABAR,50202366,SD,Negeri,Kec. Sakra,230302,Kab. Lombok Timur,230300,Prov. Nusa Tenggara Barat,230000,9,1,66,6,6,0,1,12,18 Apr 2026 15:50:25,C4ADBC2EA7046051EBA5
SD NEGERI 2 Rumbuk,50202131,SD,Negeri,Kec. Sakra,230302,Kab. Lombok Timur,230300,Prov. Nusa Tenggara Barat,230000,8,2,124,6,6,1,1,9,01 Feb 2026 20:37:27,C31D3B42687097AFE0D5
SD NEGERI 2 RUMBUK TIMUR,50202357,SD,Negeri,Kec. Sakra,230302,Kab. Lombok Timur,230300,Prov. Nusa Tenggara Barat,230000,17,2,324,12,8,0,1,24,26 Mar 2026 07:02:10,C6BDB7E6EE7EEE922E62
SD NEGERI 2 SAKRA,50202300,SD,Negeri,Kec. Sakra,230302,Kab. Lombok Timur,230300,Prov. Nusa Tenggara Barat,230000,16,2,245,12,10,0,1,12,03 Mar 2026 12:21:48,D8707AC373DB217900B5
SD NEGERI 2 SAKRA SELATAN,50202527,SD,Negeri,Kec. Sakra,230302,Kab. Lombok Timur,230300,Prov. Nusa Tenggara Barat,230000,9,2,207,7,6,0,1,30,28 Apr 2026 11:59:02,0F06519D61E7155A39AF
SD NEGERI 2 SONGAK,50202360,SD,Negeri,Kec. Sakra,230302,Kab. Lombok Timur,230300,Prov. Nusa Tenggara Barat,230000,17,3,262,12,12,0,1,28,13 Apr 2026 07:45:09,FD502FA1F09B9C46116B
SD NEGERI 2 SUANGI,50202260,SD,Negeri,Kec. Sakra,230302,Kab. Lombok Timur,230300,Prov. Nusa Tenggara Barat,230000,15,2,233,11,6,1,1,10,06 Mar 2026 20:56:26,1EC016EDEE9E06CEFF61
SD NEGERI 2 SUANGI TIMUR,50202194,SD,Negeri,Kec. Sakra,230302,Kab. Lombok Timur,230300,Prov. Nusa Tenggara Barat,230000,7,4,137,6,6,0,1,5,24 Mar 2026 15:18:53,4255FE863526E91DA240
SD NEGERI 3 KABAR,50202164,SD,Negeri,Kec. Sakra,230302,Kab. Lombok Timur,230300,Prov. Nusa Tenggara Barat,230000,9,2,115,6,6,0,0,12,11 Apr 2026 05:18:36,DCD62481F5BFC92146B7
SD NEGERI 3 RUMBUK,50202650,SD,Negeri,Kec. Sakra,230302,Kab. Lombok Timur,230300,Prov. Nusa Tenggara Barat,230000,8,3,127,6,6,0,1,8,09 Apr 2026 20:03:03,505E282A766E0DCF9856
SD NEGERI 3 RUMBUK TIMUR,50202201,SD,Negeri,Kec. Sakra,230302,Kab. Lombok Timur,230300,Prov. Nusa Tenggara Barat,230000,15,3,281,12,6,0,1,9,02 May 2026 07:54:17,C88DD2864F346C5402EF
SD NEGERI 3 SAKRA,50202130,SD,Negeri,Kec. Sakra,230302,Kab. Lombok Timur,230300,Prov. Nusa Tenggara Barat,230000,10,3,167,7,7,1,0,13,10 Apr 2026 22:10:55,874D80C53FA67BCF820F
SD NEGERI 3 SAKRA SELATAN,50202432,SD,Negeri,Kec. Sakra,230302,Kab. Lombok Timur,230300,Prov. Nusa Tenggara Barat,230000,10,1,175,7,6,0,1,10,30 Mar 2026 07:38:38,57C23CA2E0D026A5480A
SD NEGERI 3 SUANGI,50202232,SD,Negeri,Kec. Sakra,230302,Kab. Lombok Timur,230300,Prov. Nusa Tenggara Barat,230000,8,3,130,6,6,1,1,11,06 Mar 2026 09:27:59,3D364725CC8106439C57
SD NEGERI 3 SUANGI TIMUR,50202553,SD,Negeri,Kec. Sakra,230302,Kab. Lombok Timur,230300,Prov. Nusa Tenggara Barat,230000,8,2,104,6,9,0,0,5,07 Apr 2026 20:31:49,A9A3CAEBED618384597E
SD NEGERI 4 RUMBUK,69988757,SD,Negeri,Kec. Sakra,230302,Kab. Lombok Timur,230300,Prov. Nusa Tenggara Barat,230000,10,2,137,6,6,1,1,23,02 May 2026 19:34:38,F29BF7F263FFDB0C6BA3
SD NEGERI 4 SAKRA,50202649,SD,Negeri,Kec. Sakra,230302,Kab. Lombok Timur,230300,Prov. Nusa Tenggara Barat,230000,12,2,195,10,6,0,1,17,11 Apr 2026 09:12:53,42AB9128D56F5003267D
SD NEGERI 4 SAKRA SELATAN,50202402,SD,Negeri,Kec. Sakra,230302,Kab. Lombok Timur,230300,Prov. Nusa Tenggara Barat,230000,13,2,222,10,6,0,1,23,10 Apr 2026 07:20:28,BAFF10423C871094E87E
SD NEGERI 5 SAKRA,50202619,SD,Negeri,Kec. Sakra,230302,Kab. Lombok Timur,230300,Prov. Nusa Tenggara Barat,230000,10,1,174,7,8,0,0,9,07 Apr 2026 17:10:35,C9C640BFCF5FEACFA791
SD NEGERI 6 SAKRA,50202449,SD,Negeri,Kec. Sakra,230302,Kab. Lombok Timur,230300,Prov. Nusa Tenggara Barat,230000,17,3,248,12,11,1,1,28,10 Apr 2026 18:10:42,2AED6CBB0BB7946D007A
SD NEGERI 7 SAKRA,50202406,SD,Negeri,Kec. Sakra,230302,Kab. Lombok Timur,230300,Prov. Nusa Tenggara Barat,230000,8,3,151,6,6,0,0,19,16 Apr 2026 22:19:57,B73CDBDFA4DF7CEF3592
SD ISLAM AS - SUNNAH,70028528,SD,Swasta,Kec. Sakra,230302,Kab. Lombok Timur,230300,Prov. Nusa Tenggara Barat,230000,7,1,144,6,6,0,0,17,04 Mar 2026 09:05:38,0EFCEFF8F1A3DF7AF7AF
SD ISLAM DARUL BAROKAH NW KESELET,70056356,SD,Swasta,Kec. Sakra,230302,Kab. Lombok Timur,230300,Prov. Nusa Tenggara Barat,230000,7,2,23,2,2,0,0,16,23 Apr 2026 10:52:56,EF8921403E3B734FBA1D
SMP NEGERI 1 SAKRA,50202517,SMP,Negeri,Kec. Sakra,230302,Kab. Lombok Timur,230300,Prov. Nusa Tenggara Barat,230000,76,13,851,25,25,2,1,31,28 Apr 2026 09:35:46,9FB897726F431CE594A6
SMP NEGERI 2 SAKRA,50202467,SMP,Negeri,Kec. Sakra,230302,Kab. Lombok Timur,230300,Prov. Nusa Tenggara Barat,230000,53,7,720,24,24,1,1,10,26 Feb 2026 09:04:44,F8CCE045A56248C7F6D5
SMP ISLAM AHBABUL MUSTHOFA,70056376,SMP,Swasta,Kec. Sakra,230302,Kab. Lombok Timur,230300,Prov. Nusa Tenggara Barat,230000,8,1,14,2,3,0,0,13,11 Apr 2026 16:22:54,51BD46211C1F6983EAC3
SMP ISLAM BIIZNILLAH AL - ANSHORY MOYOT,70053943,SMP,Swasta,Kec. Sakra,230302,Kab. Lombok Timur,230300,Prov. Nusa Tenggara Barat,230000,19,2,14,2,3,1,0,39,03 Apr 2026 15:20:01,9EE0C861078741B0156E
SMP ISLAM JABAL HIKMAH,50220627,SMP,Swasta,Kec. Sakra,230302,Kab. Lombok Timur,230300,Prov. Nusa Tenggara Barat,230000,13,2,97,5,3,2,1,5,06 Mar 2026 09:02:38,8377E27C95800799FFB6
SMP ISLAM MONTONG KUBUR,50205646,SMP,Swasta,Kec. Sakra,230302,Kab. Lombok Timur,230300,Prov. Nusa Tenggara Barat,230000,9,1,107,5,5,1,1,19,01 May 2026 06:43:39,8743F9A29F5597E14AD3
SMP ISLAM NW DAARUL QUR AN AL MAHDI PUSEAH,70031502,SMP,Swasta,Kec. Sakra,230302,Kab. Lombok Timur,230300,Prov. Nusa Tenggara Barat,230000,13,2,29,3,3,1,0,35,01 May 2026 21:07:01,044345FC86D2A764A48A
SMP ISLAM PLUS YADARO KARANG BARU,69934577,SMP,Swasta,Kec. Sakra,230302,Kab. Lombok Timur,230300,Prov. Nusa Tenggara Barat,230000,11,1,78,3,3,0,0,40,30 Apr 2026 12:52:34,74438C7E32D942274093
SMP IT BUAQ ATE KEMBANG MATE,70041591,SMP,Swasta,Kec. Sakra,230302,Kab. Lombok Timur,230300,Prov. Nusa Tenggara Barat,230000,10,5,31,3,3,0,0,24,30 Apr 2026 07:43:24,6D1939527EDBBADCE7C7
SMP IT IRSYADUL UMMAH NW KUANG DEREK,70057414,SMP,Swasta,Kec. Sakra,230302,Kab. Lombok Timur,230300,Prov. Nusa Tenggara Barat,230000,9,4,29,2,6,0,1,21,01 May 2026 03:45:13,5621A0E10233765BED38
Sekolah Rakyat Menengah Atas 38 Lombok Timur,70055452,SMA,Negeri,Kec. Sakra,230302,Kab. Lombok Timur,230300,Prov. Nusa Tenggara Barat,230000,14,1,123,3,5,0,0,44,27 Apr 2026 12:43:54,46B5EEFDC66A9B59A142
SMAN 1 SAKRA,50202409,SMA,Negeri,Kec. Sakra,230302,Kab. Lombok Timur,230300,Prov. Nusa Tenggara Barat,230000,74,15,1580,46,29,3,1,35,24 Apr 2026 08:28:07,4C902B2BEFAE58BA6992
SMKN 1 SAKRA,50202497,SMK,Negeri,Kec. Sakra,230302,Kab. Lombok Timur,230300,Prov. Nusa Tenggara Barat,230000,70,31,1136,40,31,5,2,83,02 May 2026 11:51:01,C23607DB75E112EC0ACF
SMKN 3 SELONG,50202494,SMK,Negeri,Kec. Sakra,230302,Kab. Lombok Timur,230300,Prov. Nusa Tenggara Barat,230000,51,15,691,25,20,2,1,47,30 Apr 2026 12:57:18,147609EA2C9213E58061
SMK ISLAM PLUS YADARO,69949497,SMK,Swasta,Kec. Sakra,230302,Kab. Lombok Timur,230300,Prov. Nusa Tenggara Barat,230000,15,2,116,5,6,1,1,23,26 Apr 2026 06:06:47,F5180F6BF30F78DB5CC2
SMK NAWA QUR ANI,69974703,SMK,Swasta,Kec. Sakra,230302,Kab. Lombok Timur,230300,Prov. Nusa Tenggara Barat,230000,12,1,53,3,3,0,1,47,26 Apr 2026 21:42:57,32A51DCF97C5703C53E5
SD NEGERI 1 GELANGGANG,50202373,SD,Negeri,Kec. Sakra Timur,230313,Kab. Lombok Timur,230300,Prov. Nusa Tenggara Barat,230000,8,2,186,7,6,0,1,9,23 Feb 2026 12:08:05,6BB27340AF21BD70063C
SD NEGERI 1 GERENENG,50202979,SD,Negeri,Kec. Sakra Timur,230313,Kab. Lombok Timur,230300,Prov. Nusa Tenggara Barat,230000,12,2,210,10,10,0,1,11,25 Apr 2026 11:27:05,868722743D7D40EAA657
SD NEGERI 1 GERENENG TIMUR,50202372,SD,Negeri,Kec. Sakra Timur,230313,Kab. Lombok Timur,230300,Prov. Nusa Tenggara Barat,230000,16,2,230,12,9,0,1,13,11 Apr 2026 08:49:43,8AC09E2514F02B12AAD4
SD NEGERI 1 LENTING,50202945,SD,Negeri,Kec. Sakra Timur,230313,Kab. Lombok Timur,230300,Prov. Nusa Tenggara Barat,230000,21,0,346,14,14,0,1,8,24 Apr 2026 09:45:08,926798F9FAFF0E9C3212
SD NEGERI 1 LEPAK,50202935,SD,Negeri,Kec. Sakra Timur,230313,Kab. Lombok Timur,230300,Prov. Nusa Tenggara Barat,230000,24,2,364,17,9,0,1,40,08 Apr 2026 07:09:54,B8A1CB8A0C6CEDB6A815
SD NEGERI 1 LEPAK TIMUR,50202292,SD,Negeri,Kec. Sakra Timur,230313,Kab. Lombok Timur,230300,Prov. Nusa Tenggara Barat,230000,9,3,177,7,7,0,1,21,07 Apr 2026 07:10:02,8ABD8BC16CCE51713A53
SD NEGERI 1 MENCEH,50202980,SD,Negeri,Kec. Sakra Timur,230313,Kab. Lombok Timur,230300,Prov. Nusa Tenggara Barat,230000,9,1,78,6,6,0,1,31,01 May 2026 14:52:14,517582D51B5913004ECC
SD NEGERI 1 MONTONG TANGI,50202286,SD,Negeri,Kec. Sakra Timur,230313,Kab. Lombok Timur,230300,Prov. Nusa Tenggara Barat,230000,18,4,333,14,12,0,1,16,03 Mar 2026 16:29:15,3E8889C2362C65F0F11A
SD NEGERI 1 SURABAYA,50203046,SD,Negeri,Kec. Sakra Timur,230313,Kab. Lombok Timur,230300,Prov. Nusa Tenggara Barat,230000,11,3,213,8,8,0,1,26,07 Mar 2026 07:26:44,370030794B46A4079E3D
SD NEGERI 1 SURABAYA UTARA,50202334,SD,Negeri,Kec. Sakra Timur,230313,Kab. Lombok Timur,230300,Prov. Nusa Tenggara Barat,230000,19,1,292,13,8,0,1,41,09 Apr 2026 11:23:37,3BD8D1C907E3EDF3C151
SD NEGERI 2 GELANGGANG,50202171,SD,Negeri,Kec. Sakra Timur,230313,Kab. Lombok Timur,230300,Prov. Nusa Tenggara Barat,230000,9,1,131,7,7,0,1,12,23 Apr 2026 13:07:10,4A26937A772AF784D616
SD NEGERI 2 GERENENG,50202987,SD,Negeri,Kec. Sakra Timur,230313,Kab. Lombok Timur,230300,Prov. Nusa Tenggara Barat,230000,9,1,135,6,6,0,1,44,30 Apr 2026 08:49:32,74B98DE1538443A5B11D
SD NEGERI 2 LEPAK,50202382,SD,Negeri,Kec. Sakra Timur,230313,Kab. Lombok Timur,230300,Prov. Nusa Tenggara Barat,230000,9,2,161,8,8,0,1,51,21 Apr 2026 09:28:28,0EF9B506ED6455A77543
SD NEGERI 2 LEPAK TIMUR,50202183,SD,Negeri,Kec. Sakra Timur,230313,Kab. Lombok Timur,230300,Prov. Nusa Tenggara Barat,230000,9,2,131,6,6,0,0,15,27 Apr 2026 22:43:47,323F817DE088796FD315
SD NEGERI 2 MENCEH,50202988,SD,Negeri,Kec. Sakra Timur,230313,Kab. Lombok Timur,230300,Prov. Nusa Tenggara Barat,230000,10,0,213,9,6,0,1,26,03 Apr 2026 00:21:25,64BE2855488828FB2F8E
SD NEGERI 2 MONTONG TANGI,50202359,SD,Negeri,Kec. Sakra Timur,230313,Kab. Lombok Timur,230300,Prov. Nusa Tenggara Barat,230000,8,3,80,6,6,0,0,22,15 Apr 2026 08:55:57,40618EA8FE3A78F42B46
SD NEGERI 2 SURABAYA,50202255,SD,Negeri,Kec. Sakra Timur,230313,Kab. Lombok Timur,230300,Prov. Nusa Tenggara Barat,230000,8,3,80,6,6,0,1,16,30 Apr 2026 07:36:41,6B4D45A7F39CA090DDA0
SD NEGERI 2 SURABAYA UTARA,50202217,SD,Negeri,Kec. Sakra Timur,230313,Kab. Lombok Timur,230300,Prov. Nusa Tenggara Barat,230000,12,1,162,8,7,1,1,18,16 Apr 2026 07:46:13,AAAF6C1CBA24BF80D5F0
SD NEGERI 3 GELANGGANG,50202243,SD,Negeri,Kec. Sakra Timur,230313,Kab. Lombok Timur,230300,Prov. Nusa Tenggara Barat,230000,10,1,124,6,6,1,1,25,27 Apr 2026 07:33:45,D19B63FC8FAF21537663
SD NEGERI 3 GERENENG,50202170,SD,Negeri,Kec. Sakra Timur,230313,Kab. Lombok Timur,230300,Prov. Nusa Tenggara Barat,230000,7,2,161,6,6,1,1,1,22 Apr 2026 23:07:32,E6F7A783D3329891E834
SD NEGERI 3 LEPAK,50202116,SD,Negeri,Kec. Sakra Timur,230313,Kab. Lombok Timur,230300,Prov. Nusa Tenggara Barat,230000,17,1,286,12,12,0,2,21,28 Apr 2026 17:50:11,C5CB7346C11F1EFA1502
SD NEGERI 3 MENCEH,50202573,SD,Negeri,Kec. Sakra Timur,230313,Kab. Lombok Timur,230300,Prov. Nusa Tenggara Barat,230000,10,1,170,7,7,0,1,18,02 May 2026 08:34:56,DF24301421C01094827F
SD NEGERI 3 MONTONG TANGI,50202115,SD,Negeri,Kec. Sakra Timur,230313,Kab. Lombok Timur,230300,Prov. Nusa Tenggara Barat,230000,12,3,169,9,9,0,1,9,02 May 2026 09:33:10,8D61215B3F532F1A3A94
SD NEGERI 3 SURABAYA,50202588,SD,Negeri,Kec. Sakra Timur,230313,Kab. Lombok Timur,230300,Prov. Nusa Tenggara Barat,230000,10,1,100,6,6,0,0,27,14 Apr 2026 13:02:41,8FCEE810EC8FAB1D6D13
SD NEGERI 4 GERENENG,50202242,SD,Negeri,Kec. Sakra Timur,230313,Kab. Lombok Timur,230300,Prov. Nusa Tenggara Barat,230000,12,3,211,9,7,0,1,17,30 Apr 2026 09:21:44,175FE3F251BA6BC27135
SD NEGERI 4 MENCEH,50202653,SD,Negeri,Kec. Sakra Timur,230313,Kab. Lombok Timur,230300,Prov. Nusa Tenggara Barat,230000,12,0,215,9,6,0,1,20,07 Apr 2026 22:20:27,AAD1D634052994FBD614
SD Islam NW Tanah Abror,50219934,SD,Swasta,Kec. Sakra Timur,230313,Kab. Lombok Timur,230300,Prov. Nusa Tenggara Barat,230000,9,2,109,6,3,0,1,23,14 Apr 2026 07:17:22,FA44787C8CF00D3FCC69
SD Islam Terpadu Al Bina,70002894,SD,Swasta,Kec. Sakra Timur,230313,Kab. Lombok Timur,230300,Prov. Nusa Tenggara Barat,230000,12,1,104,6,6,0,0,14,22 Apr 2026 09:54:19,FB53E2AEFDF70D7EB537
SD ISLAM TERPADU NW TANGGAK,69965549,SD,Swasta,Kec. Sakra Timur,230313,Kab. Lombok Timur,230300,Prov. Nusa Tenggara Barat,230000,7,2,55,6,6,0,0,58,30 Apr 2026 08:03:19,B8CD0C646A9909150278
SD ISLAM TGH ALI BATU,70034227,SD,Swasta,Kec. Sakra Timur,230313,Kab. Lombok Timur,230300,Prov. Nusa Tenggara Barat,230000,10,2,60,5,5,0,0,27,28 Apr 2026 22:42:53,B719F495AACD1BE08219
SD IT AL  IZZAH LOMBOK,70001902,SD,Swasta,Kec. Sakra Timur,230313,Kab. Lombok Timur,230300,Prov. Nusa Tenggara Barat,230000,18,1,121,8,8,0,1,21,24 Apr 2026 08:28:39,765564899BDF43E39118
SD IT DHIYAUL HILAL UMAR,70054587,SD,Swasta,Kec. Sakra Timur,230313,Kab. Lombok Timur,230300,Prov. Nusa Tenggara Barat,230000,6,3,15,2,2,0,0,13,12 Apr 2026 16:42:05,C730488165E77AB209B5
SDI ELKATARIE LENGKOK REJENG,70009729,SD,Swasta,Kec. Sakra Timur,230313,Kab. Lombok Timur,230300,Prov. Nusa Tenggara Barat,230000,8,1,33,6,3,0,0,38,14 Apr 2026 10:44:19,006AA6ADB3D86865F371
SMP NEGERI 1 SAKRA TIMUR,50202515,SMP,Negeri,Kec. Sakra Timur,230313,Kab. Lombok Timur,230300,Prov. Nusa Tenggara Barat,230000,41,6,360,15,13,1,1,44,21 Apr 2026 11:31:44,9BDDED62F1648980829F
SMP NEGERI 2 SAKRA TIMUR,50202465,SMP,Negeri,Kec. Sakra Timur,230313,Kab. Lombok Timur,230300,Prov. Nusa Tenggara Barat,230000,35,7,429,13,15,2,1,20,21 Apr 2026 08:56:31,59CA72E39B3B9345EE32
SMP NEGERI 3 SAKRA TIMUR,50219477,SMP,Negeri,Kec. Sakra Timur,230313,Kab. Lombok Timur,230300,Prov. Nusa Tenggara Barat,230000,14,3,71,3,3,1,1,19,30 Apr 2026 05:06:42,8F7E42A07A01EC9D26B2
SMP NEGERI SATU ATAP 1 SAKRA TIMUR,69806977,SMP,Negeri,Kec. Sakra Timur,230313,Kab. Lombok Timur,230300,Prov. Nusa Tenggara Barat,230000,15,3,26,3,3,1,1,15,26 Apr 2026 21:09:18,CCDBE8D8E3288252D8E2
SMP Islam Baqiatush Shalihat,69757231,SMP,Swasta,Kec. Sakra Timur,230313,Kab. Lombok Timur,230300,Prov. Nusa Tenggara Barat,230000,8,1,17,3,3,1,0,12,23 Apr 2026 08:54:22,992A19709346DFC76403
SMP Islam NW Montong Mas,70015989,SMP,Swasta,Kec. Sakra Timur,230313,Kab. Lombok Timur,230300,Prov. Nusa Tenggara Barat,230000,14,1,53,3,3,1,1,35,11 Apr 2026 20:45:14,B55E40B3CF18004C351F
SMP ISLAM TGH ALI BATU,70034140,SMP,Swasta,Kec. Sakra Timur,230313,Kab. Lombok Timur,230300,Prov. Nusa Tenggara Barat,230000,8,2,23,3,3,0,1,40,16 Apr 2026 10:21:13,697B496CDA1F346D6A74
SMP NW Gelanggang,50219896,SMP,Swasta,Kec. Sakra Timur,230313,Kab. Lombok Timur,230300,Prov. Nusa Tenggara Barat,230000,16,2,142,6,8,2,1,22,02 Apr 2026 10:30:02,693152192B00B6B4DADF
SMAN 1 SAKRA TIMUR,50202392,SMA,Negeri,Kec. Sakra Timur,230313,Kab. Lombok Timur,230300,Prov. Nusa Tenggara Barat,230000,34,8,909,26,19,4,1,40,01 May 2026 19:52:20,3AAE258F68D1AD368931
SMA ISLAM TIBU JORONG,70006154,SMA,Swasta,Kec. Sakra Timur,230313,Kab. Lombok Timur,230300,Prov. Nusa Tenggara Barat,230000,12,1,43,3,3,1,1,19,09 Mar 2026 22:18:11,03490F310B169B94B7DD
SMK LOMBOK WISDEM SAKRA TIMUR,70014567,SMK,Swasta,Kec. Sakra Timur,230313,Kab. Lombok Timur,230300,Prov. Nusa Tenggara Barat,230000,14,0,80,5,3,1,0,21,08 Apr 2026 06:56:40,2DE25A3E28A321BC83E0
SMK NURSYAHDI NW MONTONG MAS,70055728,SMK,Swasta,Kec. Sakra Timur,230313,Kab. Lombok Timur,230300,Prov. Nusa Tenggara Barat,230000,11,1,38,2,2,1,1,33,29 Apr 2026 08:20:48,CD4A29F29D2CC1900C75
SD NEGERI 1 JENGGIK UTARA,50202974,SD,Negeri,Kec. Montong Gading,230317,Kab. Lombok Timur,230300,Prov. Nusa Tenggara Barat,230000,13,1,251,10,10,0,1,16,11 Apr 2026 07:19:57,4CF17A90D88C53AF9242
SD NEGERI 1 KILANG,50202928,SD,Negeri,Kec. Montong Gading,230317,Kab. Lombok Timur,230300,Prov. Nusa Tenggara Barat,230000,8,3,124,6,6,0,1,13,29 Apr 2026 07:14:49,6CB14ACBC6A65C683B2F
SD NEGERI 1 LENDANG BELO,50202375,SD,Negeri,Kec. Montong Gading,230317,Kab. Lombok Timur,230300,Prov. Nusa Tenggara Barat,230000,10,3,161,7,7,0,1,4,03 Mar 2026 04:20:20,70C7EF388E0418FFCE12
SD NEGERI 1 MONTONG BETOK,50202946,SD,Negeri,Kec. Montong Gading,230317,Kab. Lombok Timur,230300,Prov. Nusa Tenggara Barat,230000,11,3,189,8,6,0,0,21,27 Apr 2026 08:14:24,F8006D0D8C1C79DA8452
SD NEGERI 1 PERIAN,50202920,SD,Negeri,Kec. Montong Gading,230317,Kab. Lombok Timur,230300,Prov. Nusa Tenggara Barat,230000,9,1,76,6,6,0,1,27,16 Apr 2026 18:50:45,E84FD241070519244199
SD NEGERI 1 PESANGGRAHAN,50202287,SD,Negeri,Kec. Montong Gading,230317,Kab. Lombok Timur,230300,Prov. Nusa Tenggara Barat,230000,10,4,191,7,8,0,1,25,20 Apr 2026 18:03:41,51BB4F879E34DC8A9823
SD NEGERI 1 PRINGGA JURANG UTARA,50202136,SD,Negeri,Kec. Montong Gading,230317,Kab. Lombok Timur,230300,Prov. Nusa Tenggara Barat,230000,8,2,96,6,6,0,1,21,02 Apr 2026 07:09:03,2B236FBD672CDCF07F98
SD NEGERI 1 PRINGGAJURANG,50203034,SD,Negeri,Kec. Montong Gading,230317,Kab. Lombok Timur,230300,Prov. Nusa Tenggara Barat,230000,8,2,146,6,6,0,1,12,20 Apr 2026 16:59:00,92CCA00BC439475E2D4D
SD NEGERI 2 JENGGIK UTARA,50203018,SD,Negeri,Kec. Montong Gading,230317,Kab. Lombok Timur,230300,Prov. Nusa Tenggara Barat,230000,7,2,106,6,6,0,1,10,06 Apr 2026 04:42:03,19D9B4D0B7BAE20F39D7
SD NEGERI 2 KILANG,50202985,SD,Negeri,Kec. Montong Gading,230317,Kab. Lombok Timur,230300,Prov. Nusa Tenggara Barat,230000,8,3,161,6,6,0,1,11,20 Apr 2026 07:58:27,2B9C6DA7EB4A8DB0EE16
SD NEGERI 2 LENDANG BELO,50202207,SD,Negeri,Kec. Montong Gading,230317,Kab. Lombok Timur,230300,Prov. Nusa Tenggara Barat,230000,10,2,105,6,6,0,0,20,16 Apr 2026 20:46:18,4741FA64687CA2AFA0C9
SD NEGERI 2 MONTONG BETOK,50202114,SD,Negeri,Kec. Montong Gading,230317,Kab. Lombok Timur,230300,Prov. Nusa Tenggara Barat,230000,9,2,126,6,6,0,1,20,15 Apr 2026 08:09:32,1D50450D07CE2DBF6C2C
SD NEGERI 2 PERIAN,50202310,SD,Negeri,Kec. Montong Gading,230317,Kab. Lombok Timur,230300,Prov. Nusa Tenggara Barat,230000,8,1,73,6,6,0,1,16,13 Apr 2026 10:56:05,8DBD6C3F83CC5FBE07B9
SD NEGERI 2 PESANGGRAHAN,50202376,SD,Negeri,Kec. Montong Gading,230317,Kab. Lombok Timur,230300,Prov. Nusa Tenggara Barat,230000,8,1,86,6,6,0,1,14,20 Apr 2026 09:22:42,C854A7F12ED91A23597B
SD NEGERI 2 PRINGGA JURANG UTARA,50202204,SD,Negeri,Kec. Montong Gading,230317,Kab. Lombok Timur,230300,Prov. Nusa Tenggara Barat,230000,9,3,103,6,5,1,1,17,06 Mar 2026 12:35:56,29A30698852CFD135F38
SD NEGERI 2 PRINGGAJURANG,50219365,SD,Negeri,Kec. Montong Gading,230317,Kab. Lombok Timur,230300,Prov. Nusa Tenggara Barat,230000,8,2,175,6,6,0,1,12,27 Apr 2026 11:25:32,B3D0B38E1C5EAB17C757
SD NEGERI 3 KILANG,50202125,SD,Negeri,Kec. Montong Gading,230317,Kab. Lombok Timur,230300,Prov. Nusa Tenggara Barat,230000,8,2,139,6,6,0,1,15,20 Apr 2026 11:24:33,945C34C2B7FF46719433
SD NEGERI 3 MONTONG BETOK,50202440,SD,Negeri,Kec. Montong Gading,230317,Kab. Lombok Timur,230300,Prov. Nusa Tenggara Barat,230000,13,5,243,10,10,0,1,15,12 Mar 2026 01:42:24,CCEEB5887995D5695EA3
SD NEGERI 3 PERIAN,50202323,SD,Negeri,Kec. Montong Gading,230317,Kab. Lombok Timur,230300,Prov. Nusa Tenggara Barat,230000,10,1,136,7,7,0,0,25,20 Apr 2026 20:37:50,64B9B84F7FCEB8DF793A
SD NEGERI 3 PESANGGRAHAN,50202536,SD,Negeri,Kec. Montong Gading,230317,Kab. Lombok Timur,230300,Prov. Nusa Tenggara Barat,230000,10,2,144,6,6,0,0,8,29 Apr 2026 10:43:39,89C8B62C44AC20FDD5D3
SD NEGERI 3 PRINGGAJURANG,50202320,SD,Negeri,Kec. Montong Gading,230317,Kab. Lombok Timur,230300,Prov. Nusa Tenggara Barat,230000,8,3,115,6,6,0,1,15,10 Apr 2026 05:27:37,2D5F231A9ECC6932BCC0
SD NEGERI 4 KILANG,50202580,SD,Negeri,Kec. Montong Gading,230317,Kab. Lombok Timur,230300,Prov. Nusa Tenggara Barat,230000,8,4,170,6,6,0,1,17,14 Apr 2026 10:28:39,B50C02C59328E255F6B9
SD NEGERI 4 MONTONG BETOK,50202625,SD,Negeri,Kec. Montong Gading,230317,Kab. Lombok Timur,230300,Prov. Nusa Tenggara Barat,230000,12,1,200,9,8,1,1,28,14 Apr 2026 07:26:31,71E8A1890CF9D07A2311
SD NEGERI 4 PERIAN,50202138,SD,Negeri,Kec. Montong Gading,230317,Kab. Lombok Timur,230300,Prov. Nusa Tenggara Barat,230000,8,3,132,6,6,1,1,11,07 Apr 2026 07:43:13,1D8971625AB001563126
SD NEGERI 4 PESANGGRAHAN,50202178,SD,Negeri,Kec. Montong Gading,230317,Kab. Lombok Timur,230300,Prov. Nusa Tenggara Barat,230000,8,3,62,6,6,0,0,19,07 Apr 2026 01:01:24,0D5B92919F3F169E541C
SD NEGERI 5 KILANG,50202631,SD,Negeri,Kec. Montong Gading,230317,Kab. Lombok Timur,230300,Prov. Nusa Tenggara Barat,230000,7,1,64,6,6,0,1,16,06 Apr 2026 18:09:15,C7DBB60F3F8B2E112FA3
SD NEGERI 5 MONTONG BETOK,50202594,SD,Negeri,Kec. Montong Gading,230317,Kab. Lombok Timur,230300,Prov. Nusa Tenggara Barat,230000,8,2,132,6,6,0,0,20,17 Apr 2026 09:36:50,F3382A538B38A5440021
SD NEGERI 5 PESANGGRAHAN,50202457,SD,Negeri,Kec. Montong Gading,230317,Kab. Lombok Timur,230300,Prov. Nusa Tenggara Barat,230000,9,0,90,6,6,0,0,16,07 Apr 2026 11:55:42,D57B230DDE26C1412D6D
SD ISLAM AL-QOMARIYAH,69888476,SD,Swasta,Kec. Montong Gading,230317,Kab. Lombok Timur,230300,Prov. Nusa Tenggara Barat,230000,5,1,42,6,6,0,0,20,30 Apr 2026 09:34:35,32593CBE88D463E96B3D
SD ISLAM NW AL - IHSANI,70053079,SD,Swasta,Kec. Montong Gading,230317,Kab. Lombok Timur,230300,Prov. Nusa Tenggara Barat,230000,5,2,11,3,3,0,0,4,27 Jan 2026 18:05:49,589BE6330F809EC890AF
SMP NEGERI 1 MONTONG GADING,50202520,SMP,Negeri,Kec. Montong Gading,230317,Kab. Lombok Timur,230300,Prov. Nusa Tenggara Barat,230000,36,7,440,15,19,3,2,7,10 Apr 2026 22:58:44,CD25C305B3B9E83D1D2E
SMP NEGERI 2 MONTONG GADING,50202470,SMP,Negeri,Kec. Montong Gading,230317,Kab. Lombok Timur,230300,Prov. Nusa Tenggara Barat,230000,17,3,100,5,6,2,1,14,21 Apr 2026 05:44:19,D8506C234877D61AFAB6
SMP NEGERI 3 MONTONG GADING,69948294,SMP,Negeri,Kec. Montong Gading,230317,Kab. Lombok Timur,230300,Prov. Nusa Tenggara Barat,230000,19,6,125,6,6,2,1,27,21 Apr 2026 11:32:23,055801A30123EADB7787
SMP NEGERI SATU ATAP 1 MONTONG GADING,50220282,SMP,Negeri,Kec. Montong Gading,230317,Kab. Lombok Timur,230300,Prov. Nusa Tenggara Barat,230000,13,1,49,3,4,2,1,38,28 Apr 2026 06:29:28,06119E5AF98B8B163842
SMP ISLAM ARRAUFIYAH PESISOK,69786718,SMP,Swasta,Kec. Montong Gading,230317,Kab. Lombok Timur,230300,Prov. Nusa Tenggara Barat,230000,9,2,37,3,3,1,1,10,25 Apr 2026 07:26:23,68D496DF3DFF30FDC763
SMP ISLAM DARUL MUTTAQIEN NWDI SERIJATA,70034873,SMP,Swasta,Kec. Montong Gading,230317,Kab. Lombok Timur,230300,Prov. Nusa Tenggara Barat,230000,11,2,60,3,3,0,0,22,28 Apr 2026 08:07:24,9768029B8DFBE44BE718
SMP ISLAM LEMBAH SANGKAREANG NW JORET LUNGGU,70054857,SMP,Swasta,Kec. Montong Gading,230317,Kab. Lombok Timur,230300,Prov. Nusa Tenggara Barat,230000,5,1,0,0,0,0,0,0,14 Apr 2026 11:48:27,3C0FBDDFDC402FA191A2
SMP ISLAM MUSTHOFA KAMAL,69907524,SMP,Swasta,Kec. Montong Gading,230317,Kab. Lombok Timur,230300,Prov. Nusa Tenggara Barat,230000,16,4,385,14,11,1,0,6,06 Apr 2026 08:54:16,D8D7FD0DE2011C6FFBBE
SMP ISLAM NW KESELET,70042041,SMP,Swasta,Kec. Montong Gading,230317,Kab. Lombok Timur,230300,Prov. Nusa Tenggara Barat,230000,9,1,29,3,2,0,1,12,12 Apr 2026 05:56:02,D98E0B016D50796A3860
SMP Islam Qurrota a yun NW Joben,69761895,SMP,Swasta,Kec. Montong Gading,230317,Kab. Lombok Timur,230300,Prov. Nusa Tenggara Barat,230000,6,2,42,3,3,0,0,12,03 Mar 2026 11:51:19,34408BDB7176BA907581
SMP IT AL QOMARIYAAH  JENGGIK UTARA,69994897,SMP,Swasta,Kec. Montong Gading,230317,Kab. Lombok Timur,230300,Prov. Nusa Tenggara Barat,230000,6,1,10,3,3,1,1,15,03 Mar 2026 19:09:48,89226FA485309F080698
SMPS IT DARUL IHSAN NW BALIK BATANG,69762671,SMP,Swasta,Kec. Montong Gading,230317,Kab. Lombok Timur,230300,Prov. Nusa Tenggara Barat,230000,10,1,76,4,5,0,1,6,17 Feb 2026 08:29:00,E41A8276CBCFE3593410
SMAN 1 MONTONG GADING,50205717,SMA,Negeri,Kec. Montong Gading,230317,Kab. Lombok Timur,230300,Prov. Nusa Tenggara Barat,230000,32,13,538,16,14,5,1,18,02 Apr 2026 12:31:56,37BE2134F72D99BC957C
SMA ISLAM PLUS MUSTHOFA KAMAL,70014086,SMA,Swasta,Kec. Montong Gading,230317,Kab. Lombok Timur,230300,Prov. Nusa Tenggara Barat,230000,11,1,143,5,5,0,0,12,08 Apr 2026 06:54:36,59AB59C5C06795455A24
SMAS ULIL ALBAAB LENDANG JARAN,50202407,SMA,Swasta,Kec. Montong Gading,230317,Kab. Lombok Timur,230300,Prov. Nusa Tenggara Barat,230000,16,4,258,9,11,4,0,19,22 Apr 2026 08:28:14,AE23A10C5D46F2E3FE10
SMK AL QOMARIYAH JENGGIK UTARA,69929475,SMK,Swasta,Kec. Montong Gading,230317,Kab. Lombok Timur,230300,Prov. Nusa Tenggara Barat,230000,11,2,19,3,3,0,1,20,02 May 2026 11:58:56,F3CCB514BFCDD9349B65
SMK DARUL MUTTAQIEN NW PERIAN,50227771,SMK,Swasta,Kec. Montong Gading,230317,Kab. Lombok Timur,230300,Prov. Nusa Tenggara Barat,230000,12,2,110,6,6,1,0,24,01 May 2026 13:52:49,662F85A77189EC5E2535
SMK ONDAK JAYA,69974804,SMK,Swasta,Kec. Montong Gading,230317,Kab. Lombok Timur,230300,Prov. Nusa Tenggara Barat,230000,13,3,75,4,4,1,1,35,11 Apr 2026 08:20:24,E663A287C3A1B9E3919E
SMK QURROTA AYUN NW JOBEN,69889046,SMK,Swasta,Kec. Montong Gading,230317,Kab. Lombok Timur,230300,Prov. Nusa Tenggara Barat,230000,6,2,37,4,4,1,1,9,29 Apr 2026 09:53:35,B4A7274FB7295D2523F6
SMK TRINGA PRINGGAJURANG,70007756,SMK,Swasta,Kec. Montong Gading,230317,Kab. Lombok Timur,230300,Prov. Nusa Tenggara Barat,230000,12,2,23,3,3,0,1,27,25 Apr 2026 07:41:36,482EFC2A0AD58307A4BE
SMKS AL AMIN KILANG,69726562,SMK,Swasta,Kec. Montong Gading,230317,Kab. Lombok Timur,230300,Prov. Nusa Tenggara Barat,230000,17,4,146,6,6,1,1,27,30 Apr 2026 19:25:38,51EB574E920788A2B4E0
SMKS ULIL ALBAB NW GEGEK,50219637,SMK,Swasta,Kec. Montong Gading,230317,Kab. Lombok Timur,230300,Prov. Nusa Tenggara Barat,230000,12,1,104,6,3,1,0,32,01 Apr 2026 22:20:04,1966D09407FD8602E68A
SD NEGERI 1 KALIJAGA BARU,50202583,SD,Negeri,Kec. Lenek,230321,Kab. Lombok Timur,230300,Prov. Nusa Tenggara Barat,230000,9,2,179,7,6,0,0,10,07 Apr 2026 11:05:43,83EEF040E66501002531
SD NEGERI 1 LENEK,50202923,SD,Negeri,Kec. Lenek,230321,Kab. Lombok Timur,230300,Prov. Nusa Tenggara Barat,230000,16,5,239,12,9,0,1,26,02 May 2026 09:09:14,133CE4EAA3E2A9DD6CF6
SD NEGERI 1 LENEK BARU,50202293,SD,Negeri,Kec. Lenek,230321,Kab. Lombok Timur,230300,Prov. Nusa Tenggara Barat,230000,8,1,149,7,6,0,0,39,23 Apr 2026 12:06:52,89CADE3B3657790A02F4
SD NEGERI 1 LENEK DAYA,50202922,SD,Negeri,Kec. Lenek,230321,Kab. Lombok Timur,230300,Prov. Nusa Tenggara Barat,230000,15,2,252,12,12,0,1,23,28 Mar 2026 08:05:10,B1AAD2BC751F2B2F4006
SD NEGERI 1 LENEK DUREN,50202185,SD,Negeri,Kec. Lenek,230321,Kab. Lombok Timur,230300,Prov. Nusa Tenggara Barat,230000,13,1,221,10,13,0,1,25,23 Apr 2026 08:51:07,F9158053ABE1175F24E7
SD NEGERI 1 LENEK KALI BAMBANG,50202294,SD,Negeri,Kec. Lenek,230321,Kab. Lombok Timur,230300,Prov. Nusa Tenggara Barat,230000,14,3,193,10,6,0,1,34,29 Apr 2026 07:20:19,26832F1F0A9092D59978
SD NEGERI 1 LENEK LAUK,50202921,SD,Negeri,Kec. Lenek,230321,Kab. Lombok Timur,230300,Prov. Nusa Tenggara Barat,230000,10,1,188,8,6,0,0,79,10 Apr 2026 20:01:11,068B697A83BBFD61E46F
SD NEGERI 1 LENEK PESIRAMAN,50202119,SD,Negeri,Kec. Lenek,230321,Kab. Lombok Timur,230300,Prov. Nusa Tenggara Barat,230000,12,0,175,9,6,0,1,7,14 Apr 2026 19:43:16,DFAA1C7BA358ABF5E5AC
SD NEGERI 1 LENEK RAMBAN BIAK,50202575,SD,Negeri,Kec. Lenek,230321,Kab. Lombok Timur,230300,Prov. Nusa Tenggara Barat,230000,17,0,262,12,6,0,1,46,30 Apr 2026 10:27:19,BCAF020E17CEB06A99DF
SD NEGERI 1 SUKAREMA,50202237,SD,Negeri,Kec. Lenek,230321,Kab. Lombok Timur,230300,Prov. Nusa Tenggara Barat,230000,8,1,132,6,6,1,1,21,07 Apr 2026 08:43:28,D193A4AEF42BC9E8A6D4
SD NEGERI 2 LENEK,50202295,SD,Negeri,Kec. Lenek,230321,Kab. Lombok Timur,230300,Prov. Nusa Tenggara Barat,230000,9,1,117,6,6,0,0,11,11 Apr 2026 09:40:24,030CB4A40B9194180B3F
SD NEGERI 2 LENEK BARU,50202383,SD,Negeri,Kec. Lenek,230321,Kab. Lombok Timur,230300,Prov. Nusa Tenggara Barat,230000,9,3,195,8,6,0,1,38,21 Apr 2026 09:55:37,6296F8DBEAB4F1C2F66B
SD NEGERI 2 LENEK DAYA,50202384,SD,Negeri,Kec. Lenek,230321,Kab. Lombok Timur,230300,Prov. Nusa Tenggara Barat,230000,9,3,115,6,6,0,0,13,18 Apr 2026 04:09:23,3F3A3402A5DD688BF34A
SD NEGERI 2 LENEK LAUK,50202117,SD,Negeri,Kec. Lenek,230321,Kab. Lombok Timur,230300,Prov. Nusa Tenggara Barat,230000,8,0,192,6,8,1,1,32,07 Apr 2026 09:08:05,593ECE01B763E199A24E
SD NEGERI 2 LENEK PESIRAMAN,50202576,SD,Negeri,Kec. Lenek,230321,Kab. Lombok Timur,230300,Prov. Nusa Tenggara Barat,230000,16,1,263,12,10,0,0,24,16 Apr 2026 09:00:26,22DAB0957846D28E6A39
SD NEGERI 3 LENEK,50202385,SD,Negeri,Kec. Lenek,230321,Kab. Lombok Timur,230300,Prov. Nusa Tenggara Barat,230000,9,1,183,7,6,0,0,14,11 Apr 2026 23:12:54,1A61848932DF3ACB09F0
SD NEGERI 3 LENEK BARU,50202574,SD,Negeri,Kec. Lenek,230321,Kab. Lombok Timur,230300,Prov. Nusa Tenggara Barat,230000,16,2,208,11,9,0,0,57,14 Apr 2026 17:24:44,3F8036E24247F4B2FD06
SD NEGERI 3 LENEK DAYA,50202118,SD,Negeri,Kec. Lenek,230321,Kab. Lombok Timur,230300,Prov. Nusa Tenggara Barat,230000,12,1,223,10,8,1,1,10,04 Apr 2026 08:58:43,1633AD71C5A41F364055
SD NEGERI 3 LENEK LAUK,50202184,SD,Negeri,Kec. Lenek,230321,Kab. Lombok Timur,230300,Prov. Nusa Tenggara Barat,230000,10,3,113,6,6,1,1,11,18 Apr 2026 18:37:41,8177CED88CF6061DA178
SD NEGERI 4 LENEK,50202186,SD,Negeri,Kec. Lenek,230321,Kab. Lombok Timur,230300,Prov. Nusa Tenggara Barat,230000,16,2,235,12,10,0,1,14,17 Apr 2026 07:20:03,D9732F3C5EE074F70019
Sekolah Rakyat Dasar 3 Lombok Timur,70058363,SD,Negeri,Kec. Lenek,230321,Kab. Lombok Timur,230300,Prov. Nusa Tenggara Barat,230000,4,1,98,6,4,2,1,15,14 Apr 2026 03:36:41,6E53612EB8D66D7E7F31
SD ISLAM AS SUNNAH,70048833,SD,Swasta,Kec. Lenek,230321,Kab. Lombok Timur,230300,Prov. Nusa Tenggara Barat,230000,6,2,37,3,3,0,0,12,02 Apr 2026 21:22:01,47D6B05512BF61B0E17A
SD ISLAM NW LENDANG BUNGA,50219958,SD,Swasta,Kec. Lenek,230321,Kab. Lombok Timur,230300,Prov. Nusa Tenggara Barat,230000,13,1,194,9,7,0,1,11,20 Apr 2026 16:25:55,845CC21FF87372E0315D
SD ISLAM TERPADU AIKMEL,50202963,SD,Swasta,Kec. Lenek,230321,Kab. Lombok Timur,230300,Prov. Nusa Tenggara Barat,230000,21,2,380,13,8,0,1,20,16 Apr 2026 07:25:12,6135269245BAB3B41ECD
SD IT NURUL JIHAD ASY-SYAMIL LENEK DAYA,69755190,SD,Swasta,Kec. Lenek,230321,Kab. Lombok Timur,230300,Prov. Nusa Tenggara Barat,230000,12,1,206,7,7,0,1,25,06 Apr 2026 07:14:45,51C4A1510F9DBF2BEFA5
SMP NEGERI 1 LENEK,50202490,SMP,Negeri,Kec. Lenek,230321,Kab. Lombok Timur,230300,Prov. Nusa Tenggara Barat,230000,52,5,573,20,23,1,1,32,02 May 2026 10:35:59,291EC0D7DAE50E6B1B28
SMP NEGERI 2 LENEK,50202489,SMP,Negeri,Kec. Lenek,230321,Kab. Lombok Timur,230300,Prov. Nusa Tenggara Barat,230000,22,3,192,8,8,2,1,38,24 Apr 2026 22:24:14,2584F784794843C2F50C
SMP NEGERI SATU ATAP 1 LENEK,69755199,SMP,Negeri,Kec. Lenek,230321,Kab. Lombok Timur,230300,Prov. Nusa Tenggara Barat,230000,15,0,87,3,2,1,0,21,29 Apr 2026 09:22:47,03267A09F43C6085D452
SMP NEGERI SATU ATAP 2 LENEK,69755200,SMP,Negeri,Kec. Lenek,230321,Kab. Lombok Timur,230300,Prov. Nusa Tenggara Barat,230000,10,0,51,3,2,1,0,14,07 Apr 2026 12:45:59,3F9D1B0A375DF16C7B41
SMP ISLAM AL - MUJAHIDAH MULIA NW KERTASARI,70028530,SMP,Swasta,Kec. Lenek,230321,Kab. Lombok Timur,230300,Prov. Nusa Tenggara Barat,230000,19,1,33,3,3,1,1,36,02 Apr 2026 06:22:53,A61C0B10543B834CEAD8
SMP ISLAM MARAQITTALIMAT JURET BUANGKA,69970624,SMP,Swasta,Kec. Lenek,230321,Kab. Lombok Timur,230300,Prov. Nusa Tenggara Barat,230000,8,1,44,3,3,0,0,32,04 Mar 2026 05:45:37,D46A9F551B48409278A1
SMP ISLAM PLUS TAHFIDZ AL-QURAN SUKAREMA,69959041,SMP,Swasta,Kec. Lenek,230321,Kab. Lombok Timur,230300,Prov. Nusa Tenggara Barat,230000,13,2,52,3,3,0,1,21,21 Apr 2026 09:13:59,6A3D524D03052A70A115
SMP ISLAM TERPADU AS-SUNNAH DASAN NYIUR,69984270,SMP,Swasta,Kec. Lenek,230321,Kab. Lombok Timur,230300,Prov. Nusa Tenggara Barat,230000,9,2,34,3,3,0,0,12,30 Apr 2026 14:50:49,FBCA69B3EC4641DB35AC
SMP ISLAM TERPADU ITTIHADUL UMMAH AL - AKBAR LENEK,70012675,SMP,Swasta,Kec. Lenek,230321,Kab. Lombok Timur,230300,Prov. Nusa Tenggara Barat,230000,8,1,28,3,3,1,2,11,09 Apr 2026 22:55:08,069AD0346180FDEBC472
SMP ISLAM TERPADU TARBIYATUSSIBYAN AL-MANAN,69956298,SMP,Swasta,Kec. Lenek,230321,Kab. Lombok Timur,230300,Prov. Nusa Tenggara Barat,230000,8,2,69,3,2,1,1,14,26 Apr 2026 06:29:50,77B2694C9B309EF46140
SMP IT ABUL MADARIS NW LENEK LAUQ,70039853,SMP,Swasta,Kec. Lenek,230321,Kab. Lombok Timur,230300,Prov. Nusa Tenggara Barat,230000,10,1,49,3,3,0,0,17,22 Apr 2026 16:11:34,85D70BC311EAF871C314
SMP IT CAHAYA BANGSA,69983824,SMP,Swasta,Kec. Lenek,230321,Kab. Lombok Timur,230300,Prov. Nusa Tenggara Barat,230000,7,1,80,4,4,0,0,12,02 Apr 2026 14:21:27,C1906CF5C5E0EBC66B33
SMP IT DARUL SYAMIL PAOK PONDONG,70045521,SMP,Swasta,Kec. Lenek,230321,Kab. Lombok Timur,230300,Prov. Nusa Tenggara Barat,230000,10,1,22,3,3,1,1,12,29 Apr 2026 05:51:00,724B2B801D6B31B3C090
SMA ISLAM ABUL MASAJID NW LENEK LAUQ,70057176,SMA,Swasta,Kec. Lenek,230321,Kab. Lombok Timur,230300,Prov. Nusa Tenggara Barat,230000,5,1,9,2,2,0,0,22,01 Apr 2026 21:59:20,EC6A2FDA3DD859E76A74
SMA ISLAM TERPADU CAHAYA BANGSA,70014700,SMA,Swasta,Kec. Lenek,230321,Kab. Lombok Timur,230300,Prov. Nusa Tenggara Barat,230000,12,1,48,3,1,0,0,34,18 Apr 2026 07:18:57,33C917B296655CF7F5F6
SMA Islam Terpadu Ittihadul Ummah Al Akbar Lenek,70043394,SMA,Swasta,Kec. Lenek,230321,Kab. Lombok Timur,230300,Prov. Nusa Tenggara Barat,230000,2,1,12,3,3,0,0,3,21 Jan 2026 14:41:51,C26A4BA806875467115B
SMK DANE RAHIL,69882367,SMK,Swasta,Kec. Lenek,230321,Kab. Lombok Timur,230300,Prov. Nusa Tenggara Barat,230000,23,3,221,11,6,2,0,85,29 Apr 2026 08:24:13,BCB1E56747782C5BE7BB
SMK ISLAM MANARUL QURAN SUKAREMA,70015631,SMK,Swasta,Kec. Lenek,230321,Kab. Lombok Timur,230300,Prov. Nusa Tenggara Barat,230000,7,1,16,3,3,1,0,9,02 Apr 2026 14:12:19,1DB241C4087E018046EE
SD NEGERI 1 BAGIK MANIS,50202283,SD,Negeri,Kec. Sambelia,230310,Kab. Lombok Timur,230300,Prov. Nusa Tenggara Barat,230000,16,3,310,13,8,0,0,25,24 Apr 2026 10:19:00,7D2A474228D28A77C5D2
SD NEGERI 1 BELANTING,50202953,SD,Negeri,Kec. Sambelia,230310,Kab. Lombok Timur,230300,Prov. Nusa Tenggara Barat,230000,15,3,346,12,9,0,1,52,25 Apr 2026 13:46:35,AE80D9BF7C13FE6EC359
SD NEGERI 1 DADAP,50202129,SD,Negeri,Kec. Sambelia,230310,Kab. Lombok Timur,230300,Prov. Nusa Tenggara Barat,230000,10,2,178,9,9,1,1,16,11 Apr 2026 23:12:04,0FFCDBEA52E21C7EBEF9
SD NEGERI 1 DARA KUNCI,50202993,SD,Negeri,Kec. Sambelia,230310,Kab. Lombok Timur,230300,Prov. Nusa Tenggara Barat,230000,8,2,165,6,7,0,1,8,24 Apr 2026 08:03:44,96ED5363B5AA6DAAC245
SD NEGERI 1 LABUAN PANDAN,50202355,SD,Negeri,Kec. Sambelia,230310,Kab. Lombok Timur,230300,Prov. Nusa Tenggara Barat,230000,17,2,272,12,8,0,1,21,28 Apr 2026 08:56:08,EE8069DECD386428EA12
SD NEGERI 1 MADAYIN,50202285,SD,Negeri,Kec. Sambelia,230310,Kab. Lombok Timur,230300,Prov. Nusa Tenggara Barat,230000,12,1,266,11,8,1,1,23,28 Apr 2026 07:07:29,4FF9E92AC1C3AA3E90C1
SD NEGERI 1 Obel-obel,50202944,SD,Negeri,Kec. Sambelia,230310,Kab. Lombok Timur,230300,Prov. Nusa Tenggara Barat,230000,7,1,103,6,6,0,1,19,21 Apr 2026 05:29:34,10FED493596CFACD575E
SD NEGERI 1 PADAK GUAR,50202526,SD,Negeri,Kec. Sambelia,230310,Kab. Lombok Timur,230300,Prov. Nusa Tenggara Barat,230000,9,3,216,10,7,0,1,18,30 Apr 2026 18:30:02,8341CB11A51C54F1838E
SD NEGERI 1 SAMBELIA,50203025,SD,Negeri,Kec. Sambelia,230310,Kab. Lombok Timur,230300,Prov. Nusa Tenggara Barat,230000,19,3,343,15,13,0,1,48,02 May 2026 09:52:54,474A130BCC921C8A9321
SD NEGERI 1 SENANGGALIH,50202199,SD,Negeri,Kec. Sambelia,230310,Kab. Lombok Timur,230300,Prov. Nusa Tenggara Barat,230000,12,2,246,12,6,0,1,17,22 Apr 2026 11:24:54,7336D2C11383EB2CF351
SD NEGERI 1 SUGIAN,50202618,SD,Negeri,Kec. Sambelia,230310,Kab. Lombok Timur,230300,Prov. Nusa Tenggara Barat,230000,14,3,252,12,12,0,1,42,11 Apr 2026 23:09:16,15C490BB52076A56740F
SD NEGERI 2 BELANTING,50205663,SD,Negeri,Kec. Sambelia,230310,Kab. Lombok Timur,230300,Prov. Nusa Tenggara Barat,230000,6,1,119,6,6,0,1,17,24 Apr 2026 09:04:34,833C79AF728A3D360C6C
SD NEGERI 2 DADAP,70057920,SD,Negeri,Kec. Sambelia,230310,Kab. Lombok Timur,230300,Prov. Nusa Tenggara Barat,230000,3,0,51,3,2,0,0,10,07 Apr 2026 08:25:54,4BB4CFECF6D58EFF355E
SD NEGERI 2 DARA KUNCI,50202269,SD,Negeri,Kec. Sambelia,230310,Kab. Lombok Timur,230300,Prov. Nusa Tenggara Barat,230000,9,4,183,7,4,0,1,77,29 Apr 2026 13:26:53,A0B7811006E4AB58FE41
SD NEGERI 2 LABUAN PANDAN,50202448,SD,Negeri,Kec. Sambelia,230310,Kab. Lombok Timur,230300,Prov. Nusa Tenggara Barat,230000,14,2,290,12,12,0,1,36,02 May 2026 09:30:30,1A782F41C769FE87DAFF
SD NEGERI 2 OBEL-OBEL,50202358,SD,Negeri,Kec. Sambelia,230310,Kab. Lombok Timur,230300,Prov. Nusa Tenggara Barat,230000,6,2,96,6,6,0,1,18,21 Apr 2026 19:21:20,7F2A4C5F2F2CBDDE274A
SD NEGERI 2 PADAK GUAR,50219905,SD,Negeri,Kec. Sambelia,230310,Kab. Lombok Timur,230300,Prov. Nusa Tenggara Barat,230000,10,3,204,9,9,0,0,22,15 Apr 2026 10:58:56,F3374B32BB0CC7E2BC88
SD NEGERI 2 SAMBELIA,50202648,SD,Negeri,Kec. Sambelia,230310,Kab. Lombok Timur,230300,Prov. Nusa Tenggara Barat,230000,11,4,206,9,6,0,1,25,04 Apr 2026 12:12:24,833ADE0E50E90BEF71A5
SD NEGERI 2 SUGIAN,50220476,SD,Negeri,Kec. Sambelia,230310,Kab. Lombok Timur,230300,Prov. Nusa Tenggara Barat,230000,8,1,99,6,6,0,0,39,22 Apr 2026 21:57:33,2486FD6FBADE62F3A640
SD NEGERI 3 BELANTING,50202247,SD,Negeri,Kec. Sambelia,230310,Kab. Lombok Timur,230300,Prov. Nusa Tenggara Barat,230000,7,3,147,6,6,1,1,1,24 Apr 2026 07:39:03,32D0EC6677E0E8EC1A2D
SD Islam Dara Kunci,50220450,SD,Swasta,Kec. Sambelia,230310,Kab. Lombok Timur,230300,Prov. Nusa Tenggara Barat,230000,7,1,73,6,5,0,1,7,04 Feb 2026 20:11:14,447D14A19B3830551E1E
SD ISLAM OBEL-OBEL,69787737,SD,Swasta,Kec. Sambelia,230310,Kab. Lombok Timur,230300,Prov. Nusa Tenggara Barat,230000,3,1,15,5,4,0,1,2,20 Jan 2026 16:24:39,4815A1AFA23BE9176489
SD ISLAM SULTHON RINJANI SUGIAN,69956774,SD,Swasta,Kec. Sambelia,230310,Kab. Lombok Timur,230300,Prov. Nusa Tenggara Barat,230000,8,2,109,6,5,0,0,16,29 Apr 2026 09:29:10,4B32091D60B3B917DD6E
SD ISLAM TERPADU AL - IRSYAD SAMBELIA,69990883,SD,Swasta,Kec. Sambelia,230310,Kab. Lombok Timur,230300,Prov. Nusa Tenggara Barat,230000,8,2,55,6,5,0,0,25,27 Apr 2026 11:37:29,E2DABB07D61DBCF7772C
SD IT NURUL IKHLAS DADAP,70006261,SD,Swasta,Kec. Sambelia,230310,Kab. Lombok Timur,230300,Prov. Nusa Tenggara Barat,230000,7,2,145,6,3,1,1,12,22 Apr 2026 19:16:32,0981C13FC17C10972834
SDS ISLAM ISLAH BINA AL-UMMAH,69762717,SD,Swasta,Kec. Sambelia,230310,Kab. Lombok Timur,230300,Prov. Nusa Tenggara Barat,230000,9,1,51,6,6,0,1,17,29 Apr 2026 21:51:44,3D965EB8B504135A3E38
SMP NEGERI 1 SAMBELIA,50202514,SMP,Negeri,Kec. Sambelia,230310,Kab. Lombok Timur,230300,Prov. Nusa Tenggara Barat,230000,38,9,589,19,19,1,1,37,22 Apr 2026 08:50:14,27A2D37F6171850FCE90
SMP NEGERI 2 SAMBELIA,50202464,SMP,Negeri,Kec. Sambelia,230310,Kab. Lombok Timur,230300,Prov. Nusa Tenggara Barat,230000,14,5,155,6,6,4,1,25,20 Apr 2026 10:00:00,3881268AB22B077007F1
SMP NEGERI 3 SAMBELIA,50202483,SMP,Negeri,Kec. Sambelia,230310,Kab. Lombok Timur,230300,Prov. Nusa Tenggara Barat,230000,13,3,145,6,6,1,2,19,24 Apr 2026 08:31:22,DC80F4C6A5742B2F8935
SMP NEGERI 4 SAMBELIA,50220011,SMP,Negeri,Kec. Sambelia,230310,Kab. Lombok Timur,230300,Prov. Nusa Tenggara Barat,230000,12,4,69,3,7,2,1,55,02 May 2026 09:07:31,E99EC54E79FBE294FA24
SMP NEGERI SATU ATAP 1 SAMBELIA,69786976,SMP,Negeri,Kec. Sambelia,230310,Kab. Lombok Timur,230300,Prov. Nusa Tenggara Barat,230000,12,1,67,3,3,1,1,18,21 Apr 2026 15:50:46,6889E0A212B619372B16
SMP NEGERI SATU ATAP 2 SAMBELIA,50220327,SMP,Negeri,Kec. Sambelia,230310,Kab. Lombok Timur,230300,Prov. Nusa Tenggara Barat,230000,9,0,68,3,3,3,1,41,18 Apr 2026 09:44:00,B870F0632CCC263C3687
SMP ISLAM DARUL ILMI OTORITA,69978763,SMP,Swasta,Kec. Sambelia,230310,Kab. Lombok Timur,230300,Prov. Nusa Tenggara Barat,230000,9,4,125,5,3,2,1,31,28 Apr 2026 07:32:51,B4404E260DF76979978B
SMP ISLAM ISLAH BINA AL - UMMAH,70013671,SMP,Swasta,Kec. Sambelia,230310,Kab. Lombok Timur,230300,Prov. Nusa Tenggara Barat,230000,6,2,23,3,3,0,1,14,03 Apr 2026 22:16:25,E99D172E7D65FC42B473
SMP ISLAM SULTHON RINJANI SUGIAN,69956775,SMP,Swasta,Kec. Sambelia,230310,Kab. Lombok Timur,230300,Prov. Nusa Tenggara Barat,230000,8,2,50,3,4,1,0,14,13 Apr 2026 07:31:53,B9873AA20F209A339180
SMP IT NURUL AROFAH NW SAMBELIA,70026948,SMP,Swasta,Kec. Sambelia,230310,Kab. Lombok Timur,230300,Prov. Nusa Tenggara Barat,230000,12,1,64,3,3,0,1,20,24 Apr 2026 18:47:15,8B70BAC62707EEB5F564
SMP MUHAMMADIYAH SAMBELIA,69918616,SMP,Swasta,Kec. Sambelia,230310,Kab. Lombok Timur,230300,Prov. Nusa Tenggara Barat,230000,1,1,4,2,3,1,0,3,16 Jan 2026 14:32:25,839122E1F32C26DFD102
SMAN 1 SAMBELIA,50202458,SMA,Negeri,Kec. Sambelia,230310,Kab. Lombok Timur,230300,Prov. Nusa Tenggara Barat,230000,25,14,484,15,11,4,1,21,29 Apr 2026 08:23:24,38C4F6AF8AA0AAEC160B
SMA ISLAM NW SUGIAN,69915198,SMA,Swasta,Kec. Sambelia,230310,Kab. Lombok Timur,230300,Prov. Nusa Tenggara Barat,230000,15,3,62,3,3,0,0,17,24 Apr 2026 20:22:55,0ABB70D542978D23ACE0
SMKN 1 SAMBELIA,69757230,SMK,Negeri,Kec. Sambelia,230310,Kab. Lombok Timur,230300,Prov. Nusa Tenggara Barat,230000,36,10,566,21,20,2,0,34,08 Apr 2026 11:30:25,15A90D829F2A772783E0
SMK DARUL ILMI DARA KUNCI,69934585,SMK,Swasta,Kec. Sambelia,230310,Kab. Lombok Timur,230300,Prov. Nusa Tenggara Barat,230000,6,1,44,3,3,0,0,10,13 Apr 2026 20:25:35,AFEB60688A2D613B6921
SD NEGERI 1 DASAN LEKONG,50202990,SD,Negeri,Kec. Sukamulia,230306,Kab. Lombok Timur,230300,Prov. Nusa Tenggara Barat,230000,11,1,166,8,7,0,1,56,09 Apr 2026 10:22:08,EAB0AF39D0524749EC5E
SD NEGERI 1 JANTUK,50202976,SD,Negeri,Kec. Sukamulia,230306,Kab. Lombok Timur,230300,Prov. Nusa Tenggara Barat,230000,9,3,83,6,6,0,1,27,01 May 2026 10:05:05,63868151A1CB8FE73829
SD NEGERI 1 NYIUR TEBEL,50202981,SD,Negeri,Kec. Sukamulia,230306,Kab. Lombok Timur,230300,Prov. Nusa Tenggara Barat,230000,11,3,128,6,7,1,1,21,04 Mar 2026 07:08:12,342AFCE41A8DD7497730
SD NEGERI 1 PADAMARA,50202943,SD,Negeri,Kec. Sukamulia,230306,Kab. Lombok Timur,230300,Prov. Nusa Tenggara Barat,230000,9,4,110,6,7,0,1,10,02 Apr 2026 10:55:24,0535F6227DA041953EE7
SD NEGERI 1 PAOK PAMPANG,50202572,SD,Negeri,Kec. Sukamulia,230306,Kab. Lombok Timur,230300,Prov. Nusa Tenggara Barat,230000,13,2,198,11,9,0,1,29,27 Apr 2026 08:01:00,5C846014E9F969AB226B
SD NEGERI 1 SETANGGOR,50203035,SD,Negeri,Kec. Sukamulia,230306,Kab. Lombok Timur,230300,Prov. Nusa Tenggara Barat,230000,8,1,113,6,6,0,0,15,11 Apr 2026 11:08:06,8FC5ACF271C81681791F
SD NEGERI 1 SETANGGOR SELATAN,50202339,SD,Negeri,Kec. Sukamulia,230306,Kab. Lombok Timur,230300,Prov. Nusa Tenggara Barat,230000,10,1,146,7,8,0,1,29,04 Apr 2026 08:07:59,C576A1D5FC1E6158EA74
SD NEGERI 1 SUKAMULIA,50203049,SD,Negeri,Kec. Sukamulia,230306,Kab. Lombok Timur,230300,Prov. Nusa Tenggara Barat,230000,17,2,306,12,11,0,1,33,14 Apr 2026 11:34:28,703C763CF6CF5C163D6F
SD NEGERI 1 SUKAMULIA TIMUR,50202258,SD,Negeri,Kec. Sukamulia,230306,Kab. Lombok Timur,230300,Prov. Nusa Tenggara Barat,230000,19,3,360,12,12,1,1,22,15 Apr 2026 04:22:10,86E0D893FC8D50F98184
SD NEGERI 2 DASAN LEKONG,50202315,SD,Negeri,Kec. Sukamulia,230306,Kab. Lombok Timur,230300,Prov. Nusa Tenggara Barat,230000,15,4,199,10,9,0,1,16,13 Apr 2026 12:38:42,D28E4B3E877AE3137695
SD NEGERI 2 NYIUR TEBEL,50202244,SD,Negeri,Kec. Sukamulia,230306,Kab. Lombok Timur,230300,Prov. Nusa Tenggara Barat,230000,10,1,129,6,7,1,1,34,27 Apr 2026 08:54:12,1EA9F405C18DFE472826
SD NEGERI 2 Padamara,50202284,SD,Negeri,Kec. Sukamulia,230306,Kab. Lombok Timur,230300,Prov. Nusa Tenggara Barat,230000,10,3,105,6,6,0,1,17,29 Apr 2026 09:23:59,41CC4D430299465C04A7
SD NEGERI 2 SETANGGOR,50202261,SD,Negeri,Kec. Sukamulia,230306,Kab. Lombok Timur,230300,Prov. Nusa Tenggara Barat,230000,11,1,193,7,7,0,1,18,20 Apr 2026 08:55:59,A773E4C922A8A0B2D7A2
SD NEGERI 2 SUKAMULIA TIMUR,50205701,SD,Negeri,Kec. Sukamulia,230306,Kab. Lombok Timur,230300,Prov. Nusa Tenggara Barat,230000,9,1,143,6,6,0,1,14,23 Apr 2026 09:50:13,3EA22456D01245E09748
SD NEGERI 3 DASAN LEKONG,50202173,SD,Negeri,Kec. Sukamulia,230306,Kab. Lombok Timur,230300,Prov. Nusa Tenggara Barat,230000,19,3,301,12,13,0,1,26,29 Apr 2026 19:51:07,8CADC6A9C6D2D51A4D2A
SD NEGERI 3 PADAMARA,50202330,SD,Negeri,Kec. Sukamulia,230306,Kab. Lombok Timur,230300,Prov. Nusa Tenggara Barat,230000,10,3,176,7,7,0,1,23,17 Apr 2026 07:03:48,0D99FD00FD31DA4C7A39
SD NEGERI 3 SUKAMULIA TIMUR,50202230,SD,Negeri,Kec. Sukamulia,230306,Kab. Lombok Timur,230300,Prov. Nusa Tenggara Barat,230000,9,1,145,6,6,1,1,28,29 Apr 2026 20:25:22,B4B07D8FA19BDE8DFF28
SD Islam Asbabul Hidayah,70054122,SD,Swasta,Kec. Sukamulia,230306,Kab. Lombok Timur,230300,Prov. Nusa Tenggara Barat,230000,6,2,0,0,0,0,0,0,,44D41A83D8D3762E407C
SD ISLAM NW AL-ISTIQOMAH LENDANG BATU,70041716,SD,Swasta,Kec. Sukamulia,230306,Kab. Lombok Timur,230300,Prov. Nusa Tenggara Barat,230000,9,1,77,6,6,0,0,12,12 Feb 2026 09:58:31,B6C946303669049411CE
SD ISLAM PLUS DARUL MUJAHIDIN NW,70058019,SD,Swasta,Kec. Sukamulia,230306,Kab. Lombok Timur,230300,Prov. Nusa Tenggara Barat,230000,1,1,0,0,0,0,0,0,06 Apr 2026 16:59:23,AF895ECA4A7642FA11DE
SD ISLAM TERPADU  UTSMAN BIN AFFAN,69986493,SD,Swasta,Kec. Sukamulia,230306,Kab. Lombok Timur,230300,Prov. Nusa Tenggara Barat,230000,17,4,323,12,12,0,1,14,31 Mar 2026 07:02:17,EC71EDAA7B703BF4B566
SD IT AN-NUR NW PADAMARA,70007995,SD,Swasta,Kec. Sukamulia,230306,Kab. Lombok Timur,230300,Prov. Nusa Tenggara Barat,230000,8,3,47,6,6,0,0,34,23 Apr 2026 07:15:44,66B3C447A5D931F234D9
SMP NEGERI 1 SUKAMULIA,50205492,SMP,Negeri,Kec. Sukamulia,230306,Kab. Lombok Timur,230300,Prov. Nusa Tenggara Barat,230000,58,12,547,18,19,1,1,42,29 Apr 2026 07:43:39,0449520C674644A1C414
SMP NEGERI 2 SUKAMULIA,50219633,SMP,Negeri,Kec. Sukamulia,230306,Kab. Lombok Timur,230300,Prov. Nusa Tenggara Barat,230000,34,9,121,5,6,1,1,48,23 Apr 2026 11:18:03,B48D05EB9783B19C7F1B
SMP AL - QUR AN ZAINAB  AN-NASIR,70043632,SMP,Swasta,Kec. Sukamulia,230306,Kab. Lombok Timur,230300,Prov. Nusa Tenggara Barat,230000,10,1,63,4,3,0,0,16,24 Apr 2026 19:03:16,7B3B437B03984C07AB61
SMP DARUL HAMIDIN PADAMARA,50205644,SMP,Swasta,Kec. Sukamulia,230306,Kab. Lombok Timur,230300,Prov. Nusa Tenggara Barat,230000,13,3,201,8,8,2,1,13,02 May 2026 12:35:32,7446CEE1109ABEF8F02A
SMP ISLAM RIADLUSSHALIHIN NW,69955338,SMP,Swasta,Kec. Sukamulia,230306,Kab. Lombok Timur,230300,Prov. Nusa Tenggara Barat,230000,6,1,24,3,3,0,0,15,27 Apr 2026 11:03:31,E3F51BAD352FA2CA6571
SMP IT UTSMAN BIN AFFAN,70040725,SMP,Swasta,Kec. Sukamulia,230306,Kab. Lombok Timur,230300,Prov. Nusa Tenggara Barat,230000,5,1,31,3,3,0,0,10,30 Apr 2026 16:08:30,2A61CAE12D5FC8499699
SMP NW AL-ISTIQOMAH LENDANG BATU,70041717,SMP,Swasta,Kec. Sukamulia,230306,Kab. Lombok Timur,230300,Prov. Nusa Tenggara Barat,230000,7,1,35,3,3,0,1,7,02 Mar 2026 09:19:07,56D552DB4B13424BD6CE
SMAN 1 SUKAMULIA,50202498,SMA,Negeri,Kec. Sukamulia,230306,Kab. Lombok Timur,230300,Prov. Nusa Tenggara Barat,230000,30,11,488,15,14,5,1,50,25 Apr 2026 00:11:38,085713F515E81DDF72D9
SMKN 2 SELONG,50202495,SMK,Negeri,Kec. Sukamulia,230306,Kab. Lombok Timur,230300,Prov. Nusa Tenggara Barat,230000,120,28,1585,51,42,2,1,60,27 Apr 2026 10:59:25,2B71320CB48FA09B5006
SMK AL-QURAN ZAINAB AN NASIR,70048351,SMK,Swasta,Kec. Sukamulia,230306,Kab. Lombok Timur,230300,Prov. Nusa Tenggara Barat,230000,7,1,27,3,2,0,0,21,18 Apr 2026 18:16:32,2C35E2FFA05780C1C11E
SMK ISLAM NW HUSNUL ABROR,69949609,SMK,Swasta,Kec. Sukamulia,230306,Kab. Lombok Timur,230300,Prov. Nusa Tenggara Barat,230000,21,1,47,3,4,2,1,41,02 May 2026 09:11:00,3627C74597205AAF4D64
SD NEGERI 1 BILOK PETUNG,50219935,SD,Negeri,Kec. Sembalun,230319,Kab. Lombok Timur,230300,Prov. Nusa Tenggara Barat,230000,8,1,110,6,6,0,1,11,15 Feb 2026 16:22:34,8E237E8EEC26DCF124DC
SD NEGERI 1 SAJANG,50219936,SD,Negeri,Kec. Sembalun,230319,Kab. Lombok Timur,230300,Prov. Nusa Tenggara Barat,230000,9,1,76,6,6,0,1,7,09 Apr 2026 09:49:07,CC5F31F0DBB5F47CA954
SD NEGERI 1 SEMBALUN,50219946,SD,Negeri,Kec. Sembalun,230319,Kab. Lombok Timur,230300,Prov. Nusa Tenggara Barat,230000,15,1,263,12,12,0,1,13,26 Mar 2026 19:23:35,EACB8BD893BFAFC6BC95
SD NEGERI 1 SEMBALUN BUMBUNG,50219937,SD,Negeri,Kec. Sembalun,230319,Kab. Lombok Timur,230300,Prov. Nusa Tenggara Barat,230000,14,2,245,11,11,0,1,15,21 Apr 2026 04:06:48,73B7301AD23540F9AC30
SD NEGERI 1 SEMBALUN LAWANG,50219942,SD,Negeri,Kec. Sembalun,230319,Kab. Lombok Timur,230300,Prov. Nusa Tenggara Barat,230000,12,1,164,9,9,0,0,23,09 Apr 2026 09:48:52,6CFBD1E51DC1C6566D1E
SD NEGERI 1 SEMBALUN TIMBA GADING,50219938,SD,Negeri,Kec. Sembalun,230319,Kab. Lombok Timur,230300,Prov. Nusa Tenggara Barat,230000,15,0,256,11,13,0,1,16,11 Apr 2026 07:09:14,2202E63B9EBC4C7E7061
SD NEGERI 2 BILOK PETUNG,50219939,SD,Negeri,Kec. Sembalun,230319,Kab. Lombok Timur,230300,Prov. Nusa Tenggara Barat,230000,7,1,88,6,6,0,1,20,06 Mar 2026 06:37:20,CCFBC0529BAE3A3C18A9
SD NEGERI 2 SAJANG,50219940,SD,Negeri,Kec. Sembalun,230319,Kab. Lombok Timur,230300,Prov. Nusa Tenggara Barat,230000,13,2,230,10,11,0,1,17,25 Apr 2026 10:24:21,2DA9C25C046BEE4C7782
SD NEGERI 2 SEMBALUN BUMBUNG,50219941,SD,Negeri,Kec. Sembalun,230319,Kab. Lombok Timur,230300,Prov. Nusa Tenggara Barat,230000,15,1,208,11,8,0,1,17,23 Apr 2026 09:25:39,C2644877A73DE5DD5A9A
SD NEGERI 2 SEMBALUN LAWANG,50219945,SD,Negeri,Kec. Sembalun,230319,Kab. Lombok Timur,230300,Prov. Nusa Tenggara Barat,230000,14,1,201,9,11,1,1,13,20 Apr 2026 19:00:47,CBB5CD2B7FE6638689BC
SD NEGERI 3 BILOK PETUNG,50219943,SD,Negeri,Kec. Sembalun,230319,Kab. Lombok Timur,230300,Prov. Nusa Tenggara Barat,230000,9,1,68,6,7,0,1,46,22 Apr 2026 09:41:31,1DFA08359B320FDEEF64
SD NEGERI 3 Sajang,69755176,SD,Negeri,Kec. Sembalun,230319,Kab. Lombok Timur,230300,Prov. Nusa Tenggara Barat,230000,10,2,125,6,6,0,2,23,20 Apr 2026 09:41:30,25CCCC97759B897BF982
SD NEGERI 3 SEMBALUN BUMBUNG,50219944,SD,Negeri,Kec. Sembalun,230319,Kab. Lombok Timur,230300,Prov. Nusa Tenggara Barat,230000,18,2,251,12,12,0,1,36,23 Apr 2026 09:25:05,CAF9929E6AF8E5598918
SD Islam Al Amanah NW Kampung Karya,69886287,SD,Swasta,Kec. Sembalun,230319,Kab. Lombok Timur,230300,Prov. Nusa Tenggara Barat,230000,11,1,104,6,3,0,1,10,27 Mar 2026 20:08:00,D24C9189AC4C2B59603D
SD IT ABU HURAIRAH SEMBALUN,70007619,SD,Swasta,Kec. Sembalun,230319,Kab. Lombok Timur,230300,Prov. Nusa Tenggara Barat,230000,15,3,224,10,11,0,0,17,30 Apr 2026 08:11:17,0DE0D44A265CD9E992A5
SD IT DARUT TAUHID SEMBALUN BUMBUNG,69814792,SD,Swasta,Kec. Sembalun,230319,Kab. Lombok Timur,230300,Prov. Nusa Tenggara Barat,230000,9,3,93,6,6,0,0,8,06 Mar 2026 20:33:20,78B3105C1FCFC4B5DD50
SD IT SAID ALAMIN NW SEMBALUN BUMBUNG,70036037,SD,Swasta,Kec. Sembalun,230319,Kab. Lombok Timur,230300,Prov. Nusa Tenggara Barat,230000,5,1,34,5,5,0,0,14,21 Apr 2026 10:17:21,832D44FEBEE9D3261490
SD PERSATUAN ISLAM SEMBALUN,70051560,SD,Swasta,Kec. Sembalun,230319,Kab. Lombok Timur,230300,Prov. Nusa Tenggara Barat,230000,6,1,55,4,4,0,0,9,06 Apr 2026 22:07:25,90EB7ED943B273B5F10D
SMP NEGERI 1 SEMBALUN,50202512,SMP,Negeri,Kec. Sembalun,230319,Kab. Lombok Timur,230300,Prov. Nusa Tenggara Barat,230000,23,5,195,7,15,3,1,25,27 Apr 2026 20:22:45,22080C3FC8A167F104F7
SMP NEGERI 2 SEMBALUN,50219631,SMP,Negeri,Kec. Sembalun,230319,Kab. Lombok Timur,230300,Prov. Nusa Tenggara Barat,230000,19,5,101,5,6,2,1,13,23 Apr 2026 10:09:38,8A378EFDC391A7A77723
SMP NEGERI SATU ATAP 1 SEMBALUN,50220307,SMP,Negeri,Kec. Sembalun,230319,Kab. Lombok Timur,230300,Prov. Nusa Tenggara Barat,230000,10,0,38,3,3,1,1,12,24 Apr 2026 13:57:59,6B4F6AB768C68A6477E6
SMP IT NW BILOK PETUNG,70037971,SMP,Swasta,Kec. Sembalun,230319,Kab. Lombok Timur,230300,Prov. Nusa Tenggara Barat,230000,6,1,7,3,1,0,0,14,03 Apr 2026 06:11:14,2583BE60BE94664A87F8
SMP NURUL HUDA NW SEMBALUN,50220016,SMP,Swasta,Kec. Sembalun,230319,Kab. Lombok Timur,230300,Prov. Nusa Tenggara Barat,230000,11,1,98,4,4,1,2,27,29 Apr 2026 07:35:50,0A756AC1FA50262131C1
SMAN 1 SEMBALUN,50202505,SMA,Negeri,Kec. Sembalun,230319,Kab. Lombok Timur,230300,Prov. Nusa Tenggara Barat,230000,20,8,273,10,9,4,1,10,11 Apr 2026 08:32:55,5257CEACB8F1EB797E7D
SMK NW KOKOK PUTIK BILOK PETUNG,50220648,SMK,Swasta,Kec. Sembalun,230319,Kab. Lombok Timur,230300,Prov. Nusa Tenggara Barat,230000,17,1,70,6,3,2,1,28,21 Apr 2026 12:01:32,E0DDDD129F65C60CB55C
SMK SHOFWATUL KHAER BILOK PETUNG,69857718,SMK,Swasta,Kec. Sembalun,230319,Kab. Lombok Timur,230300,Prov. Nusa Tenggara Barat,230000,0,1,0,0,0,0,0,0,,156B52EFF9755047A9BB
SMKS MARAQITALIMAT SEMBALUN,50219898,SMK,Swasta,Kec. Sembalun,230319,Kab. Lombok Timur,230300,Prov. Nusa Tenggara Barat,230000,6,1,28,3,3,1,1,11,07 Mar 2026 17:28:28,C9818D23361D7F546619
SD NEGERI 1 AIKMUAL,50201893,SD,Negeri,Kec. Praya,230206,Kab. Lombok Tengah,230200,Prov. Nusa Tenggara Barat,230000,12,1,222,8,8,0,1,35,27 Apr 2026 08:39:56,22F1E1206BA74D2D34E2
SD NEGERI 1 BERAIM,50201849,SD,Negeri,Kec. Praya,230206,Kab. Lombok Tengah,230200,Prov. Nusa Tenggara Barat,230000,9,2,141,6,6,0,1,16,23 Apr 2026 22:27:40,21E6AA62D3078C710D74
SD NEGERI 1 BODAK,50201848,SD,Negeri,Kec. Praya,230206,Kab. Lombok Tengah,230200,Prov. Nusa Tenggara Barat,230000,12,0,151,7,5,0,1,9,22 Apr 2026 19:44:46,ADB3337D1A983F70E7E1
SD NEGERI 1 BUNUT BAOK,50201844,SD,Negeri,Kec. Praya,230206,Kab. Lombok Tengah,230200,Prov. Nusa Tenggara Barat,230000,10,1,191,7,6,0,1,20,15 Apr 2026 03:52:16,5587EA456DDDD3FE5B7B
SD NEGERI 1 GERUNUNG,50201854,SD,Negeri,Kec. Praya,230206,Kab. Lombok Tengah,230200,Prov. Nusa Tenggara Barat,230000,10,1,164,6,6,0,1,12,24 Apr 2026 08:17:47,45F1E6FFF99B96C82A64
SD NEGERI 1 MONTONG TEREP,50201946,SD,Negeri,Kec. Praya,230206,Kab. Lombok Tengah,230200,Prov. Nusa Tenggara Barat,230000,10,1,156,7,6,0,1,15,01 Apr 2026 05:28:32,CEE18DACECCAAA7DC155
SD NEGERI 1 PRAYA,50201967,SD,Negeri,Kec. Praya,230206,Kab. Lombok Tengah,230200,Prov. Nusa Tenggara Barat,230000,9,1,123,6,5,0,1,31,23 Apr 2026 11:37:01,CE766A0480FA0B1BB7A3
SD NEGERI 1 SEKUNYIT,50201962,SD,Negeri,Kec. Praya,230206,Kab. Lombok Tengah,230200,Prov. Nusa Tenggara Barat,230000,10,0,94,6,6,0,1,33,01 May 2026 20:27:40,EDD99EBF56A0EE8AFB59
SD NEGERI 1 TENGARI,50201916,SD,Negeri,Kec. Praya,230206,Kab. Lombok Tengah,230200,Prov. Nusa Tenggara Barat,230000,18,1,261,12,13,1,1,12,22 Apr 2026 17:59:01,052DF4CE4601D61DDBB1
SD NEGERI 1 WAKUL,50201911,SD,Negeri,Kec. Praya,230206,Kab. Lombok Tengah,230200,Prov. Nusa Tenggara Barat,230000,10,0,142,6,5,0,1,16,02 Apr 2026 09:02:39,14F51303A4D2C5D1FEA4
SD NEGERI 11 PRAYA,50201134,SD,Negeri,Kec. Praya,230206,Kab. Lombok Tengah,230200,Prov. Nusa Tenggara Barat,230000,12,2,200,9,8,0,1,20,29 Apr 2026 12:34:05,71E43E9C13B1E123B39E
SD NEGERI 2 AIKMUAL,50201910,SD,Negeri,Kec. Praya,230206,Kab. Lombok Tengah,230200,Prov. Nusa Tenggara Barat,230000,8,2,174,6,6,0,1,27,02 May 2026 14:42:56,ADC49105B0C24C1704A9
SD NEGERI 2 BODAK,50201935,SD,Negeri,Kec. Praya,230206,Kab. Lombok Tengah,230200,Prov. Nusa Tenggara Barat,230000,12,2,195,10,6,0,0,13,08 Apr 2026 08:17:07,38F1741F266D9A8FEBCB
SD NEGERI 2 BUNUT BAOK,50201931,SD,Negeri,Kec. Praya,230206,Kab. Lombok Tengah,230200,Prov. Nusa Tenggara Barat,230000,8,1,41,6,6,0,1,11,11 Mar 2026 09:38:30,B31F57EBB213EF8718F9
SD NEGERI 2 GERUNUNG,50201927,SD,Negeri,Kec. Praya,230206,Kab. Lombok Tengah,230200,Prov. Nusa Tenggara Barat,230000,9,1,133,6,6,0,1,14,02 May 2026 09:02:47,90A757BBD5F68B0E20CD
SD NEGERI 2 LENENG,50201104,SD,Negeri,Kec. Praya,230206,Kab. Lombok Tengah,230200,Prov. Nusa Tenggara Barat,230000,15,0,236,10,12,0,1,23,25 Apr 2026 18:45:22,8B4B1C47594BBA530598
SD NEGERI 2 MONTONG TEREP,50201124,SD,Negeri,Kec. Praya,230206,Kab. Lombok Tengah,230200,Prov. Nusa Tenggara Barat,230000,9,0,154,6,6,0,1,31,30 Apr 2026 09:29:03,E65BC41500F1AF58A9FB
SD NEGERI 2 PRAYA,50201066,SD,Negeri,Kec. Praya,230206,Kab. Lombok Tengah,230200,Prov. Nusa Tenggara Barat,230000,11,1,134,7,7,0,0,21,10 Mar 2026 10:16:27,C434916D5DEA87AD0DBE
SD NEGERI 2 SEKUNYIT,50201059,SD,Negeri,Kec. Praya,230206,Kab. Lombok Tengah,230200,Prov. Nusa Tenggara Barat,230000,9,1,85,6,6,0,1,12,04 Apr 2026 06:53:39,72593F1BA0E5667D49F4
SD NEGERI 2 SEMAYAN,50201056,SD,Negeri,Kec. Praya,230206,Kab. Lombok Tengah,230200,Prov. Nusa Tenggara Barat,230000,10,1,91,6,6,0,1,33,25 Apr 2026 12:53:00,9A369C05E4FBCD660CED
SD NEGERI 2 WAKUL,50201077,SD,Negeri,Kec. Praya,230206,Kab. Lombok Tengah,230200,Prov. Nusa Tenggara Barat,230000,10,1,155,7,6,0,1,30,13 Apr 2026 13:19:11,E71AE933CB7E7AADA72B
SD NEGERI 22 PRAYA,50201147,SD,Negeri,Kec. Praya,230206,Kab. Lombok Tengah,230200,Prov. Nusa Tenggara Barat,230000,24,1,517,16,16,1,1,35,10 Apr 2026 07:26:19,0794CBC02D5FEAEF70C3
SD NEGERI 3 AIK MUAL,50201076,SD,Negeri,Kec. Praya,230206,Kab. Lombok Tengah,230200,Prov. Nusa Tenggara Barat,230000,7,1,128,6,6,0,1,21,17 Apr 2026 08:42:49,306B17DA684CCB1CC28F
SD NEGERI 3 BODAK,50201179,SD,Negeri,Kec. Praya,230206,Kab. Lombok Tengah,230200,Prov. Nusa Tenggara Barat,230000,17,0,278,12,10,0,1,12,16 Apr 2026 12:07:17,7481B68D8AF4653E6A27
SD NEGERI 3 GERUNUNG,50201177,SD,Negeri,Kec. Praya,230206,Kab. Lombok Tengah,230200,Prov. Nusa Tenggara Barat,230000,9,1,157,7,6,0,0,13,04 Apr 2026 08:03:04,296AB7FFA15F0EB3B68E
SD NEGERI 3 PRAYA,50201166,SD,Negeri,Kec. Praya,230206,Kab. Lombok Tengah,230200,Prov. Nusa Tenggara Barat,230000,17,2,238,10,9,0,1,14,08 Apr 2026 10:39:04,585EBBAF26033711279F
SD NEGERI 4 PRAYA,50201184,SD,Negeri,Kec. Praya,230206,Kab. Lombok Tengah,230200,Prov. Nusa Tenggara Barat,230000,26,2,626,18,18,1,1,39,23 Apr 2026 17:14:57,B3161AB1F1306FBD9B3D
SD NEGERI 5 PRAYA,50201144,SD,Negeri,Kec. Praya,230206,Kab. Lombok Tengah,230200,Prov. Nusa Tenggara Barat,230000,14,2,245,10,9,0,1,45,30 Apr 2026 07:30:11,33FBAEB75AE8D0252DF9
SD NEGERI 6 PRAYA,50201139,SD,Negeri,Kec. Praya,230206,Kab. Lombok Tengah,230200,Prov. Nusa Tenggara Barat,230000,8,0,107,6,6,0,1,6,04 Mar 2026 07:06:03,1B33A5E4DEFADA17C167
SD NEGERI 7 PRAYA,50201138,SD,Negeri,Kec. Praya,230206,Kab. Lombok Tengah,230200,Prov. Nusa Tenggara Barat,230000,10,1,56,6,5,0,1,25,30 Apr 2026 07:33:31,CE41A823562A087878E1
SD NEGERI AIKJA,50201161,SD,Negeri,Kec. Praya,230206,Kab. Lombok Tengah,230200,Prov. Nusa Tenggara Barat,230000,14,0,226,11,8,0,1,28,27 Apr 2026 10:38:21,5907C88B3585FBE56CA0
SD NEGERI BATUBANGKA,50200958,SD,Negeri,Kec. Praya,230206,Kab. Lombok Tengah,230200,Prov. Nusa Tenggara Barat,230000,10,1,199,7,6,0,1,10,03 Mar 2026 09:12:41,C8BE797A534EF9B2EEEE
SD NEGERI BEBIE,50200968,SD,Negeri,Kec. Praya,230206,Kab. Lombok Tengah,230200,Prov. Nusa Tenggara Barat,230000,9,1,131,6,5,0,1,17,29 Apr 2026 09:19:40,7DF2FA956E02A21CC14F
SD NEGERI BILE PAIT,50200970,SD,Negeri,Kec. Praya,230206,Kab. Lombok Tengah,230200,Prov. Nusa Tenggara Barat,230000,10,1,204,8,6,0,1,17,02 May 2026 08:08:05,896DF4FB4252AE17C736
SD NEGERI BOGAK,50200933,SD,Negeri,Kec. Praya,230206,Kab. Lombok Tengah,230200,Prov. Nusa Tenggara Barat,230000,9,2,170,7,7,0,1,13,11 Apr 2026 06:47:19,329ABA93A9C7BBAAC081
SD NEGERI BUNDUA,50200928,SD,Negeri,Kec. Praya,230206,Kab. Lombok Tengah,230200,Prov. Nusa Tenggara Barat,230000,8,1,165,6,6,0,1,42,28 Apr 2026 12:17:40,3F5BF83B6C155FC28E33
SD NEGERI BUNSALAK,50200921,SD,Negeri,Kec. Praya,230206,Kab. Lombok Tengah,230200,Prov. Nusa Tenggara Barat,230000,12,2,239,10,8,0,1,44,27 Apr 2026 19:39:20,4CDC9C0ADEAF0CB04D64
SD NEGERI BUSE,50200935,SD,Negeri,Kec. Praya,230206,Kab. Lombok Tengah,230200,Prov. Nusa Tenggara Barat,230000,10,1,92,6,6,0,1,24,04 Mar 2026 08:22:04,A31A8D8BD0964FA7C123
SD NEGERI Gelondong Baru,50201024,SD,Negeri,Kec. Praya,230206,Kab. Lombok Tengah,230200,Prov. Nusa Tenggara Barat,230000,12,1,120,6,6,0,1,32,21 Apr 2026 12:28:46,BB36A5ABCE98FC5CA3E5
SD NEGERI GERINTUK,50201037,SD,Negeri,Kec. Praya,230206,Kab. Lombok Tengah,230200,Prov. Nusa Tenggara Barat,230000,9,0,152,6,6,0,1,12,27 Apr 2026 10:42:33,34F70CC8C150CCAA30BA
SD NEGERI GONJAK,50201050,SD,Negeri,Kec. Praya,230206,Kab. Lombok Tengah,230200,Prov. Nusa Tenggara Barat,230000,11,0,190,8,6,0,1,21,09 Apr 2026 09:35:27,3ED7C72BCCA63D5D7501
SD NEGERI JAGO,50201043,SD,Negeri,Kec. Praya,230206,Kab. Lombok Tengah,230200,Prov. Nusa Tenggara Barat,230000,10,2,242,8,7,0,1,23,28 Apr 2026 13:19:05,3B09A25E01618BAA52E8
SD NEGERI KEKERE,50200989,SD,Negeri,Kec. Praya,230206,Kab. Lombok Tengah,230200,Prov. Nusa Tenggara Barat,230000,14,3,217,11,8,0,1,10,02 Apr 2026 07:39:06,78B4D665A78D7DE397F9
SD NEGERI KETEJER,50201011,SD,Negeri,Kec. Praya,230206,Kab. Lombok Tengah,230200,Prov. Nusa Tenggara Barat,230000,11,0,183,7,6,0,1,33,13 Apr 2026 07:11:06,D8AC854E4C2C83526B3C
SD NEGERI KWANGRUNDUN,50201005,SD,Negeri,Kec. Praya,230206,Kab. Lombok Tengah,230200,Prov. Nusa Tenggara Barat,230000,9,1,180,7,6,0,2,37,06 Apr 2026 07:25:43,077290DF78413E437924
SD NEGERI MAKAM,50201498,SD,Negeri,Kec. Praya,230206,Kab. Lombok Tengah,230200,Prov. Nusa Tenggara Barat,230000,12,1,168,8,6,0,1,6,29 Apr 2026 10:33:51,0B194BFE8DE950D63ACB
SD NEGERI MERANG BARU,50201488,SD,Negeri,Kec. Praya,230206,Kab. Lombok Tengah,230200,Prov. Nusa Tenggara Barat,230000,10,1,98,6,5,0,1,21,26 Apr 2026 13:57:46,ADC2CA28977955C76F70
SD NEGERI MERTAK TOMBOK,50201467,SD,Negeri,Kec. Praya,230206,Kab. Lombok Tengah,230200,Prov. Nusa Tenggara Barat,230000,11,0,113,6,6,0,1,8,02 Mar 2026 19:24:31,35084D59EC35AE66815B
SD NEGERI MERTAK UMBAK,50205134,SD,Negeri,Kec. Praya,230206,Kab. Lombok Tengah,230200,Prov. Nusa Tenggara Barat,230000,14,1,262,10,9,0,2,12,11 Apr 2026 09:32:47,E23BE1267731CDFA7D00
SD NEGERI PAOK TAWAH,50201461,SD,Negeri,Kec. Praya,230206,Kab. Lombok Tengah,230200,Prov. Nusa Tenggara Barat,230000,11,0,75,6,6,0,1,6,19 Jan 2026 08:50:29,13FF302FDD8724632D84
SD NEGERI PRAYITNA,50201559,SD,Negeri,Kec. Praya,230206,Kab. Lombok Tengah,230200,Prov. Nusa Tenggara Barat,230000,14,1,285,11,9,1,1,8,27 Apr 2026 07:03:38,5A77E7D553820E9B959B
SD NEGERI Punik,50201554,SD,Negeri,Kec. Praya,230206,Kab. Lombok Tengah,230200,Prov. Nusa Tenggara Barat,230000,9,3,127,7,5,0,1,15,04 Mar 2026 07:17:34,C40EA0A6D9A2FBF231F9
SD NEGERI SERENGAT,50201341,SD,Negeri,Kec. Praya,230206,Kab. Lombok Tengah,230200,Prov. Nusa Tenggara Barat,230000,14,0,196,10,12,0,1,30,01 Apr 2026 06:28:07,0D3089568ED8A5326F8C
SD NEGERI SUNDIL,50201359,SD,Negeri,Kec. Praya,230206,Kab. Lombok Tengah,230200,Prov. Nusa Tenggara Barat,230000,12,2,184,9,6,0,1,41,23 Apr 2026 08:08:38,12F63B534D3A979FB942
SD NEGERI TANGGAK,50201309,SD,Negeri,Kec. Praya,230206,Kab. Lombok Tengah,230200,Prov. Nusa Tenggara Barat,230000,9,1,144,6,6,0,1,7,13 Apr 2026 12:20:04,3A30172E3E08194430E2
SD NEGERI TELAGAWARU,50201306,SD,Negeri,Kec. Praya,230206,Kab. Lombok Tengah,230200,Prov. Nusa Tenggara Barat,230000,14,1,207,10,6,0,1,33,28 Apr 2026 07:59:35,1AA4ED529F764CBD0037
SD NEGERI TIWU ASEM,50201300,SD,Negeri,Kec. Praya,230206,Kab. Lombok Tengah,230200,Prov. Nusa Tenggara Barat,230000,12,0,105,6,7,0,1,19,18 Apr 2026 19:43:43,9C668C9930BA7713657F
SD Islam Al-Karimah,50220267,SD,Swasta,Kec. Praya,230206,Kab. Lombok Tengah,230200,Prov. Nusa Tenggara Barat,230000,11,1,106,6,3,0,1,11,04 Mar 2026 14:00:26,8012E6CEAAAC180D57F1
SD Islam Darul Azizi,50220554,SD,Swasta,Kec. Praya,230206,Kab. Lombok Tengah,230200,Prov. Nusa Tenggara Barat,230000,8,1,136,6,6,0,0,24,11 Apr 2026 22:59:52,34583F4D48F9E42D03E4
SD ISLAM DARUT TAUHID,69966648,SD,Swasta,Kec. Praya,230206,Kab. Lombok Tengah,230200,Prov. Nusa Tenggara Barat,230000,6,1,12,5,3,0,0,22,21 Apr 2026 08:46:52,30E73363E96EEC224976
SD ISLAM HARAPAN BANGSA,69978621,SD,Swasta,Kec. Praya,230206,Kab. Lombok Tengah,230200,Prov. Nusa Tenggara Barat,230000,9,1,67,6,6,0,1,15,27 Apr 2026 07:31:04,D621E88C54B4A00D57FB
SD ISLAM MAHDHOTUL ULUM BUNUT BAOK,69734162,SD,Swasta,Kec. Praya,230206,Kab. Lombok Tengah,230200,Prov. Nusa Tenggara Barat,230000,8,2,155,6,6,0,1,8,21 Apr 2026 09:13:45,178AC0F12F090E090C0A
SD Islam Saadatuddarain,69757490,SD,Swasta,Kec. Praya,230206,Kab. Lombok Tengah,230200,Prov. Nusa Tenggara Barat,230000,20,2,425,17,13,0,1,23,02 May 2026 12:46:55,06C6CCA1C3A66A0F2DFF
SD IT Islam Al-Muslimun,69755769,SD,Swasta,Kec. Praya,230206,Kab. Lombok Tengah,230200,Prov. Nusa Tenggara Barat,230000,11,1,164,7,7,0,1,26,26 Apr 2026 16:24:04,E4A662AACF73DC24FCDB
SD MINHAJUSSALAM NW MANGGONG,50219648,SD,Swasta,Kec. Praya,230206,Kab. Lombok Tengah,230200,Prov. Nusa Tenggara Barat,230000,10,1,103,6,6,0,0,10,21 Feb 2026 11:42:33,7CB57F3749460A035614
SDI MUADZ BIN JABAL PREWO,70052802,SD,Swasta,Kec. Praya,230206,Kab. Lombok Tengah,230200,Prov. Nusa Tenggara Barat,230000,4,1,38,3,3,0,1,1,10 Mar 2026 09:25:29,E4EDFFD3DD8EBE2DA077
SDI Raudlatul Husna,69934581,SD,Swasta,Kec. Praya,230206,Kab. Lombok Tengah,230200,Prov. Nusa Tenggara Barat,230000,10,1,178,8,7,0,0,21,28 Apr 2026 20:35:54,3757557985A48D4CDACA
SDIT ANAK SHOLEH PRAYA,69880790,SD,Swasta,Kec. Praya,230206,Kab. Lombok Tengah,230200,Prov. Nusa Tenggara Barat,230000,29,3,441,18,18,0,0,15,28 Apr 2026 06:55:26,DED738D32DA0DACA554F
SMP NEGERI 1 PRAYA,50201412,SMP,Negeri,Kec. Praya,230206,Kab. Lombok Tengah,230200,Prov. Nusa Tenggara Barat,230000,53,14,1199,33,33,4,1,60,02 May 2026 09:37:43,9004EC9A52E7D62B3DDF
SMP NEGERI 2 PRAYA,50201402,SMP,Negeri,Kec. Praya,230206,Kab. Lombok Tengah,230200,Prov. Nusa Tenggara Barat,230000,54,8,791,25,25,3,1,38,24 Apr 2026 08:33:17,8B2F990F51445C2AC5A9
SMP NEGERI 3 PRAYA,50201424,SMP,Negeri,Kec. Praya,230206,Kab. Lombok Tengah,230200,Prov. Nusa Tenggara Barat,230000,28,5,364,14,15,2,1,16,21 Apr 2026 08:21:39,D81E49FA042D952AD496
SMP NEGERI 4 PRAYA,50201379,SMP,Negeri,Kec. Praya,230206,Kab. Lombok Tengah,230200,Prov. Nusa Tenggara Barat,230000,18,6,158,7,21,1,1,11,28 Apr 2026 07:20:59,2A38ECC9D25309D670BC
SMP NEGERI 5 PRAYA,50201375,SMP,Negeri,Kec. Praya,230206,Kab. Lombok Tengah,230200,Prov. Nusa Tenggara Barat,230000,20,4,210,8,12,1,1,24,28 Apr 2026 10:06:35,EF54D9332ACEE9CA1626
SMP NEGERI 6 PRAYA,50219611,SMP,Negeri,Kec. Praya,230206,Kab. Lombok Tengah,230200,Prov. Nusa Tenggara Barat,230000,11,3,61,3,3,2,1,14,11 Apr 2026 18:30:14,EC5934DF5BE484314539
SMP AL MASYHUR NW PRAYA,50219609,SMP,Swasta,Kec. Praya,230206,Kab. Lombok Tengah,230200,Prov. Nusa Tenggara Barat,230000,4,1,31,3,3,1,1,26,30 Apr 2026 14:50:52,3F3B0E66E057135131B2
SMP ATTOHIRIYAH BODAK,50201321,SMP,Swasta,Kec. Praya,230206,Kab. Lombok Tengah,230200,Prov. Nusa Tenggara Barat,230000,19,1,458,16,16,1,1,15,30 Apr 2026 10:37:44,E9D02394480F545D13AA
SMP Darul Habibi Paok Tawah,50219610,SMP,Swasta,Kec. Praya,230206,Kab. Lombok Tengah,230200,Prov. Nusa Tenggara Barat,230000,5,1,25,3,3,1,1,22,22 Apr 2026 20:17:11,AD88CF7B37DBAD0038E9
SMP DARUL MUHAJIRIN,50201320,SMP,Swasta,Kec. Praya,230206,Kab. Lombok Tengah,230200,Prov. Nusa Tenggara Barat,230000,6,1,39,3,3,1,1,27,22 Apr 2026 10:08:55,82EF7B168175D8406ED3
SMP ISLAM AL - MUSLIMUN,69992822,SMP,Swasta,Kec. Praya,230206,Kab. Lombok Tengah,230200,Prov. Nusa Tenggara Barat,230000,8,1,75,3,3,2,1,18,27 Feb 2026 13:33:49,886C65FBE6238A2969E5
SMP ISLAM AL HANANIYAH,50205182,SMP,Swasta,Kec. Praya,230206,Kab. Lombok Tengah,230200,Prov. Nusa Tenggara Barat,230000,8,1,81,3,3,1,1,20,05 Mar 2026 10:10:51,F1912E82821977B2A190
SMP ISLAM AL MA`ARIF PRAPEN,50220330,SMP,Swasta,Kec. Praya,230206,Kab. Lombok Tengah,230200,Prov. Nusa Tenggara Barat,230000,8,1,55,3,2,0,0,23,30 Apr 2026 07:36:18,54869003A73C54CFEC89
SMP ISLAM AL-KARIMAH,69954339,SMP,Swasta,Kec. Praya,230206,Kab. Lombok Tengah,230200,Prov. Nusa Tenggara Barat,230000,7,1,117,6,3,0,0,6,03 Mar 2026 22:52:23,AB54684FB2DC16A49C31
SMP ISLAM ATTAMIMY-KAMPUNG BERANGSAK,50220414,SMP,Swasta,Kec. Praya,230206,Kab. Lombok Tengah,230200,Prov. Nusa Tenggara Barat,230000,14,0,166,7,10,2,1,16,16 Apr 2026 11:29:16,684C58851BDD0229106C
SMP ISLAM BAITUL QURRO,70054929,SMP,Swasta,Kec. Praya,230206,Kab. Lombok Tengah,230200,Prov. Nusa Tenggara Barat,230000,13,4,83,3,19,2,1,30,23 Apr 2026 08:48:57,F2757FA6ADC8153848EF
SMP ISLAM BUNUT BAOK,69947433,SMP,Swasta,Kec. Praya,230206,Kab. Lombok Tengah,230200,Prov. Nusa Tenggara Barat,230000,9,1,85,3,3,0,0,22,23 Apr 2026 01:37:11,39458674704FC1B6D841
SMP ISLAM IBADURRAHMAN MASKUR,69966668,SMP,Swasta,Kec. Praya,230206,Kab. Lombok Tengah,230200,Prov. Nusa Tenggara Barat,230000,10,2,71,3,3,0,0,15,02 May 2026 12:13:47,F6AE3F772A34D5566985
SMP ISLAM MANHALUL ULUM,69966068,SMP,Swasta,Kec. Praya,230206,Kab. Lombok Tengah,230200,Prov. Nusa Tenggara Barat,230000,10,1,13,3,3,0,0,19,27 Apr 2026 17:29:22,7860BDD7B6C3B4B6A78F
SMP ISLAM MINHAJUSSALAM NW MANGGONG,69888369,SMP,Swasta,Kec. Praya,230206,Kab. Lombok Tengah,230200,Prov. Nusa Tenggara Barat,230000,6,1,23,3,3,0,1,5,03 Mar 2026 14:36:17,977A66560670923159BF
SMP ISLAM NURUL QUR AN,50220241,SMP,Swasta,Kec. Praya,230206,Kab. Lombok Tengah,230200,Prov. Nusa Tenggara Barat,230000,28,1,580,18,14,2,1,25,28 Apr 2026 08:57:39,2CB1189D94D18E342777
SMP Islam Nurul Yaqin Praya,60729235,SMP,Swasta,Kec. Praya,230206,Kab. Lombok Tengah,230200,Prov. Nusa Tenggara Barat,230000,8,2,75,3,5,1,1,15,24 Apr 2026 08:23:10,74BBE7F1C3335E6322E8
SMP ISLAM RAUDATUL JANNAH NW BUNDUA,70059869,SMP,Swasta,Kec. Praya,230206,Kab. Lombok Tengah,230200,Prov. Nusa Tenggara Barat,230000,3,2,38,2,3,0,0,16,28 Apr 2026 18:38:53,F0834D2DFA885E4740F2
SMP ISLAM RAUDLATUL HUSNA KEPOK,69992904,SMP,Swasta,Kec. Praya,230206,Kab. Lombok Tengah,230200,Prov. Nusa Tenggara Barat,230000,11,2,139,6,10,1,1,28,28 Apr 2026 10:05:22,56CE72E87E50362D3C48
SMP ISLAM ROJA HUSNUL KHOTIMAH,70048822,SMP,Swasta,Kec. Praya,230206,Kab. Lombok Tengah,230200,Prov. Nusa Tenggara Barat,230000,3,1,59,3,4,0,1,20,24 Apr 2026 09:47:25,D1FC1D627CB11221DA5D
SMP ISLAM TAHFIZD DARURROSYIDIN,69980609,SMP,Swasta,Kec. Praya,230206,Kab. Lombok Tengah,230200,Prov. Nusa Tenggara Barat,230000,8,1,64,3,3,1,0,13,29 Apr 2026 17:53:58,A0555F5EFEAFF09D013E
SMP ISLAM TELAGAWARU,50201319,SMP,Swasta,Kec. Praya,230206,Kab. Lombok Tengah,230200,Prov. Nusa Tenggara Barat,230000,4,1,95,3,3,1,1,24,19 Mar 2026 18:57:45,3CC43CC6DFF65AF0294D
SMP ISLAM TERPADU YAPISBA,50220256,SMP,Swasta,Kec. Praya,230206,Kab. Lombok Tengah,230200,Prov. Nusa Tenggara Barat,230000,8,1,97,4,4,1,1,15,05 Mar 2026 08:32:22,D26813A9F30F06AA72CB
SMP ISLAM WASILATUL ABROR,70052115,SMP,Swasta,Kec. Praya,230206,Kab. Lombok Tengah,230200,Prov. Nusa Tenggara Barat,230000,5,1,23,2,2,1,1,11,04 Mar 2026 16:01:06,4B9BD4A5CA900D215715
SMP IT DARUL ARIFI,70053642,SMP,Swasta,Kec. Praya,230206,Kab. Lombok Tengah,230200,Prov. Nusa Tenggara Barat,230000,14,1,52,3,3,1,1,14,29 Apr 2026 09:04:09,9F75A5C38E23525D27A2
SMP IT MANBA’UL QUR’AN,70055095,SMP,Swasta,Kec. Praya,230206,Kab. Lombok Tengah,230200,Prov. Nusa Tenggara Barat,230000,6,0,0,0,0,0,0,0,,C3347E79A7DA4DD0A393
SMP NW Aikmual,50201986,SMP,Swasta,Kec. Praya,230206,Kab. Lombok Tengah,230200,Prov. Nusa Tenggara Barat,230000,7,2,49,3,2,1,1,16,07 Apr 2026 04:01:53,9BC12D6B5E03549EC064
SMP PLUS AL BUSYRO LOMBOK,70045510,SMP,Swasta,Kec. Praya,230206,Kab. Lombok Tengah,230200,Prov. Nusa Tenggara Barat,230000,7,2,67,4,3,0,1,78,30 Apr 2026 22:36:00,31BF8CC2D0A5EF34C3F9
SMP PLUS AL-AZHARIYAH NW PRAYA,70049368,SMP,Swasta,Kec. Praya,230206,Kab. Lombok Tengah,230200,Prov. Nusa Tenggara Barat,230000,6,1,60,3,3,0,0,14,06 Apr 2026 21:44:40,D818EEBD62CE3D5E24AC
SMP PLUS MUNIRUL ARIFIN NW PRAYA,69728462,SMP,Swasta,Kec. Praya,230206,Kab. Lombok Tengah,230200,Prov. Nusa Tenggara Barat,230000,19,2,342,12,16,2,0,22,18 Apr 2026 11:04:33,824843CFCEC20EC30F5E
SMPIT ANAK SOLEH,70030153,SMP,Swasta,Kec. Praya,230206,Kab. Lombok Tengah,230200,Prov. Nusa Tenggara Barat,230000,6,1,67,3,3,0,0,38,28 Apr 2026 07:21:19,E4E05631F2CD9D15FBA1
SMAN 1 PRAYA,50201391,SMA,Negeri,Kec. Praya,230206,Kab. Lombok Tengah,230200,Prov. Nusa Tenggara Barat,230000,74,22,1539,40,36,6,1,23,30 Apr 2026 09:15:06,81C170D7BF7A6C8B48AE
SMAN 2 PRAYA,50201384,SMA,Negeri,Kec. Praya,230206,Kab. Lombok Tengah,230200,Prov. Nusa Tenggara Barat,230000,54,12,1179,33,33,6,1,58,27 Apr 2026 10:14:09,8AF61831C286EFC6D399
SMAN 3 PRAYA,50205205,SMA,Negeri,Kec. Praya,230206,Kab. Lombok Tengah,230200,Prov. Nusa Tenggara Barat,230000,28,14,594,17,15,4,1,32,02 May 2026 08:28:13,B77CAF00DAE5ED1FF850
SMAN 4 PRAYA,50219620,SMA,Negeri,Kec. Praya,230206,Kab. Lombok Tengah,230200,Prov. Nusa Tenggara Barat,230000,76,18,1332,37,37,5,2,56,04 Apr 2026 07:30:52,B3F45CB68B2FBD9BAA78
SMA ISLAM AL-MUSLIMUN,70043678,SMA,Swasta,Kec. Praya,230206,Kab. Lombok Tengah,230200,Prov. Nusa Tenggara Barat,230000,12,1,46,3,3,2,1,20,23 Apr 2026 08:30:54,F210370597A2F4083DEE
SMA ISLAM BAITUL QURRO,70054788,SMA,Swasta,Kec. Praya,230206,Kab. Lombok Tengah,230200,Prov. Nusa Tenggara Barat,230000,7,1,59,3,1,0,0,13,20 Apr 2026 07:13:21,41B08848620B93ABFD4D
SMA ISLAM RAUDATUL JANNAH NW BUNDUA,70059528,SMA,Swasta,Kec. Praya,230206,Kab. Lombok Tengah,230200,Prov. Nusa Tenggara Barat,230000,1,0,0,0,0,0,0,0,,1AE6486E70AB3EDEC413
SMA ISLAM RAUDLATUL ULUM BUNUT BAOK,70007007,SMA,Swasta,Kec. Praya,230206,Kab. Lombok Tengah,230200,Prov. Nusa Tenggara Barat,230000,7,1,69,3,1,1,1,6,10 Feb 2026 21:07:07,58EE92F8A741C1D150CE
SMA ISLAM TAHFIDZ DARURUROSYIDIN,70035399,SMA,Swasta,Kec. Praya,230206,Kab. Lombok Tengah,230200,Prov. Nusa Tenggara Barat,230000,1,1,36,3,3,1,1,3,02 Mar 2026 20:41:47,46F1A5093AD294E78D8B
SMA PLUS AL-AZHARIYAH NW MISPALAH PRAYA,70048298,SMA,Swasta,Kec. Praya,230206,Kab. Lombok Tengah,230200,Prov. Nusa Tenggara Barat,230000,5,1,67,3,4,2,1,6,02 Apr 2026 23:31:38,70A5CAC5B8DD85D08877
SMA PLUS RIYADHUDZ DZAKIRIN ASY SYADZILIYAH (RDz.A) BOGAK,69888391,SMA,Swasta,Kec. Praya,230206,Kab. Lombok Tengah,230200,Prov. Nusa Tenggara Barat,230000,0,1,0,0,0,0,0,0,,A3D329F454FBB039C779
SMAS AL MASYHUR NW PRAYA,50220350,SMA,Swasta,Kec. Praya,230206,Kab. Lombok Tengah,230200,Prov. Nusa Tenggara Barat,230000,8,1,27,3,3,1,1,28,30 Mar 2026 11:03:51,5CF568971B965332A8F0
SMAS ATTOHIRIYAH BODAK,50205209,SMA,Swasta,Kec. Praya,230206,Kab. Lombok Tengah,230200,Prov. Nusa Tenggara Barat,230000,28,1,304,11,12,6,1,47,28 Apr 2026 16:01:23,C78C6131CCFB74D79AD4
SMAS DARUL MUHAJIRIN PRAYA,50205211,SMA,Swasta,Kec. Praya,230206,Kab. Lombok Tengah,230200,Prov. Nusa Tenggara Barat,230000,18,2,182,6,17,6,1,18,30 Apr 2026 12:47:01,A091F8BCDD0D8DCBEE9A
SMAS KORPRI PRAYA,50201381,SMA,Swasta,Kec. Praya,230206,Kab. Lombok Tengah,230200,Prov. Nusa Tenggara Barat,230000,9,1,27,3,6,2,1,52,03 Apr 2026 15:02:45,54F73AB55D5EDF789E5F
SMAS MUNIRUL ARIFIN NW PRAYA,50205213,SMA,Swasta,Kec. Praya,230206,Kab. Lombok Tengah,230200,Prov. Nusa Tenggara Barat,230000,19,1,156,6,6,3,0,23,05 Mar 2026 17:26:51,23AFCB6A9E3DED6BBFD9
SMKN 1 PRAYA,50201371,SMK,Negeri,Kec. Praya,230206,Kab. Lombok Tengah,230200,Prov. Nusa Tenggara Barat,230000,99,34,1523,50,43,6,1,51,17 Apr 2026 07:34:46,D27B49E753954803EB49
SMK AL KARIMAH,70014464,SMK,Swasta,Kec. Praya,230206,Kab. Lombok Tengah,230200,Prov. Nusa Tenggara Barat,230000,9,1,75,4,3,1,0,32,30 Mar 2026 16:27:46,4691324D076860D0121F
SMK BOARDING SCHOOL SUBULUSSALAM GERUNUNG,69883647,SMK,Swasta,Kec. Praya,230206,Kab. Lombok Tengah,230200,Prov. Nusa Tenggara Barat,230000,11,1,56,3,3,1,1,30,09 Apr 2026 18:49:45,898FBCB577BAEEA9826C
SMK ISLAM RAUDLATUL HUSNA KEPOK,70014701,SMK,Swasta,Kec. Praya,230206,Kab. Lombok Tengah,230200,Prov. Nusa Tenggara Barat,230000,14,1,108,5,5,1,1,60,30 Apr 2026 11:30:26,E8794210F33D04A7CAF8
SMK PLUS MUNIRUL ARIFIN NW PRAYA,69947243,SMK,Swasta,Kec. Praya,230206,Kab. Lombok Tengah,230200,Prov. Nusa Tenggara Barat,230000,8,3,53,3,3,0,1,14,29 Apr 2026 11:48:37,BB0E76772AE47DF229B7
SMKS AL ABSOR JAGO,50219593,SMK,Swasta,Kec. Praya,230206,Kab. Lombok Tengah,230200,Prov. Nusa Tenggara Barat,230000,26,3,195,8,8,1,1,34,21 Apr 2026 07:39:15,2FB217BC291EB2650E57
SMKS ASA TELAGAWARU,50219590,SMK,Swasta,Kec. Praya,230206,Kab. Lombok Tengah,230200,Prov. Nusa Tenggara Barat,230000,2,1,51,3,3,1,1,9,07 Mar 2026 09:34:30,13C93E071AE756AA8569
SMKS DARUL AMININ NW AIKMUAL,50219772,SMK,Swasta,Kec. Praya,230206,Kab. Lombok Tengah,230200,Prov. Nusa Tenggara Barat,230000,7,1,12,3,3,1,2,13,13 Apr 2026 08:42:02,128CEDCBCD324856674B
SMKS DARUL HABIBI PAOK TAWAH,50220315,SMK,Swasta,Kec. Praya,230206,Kab. Lombok Tengah,230200,Prov. Nusa Tenggara Barat,230000,10,2,34,3,3,1,1,18,26 Apr 2026 05:24:19,4BB9C2AFD6449A70D5EF
SMKS ISLAM AL HANANIYAH BODAK,50219597,SMK,Swasta,Kec. Praya,230206,Kab. Lombok Tengah,230200,Prov. Nusa Tenggara Barat,230000,10,1,75,3,5,1,1,6,04 Mar 2026 09:23:14,6AC75C4D9C77A3290548
SMKS RINJANI PRAYA,50219594,SMK,Swasta,Kec. Praya,230206,Kab. Lombok Tengah,230200,Prov. Nusa Tenggara Barat,230000,10,1,14,3,3,2,1,26,20 Apr 2026 09:45:39,C4127B37B9E8239384AB
SD N 1 REMBITAN,50201964,SD,Negeri,Kec. Pujut,230202,Kab. Lombok Tengah,230200,Prov. Nusa Tenggara Barat,230000,18,1,386,15,9,0,1,21,30 Apr 2026 10:12:29,BB5B9F05709ACE065F25
SD N 2 REMBITAN,50201062,SD,Negeri,Kec. Pujut,230202,Kab. Lombok Tengah,230200,Prov. Nusa Tenggara Barat,230000,10,2,194,8,8,0,1,16,10 Apr 2026 08:16:12,EF6A6672FEFE6EC02D35
SD N 2 SENGKOL,50201072,SD,Negeri,Kec. Pujut,230202,Kab. Lombok Tengah,230200,Prov. Nusa Tenggara Barat,230000,9,2,188,6,7,0,1,14,20 Apr 2026 07:32:00,3C192EDC850149B9C16B
SD N 3 REMBITAN,50220625,SD,Negeri,Kec. Pujut,230202,Kab. Lombok Tengah,230200,Prov. Nusa Tenggara Barat,230000,14,1,217,11,8,0,1,27,09 Apr 2026 11:00:21,B320D00198FB95EA1AB5
SD N 4 SENGKOL,50201165,SD,Negeri,Kec. Pujut,230202,Kab. Lombok Tengah,230200,Prov. Nusa Tenggara Barat,230000,16,2,235,12,7,0,1,17,13 Apr 2026 10:21:05,4BA9E16BA5D74BBCBC5F
SD N AREGULING,50201159,SD,Negeri,Kec. Pujut,230202,Kab. Lombok Tengah,230200,Prov. Nusa Tenggara Barat,230000,11,1,79,6,6,0,1,7,10 Apr 2026 22:23:51,3CFB8A015D0B03CA7663
SD N PEMASAH,50201454,SD,Negeri,Kec. Pujut,230202,Kab. Lombok Tengah,230200,Prov. Nusa Tenggara Barat,230000,11,1,122,6,6,0,1,30,27 Apr 2026 07:11:41,2AD58A7BE29B6514219A
SD NEGERI 1 KAWO,50201865,SD,Negeri,Kec. Pujut,230202,Kab. Lombok Tengah,230200,Prov. Nusa Tenggara Barat,230000,17,1,206,11,8,0,1,54,04 Apr 2026 09:29:43,18E6CBFFB85E71CA8765
SD NEGERI 1 KETARA,50201863,SD,Negeri,Kec. Pujut,230202,Kab. Lombok Tengah,230200,Prov. Nusa Tenggara Barat,230000,10,1,168,7,5,0,1,66,30 Apr 2026 07:25:44,8790DE7980BB40693AA1
SD NEGERI 1 KUTA,50201861,SD,Negeri,Kec. Pujut,230202,Kab. Lombok Tengah,230200,Prov. Nusa Tenggara Barat,230000,20,2,398,15,11,1,1,40,21 Apr 2026 10:19:48,C6DDEC216D4BFABA8111
SD NEGERI 1 SENGKOL,50201940,SD,Negeri,Kec. Pujut,230202,Kab. Lombok Tengah,230200,Prov. Nusa Tenggara Barat,230000,11,2,82,6,6,1,1,14,02 May 2026 09:03:35,7FB15C9A81B0BEDC697D
SD NEGERI 1 TANAK AWU,50201917,SD,Negeri,Kec. Pujut,230202,Kab. Lombok Tengah,230200,Prov. Nusa Tenggara Barat,230000,7,1,112,6,6,0,1,15,31 Mar 2026 01:56:00,6D8CE2C27F0D0889D037
SD NEGERI 1 TERUWAI,50201915,SD,Negeri,Kec. Pujut,230202,Kab. Lombok Tengah,230200,Prov. Nusa Tenggara Barat,230000,10,1,151,7,7,0,1,17,28 Apr 2026 07:53:15,2AD57C97DC69F96A8453
SD NEGERI 2 KAWO,50201099,SD,Negeri,Kec. Pujut,230202,Kab. Lombok Tengah,230200,Prov. Nusa Tenggara Barat,230000,9,1,122,6,6,0,1,24,02 May 2026 10:33:12,26E72AA8C9FD6F0EE104
SD NEGERI 2 KETARA,50201097,SD,Negeri,Kec. Pujut,230202,Kab. Lombok Tengah,230200,Prov. Nusa Tenggara Barat,230000,11,0,168,8,6,0,1,16,20 Apr 2026 10:43:33,618023A5881B5885B5DB
SD NEGERI 2 TANAK AWU.,50201083,SD,Negeri,Kec. Pujut,230202,Kab. Lombok Tengah,230200,Prov. Nusa Tenggara Barat,230000,17,2,281,12,8,0,1,13,21 Apr 2026 10:12:57,71316591D8C774C8F67B
SD NEGERI 2 TERUWAI,50201081,SD,Negeri,Kec. Pujut,230202,Kab. Lombok Tengah,230200,Prov. Nusa Tenggara Barat,230000,11,2,99,6,6,0,1,11,09 Apr 2026 17:48:53,7B43239AA5AFB6838514
SD NEGERI 3 KAWO,50201176,SD,Negeri,Kec. Pujut,230202,Kab. Lombok Tengah,230200,Prov. Nusa Tenggara Barat,230000,15,2,181,9,6,0,1,17,26 Apr 2026 20:23:39,C4F79C62CCF2F41EF33D
SD NEGERI 3 SENGKOL,50201196,SD,Negeri,Kec. Pujut,230202,Kab. Lombok Tengah,230200,Prov. Nusa Tenggara Barat,230000,13,1,164,9,6,0,1,14,09 Apr 2026 20:40:20,2168A3F0192795F9006F
SD NEGERI 4 KAWO,50201190,SD,Negeri,Kec. Pujut,230202,Kab. Lombok Tengah,230200,Prov. Nusa Tenggara Barat,230000,11,2,148,6,6,0,1,15,08 Apr 2026 13:09:09,AB8E58072C56BC1E42FE
SD NEGERI 5 SENGKOL,50201143,SD,Negeri,Kec. Pujut,230202,Kab. Lombok Tengah,230200,Prov. Nusa Tenggara Barat,230000,10,0,187,7,6,0,1,17,26 Apr 2026 19:06:03,17D112833056DF638355
SD NEGERI AWANG,50201157,SD,Negeri,Kec. Pujut,230202,Kab. Lombok Tengah,230200,Prov. Nusa Tenggara Barat,230000,16,1,252,12,9,0,1,27,29 Apr 2026 10:27:30,CD0CD8CFD49ADA49F41D
SD NEGERI Bangkang,50201151,SD,Negeri,Kec. Pujut,230202,Kab. Lombok Tengah,230200,Prov. Nusa Tenggara Barat,230000,14,0,225,10,6,0,1,30,21 Apr 2026 20:54:03,07CB88883154B4E76509
SD NEGERI BARELANTAN,50200965,SD,Negeri,Kec. Pujut,230202,Kab. Lombok Tengah,230200,Prov. Nusa Tenggara Barat,230000,9,1,86,6,6,0,1,19,13 Apr 2026 09:03:05,0267EFC3DE6EE64598E1
SD NEGERI BAREPAOK,50200964,SD,Negeri,Kec. Pujut,230202,Kab. Lombok Tengah,230200,Prov. Nusa Tenggara Barat,230000,12,3,170,7,6,0,1,15,28 Apr 2026 07:54:09,00D29358ED2D51FBDFD2
SD NEGERI BATU PEDANG,50200960,SD,Negeri,Kec. Pujut,230202,Kab. Lombok Tengah,230200,Prov. Nusa Tenggara Barat,230000,10,2,188,8,6,0,1,22,28 Apr 2026 11:01:06,105D1EFB7DBD580D2F9A
SD NEGERI BEDUS,50200982,SD,Negeri,Kec. Pujut,230202,Kab. Lombok Tengah,230200,Prov. Nusa Tenggara Barat,230000,12,3,209,8,6,0,0,8,29 Apr 2026 08:44:30,373438C4703139A3C117
SD NEGERI BELAR,50200980,SD,Negeri,Kec. Pujut,230202,Kab. Lombok Tengah,230200,Prov. Nusa Tenggara Barat,230000,10,1,71,6,6,0,0,19,09 Apr 2026 22:20:35,8D7C6CA4C60343EE7CF6
SD NEGERI BUMBANG,50200930,SD,Negeri,Kec. Pujut,230202,Kab. Lombok Tengah,230200,Prov. Nusa Tenggara Barat,230000,13,1,291,10,9,0,1,31,28 Apr 2026 18:55:09,BFD7E72AF473384E0660
SD NEGERI BUNGAWAN,50200927,SD,Negeri,Kec. Pujut,230202,Kab. Lombok Tengah,230200,Prov. Nusa Tenggara Barat,230000,9,1,132,6,6,0,1,17,04 Mar 2026 11:55:05,5F95961FC270228CFD97
SD NEGERI BUNMAS,50200925,SD,Negeri,Kec. Pujut,230202,Kab. Lombok Tengah,230200,Prov. Nusa Tenggara Barat,230000,9,1,58,6,6,0,0,14,30 Mar 2026 10:33:27,2CB7F5224FD608DCCEBF
SD NEGERI BUNPETUNG,50200920,SD,Negeri,Kec. Pujut,230202,Kab. Lombok Tengah,230200,Prov. Nusa Tenggara Barat,230000,11,1,183,9,8,0,1,26,28 Apr 2026 10:31:14,5ACFE36B91E9C92EE66E
SD NEGERI BUNUT BAOK,50200924,SD,Negeri,Kec. Pujut,230202,Kab. Lombok Tengah,230200,Prov. Nusa Tenggara Barat,230000,10,1,116,6,6,0,1,18,22 Apr 2026 09:15:43,F560654A13CF94DFA493
SD NEGERI DONDAK,50200937,SD,Negeri,Kec. Pujut,230202,Kab. Lombok Tengah,230200,Prov. Nusa Tenggara Barat,230000,12,0,184,7,6,0,0,25,14 Apr 2026 22:48:07,2C55A149225C874DA46B
SD NEGERI EMBUNG RUNGKAS,50201032,SD,Negeri,Kec. Pujut,230202,Kab. Lombok Tengah,230200,Prov. Nusa Tenggara Barat,230000,10,1,98,6,6,1,1,21,27 Apr 2026 21:30:07,6B6F9D8411026882F210
SD NEGERI GANTANG,50201027,SD,Negeri,Kec. Pujut,230202,Kab. Lombok Tengah,230200,Prov. Nusa Tenggara Barat,230000,9,1,157,6,6,0,0,22,27 Apr 2026 08:14:27,A9DEF134BE25804627F0
SD NEGERI GERUPUK,50201038,SD,Negeri,Kec. Pujut,230202,Kab. Lombok Tengah,230200,Prov. Nusa Tenggara Barat,230000,14,1,215,11,12,0,1,17,02 May 2026 09:58:05,66A0D02E8A32E7A15A04
SD NEGERI Gilik,50201052,SD,Negeri,Kec. Pujut,230202,Kab. Lombok Tengah,230200,Prov. Nusa Tenggara Barat,230000,11,1,69,6,6,0,0,25,07 Apr 2026 14:49:34,651BAD80DCEDF49434C3
SD NEGERI JELATENG,50201041,SD,Negeri,Kec. Pujut,230202,Kab. Lombok Tengah,230200,Prov. Nusa Tenggara Barat,230000,14,1,210,11,11,1,2,21,21 Apr 2026 07:30:07,2AC9AAD98CE8D862C543
SD NEGERI KETANGAN,50201015,SD,Negeri,Kec. Pujut,230202,Kab. Lombok Tengah,230200,Prov. Nusa Tenggara Barat,230000,11,1,128,6,6,0,1,18,29 Apr 2026 09:31:43,0F7470519D638B4876BD
SD NEGERI LENDANG LANTAN,50201477,SD,Negeri,Kec. Pujut,230202,Kab. Lombok Tengah,230200,Prov. Nusa Tenggara Barat,230000,9,0,128,6,6,0,0,18,11 Apr 2026 12:55:51,8F8239EA483C44E231D4
SD NEGERI LENTEK,50201473,SD,Negeri,Kec. Pujut,230202,Kab. Lombok Tengah,230200,Prov. Nusa Tenggara Barat,230000,11,2,160,7,7,0,1,13,13 Mar 2026 21:48:11,9AC43F8AA116F7704E96
SD NEGERI MONYEL,50201436,SD,Negeri,Kec. Pujut,230202,Kab. Lombok Tengah,230200,Prov. Nusa Tenggara Barat,230000,8,2,188,6,7,0,1,14,06 Apr 2026 00:02:19,C0193DF1511DBF27E624
SD NEGERI NGOLANG,50201450,SD,Negeri,Kec. Pujut,230202,Kab. Lombok Tengah,230200,Prov. Nusa Tenggara Barat,230000,12,1,177,8,6,0,1,12,22 Apr 2026 07:46:09,15B260BD3935BFA1EAA9
SD NEGERI PAPAK,50201459,SD,Negeri,Kec. Pujut,230202,Kab. Lombok Tengah,230200,Prov. Nusa Tenggara Barat,230000,12,1,163,9,5,0,0,31,22 Apr 2026 09:24:18,883041F328E148735651
SD NEGERI PASUNG,50201458,SD,Negeri,Kec. Pujut,230202,Kab. Lombok Tengah,230200,Prov. Nusa Tenggara Barat,230000,9,2,129,7,7,0,1,16,08 Apr 2026 09:44:48,DC71AEC5935CDEAA50DB
SD NEGERI PEJERUK,50201457,SD,Negeri,Kec. Pujut,230202,Kab. Lombok Tengah,230200,Prov. Nusa Tenggara Barat,230000,10,0,139,6,6,0,0,20,27 Jan 2026 09:30:26,5EA02EB0E436F2ADF1BA
SD NEGERI Pengembur,50201544,SD,Negeri,Kec. Pujut,230202,Kab. Lombok Tengah,230200,Prov. Nusa Tenggara Barat,230000,11,2,138,7,6,0,1,10,06 Apr 2026 15:44:49,C238FC4704CF92C595E2
SD NEGERI Pengengat,50201543,SD,Negeri,Kec. Pujut,230202,Kab. Lombok Tengah,230200,Prov. Nusa Tenggara Barat,230000,11,1,170,8,7,0,1,16,04 Apr 2026 08:29:44,46C7514AB17C1C8FF902
SD NEGERI PONGOS,50201562,SD,Negeri,Kec. Pujut,230202,Kab. Lombok Tengah,230200,Prov. Nusa Tenggara Barat,230000,10,0,125,6,6,0,0,21,02 Apr 2026 05:01:56,BFFE24BF0A6B30626AA3
SD NEGERI Rajan,50201534,SD,Negeri,Kec. Pujut,230202,Kab. Lombok Tengah,230200,Prov. Nusa Tenggara Barat,230000,9,1,75,6,6,0,1,34,24 Apr 2026 21:31:40,F11910D975F860A80917
SD NEGERI SAMBAK DUI,50201503,SD,Negeri,Kec. Pujut,230202,Kab. Lombok Tengah,230200,Prov. Nusa Tenggara Barat,230000,11,1,125,8,6,0,1,18,17 Apr 2026 08:30:31,765F6CF13E41F4F8F00E
SD NEGERI SANGGENG,50201516,SD,Negeri,Kec. Pujut,230202,Kab. Lombok Tengah,230200,Prov. Nusa Tenggara Barat,230000,9,1,56,6,6,0,1,12,03 Apr 2026 14:15:04,2A95EA7287741BA1723E
SD NEGERI Sangi,50201517,SD,Negeri,Kec. Pujut,230202,Kab. Lombok Tengah,230200,Prov. Nusa Tenggara Barat,230000,10,2,81,6,6,0,1,10,14 Feb 2026 19:18:40,E735B4B43A0AF666F7BA
SD NEGERI SEKEMBANG,50201528,SD,Negeri,Kec. Pujut,230202,Kab. Lombok Tengah,230200,Prov. Nusa Tenggara Barat,230000,8,2,164,6,6,0,0,15,23 Apr 2026 09:01:45,1DABB7C29A1D921EB6BD
SD NEGERI SELAWANG,50201525,SD,Negeri,Kec. Pujut,230202,Kab. Lombok Tengah,230200,Prov. Nusa Tenggara Barat,230000,9,1,193,7,7,0,1,18,14 Apr 2026 06:40:51,A7510D956E13DE0F30E5
SD NEGERI SEMPALAN,50201519,SD,Negeri,Kec. Pujut,230202,Kab. Lombok Tengah,230200,Prov. Nusa Tenggara Barat,230000,8,0,113,6,6,0,1,8,13 Apr 2026 08:45:01,487DA3B456DE52AEB09C
SD NEGERI SEMUNDAL,50201365,SD,Negeri,Kec. Pujut,230202,Kab. Lombok Tengah,230200,Prov. Nusa Tenggara Barat,230000,10,1,171,7,6,0,1,40,02 May 2026 17:14:18,7614EAB21A47E7A53064
SD NEGERI SERENANG,50201343,SD,Negeri,Kec. Pujut,230202,Kab. Lombok Tengah,230200,Prov. Nusa Tenggara Barat,230000,11,2,220,8,6,0,1,18,14 Apr 2026 08:33:45,F717973DF34CFB0CC383
SD NEGERI SERENENG,50201342,SD,Negeri,Kec. Pujut,230202,Kab. Lombok Tengah,230200,Prov. Nusa Tenggara Barat,230000,11,2,133,6,6,0,1,23,29 Apr 2026 10:09:47,E9644D20D0A8E4A3D9EB
SD NEGERI SEWAR,50201336,SD,Negeri,Kec. Pujut,230202,Kab. Lombok Tengah,230200,Prov. Nusa Tenggara Barat,230000,10,1,102,6,5,1,1,14,11 Apr 2026 10:14:02,25C3BB7B71747B1C7F42
SD NEGERI TAMPING,50201351,SD,Negeri,Kec. Pujut,230202,Kab. Lombok Tengah,230200,Prov. Nusa Tenggara Barat,230000,12,0,115,6,5,0,0,23,17 Apr 2026 15:09:55,823794B372EE287D208B
SD NEGERI TANSANG-ANSANG,50201308,SD,Negeri,Kec. Pujut,230202,Kab. Lombok Tengah,230200,Prov. Nusa Tenggara Barat,230000,10,1,147,6,6,0,1,36,09 Mar 2026 12:01:04,DAE0EF98DA445C045128
SD NEGERI TELUK BULAN,50201305,SD,Negeri,Kec. Pujut,230202,Kab. Lombok Tengah,230200,Prov. Nusa Tenggara Barat,230000,10,2,152,7,10,1,0,9,23 Apr 2026 22:01:31,C6CFCE0719269ED4DE54
SD NEGERI TEMPIT,50201304,SD,Negeri,Kec. Pujut,230202,Kab. Lombok Tengah,230200,Prov. Nusa Tenggara Barat,230000,11,1,124,7,6,0,1,17,30 Apr 2026 08:03:59,29A78373DEED3EFE1D03
SD NEGERI TOLOT-TOLOT,50201313,SD,Negeri,Kec. Pujut,230202,Kab. Lombok Tengah,230200,Prov. Nusa Tenggara Barat,230000,11,1,116,6,7,0,1,20,30 Apr 2026 15:00:07,1F77A6106E9DE1F31E44
SD NEGERI TONJER,50201315,SD,Negeri,Kec. Pujut,230202,Kab. Lombok Tengah,230200,Prov. Nusa Tenggara Barat,230000,9,2,141,7,6,0,0,24,05 Mar 2026 15:13:23,46E3AF01DF6F453ABD02
SD NEGERI TUBAN,50201328,SD,Negeri,Kec. Pujut,230202,Kab. Lombok Tengah,230200,Prov. Nusa Tenggara Barat,230000,10,1,120,6,6,1,1,6,11 Apr 2026 07:24:34,1145C3D71B4B0F3B27C4
SD NEGERI TUMPAK,50201326,SD,Negeri,Kec. Pujut,230202,Kab. Lombok Tengah,230200,Prov. Nusa Tenggara Barat,230000,9,1,170,8,6,0,1,11,11 Apr 2026 09:34:17,035D338C7369D950E94A
SD NEGERI WARENG,50201322,SD,Negeri,Kec. Pujut,230202,Kab. Lombok Tengah,230200,Prov. Nusa Tenggara Barat,230000,8,2,125,6,7,0,0,32,02 May 2026 09:52:02,56B3A5C74CB595A9AA34
SDN 2 KUTA,50201094,SD,Negeri,Kec. Pujut,230202,Kab. Lombok Tengah,230200,Prov. Nusa Tenggara Barat,230000,16,1,289,12,11,0,1,17,29 Apr 2026 11:28:32,F74F1DA1181FA98BD63F
SDN Montong Gerantung,69894290,SD,Negeri,Kec. Pujut,230202,Kab. Lombok Tengah,230200,Prov. Nusa Tenggara Barat,230000,10,2,138,7,5,0,1,14,09 Mar 2026 09:11:02,0B6544BA6BF3164B1365
SD ISLAM AL-MAARIF NU KERAMAT,69982631,SD,Swasta,Kec. Pujut,230202,Kab. Lombok Tengah,230200,Prov. Nusa Tenggara Barat,230000,7,1,75,6,3,0,0,8,20 Apr 2026 19:34:35,885421AEC643FC56AE3F
SD MANDALIKA INTERCULTURAL,70002714,SD,Swasta,Kec. Pujut,230202,Kab. Lombok Tengah,230200,Prov. Nusa Tenggara Barat,230000,1,2,22,6,5,1,1,4,04 Feb 2026 16:42:10,693DA02C73DF326DF739
SD NURUL IJTIHAD,69733964,SD,Swasta,Kec. Pujut,230202,Kab. Lombok Tengah,230200,Prov. Nusa Tenggara Barat,230000,10,1,48,6,6,0,0,32,14 Apr 2026 21:28:56,A6B2C3C2C7F6ADAF2981
SD PLUS MANDALIKA,69975256,SD,Swasta,Kec. Pujut,230202,Kab. Lombok Tengah,230200,Prov. Nusa Tenggara Barat,230000,9,3,114,6,6,0,0,32,29 Apr 2026 08:39:24,AC45DD96B4ED8431BBDF
SDIT DARUL AKBAR,70001342,SD,Swasta,Kec. Pujut,230202,Kab. Lombok Tengah,230200,Prov. Nusa Tenggara Barat,230000,6,1,38,5,6,0,1,10,01 Feb 2026 22:34:46,7A749D8431A30766E439
SMP NEGERI 1 PUJUT,50201408,SMP,Negeri,Kec. Pujut,230202,Kab. Lombok Tengah,230200,Prov. Nusa Tenggara Barat,230000,31,4,571,19,26,5,1,31,25 Apr 2026 09:17:05,B5385E4365ABC6DA120E
SMP NEGERI 11 PUJUT,69812065,SMP,Negeri,Kec. Pujut,230202,Kab. Lombok Tengah,230200,Prov. Nusa Tenggara Barat,230000,15,5,37,3,6,1,1,13,30 Apr 2026 07:05:07,F1637667F26F4F74C0C6
SMP NEGERI 12 Satu Atap Pujut,69786355,SMP,Negeri,Kec. Pujut,230202,Kab. Lombok Tengah,230200,Prov. Nusa Tenggara Barat,230000,8,1,20,3,2,1,1,25,06 Apr 2026 20:32:06,B0CCBC54F7A3CCE2DF97
SMP NEGERI 13 Satu Atap Pujut,69759254,SMP,Negeri,Kec. Pujut,230202,Kab. Lombok Tengah,230200,Prov. Nusa Tenggara Barat,230000,11,2,43,3,3,0,1,7,02 May 2026 10:08:48,33676871D97B64D21606
SMP NEGERI 15 PUJUT,69896877,SMP,Negeri,Kec. Pujut,230202,Kab. Lombok Tengah,230200,Prov. Nusa Tenggara Barat,230000,16,3,43,3,5,1,1,15,27 Apr 2026 11:34:29,799AD8BC41F58B9F875D
SMP NEGERI 2 PUJUT,50201430,SMP,Negeri,Kec. Pujut,230202,Kab. Lombok Tengah,230200,Prov. Nusa Tenggara Barat,230000,31,7,307,11,15,2,1,27,15 Apr 2026 07:00:10,F93CB13A18DDBFF262E0
SMP NEGERI 3 PUJUT,50201419,SMP,Negeri,Kec. Pujut,230202,Kab. Lombok Tengah,230200,Prov. Nusa Tenggara Barat,230000,47,10,485,18,20,2,1,47,25 Apr 2026 09:47:58,C0F31931FEF6AB1A64CC
SMP NEGERI 4 PUJUT,50205174,SMP,Negeri,Kec. Pujut,230202,Kab. Lombok Tengah,230200,Prov. Nusa Tenggara Barat,230000,14,6,104,6,11,1,1,11,10 Apr 2026 09:05:32,82313D7C7F5BB3604ADE
SMP NEGERI 5 PUJUT,50201374,SMP,Negeri,Kec. Pujut,230202,Kab. Lombok Tengah,230200,Prov. Nusa Tenggara Barat,230000,24,5,271,11,15,2,1,67,02 May 2026 17:06:05,FA7426C43DBA919D25DA
SMP NEGERI 6 PUJUT,50201373,SMP,Negeri,Kec. Pujut,230202,Kab. Lombok Tengah,230200,Prov. Nusa Tenggara Barat,230000,12,2,71,3,7,1,1,1,27 Apr 2026 09:38:50,506513A7E87B076A10BC
SMP NEGERI 7 PUJUT,50205177,SMP,Negeri,Kec. Pujut,230202,Kab. Lombok Tengah,230200,Prov. Nusa Tenggara Barat,230000,29,7,313,11,13,2,2,16,11 Apr 2026 00:05:33,9E88B35B4E799B8C307F
SMP NEGERI 8 PUJUT,50205178,SMP,Negeri,Kec. Pujut,230202,Kab. Lombok Tengah,230200,Prov. Nusa Tenggara Barat,230000,22,9,152,6,11,2,2,31,01 May 2026 18:12:32,E3502543096B17FDCBC9
SMP NEGERI 9 SATU ATAP PUJUT,50205172,SMP,Negeri,Kec. Pujut,230202,Kab. Lombok Tengah,230200,Prov. Nusa Tenggara Barat,230000,12,5,86,4,4,1,1,14,24 Apr 2026 22:41:20,35AAE603F32109CAAEBF
SMP NEGERI Satu Atap Bangkang,69761727,SMP,Negeri,Kec. Pujut,230202,Kab. Lombok Tengah,230200,Prov. Nusa Tenggara Barat,230000,8,1,78,3,4,1,1,19,21 Apr 2026 08:55:55,2DB36C05D02F374D2641
SMPN 10 PUJUT,50220463,SMP,Negeri,Kec. Pujut,230202,Kab. Lombok Tengah,230200,Prov. Nusa Tenggara Barat,230000,12,3,107,5,5,1,1,14,08 Apr 2026 05:31:29,881BD647E231694AEFB0
SMP Islam Al MA rif Keramat,60729233,SMP,Swasta,Kec. Pujut,230202,Kab. Lombok Tengah,230200,Prov. Nusa Tenggara Barat,230000,12,1,50,3,2,1,1,16,28 Apr 2026 03:36:19,8630B0BFCD80C70B43DE
SMP ISLAM AL MAARIF,69900034,SMP,Swasta,Kec. Pujut,230202,Kab. Lombok Tengah,230200,Prov. Nusa Tenggara Barat,230000,4,2,1,1,3,1,1,1,06 Mar 2026 19:26:19,DF332225B723352EB3E8
SMP ISLAM AL-MAARIF ULUMUDDIN,70054423,SMP,Swasta,Kec. Pujut,230202,Kab. Lombok Tengah,230200,Prov. Nusa Tenggara Barat,230000,4,1,8,1,2,0,0,5,30 Apr 2026 08:31:03,34F1C6F96A5CA0EF70AD
SMP ISLAM AN-NURU ALAN NURI,70009394,SMP,Swasta,Kec. Pujut,230202,Kab. Lombok Tengah,230200,Prov. Nusa Tenggara Barat,230000,9,1,94,4,6,0,0,18,28 Apr 2026 09:52:30,C77FAF5FE6898BEE1850
SMP IT Bahrul Ulum NW,69786944,SMP,Swasta,Kec. Pujut,230202,Kab. Lombok Tengah,230200,Prov. Nusa Tenggara Barat,230000,0,0,0,0,0,0,0,0,,2DDB0D8AF0C7EC1D7792
SMP IT DARUL ISTIQOMAH NW,70050036,SMP,Swasta,Kec. Pujut,230202,Kab. Lombok Tengah,230200,Prov. Nusa Tenggara Barat,230000,14,1,113,4,6,0,0,36,30 Apr 2026 13:33:54,665794B4A2B08F877FE8
SMP PLUS DARUL ABROR NW,50205188,SMP,Swasta,Kec. Pujut,230202,Kab. Lombok Tengah,230200,Prov. Nusa Tenggara Barat,230000,8,0,20,3,3,2,1,6,25 Apr 2026 18:59:06,5E0AEACA05BE670301F0
SMP Rinjani Sangi,69787720,SMP,Swasta,Kec. Pujut,230202,Kab. Lombok Tengah,230200,Prov. Nusa Tenggara Barat,230000,15,1,42,3,3,0,0,30,27 Apr 2026 22:01:50,F3FD6D82BE0ADF3A8E1C
SMPS ALMA`ARIF NU SEANG,50222376,SMP,Swasta,Kec. Pujut,230202,Kab. Lombok Tengah,230200,Prov. Nusa Tenggara Barat,230000,5,1,22,3,1,0,1,13,19 Apr 2026 00:23:11,E040067909E5AA952D8A
SMPS ISLAM ALMA`ARIF AL IJTIHAD TUMPAK,50222380,SMP,Swasta,Kec. Pujut,230202,Kab. Lombok Tengah,230200,Prov. Nusa Tenggara Barat,230000,12,1,16,3,3,0,1,5,23 Apr 2026 05:06:58,86E140F29F1486AE7DC4
SMPS ISLAM NURUL WATHAN,69786360,SMP,Swasta,Kec. Pujut,230202,Kab. Lombok Tengah,230200,Prov. Nusa Tenggara Barat,230000,7,1,52,3,3,1,1,19,22 Apr 2026 08:31:21,03A531B7CB5707B16D9B
SMAN 1 PUJUT,50201385,SMA,Negeri,Kec. Pujut,230202,Kab. Lombok Tengah,230200,Prov. Nusa Tenggara Barat,230000,34,7,365,12,20,5,1,177,27 Apr 2026 15:55:52,2C64B754F63D56AA4127
SMAN 2 PUJUT,50201366,SMA,Negeri,Kec. Pujut,230202,Kab. Lombok Tengah,230200,Prov. Nusa Tenggara Barat,230000,47,10,692,20,16,4,1,44,29 Apr 2026 10:47:04,1DED89CD3EE0FC9872F4
SMA ISLAM AN NURU ALAN NURI,70043850,SMA,Swasta,Kec. Pujut,230202,Kab. Lombok Tengah,230200,Prov. Nusa Tenggara Barat,230000,7,0,53,3,1,0,0,45,29 Apr 2026 20:40:02,770400B8EB2BBAFF253C
SMAS AL MA ARIF SINAH PENGEMBUR,50205207,SMA,Swasta,Kec. Pujut,230202,Kab. Lombok Tengah,230200,Prov. Nusa Tenggara Barat,230000,11,1,127,5,5,0,0,11,27 Apr 2026 07:53:59,CBE3AA175AF2C8EADA59
SMAS AL MASYHUDIEN NW KAWO,50220503,SMA,Swasta,Kec. Pujut,230202,Kab. Lombok Tengah,230200,Prov. Nusa Tenggara Barat,230000,2,0,0,0,0,0,0,0,,F3399D0A62D5D5021569
SMAS NURUL IMAN NW ATTAMMIMI PENGEMBUR,50220641,SMA,Swasta,Kec. Pujut,230202,Kab. Lombok Tengah,230200,Prov. Nusa Tenggara Barat,230000,13,1,126,4,1,1,1,19,28 Apr 2026 08:34:27,34A18AE61C475F7750B2
SMK NEGERI 2 PUJUT,69981387,SMK,Negeri,Kec. Pujut,230202,Kab. Lombok Tengah,230200,Prov. Nusa Tenggara Barat,230000,14,5,91,5,6,2,1,19,11 Apr 2026 08:11:53,0CB270C2D27810717396
SMK NEGERI 3 PUJUT,69990904,SMK,Negeri,Kec. Pujut,230202,Kab. Lombok Tengah,230200,Prov. Nusa Tenggara Barat,230000,35,9,165,11,9,3,1,80,29 Apr 2026 13:30:48,878504E96C5A5C4EEACE
SMKN 1 PUJUT,50201369,SMK,Negeri,Kec. Pujut,230202,Kab. Lombok Tengah,230200,Prov. Nusa Tenggara Barat,230000,61,12,951,30,19,4,1,41,24 Apr 2026 08:08:26,47D45FFA73F8463F9CCD
SMK BIRRUL WALIDAIN NW PENGENGAT,69888393,SMK,Swasta,Kec. Pujut,230202,Kab. Lombok Tengah,230200,Prov. Nusa Tenggara Barat,230000,13,1,86,3,3,1,1,26,29 Apr 2026 07:51:44,939ED0AF5778E9E07A50
SMK IT NW PUJUT,69974373,SMK,Swasta,Kec. Pujut,230202,Kab. Lombok Tengah,230200,Prov. Nusa Tenggara Barat,230000,3,1,0,0,0,0,0,0,,FB10D24592CA93141FC9
SMKS DARUL ABROR NW KUTE,50219773,SMK,Swasta,Kec. Pujut,230202,Kab. Lombok Tengah,230200,Prov. Nusa Tenggara Barat,230000,15,2,35,3,5,5,1,13,22 Apr 2026 21:16:17,206CFC0FCD4E103314B2
SMKS DARUL AMANI JELATENG,50220299,SMK,Swasta,Kec. Pujut,230202,Kab. Lombok Tengah,230200,Prov. Nusa Tenggara Barat,230000,9,1,176,6,5,2,1,29,20 Apr 2026 20:15:53,6F7A1129375A53742372
SMKS KUTA,50222356,SMK,Swasta,Kec. Pujut,230202,Kab. Lombok Tengah,230200,Prov. Nusa Tenggara Barat,230000,0,0,0,0,0,0,0,0,,218EEEA195828E1537A3
SD N MONTONG BAGEK,50201446,SD,Negeri,Kec. Janapria,230204,Kab. Lombok Tengah,230200,Prov. Nusa Tenggara Barat,230000,8,0,169,6,5,0,1,7,04 Feb 2026 04:46:20,D083307D43147607E16C
SD N SENGKEREK,50201347,SD,Negeri,Kec. Janapria,230204,Kab. Lombok Tengah,230200,Prov. Nusa Tenggara Barat,230000,14,1,157,6,5,0,1,15,09 Apr 2026 10:44:36,FCD8308083EDF145D59D
SD NEGERI 1 BAKAN,50201892,SD,Negeri,Kec. Janapria,230204,Kab. Lombok Tengah,230200,Prov. Nusa Tenggara Barat,230000,8,1,155,6,6,0,1,24,27 Apr 2026 21:48:08,1BE89AE98E84E0BD3F42
SD NEGERI 1 JANAPRIA,50201855,SD,Negeri,Kec. Janapria,230204,Kab. Lombok Tengah,230200,Prov. Nusa Tenggara Barat,230000,8,1,72,6,6,0,1,19,29 Apr 2026 07:14:17,360C906E862A7836D909
SD NEGERI 1 JEMBE,50201869,SD,Negeri,Kec. Janapria,230204,Kab. Lombok Tengah,230200,Prov. Nusa Tenggara Barat,230000,13,1,148,8,6,0,1,44,01 May 2026 03:33:38,32904ACBADB48909F96D
SD NEGERI 1 KEREMBONG,50201864,SD,Negeri,Kec. Janapria,230204,Kab. Lombok Tengah,230200,Prov. Nusa Tenggara Barat,230000,9,1,104,6,6,0,1,12,07 Apr 2026 01:57:24,8430E7D894E9B8C45E93
SD NEGERI 1 LANGKO,50201858,SD,Negeri,Kec. Janapria,230204,Kab. Lombok Tengah,230200,Prov. Nusa Tenggara Barat,230000,10,0,158,6,6,0,0,8,16 Jan 2026 18:13:16,77BB8DEEBBD4B35C5A94
SD NEGERI 1 LEKOR,50201857,SD,Negeri,Kec. Janapria,230204,Kab. Lombok Tengah,230200,Prov. Nusa Tenggara Barat,230000,13,1,198,9,8,0,1,8,13 Apr 2026 09:02:43,5EE45B19776576A1A76E
SD NEGERI 1 PENDEM,50201941,SD,Negeri,Kec. Janapria,230204,Kab. Lombok Tengah,230200,Prov. Nusa Tenggara Barat,230000,10,3,195,7,6,0,1,10,28 Apr 2026 08:30:51,CD515FC86D6DD63A3DC3
SD NEGERI 1 SELEBUNG,50201961,SD,Negeri,Kec. Janapria,230204,Kab. Lombok Tengah,230200,Prov. Nusa Tenggara Barat,230000,9,1,136,6,5,0,1,16,23 Apr 2026 15:09:45,07BE6782010755B3864F
SD NEGERI 2 BAKAN,50201909,SD,Negeri,Kec. Janapria,230204,Kab. Lombok Tengah,230200,Prov. Nusa Tenggara Barat,230000,8,2,171,6,6,0,1,11,14 Apr 2026 08:00:39,48BE1E3350DC8058606C
SD NEGERI 2 BERANGAH,50201142,SD,Negeri,Kec. Janapria,230204,Kab. Lombok Tengah,230200,Prov. Nusa Tenggara Barat,230000,8,1,86,6,6,0,1,17,29 Apr 2026 22:11:42,EB6CF88C2A84EA5DE55A
SD NEGERI 2 JANAPRIA,50201926,SD,Negeri,Kec. Janapria,230204,Kab. Lombok Tengah,230200,Prov. Nusa Tenggara Barat,230000,19,1,303,12,8,0,0,24,02 Apr 2026 19:40:36,7FD1F3FB830BDEEA99D1
SD NEGERI 2 JEMBE,50201569,SD,Negeri,Kec. Janapria,230204,Kab. Lombok Tengah,230200,Prov. Nusa Tenggara Barat,230000,11,1,76,6,4,0,1,13,24 Apr 2026 08:57:31,DE0532C0EED5BCB78425
SD NEGERI 2 KEREMBONG,50201098,SD,Negeri,Kec. Janapria,230204,Kab. Lombok Tengah,230200,Prov. Nusa Tenggara Barat,230000,11,0,225,9,6,0,1,29,13 Apr 2026 09:07:44,50EA77015D1C04FF46C3
SD NEGERI 2 Langko,50201092,SD,Negeri,Kec. Janapria,230204,Kab. Lombok Tengah,230200,Prov. Nusa Tenggara Barat,230000,11,2,213,9,6,0,1,20,27 Apr 2026 08:53:13,D763E0824C63D3DE06AE
SD NEGERI 2 Lekor,50201091,SD,Negeri,Kec. Janapria,230204,Kab. Lombok Tengah,230200,Prov. Nusa Tenggara Barat,230000,10,2,127,6,6,0,1,24,02 May 2026 09:06:05,44FFBB2F0367F28BCBFF
SD NEGERI 2 PENDEM,50201108,SD,Negeri,Kec. Janapria,230204,Kab. Lombok Tengah,230200,Prov. Nusa Tenggara Barat,230000,9,1,108,6,6,0,1,15,30 Apr 2026 10:14:20,4D3FC60F74E3FADC95BD
SD NEGERI 2 SELEBUNG,50201058,SD,Negeri,Kec. Janapria,230204,Kab. Lombok Tengah,230200,Prov. Nusa Tenggara Barat,230000,9,2,150,7,7,0,1,24,25 Apr 2026 15:58:27,27A89F025C4B0A377306
SD NEGERI Ambat,50201160,SD,Negeri,Kec. Janapria,230204,Kab. Lombok Tengah,230200,Prov. Nusa Tenggara Barat,230000,10,1,185,9,7,0,1,17,24 Apr 2026 08:17:18,28C05BD60B1F76CECB1A
SD NEGERI BANGKA,50201152,SD,Negeri,Kec. Janapria,230204,Kab. Lombok Tengah,230200,Prov. Nusa Tenggara Barat,230000,8,1,86,6,6,0,0,21,22 Apr 2026 10:24:36,A85E18D467BFFFB0ACF1
SD NEGERI BATU KEMBAR,50200962,SD,Negeri,Kec. Janapria,230204,Kab. Lombok Tengah,230200,Prov. Nusa Tenggara Barat,230000,9,0,73,6,6,0,0,21,02 Apr 2026 08:56:37,8DB049B958D2BFFC7C11
SD NEGERI BERANI,50200977,SD,Negeri,Kec. Janapria,230204,Kab. Lombok Tengah,230200,Prov. Nusa Tenggara Barat,230000,9,2,120,6,6,0,1,16,10 Apr 2026 04:18:52,D02F50A734502AA407B8
SD NEGERI BILE PENANGGAK,50200974,SD,Negeri,Kec. Janapria,230204,Kab. Lombok Tengah,230200,Prov. Nusa Tenggara Barat,230000,9,1,172,7,5,0,1,34,24 Apr 2026 06:32:07,ACE22AA0CD9CFCAF5D28
SD NEGERI DASAN TERES,50205132,SD,Negeri,Kec. Janapria,230204,Kab. Lombok Tengah,230200,Prov. Nusa Tenggara Barat,230000,10,2,114,6,6,0,1,18,29 Apr 2026 07:48:52,D2421D96889B9263767C
SD NEGERI DURIAN,50200951,SD,Negeri,Kec. Janapria,230204,Kab. Lombok Tengah,230200,Prov. Nusa Tenggara Barat,230000,15,1,238,11,11,1,2,17,01 May 2026 20:00:54,4AAB581A648901DDBE34
SD NEGERI JANGGAWANA,50201028,SD,Negeri,Kec. Janapria,230204,Kab. Lombok Tengah,230200,Prov. Nusa Tenggara Barat,230000,11,1,213,7,7,0,1,19,20 Apr 2026 14:23:09,3160DC8354B360FD59FB
SD NEGERI JANGKA,50201042,SD,Negeri,Kec. Janapria,230204,Kab. Lombok Tengah,230200,Prov. Nusa Tenggara Barat,230000,9,1,148,6,6,0,1,12,06 Apr 2026 06:59:58,43513390E0A257055488
SD NEGERI JANGO,50205133,SD,Negeri,Kec. Janapria,230204,Kab. Lombok Tengah,230200,Prov. Nusa Tenggara Barat,230000,12,0,212,10,6,0,1,21,04 Mar 2026 07:54:40,E99F0A46D579969765B9
SD NEGERI JURING,50201001,SD,Negeri,Kec. Janapria,230204,Kab. Lombok Tengah,230200,Prov. Nusa Tenggara Barat,230000,9,1,133,6,6,0,1,12,20 Jan 2026 07:38:43,4FA5E85056E0930841C6
SD NEGERI KEBON SANGKOR,50200991,SD,Negeri,Kec. Janapria,230204,Kab. Lombok Tengah,230200,Prov. Nusa Tenggara Barat,230000,9,1,174,7,6,0,0,32,29 Apr 2026 11:57:59,2D697F2DFC92845DEE26
SD NEGERI KEMIRI,50201019,SD,Negeri,Kec. Janapria,230204,Kab. Lombok Tengah,230200,Prov. Nusa Tenggara Barat,230000,16,2,200,10,7,0,1,1,27 Apr 2026 09:37:22,77142B441CFC69C2FD23
SD NEGERI KENYALU,50201016,SD,Negeri,Kec. Janapria,230204,Kab. Lombok Tengah,230200,Prov. Nusa Tenggara Barat,230000,9,2,108,6,6,0,1,22,27 Apr 2026 08:55:14,E5580DC4375067AA0539
SD NEGERI LINGKOK BUNUT,50201472,SD,Negeri,Kec. Janapria,230204,Kab. Lombok Tengah,230200,Prov. Nusa Tenggara Barat,230000,11,1,185,9,7,0,1,21,04 Mar 2026 08:26:03,BA7F79FB7CD488E720A1
SD NEGERI LINGKUK BUAK,50201470,SD,Negeri,Kec. Janapria,230204,Kab. Lombok Tengah,230200,Prov. Nusa Tenggara Barat,230000,9,1,79,6,6,0,1,9,12 Feb 2026 21:59:47,53E8FEB077A4103EDF97
SD NEGERI LIWUNG,50201483,SD,Negeri,Kec. Janapria,230204,Kab. Lombok Tengah,230200,Prov. Nusa Tenggara Barat,230000,17,3,260,12,12,0,1,10,30 Jan 2026 01:40:13,48FB07C3FEB34D36A34A
SD NEGERI LOANG MAKA,50201484,SD,Negeri,Kec. Janapria,230204,Kab. Lombok Tengah,230200,Prov. Nusa Tenggara Barat,230000,11,1,171,7,6,0,1,23,22 Apr 2026 09:27:53,56D55FD3EEA45CBE6FE3
SD NEGERI MENYIUH,50201490,SD,Negeri,Kec. Janapria,230204,Kab. Lombok Tengah,230200,Prov. Nusa Tenggara Barat,230000,8,1,72,6,6,1,1,13,23 Apr 2026 09:39:49,A260621EA9F1AB0E9426
SD NEGERI MONTONG TANGIS,50201439,SD,Negeri,Kec. Janapria,230204,Kab. Lombok Tengah,230200,Prov. Nusa Tenggara Barat,230000,9,2,67,6,6,0,1,13,24 Apr 2026 06:47:09,0628B0197A0EA363A5A2
SD NEGERI NUNANG,50201451,SD,Negeri,Kec. Janapria,230204,Kab. Lombok Tengah,230200,Prov. Nusa Tenggara Barat,230000,8,0,104,6,6,0,1,19,29 Apr 2026 19:36:04,BE3C0639A3C371212B39
SD NEGERI PEMANTEK,50201455,SD,Negeri,Kec. Janapria,230204,Kab. Lombok Tengah,230200,Prov. Nusa Tenggara Barat,230000,10,1,160,6,6,0,1,25,30 Apr 2026 09:41:26,7C5C67834B884D62F3FD
SD NEGERI PENAMBONG,50201547,SD,Negeri,Kec. Janapria,230204,Kab. Lombok Tengah,230200,Prov. Nusa Tenggara Barat,230000,9,1,107,6,6,0,1,9,17 Apr 2026 10:19:02,B0CD6EF1EE7664D9BCE7
SD NEGERI PENANDAK,50201546,SD,Negeri,Kec. Janapria,230204,Kab. Lombok Tengah,230200,Prov. Nusa Tenggara Barat,230000,9,2,155,7,7,0,1,15,17 Apr 2026 07:38:06,5E9F47DF32C054489B1A
SD NEGERI PERIGI,50201549,SD,Negeri,Kec. Janapria,230204,Kab. Lombok Tengah,230200,Prov. Nusa Tenggara Barat,230000,8,1,68,6,6,0,1,34,16 Apr 2026 19:38:14,205B0544BD32A41426A2
SD NEGERI PRAKO,50201561,SD,Negeri,Kec. Janapria,230204,Kab. Lombok Tengah,230200,Prov. Nusa Tenggara Barat,230000,8,0,124,6,6,0,1,14,22 Apr 2026 09:35:16,29ABB034C7105B746C01
SD NEGERI SADAH,50201506,SD,Negeri,Kec. Janapria,230204,Kab. Lombok Tengah,230200,Prov. Nusa Tenggara Barat,230000,12,2,209,9,6,0,1,23,13 Apr 2026 07:33:17,CDD2B13E9E4EE41E500F
SD NEGERI SONDO,50201919,SD,Negeri,Kec. Janapria,230204,Kab. Lombok Tengah,230200,Prov. Nusa Tenggara Barat,230000,8,2,88,6,4,0,1,14,15 Apr 2026 07:39:16,EF00C122308166CF97AB
SD NEGERI STUTA,50201364,SD,Negeri,Kec. Janapria,230204,Kab. Lombok Tengah,230200,Prov. Nusa Tenggara Barat,230000,8,0,153,6,6,0,1,17,10 Apr 2026 15:03:43,09D7A49FB1ED033395B2
SD NEGERI TAKEN AKEN,50201356,SD,Negeri,Kec. Janapria,230204,Kab. Lombok Tengah,230200,Prov. Nusa Tenggara Barat,230000,9,2,82,6,6,0,1,38,29 Apr 2026 07:17:44,19A17C648A20DF06B479
SD NEGERI TIBU SISOK,50201302,SD,Negeri,Kec. Janapria,230204,Kab. Lombok Tengah,230200,Prov. Nusa Tenggara Barat,230000,11,1,173,9,6,0,0,69,18 Apr 2026 08:09:36,0C40BBF2508E311262D3
SD ALAM BUSTANUL ARIFIN,70003988,SD,Swasta,Kec. Janapria,230204,Kab. Lombok Tengah,230200,Prov. Nusa Tenggara Barat,230000,12,1,144,7,4,0,0,22,07 Mar 2026 04:00:18,B0F6DD62B593B3E93A13
SD ISLAM IHSAN AL-BAITY,70029516,SD,Swasta,Kec. Janapria,230204,Kab. Lombok Tengah,230200,Prov. Nusa Tenggara Barat,230000,6,1,86,4,1,0,0,11,29 Apr 2026 10:47:25,D95974349A796E660D8E
SD ISLAM TERPADU SEMUDANE AL-FAZRI,70030248,SD,Swasta,Kec. Janapria,230204,Kab. Lombok Tengah,230200,Prov. Nusa Tenggara Barat,230000,8,1,44,6,6,0,0,21,03 Apr 2026 17:46:45,646770BBCCC3C014360C
SD IT AR-RODHYIEN,70057373,SD,Swasta,Kec. Janapria,230204,Kab. Lombok Tengah,230200,Prov. Nusa Tenggara Barat,230000,4,1,17,2,2,0,0,10,11 Apr 2026 23:04:19,2A9950806D8A0A638330
SDIT AL-MAHDIYAH,70024061,SD,Swasta,Kec. Janapria,230204,Kab. Lombok Tengah,230200,Prov. Nusa Tenggara Barat,230000,12,2,87,5,5,0,0,55,16 Apr 2026 09:45:14,A478D1E414AE72F7A0C4
SMP NEGERI 1 JANAPRIA,50201198,SMP,Negeri,Kec. Janapria,230204,Kab. Lombok Tengah,230200,Prov. Nusa Tenggara Barat,230000,31,5,434,15,19,2,1,28,28 Apr 2026 18:22:51,976F6439A9E7FDC92040
SMP NEGERI 2 JANAPRIA,50201405,SMP,Negeri,Kec. Janapria,230204,Kab. Lombok Tengah,230200,Prov. Nusa Tenggara Barat,230000,16,4,124,6,11,3,1,25,02 May 2026 14:40:05,ED28ECDF60711B1450EA
SMP NEGERI 3 JANAPRIA,50201427,SMP,Negeri,Kec. Janapria,230204,Kab. Lombok Tengah,230200,Prov. Nusa Tenggara Barat,230000,15,4,144,6,9,2,1,26,14 Apr 2026 07:16:48,54CBC10A21909784C1FB
SMP NEGERI 4 JANAPRIA,50201399,SMP,Negeri,Kec. Janapria,230204,Kab. Lombok Tengah,230200,Prov. Nusa Tenggara Barat,230000,18,2,231,8,7,2,1,13,25 Apr 2026 09:03:45,3873B32BF76DBF812172
SMP NEGERI 5 JANAPRIA,50220287,SMP,Negeri,Kec. Janapria,230204,Kab. Lombok Tengah,230200,Prov. Nusa Tenggara Barat,230000,13,2,59,3,7,4,1,23,09 Apr 2026 10:31:34,B501E254E5781E5EA184
SMPN 6 JANAPRIA,69946504,SMP,Negeri,Kec. Janapria,230204,Kab. Lombok Tengah,230200,Prov. Nusa Tenggara Barat,230000,14,4,65,3,3,0,1,31,29 Apr 2026 08:38:05,DB1987FD0A981DCDE770
SMP Al Muslimin NW Piling,60729238,SMP,Swasta,Kec. Janapria,230204,Kab. Lombok Tengah,230200,Prov. Nusa Tenggara Barat,230000,8,1,28,3,3,0,1,17,29 Apr 2026 22:34:22,C74307AC18EA94789DAC
SMP AL-IJTIHAD RAODHATU THALIBIN,70030549,SMP,Swasta,Kec. Janapria,230204,Kab. Lombok Tengah,230200,Prov. Nusa Tenggara Barat,230000,10,1,34,3,3,0,0,67,23 Apr 2026 18:45:26,3139C24179F89ABE547F
SMP ISLAM AL-AZIZI,69958289,SMP,Swasta,Kec. Janapria,230204,Kab. Lombok Tengah,230200,Prov. Nusa Tenggara Barat,230000,8,1,69,3,3,0,0,25,30 Apr 2026 19:45:20,237CF24B99BC964C8EB1
SMP ISLAM AL-FAJRIYAH,70050356,SMP,Swasta,Kec. Janapria,230204,Kab. Lombok Tengah,230200,Prov. Nusa Tenggara Barat,230000,13,4,51,3,2,0,1,18,09 Apr 2026 13:52:48,E0CE8470C57D42338057
SMP ISLAM ARRODHIYIEN,50205180,SMP,Swasta,Kec. Janapria,230204,Kab. Lombok Tengah,230200,Prov. Nusa Tenggara Barat,230000,6,2,15,3,3,1,1,18,11 Apr 2026 21:16:56,93ACAF8DEDF97F0DD004
SMP ISLAM BINA INSANI LANGKO,69956320,SMP,Swasta,Kec. Janapria,230204,Kab. Lombok Tengah,230200,Prov. Nusa Tenggara Barat,230000,11,1,116,6,4,0,1,16,23 Apr 2026 21:31:42,7A72A90266BCA45E71A4
SMP ISLAM BUSTANUL WA’IZHIN NW JANGGAWANA,70052224,SMP,Swasta,Kec. Janapria,230204,Kab. Lombok Tengah,230200,Prov. Nusa Tenggara Barat,230000,9,1,25,3,3,0,0,42,05 Apr 2026 13:57:42,B48ED49089D8D78737F1
SMP ISLAM DARUL IJTIHAD NW JANGO,70014384,SMP,Swasta,Kec. Janapria,230204,Kab. Lombok Tengah,230200,Prov. Nusa Tenggara Barat,230000,7,2,20,3,3,1,1,16,09 Mar 2026 11:27:40,5154B7CB351BEF62DDF3
SMP ISLAM DARUL JAMAAH,69958322,SMP,Swasta,Kec. Janapria,230204,Kab. Lombok Tengah,230200,Prov. Nusa Tenggara Barat,230000,7,1,80,3,3,0,0,29,23 Apr 2026 09:14:08,D40441C6EBBB98098EE8
SMP IT AL-AZHAR NW,70001428,SMP,Swasta,Kec. Janapria,230204,Kab. Lombok Tengah,230200,Prov. Nusa Tenggara Barat,230000,7,2,15,3,3,0,0,7,02 May 2026 10:17:00,E0D23799D47D3B99D357
SMP NU BUSTANUL ARIFIN,70054011,SMP,Swasta,Kec. Janapria,230204,Kab. Lombok Tengah,230200,Prov. Nusa Tenggara Barat,230000,5,1,16,2,2,0,0,13,08 Apr 2026 22:10:11,6F82283978FAF4412922
SMPIT FARIS ABDUL MAJID,70035282,SMP,Swasta,Kec. Janapria,230204,Kab. Lombok Tengah,230200,Prov. Nusa Tenggara Barat,230000,9,2,88,3,6,1,1,15,30 Mar 2026 05:41:13,6FED9E49FABA1704DDD3
SMPS ISLAM MAIFTAHUL KHAIR NW,69755771,SMP,Swasta,Kec. Janapria,230204,Kab. Lombok Tengah,230200,Prov. Nusa Tenggara Barat,230000,23,1,36,3,3,2,1,78,30 Apr 2026 23:15:20,41CE2AE4D0997C7CF482
SMPS ISLAM TERPADU DARUL KAMILIN,69733973,SMP,Swasta,Kec. Janapria,230204,Kab. Lombok Tengah,230200,Prov. Nusa Tenggara Barat,230000,14,1,99,5,3,1,1,13,05 Mar 2026 15:15:13,4C14FCBDA9F5C21B9C21
SMAN 1 JANAPRIA,50201394,SMA,Negeri,Kec. Janapria,230204,Kab. Lombok Tengah,230200,Prov. Nusa Tenggara Barat,230000,51,15,911,26,25,2,1,29,30 Apr 2026 08:59:26,79F47EE72F7116EEAFF0
SMA Islam Sabilil Mubin,70061788,SMA,Swasta,Kec. Janapria,230204,Kab. Lombok Tengah,230200,Prov. Nusa Tenggara Barat,230000,0,0,0,0,0,0,0,0,,AEB648900160C10B51AD
SMA ISLAM WADI MUBAROK NW LAMBAH OLOT,70042431,SMA,Swasta,Kec. Janapria,230204,Kab. Lombok Tengah,230200,Prov. Nusa Tenggara Barat,230000,2,0,0,0,0,0,0,0,,F03006964FC7B68D0481
SMA PLUS YADAJA PENUNTUT,70011950,SMA,Swasta,Kec. Janapria,230204,Kab. Lombok Tengah,230200,Prov. Nusa Tenggara Barat,230000,11,1,61,3,3,0,0,40,23 Apr 2026 08:38:25,20860BA3390CC5ADFD8C
SMAS ISLAM BINA INSANI LANGKO,69755772,SMA,Swasta,Kec. Janapria,230204,Kab. Lombok Tengah,230200,Prov. Nusa Tenggara Barat,230000,17,2,152,6,3,1,1,13,23 Apr 2026 21:23:00,CBDF291F7DF4A9983BDB
SMAS Islam Terpadu Faris Abdul Majid,70054485,SMA,Swasta,Kec. Janapria,230204,Kab. Lombok Tengah,230200,Prov. Nusa Tenggara Barat,230000,8,1,16,1,1,1,1,21,15 Apr 2026 11:17:33,8052E34BFD939200BF3F
SMAS NW PENDEM,50205216,SMA,Swasta,Kec. Janapria,230204,Kab. Lombok Tengah,230200,Prov. Nusa Tenggara Barat,230000,10,1,64,3,3,2,1,42,20 Apr 2026 10:27:48,12E65B90A7A407DBE814
SMKN 1 JANAPRIA,50205218,SMK,Negeri,Kec. Janapria,230204,Kab. Lombok Tengah,230200,Prov. Nusa Tenggara Barat,230000,43,10,643,23,16,2,1,50,30 Apr 2026 07:49:32,D6BE4544A571BB4642BB
SMK NW JANAPRIA,69974078,SMK,Swasta,Kec. Janapria,230204,Kab. Lombok Tengah,230200,Prov. Nusa Tenggara Barat,230000,12,1,65,4,6,1,1,13,28 Apr 2026 14:50:02,AF82F11F01473B6D8B4D
SMK PILAR BANGSA,70031534,SMK,Swasta,Kec. Janapria,230204,Kab. Lombok Tengah,230200,Prov. Nusa Tenggara Barat,230000,12,1,50,3,3,1,1,28,04 Apr 2026 08:45:40,34AD6C95101B991FA998
SMKS DARUL KAMILIN BAKAN,50219598,SMK,Swasta,Kec. Janapria,230204,Kab. Lombok Tengah,230200,Prov. Nusa Tenggara Barat,230000,13,1,76,3,4,1,0,16,20 Apr 2026 05:35:21,C12560C803673EA419D8
SMKS ISLAM SIRAJUL HUDA PAOK DANDAK,69755779,SMK,Swasta,Kec. Janapria,230204,Kab. Lombok Tengah,230200,Prov. Nusa Tenggara Barat,230000,15,1,88,7,7,0,0,29,15 Apr 2026 08:07:38,20FCD80C900A55DD7538
SMKS ISLAM TERPADU SEMUDANE AL FAZRI LINGKOK BUNUT,69755777,SMK,Swasta,Kec. Janapria,230204,Kab. Lombok Tengah,230200,Prov. Nusa Tenggara Barat,230000,13,1,43,3,3,1,1,36,02 May 2026 16:06:20,77706A781C4EF7C6BB45
SMKS NURUL AZMI BATU BELEK,69755776,SMK,Swasta,Kec. Janapria,230204,Kab. Lombok Tengah,230200,Prov. Nusa Tenggara Barat,230000,9,1,14,3,3,0,0,23,29 Apr 2026 07:55:35,1A21119EB72E1FC99708
SD N 1 BATUBEDUK,50201871,SD,Negeri,Kec. Praya Barat,230201,Kab. Lombok Tengah,230200,Prov. Nusa Tenggara Barat,230000,9,1,108,6,6,0,1,22,25 Apr 2026 07:20:57,FA9B26BA9990238DFA5B
SD N 2 PENUJAK,50201087,SD,Negeri,Kec. Praya Barat,230201,Kab. Lombok Tengah,230200,Prov. Nusa Tenggara Barat,230000,13,3,227,11,7,0,1,21,30 Apr 2026 09:43:19,CB11801D81662E751F41
SD N 3 BATUJAI,50201074,SD,Negeri,Kec. Praya Barat,230201,Kab. Lombok Tengah,230200,Prov. Nusa Tenggara Barat,230000,10,0,120,6,6,0,1,6,06 Apr 2026 12:51:26,736527E6AD69017111B4
SD N JABON BARAT,50201044,SD,Negeri,Kec. Praya Barat,230201,Kab. Lombok Tengah,230200,Prov. Nusa Tenggara Barat,230000,7,0,105,6,5,0,0,18,29 Apr 2026 09:03:59,BA6D92F00DBC4931302E
SD NEGERI 1 BATUJAI,50201852,SD,Negeri,Kec. Praya Barat,230201,Kab. Lombok Tengah,230200,Prov. Nusa Tenggara Barat,230000,18,1,310,13,12,0,1,12,29 Apr 2026 16:11:26,AA5838AE613DF4C5E010
SD NEGERI 1 BOMBAS,50201847,SD,Negeri,Kec. Praya Barat,230201,Kab. Lombok Tengah,230200,Prov. Nusa Tenggara Barat,230000,11,1,84,6,5,0,1,35,15 Apr 2026 09:08:42,E35CEEA2100DC26FC7E5
SD NEGERI 1 JANGKIH JAWA,50201856,SD,Negeri,Kec. Praya Barat,230201,Kab. Lombok Tengah,230200,Prov. Nusa Tenggara Barat,230000,8,1,126,6,6,0,1,16,22 Apr 2026 19:59:53,E80A9F65C44FDC1ECDDF
SD NEGERI 1 Kateng,50201866,SD,Negeri,Kec. Praya Barat,230201,Kab. Lombok Tengah,230200,Prov. Nusa Tenggara Barat,230000,11,1,186,9,7,0,1,15,24 Apr 2026 13:51:53,8651A2630264D695E087
SD NEGERI 1 MANGKUNG,50201953,SD,Negeri,Kec. Praya Barat,230201,Kab. Lombok Tengah,230200,Prov. Nusa Tenggara Barat,230000,10,1,203,7,6,1,1,16,13 Apr 2026 07:31:22,1FF4C23A4BA846337430
SD NEGERI 1 PENUJAK,50201971,SD,Negeri,Kec. Praya Barat,230201,Kab. Lombok Tengah,230200,Prov. Nusa Tenggara Barat,230000,10,0,81,6,6,0,1,15,12 Mar 2026 08:36:32,3BF7A023F44A23443255
SD NEGERI 1 SETANGGOR,50201921,SD,Negeri,Kec. Praya Barat,230201,Kab. Lombok Tengah,230200,Prov. Nusa Tenggara Barat,230000,8,0,120,6,5,0,1,30,04 Apr 2026 19:19:34,6786F81786741D2C26C8
SD NEGERI 2 BATU BEDUK,50201922,SD,Negeri,Kec. Praya Barat,230201,Kab. Lombok Tengah,230200,Prov. Nusa Tenggara Barat,230000,9,3,160,7,7,0,0,12,30 Apr 2026 06:47:39,9CF57D30631750359190
SD NEGERI 2 BATUJAI,50201924,SD,Negeri,Kec. Praya Barat,230201,Kab. Lombok Tengah,230200,Prov. Nusa Tenggara Barat,230000,9,1,143,6,6,0,1,10,22 Apr 2026 09:00:17,D234B8853EF3E1DB1FBF
SD NEGERI 2 JANGKIH JAWA,50201925,SD,Negeri,Kec. Praya Barat,230201,Kab. Lombok Tengah,230200,Prov. Nusa Tenggara Barat,230000,10,1,259,8,6,0,1,30,14 Apr 2026 08:43:03,C29259CEE920E0DD5832
SD NEGERI 2 KATENG,50201100,SD,Negeri,Kec. Praya Barat,230201,Kab. Lombok Tengah,230200,Prov. Nusa Tenggara Barat,230000,8,1,67,6,6,0,1,11,14 Mar 2026 08:42:31,50E0DFBDF481D2525ADF
SD NEGERI 2 MANGKUNG,50201105,SD,Negeri,Kec. Praya Barat,230201,Kab. Lombok Tengah,230200,Prov. Nusa Tenggara Barat,230000,11,1,171,9,8,0,1,11,27 Apr 2026 05:31:43,B7C52FF9A11ACC215A88
SD NEGERI 2 SETANGGOR,50201085,SD,Negeri,Kec. Praya Barat,230201,Kab. Lombok Tengah,230200,Prov. Nusa Tenggara Barat,230000,9,0,99,6,5,0,1,11,21 Apr 2026 08:32:46,D89E6A314CE8592DE898
SD NEGERI 3 PENUJAK,50201167,SD,Negeri,Kec. Praya Barat,230201,Kab. Lombok Tengah,230200,Prov. Nusa Tenggara Barat,230000,15,2,277,12,7,0,1,16,25 Apr 2026 08:21:24,57E6573FE52376A729B6
SD NEGERI 4 BATUJAI,50201193,SD,Negeri,Kec. Praya Barat,230201,Kab. Lombok Tengah,230200,Prov. Nusa Tenggara Barat,230000,8,2,132,6,6,0,1,17,14 Mar 2026 11:35:09,D3E825E5A231BAC656C6
SD NEGERI 4 PENUJAK,50201186,SD,Negeri,Kec. Praya Barat,230201,Kab. Lombok Tengah,230200,Prov. Nusa Tenggara Barat,230000,11,1,200,8,6,0,1,15,04 Apr 2026 10:10:05,33219717F7F47E8DCB05
SD NEGERI 5 PENUJAK,50201145,SD,Negeri,Kec. Praya Barat,230201,Kab. Lombok Tengah,230200,Prov. Nusa Tenggara Barat,230000,10,2,74,6,6,0,0,10,21 Apr 2026 06:43:29,86477C9138B49BA6096F
SD NEGERI 6 PENUJAK,50201140,SD,Negeri,Kec. Praya Barat,230201,Kab. Lombok Tengah,230200,Prov. Nusa Tenggara Barat,230000,11,1,183,8,6,0,1,18,13 Apr 2026 07:52:35,4B52795B70B46440EDFF
SD NEGERI BANGKET MOLO,50201150,SD,Negeri,Kec. Praya Barat,230201,Kab. Lombok Tengah,230200,Prov. Nusa Tenggara Barat,230000,8,0,113,6,5,0,1,11,17 Apr 2026 07:57:05,8041458B0CC7CB55F556
SD NEGERI BAREBELIK,50201156,SD,Negeri,Kec. Praya Barat,230201,Kab. Lombok Tengah,230200,Prov. Nusa Tenggara Barat,230000,10,0,179,7,8,0,1,19,29 Apr 2026 11:33:51,6F20C4BB86F76CF68884
SD NEGERI BILE TENGAK,50200973,SD,Negeri,Kec. Praya Barat,230201,Kab. Lombok Tengah,230200,Prov. Nusa Tenggara Barat,230000,10,0,141,6,7,0,1,22,30 Apr 2026 08:46:27,9AE758BE57C41977B086
SD NEGERI BONDER,50200932,SD,Negeri,Kec. Praya Barat,230201,Kab. Lombok Tengah,230200,Prov. Nusa Tenggara Barat,230000,14,0,182,9,11,1,1,26,30 Mar 2026 07:28:04,240964DD1C3719E76C4E
SD NEGERI BUNKLOTOK,50200926,SD,Negeri,Kec. Praya Barat,230201,Kab. Lombok Tengah,230200,Prov. Nusa Tenggara Barat,230000,11,1,164,8,7,0,1,10,04 Apr 2026 08:07:49,40504FCAC863D37F3F8D
SD NEGERI EMBOAN,50201053,SD,Negeri,Kec. Praya Barat,230201,Kab. Lombok Tengah,230200,Prov. Nusa Tenggara Barat,230000,12,0,217,10,9,0,1,17,30 Apr 2026 19:30:27,CFADFA016B00ABF9560E
SD NEGERI EMBUNG TANGAR,50201031,SD,Negeri,Kec. Praya Barat,230201,Kab. Lombok Tengah,230200,Prov. Nusa Tenggara Barat,230000,14,0,236,10,8,0,1,53,19 Apr 2026 19:43:09,6925498B406E7114A95E
SD NEGERI KELEBUH,50200987,SD,Negeri,Kec. Praya Barat,230201,Kab. Lombok Tengah,230200,Prov. Nusa Tenggara Barat,230000,10,1,67,6,3,0,1,18,21 Apr 2026 09:09:42,FB0E0F634B87B5EF6772
SD NEGERI KELING,50200986,SD,Negeri,Kec. Praya Barat,230201,Kab. Lombok Tengah,230200,Prov. Nusa Tenggara Barat,230000,9,1,160,8,6,0,1,29,27 Apr 2026 08:13:25,75C4CD543A12A3E98231
SD NEGERI KELOKA,50201002,SD,Negeri,Kec. Praya Barat,230201,Kab. Lombok Tengah,230200,Prov. Nusa Tenggara Barat,230000,10,1,110,6,6,0,0,7,30 Apr 2026 09:37:47,6925E351319CC781B1CB
SD NEGERI KENTAWANG,50201017,SD,Negeri,Kec. Praya Barat,230201,Kab. Lombok Tengah,230200,Prov. Nusa Tenggara Barat,230000,7,1,163,6,6,0,0,8,16 Apr 2026 10:17:23,7A21546E98F55A4B6952
SD NEGERI Ketangga,50201014,SD,Negeri,Kec. Praya Barat,230201,Kab. Lombok Tengah,230200,Prov. Nusa Tenggara Barat,230000,9,0,73,6,4,0,0,22,03 Mar 2026 09:24:14,71FA890125F7A1A242C5
SD NEGERI MASJURING,50201495,SD,Negeri,Kec. Praya Barat,230201,Kab. Lombok Tengah,230200,Prov. Nusa Tenggara Barat,230000,9,1,190,6,6,0,1,18,10 Apr 2026 19:10:09,EE03460DA27BE3BEBD5E
SD NEGERI MENTOKOK,50201491,SD,Negeri,Kec. Praya Barat,230201,Kab. Lombok Tengah,230200,Prov. Nusa Tenggara Barat,230000,10,2,169,6,7,0,1,14,22 Apr 2026 08:06:43,C5F0AAEA074ECBD54EAD
SD NEGERI MONTONG WARU,50201438,SD,Negeri,Kec. Praya Barat,230201,Kab. Lombok Tengah,230200,Prov. Nusa Tenggara Barat,230000,10,1,129,6,6,0,1,12,28 Apr 2026 00:27:51,D19C0268595B9CDE69AD
SD NEGERI OROK GENDANG,50201466,SD,Negeri,Kec. Praya Barat,230201,Kab. Lombok Tengah,230200,Prov. Nusa Tenggara Barat,230000,8,1,83,6,11,0,1,24,30 Apr 2026 08:00:32,67F8C9297C5007AE798D
SD NEGERI Pepekat,50201539,SD,Negeri,Kec. Praya Barat,230201,Kab. Lombok Tengah,230200,Prov. Nusa Tenggara Barat,230000,8,1,140,6,6,0,1,24,26 Feb 2026 09:23:43,4F73BD4383ED52E87639
SD NEGERI PETAK,50201551,SD,Negeri,Kec. Praya Barat,230201,Kab. Lombok Tengah,230200,Prov. Nusa Tenggara Barat,230000,9,1,106,6,6,0,0,9,16 Apr 2026 07:51:19,36935148877278FEC801
SD NEGERI PRAPAK,50201560,SD,Negeri,Kec. Praya Barat,230201,Kab. Lombok Tengah,230200,Prov. Nusa Tenggara Barat,230000,13,0,208,10,5,0,1,36,16 Apr 2026 10:18:13,B0C250F3E57261243187
SD NEGERI SELONG BELANAK,50201522,SD,Negeri,Kec. Praya Barat,230201,Kab. Lombok Tengah,230200,Prov. Nusa Tenggara Barat,230000,13,1,258,10,6,0,1,16,22 Apr 2026 12:09:45,5D7010BA95DC88C20607
SD NEGERI TAMPAH,50201354,SD,Negeri,Kec. Praya Barat,230201,Kab. Lombok Tengah,230200,Prov. Nusa Tenggara Barat,230000,14,0,263,11,11,0,1,34,18 Apr 2026 07:59:30,862AFD82D35408E4E3CE
SD NEGERI TANAK RARANG,50201311,SD,Negeri,Kec. Praya Barat,230201,Kab. Lombok Tengah,230200,Prov. Nusa Tenggara Barat,230000,10,1,138,6,4,0,1,10,16 Apr 2026 07:14:04,20055F5A8418B43CC737
SD NEGERI TOMANG OMANG,50201314,SD,Negeri,Kec. Praya Barat,230201,Kab. Lombok Tengah,230200,Prov. Nusa Tenggara Barat,230000,7,1,197,6,6,0,1,17,27 Apr 2026 12:44:54,89E4C6172E9F4995F953
SD NEGERI TONGKER,50201329,SD,Negeri,Kec. Praya Barat,230201,Kab. Lombok Tengah,230200,Prov. Nusa Tenggara Barat,230000,7,0,65,6,6,0,0,24,25 Apr 2026 08:28:20,8BB6BDB50CA3E4FB76AC
SD ISLAM AL-MAARIF ULUMUT THOYYIBAH,69985518,SD,Swasta,Kec. Praya Barat,230201,Kab. Lombok Tengah,230200,Prov. Nusa Tenggara Barat,230000,10,1,46,6,6,0,0,12,11 Mar 2026 21:01:45,74F98C00F31C8D81094D
SD ISLAM DARUL MUKHLISIN NW,69961682,SD,Swasta,Kec. Praya Barat,230201,Kab. Lombok Tengah,230200,Prov. Nusa Tenggara Barat,230000,7,1,93,6,3,0,0,7,25 Apr 2026 06:19:11,5F7967DBCB2EEDAF7AE4
SD ISLAM DARUL ULUM,70006844,SD,Swasta,Kec. Praya Barat,230201,Kab. Lombok Tengah,230200,Prov. Nusa Tenggara Barat,230000,9,1,51,6,2,0,0,13,25 Apr 2026 05:12:35,7F361DC724DD83F8ED62
SD ISLAM MAARIF BATEAT MANGKUNG,50205013,SD,Swasta,Kec. Praya Barat,230201,Kab. Lombok Tengah,230200,Prov. Nusa Tenggara Barat,230000,14,1,240,10,4,0,0,34,28 Apr 2026 08:25:22,051C0D9BACB913BC43DE
SD ISLAM PLUS ANJUMU AHLIL BILAD (YANJABI),70030642,SD,Swasta,Kec. Praya Barat,230201,Kab. Lombok Tengah,230200,Prov. Nusa Tenggara Barat,230000,5,1,77,5,5,0,0,25,11 Apr 2026 07:14:24,3E771CF822CC678339A5
SD QURAN DARUL HIJRAH NW,70056494,SD,Swasta,Kec. Praya Barat,230201,Kab. Lombok Tengah,230200,Prov. Nusa Tenggara Barat,230000,7,1,56,3,3,0,0,17,21 Apr 2026 11:41:07,BCD1C23D6609C69208D8
SDI ABDI NUSANTARA,70047273,SD,Swasta,Kec. Praya Barat,230201,Kab. Lombok Tengah,230200,Prov. Nusa Tenggara Barat,230000,6,1,27,3,3,0,0,17,12 Apr 2026 21:54:06,C3968FD4ACEF59646418
SDI AL-MASYHURIYAH,69956803,SD,Swasta,Kec. Praya Barat,230201,Kab. Lombok Tengah,230200,Prov. Nusa Tenggara Barat,230000,7,1,96,6,6,0,0,14,11 Mar 2026 14:14:46,C881209586DD221DAFE1
SDI ISHLAHUL AQWAMUL ULUM,69980927,SD,Swasta,Kec. Praya Barat,230201,Kab. Lombok Tengah,230200,Prov. Nusa Tenggara Barat,230000,10,1,79,6,3,0,0,4,06 Mar 2026 16:47:56,F9F02A24895A3912DFE0
SDIT FATIHUL HADI BOTIK,70001748,SD,Swasta,Kec. Praya Barat,230201,Kab. Lombok Tengah,230200,Prov. Nusa Tenggara Barat,230000,6,1,39,5,6,0,0,11,31 Mar 2026 05:08:01,3FC9851ED305DA0498DD
SDIT MUTIARA  HATI,70039082,SD,Swasta,Kec. Praya Barat,230201,Kab. Lombok Tengah,230200,Prov. Nusa Tenggara Barat,230000,7,1,113,5,3,0,0,29,02 May 2026 12:39:54,CBDB31C4CD9F585E4007
SDIT YARLA BATUJAI,70032901,SD,Swasta,Kec. Praya Barat,230201,Kab. Lombok Tengah,230200,Prov. Nusa Tenggara Barat,230000,5,2,103,4,3,0,0,19,04 Mar 2026 07:39:35,FD384B7C00F2055AAC80
SMP NEGERI 1 PRAYA BARAT,50205169,SMP,Negeri,Kec. Praya Barat,230201,Kab. Lombok Tengah,230200,Prov. Nusa Tenggara Barat,230000,39,11,514,18,22,3,1,16,10 Apr 2026 16:21:56,C516360F55DFA293290E
SMP NEGERI 2 PRAYA BARAT,50201401,SMP,Negeri,Kec. Praya Barat,230201,Kab. Lombok Tengah,230200,Prov. Nusa Tenggara Barat,230000,19,4,76,3,13,2,1,50,02 May 2026 18:50:26,2476B425E17FFD7CB38E
SMP NEGERI 3 PRAYA BARAT,50219612,SMP,Negeri,Kec. Praya Barat,230201,Kab. Lombok Tengah,230200,Prov. Nusa Tenggara Barat,230000,12,2,44,3,3,1,1,24,23 Apr 2026 13:55:38,8D5ED700C7AD6271DC4E
SMP NEGERI 4 PRAYA BARAT,50219613,SMP,Negeri,Kec. Praya Barat,230201,Kab. Lombok Tengah,230200,Prov. Nusa Tenggara Barat,230000,14,4,166,7,8,2,1,22,05 Mar 2026 08:25:40,AE82F647A333427E8DD4
SMP NEGERI 6 Satu Atap Praya Barat,50219615,SMP,Negeri,Kec. Praya Barat,230201,Kab. Lombok Tengah,230200,Prov. Nusa Tenggara Barat,230000,11,1,36,3,3,1,0,41,23 Apr 2026 18:47:06,B49AF857AE5FAE18DFDA
SMP NEGERI 9 PRAYA BARAT,69896882,SMP,Negeri,Kec. Praya Barat,230201,Kab. Lombok Tengah,230200,Prov. Nusa Tenggara Barat,230000,13,1,48,3,6,1,1,20,29 Apr 2026 08:43:52,06B8EAAE27B2072FB7F2
SMP NEGERI SATU ATAP 5 PRAYA BARAT,50219614,SMP,Negeri,Kec. Praya Barat,230201,Kab. Lombok Tengah,230200,Prov. Nusa Tenggara Barat,230000,7,2,12,3,3,1,1,8,27 Apr 2026 09:24:56,656DC75D55C72B1D3020
SMPN 10 PRAYA BARAT,69816345,SMP,Negeri,Kec. Praya Barat,230201,Kab. Lombok Tengah,230200,Prov. Nusa Tenggara Barat,230000,15,1,125,6,6,2,1,33,20 Apr 2026 14:35:21,AEC1D8A198DEC09FBCC8
SMPN 8 SATAP PRAYA BARAT,69762790,SMP,Negeri,Kec. Praya Barat,230201,Kab. Lombok Tengah,230200,Prov. Nusa Tenggara Barat,230000,9,1,69,3,5,1,1,67,23 Apr 2026 10:36:30,3C991F07E42DAAB854D6
SMPN SATU ATAP EMBOAN,50220239,SMP,Negeri,Kec. Praya Barat,230201,Kab. Lombok Tengah,230200,Prov. Nusa Tenggara Barat,230000,16,0,58,3,3,1,2,15,30 Mar 2026 19:25:06,59CE356301497EAEA124
SMP AL MAARIF NU AL-MANSHURIYAH TANAK RARANG,50205179,SMP,Swasta,Kec. Praya Barat,230201,Kab. Lombok Tengah,230200,Prov. Nusa Tenggara Barat,230000,7,1,59,3,3,0,1,9,03 Mar 2026 07:23:28,2F1EBFD34C82F38C5F20
SMP AL-MAARIF RIYADLUL ULUM,69888753,SMP,Swasta,Kec. Praya Barat,230201,Kab. Lombok Tengah,230200,Prov. Nusa Tenggara Barat,230000,8,1,119,6,2,0,0,26,02 May 2026 14:02:29,DE258D49DCB476183948
SMP AL-QUDWAH MAARIF,70043157,SMP,Swasta,Kec. Praya Barat,230201,Kab. Lombok Tengah,230200,Prov. Nusa Tenggara Barat,230000,6,1,29,3,3,0,0,10,01 Apr 2026 22:49:45,4030D83B0C88D73531DE
SMP ISLAM AL-ITSBAT REMITAN,69969392,SMP,Swasta,Kec. Praya Barat,230201,Kab. Lombok Tengah,230200,Prov. Nusa Tenggara Barat,230000,10,4,49,3,3,1,0,31,02 May 2026 00:09:06,80CCCD1C2BC26AC2A3D8
SMP ISLAM DARUL IHSAN AL IBRAHIMY,70052941,SMP,Swasta,Kec. Praya Barat,230201,Kab. Lombok Tengah,230200,Prov. Nusa Tenggara Barat,230000,13,2,43,2,3,1,0,23,01 May 2026 22:18:57,AAAF0BDA78AB9DA8BF5B
SMP Islam Darul Mukhlisin NW,50222362,SMP,Swasta,Kec. Praya Barat,230201,Kab. Lombok Tengah,230200,Prov. Nusa Tenggara Barat,230000,8,1,56,3,3,0,1,14,25 Apr 2026 05:18:26,097C8A1CC08CB366D2DF
SMP ISLAM MAARIF AL RUSNANIYAH MANGKUNG,50219650,SMP,Swasta,Kec. Praya Barat,230201,Kab. Lombok Tengah,230200,Prov. Nusa Tenggara Barat,230000,9,1,120,5,5,1,1,18,04 Mar 2026 12:30:09,867C4B1905773010869C
SMP ISLAM NURUL JADID ABDUL KARIM,70045926,SMP,Swasta,Kec. Praya Barat,230201,Kab. Lombok Tengah,230200,Prov. Nusa Tenggara Barat,230000,1,1,54,3,2,0,0,9,15 Apr 2026 10:17:14,F32D8B422556B4C4B951
SMP ISLAM PLUS YANJABI,70057935,SMP,Swasta,Kec. Praya Barat,230201,Kab. Lombok Tengah,230200,Prov. Nusa Tenggara Barat,230000,4,1,49,2,3,0,0,28,23 Apr 2026 08:52:38,03DBAB55E8DF47D0F265
SMP ISLAM RAUDHATUL MUTTAQIN,69980022,SMP,Swasta,Kec. Praya Barat,230201,Kab. Lombok Tengah,230200,Prov. Nusa Tenggara Barat,230000,6,1,30,3,3,1,0,24,24 Apr 2026 09:36:29,BDAB1800932CFC57FB7B
SMP ISLAM UMARIYAH,69930423,SMP,Swasta,Kec. Praya Barat,230201,Kab. Lombok Tengah,230200,Prov. Nusa Tenggara Barat,230000,12,1,62,3,3,1,1,52,28 Apr 2026 05:21:17,3C328ADBAD3BDAC5F8F6
SMP PLUS DARUL MUHYI,70056038,SMP,Swasta,Kec. Praya Barat,230201,Kab. Lombok Tengah,230200,Prov. Nusa Tenggara Barat,230000,6,1,5,2,3,0,0,29,16 Apr 2026 09:04:36,EC50BE82F791426499BC
SMPI HUJJATUL ISLAMIYAH AL-MAARIF,70035278,SMP,Swasta,Kec. Praya Barat,230201,Kab. Lombok Tengah,230200,Prov. Nusa Tenggara Barat,230000,8,1,66,3,2,0,0,35,21 Mar 2026 20:55:40,E82564E1FDF9C882B7D7
SMPIT AR-RAHMAN NU,70052061,SMP,Swasta,Kec. Praya Barat,230201,Kab. Lombok Tengah,230200,Prov. Nusa Tenggara Barat,230000,4,1,27,3,3,1,1,22,21 Apr 2026 09:08:30,9652F5CAFD60F9802C50
SMPS ISLAM TASTURA AZ ZIKRA,60729244,SMP,Swasta,Kec. Praya Barat,230201,Kab. Lombok Tengah,230200,Prov. Nusa Tenggara Barat,230000,10,1,78,4,4,1,1,16,22 Apr 2026 07:56:05,60E1B4864F793C13086B
SMAN 1 PRAYA BARAT,50201390,SMA,Negeri,Kec. Praya Barat,230201,Kab. Lombok Tengah,230200,Prov. Nusa Tenggara Barat,230000,62,10,919,26,29,5,1,15,30 Apr 2026 10:42:30,00BC579220DE216AB723
SMA ISLAM  PLUS UMARIYAH,70053727,SMA,Swasta,Kec. Praya Barat,230201,Kab. Lombok Tengah,230200,Prov. Nusa Tenggara Barat,230000,13,1,52,3,2,0,0,37,09 Apr 2026 11:51:59,E47A9BCAD05700F36C00
SMA ISLAM DHIYAUL FURQON,69942738,SMA,Swasta,Kec. Praya Barat,230201,Kab. Lombok Tengah,230200,Prov. Nusa Tenggara Barat,230000,12,2,89,3,1,1,1,19,30 Apr 2026 08:30:09,FDE41B488802578DD475
SMA PASAK EMAS NUSANTARA,70039700,SMA,Swasta,Kec. Praya Barat,230201,Kab. Lombok Tengah,230200,Prov. Nusa Tenggara Barat,230000,0,1,0,0,0,0,0,0,,669B16C8E8BD4D63EE45
SMA PLUS RAUDHATUL HIKAM NW,70014926,SMA,Swasta,Kec. Praya Barat,230201,Kab. Lombok Tengah,230200,Prov. Nusa Tenggara Barat,230000,7,1,46,3,3,0,1,9,22 Feb 2026 23:37:50,A78F5922D5742B5C4304
SMAS AL MA ARIF NU AL MANSHURIYAH,50205206,SMA,Swasta,Kec. Praya Barat,230201,Kab. Lombok Tengah,230200,Prov. Nusa Tenggara Barat,230000,17,1,148,6,8,4,0,15,07 Apr 2026 08:25:02,C417D847E1BF05243CEB
SMKN 1 PRAYA BARAT,50219771,SMK,Negeri,Kec. Praya Barat,230201,Kab. Lombok Tengah,230200,Prov. Nusa Tenggara Barat,230000,34,5,355,15,14,4,1,105,30 Apr 2026 09:25:37,944291AE505422EA10ED
SMK AR RAHMAH NU BONDER,69942517,SMK,Swasta,Kec. Praya Barat,230201,Kab. Lombok Tengah,230200,Prov. Nusa Tenggara Barat,230000,6,1,29,3,3,0,0,12,25 Apr 2026 14:52:45,B2BBF30838BF6B01C3F6
SMK ISLAM NURUL QOLBI SETANGGOR,69948308,SMK,Swasta,Kec. Praya Barat,230201,Kab. Lombok Tengah,230200,Prov. Nusa Tenggara Barat,230000,14,3,80,3,3,1,1,26,29 Apr 2026 09:10:44,D74162CA895CC4A51E5E
SMK ISLAM TASTURA AZ ZIKRA MANGKUNG,69902903,SMK,Swasta,Kec. Praya Barat,230201,Kab. Lombok Tengah,230200,Prov. Nusa Tenggara Barat,230000,11,2,132,5,11,1,2,25,01 May 2026 20:09:29,4C949A844808DA4EB44A
SMK NU RIYADLUL ULUM,70031392,SMK,Swasta,Kec. Praya Barat,230201,Kab. Lombok Tengah,230200,Prov. Nusa Tenggara Barat,230000,6,1,92,4,3,0,0,9,13 Apr 2026 13:54:21,CA5CC13543468A7DBDE9
SMKS AL MARIF NU AL MANSURIYAH,50219970,SMK,Swasta,Kec. Praya Barat,230201,Kab. Lombok Tengah,230200,Prov. Nusa Tenggara Barat,230000,6,1,85,4,3,1,1,24,10 Apr 2026 09:22:03,EFABC9836F45671E46A3
SMKS ISLAM MADINATUNNAJAH JOWET,69757489,SMK,Swasta,Kec. Praya Barat,230201,Kab. Lombok Tengah,230200,Prov. Nusa Tenggara Barat,230000,7,1,51,3,3,1,1,26,16 Apr 2026 10:34:29,46EC785EE30340B5EFCC
SMKS ISLAM PENUJAK,50220316,SMK,Swasta,Kec. Praya Barat,230201,Kab. Lombok Tengah,230200,Prov. Nusa Tenggara Barat,230000,5,1,5,3,5,1,1,12,07 Mar 2026 22:18:19,F3DBFCD789EA8BD3A674
SMKS NUSA DIRGANTARA LOMBOK TENGAH,69755775,SMK,Swasta,Kec. Praya Barat,230201,Kab. Lombok Tengah,230200,Prov. Nusa Tenggara Barat,230000,6,1,14,3,5,0,1,9,07 Mar 2026 09:11:58,6F81486CD076F2C212A1
SD N 1 SANGKAWANA,50201963,SD,Negeri,Kec. Batukliang,230209,Kab. Lombok Tengah,230200,Prov. Nusa Tenggara Barat,230000,14,1,220,10,8,0,1,20,04 Apr 2026 20:23:28,81E1B3F52D41F936FB6A
SD N BATU LUMBUNG,50200961,SD,Negeri,Kec. Batukliang,230209,Kab. Lombok Tengah,230200,Prov. Nusa Tenggara Barat,230000,8,1,151,7,7,0,1,26,02 May 2026 10:47:55,D568508C5653B48A69AC
SD N MERTAK KESAMBIK,50201486,SD,Negeri,Kec. Batukliang,230209,Kab. Lombok Tengah,230200,Prov. Nusa Tenggara Barat,230000,9,0,135,6,7,0,1,21,18 Apr 2026 11:13:24,EC5317BFF3BEEE3A17F4
SD N MERTAK WARENG,50201448,SD,Negeri,Kec. Batukliang,230209,Kab. Lombok Tengah,230200,Prov. Nusa Tenggara Barat,230000,10,1,138,6,6,0,1,19,15 Apr 2026 11:10:17,50907DB27FDBDFE15FB7
SD N SAPIT,50201532,SD,Negeri,Kec. Batukliang,230209,Kab. Lombok Tengah,230200,Prov. Nusa Tenggara Barat,230000,9,0,32,6,5,0,0,26,02 Apr 2026 08:40:27,1FBE87BCD93DD4CC1CDF
SD NEGERI 1 LENDANG TAMPEL,50201476,SD,Negeri,Kec. Batukliang,230209,Kab. Lombok Tengah,230200,Prov. Nusa Tenggara Barat,230000,15,0,260,11,10,0,0,17,09 Apr 2026 07:04:51,160B7712F2A8522DD852
SD NEGERI 1 MANTANG,50201952,SD,Negeri,Kec. Batukliang,230209,Kab. Lombok Tengah,230200,Prov. Nusa Tenggara Barat,230000,8,1,134,6,6,0,1,9,16 Apr 2026 09:07:57,A31857ABE45FB5411695
SD NEGERI 1 SELEBUNG,50201960,SD,Negeri,Kec. Batukliang,230209,Kab. Lombok Tengah,230200,Prov. Nusa Tenggara Barat,230000,11,1,179,9,5,0,1,15,06 Apr 2026 10:29:41,79C743267B35C63D50CC
SD NEGERI 1 TUNJANG,50201914,SD,Negeri,Kec. Batukliang,230209,Kab. Lombok Tengah,230200,Prov. Nusa Tenggara Barat,230000,8,1,172,7,7,0,1,25,02 May 2026 11:03:39,CD04DE4CA99984FFC993
SD NEGERI 2 LENDANG TAMPEL,50201103,SD,Negeri,Kec. Batukliang,230209,Kab. Lombok Tengah,230200,Prov. Nusa Tenggara Barat,230000,9,1,99,6,5,1,1,12,22 Apr 2026 21:31:26,5E192EEBBBA209D16C70
SD NEGERI 2 MANTANG,50201130,SD,Negeri,Kec. Batukliang,230209,Kab. Lombok Tengah,230200,Prov. Nusa Tenggara Barat,230000,16,1,414,13,12,0,1,1,26 Mar 2026 11:32:46,7D04D74C16EF530B4B14
SD NEGERI 2 SANGKAWANA,50201060,SD,Negeri,Kec. Batukliang,230209,Kab. Lombok Tengah,230200,Prov. Nusa Tenggara Barat,230000,8,1,129,6,6,0,1,9,03 Mar 2026 09:13:44,3DD44E0C123D4C97AB73
SD NEGERI 2 SELEBUNG,50201057,SD,Negeri,Kec. Batukliang,230209,Kab. Lombok Tengah,230200,Prov. Nusa Tenggara Barat,230000,8,0,80,6,6,0,1,13,05 Mar 2026 09:45:09,D579E192BC06BD9814EB
SD NEGERI 2 TUNJANG,50201080,SD,Negeri,Kec. Batukliang,230209,Kab. Lombok Tengah,230200,Prov. Nusa Tenggara Barat,230000,11,0,191,9,7,0,1,24,15 Apr 2026 09:58:06,8EB612327C92CBA12EDC
SD NEGERI 3 MANTANG,50201174,SD,Negeri,Kec. Batukliang,230209,Kab. Lombok Tengah,230200,Prov. Nusa Tenggara Barat,230000,8,1,109,6,6,0,1,9,01 May 2026 18:29:02,7A27155F8C6BC9DC2968
SD NEGERI Aik Darek,50201163,SD,Negeri,Kec. Batukliang,230209,Kab. Lombok Tengah,230200,Prov. Nusa Tenggara Barat,230000,8,0,158,6,6,0,1,7,17 Apr 2026 09:00:29,A1D2308569BE5C76F41A
SD NEGERI BAJUR,50201153,SD,Negeri,Kec. Batukliang,230209,Kab. Lombok Tengah,230200,Prov. Nusa Tenggara Barat,230000,9,1,237,7,6,1,1,15,09 Apr 2026 09:29:35,7A6F04BC586E14D07480
SD NEGERI BARABALI,50201054,SD,Negeri,Kec. Batukliang,230209,Kab. Lombok Tengah,230200,Prov. Nusa Tenggara Barat,230000,22,1,441,16,15,1,1,18,28 Apr 2026 12:12:49,CE3E8835BF98EBA3FA21
SD NEGERI BEBER,50200954,SD,Negeri,Kec. Batukliang,230209,Kab. Lombok Tengah,230200,Prov. Nusa Tenggara Barat,230000,12,2,244,7,7,0,1,14,30 Apr 2026 17:39:21,7327ADD54D2C0E8D854C
SD NEGERI BENENG,50200978,SD,Negeri,Kec. Batukliang,230209,Kab. Lombok Tengah,230200,Prov. Nusa Tenggara Barat,230000,11,1,218,8,6,1,1,11,18 Apr 2026 08:44:28,1E353A0165B39813805C
SD NEGERI DASAN BARU TAMPAKSIRING,50205131,SD,Negeri,Kec. Batukliang,230209,Kab. Lombok Tengah,230200,Prov. Nusa Tenggara Barat,230000,9,1,131,6,6,0,1,10,09 Apr 2026 14:51:34,DF07AB57113ABB886D6F
SD NEGERI DASAN LEKONG,50200940,SD,Negeri,Kec. Batukliang,230209,Kab. Lombok Tengah,230200,Prov. Nusa Tenggara Barat,230000,9,0,93,6,6,0,1,13,10 Apr 2026 07:14:58,7C26885A1C02C833CE1F
SD NEGERI GUNUNG AMUK,50201051,SD,Negeri,Kec. Batukliang,230209,Kab. Lombok Tengah,230200,Prov. Nusa Tenggara Barat,230000,12,2,288,9,6,0,1,20,28 Apr 2026 12:35:09,CDF7AA8D370C3921429D
SD NEGERI KEMBANG KERANG,50201004,SD,Negeri,Kec. Batukliang,230209,Kab. Lombok Tengah,230200,Prov. Nusa Tenggara Barat,230000,7,1,171,6,6,0,2,14,10 Apr 2026 18:19:11,94931B44718D58F4A7E8
SD NEGERI LENDANG DODA,50201479,SD,Negeri,Kec. Batukliang,230209,Kab. Lombok Tengah,230200,Prov. Nusa Tenggara Barat,230000,8,1,115,6,6,0,1,11,03 Mar 2026 23:43:45,CB1C9A00DE4C0FAEE377
SD NEGERI LENDANG TERONG,50201474,SD,Negeri,Kec. Batukliang,230209,Kab. Lombok Tengah,230200,Prov. Nusa Tenggara Barat,230000,9,1,187,7,6,0,1,18,17 Apr 2026 09:49:28,E769DD0A5A193561D03A
SD NEGERI MERTAK PAOK,50201468,SD,Negeri,Kec. Batukliang,230209,Kab. Lombok Tengah,230200,Prov. Nusa Tenggara Barat,230000,10,0,176,6,5,0,1,10,12 Mar 2026 08:22:11,47A7B9D5C28AC2F3CD50
SD NEGERI MONTONG GERIA,50201442,SD,Negeri,Kec. Batukliang,230209,Kab. Lombok Tengah,230200,Prov. Nusa Tenggara Barat,230000,8,1,137,6,6,0,0,16,03 Mar 2026 07:59:39,E08680B761E54145D8BD
SD NEGERI Otak Desa,50201465,SD,Negeri,Kec. Batukliang,230209,Kab. Lombok Tengah,230200,Prov. Nusa Tenggara Barat,230000,11,0,178,7,7,0,1,19,07 Apr 2026 05:49:42,B3472D93B79731A7E719
SD NEGERI PAGUTAN,50201463,SD,Negeri,Kec. Batukliang,230209,Kab. Lombok Tengah,230200,Prov. Nusa Tenggara Barat,230000,10,1,82,6,5,0,1,15,02 Apr 2026 14:40:38,96BB38505128AE1E0E85
SD NEGERI PAJANGAN,50201462,SD,Negeri,Kec. Batukliang,230209,Kab. Lombok Tengah,230200,Prov. Nusa Tenggara Barat,230000,15,1,287,12,9,0,1,14,22 Apr 2026 10:47:51,136A7FAACB6C23CEB5DE
SD NEGERI PAOK KUNING,50201460,SD,Negeri,Kec. Batukliang,230209,Kab. Lombok Tengah,230200,Prov. Nusa Tenggara Barat,230000,10,1,148,6,7,0,0,40,01 May 2026 05:12:26,93BBEED3DB73E54DAE08
SD NEGERI PENAKAK,50201548,SD,Negeri,Kec. Batukliang,230209,Kab. Lombok Tengah,230200,Prov. Nusa Tenggara Barat,230000,8,3,160,7,6,0,1,14,28 Apr 2026 06:50:53,9C869829883FBBA37CF7
SD NEGERI PENYENGAK,50201540,SD,Negeri,Kec. Batukliang,230209,Kab. Lombok Tengah,230200,Prov. Nusa Tenggara Barat,230000,8,1,62,6,5,0,0,21,13 Apr 2026 06:33:26,72F821B44897690D5FB2
SD NEGERI PERESAK,50201536,SD,Negeri,Kec. Batukliang,230209,Kab. Lombok Tengah,230200,Prov. Nusa Tenggara Barat,230000,10,1,203,7,6,1,1,49,02 May 2026 11:36:33,DBA35171970588686360
SD NEGERI PONDOK PANDE,50201563,SD,Negeri,Kec. Batukliang,230209,Kab. Lombok Tengah,230200,Prov. Nusa Tenggara Barat,230000,9,0,132,6,6,0,1,5,26 Jan 2026 07:21:38,1CA72FC0AA26F281696A
SD NEGERI REPOK PUYUNG,50201510,SD,Negeri,Kec. Batukliang,230209,Kab. Lombok Tengah,230200,Prov. Nusa Tenggara Barat,230000,7,1,125,6,6,0,1,9,21 Apr 2026 20:18:08,5D8E1651FAB0392E6CE1
SD NEGERI SADE,50201505,SD,Negeri,Kec. Batukliang,230209,Kab. Lombok Tengah,230200,Prov. Nusa Tenggara Barat,230000,8,0,108,6,6,0,1,8,13 Apr 2026 10:32:49,0B49EED536FF6AB7BD93
SD NEGERI SUBAHNALA,50201363,SD,Negeri,Kec. Batukliang,230209,Kab. Lombok Tengah,230200,Prov. Nusa Tenggara Barat,230000,11,0,223,8,6,0,1,35,06 Mar 2026 09:37:24,6E384EF9C2AB9A331DBD
SD NEGERI SURABAYA,50201358,SD,Negeri,Kec. Batukliang,230209,Kab. Lombok Tengah,230200,Prov. Nusa Tenggara Barat,230000,8,1,174,8,6,0,1,14,29 Apr 2026 22:30:18,97037F41305A7B3E7B2E
SD NEGERI TAMPAK SIRING,50201353,SD,Negeri,Kec. Batukliang,230209,Kab. Lombok Tengah,230200,Prov. Nusa Tenggara Barat,230000,8,4,139,6,6,1,1,13,06 Mar 2026 22:13:50,62227FBFF64402167D7D
SD NEGERI TANAK EMBANG,50201312,SD,Negeri,Kec. Batukliang,230209,Kab. Lombok Tengah,230200,Prov. Nusa Tenggara Barat,230000,18,1,261,13,8,0,1,27,22 Apr 2026 21:56:39,1E552312C53795D89A2B
SD NEGERI TOJONG-OJONG,50201199,SD,Negeri,Kec. Batukliang,230209,Kab. Lombok Tengah,230200,Prov. Nusa Tenggara Barat,230000,11,0,201,9,8,0,0,14,13 Apr 2026 10:25:41,53200C781B0A0C8B4125
SD NEGERI TUNDUNG,50201325,SD,Negeri,Kec. Batukliang,230209,Kab. Lombok Tengah,230200,Prov. Nusa Tenggara Barat,230000,9,0,140,8,6,0,1,15,02 May 2026 10:08:05,6B1F9AF9333337940A44
SDN LEKONG MADI,50201481,SD,Negeri,Kec. Batukliang,230209,Kab. Lombok Tengah,230200,Prov. Nusa Tenggara Barat,230000,8,2,171,6,6,0,1,11,07 Mar 2026 20:52:59,308550ACA3FC29D523B1
SD ISLAM AL YAUM SONGGOK,69786702,SD,Swasta,Kec. Batukliang,230209,Kab. Lombok Tengah,230200,Prov. Nusa Tenggara Barat,230000,8,1,56,6,8,0,1,8,30 Apr 2026 19:21:37,B89C5ABA5FCE892EFC73
SD ISLAM BABUSSALAM SANGKAWANA,69755768,SD,Swasta,Kec. Batukliang,230209,Kab. Lombok Tengah,230200,Prov. Nusa Tenggara Barat,230000,7,1,99,6,6,0,0,18,11 Apr 2026 10:06:59,8811938B5A5F02CC4579
SDIT ZEINTA CENDIKIA,70032554,SD,Swasta,Kec. Batukliang,230209,Kab. Lombok Tengah,230200,Prov. Nusa Tenggara Barat,230000,5,1,60,6,2,0,0,28,27 Apr 2026 10:57:23,8D9BE576BC1F8D5989E1
SMP NEGERI 1 BATUKLIANG,50201317,SMP,Negeri,Kec. Batukliang,230209,Kab. Lombok Tengah,230200,Prov. Nusa Tenggara Barat,230000,34,10,580,18,18,2,1,21,23 Apr 2026 19:39:37,A214DEAA200A81119E8B
SMP NEGERI 2 BATUKLIANG,50201407,SMP,Negeri,Kec. Batukliang,230209,Kab. Lombok Tengah,230200,Prov. Nusa Tenggara Barat,230000,27,8,401,13,14,1,1,7,15 Apr 2026 22:07:01,FA8725A4E4C5DFC95562
SMP NEGERI 3 BATUKLIANG,50201429,SMP,Negeri,Kec. Batukliang,230209,Kab. Lombok Tengah,230200,Prov. Nusa Tenggara Barat,230000,17,2,231,9,9,2,1,5,21 Apr 2026 19:09:06,9BA9B5EEE86A30BDBBC0
SMP NEGERI 4 BATUKLIANG,50201418,SMP,Negeri,Kec. Batukliang,230209,Kab. Lombok Tengah,230200,Prov. Nusa Tenggara Barat,230000,15,2,173,6,8,1,1,17,25 Apr 2026 08:35:18,2E737CD37797A081EDAF
SMP NEGERI 5 BATUKLIANG,69759255,SMP,Negeri,Kec. Batukliang,230209,Kab. Lombok Tengah,230200,Prov. Nusa Tenggara Barat,230000,16,5,234,8,9,1,1,21,20 Apr 2026 20:22:11,CE0FFF3C5B549D44521D
SMP NEGERI SATU ATAP 1 BATUKLIANG,50205171,SMP,Negeri,Kec. Batukliang,230209,Kab. Lombok Tengah,230200,Prov. Nusa Tenggara Barat,230000,14,4,197,7,6,2,1,43,27 Apr 2026 20:48:11,0F2A928A60967C7F6377
SMP NEGERI SATU ATAP 2 BATUKLIANG,50205173,SMP,Negeri,Kec. Batukliang,230209,Kab. Lombok Tengah,230200,Prov. Nusa Tenggara Barat,230000,12,1,86,3,3,1,1,23,27 Apr 2026 08:07:59,0455FB13FE57E5F186F0
SMP Islam Al - Amin,69968309,SMP,Swasta,Kec. Batukliang,230209,Kab. Lombok Tengah,230200,Prov. Nusa Tenggara Barat,230000,8,2,28,3,3,0,0,28,08 Apr 2026 19:47:06,C673240D8AF92220FC49
SMP ISLAM AL - YAUM,69883497,SMP,Swasta,Kec. Batukliang,230209,Kab. Lombok Tengah,230200,Prov. Nusa Tenggara Barat,230000,8,1,17,3,3,1,1,18,27 Apr 2026 08:52:12,2A7551C23FC944C9ED30
SMP ISLAM NURUL YAQIN TUNDUNG,50222370,SMP,Swasta,Kec. Batukliang,230209,Kab. Lombok Tengah,230200,Prov. Nusa Tenggara Barat,230000,13,1,85,3,4,1,1,16,21 Apr 2026 11:47:17,C6145A0DFA4B3063E9A7
SMP ISLAM RUSYDAH,70007718,SMP,Swasta,Kec. Batukliang,230209,Kab. Lombok Tengah,230200,Prov. Nusa Tenggara Barat,230000,6,1,23,3,3,0,0,7,23 Apr 2026 18:53:48,14C3A7EA14348F47F338
SMP ISLAM SYARIF IMAMUZZAHIDIN,69961569,SMP,Swasta,Kec. Batukliang,230209,Kab. Lombok Tengah,230200,Prov. Nusa Tenggara Barat,230000,21,3,158,7,12,1,1,27,05 Apr 2026 21:28:37,ADB625B7AA98CBE83E5B
SMP ISLAM TERPADU DARUL MUSTAJABAH NAHDLATUL WATHAN,69960344,SMP,Swasta,Kec. Batukliang,230209,Kab. Lombok Tengah,230200,Prov. Nusa Tenggara Barat,230000,0,0,0,0,0,0,0,0,,9A4631E41BED34376825
SMP ISLAM USWATUN HASANAH,50205185,SMP,Swasta,Kec. Batukliang,230209,Kab. Lombok Tengah,230200,Prov. Nusa Tenggara Barat,230000,4,1,51,3,1,0,1,12,07 Mar 2026 22:56:23,B882EADA00147C2CEDE9
SMP ISLAM YUHA,70036141,SMP,Swasta,Kec. Batukliang,230209,Kab. Lombok Tengah,230200,Prov. Nusa Tenggara Barat,230000,13,1,209,8,9,0,0,34,02 May 2026 19:05:10,9CC04733E11C8F2E8C09
SMP IT AL HASANIYAH NW TUNDUNG,70040542,SMP,Swasta,Kec. Batukliang,230209,Kab. Lombok Tengah,230200,Prov. Nusa Tenggara Barat,230000,1,1,27,3,3,0,0,9,17 Apr 2026 21:23:59,9EC9EC9A1902D641A95E
SMP IT INSAN ADIL,70005498,SMP,Swasta,Kec. Batukliang,230209,Kab. Lombok Tengah,230200,Prov. Nusa Tenggara Barat,230000,8,1,49,3,3,2,0,82,02 May 2026 10:49:48,A6AC60AC7DEBFF4E171F
SMP NW LENDANG KEKAH,50205186,SMP,Swasta,Kec. Batukliang,230209,Kab. Lombok Tengah,230200,Prov. Nusa Tenggara Barat,230000,15,1,202,7,7,1,1,28,24 Apr 2026 09:12:53,EC80A1886FBC9D473964
SMP PLUS YASFAAN NW,69960310,SMP,Swasta,Kec. Batukliang,230209,Kab. Lombok Tengah,230200,Prov. Nusa Tenggara Barat,230000,7,1,108,4,4,1,1,10,21 Apr 2026 20:56:37,DD46EC66808B8CE966ED
SMPIT ZEINTA CENDEKIA,70028711,SMP,Swasta,Kec. Batukliang,230209,Kab. Lombok Tengah,230200,Prov. Nusa Tenggara Barat,230000,7,1,72,4,3,0,0,10,25 Mar 2026 08:37:31,85E13715BC0DF76C2C5E
SMAN 1 BATUKLIANG,50201396,SMA,Negeri,Kec. Batukliang,230209,Kab. Lombok Tengah,230200,Prov. Nusa Tenggara Barat,230000,59,16,1051,31,28,5,1,44,23 Apr 2026 09:32:32,0A119858BDF015AD973E
SEKOLAH MENENGAH ATAS ISLAM RUSYDAH NAHDLATUL WATHAN SENGKOL II,70037448,SMA,Swasta,Kec. Batukliang,230209,Kab. Lombok Tengah,230200,Prov. Nusa Tenggara Barat,230000,9,1,18,3,3,0,1,15,31 Mar 2026 04:37:12,5F5B13FE3604B42F6477
SEKOLAH MENENGAH ATAS ISLAM TERPADU ZEINTA CENDIKIA,70055674,SMA,Swasta,Kec. Batukliang,230209,Kab. Lombok Tengah,230200,Prov. Nusa Tenggara Barat,230000,3,1,41,3,3,0,0,20,23 Apr 2026 21:01:06,29477B12E6E9F5B6914E
SMA ISLAM AL HUSNA,70059651,SMA,Swasta,Kec. Batukliang,230209,Kab. Lombok Tengah,230200,Prov. Nusa Tenggara Barat,230000,7,1,20,3,3,0,1,43,02 May 2026 10:47:45,7E6CB4A41F1C2BFFC512
SMA ISLAM AL YAUM,69949667,SMA,Swasta,Kec. Batukliang,230209,Kab. Lombok Tengah,230200,Prov. Nusa Tenggara Barat,230000,4,1,11,3,3,0,0,12,03 Apr 2026 08:36:07,23E462143557D69A5904
SMA ISLAM NURUL YAQIN NW TUNDUNG,69884124,SMA,Swasta,Kec. Batukliang,230209,Kab. Lombok Tengah,230200,Prov. Nusa Tenggara Barat,230000,16,1,72,3,3,1,1,16,13 Apr 2026 21:12:41,68BF1E95BDA5F53001D1
SMA ISLAM SYARIF IMAMUZZAHIDIN,70010191,SMA,Swasta,Kec. Batukliang,230209,Kab. Lombok Tengah,230200,Prov. Nusa Tenggara Barat,230000,16,2,111,6,3,0,0,12,18 Apr 2026 09:57:29,CE8BD0131B9697A3C428
SMA IT INSAN ADIL,70059526,SMA,Swasta,Kec. Batukliang,230209,Kab. Lombok Tengah,230200,Prov. Nusa Tenggara Barat,230000,5,1,8,1,3,0,0,14,06 Mar 2026 09:41:32,95E661C8FDD81069A0B3
SMA NURUL IMAN NW KEMBANG KERANG,69845928,SMA,Swasta,Kec. Batukliang,230209,Kab. Lombok Tengah,230200,Prov. Nusa Tenggara Barat,230000,6,1,89,4,3,1,1,11,26 Apr 2026 16:57:21,29421F188814DECB6D4A
SMA PLUS HIDAYATUL MUBTADI IN,70058057,SMA,Swasta,Kec. Batukliang,230209,Kab. Lombok Tengah,230200,Prov. Nusa Tenggara Barat,230000,4,1,8,1,1,0,0,24,23 Apr 2026 18:47:22,1DC170832D4FA6EBA1C0
SMAS ISLAM USWATUN HASANAH,50205212,SMA,Swasta,Kec. Batukliang,230209,Kab. Lombok Tengah,230200,Prov. Nusa Tenggara Barat,230000,8,1,68,3,3,1,4,13,30 Apr 2026 11:22:11,6F332F147BA0496BFA95
SMAS NW LENDANG KEKAH,50201383,SMA,Swasta,Kec. Batukliang,230209,Kab. Lombok Tengah,230200,Prov. Nusa Tenggara Barat,230000,20,2,255,8,8,1,1,30,16 Apr 2026 08:47:59,5BC4EB40A9B82CC02B36
SMAS NW PAGUTAN,50205215,SMA,Swasta,Kec. Batukliang,230209,Kab. Lombok Tengah,230200,Prov. Nusa Tenggara Barat,230000,12,0,145,5,5,0,0,8,29 Apr 2026 16:45:31,0824C3C5E597CFAF0920
SMKN 1 BATUKLIANG,50219592,SMK,Negeri,Kec. Batukliang,230209,Kab. Lombok Tengah,230200,Prov. Nusa Tenggara Barat,230000,43,15,402,18,18,3,1,55,23 Apr 2026 09:38:03,A4666095E29BED7BD23A
SMK DARUS SHIDDIQIEN NW MERTAK PAOK,69889029,SMK,Swasta,Kec. Batukliang,230209,Kab. Lombok Tengah,230200,Prov. Nusa Tenggara Barat,230000,11,1,56,6,6,1,1,9,18 Mar 2026 12:00:28,C199E3D1CD025E8F7023
SMK Islam Qiyamu At - Tarbiyah,69883510,SMK,Swasta,Kec. Batukliang,230209,Kab. Lombok Tengah,230200,Prov. Nusa Tenggara Barat,230000,8,2,52,3,5,0,0,14,23 Apr 2026 11:20:26,8E9F824BA6EBA4CE6E40
SMKS ISHLAHUL ANAM AIK DAREQ,50219596,SMK,Swasta,Kec. Batukliang,230209,Kab. Lombok Tengah,230200,Prov. Nusa Tenggara Barat,230000,11,3,47,3,3,1,1,30,21 Apr 2026 09:53:49,136B18281E82EC388ACB
SMKS SYAMSUL HUDA PERESAK,50205221,SMK,Swasta,Kec. Batukliang,230209,Kab. Lombok Tengah,230200,Prov. Nusa Tenggara Barat,230000,6,2,17,2,3,1,1,11,27 Apr 2026 11:02:06,84567B3CEBA7632BEAB2
SMKS TERPADU AL HASANIYAH NW TUNDUNG,69786359,SMK,Swasta,Kec. Batukliang,230209,Kab. Lombok Tengah,230200,Prov. Nusa Tenggara Barat,230000,10,1,65,5,3,0,1,24,17 Apr 2026 08:03:35,2A7F02E3BDC8A4106229
SD N 1 NYEROT,50201944,SD,Negeri,Kec. Jonggat,230207,Kab. Lombok Tengah,230200,Prov. Nusa Tenggara Barat,230000,8,1,139,6,6,0,1,1,30 Apr 2026 13:04:38,209B98A785E648461E54
SD N 1 PERINA,50201970,SD,Negeri,Kec. Jonggat,230207,Kab. Lombok Tengah,230200,Prov. Nusa Tenggara Barat,230000,8,1,159,8,7,0,1,11,09 Apr 2026 09:14:15,F58B1DDAA085098DD04C
SD N 1 SUKARARA,50201918,SD,Negeri,Kec. Jonggat,230207,Kab. Lombok Tengah,230200,Prov. Nusa Tenggara Barat,230000,10,1,130,6,6,0,1,12,16 Apr 2026 06:44:04,B47D0093735BF413BADE
SD N 1 UBUNG,50201913,SD,Negeri,Kec. Jonggat,230207,Kab. Lombok Tengah,230200,Prov. Nusa Tenggara Barat,230000,13,2,223,9,9,0,1,28,02 May 2026 05:45:51,21E2ED01B6D1211B1A79
SD N MERTAK,50201487,SD,Negeri,Kec. Jonggat,230207,Kab. Lombok Tengah,230200,Prov. Nusa Tenggara Barat,230000,12,1,199,7,7,0,1,15,13 Apr 2026 11:02:51,01FC60DA1909BC5FC8D6
SD NEGERI 1 BAREJULAT,50201872,SD,Negeri,Kec. Jonggat,230207,Kab. Lombok Tengah,230200,Prov. Nusa Tenggara Barat,230000,15,1,251,10,9,0,1,21,28 Apr 2026 11:38:14,C671FB52D0C8025555AF
SD NEGERI 1 BONJERUK,50201846,SD,Negeri,Kec. Jonggat,230207,Kab. Lombok Tengah,230200,Prov. Nusa Tenggara Barat,230000,9,2,173,8,5,0,1,17,23 Apr 2026 08:50:03,F9105D3EA8A3A92A1D20
SD NEGERI 1 BUNKATE,50201845,SD,Negeri,Kec. Jonggat,230207,Kab. Lombok Tengah,230200,Prov. Nusa Tenggara Barat,230000,10,1,166,7,6,0,1,24,13 Apr 2026 11:06:57,6B53D50893DF5AE4F8C0
SD NEGERI 1 GEMEL,50201840,SD,Negeri,Kec. Jonggat,230207,Kab. Lombok Tengah,230200,Prov. Nusa Tenggara Barat,230000,16,0,276,12,7,0,1,28,21 Apr 2026 10:41:15,34A78D57ABEF83F076F3
SD NEGERI 1 JELANTIK,50201870,SD,Negeri,Kec. Jonggat,230207,Kab. Lombok Tengah,230200,Prov. Nusa Tenggara Barat,230000,10,0,127,6,9,0,1,12,16 Apr 2026 09:40:06,D387C37B29D281670AF6
SD NEGERI 1 LABULIA,50201860,SD,Negeri,Kec. Jonggat,230207,Kab. Lombok Tengah,230200,Prov. Nusa Tenggara Barat,230000,16,2,272,12,8,0,0,29,01 May 2026 19:33:47,8D67C2F7AB42C4B6B029
SD NEGERI 1 PENGENJEK,50201956,SD,Negeri,Kec. Jonggat,230207,Kab. Lombok Tengah,230200,Prov. Nusa Tenggara Barat,230000,13,1,248,10,10,0,1,10,27 Apr 2026 09:18:45,2BE8ABBBE5639036DEFE
SD NEGERI 1 PUYUNG,50201965,SD,Negeri,Kec. Jonggat,230207,Kab. Lombok Tengah,230200,Prov. Nusa Tenggara Barat,230000,14,3,256,12,10,0,2,8,11 Apr 2026 06:38:33,A52DC8660D9CD8FACF5A
SD NEGERI 2 BAREJULAT,50201908,SD,Negeri,Kec. Jonggat,230207,Kab. Lombok Tengah,230200,Prov. Nusa Tenggara Barat,230000,11,2,190,7,6,0,1,23,28 Apr 2026 11:04:43,0D58C90EC51431344390
SD NEGERI 2 BONJERUK,50201933,SD,Negeri,Kec. Jonggat,230207,Kab. Lombok Tengah,230200,Prov. Nusa Tenggara Barat,230000,8,1,98,6,6,0,1,22,02 May 2026 07:09:56,DDA4F58A756F2C783D58
SD NEGERI 2 BUNKATE,50201932,SD,Negeri,Kec. Jonggat,230207,Kab. Lombok Tengah,230200,Prov. Nusa Tenggara Barat,230000,10,1,119,6,6,0,1,22,02 May 2026 12:12:58,7DBA426A8B9F961BE970
SD NEGERI 2 GEMEL,50201928,SD,Negeri,Kec. Jonggat,230207,Kab. Lombok Tengah,230200,Prov. Nusa Tenggara Barat,230000,9,2,208,7,7,1,1,11,13 Apr 2026 11:14:38,FB0A223108BBBAD9DC30
SD NEGERI 2 JELANTIK,50201907,SD,Negeri,Kec. Jonggat,230207,Kab. Lombok Tengah,230200,Prov. Nusa Tenggara Barat,230000,9,1,60,6,6,0,1,30,12 Apr 2026 21:44:39,20A0B3C724ECB3318D92
SD NEGERI 2 LABULIA,50201093,SD,Negeri,Kec. Jonggat,230207,Kab. Lombok Tengah,230200,Prov. Nusa Tenggara Barat,230000,9,0,110,6,8,0,1,6,30 Apr 2026 05:35:21,4CFE4ACD759F62F0B400
SD NEGERI 2 NYEROT,50201121,SD,Negeri,Kec. Jonggat,230207,Kab. Lombok Tengah,230200,Prov. Nusa Tenggara Barat,230000,11,1,214,8,6,0,2,24,18 Apr 2026 08:08:45,1F780191A7A960D8F343
SD NEGERI 2 PENGENJEK,50201106,SD,Negeri,Kec. Jonggat,230207,Kab. Lombok Tengah,230200,Prov. Nusa Tenggara Barat,230000,10,1,217,8,9,0,1,14,27 Apr 2026 17:49:56,C422529A53660891EDCE
SD NEGERI 2 PERINA,50201069,SD,Negeri,Kec. Jonggat,230207,Kab. Lombok Tengah,230200,Prov. Nusa Tenggara Barat,230000,9,1,122,6,6,0,1,31,22 Apr 2026 17:19:40,4CF5C86DFA8B6F4AFAEA
SD NEGERI 2 PUYUNG,50201064,SD,Negeri,Kec. Jonggat,230207,Kab. Lombok Tengah,230200,Prov. Nusa Tenggara Barat,230000,9,1,153,7,7,0,1,14,28 Apr 2026 09:52:11,358CA3EDF7BF4F660D5B
SD NEGERI 2 SUKARARA,50201084,SD,Negeri,Kec. Jonggat,230207,Kab. Lombok Tengah,230200,Prov. Nusa Tenggara Barat,230000,8,0,38,6,6,0,0,9,11 Apr 2026 07:34:21,4B85233A3B03B77336E3
SD NEGERI 2 UBUNG,50201079,SD,Negeri,Kec. Jonggat,230207,Kab. Lombok Tengah,230200,Prov. Nusa Tenggara Barat,230000,9,3,145,6,6,0,1,10,05 Mar 2026 10:20:49,30CB0E1D85E78DE56ABC
SD NEGERI 3 BAREJULAT,50200966,SD,Negeri,Kec. Jonggat,230207,Kab. Lombok Tengah,230200,Prov. Nusa Tenggara Barat,230000,9,1,45,6,6,0,1,6,02 May 2026 17:53:26,25D5E0082BD8682A3514
SD NEGERI 3 NYEROT,50201170,SD,Negeri,Kec. Jonggat,230207,Kab. Lombok Tengah,230200,Prov. Nusa Tenggara Barat,230000,10,0,157,6,6,0,1,22,05 Apr 2026 00:49:56,EC37033066A33256B01A
SD NEGERI 3 PUYUNG,50201180,SD,Negeri,Kec. Jonggat,230207,Kab. Lombok Tengah,230200,Prov. Nusa Tenggara Barat,230000,8,1,165,6,6,0,0,14,12 Mar 2026 07:35:03,510A9FFEB29FC1416367
SD NEGERI AIK AMPAT,50201162,SD,Negeri,Kec. Jonggat,230207,Kab. Lombok Tengah,230200,Prov. Nusa Tenggara Barat,230000,9,0,159,6,6,0,1,10,05 Mar 2026 21:50:19,3D4B0EBD0DC00A044E0E
SD NEGERI AIK ARA,50201148,SD,Negeri,Kec. Jonggat,230207,Kab. Lombok Tengah,230200,Prov. Nusa Tenggara Barat,230000,9,1,119,6,6,0,1,8,25 Apr 2026 07:20:07,A6D0D18DE1C727F9F6F8
SD NEGERI BATU ENTEK,50200963,SD,Negeri,Kec. Jonggat,230207,Kab. Lombok Tengah,230200,Prov. Nusa Tenggara Barat,230000,9,0,59,6,4,0,1,24,23 Apr 2026 09:25:34,05918502E16F35315FA9
SD NEGERI BATU TINGGANG,50200959,SD,Negeri,Kec. Jonggat,230207,Kab. Lombok Tengah,230200,Prov. Nusa Tenggara Barat,230000,13,1,203,9,10,0,1,18,20 Apr 2026 22:31:59,4A12EEE6425754C8BDFF
SD NEGERI BATUTULIS,50200956,SD,Negeri,Kec. Jonggat,230207,Kab. Lombok Tengah,230200,Prov. Nusa Tenggara Barat,230000,9,2,105,6,5,0,2,13,10 Apr 2026 07:20:52,7755847F102075F3A9DB
SD NEGERI BEBER,50200953,SD,Negeri,Kec. Jonggat,230207,Kab. Lombok Tengah,230200,Prov. Nusa Tenggara Barat,230000,12,0,234,9,8,0,1,4,21 Jan 2026 20:16:41,169CEC368D6B7239360D
SD NEGERI BEJELO,50200981,SD,Negeri,Kec. Jonggat,230207,Kab. Lombok Tengah,230200,Prov. Nusa Tenggara Barat,230000,9,0,104,6,6,0,1,24,16 Apr 2026 10:35:03,EB6B34F3D8C20B227B64
SD NEGERI BEREMBENG,50200976,SD,Negeri,Kec. Jonggat,230207,Kab. Lombok Tengah,230200,Prov. Nusa Tenggara Barat,230000,10,1,164,8,10,0,1,9,30 Apr 2026 09:41:10,D8D5E709376AE1546E2E
SD NEGERI BILAKERE,50200975,SD,Negeri,Kec. Jonggat,230207,Kab. Lombok Tengah,230200,Prov. Nusa Tenggara Barat,230000,11,2,145,7,6,0,1,15,09 Apr 2026 06:55:40,969BDDA10E2ECCF9F364
SD NEGERI BUN SUMPAK,50200923,SD,Negeri,Kec. Jonggat,230207,Kab. Lombok Tengah,230200,Prov. Nusa Tenggara Barat,230000,11,0,122,6,6,0,2,21,07 Apr 2026 05:58:42,3C490C0462EEC4B245E7
SD NEGERI BUNCALANG,50200929,SD,Negeri,Kec. Jonggat,230207,Kab. Lombok Tengah,230200,Prov. Nusa Tenggara Barat,230000,10,1,48,6,6,0,1,31,12 Apr 2026 11:53:57,5CFDC29AC33E3A007772
SD NEGERI BUNPEDEK,50200919,SD,Negeri,Kec. Jonggat,230207,Kab. Lombok Tengah,230200,Prov. Nusa Tenggara Barat,230000,8,1,153,7,5,0,2,7,04 Mar 2026 07:14:22,D3749EBCF5648165F820
SD NEGERI BUNSAMBANG,50200922,SD,Negeri,Kec. Jonggat,230207,Kab. Lombok Tengah,230200,Prov. Nusa Tenggara Barat,230000,11,1,170,8,7,0,1,52,29 Apr 2026 10:57:18,A8749CC25FF5FDDAAB74
SD NEGERI BURHANA,50200934,SD,Negeri,Kec. Jonggat,230207,Kab. Lombok Tengah,230200,Prov. Nusa Tenggara Barat,230000,10,0,106,6,6,0,1,26,02 May 2026 18:04:36,FA094945393D8ED465E1
SD NEGERI DASAN BENGKEL,50200943,SD,Negeri,Kec. Jonggat,230207,Kab. Lombok Tengah,230200,Prov. Nusa Tenggara Barat,230000,10,1,93,6,5,0,1,19,29 Apr 2026 09:06:08,37A890ABA7A2673AA6DB
SD NEGERI DASAN KETUJUR,50200941,SD,Negeri,Kec. Jonggat,230207,Kab. Lombok Tengah,230200,Prov. Nusa Tenggara Barat,230000,9,1,55,6,6,0,1,1,23 Apr 2026 09:03:26,975A134A1D4750C95C18
SD NEGERI Dasan Lekong,50200939,SD,Negeri,Kec. Jonggat,230207,Kab. Lombok Tengah,230200,Prov. Nusa Tenggara Barat,230000,10,1,151,7,6,0,1,12,06 Apr 2026 21:54:08,8F5F80A2A192143019FB
SD NEGERI DASAN SEBELEK,50200938,SD,Negeri,Kec. Jonggat,230207,Kab. Lombok Tengah,230200,Prov. Nusa Tenggara Barat,230000,10,1,190,8,6,0,1,24,22 Apr 2026 10:49:47,BC7295351D40DE38AFF4
SD NEGERI EMBUNG DUDUK,50201034,SD,Negeri,Kec. Jonggat,230207,Kab. Lombok Tengah,230200,Prov. Nusa Tenggara Barat,230000,9,1,154,7,6,0,1,6,26 Feb 2026 22:34:27,A469348D5778DCBFFFC5
SD NEGERI GALANG BULAN,50201029,SD,Negeri,Kec. Jonggat,230207,Kab. Lombok Tengah,230200,Prov. Nusa Tenggara Barat,230000,10,1,184,6,6,0,1,25,01 May 2026 09:40:43,CBEFF5DD7E4E29DE9F6F
SD NEGERI JERENENG,50201039,SD,Negeri,Kec. Jonggat,230207,Kab. Lombok Tengah,230200,Prov. Nusa Tenggara Barat,230000,9,2,160,8,7,0,1,11,08 Apr 2026 16:55:08,1C1D3EE65EA98C6CF436
SD NEGERI LOANG TUNA,50201485,SD,Negeri,Kec. Jonggat,230207,Kab. Lombok Tengah,230200,Prov. Nusa Tenggara Barat,230000,7,1,63,6,6,0,0,9,29 Apr 2026 19:05:39,0BA064C8C34AAE9F84AC
SD NEGERI MANGGONG,50201497,SD,Negeri,Kec. Jonggat,230207,Kab. Lombok Tengah,230200,Prov. Nusa Tenggara Barat,230000,13,0,200,7,5,0,1,13,17 Apr 2026 02:06:55,C943E6C244593E3C2F7A
SD NEGERI OTAK DESA,50201464,SD,Negeri,Kec. Jonggat,230207,Kab. Lombok Tengah,230200,Prov. Nusa Tenggara Barat,230000,8,1,121,6,6,0,1,24,29 Apr 2026 10:56:55,C5B0405095F527AFF65E
SD NEGERI Peresak,50201535,SD,Negeri,Kec. Jonggat,230207,Kab. Lombok Tengah,230200,Prov. Nusa Tenggara Barat,230000,9,1,64,6,6,0,1,18,10 Apr 2026 07:30:25,2598E50C1D980A02816C
SD NEGERI SELANGLET,50201526,SD,Negeri,Kec. Jonggat,230207,Kab. Lombok Tengah,230200,Prov. Nusa Tenggara Barat,230000,9,4,203,8,8,2,1,14,08 Apr 2026 15:59:01,90F74E6E629C1DD55100
SD NEGERI SETUMBAK,50201337,SD,Negeri,Kec. Jonggat,230207,Kab. Lombok Tengah,230200,Prov. Nusa Tenggara Barat,230000,8,2,121,6,6,0,1,18,03 Mar 2026 10:01:07,E830E7F51006EBE33A41
SD NEGERI SULIN,50201361,SD,Negeri,Kec. Jonggat,230207,Kab. Lombok Tengah,230200,Prov. Nusa Tenggara Barat,230000,8,1,118,6,6,0,1,5,27 Jan 2026 09:09:02,3CEFF78F0FD49E35C433
SD NEGERI SURABAYA,50201357,SD,Negeri,Kec. Jonggat,230207,Kab. Lombok Tengah,230200,Prov. Nusa Tenggara Barat,230000,8,0,147,6,6,0,1,16,02 May 2026 12:13:49,B2E919FC972C2118A712
SD NEGERI TANDEK,50201310,SD,Negeri,Kec. Jonggat,230207,Kab. Lombok Tengah,230200,Prov. Nusa Tenggara Barat,230000,12,2,218,9,9,0,1,9,11 Feb 2026 07:45:21,9778CA37C88A37B60A3F
SD NEGERI TIMUK GAWAH,50201301,SD,Negeri,Kec. Jonggat,230207,Kab. Lombok Tengah,230200,Prov. Nusa Tenggara Barat,230000,10,2,116,6,6,0,1,16,29 Apr 2026 09:27:42,0389EA4139B340FC2757
SD NEGERI WAKER,50201323,SD,Negeri,Kec. Jonggat,230207,Kab. Lombok Tengah,230200,Prov. Nusa Tenggara Barat,230000,9,2,142,7,7,0,1,27,02 Apr 2026 19:09:53,BADE952364313B2B9B06
SDN DASAN BARU,50200948,SD,Negeri,Kec. Jonggat,230207,Kab. Lombok Tengah,230200,Prov. Nusa Tenggara Barat,230000,10,1,140,6,9,0,1,9,06 Apr 2026 14:43:24,A1BFBE7637C951B27F94
SDIT GENERASI MUSLIM CENDEKIA,69920757,SD,Swasta,Kec. Jonggat,230207,Kab. Lombok Tengah,230200,Prov. Nusa Tenggara Barat,230000,17,1,287,13,10,0,1,12,20 Apr 2026 10:00:47,23FECA3F180AFC61D7C9
SMP NEGERI 1 JONGGAT,50201431,SMP,Negeri,Kec. Jonggat,230207,Kab. Lombok Tengah,230200,Prov. Nusa Tenggara Barat,230000,32,8,574,19,21,2,1,36,30 Apr 2026 08:08:33,2286A41C9D5984B5F267
SMP NEGERI 2 JONGGAT,50201404,SMP,Negeri,Kec. Jonggat,230207,Kab. Lombok Tengah,230200,Prov. Nusa Tenggara Barat,230000,32,11,426,15,20,5,1,20,02 May 2026 08:25:48,4EFF95A5049B015FC91D
SMP NEGERI 3 JONGGAT,50201426,SMP,Negeri,Kec. Jonggat,230207,Kab. Lombok Tengah,230200,Prov. Nusa Tenggara Barat,230000,24,7,258,9,13,2,1,32,30 Apr 2026 12:45:29,23F73280C5D8287A1932
SMP NEGERI 4 JONGGAT,50201398,SMP,Negeri,Kec. Jonggat,230207,Kab. Lombok Tengah,230200,Prov. Nusa Tenggara Barat,230000,18,7,214,8,11,1,3,46,25 Apr 2026 08:19:52,922ECEF6A2A8FB785147
SMP NEGERI 5 JONGGAT,50201377,SMP,Negeri,Kec. Jonggat,230207,Kab. Lombok Tengah,230200,Prov. Nusa Tenggara Barat,230000,18,4,250,9,9,2,1,29,29 Apr 2026 11:13:58,724A47995B382D600143
SMPN 6 JONGGAT,69815400,SMP,Negeri,Kec. Jonggat,230207,Kab. Lombok Tengah,230200,Prov. Nusa Tenggara Barat,230000,14,3,73,3,6,1,1,32,16 Apr 2026 19:42:51,B4ACAD18B373203CA08D
SMP ISLAM ABUL BAROKAAT,69830380,SMP,Swasta,Kec. Jonggat,230207,Kab. Lombok Tengah,230200,Prov. Nusa Tenggara Barat,230000,17,1,198,8,9,1,1,10,09 Apr 2026 09:49:34,3AE8909E9F7E4789B66C
SMP ISLAM AL HIDAYAH,50220270,SMP,Swasta,Kec. Jonggat,230207,Kab. Lombok Tengah,230200,Prov. Nusa Tenggara Barat,230000,16,1,103,6,6,2,1,18,31 Mar 2026 06:33:52,8B8B8CE0E979751B9AE4
SMP ISLAM DARUL ATQIA,70002515,SMP,Swasta,Kec. Jonggat,230207,Kab. Lombok Tengah,230200,Prov. Nusa Tenggara Barat,230000,6,2,66,4,3,0,0,20,03 Apr 2026 03:44:41,08F493C73E07AC35C9EE
SMP ISLAM DARUL QURAN,69978637,SMP,Swasta,Kec. Jonggat,230207,Kab. Lombok Tengah,230200,Prov. Nusa Tenggara Barat,230000,15,1,158,7,7,0,1,14,04 Mar 2026 08:10:57,4C9905194B9F2B7AF2A1
SMP ISLAM DARUTTANWIR,50222382,SMP,Swasta,Kec. Jonggat,230207,Kab. Lombok Tengah,230200,Prov. Nusa Tenggara Barat,230000,8,1,58,3,3,1,1,21,20 Apr 2026 12:45:13,30EDE8857F79813F1225
SMP ISLAM PLUS DARULHUKUMAINI,60729250,SMP,Swasta,Kec. Jonggat,230207,Kab. Lombok Tengah,230200,Prov. Nusa Tenggara Barat,230000,10,3,244,9,10,0,2,14,28 Apr 2026 07:38:47,5A7CC07DEF551D6A7E18
SMP Islam Terpadu Generasi Muslim Cendekia (GMC),69918711,SMP,Swasta,Kec. Jonggat,230207,Kab. Lombok Tengah,230200,Prov. Nusa Tenggara Barat,230000,16,3,248,9,13,1,1,16,23 Apr 2026 08:49:47,E74B34FCA9B59131353C
SMP ISLAM TERPADU INSAN QURANI MULIA,69948716,SMP,Swasta,Kec. Jonggat,230207,Kab. Lombok Tengah,230200,Prov. Nusa Tenggara Barat,230000,7,2,105,5,6,2,1,7,13 Apr 2026 21:09:23,BC0738EEEBF4A2ABE725
SMP IT DAR AL-ATIQ,70024829,SMP,Swasta,Kec. Jonggat,230207,Kab. Lombok Tengah,230200,Prov. Nusa Tenggara Barat,230000,5,1,46,3,3,1,1,6,03 Mar 2026 18:39:02,6295849DCEA3494A5325
SMP IT DARUL QURAN HAMBALI BEREMBENG,70015716,SMP,Swasta,Kec. Jonggat,230207,Kab. Lombok Tengah,230200,Prov. Nusa Tenggara Barat,230000,7,2,77,3,4,0,0,21,02 May 2026 07:50:10,F9F08842E6C72BBB5920
SMP Nurul Ittihad Perina,50219964,SMP,Swasta,Kec. Jonggat,230207,Kab. Lombok Tengah,230200,Prov. Nusa Tenggara Barat,230000,9,3,99,5,5,1,1,11,08 Apr 2026 08:39:20,81DF3651637C01031F9E
SMAN 1 JONGGAT,50201393,SMA,Negeri,Kec. Jonggat,230207,Kab. Lombok Tengah,230200,Prov. Nusa Tenggara Barat,230000,63,17,1203,35,30,5,1,35,29 Apr 2026 10:28:40,B11D4CD4BDC090C6B05C
SMAN 2 JONGGAT,50205081,SMA,Negeri,Kec. Jonggat,230207,Kab. Lombok Tengah,230200,Prov. Nusa Tenggara Barat,230000,24,9,383,12,22,4,1,36,29 Apr 2026 10:18:55,663FB7A89E8DEBFAEE06
SMA DARUL QURAN NYEROT,70029832,SMA,Swasta,Kec. Jonggat,230207,Kab. Lombok Tengah,230200,Prov. Nusa Tenggara Barat,230000,9,1,122,5,2,0,0,18,26 Apr 2026 06:06:20,63215AD3EFD442280578
SMA ISLAM DARUL ATQIA,70042424,SMA,Swasta,Kec. Jonggat,230207,Kab. Lombok Tengah,230200,Prov. Nusa Tenggara Barat,230000,5,1,39,3,3,0,1,20,28 Apr 2026 14:08:36,2F40ACA08E8C414EAF97
SMA ISLAM TERPADU BEBER,69947027,SMA,Swasta,Kec. Jonggat,230207,Kab. Lombok Tengah,230200,Prov. Nusa Tenggara Barat,230000,14,2,84,3,1,0,0,25,22 Apr 2026 09:20:01,FA976394B1B6FEA0DD9E
SMA ISLAM TERPADU INSAN QURAN MULIA,70036523,SMA,Swasta,Kec. Jonggat,230207,Kab. Lombok Tengah,230200,Prov. Nusa Tenggara Barat,230000,7,1,28,3,3,1,1,13,13 Apr 2026 20:21:18,4785E81C6DD4DFCAAB26
SMA IT DAR AL-ATIQ MANGGONG,70056791,SMA,Swasta,Kec. Jonggat,230207,Kab. Lombok Tengah,230200,Prov. Nusa Tenggara Barat,230000,3,1,16,2,3,0,0,8,11 Mar 2026 16:21:30,3EFE7CBC699968E99FED
SMA NURUSSIBYAN,70011541,SMA,Swasta,Kec. Jonggat,230207,Kab. Lombok Tengah,230200,Prov. Nusa Tenggara Barat,230000,13,1,17,3,3,1,1,11,27 Apr 2026 19:33:23,D6D5FF51A83FF45D0F0C
SMAS ANGKASATU JONGGAT,50201367,SMA,Swasta,Kec. Jonggat,230207,Kab. Lombok Tengah,230200,Prov. Nusa Tenggara Barat,230000,10,3,35,3,5,0,1,7,06 Mar 2026 09:10:25,1444941DC408E1131B62
SMAS NURUL FALAH PERINA,69755773,SMA,Swasta,Kec. Jonggat,230207,Kab. Lombok Tengah,230200,Prov. Nusa Tenggara Barat,230000,14,1,34,3,3,2,1,13,10 Mar 2026 09:15:50,33DDCBA854210D8AFC09
SMAS NW BONJERUK,50201382,SMA,Swasta,Kec. Jonggat,230207,Kab. Lombok Tengah,230200,Prov. Nusa Tenggara Barat,230000,9,0,40,3,3,1,1,8,03 Apr 2026 14:33:53,7782F755F67AFEC1639F
SMK Negeri 1 Jonggat,69900838,SMK,Negeri,Kec. Jonggat,230207,Kab. Lombok Tengah,230200,Prov. Nusa Tenggara Barat,230000,44,15,495,17,12,4,1,29,06 Apr 2026 16:22:07,9FDD980C565540DC673D
SMK INTEGRAL HIDAYATULLAH,70056746,SMK,Swasta,Kec. Jonggat,230207,Kab. Lombok Tengah,230200,Prov. Nusa Tenggara Barat,230000,0,0,0,0,0,0,0,0,,FB4FB4C254FB24C10417
SMK ISLAM ABUL BAROKAAT NW,69942560,SMK,Swasta,Kec. Jonggat,230207,Kab. Lombok Tengah,230200,Prov. Nusa Tenggara Barat,230000,7,1,130,5,8,1,1,30,27 Apr 2026 08:43:22,97905A40C2E312830444
SMK ISLAM TERPADU GENERASI MUSLIM CENDEKIA,70015629,SMK,Swasta,Kec. Jonggat,230207,Kab. Lombok Tengah,230200,Prov. Nusa Tenggara Barat,230000,14,2,58,6,6,4,1,45,21 Apr 2026 09:38:50,4CB076AEC8DC05DE1302
SMK NURUL HIDAYAH LABULIA,69903437,SMK,Swasta,Kec. Jonggat,230207,Kab. Lombok Tengah,230200,Prov. Nusa Tenggara Barat,230000,2,0,0,0,0,0,0,0,,46DA6E99300070A3BB03
SMK TUNAS HARAPAN,70056932,SMK,Swasta,Kec. Jonggat,230207,Kab. Lombok Tengah,230200,Prov. Nusa Tenggara Barat,230000,0,0,0,0,0,0,0,0,,6B1D69DF1CBD8C79A536
SMKS DARUTTANWIR PUYUNG,50219595,SMK,Swasta,Kec. Jonggat,230207,Kab. Lombok Tengah,230200,Prov. Nusa Tenggara Barat,230000,11,1,59,4,4,1,1,24,30 Apr 2026 21:42:42,8DABD77C7246D99817B4
SD NEGERI 1 DARMAJI,50201842,SD,Negeri,Kec. Kopang,230205,Kab. Lombok Tengah,230200,Prov. Nusa Tenggara Barat,230000,13,0,190,10,9,0,1,14,22 Apr 2026 18:36:36,9CEE29F3D8045EC57003
SD NEGERI 1 KOPANG,50201862,SD,Negeri,Kec. Kopang,230205,Kab. Lombok Tengah,230200,Prov. Nusa Tenggara Barat,230000,19,2,349,13,8,1,1,10,24 Apr 2026 07:24:30,065B790F693BDE7456B1
SD NEGERI 1 Monggas,50201949,SD,Negeri,Kec. Kopang,230205,Kab. Lombok Tengah,230200,Prov. Nusa Tenggara Barat,230000,10,2,144,6,6,0,1,34,28 Apr 2026 19:34:20,2A546F02FA8B2C2CBBF3
SD NEGERI 1 MONTONG GAMANG,50201947,SD,Negeri,Kec. Kopang,230205,Kab. Lombok Tengah,230200,Prov. Nusa Tenggara Barat,230000,11,1,206,9,6,0,1,5,05 Mar 2026 22:14:59,E4CB34CE9E5FD5E211D2
SD NEGERI 1 Peseng,50201969,SD,Negeri,Kec. Kopang,230205,Kab. Lombok Tengah,230200,Prov. Nusa Tenggara Barat,230000,10,2,98,6,6,0,1,5,30 Mar 2026 07:58:18,AC0D20ED3826AF7D76E8
SD NEGERI 2 DARMAJI,50201929,SD,Negeri,Kec. Kopang,230205,Kab. Lombok Tengah,230200,Prov. Nusa Tenggara Barat,230000,10,1,124,6,6,0,1,20,16 Apr 2026 10:05:53,0E5EFEF23B662E35BA13
SD NEGERI 2 KOPANG,50201095,SD,Negeri,Kec. Kopang,230205,Kab. Lombok Tengah,230200,Prov. Nusa Tenggara Barat,230000,11,2,181,7,10,0,0,13,03 Apr 2026 19:59:12,DD4020A7A9293D779A8A
SD NEGERI 2 MONGGAS,50201127,SD,Negeri,Kec. Kopang,230205,Kab. Lombok Tengah,230200,Prov. Nusa Tenggara Barat,230000,12,1,192,8,8,0,1,27,08 Apr 2026 10:07:41,E61093B497E701036295
SD NEGERI 2 MONTONG GAMANG,50201125,SD,Negeri,Kec. Kopang,230205,Kab. Lombok Tengah,230200,Prov. Nusa Tenggara Barat,230000,9,1,130,6,6,0,1,44,18 Apr 2026 08:11:12,41DFF86C8DB103EA3591
SD NEGERI 2 Peseng,50201068,SD,Negeri,Kec. Kopang,230205,Kab. Lombok Tengah,230200,Prov. Nusa Tenggara Barat,230000,11,1,206,8,6,0,1,27,28 Apr 2026 08:32:51,F86CCC4838C65E144625
SD NEGERI 3 KOPANG,50201175,SD,Negeri,Kec. Kopang,230205,Kab. Lombok Tengah,230200,Prov. Nusa Tenggara Barat,230000,10,1,90,6,6,0,1,26,07 Apr 2026 17:23:11,DD9F80CAAA3ECAE4B15C
SD NEGERI 4 KOPANG,50201189,SD,Negeri,Kec. Kopang,230205,Kab. Lombok Tengah,230200,Prov. Nusa Tenggara Barat,230000,16,3,403,12,11,0,1,24,20 Apr 2026 09:00:48,866A38FC008587BCB6E8
SD NEGERI BARE ELEH,50200984,SD,Negeri,Kec. Kopang,230205,Kab. Lombok Tengah,230200,Prov. Nusa Tenggara Barat,230000,9,2,101,6,6,0,1,25,16 Apr 2026 21:52:33,2D92BF69D68AF7BF5BF9
SD NEGERI BEBAK,50200955,SD,Negeri,Kec. Kopang,230205,Kab. Lombok Tengah,230200,Prov. Nusa Tenggara Barat,230000,9,2,111,6,6,0,0,24,28 Apr 2026 21:03:57,B44C9E2E0A23B38A1815
SD NEGERI Bebuak,50200983,SD,Negeri,Kec. Kopang,230205,Kab. Lombok Tengah,230200,Prov. Nusa Tenggara Barat,230000,11,2,116,7,5,0,2,20,18 Apr 2026 11:02:08,E4082D8347A954270D89
SD NEGERI BISOK BOKAH,50200952,SD,Negeri,Kec. Kopang,230205,Kab. Lombok Tengah,230200,Prov. Nusa Tenggara Barat,230000,9,2,121,6,6,0,1,13,05 Mar 2026 20:17:18,97E71E9F1FC932B92507
SD NEGERI BUAL,50200931,SD,Negeri,Kec. Kopang,230205,Kab. Lombok Tengah,230200,Prov. Nusa Tenggara Barat,230000,9,1,72,6,6,0,1,20,24 Apr 2026 07:37:28,5D37687C3D703BA1DF12
SD NEGERI DASAN BARU,50200947,SD,Negeri,Kec. Kopang,230205,Kab. Lombok Tengah,230200,Prov. Nusa Tenggara Barat,230000,9,1,177,7,7,1,1,19,09 Apr 2026 08:11:53,74161C6E79B1F4F4181E
SD NEGERI DASAN JONTAK,50200942,SD,Negeri,Kec. Kopang,230205,Kab. Lombok Tengah,230200,Prov. Nusa Tenggara Barat,230000,14,1,238,10,9,0,1,20,21 Apr 2026 06:38:37,16C8DE17FF560F0C0CCD
SD NEGERI EMBUNG KARUNG,50201033,SD,Negeri,Kec. Kopang,230205,Kab. Lombok Tengah,230200,Prov. Nusa Tenggara Barat,230000,16,1,277,12,9,0,1,28,04 Mar 2026 10:12:35,8D4EC07C1F2922B1FACE
SD NEGERI GUNUNG GATEP,50201046,SD,Negeri,Kec. Kopang,230205,Kab. Lombok Tengah,230200,Prov. Nusa Tenggara Barat,230000,11,2,215,8,7,0,1,13,10 Apr 2026 07:32:05,9533C2AA00648F0D009F
SD NEGERI JURIT,50200998,SD,Negeri,Kec. Kopang,230205,Kab. Lombok Tengah,230200,Prov. Nusa Tenggara Barat,230000,9,2,173,7,6,0,1,17,02 May 2026 07:39:28,80781CE5B1D5B625EB79
SD NEGERI KARANG TENGAK,50200992,SD,Negeri,Kec. Kopang,230205,Kab. Lombok Tengah,230200,Prov. Nusa Tenggara Barat,230000,16,1,218,11,6,0,1,22,06 Mar 2026 22:15:58,6BE14A709834C9EBAAD3
SD NEGERI KENAWA,50201018,SD,Negeri,Kec. Kopang,230205,Kab. Lombok Tengah,230200,Prov. Nusa Tenggara Barat,230000,10,2,155,7,6,0,1,23,04 Apr 2026 08:03:08,C3C63E6D598DC6CCBB7C
SD NEGERI KWANG RASE,50201006,SD,Negeri,Kec. Kopang,230205,Kab. Lombok Tengah,230200,Prov. Nusa Tenggara Barat,230000,10,1,100,6,6,0,0,12,30 Apr 2026 10:12:41,3A539098FD2E6B7DD043
SD NEGERI KWANGPATI,50201007,SD,Negeri,Kec. Kopang,230205,Kab. Lombok Tengah,230200,Prov. Nusa Tenggara Barat,230000,9,0,177,7,6,0,1,12,21 Apr 2026 09:40:19,27B07626C766CAA9BCA1
SD NEGERI LENDANG ARA,50201480,SD,Negeri,Kec. Kopang,230205,Kab. Lombok Tengah,230200,Prov. Nusa Tenggara Barat,230000,9,2,207,7,5,0,1,14,08 Apr 2026 06:28:07,77063E1C53DF8E76CBB8
SD NEGERI LENDANG TELAGA,50201475,SD,Negeri,Kec. Kopang,230205,Kab. Lombok Tengah,230200,Prov. Nusa Tenggara Barat,230000,10,1,103,6,6,0,0,17,27 Apr 2026 08:52:15,6417E85ED08B754EEBD3
SD NEGERI LINGKUNG,50201469,SD,Negeri,Kec. Kopang,230205,Kab. Lombok Tengah,230200,Prov. Nusa Tenggara Barat,230000,9,1,183,6,6,0,1,16,28 Apr 2026 11:02:18,0D89191A0C9542181BF1
SD NEGERI Montong Batu,50201445,SD,Negeri,Kec. Kopang,230205,Kab. Lombok Tengah,230200,Prov. Nusa Tenggara Barat,230000,11,2,223,9,9,0,1,11,10 Apr 2026 07:59:15,1503A5A23B8F7E532208
SD NEGERI MONTONG BUAK,50201443,SD,Negeri,Kec. Kopang,230205,Kab. Lombok Tengah,230200,Prov. Nusa Tenggara Barat,230000,11,0,193,8,8,0,2,16,04 Apr 2026 07:58:19,AAD3C3CC5E7EFBE4723E
SD NEGERI MONTONG TANGGAK,50201440,SD,Negeri,Kec. Kopang,230205,Kab. Lombok Tengah,230200,Prov. Nusa Tenggara Barat,230000,8,0,196,6,6,0,0,8,07 Apr 2026 20:15:41,D08EC910BD6D28EF4328
SD NEGERI MUMBANG,50201187,SD,Negeri,Kec. Kopang,230205,Kab. Lombok Tengah,230200,Prov. Nusa Tenggara Barat,230000,9,1,145,6,6,0,1,7,13 Apr 2026 07:49:31,3C4BCA28CE95F1601539
SD NEGERI Muncan,50201435,SD,Negeri,Kec. Kopang,230205,Kab. Lombok Tengah,230200,Prov. Nusa Tenggara Barat,230000,9,2,142,6,6,0,1,7,27 Jan 2026 08:41:32,559136B5379A2A878DAB
SD NEGERI Penimpoh,50201542,SD,Negeri,Kec. Kopang,230205,Kab. Lombok Tengah,230200,Prov. Nusa Tenggara Barat,230000,10,1,104,6,6,0,0,30,18 Mar 2026 11:41:44,76A782B99439B8E47C66
SD NEGERI PERESAK BEBUAK,50201537,SD,Negeri,Kec. Kopang,230205,Kab. Lombok Tengah,230200,Prov. Nusa Tenggara Barat,230000,13,1,204,9,6,0,1,22,28 Apr 2026 10:44:05,02D086CF3A0520144ED4
SD NEGERI PETEMON,50201566,SD,Negeri,Kec. Kopang,230205,Kab. Lombok Tengah,230200,Prov. Nusa Tenggara Barat,230000,9,1,177,6,5,0,1,17,09 Apr 2026 04:59:06,938C10888FAF4ABE246D
SD NEGERI PRESAK DARMAJI,50201558,SD,Negeri,Kec. Kopang,230205,Kab. Lombok Tengah,230200,Prov. Nusa Tenggara Barat,230000,9,1,128,6,6,0,0,18,15 Apr 2026 21:52:53,236534EA3A0DC4DE136C
SD NEGERI PUYUNG,50201552,SD,Negeri,Kec. Kopang,230205,Kab. Lombok Tengah,230200,Prov. Nusa Tenggara Barat,230000,8,1,88,6,6,0,1,17,06 Apr 2026 07:04:50,0A810278730879E11E39
SD NEGERI RENGGUNG,50201514,SD,Negeri,Kec. Kopang,230205,Kab. Lombok Tengah,230200,Prov. Nusa Tenggara Barat,230000,18,1,305,13,7,0,1,17,28 Apr 2026 11:04:53,0966AAE8696521A13CAD
SD NEGERI RENGKAK,50201513,SD,Negeri,Kec. Kopang,230205,Kab. Lombok Tengah,230200,Prov. Nusa Tenggara Barat,230000,9,1,115,6,6,0,0,1,21 Apr 2026 20:27:03,69012274D4BF77489731
SD NEGERI REPOK BIJANG,50201512,SD,Negeri,Kec. Kopang,230205,Kab. Lombok Tengah,230200,Prov. Nusa Tenggara Barat,230000,7,2,102,6,6,0,0,21,07 Apr 2026 07:48:44,2D0950C40DB59FF4196B
SD NEGERI RETOT,50201507,SD,Negeri,Kec. Kopang,230205,Kab. Lombok Tengah,230200,Prov. Nusa Tenggara Barat,230000,11,0,209,9,7,0,1,45,26 Apr 2026 18:15:14,CAB9E909E7EF1051D36A
SD NEGERI SEMALANG,50201521,SD,Negeri,Kec. Kopang,230205,Kab. Lombok Tengah,230200,Prov. Nusa Tenggara Barat,230000,11,1,173,7,6,0,0,19,28 Apr 2026 10:46:31,0B4453A2A89E564BE8B5
SD NEGERI SEMPARU,50201501,SD,Negeri,Kec. Kopang,230205,Kab. Lombok Tengah,230200,Prov. Nusa Tenggara Barat,230000,14,3,277,9,10,0,2,13,08 Apr 2026 07:15:27,31B3246C715DBD626874
SD NEGERI Sombek,50201360,SD,Negeri,Kec. Kopang,230205,Kab. Lombok Tengah,230200,Prov. Nusa Tenggara Barat,230000,8,2,117,6,6,0,0,20,25 Apr 2026 09:04:05,E5642CC84DCC72B1B024
SD NEGERI WAJAGESENG,50201324,SD,Negeri,Kec. Kopang,230205,Kab. Lombok Tengah,230200,Prov. Nusa Tenggara Barat,230000,8,1,207,6,5,0,1,20,16 Apr 2026 04:13:20,E69040944F63557FEAA5
SD AL-MAARIF NU AL-KHAIRI,70035754,SD,Swasta,Kec. Kopang,230205,Kab. Lombok Tengah,230200,Prov. Nusa Tenggara Barat,230000,4,1,24,4,4,0,0,28,08 Apr 2026 14:48:04,75780073E8F02D119D9C
SD ISLAM AD-DUHA,70025019,SD,Swasta,Kec. Kopang,230205,Kab. Lombok Tengah,230200,Prov. Nusa Tenggara Barat,230000,6,1,103,5,1,0,0,10,22 Apr 2026 09:31:25,A2072518A921B3CCEC12
SD ISLAM AZ- ZIKRI,69787079,SD,Swasta,Kec. Kopang,230205,Kab. Lombok Tengah,230200,Prov. Nusa Tenggara Barat,230000,12,1,86,6,4,0,1,58,27 Apr 2026 12:24:50,C983619E7A977C795786
SD ISLAM NURUL MUBIN NW IWAN BONGKOT,70005814,SD,Swasta,Kec. Kopang,230205,Kab. Lombok Tengah,230200,Prov. Nusa Tenggara Barat,230000,8,1,81,6,5,1,0,24,27 Apr 2026 18:26:27,0A5FBAA11069558FDFDB
SMP NEGERI 1 KOPANG,50201413,SMP,Negeri,Kec. Kopang,230205,Kab. Lombok Tengah,230200,Prov. Nusa Tenggara Barat,230000,37,5,679,19,19,2,1,13,07 Mar 2026 09:06:56,8CA80CA7BB755CB9FE00
SMP NEGERI 2 KOPANG,50201403,SMP,Negeri,Kec. Kopang,230205,Kab. Lombok Tengah,230200,Prov. Nusa Tenggara Barat,230000,32,6,428,14,15,4,1,37,28 Apr 2026 11:49:26,A37449761BC487F8BAB4
SMP NEGERI 3 KOPANG,50201425,SMP,Negeri,Kec. Kopang,230205,Kab. Lombok Tengah,230200,Prov. Nusa Tenggara Barat,230000,38,5,548,17,17,1,1,37,22 Apr 2026 07:09:31,1B47678326C7FE175C7B
SMP NEGERI 4 KOPANG,50201380,SMP,Negeri,Kec. Kopang,230205,Kab. Lombok Tengah,230200,Prov. Nusa Tenggara Barat,230000,11,6,253,10,8,2,1,17,14 Apr 2026 07:52:47,66051BE28213CA1636DA
SMP NEGERI 5 KOPANG,50201376,SMP,Negeri,Kec. Kopang,230205,Kab. Lombok Tengah,230200,Prov. Nusa Tenggara Barat,230000,21,4,294,11,12,2,1,17,24 Apr 2026 09:01:51,10B1BAAFF0D54B13BAF3
SMP NEGERI 6 KOPANG,50219608,SMP,Negeri,Kec. Kopang,230205,Kab. Lombok Tengah,230200,Prov. Nusa Tenggara Barat,230000,17,9,315,11,11,2,1,36,28 Apr 2026 08:31:05,C0893A1C46E6C8903D05
SMP DARUSSALAM KOPANG,50205181,SMP,Swasta,Kec. Kopang,230205,Kab. Lombok Tengah,230200,Prov. Nusa Tenggara Barat,230000,7,2,25,3,3,1,1,29,23 Apr 2026 21:32:02,66494AC3A66F3646D386
SMP ISLAM AD-DUHA,69902886,SMP,Swasta,Kec. Kopang,230205,Kab. Lombok Tengah,230200,Prov. Nusa Tenggara Barat,230000,7,3,283,8,8,2,1,17,27 Apr 2026 10:00:46,453DC088092B01DC28AE
SMP ISLAM AL BABUSSALAM,69882412,SMP,Swasta,Kec. Kopang,230205,Kab. Lombok Tengah,230200,Prov. Nusa Tenggara Barat,230000,11,1,43,3,3,1,1,23,27 Apr 2026 10:00:09,280FD844A2947B5C91DB
SMP ISLAM AL-AIMMAH NW,70000709,SMP,Swasta,Kec. Kopang,230205,Kab. Lombok Tengah,230200,Prov. Nusa Tenggara Barat,230000,13,1,58,3,5,1,1,8,14 Mar 2026 12:15:50,DAC5003DF71316DF50A0
SMP ISLAM AL-IKHLAS AL-ISLAMY,69902885,SMP,Swasta,Kec. Kopang,230205,Kab. Lombok Tengah,230200,Prov. Nusa Tenggara Barat,230000,8,2,82,3,3,2,1,16,29 Apr 2026 16:30:54,FB32198570EBE582DE1C
SMP ISLAM BAITURRAHMAN MAHMUDI BEBUAK,69755770,SMP,Swasta,Kec. Kopang,230205,Kab. Lombok Tengah,230200,Prov. Nusa Tenggara Barat,230000,12,1,141,5,3,1,1,58,02 May 2026 05:25:47,AC91AABBA05F223916C0
SMP NW LINGKUNG KOPANG,50205187,SMP,Swasta,Kec. Kopang,230205,Kab. Lombok Tengah,230200,Prov. Nusa Tenggara Barat,230000,4,1,18,3,3,0,0,18,24 Apr 2026 08:40:43,E6251A8CFE44CDABCE8A
SMP PLUS NURUL MUBIN NW IWAN BONGKOT,69957033,SMP,Swasta,Kec. Kopang,230205,Kab. Lombok Tengah,230200,Prov. Nusa Tenggara Barat,230000,9,1,117,4,3,1,1,28,02 May 2026 00:17:02,D1EE13CA802FD26791E8
SMPS ISLAM ALGHAFURIYAH,50222364,SMP,Swasta,Kec. Kopang,230205,Kab. Lombok Tengah,230200,Prov. Nusa Tenggara Barat,230000,8,1,20,3,3,0,0,14,16 Apr 2026 10:14:11,301D0EFEC6ADD91A92CF
SMPS NW MUMBANG,69786354,SMP,Swasta,Kec. Kopang,230205,Kab. Lombok Tengah,230200,Prov. Nusa Tenggara Barat,230000,4,1,23,3,3,1,1,9,13 Apr 2026 09:11:21,3ECBE56091009E70A9B1
SMAN 1 KOPANG,50201392,SMA,Negeri,Kec. Kopang,230205,Kab. Lombok Tengah,230200,Prov. Nusa Tenggara Barat,230000,53,15,996,29,28,5,1,51,22 Apr 2026 10:26:29,F847329F19695C369EAE
SMA DARUL MUKTI NAHDLATUL WATHAN,70061304,SMA,Swasta,Kec. Kopang,230205,Kab. Lombok Tengah,230200,Prov. Nusa Tenggara Barat,230000,0,0,0,0,0,0,0,0,,17E758228A1BCD794307
SMA ISLAM AL IKHLAS AL ISLAMY,69980125,SMA,Swasta,Kec. Kopang,230205,Kab. Lombok Tengah,230200,Prov. Nusa Tenggara Barat,230000,12,2,42,3,3,3,1,21,29 Apr 2026 21:45:22,0CEB0B8E3518F579597C
SMA Islam Al-Aimmah NW,70060894,SMA,Swasta,Kec. Kopang,230205,Kab. Lombok Tengah,230200,Prov. Nusa Tenggara Barat,230000,1,1,0,0,0,0,0,0,,2F73B6610C9A755379BC
SMA ISLAM BAITURRAHMAN MAHMUDI BEBUAK,69883641,SMA,Swasta,Kec. Kopang,230205,Kab. Lombok Tengah,230200,Prov. Nusa Tenggara Barat,230000,12,1,123,5,4,1,0,44,23 Apr 2026 07:49:46,0606E494626AD22043EF
SMA IT MIFTAHUL ALI,70039588,SMA,Swasta,Kec. Kopang,230205,Kab. Lombok Tengah,230200,Prov. Nusa Tenggara Barat,230000,23,1,40,3,3,1,1,22,05 Apr 2026 19:13:57,56D0D5381CFCEABCE994
SMA PLUS NURUL MADINAH NW REPOK ASMARI,70054561,SMA,Swasta,Kec. Kopang,230205,Kab. Lombok Tengah,230200,Prov. Nusa Tenggara Barat,230000,14,2,70,3,4,0,0,90,20 Apr 2026 19:11:23,11F6C8AB49DC410CB3BB
SMA PLUS NURUL MUBIN NW,69949909,SMA,Swasta,Kec. Kopang,230205,Kab. Lombok Tengah,230200,Prov. Nusa Tenggara Barat,230000,10,1,65,3,3,1,1,33,29 Apr 2026 16:59:18,242C330401F3F6327738
SMAS AL FATHIYAH KWANGPATI,69759256,SMA,Swasta,Kec. Kopang,230205,Kab. Lombok Tengah,230200,Prov. Nusa Tenggara Barat,230000,9,1,80,4,5,1,1,8,04 Mar 2026 16:59:44,A71725973BA7938BD439
SMAS ARRAHMAN LINGKOK GODAK KOPANG,50205208,SMA,Swasta,Kec. Kopang,230205,Kab. Lombok Tengah,230200,Prov. Nusa Tenggara Barat,230000,9,2,37,3,3,1,0,22,25 Apr 2026 19:47:00,8FF49424D96A189BF0AD
SMAS DARUL MAHMUDIEN MT GAMANG,50205210,SMA,Swasta,Kec. Kopang,230205,Kab. Lombok Tengah,230200,Prov. Nusa Tenggara Barat,230000,12,1,41,3,6,1,1,18,20 Apr 2026 13:43:33,170519C0BD460CFCB4E3
SMAS NW KOPANG,50205214,SMA,Swasta,Kec. Kopang,230205,Kab. Lombok Tengah,230200,Prov. Nusa Tenggara Barat,230000,21,1,124,5,7,1,1,17,02 May 2026 08:31:33,7191E938F31F1B05B188
SMKN 1 KOPANG,50205219,SMK,Negeri,Kec. Kopang,230205,Kab. Lombok Tengah,230200,Prov. Nusa Tenggara Barat,230000,59,17,153,32,22,2,1,34,15 Apr 2026 09:23:40,2A86E38D805BF500E3C3
SMK Al Ghafuriyah Subaikah Muncan,69942662,SMK,Swasta,Kec. Kopang,230205,Kab. Lombok Tengah,230200,Prov. Nusa Tenggara Barat,230000,1,1,0,0,0,0,0,0,,FC2C5A36859EAA53B7FF
SMK ISLAM AD DUHA,69947267,SMK,Swasta,Kec. Kopang,230205,Kab. Lombok Tengah,230200,Prov. Nusa Tenggara Barat,230000,8,3,147,6,6,1,1,12,15 Apr 2026 07:52:02,DBEFFDAE841EBA012CAF
SMK PARIWISATA NW AIK BUAL,69974354,SMK,Swasta,Kec. Kopang,230205,Kab. Lombok Tengah,230200,Prov. Nusa Tenggara Barat,230000,14,0,58,3,3,1,1,6,14 Apr 2026 08:50:21,BB60F4FCC8DBB6EF9DF6
SMKS ISLAM DARUSSALAM KOPANG,50205220,SMK,Swasta,Kec. Kopang,230205,Kab. Lombok Tengah,230200,Prov. Nusa Tenggara Barat,230000,7,1,46,3,3,0,0,31,25 Apr 2026 05:44:03,701D311725881D3F71EF
SD NEGERI 1 MEDAS,50201950,SD,Negeri,Kec. Pringgarata,230208,Kab. Lombok Tengah,230200,Prov. Nusa Tenggara Barat,230000,10,0,69,6,5,0,1,11,01 Apr 2026 05:47:55,5376BA787186FFE9B75E
SD NEGERI 1 PENJANGKA,50201957,SD,Negeri,Kec. Pringgarata,230208,Kab. Lombok Tengah,230200,Prov. Nusa Tenggara Barat,230000,8,1,169,6,6,0,1,11,02 May 2026 10:34:48,2DCD8B256EE27809799F
SD NEGERI 1 PRINGGARATA,50201966,SD,Negeri,Kec. Pringgarata,230208,Kab. Lombok Tengah,230200,Prov. Nusa Tenggara Barat,230000,10,1,180,8,8,0,1,15,28 Apr 2026 09:44:19,F7915791EC646F8D8B88
SD NEGERI 1 SEPAKEK,50201939,SD,Negeri,Kec. Pringgarata,230208,Kab. Lombok Tengah,230200,Prov. Nusa Tenggara Barat,230000,10,0,176,6,6,0,1,23,24 Jan 2026 12:56:54,DCD3BAC0877F47491084
SD NEGERI 2 MEDAS,50201128,SD,Negeri,Kec. Pringgarata,230208,Kab. Lombok Tengah,230200,Prov. Nusa Tenggara Barat,230000,13,1,185,9,6,0,1,33,15 Apr 2026 09:05:17,C145D199B132B7FF0541
SD NEGERI 2 PENJANGKA,50201088,SD,Negeri,Kec. Pringgarata,230208,Kab. Lombok Tengah,230200,Prov. Nusa Tenggara Barat,230000,7,0,143,6,6,0,1,10,14 Apr 2026 12:14:33,B303E3220B38B03F756C
SD NEGERI 2 PRINGGARATA,50201065,SD,Negeri,Kec. Pringgarata,230208,Kab. Lombok Tengah,230200,Prov. Nusa Tenggara Barat,230000,8,2,111,6,7,0,1,21,29 Apr 2026 20:14:47,24E7A0A6771DAE47DADA
SD NEGERI 2 SEPAKEK,50201086,SD,Negeri,Kec. Pringgarata,230208,Kab. Lombok Tengah,230200,Prov. Nusa Tenggara Barat,230000,8,1,110,6,6,0,1,10,06 Mar 2026 08:36:34,2EFF6FFC73F9227EDAD1
SD NEGERI ARJANGKA,50201158,SD,Negeri,Kec. Pringgarata,230208,Kab. Lombok Tengah,230200,Prov. Nusa Tenggara Barat,230000,13,1,255,9,9,0,1,11,06 Apr 2026 10:10:46,BEF550BE17F14AE8BDA8
SD NEGERI BAGU,50201154,SD,Negeri,Kec. Pringgarata,230208,Kab. Lombok Tengah,230200,Prov. Nusa Tenggara Barat,230000,11,1,199,9,14,0,1,51,21 Apr 2026 13:51:22,F2138BB2C7A02198F0FE
SD NEGERI Banteng Keselet,50201132,SD,Negeri,Kec. Pringgarata,230208,Kab. Lombok Tengah,230200,Prov. Nusa Tenggara Barat,230000,9,1,106,6,6,0,0,15,20 Apr 2026 08:34:45,D38BE8E4F8E925A52150
SD NEGERI BILEBANTE,50200972,SD,Negeri,Kec. Pringgarata,230208,Kab. Lombok Tengah,230200,Prov. Nusa Tenggara Barat,230000,8,1,85,6,6,0,1,11,27 Apr 2026 14:23:26,17711A67F6DE5702C8FB
SD NEGERI CERORONG,50200936,SD,Negeri,Kec. Pringgarata,230208,Kab. Lombok Tengah,230200,Prov. Nusa Tenggara Barat,230000,8,0,100,6,5,0,1,17,09 Apr 2026 11:53:15,3532F978564478B7B602
SD NEGERI Dasan Baru Inpres,50200944,SD,Negeri,Kec. Pringgarata,230208,Kab. Lombok Tengah,230200,Prov. Nusa Tenggara Barat,230000,9,1,142,6,6,0,1,9,09 Apr 2026 21:50:28,7B1B774F499CBAD436BB
SD NEGERI DASAN BARU JABON,50200945,SD,Negeri,Kec. Pringgarata,230208,Kab. Lombok Tengah,230200,Prov. Nusa Tenggara Barat,230000,9,0,179,7,7,0,1,16,09 Apr 2026 22:49:44,D17F8210B5FE642B8F29
SD NEGERI DASAN BARU NON INPRES,50200946,SD,Negeri,Kec. Pringgarata,230208,Kab. Lombok Tengah,230200,Prov. Nusa Tenggara Barat,230000,10,1,140,7,6,0,1,20,08 Apr 2026 09:22:39,548641014718B82C7223
SD NEGERI ESOT,50201030,SD,Negeri,Kec. Pringgarata,230208,Kab. Lombok Tengah,230200,Prov. Nusa Tenggara Barat,230000,8,0,216,7,6,0,1,10,11 Apr 2026 07:09:23,B1631A5C1796BF715FA9
SD NEGERI GUNUNG AGUNG,50201047,SD,Negeri,Kec. Pringgarata,230208,Kab. Lombok Tengah,230200,Prov. Nusa Tenggara Barat,230000,16,2,263,12,12,0,1,19,25 Apr 2026 07:49:37,F3CF832EF582678DDF8B
SD NEGERI JURANG SATE,50201020,SD,Negeri,Kec. Pringgarata,230208,Kab. Lombok Tengah,230200,Prov. Nusa Tenggara Barat,230000,10,0,172,8,5,0,1,9,20 Apr 2026 16:39:12,1B7B2A392B604F251C2C
SD NEGERI KARANG JANGKONG,50200995,SD,Negeri,Kec. Pringgarata,230208,Kab. Lombok Tengah,230200,Prov. Nusa Tenggara Barat,230000,9,1,142,6,6,0,1,6,28 Apr 2026 07:11:58,7435F5496DD0A02EECAD
SD NEGERI KARANG KEBON,50200994,SD,Negeri,Kec. Pringgarata,230208,Kab. Lombok Tengah,230200,Prov. Nusa Tenggara Barat,230000,10,1,114,6,6,0,1,8,30 Jan 2026 09:02:11,780BDA534CF2A167C5EE
SD NEGERI KEKALEK,50200990,SD,Negeri,Kec. Pringgarata,230208,Kab. Lombok Tengah,230200,Prov. Nusa Tenggara Barat,230000,10,2,206,8,7,0,1,10,02 Apr 2026 06:52:41,F2DEF933FAA87673E3BB
SD NEGERI LENDANG KELOR,50201478,SD,Negeri,Kec. Pringgarata,230208,Kab. Lombok Tengah,230200,Prov. Nusa Tenggara Barat,230000,9,1,82,6,5,0,1,13,11 Mar 2026 15:22:56,2B44F3AEE621B26C0960
SD NEGERI MENEMENG,50201493,SD,Negeri,Kec. Pringgarata,230208,Kab. Lombok Tengah,230200,Prov. Nusa Tenggara Barat,230000,14,1,326,12,8,0,1,30,29 Apr 2026 21:46:06,2C93A9DB930C79C9BAE5
SD NEGERI MONTONG ARA,50201437,SD,Negeri,Kec. Pringgarata,230208,Kab. Lombok Tengah,230200,Prov. Nusa Tenggara Barat,230000,13,1,270,11,8,0,1,30,28 Apr 2026 10:03:21,E7AC766F9F9466DE2138
SD NEGERI MURBAYA,50201434,SD,Negeri,Kec. Pringgarata,230208,Kab. Lombok Tengah,230200,Prov. Nusa Tenggara Barat,230000,12,1,186,7,6,0,0,22,23 Apr 2026 07:58:48,0D679C26DB35207041E5
SD NEGERI PEMEPEK,50201452,SD,Negeri,Kec. Pringgarata,230208,Kab. Lombok Tengah,230200,Prov. Nusa Tenggara Barat,230000,17,1,219,11,11,0,1,17,09 Apr 2026 18:50:22,A7C42775910A8111FD3F
SD NEGERI PIDADA,50201564,SD,Negeri,Kec. Pringgarata,230208,Kab. Lombok Tengah,230200,Prov. Nusa Tenggara Barat,230000,11,1,179,7,7,0,1,27,18 Apr 2026 07:15:17,0486D4386CB2822A9062
SD NEGERI PRINGGARATA BARAT,50201557,SD,Negeri,Kec. Pringgarata,230208,Kab. Lombok Tengah,230200,Prov. Nusa Tenggara Barat,230000,8,1,57,6,5,0,0,10,17 Apr 2026 07:42:48,46D37D024E2F9B680E90
SD NEGERI PRINGGARATA TIMUR,50201556,SD,Negeri,Kec. Pringgarata,230208,Kab. Lombok Tengah,230200,Prov. Nusa Tenggara Barat,230000,9,1,179,7,6,0,1,6,04 Mar 2026 09:09:13,192BA3AAB4DD6AFF7BF4
SD NEGERI PUSPALAYA,50201553,SD,Negeri,Kec. Pringgarata,230208,Kab. Lombok Tengah,230200,Prov. Nusa Tenggara Barat,230000,13,2,248,8,8,0,1,14,27 Apr 2026 12:04:50,41E7016C6DBC471EFFA5
SD NEGERI RARUNG,50201533,SD,Negeri,Kec. Pringgarata,230208,Kab. Lombok Tengah,230200,Prov. Nusa Tenggara Barat,230000,8,1,89,6,4,0,1,18,14 Apr 2026 10:05:32,451361446D81E1094FDA
SD NEGERI REPOK PIDENDANG,50201511,SD,Negeri,Kec. Pringgarata,230208,Kab. Lombok Tengah,230200,Prov. Nusa Tenggara Barat,230000,10,1,110,6,6,0,1,18,02 May 2026 05:02:52,FF2828E4B7938B7EBDC7
SD NEGERI REPOK SINTUNG,50201509,SD,Negeri,Kec. Pringgarata,230208,Kab. Lombok Tengah,230200,Prov. Nusa Tenggara Barat,230000,10,1,177,8,6,0,1,28,06 Apr 2026 18:36:00,D8A8215EC08481E80B32
SD NEGERI REPOK TUNJANG,50201508,SD,Negeri,Kec. Pringgarata,230208,Kab. Lombok Tengah,230200,Prov. Nusa Tenggara Barat,230000,8,0,143,6,5,1,1,7,28 Apr 2026 12:17:39,1D36EFC7EED89ABDA611
SD NEGERI SEDAU TIMUR,50201531,SD,Negeri,Kec. Pringgarata,230208,Kab. Lombok Tengah,230200,Prov. Nusa Tenggara Barat,230000,9,0,119,6,6,0,1,26,03 Apr 2026 19:06:08,ECF2AE3D24E4C37E2159
SD NEGERI SEMPOJA,50201432,SD,Negeri,Kec. Pringgarata,230208,Kab. Lombok Tengah,230200,Prov. Nusa Tenggara Barat,230000,11,1,168,7,6,0,1,21,28 Apr 2026 11:03:08,986513CCC77BA2467C21
SD NEGERI SINTUNG BARAT,50201335,SD,Negeri,Kec. Pringgarata,230208,Kab. Lombok Tengah,230200,Prov. Nusa Tenggara Barat,230000,8,1,136,6,6,0,1,7,30 Apr 2026 10:10:23,000B2B4D26B6D27477FE
SD NEGERI SINTUNG TIMUR,50201332,SD,Negeri,Kec. Pringgarata,230208,Kab. Lombok Tengah,230200,Prov. Nusa Tenggara Barat,230000,9,1,215,8,6,0,1,10,03 Mar 2026 08:44:03,CEBC60062F02607AEE71
SD NEGERI SISIK BARAT,50201348,SD,Negeri,Kec. Pringgarata,230208,Kab. Lombok Tengah,230200,Prov. Nusa Tenggara Barat,230000,9,1,118,6,6,0,1,24,13 Mar 2026 23:37:35,C46FA7E8A39D7D797759
SD NEGERI SISIK TIMUR,50201920,SD,Negeri,Kec. Pringgarata,230208,Kab. Lombok Tengah,230200,Prov. Nusa Tenggara Barat,230000,10,1,179,8,5,0,1,14,06 Apr 2026 04:49:09,79CD6B84BD7F007E9051
SD NEGERI TAMAN BALI,50201355,SD,Negeri,Kec. Pringgarata,230208,Kab. Lombok Tengah,230200,Prov. Nusa Tenggara Barat,230000,10,1,90,6,6,0,1,7,02 Apr 2026 19:36:46,5124C39F4E36C335626D
SD NEGERI TAPON,50201307,SD,Negeri,Kec. Pringgarata,230208,Kab. Lombok Tengah,230200,Prov. Nusa Tenggara Barat,230000,9,0,122,7,7,0,1,20,08 Apr 2026 10:27:08,726F4307083AFB088E3C
SDN Pemepek Barat,69900095,SD,Negeri,Kec. Pringgarata,230208,Kab. Lombok Tengah,230200,Prov. Nusa Tenggara Barat,230000,8,0,75,6,3,0,0,45,01 May 2026 12:25:43,DF54FDA24752BFF47E00
SDN SALAM SUKUR,50201504,SD,Negeri,Kec. Pringgarata,230208,Kab. Lombok Tengah,230200,Prov. Nusa Tenggara Barat,230000,8,0,183,7,5,0,1,15,02 Apr 2026 06:50:07,49C840562B723D5F13F8
SD Islam Assalam Al-Islamy,69899217,SD,Swasta,Kec. Pringgarata,230208,Kab. Lombok Tengah,230200,Prov. Nusa Tenggara Barat,230000,7,1,62,6,7,0,0,15,18 Apr 2026 09:03:13,EEEA0D461387F9676DA2
SD ISLAM DARUL HUDA,70005916,SD,Swasta,Kec. Pringgarata,230208,Kab. Lombok Tengah,230200,Prov. Nusa Tenggara Barat,230000,8,1,87,5,5,0,1,34,24 Apr 2026 05:51:22,60AA9F53C259C524BFD4
SD Islam Nurul Jihad,69900094,SD,Swasta,Kec. Pringgarata,230208,Kab. Lombok Tengah,230200,Prov. Nusa Tenggara Barat,230000,6,2,116,6,3,0,1,9,27 Apr 2026 07:57:52,65B92C0EAA60EC0082DA
SDI AL AZHAR,70045509,SD,Swasta,Kec. Pringgarata,230208,Kab. Lombok Tengah,230200,Prov. Nusa Tenggara Barat,230000,1,1,0,0,0,0,0,0,,5F8EE6D6FCBC24C01FD5
SDI ARIF RAHMAN HAKIM SELAKAN,70030738,SD,Swasta,Kec. Pringgarata,230208,Kab. Lombok Tengah,230200,Prov. Nusa Tenggara Barat,230000,5,2,20,5,5,0,0,5,29 Jan 2026 13:43:21,177004B764499367F217
SDI BIRRUL WALIDAINIL FATHI NW,70035328,SD,Swasta,Kec. Pringgarata,230208,Kab. Lombok Tengah,230200,Prov. Nusa Tenggara Barat,230000,5,1,22,4,4,0,0,9,15 Apr 2026 21:33:10,97076166A7974729C23D
SDIT AL AMIIN,70058197,SD,Swasta,Kec. Pringgarata,230208,Kab. Lombok Tengah,230200,Prov. Nusa Tenggara Barat,230000,1,1,0,0,0,0,0,0,,2468676FDE6716512808
SMP NEGERI 01 PRINGGARATA,50201409,SMP,Negeri,Kec. Pringgarata,230208,Kab. Lombok Tengah,230200,Prov. Nusa Tenggara Barat,230000,35,9,665,22,22,1,1,28,02 May 2026 10:22:10,56A1287DDC21E895FE3E
SMP NEGERI 2 PRINGGARATA,50201416,SMP,Negeri,Kec. Pringgarata,230208,Kab. Lombok Tengah,230200,Prov. Nusa Tenggara Barat,230000,14,4,169,7,12,2,1,25,05 Apr 2026 05:19:43,A73AD95CB6EEF8852F67
SMP NEGERI 3 PRINGGARATA,50201420,SMP,Negeri,Kec. Pringgarata,230208,Kab. Lombok Tengah,230200,Prov. Nusa Tenggara Barat,230000,13,3,187,6,10,2,1,10,10 Mar 2026 17:29:38,E2A36EFD87E3DD3A6B0E
SMPN 4 PRINGGARATA SATAP REPUK TUNJANG,50222366,SMP,Negeri,Kec. Pringgarata,230208,Kab. Lombok Tengah,230200,Prov. Nusa Tenggara Barat,230000,8,0,42,3,4,0,1,7,04 Mar 2026 08:27:21,FE211E778FA10396072B
SMP ISLAM AL IKHLASHIYAH,50205183,SMP,Swasta,Kec. Pringgarata,230208,Kab. Lombok Tengah,230200,Prov. Nusa Tenggara Barat,230000,16,2,197,7,7,2,1,36,30 Apr 2026 21:05:51,4A076F0F9B348E2A427F
SMP ISLAM ASY-SYAFI IYAH,50222369,SMP,Swasta,Kec. Pringgarata,230208,Kab. Lombok Tengah,230200,Prov. Nusa Tenggara Barat,230000,10,1,61,3,3,1,1,14,18 Apr 2026 14:55:30,A6E1E63EACEBAB3D0383
SMP ISLAM DARUL MUSTHOFA,70053168,SMP,Swasta,Kec. Pringgarata,230208,Kab. Lombok Tengah,230200,Prov. Nusa Tenggara Barat,230000,6,0,18,3,3,0,0,11,28 Apr 2026 11:35:28,B7699E540DFDB0F7B002
SMP ISLAM GUBUQ EDUKASI,70030096,SMP,Swasta,Kec. Pringgarata,230208,Kab. Lombok Tengah,230200,Prov. Nusa Tenggara Barat,230000,3,2,31,3,3,0,1,7,29 Apr 2026 10:33:44,4D11FF3CE220FF2E5A93
SMP ISLAM NURUL JIHAD,69759257,SMP,Swasta,Kec. Pringgarata,230208,Kab. Lombok Tengah,230200,Prov. Nusa Tenggara Barat,230000,7,1,57,3,3,0,0,10,06 Mar 2026 09:15:16,96C41DCD3A1B72E659B5
SMP ISLAM TERPADU WARASATUL ANBIYA,70028313,SMP,Swasta,Kec. Pringgarata,230208,Kab. Lombok Tengah,230200,Prov. Nusa Tenggara Barat,230000,7,1,46,3,3,0,0,21,18 Apr 2026 14:39:51,83B73BC58A788AD389F2
SMP ISLAM YPP SABILAL MUHTADIN NW LOPOK,70012133,SMP,Swasta,Kec. Pringgarata,230208,Kab. Lombok Tengah,230200,Prov. Nusa Tenggara Barat,230000,9,1,139,6,6,2,1,13,05 Mar 2026 04:17:02,559A2E337D893F31DC47
SMP IT ABDUL QADIR SIDIQ,69958335,SMP,Swasta,Kec. Pringgarata,230208,Kab. Lombok Tengah,230200,Prov. Nusa Tenggara Barat,230000,8,2,22,3,3,0,0,57,03 Apr 2026 04:06:50,4A68A2A683B764679438
SMP IT ADZUHRIYAH,70047354,SMP,Swasta,Kec. Pringgarata,230208,Kab. Lombok Tengah,230200,Prov. Nusa Tenggara Barat,230000,2,1,23,3,4,0,0,4,25 Feb 2026 23:37:18,46DB98563D39CDA4E18F
SMP IT AL HALIMI,70037560,SMP,Swasta,Kec. Pringgarata,230208,Kab. Lombok Tengah,230200,Prov. Nusa Tenggara Barat,230000,12,1,67,4,6,1,1,9,02 May 2026 15:08:02,930C3CEF79985486DF82
SMP NURUL HUDA MENEMENG,69981465,SMP,Swasta,Kec. Pringgarata,230208,Kab. Lombok Tengah,230200,Prov. Nusa Tenggara Barat,230000,7,1,122,5,6,1,1,16,29 Apr 2026 14:07:09,EE5DBD8000B50477FD4E
SMPIT DARUL HAQIQI,70034636,SMP,Swasta,Kec. Pringgarata,230208,Kab. Lombok Tengah,230200,Prov. Nusa Tenggara Barat,230000,15,1,101,5,7,1,1,87,02 May 2026 13:45:53,45069B99449981013B50
SMPT BANGUN BANGSA,69954911,SMP,Swasta,Kec. Pringgarata,230208,Kab. Lombok Tengah,230200,Prov. Nusa Tenggara Barat,230000,7,3,32,3,1,0,1,36,27 Apr 2026 11:10:53,EFE6B65283F70614262B
SMAN 1 PRINGGARATA,50201386,SMA,Negeri,Kec. Pringgarata,230208,Kab. Lombok Tengah,230200,Prov. Nusa Tenggara Barat,230000,50,14,900,27,25,5,1,24,02 May 2026 10:46:06,7CB0392CCA2275471D3F
SMA ISLAM AL QADIR QOMARUL HUDA MENEMENG,69949668,SMA,Swasta,Kec. Pringgarata,230208,Kab. Lombok Tengah,230200,Prov. Nusa Tenggara Barat,230000,6,1,101,4,3,1,1,6,03 Apr 2026 21:30:56,27AEB486314D87BB3E14
SMA ISLAM ASY-SYAHRIYAH DASAN BARU JABON,70054789,SMA,Swasta,Kec. Pringgarata,230208,Kab. Lombok Tengah,230200,Prov. Nusa Tenggara Barat,230000,6,1,2,2,3,0,0,26,23 Apr 2026 22:40:35,BA6F09B19D38292996A7
SMA IT AL HALIMI,70057273,SMA,Swasta,Kec. Pringgarata,230208,Kab. Lombok Tengah,230200,Prov. Nusa Tenggara Barat,230000,15,2,24,2,2,0,0,16,29 Apr 2026 11:01:06,0C385C250A30A1889174
SMA IT DASAN BARU,70037818,SMA,Swasta,Kec. Pringgarata,230208,Kab. Lombok Tengah,230200,Prov. Nusa Tenggara Barat,230000,12,1,74,3,3,1,1,20,21 Apr 2026 21:23:04,25970D43BB1138404A2A
SMA IT WARASATUL ANBIYA,70056967,SMA,Swasta,Kec. Pringgarata,230208,Kab. Lombok Tengah,230200,Prov. Nusa Tenggara Barat,230000,10,1,18,2,1,0,0,18,31 Mar 2026 18:35:07,B4110931FA73E4708775
SMA PLUS AN NASRIYAH,70060133,SMA,Swasta,Kec. Pringgarata,230208,Kab. Lombok Tengah,230200,Prov. Nusa Tenggara Barat,230000,0,0,0,0,0,0,0,0,,F0C39CFE8BA1EE5B9AFA
SMAS NURUL HUDA MENEMENG,70045764,SMA,Swasta,Kec. Pringgarata,230208,Kab. Lombok Tengah,230200,Prov. Nusa Tenggara Barat,230000,0,1,23,2,2,0,0,2,15 Jan 2026 09:15:31,893D12A798AE789E00A9
SMAS NW SINTUNG,50201397,SMA,Swasta,Kec. Pringgarata,230208,Kab. Lombok Tengah,230200,Prov. Nusa Tenggara Barat,230000,4,1,25,3,3,1,1,40,28 Apr 2026 08:51:08,7858FA064F7E728CDBA5
SMK NEGERI 1 PRINGGARATA,69981030,SMK,Negeri,Kec. Pringgarata,230208,Kab. Lombok Tengah,230200,Prov. Nusa Tenggara Barat,230000,28,7,112,12,7,1,1,35,18 Apr 2026 21:09:26,09DF9EA766B7BA1DE6F3
SMK IT DARUL HAQIQI,70056747,SMK,Swasta,Kec. Pringgarata,230208,Kab. Lombok Tengah,230200,Prov. Nusa Tenggara Barat,230000,3,1,24,2,3,1,1,45,02 May 2026 14:43:02,FF061FF6303FCC65209E
SMK IT NURUL MUKHLISIN,69990278,SMK,Swasta,Kec. Pringgarata,230208,Kab. Lombok Tengah,230200,Prov. Nusa Tenggara Barat,230000,10,1,118,6,6,1,1,19,23 Apr 2026 16:17:59,869938AE393611A1F8CD
SMK NURUL HUDA MENEMENG,70010216,SMK,Swasta,Kec. Pringgarata,230208,Kab. Lombok Tengah,230200,Prov. Nusa Tenggara Barat,230000,6,2,54,6,5,0,0,10,24 Feb 2026 09:42:42,74144B20B380280F545B
SMKS BANGUN BANGSA BANTENG KESELET,50220314,SMK,Swasta,Kec. Pringgarata,230208,Kab. Lombok Tengah,230200,Prov. Nusa Tenggara Barat,230000,16,4,58,3,3,1,1,31,23 Apr 2026 21:58:38,BE3D60E0A4012E13AE41
SMKS QAMARUL HUDA BAGU,50219930,SMK,Swasta,Kec. Pringgarata,230208,Kab. Lombok Tengah,230200,Prov. Nusa Tenggara Barat,230000,37,4,927,30,9,1,0,43,27 Apr 2026 10:28:35,FBF3090DB6EF194A2CE1
SD NEGERI 1 BATU JANGKIH,50201923,SD,Negeri,Kec. Praya Barat Daya,230211,Kab. Lombok Tengah,230200,Prov. Nusa Tenggara Barat,230000,7,0,46,6,6,0,1,9,17 Feb 2026 08:37:37,1B29591DEC327B9C241E
SD NEGERI 1 DAREK,50201843,SD,Negeri,Kec. Praya Barat Daya,230211,Kab. Lombok Tengah,230200,Prov. Nusa Tenggara Barat,230000,10,0,102,6,6,0,1,10,11 Apr 2026 11:47:16,65B4F70F1F3317E7567C
SD NEGERI 1 KABUL,50200997,SD,Negeri,Kec. Praya Barat Daya,230211,Kab. Lombok Tengah,230200,Prov. Nusa Tenggara Barat,230000,7,1,50,6,6,0,1,14,30 Apr 2026 23:30:26,187A18107B630DFC2ED5
SD NEGERI 1 KELANJUR,50205129,SD,Negeri,Kec. Praya Barat Daya,230211,Kab. Lombok Tengah,230200,Prov. Nusa Tenggara Barat,230000,8,1,81,6,6,0,1,14,22 Apr 2026 08:51:39,B3906B0986414A5AE124
SD NEGERI 1 MONTONG SAPAH,50201441,SD,Negeri,Kec. Praya Barat Daya,230211,Kab. Lombok Tengah,230200,Prov. Nusa Tenggara Barat,230000,8,1,90,6,5,0,1,31,27 Apr 2026 12:48:03,C399FE00726E5B650ECD
SD NEGERI 1 RANGGAGATA,50205130,SD,Negeri,Kec. Praya Barat Daya,230211,Kab. Lombok Tengah,230200,Prov. Nusa Tenggara Barat,230000,8,1,76,6,5,0,1,16,03 Mar 2026 08:55:34,ECEAF9C6B7B161C05C47
SD NEGERI 1 UNGGA,50201912,SD,Negeri,Kec. Praya Barat Daya,230211,Kab. Lombok Tengah,230200,Prov. Nusa Tenggara Barat,230000,8,0,174,6,6,0,1,17,13 Apr 2026 22:30:10,B8EC1AE7BA8E1391389F
SD NEGERI 2 BATU JANGKIH,50201075,SD,Negeri,Kec. Praya Barat Daya,230211,Kab. Lombok Tengah,230200,Prov. Nusa Tenggara Barat,230000,9,1,75,6,5,0,1,18,29 Apr 2026 21:25:34,89D18688842BB019BD10
SD NEGERI 2 DAREK,50201930,SD,Negeri,Kec. Praya Barat Daya,230211,Kab. Lombok Tengah,230200,Prov. Nusa Tenggara Barat,230000,9,1,63,6,6,0,1,15,04 Apr 2026 07:48:45,4DBEAE0919341A9DDBF0
SD NEGERI 2 KELANJUR,50201172,SD,Negeri,Kec. Praya Barat Daya,230211,Kab. Lombok Tengah,230200,Prov. Nusa Tenggara Barat,230000,8,0,71,6,6,0,1,16,10 Apr 2026 20:53:27,738AB2B75BA4C510D725
SD NEGERI 2 RANGGAGATA,50201181,SD,Negeri,Kec. Praya Barat Daya,230211,Kab. Lombok Tengah,230200,Prov. Nusa Tenggara Barat,230000,10,1,117,6,7,0,1,22,30 Apr 2026 08:36:52,B46251AAA07E30BC7125
SD NEGERI 2 UNGGA,50201078,SD,Negeri,Kec. Praya Barat Daya,230211,Kab. Lombok Tengah,230200,Prov. Nusa Tenggara Barat,230000,9,2,148,6,6,0,1,5,04 Mar 2026 08:39:18,1DED410AF74618EC4BBC
SD NEGERI 3 DAREK,50201192,SD,Negeri,Kec. Praya Barat Daya,230211,Kab. Lombok Tengah,230200,Prov. Nusa Tenggara Barat,230000,9,2,65,6,6,0,1,30,02 May 2026 16:20:34,2A1FB3F1B8586D8B0839
SD NEGERI 3 UNGGA,50201164,SD,Negeri,Kec. Praya Barat Daya,230211,Kab. Lombok Tengah,230200,Prov. Nusa Tenggara Barat,230000,9,2,182,6,6,0,1,13,02 Apr 2026 04:35:41,DA350C49B5DFE097C570
SD NEGERI 4 DAREK,50201146,SD,Negeri,Kec. Praya Barat Daya,230211,Kab. Lombok Tengah,230200,Prov. Nusa Tenggara Barat,230000,10,1,63,6,6,0,1,13,19 Feb 2026 11:40:19,81792ED8E966C4F2780D
SD NEGERI 4 PLAMBIK (BAGEK DEWE),50201185,SD,Negeri,Kec. Praya Barat Daya,230211,Kab. Lombok Tengah,230200,Prov. Nusa Tenggara Barat,230000,9,0,117,6,6,0,1,12,03 Apr 2026 21:53:31,E9B047A22ECCEAFE46C6
SD NEGERI BATU BOLONG,50201194,SD,Negeri,Kec. Praya Barat Daya,230211,Kab. Lombok Tengah,230200,Prov. Nusa Tenggara Barat,230000,8,1,101,6,6,0,2,9,10 Apr 2026 20:45:28,518B3E68079C187D361E
SD NEGERI BATU RENONG,50201169,SD,Negeri,Kec. Praya Barat Daya,230211,Kab. Lombok Tengah,230200,Prov. Nusa Tenggara Barat,230000,9,1,49,6,6,0,1,24,24 Mar 2026 20:13:46,994E761F9B7DCF2880F1
SD NEGERI BEBERIK-PLAMBIK,50200967,SD,Negeri,Kec. Praya Barat Daya,230211,Kab. Lombok Tengah,230200,Prov. Nusa Tenggara Barat,230000,9,1,50,6,6,0,1,8,03 Apr 2026 19:55:08,718D1D51BD2781A3B823
SD NEGERI GERINTUK,50201036,SD,Negeri,Kec. Praya Barat Daya,230211,Kab. Lombok Tengah,230200,Prov. Nusa Tenggara Barat,230000,8,2,53,6,6,0,1,12,18 Apr 2026 08:55:51,33CC0371D0C317A309F3
SD NEGERI Gerunung,50222383,SD,Negeri,Kec. Praya Barat Daya,230211,Kab. Lombok Tengah,230200,Prov. Nusa Tenggara Barat,230000,10,0,78,6,6,1,1,12,06 Mar 2026 10:15:03,33509C2D6BD105640B6C
SD NEGERI KANGAS,50219604,SD,Negeri,Kec. Praya Barat Daya,230211,Kab. Lombok Tengah,230200,Prov. Nusa Tenggara Barat,230000,8,1,91,6,5,0,1,10,02 Apr 2026 23:53:54,E7D67DB37246BAB6B901
SD NEGERI KELAMBI,50201120,SD,Negeri,Kec. Praya Barat Daya,230211,Kab. Lombok Tengah,230200,Prov. Nusa Tenggara Barat,230000,9,1,63,6,6,0,1,15,04 Apr 2026 11:02:23,ADA7729A3EF819AA8262
SD NEGERI KENDING SAMPI,50201943,SD,Negeri,Kec. Praya Barat Daya,230211,Kab. Lombok Tengah,230200,Prov. Nusa Tenggara Barat,230000,8,1,87,6,6,0,1,11,03 Mar 2026 22:05:18,EBCD4CD8C2A3F4EE4E7B
SD NEGERI KUMBAK,50201063,SD,Negeri,Kec. Praya Barat Daya,230211,Kab. Lombok Tengah,230200,Prov. Nusa Tenggara Barat,230000,10,0,102,6,6,0,0,15,11 Apr 2026 09:50:48,A3089BDE7E45B4B3CCB5
SD NEGERI MENTOKAN,50201178,SD,Negeri,Kec. Praya Barat Daya,230211,Kab. Lombok Tengah,230200,Prov. Nusa Tenggara Barat,230000,9,1,84,6,6,0,0,18,01 May 2026 22:46:05,FDD91602867AB35ABD7F
SD NEGERI NGABOK,50201449,SD,Negeri,Kec. Praya Barat Daya,230211,Kab. Lombok Tengah,230200,Prov. Nusa Tenggara Barat,230000,8,0,45,6,6,0,1,18,10 Apr 2026 06:44:05,AC23FED0B2BC23F42578
SD NEGERI PAMPANG,50201101,SD,Negeri,Kec. Praya Barat Daya,230211,Kab. Lombok Tengah,230200,Prov. Nusa Tenggara Barat,230000,9,1,73,6,6,0,1,23,18 Apr 2026 08:33:10,5F96D0E07E04FBD9B4B3
SD NEGERI Pandan Sari,69786358,SD,Negeri,Kec. Praya Barat Daya,230211,Kab. Lombok Tengah,230200,Prov. Nusa Tenggara Barat,230000,11,1,38,6,4,0,0,38,16 Mar 2026 22:40:34,44E875A832570C8205FD
SD NEGERI PANDAN TINGGANG,50201853,SD,Negeri,Kec. Praya Barat Daya,230211,Kab. Lombok Tengah,230200,Prov. Nusa Tenggara Barat,230000,9,1,139,6,6,0,1,12,03 Mar 2026 14:39:06,2C554B812F5539EE0083
SD NEGERI PLAMBIK,50201968,SD,Negeri,Kec. Praya Barat Daya,230211,Kab. Lombok Tengah,230200,Prov. Nusa Tenggara Barat,230000,8,1,58,6,5,0,1,6,14 Apr 2026 23:10:13,41C3B326E32389AA79B6
SD NEGERI PONDOK DALAM,50201126,SD,Negeri,Kec. Praya Barat Daya,230211,Kab. Lombok Tengah,230200,Prov. Nusa Tenggara Barat,230000,8,1,128,6,6,0,1,9,28 Apr 2026 14:06:49,1309B05C1D048F195767
SD NEGERI SAPE,50201518,SD,Negeri,Kec. Praya Barat Daya,230211,Kab. Lombok Tengah,230200,Prov. Nusa Tenggara Barat,230000,9,1,49,6,6,0,1,15,16 Feb 2026 08:12:58,CEEC2667376359E5C0AD
SD NEGERI SEMAYE,50201520,SD,Negeri,Kec. Praya Barat Daya,230211,Kab. Lombok Tengah,230200,Prov. Nusa Tenggara Barat,230000,8,0,95,6,6,0,1,9,11 Apr 2026 19:51:33,AC45D93003169F01A73E
SD NEGERI SUARE,50219605,SD,Negeri,Kec. Praya Barat Daya,230211,Kab. Lombok Tengah,230200,Prov. Nusa Tenggara Barat,230000,11,1,31,6,5,0,2,48,30 Apr 2026 06:28:29,7A4A272D33BA8709A586
SD NEGERI TENARU,50201141,SD,Negeri,Kec. Praya Barat Daya,230211,Kab. Lombok Tengah,230200,Prov. Nusa Tenggara Barat,230000,9,1,27,6,6,0,2,10,02 May 2026 18:26:11,DB1DE5B050ED35C894DE
SD NEGERI TOROK AIK BELEK,50205135,SD,Negeri,Kec. Praya Barat Daya,230211,Kab. Lombok Tengah,230200,Prov. Nusa Tenggara Barat,230000,9,1,84,6,6,0,0,9,14 Apr 2026 10:57:28,1199B41A058E47E136D4
SD NEGERI TUDUH,50201327,SD,Negeri,Kec. Praya Barat Daya,230211,Kab. Lombok Tengah,230200,Prov. Nusa Tenggara Barat,230000,11,2,145,7,7,0,1,7,30 Mar 2026 08:12:03,AD5BD2D79549D9265515
SDN Montong Ajan,50201948,SD,Negeri,Kec. Praya Barat Daya,230211,Kab. Lombok Tengah,230200,Prov. Nusa Tenggara Barat,230000,10,0,96,6,6,0,1,13,23 Jan 2026 20:51:51,7EFBD8411526DA218B5A
SDN RENTUNG,50219606,SD,Negeri,Kec. Praya Barat Daya,230211,Kab. Lombok Tengah,230200,Prov. Nusa Tenggara Barat,230000,9,1,75,6,5,0,1,8,20 Apr 2026 09:53:47,B2DF66579D32B5FE3BB7
SDN SELANGIT,50201067,SD,Negeri,Kec. Praya Barat Daya,230211,Kab. Lombok Tengah,230200,Prov. Nusa Tenggara Barat,230000,10,1,62,6,6,0,1,22,20 Apr 2026 20:18:48,A8C36BCC690F644C73B1
SD ISLAM AL-MAARIF AS-SALAFIYAH KUNCI,69972903,SD,Swasta,Kec. Praya Barat Daya,230211,Kab. Lombok Tengah,230200,Prov. Nusa Tenggara Barat,230000,11,1,40,6,6,0,0,43,29 Apr 2026 20:00:35,0C81ABBDB72944191808
SD ISLAM TERPADU AL MUKHTARIYYAH,69786940,SD,Swasta,Kec. Praya Barat Daya,230211,Kab. Lombok Tengah,230200,Prov. Nusa Tenggara Barat,230000,7,1,95,6,2,0,0,4,07 Mar 2026 11:02:32,23F7B4EE76FD95AFB483
SDI AL-HUDA MAARIF,70042929,SD,Swasta,Kec. Praya Barat Daya,230211,Kab. Lombok Tengah,230200,Prov. Nusa Tenggara Barat,230000,10,2,35,5,5,0,0,31,28 Apr 2026 10:24:11,CE5326E6E0F658FAD898
SDI BUMI DAMAI MONTONG DANGAH,70050116,SD,Swasta,Kec. Praya Barat Daya,230211,Kab. Lombok Tengah,230200,Prov. Nusa Tenggara Barat,230000,7,1,27,5,5,0,0,17,01 May 2026 20:10:38,E2EE416EF97DB957FAC2
SDI MIFTAHUSSALAM AR RIDWANY,70037917,SD,Swasta,Kec. Praya Barat Daya,230211,Kab. Lombok Tengah,230200,Prov. Nusa Tenggara Barat,230000,3,1,35,4,3,0,0,11,30 Apr 2026 20:11:12,63C41BAD0B507EA33F9A
SDIT SIRAJUL MUTTAQIN,69990272,SD,Swasta,Kec. Praya Barat Daya,230211,Kab. Lombok Tengah,230200,Prov. Nusa Tenggara Barat,230000,10,1,47,6,6,0,1,24,01 May 2026 17:47:28,5BEB20F0EEAC091981F9
SDTQ RAHMATULLAH AL MAARIF,70012171,SD,Swasta,Kec. Praya Barat Daya,230211,Kab. Lombok Tengah,230200,Prov. Nusa Tenggara Barat,230000,4,1,64,5,5,0,0,7,30 Jan 2026 19:17:10,83413DF9F0EF3B1B5D4B
SD-SMPN SATAP 7 PRAYA BARAT DAYA,69821213,SMP,Negeri,Kec. Praya Barat Daya,230211,Kab. Lombok Tengah,230200,Prov. Nusa Tenggara Barat,230000,9,1,35,3,3,1,1,19,23 Apr 2026 09:56:16,FE8D0DAAEBF89060DD88
SMP NEGERI 1 PRAYA BARAT DAYA,50205170,SMP,Negeri,Kec. Praya Barat Daya,230211,Kab. Lombok Tengah,230200,Prov. Nusa Tenggara Barat,230000,20,5,107,5,12,2,1,45,23 Apr 2026 11:10:21,EC546BFCAC8F9644605B
SMP NEGERI 2 PRAYA BARAT DAYA,50201400,SMP,Negeri,Kec. Praya Barat Daya,230211,Kab. Lombok Tengah,230200,Prov. Nusa Tenggara Barat,230000,18,5,105,5,6,1,1,21,10 Apr 2026 19:03:29,9D802F5C60A9AC7116F2
SMP NEGERI 3 PRAYA BARAT DAYA,50201423,SMP,Negeri,Kec. Praya Barat Daya,230211,Kab. Lombok Tengah,230200,Prov. Nusa Tenggara Barat,230000,15,4,66,3,6,1,1,22,12 Apr 2026 21:10:49,45A6682623B0606C9A41
SMP NEGERI 4 PRAYA BARAT DAYA,50219616,SMP,Negeri,Kec. Praya Barat Daya,230211,Kab. Lombok Tengah,230200,Prov. Nusa Tenggara Barat,230000,12,6,65,3,9,1,1,8,03 Mar 2026 09:32:46,227ECB1689883229D78F
SMP NEGERI 6 Satu Atap Praya Barat Daya,69767765,SMP,Negeri,Kec. Praya Barat Daya,230211,Kab. Lombok Tengah,230200,Prov. Nusa Tenggara Barat,230000,5,1,13,3,6,1,1,11,08 Apr 2026 07:22:44,793881E6E824C1E97214
SMP NEGERI Satu Atap Kumbak,50220237,SMP,Negeri,Kec. Praya Barat Daya,230211,Kab. Lombok Tengah,230200,Prov. Nusa Tenggara Barat,230000,9,2,13,3,3,1,1,22,04 Apr 2026 07:59:38,14549358BD4C6840ADE9
SMP ISLAM  AL-MARIF KABUL,69962211,SMP,Swasta,Kec. Praya Barat Daya,230211,Kab. Lombok Tengah,230200,Prov. Nusa Tenggara Barat,230000,11,5,55,3,4,1,0,22,21 Apr 2026 11:34:32,85DECF2E5464E4CDE9B2
SMP Islam Arrohman Gerintuk,69881056,SMP,Swasta,Kec. Praya Barat Daya,230211,Kab. Lombok Tengah,230200,Prov. Nusa Tenggara Barat,230000,5,1,35,3,2,1,1,18,15 Apr 2026 07:26:33,21AC35E51AF42F1277E2
SMP ISLAM DARUL JANNAH AL-MAARIF,69948300,SMP,Swasta,Kec. Praya Barat Daya,230211,Kab. Lombok Tengah,230200,Prov. Nusa Tenggara Barat,230000,12,1,30,3,3,0,2,11,04 Apr 2026 22:01:49,082BB0E169A82B092291
SMP ISLAM DARUL QURAN ILA DARISSALAM PEPEREK,70033879,SMP,Swasta,Kec. Praya Barat Daya,230211,Kab. Lombok Tengah,230200,Prov. Nusa Tenggara Barat,230000,10,2,34,3,3,1,1,39,28 Apr 2026 19:43:27,98E3BBD83B24DB80325E
SMP ISLAM RIYADLUL ULUM MENTOKAN,69989353,SMP,Swasta,Kec. Praya Barat Daya,230211,Kab. Lombok Tengah,230200,Prov. Nusa Tenggara Barat,230000,12,2,104,5,6,1,0,10,26 Mar 2026 09:05:40,E9A9DCB304A9019A3394
SMP ISLAM SUBULUSSALAM NW SERAGE,70056075,SMP,Swasta,Kec. Praya Barat Daya,230211,Kab. Lombok Tengah,230200,Prov. Nusa Tenggara Barat,230000,10,0,39,3,3,0,0,23,16 Apr 2026 11:50:05,137CFB7E48E0E002CFA5
SMP Islam Tanwirul Qulub,69972481,SMP,Swasta,Kec. Praya Barat Daya,230211,Kab. Lombok Tengah,230200,Prov. Nusa Tenggara Barat,230000,10,1,38,3,2,0,0,21,20 Apr 2026 07:22:19,D23C5E6DDC32D82EFA4B
SMP RAHMATULLAH AL-MAARIF,70001993,SMP,Swasta,Kec. Praya Barat Daya,230211,Kab. Lombok Tengah,230200,Prov. Nusa Tenggara Barat,230000,15,1,225,8,8,2,1,32,25 Apr 2026 11:05:05,8BF4196DEDC76977775B
SMPI TAHFIDZUL QURAN AL-MAARIF AS-SALAFIYAH KUNCI,70044508,SMP,Swasta,Kec. Praya Barat Daya,230211,Kab. Lombok Tengah,230200,Prov. Nusa Tenggara Barat,230000,9,1,40,3,1,0,1,37,01 May 2026 23:28:43,8509277689317043CB30
SMPIT AL-MUKHTARIYYAH,70049124,SMP,Swasta,Kec. Praya Barat Daya,230211,Kab. Lombok Tengah,230200,Prov. Nusa Tenggara Barat,230000,3,1,25,3,1,2,1,12,14 Apr 2026 10:17:01,E09C83F4EB561D6F9C61
SMAN 1 PRAYA BARAT DAYA,50201389,SMA,Negeri,Kec. Praya Barat Daya,230211,Kab. Lombok Tengah,230200,Prov. Nusa Tenggara Barat,230000,20,12,216,8,11,5,1,17,08 Apr 2026 09:43:22,3BA6A5F5F775389B8E28
SEKOLAH MENENGAH ATAS RAHMATULLAH AL-MAARIF DAREK,70055512,SMA,Swasta,Kec. Praya Barat Daya,230211,Kab. Lombok Tengah,230200,Prov. Nusa Tenggara Barat,230000,0,1,37,2,2,0,1,7,27 Apr 2026 08:51:48,45A320617E824441B367
SMA ISLAM RAUDLATUL JANNAH AN NUR DAREK,70044125,SMA,Swasta,Kec. Praya Barat Daya,230211,Kab. Lombok Tengah,230200,Prov. Nusa Tenggara Barat,230000,11,3,58,3,4,0,1,16,01 May 2026 10:56:50,B8CC84A3D8CBC1ADA056
SMAS ISLAM AL MAARIF PANDAN INDAH,50220280,SMA,Swasta,Kec. Praya Barat Daya,230211,Kab. Lombok Tengah,230200,Prov. Nusa Tenggara Barat,230000,12,2,80,4,4,1,0,27,28 Apr 2026 08:50:47,ACF4B62699F06F41F3C9
SMAS ISLAM RAUDLATUL ULUM BATU JANGKIH,69755774,SMA,Swasta,Kec. Praya Barat Daya,230211,Kab. Lombok Tengah,230200,Prov. Nusa Tenggara Barat,230000,12,2,90,3,3,2,1,22,29 Apr 2026 20:13:25,377E2E7075210E088DE6
SMK ABDUL KARIM NW MONTONG SAPAH,69888832,SMK,Swasta,Kec. Praya Barat Daya,230211,Kab. Lombok Tengah,230200,Prov. Nusa Tenggara Barat,230000,18,2,125,6,3,1,1,30,21 Apr 2026 19:21:32,294E084CBB7C050D4A39
SMK Pariwisata Raudlatus Shaulatiyah NW Suare,70039609,SMK,Swasta,Kec. Praya Barat Daya,230211,Kab. Lombok Tengah,230200,Prov. Nusa Tenggara Barat,230000,13,1,68,3,3,0,0,28,27 Apr 2026 18:12:09,062915DCE084427F5D91
SMK PLUS DARUL HIKMAH,70043100,SMK,Swasta,Kec. Praya Barat Daya,230211,Kab. Lombok Tengah,230200,Prov. Nusa Tenggara Barat,230000,18,2,47,3,3,1,1,39,28 Apr 2026 08:23:25,13CB2E7DBB898CE6F8A0
SMK YAFA,70028525,SMK,Swasta,Kec. Praya Barat Daya,230211,Kab. Lombok Tengah,230200,Prov. Nusa Tenggara Barat,230000,10,1,41,3,3,1,1,26,21 Apr 2026 08:23:24,3BBDE5AA0195AEFEE629
SMKS RAHMATULLAH AL MAARIF,50222355,SMK,Swasta,Kec. Praya Barat Daya,230211,Kab. Lombok Tengah,230200,Prov. Nusa Tenggara Barat,230000,13,1,84,5,6,0,0,18,06 Apr 2026 15:13:01,5104630EDBA88BB31AA2
SD NEGERI AIK BERIK,50201149,SD,Negeri,Kec. Batukliang Utara,230210,Kab. Lombok Tengah,230200,Prov. Nusa Tenggara Barat,230000,12,1,208,8,7,0,1,10,21 Apr 2026 19:20:05,1B70BDDD43C8D12CB402
SD NEGERI DAPUR,50200949,SD,Negeri,Kec. Batukliang Utara,230210,Kab. Lombok Tengah,230200,Prov. Nusa Tenggara Barat,230000,12,0,160,9,6,0,1,26,02 May 2026 10:42:09,884EA448B274A081598F
SD NEGERI GELOGOR,50201025,SD,Negeri,Kec. Batukliang Utara,230210,Kab. Lombok Tengah,230200,Prov. Nusa Tenggara Barat,230000,10,1,181,8,6,0,1,7,21 Apr 2026 10:21:40,BD09EF6145C6321082A8
SD NEGERI GUBUK MAKAM,50201049,SD,Negeri,Kec. Batukliang Utara,230210,Kab. Lombok Tengah,230200,Prov. Nusa Tenggara Barat,230000,11,1,158,7,10,0,0,13,14 Apr 2026 08:11:59,8422FFFCDC72AB80EDA2
SD NEGERI JENGGUAR,50201040,SD,Negeri,Kec. Batukliang Utara,230210,Kab. Lombok Tengah,230200,Prov. Nusa Tenggara Barat,230000,9,1,101,6,6,0,1,24,11 Mar 2026 19:03:34,1D0B6C3B3913BEB2F90F
SD NEGERI KARANG SIDEMEN,50200993,SD,Negeri,Kec. Batukliang Utara,230210,Kab. Lombok Tengah,230200,Prov. Nusa Tenggara Barat,230000,15,3,271,12,8,0,1,13,02 Apr 2026 06:31:47,DB087EF94FF92A15F548
SD NEGERI KETANGGA,50201013,SD,Negeri,Kec. Batukliang Utara,230210,Kab. Lombok Tengah,230200,Prov. Nusa Tenggara Barat,230000,9,2,143,7,6,0,1,20,08 Apr 2026 20:19:21,D06E7E28AE0EF453939F
SD NEGERI KUMBAK,50201008,SD,Negeri,Kec. Batukliang Utara,230210,Kab. Lombok Tengah,230200,Prov. Nusa Tenggara Barat,230000,9,1,98,6,4,0,1,10,11 Apr 2026 22:17:28,D0FC7E1557F809C75868
SD NEGERI LANTAN,50201500,SD,Negeri,Kec. Batukliang Utara,230210,Kab. Lombok Tengah,230200,Prov. Nusa Tenggara Barat,230000,19,1,344,13,5,0,1,17,02 May 2026 12:17:55,7888847E86EB10E78CCA
SD NEGERI LINGKOK LIMA,50201471,SD,Negeri,Kec. Batukliang Utara,230210,Kab. Lombok Tengah,230200,Prov. Nusa Tenggara Barat,230000,12,2,167,7,6,0,1,14,16 Apr 2026 11:34:44,D0F64BB046653B889FD0
SD NEGERI MAS MAS,50201496,SD,Negeri,Kec. Batukliang Utara,230210,Kab. Lombok Tengah,230200,Prov. Nusa Tenggara Barat,230000,10,1,163,7,6,0,1,10,10 Feb 2026 09:58:35,5A5F2C64621AA6904385
SD NEGERI MESORAN,50201447,SD,Negeri,Kec. Batukliang Utara,230210,Kab. Lombok Tengah,230200,Prov. Nusa Tenggara Barat,230000,10,0,130,6,6,0,1,12,11 Apr 2026 08:25:29,10A6C94A2D5741CF66A4
SD NEGERI PEMASIR,50201453,SD,Negeri,Kec. Batukliang Utara,230210,Kab. Lombok Tengah,230200,Prov. Nusa Tenggara Barat,230000,11,1,209,8,6,0,1,17,12 Apr 2026 04:47:43,810D115A57A7F5FD12A7
SD NEGERI PEMOTOH BARAT,50201433,SD,Negeri,Kec. Batukliang Utara,230210,Kab. Lombok Tengah,230200,Prov. Nusa Tenggara Barat,230000,8,2,72,6,6,0,1,25,07 Apr 2026 05:27:27,E797BEB38B3DCA9A9678
SD NEGERI PEMOTOH TENGAK,50201568,SD,Negeri,Kec. Batukliang Utara,230210,Kab. Lombok Tengah,230200,Prov. Nusa Tenggara Barat,230000,9,1,168,7,6,0,1,12,24 Apr 2026 09:13:32,F1C3909F347B9FA391D0
SD NEGERI PERSIL,50201550,SD,Negeri,Kec. Batukliang Utara,230210,Kab. Lombok Tengah,230200,Prov. Nusa Tenggara Barat,230000,9,3,151,7,7,0,1,26,02 May 2026 10:37:33,85E37E1F27A4CCEEE3D8
SD NEGERI PETIKUS,50201565,SD,Negeri,Kec. Batukliang Utara,230210,Kab. Lombok Tengah,230200,Prov. Nusa Tenggara Barat,230000,8,1,103,6,6,0,1,18,11 Apr 2026 08:29:46,C1A9D3C9BED9BE3A9FD0
SD NEGERI RANGKEP,69761923,SD,Negeri,Kec. Batukliang Utara,230210,Kab. Lombok Tengah,230200,Prov. Nusa Tenggara Barat,230000,11,2,122,6,6,0,0,23,20 Apr 2026 10:34:20,B403A996AD1C383F20F5
SD NEGERI REBAN BURUNG,50201515,SD,Negeri,Kec. Batukliang Utara,230210,Kab. Lombok Tengah,230200,Prov. Nusa Tenggara Barat,230000,10,1,108,6,6,0,1,5,16 Feb 2026 19:33:11,2B78B38D454468640A59
SD NEGERI REPUK SINTUNG BARAT,50201334,SD,Negeri,Kec. Batukliang Utara,230210,Kab. Lombok Tengah,230200,Prov. Nusa Tenggara Barat,230000,9,1,82,6,4,0,1,10,10 Apr 2026 16:40:33,2610591EB7443D8AA2FC
SD NEGERI SEGANTENG,50201530,SD,Negeri,Kec. Batukliang Utara,230210,Kab. Lombok Tengah,230200,Prov. Nusa Tenggara Barat,230000,14,1,195,9,5,0,1,18,27 Apr 2026 07:48:39,B47986C525652E5964B8
SD NEGERI SEKEDEK,50201529,SD,Negeri,Kec. Batukliang Utara,230210,Kab. Lombok Tengah,230200,Prov. Nusa Tenggara Barat,230000,9,1,158,6,6,1,1,12,30 Apr 2026 11:16:55,C0BAAC948896C82315F8
SD NEGERI SELAK AIK,50201527,SD,Negeri,Kec. Batukliang Utara,230210,Kab. Lombok Tengah,230200,Prov. Nusa Tenggara Barat,230000,10,1,168,7,6,0,1,14,21 Apr 2026 11:27:19,6A79ED7658F0AF92A990
SD NEGERI SELEWAT,50201523,SD,Negeri,Kec. Batukliang Utara,230210,Kab. Lombok Tengah,230200,Prov. Nusa Tenggara Barat,230000,12,0,185,7,6,0,1,30,14 Apr 2026 13:12:04,93F635989070BBF5886E
SD NEGERI SENURUS,50201346,SD,Negeri,Kec. Batukliang Utara,230210,Kab. Lombok Tengah,230200,Prov. Nusa Tenggara Barat,230000,10,2,103,6,6,0,1,6,14 Apr 2026 10:15:27,92AB43802ECC34206115
SD NEGERI SETILING,50201338,SD,Negeri,Kec. Batukliang Utara,230210,Kab. Lombok Tengah,230200,Prov. Nusa Tenggara Barat,230000,14,0,214,9,8,0,1,21,27 Apr 2026 08:50:47,DF07B4E6D1F05620FC6D
SD NEGERI TANAK BEAK,50201331,SD,Negeri,Kec. Batukliang Utara,230210,Kab. Lombok Tengah,230200,Prov. Nusa Tenggara Barat,230000,9,1,157,7,6,0,1,10,08 Apr 2026 09:06:49,29F8D3EF8E556E2FECAB
SD NEGERI TANAK BENGAN,50201330,SD,Negeri,Kec. Batukliang Utara,230210,Kab. Lombok Tengah,230200,Prov. Nusa Tenggara Barat,230000,10,1,82,6,4,0,1,14,16 Apr 2026 07:14:14,D3B0BAA862F771D881AC
SD NEGERI TERATAK,50201303,SD,Negeri,Kec. Batukliang Utara,230210,Kab. Lombok Tengah,230200,Prov. Nusa Tenggara Barat,230000,20,1,404,14,9,0,1,27,28 Apr 2026 21:54:34,3E681F18C51EA1D12893
SDN GUNUNG BOROK,50219768,SD,Negeri,Kec. Batukliang Utara,230210,Kab. Lombok Tengah,230200,Prov. Nusa Tenggara Barat,230000,11,1,75,6,6,0,0,13,10 Apr 2026 17:25:05,A47991C66B6F1C55C006
SDN REPOK MONTE,69770317,SD,Negeri,Kec. Batukliang Utara,230210,Kab. Lombok Tengah,230200,Prov. Nusa Tenggara Barat,230000,10,1,37,6,5,0,1,16,16 Apr 2026 08:14:55,F583B24261B1CF0EF4A3
SDN RERANTEK,69761922,SD,Negeri,Kec. Batukliang Utara,230210,Kab. Lombok Tengah,230200,Prov. Nusa Tenggara Barat,230000,10,0,29,6,6,0,1,14,14 Apr 2026 08:33:21,84CBD0396D71AB9AFA36
SDN TAMBING KEKEQ,60729225,SD,Negeri,Kec. Batukliang Utara,230210,Kab. Lombok Tengah,230200,Prov. Nusa Tenggara Barat,230000,9,1,53,6,3,0,0,20,09 Apr 2026 22:56:38,8DB9C912F3069130406B
SD ISLAM NW CEKING,60729242,SD,Swasta,Kec. Batukliang Utara,230210,Kab. Lombok Tengah,230200,Prov. Nusa Tenggara Barat,230000,8,2,68,6,5,0,1,16,06 Mar 2026 08:59:47,1A9D88173DB9105E8531
SD ISLAM TERPADU AN NUR,70047781,SD,Swasta,Kec. Batukliang Utara,230210,Kab. Lombok Tengah,230200,Prov. Nusa Tenggara Barat,230000,5,2,42,3,3,0,0,52,30 Apr 2026 22:27:00,931F3127F84B0F70D392
SDI AS-SYAFII NW,69982082,SD,Swasta,Kec. Batukliang Utara,230210,Kab. Lombok Tengah,230200,Prov. Nusa Tenggara Barat,230000,8,1,99,6,5,0,0,18,29 Apr 2026 04:41:32,D808CB4409A0AF0F516B
SDI BINTANG SINAR LIMA,70056996,SD,Swasta,Kec. Batukliang Utara,230210,Kab. Lombok Tengah,230200,Prov. Nusa Tenggara Barat,230000,0,1,0,0,0,0,0,0,,08BBFB67C40B8196BF74
SDI NURUL MUFIDAH NW,69888367,SD,Swasta,Kec. Batukliang Utara,230210,Kab. Lombok Tengah,230200,Prov. Nusa Tenggara Barat,230000,6,1,125,6,4,0,0,7,22 Apr 2026 13:37:59,F0399955F7FC8B97EC0F
SDIT AL-MUADZININ,70005062,SD,Swasta,Kec. Batukliang Utara,230210,Kab. Lombok Tengah,230200,Prov. Nusa Tenggara Barat,230000,8,1,85,6,6,0,0,36,28 Apr 2026 20:44:17,726CE745E2E68B0407CD
SDIT AS-SALAM PRAMPUAN,69943898,SD,Swasta,Kec. Batukliang Utara,230210,Kab. Lombok Tengah,230200,Prov. Nusa Tenggara Barat,230000,8,1,154,7,3,0,0,11,07 Apr 2026 06:49:13,5EB12B6C65916E3A0973
SMP NEGERI 1 BATUKLIANG UTARA,50201316,SMP,Negeri,Kec. Batukliang Utara,230210,Kab. Lombok Tengah,230200,Prov. Nusa Tenggara Barat,230000,20,4,351,12,12,2,1,23,27 Apr 2026 09:50:23,894EF8A32DC88BF37DDD
SMP NEGERI 2 BATUKLIANG UTARA,50201406,SMP,Negeri,Kec. Batukliang Utara,230210,Kab. Lombok Tengah,230200,Prov. Nusa Tenggara Barat,230000,16,2,158,7,12,3,1,28,18 Apr 2026 19:28:17,78BC85EF68B805FC45F5
SMP NEGERI 3 BATUKLIANG UTARA,50201428,SMP,Negeri,Kec. Batukliang Utara,230210,Kab. Lombok Tengah,230200,Prov. Nusa Tenggara Barat,230000,15,2,131,6,9,1,1,47,25 Apr 2026 15:44:38,87AC610CE8EC140193B1
SMP NEGERI 4 BATUKLIANG UTARA,50201417,SMP,Negeri,Kec. Batukliang Utara,230210,Kab. Lombok Tengah,230200,Prov. Nusa Tenggara Barat,230000,11,4,138,6,7,1,1,8,28 Apr 2026 08:12:04,9095A75BD4526D7540B9
SMP Negeri 7 Satu Atap Batukliang Utara,69987307,SMP,Negeri,Kec. Batukliang Utara,230210,Kab. Lombok Tengah,230200,Prov. Nusa Tenggara Barat,230000,8,1,10,3,3,0,0,15,09 Apr 2026 08:10:53,54A5852395FBE9396EBC
SMP Negeri Satap Repuk Sintung,50220245,SMP,Negeri,Kec. Batukliang Utara,230210,Kab. Lombok Tengah,230200,Prov. Nusa Tenggara Barat,230000,15,0,32,3,3,1,2,8,27 Jan 2026 09:19:29,2D0E29DE25E18D11BB4C
SMP-SD SATU ATAP LANTAN,50220240,SMP,Negeri,Kec. Batukliang Utara,230210,Kab. Lombok Tengah,230200,Prov. Nusa Tenggara Barat,230000,10,2,95,4,4,1,1,17,09 Apr 2026 11:37:39,F0F69378FE4DA90ACAE7
SMP ISLAM AL-JIHADDI NW TAMBING KEKEK,69959786,SMP,Swasta,Kec. Batukliang Utara,230210,Kab. Lombok Tengah,230200,Prov. Nusa Tenggara Barat,230000,3,1,25,3,3,0,0,11,12 Feb 2026 10:49:41,2F214794A339FC6E7333
SMP ISLAM AS - SIDDIQIEN,69966141,SMP,Swasta,Kec. Batukliang Utara,230210,Kab. Lombok Tengah,230200,Prov. Nusa Tenggara Barat,230000,6,1,17,3,3,0,0,17,30 Apr 2026 08:48:27,6BF3E9065E4A84DE44D5
SMP Islam Darul Musthofa NW,69937536,SMP,Swasta,Kec. Batukliang Utara,230210,Kab. Lombok Tengah,230200,Prov. Nusa Tenggara Barat,230000,9,1,73,3,4,2,1,27,24 Apr 2026 14:39:13,2B93FB915791E34F2336
SMP ISLAM DARUSHOLIHIN LINGKOK LIME,70030095,SMP,Swasta,Kec. Batukliang Utara,230210,Kab. Lombok Tengah,230200,Prov. Nusa Tenggara Barat,230000,9,1,26,3,3,0,1,17,27 Apr 2026 16:27:37,210D6CBC820F49E6C0CC
SMP ISLAM NURUL JIHAD  NW  SENYIUR,69916242,SMP,Swasta,Kec. Batukliang Utara,230210,Kab. Lombok Tengah,230200,Prov. Nusa Tenggara Barat,230000,5,1,20,3,1,0,1,16,04 Mar 2026 08:30:11,6BE18CB2456CF03AB823
SMP ISLAM NUSANTARA,70001376,SMP,Swasta,Kec. Batukliang Utara,230210,Kab. Lombok Tengah,230200,Prov. Nusa Tenggara Barat,230000,12,1,46,3,3,0,1,19,24 Apr 2026 14:17:50,1E4643CB62A02A6365D6
SMP Islam NW Ceking,69893080,SMP,Swasta,Kec. Batukliang Utara,230210,Kab. Lombok Tengah,230200,Prov. Nusa Tenggara Barat,230000,12,1,37,3,1,1,1,21,24 Apr 2026 07:37:22,A8F78337FFDEEDB33AC7
SMP ISLAM SABILAL MUHTADIN NW,50205184,SMP,Swasta,Kec. Batukliang Utara,230210,Kab. Lombok Tengah,230200,Prov. Nusa Tenggara Barat,230000,5,2,22,3,3,0,1,10,10 Apr 2026 19:37:57,CF3BF9B6AC47EEED94B3
SMP ISLAM ULUUMUL QURAN,70032148,SMP,Swasta,Kec. Batukliang Utara,230210,Kab. Lombok Tengah,230200,Prov. Nusa Tenggara Barat,230000,8,1,106,3,3,0,0,29,22 Apr 2026 12:26:52,8ACA7BDECAADC54C393C
SMP IT AS SYAFIIAH,70049809,SMP,Swasta,Kec. Batukliang Utara,230210,Kab. Lombok Tengah,230200,Prov. Nusa Tenggara Barat,230000,8,1,16,3,2,0,1,30,28 Apr 2026 05:31:41,3CC5FC56BF3FC0AD19EB
SMP IT AS-SALAM,70025847,SMP,Swasta,Kec. Batukliang Utara,230210,Kab. Lombok Tengah,230200,Prov. Nusa Tenggara Barat,230000,10,1,86,3,3,0,1,15,12 Apr 2026 11:46:33,222F32B55D54E7AFBDB8
SMPS ISLAM HIDAYATUL UMMAH,69786356,SMP,Swasta,Kec. Batukliang Utara,230210,Kab. Lombok Tengah,230200,Prov. Nusa Tenggara Barat,230000,5,1,22,3,3,0,1,7,29 Apr 2026 06:11:02,B62CF6BA0CB64EA51683
SMAN 1 BATUKLIANG UTARA,50201395,SMA,Negeri,Kec. Batukliang Utara,230210,Kab. Lombok Tengah,230200,Prov. Nusa Tenggara Barat,230000,29,8,642,19,12,3,1,42,02 May 2026 08:47:21,FBFD0E9213506B481B59
SMA ISLAM TERPADU AS-SALAM,70056661,SMA,Swasta,Kec. Batukliang Utara,230210,Kab. Lombok Tengah,230200,Prov. Nusa Tenggara Barat,230000,4,4,29,2,2,0,0,14,22 Mar 2026 11:59:46,3EC251F84E1069AF4403
SMA ISLAM ULUMUL QURAN,70039371,SMA,Swasta,Kec. Batukliang Utara,230210,Kab. Lombok Tengah,230200,Prov. Nusa Tenggara Barat,230000,5,3,46,3,2,0,0,12,25 Apr 2026 23:30:27,44F387AD4A57659E971D
SMA TARUNA NAHDLATUL WATHAN,70060099,SMA,Swasta,Kec. Batukliang Utara,230210,Kab. Lombok Tengah,230200,Prov. Nusa Tenggara Barat,230000,0,0,0,0,0,0,0,0,,D7506551BC4B93276A43
SMKN 1 BATUKLIANG UTARA,50219591,SMK,Negeri,Kec. Batukliang Utara,230210,Kab. Lombok Tengah,230200,Prov. Nusa Tenggara Barat,230000,38,8,221,14,17,2,1,30,27 Apr 2026 15:16:22,02245363A7F7B343160A
SMK AL KAUTSAR NW REBAN BURUNG,69886178,SMK,Swasta,Kec. Batukliang Utara,230210,Kab. Lombok Tengah,230200,Prov. Nusa Tenggara Barat,230000,20,1,139,6,4,2,1,65,29 Apr 2026 02:15:14,642F6BEEBE0FCCBB45AA
SMK Darul Hayyani Setiling,70044104,SMK,Swasta,Kec. Batukliang Utara,230210,Kab. Lombok Tengah,230200,Prov. Nusa Tenggara Barat,230000,12,1,52,3,4,1,1,12,14 Apr 2026 19:30:16,E43CF8F8445BC02E48F6
SMK IT Karya Cendikia,70036091,SMK,Swasta,Kec. Batukliang Utara,230210,Kab. Lombok Tengah,230200,Prov. Nusa Tenggara Barat,230000,10,1,63,7,6,0,0,10,03 Mar 2026 08:32:55,1E245B82513106E75D87
SMK PARIWISATA AR RUHUL JADIID,70011068,SMK,Swasta,Kec. Batukliang Utara,230210,Kab. Lombok Tengah,230200,Prov. Nusa Tenggara Barat,230000,14,1,124,5,5,0,0,59,22 Apr 2026 21:32:02,F6F844C6F523B2ABEFBA
SD NEGERI 1 BELEKA,50201850,SD,Negeri,Kec. Praya Timur,230203,Kab. Lombok Tengah,230200,Prov. Nusa Tenggara Barat,230000,13,2,208,10,8,0,1,11,11 Apr 2026 05:58:16,B49CC21AB3B693AE1D50
SD NEGERI 1 GANTI,50201841,SD,Negeri,Kec. Praya Timur,230203,Kab. Lombok Tengah,230200,Prov. Nusa Tenggara Barat,230000,10,1,122,6,6,0,1,7,02 Apr 2026 23:48:44,B03C719FE9250797ECD5
SD NEGERI 1 MARONG,50201951,SD,Negeri,Kec. Praya Timur,230203,Kab. Lombok Tengah,230200,Prov. Nusa Tenggara Barat,230000,12,3,167,7,7,0,1,50,30 Apr 2026 08:33:40,491AF7A04A242C04B2D4
SD NEGERI 1 MUJUR,50201945,SD,Negeri,Kec. Praya Timur,230203,Kab. Lombok Tengah,230200,Prov. Nusa Tenggara Barat,230000,9,1,164,8,7,0,1,13,25 Apr 2026 10:07:16,670FD785DC21F7B4DED9
SD NEGERI 1 Semoyang,50201959,SD,Negeri,Kec. Praya Timur,230203,Kab. Lombok Tengah,230200,Prov. Nusa Tenggara Barat,230000,9,0,64,6,6,0,1,20,03 Mar 2026 08:03:41,BBF946714DC7AA347C5C
SD NEGERI 1 SENGKERANG,50201958,SD,Negeri,Kec. Praya Timur,230203,Kab. Lombok Tengah,230200,Prov. Nusa Tenggara Barat,230000,16,2,270,12,7,0,1,13,30 Mar 2026 08:08:20,B5FACC023B1A18300B36
SD NEGERI 2 BELEKA,50201936,SD,Negeri,Kec. Praya Timur,230203,Kab. Lombok Tengah,230200,Prov. Nusa Tenggara Barat,230000,8,1,88,6,7,0,1,35,25 Apr 2026 10:07:50,114039B29EE2CA04887F
SD NEGERI 2 GANTI,50201026,SD,Negeri,Kec. Praya Timur,230203,Kab. Lombok Tengah,230200,Prov. Nusa Tenggara Barat,230000,8,3,145,6,6,0,1,23,30 Apr 2026 19:15:29,442D111EA30BDA4C5619
SD NEGERI 2 MARONG,50201129,SD,Negeri,Kec. Praya Timur,230203,Kab. Lombok Tengah,230200,Prov. Nusa Tenggara Barat,230000,10,1,99,6,6,0,1,13,21 Apr 2026 16:27:46,6BC18C32F529FDEF37F2
SD NEGERI 2 MUJUR,50201122,SD,Negeri,Kec. Praya Timur,230203,Kab. Lombok Tengah,230200,Prov. Nusa Tenggara Barat,230000,11,1,171,8,9,0,1,18,10 Apr 2026 21:05:08,789D11DDD9CE26630567
SD NEGERI 2 SEMOYANG,50201070,SD,Negeri,Kec. Praya Timur,230203,Kab. Lombok Tengah,230200,Prov. Nusa Tenggara Barat,230000,11,0,180,7,7,0,1,32,19 Apr 2026 19:56:27,B4D63F6D40130525C6B1
SD NEGERI 3 BELEKA,50201055,SD,Negeri,Kec. Praya Timur,230203,Kab. Lombok Tengah,230200,Prov. Nusa Tenggara Barat,230000,16,1,212,11,10,0,1,23,29 Apr 2026 09:39:42,BCF5F84145C4A4362A72
SD NEGERI 3 MARONG,50201173,SD,Negeri,Kec. Praya Timur,230203,Kab. Lombok Tengah,230200,Prov. Nusa Tenggara Barat,230000,17,2,235,12,8,0,1,16,29 Apr 2026 07:41:37,D5F7B4725E31F9328502
SD NEGERI 3 MUJUR,50201171,SD,Negeri,Kec. Praya Timur,230203,Kab. Lombok Tengah,230200,Prov. Nusa Tenggara Barat,230000,14,3,184,10,6,0,1,13,08 Apr 2026 10:09:48,4A0BFA8C864E97FB0821
SD NEGERI Bagik Kerongkong,50201155,SD,Negeri,Kec. Praya Timur,230203,Kab. Lombok Tengah,230200,Prov. Nusa Tenggara Barat,230000,11,0,131,6,6,0,1,22,21 Apr 2026 08:15:39,1677E0A75C8A906A66E5
SD NEGERI BATURINTANG,50200957,SD,Negeri,Kec. Praya Timur,230203,Kab. Lombok Tengah,230200,Prov. Nusa Tenggara Barat,230000,25,0,297,14,14,0,1,19,19 Apr 2026 22:12:38,DA1F831CA59187118DF6
SD NEGERI BEBILE,50200969,SD,Negeri,Kec. Praya Timur,230203,Kab. Lombok Tengah,230200,Prov. Nusa Tenggara Barat,230000,9,2,143,7,7,0,1,43,03 Apr 2026 20:44:39,4E4BE69E96C3AE5D272C
SD NEGERI BELEKA,50200979,SD,Negeri,Kec. Praya Timur,230203,Kab. Lombok Tengah,230200,Prov. Nusa Tenggara Barat,230000,8,0,85,6,0,0,0,14,02 May 2026 08:58:10,E01995B4B0D3E1FFB61E
SD NEGERI BERANGAH,50205128,SD,Negeri,Kec. Praya Timur,230203,Kab. Lombok Tengah,230200,Prov. Nusa Tenggara Barat,230000,12,2,160,9,6,0,1,20,08 Apr 2026 10:40:36,D708A91853FDD446CE10
SD NEGERI BILELANDO,50200971,SD,Negeri,Kec. Praya Timur,230203,Kab. Lombok Tengah,230200,Prov. Nusa Tenggara Barat,230000,9,2,107,6,6,0,2,21,30 Apr 2026 17:54:12,A114745797589FE50B04
SD NEGERI KELANJUH,50200988,SD,Negeri,Kec. Praya Timur,230203,Kab. Lombok Tengah,230200,Prov. Nusa Tenggara Barat,230000,9,1,66,6,7,0,1,19,08 Apr 2026 08:56:02,E120FA36BCFEB496B276
SD NEGERI KELONGKONG,50201003,SD,Negeri,Kec. Praya Timur,230203,Kab. Lombok Tengah,230200,Prov. Nusa Tenggara Barat,230000,8,1,77,6,6,1,1,13,28 Apr 2026 08:35:08,3E19816834A703B2A890
SD NEGERI KIDANG,50201010,SD,Negeri,Kec. Praya Timur,230203,Kab. Lombok Tengah,230200,Prov. Nusa Tenggara Barat,230000,15,2,298,12,9,0,1,7,02 Mar 2026 09:38:35,26358931B50BA693BF19
SD NEGERI KULEM,50201009,SD,Negeri,Kec. Praya Timur,230203,Kab. Lombok Tengah,230200,Prov. Nusa Tenggara Barat,230000,10,1,159,8,8,0,1,39,29 Apr 2026 07:49:06,DB2AC572CFD50BC908C2
SD NEGERI Landah,50200985,SD,Negeri,Kec. Praya Timur,230203,Kab. Lombok Tengah,230200,Prov. Nusa Tenggara Barat,230000,11,1,143,8,7,0,1,18,10 Apr 2026 04:46:42,EF9C323F687042292C1B
SD NEGERI Legu,50201482,SD,Negeri,Kec. Praya Timur,230203,Kab. Lombok Tengah,230200,Prov. Nusa Tenggara Barat,230000,9,0,81,6,6,0,1,14,13 Apr 2026 10:23:28,E90C922893AAA02F23BC
SD NEGERI LENGKAH,50201195,SD,Negeri,Kec. Praya Timur,230203,Kab. Lombok Tengah,230200,Prov. Nusa Tenggara Barat,230000,10,1,127,7,6,0,1,29,15 Apr 2026 08:33:11,24829C8FEA0B6D489AD8
SD NEGERI LOKON,50201499,SD,Negeri,Kec. Praya Timur,230203,Kab. Lombok Tengah,230200,Prov. Nusa Tenggara Barat,230000,17,1,252,12,6,0,1,21,30 Apr 2026 06:57:48,2FA7A464D29CDE43E862
SD NEGERI MENGKUDU,50201492,SD,Negeri,Kec. Praya Timur,230203,Kab. Lombok Tengah,230200,Prov. Nusa Tenggara Barat,230000,11,1,163,6,6,0,1,24,30 Mar 2026 15:38:08,DE221BED39761618471B
SD NEGERI MENYOSOK,50201489,SD,Negeri,Kec. Praya Timur,230203,Kab. Lombok Tengah,230200,Prov. Nusa Tenggara Barat,230000,8,1,85,6,10,0,0,8,06 Apr 2026 08:26:16,70C63CBECFE0925B3964
SD NEGERI NYAMPE PRAYA TIMUR,50201188,SD,Negeri,Kec. Praya Timur,230203,Kab. Lombok Tengah,230200,Prov. Nusa Tenggara Barat,230000,11,1,180,9,9,1,1,21,04 Feb 2026 20:01:57,EADF7BC1A9EBC54BC8CC
SD NEGERI NYANGGET,50201183,SD,Negeri,Kec. Praya Timur,230203,Kab. Lombok Tengah,230200,Prov. Nusa Tenggara Barat,230000,10,2,108,6,6,0,1,14,24 Apr 2026 10:50:55,E330B1DD75676F66D966
SD NEGERI PENANGSAK,50201545,SD,Negeri,Kec. Praya Timur,230203,Kab. Lombok Tengah,230200,Prov. Nusa Tenggara Barat,230000,8,1,56,6,6,0,0,22,02 Apr 2026 19:30:24,4E23063F8133FCBA69A0
SD NEGERI PERAS,50201538,SD,Negeri,Kec. Praya Timur,230203,Kab. Lombok Tengah,230200,Prov. Nusa Tenggara Barat,230000,8,1,93,6,6,0,1,18,28 Apr 2026 11:51:53,FDB7EADDC10214988B98
SD NEGERI SEMOYONG,50201096,SD,Negeri,Kec. Praya Timur,230203,Kab. Lombok Tengah,230200,Prov. Nusa Tenggara Barat,230000,16,1,274,12,8,0,1,16,08 Apr 2026 06:55:17,5695D96B420F1F1B6658
SD NEGERI SEPAKAT,50201344,SD,Negeri,Kec. Praya Timur,230203,Kab. Lombok Tengah,230200,Prov. Nusa Tenggara Barat,230000,9,2,104,6,6,0,0,18,23 Apr 2026 11:18:26,BF526B61C8E4844A51CF
SD NEGERI SONGKOK,50201349,SD,Negeri,Kec. Praya Timur,230203,Kab. Lombok Tengah,230200,Prov. Nusa Tenggara Barat,230000,12,1,166,8,6,0,1,11,04 Apr 2026 06:39:15,E1825CF4CB1D0C3AEB4F
SD NEGERI SOSAK,50201350,SD,Negeri,Kec. Praya Timur,230203,Kab. Lombok Tengah,230200,Prov. Nusa Tenggara Barat,230000,8,2,66,6,6,0,1,9,22 Apr 2026 20:05:22,5E2D8C6FA10594BFF8F9
SD NEGERI Sukaraja,50201362,SD,Negeri,Kec. Praya Timur,230203,Kab. Lombok Tengah,230200,Prov. Nusa Tenggara Barat,230000,10,1,118,6,6,0,1,52,20 Apr 2026 10:59:57,8413C46C5BF3A6081A66
SD NEGERI TELOK,50201182,SD,Negeri,Kec. Praya Timur,230203,Kab. Lombok Tengah,230200,Prov. Nusa Tenggara Barat,230000,10,2,149,6,12,0,1,63,08 Apr 2026 02:40:45,1B01089ADAC73C7787DA
SDIT MAHFUZHOTUL QURAN,70010405,SD,Swasta,Kec. Praya Timur,230203,Kab. Lombok Tengah,230200,Prov. Nusa Tenggara Barat,230000,7,1,12,6,5,0,0,20,17 Apr 2026 05:08:14,AAB3BA039FBAD966BA2E
SDIT NURUL ANBIYA NW,70035842,SD,Swasta,Kec. Praya Timur,230203,Kab. Lombok Tengah,230200,Prov. Nusa Tenggara Barat,230000,10,1,52,4,4,0,1,7,26 Feb 2026 17:33:23,BD54C411BC35D8F4A3B9
SDIT NURUL YASIN,70046531,SD,Swasta,Kec. Praya Timur,230203,Kab. Lombok Tengah,230200,Prov. Nusa Tenggara Barat,230000,8,1,23,3,3,0,1,15,15 Apr 2026 18:09:09,C06D532669C4C6E732F6
SD-SMP NEGERI SATU ATAP 7 PRAYA TIMUR,50219618,SMP,Negeri,Kec. Praya Timur,230203,Kab. Lombok Tengah,230200,Prov. Nusa Tenggara Barat,230000,7,2,55,3,3,1,1,10,10 Apr 2026 09:23:03,03606B9D956BBDBC819D
SMP NEGERI 1 PRAYA TIMUR,50201410,SMP,Negeri,Kec. Praya Timur,230203,Kab. Lombok Tengah,230200,Prov. Nusa Tenggara Barat,230000,30,10,535,18,21,3,1,36,23 Apr 2026 09:16:58,74AA91DD90A72B1B639A
SMP NEGERI 10 Satu Atap Praya Timur,50222385,SMP,Negeri,Kec. Praya Timur,230203,Kab. Lombok Tengah,230200,Prov. Nusa Tenggara Barat,230000,10,0,48,3,3,1,0,26,28 Apr 2026 12:59:03,48D41C836F5E323DD130
SMP NEGERI 2 PRAYA TIMUR,50201415,SMP,Negeri,Kec. Praya Timur,230203,Kab. Lombok Tengah,230200,Prov. Nusa Tenggara Barat,230000,27,8,279,9,15,2,1,35,23 Apr 2026 18:16:27,FF90E133193A041224E3
SMP NEGERI 3 PRAYA TIMUR,50201421,SMP,Negeri,Kec. Praya Timur,230203,Kab. Lombok Tengah,230200,Prov. Nusa Tenggara Barat,230000,17,2,124,6,11,1,1,39,30 Apr 2026 23:00:51,C7BFC209CA3214556605
SMP NEGERI 4 PRAYA TIMUR,50201378,SMP,Negeri,Kec. Praya Timur,230203,Kab. Lombok Tengah,230200,Prov. Nusa Tenggara Barat,230000,19,4,133,6,10,3,1,88,22 Apr 2026 21:30:24,493E8FD05DE3A527ACBD
SMP NEGERI 5 PRAYA TIMUR,50205175,SMP,Negeri,Kec. Praya Timur,230203,Kab. Lombok Tengah,230200,Prov. Nusa Tenggara Barat,230000,10,0,28,3,8,1,1,24,13 Apr 2026 19:28:19,025099D78F4646F76B2F
SMP NEGERI 6 PRAYA TIMUR,50205176,SMP,Negeri,Kec. Praya Timur,230203,Kab. Lombok Tengah,230200,Prov. Nusa Tenggara Barat,230000,30,6,372,13,12,2,1,32,30 Apr 2026 07:41:45,D51DBAED8E5B1BED081F
SMP NEGERI SATU ATAP 8 PRAYA TIMUR,50219619,SMP,Negeri,Kec. Praya Timur,230203,Kab. Lombok Tengah,230200,Prov. Nusa Tenggara Barat,230000,11,2,50,3,3,2,1,31,27 Apr 2026 11:10:09,DFB6EA2C27D497A3CA65
SMP Negeri Satu Atap Baturintang,50220238,SMP,Negeri,Kec. Praya Timur,230203,Kab. Lombok Tengah,230200,Prov. Nusa Tenggara Barat,230000,18,1,119,6,6,1,1,35,30 Apr 2026 08:52:03,A16B4A2D8C4794C2DB05
SMP Islam Arrahmaniyah,50222350,SMP,Swasta,Kec. Praya Timur,230203,Kab. Lombok Tengah,230200,Prov. Nusa Tenggara Barat,230000,16,2,101,6,3,1,0,28,15 Apr 2026 07:49:10,A4ADAECCD2B4BCBE98B2
SMP ISLAM DARUL MUJAHIDIN AS-SYAFII NW,69959076,SMP,Swasta,Kec. Praya Timur,230203,Kab. Lombok Tengah,230200,Prov. Nusa Tenggara Barat,230000,6,1,72,3,3,0,1,11,07 Mar 2026 21:34:04,CE260BC1E0B436E30149
SMP ISLAM INSAN RABBANI ATTHULU,70058198,SMP,Swasta,Kec. Praya Timur,230203,Kab. Lombok Tengah,230200,Prov. Nusa Tenggara Barat,230000,10,1,13,1,1,0,0,14,10 Feb 2026 11:34:42,E51E37F3DC09E263A287
SMP Islam Nurul Islahuddini NW Sukaraja,69920635,SMP,Swasta,Kec. Praya Timur,230203,Kab. Lombok Tengah,230200,Prov. Nusa Tenggara Barat,230000,9,1,21,3,4,1,1,13,13 Apr 2026 05:54:30,3866313E80EE78724D5C
SMP ISLAM PLUS WALYATALATTOF,69794496,SMP,Swasta,Kec. Praya Timur,230203,Kab. Lombok Tengah,230200,Prov. Nusa Tenggara Barat,230000,8,1,41,3,3,0,0,19,30 Apr 2026 10:39:20,60EBEC5F56DA71B02518
SMP IT SYAIKHUNA ZAINUDDIN ATSANI NW LINGKUK DANE,70005352,SMP,Swasta,Kec. Praya Timur,230203,Kab. Lombok Tengah,230200,Prov. Nusa Tenggara Barat,230000,13,2,46,3,1,4,1,26,20 Apr 2026 08:47:58,3252C9ECF02ADF215EDB
SMP IT ZIADATUL HUSNA NW MUJUR,70056997,SMP,Swasta,Kec. Praya Timur,230203,Kab. Lombok Tengah,230200,Prov. Nusa Tenggara Barat,230000,0,0,0,0,0,0,0,0,,D47D014C632261FE60D7
SMPI RIYADUL MUKHLISIN,70042898,SMP,Swasta,Kec. Praya Timur,230203,Kab. Lombok Tengah,230200,Prov. Nusa Tenggara Barat,230000,12,1,103,5,5,0,0,16,16 Apr 2026 20:46:06,BA6AABC2366A8A9E3734
SMPIT NURUL YASIN,70029731,SMP,Swasta,Kec. Praya Timur,230203,Kab. Lombok Tengah,230200,Prov. Nusa Tenggara Barat,230000,8,1,44,3,3,1,1,29,02 May 2026 09:35:57,377672B2586D130396BD
SMAN 1 PRAYA TIMUR,50201387,SMA,Negeri,Kec. Praya Timur,230203,Kab. Lombok Tengah,230200,Prov. Nusa Tenggara Barat,230000,55,10,1120,33,28,4,1,21,30 Apr 2026 20:04:34,5850DE876889F339E33F
SMA ISLAM ARRAHMANIYAH MUJUR,69922814,SMA,Swasta,Kec. Praya Timur,230203,Kab. Lombok Tengah,230200,Prov. Nusa Tenggara Barat,230000,12,1,45,3,3,1,1,21,14 Apr 2026 10:46:23,44A17C423A1B9845ACAD
SMA Islam Ulumul Quran,70060896,SMA,Swasta,Kec. Praya Timur,230203,Kab. Lombok Tengah,230200,Prov. Nusa Tenggara Barat,230000,0,1,0,0,0,0,0,0,,0506AEA6FD39B5CF54C8
SMAS ISLAM AL-AMIN SEMOYANG,70046328,SMA,Swasta,Kec. Praya Timur,230203,Kab. Lombok Tengah,230200,Prov. Nusa Tenggara Barat,230000,16,1,51,3,3,0,1,26,29 Apr 2026 20:03:09,5DD68945327226078B4D
SMAS ISLAM RIYADUL MUKHLISIN,70046735,SMA,Swasta,Kec. Praya Timur,230203,Kab. Lombok Tengah,230200,Prov. Nusa Tenggara Barat,230000,12,1,43,3,3,1,1,23,02 May 2026 19:28:40,2087998D4DBAEA895ED5
SMAS ISLAM SHOHIBURRAHMAN BELEKA,50220571,SMA,Swasta,Kec. Praya Timur,230203,Kab. Lombok Tengah,230200,Prov. Nusa Tenggara Barat,230000,13,2,80,3,4,1,1,28,13 Apr 2026 20:51:25,A466F292EC0044F248A7
SMAS KASYAFA LOMBOK,70054313,SMA,Swasta,Kec. Praya Timur,230203,Kab. Lombok Tengah,230200,Prov. Nusa Tenggara Barat,230000,9,1,36,1,1,1,1,18,30 Apr 2026 14:54:12,EEBA4875A7E456A542AA
SMKS ISLAM RIYADUL MUKHLISIN,70046734,SMA,Swasta,Kec. Praya Timur,230203,Kab. Lombok Tengah,230200,Prov. Nusa Tenggara Barat,230000,0,0,0,0,0,0,0,0,,D16FCAA6673B9A80007C
SMKN 1 Praya Timur,69946324,SMK,Negeri,Kec. Praya Timur,230203,Kab. Lombok Tengah,230200,Prov. Nusa Tenggara Barat,230000,23,8,164,7,7,1,1,15,15 Apr 2026 09:16:59,A58FB0F8AA57FB4DB225
SMK Darul Mujahidin NW Semoyang,70047524,SMK,Swasta,Kec. Praya Timur,230203,Kab. Lombok Tengah,230200,Prov. Nusa Tenggara Barat,230000,8,1,38,4,4,0,1,8,15 Apr 2026 08:50:16,49A866F66509F3ECEE20
SMK Islam Assyafi iyah NW Penangsak,69978241,SMK,Swasta,Kec. Praya Timur,230203,Kab. Lombok Tengah,230200,Prov. Nusa Tenggara Barat,230000,0,0,0,0,0,0,0,0,,3BAFA8D8FAC9923B6764
SMKS NURA DARMA HUSADA SEPAKAT,69755780,SMK,Swasta,Kec. Praya Timur,230203,Kab. Lombok Tengah,230200,Prov. Nusa Tenggara Barat,230000,10,1,86,6,6,3,1,13,27 Feb 2026 07:40:03,921041590522837F4CE5
SMKS TERPADU AL KHAIRIYAH NW RAJAK,69755778,SMK,Swasta,Kec. Praya Timur,230203,Kab. Lombok Tengah,230200,Prov. Nusa Tenggara Barat,230000,10,1,17,5,6,1,1,19,22 Apr 2026 12:14:34,1BB65EAA2484DE80A252
SD N 1 LAJUT,50201859,SD,Negeri,Kec. Praya Tengah,230212,Kab. Lombok Tengah,230200,Prov. Nusa Tenggara Barat,230000,14,0,223,9,7,1,1,39,22 Apr 2026 11:01:09,20D55F4CC557BEF6C317
SD N 1 SANGGENG,50201502,SD,Negeri,Kec. Praya Tengah,230212,Kab. Lombok Tengah,230200,Prov. Nusa Tenggara Barat,230000,11,1,155,7,6,0,1,13,18 Apr 2026 08:48:40,B13EF2A1AA655B9E9FEB
SD NEGERI 1 BATUNYALA,50201851,SD,Negeri,Kec. Praya Tengah,230212,Kab. Lombok Tengah,230200,Prov. Nusa Tenggara Barat,230000,9,0,89,6,6,0,1,8,06 Mar 2026 20:40:11,973858C6C8084E1A09AA
SD NEGERI 1 JONTLAK,50201868,SD,Negeri,Kec. Praya Tengah,230212,Kab. Lombok Tengah,230200,Prov. Nusa Tenggara Barat,230000,10,1,183,8,6,0,1,27,04 Apr 2026 09:22:29,A638EAD5333088F3E230
SD NEGERI 1 JURANG JALER,50201867,SD,Negeri,Kec. Praya Tengah,230212,Kab. Lombok Tengah,230200,Prov. Nusa Tenggara Barat,230000,9,1,187,7,6,0,1,41,06 Apr 2026 07:24:26,DD0464916C7105465FD4
SD NEGERI 1 LELONG,50201839,SD,Negeri,Kec. Praya Tengah,230212,Kab. Lombok Tengah,230200,Prov. Nusa Tenggara Barat,230000,9,1,91,6,5,0,1,25,06 Mar 2026 12:21:57,CFFED463B894B33F7876
SD NEGERI 1 LENDANG KUNYIT,50201972,SD,Negeri,Kec. Praya Tengah,230212,Kab. Lombok Tengah,230200,Prov. Nusa Tenggara Barat,230000,8,1,124,6,6,0,1,7,07 Mar 2026 08:17:18,92D6F967938CD43A2C28
SD NEGERI 1 PEJANGGIK,50201942,SD,Negeri,Kec. Praya Tengah,230212,Kab. Lombok Tengah,230200,Prov. Nusa Tenggara Barat,230000,9,1,96,6,6,0,1,10,07 Mar 2026 06:43:37,5B0B575C330C51BA3FB2
SD NEGERI 1 PENGADANG,50201955,SD,Negeri,Kec. Praya Tengah,230212,Kab. Lombok Tengah,230200,Prov. Nusa Tenggara Barat,230000,10,2,218,8,9,0,1,39,04 Apr 2026 21:57:20,132A532528EF7A03DEE9
SD NEGERI 2 BATUNYALA,50201938,SD,Negeri,Kec. Praya Tengah,230212,Kab. Lombok Tengah,230200,Prov. Nusa Tenggara Barat,230000,16,3,223,11,6,0,1,8,08 Apr 2026 07:02:29,4FB03F7F9D16467B323D
SD Negeri 2 Beraim,50201937,SD,Negeri,Kec. Praya Tengah,230212,Kab. Lombok Tengah,230200,Prov. Nusa Tenggara Barat,230000,11,0,173,6,7,0,1,31,28 Apr 2026 19:21:56,D535316E0DB3C4A6C4CB
SD NEGERI 2 JONTLAK,50201131,SD,Negeri,Kec. Praya Tengah,230212,Kab. Lombok Tengah,230200,Prov. Nusa Tenggara Barat,230000,10,0,61,6,6,0,1,6,09 Apr 2026 08:47:26,3AA1414F9E5E2447A9D7
SD NEGERI 2 JURANG JALER,50201102,SD,Negeri,Kec. Praya Tengah,230212,Kab. Lombok Tengah,230200,Prov. Nusa Tenggara Barat,230000,9,1,111,6,6,0,1,17,06 Apr 2026 11:05:38,E9AD2028B340B8C56AF9
SD NEGERI 2 LELONG,50201090,SD,Negeri,Kec. Praya Tengah,230212,Kab. Lombok Tengah,230200,Prov. Nusa Tenggara Barat,230000,10,2,105,6,6,0,1,18,23 Apr 2026 08:40:29,43CD8AA5311852123DBC
SD NEGERI 2 LENDANG KUNYIT,50201089,SD,Negeri,Kec. Praya Tengah,230212,Kab. Lombok Tengah,230200,Prov. Nusa Tenggara Barat,230000,10,2,157,7,6,0,1,22,01 May 2026 18:07:20,D56DF01A48B2C41591F7
SD NEGERI 2 PEJANGGIK,50201109,SD,Negeri,Kec. Praya Tengah,230212,Kab. Lombok Tengah,230200,Prov. Nusa Tenggara Barat,230000,9,1,100,6,6,0,1,12,11 Apr 2026 10:14:41,11FBD9B8165D874521DF
SD NEGERI 2 PENGADANG,50201107,SD,Negeri,Kec. Praya Tengah,230212,Kab. Lombok Tengah,230200,Prov. Nusa Tenggara Barat,230000,9,2,101,6,6,0,1,5,03 Mar 2026 19:03:27,7F868DFCB9A2BE80DB81
SD NEGERI 2 SANGGENG,50201061,SD,Negeri,Kec. Praya Tengah,230212,Kab. Lombok Tengah,230200,Prov. Nusa Tenggara Barat,230000,13,1,114,6,6,0,1,11,06 Apr 2026 07:20:11,8DB8E72E6F93118FF584
SD NEGERI 3 BATUNYALA,50201073,SD,Negeri,Kec. Praya Tengah,230212,Kab. Lombok Tengah,230200,Prov. Nusa Tenggara Barat,230000,9,1,163,6,6,0,1,13,18 Apr 2026 08:44:54,65A9E5D4C482E7F845CD
SD NEGERI 3 BERAIM,50201197,SD,Negeri,Kec. Praya Tengah,230212,Kab. Lombok Tengah,230200,Prov. Nusa Tenggara Barat,230000,10,0,247,8,6,0,1,48,15 Apr 2026 06:55:08,BE6B12CED5258EF46218
SD NEGERI 3 PEJANGGIK,50201168,SD,Negeri,Kec. Praya Tengah,230212,Kab. Lombok Tengah,230200,Prov. Nusa Tenggara Barat,230000,9,2,198,8,6,0,1,17,27 Apr 2026 08:54:27,04AC1FBA06A7AC5D9869
SD NEGERI 9 PRAYA,50201136,SD,Negeri,Kec. Praya Tengah,230212,Kab. Lombok Tengah,230200,Prov. Nusa Tenggara Barat,230000,9,1,89,6,5,0,2,9,21 Apr 2026 11:19:03,5E5B58890F374EE50DEB
SD NEGERI DAKUNG,50200950,SD,Negeri,Kec. Praya Tengah,230212,Kab. Lombok Tengah,230200,Prov. Nusa Tenggara Barat,230000,9,1,127,6,6,0,1,10,19 Apr 2026 21:33:10,23400F31B625D90D49FE
SD NEGERI EMBUNG BELEK,50201035,SD,Negeri,Kec. Praya Tengah,230212,Kab. Lombok Tengah,230200,Prov. Nusa Tenggara Barat,230000,10,1,71,6,6,0,1,10,07 Apr 2026 03:50:10,8D9363963EC1115E371C
SD NEGERI GERANTUNG,50201023,SD,Negeri,Kec. Praya Tengah,230212,Kab. Lombok Tengah,230200,Prov. Nusa Tenggara Barat,230000,9,2,187,6,7,0,0,13,28 Apr 2026 09:25:08,5912D7975AF23F17C461
SD NEGERI GERENENG,50201022,SD,Negeri,Kec. Praya Tengah,230212,Kab. Lombok Tengah,230200,Prov. Nusa Tenggara Barat,230000,9,1,121,6,6,0,1,10,29 Apr 2026 07:51:28,6C0AB3A3821CCB02B3F9
SD NEGERI GUNTUR,50201048,SD,Negeri,Kec. Praya Tengah,230212,Kab. Lombok Tengah,230200,Prov. Nusa Tenggara Barat,230000,9,2,158,7,7,0,1,9,10 Apr 2026 07:06:47,868C03343CA383FC24D6
SD NEGERI JORONG,50201021,SD,Negeri,Kec. Praya Tengah,230212,Kab. Lombok Tengah,230200,Prov. Nusa Tenggara Barat,230000,10,1,153,6,7,0,0,12,29 Mar 2026 13:25:15,0922C62E5086ACF0A351
SD NEGERI KARANG BARU,50200996,SD,Negeri,Kec. Praya Tengah,230212,Kab. Lombok Tengah,230200,Prov. Nusa Tenggara Barat,230000,9,1,85,6,6,0,1,20,13 Mar 2026 20:35:07,0AC3843AAF5B47E180BA
SD NEGERI MEKA,50201494,SD,Negeri,Kec. Praya Tengah,230212,Kab. Lombok Tengah,230200,Prov. Nusa Tenggara Barat,230000,11,1,200,7,8,0,1,14,17 Apr 2026 20:02:29,10EBFA39427C60C49105
SD NEGERI PENIMPOH,50201541,SD,Negeri,Kec. Praya Tengah,230212,Kab. Lombok Tengah,230200,Prov. Nusa Tenggara Barat,230000,10,0,178,7,6,0,1,21,06 Mar 2026 19:52:38,2559F0231C9BDA62BED5
SD NEGERI SELEBUNG,50201524,SD,Negeri,Kec. Praya Tengah,230212,Kab. Lombok Tengah,230200,Prov. Nusa Tenggara Barat,230000,10,2,146,7,7,0,1,34,28 Apr 2026 07:02:40,45C1EBBE1D3F10179388
SD NEGERI SEREWA PRAYA TENGAH,50201340,SD,Negeri,Kec. Praya Tengah,230212,Kab. Lombok Tengah,230200,Prov. Nusa Tenggara Barat,230000,11,2,199,7,7,0,1,17,08 Apr 2026 23:12:11,CF08FDB156969CE1BE09
SD NEGERI SESAKE,50201339,SD,Negeri,Kec. Praya Tengah,230212,Kab. Lombok Tengah,230200,Prov. Nusa Tenggara Barat,230000,10,3,150,7,6,0,1,16,28 Apr 2026 07:32:12,32CBC2FE37BA52D7067C
SD NEGERI TAMPAR AMPAR,50201352,SD,Negeri,Kec. Praya Tengah,230212,Kab. Lombok Tengah,230200,Prov. Nusa Tenggara Barat,230000,16,3,324,12,12,1,1,20,09 Apr 2026 13:39:13,944B2F67E606F9C5C06F
SDIT AL KHAIRAT,70040637,SD,Swasta,Kec. Praya Tengah,230212,Kab. Lombok Tengah,230200,Prov. Nusa Tenggara Barat,230000,6,1,48,4,4,0,0,18,01 May 2026 12:35:44,9027498B63820DB75D59
SMP NEGERI 1 PRAYA TENGAH,50201411,SMP,Negeri,Kec. Praya Tengah,230212,Kab. Lombok Tengah,230200,Prov. Nusa Tenggara Barat,230000,24,5,400,13,15,2,1,33,29 Apr 2026 08:14:41,73911DCA84012A43C5C3
SMP NEGERI 2 PRAYA TENGAH,50201414,SMP,Negeri,Kec. Praya Tengah,230212,Kab. Lombok Tengah,230200,Prov. Nusa Tenggara Barat,230000,12,3,29,3,6,2,1,11,04 Apr 2026 09:43:49,3767E231FA5D4227AC07
SMP NEGERI 3 PRAYA TENGAH,50201422,SMP,Negeri,Kec. Praya Tengah,230212,Kab. Lombok Tengah,230200,Prov. Nusa Tenggara Barat,230000,15,2,122,6,9,4,1,44,27 Apr 2026 19:26:42,0495D036B22A1401A468
SMP NEGERI 4 PRAYA TENGAH,50219617,SMP,Negeri,Kec. Praya Tengah,230212,Kab. Lombok Tengah,230200,Prov. Nusa Tenggara Barat,230000,11,4,44,3,5,1,1,20,23 Apr 2026 09:41:24,BD3A10F5DD64F687D5EE
SMP ISLAM AS-SYAKUR LENDANG SEPANG,70032109,SMP,Swasta,Kec. Praya Tengah,230212,Kab. Lombok Tengah,230200,Prov. Nusa Tenggara Barat,230000,9,2,53,3,1,1,1,23,30 Apr 2026 19:49:48,10E2B9BA85912D235B40
SMP ISLAM TERPADU DAARUL QURAN WAL AHKAM,70003057,SMP,Swasta,Kec. Praya Tengah,230212,Kab. Lombok Tengah,230200,Prov. Nusa Tenggara Barat,230000,7,2,40,3,3,1,1,12,16 Apr 2026 15:04:58,E612FEA36CF42C3958FB
SMAN 1 PRAYA TENGAH,50201388,SMA,Negeri,Kec. Praya Tengah,230212,Kab. Lombok Tengah,230200,Prov. Nusa Tenggara Barat,230000,54,13,1036,30,25,5,1,37,20 Apr 2026 11:57:09,0093CF7130889D070B0B
SMA ISLAM AS SYAKUR,70060071,SMA,Swasta,Kec. Praya Tengah,230212,Kab. Lombok Tengah,230200,Prov. Nusa Tenggara Barat,230000,6,1,19,1,1,0,0,21,30 Apr 2026 19:28:20,9AE2FBF17FEAAAC07CA3
SMAS YP3I MUAMALAH LOMBAN,50205217,SMA,Swasta,Kec. Praya Tengah,230212,Kab. Lombok Tengah,230200,Prov. Nusa Tenggara Barat,230000,7,0,38,3,3,1,1,8,28 Apr 2026 09:45:37,B263FC15533F9EB4D272
SMKN 1 PRAYA TENGAH,50201372,SMK,Negeri,Kec. Praya Tengah,230212,Kab. Lombok Tengah,230200,Prov. Nusa Tenggara Barat,230000,93,18,1454,43,38,3,1,59,29 Apr 2026 16:06:03,6CF7034C61D8A3DBC97F
SMKN 2 PRAYA TENGAH,50201370,SMK,Negeri,Kec. Praya Tengah,230212,Kab. Lombok Tengah,230200,Prov. Nusa Tenggara Barat,230000,67,23,710,30,31,2,1,47,29 Apr 2026 09:23:19,7DD349D64C34E8CF429B
SMK AL FATH NW SANGGENG,69946446,SMK,Swasta,Kec. Praya Tengah,230212,Kab. Lombok Tengah,230200,Prov. Nusa Tenggara Barat,230000,9,1,26,3,3,0,0,17,29 Apr 2026 07:46:24,811D8AF8FC0D3F4E5C2A
SMK AL HADI TAMBUN,69833109,SMK,Swasta,Kec. Praya Tengah,230212,Kab. Lombok Tengah,230200,Prov. Nusa Tenggara Barat,230000,14,1,139,5,3,0,1,48,23 Apr 2026 22:08:57,E398B83FDDE67D49AE33
SMK ANAK BANGSA,69903430,SMK,Swasta,Kec. Praya Tengah,230212,Kab. Lombok Tengah,230200,Prov. Nusa Tenggara Barat,230000,27,2,322,13,14,0,1,26,02 May 2026 14:20:35,975CA610C38049FF0510
SMK IT AR-RAHMAN,70043907,SMK,Swasta,Kec. Praya Tengah,230212,Kab. Lombok Tengah,230200,Prov. Nusa Tenggara Barat,230000,19,1,155,6,3,1,1,45,29 Apr 2026 09:28:02,5DB40F68B40908F8E8AE
SMKS AL HASANAIN BERAIM,50219774,SMK,Swasta,Kec. Praya Tengah,230212,Kab. Lombok Tengah,230200,Prov. Nusa Tenggara Barat,230000,21,1,114,6,7,0,1,12,19 Apr 2026 21:35:33,22CB3342B3D5D8CC07CD
SMKS NW SANGGENG,50220317,SMK,Swasta,Kec. Praya Tengah,230212,Kab. Lombok Tengah,230200,Prov. Nusa Tenggara Barat,230000,18,2,71,5,6,1,1,8,17 Apr 2026 07:08:02,77E8EE4D2F422ED50CE1
SD INPRES BONTOKAPE,50204263,SD,Negeri,Kec. Bolo,230602,Kab. Bima,230600,Prov. Nusa Tenggara Barat,230000,28,2,180,10,6,1,1,25,15 Apr 2026 11:15:28,E9627C19E1D6DCD4015C
SD INPRES JALA,50204253,SD,Negeri,Kec. Bolo,230602,Kab. Bima,230600,Prov. Nusa Tenggara Barat,230000,22,2,67,6,6,1,1,20,21 Apr 2026 08:01:56,F553853284818EEAEA09
SD INPRES LARA,50205513,SD,Negeri,Kec. Bolo,230602,Kab. Bima,230600,Prov. Nusa Tenggara Barat,230000,23,2,88,6,5,0,0,22,07 Apr 2026 21:32:31,4F1F811752E9B7E634B8
SD INPRES LEU,50204185,SD,Negeri,Kec. Bolo,230602,Kab. Bima,230600,Prov. Nusa Tenggara Barat,230000,23,2,121,6,6,2,1,30,07 Apr 2026 20:38:23,D500F60C01F2DBE9C343
SD INPRES RASABOU 2,50204233,SD,Negeri,Kec. Bolo,230602,Kab. Bima,230600,Prov. Nusa Tenggara Barat,230000,18,2,100,6,6,0,1,22,04 Apr 2026 17:54:37,3E50D758998445721DDB
SD INPRES RASANGGARO,50203946,SD,Negeri,Kec. Bolo,230602,Kab. Bima,230600,Prov. Nusa Tenggara Barat,230000,34,2,118,6,6,1,1,21,03 Mar 2026 08:32:23,EE7CDF804B5755D17040
SD INPRES RATO,50203945,SD,Negeri,Kec. Bolo,230602,Kab. Bima,230600,Prov. Nusa Tenggara Barat,230000,35,3,200,9,12,0,1,19,06 Apr 2026 09:12:08,F164E6ABD83B8D6E57FE
SD INPRES TIMU,50203959,SD,Negeri,Kec. Bolo,230602,Kab. Bima,230600,Prov. Nusa Tenggara Barat,230000,18,2,24,6,6,0,1,33,04 Apr 2026 05:40:57,5BB51EA0B00A8A78B2CE
SD NEGERI 1 Sila,50204131,SD,Negeri,Kec. Bolo,230602,Kab. Bima,230600,Prov. Nusa Tenggara Barat,230000,26,2,150,7,7,0,1,49,28 Apr 2026 23:55:50,218AF17336AC0D13F366
SD NEGERI 10 Sila,50204083,SD,Negeri,Kec. Bolo,230602,Kab. Bima,230600,Prov. Nusa Tenggara Barat,230000,31,2,238,10,9,0,1,48,28 Apr 2026 10:19:33,953FCDDB6166F5B6A36C
SD NEGERI 2 Sila,50204153,SD,Negeri,Kec. Bolo,230602,Kab. Bima,230600,Prov. Nusa Tenggara Barat,230000,26,1,100,6,6,1,1,18,04 Apr 2026 17:55:52,CFBE3ED66AF9A02D838B
SD NEGERI 3 SILA,50204078,SD,Negeri,Kec. Bolo,230602,Kab. Bima,230600,Prov. Nusa Tenggara Barat,230000,39,2,179,8,6,1,1,81,02 May 2026 11:15:04,7D92B72D3B71034BA12C
SD NEGERI 4 SILA,50204094,SD,Negeri,Kec. Bolo,230602,Kab. Bima,230600,Prov. Nusa Tenggara Barat,230000,27,1,139,7,6,0,1,17,24 Apr 2026 18:44:25,79B1203C57426B2B8839
SD NEGERI 5 Sila,50204097,SD,Negeri,Kec. Bolo,230602,Kab. Bima,230600,Prov. Nusa Tenggara Barat,230000,36,2,274,12,13,0,1,44,23 Apr 2026 20:51:09,7789E4573BB49750A5C9
SD NEGERI 6 SILA,50204098,SD,Negeri,Kec. Bolo,230602,Kab. Bima,230600,Prov. Nusa Tenggara Barat,230000,26,3,119,6,5,0,1,41,04 Apr 2026 08:58:18,A1E52545D6F710788B1B
SD NEGERI 7 SILA,50204090,SD,Negeri,Kec. Bolo,230602,Kab. Bima,230600,Prov. Nusa Tenggara Barat,230000,27,2,137,8,6,0,1,49,19 Apr 2026 10:48:59,D27C2DACFBCB70B3D885
SD NEGERI 9 SILA,50204079,SD,Negeri,Kec. Bolo,230602,Kab. Bima,230600,Prov. Nusa Tenggara Barat,230000,39,2,272,12,12,1,1,42,09 Apr 2026 18:54:49,43DDA250F2EB29BC93EB
SD NEGERI INPRES KANANGA 2,50205501,SD,Negeri,Kec. Bolo,230602,Kab. Bima,230600,Prov. Nusa Tenggara Barat,230000,23,1,63,6,6,0,1,17,27 Apr 2026 10:13:17,860636DDF25A80F44298
SD NEGERI INPRES KARA,50204188,SD,Negeri,Kec. Bolo,230602,Kab. Bima,230600,Prov. Nusa Tenggara Barat,230000,23,2,96,6,5,0,1,56,13 Apr 2026 07:47:13,D2D3E66E87767221CF44
SD NEGERI Inpres Nggeru,50204217,SD,Negeri,Kec. Bolo,230602,Kab. Bima,230600,Prov. Nusa Tenggara Barat,230000,32,3,92,6,6,0,1,38,29 Apr 2026 18:36:49,912A6E5C75102D8086ED
SD NEGERI INPRES PALISONDO,50204219,SD,Negeri,Kec. Bolo,230602,Kab. Bima,230600,Prov. Nusa Tenggara Barat,230000,23,3,48,6,6,0,0,8,07 Apr 2026 19:25:44,7D738C1C677EA62136C4
SD NEGERI INPRES SANOLO,50203943,SD,Negeri,Kec. Bolo,230602,Kab. Bima,230600,Prov. Nusa Tenggara Barat,230000,27,3,135,6,6,0,1,18,30 Apr 2026 19:29:23,03E6C5F41E66B7E9B794
SD NEGERI INPRES SONDOSIA,50203971,SD,Negeri,Kec. Bolo,230602,Kab. Bima,230600,Prov. Nusa Tenggara Barat,230000,26,2,86,6,6,0,1,46,28 Apr 2026 10:59:31,271D41EB4E9DCA14D089
SD NEGERI Inpres Tambe,50203976,SD,Negeri,Kec. Bolo,230602,Kab. Bima,230600,Prov. Nusa Tenggara Barat,230000,33,3,198,10,6,0,1,31,30 Apr 2026 08:22:10,C25CC88F24FE3537C016
SD NEGERI NGGEMBE,50203931,SD,Negeri,Kec. Bolo,230602,Kab. Bima,230600,Prov. Nusa Tenggara Barat,230000,75,3,184,10,6,0,1,37,04 Apr 2026 10:16:49,249D32BA3F6B5C3CF377
SD NEGERI Pali Sila,50203913,SD,Negeri,Kec. Bolo,230602,Kab. Bima,230600,Prov. Nusa Tenggara Barat,230000,22,3,115,6,5,0,0,35,27 Apr 2026 20:43:04,D4DD7D35E66AC0FEAF02
SD NEGERI Rada,50204031,SD,Negeri,Kec. Bolo,230602,Kab. Bima,230600,Prov. Nusa Tenggara Barat,230000,45,2,124,8,6,0,1,37,07 Apr 2026 08:25:49,013C44BA0A134DAE74EE
SD NEGERI SANOLO,50205563,SD,Negeri,Kec. Bolo,230602,Kab. Bima,230600,Prov. Nusa Tenggara Barat,230000,27,2,154,7,6,0,1,21,20 Apr 2026 09:49:07,F85AA6C64B57237CE2CA
SD NEGERI SONDOSIA,50204053,SD,Negeri,Kec. Bolo,230602,Kab. Bima,230600,Prov. Nusa Tenggara Barat,230000,22,2,159,8,6,0,1,45,28 Apr 2026 10:15:52,8B2AB083C4245777B214
SDN INPRES KANANGA I,50204113,SD,Negeri,Kec. Bolo,230602,Kab. Bima,230600,Prov. Nusa Tenggara Barat,230000,32,3,103,7,6,0,1,31,18 Apr 2026 16:43:37,571A91ED7CAE8E4DF78B
SDN INPRES MUKU,50205515,SD,Negeri,Kec. Bolo,230602,Kab. Bima,230600,Prov. Nusa Tenggara Barat,230000,18,2,93,6,6,0,1,17,02 May 2026 19:55:09,F1899178BE05783D3181
SDN INPRES NGGEMBE,50205519,SD,Negeri,Kec. Bolo,230602,Kab. Bima,230600,Prov. Nusa Tenggara Barat,230000,37,3,83,6,6,0,1,11,12 Mar 2026 16:26:40,841AB53DCF9DB78043DD
SDN INPRES PALI,50204206,SD,Negeri,Kec. Bolo,230602,Kab. Bima,230600,Prov. Nusa Tenggara Barat,230000,28,3,159,8,6,0,1,46,23 Apr 2026 19:01:46,67FDE99C3B0C12148A3D
SDN INPRES RABABUNTU,50203951,SD,Negeri,Kec. Bolo,230602,Kab. Bima,230600,Prov. Nusa Tenggara Barat,230000,18,5,45,6,5,0,0,38,07 Mar 2026 21:16:24,533CD11D6E48139363E5
SDN INPRES RASABOU I,50204107,SD,Negeri,Kec. Bolo,230602,Kab. Bima,230600,Prov. Nusa Tenggara Barat,230000,20,2,88,6,5,1,0,42,16 Apr 2026 08:53:15,96CF240C04939A9DC0CF
SD AL JISRU ISLAMIC SCHOOL,70061622,SD,Swasta,Kec. Bolo,230602,Kab. Bima,230600,Prov. Nusa Tenggara Barat,230000,0,0,0,0,0,0,0,0,,4B6A76F3197C2E25467C
SD IT AL AZZAM,69931540,SD,Swasta,Kec. Bolo,230602,Kab. Bima,230600,Prov. Nusa Tenggara Barat,230000,24,1,286,12,10,0,0,36,29 Apr 2026 12:10:24,F0AACDEB528CCA6B9F9A
SD IT Wihdatul Ummah,69896973,SD,Swasta,Kec. Bolo,230602,Kab. Bima,230600,Prov. Nusa Tenggara Barat,230000,26,1,289,12,8,0,0,42,28 Apr 2026 11:44:26,5204B74DFD1D513438E0
SDIT AL MADINAH,50222321,SD,Swasta,Kec. Bolo,230602,Kab. Bima,230600,Prov. Nusa Tenggara Barat,230000,21,1,97,6,6,1,2,18,23 Apr 2026 06:30:54,F85D50D559A510976B43
SMP NEGERI 1 BOLO,50203997,SMP,Negeri,Kec. Bolo,230602,Kab. Bima,230600,Prov. Nusa Tenggara Barat,230000,93,20,603,21,24,4,1,46,26 Apr 2026 17:34:22,E37CF4DF64FC3790DB93
SMP NEGERI 2 BOLO,50203992,SMP,Negeri,Kec. Bolo,230602,Kab. Bima,230600,Prov. Nusa Tenggara Barat,230000,84,11,563,20,28,1,1,64,28 Apr 2026 08:27:49,BE990B533FC2F1783C47
SMP NEGERI 3 BOLO,50203988,SMP,Negeri,Kec. Bolo,230602,Kab. Bima,230600,Prov. Nusa Tenggara Barat,230000,64,6,219,9,12,1,1,377,28 Apr 2026 09:25:06,366EFE2241E4802BE1B8
SMP NEGERI 4 BOLO,50204022,SMP,Negeri,Kec. Bolo,230602,Kab. Bima,230600,Prov. Nusa Tenggara Barat,230000,97,10,312,11,14,2,1,104,02 May 2026 16:54:45,E3D394153AD3C23F1E63
SMP NEGERI 5 BOLO SATAP,69952868,SMP,Negeri,Kec. Bolo,230602,Kab. Bima,230600,Prov. Nusa Tenggara Barat,230000,21,2,24,3,3,1,1,27,14 Apr 2026 19:20:19,5730406159FE998EE4E2
SMP IT AL-AZZAM,70035532,SMP,Swasta,Kec. Bolo,230602,Kab. Bima,230600,Prov. Nusa Tenggara Barat,230000,22,3,93,4,6,1,1,43,02 May 2026 11:37:01,81C796CEA0BAAD86F241
SMP MUHAMMADIYAH BOLO,50205692,SMP,Swasta,Kec. Bolo,230602,Kab. Bima,230600,Prov. Nusa Tenggara Barat,230000,12,1,38,3,6,1,1,20,18 Apr 2026 19:35:01,BC7FE5631A26864E9A4E
SMP TAMAN MADYA BAITURRAHMAN,69950331,SMP,Swasta,Kec. Bolo,230602,Kab. Bima,230600,Prov. Nusa Tenggara Barat,230000,11,2,71,3,3,1,1,24,13 Apr 2026 08:03:27,97CD5054AC07DF0535F9
SMAN 1 BOLO,50204007,SMA,Negeri,Kec. Bolo,230602,Kab. Bima,230600,Prov. Nusa Tenggara Barat,230000,90,19,930,27,31,6,1,73,30 Apr 2026 12:24:14,27547187DC3681EE135E
SMAN 2 BOLO,50220467,SMA,Negeri,Kec. Bolo,230602,Kab. Bima,230600,Prov. Nusa Tenggara Barat,230000,55,10,312,10,12,3,1,53,27 Apr 2026 11:08:59,E72F537821779718AA78
SMAN 3 BOLO,69755451,SMA,Negeri,Kec. Bolo,230602,Kab. Bima,230600,Prov. Nusa Tenggara Barat,230000,71,15,136,7,8,1,1,21,01 May 2026 22:01:16,12E57F167BB16ACF7159
SMAS MUHAMMADIYAH BOLO,50204028,SMA,Swasta,Kec. Bolo,230602,Kab. Bima,230600,Prov. Nusa Tenggara Barat,230000,10,1,65,3,4,2,1,30,27 Apr 2026 08:30:28,9E15D26640F191478F2C
SMAS PGRI BOLO,50205619,SMA,Swasta,Kec. Bolo,230602,Kab. Bima,230600,Prov. Nusa Tenggara Barat,230000,8,1,62,4,10,2,1,26,22 Apr 2026 12:16:20,2418119EF08D2F76C2D5
SMKN 1 BOLO,50228889,SMK,Negeri,Kec. Bolo,230602,Kab. Bima,230600,Prov. Nusa Tenggara Barat,230000,84,5,273,25,10,2,1,23,30 Apr 2026 08:21:44,C2D7968F7F13DA206D68
SMK 1  MUHAMMADIYAH BIMA,69755853,SMK,Swasta,Kec. Bolo,230602,Kab. Bima,230600,Prov. Nusa Tenggara Barat,230000,13,2,53,6,7,1,1,16,06 Apr 2026 18:27:16,3A37CF83A677AAB74020
SMK IT Al-Farabi,69978350,SMK,Swasta,Kec. Bolo,230602,Kab. Bima,230600,Prov. Nusa Tenggara Barat,230000,14,6,75,6,6,0,0,36,01 May 2026 23:07:50,3CBA79E42D7FC9AF5903
SMKS PELITA HARAPAN,50220326,SMK,Swasta,Kec. Bolo,230602,Kab. Bima,230600,Prov. Nusa Tenggara Barat,230000,12,2,124,9,10,2,1,35,29 Apr 2026 12:48:59,0F613DFC238C35C2F627
SMKS TAMAN MADYA BAITURRAHMAN BIMA,69755438,SMK,Swasta,Kec. Bolo,230602,Kab. Bima,230600,Prov. Nusa Tenggara Barat,230000,23,1,169,12,8,1,1,78,16 Apr 2026 11:07:36,618CCE294CF1DF4D6AB1
SD INPRES KELI,50204191,SD,Negeri,Kec. Woha,230603,Kab. Bima,230600,Prov. Nusa Tenggara Barat,230000,37,3,206,10,6,0,1,46,24 Apr 2026 08:34:37,6EDD32138E5159D83C4C
SD INPRES KUMBE,50204195,SD,Negeri,Kec. Woha,230603,Kab. Bima,230600,Prov. Nusa Tenggara Barat,230000,23,5,38,6,6,0,1,89,27 Apr 2026 10:07:10,07B56031B1029884A96F
SD INPRES MINTE,50204183,SD,Negeri,Kec. Woha,230603,Kab. Bima,230600,Prov. Nusa Tenggara Barat,230000,20,2,59,6,6,0,1,29,14 Apr 2026 21:03:57,90251CB92BA5ADF3FE69
SD INPRES PANDAI,50204077,SD,Negeri,Kec. Woha,230603,Kab. Bima,230600,Prov. Nusa Tenggara Barat,230000,37,1,184,10,6,0,1,22,02 May 2026 11:08:48,A5E71CED92C42EF6CB25
SD INPRES PUCUKE,50203949,SD,Negeri,Kec. Woha,230603,Kab. Bima,230600,Prov. Nusa Tenggara Barat,230000,26,1,95,6,6,0,0,11,03 Mar 2026 08:25:18,269202F731C5890DFD40
SD INPRES RISA 1,50204110,SD,Negeri,Kec. Woha,230603,Kab. Bima,230600,Prov. Nusa Tenggara Barat,230000,52,1,205,11,7,0,1,61,25 Apr 2026 14:19:44,92723BF0A88B3D8C081A
SD INPRES SAMILI 2,50204225,SD,Negeri,Kec. Woha,230603,Kab. Bima,230600,Prov. Nusa Tenggara Barat,230000,26,1,94,6,6,1,1,40,30 Apr 2026 09:49:01,DF8E174278516823E189
SD INPRES TALABIU,50203975,SD,Negeri,Kec. Woha,230603,Kab. Bima,230600,Prov. Nusa Tenggara Barat,230000,36,2,289,11,7,0,1,35,27 Apr 2026 22:53:39,15EB348E14952E0FA637
SD NEGERI 1 TENTE,50204136,SD,Negeri,Kec. Woha,230603,Kab. Bima,230600,Prov. Nusa Tenggara Barat,230000,17,2,179,7,6,1,1,35,24 Apr 2026 08:38:15,B306269DC030970C7375
SD NEGERI 2 TENTE,50204157,SD,Negeri,Kec. Woha,230603,Kab. Bima,230600,Prov. Nusa Tenggara Barat,230000,36,2,451,13,11,0,1,39,30 Apr 2026 18:38:37,9EAEC0BC255F4FC0C7C1
SD NEGERI 3 TENTE,50204091,SD,Negeri,Kec. Woha,230603,Kab. Bima,230600,Prov. Nusa Tenggara Barat,230000,21,3,118,6,6,0,1,17,07 Apr 2026 21:04:19,C4857413B894938197A0
SD NEGERI 4 TENTE,50204095,SD,Negeri,Kec. Woha,230603,Kab. Bima,230600,Prov. Nusa Tenggara Barat,230000,20,1,101,6,8,0,1,23,30 Apr 2026 07:36:26,7B7ACBF1FC8F91F089F7
SD NEGERI Dadibou,50204119,SD,Negeri,Kec. Woha,230603,Kab. Bima,230600,Prov. Nusa Tenggara Barat,230000,30,4,142,6,6,0,1,34,01 May 2026 06:31:40,C8D0C45C92B483DA7E9C
SD NEGERI DONGGO BOLO,50204120,SD,Negeri,Kec. Woha,230603,Kab. Bima,230600,Prov. Nusa Tenggara Barat,230000,16,3,127,7,8,0,2,18,27 Apr 2026 16:37:59,16AEC46902798C56D0B1
SD NEGERI INPRES KALAMPA 1,50204114,SD,Negeri,Kec. Woha,230603,Kab. Bima,230600,Prov. Nusa Tenggara Barat,230000,36,1,118,6,7,0,1,68,30 Apr 2026 08:48:40,09D72D92C0DC76A17DC0
SD NEGERI INPRES KALAMPA 2,50204240,SD,Negeri,Kec. Woha,230603,Kab. Bima,230600,Prov. Nusa Tenggara Barat,230000,31,0,164,7,8,0,0,51,24 Apr 2026 08:38:50,90DFAF744ABD78B86BC1
SD NEGERI INPRES RABAKODO,50203952,SD,Negeri,Kec. Woha,230603,Kab. Bima,230600,Prov. Nusa Tenggara Barat,230000,20,1,211,9,11,1,1,21,08 Apr 2026 14:35:35,E2CC90E3F8DAC6CC6C8F
SD NEGERI INPRES SAMILI 1,50204173,SD,Negeri,Kec. Woha,230603,Kab. Bima,230600,Prov. Nusa Tenggara Barat,230000,22,2,97,6,6,0,1,39,20 Apr 2026 11:04:15,87FFAE2CCA81E087912E
SD NEGERI INPRES TENTE,50203958,SD,Negeri,Kec. Woha,230603,Kab. Bima,230600,Prov. Nusa Tenggara Barat,230000,34,0,259,12,9,0,0,34,04 Apr 2026 11:20:59,EF1E386A7891EBC9CD69
SD NEGERI KELI,50203898,SD,Negeri,Kec. Woha,230603,Kab. Bima,230600,Prov. Nusa Tenggara Barat,230000,47,3,228,12,8,0,1,48,02 May 2026 13:03:34,86491AA5E2EA7948B0BF
SD NEGERI PANDAI,50203915,SD,Negeri,Kec. Woha,230603,Kab. Bima,230600,Prov. Nusa Tenggara Barat,230000,18,3,78,6,6,0,1,38,16 Apr 2026 20:56:55,02DAD3C05E21C0CE60A2
SD NEGERI Penapali,50203919,SD,Negeri,Kec. Woha,230603,Kab. Bima,230600,Prov. Nusa Tenggara Barat,230000,18,2,123,6,6,0,1,27,12 Mar 2026 07:27:46,F9DE822C1801604E06BB
SD NEGERI RABAKODO,50203980,SD,Negeri,Kec. Woha,230603,Kab. Bima,230600,Prov. Nusa Tenggara Barat,230000,18,1,116,6,9,1,0,7,03 Mar 2026 20:03:50,449679B76CE1C3261A02
SD NEGERI RISA,50204048,SD,Negeri,Kec. Woha,230603,Kab. Bima,230600,Prov. Nusa Tenggara Barat,230000,45,4,232,10,12,0,1,18,02 May 2026 19:25:04,ED5E0CAD8CE611B1BE74
SD NEGERI SAMILI,50204041,SD,Negeri,Kec. Woha,230603,Kab. Bima,230600,Prov. Nusa Tenggara Barat,230000,27,4,162,8,8,0,1,33,29 Apr 2026 07:50:10,17979920BE95770DFE01
SD NEGERI Sari Kalampa,50204034,SD,Negeri,Kec. Woha,230603,Kab. Bima,230600,Prov. Nusa Tenggara Barat,230000,32,2,131,7,9,0,1,47,23 Apr 2026 14:42:40,BFA402DCF56D5A73C677
SD NEGERI TALABIU,50204072,SD,Negeri,Kec. Woha,230603,Kab. Bima,230600,Prov. Nusa Tenggara Barat,230000,30,2,289,12,6,1,2,66,09 Mar 2026 12:59:18,018308E45D82171BC757
SDN INPRES 02 RISA,50204224,SD,Negeri,Kec. Woha,230603,Kab. Bima,230600,Prov. Nusa Tenggara Barat,230000,29,4,127,7,6,0,1,10,03 Mar 2026 08:52:40,AF17AFAFAEFDB17AD9FF
SDN INPRES GODOMINTE,50204251,SD,Negeri,Kec. Woha,230603,Kab. Bima,230600,Prov. Nusa Tenggara Barat,230000,28,0,76,6,6,1,1,39,25 Apr 2026 12:05:29,6CE6CA71D2FA3E6C3A79
SDN INPRES WADU WANI,50203966,SD,Negeri,Kec. Woha,230603,Kab. Bima,230600,Prov. Nusa Tenggara Barat,230000,34,4,110,6,7,0,2,18,16 Apr 2026 22:02:15,67E695CB769B87C54B20
SDN. INPRES TENGA,50203967,SD,Negeri,Kec. Woha,230603,Kab. Bima,230600,Prov. Nusa Tenggara Barat,230000,22,1,146,7,7,0,1,13,05 Mar 2026 09:07:15,47ECB6EEB8BD8FF2FA56
SD IT AL - FARIH,69984219,SD,Swasta,Kec. Woha,230603,Kab. Bima,230600,Prov. Nusa Tenggara Barat,230000,17,2,327,12,12,1,1,25,30 Apr 2026 07:37:16,383DCD2CDF614642BD69
SD IT NURUL AINUN SAKINAH,70015457,SD,Swasta,Kec. Woha,230603,Kab. Bima,230600,Prov. Nusa Tenggara Barat,230000,4,1,0,0,0,0,0,0,,3B0114E912D107F7716A
SD IT Uswatun Hasanah,50220563,SD,Swasta,Kec. Woha,230603,Kab. Bima,230600,Prov. Nusa Tenggara Barat,230000,11,1,120,6,7,0,1,6,21 Apr 2026 11:09:56,C73EFC4E7904C25B8404
SD MUHAMMADIYAH WOHA,69959881,SD,Swasta,Kec. Woha,230603,Kab. Bima,230600,Prov. Nusa Tenggara Barat,230000,3,1,55,6,6,0,0,18,04 Mar 2026 07:42:53,37817A6A365CD7BF5F0F
SDIT Ar-Royyan,70053678,SD,Swasta,Kec. Woha,230603,Kab. Bima,230600,Prov. Nusa Tenggara Barat,230000,4,1,4,2,1,0,0,27,25 Apr 2026 07:37:17,A3F4D44788785EC45066
SDIT BIMA CENDEKIA,70057535,SD,Swasta,Kec. Woha,230603,Kab. Bima,230600,Prov. Nusa Tenggara Barat,230000,12,0,34,3,3,0,0,77,25 Apr 2026 11:11:54,5E6D33037932E81930A3
Sekolah Dasar Tahfidzul Qur’an Mush’ab Bin Umair,70050093,SD,Swasta,Kec. Woha,230603,Kab. Bima,230600,Prov. Nusa Tenggara Barat,230000,11,1,84,4,4,0,1,20,18 Mar 2026 04:37:07,1DC425EFBB71E6F0E30F
SMP N 6 WOHA SATU ATAP,69861162,SMP,Negeri,Kec. Woha,230603,Kab. Bima,230600,Prov. Nusa Tenggara Barat,230000,20,4,8,3,3,0,1,23,31 Mar 2026 04:23:46,265C4C279E1723DF7767
SMP NEGERI 1 WOHA,50205664,SMP,Negeri,Kec. Woha,230603,Kab. Bima,230600,Prov. Nusa Tenggara Barat,230000,158,22,951,31,20,2,1,26,22 Apr 2026 04:35:06,4F5C0725E4A82C50F7F2
SMP NEGERI 2 WOHA,50205665,SMP,Negeri,Kec. Woha,230603,Kab. Bima,230600,Prov. Nusa Tenggara Barat,230000,88,11,294,11,12,3,2,35,29 Apr 2026 09:36:15,B451B6C8E4C101F33ACE
SMP NEGERI 3 WOHA,50204005,SMP,Negeri,Kec. Woha,230603,Kab. Bima,230600,Prov. Nusa Tenggara Barat,230000,76,12,408,14,22,1,1,39,23 Apr 2026 10:37:54,116A42C58B384E28E4D7
SMP NEGERI 4 WOHA,50204021,SMP,Negeri,Kec. Woha,230603,Kab. Bima,230600,Prov. Nusa Tenggara Barat,230000,64,7,146,6,10,2,1,24,21 Apr 2026 19:50:17,09291F3F7B7AD6990C06
SMP NEGERI 5 Woha,50220482,SMP,Negeri,Kec. Woha,230603,Kab. Bima,230600,Prov. Nusa Tenggara Barat,230000,85,7,169,7,11,1,1,19,09 Apr 2026 20:57:46,3AD3DB6D003CB6692AF1
SMP Islam Al-Maliki Woha,50220564,SMP,Swasta,Kec. Woha,230603,Kab. Bima,230600,Prov. Nusa Tenggara Barat,230000,25,2,136,6,12,1,1,34,05 Mar 2026 21:25:37,25021DAE3B35F542334B
SMP IT AL MAHMUD,69972711,SMP,Swasta,Kec. Woha,230603,Kab. Bima,230600,Prov. Nusa Tenggara Barat,230000,24,3,170,7,7,0,1,21,22 Apr 2026 12:37:05,FE3759F9FC4CB04EB0B4
SMP IT AL WAFA AL ISLAMI GODO,69886462,SMP,Swasta,Kec. Woha,230603,Kab. Bima,230600,Prov. Nusa Tenggara Barat,230000,10,1,30,3,3,0,1,33,23 Apr 2026 08:15:55,44ACC9F1C3B7309567E5
SMP IT AZHAR,69971045,SMP,Swasta,Kec. Woha,230603,Kab. Bima,230600,Prov. Nusa Tenggara Barat,230000,2,1,0,0,0,0,0,0,,E00F3976D1D6399FEE2E
SMPIT Ar-Royyan,70054055,SMP,Swasta,Kec. Woha,230603,Kab. Bima,230600,Prov. Nusa Tenggara Barat,230000,5,1,4,2,3,0,0,11,27 Mar 2026 20:24:34,18E6974ACAC56BB2F734
SMAN 1 WOHA,50204017,SMA,Negeri,Kec. Woha,230603,Kab. Bima,230600,Prov. Nusa Tenggara Barat,230000,117,20,1298,38,40,5,1,87,12 Apr 2026 20:18:58,FFAD1CB5054C0B2A83C0
SMAN 2 WOHA,50220464,SMA,Negeri,Kec. Woha,230603,Kab. Bima,230600,Prov. Nusa Tenggara Barat,230000,112,17,727,23,21,3,1,101,01 May 2026 23:02:39,CF62BFF184A7E7F674C6
SMAS AL MALIKI,50220494,SMA,Swasta,Kec. Woha,230603,Kab. Bima,230600,Prov. Nusa Tenggara Barat,230000,10,2,54,3,2,1,1,24,04 Apr 2026 15:11:32,0EEF4BC5B4FFBFBAF15F
SMAS KAE WOHA,50204027,SMA,Swasta,Kec. Woha,230603,Kab. Bima,230600,Prov. Nusa Tenggara Barat,230000,36,12,446,12,21,2,1,13,24 Apr 2026 09:05:17,54893A8BF3AE82E946BF
SMAS MUHAMMADIYAH WOHA,50205617,SMA,Swasta,Kec. Woha,230603,Kab. Bima,230600,Prov. Nusa Tenggara Barat,230000,3,3,57,4,5,2,2,31,28 Apr 2026 15:22:31,13FC799CA0478520CF4F
SMAS PGRI WOHA,50205618,SMA,Swasta,Kec. Woha,230603,Kab. Bima,230600,Prov. Nusa Tenggara Barat,230000,8,0,22,3,3,1,1,34,25 Apr 2026 09:12:59,14677485D2143D923E06
SMKN 1 WOHA,50204024,SMK,Negeri,Kec. Woha,230603,Kab. Bima,230600,Prov. Nusa Tenggara Barat,230000,89,24,363,23,18,1,1,64,02 Apr 2026 01:41:34,8F72E0868035C7B3AD00
SMK ISLAM TERPADU AL WAFA,69940166,SMK,Swasta,Kec. Woha,230603,Kab. Bima,230600,Prov. Nusa Tenggara Barat,230000,2,1,50,3,3,4,1,31,30 Apr 2026 22:45:58,1F45FFD29F41D1256CB4
SMK IT AZHAR,69888820,SMK,Swasta,Kec. Woha,230603,Kab. Bima,230600,Prov. Nusa Tenggara Barat,230000,0,0,0,0,0,0,0,0,,55B3ABF446DD7EDE0169
SMK KESEHATAN YAHYA BIMA,50220707,SMK,Swasta,Kec. Woha,230603,Kab. Bima,230600,Prov. Nusa Tenggara Barat,230000,18,4,220,8,9,2,1,39,21 Apr 2026 11:54:56,D45E6AE647AEE1CB417B
SD INPRES BOKE,50204262,SD,Negeri,Kec. Sape,230606,Kab. Bima,230600,Prov. Nusa Tenggara Barat,230000,12,1,47,6,5,0,0,55,01 May 2026 16:07:03,A3B150E1123F7E39A250
SD INPRES BUGIS,50204265,SD,Negeri,Kec. Sape,230606,Kab. Bima,230600,Prov. Nusa Tenggara Barat,230000,18,3,168,6,5,0,1,29,24 Apr 2026 08:32:26,A3C10641D715DA1F5180
SD INPRES DEA,50204258,SD,Negeri,Kec. Sape,230606,Kab. Bima,230600,Prov. Nusa Tenggara Barat,230000,14,2,135,6,7,0,1,44,11 Apr 2026 09:58:12,11CD92C689376D943219
SD INPRES I NARU,50204103,SD,Negeri,Kec. Sape,230606,Kab. Bima,230600,Prov. Nusa Tenggara Barat,230000,29,2,354,16,15,0,1,74,24 Apr 2026 08:39:24,F3E0DBC7A82BFF36F64A
SD INPRES KOWO,50204194,SD,Negeri,Kec. Sape,230606,Kab. Bima,230600,Prov. Nusa Tenggara Barat,230000,18,1,210,12,5,0,1,30,09 Apr 2026 09:05:43,D874F90F46D7C1F996D4
SD INPRES NARU 2,50204243,SD,Negeri,Kec. Sape,230606,Kab. Bima,230600,Prov. Nusa Tenggara Barat,230000,18,0,111,6,6,0,2,31,05 Apr 2026 21:59:34,326765BD77F7821C10D9
SD INPRES NATU,50204212,SD,Negeri,Kec. Sape,230606,Kab. Bima,230600,Prov. Nusa Tenggara Barat,230000,16,1,93,6,5,0,1,42,26 Mar 2026 17:35:45,4CFA18354C6398A46246
SD INPRES NCIRI,50204215,SD,Negeri,Kec. Sape,230606,Kab. Bima,230600,Prov. Nusa Tenggara Barat,230000,13,1,70,6,5,0,1,18,03 Mar 2026 18:04:33,2CC57CEB1411C4FCE402
SD INPRES PARANGINA,50204250,SD,Negeri,Kec. Sape,230606,Kab. Bima,230600,Prov. Nusa Tenggara Barat,230000,24,2,173,6,5,0,1,39,29 Apr 2026 10:15:47,07DCD4A65AA1FC843028
SD INPRES RASABOU,50203955,SD,Negeri,Kec. Sape,230606,Kab. Bima,230600,Prov. Nusa Tenggara Barat,230000,18,2,133,6,6,0,1,13,07 Apr 2026 06:51:48,FA6904111E7837914540
SD INPRES SANGIA,50205532,SD,Negeri,Kec. Sape,230606,Kab. Bima,230600,Prov. Nusa Tenggara Barat,230000,20,3,151,6,6,0,1,24,16 Apr 2026 08:50:16,8E8A9252737FC3FF79E4
SD INPRES SARI,50203957,SD,Negeri,Kec. Sape,230606,Kab. Bima,230600,Prov. Nusa Tenggara Barat,230000,14,2,59,6,6,0,1,24,12 Apr 2026 08:43:19,052D130C9DC87E8552BB
SD NEGERI 1 SAPE,50204129,SD,Negeri,Kec. Sape,230606,Kab. Bima,230600,Prov. Nusa Tenggara Barat,230000,16,2,136,7,7,0,1,19,15 Apr 2026 19:16:23,27773BBF187B16CB378E
SD NEGERI 1 SARI,50204130,SD,Negeri,Kec. Sape,230606,Kab. Bima,230600,Prov. Nusa Tenggara Barat,230000,28,3,164,9,7,1,1,36,28 Apr 2026 10:00:01,00F0CCF0E2053B6D111E
SD NEGERI 2 Sape,50204151,SD,Negeri,Kec. Sape,230606,Kab. Bima,230600,Prov. Nusa Tenggara Barat,230000,22,4,316,11,9,0,1,20,20 Apr 2026 10:38:41,F7F70AB3B214F9845E6E
SD NEGERI 3 SAPE,50204126,SD,Negeri,Kec. Sape,230606,Kab. Bima,230600,Prov. Nusa Tenggara Barat,230000,22,2,259,12,6,0,1,15,01 May 2026 15:45:28,89CDA481051D390B9847
SD NEGERI 4 Sape,50204093,SD,Negeri,Kec. Sape,230606,Kab. Bima,230600,Prov. Nusa Tenggara Barat,230000,13,2,104,6,6,0,1,13,04 Apr 2026 07:59:30,64153D66909AF063E151
SD NEGERI 5 SAPE,50204096,SD,Negeri,Kec. Sape,230606,Kab. Bima,230600,Prov. Nusa Tenggara Barat,230000,21,2,156,8,5,0,1,26,14 Apr 2026 13:47:40,1942D9A7C5275AEB1E58
SD NEGERI 6 SAPE,50205696,SD,Negeri,Kec. Sape,230606,Kab. Bima,230600,Prov. Nusa Tenggara Barat,230000,18,2,162,7,5,0,1,48,30 Apr 2026 09:10:48,FECA2AD5286E41D99FA1
SD NEGERI 7 SAPE,50204099,SD,Negeri,Kec. Sape,230606,Kab. Bima,230600,Prov. Nusa Tenggara Barat,230000,23,2,159,7,7,0,3,18,28 Apr 2026 10:11:16,C32D544F8020AA965303
SD NEGERI 8 SAPE,50204089,SD,Negeri,Kec. Sape,230606,Kab. Bima,230600,Prov. Nusa Tenggara Barat,230000,21,3,119,6,5,0,1,22,26 Apr 2026 22:11:56,AD8411FD48439CBBA11D
SD NEGERI 9 SAPE,50204088,SD,Negeri,Kec. Sape,230606,Kab. Bima,230600,Prov. Nusa Tenggara Barat,230000,21,2,167,9,7,0,1,20,30 Apr 2026 12:05:38,6E3429413C4397A29126
SD NEGERI BAJO PULAU,50205495,SD,Negeri,Kec. Sape,230606,Kab. Bima,230600,Prov. Nusa Tenggara Barat,230000,14,1,175,7,5,0,0,24,22 Apr 2026 15:35:22,27626063198849923BBD
SD NEGERI BOKE,50204116,SD,Negeri,Kec. Sape,230606,Kab. Bima,230600,Prov. Nusa Tenggara Barat,230000,25,0,129,6,5,0,1,17,22 Apr 2026 09:54:46,5CCCC659D693A266EAD0
SD NEGERI BUGIS,50204117,SD,Negeri,Kec. Sape,230606,Kab. Bima,230600,Prov. Nusa Tenggara Barat,230000,27,3,322,14,11,0,1,27,07 Apr 2026 07:44:57,BCB38CCB6A690EFFE816
SD NEGERI BUNCU,50204118,SD,Negeri,Kec. Sape,230606,Kab. Bima,230600,Prov. Nusa Tenggara Barat,230000,17,3,135,6,6,0,1,69,29 Apr 2026 19:36:18,C9C92E6DC3FC15DE978B
SD NEGERI INPRES BAJO SARAE,50204259,SD,Negeri,Kec. Sape,230606,Kab. Bima,230600,Prov. Nusa Tenggara Barat,230000,18,2,176,8,8,0,1,113,02 May 2026 19:33:04,0C8386A8728141657EFE
SD NEGERI INPRES JIA,50204037,SD,Negeri,Kec. Sape,230606,Kab. Bima,230600,Prov. Nusa Tenggara Barat,230000,19,2,133,7,6,0,1,29,24 Apr 2026 05:26:41,4AD84B186B85B4596CAB
SD NEGERI Inpres Pasir Putih,50203947,SD,Negeri,Kec. Sape,230606,Kab. Bima,230600,Prov. Nusa Tenggara Barat,230000,7,0,53,6,3,0,0,13,07 Mar 2026 10:41:55,1CDDC6F165D9D7E6F7BF
SD NEGERI JIA,50203903,SD,Negeri,Kec. Sape,230606,Kab. Bima,230600,Prov. Nusa Tenggara Barat,230000,26,1,183,8,6,0,1,20,30 Apr 2026 08:37:54,C867B63777E34C6D5DA9
SD NEGERI Jo Rato,50222323,SD,Negeri,Kec. Sape,230606,Kab. Bima,230600,Prov. Nusa Tenggara Barat,230000,15,2,46,6,4,0,0,13,02 Apr 2026 12:29:07,CB7558036D61EBC981C7
SD NEGERI KOWO,50203885,SD,Negeri,Kec. Sape,230606,Kab. Bima,230600,Prov. Nusa Tenggara Barat,230000,24,2,190,11,14,0,1,47,02 May 2026 19:06:53,3F16AC368AC1F0D60F6A
SD NEGERI LAMERE,50203891,SD,Negeri,Kec. Sape,230606,Kab. Bima,230600,Prov. Nusa Tenggara Barat,230000,20,2,241,10,6,0,1,40,27 Apr 2026 08:47:38,182208D173DED2B151DF
SD NEGERI NAGANURI,50203925,SD,Negeri,Kec. Sape,230606,Kab. Bima,230600,Prov. Nusa Tenggara Barat,230000,24,1,265,11,6,0,1,16,11 Mar 2026 10:21:17,1D00E8D72610B8B6ED84
SD NEGERI NANGA PAMBU,50222324,SD,Negeri,Kec. Sape,230606,Kab. Bima,230600,Prov. Nusa Tenggara Barat,230000,18,1,77,6,6,0,1,42,23 Apr 2026 09:06:26,1AB85B7F8A88C8638F3D
SD NEGERI OI CERE,50204141,SD,Negeri,Kec. Sape,230606,Kab. Bima,230600,Prov. Nusa Tenggara Barat,230000,10,2,88,6,6,0,0,27,24 Apr 2026 18:02:44,60D92D0C6DF07EAA9C7A
SD NEGERI POJA,50203932,SD,Negeri,Kec. Sape,230606,Kab. Bima,230600,Prov. Nusa Tenggara Barat,230000,18,1,196,10,6,0,1,76,27 Apr 2026 13:15:06,CB9DE8F94921693FDCA3
SD NEGERI SARI 2,50204152,SD,Negeri,Kec. Sape,230606,Kab. Bima,230600,Prov. Nusa Tenggara Barat,230000,19,2,121,6,7,0,1,31,02 Apr 2026 16:55:11,D91A75BAF468358F1D92
SD NEGERI Satampa Lawa,50222325,SD,Negeri,Kec. Sape,230606,Kab. Bima,230600,Prov. Nusa Tenggara Barat,230000,20,3,194,10,5,0,0,30,20 Apr 2026 09:35:46,B4B4A35AE94F16D9B5D3
SDN INPRES BUNCU,50204266,SD,Negeri,Kec. Sape,230606,Kab. Bima,230600,Prov. Nusa Tenggara Barat,230000,18,2,163,7,6,0,1,28,28 Apr 2026 09:19:21,0FB4066946371311B291
SDN INPRES NAE,50204210,SD,Negeri,Kec. Sape,230606,Kab. Bima,230600,Prov. Nusa Tenggara Barat,230000,17,2,110,6,6,0,1,36,19 Apr 2026 04:41:16,17C6916207FC929B40A8
SDN INPRES RAI OI SAPE,50203954,SD,Negeri,Kec. Sape,230606,Kab. Bima,230600,Prov. Nusa Tenggara Barat,230000,20,1,180,9,6,0,1,25,27 Apr 2026 09:37:02,2C443CA70FC977ECF090
SD IT AZ-ZAUTI,69995887,SD,Swasta,Kec. Sape,230606,Kab. Bima,230600,Prov. Nusa Tenggara Barat,230000,10,3,131,6,6,0,1,16,09 Apr 2026 20:00:57,7164E6913BA90F909B0E
SMP NEGERI 1 SAPE,50205667,SMP,Negeri,Kec. Sape,230606,Kab. Bima,230600,Prov. Nusa Tenggara Barat,230000,186,23,1076,34,34,2,1,88,30 Apr 2026 10:37:48,45E9E301A9F5D9405C6C
SMP NEGERI 2 SAPE,50219517,SMP,Negeri,Kec. Sape,230606,Kab. Bima,230600,Prov. Nusa Tenggara Barat,230000,44,6,125,6,11,1,1,19,22 Apr 2026 22:19:53,DA23C59FBC5F00BF32F7
SMP NEGERI 3 SAPE,50205668,SMP,Negeri,Kec. Sape,230606,Kab. Bima,230600,Prov. Nusa Tenggara Barat,230000,80,7,342,12,15,2,1,126,30 Apr 2026 08:06:11,39BE8A8706DB5E1D13CF
SMP NEGERI 4 SAPE,50203987,SMP,Negeri,Kec. Sape,230606,Kab. Bima,230600,Prov. Nusa Tenggara Barat,230000,52,7,319,11,16,3,1,32,24 Apr 2026 10:19:40,9D546CEA4C7821222BBC
SMP NEGERI 5 SAPE,50220495,SMP,Negeri,Kec. Sape,230606,Kab. Bima,230600,Prov. Nusa Tenggara Barat,230000,47,11,215,7,10,2,1,22,27 Apr 2026 12:35:05,578AF4395AF3D534C0E7
SMP NEGERI 6 Sape Satap,50222339,SMP,Negeri,Kec. Sape,230606,Kab. Bima,230600,Prov. Nusa Tenggara Barat,230000,19,6,49,3,3,0,1,15,30 Apr 2026 19:01:59,7CC391BCF4E8D012345B
SMP NEGERI 7 Sape Satap,50222341,SMP,Negeri,Kec. Sape,230606,Kab. Bima,230600,Prov. Nusa Tenggara Barat,230000,26,6,75,3,3,1,1,21,23 Apr 2026 22:41:08,3AFDBD3DFDDDEA09EA81
SMP NEGERI 8 SAPE SATAP,69910878,SMP,Negeri,Kec. Sape,230606,Kab. Bima,230600,Prov. Nusa Tenggara Barat,230000,20,4,105,4,3,2,1,68,03 Mar 2026 17:57:09,642DA48BBFC9FFE5D62E
SMP IT  NURUL KHALIFAH BIMA,69995972,SMP,Swasta,Kec. Sape,230606,Kab. Bima,230600,Prov. Nusa Tenggara Barat,230000,11,0,30,3,3,0,0,28,21 Apr 2026 10:36:25,0F6BF46809AD7B3C1F90
SMP IT NURUL AMIN,69960323,SMP,Swasta,Kec. Sape,230606,Kab. Bima,230600,Prov. Nusa Tenggara Barat,230000,19,1,67,3,3,1,1,16,20 Apr 2026 05:34:39,9EC69C026F99B9C475DF
SMAN 1 SAPE,50204008,SMA,Negeri,Kec. Sape,230606,Kab. Bima,230600,Prov. Nusa Tenggara Barat,230000,89,20,1073,30,28,3,1,92,30 Apr 2026 07:39:45,AC29A80BD574F0FBA8D7
SMAN 2 SAPE,50204029,SMA,Negeri,Kec. Sape,230606,Kab. Bima,230600,Prov. Nusa Tenggara Barat,230000,64,10,465,15,14,2,5,69,23 Apr 2026 11:06:51,CBD5936CE1D17943A016
SMAN 3 SAPE,50222189,SMA,Negeri,Kec. Sape,230606,Kab. Bima,230600,Prov. Nusa Tenggara Barat,230000,78,20,477,15,17,3,1,49,22 Apr 2026 19:33:32,64D20358BD8CCD02001F
SMAS MUHAMMADIYAH SAPE,50205622,SMA,Swasta,Kec. Sape,230606,Kab. Bima,230600,Prov. Nusa Tenggara Barat,230000,36,2,275,9,11,3,1,22,29 Apr 2026 20:22:02,513557F3A61C915A15DA
SMAS PGRI SAPE,50205621,SMA,Swasta,Kec. Sape,230606,Kab. Bima,230600,Prov. Nusa Tenggara Barat,230000,15,6,172,6,10,5,2,52,21 Apr 2026 10:30:20,45C7C7D167583C2D6F51
SD INPRES KALEMBA,50203907,SD,Negeri,Kec. Langgudu,230614,Kab. Bima,230600,Prov. Nusa Tenggara Barat,230000,13,1,39,6,5,0,0,66,20 Apr 2026 17:42:56,74DA15B26AFAEF0216D0
SD INPRES KALODU,50205507,SD,Negeri,Kec. Langgudu,230614,Kab. Bima,230600,Prov. Nusa Tenggara Barat,230000,15,2,73,6,4,0,0,29,13 Apr 2026 01:32:00,45C389C08A7158BBB62B
SD INPRES KANGGA,50205508,SD,Negeri,Kec. Langgudu,230614,Kab. Bima,230600,Prov. Nusa Tenggara Barat,230000,23,0,104,6,5,0,1,23,06 Mar 2026 21:41:48,8CF2799A525D5A6FA971
SD INPRES KARAMPI,50205509,SD,Negeri,Kec. Langgudu,230614,Kab. Bima,230600,Prov. Nusa Tenggara Barat,230000,29,1,96,6,5,0,1,17,25 Apr 2026 21:11:28,5C8D70936C66B3E5ABEF
SD INPRES LAJU,50205512,SD,Negeri,Kec. Langgudu,230614,Kab. Bima,230600,Prov. Nusa Tenggara Barat,230000,11,2,105,6,7,0,0,27,19 Apr 2026 09:31:52,B63DEBFD2AE6F8C73BC8
SD INPRES NANGANIU,50205516,SD,Negeri,Kec. Langgudu,230614,Kab. Bima,230600,Prov. Nusa Tenggara Barat,230000,21,3,62,6,3,0,1,30,01 May 2026 07:09:49,5E37C225B9B6CD04E304
SD INPRES PASIR PUTIH,50205522,SD,Negeri,Kec. Langgudu,230614,Kab. Bima,230600,Prov. Nusa Tenggara Barat,230000,12,1,91,6,6,0,0,56,30 Apr 2026 07:58:32,609B9E48BCB2354609AB
SD INPRES RIMBA,50205506,SD,Negeri,Kec. Langgudu,230614,Kab. Bima,230600,Prov. Nusa Tenggara Barat,230000,18,2,49,6,5,0,1,75,14 Apr 2026 17:06:14,C20889AD8C769602F28B
SD INPRES RORE,50205528,SD,Negeri,Kec. Langgudu,230614,Kab. Bima,230600,Prov. Nusa Tenggara Barat,230000,21,1,80,6,6,0,0,57,30 Apr 2026 20:26:38,90EEFC9B8148FC53159B
SD INPRES SOROAFU,50205535,SD,Negeri,Kec. Langgudu,230614,Kab. Bima,230600,Prov. Nusa Tenggara Barat,230000,15,3,100,6,5,0,1,21,03 Mar 2026 08:00:01,0FFE9929C7A66BA674A9
SD INPRES SOROBALI,50205536,SD,Negeri,Kec. Langgudu,230614,Kab. Bima,230600,Prov. Nusa Tenggara Barat,230000,13,1,55,6,6,0,0,21,30 Apr 2026 20:49:13,893AB015759100DB4C2C
SD INPRES TAMANDAKA,50205538,SD,Negeri,Kec. Langgudu,230614,Kab. Bima,230600,Prov. Nusa Tenggara Barat,230000,13,1,50,6,6,0,0,15,27 Apr 2026 06:39:44,B8F6FD1455DA6032A448
SD INPRES WAWORADA,50205540,SD,Negeri,Kec. Langgudu,230614,Kab. Bima,230600,Prov. Nusa Tenggara Barat,230000,24,2,188,10,8,1,2,18,06 Apr 2026 07:49:56,4FF87E2F6F9243944587
SD NEGERI 1 RUPE,50205487,SD,Negeri,Kec. Langgudu,230614,Kab. Bima,230600,Prov. Nusa Tenggara Barat,230000,25,2,126,6,5,0,1,19,30 Apr 2026 19:51:51,036A66E74C4F3A4D1F99
SD NEGERI 2 RUPE,50205490,SD,Negeri,Kec. Langgudu,230614,Kab. Bima,230600,Prov. Nusa Tenggara Barat,230000,17,3,142,7,5,0,1,24,19 Apr 2026 10:53:51,9ED88E25EBB9A61C0B7F
SD NEGERI DORO OO,50205498,SD,Negeri,Kec. Langgudu,230614,Kab. Bima,230600,Prov. Nusa Tenggara Barat,230000,15,1,105,7,5,2,1,14,10 Apr 2026 11:42:56,5A37B8B5511A22971203
SD NEGERI INFRES DUMU,50205505,SD,Negeri,Kec. Langgudu,230614,Kab. Bima,230600,Prov. Nusa Tenggara Barat,230000,24,3,102,6,6,0,1,50,19 Apr 2026 20:58:05,4C54287626EC6CDC6831
SD NEGERI INPRES KARUMBU,50205510,SD,Negeri,Kec. Langgudu,230614,Kab. Bima,230600,Prov. Nusa Tenggara Barat,230000,24,2,95,6,6,0,1,21,30 Apr 2026 19:09:57,5F7C5434A2151B6BB61D
SD NEGERI INPRES OI UA,50205521,SD,Negeri,Kec. Langgudu,230614,Kab. Bima,230600,Prov. Nusa Tenggara Barat,230000,15,2,44,6,5,0,0,14,04 Apr 2026 08:01:45,2F0A9A76D2CDC45F5F79
SD NEGERI INPRES SIDO,50205533,SD,Negeri,Kec. Langgudu,230614,Kab. Bima,230600,Prov. Nusa Tenggara Barat,230000,17,2,73,6,6,0,0,12,30 Apr 2026 18:45:00,FA5B5D64E8ECADE93561
SD NEGERI JATIBARU,69752148,SD,Negeri,Kec. Langgudu,230614,Kab. Bima,230600,Prov. Nusa Tenggara Barat,230000,18,1,54,6,5,0,0,17,05 Mar 2026 19:37:37,58E48BB8770983D86CDA
SD NEGERI KAWUWU,50205544,SD,Negeri,Kec. Langgudu,230614,Kab. Bima,230600,Prov. Nusa Tenggara Barat,230000,16,2,55,6,4,0,1,24,02 May 2026 14:16:25,7936EB67A8C3A4A4A7F0
SD NEGERI LAJU,50205546,SD,Negeri,Kec. Langgudu,230614,Kab. Bima,230600,Prov. Nusa Tenggara Barat,230000,12,1,97,6,5,0,1,52,02 May 2026 15:14:32,F238E6B8A717BC660338
SD NEGERI OI NARI,50205561,SD,Negeri,Kec. Langgudu,230614,Kab. Bima,230600,Prov. Nusa Tenggara Barat,230000,14,2,47,6,5,1,1,12,10 Apr 2026 14:50:44,A6A0CAFDD1225E23F4B3
SD NEGERI PALI,69892895,SD,Negeri,Kec. Langgudu,230614,Kab. Bima,230600,Prov. Nusa Tenggara Barat,230000,14,1,26,6,3,0,0,31,02 May 2026 10:33:27,F57857A1CF948525867A
SD NEGERI ROMPO,50205575,SD,Negeri,Kec. Langgudu,230614,Kab. Bima,230600,Prov. Nusa Tenggara Barat,230000,27,3,258,12,6,0,1,26,24 Apr 2026 23:27:35,2CDB5BB572021B727D8D
SD NEGERI SORO AFU,50205570,SD,Negeri,Kec. Langgudu,230614,Kab. Bima,230600,Prov. Nusa Tenggara Barat,230000,23,2,76,6,6,0,1,23,28 Apr 2026 09:01:45,65A7C067CCFB760E5ED0
SD NEGERI UPT Laju,50220650,SD,Negeri,Kec. Langgudu,230614,Kab. Bima,230600,Prov. Nusa Tenggara Barat,230000,13,3,113,7,3,0,1,184,02 May 2026 05:43:14,A81D7570C004B5A0CFAE
SDN INPRES DORO OO,50205504,SD,Negeri,Kec. Langgudu,230614,Kab. Bima,230600,Prov. Nusa Tenggara Barat,230000,20,2,130,7,6,0,1,25,17 Apr 2026 16:32:14,52905EAED07C34BA63F3
SDN INPRES PUSU,50205524,SD,Negeri,Kec. Langgudu,230614,Kab. Bima,230600,Prov. Nusa Tenggara Barat,230000,17,2,92,6,4,0,1,1,16 Apr 2026 08:42:31,F6151CD84B1FFD980E76
SDN INPRES SAMBANE,50205529,SD,Negeri,Kec. Langgudu,230614,Kab. Bima,230600,Prov. Nusa Tenggara Barat,230000,26,3,83,6,5,0,1,32,27 Apr 2026 19:59:31,425FF48E0B64D57E9B90
SDN KARUMBU,50205541,SD,Negeri,Kec. Langgudu,230614,Kab. Bima,230600,Prov. Nusa Tenggara Barat,230000,19,2,135,6,5,0,1,20,01 May 2026 13:06:59,AC0357BFC69DE34C0B95
SDN MAMBANAE,50205547,SD,Negeri,Kec. Langgudu,230614,Kab. Bima,230600,Prov. Nusa Tenggara Barat,230000,24,3,100,6,3,0,0,15,02 May 2026 19:24:20,E0C7B4194A07A0528C9B
SDN MEKAR NADI,69864661,SD,Negeri,Kec. Langgudu,230614,Kab. Bima,230600,Prov. Nusa Tenggara Barat,230000,9,1,40,6,1,0,0,30,14 Mar 2026 03:38:15,0EDE7D9980635D2E8D12
SD IT AL KARAMAH,69971046,SD,Swasta,Kec. Langgudu,230614,Kab. Bima,230600,Prov. Nusa Tenggara Barat,230000,12,2,44,6,6,1,1,28,17 Apr 2026 08:03:53,228A837D06048453C05E
SMP NEGERI 1 LANGGUDU,50203982,SMP,Negeri,Kec. Langgudu,230614,Kab. Bima,230600,Prov. Nusa Tenggara Barat,230000,23,3,106,5,10,1,1,32,01 May 2026 05:18:45,AC9E5AB5E26F81D7F2B2
SMP NEGERI 10 LANGGUDU SATAP,50222333,SMP,Negeri,Kec. Langgudu,230614,Kab. Bima,230600,Prov. Nusa Tenggara Barat,230000,24,1,24,3,2,0,1,73,07 Apr 2026 12:02:57,A93AEA09EB6D6F8D88A3
SMP NEGERI 11 Langgudu Satap,50222334,SMP,Negeri,Kec. Langgudu,230614,Kab. Bima,230600,Prov. Nusa Tenggara Barat,230000,21,0,23,3,3,1,1,61,01 May 2026 08:52:20,5E2B0E7E6CA25CFFD097
SMP NEGERI 12 Langgudu Satap,50222335,SMP,Negeri,Kec. Langgudu,230614,Kab. Bima,230600,Prov. Nusa Tenggara Barat,230000,21,0,35,3,3,1,1,20,30 Apr 2026 05:58:01,76B6E3E0AF60853E41F0
SMP NEGERI 13 LANGGUDU SATAP,60726580,SMP,Negeri,Kec. Langgudu,230614,Kab. Bima,230600,Prov. Nusa Tenggara Barat,230000,17,2,35,3,4,1,1,60,30 Mar 2026 14:16:31,6A6DEAE70A428E587D7C
SMP NEGERI 14 LANGGUDU SATAP,60726581,SMP,Negeri,Kec. Langgudu,230614,Kab. Bima,230600,Prov. Nusa Tenggara Barat,230000,17,2,27,3,2,0,1,18,06 Apr 2026 18:28:57,734363115BC3588C30AE
SMP NEGERI 15 LANGGUDU SATAP,60726582,SMP,Negeri,Kec. Langgudu,230614,Kab. Bima,230600,Prov. Nusa Tenggara Barat,230000,13,2,30,3,2,0,1,129,30 Apr 2026 00:07:29,F8D0A34FF0F3B534C8A6
SMP NEGERI 16 LANGGUDU SATAP,60726583,SMP,Negeri,Kec. Langgudu,230614,Kab. Bima,230600,Prov. Nusa Tenggara Barat,230000,21,2,46,3,3,0,1,18,29 Apr 2026 14:12:34,2E0A71303F1CB56A6E07
SMP NEGERI 17 LANGGUDU SATAP,69888807,SMP,Negeri,Kec. Langgudu,230614,Kab. Bima,230600,Prov. Nusa Tenggara Barat,230000,10,1,20,3,3,0,0,27,08 Apr 2026 19:41:11,8F8E18AFFE048561C6E7
SMP NEGERI 2 LANGGUDU,50205682,SMP,Negeri,Kec. Langgudu,230614,Kab. Bima,230600,Prov. Nusa Tenggara Barat,230000,30,2,85,4,4,1,1,34,28 Apr 2026 10:18:57,71AFDDBD62492F0733C1
SMP NEGERI 3 LANGGUDU,50205683,SMP,Negeri,Kec. Langgudu,230614,Kab. Bima,230600,Prov. Nusa Tenggara Barat,230000,44,9,121,6,11,2,1,35,28 Apr 2026 10:27:34,32F2AE62E8BD2CAD1C12
SMP NEGERI 4 LANGGUDU,50205602,SMP,Negeri,Kec. Langgudu,230614,Kab. Bima,230600,Prov. Nusa Tenggara Barat,230000,23,7,111,6,12,2,1,15,25 Apr 2026 08:06:16,10DABE2A8DA43D1C63BA
SMP NEGERI 5 LANGGUDU,50222337,SMP,Negeri,Kec. Langgudu,230614,Kab. Bima,230600,Prov. Nusa Tenggara Barat,230000,44,7,133,6,6,1,2,26,17 Apr 2026 07:38:11,ABBB51C22D1D48D0DFC9
SMP NEGERI 6 LANGGUDU SATAP,50222340,SMP,Negeri,Kec. Langgudu,230614,Kab. Bima,230600,Prov. Nusa Tenggara Barat,230000,21,2,71,3,3,1,1,23,12 Apr 2026 13:22:06,D4A1CC8DC4736888BF8E
SMP NEGERI 7 Langgudu Satap,50222342,SMP,Negeri,Kec. Langgudu,230614,Kab. Bima,230600,Prov. Nusa Tenggara Barat,230000,22,1,54,3,3,1,1,22,01 May 2026 18:56:41,442E8D7F45B37DA7B765
SMP NEGERI 8 LANGGUDU SATAP,50220633,SMP,Negeri,Kec. Langgudu,230614,Kab. Bima,230600,Prov. Nusa Tenggara Barat,230000,16,1,94,3,3,0,1,50,10 Apr 2026 05:51:17,9A553B484BF7174CAFDD
SMP NEGERI 9 Langgudu Satap,50222343,SMP,Negeri,Kec. Langgudu,230614,Kab. Bima,230600,Prov. Nusa Tenggara Barat,230000,13,1,39,3,3,0,1,14,26 Apr 2026 21:55:28,0B5DED45345BAEB04A38
SMP PGRI 2 BELO,50205694,SMP,Swasta,Kec. Langgudu,230614,Kab. Bima,230600,Prov. Nusa Tenggara Barat,230000,11,1,45,3,6,0,1,13,30 Apr 2026 12:53:09,94D529F46EB3AE05DE0F
SMP PGRI 3 BELO BIMA,50205608,SMP,Swasta,Kec. Langgudu,230614,Kab. Bima,230600,Prov. Nusa Tenggara Barat,230000,12,1,28,3,4,0,1,32,17 Apr 2026 17:01:14,1B7089A15BDA20D0C71D
SMAN 1 LANGGUDU,50205611,SMA,Negeri,Kec. Langgudu,230614,Kab. Bima,230600,Prov. Nusa Tenggara Barat,230000,56,15,291,14,17,4,1,70,01 May 2026 15:51:00,2B08936A5B6B9D59F936
SMAN 2 LANGGUDU,50228887,SMA,Negeri,Kec. Langgudu,230614,Kab. Bima,230600,Prov. Nusa Tenggara Barat,230000,43,14,220,8,9,1,1,51,02 May 2026 10:14:10,25AE3F489B96FF19AB10
SMAS GOTONG ROYONG KAE,50222191,SMA,Swasta,Kec. Langgudu,230614,Kab. Bima,230600,Prov. Nusa Tenggara Barat,230000,8,1,70,3,6,0,0,24,16 Apr 2026 06:44:15,4AF1C60394B158CA2C63
SMK NEGERI 1 LANGGUDU,50205615,SMK,Negeri,Kec. Langgudu,230614,Kab. Bima,230600,Prov. Nusa Tenggara Barat,230000,63,6,246,20,15,1,1,40,20 Apr 2026 08:34:29,1CE3850D73D3DE8065F6
SMK NEGERI 2 LANGGUDU,69981031,SMK,Negeri,Kec. Langgudu,230614,Kab. Bima,230600,Prov. Nusa Tenggara Barat,230000,30,6,83,8,8,1,1,48,23 Apr 2026 21:38:40,7DAC8E5E2B1B10203C6B
SMK GENERASI HUSADA BIMA,69964593,SMK,Swasta,Kec. Langgudu,230614,Kab. Bima,230600,Prov. Nusa Tenggara Barat,230000,7,3,41,3,3,1,1,20,20 Apr 2026 12:04:22,1D4491EA02681FAB0308
SD INPRES 1 LANTA,50204112,SD,Negeri,Kec. Lambu,230610,Kab. Bima,230600,Prov. Nusa Tenggara Barat,230000,14,3,128,6,6,0,1,15,16 Apr 2026 07:01:02,53E7864A8B1F69195FD0
SD INPRES 2 RATO,50204232,SD,Negeri,Kec. Lambu,230610,Kab. Bima,230600,Prov. Nusa Tenggara Barat,230000,15,2,108,6,5,0,1,21,17 Apr 2026 07:23:34,EFFD1F71AF11FC3BA9BF
SD INPRES KALEO,50204220,SD,Negeri,Kec. Lambu,230610,Kab. Bima,230600,Prov. Nusa Tenggara Barat,230000,20,1,208,10,7,0,1,10,09 Apr 2026 08:22:47,515347CFEDCA961C2712
SD INPRES MANGGE DALAM,50204180,SD,Negeri,Kec. Lambu,230610,Kab. Bima,230600,Prov. Nusa Tenggara Barat,230000,15,2,64,6,6,0,0,10,06 Apr 2026 21:44:24,CB046878E3078CDB62A2
SD INPRES NO 1 RATO,50204108,SD,Negeri,Kec. Lambu,230610,Kab. Bima,230600,Prov. Nusa Tenggara Barat,230000,13,1,94,6,6,0,1,8,22 Apr 2026 07:57:25,FC1FDB3CB38D53D99604
SD INPRES SIMPASAI,50203970,SD,Negeri,Kec. Lambu,230610,Kab. Bima,230600,Prov. Nusa Tenggara Barat,230000,17,2,176,8,6,0,1,27,25 Apr 2026 20:46:03,18DAAA79AEF732A06780
SD NEGERI 1 KALEO,50204142,SD,Negeri,Kec. Lambu,230610,Kab. Bima,230600,Prov. Nusa Tenggara Barat,230000,28,5,277,12,9,1,1,24,25 Apr 2026 22:52:02,5F027E3CA0A96D678495
SD NEGERI 1 MALAJU,50204145,SD,Negeri,Kec. Lambu,230610,Kab. Bima,230600,Prov. Nusa Tenggara Barat,230000,19,3,231,9,6,0,1,27,30 Apr 2026 07:55:57,D76028CEAEAE5C224CE2
SD NEGERI 1 SIMPASAI,50204038,SD,Negeri,Kec. Lambu,230610,Kab. Bima,230600,Prov. Nusa Tenggara Barat,230000,18,2,158,6,6,0,1,34,02 May 2026 19:47:08,00D5067E97EA65DA4933
SD NEGERI 1 SUMI,50204133,SD,Negeri,Kec. Lambu,230610,Kab. Bima,230600,Prov. Nusa Tenggara Barat,230000,17,2,198,10,7,0,1,21,22 Apr 2026 22:38:12,F78009E1D7B6EEA8B8D7
SD NEGERI 2 KALEO,50204164,SD,Negeri,Kec. Lambu,230610,Kab. Bima,230600,Prov. Nusa Tenggara Barat,230000,14,3,175,9,6,0,1,8,15 Apr 2026 10:31:36,FC5CEA332F4419ED8EA1
SD NEGERI 2 MALAJU,50204168,SD,Negeri,Kec. Lambu,230610,Kab. Bima,230600,Prov. Nusa Tenggara Barat,230000,28,2,357,13,8,0,1,19,30 Apr 2026 07:54:38,CB2790A2E7AA378F6E7F
SD NEGERI DIWU MORO,69888803,SD,Negeri,Kec. Lambu,230610,Kab. Bima,230600,Prov. Nusa Tenggara Barat,230000,27,1,49,6,4,0,0,9,23 Apr 2026 11:15:31,7D2028F99563E3AB56AD
SD NEGERI INPRES 2 LANTA,50204241,SD,Negeri,Kec. Lambu,230610,Kab. Bima,230600,Prov. Nusa Tenggara Barat,230000,20,2,201,9,8,0,1,31,18 Apr 2026 07:19:39,23DC49363B87F8235C65
SD NEGERI INPRES BAKU,50204260,SD,Negeri,Kec. Lambu,230610,Kab. Bima,230600,Prov. Nusa Tenggara Barat,230000,7,1,34,6,4,0,1,28,28 Apr 2026 09:24:22,945E15DC23C9B0B8A576
SD NEGERI INPRES KAWORO,50204190,SD,Negeri,Kec. Lambu,230610,Kab. Bima,230600,Prov. Nusa Tenggara Barat,230000,11,3,46,6,5,0,0,10,04 Mar 2026 23:35:01,FF430EA1D31CBA04107A
SD NEGERI INPRES MANGGE,50204179,SD,Negeri,Kec. Lambu,230610,Kab. Bima,230600,Prov. Nusa Tenggara Barat,230000,16,1,33,6,5,0,1,13,11 Apr 2026 04:46:33,038169C2662B679CAED3
SD NEGERI INPRES SORO,50203973,SD,Negeri,Kec. Lambu,230610,Kab. Bima,230600,Prov. Nusa Tenggara Barat,230000,15,4,112,6,6,0,0,16,11 Mar 2026 09:42:00,BD5A4B4E1B71D166D1C0
SD NEGERI Kuwuruma,50220649,SD,Negeri,Kec. Lambu,230610,Kab. Bima,230600,Prov. Nusa Tenggara Barat,230000,12,2,80,6,5,0,0,14,25 Feb 2026 12:34:00,19C62F3E18CEE147357C
SD NEGERI LAMBU,50203889,SD,Negeri,Kec. Lambu,230610,Kab. Bima,230600,Prov. Nusa Tenggara Barat,230000,15,0,197,8,6,0,1,14,07 Mar 2026 23:47:15,69356D0E22B4A4625C81
SD NEGERI LANTA,50203892,SD,Negeri,Kec. Lambu,230610,Kab. Bima,230600,Prov. Nusa Tenggara Barat,230000,19,3,185,7,5,1,1,23,23 Apr 2026 09:02:47,7D5826D595B29FDCC112
SD NEGERI MANGGE,50203894,SD,Negeri,Kec. Lambu,230610,Kab. Bima,230600,Prov. Nusa Tenggara Barat,230000,11,1,46,6,6,0,1,7,03 Feb 2026 07:47:26,33E6992195970D8ECC88
SD NEGERI MPORI LEMBO,50205548,SD,Negeri,Kec. Lambu,230610,Kab. Bima,230600,Prov. Nusa Tenggara Barat,230000,7,1,15,6,3,0,0,15,30 Apr 2026 06:02:06,D50EC70E50BE1BBF5746
SD NEGERI NANGAWUWU,50203926,SD,Negeri,Kec. Lambu,230610,Kab. Bima,230600,Prov. Nusa Tenggara Barat,230000,13,1,59,6,2,0,0,10,20 Apr 2026 20:01:00,802B96D3D67A92E6DBAB
SD NEGERI NGGELU,50203930,SD,Negeri,Kec. Lambu,230610,Kab. Bima,230600,Prov. Nusa Tenggara Barat,230000,18,0,169,7,7,0,1,24,30 Apr 2026 18:53:02,0F567D8588B35883366C
SD NEGERI RATO,50204046,SD,Negeri,Kec. Lambu,230610,Kab. Bima,230600,Prov. Nusa Tenggara Barat,230000,19,1,87,6,6,0,1,9,20 Apr 2026 08:56:46,04A59A9CF3447BF57109
SD NEGERI Simpasai 2,50205491,SD,Negeri,Kec. Lambu,230610,Kab. Bima,230600,Prov. Nusa Tenggara Barat,230000,15,4,151,8,6,0,0,32,25 Apr 2026 08:09:09,4FD0292C4149AD1E5F1D
SD NEGERI SUMI 02,50204154,SD,Negeri,Kec. Lambu,230610,Kab. Bima,230600,Prov. Nusa Tenggara Barat,230000,14,1,90,6,5,0,1,21,21 Apr 2026 09:38:17,A11464F5F09EE337CED1
SD NEGERI TEMBA MANGGE,50204065,SD,Negeri,Kec. Lambu,230610,Kab. Bima,230600,Prov. Nusa Tenggara Barat,230000,19,4,37,6,5,0,1,37,23 Apr 2026 11:48:51,CAC659B5227203CDBE38
SD MUHAMMADIYAH LAMBU,69892722,SD,Swasta,Kec. Lambu,230610,Kab. Bima,230600,Prov. Nusa Tenggara Barat,230000,7,1,21,6,3,0,0,28,02 May 2026 08:25:26,EF0CBC7B24D999CD2B35
SMP NEGERI 1 LAMBU,50204003,SMP,Negeri,Kec. Lambu,230610,Kab. Bima,230600,Prov. Nusa Tenggara Barat,230000,72,11,333,12,21,2,1,35,02 May 2026 11:07:51,43135F5A33C57D9B55A5
SMP NEGERI 10 LAMBU SATAP,69971765,SMP,Negeri,Kec. Lambu,230610,Kab. Bima,230600,Prov. Nusa Tenggara Barat,230000,10,1,8,3,3,1,1,21,16 Apr 2026 14:25:24,C65122FE1D3F165CEF15
SMP NEGERI 2 LAMBU,50205669,SMP,Negeri,Kec. Lambu,230610,Kab. Bima,230600,Prov. Nusa Tenggara Barat,230000,93,12,299,9,15,2,1,43,01 May 2026 17:35:28,59423999E04018DBED65
SMP NEGERI 3 LAMBU,50205680,SMP,Negeri,Kec. Lambu,230610,Kab. Bima,230600,Prov. Nusa Tenggara Barat,230000,23,6,51,3,3,2,1,20,12 Mar 2026 15:33:36,C96257DE65E76B470B63
SMP NEGERI 4 LAMBU,50205599,SMP,Negeri,Kec. Lambu,230610,Kab. Bima,230600,Prov. Nusa Tenggara Barat,230000,24,6,80,3,6,1,1,35,17 Mar 2026 08:36:46,87504BB99185049BB9AE
SMP NEGERI 5 Lambu,50205601,SMP,Negeri,Kec. Lambu,230610,Kab. Bima,230600,Prov. Nusa Tenggara Barat,230000,28,5,106,5,5,1,1,27,25 Apr 2026 21:03:23,D96CFB00FEDFBA3E2E4B
SMP NEGERI 6 LAMBU,50222345,SMP,Negeri,Kec. Lambu,230610,Kab. Bima,230600,Prov. Nusa Tenggara Barat,230000,51,6,176,7,10,2,1,13,08 Apr 2026 10:01:43,F6D40045922321115155
SMP NEGERI 7 Lambu Satap,50220508,SMP,Negeri,Kec. Lambu,230610,Kab. Bima,230600,Prov. Nusa Tenggara Barat,230000,29,3,40,3,2,0,1,46,21 Apr 2026 14:17:34,BC335478C77DE5915BEE
SMP NEGERI 8 LAMBU SATU ATAP,69830595,SMP,Negeri,Kec. Lambu,230610,Kab. Bima,230600,Prov. Nusa Tenggara Barat,230000,13,1,11,3,3,1,1,13,27 Apr 2026 08:06:30,11CF2840FD11A09F1C9A
SMP NEGERI 9 LAMBU,69895379,SMP,Negeri,Kec. Lambu,230610,Kab. Bima,230600,Prov. Nusa Tenggara Barat,230000,52,3,183,7,7,2,1,51,29 Apr 2026 13:18:24,ADAC02E1DF582DACBA79
SMAN 1 LAMBU,50204011,SMA,Negeri,Kec. Lambu,230610,Kab. Bima,230600,Prov. Nusa Tenggara Barat,230000,101,20,667,20,24,5,1,31,02 May 2026 13:39:38,57C6A18ABBA5999E7E58
SMAN 2 LAMBU,50205613,SMA,Negeri,Kec. Lambu,230610,Kab. Bima,230600,Prov. Nusa Tenggara Barat,230000,47,15,353,12,14,4,3,33,21 Apr 2026 08:39:16,F46D83F27B5FC13BCDCA
SMA NAHDLATUL WATHAN LAMBU,69948450,SMA,Swasta,Kec. Lambu,230610,Kab. Bima,230600,Prov. Nusa Tenggara Barat,230000,0,0,0,0,0,0,0,0,,6FFCAF619B0212342FC7
SMAS PGRI LAMBU,50222282,SMA,Swasta,Kec. Lambu,230610,Kab. Bima,230600,Prov. Nusa Tenggara Barat,230000,15,2,69,3,3,7,1,298,02 May 2026 10:04:57,CA953C4F6BECED5F4A7E
SMKN 1 LAMBU,50204025,SMK,Negeri,Kec. Lambu,230610,Kab. Bima,230600,Prov. Nusa Tenggara Barat,230000,100,16,735,32,21,4,0,100,02 May 2026 11:23:03,1D211615D343BC5AB040
SMK IT ULIL ALBAB,69975087,SMK,Swasta,Kec. Lambu,230610,Kab. Bima,230600,Prov. Nusa Tenggara Barat,230000,34,3,111,12,14,1,1,21,19 Apr 2026 20:49:05,74D954B5D79674AC4581
SD INPRES 1 WORA,50204238,SD,Negeri,Kec. Wera,230607,Kab. Bima,230600,Prov. Nusa Tenggara Barat,230000,52,1,118,6,6,0,0,25,16 Apr 2026 11:10:39,06CBBE96FB01668FB000
SD INPRES 2 WORA,50204230,SD,Negeri,Kec. Wera,230607,Kab. Bima,230600,Prov. Nusa Tenggara Barat,230000,39,1,79,6,6,0,1,22,13 Apr 2026 10:18:42,8EA833521843BF01AB50
SD INPRES HIDIRASA,50204252,SD,Negeri,Kec. Wera,230607,Kab. Bima,230600,Prov. Nusa Tenggara Barat,230000,28,2,61,6,5,0,1,15,03 Apr 2026 16:07:14,250635FDA2F252D70D85
SD INPRES NGGARO RANDI,50204216,SD,Negeri,Kec. Wera,230607,Kab. Bima,230600,Prov. Nusa Tenggara Barat,230000,51,8,100,6,6,0,1,11,12 Mar 2026 08:43:59,1EF657A813CEF8538B8C
SD INPRES NTOKE-WERA,50205520,SD,Negeri,Kec. Wera,230607,Kab. Bima,230600,Prov. Nusa Tenggara Barat,230000,20,1,102,6,5,0,1,24,24 Apr 2026 09:40:00,293710CEDACB9E86F512
SD INPRES PAYI DALAM,50204204,SD,Negeri,Kec. Wera,230607,Kab. Bima,230600,Prov. Nusa Tenggara Barat,230000,16,2,74,6,4,0,0,34,28 Apr 2026 12:13:40,B79BFD556FD9EFCC1B1A
SD INPRES RADU,50205525,SD,Negeri,Kec. Wera,230607,Kab. Bima,230600,Prov. Nusa Tenggara Barat,230000,34,0,51,6,9,0,1,25,17 Apr 2026 23:43:12,912B03823E1D49BF21E3
SD INPRES SANGIANG,50203941,SD,Negeri,Kec. Wera,230607,Kab. Bima,230600,Prov. Nusa Tenggara Barat,230000,44,4,177,10,6,0,1,31,02 May 2026 08:32:54,D46665DBA53C701CF83F
SD INPRES SANGIANG PULAU,50203942,SD,Negeri,Kec. Wera,230607,Kab. Bima,230600,Prov. Nusa Tenggara Barat,230000,51,2,138,6,6,0,1,31,30 Apr 2026 08:51:02,3607CFE0200B4B8FC0AC
SD INPRES TAWALI,50203969,SD,Negeri,Kec. Wera,230607,Kab. Bima,230600,Prov. Nusa Tenggara Barat,230000,26,2,76,6,7,0,1,11,19 Apr 2026 21:23:29,D90C9C1B2421BB6BF5DF
SD INPRES WORA DALAM-WERA,50203900,SD,Negeri,Kec. Wera,230607,Kab. Bima,230600,Prov. Nusa Tenggara Barat,230000,43,0,143,8,6,0,1,38,25 Apr 2026 08:43:26,D97BE6A28A7FEC4C3556
SD NEGERI 1 NUNGGI,50204138,SD,Negeri,Kec. Wera,230607,Kab. Bima,230600,Prov. Nusa Tenggara Barat,230000,31,1,103,6,6,0,1,33,20 Apr 2026 09:08:32,3D536ADF41EE6DCF58F9
SD NEGERI 1 TAWALI,50204134,SD,Negeri,Kec. Wera,230607,Kab. Bima,230600,Prov. Nusa Tenggara Barat,230000,27,0,56,6,6,0,1,34,03 Apr 2026 10:05:43,E2F98F1BED4682AECF27
SD NEGERI 2 TAWALI,50204155,SD,Negeri,Kec. Wera,230607,Kab. Bima,230600,Prov. Nusa Tenggara Barat,230000,57,1,229,11,6,0,1,8,24 Apr 2026 19:04:22,581C5143F1B06BB512DD
SD NEGERI 3 NUNGGI,50204172,SD,Negeri,Kec. Wera,230607,Kab. Bima,230600,Prov. Nusa Tenggara Barat,230000,27,2,58,6,6,0,0,22,15 Apr 2026 20:16:46,85B669F1CE2AC2B35871
SD NEGERI HIDIRASA,50205499,SD,Negeri,Kec. Wera,230607,Kab. Bima,230600,Prov. Nusa Tenggara Barat,230000,30,2,82,6,6,0,0,27,09 Mar 2026 10:18:55,319835E93FD52290EF49
SD NEGERI INPRES NUNGGI-WERA,50204199,SD,Negeri,Kec. Wera,230607,Kab. Bima,230600,Prov. Nusa Tenggara Barat,230000,33,0,95,6,7,0,1,15,04 Apr 2026 14:26:34,8FC64CB00AE166FDCCB9
SD NEGERI INPRES OI TUI,50204200,SD,Negeri,Kec. Wera,230607,Kab. Bima,230600,Prov. Nusa Tenggara Barat,230000,22,4,78,6,6,1,1,15,08 Apr 2026 20:32:01,6698BD762C5BD8635FA7
SD NEGERI INPRES PAYI,50203948,SD,Negeri,Kec. Wera,230607,Kab. Bima,230600,Prov. Nusa Tenggara Barat,230000,29,2,70,6,5,0,0,6,02 May 2026 14:09:27,BF8DF3DEF5085B82A922
SD NEGERI INPRES SORI NUNGGI,50203972,SD,Negeri,Kec. Wera,230607,Kab. Bima,230600,Prov. Nusa Tenggara Barat,230000,16,1,25,6,3,0,0,11,03 Mar 2026 12:54:25,327C2AD16DE714A349B9
SD NEGERI NANGANAE,50204211,SD,Negeri,Kec. Wera,230607,Kab. Bima,230600,Prov. Nusa Tenggara Barat,230000,26,4,86,6,6,0,0,10,15 Mar 2026 15:24:57,670413EA57C9D1CEAF0D
SD NEGERI NARU-HIDIRASA,50205517,SD,Negeri,Kec. Wera,230607,Kab. Bima,230600,Prov. Nusa Tenggara Barat,230000,23,2,85,6,6,0,0,14,10 Mar 2026 09:27:56,AD87F8F6BF8329099CFC
SD NEGERI NTOKE,50203921,SD,Negeri,Kec. Wera,230607,Kab. Bima,230600,Prov. Nusa Tenggara Barat,230000,27,4,98,6,6,0,0,33,18 Mar 2026 07:56:26,4223BAF4AE88361014F8
SD NEGERI PAYI,50203917,SD,Negeri,Kec. Wera,230607,Kab. Bima,230600,Prov. Nusa Tenggara Barat,230000,16,1,140,7,6,0,1,37,27 Apr 2026 20:08:33,177A3F37FAB3F77DE99C
SD NEGERI SANGIANG,50204033,SD,Negeri,Kec. Wera,230607,Kab. Bima,230600,Prov. Nusa Tenggara Barat,230000,48,3,211,11,8,0,1,70,01 May 2026 19:32:07,83DFD05E3FA3964F0F2C
SD NEGERI SUKA MAJU,50204070,SD,Negeri,Kec. Wera,230607,Kab. Bima,230600,Prov. Nusa Tenggara Barat,230000,47,5,78,6,6,0,0,12,30 Mar 2026 20:08:32,77173AB605ED9676154C
SD NEGERI TADEWA,50204071,SD,Negeri,Kec. Wera,230607,Kab. Bima,230600,Prov. Nusa Tenggara Barat,230000,28,1,95,6,6,0,0,24,22 Apr 2026 07:35:30,ABC73823F2D0AB9F2409
SD NEGERI TONGGA,50220496,SD,Negeri,Kec. Wera,230607,Kab. Bima,230600,Prov. Nusa Tenggara Barat,230000,17,0,51,6,6,0,0,17,30 Apr 2026 21:16:08,B438ACBB84FF35F408A4
SD NEGERI WORA,50204060,SD,Negeri,Kec. Wera,230607,Kab. Bima,230600,Prov. Nusa Tenggara Barat,230000,65,2,170,9,6,0,1,17,12 Apr 2026 04:53:20,5C633651B57E84445E93
SDN INPRES BALA,50204261,SD,Negeri,Kec. Wera,230607,Kab. Bima,230600,Prov. Nusa Tenggara Barat,230000,25,1,87,6,8,1,1,34,29 Apr 2026 23:25:12,03E60DD1CA1864F3AF79
SDN INPRES KALO PAYI,50204174,SD,Negeri,Kec. Wera,230607,Kab. Bima,230600,Prov. Nusa Tenggara Barat,230000,27,1,165,10,5,0,0,36,28 Apr 2026 10:08:14,C9BCC91934C07728CFA7
SMP NEGERI 1 WERA,50205688,SMP,Negeri,Kec. Wera,230607,Kab. Bima,230600,Prov. Nusa Tenggara Barat,230000,69,7,277,9,13,2,1,71,15 Apr 2026 20:29:28,51C12F14B36F9B8C546F
SMP NEGERI 10 WERA,69952819,SMP,Negeri,Kec. Wera,230607,Kab. Bima,230600,Prov. Nusa Tenggara Barat,230000,48,4,45,3,3,1,1,18,07 Apr 2026 12:50:52,C4B171F84F7C3B56D6DD
SMP NEGERI 2 WERA,50203986,SMP,Negeri,Kec. Wera,230607,Kab. Bima,230600,Prov. Nusa Tenggara Barat,230000,74,8,228,9,12,2,1,18,02 Apr 2026 18:24:57,5A151E060B1BE3C77180
SMP NEGERI 3 WERA,50204020,SMP,Negeri,Kec. Wera,230607,Kab. Bima,230600,Prov. Nusa Tenggara Barat,230000,91,14,252,9,12,2,1,34,07 Mar 2026 11:01:03,0868E6375AD8CE0C917B
SMP NEGERI 4 WERA,50205689,SMP,Negeri,Kec. Wera,230607,Kab. Bima,230600,Prov. Nusa Tenggara Barat,230000,106,3,104,5,6,2,1,42,22 Apr 2026 13:59:56,CD6EDA529E9094B6ED6E
SMP NEGERI 5 WERA,50205604,SMP,Negeri,Kec. Wera,230607,Kab. Bima,230600,Prov. Nusa Tenggara Barat,230000,26,6,88,3,8,2,1,104,16 Apr 2026 10:58:29,754B5CAB451A23C30B7F
SMP NEGERI 6 Wera Satap,50220448,SMP,Negeri,Kec. Wera,230607,Kab. Bima,230600,Prov. Nusa Tenggara Barat,230000,33,6,31,3,4,2,1,76,28 Apr 2026 12:23:21,4B1AF3BA8A5F8E735B6A
SMP NEGERI 7 WERA SATAP,50220449,SMP,Negeri,Kec. Wera,230607,Kab. Bima,230600,Prov. Nusa Tenggara Barat,230000,38,7,24,3,3,1,0,26,14 Apr 2026 08:12:46,ADC22FB2BB31015ADF84
SMP NEGERI 8 WERA SATU ATAP,69830594,SMP,Negeri,Kec. Wera,230607,Kab. Bima,230600,Prov. Nusa Tenggara Barat,230000,50,3,41,3,2,0,1,22,29 Apr 2026 10:52:06,B3885F1CA52369691D3B
SMP NEGERI 9 WERA SATU ATAP,69830593,SMP,Negeri,Kec. Wera,230607,Kab. Bima,230600,Prov. Nusa Tenggara Barat,230000,66,1,25,3,3,3,1,37,27 Apr 2026 20:54:30,958BDA159B1FBB5C006F
SMP IT Hidayatullah,69752405,SMP,Swasta,Kec. Wera,230607,Kab. Bima,230600,Prov. Nusa Tenggara Barat,230000,4,1,20,3,3,0,0,17,02 May 2026 13:25:23,E330708F4526CA8B083D
SMAN 1 WERA,50205609,SMA,Negeri,Kec. Wera,230607,Kab. Bima,230600,Prov. Nusa Tenggara Barat,230000,90,23,301,10,20,3,1,35,30 Apr 2026 10:48:47,431C288A4D5ED732B801
SMAN 2 WERA,50220489,SMA,Negeri,Kec. Wera,230607,Kab. Bima,230600,Prov. Nusa Tenggara Barat,230000,40,10,228,8,10,3,1,21,13 Apr 2026 08:08:07,5E417F71CCC462AB2137
SMAN 3 WERA,69762748,SMA,Negeri,Kec. Wera,230607,Kab. Bima,230600,Prov. Nusa Tenggara Barat,230000,83,15,269,9,11,5,1,27,29 Apr 2026 11:08:33,B146251D91128996FDC0
SMA EDUKASI AL-ISLAM WERA,69975163,SMA,Swasta,Kec. Wera,230607,Kab. Bima,230600,Prov. Nusa Tenggara Barat,230000,6,1,16,3,4,0,1,19,26 Apr 2026 15:47:39,EEE85E0D200EE0E10086
SMKN 1 WERA,50205614,SMK,Negeri,Kec. Wera,230607,Kab. Bima,230600,Prov. Nusa Tenggara Barat,230000,72,8,323,19,22,1,1,40,24 Apr 2026 06:58:52,3BAFA694609D6AEBD553
SMKN 2 WERA,69977512,SMK,Negeri,Kec. Wera,230607,Kab. Bima,230600,Prov. Nusa Tenggara Barat,230000,39,6,150,11,12,1,1,65,20 Apr 2026 12:00:33,7F76C7DF7C11317E18E4
SMK ISLAM TERPADU HIDAYATULLAH,69950895,SMK,Swasta,Kec. Wera,230607,Kab. Bima,230600,Prov. Nusa Tenggara Barat,230000,0,0,0,0,0,0,0,0,,75F0F1EA88FD05E4E0AF
SD INPRES NONTOTERA,50204208,SD,Negeri,Kec. Monta,230601,Kab. Bima,230600,Prov. Nusa Tenggara Barat,230000,17,2,107,6,6,0,1,12,06 Mar 2026 22:56:15,B4FD3AFCC9B12D671206
SD INPRES SAKURU,50203938,SD,Negeri,Kec. Monta,230601,Kab. Bima,230600,Prov. Nusa Tenggara Barat,230000,28,5,165,9,6,0,1,66,20 Apr 2026 19:36:18,FBF0D40D8F484F1C027A
SD INPRES SARAE ME E,50203956,SD,Negeri,Kec. Monta,230601,Kab. Bima,230600,Prov. Nusa Tenggara Barat,230000,16,4,88,6,7,0,0,49,02 May 2026 17:15:11,4DF70AFB192D6616BFD7
SD INPRES TANJUNG BARU,50203978,SD,Negeri,Kec. Monta,230601,Kab. Bima,230600,Prov. Nusa Tenggara Barat,230000,12,1,141,8,5,0,0,13,19 Apr 2026 05:06:50,6FA905FF16DCBBB2092E
SD INPRES WANE,50203979,SD,Negeri,Kec. Monta,230601,Kab. Bima,230600,Prov. Nusa Tenggara Barat,230000,17,1,85,6,5,0,0,35,21 Apr 2026 09:20:42,F6D2F61B6006BF46C678
SD NEGERI BARALAU,50204101,SD,Negeri,Kec. Monta,230601,Kab. Bima,230600,Prov. Nusa Tenggara Barat,230000,21,2,79,6,6,0,0,14,08 Apr 2026 09:52:59,D8B62EDF5CA48F5657B0
SD NEGERI INPRES 1 SIE,50204221,SD,Negeri,Kec. Monta,230601,Kab. Bima,230600,Prov. Nusa Tenggara Barat,230000,18,2,149,6,6,0,1,18,03 Mar 2026 10:20:33,778A6184BA0239012C80
SD NEGERI INPRES 1 SIMPASAI,50204236,SD,Negeri,Kec. Monta,230601,Kab. Bima,230600,Prov. Nusa Tenggara Barat,230000,25,2,129,9,8,0,0,65,28 Apr 2026 04:44:22,BB1107BB08335C0BB582
SD NEGERI INPRES 1 TANGGA,50205500,SD,Negeri,Kec. Monta,230601,Kab. Bima,230600,Prov. Nusa Tenggara Barat,230000,21,4,73,6,6,0,1,43,30 Apr 2026 13:24:18,04D8D50BE4749966046F
SD NEGERI INPRES 2 SIE,50204226,SD,Negeri,Kec. Monta,230601,Kab. Bima,230600,Prov. Nusa Tenggara Barat,230000,15,3,111,6,6,0,1,57,22 Apr 2026 08:53:11,4D7C06430EF5BD666617
SD NEGERI INPRES 2 SIMPASAI,50204227,SD,Negeri,Kec. Monta,230601,Kab. Bima,230600,Prov. Nusa Tenggara Barat,230000,21,4,84,6,6,0,0,21,29 Apr 2026 08:28:06,62E2DE8F30FB9C4E06E8
SD NEGERI INPRES 2 TANGGA,50204228,SD,Negeri,Kec. Monta,230601,Kab. Bima,230600,Prov. Nusa Tenggara Barat,230000,24,8,92,6,6,0,1,52,29 Apr 2026 18:10:23,A1A9C3D6397312BEE2FD
SD NEGERI Inpres Pela,50205523,SD,Negeri,Kec. Monta,230601,Kab. Bima,230600,Prov. Nusa Tenggara Barat,230000,21,0,95,6,6,0,1,52,03 Apr 2026 20:16:08,3F8119D9F56CB8BEB1FD
SD NEGERI Inpres Tangga Ombo,50203977,SD,Negeri,Kec. Monta,230601,Kab. Bima,230600,Prov. Nusa Tenggara Barat,230000,22,1,86,6,5,0,1,23,28 Apr 2026 15:27:23,318EEE5ABF9183913B05
SD NEGERI INPRES TOLOUWI,50203962,SD,Negeri,Kec. Monta,230601,Kab. Bima,230600,Prov. Nusa Tenggara Barat,230000,16,1,134,6,6,0,1,25,24 Apr 2026 00:42:49,FBCDC6B8C034DDD6743D
SD NEGERI Inpres Waro,50203909,SD,Negeri,Kec. Monta,230601,Kab. Bima,230600,Prov. Nusa Tenggara Barat,230000,19,3,169,10,6,0,1,55,28 Apr 2026 05:30:01,1F85ECCA2612C7766993
SD NEGERI MONTA,50203924,SD,Negeri,Kec. Monta,230601,Kab. Bima,230600,Prov. Nusa Tenggara Barat,230000,24,2,224,10,6,1,0,96,29 Apr 2026 07:33:55,4CA2ADF6F0D4FA7679FE
SD NEGERI Pela,50203918,SD,Negeri,Kec. Monta,230601,Kab. Bima,230600,Prov. Nusa Tenggara Barat,230000,19,2,127,6,6,1,1,37,27 Apr 2026 21:24:10,662515D1F76A67CD0657
SD NEGERI SAKURU,50204043,SD,Negeri,Kec. Monta,230601,Kab. Bima,230600,Prov. Nusa Tenggara Barat,230000,20,4,176,8,6,1,1,36,30 Apr 2026 10:24:30,BF07A70CF127F3D4FF1A
SD NEGERI SIE,50205564,SD,Negeri,Kec. Monta,230601,Kab. Bima,230600,Prov. Nusa Tenggara Barat,230000,18,4,116,6,6,0,0,23,11 Mar 2026 13:10:13,E0A8F4AC49CDC3CDD999
SD NEGERI Sondo,50204040,SD,Negeri,Kec. Monta,230601,Kab. Bima,230600,Prov. Nusa Tenggara Barat,230000,13,3,137,6,5,0,0,45,05 Apr 2026 05:42:36,A18FE389DDB075DB2A94
SD NEGERI TANGGA,50204074,SD,Negeri,Kec. Monta,230601,Kab. Bima,230600,Prov. Nusa Tenggara Barat,230000,23,3,76,6,6,0,1,25,13 Apr 2026 06:26:19,29B7A6D960F7F4E6FBEF
SD NEGERI TOLOTANGGA,50204056,SD,Negeri,Kec. Monta,230601,Kab. Bima,230600,Prov. Nusa Tenggara Barat,230000,18,3,152,9,6,0,1,39,07 Apr 2026 18:36:08,98205E6E1B7CA65A8375
SD NEGERI TOLOUWI,50204057,SD,Negeri,Kec. Monta,230601,Kab. Bima,230600,Prov. Nusa Tenggara Barat,230000,11,0,174,7,6,0,1,68,14 Apr 2026 23:52:09,50DC2D481D09207B0675
SDN INPRES BARALAU,50205503,SD,Negeri,Kec. Monta,230601,Kab. Bima,230600,Prov. Nusa Tenggara Barat,230000,22,2,190,9,9,0,1,39,13 Apr 2026 20:44:03,7CFB14DEF3731348BF7C
SDN INPRES DIHA,50204247,SD,Negeri,Kec. Monta,230601,Kab. Bima,230600,Prov. Nusa Tenggara Barat,230000,14,2,22,6,4,0,0,11,11 Feb 2026 21:37:47,DDD194F7B87D39E65871
SDN INPRES MONTA,50204196,SD,Negeri,Kec. Monta,230601,Kab. Bima,230600,Prov. Nusa Tenggara Barat,230000,26,2,164,7,6,1,0,34,22 Apr 2026 09:53:31,64F8BEDC007A4DE5AC99
SDN INPRES TOLOTANGGA,50203961,SD,Negeri,Kec. Monta,230601,Kab. Bima,230600,Prov. Nusa Tenggara Barat,230000,19,3,118,6,6,0,1,48,17 Apr 2026 09:01:06,79AAEB46DC5CD96115F6
SDN SIMPASAI,50204132,SD,Negeri,Kec. Monta,230601,Kab. Bima,230600,Prov. Nusa Tenggara Barat,230000,24,4,230,12,8,0,1,41,13 Apr 2026 10:21:46,DB8A6ECFB8722AE130BA
SD IT IBNU KATSIR BIMA,70048458,SD,Swasta,Kec. Monta,230601,Kab. Bima,230600,Prov. Nusa Tenggara Barat,230000,3,1,55,3,3,0,0,12,01 Apr 2026 06:13:55,C521C34E58447275C83F
SMP NEGERI 1 MONTA,50204002,SMP,Negeri,Kec. Monta,230601,Kab. Bima,230600,Prov. Nusa Tenggara Barat,230000,87,19,532,18,18,3,1,60,22 Apr 2026 09:22:53,127E5E76B010C5DAEA44
SMP NEGERI 2 MONTA,50203984,SMP,Negeri,Kec. Monta,230601,Kab. Bima,230600,Prov. Nusa Tenggara Barat,230000,57,10,236,9,16,3,1,42,23 Apr 2026 09:05:31,73C391CA9DD679384416
SMP NEGERI 3 MONTA,50205685,SMP,Negeri,Kec. Monta,230601,Kab. Bima,230600,Prov. Nusa Tenggara Barat,230000,68,10,185,8,12,2,1,58,18 Apr 2026 18:58:14,EEBE6235C0AE35F24880
SMP NEGERI 4 MONTA,50205603,SMP,Negeri,Kec. Monta,230601,Kab. Bima,230600,Prov. Nusa Tenggara Barat,230000,85,14,248,9,12,2,1,45,23 Apr 2026 08:36:46,193FACBAFA0F1BAD7835
SMP NEGERI 5 MONTA,50220491,SMP,Negeri,Kec. Monta,230601,Kab. Bima,230600,Prov. Nusa Tenggara Barat,230000,45,11,245,9,10,1,1,36,25 Apr 2026 09:57:41,19419A449434F42E87EB
SMP NEGERI 6 MONTA SATAP,69881822,SMP,Negeri,Kec. Monta,230601,Kab. Bima,230600,Prov. Nusa Tenggara Barat,230000,20,1,27,3,3,0,0,59,29 Apr 2026 05:34:34,5B3F11FF459CCED9844C
SMP NEGERI 7 MONTA SATAP,69882384,SMP,Negeri,Kec. Monta,230601,Kab. Bima,230600,Prov. Nusa Tenggara Barat,230000,25,6,8,3,3,0,1,46,29 Apr 2026 19:31:14,4972FA809AAAE9E7E6C5
SMAN 1 MONTA,50205612,SMA,Negeri,Kec. Monta,230601,Kab. Bima,230600,Prov. Nusa Tenggara Barat,230000,75,18,506,17,25,4,1,52,26 Apr 2026 01:02:13,B245667A15E324EE2886
SMAN 2 MONTA,69790721,SMA,Negeri,Kec. Monta,230601,Kab. Bima,230600,Prov. Nusa Tenggara Barat,230000,68,11,663,28,17,1,1,55,02 May 2026 09:50:54,9C6323FF7D4D44B23E63
SMAS PGRI MONTA,50204018,SMA,Swasta,Kec. Monta,230601,Kab. Bima,230600,Prov. Nusa Tenggara Barat,230000,6,2,29,3,3,0,0,41,26 Apr 2026 20:00:16,EF699579A8683C7A7561
SMKN 1 MONTA,69753890,SMK,Negeri,Kec. Monta,230601,Kab. Bima,230600,Prov. Nusa Tenggara Barat,230000,74,17,378,25,12,1,1,57,27 Apr 2026 09:07:20,45AA35A465DCCC81B0D4
SMK KELAUTAN UMAR A RAUF AL-ISLAMI,70048335,SMK,Swasta,Kec. Monta,230601,Kab. Bima,230600,Prov. Nusa Tenggara Barat,230000,27,8,77,3,3,1,1,13,24 Apr 2026 21:18:43,8327BBCA2B3DFA39FFB6
SD INPRES 1 WORO,50204239,SD,Negeri,Kec. Mada pangga,230613,Kab. Bima,230600,Prov. Nusa Tenggara Barat,230000,17,2,67,6,6,0,0,11,04 Apr 2026 09:12:01,B7D62AB0F6140FFDDD27
SD INPRES 2 WORO,50204231,SD,Negeri,Kec. Mada pangga,230613,Kab. Bima,230600,Prov. Nusa Tenggara Barat,230000,19,1,72,6,6,0,1,17,17 Feb 2026 20:01:46,FA9F2A64FA296D3B2EE4
SD INPRES 3 WORO,50204245,SD,Negeri,Kec. Mada pangga,230613,Kab. Bima,230600,Prov. Nusa Tenggara Barat,230000,27,1,89,6,5,0,1,36,30 Apr 2026 07:35:59,23A88C7DC1EC73ED868C
SD INPRES CAMPA,50204267,SD,Negeri,Kec. Mada pangga,230613,Kab. Bima,230600,Prov. Nusa Tenggara Barat,230000,19,1,78,6,6,0,1,33,14 Apr 2026 00:07:57,E184AF62174C01EB9B12
SD INPRES MONGGO,50205697,SD,Negeri,Kec. Mada pangga,230613,Kab. Bima,230600,Prov. Nusa Tenggara Barat,230000,26,2,145,7,7,0,1,61,25 Apr 2026 11:10:47,23A2425832FEF96784BE
SD INPRES MPURI,50204197,SD,Negeri,Kec. Mada pangga,230613,Kab. Bima,230600,Prov. Nusa Tenggara Barat,230000,20,1,56,6,6,0,1,33,04 Apr 2026 00:12:48,8D9270687360FE8C8697
SD INPRES NCANDI,50204213,SD,Negeri,Kec. Mada pangga,230613,Kab. Bima,230600,Prov. Nusa Tenggara Barat,230000,30,3,82,6,6,0,1,12,15 Feb 2026 21:21:30,7175DC935AD4C2BB2402
SD INPRES NDANO,50205518,SD,Negeri,Kec. Mada pangga,230613,Kab. Bima,230600,Prov. Nusa Tenggara Barat,230000,33,0,93,6,6,0,1,11,15 Apr 2026 08:10:59,3832554DB77E34DB5B7D
SD INPRES TOLOLARA,50203960,SD,Negeri,Kec. Mada pangga,230613,Kab. Bima,230600,Prov. Nusa Tenggara Barat,230000,33,3,90,6,5,0,0,25,29 Apr 2026 04:33:39,9B49E11C964EC439B250
SD NEGERI 1 BOLO,50204080,SD,Negeri,Kec. Mada pangga,230613,Kab. Bima,230600,Prov. Nusa Tenggara Barat,230000,26,1,149,8,5,0,1,19,27 Apr 2026 08:34:26,2DFBBD54A80B247FD9EA
SD NEGERI 1 CAMPA,50204081,SD,Negeri,Kec. Mada pangga,230613,Kab. Bima,230600,Prov. Nusa Tenggara Barat,230000,24,1,100,6,6,0,1,34,09 Apr 2026 09:52:52,CF07ED74EA9220089CFE
SD NEGERI 1 DENA,50204082,SD,Negeri,Kec. Mada pangga,230613,Kab. Bima,230600,Prov. Nusa Tenggara Barat,230000,20,4,125,7,7,0,1,21,02 Apr 2026 20:08:16,92D0E9B0D0F3F6D9EE2E
SD NEGERI 2 BOLO,50204084,SD,Negeri,Kec. Mada pangga,230613,Kab. Bima,230600,Prov. Nusa Tenggara Barat,230000,21,1,186,9,5,0,0,22,16 Apr 2026 08:58:37,CE0FF508D9D6C0B28D36
SD NEGERI 2 CAMPA,50204085,SD,Negeri,Kec. Mada pangga,230613,Kab. Bima,230600,Prov. Nusa Tenggara Barat,230000,24,1,95,6,5,0,0,19,25 Apr 2026 09:57:16,26AE09F794EDC4D9FDAB
SD NEGERI 2 DENA,50204086,SD,Negeri,Kec. Mada pangga,230613,Kab. Bima,230600,Prov. Nusa Tenggara Barat,230000,26,1,115,6,6,0,1,28,03 Mar 2026 08:15:30,4C73112B515C8C3C9D68
SD NEGERI INPRES RADE,50203953,SD,Negeri,Kec. Mada pangga,230613,Kab. Bima,230600,Prov. Nusa Tenggara Barat,230000,19,2,72,6,6,0,1,14,03 Mar 2026 10:24:51,9520EFCD3FFE464E6481
SD NEGERI INPRES SAMBI TANGGA,50205530,SD,Negeri,Kec. Mada pangga,230613,Kab. Bima,230600,Prov. Nusa Tenggara Barat,230000,18,1,47,6,6,0,2,10,04 Mar 2026 01:44:16,256664C7CBB7AA72D1F4
SD NEGERI Inpres Tonda,50203963,SD,Negeri,Kec. Mada pangga,230613,Kab. Bima,230600,Prov. Nusa Tenggara Barat,230000,13,2,95,6,6,0,2,22,06 Mar 2026 09:17:01,B5BA665302B14E81EDBD
SD NEGERI MONGGO,50203923,SD,Negeri,Kec. Mada pangga,230613,Kab. Bima,230600,Prov. Nusa Tenggara Barat,230000,32,3,173,10,6,0,1,34,10 Apr 2026 22:39:05,FD2789A4D262FD3504FC
SD NEGERI MPURI,50205549,SD,Negeri,Kec. Mada pangga,230613,Kab. Bima,230600,Prov. Nusa Tenggara Barat,230000,17,1,125,6,6,0,1,19,13 Apr 2026 16:32:40,9F49208021430C03B741
SD NEGERI RADE,50204044,SD,Negeri,Kec. Mada pangga,230613,Kab. Bima,230600,Prov. Nusa Tenggara Barat,230000,21,1,57,6,7,0,1,21,25 Apr 2026 08:24:55,055134DF0F57A0DA30CE
SD NEGERI TONDA,50205572,SD,Negeri,Kec. Mada pangga,230613,Kab. Bima,230600,Prov. Nusa Tenggara Barat,230000,20,1,119,7,6,0,1,28,06 Apr 2026 09:48:19,77C8AF7E33BE879098C6
SD NEGERI WORO,50205576,SD,Negeri,Kec. Mada pangga,230613,Kab. Bima,230600,Prov. Nusa Tenggara Barat,230000,22,3,124,6,6,0,2,20,09 Apr 2026 07:36:07,52581783791B0473C619
SDN INPRES DENA,50204257,SD,Negeri,Kec. Mada pangga,230613,Kab. Bima,230600,Prov. Nusa Tenggara Barat,230000,24,3,65,6,6,0,1,39,16 Apr 2026 01:23:41,8EC34A8833B608465A79
SD AL-QUR AN WAHDAH ISLAMIYAH 01 BIMA,70008458,SD,Swasta,Kec. Mada pangga,230613,Kab. Bima,230600,Prov. Nusa Tenggara Barat,230000,6,1,61,6,5,0,0,11,14 Mar 2026 09:24:03,52BE8938B5FC2466DD1F
SD IT ANNIDA,70026298,SD,Swasta,Kec. Mada pangga,230613,Kab. Bima,230600,Prov. Nusa Tenggara Barat,230000,9,1,106,6,6,0,0,11,02 Mar 2026 22:01:43,8B6735832E6DF2582281
SD IT KASMAN,69984341,SD,Swasta,Kec. Mada pangga,230613,Kab. Bima,230600,Prov. Nusa Tenggara Barat,230000,10,1,26,5,2,0,0,12,26 Apr 2026 09:43:23,D2F25489C940B80F81C2
SMP NEGERI 1 MADAPANGGA,50204023,SMP,Negeri,Kec. Mada pangga,230613,Kab. Bima,230600,Prov. Nusa Tenggara Barat,230000,133,13,556,18,26,2,1,70,02 May 2026 08:21:20,9005CD07713601027A8C
SMP NEGERI 2 MADAPANGGA,50203985,SMP,Negeri,Kec. Mada pangga,230613,Kab. Bima,230600,Prov. Nusa Tenggara Barat,230000,65,11,132,6,9,3,1,110,27 Apr 2026 09:52:34,39798DBF6B3F5AFEED52
SMP NEGERI 3 MADAPANGGA,50205598,SMP,Negeri,Kec. Mada pangga,230613,Kab. Bima,230600,Prov. Nusa Tenggara Barat,230000,52,5,110,6,9,2,1,27,27 Apr 2026 10:06:11,8DB61919FA6515ED22D0
SMP NEGERI 4 Madapangga,50222336,SMP,Negeri,Kec. Mada pangga,230613,Kab. Bima,230600,Prov. Nusa Tenggara Barat,230000,40,4,61,3,4,1,1,16,20 Apr 2026 21:11:42,EC079AFD6CB87F827C96
SMP AL Quran Wahdah Islamiyah Bima,70048070,SMP,Swasta,Kec. Mada pangga,230613,Kab. Bima,230600,Prov. Nusa Tenggara Barat,230000,3,1,42,3,5,0,0,18,10 Feb 2026 05:18:40,C285646C222EDEC9B6DD
SMP IT KASMAN,69984340,SMP,Swasta,Kec. Mada pangga,230613,Kab. Bima,230600,Prov. Nusa Tenggara Barat,230000,11,3,19,3,2,1,1,28,01 May 2026 12:36:15,DD0B070A090AD86811E1
SMP MUHAMMADIYAH DENA,50204030,SMP,Swasta,Kec. Mada pangga,230613,Kab. Bima,230600,Prov. Nusa Tenggara Barat,230000,9,3,56,3,6,1,1,16,08 Apr 2026 13:27:53,6C0F98E3A8DB2BCF5862
SMAN 1 MADAPANGGA,50204010,SMA,Negeri,Kec. Mada pangga,230613,Kab. Bima,230600,Prov. Nusa Tenggara Barat,230000,94,15,660,21,24,7,1,107,23 Apr 2026 05:12:30,C1547BDF64C85EAD92DB
SMAN 2 MADAPANGGA,69763282,SMA,Negeri,Kec. Mada pangga,230613,Kab. Bima,230600,Prov. Nusa Tenggara Barat,230000,61,9,207,8,9,4,1,40,02 May 2026 08:53:51,ABB723C33B35753DC7C4
SMA IT KASMAN BIMA,70008083,SMA,Swasta,Kec. Mada pangga,230613,Kab. Bima,230600,Prov. Nusa Tenggara Barat,230000,2,0,59,6,3,0,0,10,27 Apr 2026 15:45:21,5BB4397CEF6AD6365E4C
SMAS MUHAMMADIYAH DENA,50204019,SMA,Swasta,Kec. Mada pangga,230613,Kab. Bima,230600,Prov. Nusa Tenggara Barat,230000,14,3,119,6,6,1,1,32,25 Apr 2026 20:32:19,631546DBE0A88FE5BE77
SMK Islam Terpadu Kasman Bima,69988243,SMK,Swasta,Kec. Mada pangga,230613,Kab. Bima,230600,Prov. Nusa Tenggara Barat,230000,2,1,77,5,3,0,1,13,01 May 2026 09:12:42,A372BB604FAE5EA5DA56
SMKS AMANAH MADAPANGGA,50222329,SMK,Swasta,Kec. Mada pangga,230613,Kab. Bima,230600,Prov. Nusa Tenggara Barat,230000,1,1,88,6,6,0,0,4,06 Feb 2026 19:17:19,777B0D975D77E5605532
SD INPRES DORIDUNGGA,50204249,SD,Negeri,Kec. Donggo,230608,Kab. Bima,230600,Prov. Nusa Tenggara Barat,230000,53,1,121,7,5,0,1,59,02 May 2026 17:11:09,E5E563834CBB5461FEB0
SD INPRES JANGO,50204254,SD,Negeri,Kec. Donggo,230608,Kab. Bima,230600,Prov. Nusa Tenggara Barat,230000,17,1,43,6,5,1,1,19,10 Mar 2026 10:12:16,144F036EA87BE85FA971
SD INPRES KALA,50204255,SD,Negeri,Kec. Donggo,230608,Kab. Bima,230600,Prov. Nusa Tenggara Barat,230000,33,1,66,6,6,0,1,16,30 Apr 2026 07:07:25,FB668129C683E737CEA0
SD INPRES NGGERU KOPA,50204218,SD,Negeri,Kec. Donggo,230608,Kab. Bima,230600,Prov. Nusa Tenggara Barat,230000,11,1,31,5,3,0,1,1,27 Apr 2026 08:36:54,44DCF9C3051700351126
SD INPRES OO,50204201,SD,Negeri,Kec. Donggo,230608,Kab. Bima,230600,Prov. Nusa Tenggara Barat,230000,63,1,155,7,6,0,1,25,10 Apr 2026 05:34:48,B58B321781E81A70B9D7
SD INPRES RORA KECIL,50203935,SD,Negeri,Kec. Donggo,230608,Kab. Bima,230600,Prov. Nusa Tenggara Barat,230000,14,2,31,6,5,0,1,21,08 Apr 2026 19:54:18,0F5F055C8CA0A11D6B13
SD INPRES SANGARI,50205531,SD,Negeri,Kec. Donggo,230608,Kab. Bima,230600,Prov. Nusa Tenggara Barat,230000,26,2,119,6,6,0,1,24,27 Apr 2026 18:45:02,BA484762F2A172D0A07C
SD NEGERI DORIDUNGGA,50204121,SD,Negeri,Kec. Donggo,230608,Kab. Bima,230600,Prov. Nusa Tenggara Barat,230000,33,1,126,6,6,0,1,36,27 Apr 2026 21:59:07,F22A0C52C4F560F1A6A2
SD NEGERI INPRES PADENDE,50204202,SD,Negeri,Kec. Donggo,230608,Kab. Bima,230600,Prov. Nusa Tenggara Barat,230000,26,1,135,7,6,0,1,22,07 Apr 2026 21:07:49,8135C8E31B638B37DDBC
SD NEGERI INPRES PALAMA,50204205,SD,Negeri,Kec. Donggo,230608,Kab. Bima,230600,Prov. Nusa Tenggara Barat,230000,20,2,77,6,5,1,1,24,01 May 2026 23:50:09,ED4BAA10FE521AB26257
SD NEGERI KALA,50203905,SD,Negeri,Kec. Donggo,230608,Kab. Bima,230600,Prov. Nusa Tenggara Barat,230000,35,0,103,6,5,0,0,18,11 Apr 2026 04:10:20,21BF009D54FC558C5C5F
SD NEGERI KAMUNTI,50203908,SD,Negeri,Kec. Donggo,230608,Kab. Bima,230600,Prov. Nusa Tenggara Barat,230000,31,1,93,6,6,0,1,16,30 Mar 2026 07:12:46,54D6D9B9998E431010D5
SD NEGERI MANGGEKOMPO,50203895,SD,Negeri,Kec. Donggo,230608,Kab. Bima,230600,Prov. Nusa Tenggara Barat,230000,50,3,141,6,7,0,1,145,01 May 2026 17:56:32,2E2CA0C0204585328848
SD NEGERI MBAWA,50203910,SD,Negeri,Kec. Donggo,230608,Kab. Bima,230600,Prov. Nusa Tenggara Barat,230000,23,2,125,6,7,1,1,21,27 Apr 2026 09:31:17,206312DDCCDFABA4544C
SD NEGERI PADENDE,50203912,SD,Negeri,Kec. Donggo,230608,Kab. Bima,230600,Prov. Nusa Tenggara Barat,230000,41,1,158,7,6,0,1,12,04 Apr 2026 05:15:03,FB347B39306C0ED86FBC
SD NEGERI RORA,50204050,SD,Negeri,Kec. Donggo,230608,Kab. Bima,230600,Prov. Nusa Tenggara Barat,230000,26,2,197,11,6,0,1,50,27 Apr 2026 19:02:49,45B2EED720CA6225733A
SD NEGERI SANGARI,50204032,SD,Negeri,Kec. Donggo,230608,Kab. Bima,230600,Prov. Nusa Tenggara Barat,230000,42,1,215,11,9,1,1,20,26 Apr 2026 16:40:17,F7839017FA53062D6339
SD NEGERI TOLONGGERU,50204055,SD,Negeri,Kec. Donggo,230608,Kab. Bima,230600,Prov. Nusa Tenggara Barat,230000,29,2,107,6,6,0,1,14,27 Apr 2026 07:10:31,06C4542599CD34BC16B2
SDN INPRES RORA,50205527,SD,Negeri,Kec. Donggo,230608,Kab. Bima,230600,Prov. Nusa Tenggara Barat,230000,32,0,115,7,6,0,1,39,14 Apr 2026 22:25:08,15D189723A7C64F785C3
SDN O O,50203911,SD,Negeri,Kec. Donggo,230608,Kab. Bima,230600,Prov. Nusa Tenggara Barat,230000,33,1,102,6,5,0,1,15,10 Apr 2026 15:55:08,DC43B4BB97800BA82A65
SMP NEGERI 1 DONGGO,50203989,SMP,Negeri,Kec. Donggo,230608,Kab. Bima,230600,Prov. Nusa Tenggara Barat,230000,92,15,110,6,10,1,1,17,13 Apr 2026 10:16:24,E3AFA58058387178F805
SMP NEGERI 2 DONGGO,50205605,SMP,Negeri,Kec. Donggo,230608,Kab. Bima,230600,Prov. Nusa Tenggara Barat,230000,72,8,189,8,12,2,1,26,14 Apr 2026 22:47:55,DE408E46A675ED30960D
SMP Negeri 3 Donggo,50220693,SMP,Negeri,Kec. Donggo,230608,Kab. Bima,230600,Prov. Nusa Tenggara Barat,230000,53,10,118,6,6,2,1,28,07 Apr 2026 23:13:47,47C497DB825FF63A8269
SMP NEGERI 4 Donggo Satap,21001437,SMP,Negeri,Kec. Donggo,230608,Kab. Bima,230600,Prov. Nusa Tenggara Barat,230000,41,3,29,3,3,1,1,29,29 Apr 2026 08:27:38,1979392C61D6795F4F7C
SMP NEGERI 5 Donggo Satu Atap,50220665,SMP,Negeri,Kec. Donggo,230608,Kab. Bima,230600,Prov. Nusa Tenggara Barat,230000,36,2,39,3,3,1,1,27,10 Apr 2026 18:32:47,F9DC693364118B809851
SMP NEGERI 6 DONGGO SATAP,69758793,SMP,Negeri,Kec. Donggo,230608,Kab. Bima,230600,Prov. Nusa Tenggara Barat,230000,28,4,25,3,3,0,1,40,26 Apr 2026 19:29:41,A88EDADBDCABB6657C7C
SMP NEGERI 7 Donggo Satap,60729315,SMP,Negeri,Kec. Donggo,230608,Kab. Bima,230600,Prov. Nusa Tenggara Barat,230000,28,1,10,3,3,0,1,53,14 Apr 2026 08:21:13,2B86185CF03C811EB3E9
SMP NEGERI 8 Donggo Satu Atap,50220543,SMP,Negeri,Kec. Donggo,230608,Kab. Bima,230600,Prov. Nusa Tenggara Barat,230000,32,4,62,3,3,0,1,31,20 Apr 2026 22:19:48,158AB805AA748627A2A4
SMP PANCASILA RORA,50205695,SMP,Swasta,Kec. Donggo,230608,Kab. Bima,230600,Prov. Nusa Tenggara Barat,230000,1,1,44,3,4,1,1,26,30 Mar 2026 20:08:45,09E7EE60266653738180
SMA NEGERI 2 DONGGO,69831629,SMA,Negeri,Kec. Donggo,230608,Kab. Bima,230600,Prov. Nusa Tenggara Barat,230000,78,16,278,12,9,2,1,19,04 Apr 2026 17:36:49,990B6D6F4C9D5EC3A12A
SMA NEGERI 3 DONGGO,69894451,SMA,Negeri,Kec. Donggo,230608,Kab. Bima,230600,Prov. Nusa Tenggara Barat,230000,43,4,159,8,6,4,1,32,02 May 2026 09:49:07,269A52C2E53EE7AEE44B
SMAN 1 DONGGO,50220486,SMA,Negeri,Kec. Donggo,230608,Kab. Bima,230600,Prov. Nusa Tenggara Barat,230000,62,15,273,9,12,10,1,74,29 Apr 2026 12:18:32,9A3C0C2698653DF99C8F
SMKN 1 DONGGO,50205616,SMK,Negeri,Kec. Donggo,230608,Kab. Bima,230600,Prov. Nusa Tenggara Barat,230000,72,8,172,20,20,2,1,116,02 May 2026 08:31:07,AECAD1930E2620A3ACF9
SMKS AL-IKHLAS MBOJO,69755873,SMK,Swasta,Kec. Donggo,230608,Kab. Bima,230600,Prov. Nusa Tenggara Barat,230000,32,1,49,6,10,1,1,18,16 Apr 2026 16:52:25,846A1A32B1CFFBAD2CEA
SD INPRES LEWIDEWA,50204184,SD,Negeri,Kec. Soromandi,230615,Kab. Bima,230600,Prov. Nusa Tenggara Barat,230000,29,3,81,6,6,1,1,10,28 Jan 2026 07:53:00,F83377D6AB22A0C44A8D
SD INPRES LEWINTANA,50204175,SD,Negeri,Kec. Soromandi,230615,Kab. Bima,230600,Prov. Nusa Tenggara Barat,230000,33,2,65,6,5,1,1,26,16 Apr 2026 10:15:31,CB83DCAB3F3C389AC68B
SD INPRES PUNTI,50203950,SD,Negeri,Kec. Soromandi,230615,Kab. Bima,230600,Prov. Nusa Tenggara Barat,230000,41,6,54,6,5,0,1,17,29 Apr 2026 05:48:51,F4AC05171EC78FE2AF72
SD INPRES SABA,50203936,SD,Negeri,Kec. Soromandi,230615,Kab. Bima,230600,Prov. Nusa Tenggara Barat,230000,25,5,121,6,6,0,1,75,21 Apr 2026 09:56:51,36FDA2C8B9E56B09AD56
SD INPRES SAI,50203937,SD,Negeri,Kec. Soromandi,230615,Kab. Bima,230600,Prov. Nusa Tenggara Barat,230000,36,4,140,6,6,0,1,49,21 Apr 2026 13:09:55,85B110FB92C94516DD51
SD NEGERI BAJO,50204100,SD,Negeri,Kec. Soromandi,230615,Kab. Bima,230600,Prov. Nusa Tenggara Barat,230000,31,4,239,11,5,0,1,16,08 Mar 2026 11:47:21,70A5A7AD8664A57A63D3
SD NEGERI INPRES LIA,50204176,SD,Negeri,Kec. Soromandi,230615,Kab. Bima,230600,Prov. Nusa Tenggara Barat,230000,23,1,34,6,4,0,1,14,05 Mar 2026 18:07:34,DF57F2C780831BCE0358
SD NEGERI INPRES WONTO,50220405,SD,Negeri,Kec. Soromandi,230615,Kab. Bima,230600,Prov. Nusa Tenggara Barat,230000,31,1,91,6,6,0,1,16,05 Mar 2026 22:11:36,E5F2BED52C7C68E0FE72
SD NEGERI SAI,50204052,SD,Negeri,Kec. Soromandi,230615,Kab. Bima,230600,Prov. Nusa Tenggara Barat,230000,31,2,203,11,6,1,1,31,29 Apr 2026 11:03:28,836E86EC6F82725B4931
SD NEGERI SARITA,50204035,SD,Negeri,Kec. Soromandi,230615,Kab. Bima,230600,Prov. Nusa Tenggara Barat,230000,35,1,146,6,6,0,1,36,15 Apr 2026 23:58:20,663560687E670A2F39EA
SD NEGERI SOWA,50204069,SD,Negeri,Kec. Soromandi,230615,Kab. Bima,230600,Prov. Nusa Tenggara Barat,230000,25,2,104,6,6,0,1,54,02 May 2026 19:45:07,92DB30D682B89885EA1D
SD NEGERI TEH,50204066,SD,Negeri,Kec. Soromandi,230615,Kab. Bima,230600,Prov. Nusa Tenggara Barat,230000,32,3,106,6,6,0,1,26,05 Mar 2026 17:41:45,6C6009A6D21CD8BF8795
SD NEGERI WADUKOPA,50204059,SD,Negeri,Kec. Soromandi,230615,Kab. Bima,230600,Prov. Nusa Tenggara Barat,230000,26,1,161,7,7,0,1,53,22 Apr 2026 02:04:10,22CE4F1E202FA0CF68A1
SDN INPRES BAJO,50204246,SD,Negeri,Kec. Soromandi,230615,Kab. Bima,230600,Prov. Nusa Tenggara Barat,230000,41,2,116,6,6,0,1,46,28 Apr 2026 10:59:58,92E0DE451A2F30660740
SDN INPRES RIANDO,50203944,SD,Negeri,Kec. Soromandi,230615,Kab. Bima,230600,Prov. Nusa Tenggara Barat,230000,34,2,141,6,6,0,1,47,01 May 2026 20:46:24,11A7D0AB2B4D2CEBA446
SDN INPRES SAMPUNGU,50203940,SD,Negeri,Kec. Soromandi,230615,Kab. Bima,230600,Prov. Nusa Tenggara Barat,230000,25,2,225,10,9,0,1,19,10 Apr 2026 06:58:50,92C799D0910B40C2C177
SDN SONCOLUKA,69888776,SD,Negeri,Kec. Soromandi,230615,Kab. Bima,230600,Prov. Nusa Tenggara Barat,230000,23,2,55,6,3,1,1,34,22 Apr 2026 20:52:27,7DCA61EA8D040C81D7A9
SD IT DARURRAIHAN SANAO,70035528,SD,Swasta,Kec. Soromandi,230615,Kab. Bima,230600,Prov. Nusa Tenggara Barat,230000,8,1,35,6,6,0,1,79,01 May 2026 01:23:12,4AE6A1F88E49F89C73B1
SMP NEGERI 1 SOROMANDI,50203993,SMP,Negeri,Kec. Soromandi,230615,Kab. Bima,230600,Prov. Nusa Tenggara Barat,230000,61,11,137,6,8,2,1,69,28 Apr 2026 11:22:51,5F2590A42787AEBB5206
SMP NEGERI 10 SOROMANDI SATAP,69882383,SMP,Negeri,Kec. Soromandi,230615,Kab. Bima,230600,Prov. Nusa Tenggara Barat,230000,29,2,22,3,3,1,1,26,22 Apr 2026 19:59:52,57AC2AE3458DE0C09E53
SMP NEGERI 2 SOROMANDI,50205690,SMP,Negeri,Kec. Soromandi,230615,Kab. Bima,230600,Prov. Nusa Tenggara Barat,230000,48,4,123,5,7,2,1,30,30 Apr 2026 04:35:34,1BB7E95317E844532906
SMP NEGERI 3 SOROMANDI,50205691,SMP,Negeri,Kec. Soromandi,230615,Kab. Bima,230600,Prov. Nusa Tenggara Barat,230000,49,7,115,6,6,1,1,12,23 Apr 2026 08:34:11,FBF9095C417071D8B213
SMP NEGERI 4 Soromandi,50220492,SMP,Negeri,Kec. Soromandi,230615,Kab. Bima,230600,Prov. Nusa Tenggara Barat,230000,54,5,50,3,3,1,1,52,30 Mar 2026 18:56:16,F886E62D94F4AB6E88F5
SMP NEGERI 5 SOROMANDI,50222338,SMP,Negeri,Kec. Soromandi,230615,Kab. Bima,230600,Prov. Nusa Tenggara Barat,230000,47,4,70,3,6,2,1,12,10 Apr 2026 21:12:02,06EBA618290E2839AA90
SMP NEGERI 6 SOROMANDI SATAP,50220692,SMP,Negeri,Kec. Soromandi,230615,Kab. Bima,230600,Prov. Nusa Tenggara Barat,230000,18,3,40,3,3,0,1,18,01 May 2026 17:52:12,5A328D6388623E4D0FD4
SMP NEGERI 7 Soromandi Satap,50220671,SMP,Negeri,Kec. Soromandi,230615,Kab. Bima,230600,Prov. Nusa Tenggara Barat,230000,18,1,12,3,3,1,1,30,16 Apr 2026 18:27:57,F96342B1F7FF19D9A341
SMP NEGERI 8 SOROMANDI SATU ATAP,50220544,SMP,Negeri,Kec. Soromandi,230615,Kab. Bima,230600,Prov. Nusa Tenggara Barat,230000,29,7,38,3,3,0,1,87,01 May 2026 13:15:09,CDE645275F91CDFEE32F
SMP NEGERI 9 SOROMANDI SATAP,50222348,SMP,Negeri,Kec. Soromandi,230615,Kab. Bima,230600,Prov. Nusa Tenggara Barat,230000,26,2,28,3,2,0,1,30,07 Mar 2026 15:07:24,F1FC5ECDBA28A7EE9EB8
SMP IT DARURRAIHAN SANAO,70035529,SMP,Swasta,Kec. Soromandi,230615,Kab. Bima,230600,Prov. Nusa Tenggara Barat,230000,8,1,41,3,3,0,1,99,02 May 2026 19:29:01,72E14F1C39E98BA7DC00
SMA NEGERI 3 SOROMANDI,69970677,SMA,Negeri,Kec. Soromandi,230615,Kab. Bima,230600,Prov. Nusa Tenggara Barat,230000,26,10,87,4,3,3,2,19,29 Apr 2026 11:54:47,63EF1003026183824561
SMAN 1 SOROMANDI,50204014,SMA,Negeri,Kec. Soromandi,230615,Kab. Bima,230600,Prov. Nusa Tenggara Barat,230000,55,13,199,7,10,3,1,89,12 Apr 2026 11:31:32,45F80388AE93A01D4490
SMAS HARAPAN,60726645,SMA,Swasta,Kec. Soromandi,230615,Kab. Bima,230600,Prov. Nusa Tenggara Barat,230000,12,7,18,3,3,1,1,4,20 Apr 2026 20:56:26,4F07EBFC6EF58510A4A8
SMK NEGERI 2 SOROMANDI,69984509,SMK,Negeri,Kec. Soromandi,230615,Kab. Bima,230600,Prov. Nusa Tenggara Barat,230000,49,20,122,16,15,2,1,74,30 Apr 2026 10:43:33,0A7EA8460DE51D7EE55B
SMKN 1 SOROMANDI,50222330,SMK,Negeri,Kec. Soromandi,230615,Kab. Bima,230600,Prov. Nusa Tenggara Barat,230000,88,10,225,18,8,1,1,33,16 Apr 2026 08:43:05,23A01E190C95DA77F57C
SMK AL MUNAWARAH,69948336,SMK,Swasta,Kec. Soromandi,230615,Kab. Bima,230600,Prov. Nusa Tenggara Barat,230000,8,1,27,3,3,1,1,36,04 Mar 2026 15:14:57,6EF313063231E427E995
SMK AL-MUTMAINNAH,69830710,SMK,Swasta,Kec. Soromandi,230615,Kab. Bima,230600,Prov. Nusa Tenggara Barat,230000,4,1,153,6,8,1,1,31,09 Apr 2026 11:25:50,2EA7B59094E541068E34
SMKS KESEHATAN DARURRAIHAN,70049399,SMK,Swasta,Kec. Soromandi,230615,Kab. Bima,230600,Prov. Nusa Tenggara Barat,230000,9,2,25,3,3,1,1,42,01 May 2026 00:31:43,C8CA571768096FE127D7
SD INPRES BRE,50204264,SD,Negeri,Kec. Palibelo,230618,Kab. Bima,230600,Prov. Nusa Tenggara Barat,230000,25,2,146,8,6,0,1,26,10 Mar 2026 09:47:50,31431ADE52504A6D8D1C
SD INPRES DORE,50204248,SD,Negeri,Kec. Palibelo,230618,Kab. Bima,230600,Prov. Nusa Tenggara Barat,230000,17,1,73,6,6,0,1,23,29 Apr 2026 22:19:09,6F47B6E5C3F2250D03E2
SD INPRES NTONGGU BARU,50204207,SD,Negeri,Kec. Palibelo,230618,Kab. Bima,230600,Prov. Nusa Tenggara Barat,230000,13,1,41,6,6,0,0,16,10 Apr 2026 19:01:54,FD1016499335D1532F72
SD INPRES OI NIU,50204104,SD,Negeri,Kec. Palibelo,230618,Kab. Bima,230600,Prov. Nusa Tenggara Barat,230000,19,4,43,6,6,0,1,23,11 Apr 2026 09:01:39,959A950ECE7479AA3DD3
SD INPRES PADOLO,50204203,SD,Negeri,Kec. Palibelo,230618,Kab. Bima,230600,Prov. Nusa Tenggara Barat,230000,24,2,98,6,7,0,1,22,07 Mar 2026 10:03:09,0945C8EFE9B288C71C21
SD INPRES TEKE,50203968,SD,Negeri,Kec. Palibelo,230618,Kab. Bima,230600,Prov. Nusa Tenggara Barat,230000,28,1,96,6,6,1,1,30,29 Apr 2026 07:52:57,390A0E2D205C1641BA3B
SD NEGERI 1 NATA,50204147,SD,Negeri,Kec. Palibelo,230618,Kab. Bima,230600,Prov. Nusa Tenggara Barat,230000,29,1,123,6,6,0,1,34,09 Apr 2026 10:08:53,2048D8DC0F0C49AB31F9
SD NEGERI 1 NTONGGU,50204139,SD,Negeri,Kec. Palibelo,230618,Kab. Bima,230600,Prov. Nusa Tenggara Barat,230000,38,2,242,12,14,0,0,74,30 Apr 2026 11:07:37,1FAE6604420C75665165
SD NEGERI 1 TEKE,50204135,SD,Negeri,Kec. Palibelo,230618,Kab. Bima,230600,Prov. Nusa Tenggara Barat,230000,24,2,177,9,7,0,1,40,06 Apr 2026 08:23:10,EAF22FCFF7EEE93ABBA7
SD NEGERI 2 NATA,50204169,SD,Negeri,Kec. Palibelo,230618,Kab. Bima,230600,Prov. Nusa Tenggara Barat,230000,25,1,183,10,6,1,1,32,03 Mar 2026 10:12:11,306AE700A342320CD7D4
SD NEGERI 2 NTONGGU,50204171,SD,Negeri,Kec. Palibelo,230618,Kab. Bima,230600,Prov. Nusa Tenggara Barat,230000,26,1,72,6,6,0,1,22,06 Mar 2026 23:15:51,7647E5DA3A012B858383
SD NEGERI 2 TEKE,50204156,SD,Negeri,Kec. Palibelo,230618,Kab. Bima,230600,Prov. Nusa Tenggara Barat,230000,30,2,98,6,6,0,1,54,25 Apr 2026 19:22:12,363F9E5388930E5F3960
SD NEGERI BELO,50204115,SD,Negeri,Kec. Palibelo,230618,Kab. Bima,230600,Prov. Nusa Tenggara Barat,230000,24,0,119,7,6,0,1,40,11 Apr 2026 21:43:55,8E01BDDBF50432645BF8
SD NEGERI INPRES 1 NTONGGU,50204105,SD,Negeri,Kec. Palibelo,230618,Kab. Bima,230600,Prov. Nusa Tenggara Barat,230000,41,3,205,11,6,0,1,93,26 Apr 2026 19:15:13,16F01328D96F1C5F58F6
SD NEGERI KALAKI,50203906,SD,Negeri,Kec. Palibelo,230618,Kab. Bima,230600,Prov. Nusa Tenggara Barat,230000,20,1,103,6,6,0,1,13,04 Mar 2026 05:19:05,47427D6BBA347F212C0C
SD NEGERI PANDA,50203914,SD,Negeri,Kec. Palibelo,230618,Kab. Bima,230600,Prov. Nusa Tenggara Barat,230000,49,0,341,15,12,0,1,41,22 Apr 2026 18:13:40,3DE8A1AC557770EA5F49
SD NEGERI RAGI,50204045,SD,Negeri,Kec. Palibelo,230618,Kab. Bima,230600,Prov. Nusa Tenggara Barat,230000,32,2,172,8,6,0,1,14,19 Apr 2026 18:56:03,4DEE677D8973E505D2BB
SD NEGERI ROI,50204049,SD,Negeri,Kec. Palibelo,230618,Kab. Bima,230600,Prov. Nusa Tenggara Barat,230000,20,2,143,8,6,0,1,25,23 Apr 2026 09:06:41,7755072E40EEF54892CE
SD NEGERI TONGGONDOA,50204058,SD,Negeri,Kec. Palibelo,230618,Kab. Bima,230600,Prov. Nusa Tenggara Barat,230000,24,1,126,6,5,0,1,30,29 Apr 2026 08:54:27,68D4B86069B6F1F68DAF
SDN INPRES TONGGORISA,50203964,SD,Negeri,Kec. Palibelo,230618,Kab. Bima,230600,Prov. Nusa Tenggara Barat,230000,24,2,126,6,6,0,1,18,30 Apr 2026 09:04:48,904C0E8A7CCC4E8369AF
SD IT PEWARIS NEGERI,70037182,SD,Swasta,Kec. Palibelo,230618,Kab. Bima,230600,Prov. Nusa Tenggara Barat,230000,7,1,25,4,4,0,0,45,24 Apr 2026 21:13:31,40CFA37162FC3000DE42
SMP NEGERI 1 PALIBELO,50204001,SMP,Negeri,Kec. Palibelo,230618,Kab. Bima,230600,Prov. Nusa Tenggara Barat,230000,68,13,332,12,12,3,1,60,01 May 2026 07:54:45,FDF621BC5D8DD4B0FA26
SMP NEGERI 2 Palibelo,60726586,SMP,Negeri,Kec. Palibelo,230618,Kab. Bima,230600,Prov. Nusa Tenggara Barat,230000,41,12,191,8,8,1,1,54,29 Apr 2026 07:58:49,08918F69EA3A54A2399D
SMP NEGERI 3 PALIBELO,60726587,SMP,Negeri,Kec. Palibelo,230618,Kab. Bima,230600,Prov. Nusa Tenggara Barat,230000,54,4,124,6,6,2,1,27,20 Apr 2026 07:36:25,549E61C2EE2FB118355B
SMP NEGERI 4 Palibelo Satap,60726588,SMP,Negeri,Kec. Palibelo,230618,Kab. Bima,230600,Prov. Nusa Tenggara Barat,230000,26,8,12,3,3,1,1,13,13 Apr 2026 12:30:09,83AC0518969D8A0D2B9B
SMP NEGERI 5 Palibelo,60726589,SMP,Negeri,Kec. Palibelo,230618,Kab. Bima,230600,Prov. Nusa Tenggara Barat,230000,33,6,140,4,5,2,1,26,30 Apr 2026 18:09:25,6101DF55008869606E4E
SMAN 1 PALIBELO,50204015,SMA,Negeri,Kec. Palibelo,230618,Kab. Bima,230600,Prov. Nusa Tenggara Barat,230000,70,20,528,17,20,3,1,29,23 Apr 2026 16:33:05,027AFBF1229FAB051D6C
SMAS PGRI BELO,50220487,SMA,Swasta,Kec. Palibelo,230618,Kab. Bima,230600,Prov. Nusa Tenggara Barat,230000,3,1,31,3,9,1,1,14,11 Apr 2026 10:01:13,BC789E61CB5D238795F0
SMKN 1 PALIBELO,69725264,SMK,Negeri,Kec. Palibelo,230618,Kab. Bima,230600,Prov. Nusa Tenggara Barat,230000,78,12,338,22,9,3,1,74,29 Apr 2026 17:56:52,3C793DE9E8874B554A2B
SD INPRES 1 TOLOWATA,50204237,SD,Negeri,Kec. Ambalawi,230612,Kab. Bima,230600,Prov. Nusa Tenggara Barat,230000,17,1,15,6,6,0,0,21,05 Mar 2026 19:30:32,3ADFE80F710154AB3DB5
SD INPRES 2 RITE,50205502,SD,Negeri,Kec. Ambalawi,230612,Kab. Bima,230600,Prov. Nusa Tenggara Barat,230000,27,2,97,6,6,0,1,18,11 Apr 2026 08:16:55,BB18CF14698477F5E6D1
SD INPRES 2 TOLOWATA,50204229,SD,Negeri,Kec. Ambalawi,230612,Kab. Bima,230600,Prov. Nusa Tenggara Barat,230000,22,1,78,6,6,0,0,31,05 Apr 2026 10:00:08,EAFC7EE85121D6E65EC6
SD INPRES TALA,50203974,SD,Negeri,Kec. Ambalawi,230612,Kab. Bima,230600,Prov. Nusa Tenggara Barat,230000,23,3,71,6,6,0,1,7,20 Apr 2026 20:45:00,285306A3ED87F554821B
SD INPRES UJUNG KALATE,50205573,SD,Negeri,Kec. Ambalawi,230612,Kab. Bima,230600,Prov. Nusa Tenggara Barat,230000,20,1,92,6,6,0,1,24,06 Apr 2026 05:48:14,DAD00554EBF7912275AE
SD NEGERI 1 RITE,50204128,SD,Negeri,Kec. Ambalawi,230612,Kab. Bima,230600,Prov. Nusa Tenggara Barat,230000,18,1,33,6,6,0,0,20,02 Apr 2026 13:30:17,71EDF5AABAB2F989D4A1
SD NEGERI 1 TOLOWATA,50204149,SD,Negeri,Kec. Ambalawi,230612,Kab. Bima,230600,Prov. Nusa Tenggara Barat,230000,25,2,124,7,6,0,1,13,15 Apr 2026 00:17:47,727C86ECFDAB379B4C94
SD NEGERI 2 RITE,50204160,SD,Negeri,Kec. Ambalawi,230612,Kab. Bima,230600,Prov. Nusa Tenggara Barat,230000,25,1,149,9,7,0,0,58,14 Apr 2026 19:50:10,384693317846F294C83C
SD NEGERI 2 Tolowata,50204158,SD,Negeri,Kec. Ambalawi,230612,Kab. Bima,230600,Prov. Nusa Tenggara Barat,230000,23,1,56,6,5,0,0,12,23 Apr 2026 08:56:35,B6CA24454FDA996EF4DD
SD NEGERI BURU KELI,50204087,SD,Negeri,Kec. Ambalawi,230612,Kab. Bima,230600,Prov. Nusa Tenggara Barat,230000,15,3,48,6,6,1,1,20,25 Apr 2026 05:46:14,0507130FE1F4B5DAE751
SD NEGERI DANA BURA,50205496,SD,Negeri,Kec. Ambalawi,230612,Kab. Bima,230600,Prov. Nusa Tenggara Barat,230000,26,1,87,6,6,0,1,36,22 Apr 2026 13:08:38,11CD1A17C8ABC12D5C78
SD NEGERI INPRES MAWU,50204181,SD,Negeri,Kec. Ambalawi,230612,Kab. Bima,230600,Prov. Nusa Tenggara Barat,230000,18,2,79,6,6,0,1,25,05 Mar 2026 07:59:34,DF202CE29C6E85572E3A
SD NEGERI INPRES MAWU DALAM,50204182,SD,Negeri,Kec. Ambalawi,230612,Kab. Bima,230600,Prov. Nusa Tenggara Barat,230000,19,1,23,6,5,0,0,37,25 Apr 2026 19:41:43,31263D0AFD04AE5FB4D0
SD NEGERI INPRES NIPA,50204209,SD,Negeri,Kec. Ambalawi,230612,Kab. Bima,230600,Prov. Nusa Tenggara Barat,230000,20,2,61,6,6,0,1,36,31 Mar 2026 13:18:55,99C44A34522C9F95CB98
SD NEGERI MAWU,50203896,SD,Negeri,Kec. Ambalawi,230612,Kab. Bima,230600,Prov. Nusa Tenggara Barat,230000,24,3,73,6,6,1,1,18,10 Mar 2026 06:09:40,CE926454C5691C420CA7
SD NEGERI NDAWA,50203928,SD,Negeri,Kec. Ambalawi,230612,Kab. Bima,230600,Prov. Nusa Tenggara Barat,230000,23,1,41,6,5,0,0,83,30 Apr 2026 09:26:29,2BB0F70CD3A214B6E9B6
SD NEGERI NGGARO NANGGA,50203929,SD,Negeri,Kec. Ambalawi,230612,Kab. Bima,230600,Prov. Nusa Tenggara Barat,230000,27,2,67,6,5,0,0,25,30 Apr 2026 12:22:58,B75D5ED4D0A02C63422D
SD NEGERI NIPA,50203922,SD,Negeri,Kec. Ambalawi,230612,Kab. Bima,230600,Prov. Nusa Tenggara Barat,230000,22,3,74,6,7,0,1,21,14 Apr 2026 08:14:07,9D698B4EC168ED0E316B
SD NEGERI SORI KALAI,50204054,SD,Negeri,Kec. Ambalawi,230612,Kab. Bima,230600,Prov. Nusa Tenggara Barat,230000,20,6,37,6,4,0,0,19,04 Mar 2026 09:56:05,3312DCD185D1FD60FD9F
SDN INPRES 01 RITE,50204125,SD,Negeri,Kec. Ambalawi,230612,Kab. Bima,230600,Prov. Nusa Tenggara Barat,230000,25,2,101,6,6,0,1,23,06 Mar 2026 03:47:43,13EFC773AAEF1996F4DC
SMP NEGERI 1 AMBALAWI,50205687,SMP,Negeri,Kec. Ambalawi,230612,Kab. Bima,230600,Prov. Nusa Tenggara Barat,230000,58,10,435,15,15,2,1,43,25 Apr 2026 10:24:47,FD032DDF31090AFD0860
SMP NEGERI 2 AMBALAWI,69726005,SMP,Negeri,Kec. Ambalawi,230612,Kab. Bima,230600,Prov. Nusa Tenggara Barat,230000,22,7,77,3,4,3,1,42,07 Apr 2026 17:47:21,653D71C88CF63F512C70
SMP ITTG Al-Muchtadin,50220748,SMP,Swasta,Kec. Ambalawi,230612,Kab. Bima,230600,Prov. Nusa Tenggara Barat,230000,10,1,20,3,3,0,1,17,27 Apr 2026 23:38:15,59CB647AC7D8024E8B93
SMP MUHAMMADIYAH RITE,50203981,SMP,Swasta,Kec. Ambalawi,230612,Kab. Bima,230600,Prov. Nusa Tenggara Barat,230000,19,4,77,4,6,1,1,32,14 Mar 2026 10:17:33,8F291BAD046846E868CA
SMP PLUS DARUL HUSNA,50203996,SMP,Swasta,Kec. Ambalawi,230612,Kab. Bima,230600,Prov. Nusa Tenggara Barat,230000,7,1,35,3,5,0,0,28,06 Apr 2026 09:08:57,1E0203C5058D89015EB9
SMAN 1 AMBALAWI,50204016,SMA,Negeri,Kec. Ambalawi,230612,Kab. Bima,230600,Prov. Nusa Tenggara Barat,230000,73,13,441,13,20,1,1,60,30 Apr 2026 22:30:02,2C53ADE27A5172B66967
SMAS DARUL HUSNA AMBALAWI,50205625,SMA,Swasta,Kec. Ambalawi,230612,Kab. Bima,230600,Prov. Nusa Tenggara Barat,230000,7,1,86,4,4,1,1,9,17 Mar 2026 06:46:09,8F2F2A5E44B4A1B56A5E
SMAS IHYA ULUMUDDIN,69756206,SMA,Swasta,Kec. Ambalawi,230612,Kab. Bima,230600,Prov. Nusa Tenggara Barat,230000,0,0,31,3,8,0,1,3,17 Jan 2026 19:32:44,EF9E316855646859D763
SMAS MUHAMMADIYAH RITE,69756871,SMA,Swasta,Kec. Ambalawi,230612,Kab. Bima,230600,Prov. Nusa Tenggara Barat,230000,12,1,44,3,3,2,1,20,15 Apr 2026 09:24:54,5F0BDC696C7382D99FEC
SMK 165 AMBALAWI,69842900,SMK,Swasta,Kec. Ambalawi,230612,Kab. Bima,230600,Prov. Nusa Tenggara Barat,230000,25,2,90,9,9,7,2,28,20 Apr 2026 07:19:02,700419316ABE1F5E2E2E
SD INPRES 1 RENDA,50204109,SD,Negeri,Kec. Belo,230604,Kab. Bima,230600,Prov. Nusa Tenggara Barat,230000,17,1,202,6,6,0,1,17,28 Apr 2026 13:05:05,FBBE3F8B56F07742159C
SD INPRES 2 RENDA,50204223,SD,Negeri,Kec. Belo,230604,Kab. Bima,230600,Prov. Nusa Tenggara Barat,230000,12,2,122,6,6,0,1,29,25 Apr 2026 09:53:07,974F8F8134CAEB7A49EF
SD INPRES CENGGU BELO,50204268,SD,Negeri,Kec. Belo,230604,Kab. Bima,230600,Prov. Nusa Tenggara Barat,230000,12,2,188,6,6,0,1,14,13 Mar 2026 21:00:50,C7FAC08267EE54E45BC0
SD N INPRES LIDO,50204177,SD,Negeri,Kec. Belo,230604,Kab. Bima,230600,Prov. Nusa Tenggara Barat,230000,19,1,162,6,6,0,0,19,07 Mar 2026 10:59:10,F8BE855F10DB90D69BB8
SD NEGERI 01 NGALI,50204148,SD,Negeri,Kec. Belo,230604,Kab. Bima,230600,Prov. Nusa Tenggara Barat,230000,22,1,148,6,6,0,1,23,17 Apr 2026 09:52:50,45B4A0E143EB93848C9C
SD NEGERI 1 CENGGU,50204140,SD,Negeri,Kec. Belo,230604,Kab. Bima,230600,Prov. Nusa Tenggara Barat,230000,18,3,114,7,6,0,1,27,21 Apr 2026 11:53:32,A75FEAC802376EEF0F55
SD NEGERI 2 CENGGU,50204163,SD,Negeri,Kec. Belo,230604,Kab. Bima,230600,Prov. Nusa Tenggara Barat,230000,19,1,112,6,6,1,1,31,10 Apr 2026 21:11:35,C60DE506A1DA46060D66
SD NEGERI 2 NGALI,50204170,SD,Negeri,Kec. Belo,230604,Kab. Bima,230600,Prov. Nusa Tenggara Barat,230000,14,1,130,6,6,0,1,20,06 Apr 2026 08:26:52,D897445E00F2A7E64E6A
SD NEGERI INPRES NCERA,50204214,SD,Negeri,Kec. Belo,230604,Kab. Bima,230600,Prov. Nusa Tenggara Barat,230000,20,1,175,7,6,0,1,26,29 Apr 2026 11:49:46,634C7F9C76575B91D2A1
SD NEGERI LIDO,50203893,SD,Negeri,Kec. Belo,230604,Kab. Bima,230600,Prov. Nusa Tenggara Barat,230000,20,2,149,6,5,0,1,12,28 Apr 2026 12:55:05,D5E8905307995767D5F4
SD NEGERI NCERA,50203927,SD,Negeri,Kec. Belo,230604,Kab. Bima,230600,Prov. Nusa Tenggara Barat,230000,20,2,192,11,6,0,1,32,14 Apr 2026 04:39:11,E3A628EFA74D6C0A8427
SD NEGERI RENDA,50204047,SD,Negeri,Kec. Belo,230604,Kab. Bima,230600,Prov. Nusa Tenggara Barat,230000,20,1,218,9,7,0,1,8,07 Feb 2026 09:16:51,15CBB571CA7AB0BCE09E
SD NEGERI RUNGGU,50204051,SD,Negeri,Kec. Belo,230604,Kab. Bima,230600,Prov. Nusa Tenggara Barat,230000,28,2,238,10,8,0,1,48,30 Apr 2026 06:52:39,0EA2611C4A4AE97691BB
SDN INPRES 2 NGALI,50204244,SD,Negeri,Kec. Belo,230604,Kab. Bima,230600,Prov. Nusa Tenggara Barat,230000,17,1,137,6,6,0,1,28,15 Apr 2026 21:56:52,9A9C1AD7ED1F4BB7C66F
SMP NEGERI 1 BELO,50204004,SMP,Negeri,Kec. Belo,230604,Kab. Bima,230600,Prov. Nusa Tenggara Barat,230000,53,4,213,8,11,3,1,26,27 Apr 2026 11:12:34,E00E741344C5ECEA5630
SMP NEGERI 2 BELO,50203983,SMP,Negeri,Kec. Belo,230604,Kab. Bima,230600,Prov. Nusa Tenggara Barat,230000,51,11,306,12,16,2,1,49,27 Apr 2026 20:04:33,6C21D74901A9BF37AE1E
SMP NEGERI 3 BELO,69725262,SMP,Negeri,Kec. Belo,230604,Kab. Bima,230600,Prov. Nusa Tenggara Barat,230000,48,4,212,9,10,2,1,37,15 Apr 2026 13:48:24,19F9FCF481A183FE6E30
SMP KARYA IKHLAS NCERA,50205693,SMP,Swasta,Kec. Belo,230604,Kab. Bima,230600,Prov. Nusa Tenggara Barat,230000,10,1,42,3,5,1,1,35,31 Mar 2026 12:26:57,3E224E43F0085267D663
SMAN 1 BELO,50205610,SMA,Negeri,Kec. Belo,230604,Kab. Bima,230600,Prov. Nusa Tenggara Barat,230000,93,13,709,22,25,5,2,96,01 May 2026 14:50:23,E1C071F716B01A87018F
SD INPRES 2 MARIA,50204242,SD,Negeri,Kec. Wawo,230605,Kab. Bima,230600,Prov. Nusa Tenggara Barat,230000,22,4,114,6,6,0,1,18,15 Apr 2026 13:17:28,28157D00DE7BB67D224E
SD INPRES KAWAE,50204189,SD,Negeri,Kec. Wawo,230605,Kab. Bima,230600,Prov. Nusa Tenggara Barat,230000,38,1,84,6,6,0,1,24,14 Apr 2026 09:20:38,6D82B3D63C92D39D0ADD
SD INPRES KOMBO,50204193,SD,Negeri,Kec. Wawo,230605,Kab. Bima,230600,Prov. Nusa Tenggara Barat,230000,33,2,121,6,6,0,1,15,12 Apr 2026 18:05:48,D6F7CABB7A3C75242F3F
SD INPRES LESU,50205514,SD,Negeri,Kec. Wawo,230605,Kab. Bima,230600,Prov. Nusa Tenggara Barat,230000,30,3,29,6,4,0,1,10,25 Apr 2026 08:30:22,EAD5CFC5AF312398A5F9
SD INPRES RIAMAU,50205526,SD,Negeri,Kec. Wawo,230605,Kab. Bima,230600,Prov. Nusa Tenggara Barat,230000,9,1,22,6,8,0,1,41,21 Apr 2026 21:09:38,1FA283962E78A0BAB877
SD NEGERI 1 KAMBILO,50204143,SD,Negeri,Kec. Wawo,230605,Kab. Bima,230600,Prov. Nusa Tenggara Barat,230000,25,0,130,7,6,0,1,28,28 Apr 2026 17:24:26,7D227D0F70348087FE17
SD NEGERI 1 MARIA,50204146,SD,Negeri,Kec. Wawo,230605,Kab. Bima,230600,Prov. Nusa Tenggara Barat,230000,22,3,114,6,6,1,1,26,14 Apr 2026 09:19:34,7C7BB25B4DE82AE3BA02
SD NEGERI 2 KAMBILO,50204165,SD,Negeri,Kec. Wawo,230605,Kab. Bima,230600,Prov. Nusa Tenggara Barat,230000,17,2,104,6,6,0,1,18,28 Apr 2026 08:10:26,12749D0F67D893434C22
SD NEGERI 2 MARIA,50205489,SD,Negeri,Kec. Wawo,230605,Kab. Bima,230600,Prov. Nusa Tenggara Barat,230000,21,4,113,6,5,0,1,27,21 Apr 2026 15:33:45,D55D2BE3744888638B40
SD NEGERI 3 MARIA,50205494,SD,Negeri,Kec. Wawo,230605,Kab. Bima,230600,Prov. Nusa Tenggara Barat,230000,25,1,183,11,7,0,1,41,02 May 2026 00:14:20,7B93649547132F1A093B
SD NEGERI INPRES 1 MARIA,50204102,SD,Negeri,Kec. Wawo,230605,Kab. Bima,230600,Prov. Nusa Tenggara Barat,230000,17,3,113,6,6,0,1,9,04 Apr 2026 07:32:28,1FC415CCECF83D39BF94
SD NEGERI INPRES TARLAWI,50205539,SD,Negeri,Kec. Wawo,230605,Kab. Bima,230600,Prov. Nusa Tenggara Barat,230000,23,2,109,6,6,0,1,18,30 Apr 2026 08:01:14,C6D373C2462FFE831A11
SD NEGERI KOMBO,50203897,SD,Negeri,Kec. Wawo,230605,Kab. Bima,230600,Prov. Nusa Tenggara Barat,230000,34,3,149,6,6,0,1,22,23 Apr 2026 11:08:08,426DCCC624E82AC58593
SD NEGERI TARLAWI,50204075,SD,Negeri,Kec. Wawo,230605,Kab. Bima,230600,Prov. Nusa Tenggara Barat,230000,29,1,70,6,5,0,1,21,24 Apr 2026 06:57:08,05B54DE2AE0AE6943763
SDN INpres Kalate,50204256,SD,Negeri,Kec. Wawo,230605,Kab. Bima,230600,Prov. Nusa Tenggara Barat,230000,17,1,83,6,7,0,1,153,11 Apr 2026 01:00:38,DB5E9F0931CCBCD87153
SDN INPRES KAMBILO,50204187,SD,Negeri,Kec. Wawo,230605,Kab. Bima,230600,Prov. Nusa Tenggara Barat,230000,26,2,99,6,6,0,1,21,22 Apr 2026 09:58:30,E62BC7266C61BDCDD03E
SDN INPRES NTORI,50204198,SD,Negeri,Kec. Wawo,230605,Kab. Bima,230600,Prov. Nusa Tenggara Barat,230000,28,2,97,6,6,0,1,13,27 Apr 2026 09:55:36,42B98B3FAA1C5BA256DD
SMP NEGERI 1 WAWO,50203998,SMP,Negeri,Kec. Wawo,230605,Kab. Bima,230600,Prov. Nusa Tenggara Barat,230000,56,15,282,11,16,3,1,27,01 May 2026 20:25:07,E80346824AA005664F5F
SMP NEGERI 2 WAWO,50205681,SMP,Negeri,Kec. Wawo,230605,Kab. Bima,230600,Prov. Nusa Tenggara Barat,230000,42,10,107,5,6,2,1,34,07 Mar 2026 11:58:15,ABB712D3C1A0575EC826
SMP NEGERI 3 WAWO SATU ATAP,69758803,SMP,Negeri,Kec. Wawo,230605,Kab. Bima,230600,Prov. Nusa Tenggara Barat,230000,42,6,52,3,3,0,1,22,15 Apr 2026 05:20:04,7F359AF3A6BDBD72FF7B
SMPN 4 WAWO SATU ATAP,69758801,SMP,Negeri,Kec. Wawo,230605,Kab. Bima,230600,Prov. Nusa Tenggara Barat,230000,30,6,30,3,3,2,1,23,27 Apr 2026 09:09:55,0A0A37DA8B7F24CD4C81
SMAN 1 WAWO,50204013,SMA,Negeri,Kec. Wawo,230605,Kab. Bima,230600,Prov. Nusa Tenggara Barat,230000,53,16,494,15,21,4,1,25,13 Apr 2026 10:29:11,D932D3A7DD8E1FD92E80
SMAN 2 WAWO,50220490,SMA,Negeri,Kec. Wawo,230605,Kab. Bima,230600,Prov. Nusa Tenggara Barat,230000,38,8,302,10,14,4,1,52,20 Apr 2026 10:12:49,D49F159CCDF21FC17DC2
SD NEGERI 1 BORO,50204127,SD,Negeri,Kec. Sanggar,230609,Kab. Bima,230600,Prov. Nusa Tenggara Barat,230000,23,2,145,6,6,0,1,32,20 Apr 2026 21:22:26,2F7FEA18F071A13FF72F
SD NEGERI 1 KORE,50204144,SD,Negeri,Kec. Sanggar,230609,Kab. Bima,230600,Prov. Nusa Tenggara Barat,230000,19,2,212,10,8,0,1,18,09 Apr 2026 08:07:31,93DD0C2CFDCC55579391
SD NEGERI 1 PIONG,50204137,SD,Negeri,Kec. Sanggar,230609,Kab. Bima,230600,Prov. Nusa Tenggara Barat,230000,15,1,93,6,6,1,1,16,30 Apr 2026 05:37:05,FAEE8F0556CEC4113B13
SD NEGERI 2 BORO,50204150,SD,Negeri,Kec. Sanggar,230609,Kab. Bima,230600,Prov. Nusa Tenggara Barat,230000,29,1,112,6,6,0,1,12,13 Mar 2026 16:50:29,4D3844321432357D247E
SD NEGERI 2 KORE,50204167,SD,Negeri,Kec. Sanggar,230609,Kab. Bima,230600,Prov. Nusa Tenggara Barat,230000,24,0,109,6,6,0,1,30,20 Apr 2026 06:19:37,6EAB0907CF2E3053B0F4
SD NEGERI 2 PIONG,50204161,SD,Negeri,Kec. Sanggar,230609,Kab. Bima,230600,Prov. Nusa Tenggara Barat,230000,19,3,112,6,6,0,1,21,06 Apr 2026 21:09:52,BD2AB6C9117F8FFF1289
SD Negeri 3 Kore,50204159,SD,Negeri,Kec. Sanggar,230609,Kab. Bima,230600,Prov. Nusa Tenggara Barat,230000,31,2,244,11,10,0,1,102,30 Apr 2026 10:55:53,EDA965C267FCDCE9E799
SD NEGERI 4 KORE,50204092,SD,Negeri,Kec. Sanggar,230609,Kab. Bima,230600,Prov. Nusa Tenggara Barat,230000,25,1,66,6,6,0,1,48,24 Apr 2026 07:34:12,FD61E4170296C9DF6623
SD NEGERI Jala Kore,50203902,SD,Negeri,Kec. Sanggar,230609,Kab. Bima,230600,Prov. Nusa Tenggara Barat,230000,23,2,30,6,6,0,1,18,24 Apr 2026 09:30:45,8F4AB42075DC80B052A2
SD NEGERI OI SARO,50205574,SD,Negeri,Kec. Sanggar,230609,Kab. Bima,230600,Prov. Nusa Tenggara Barat,230000,33,3,143,8,6,0,0,33,07 Mar 2026 09:36:19,BA2C0BC1412FB3182AB4
SD NEGERI SO LOKA,50204039,SD,Negeri,Kec. Sanggar,230609,Kab. Bima,230600,Prov. Nusa Tenggara Barat,230000,28,3,50,6,6,0,0,12,09 Apr 2026 19:09:49,B77EF4E9324F7D280CF6
SD NEGERI SORI TALOKO,50204068,SD,Negeri,Kec. Sanggar,230609,Kab. Bima,230600,Prov. Nusa Tenggara Barat,230000,17,2,87,6,6,0,1,23,09 Apr 2026 08:59:37,3ADFAE6CD10A1700EF4F
SD NEGERI TALOKO,50204073,SD,Negeri,Kec. Sanggar,230609,Kab. Bima,230600,Prov. Nusa Tenggara Barat,230000,21,2,169,8,8,0,1,19,05 Apr 2026 14:09:38,D5B86B2D3F98FA14B483
SDIT AL-KAFFAH,70054025,SD,Swasta,Kec. Sanggar,230609,Kab. Bima,230600,Prov. Nusa Tenggara Barat,230000,2,1,41,3,3,0,0,8,12 Apr 2026 03:12:32,F51E61EBB2F3E725DCEB
SMP NEGERI 1 SANGGAR,50203991,SMP,Negeri,Kec. Sanggar,230609,Kab. Bima,230600,Prov. Nusa Tenggara Barat,230000,37,10,287,10,16,1,1,23,07 Apr 2026 21:05:45,53826BAD96FB1F484CB2
SMP NEGERI 2 Sanggar,50204006,SMP,Negeri,Kec. Sanggar,230609,Kab. Bima,230600,Prov. Nusa Tenggara Barat,230000,36,9,132,6,6,2,1,34,15 Apr 2026 17:38:54,E0C5DC23EB90F66D5E0C
SMP NEGERI 3 Sanggar,50205606,SMP,Negeri,Kec. Sanggar,230609,Kab. Bima,230600,Prov. Nusa Tenggara Barat,230000,43,7,112,6,9,1,1,57,25 Apr 2026 20:46:48,76CD45B58F36F3BF5C8C
SMP NEGERI 4 SANGGAR,50205607,SMP,Negeri,Kec. Sanggar,230609,Kab. Bima,230600,Prov. Nusa Tenggara Barat,230000,42,9,132,6,9,4,3,34,30 Apr 2026 20:37:23,721814E1ABEF151893C0
SMA NEGERI 2 SANGGAR,69960974,SMA,Negeri,Kec. Sanggar,230609,Kab. Bima,230600,Prov. Nusa Tenggara Barat,230000,23,6,149,6,3,3,1,138,29 Apr 2026 22:35:29,9DF72FFCE126C4F71DC8
SMAN 1 SANGGAR,50204009,SMA,Negeri,Kec. Sanggar,230609,Kab. Bima,230600,Prov. Nusa Tenggara Barat,230000,62,26,473,15,19,4,1,108,30 Apr 2026 11:41:21,049635FF2E72EBBD1126
SMKN 1 SANGGAR,60726632,SMK,Negeri,Kec. Sanggar,230609,Kab. Bima,230600,Prov. Nusa Tenggara Barat,230000,40,8,95,11,10,2,1,26,22 Apr 2026 10:41:39,7ECD26067FA977BF67F2
SD NEGERI 1 LABUAN KANANGA,50205485,SD,Negeri,Kec. Tambora,230611,Kab. Bima,230600,Prov. Nusa Tenggara Barat,230000,7,3,78,6,6,0,1,20,25 Apr 2026 17:00:34,8AB4590B12BF0741E3CC
SD NEGERI 2 LABUAN KANANGA,50205488,SD,Negeri,Kec. Tambora,230611,Kab. Bima,230600,Prov. Nusa Tenggara Barat,230000,11,1,110,6,10,0,1,18,02 Apr 2026 23:35:49,4C97448C226846ACD9C4
SD NEGERI INPRES SO NAE,50205534,SD,Negeri,Kec. Tambora,230611,Kab. Bima,230600,Prov. Nusa Tenggara Barat,230000,10,1,68,6,5,0,0,24,10 Apr 2026 06:55:47,0D4B2A09AA473D7BD004
SD NEGERI JEMBATAN BESI,50222322,SD,Negeri,Kec. Tambora,230611,Kab. Bima,230600,Prov. Nusa Tenggara Barat,230000,9,2,60,6,4,0,0,39,25 Apr 2026 14:53:15,8764258AEB9DA88003C6
SD NEGERI KAWINDA NAE,50205542,SD,Negeri,Kec. Tambora,230611,Kab. Bima,230600,Prov. Nusa Tenggara Barat,230000,11,1,84,6,6,0,1,10,25 Apr 2026 19:50:53,DBBFB806960964AC999E
SD NEGERI KAWINDA TOI,50205543,SD,Negeri,Kec. Tambora,230611,Kab. Bima,230600,Prov. Nusa Tenggara Barat,230000,10,1,100,6,6,0,0,15,16 Apr 2026 14:12:12,E9A9EC78AB6B63275829
SD NEGERI OI MARAI-TAMBORA,50205560,SD,Negeri,Kec. Tambora,230611,Kab. Bima,230600,Prov. Nusa Tenggara Barat,230000,8,1,42,6,5,0,0,7,06 Mar 2026 21:30:46,F1934F0A99F0D2D9AC8A
SD NEGERI SORI BURA-TAMBORA,50205565,SD,Negeri,Kec. Tambora,230611,Kab. Bima,230600,Prov. Nusa Tenggara Barat,230000,10,1,64,6,3,0,0,15,25 Apr 2026 11:06:14,FE7A38164BB2B1787887
SD NEGERI SORI KATUPA,50205566,SD,Negeri,Kec. Tambora,230611,Kab. Bima,230600,Prov. Nusa Tenggara Barat,230000,12,1,43,6,4,0,1,12,27 Apr 2026 21:30:56,0FBCDCE29ADEA9C684A1
SD NEGERI SORI LAJU-TAMBORA,50205568,SD,Negeri,Kec. Tambora,230611,Kab. Bima,230600,Prov. Nusa Tenggara Barat,230000,11,3,15,6,3,0,0,48,29 Apr 2026 20:04:33,F7531D6C3B4F688B9221
SD NEGERI SORI NAE,50220654,SD,Negeri,Kec. Tambora,230611,Kab. Bima,230600,Prov. Nusa Tenggara Barat,230000,9,2,32,6,3,0,0,23,25 Apr 2026 16:10:07,0ED3BE5135E22C64D4AF
SD NEGERI SORI PANIHI,50205569,SD,Negeri,Kec. Tambora,230611,Kab. Bima,230600,Prov. Nusa Tenggara Barat,230000,11,3,133,6,8,0,1,24,07 Apr 2026 09:38:04,3F09511A560D217315E1
SD NEGERI Tambora,50220653,SD,Negeri,Kec. Tambora,230611,Kab. Bima,230600,Prov. Nusa Tenggara Barat,230000,10,3,55,6,4,0,0,26,25 Apr 2026 13:34:30,43C8E776BFC2243ACB25
SDN DORO LEDE,69888775,SD,Negeri,Kec. Tambora,230611,Kab. Bima,230600,Prov. Nusa Tenggara Barat,230000,11,0,84,7,7,0,1,13,09 Apr 2026 13:26:30,9C5E5D83B9EB4434FE50
SDN DORO MBOLO,50205511,SD,Negeri,Kec. Tambora,230611,Kab. Bima,230600,Prov. Nusa Tenggara Barat,230000,9,1,52,6,5,0,0,15,01 May 2026 08:44:20,47D41A51F9BC645544C2
SDN INPRES KAWINDA TENGAH,50205497,SD,Negeri,Kec. Tambora,230611,Kab. Bima,230600,Prov. Nusa Tenggara Barat,230000,12,2,91,7,6,0,2,19,21 Apr 2026 20:50:16,22DC3CC4A752BD74953E
SMP NEGERI 1 TAMBORA,50203990,SMP,Negeri,Kec. Tambora,230611,Kab. Bima,230600,Prov. Nusa Tenggara Barat,230000,18,8,121,6,7,2,1,83,25 Apr 2026 21:39:22,8C7E74BA2322DE4750B0
SMP NEGERI 2 TAMBORA,50222346,SMP,Negeri,Kec. Tambora,230611,Kab. Bima,230600,Prov. Nusa Tenggara Barat,230000,20,6,71,3,3,2,1,13,23 Apr 2026 21:30:04,25F74C90CB00A9169D40
SMP NEGERI 3 TAMBORA,50222347,SMP,Negeri,Kec. Tambora,230611,Kab. Bima,230600,Prov. Nusa Tenggara Barat,230000,22,4,70,3,5,2,1,45,01 May 2026 19:18:42,7887E9553B3319E6B2BB
SMAN 1 TAMBORA,50220468,SMA,Negeri,Kec. Tambora,230611,Kab. Bima,230600,Prov. Nusa Tenggara Barat,230000,0,0,0,0,0,0,0,0,,CCF46AF3EEA92D42785A
SMKN 1 TAMBORA,70043807,SMK,Negeri,Kec. Tambora,230611,Kab. Bima,230600,Prov. Nusa Tenggara Barat,230000,33,3,126,13,10,3,1,40,17 Mar 2026 23:40:02,B93C1C9E112A4354822C
SMK AL AZMI TAMBORA,69962943,SMK,Swasta,Kec. Tambora,230611,Kab. Bima,230600,Prov. Nusa Tenggara Barat,230000,2,1,24,3,1,0,1,4,30 Jan 2026 08:38:34,5F00BCEB1B5518822377
SD INPRES LONDU,50204178,SD,Negeri,Kec. Lambitu,230617,Kab. Bima,230600,Prov. Nusa Tenggara Barat,230000,27,2,74,6,5,0,1,26,03 Apr 2026 06:43:41,31F2A4A2C91E4215B303
SD INPRES SAMBORI,50203939,SD,Negeri,Kec. Lambitu,230617,Kab. Bima,230600,Prov. Nusa Tenggara Barat,230000,15,2,114,6,6,0,1,8,18 Apr 2026 10:31:35,96C03151B5A4AD535B38
SD NEGERI INPRES KADI,50204192,SD,Negeri,Kec. Lambitu,230617,Kab. Bima,230600,Prov. Nusa Tenggara Barat,230000,19,3,89,6,6,0,0,31,05 Mar 2026 04:37:54,5DCD0A7CC358228B5AE1
SD NEGERI KABORO,50203904,SD,Negeri,Kec. Lambitu,230617,Kab. Bima,230600,Prov. Nusa Tenggara Barat,230000,16,2,67,6,5,0,1,47,06 Mar 2026 07:07:18,F703E3F800898F02AA68
SD NEGERI KUTA LAMBITU,50203887,SD,Negeri,Kec. Lambitu,230617,Kab. Bima,230600,Prov. Nusa Tenggara Barat,230000,22,2,144,7,6,0,0,25,25 Apr 2026 08:27:43,EE1D66D737EE9AED58D0
SD NEGERI SAMBORI,50204042,SD,Negeri,Kec. Lambitu,230617,Kab. Bima,230600,Prov. Nusa Tenggara Barat,230000,17,1,93,6,6,0,1,24,14 Apr 2026 07:02:23,8C5372955BC684C7D2B9
SD NEGERI TETA,50204064,SD,Negeri,Kec. Lambitu,230617,Kab. Bima,230600,Prov. Nusa Tenggara Barat,230000,15,0,83,6,6,0,0,10,16 Apr 2026 17:00:29,9071AA4ADDEA00EBBDDD
SMP NEGERI 1 LAMBITU,50205684,SMP,Negeri,Kec. Lambitu,230617,Kab. Bima,230600,Prov. Nusa Tenggara Barat,230000,38,2,130,6,11,1,1,25,17 Apr 2026 16:33:32,7ED5C6371A9135AE35D2
SMPN 2 LAMBITU,69790720,SMP,Negeri,Kec. Lambitu,230617,Kab. Bima,230600,Prov. Nusa Tenggara Barat,230000,25,3,37,3,6,3,1,16,12 Apr 2026 18:30:34,EC54DB00BA0BA20AF90B
SMPN 3 LAMBITU SATU ATAP,69883484,SMP,Negeri,Kec. Lambitu,230617,Kab. Bima,230600,Prov. Nusa Tenggara Barat,230000,22,1,26,3,3,1,1,44,13 Mar 2026 14:59:22,5430459B754B7E90CE61
SMPN 4 LAMBITU SATU ATAP,69881820,SMP,Negeri,Kec. Lambitu,230617,Kab. Bima,230600,Prov. Nusa Tenggara Barat,230000,28,4,32,3,3,1,1,23,26 Apr 2026 21:54:06,FCE76D88E70C3D32B5E2
SMAN 1 LAMBITU,50220488,SMA,Negeri,Kec. Lambitu,230617,Kab. Bima,230600,Prov. Nusa Tenggara Barat,230000,46,9,276,10,9,2,1,56,23 Apr 2026 05:19:13,9822B12C6DF9A1F8147E
SD INPRES 02 PARADO,50204235,SD,Negeri,Kec. Parado,230616,Kab. Bima,230600,Prov. Nusa Tenggara Barat,230000,15,2,64,6,6,0,1,20,17 Apr 2026 08:29:54,E1BAD5CFC6B2168CFB2C
SD INPRES LERE,50204186,SD,Negeri,Kec. Parado,230616,Kab. Bima,230600,Prov. Nusa Tenggara Barat,230000,13,3,106,6,6,0,0,19,11 Apr 2026 07:40:31,380EFB1E1F500FDCA81C
SD INPRES WORO PARADO,50203901,SD,Negeri,Kec. Parado,230616,Kab. Bima,230600,Prov. Nusa Tenggara Barat,230000,12,2,36,6,6,0,1,11,09 Mar 2026 21:23:51,802C1696B76F0FC343CE
SD NEGERI 1 PARADO,50205562,SD,Negeri,Kec. Parado,230616,Kab. Bima,230600,Prov. Nusa Tenggara Barat,230000,13,2,114,6,6,0,1,24,11 Apr 2026 14:22:59,F6F543F8380A937B5205
SD NEGERI KANCA,50203899,SD,Negeri,Kec. Parado,230616,Kab. Bima,230600,Prov. Nusa Tenggara Barat,230000,15,9,115,6,7,0,1,12,28 Apr 2026 07:12:29,10CE7838D8EF88B4D7F6
SD NEGERI KUTA-PARADO,50205545,SD,Negeri,Kec. Parado,230616,Kab. Bima,230600,Prov. Nusa Tenggara Barat,230000,16,3,95,6,7,0,1,14,16 Apr 2026 13:17:18,DF528FFEEF005E5EC674
SD NEGERI PARADO WANE,50203916,SD,Negeri,Kec. Parado,230616,Kab. Bima,230600,Prov. Nusa Tenggara Barat,230000,25,4,263,12,12,1,1,31,15 Apr 2026 09:18:29,C106D1FEFD90CC3FB8B3
SDN INPRES PARADOWANE,50203934,SD,Negeri,Kec. Parado,230616,Kab. Bima,230600,Prov. Nusa Tenggara Barat,230000,17,1,111,6,6,1,1,13,04 Mar 2026 08:32:52,E16BF3DB6275711974A8
SMP NEGERI 1 PARADO,50205686,SMP,Negeri,Kec. Parado,230616,Kab. Bima,230600,Prov. Nusa Tenggara Barat,230000,35,5,249,9,10,2,1,56,23 Apr 2026 08:51:40,73EC3D3AB548995633ED
SMP NEGERI 2 PARADO SATAP,50211120,SMP,Negeri,Kec. Parado,230616,Kab. Bima,230600,Prov. Nusa Tenggara Barat,230000,17,2,41,3,3,0,0,22,28 Apr 2026 13:33:23,35499E5D4491A8E12820
SMP NEGERI 3 PARADO SATAP,69758961,SMP,Negeri,Kec. Parado,230616,Kab. Bima,230600,Prov. Nusa Tenggara Barat,230000,18,3,9,3,1,0,0,28,03 Apr 2026 15:38:56,06EB33C7B37F1EC9DA87
SMAN 1 PARADO,50220485,SMA,Negeri,Kec. Parado,230616,Kab. Bima,230600,Prov. Nusa Tenggara Barat,230000,41,19,278,10,9,1,1,71,27 Apr 2026 18:37:34,126E005A84C0FD3F2D23
SD NEGERI 1 BATU PUTIH,50200868,SD,Negeri,Kec. Sekotong,230101,Kab. Lombok Barat,230100,Prov. Nusa Tenggara Barat,230000,8,2,212,7,7,0,1,7,30 Apr 2026 05:13:04,AC662F941290D0F6934F
SD NEGERI 1 BUWUN MAS,50200749,SD,Negeri,Kec. Sekotong,230101,Kab. Lombok Barat,230100,Prov. Nusa Tenggara Barat,230000,9,2,202,7,7,0,1,29,01 May 2026 12:14:36,A5D9212BFB5A3E509F63
SD NEGERI 1 KEDARO,50200720,SD,Negeri,Kec. Sekotong,230101,Kab. Lombok Barat,230100,Prov. Nusa Tenggara Barat,230000,7,1,77,6,5,0,1,27,25 Apr 2026 08:22:19,341CF3D2BC8AE8F7145B
SD NEGERI 10 BUWUN MAS,50220432,SD,Negeri,Kec. Sekotong,230101,Kab. Lombok Barat,230100,Prov. Nusa Tenggara Barat,230000,3,1,16,6,6,0,1,4,03 Mar 2026 22:00:11,4B18D84ABA95ABA93313
SD NEGERI 11 BUWUN MAS,50220440,SD,Negeri,Kec. Sekotong,230101,Kab. Lombok Barat,230100,Prov. Nusa Tenggara Barat,230000,8,2,51,6,6,0,0,10,24 Apr 2026 12:12:19,9B318C28285A62DA553D
SD NEGERI 12 BUWUN MAS,50220434,SD,Negeri,Kec. Sekotong,230101,Kab. Lombok Barat,230100,Prov. Nusa Tenggara Barat,230000,6,1,61,6,6,0,0,13,28 Apr 2026 08:00:28,F370E9D8E1A0042A39AC
SD NEGERI 13 BUWUN MAS,50220435,SD,Negeri,Kec. Sekotong,230101,Kab. Lombok Barat,230100,Prov. Nusa Tenggara Barat,230000,6,1,69,6,5,0,1,17,25 Apr 2026 12:13:25,671EDF93B014C6962585
SD NEGERI 14 BUWUN MAS,50220436,SD,Negeri,Kec. Sekotong,230101,Kab. Lombok Barat,230100,Prov. Nusa Tenggara Barat,230000,8,1,78,6,6,0,1,10,11 Apr 2026 19:57:42,774EBFF28B2A85FC060C
SD NEGERI 16 BUWUN MAS,69954366,SD,Negeri,Kec. Sekotong,230101,Kab. Lombok Barat,230100,Prov. Nusa Tenggara Barat,230000,7,1,82,6,6,0,0,1,28 Apr 2026 09:32:10,9CFEE228C80D045EDFC0
SD NEGERI 2 BATU PUTIH,50200258,SD,Negeri,Kec. Sekotong,230101,Kab. Lombok Barat,230100,Prov. Nusa Tenggara Barat,230000,11,3,270,9,10,0,1,10,06 Apr 2026 04:42:12,5A773954872F2B3180ED
SD NEGERI 2 BUWUN MAS,50200253,SD,Negeri,Kec. Sekotong,230101,Kab. Lombok Barat,230100,Prov. Nusa Tenggara Barat,230000,8,1,225,8,9,0,1,12,26 Apr 2026 15:54:22,80455A94E1BEF54A4754
SD NEGERI 2 KEDARO,50200225,SD,Negeri,Kec. Sekotong,230101,Kab. Lombok Barat,230100,Prov. Nusa Tenggara Barat,230000,13,3,235,10,9,0,1,17,30 Apr 2026 08:41:19,E5C82A58D9D795D451C8
SD NEGERI 2 PELANGAN,50205759,SD,Negeri,Kec. Sekotong,230101,Kab. Lombok Barat,230100,Prov. Nusa Tenggara Barat,230000,7,0,113,6,5,0,1,1,27 Apr 2026 08:43:59,64651FFA07BF39A3D5D7
SD NEGERI 3 BATU PUTIH,50200150,SD,Negeri,Kec. Sekotong,230101,Kab. Lombok Barat,230100,Prov. Nusa Tenggara Barat,230000,7,1,199,6,5,0,1,27,25 Apr 2026 08:48:28,3B4399D4941E14A3C2DD
SD NEGERI 3 BUWUN MAS,50200110,SD,Negeri,Kec. Sekotong,230101,Kab. Lombok Barat,230100,Prov. Nusa Tenggara Barat,230000,8,1,103,6,6,0,1,16,27 Apr 2026 09:09:11,14631B14F07311B9C9A2
SD NEGERI 3 KEDARO,50200117,SD,Negeri,Kec. Sekotong,230101,Kab. Lombok Barat,230100,Prov. Nusa Tenggara Barat,230000,7,1,130,6,6,0,1,15,19 Apr 2026 20:48:41,EE395EAAA185F8B1F0F2
SD NEGERI 4 BATU PUTIH,50200176,SD,Negeri,Kec. Sekotong,230101,Kab. Lombok Barat,230100,Prov. Nusa Tenggara Barat,230000,6,1,107,6,5,0,1,10,01 May 2026 07:58:36,D2052E0C1A239D23E1BB
SD NEGERI 4 BUWUN MAS,50200161,SD,Negeri,Kec. Sekotong,230101,Kab. Lombok Barat,230100,Prov. Nusa Tenggara Barat,230000,7,1,159,6,6,0,1,16,29 Apr 2026 10:49:47,5F6D25159327718BFC59
SD NEGERI 4 KEDARO,50200439,SD,Negeri,Kec. Sekotong,230101,Kab. Lombok Barat,230100,Prov. Nusa Tenggara Barat,230000,6,1,86,6,6,0,1,15,27 Apr 2026 09:56:21,AA3E6BDD8DFAC09A8DC1
SD NEGERI 5 BATU PUTIH,50220451,SD,Negeri,Kec. Sekotong,230101,Kab. Lombok Barat,230100,Prov. Nusa Tenggara Barat,230000,7,2,85,6,5,0,1,10,14 Apr 2026 00:27:04,6BDB85015948427916D8
SD NEGERI 5 BUWUN MAS,50200500,SD,Negeri,Kec. Sekotong,230101,Kab. Lombok Barat,230100,Prov. Nusa Tenggara Barat,230000,7,2,156,6,6,0,1,12,22 Apr 2026 21:54:59,FAE38331D2E0EDE3D9F7
SD NEGERI 6 BUWUN MAS,50200467,SD,Negeri,Kec. Sekotong,230101,Kab. Lombok Barat,230100,Prov. Nusa Tenggara Barat,230000,10,2,168,8,8,0,1,25,01 May 2026 22:49:14,0BB61DB1DE013299A2C6
SD NEGERI 7 BUWUN MAS,50200348,SD,Negeri,Kec. Sekotong,230101,Kab. Lombok Barat,230100,Prov. Nusa Tenggara Barat,230000,9,2,96,6,6,0,1,18,30 Apr 2026 08:44:26,F359252C0004131FE350
SD NEGERI 8 BUWUN MAS,50219501,SD,Negeri,Kec. Sekotong,230101,Kab. Lombok Barat,230100,Prov. Nusa Tenggara Barat,230000,7,2,45,6,6,0,1,6,01 May 2026 13:06:29,B73E49CA71F1F687D597
SD NEGERI 9 BUWUN MAS,50220431,SD,Negeri,Kec. Sekotong,230101,Kab. Lombok Barat,230100,Prov. Nusa Tenggara Barat,230000,10,1,91,6,6,0,1,10,22 Apr 2026 13:34:37,9C86EC39B5C4252257F9
SDN 1 CENDI MANIK,50200284,SD,Negeri,Kec. Sekotong,230101,Kab. Lombok Barat,230100,Prov. Nusa Tenggara Barat,230000,8,2,187,7,6,0,1,16,29 Apr 2026 20:33:47,69CE2F87787CD64993E4
SDN 1 GILI GEDE INDAH,50205360,SD,Negeri,Kec. Sekotong,230101,Kab. Lombok Barat,230100,Prov. Nusa Tenggara Barat,230000,7,1,126,6,6,0,1,1,28 Apr 2026 10:13:34,5B1FD8F6D41441C9B5ED
SDN 1 PELANGAN,50200816,SD,Negeri,Kec. Sekotong,230101,Kab. Lombok Barat,230100,Prov. Nusa Tenggara Barat,230000,13,4,315,11,9,0,1,15,27 Apr 2026 14:00:03,7538804FBED0EA68B62B
SDN 1 SEKOTONG BARAT,50205350,SD,Negeri,Kec. Sekotong,230101,Kab. Lombok Barat,230100,Prov. Nusa Tenggara Barat,230000,14,2,254,12,12,1,1,10,28 Apr 2026 11:04:55,651134EA995795D549E8
SDN 1 SEKOTONG TENGAH,50200776,SD,Negeri,Kec. Sekotong,230101,Kab. Lombok Barat,230100,Prov. Nusa Tenggara Barat,230000,15,4,387,13,9,0,1,19,27 Apr 2026 10:39:23,F6CDC40CED04CFDAD9A7
SDN 1 TAMAN BARU,50200185,SD,Negeri,Kec. Sekotong,230101,Kab. Lombok Barat,230100,Prov. Nusa Tenggara Barat,230000,7,2,157,6,6,0,1,6,27 Apr 2026 03:42:01,33876EA7E1C42DDD83C4
SDN 15 Buwun Mas,69831946,SD,Negeri,Kec. Sekotong,230101,Kab. Lombok Barat,230100,Prov. Nusa Tenggara Barat,230000,7,1,45,6,4,0,0,22,20 Apr 2026 18:44:26,032332654EC245766350
SDN 2 CENDI MANIK,50200488,SD,Negeri,Kec. Sekotong,230101,Kab. Lombok Barat,230100,Prov. Nusa Tenggara Barat,230000,9,1,183,8,7,0,1,17,22 Apr 2026 12:23:52,F5F2C562CD09DFC38CFC
SDN 2 SEKOTONG BARAT,50200140,SD,Negeri,Kec. Sekotong,230101,Kab. Lombok Barat,230100,Prov. Nusa Tenggara Barat,230000,7,2,141,6,6,0,1,18,02 May 2026 11:09:00,DAE88F7589EF7575EC86
SDN 2 SEKOTONG TENGAH,50200417,SD,Negeri,Kec. Sekotong,230101,Kab. Lombok Barat,230100,Prov. Nusa Tenggara Barat,230000,7,3,162,6,6,0,1,13,23 Apr 2026 08:49:13,FCE81C1196612036626C
SDN 2 TAMAN BARU,50200465,SD,Negeri,Kec. Sekotong,230101,Kab. Lombok Barat,230100,Prov. Nusa Tenggara Barat,230000,7,2,174,6,6,0,1,11,28 Apr 2026 11:25:03,873D8008DBE98B9E1855
SDN 3 CENDI MANIK,50200357,SD,Negeri,Kec. Sekotong,230101,Kab. Lombok Barat,230100,Prov. Nusa Tenggara Barat,230000,8,2,264,8,7,0,1,21,02 Apr 2026 06:37:16,5AD1639FB89597337E19
SDN 3 PELANGAN,50200436,SD,Negeri,Kec. Sekotong,230101,Kab. Lombok Barat,230100,Prov. Nusa Tenggara Barat,230000,6,3,111,6,5,0,0,12,22 Apr 2026 07:51:13,67AF91D0C940D4B4E46C
SDN 3 SEKOTONG BARAT,50200173,SD,Negeri,Kec. Sekotong,230101,Kab. Lombok Barat,230100,Prov. Nusa Tenggara Barat,230000,9,2,168,7,7,1,1,18,14 Feb 2026 21:58:57,BD4D6238078D9C14CB7A
SDN 3 SEKOTONG TENGAH,50200351,SD,Negeri,Kec. Sekotong,230101,Kab. Lombok Barat,230100,Prov. Nusa Tenggara Barat,230000,7,2,127,6,6,0,1,9,03 Mar 2026 14:41:57,310D684209404BE8F8FA
SDN 3 TAMAN BARU,69831945,SD,Negeri,Kec. Sekotong,230101,Kab. Lombok Barat,230100,Prov. Nusa Tenggara Barat,230000,8,1,112,6,6,0,1,9,21 Apr 2026 09:37:30,73388838CF30BDBC33B7
SDN 4 PELANGAN,50200507,SD,Negeri,Kec. Sekotong,230101,Kab. Lombok Barat,230100,Prov. Nusa Tenggara Barat,230000,5,1,170,6,6,0,1,6,06 Apr 2026 17:57:14,12195A783E1883D66538
SDN 4 SEKOTONG BARAT,50200432,SD,Negeri,Kec. Sekotong,230101,Kab. Lombok Barat,230100,Prov. Nusa Tenggara Barat,230000,8,1,180,7,5,0,1,29,27 Apr 2026 09:22:23,3A023E01F4471F34F1E7
SDN 4 SEKOTONG TENGAH,50200355,SD,Negeri,Kec. Sekotong,230101,Kab. Lombok Barat,230100,Prov. Nusa Tenggara Barat,230000,8,2,122,6,6,0,1,16,24 Apr 2026 09:11:33,A2812B04AA78F46040EF
SDN 5 PELANGAN,50200481,SD,Negeri,Kec. Sekotong,230101,Kab. Lombok Barat,230100,Prov. Nusa Tenggara Barat,230000,6,2,104,6,6,0,1,10,03 Mar 2026 09:39:31,4CC14697CED04C75B22F
SDN 5 SEKOTONG BARAT,50200471,SD,Negeri,Kec. Sekotong,230101,Kab. Lombok Barat,230100,Prov. Nusa Tenggara Barat,230000,7,1,89,6,5,0,1,15,28 Apr 2026 07:47:30,8069820307C25BFC428E
SDN 5 SEKOTONG TENGAH,50200354,SD,Negeri,Kec. Sekotong,230101,Kab. Lombok Barat,230100,Prov. Nusa Tenggara Barat,230000,6,3,114,6,7,0,0,10,07 Mar 2026 05:37:43,C583C299A51517CAD123
SDN 6 PELANGAN,50220453,SD,Negeri,Kec. Sekotong,230101,Kab. Lombok Barat,230100,Prov. Nusa Tenggara Barat,230000,6,1,110,6,7,0,1,6,26 Apr 2026 20:09:38,963749B3E13FB49E777F
SD ISLAM AL ISLAH MEDANG,70060881,SD,Swasta,Kec. Sekotong,230101,Kab. Lombok Barat,230100,Prov. Nusa Tenggara Barat,230000,1,1,0,0,0,0,0,0,,1FE0487ADB955B666281
SD ISLAM DARUSSALAM SERERO,70061224,SD,Swasta,Kec. Sekotong,230101,Kab. Lombok Barat,230100,Prov. Nusa Tenggara Barat,230000,0,0,0,0,0,0,0,0,,4A6BDC81C4B86086DFEA
SD ISLAM MA ARIF AQSHAL HUDA,70051660,SD,Swasta,Kec. Sekotong,230101,Kab. Lombok Barat,230100,Prov. Nusa Tenggara Barat,230000,5,1,36,6,3,0,0,26,01 May 2026 18:55:33,6EAFE9C462DA72F6DDE2
SD ISLAM RAUDHATUL JANNAH NW SAP BARU,70006188,SD,Swasta,Kec. Sekotong,230101,Kab. Lombok Barat,230100,Prov. Nusa Tenggara Barat,230000,6,1,69,6,2,0,0,24,23 Apr 2026 09:30:10,B00FC188C69B080D4623
SD-SMP SATU ATAP 2 SEKOTONG,50219419,SMP,Negeri,Kec. Sekotong,230101,Kab. Lombok Barat,230100,Prov. Nusa Tenggara Barat,230000,6,0,14,3,3,1,0,11,24 Apr 2026 09:04:36,2F45445A10530F71947C
SD-SMP SATU ATAP 3 SEKOTONG,50219436,SMP,Negeri,Kec. Sekotong,230101,Kab. Lombok Barat,230100,Prov. Nusa Tenggara Barat,230000,9,0,69,3,3,1,2,12,28 Apr 2026 22:03:51,6E0503EC299E4C32F177
SD-SMP SATU ATAP 4 SEKOTONG,50219437,SMP,Negeri,Kec. Sekotong,230101,Kab. Lombok Barat,230100,Prov. Nusa Tenggara Barat,230000,5,1,53,3,3,1,0,28,29 Apr 2026 13:59:41,60D81D512AD01E0EC3ED
SMP NEGERI 1 SEKOTONG,50200330,SMP,Negeri,Kec. Sekotong,230101,Kab. Lombok Barat,230100,Prov. Nusa Tenggara Barat,230000,21,7,426,15,15,2,1,42,20 Apr 2026 08:11:08,A121E45681DBADDC088C
SMP NEGERI 2 SEKOTONG,50200396,SMP,Negeri,Kec. Sekotong,230101,Kab. Lombok Barat,230100,Prov. Nusa Tenggara Barat,230000,26,9,507,16,15,3,1,30,29 Apr 2026 17:08:56,80273292FEA60C0166B7
SMP NEGERI 3 SEKOTONG,50205385,SMP,Negeri,Kec. Sekotong,230101,Kab. Lombok Barat,230100,Prov. Nusa Tenggara Barat,230000,12,2,63,3,6,1,1,14,27 Apr 2026 11:38:49,8AB5FA5E17378C53E344
SMP NEGERI 4 SEKOTONG,50205386,SMP,Negeri,Kec. Sekotong,230101,Kab. Lombok Barat,230100,Prov. Nusa Tenggara Barat,230000,12,2,104,4,6,1,1,20,09 Apr 2026 08:43:47,5F3DA36689BB731B882C
SMPN 5 SEKOTONG,69849631,SMP,Negeri,Kec. Sekotong,230101,Kab. Lombok Barat,230100,Prov. Nusa Tenggara Barat,230000,20,6,236,9,9,2,1,14,30 Apr 2026 10:05:05,3C3BA13BB1099D02FEB8
SMPN 6 SEKOTONG,69849632,SMP,Negeri,Kec. Sekotong,230101,Kab. Lombok Barat,230100,Prov. Nusa Tenggara Barat,230000,11,4,87,3,6,2,2,47,29 Apr 2026 08:28:28,D8DB5B68FBC9BC6AE354
SMP Islam Al Urwatul Wutsqo,69901886,SMP,Swasta,Kec. Sekotong,230101,Kab. Lombok Barat,230100,Prov. Nusa Tenggara Barat,230000,10,2,126,5,6,1,0,37,25 Apr 2026 07:47:02,BE3790AFC7B243C5EED9
SMP ISLAM FATHUL MANNAN SAUH,70044387,SMP,Swasta,Kec. Sekotong,230101,Kab. Lombok Barat,230100,Prov. Nusa Tenggara Barat,230000,6,1,50,3,3,0,0,11,13 Apr 2026 21:22:16,C88D815B758781E3208D
SMP ISLAM TERPADU DARUSSALAM LENDANG GUAR,70045033,SMP,Swasta,Kec. Sekotong,230101,Kab. Lombok Barat,230100,Prov. Nusa Tenggara Barat,230000,4,1,28,3,3,0,0,10,27 Jan 2026 04:20:38,962EBFCE2A23500FAADD
SMP IT INSAN BUDI MULYA,70049741,SMP,Swasta,Kec. Sekotong,230101,Kab. Lombok Barat,230100,Prov. Nusa Tenggara Barat,230000,5,1,102,3,3,0,0,14,23 Apr 2026 20:21:20,88E1D2E3A2936FAA29B7
SMP PLUS DARUL QURAN WAL HADITS,70013968,SMP,Swasta,Kec. Sekotong,230101,Kab. Lombok Barat,230100,Prov. Nusa Tenggara Barat,230000,6,1,64,3,3,0,0,5,27 Apr 2026 19:35:58,091A6029AA7DBFFE4AEF
SMAN 1 SEKOTONG,50200378,SMA,Negeri,Kec. Sekotong,230101,Kab. Lombok Barat,230100,Prov. Nusa Tenggara Barat,230000,29,15,471,14,12,5,1,61,29 Apr 2026 09:25:46,AF119F87A59857441B42
SMA BINA BANGSA,70061302,SMA,Swasta,Kec. Sekotong,230101,Kab. Lombok Barat,230100,Prov. Nusa Tenggara Barat,230000,0,0,0,0,0,0,0,0,,CC4ABB1D0C7904A86765
SMA ISLAM DARUDDAKWAH KELEP,69987464,SMA,Swasta,Kec. Sekotong,230101,Kab. Lombok Barat,230100,Prov. Nusa Tenggara Barat,230000,25,2,92,4,3,1,1,17,26 Apr 2026 16:28:32,88D8A96B18AB4BE290F3
SMA Islam Miftahul Falah,70060904,SMA,Swasta,Kec. Sekotong,230101,Kab. Lombok Barat,230100,Prov. Nusa Tenggara Barat,230000,2,0,0,0,0,0,0,0,,B339A5168837C1257E03
SMA ISLAM NW BENGKANG,69942502,SMA,Swasta,Kec. Sekotong,230101,Kab. Lombok Barat,230100,Prov. Nusa Tenggara Barat,230000,11,2,123,6,2,1,1,44,28 Apr 2026 08:27:12,E18655B25D206DF71510
SMA NUR ILAHI NW BELONGAS,70002661,SMA,Swasta,Kec. Sekotong,230101,Kab. Lombok Barat,230100,Prov. Nusa Tenggara Barat,230000,7,3,110,4,4,2,1,41,21 Apr 2026 15:48:30,3CE63DD5DA0755066D9E
SMAS ISLAM SEKOTONG,50220659,SMA,Swasta,Kec. Sekotong,230101,Kab. Lombok Barat,230100,Prov. Nusa Tenggara Barat,230000,8,1,65,3,3,2,1,54,27 Apr 2026 09:07:28,39D5380A8C5062EE43B5
SMKN 1 SEKOTONG,50205727,SMK,Negeri,Kec. Sekotong,230101,Kab. Lombok Barat,230100,Prov. Nusa Tenggara Barat,230000,22,9,247,10,11,2,1,19,27 Apr 2026 08:59:27,E04A37B21071D9AD9C69
SMKN 2 SEKOTONG,50205728,SMK,Negeri,Kec. Sekotong,230101,Kab. Lombok Barat,230100,Prov. Nusa Tenggara Barat,230000,41,10,608,24,13,6,1,41,20 Apr 2026 08:43:48,27BCF9500E6FA26D2C5B
SMK PLUS DARUL QURAN WAL HADITS,69965436,SMK,Swasta,Kec. Sekotong,230101,Kab. Lombok Barat,230100,Prov. Nusa Tenggara Barat,230000,11,2,117,5,4,0,1,18,29 Apr 2026 23:42:03,D9FC6C89641F85210475
SD NEGERI 1 BADRAIN,50200891,SD,Negeri,Kec. Narmada,230105,Kab. Lombok Barat,230100,Prov. Nusa Tenggara Barat,230000,10,3,246,9,8,0,1,12,02 May 2026 12:34:24,EE868B181C6DBF8FDF65
SD NEGERI 1 BATU KUTA,50200883,SD,Negeri,Kec. Narmada,230105,Kab. Lombok Barat,230100,Prov. Nusa Tenggara Barat,230000,8,2,172,6,6,0,1,5,11 Apr 2026 06:53:56,4B1D56CC0E4533581EA4
SD NEGERI 1 DASAN TERENG,50200743,SD,Negeri,Kec. Narmada,230105,Kab. Lombok Barat,230100,Prov. Nusa Tenggara Barat,230000,16,4,354,12,12,0,1,13,27 Apr 2026 08:58:09,9CB987844C2DA03593AC
SD NEGERI 1 GERIMAK INDAH,50200760,SD,Negeri,Kec. Narmada,230105,Kab. Lombok Barat,230100,Prov. Nusa Tenggara Barat,230000,8,3,245,9,6,0,1,10,30 Apr 2026 09:16:33,23124041093036D8057D
SD NEGERI 1 KERU,50200729,SD,Negeri,Kec. Narmada,230105,Kab. Lombok Barat,230100,Prov. Nusa Tenggara Barat,230000,16,2,324,12,12,0,1,16,25 Apr 2026 21:23:11,FC3DE00D8F7D6166421F
SD NEGERI 1 KRAMA JAYA,50200739,SD,Negeri,Kec. Narmada,230105,Kab. Lombok Barat,230100,Prov. Nusa Tenggara Barat,230000,15,3,332,13,13,0,1,15,24 Apr 2026 09:04:04,F1C15786939790BCE73F
SD NEGERI 1 LEBAH SEMPAGA,50200731,SD,Negeri,Kec. Narmada,230105,Kab. Lombok Barat,230100,Prov. Nusa Tenggara Barat,230000,8,1,159,6,6,0,1,10,06 Mar 2026 08:22:12,F71000AEE3262B1AB22F
SD NEGERI 1 LEMBUAK,50200766,SD,Negeri,Kec. Narmada,230105,Kab. Lombok Barat,230100,Prov. Nusa Tenggara Barat,230000,8,1,101,6,6,0,1,15,02 May 2026 07:02:16,B36393A193C734A82A87
SD NEGERI 1 SEDAU,50200778,SD,Negeri,Kec. Narmada,230105,Kab. Lombok Barat,230100,Prov. Nusa Tenggara Barat,230000,9,2,198,7,6,0,1,8,06 Apr 2026 06:05:10,EA4030D172D819D91295
SD NEGERI 1 SELAT,50200774,SD,Negeri,Kec. Narmada,230105,Kab. Lombok Barat,230100,Prov. Nusa Tenggara Barat,230000,8,0,182,8,8,0,1,32,03 Apr 2026 09:43:16,AFE643C83E97F88F078D
SD NEGERI 1 SEMBUNG,50200772,SD,Negeri,Kec. Narmada,230105,Kab. Lombok Barat,230100,Prov. Nusa Tenggara Barat,230000,14,2,231,11,12,0,1,22,29 Apr 2026 09:26:34,56C3A9E5E28CD0E3FDC9
SD NEGERI 1 SESAOT,50200768,SD,Negeri,Kec. Narmada,230105,Kab. Lombok Barat,230100,Prov. Nusa Tenggara Barat,230000,10,2,132,6,8,0,1,7,23 Apr 2026 11:31:04,ED72D6C8F0CD1116B61A
SD NEGERI 1 SURANADI,50200785,SD,Negeri,Kec. Narmada,230105,Kab. Lombok Barat,230100,Prov. Nusa Tenggara Barat,230000,10,2,212,7,6,0,1,12,06 Apr 2026 07:09:19,5CE1AEC1E96B76EBCFA4
SD NEGERI 1 TANAK BEAK,50200783,SD,Negeri,Kec. Narmada,230105,Kab. Lombok Barat,230100,Prov. Nusa Tenggara Barat,230000,8,2,153,6,6,0,1,18,15 Apr 2026 07:22:26,B2F2944905259179531F
SD NEGERI 2 BADRAIN,50200242,SD,Negeri,Kec. Narmada,230105,Kab. Lombok Barat,230100,Prov. Nusa Tenggara Barat,230000,7,2,125,6,6,0,1,10,25 Apr 2026 11:24:31,DBCD63577A81D3EA5CE5
SD NEGERI 2 GERIMAK INDAH,50200216,SD,Negeri,Kec. Narmada,230105,Kab. Lombok Barat,230100,Prov. Nusa Tenggara Barat,230000,13,0,251,11,7,0,1,11,03 Mar 2026 19:07:33,526D830291EDA84DF973
SD NEGERI 2 KERU,50200310,SD,Negeri,Kec. Narmada,230105,Kab. Lombok Barat,230100,Prov. Nusa Tenggara Barat,230000,6,2,237,7,6,0,1,5,03 Mar 2026 10:15:26,8938D5E8F1A4E80E65D1
SD NEGERI 2 KRAMA JAYA,50200297,SD,Negeri,Kec. Narmada,230105,Kab. Lombok Barat,230100,Prov. Nusa Tenggara Barat,230000,10,1,277,8,7,0,1,10,14 Apr 2026 12:11:51,3C6A97DE9799A2E0B0AC
SD NEGERI 2 SEDAU,50200274,SD,Negeri,Kec. Narmada,230105,Kab. Lombok Barat,230100,Prov. Nusa Tenggara Barat,230000,8,2,148,6,5,0,1,10,21 Apr 2026 20:05:19,8D0F706A8D8E731A7A9D
SD NEGERI 2 SELAT,50200282,SD,Negeri,Kec. Narmada,230105,Kab. Lombok Barat,230100,Prov. Nusa Tenggara Barat,230000,7,4,159,6,6,0,1,13,28 Apr 2026 07:53:17,BB9334F64013685D649A
SD NEGERI 2 SESAOT,50200277,SD,Negeri,Kec. Narmada,230105,Kab. Lombok Barat,230100,Prov. Nusa Tenggara Barat,230000,16,2,316,12,12,0,1,20,07 Mar 2026 11:41:03,D989C6C9D4D299E35839
SD NEGERI 2 SURANADI,50200144,SD,Negeri,Kec. Narmada,230105,Kab. Lombok Barat,230100,Prov. Nusa Tenggara Barat,230000,7,2,182,6,6,0,1,11,28 Apr 2026 15:29:42,DF9747D3C10E5032FA63
SD NEGERI 2 TANAK BEAK,50200142,SD,Negeri,Kec. Narmada,230105,Kab. Lombok Barat,230100,Prov. Nusa Tenggara Barat,230000,8,3,93,6,6,0,1,7,23 Apr 2026 11:05:05,DEB5771F6593DB765DD6
SD NEGERI 3 GERIMAK INDAH,50200104,SD,Negeri,Kec. Narmada,230105,Kab. Lombok Barat,230100,Prov. Nusa Tenggara Barat,230000,7,1,139,6,7,0,0,8,24 Apr 2026 10:34:08,8B4C0034193EC200556A
SD NEGERI 3 SEDAU,50200186,SD,Negeri,Kec. Narmada,230105,Kab. Lombok Barat,230100,Prov. Nusa Tenggara Barat,230000,7,1,149,6,7,0,1,7,22 Apr 2026 06:57:07,CF007847659B8939FC9B
SD NEGERI 3 SURANADI,50205361,SD,Negeri,Kec. Narmada,230105,Kab. Lombok Barat,230100,Prov. Nusa Tenggara Barat,230000,10,2,175,7,7,0,1,13,27 Apr 2026 12:23:14,3828CB6E2198BABDFD0C
SD NEGERI 4 SURANADI,50200434,SD,Negeri,Kec. Narmada,230105,Kab. Lombok Barat,230100,Prov. Nusa Tenggara Barat,230000,12,2,216,10,7,1,1,9,29 Apr 2026 08:43:20,B76A7B7983EE19C57A70
SD NEGERI NYURLEMBANG,50200805,SD,Negeri,Kec. Narmada,230105,Kab. Lombok Barat,230100,Prov. Nusa Tenggara Barat,230000,10,1,189,8,7,0,1,17,28 Apr 2026 09:19:48,4AA162B1ED8C57963C42
SDN 1 BUWUN SEJATI,50200168,SD,Negeri,Kec. Narmada,230105,Kab. Lombok Barat,230100,Prov. Nusa Tenggara Barat,230000,13,4,274,11,9,1,1,19,07 Apr 2026 20:33:57,D43B36323A482237E91E
SDN 1 GOLONG,50200812,SD,Negeri,Kec. Narmada,230105,Kab. Lombok Barat,230100,Prov. Nusa Tenggara Barat,230000,9,0,182,8,6,0,1,13,29 Jan 2026 11:15:36,06072DBDE54A44D8736F
SDN 1 MEKARSARI,50200237,SD,Negeri,Kec. Narmada,230105,Kab. Lombok Barat,230100,Prov. Nusa Tenggara Barat,230000,8,2,226,8,6,0,1,23,27 Apr 2026 07:37:15,0B0C877373752939FCFF
SDN 1 NARMADA,50200288,SD,Negeri,Kec. Narmada,230105,Kab. Lombok Barat,230100,Prov. Nusa Tenggara Barat,230000,9,3,143,6,6,0,1,8,02 Apr 2026 06:45:46,9403701043460580B422
SDN 1 PAKUAN,50200291,SD,Negeri,Kec. Narmada,230105,Kab. Lombok Barat,230100,Prov. Nusa Tenggara Barat,230000,8,0,154,6,6,0,1,12,29 Apr 2026 09:09:06,2DB4AB3913FF73658622
SDN 1 PERESAK,50200203,SD,Negeri,Kec. Narmada,230105,Kab. Lombok Barat,230100,Prov. Nusa Tenggara Barat,230000,17,2,303,12,15,0,1,14,20 Apr 2026 07:21:07,FFF1DB378FC5AA7ADA12
SDN 2 BUWUN SEJATI,50200414,SD,Negeri,Kec. Narmada,230105,Kab. Lombok Barat,230100,Prov. Nusa Tenggara Barat,230000,11,1,204,8,8,0,0,10,24 Apr 2026 07:07:19,C6D437C568F543944271
SDN 2 DASAN TERENG,50200108,SD,Negeri,Kec. Narmada,230105,Kab. Lombok Barat,230100,Prov. Nusa Tenggara Barat,230000,13,1,228,11,8,0,1,16,30 Apr 2026 13:13:15,AFD6B95C05AC378EF1D8
SDN 2 GOLONG,50200270,SD,Negeri,Kec. Narmada,230105,Kab. Lombok Barat,230100,Prov. Nusa Tenggara Barat,230000,8,1,146,6,6,0,1,11,24 Apr 2026 18:04:26,B01F188B4BD8FB5019B8
SDN 2 LEBAH SEMPAGA,50200194,SD,Negeri,Kec. Narmada,230105,Kab. Lombok Barat,230100,Prov. Nusa Tenggara Barat,230000,10,2,228,9,6,0,1,14,02 May 2026 12:54:44,2E3C2AB600229176C06B
SDN 2 LEMBUAK,50200191,SD,Negeri,Kec. Narmada,230105,Kab. Lombok Barat,230100,Prov. Nusa Tenggara Barat,230000,8,2,153,6,5,0,1,15,23 Apr 2026 11:53:51,BB9E340EA74328F677AD
SDN 2 NARMADA,50200455,SD,Negeri,Kec. Narmada,230105,Kab. Lombok Barat,230100,Prov. Nusa Tenggara Barat,230000,7,1,118,6,6,0,1,14,10 Apr 2026 06:54:33,2DDC84B7359F8A4F25F6
SDN 2 PAKUAN,50200501,SD,Negeri,Kec. Narmada,230105,Kab. Lombok Barat,230100,Prov. Nusa Tenggara Barat,230000,8,1,107,6,5,0,1,17,02 May 2026 04:30:22,52F4B21E0AD9529C44BE
SDN 2 PERESAK,50200421,SD,Negeri,Kec. Narmada,230105,Kab. Lombok Barat,230100,Prov. Nusa Tenggara Barat,230000,7,1,111,6,6,0,1,20,11 Apr 2026 06:53:31,87DB08CBFE62DB3EE7AC
SDN 2 Sembung,69831948,SD,Negeri,Kec. Narmada,230105,Kab. Lombok Barat,230100,Prov. Nusa Tenggara Barat,230000,7,3,179,6,6,0,1,8,07 Apr 2026 20:22:39,070B20F81015D4748BAF
SDN 3 GOLONG,50200479,SD,Negeri,Kec. Narmada,230105,Kab. Lombok Barat,230100,Prov. Nusa Tenggara Barat,230000,10,1,192,8,6,0,1,8,10 Apr 2026 22:12:53,A085AB7AC7AB74C1A68E
SDN 3 LEBAH SEMPAGA,50200459,SD,Negeri,Kec. Narmada,230105,Kab. Lombok Barat,230100,Prov. Nusa Tenggara Barat,230000,8,2,70,6,5,0,0,16,29 Apr 2026 13:21:59,DEBBFA3CA00975934955
SDN 3 LEMBUAK,50200483,SD,Negeri,Kec. Narmada,230105,Kab. Lombok Barat,230100,Prov. Nusa Tenggara Barat,230000,12,2,214,9,9,0,1,14,06 Apr 2026 06:50:31,F33E3A0B0CDFD0383201
SDN 3 NARMADA,50200512,SD,Negeri,Kec. Narmada,230105,Kab. Lombok Barat,230100,Prov. Nusa Tenggara Barat,230000,17,2,388,13,13,0,1,9,11 Apr 2026 11:16:50,FDF31D585ED2DB67E9C9
SDN 3 PERESAK,50200504,SD,Negeri,Kec. Narmada,230105,Kab. Lombok Barat,230100,Prov. Nusa Tenggara Barat,230000,14,2,322,12,9,0,1,16,07 Apr 2026 05:11:42,EB5AC880FCBB27BC46C7
SDN 4 LEMBUAK,50200340,SD,Negeri,Kec. Narmada,230105,Kab. Lombok Barat,230100,Prov. Nusa Tenggara Barat,230000,9,2,110,6,7,0,1,10,29 Apr 2026 18:51:31,529FB6279D0A8C3E2638
SD TEGAR KELANA,50219967,SD,Swasta,Kec. Narmada,230105,Kab. Lombok Barat,230100,Prov. Nusa Tenggara Barat,230000,6,1,69,6,6,1,1,9,12 Apr 2026 18:16:10,59909A81F217FB2F67F4
SDI ASWAJA NURUL HIDAYAH,70056332,SD,Swasta,Kec. Narmada,230105,Kab. Lombok Barat,230100,Prov. Nusa Tenggara Barat,230000,1,1,53,4,5,0,0,7,15 Feb 2026 21:23:36,AFA8F36AF542342FE48A
SDI BAQIYYATUS SALAFIS SHALIH,70004629,SD,Swasta,Kec. Narmada,230105,Kab. Lombok Barat,230100,Prov. Nusa Tenggara Barat,230000,5,1,45,6,6,0,0,13,04 Apr 2026 20:16:15,B91FAD3426B037284E27
SDI DARUL MUSTOFA NW REPOK ATAS,70040600,SD,Swasta,Kec. Narmada,230105,Kab. Lombok Barat,230100,Prov. Nusa Tenggara Barat,230000,12,3,62,5,5,0,0,33,22 Mar 2026 17:19:16,71687F63580024E7F730
SDIT AMIRUL UMMAH,70045589,SD,Swasta,Kec. Narmada,230105,Kab. Lombok Barat,230100,Prov. Nusa Tenggara Barat,230000,2,1,40,4,4,0,0,7,04 Mar 2026 07:21:20,2BAA9672AA0FAC958729
SD-SMP SATU ATAP 1 NARMADA,50219422,SMP,Negeri,Kec. Narmada,230105,Kab. Lombok Barat,230100,Prov. Nusa Tenggara Barat,230000,8,3,42,3,3,1,1,23,02 Apr 2026 15:01:12,6034ADACCA20C23B3A79
SD-SMP SATU ATAP 2 NARMADA,50219457,SMP,Negeri,Kec. Narmada,230105,Kab. Lombok Barat,230100,Prov. Nusa Tenggara Barat,230000,7,1,33,3,3,1,1,18,25 Apr 2026 12:03:36,E1216BBD68B0BD56F271
SMP NEGERI 1 NARMADA,50200332,SMP,Negeri,Kec. Narmada,230105,Kab. Lombok Barat,230100,Prov. Nusa Tenggara Barat,230000,54,15,1207,31,31,2,1,25,23 Apr 2026 11:12:23,3D959F0E1E1BBA5B46E5
SMP NEGERI 2 NARMADA,50200397,SMP,Negeri,Kec. Narmada,230105,Kab. Lombok Barat,230100,Prov. Nusa Tenggara Barat,230000,18,4,220,8,12,1,1,24,27 Apr 2026 11:01:17,97094C25E1A64F8F9943
SMP NEGERI 3 NARMADA,50200411,SMP,Negeri,Kec. Narmada,230105,Kab. Lombok Barat,230100,Prov. Nusa Tenggara Barat,230000,21,8,302,10,11,2,1,12,27 Apr 2026 10:55:22,8502406E3C83855C2F00
SMP NEGERI 4 NARMADA,50200406,SMP,Negeri,Kec. Narmada,230105,Kab. Lombok Barat,230100,Prov. Nusa Tenggara Barat,230000,27,11,356,12,17,1,1,15,09 Apr 2026 14:48:30,EE4A6A3CB0DECEFB6BD3
SMP NEGERI 5 NARMADA,60724648,SMP,Negeri,Kec. Narmada,230105,Kab. Lombok Barat,230100,Prov. Nusa Tenggara Barat,230000,25,7,490,13,14,2,1,19,25 Apr 2026 09:01:08,404E252554F3286BFB5A
SMP DARUSSALAM PLUS,69950689,SMP,Swasta,Kec. Narmada,230105,Kab. Lombok Barat,230100,Prov. Nusa Tenggara Barat,230000,9,1,53,3,3,2,1,32,14 Apr 2026 05:46:49,7E259F7FE69BB9932143
SMP ISLAM Aal-HAFIDZY,70044610,SMP,Swasta,Kec. Narmada,230105,Kab. Lombok Barat,230100,Prov. Nusa Tenggara Barat,230000,9,1,36,3,3,0,1,18,09 Mar 2026 09:19:13,23268F34C0AC13D922D2
SMP Islam Al Kamal,50220509,SMP,Swasta,Kec. Narmada,230105,Kab. Lombok Barat,230100,Prov. Nusa Tenggara Barat,230000,8,2,168,6,10,2,1,14,15 Apr 2026 05:23:23,E60F45F574916382C079
SMP ISLAM IBADURRAHMAN TEMAS,70037157,SMP,Swasta,Kec. Narmada,230105,Kab. Lombok Barat,230100,Prov. Nusa Tenggara Barat,230000,2,3,73,3,4,0,0,9,07 Apr 2026 16:28:18,E3049467AA70EA297C20
SMP ISLAM MADINATUS SHAULATIYAH AL-HADI,70043515,SMP,Swasta,Kec. Narmada,230105,Kab. Lombok Barat,230100,Prov. Nusa Tenggara Barat,230000,10,2,76,3,3,0,1,12,02 May 2026 19:51:28,5C3854C738B6683CB237
SMP ISLAM MUNZALAN MUBAROKAN,70061019,SMP,Swasta,Kec. Narmada,230105,Kab. Lombok Barat,230100,Prov. Nusa Tenggara Barat,230000,0,0,0,0,0,0,0,0,,30ECC410DABE9F851956
SMP ISLAM ZIYADATUL KHAIR NW SALUT,50200322,SMP,Swasta,Kec. Narmada,230105,Kab. Lombok Barat,230100,Prov. Nusa Tenggara Barat,230000,5,1,29,3,3,1,1,18,22 Apr 2026 09:44:03,F93AF1DC601D7CB57FC1
SMP IT MIFTAHUL KHAIR,70004713,SMP,Swasta,Kec. Narmada,230105,Kab. Lombok Barat,230100,Prov. Nusa Tenggara Barat,230000,8,1,53,3,3,0,0,21,28 Apr 2026 08:21:56,D5382ECBD806B8FC5645
SMP MUHAMMADIYAH NARMADA,50200321,SMP,Swasta,Kec. Narmada,230105,Kab. Lombok Barat,230100,Prov. Nusa Tenggara Barat,230000,9,2,70,3,3,2,1,32,10 Apr 2026 11:04:10,8CFAD72A0C530D604062
SMP TEGAR KELANA,50219466,SMP,Swasta,Kec. Narmada,230105,Kab. Lombok Barat,230100,Prov. Nusa Tenggara Barat,230000,8,1,44,3,3,1,1,12,12 Apr 2026 20:16:39,49DDA7D3FB47F1881DF4
SMAN 1 NARMADA,50200380,SMA,Negeri,Kec. Narmada,230105,Kab. Lombok Barat,230100,Prov. Nusa Tenggara Barat,230000,73,27,2043,57,71,6,1,29,02 May 2026 07:56:12,1EA29303D1E8CFA84528
SMAN 2 NARMADA,69759070,SMA,Negeri,Kec. Narmada,230105,Kab. Lombok Barat,230100,Prov. Nusa Tenggara Barat,230000,26,15,366,12,15,3,1,22,14 Apr 2026 13:16:07,9DD90C285D28762B0AFC
SMAS ISLAM AL KAMAL NW,50220570,SMA,Swasta,Kec. Narmada,230105,Kab. Lombok Barat,230100,Prov. Nusa Tenggara Barat,230000,3,1,73,3,6,3,1,9,15 Apr 2026 05:01:41,DEA131CC3C9D348E8EC2
SMAS MUALLIMIN MUHAMMADIYAH LOMBOK BARAT,70035090,SMA,Swasta,Kec. Narmada,230105,Kab. Lombok Barat,230100,Prov. Nusa Tenggara Barat,230000,6,1,41,3,3,2,1,31,19 Apr 2026 21:47:16,564AB60F4972F20E7492
SMAS NW NARMADA,50200369,SMA,Swasta,Kec. Narmada,230105,Kab. Lombok Barat,230100,Prov. Nusa Tenggara Barat,230000,18,4,276,9,12,2,1,22,18 Apr 2026 10:23:13,A5BD837642F70FB64F29
SMAS TEGAR KELANA,50219467,SMA,Swasta,Kec. Narmada,230105,Kab. Lombok Barat,230100,Prov. Nusa Tenggara Barat,230000,5,0,178,6,6,2,1,13,09 Apr 2026 20:19:34,BC1B4CC438E40B92AB8A
SMKN 1 NARMADA,50220684,SMK,Negeri,Kec. Narmada,230105,Kab. Lombok Barat,230100,Prov. Nusa Tenggara Barat,230000,74,18,844,34,25,4,1,103,02 May 2026 10:05:15,5A3214E1897D3E9E452B
SMK 5758 AL MIFTAHUL KHAIRAT,69964527,SMK,Swasta,Kec. Narmada,230105,Kab. Lombok Barat,230100,Prov. Nusa Tenggara Barat,230000,10,2,87,3,3,0,0,20,24 Apr 2026 08:32:34,AFA353ECD89976F2784A
SMKS AL MAARIF RANTOK QAMARUL HUDA,69762690,SMK,Swasta,Kec. Narmada,230105,Kab. Lombok Barat,230100,Prov. Nusa Tenggara Barat,230000,6,1,70,3,3,0,1,5,12 Feb 2026 09:55:42,BA2C87D53048D46BA310
SMKS DARUSSALAM PLUS,60724614,SMK,Swasta,Kec. Narmada,230105,Kab. Lombok Barat,230100,Prov. Nusa Tenggara Barat,230000,8,1,32,3,3,0,0,26,05 Apr 2026 21:12:02,E9E8EBEE872CFAB0113D
SMKS ENTREPRENEUR AL-WASATH,70050123,SMK,Swasta,Kec. Narmada,230105,Kab. Lombok Barat,230100,Prov. Nusa Tenggara Barat,230000,8,3,24,2,0,0,0,26,02 May 2026 13:19:46,8623D92F0D691538226A
SMKS KEHUTANAN QAMARUL HUDA,60724635,SMK,Swasta,Kec. Narmada,230105,Kab. Lombok Barat,230100,Prov. Nusa Tenggara Barat,230000,10,1,51,3,3,0,0,14,04 Mar 2026 09:16:57,BC6629E9784D9901668C
SMKS TEGAR KELANA,60724609,SMK,Swasta,Kec. Narmada,230105,Kab. Lombok Barat,230100,Prov. Nusa Tenggara Barat,230000,15,1,62,5,3,1,1,14,07 Apr 2026 22:01:25,B125895C6E5AB060D6E9
SD NEGERI 1 BABUSSALAM,50200892,SD,Negeri,Kec. Gerung,230102,Kab. Lombok Barat,230100,Prov. Nusa Tenggara Barat,230000,13,2,221,10,9,0,1,20,16 Apr 2026 07:30:58,863E263A8C40FF626EE9
SD NEGERI 1 BANYU URIP,50200885,SD,Negeri,Kec. Gerung,230102,Kab. Lombok Barat,230100,Prov. Nusa Tenggara Barat,230000,8,2,232,6,6,0,1,16,16 Apr 2026 22:01:55,8A3057A94F814181D5E0
SD NEGERI 1 BELEKA,50200752,SD,Negeri,Kec. Gerung,230102,Kab. Lombok Barat,230100,Prov. Nusa Tenggara Barat,230000,15,3,346,12,10,0,1,15,27 Apr 2026 12:59:45,F7FFEE62765B2DB97C01
SD NEGERI 1 DASAN GERES,50200746,SD,Negeri,Kec. Gerung,230102,Kab. Lombok Barat,230100,Prov. Nusa Tenggara Barat,230000,9,3,212,7,6,0,1,26,17 Mar 2026 22:47:08,CE606B77DA7F1AF36655
SD NEGERI 1 DASAN TAPEN,50200744,SD,Negeri,Kec. Gerung,230102,Kab. Lombok Barat,230100,Prov. Nusa Tenggara Barat,230000,7,3,104,6,7,0,1,10,22 Apr 2026 11:15:35,9A108C3F2E60C334F760
SD NEGERI 1 GAPUK,50200764,SD,Negeri,Kec. Gerung,230102,Kab. Lombok Barat,230100,Prov. Nusa Tenggara Barat,230000,7,1,179,6,6,0,1,17,28 Apr 2026 10:42:28,7B6B12DBF1F73109A17C
SD NEGERI 1 GERUNG SELATAN,50200759,SD,Negeri,Kec. Gerung,230102,Kab. Lombok Barat,230100,Prov. Nusa Tenggara Barat,230000,12,0,223,10,8,0,1,15,21 Apr 2026 13:49:23,9CC886D7852A05B37A91
SD NEGERI 1 GERUNG UTARA,50200758,SD,Negeri,Kec. Gerung,230102,Kab. Lombok Barat,230100,Prov. Nusa Tenggara Barat,230000,23,1,600,19,16,0,1,17,25 Apr 2026 10:29:49,8AF461E990C201F08C2E
SD NEGERI 1 SUKA MAKMUR,50200787,SD,Negeri,Kec. Gerung,230102,Kab. Lombok Barat,230100,Prov. Nusa Tenggara Barat,230000,8,2,146,6,6,0,1,10,30 Apr 2026 13:37:46,971775207BC114EB4BAE
SD NEGERI 1 TEMPOS,50200260,SD,Negeri,Kec. Gerung,230102,Kab. Lombok Barat,230100,Prov. Nusa Tenggara Barat,230000,9,2,205,7,6,0,1,9,06 Mar 2026 21:47:57,97BDB8376EDE40F582ED
SD NEGERI 2 BABUSSALAM,50200243,SD,Negeri,Kec. Gerung,230102,Kab. Lombok Barat,230100,Prov. Nusa Tenggara Barat,230000,9,1,189,8,7,0,1,27,26 Mar 2026 08:42:06,0CFA3010528CE50AB8AB
SD NEGERI 2 BANYU URIP,50200238,SD,Negeri,Kec. Gerung,230102,Kab. Lombok Barat,230100,Prov. Nusa Tenggara Barat,230000,8,0,78,6,5,0,1,11,07 Apr 2026 08:27:40,B1698CEA147194022E61
SD NEGERI 2 BELEKA,50200256,SD,Negeri,Kec. Gerung,230102,Kab. Lombok Barat,230100,Prov. Nusa Tenggara Barat,230000,16,2,315,12,12,0,1,25,07 Apr 2026 08:48:59,698884C9F2C48AFAF49E
SD NEGERI 2 DASAN GERES,50200252,SD,Negeri,Kec. Gerung,230102,Kab. Lombok Barat,230100,Prov. Nusa Tenggara Barat,230000,7,1,146,6,7,0,1,24,28 Apr 2026 06:39:18,A298E95E180F5531E491
SD NEGERI 2 GAPUK,50200220,SD,Negeri,Kec. Gerung,230102,Kab. Lombok Barat,230100,Prov. Nusa Tenggara Barat,230000,9,3,211,8,8,0,2,9,25 Apr 2026 09:43:37,68A0B8649D7ABA334807
SD NEGERI 2 GERUNG SELATAN,50205353,SD,Negeri,Kec. Gerung,230102,Kab. Lombok Barat,230100,Prov. Nusa Tenggara Barat,230000,9,1,102,6,6,0,1,9,27 Apr 2026 08:28:04,66AB8F7FAE357E1DBB92
SD NEGERI 2 GERUNG UTARA,50200215,SD,Negeri,Kec. Gerung,230102,Kab. Lombok Barat,230100,Prov. Nusa Tenggara Barat,230000,16,1,260,12,7,0,1,14,24 Apr 2026 08:01:54,3F959DA88524030ABB53
SD NEGERI 2 SUKA MAKMUR,50200146,SD,Negeri,Kec. Gerung,230102,Kab. Lombok Barat,230100,Prov. Nusa Tenggara Barat,230000,9,1,104,6,6,0,1,11,05 Mar 2026 09:02:56,1812D72728EA74B33888
SD NEGERI 2 TEMPOS,50200137,SD,Negeri,Kec. Gerung,230102,Kab. Lombok Barat,230100,Prov. Nusa Tenggara Barat,230000,9,2,131,6,6,0,1,9,03 Mar 2026 11:39:53,1DE6527FDC0590298DE2
SD NEGERI 3 BABUSSALAM,50200157,SD,Negeri,Kec. Gerung,230102,Kab. Lombok Barat,230100,Prov. Nusa Tenggara Barat,230000,8,2,174,6,5,0,1,9,30 Apr 2026 11:36:28,EF7B35ABA59D236C15A1
SD NEGERI 3 BELEKA,50200135,SD,Negeri,Kec. Gerung,230102,Kab. Lombok Barat,230100,Prov. Nusa Tenggara Barat,230000,15,2,333,12,11,0,1,24,28 Apr 2026 11:15:35,1D5F2310A98D3BC43CB4
SD NEGERI 3 DASAN GERES,50200109,SD,Negeri,Kec. Gerung,230102,Kab. Lombok Barat,230100,Prov. Nusa Tenggara Barat,230000,7,2,112,6,6,0,1,12,08 Mar 2026 00:16:32,128592C9CC22510530DA
SD NEGERI 3 GERUNG SELATAN,50200103,SD,Negeri,Kec. Gerung,230102,Kab. Lombok Barat,230100,Prov. Nusa Tenggara Barat,230000,7,2,127,6,5,0,3,17,08 Apr 2026 21:29:52,A3EB64A57D07B95CF9E7
SD NEGERI 3 GERUNG UTARA,50200102,SD,Negeri,Kec. Gerung,230102,Kab. Lombok Barat,230100,Prov. Nusa Tenggara Barat,230000,9,1,179,8,8,0,0,20,22 Apr 2026 11:37:15,A6CC125747C76990F773
SD NEGERI 3 SUKA MAKMUR,50200164,SD,Negeri,Kec. Gerung,230102,Kab. Lombok Barat,230100,Prov. Nusa Tenggara Barat,230000,9,3,192,7,6,0,1,14,27 Apr 2026 09:12:08,4498D5DE75FE81175D93
SD NEGERI 3 TEMPOS,50200182,SD,Negeri,Kec. Gerung,230102,Kab. Lombok Barat,230100,Prov. Nusa Tenggara Barat,230000,8,1,114,6,6,0,1,14,05 Apr 2026 04:23:09,C0C4A6BB3D1AFD20AD98
SD NEGERI 4 BABUSSALAM,50205363,SD,Negeri,Kec. Gerung,230102,Kab. Lombok Barat,230100,Prov. Nusa Tenggara Barat,230000,8,1,119,6,6,0,0,12,25 Apr 2026 10:03:14,87A3AE8367C24FD2460F
SD NEGERI 4 DASAN GERES,50200311,SD,Negeri,Kec. Gerung,230102,Kab. Lombok Barat,230100,Prov. Nusa Tenggara Barat,230000,11,1,248,9,9,0,1,21,24 Apr 2026 08:14:05,7EBB034D503FE5BA5BBF
SD NEGERI 4 GERUNG UTARA,50200447,SD,Negeri,Kec. Gerung,230102,Kab. Lombok Barat,230100,Prov. Nusa Tenggara Barat,230000,16,3,234,12,9,0,1,26,30 Apr 2026 09:28:14,760F895450D68A186FAE
SD NEGERI 5 BABUSSALAM,50219478,SD,Negeri,Kec. Gerung,230102,Kab. Lombok Barat,230100,Prov. Nusa Tenggara Barat,230000,10,1,191,8,6,0,1,13,21 Apr 2026 11:04:47,AF025D79990D4D5AE219
SDN 1 GIRI TEMBESI,50200153,SD,Negeri,Kec. Gerung,230102,Kab. Lombok Barat,230100,Prov. Nusa Tenggara Barat,230000,7,1,124,6,6,0,1,10,07 Apr 2026 11:02:21,946033AD640F84D77350
SDN 1 KEBON AYU,50200226,SD,Negeri,Kec. Gerung,230102,Kab. Lombok Barat,230100,Prov. Nusa Tenggara Barat,230000,8,3,108,6,6,0,1,8,29 Apr 2026 09:09:47,57C081D741AFA8E4C47C
SDN 1 MESANGGOK,50200106,SD,Negeri,Kec. Gerung,230102,Kab. Lombok Barat,230100,Prov. Nusa Tenggara Barat,230000,7,0,180,7,7,0,1,13,06 Apr 2026 10:56:08,0418222AB9F4F3DE0ADD
SDN 1 TAMAN AYU,50200721,SD,Negeri,Kec. Gerung,230102,Kab. Lombok Barat,230100,Prov. Nusa Tenggara Barat,230000,9,2,169,6,6,0,1,15,28 Apr 2026 09:18:23,D5D75ACEC96587EDD926
SDN 2 DASAN TAPEN,50205351,SD,Negeri,Kec. Gerung,230102,Kab. Lombok Barat,230100,Prov. Nusa Tenggara Barat,230000,9,2,193,6,6,0,1,15,07 Mar 2026 12:28:57,D8F479186CBD9011EFF8
SDN 2 GIRI TEMBESI,50200180,SD,Negeri,Kec. Gerung,230102,Kab. Lombok Barat,230100,Prov. Nusa Tenggara Barat,230000,8,2,99,6,6,0,1,12,16 Apr 2026 12:22:48,7CA447A378A96CBD887B
SDN 2 KEBON AYU,50200118,SD,Negeri,Kec. Gerung,230102,Kab. Lombok Barat,230100,Prov. Nusa Tenggara Barat,230000,9,1,132,7,6,0,1,15,16 Feb 2026 17:13:54,E3F0E19400E3785902F6
SDN 2 MESANGGOK,50200449,SD,Negeri,Kec. Gerung,230102,Kab. Lombok Barat,230100,Prov. Nusa Tenggara Barat,230000,8,1,103,6,7,0,1,20,25 Apr 2026 08:23:19,0008151279AD48A2A2D0
SDN 2 TAMAN AYU,50200440,SD,Negeri,Kec. Gerung,230102,Kab. Lombok Barat,230100,Prov. Nusa Tenggara Barat,230000,10,0,122,6,5,0,0,16,27 Apr 2026 11:51:09,B2E3580973789E729FD6
SDN 3 BANYU URIP,50200426,SD,Negeri,Kec. Gerung,230102,Kab. Lombok Barat,230100,Prov. Nusa Tenggara Barat,230000,7,2,168,6,6,0,1,12,24 Apr 2026 09:40:15,8621186407002A4DEE81
SDN 3 KEBON AYU,50200487,SD,Negeri,Kec. Gerung,230102,Kab. Lombok Barat,230100,Prov. Nusa Tenggara Barat,230000,9,0,153,8,6,0,1,13,02 Apr 2026 06:53:30,6C79B3EDD7155B35C07A
SDN 3 TAMAN AYU,50200495,SD,Negeri,Kec. Gerung,230102,Kab. Lombok Barat,230100,Prov. Nusa Tenggara Barat,230000,6,1,104,6,5,0,1,10,25 Apr 2026 07:47:40,BC794BEFA030848721EC
SDN 4 BANYU URIP,50200470,SD,Negeri,Kec. Gerung,230102,Kab. Lombok Barat,230100,Prov. Nusa Tenggara Barat,230000,8,0,182,6,6,0,1,22,29 Apr 2026 07:28:25,D9DF3C20BA13B5F779DD
SDN 4 TAMAN AYU,50200344,SD,Negeri,Kec. Gerung,230102,Kab. Lombok Barat,230100,Prov. Nusa Tenggara Barat,230000,9,3,192,7,7,0,1,37,29 Apr 2026 21:44:27,D606409A423E40D178EC
SD GREEN ISLAMIC SCHOOL ULUL ALBAB,70011800,SD,Swasta,Kec. Gerung,230102,Kab. Lombok Barat,230100,Prov. Nusa Tenggara Barat,230000,8,3,118,6,4,2,2,21,14 Apr 2026 20:16:26,D9FCF5EC05706697E0E1
SD ISLAM TERPADU AL MAHMUD,70047556,SD,Swasta,Kec. Gerung,230102,Kab. Lombok Barat,230100,Prov. Nusa Tenggara Barat,230000,5,5,75,4,4,0,0,3,27 Jan 2026 14:18:28,F1B9C45C43D3B374E538
SD ISLAM TERPADU AL WILDAN,70002113,SD,Swasta,Kec. Gerung,230102,Kab. Lombok Barat,230100,Prov. Nusa Tenggara Barat,230000,20,2,277,14,6,0,1,19,02 Apr 2026 10:22:45,55BBA92A05841D93EFD7
SD-IT ALAMUL HUDA,70028717,SD,Swasta,Kec. Gerung,230102,Kab. Lombok Barat,230100,Prov. Nusa Tenggara Barat,230000,8,1,161,7,6,0,0,27,28 Apr 2026 14:29:10,552D5D5AD5E648AD9C9B
SDIT DARUL MUTTAQIN,70029097,SD,Swasta,Kec. Gerung,230102,Kab. Lombok Barat,230100,Prov. Nusa Tenggara Barat,230000,7,1,57,5,6,0,0,10,18 Apr 2026 10:18:34,4C1CAD6E32C8552F0173
SMP NEGERI 1 GERUNG,50200316,SMP,Negeri,Kec. Gerung,230102,Kab. Lombok Barat,230100,Prov. Nusa Tenggara Barat,230000,54,10,1064,29,31,2,1,37,29 Apr 2026 08:27:02,56F7DEF457D53B364CA6
SMP NEGERI 2 GERUNG,50200326,SMP,Negeri,Kec. Gerung,230102,Kab. Lombok Barat,230100,Prov. Nusa Tenggara Barat,230000,23,4,291,11,16,4,1,30,29 Apr 2026 07:42:22,EA3B3E0B6FCD4044FDA8
SMP NEGERI 3 GERUNG,50200392,SMP,Negeri,Kec. Gerung,230102,Kab. Lombok Barat,230100,Prov. Nusa Tenggara Barat,230000,24,7,330,12,12,1,1,17,15 Apr 2026 21:05:48,4C996A9A4D4D5521FC92
SMP NEGERI 4 GERUNG,50200408,SMP,Negeri,Kec. Gerung,230102,Kab. Lombok Barat,230100,Prov. Nusa Tenggara Barat,230000,36,15,607,19,28,2,1,13,27 Apr 2026 07:15:53,D8B66A85985DA6EF2289
SMP NEGERI 5 GERUNG,50219571,SMP,Negeri,Kec. Gerung,230102,Kab. Lombok Barat,230100,Prov. Nusa Tenggara Barat,230000,13,11,123,6,11,3,1,13,10 Apr 2026 13:00:06,8DFE57602D5D160D35D4
SMP HIZBUN NAJAH NW TEMPOS,60724622,SMP,Swasta,Kec. Gerung,230102,Kab. Lombok Barat,230100,Prov. Nusa Tenggara Barat,230000,16,1,146,5,7,2,1,36,01 May 2026 22:08:36,BD883B19E6DF63E6197B
SMP ISLAM AL - MUJAHIDIN TEMPOS,69772999,SMP,Swasta,Kec. Gerung,230102,Kab. Lombok Barat,230100,Prov. Nusa Tenggara Barat,230000,11,1,42,3,3,1,1,25,09 Apr 2026 18:56:57,AA3B25D2C40F52FF986D
SMP ISLAM ANNAWAWI NW DASAN TAPEN,70053358,SMP,Swasta,Kec. Gerung,230102,Kab. Lombok Barat,230100,Prov. Nusa Tenggara Barat,230000,3,0,0,0,0,0,0,0,,9F627C44BDA60C4D90CF
SMP ISLAM DARUNNADWAH,50205381,SMP,Swasta,Kec. Gerung,230102,Kab. Lombok Barat,230100,Prov. Nusa Tenggara Barat,230000,8,2,133,6,7,0,1,22,18 Apr 2026 07:13:09,00594FDAB8C515904DB0
SMP ISLAM DARUSSALAM BERMI,69989735,SMP,Swasta,Kec. Gerung,230102,Kab. Lombok Barat,230100,Prov. Nusa Tenggara Barat,230000,12,1,150,6,9,1,1,58,04 Apr 2026 10:09:29,29F089743ADA288DD78A
SMP ISLAM MUBAROK,70003661,SMP,Swasta,Kec. Gerung,230102,Kab. Lombok Barat,230100,Prov. Nusa Tenggara Barat,230000,9,2,37,3,3,0,0,15,29 Apr 2026 18:23:58,B9F38A71F6111EBCFECF
SMP ISLAM TERPADU ASSHOHWAH AL ISLAMIYAH,69889037,SMP,Swasta,Kec. Gerung,230102,Kab. Lombok Barat,230100,Prov. Nusa Tenggara Barat,230000,17,1,224,9,6,1,1,16,22 Apr 2026 10:07:35,1837F460122DE181DB34
SMP ISLAM TERPADU DARUL WAHDAH,69908604,SMP,Swasta,Kec. Gerung,230102,Kab. Lombok Barat,230100,Prov. Nusa Tenggara Barat,230000,6,1,115,4,3,1,1,10,19 Mar 2026 08:23:58,96E2EA4638F0598E7077
SMP ISLAM ZAINUL HAFIZIN,70014664,SMP,Swasta,Kec. Gerung,230102,Kab. Lombok Barat,230100,Prov. Nusa Tenggara Barat,230000,11,3,162,6,5,0,1,22,29 Apr 2026 14:24:06,C32784FE3AC6F9606E7D
SMPIT NABIL HASYIM AL-HASYIMIAH,70004768,SMP,Swasta,Kec. Gerung,230102,Kab. Lombok Barat,230100,Prov. Nusa Tenggara Barat,230000,9,1,79,3,6,0,0,21,30 Apr 2026 20:34:38,CFA63BC468C596A65FA6
SMAN 1 GERUNG,50200376,SMA,Negeri,Kec. Gerung,230102,Kab. Lombok Barat,230100,Prov. Nusa Tenggara Barat,230000,64,29,1220,35,34,8,1,30,25 Apr 2026 15:51:07,A98B1F09E639949875E4
SMAN 2 GERUNG,50220295,SMA,Negeri,Kec. Gerung,230102,Kab. Lombok Barat,230100,Prov. Nusa Tenggara Barat,230000,27,13,374,11,17,4,1,33,29 Apr 2026 10:04:29,36B41887CBCCDA722778
SMA ISLAM MUBAROK,70038814,SMA,Swasta,Kec. Gerung,230102,Kab. Lombok Barat,230100,Prov. Nusa Tenggara Barat,230000,4,0,32,3,3,0,0,13,29 Mar 2026 11:03:57,2B8F64E5F12C1E23E680
SMA ISLAM TERPADU DARUL WAHDAH,69989773,SMA,Swasta,Kec. Gerung,230102,Kab. Lombok Barat,230100,Prov. Nusa Tenggara Barat,230000,2,1,56,3,3,5,1,6,26 Feb 2026 10:57:46,9E9CD00C2DC20FFC7841
SMA ISLAM ZAINUL HAFIZIN,70039004,SMA,Swasta,Kec. Gerung,230102,Kab. Lombok Barat,230100,Prov. Nusa Tenggara Barat,230000,6,2,42,3,3,0,1,33,09 Apr 2026 09:24:48,37B275EB26FE0AF187C4
SMA IT NABIL HASYIM AL HASYIMIYAH,70011719,SMA,Swasta,Kec. Gerung,230102,Kab. Lombok Barat,230100,Prov. Nusa Tenggara Barat,230000,6,1,71,3,4,2,2,24,01 May 2026 09:38:22,FE5C7EC15EC2B10535A5
SMAS DARUNNADWAH,50205411,SMA,Swasta,Kec. Gerung,230102,Kab. Lombok Barat,230100,Prov. Nusa Tenggara Barat,230000,5,1,91,3,3,0,0,11,26 Apr 2026 19:06:28,A847C60C3CE063D4843A
SMKN 1 GERUNG,50200388,SMK,Negeri,Kec. Gerung,230102,Kab. Lombok Barat,230100,Prov. Nusa Tenggara Barat,230000,59,19,941,32,18,1,1,48,30 Apr 2026 18:02:16,A7560A6687C875958E2F
SMKN 2 GERUNG,50220769,SMK,Negeri,Kec. Gerung,230102,Kab. Lombok Barat,230100,Prov. Nusa Tenggara Barat,230000,42,11,489,24,18,2,1,1,27 Apr 2026 12:03:02,9922C7F477322BE95DEA
SMK HIZBUN NAJAH NW BANYU URIP,69786776,SMK,Swasta,Kec. Gerung,230102,Kab. Lombok Barat,230100,Prov. Nusa Tenggara Barat,230000,10,2,106,4,6,1,1,21,18 Mar 2026 21:41:55,A56FB1B1CC58D8635C30
SMK NW Dasan Tapen,69896861,SMK,Swasta,Kec. Gerung,230102,Kab. Lombok Barat,230100,Prov. Nusa Tenggara Barat,230000,6,1,50,3,5,0,0,10,21 Apr 2026 11:02:18,A73CFC4268CDCEE32708
SMKS ISLAM AL MUJAHIDIN,69756261,SMK,Swasta,Kec. Gerung,230102,Kab. Lombok Barat,230100,Prov. Nusa Tenggara Barat,230000,8,1,33,3,3,1,1,9,14 Apr 2026 09:09:29,5D13EBCECF533F2D698B
SMKS ISLAM AL MUSLIMUN NW,50220569,SMK,Swasta,Kec. Gerung,230102,Kab. Lombok Barat,230100,Prov. Nusa Tenggara Barat,230000,13,3,62,3,4,0,0,1,07 Apr 2026 09:09:59,96770C530FDD8676CB89
SMKS ISLAM DARUNNADWAH,50205730,SMK,Swasta,Kec. Gerung,230102,Kab. Lombok Barat,230100,Prov. Nusa Tenggara Barat,230000,5,1,68,3,3,1,0,7,20 Apr 2026 09:45:07,09A1E76D45C655635E4B
SMKS ISLAM MANBAUL ULUM,50200404,SMK,Swasta,Kec. Gerung,230102,Kab. Lombok Barat,230100,Prov. Nusa Tenggara Barat,230000,11,1,122,9,9,0,1,12,26 Apr 2026 21:35:28,5D64940A87810D1E95BD
SD NEGERI 1 DOPANG,50200753,SD,Negeri,Kec. Gunung Sari,230106,Kab. Lombok Barat,230100,Prov. Nusa Tenggara Barat,230000,15,3,312,12,7,0,1,39,30 Apr 2026 22:35:57,9531BC9B8A487716B873
SD NEGERI 1 GUNTUR MACAN,50200755,SD,Negeri,Kec. Gunung Sari,230106,Kab. Lombok Barat,230100,Prov. Nusa Tenggara Barat,230000,8,1,162,6,6,0,1,15,28 Apr 2026 07:18:54,611C1CBBD96920D02E69
SD NEGERI 1 GUNUNGSARI,50200742,SD,Negeri,Kec. Gunung Sari,230106,Kab. Lombok Barat,230100,Prov. Nusa Tenggara Barat,230000,14,1,265,12,12,0,1,22,27 Apr 2026 12:48:36,1821CB646539DE16D244
SD NEGERI 1 JATISELA,50200727,SD,Negeri,Kec. Gunung Sari,230106,Kab. Lombok Barat,230100,Prov. Nusa Tenggara Barat,230000,7,1,197,7,7,0,1,13,25 Apr 2026 09:14:06,0195A9097E6F22D82B4A
SD NEGERI 1 KEKAIT,50200718,SD,Negeri,Kec. Gunung Sari,230106,Kab. Lombok Barat,230100,Prov. Nusa Tenggara Barat,230000,12,1,236,10,11,0,1,29,30 Apr 2026 12:03:19,B6AEFE6C65FD38B52D7A
SD NEGERI 1 KEKERI,50200728,SD,Negeri,Kec. Gunung Sari,230106,Kab. Lombok Barat,230100,Prov. Nusa Tenggara Barat,230000,14,2,297,12,7,0,1,23,23 Apr 2026 10:09:56,4AAF21DD5ACC50FA6453
SD NEGERI 1 MAMBALAN,50200803,SD,Negeri,Kec. Gunung Sari,230106,Kab. Lombok Barat,230100,Prov. Nusa Tenggara Barat,230000,7,3,196,7,7,0,1,7,27 Apr 2026 09:05:34,4DF3366EBA6B702AD66D
SD NEGERI 1 MEKARSARI,50200800,SD,Negeri,Kec. Gunung Sari,230106,Kab. Lombok Barat,230100,Prov. Nusa Tenggara Barat,230000,9,3,180,6,6,0,0,23,24 Apr 2026 07:39:48,102681980913F4508479
SD NEGERI 1 MIDANG,50200797,SD,Negeri,Kec. Gunung Sari,230106,Kab. Lombok Barat,230100,Prov. Nusa Tenggara Barat,230000,16,3,318,13,13,0,1,8,24 Apr 2026 10:53:21,09E18CC0A6166C6D6F44
SD NEGERI 1 PENIMBUNG,50200814,SD,Negeri,Kec. Gunung Sari,230106,Kab. Lombok Barat,230100,Prov. Nusa Tenggara Barat,230000,8,3,212,6,6,0,1,21,28 Apr 2026 11:05:21,5A9B503313F7A61B6C38
SD NEGERI 1 SESELA,50200779,SD,Negeri,Kec. Gunung Sari,230106,Kab. Lombok Barat,230100,Prov. Nusa Tenggara Barat,230000,9,2,185,6,10,0,1,16,29 Apr 2026 08:30:47,2E5A2EC7A87E358B92A4
SD NEGERI 1 TAMANSARI,50200784,SD,Negeri,Kec. Gunung Sari,230106,Kab. Lombok Barat,230100,Prov. Nusa Tenggara Barat,230000,15,0,418,15,15,0,1,43,25 Apr 2026 07:18:36,0768C5AD831591CA6865
SD NEGERI 2 GUNTUR MACAN,50200211,SD,Negeri,Kec. Gunung Sari,230106,Kab. Lombok Barat,230100,Prov. Nusa Tenggara Barat,230000,7,1,77,6,5,0,1,11,07 Apr 2026 11:02:15,65D74D4A0DED6A1CD46A
SD NEGERI 2 GUNUNGSARI,50200221,SD,Negeri,Kec. Gunung Sari,230106,Kab. Lombok Barat,230100,Prov. Nusa Tenggara Barat,230000,9,1,165,7,6,1,1,9,27 Apr 2026 10:57:59,A7B23CC8CE9C494FE787
SD NEGERI 2 JATISELA,50200232,SD,Negeri,Kec. Gunung Sari,230106,Kab. Lombok Barat,230100,Prov. Nusa Tenggara Barat,230000,9,2,163,7,8,0,1,14,30 Apr 2026 09:53:36,67D50446FA9E8018DBA8
SD NEGERI 2 KEKERI,50200261,SD,Negeri,Kec. Gunung Sari,230106,Kab. Lombok Barat,230100,Prov. Nusa Tenggara Barat,230000,10,2,281,9,9,0,1,20,28 Apr 2026 17:52:17,F7E7826ECDBD1A5F3D2E
SD NEGERI 2 MAMBALAN,50200308,SD,Negeri,Kec. Gunung Sari,230106,Kab. Lombok Barat,230100,Prov. Nusa Tenggara Barat,230000,7,1,138,6,6,0,1,13,09 Apr 2026 09:51:16,5B17C988A92746115283
SD NEGERI 2 MIDANG,50200302,SD,Negeri,Kec. Gunung Sari,230106,Kab. Lombok Barat,230100,Prov. Nusa Tenggara Barat,230000,8,4,145,6,6,0,1,16,28 Apr 2026 10:12:13,215777C8A70C3D2135D6
SD NEGERI 2 SESELA,50200276,SD,Negeri,Kec. Gunung Sari,230106,Kab. Lombok Barat,230100,Prov. Nusa Tenggara Barat,230000,8,0,184,6,6,0,1,19,27 Apr 2026 08:00:32,A6C542140ADAB570A48D
SD NEGERI 2 TAMANSARI,50200143,SD,Negeri,Kec. Gunung Sari,230106,Kab. Lombok Barat,230100,Prov. Nusa Tenggara Barat,230000,11,2,203,9,10,0,1,20,27 Apr 2026 08:00:19,E98E61B82EFDD205F070
SD NEGERI 3 GUNUNGSARI,50200133,SD,Negeri,Kec. Gunung Sari,230106,Kab. Lombok Barat,230100,Prov. Nusa Tenggara Barat,230000,14,2,365,12,10,0,0,16,09 Apr 2026 09:33:16,2F9DF4BEABDF48BFED86
SD NEGERI 3 KEKAIT,50200115,SD,Negeri,Kec. Gunung Sari,230106,Kab. Lombok Barat,230100,Prov. Nusa Tenggara Barat,230000,8,0,202,6,6,0,1,5,20 Apr 2026 19:45:40,65BEA6F7733F955070F8
SD NEGERI 3 MEKARSARI,50220455,SD,Negeri,Kec. Gunung Sari,230106,Kab. Lombok Barat,230100,Prov. Nusa Tenggara Barat,230000,10,2,77,6,6,0,0,24,23 Apr 2026 09:39:24,A5A6D1475BF94C4AF2FE
SD NEGERI 3 MIDANG,50200208,SD,Negeri,Kec. Gunung Sari,230106,Kab. Lombok Barat,230100,Prov. Nusa Tenggara Barat,230000,8,2,179,7,7,0,1,15,24 Apr 2026 08:35:04,EF7AD76B9612EC6612D6
SD NEGERI 3 SESELA,50200167,SD,Negeri,Kec. Gunung Sari,230106,Kab. Lombok Barat,230100,Prov. Nusa Tenggara Barat,230000,11,2,150,7,10,0,1,15,05 Mar 2026 19:22:28,C9E13181C90F4D8B5F7B
SD NEGERI 3 TAMANSARI,50200162,SD,Negeri,Kec. Gunung Sari,230106,Kab. Lombok Barat,230100,Prov. Nusa Tenggara Barat,230000,11,1,229,10,10,0,1,25,08 Apr 2026 06:37:27,BF4498AAADECCC808488
SD NEGERI 4 MEKARSARI,50220457,SD,Negeri,Kec. Gunung Sari,230106,Kab. Lombok Barat,230100,Prov. Nusa Tenggara Barat,230000,8,1,42,6,6,0,0,21,16 Apr 2026 10:39:55,5333D2689A2DA99CA08F
SDN 1 BUKIT TINGGI,50200272,SD,Negeri,Kec. Gunung Sari,230106,Kab. Lombok Barat,230100,Prov. Nusa Tenggara Barat,230000,8,2,110,6,6,0,1,24,02 May 2026 08:19:35,7063F2F34FD2AC5D4ACC
SDN 1 GELANGSAR,50200188,SD,Negeri,Kec. Gunung Sari,230106,Kab. Lombok Barat,230100,Prov. Nusa Tenggara Barat,230000,8,2,134,6,6,0,1,30,28 Apr 2026 07:23:19,2CB186CF9CE7394D8F1D
SDN 1 JERINGO,50200452,SD,Negeri,Kec. Gunung Sari,230106,Kab. Lombok Barat,230100,Prov. Nusa Tenggara Barat,230000,8,2,170,6,6,0,1,13,05 Apr 2026 19:06:13,F5503A84F6B0A074120D
SDN 1 RANJOK,50200236,SD,Negeri,Kec. Gunung Sari,230106,Kab. Lombok Barat,230100,Prov. Nusa Tenggara Barat,230000,8,2,150,6,5,0,1,13,04 Apr 2026 21:22:17,ADBE2256CEC045BC5B54
SDN 2 BUKIT TINGGI,69831947,SD,Negeri,Kec. Gunung Sari,230106,Kab. Lombok Barat,230100,Prov. Nusa Tenggara Barat,230000,8,1,125,6,6,0,0,11,30 Apr 2026 08:13:09,A3D6B2CD27267EC78CB7
SDN 2 GELANGSAR,50200509,SD,Negeri,Kec. Gunung Sari,230106,Kab. Lombok Barat,230100,Prov. Nusa Tenggara Barat,230000,7,1,114,6,6,0,1,6,06 Feb 2026 09:37:30,34121DA821CAC0446538
SDN 2 kekait,50200210,SD,Negeri,Kec. Gunung Sari,230106,Kab. Lombok Barat,230100,Prov. Nusa Tenggara Barat,230000,7,2,147,6,6,0,1,12,08 Apr 2026 01:39:35,E9FD78D4B3457574A998
SDN 2 MEKARSARI,50200305,SD,Negeri,Kec. Gunung Sari,230106,Kab. Lombok Barat,230100,Prov. Nusa Tenggara Barat,230000,9,1,168,6,9,0,1,10,29 Apr 2026 07:03:08,D3917BEC3B78A944AD75
SDN 2 PENIMBUNG,50200204,SD,Negeri,Kec. Gunung Sari,230106,Kab. Lombok Barat,230100,Prov. Nusa Tenggara Barat,230000,8,2,168,6,6,0,1,14,19 Apr 2026 19:06:54,0BFDFFEED71639BC63E1
SDN 3 BUKIT TINGGI,69831951,SD,Negeri,Kec. Gunung Sari,230106,Kab. Lombok Barat,230100,Prov. Nusa Tenggara Barat,230000,7,1,45,6,3,0,0,12,21 Apr 2026 09:42:17,48386A632355A029A2BB
SDN 4 TAMANSARI,50220458,SD,Negeri,Kec. Gunung Sari,230106,Kab. Lombok Barat,230100,Prov. Nusa Tenggara Barat,230000,7,1,112,6,6,0,0,20,08 Apr 2026 08:40:49,BAFA626BA254EF45443C
Sekolah Rakyat Dasar 4 Lombok Barat,70058364,SD,Negeri,Kec. Gunung Sari,230106,Kab. Lombok Barat,230100,Prov. Nusa Tenggara Barat,230000,4,3,87,6,4,1,1,25,01 May 2026 10:30:10,A44143F819522EC6417E
SD ISLAM ADDINUL QOYYIM,50220404,SD,Swasta,Kec. Gunung Sari,230106,Kab. Lombok Barat,230100,Prov. Nusa Tenggara Barat,230000,12,1,180,10,9,0,0,42,09 Apr 2026 08:35:44,32DCB6C23D2B9B7470A8
SD ISLAM AL AZIZIYAH,50200872,SD,Swasta,Kec. Gunung Sari,230106,Kab. Lombok Barat,230100,Prov. Nusa Tenggara Barat,230000,25,1,650,19,15,0,1,11,05 Mar 2026 12:38:43,5B88485744909C01FD76
SD ISLAM AMANAH,50219932,SD,Swasta,Kec. Gunung Sari,230106,Kab. Lombok Barat,230100,Prov. Nusa Tenggara Barat,230000,10,1,56,6,4,0,1,21,14 Apr 2026 07:43:10,F04E47391CD38FC10B3C
SD ISLAM ASYABABIYAH,50200869,SD,Swasta,Kec. Gunung Sari,230106,Kab. Lombok Barat,230100,Prov. Nusa Tenggara Barat,230000,9,1,50,6,6,0,1,6,04 Apr 2026 19:36:03,48E4E68EDCDDF9DFC45E
SD ISLAM ZILALUL QUR AN,69786452,SD,Swasta,Kec. Gunung Sari,230106,Kab. Lombok Barat,230100,Prov. Nusa Tenggara Barat,230000,9,1,176,7,6,0,0,11,28 Apr 2026 07:28:39,91FEB1616DEF0070DFA1
SD LENTERAHATI ISLAMIC BOARDING SCHOOL,69947136,SD,Swasta,Kec. Gunung Sari,230106,Kab. Lombok Barat,230100,Prov. Nusa Tenggara Barat,230000,16,2,230,12,12,1,0,7,04 Mar 2026 11:54:10,81184BC1D9DB0244E542
SDIT EL GHAIS,69993052,SD,Swasta,Kec. Gunung Sari,230106,Kab. Lombok Barat,230100,Prov. Nusa Tenggara Barat,230000,19,1,473,19,19,0,1,11,13 Mar 2026 11:29:27,AB6956391053921519AD
SD-SMP SATU ATAP 3 GUNUNGSARI,50219449,SMP,Negeri,Kec. Gunung Sari,230106,Kab. Lombok Barat,230100,Prov. Nusa Tenggara Barat,230000,10,0,45,3,3,0,0,10,24 Apr 2026 08:51:58,AB091185AF70190828E6
SD-SMP SATU ATAP 4 GUNUNGSARI,69787716,SMP,Negeri,Kec. Gunung Sari,230106,Kab. Lombok Barat,230100,Prov. Nusa Tenggara Barat,230000,7,0,63,3,4,1,1,8,29 Apr 2026 16:43:07,5FF03C908A1B41C2E3C7
SMP NEGERI 1 GUNUNG SARI,50200315,SMP,Negeri,Kec. Gunung Sari,230106,Kab. Lombok Barat,230100,Prov. Nusa Tenggara Barat,230000,43,18,985,28,28,3,1,29,16 Apr 2026 09:02:13,A9D1E20B533CBCB64CCA
SMP NEGERI 2 GUNUNGSARI,50200325,SMP,Negeri,Kec. Gunung Sari,230106,Kab. Lombok Barat,230100,Prov. Nusa Tenggara Barat,230000,15,9,171,6,7,2,0,14,10 Apr 2026 04:35:13,6FCB9C40D9C92477B661
SMP NEGERI 3 GUNUNGSARI,50205384,SMP,Negeri,Kec. Gunung Sari,230106,Kab. Lombok Barat,230100,Prov. Nusa Tenggara Barat,230000,11,8,159,6,10,3,1,12,13 Apr 2026 12:15:53,CF8368073BB93603EF25
SMPN 4 GUNUNGSARI,69849630,SMP,Negeri,Kec. Gunung Sari,230106,Kab. Lombok Barat,230100,Prov. Nusa Tenggara Barat,230000,12,3,81,3,6,2,1,42,30 Apr 2026 15:05:51,97189225822A3770C865
SMP ISLAM ABU ABDILLAH AL ISLAMI,69956701,SMP,Swasta,Kec. Gunung Sari,230106,Kab. Lombok Barat,230100,Prov. Nusa Tenggara Barat,230000,7,1,104,3,3,0,0,25,30 Apr 2026 09:03:54,B0E3850E06BE2C2B2B70
SMP Islam Al Ashriyah,50220574,SMP,Swasta,Kec. Gunung Sari,230106,Kab. Lombok Barat,230100,Prov. Nusa Tenggara Barat,230000,15,1,192,8,6,0,1,44,07 Apr 2026 14:50:02,2D7213151AE88AB72B44
SMP ISLAM NABI NUBU,69912199,SMP,Swasta,Kec. Gunung Sari,230106,Kab. Lombok Barat,230100,Prov. Nusa Tenggara Barat,230000,11,1,71,4,7,2,1,36,27 Apr 2026 16:56:40,92214171A664656ED19B
SMP ISLAM NURUL MUJAHIDIN NW,50219484,SMP,Swasta,Kec. Gunung Sari,230106,Kab. Lombok Barat,230100,Prov. Nusa Tenggara Barat,230000,8,3,60,3,3,0,0,10,03 Mar 2026 02:14:24,856E97C0DE515BA9D23F
SMP LENTERAHATI ISLAMIC BOARDING SCHOOL,69985623,SMP,Swasta,Kec. Gunung Sari,230106,Kab. Lombok Barat,230100,Prov. Nusa Tenggara Barat,230000,14,2,260,9,11,1,0,20,20 Apr 2026 13:37:54,9A4CC6722776EA421496
SMPI NURUL MAHMUDIN,70015705,SMP,Swasta,Kec. Gunung Sari,230106,Kab. Lombok Barat,230100,Prov. Nusa Tenggara Barat,230000,7,1,34,3,1,0,0,39,21 Apr 2026 08:07:31,EE8F07517149EECF662C
SMAN 1 GUNUNGSARI,50200386,SMA,Negeri,Kec. Gunung Sari,230106,Kab. Lombok Barat,230100,Prov. Nusa Tenggara Barat,230000,65,16,1239,36,34,8,2,53,30 Apr 2026 11:39:16,AC0D9D19421234D8EB80
SEKOLAH MENENGAH ATAS ISLAM NURUL MAHMUDIN MEKARSARI,70054894,SMA,Swasta,Kec. Gunung Sari,230106,Kab. Lombok Barat,230100,Prov. Nusa Tenggara Barat,230000,5,1,36,3,3,0,0,27,19 Apr 2026 07:56:11,D1C6974D6FA5DCD918CC
SMA ISLAM DARUSSALAM AL FALAH,70008696,SMA,Swasta,Kec. Gunung Sari,230106,Kab. Lombok Barat,230100,Prov. Nusa Tenggara Barat,230000,7,2,36,3,2,1,1,10,27 Apr 2026 12:12:00,218F53F5B254BD5F3262
SMA LENTERAHATI ISLAMIC BOARDING SCHOOL,70037847,SMA,Swasta,Kec. Gunung Sari,230106,Kab. Lombok Barat,230100,Prov. Nusa Tenggara Barat,230000,7,1,95,3,3,2,1,12,31 Mar 2026 08:03:34,A476CD8343FEE0745359
SMAS AL ASHRIYAH,50220573,SMA,Swasta,Kec. Gunung Sari,230106,Kab. Lombok Barat,230100,Prov. Nusa Tenggara Barat,230000,9,1,194,6,4,2,2,39,29 Apr 2026 15:29:51,BCB7D83CE30734B00071
SMKN 1 GUNUNGSARI,50205726,SMK,Negeri,Kec. Gunung Sari,230106,Kab. Lombok Barat,230100,Prov. Nusa Tenggara Barat,230000,40,15,495,20,16,2,2,36,21 Apr 2026 12:41:52,5F61E404E313676F1E74
SMKS BAITUL HIDAYAH,60726282,SMK,Swasta,Kec. Gunung Sari,230106,Kab. Lombok Barat,230100,Prov. Nusa Tenggara Barat,230000,12,1,69,3,3,1,0,54,14 Apr 2026 09:09:09,3AF30DFF7D074595466A
SMKS Kesehatan As-Syafi`i,69774715,SMK,Swasta,Kec. Gunung Sari,230106,Kab. Lombok Barat,230100,Prov. Nusa Tenggara Barat,230000,0,0,0,0,0,0,0,0,,3257D9FB59DC2FDC4B95
SMKS PLUS NURUL MUJAHIDIN NW PENIMBUNG,50220756,SMK,Swasta,Kec. Gunung Sari,230106,Kab. Lombok Barat,230100,Prov. Nusa Tenggara Barat,230000,6,3,100,4,3,0,0,10,21 Apr 2026 07:47:25,C76D03A8047D1A81A954
SD NEGERI 1 BATU KUMBUNG,50200884,SD,Negeri,Kec. Lingsar,230115,Kab. Lombok Barat,230100,Prov. Nusa Tenggara Barat,230000,7,2,105,6,6,0,1,3,04 Mar 2026 15:31:08,5AF1BE479BAEF65EE54D
SD NEGERI 1 BATU MEKAR,50200881,SD,Negeri,Kec. Lingsar,230115,Kab. Lombok Barat,230100,Prov. Nusa Tenggara Barat,230000,16,2,342,12,9,1,1,15,02 May 2026 10:36:52,CB79E94D13F25067818F
SD NEGERI 1 DASAN GERIA,50200745,SD,Negeri,Kec. Lingsar,230115,Kab. Lombok Barat,230100,Prov. Nusa Tenggara Barat,230000,11,2,238,9,9,0,1,6,09 Apr 2026 10:04:11,3224173993B0C5E6AD56
SD NEGERI 1 DUMAN,50200754,SD,Negeri,Kec. Lingsar,230115,Kab. Lombok Barat,230100,Prov. Nusa Tenggara Barat,230000,9,1,203,7,6,0,1,21,23 Apr 2026 13:36:27,2953B9ACBCE2DD5797DE
SD NEGERI 1 GEGERUNG,50200763,SD,Negeri,Kec. Lingsar,230115,Kab. Lombok Barat,230100,Prov. Nusa Tenggara Barat,230000,8,1,170,7,6,0,1,37,30 Apr 2026 12:25:41,8368B328C12AE052BBFF
SD NEGERI 1 KARANG BAYAN,50200724,SD,Negeri,Kec. Lingsar,230115,Kab. Lombok Barat,230100,Prov. Nusa Tenggara Barat,230000,11,3,198,10,10,0,1,18,29 Apr 2026 07:58:33,DE029B45E17434B88F59
SD NEGERI 1 LANGKO,50200732,SD,Negeri,Kec. Lingsar,230115,Kab. Lombok Barat,230100,Prov. Nusa Tenggara Barat,230000,6,4,81,6,6,0,1,14,27 Apr 2026 10:02:30,9B757614FB327849BD9E
SD NEGERI 1 LINGSAR,50200817,SD,Negeri,Kec. Lingsar,230115,Kab. Lombok Barat,230100,Prov. Nusa Tenggara Barat,230000,7,2,116,6,6,0,1,20,27 Apr 2026 11:51:50,66A03FAE110FD7FAB7CD
SD NEGERI 1 SIGERONGAN,50200790,SD,Negeri,Kec. Lingsar,230115,Kab. Lombok Barat,230100,Prov. Nusa Tenggara Barat,230000,7,2,181,6,6,0,1,10,27 Apr 2026 10:35:23,4D9F3ACA3649B5A31777
SD NEGERI 2 BATU KUMBUNG,50219504,SD,Negeri,Kec. Lingsar,230115,Kab. Lombok Barat,230100,Prov. Nusa Tenggara Barat,230000,8,1,105,6,6,0,1,19,23 Apr 2026 07:28:05,0FDE5EBEAB5E6F2B7FBA
SD NEGERI 2 BATU MEKAR,50200259,SD,Negeri,Kec. Lingsar,230115,Kab. Lombok Barat,230100,Prov. Nusa Tenggara Barat,230000,17,2,310,12,9,0,1,21,24 Apr 2026 06:21:26,66EA9DCB101B872542F4
SD NEGERI 2 DASAN GERIA,50200251,SD,Negeri,Kec. Lingsar,230115,Kab. Lombok Barat,230100,Prov. Nusa Tenggara Barat,230000,12,1,291,10,6,0,1,11,18 Apr 2026 07:27:09,027335759B1A1DBDFABB
SD NEGERI 2 KARANG BAYAN,50200229,SD,Negeri,Kec. Lingsar,230115,Kab. Lombok Barat,230100,Prov. Nusa Tenggara Barat,230000,9,2,263,8,8,0,1,48,01 May 2026 09:47:23,8E8735005BE4D6B2D28E
SD NEGERI 2 LANGKO,50200292,SD,Negeri,Kec. Lingsar,230115,Kab. Lombok Barat,230100,Prov. Nusa Tenggara Barat,230000,9,3,145,6,6,0,1,8,27 Apr 2026 09:20:48,EC87EFDEB0AF8E4C5117
SD NEGERI 2 SIGERONGAN,50200262,SD,Negeri,Kec. Lingsar,230115,Kab. Lombok Barat,230100,Prov. Nusa Tenggara Barat,230000,12,2,207,8,11,0,1,5,23 Apr 2026 11:35:38,D938CB44DF7B62DA8179
SD NEGERI 3 BATU KUMBUNG,50200152,SD,Negeri,Kec. Lingsar,230115,Kab. Lombok Barat,230100,Prov. Nusa Tenggara Barat,230000,12,3,202,9,10,0,1,12,24 Apr 2026 09:04:54,1ACAB6238717CE1C3A4F
SD NEGERI 3 BATU MEKAR,50200151,SD,Negeri,Kec. Lingsar,230115,Kab. Lombok Barat,230100,Prov. Nusa Tenggara Barat,230000,7,2,48,6,5,0,1,12,02 May 2026 09:50:31,335A2EFD7C50307705D1
SD NEGERI 4 BATU KUMBUNG,50200178,SD,Negeri,Kec. Lingsar,230115,Kab. Lombok Barat,230100,Prov. Nusa Tenggara Barat,230000,7,2,100,6,6,0,1,14,24 Apr 2026 08:10:45,26A4A361C270622BD64F
SD NEGERI 4 BATU MEKAR,50200177,SD,Negeri,Kec. Lingsar,230115,Kab. Lombok Barat,230100,Prov. Nusa Tenggara Barat,230000,6,1,139,6,6,0,1,11,27 Apr 2026 11:35:02,76D3F183363573E9F828
SD NEGERI 5 BATU MEKAR,50200464,SD,Negeri,Kec. Lingsar,230115,Kab. Lombok Barat,230100,Prov. Nusa Tenggara Barat,230000,7,1,81,6,6,0,1,11,29 Apr 2026 19:40:03,8C79FAD79632F2E0787C
SD NEGERI 6 BATU MEKAR,50200468,SD,Negeri,Kec. Lingsar,230115,Kab. Lombok Barat,230100,Prov. Nusa Tenggara Barat,230000,8,1,76,6,5,0,1,6,07 Mar 2026 10:46:04,77B73E6751FD5188E803
SDN 1 BUG-BUG,50200811,SD,Negeri,Kec. Lingsar,230115,Kab. Lombok Barat,230100,Prov. Nusa Tenggara Barat,230000,9,2,210,9,8,0,1,8,30 Apr 2026 07:43:09,96815D51F36A176BD11A
SDN 1 GEGELANG,50200298,SD,Negeri,Kec. Lingsar,230115,Kab. Lombok Barat,230100,Prov. Nusa Tenggara Barat,230000,8,3,92,6,7,0,1,14,09 Apr 2026 09:42:53,20EAB02F9ACCFFA24D57
SDN 1 GIRI MADYA,50200235,SD,Negeri,Kec. Lingsar,230115,Kab. Lombok Barat,230100,Prov. Nusa Tenggara Barat,230000,6,3,141,6,6,0,0,10,16 Apr 2026 10:00:33,B1309796786E92FFD091
SDN 1 GONTORAN,50200190,SD,Negeri,Kec. Lingsar,230115,Kab. Lombok Barat,230100,Prov. Nusa Tenggara Barat,230000,9,2,195,6,6,0,1,11,08 Apr 2026 20:59:34,244FE35ACF32C34A5FAE
SDN 1 PETELUAN INDAH,50200269,SD,Negeri,Kec. Lingsar,230115,Kab. Lombok Barat,230100,Prov. Nusa Tenggara Barat,230000,14,2,249,10,12,0,2,13,30 Apr 2026 03:24:07,C0964E7BE6FE2ACC11B3
SDN 1 SARIBAYA,50200511,SD,Negeri,Kec. Lingsar,230115,Kab. Lombok Barat,230100,Prov. Nusa Tenggara Barat,230000,8,2,146,6,6,0,1,8,04 Mar 2026 07:28:52,CABB14418A2643DEF122
SDN 2 DUMAN,50200463,SD,Negeri,Kec. Lingsar,230115,Kab. Lombok Barat,230100,Prov. Nusa Tenggara Barat,230000,10,1,139,7,7,0,1,10,30 Apr 2026 10:26:01,80580CB8B88F2984CF89
SDN 2 GEGELANG,50200482,SD,Negeri,Kec. Lingsar,230115,Kab. Lombok Barat,230100,Prov. Nusa Tenggara Barat,230000,8,0,141,6,6,0,1,18,09 Apr 2026 21:03:15,9A7BEE4ACA7D604169D3
SDN 2 GEGERUNG,50200219,SD,Negeri,Kec. Lingsar,230115,Kab. Lombok Barat,230100,Prov. Nusa Tenggara Barat,230000,11,1,250,11,6,0,2,11,23 Apr 2026 11:04:22,1E7CB8DE452EAAFECE6F
SDN 2 GIRI MADYA,50200107,SD,Negeri,Kec. Lingsar,230115,Kab. Lombok Barat,230100,Prov. Nusa Tenggara Barat,230000,10,4,159,7,6,0,1,11,14 Apr 2026 17:54:55,5014F5C1C958EE8FE6A2
SDN 2 LINGSAR,50200454,SD,Negeri,Kec. Lingsar,230115,Kab. Lombok Barat,230100,Prov. Nusa Tenggara Barat,230000,9,2,164,6,6,0,1,10,17 Apr 2026 09:53:28,76FB4E959D9B2DED8E68
SD ISLAM DARUSSALAM,50219949,SD,Swasta,Kec. Lingsar,230115,Kab. Lombok Barat,230100,Prov. Nusa Tenggara Barat,230000,8,1,121,6,6,0,0,14,19 Apr 2026 21:09:38,26C888C49DDA0EB7D85B
SD PEDULI ANAK,50220338,SD,Swasta,Kec. Lingsar,230115,Kab. Lombok Barat,230100,Prov. Nusa Tenggara Barat,230000,8,2,118,6,6,1,1,19,21 Apr 2026 07:36:40,E58FD1CDABBF056F9B40
SDIT DARUL QURAN,69991235,SD,Swasta,Kec. Lingsar,230115,Kab. Lombok Barat,230100,Prov. Nusa Tenggara Barat,230000,4,1,110,6,5,0,0,15,12 Apr 2026 04:52:37,366B3E8849371D9F4ABA
SDS ISLAM TERPADU NURUL HIKMAH,69787005,SD,Swasta,Kec. Lingsar,230115,Kab. Lombok Barat,230100,Prov. Nusa Tenggara Barat,230000,8,1,58,6,8,0,1,22,11 Apr 2026 03:34:05,0BF61B1438BAFB2DE72C
SD-SMP SATU ATAP 1 LINGSAR,50219423,SMP,Negeri,Kec. Lingsar,230115,Kab. Lombok Barat,230100,Prov. Nusa Tenggara Barat,230000,7,0,46,3,3,0,1,9,14 Apr 2026 19:44:59,ED375B8A4E3FBB39CEC7
SD-SMP SATU ATAP 2 LINGSAR,50219424,SMP,Negeri,Kec. Lingsar,230115,Kab. Lombok Barat,230100,Prov. Nusa Tenggara Barat,230000,9,1,112,5,5,0,0,9,23 Apr 2026 10:59:16,D58E3551F5A3D8F9D15B
SMP NEGERI 1 LINGSAR,50200334,SMP,Negeri,Kec. Lingsar,230115,Kab. Lombok Barat,230100,Prov. Nusa Tenggara Barat,230000,23,9,329,11,16,2,1,44,02 May 2026 07:22:22,DE73444CDE67320BBE2B
SMP NEGERI 2 LINGSAR,50200398,SMP,Negeri,Kec. Lingsar,230115,Kab. Lombok Barat,230100,Prov. Nusa Tenggara Barat,230000,51,17,946,28,28,2,1,6,28 Apr 2026 09:08:33,98053E98C41C466E84EA
SMP NEGERI 3 LINGSAR,50200401,SMP,Negeri,Kec. Lingsar,230115,Kab. Lombok Barat,230100,Prov. Nusa Tenggara Barat,230000,37,10,815,26,26,3,1,22,21 Apr 2026 09:21:40,29ECD6225BA538BA7564
SMP NEGERI 4 LINGSAR,50200407,SMP,Negeri,Kec. Lingsar,230115,Kab. Lombok Barat,230100,Prov. Nusa Tenggara Barat,230000,20,9,389,12,18,2,1,13,02 Apr 2026 05:17:46,FD6069BD848A716CB5AE
SMP NEGERI 5 LINGSAR,50200405,SMP,Negeri,Kec. Lingsar,230115,Kab. Lombok Barat,230100,Prov. Nusa Tenggara Barat,230000,9,9,51,3,6,1,1,7,29 Apr 2026 07:51:59,614915FB58BA0884FD82
SMP ISLAM DARUSSALAM,50219950,SMP,Swasta,Kec. Lingsar,230115,Kab. Lombok Barat,230100,Prov. Nusa Tenggara Barat,230000,5,1,68,3,5,0,1,23,20 Apr 2026 09:33:21,2CF93AD1940D719A8337
SMP ISLAM NURUL HIKMAH LANGKO,50200336,SMP,Swasta,Kec. Lingsar,230115,Kab. Lombok Barat,230100,Prov. Nusa Tenggara Barat,230000,11,2,105,5,7,2,1,28,25 Apr 2026 09:53:04,B564FE280656DC9E6D9F
SMP ISLAM NW LINGSAR,69984102,SMP,Swasta,Kec. Lingsar,230115,Kab. Lombok Barat,230100,Prov. Nusa Tenggara Barat,230000,2,0,16,3,3,0,1,10,09 Apr 2026 13:21:53,981C23597A35DF448754
SMP PEDULI ANAK,70005005,SMP,Swasta,Kec. Lingsar,230115,Kab. Lombok Barat,230100,Prov. Nusa Tenggara Barat,230000,6,1,55,3,3,1,1,13,15 Apr 2026 09:09:08,420C5F9CCD620FDC63FE
SMP SAINS LOMBOK ISLAMIC SCHOOL,70051933,SMP,Swasta,Kec. Lingsar,230115,Kab. Lombok Barat,230100,Prov. Nusa Tenggara Barat,230000,7,1,21,2,1,1,0,20,02 Apr 2026 12:54:34,FCF90713863E0ADA485A
SMPIT DARUL QUR AN,70004628,SMP,Swasta,Kec. Lingsar,230115,Kab. Lombok Barat,230100,Prov. Nusa Tenggara Barat,230000,4,2,70,4,4,0,0,15,11 Apr 2026 08:32:14,615388057A4BCB6B0BF4
SMAN 1 LINGSAR,50200381,SMA,Negeri,Kec. Lingsar,230115,Kab. Lombok Barat,230100,Prov. Nusa Tenggara Barat,230000,60,23,1028,29,30,4,1,30,30 Apr 2026 10:16:28,4CA4C44D6AAA6C75ACB0
SMA IT DARUL QURAN,70059888,SMA,Swasta,Kec. Lingsar,230115,Kab. Lombok Barat,230100,Prov. Nusa Tenggara Barat,230000,3,1,30,2,2,0,0,14,11 Apr 2026 07:22:09,878F6E97FF95982129AF
SMAS ISLAM NW LINGSAR,50200370,SMA,Swasta,Kec. Lingsar,230115,Kab. Lombok Barat,230100,Prov. Nusa Tenggara Barat,230000,8,1,38,3,3,1,1,10,09 Apr 2026 22:41:13,F75E779C45FE96FA75D0
SMKN 1 LINGSAR,50205416,SMK,Negeri,Kec. Lingsar,230115,Kab. Lombok Barat,230100,Prov. Nusa Tenggara Barat,230000,77,26,1445,47,37,2,0,117,02 May 2026 07:11:21,21AD0A82325A06729214
SMKN 2 LINGSAR,69774537,SMK,Negeri,Kec. Lingsar,230115,Kab. Lombok Barat,230100,Prov. Nusa Tenggara Barat,230000,52,16,770,28,16,1,1,25,27 Apr 2026 12:22:50,E724B2D3D1F390972CFD
SMKS ASSULLAMY,50219658,SMK,Swasta,Kec. Lingsar,230115,Kab. Lombok Barat,230100,Prov. Nusa Tenggara Barat,230000,11,3,68,3,3,0,0,17,22 Apr 2026 08:35:33,ABA43B284E274BDCB3A0
SMKS DARUN NAJAH,50220335,SMK,Swasta,Kec. Lingsar,230115,Kab. Lombok Barat,230100,Prov. Nusa Tenggara Barat,230000,11,1,84,3,6,1,1,13,16 Apr 2026 04:47:01,005B978B797CB46F0001
SMKS ISLAM DARUSSALAM,50219948,SMK,Swasta,Kec. Lingsar,230115,Kab. Lombok Barat,230100,Prov. Nusa Tenggara Barat,230000,7,1,81,3,3,1,1,1,07 Mar 2026 03:39:51,CBE7EE87D962794DD56E
SMKS ISLAM NURUL HIKMAH,50205417,SMK,Swasta,Kec. Lingsar,230115,Kab. Lombok Barat,230100,Prov. Nusa Tenggara Barat,230000,8,2,65,5,9,1,1,10,07 Apr 2026 19:37:51,EED27FAD8F37B0F35621
SD NEGERI 1 BANYU MULEK,50200886,SD,Negeri,Kec. Kediri,230104,Kab. Lombok Barat,230100,Prov. Nusa Tenggara Barat,230000,9,2,236,9,7,0,1,20,30 Apr 2026 09:06:37,AED69FAC1F5CF3C677AD
SD NEGERI 1 DASAN BARU,50200747,SD,Negeri,Kec. Kediri,230104,Kab. Lombok Barat,230100,Prov. Nusa Tenggara Barat,230000,16,3,322,12,8,0,1,7,29 Apr 2026 16:47:49,89A278346AEF6B5DDA06
SD NEGERI 1 GELOGOR,50200762,SD,Negeri,Kec. Kediri,230104,Kab. Lombok Barat,230100,Prov. Nusa Tenggara Barat,230000,13,1,252,11,11,0,1,14,02 May 2026 08:06:43,23CEF97AE5FC9EDAFC6D
SD NEGERI 1 JAGARAGA INDAH,50200741,SD,Negeri,Kec. Kediri,230104,Kab. Lombok Barat,230100,Prov. Nusa Tenggara Barat,230000,12,3,245,9,9,0,1,17,08 Apr 2026 09:06:30,1FB715DE2C5008663537
SD NEGERI 1 OMBE BARU,50200806,SD,Negeri,Kec. Kediri,230104,Kab. Lombok Barat,230100,Prov. Nusa Tenggara Barat,230000,15,3,249,12,11,0,1,22,02 May 2026 06:20:56,F22D9AA901FE4014EB06
SD NEGERI 1 RUMAK,50200809,SD,Negeri,Kec. Kediri,230104,Kab. Lombok Barat,230100,Prov. Nusa Tenggara Barat,230000,9,3,161,7,7,0,1,11,14 Apr 2026 20:57:02,D84730AB5E4CF40E666A
SD NEGERI 2 GELOGOR,50205352,SD,Negeri,Kec. Kediri,230104,Kab. Lombok Barat,230100,Prov. Nusa Tenggara Barat,230000,7,2,166,6,6,0,1,17,25 Apr 2026 08:32:46,F6A979E70F5EF1D65280
SD NEGERI 2 JAGARAGA INDAH,50205354,SD,Negeri,Kec. Kediri,230104,Kab. Lombok Barat,230100,Prov. Nusa Tenggara Barat,230000,11,4,232,9,7,0,1,10,22 Jan 2026 09:07:01,DEC7978459EA2807C970
SD NEGERI 2 OMBE BARU,50200300,SD,Negeri,Kec. Kediri,230104,Kab. Lombok Barat,230100,Prov. Nusa Tenggara Barat,230000,15,2,289,12,10,0,2,11,28 Apr 2026 11:28:03,3A40841A1572627527D6
SD NEGERI 2 RUMAK,50200267,SD,Negeri,Kec. Kediri,230104,Kab. Lombok Barat,230100,Prov. Nusa Tenggara Barat,230000,10,3,218,8,8,0,0,6,28 Apr 2026 07:56:37,3075D889D5068F69FBE7
SD NEGERI 3 RUMAK,50200202,SD,Negeri,Kec. Kediri,230104,Kab. Lombok Barat,230100,Prov. Nusa Tenggara Barat,230000,10,3,234,8,8,0,1,11,28 Apr 2026 06:24:36,22A2D5A50910BEC4E1C9
SDN 1 KEDIRI,50200486,SD,Negeri,Kec. Kediri,230104,Kab. Lombok Barat,230100,Prov. Nusa Tenggara Barat,230000,7,2,158,6,5,0,1,10,07 Apr 2026 11:20:27,6BB8B1D338CB9A7F59B5
SDN 1 KEDIRI SELATAN,50200719,SD,Negeri,Kec. Kediri,230104,Kab. Lombok Barat,230100,Prov. Nusa Tenggara Barat,230000,15,3,317,13,10,0,1,22,30 Apr 2026 17:44:09,714C59CFC724D0AD9041
SDN 1 LELEDE,50200239,SD,Negeri,Kec. Kediri,230104,Kab. Lombok Barat,230100,Prov. Nusa Tenggara Barat,230000,15,1,236,11,9,0,1,11,07 Apr 2026 06:07:02,E6E5CB5A9121F2C1E0C6
SDN 1 MONTONG ARE,50200116,SD,Negeri,Kec. Kediri,230104,Kab. Lombok Barat,230100,Prov. Nusa Tenggara Barat,230000,8,4,169,6,6,0,1,16,25 Apr 2026 07:47:41,C995E83308DE2A31806A
SDN 2 BANYUMULEK,50200154,SD,Negeri,Kec. Kediri,230104,Kab. Lombok Barat,230100,Prov. Nusa Tenggara Barat,230000,9,1,187,7,6,0,1,11,30 Apr 2026 11:29:02,95FB7B3BDA7B079E9C9C
SDN 2 KEDIRI SELATAN,50200224,SD,Negeri,Kec. Kediri,230104,Kab. Lombok Barat,230100,Prov. Nusa Tenggara Barat,230000,9,0,141,7,8,0,1,22,30 Apr 2026 08:42:40,C02393DCBE8600101821
SDN 2 MONTONG ARE,50200796,SD,Negeri,Kec. Kediri,230104,Kab. Lombok Barat,230100,Prov. Nusa Tenggara Barat,230000,10,3,192,8,11,0,1,9,02 May 2026 07:21:12,3577351689DFF2CB5600
SDN 3 BANYUMULEK,50200179,SD,Negeri,Kec. Kediri,230104,Kab. Lombok Barat,230100,Prov. Nusa Tenggara Barat,230000,11,2,229,10,8,0,1,14,09 Apr 2026 08:57:41,75A264988D91EA7A9C74
SDN 3 KEDIRI SELATAN,69863291,SD,Negeri,Kec. Kediri,230104,Kab. Lombok Barat,230100,Prov. Nusa Tenggara Barat,230000,8,2,131,6,6,0,1,13,25 Apr 2026 18:00:01,3E18B7EF5C529C0C1013
SDN 3 MONTONG ARE,50200301,SD,Negeri,Kec. Kediri,230104,Kab. Lombok Barat,230100,Prov. Nusa Tenggara Barat,230000,8,3,164,6,6,0,0,12,21 Apr 2026 09:22:30,16EA69CE33B1DB42B498
SDN 4 BANYUMULEK,50200429,SD,Negeri,Kec. Kediri,230104,Kab. Lombok Barat,230100,Prov. Nusa Tenggara Barat,230000,9,2,170,7,6,0,1,23,08 Apr 2026 11:49:09,0AC80C2379FAD866CF92
SDN 4 KEDIRI SELATAN,50200494,SD,Negeri,Kec. Kediri,230104,Kab. Lombok Barat,230100,Prov. Nusa Tenggara Barat,230000,8,2,105,6,6,0,1,9,06 Apr 2026 13:05:52,BF4CACE24697A81EDA9E
SDN 5 BANYUMULEK,50200469,SD,Negeri,Kec. Kediri,230104,Kab. Lombok Barat,230100,Prov. Nusa Tenggara Barat,230000,9,2,208,8,6,0,1,11,27 Apr 2026 07:59:36,7C9B851C4EF644D7C09E
SDN 5 KEDIRI SELATAN,50200359,SD,Negeri,Kec. Kediri,230104,Kab. Lombok Barat,230100,Prov. Nusa Tenggara Barat,230000,10,1,155,7,7,0,1,12,03 Mar 2026 23:18:19,22ED1882D9F0B1FE9100
SD ISLAM IHYA ULUMUDDIN,50220551,SD,Swasta,Kec. Kediri,230104,Kab. Lombok Barat,230100,Prov. Nusa Tenggara Barat,230000,6,2,100,6,6,0,1,7,21 Apr 2026 05:13:32,1AE62A5DD86B50CA1CAC
SD IT SAAD BIN ABI WAQQASH,70041496,SD,Swasta,Kec. Kediri,230104,Kab. Lombok Barat,230100,Prov. Nusa Tenggara Barat,230000,8,2,91,6,7,0,0,10,14 Apr 2026 08:47:27,D1D6A2D014D272D13FC8
SD-IT IKHTIAR BERSAMA,70004767,SD,Swasta,Kec. Kediri,230104,Kab. Lombok Barat,230100,Prov. Nusa Tenggara Barat,230000,1,1,27,4,6,0,0,3,04 Feb 2026 08:16:17,EEE374142F353A6CD290
SDI NURUL FALAH JEJANTI,70032820,SD,Swasta,Kec. Kediri,230104,Kab. Lombok Barat,230100,Prov. Nusa Tenggara Barat,230000,8,1,68,6,6,0,0,10,07 Mar 2026 10:47:33,41121DA74D767A06B338
SDIT INSAN MULIA KEDIRI,69896857,SD,Swasta,Kec. Kediri,230104,Kab. Lombok Barat,230100,Prov. Nusa Tenggara Barat,230000,42,1,548,23,26,1,1,17,10 Apr 2026 08:30:09,84C1BAB0D27BE83A8397
SDIT INSAN TAQWA,70030370,SD,Swasta,Kec. Kediri,230104,Kab. Lombok Barat,230100,Prov. Nusa Tenggara Barat,230000,9,2,90,5,5,0,0,22,21 Apr 2026 20:11:16,58925F63D9A2E7C30D38
SD-SMP SATU ATAP 2 KEDIRI,69787717,SMP,Negeri,Kec. Kediri,230104,Kab. Lombok Barat,230100,Prov. Nusa Tenggara Barat,230000,9,0,28,3,3,2,1,16,20 Apr 2026 13:29:48,DBBB11DEEDCD629C5B4C
SMP NEGERI 1 KEDIRI,50200313,SMP,Negeri,Kec. Kediri,230104,Kab. Lombok Barat,230100,Prov. Nusa Tenggara Barat,230000,33,14,599,22,22,2,1,9,16 Apr 2026 12:19:25,CFED8CE2676FA8255A4C
SMP NEGERI 2 KEDIRI,50200363,SMP,Negeri,Kec. Kediri,230104,Kab. Lombok Barat,230100,Prov. Nusa Tenggara Barat,230000,27,9,446,14,15,2,1,16,02 Apr 2026 10:29:09,62AB8C0B77FCA61B45EF
SMP ISLAM AL-HAMIDIYAH NW KEDIRI,50205380,SMP,Swasta,Kec. Kediri,230104,Kab. Lombok Barat,230100,Prov. Nusa Tenggara Barat,230000,11,1,130,6,6,1,1,20,27 Apr 2026 11:17:33,9D8D3907FED0C584C2E0
SMP Islam As-Shofi,50220334,SMP,Swasta,Kec. Kediri,230104,Kab. Lombok Barat,230100,Prov. Nusa Tenggara Barat,230000,8,1,13,3,3,2,1,19,11 Mar 2026 04:52:19,A7DE45AA54DE9616680B
SMP ISLAM IHYA ULUMUDIN,50220552,SMP,Swasta,Kec. Kediri,230104,Kab. Lombok Barat,230100,Prov. Nusa Tenggara Barat,230000,6,1,82,3,3,1,1,51,04 Mar 2026 00:27:59,5EF2A75BCDD7112694D8
SMP ISLAM SHALAHUDDIN AL-AYYUBI,70037158,SMP,Swasta,Kec. Kediri,230104,Kab. Lombok Barat,230100,Prov. Nusa Tenggara Barat,230000,7,3,116,6,7,0,0,10,24 Apr 2026 13:16:13,CFD6BCCD5380FB97708D
SMP Islam Terpadu Al-Ma arif,50219657,SMP,Swasta,Kec. Kediri,230104,Kab. Lombok Barat,230100,Prov. Nusa Tenggara Barat,230000,12,3,110,5,3,1,0,25,21 Apr 2026 10:30:15,09DED9F5388802E87B72
SMP ISLAM TERPADU BABURRAHMAN,70031671,SMP,Swasta,Kec. Kediri,230104,Kab. Lombok Barat,230100,Prov. Nusa Tenggara Barat,230000,8,5,38,3,3,0,0,25,29 Apr 2026 10:37:39,1F9B85B782C3E9478779
SMPIT DARUL MUSTHOFA,70007534,SMP,Swasta,Kec. Kediri,230104,Kab. Lombok Barat,230100,Prov. Nusa Tenggara Barat,230000,5,3,97,4,6,0,1,9,16 Apr 2026 15:29:40,4D0DD55F531396C2915F
SMPIT UMMUL QURO,70058252,SMP,Swasta,Kec. Kediri,230104,Kab. Lombok Barat,230100,Prov. Nusa Tenggara Barat,230000,2,1,0,0,0,0,0,0,,3568E4EF4699186792B6
SMAN 1 KEDIRI,50200384,SMA,Negeri,Kec. Kediri,230104,Kab. Lombok Barat,230100,Prov. Nusa Tenggara Barat,230000,33,16,502,17,19,4,1,24,27 Apr 2026 10:48:17,E1C05DD44A9870D643CD
SMA ISLAM SHALAHUDDIN AL-AYYUBI,70043381,SMA,Swasta,Kec. Kediri,230104,Kab. Lombok Barat,230100,Prov. Nusa Tenggara Barat,230000,7,2,40,3,3,0,0,26,11 Apr 2026 22:42:17,4966B36866FECDEE16D3
SMA TEKNOLOGI NUSANTARA,70041810,SMA,Swasta,Kec. Kediri,230104,Kab. Lombok Barat,230100,Prov. Nusa Tenggara Barat,230000,0,1,34,3,3,0,0,3,29 Apr 2026 10:03:10,5C651CB95519123A0B3B
SMAS ISLAM AS SHOFY,50200371,SMA,Swasta,Kec. Kediri,230104,Kab. Lombok Barat,230100,Prov. Nusa Tenggara Barat,230000,3,1,61,3,3,1,0,16,18 Apr 2026 09:50:02,6D8881515BD8C1F20A15
SMAS NW SELAPARANG KEDIRI,50200368,SMA,Swasta,Kec. Kediri,230104,Kab. Lombok Barat,230100,Prov. Nusa Tenggara Barat,230000,8,1,69,3,3,1,0,25,16 Apr 2026 17:58:19,6C6B419FB8526A8DFA17
SMKN 1 KEDIRI,50220371,SMK,Negeri,Kec. Kediri,230104,Kab. Lombok Barat,230100,Prov. Nusa Tenggara Barat,230000,25,11,250,12,9,2,1,27,16 Apr 2026 09:37:37,0645F4C7FE0345FE8898
SMK AL-ISHLAHUDDINY,69786789,SMK,Swasta,Kec. Kediri,230104,Kab. Lombok Barat,230100,Prov. Nusa Tenggara Barat,230000,15,1,56,3,6,1,1,38,02 May 2026 10:50:56,08A838D517C024F51BAD
SMK NURUL MUJAHIDIN,69786843,SMK,Swasta,Kec. Kediri,230104,Kab. Lombok Barat,230100,Prov. Nusa Tenggara Barat,230000,0,0,0,0,0,0,0,0,,20B2C76AEB2AB5343BFB
SMKS ISLAM AL HAMIDDIYAH,60724617,SMK,Swasta,Kec. Kediri,230104,Kab. Lombok Barat,230100,Prov. Nusa Tenggara Barat,230000,8,1,62,3,3,0,0,19,16 Apr 2026 10:33:20,F61DFC68E0C9CA8BF526
SMKS PLUS NURUL HAKIM KEDIRI,50219973,SMK,Swasta,Kec. Kediri,230104,Kab. Lombok Barat,230100,Prov. Nusa Tenggara Barat,230000,23,1,244,18,24,0,1,14,25 Apr 2026 13:26:16,7B61A4EB70728EB3257F
SMKS YUSUF ABDUSSATAR,50200387,SMK,Swasta,Kec. Kediri,230104,Kab. Lombok Barat,230100,Prov. Nusa Tenggara Barat,230000,6,1,123,6,6,1,1,23,09 Apr 2026 12:10:00,06CAB2E3E386EE11A322
SD NEGERI 1 LABUAN TERENG,50200734,SD,Negeri,Kec. Lembar,230112,Kab. Lombok Barat,230100,Prov. Nusa Tenggara Barat,230000,7,1,157,7,7,0,1,9,28 Apr 2026 07:56:37,C6542DA3825F13B84760
SD NEGERI 2 LABUAN TERENG,50205355,SD,Negeri,Kec. Lembar,230112,Kab. Lombok Barat,230100,Prov. Nusa Tenggara Barat,230000,6,1,65,6,6,0,1,6,02 Apr 2026 08:35:48,DCB8AB8268C2BDE86ABE
SD NEGERI 3 LABUAN TERENG,50205359,SD,Negeri,Kec. Lembar,230112,Kab. Lombok Barat,230100,Prov. Nusa Tenggara Barat,230000,8,1,167,6,6,0,1,25,02 May 2026 08:31:10,937CD4D44D6ADB55D853
SD NEGERI 4 LABUAN TERENG,50205364,SD,Negeri,Kec. Lembar,230112,Kab. Lombok Barat,230100,Prov. Nusa Tenggara Barat,230000,7,2,86,6,6,0,0,15,03 Mar 2026 08:59:45,EC62F4BF7F365E32A465
SD NEGERI 5 LABUAN TERENG,50200491,SD,Negeri,Kec. Lembar,230112,Kab. Lombok Barat,230100,Prov. Nusa Tenggara Barat,230000,8,0,103,6,5,0,2,13,04 Apr 2026 07:46:48,C2A6DD153A6C77785D2A
SDN 1 EYAT MAYANG,50200775,SD,Negeri,Kec. Lembar,230112,Kab. Lombok Barat,230100,Prov. Nusa Tenggara Barat,230000,9,2,185,6,6,0,1,19,13 Apr 2026 07:15:24,8918A75B992246316843
SDN 1 JEMBATAN GANTUNG,50200231,SD,Negeri,Kec. Lembar,230112,Kab. Lombok Barat,230100,Prov. Nusa Tenggara Barat,230000,15,1,323,12,10,0,1,27,27 Apr 2026 11:41:21,9D242EC1EE45A027B083
SDN 1 JEMBATAN KEMBAR,50205358,SD,Negeri,Kec. Lembar,230112,Kab. Lombok Barat,230100,Prov. Nusa Tenggara Barat,230000,8,1,121,6,6,0,1,26,02 May 2026 11:09:37,6E8538479223F84488D7
SDN 1 JEMBATAN KEMBAR TIMUR,50200726,SD,Negeri,Kec. Lembar,230112,Kab. Lombok Barat,230100,Prov. Nusa Tenggara Barat,230000,6,3,192,6,6,0,1,8,06 Apr 2026 10:46:10,EED5E0F175F9AA0C00B7
SDN 1 LEMBAR,50200457,SD,Negeri,Kec. Lembar,230112,Kab. Lombok Barat,230100,Prov. Nusa Tenggara Barat,230000,9,2,113,7,6,0,1,11,25 Apr 2026 08:15:38,1510A7CEF513E3B2201F
SDN 1 LEMBAR SELATAN,50200717,SD,Negeri,Kec. Lembar,230112,Kab. Lombok Barat,230100,Prov. Nusa Tenggara Barat,230000,16,1,317,12,12,0,1,26,06 Apr 2026 07:05:53,7FB1C890181B28C2302A
SDN 1 MAREJE,50200307,SD,Negeri,Kec. Lembar,230112,Kab. Lombok Barat,230100,Prov. Nusa Tenggara Barat,230000,8,1,114,6,6,0,1,32,25 Apr 2026 09:08:22,0AC63EC76B0DBBB2AF6F
SDN 1 MAREJE TIMUR,50200802,SD,Negeri,Kec. Lembar,230112,Kab. Lombok Barat,230100,Prov. Nusa Tenggara Barat,230000,7,2,153,6,6,0,1,9,13 Apr 2026 10:24:41,40D418B3C1F5F784571D
SDN 1 SEKOTONG TIMUR,50200283,SD,Negeri,Kec. Lembar,230112,Kab. Lombok Barat,230100,Prov. Nusa Tenggara Barat,230000,10,1,215,9,9,0,1,9,14 Mar 2026 09:46:30,683D0977F46BE216C3E0
SDN 2 EYAT MAYANG,50200416,SD,Negeri,Kec. Lembar,230112,Kab. Lombok Barat,230100,Prov. Nusa Tenggara Barat,230000,9,2,227,8,7,0,1,17,15 Apr 2026 20:45:37,C56986B5F1B2560D173A
SDN 2 JEMBATAN GANTUNG,50200497,SD,Negeri,Kec. Lembar,230112,Kab. Lombok Barat,230100,Prov. Nusa Tenggara Barat,230000,9,2,198,7,7,0,1,14,02 May 2026 06:34:13,1A1D9ABA5BF88283F52B
SDN 2 JEMBATAN KEMBAR,50200476,SD,Negeri,Kec. Lembar,230112,Kab. Lombok Barat,230100,Prov. Nusa Tenggara Barat,230000,9,2,186,7,7,0,1,17,02 May 2026 07:56:01,DC124A74B39853CB6E3F
SDN 2 JEMBATAN KEMBAR TIMUR,50200443,SD,Negeri,Kec. Lembar,230112,Kab. Lombok Barat,230100,Prov. Nusa Tenggara Barat,230000,7,3,185,6,6,0,1,15,24 Apr 2026 06:58:29,006F8CE51306AC9B7BCA
SDN 2 LEMBAR,50200502,SD,Negeri,Kec. Lembar,230112,Kab. Lombok Barat,230100,Prov. Nusa Tenggara Barat,230000,6,2,120,6,6,0,1,15,21 Apr 2026 23:08:07,14BA3FED1E49B95BD0AD
SDN 2 LEMBAR SELATAN,50200289,SD,Negeri,Kec. Lembar,230112,Kab. Lombok Barat,230100,Prov. Nusa Tenggara Barat,230000,15,3,255,11,8,0,1,16,24 Apr 2026 08:50:19,BBEC29D9C9A2B13881F3
SDN 2 MAREJE,50200187,SD,Negeri,Kec. Lembar,230112,Kab. Lombok Barat,230100,Prov. Nusa Tenggara Barat,230000,8,0,168,6,7,0,1,8,09 Apr 2026 08:32:15,301FE8C05FB2F1E9B13F
SDN 2 MAREJE TIMUR,50200508,SD,Negeri,Kec. Lembar,230112,Kab. Lombok Barat,230100,Prov. Nusa Tenggara Barat,230000,7,1,87,6,6,0,1,8,12 Feb 2026 22:40:52,4B025543663332D99A29
SDN 2 SEKOTONG TIMUR,50200184,SD,Negeri,Kec. Lembar,230112,Kab. Lombok Barat,230100,Prov. Nusa Tenggara Barat,230000,3,2,36,6,7,0,1,10,22 Apr 2026 07:19:14,F3BD2FFFBB81E6512D82
SDN 3 JEMBATAN GANTUNG,50200346,SD,Negeri,Kec. Lembar,230112,Kab. Lombok Barat,230100,Prov. Nusa Tenggara Barat,230000,7,2,89,6,6,0,1,11,04 Apr 2026 07:27:52,46F34A7D1E6B8BABBE0B
SDN 3 LEMBAR,50200341,SD,Negeri,Kec. Lembar,230112,Kab. Lombok Barat,230100,Prov. Nusa Tenggara Barat,230000,8,1,53,6,6,0,1,12,30 Apr 2026 11:23:36,E66A43D0667F95EB1746
SDN 3 LEMBAR SELATAN,50200192,SD,Negeri,Kec. Lembar,230112,Kab. Lombok Barat,230100,Prov. Nusa Tenggara Barat,230000,9,1,272,9,6,0,1,19,23 Apr 2026 09:52:57,C0974229856CCFC1737E
SDN 3 MAREJE,50200438,SD,Negeri,Kec. Lembar,230112,Kab. Lombok Barat,230100,Prov. Nusa Tenggara Barat,230000,10,1,117,6,6,0,1,17,01 May 2026 05:36:10,A40007DD4560C3F6CD14
SDN 4 LEMBAR SELATAN,50200484,SD,Negeri,Kec. Lembar,230112,Kab. Lombok Barat,230100,Prov. Nusa Tenggara Barat,230000,6,2,100,6,6,0,1,20,21 Apr 2026 12:33:15,329EFFFB174289014FF6
SDN 5 LEMBAR SELATAN,50200358,SD,Negeri,Kec. Lembar,230112,Kab. Lombok Barat,230100,Prov. Nusa Tenggara Barat,230000,8,2,170,6,6,0,0,11,29 Apr 2026 10:52:25,501F6F9F429623A5547C
SD-IT IMAM BUKHORI,70033601,SD,Swasta,Kec. Lembar,230112,Kab. Lombok Barat,230100,Prov. Nusa Tenggara Barat,230000,6,1,68,6,4,0,0,24,27 Apr 2026 20:29:11,86C3C44CA494331BF50F
SDI DARUL ULUM GULI LAUK,70050951,SD,Swasta,Kec. Lembar,230112,Kab. Lombok Barat,230100,Prov. Nusa Tenggara Barat,230000,3,2,54,3,4,0,0,20,02 May 2026 14:48:24,2EF23F9B76454DB577AF
SDI TARBIATUL ULUM,70005151,SD,Swasta,Kec. Lembar,230112,Kab. Lombok Barat,230100,Prov. Nusa Tenggara Barat,230000,8,3,54,6,3,0,1,25,28 Apr 2026 15:51:25,50002FA17932BC958FB2
SDIT ASSALAAM,69990282,SD,Swasta,Kec. Lembar,230112,Kab. Lombok Barat,230100,Prov. Nusa Tenggara Barat,230000,8,2,37,6,6,0,0,8,10 Feb 2026 11:31:58,D2E22CCEE9739A440199
SMP NEGERI 1 LEMBAR,50200335,SMP,Negeri,Kec. Lembar,230112,Kab. Lombok Barat,230100,Prov. Nusa Tenggara Barat,230000,35,9,603,19,21,2,1,12,27 Mar 2026 08:37:11,3971F31514F7BCE6B5C6
SMP NEGERI 2 LEMBAR,50200339,SMP,Negeri,Kec. Lembar,230112,Kab. Lombok Barat,230100,Prov. Nusa Tenggara Barat,230000,16,9,207,7,11,2,1,28,24 Apr 2026 07:18:11,C51A71CFF9617FBC6EED
SMP NEGERI 3 LEMBAR,50219479,SMP,Negeri,Kec. Lembar,230112,Kab. Lombok Barat,230100,Prov. Nusa Tenggara Barat,230000,11,4,97,4,7,2,1,12,09 Apr 2026 09:45:24,4356638A8D1DC9064FDE
SMP NEGERI 4 LEMBAR,50219480,SMP,Negeri,Kec. Lembar,230112,Kab. Lombok Barat,230100,Prov. Nusa Tenggara Barat,230000,12,2,132,6,6,2,1,14,29 Apr 2026 12:10:39,E648C20D07FC8210004C
SMP NEGERI 5 LEMBAR,60724642,SMP,Negeri,Kec. Lembar,230112,Kab. Lombok Barat,230100,Prov. Nusa Tenggara Barat,230000,25,13,289,10,11,2,1,37,02 May 2026 10:55:38,744708C988AE441491D0
SMP SATU ATAP 1 LEMBAR,50219418,SMP,Negeri,Kec. Lembar,230112,Kab. Lombok Barat,230100,Prov. Nusa Tenggara Barat,230000,8,0,40,3,3,1,0,16,10 Apr 2026 08:43:36,5675447D460032A7AC29
SMP ISLAM DARUTTAUHID NW LABUAN TERENG,70006626,SMP,Swasta,Kec. Lembar,230112,Kab. Lombok Barat,230100,Prov. Nusa Tenggara Barat,230000,7,1,44,3,2,0,0,22,27 Apr 2026 15:39:22,975AE56DC84E1DD2397C
SMP ISLAM FUTUUHAL ARIFIN,69961154,SMP,Swasta,Kec. Lembar,230112,Kab. Lombok Barat,230100,Prov. Nusa Tenggara Barat,230000,8,1,57,3,4,1,0,12,14 Mar 2026 13:16:13,059AACC5BCBDB9C4EDD2
SMP ISLAM TARBIYATUL IKHLAS,69786939,SMP,Swasta,Kec. Lembar,230112,Kab. Lombok Barat,230100,Prov. Nusa Tenggara Barat,230000,6,1,18,2,3,0,1,7,28 Apr 2026 19:26:27,68882A9D3C97EA6B6B44
SMP SAINS KHAIRUL WADI TEBUIRENG LOMBOK,70044871,SMP,Swasta,Kec. Lembar,230112,Kab. Lombok Barat,230100,Prov. Nusa Tenggara Barat,230000,10,1,25,3,3,2,0,25,10 Apr 2026 18:50:06,1BC880D1397C7D6AB950
SMAN 1 LEMBAR,50200382,SMA,Negeri,Kec. Lembar,230112,Kab. Lombok Barat,230100,Prov. Nusa Tenggara Barat,230000,42,16,757,22,20,6,1,33,11 Apr 2026 08:10:48,66AD3EC2A188B9B2D0F5
SMAN 3 LEMBAR,69956801,SMA,Negeri,Kec. Lembar,230112,Kab. Lombok Barat,230100,Prov. Nusa Tenggara Barat,230000,17,7,170,7,9,3,1,37,29 Apr 2026 21:04:32,29CAC7037C6E884647F9
Sekolah Menengah Atas Hikmatul Falah Jelateng,70052820,SMA,Swasta,Kec. Lembar,230112,Kab. Lombok Barat,230100,Prov. Nusa Tenggara Barat,230000,7,1,53,3,2,1,1,32,29 Apr 2026 16:49:19,B9ADB18892ABB1D7469E
SMK NEGERI 2 LEMBAR,70003745,SMK,Negeri,Kec. Lembar,230112,Kab. Lombok Barat,230100,Prov. Nusa Tenggara Barat,230000,28,10,242,12,9,5,1,19,23 Apr 2026 09:40:22,91EFFD7B711793DCCA9A
SMKN 1 LEMBAR,50200373,SMK,Negeri,Kec. Lembar,230112,Kab. Lombok Barat,230100,Prov. Nusa Tenggara Barat,230000,35,16,298,17,21,1,1,55,30 Apr 2026 09:46:44,BF7E514EFFE9B6745877
SMK AUNUL IBAD NW,70031437,SMK,Swasta,Kec. Lembar,230112,Kab. Lombok Barat,230100,Prov. Nusa Tenggara Barat,230000,7,1,50,3,3,0,1,57,29 Apr 2026 10:40:35,B956DE762CAEC5A0BAE7
SMK FUTUUHAL ARIFIN LEMBAR,70010367,SMK,Swasta,Kec. Lembar,230112,Kab. Lombok Barat,230100,Prov. Nusa Tenggara Barat,230000,9,1,71,3,3,0,1,56,29 Apr 2026 11:09:06,834EE468AC072C8912E5
SD NEGERI 1 BAGIK POLAK,50200889,SD,Negeri,Kec. Labuapi,230103,Kab. Lombok Barat,230100,Prov. Nusa Tenggara Barat,230000,9,2,210,7,6,0,1,10,12 Feb 2026 08:49:21,3C4F01683A2C293BF8EE
SD NEGERI 1 BAJUR,50200887,SD,Negeri,Kec. Labuapi,230103,Kab. Lombok Barat,230100,Prov. Nusa Tenggara Barat,230000,10,1,181,8,9,0,1,13,14 Apr 2026 22:37:24,6F6DB141EBF403935E0C
SD NEGERI 1 BENGKEL,50200751,SD,Negeri,Kec. Labuapi,230103,Kab. Lombok Barat,230100,Prov. Nusa Tenggara Barat,230000,18,2,365,12,12,1,1,12,07 Apr 2026 08:55:01,178B4D65B41297A2C484
SD NEGERI 1 KARANG BONGKOT,50200723,SD,Negeri,Kec. Labuapi,230103,Kab. Lombok Barat,230100,Prov. Nusa Tenggara Barat,230000,9,1,127,6,6,0,2,23,28 Apr 2026 07:48:10,EFD72822B93BF76EFD4C
SD NEGERI 1 KURANJI,50200738,SD,Negeri,Kec. Labuapi,230103,Kab. Lombok Barat,230100,Prov. Nusa Tenggara Barat,230000,8,3,207,6,6,0,1,20,16 Apr 2026 06:57:08,953870A290EB65DD4A2B
SD NEGERI 1 LABUAPI,50200733,SD,Negeri,Kec. Labuapi,230103,Kab. Lombok Barat,230100,Prov. Nusa Tenggara Barat,230000,20,3,533,15,15,0,1,15,25 Apr 2026 08:52:12,1C7065BE4032514FCA1E
SD NEGERI 1 MEREMBU,50200798,SD,Negeri,Kec. Labuapi,230103,Kab. Lombok Barat,230100,Prov. Nusa Tenggara Barat,230000,7,0,144,6,6,0,1,28,11 Apr 2026 13:53:41,CFB542248C56D964414F
SD NEGERI 1 PERAMPUAN,50200813,SD,Negeri,Kec. Labuapi,230103,Kab. Lombok Barat,230100,Prov. Nusa Tenggara Barat,230000,13,2,243,10,6,0,1,33,29 Apr 2026 10:15:45,43D60FDFED41E7143BCB
SD NEGERI 1 TELAGA WARU,50200767,SD,Negeri,Kec. Labuapi,230103,Kab. Lombok Barat,230100,Prov. Nusa Tenggara Barat,230000,14,3,302,12,6,0,1,10,17 Apr 2026 19:07:21,107977646F6C089FDEB3
SD NEGERI 1 TERONG TAWAH,50219404,SD,Negeri,Kec. Labuapi,230103,Kab. Lombok Barat,230100,Prov. Nusa Tenggara Barat,230000,11,1,322,11,6,0,1,18,30 Apr 2026 11:33:59,725FD0243B67847605C1
SD NEGERI 2 BAJUR,50200240,SD,Negeri,Kec. Labuapi,230103,Kab. Lombok Barat,230100,Prov. Nusa Tenggara Barat,230000,11,1,243,9,8,0,1,10,29 Apr 2026 06:39:19,4090A7F03B9066E47C3C
SD NEGERI 2 BENGKEL,50200255,SD,Negeri,Kec. Labuapi,230103,Kab. Lombok Barat,230100,Prov. Nusa Tenggara Barat,230000,8,2,49,6,6,0,1,16,13 Apr 2026 21:15:45,8F4DDC81C50FFAC769D6
SD NEGERI 2 KARANG BONGKOT,50200228,SD,Negeri,Kec. Labuapi,230103,Kab. Lombok Barat,230100,Prov. Nusa Tenggara Barat,230000,8,2,165,6,6,0,1,12,23 Apr 2026 10:35:43,DDCD190BE81FC195922F
SD NEGERI 2 LABUAPI,50205356,SD,Negeri,Kec. Labuapi,230103,Kab. Lombok Barat,230100,Prov. Nusa Tenggara Barat,230000,9,2,134,6,7,0,1,13,07 Apr 2026 08:51:48,D134204B6C3E1FA649D3
SD NEGERI 2 MEREMBU,50200303,SD,Negeri,Kec. Labuapi,230103,Kab. Lombok Barat,230100,Prov. Nusa Tenggara Barat,230000,8,2,121,6,6,0,1,11,13 Apr 2026 11:44:23,3C759674EC9E8053973F
SD NEGERI 2 PERAMPUAN,50200271,SD,Negeri,Kec. Labuapi,230103,Kab. Lombok Barat,230100,Prov. Nusa Tenggara Barat,230000,11,4,234,9,7,0,1,34,02 May 2026 08:40:21,5AC552B3179D85E70315
SD NEGERI 2 TELAGAWARU,50200138,SD,Negeri,Kec. Labuapi,230103,Kab. Lombok Barat,230100,Prov. Nusa Tenggara Barat,230000,9,1,184,7,7,0,1,12,06 Mar 2026 09:03:48,75DB6A286A23FA3D5B5B
SD NEGERI 2 TERONG TAWAH,50200246,SD,Negeri,Kec. Labuapi,230103,Kab. Lombok Barat,230100,Prov. Nusa Tenggara Barat,230000,11,1,237,9,9,0,1,39,06 Mar 2026 04:07:28,6E028A34ACA95700EF10
SD NEGERI 3 BAJUR,50200155,SD,Negeri,Kec. Labuapi,230103,Kab. Lombok Barat,230100,Prov. Nusa Tenggara Barat,230000,9,2,198,6,6,0,1,10,06 Apr 2026 07:30:43,A2E2F02AA8640485DA22
SD NEGERI 3 KARANG BONGKOT,50200130,SD,Negeri,Kec. Labuapi,230103,Kab. Lombok Barat,230100,Prov. Nusa Tenggara Barat,230000,12,0,233,10,10,0,1,18,08 Apr 2026 09:14:32,24E1C1ADB0D54FF7DC80
SD NEGERI 3 MEREMBU,50200198,SD,Negeri,Kec. Labuapi,230103,Kab. Lombok Barat,230100,Prov. Nusa Tenggara Barat,230000,8,3,166,6,6,0,1,20,30 Apr 2026 07:43:23,395F59281B66B6DC636D
SD NEGERI 3 TERONG TAWAH,50219955,SD,Negeri,Kec. Labuapi,230103,Kab. Lombok Barat,230100,Prov. Nusa Tenggara Barat,230000,9,2,149,6,5,0,1,14,02 May 2026 13:54:31,0FEA7275CEAF66885288
SD NEGERI 4 MEREMBU,50200437,SD,Negeri,Kec. Labuapi,230103,Kab. Lombok Barat,230100,Prov. Nusa Tenggara Barat,230000,8,2,103,7,5,0,1,23,23 Apr 2026 09:18:04,E49FA1975C7CAB0A9EE3
SDN 1 BAGIK POLAK BARAT,50200241,SD,Negeri,Kec. Labuapi,230103,Kab. Lombok Barat,230100,Prov. Nusa Tenggara Barat,230000,9,1,224,8,8,0,2,20,30 Apr 2026 08:33:52,2C52AC7E5217C62527E6
SDN 2 BAGIK POLAK,50200156,SD,Negeri,Kec. Labuapi,230103,Kab. Lombok Barat,230100,Prov. Nusa Tenggara Barat,230000,8,1,140,6,6,0,1,13,04 Mar 2026 09:15:18,27DE4AA60F030EBE375A
SDN 2 KURANJI,50200100,SD,Negeri,Kec. Labuapi,230103,Kab. Lombok Barat,230100,Prov. Nusa Tenggara Barat,230000,10,1,181,8,7,0,2,15,26 Apr 2026 05:59:14,2CE1468418D5CEF3DAA0
SDN 3 BENGKEL,69831950,SD,Negeri,Kec. Labuapi,230103,Kab. Lombok Barat,230100,Prov. Nusa Tenggara Barat,230000,13,3,254,11,11,0,1,1,07 Apr 2026 10:44:17,C15322EA5A018433D5A8
SDN 4 BAJUR,50200428,SD,Negeri,Kec. Labuapi,230103,Kab. Lombok Barat,230100,Prov. Nusa Tenggara Barat,230000,7,2,167,6,6,0,1,18,25 Apr 2026 09:24:10,700D15A7139B7586A718
SDIT IBNU MASUD ISLAMIC SCHOOL,70003807,SD,Swasta,Kec. Labuapi,230103,Kab. Lombok Barat,230100,Prov. Nusa Tenggara Barat,230000,19,2,214,10,11,0,1,22,30 Apr 2026 13:36:08,83DDF9BB520696CDAFAE
Sekolah Rakyat Menengah Pertama 18 Lombok Barat,70055400,SMP,Negeri,Kec. Labuapi,230103,Kab. Lombok Barat,230100,Prov. Nusa Tenggara Barat,230000,11,2,100,4,3,1,2,25,23 Apr 2026 08:27:59,22854620571DCD6FA47C
SMP NEGERI 1 LABUAPI,50200324,SMP,Negeri,Kec. Labuapi,230103,Kab. Lombok Barat,230100,Prov. Nusa Tenggara Barat,230000,32,13,534,16,17,1,1,20,02 May 2026 08:16:40,17139CDED222E1139AD3
SMP NEGERI 2 LABUAPI,50200412,SMP,Negeri,Kec. Labuapi,230103,Kab. Lombok Barat,230100,Prov. Nusa Tenggara Barat,230000,30,11,383,14,14,2,1,22,29 Apr 2026 21:52:23,C1E551A94EB62C432FAA
SMP NEGERI 3 LABUAPI,50200400,SMP,Negeri,Kec. Labuapi,230103,Kab. Lombok Barat,230100,Prov. Nusa Tenggara Barat,230000,27,13,394,14,18,1,1,14,20 Apr 2026 07:55:59,86B58D03D94A0C4971A3
SMP ISLAM ABHARIYAH,50200338,SMP,Swasta,Kec. Labuapi,230103,Kab. Lombok Barat,230100,Prov. Nusa Tenggara Barat,230000,12,5,160,6,6,2,1,26,12 Apr 2026 07:38:59,E677CFB9872686B05BC1
SMP ISLAM ASWAJA SYAMSUL FALAH,70013909,SMP,Swasta,Kec. Labuapi,230103,Kab. Lombok Barat,230100,Prov. Nusa Tenggara Barat,230000,11,2,139,5,5,1,0,33,31 Mar 2026 16:12:38,20D1298727E36CD118DB
SMP PLUS AL-HIKMAH ADNANI,70045380,SMP,Swasta,Kec. Labuapi,230103,Kab. Lombok Barat,230100,Prov. Nusa Tenggara Barat,230000,7,4,108,4,4,1,0,20,09 Apr 2026 10:23:45,1061E8053EAFA5676E0F
SMP PLUS MIFTAHUL FALAH,60730258,SMP,Swasta,Kec. Labuapi,230103,Kab. Lombok Barat,230100,Prov. Nusa Tenggara Barat,230000,7,2,143,6,6,0,1,20,30 Apr 2026 14:35:13,06D319CA852049346698
SMPI TAHFIZHUL QUR AN KHADIJAH,70038474,SMP,Swasta,Kec. Labuapi,230103,Kab. Lombok Barat,230100,Prov. Nusa Tenggara Barat,230000,10,1,149,6,6,0,1,43,27 Apr 2026 10:13:55,F98014BA9FF57AD4F19A
SMPIT NURUL QURAN,69992311,SMP,Swasta,Kec. Labuapi,230103,Kab. Lombok Barat,230100,Prov. Nusa Tenggara Barat,230000,8,1,100,4,3,0,1,6,28 Apr 2026 09:26:05,6D6F6FB0D24989EF96E4
SMAN 1 LABUAPI,50205414,SMA,Negeri,Kec. Labuapi,230103,Kab. Lombok Barat,230100,Prov. Nusa Tenggara Barat,230000,19,12,172,7,12,5,1,15,08 Apr 2026 10:48:33,366ECAD2DEE1D5204A77
SMAN 2 LABUAPI,50205415,SMA,Negeri,Kec. Labuapi,230103,Kab. Lombok Barat,230100,Prov. Nusa Tenggara Barat,230000,30,15,339,12,16,5,1,14,08 Apr 2026 09:20:43,318DE3011EC576C589E4
SMAS ISLAM ABHARIAH,50205410,SMA,Swasta,Kec. Labuapi,230103,Kab. Lombok Barat,230100,Prov. Nusa Tenggara Barat,230000,7,1,101,4,4,1,1,19,09 Apr 2026 23:02:41,0FDC46D9320AD42B6B4A
SMKN 1 LABUAPI,60724657,SMK,Negeri,Kec. Labuapi,230103,Kab. Lombok Barat,230100,Prov. Nusa Tenggara Barat,230000,20,12,207,14,14,1,1,28,28 Apr 2026 12:09:16,212EDFD1560202DD130A
SMK ASSIMA DARUL FALAH,69943354,SMK,Swasta,Kec. Labuapi,230103,Kab. Lombok Barat,230100,Prov. Nusa Tenggara Barat,230000,2,2,83,3,4,0,1,11,04 Mar 2026 11:04:22,0486CF6DF3E8C226F812
SMKS DARUL QURAN,50205729,SMK,Swasta,Kec. Labuapi,230103,Kab. Lombok Barat,230100,Prov. Nusa Tenggara Barat,230000,21,1,134,9,9,1,1,25,21 Apr 2026 19:26:37,881FFF4B7E1492842507
SMKS ISLAM ABHARIYAH,50219892,SMK,Swasta,Kec. Labuapi,230103,Kab. Lombok Barat,230100,Prov. Nusa Tenggara Barat,230000,6,2,52,4,4,1,1,18,06 Mar 2026 03:20:31,7FE6B6BF374FD98E20E8
SD NEGERI 1 MENINTING,50200799,SD,Negeri,Kec. Batu Layar,230114,Kab. Lombok Barat,230100,Prov. Nusa Tenggara Barat,230000,22,3,435,18,15,0,1,11,24 Apr 2026 07:50:26,0DD3F057710D0693310D
SD NEGERI 1 SANDIK,50200793,SD,Negeri,Kec. Batu Layar,230114,Kab. Lombok Barat,230100,Prov. Nusa Tenggara Barat,230000,18,5,548,17,11,0,1,28,22 Apr 2026 12:45:22,8F1FD29E48535495B2CC
SD NEGERI 1 SENGGIGI,50200770,SD,Negeri,Kec. Batu Layar,230114,Kab. Lombok Barat,230100,Prov. Nusa Tenggara Barat,230000,14,2,273,12,10,1,1,28,02 May 2026 08:32:47,40AD5EBE74ACD149190D
SD NEGERI 1 SENTELUK,50200780,SD,Negeri,Kec. Batu Layar,230114,Kab. Lombok Barat,230100,Prov. Nusa Tenggara Barat,230000,8,2,132,6,6,0,1,12,25 Apr 2026 08:55:00,DE1205B377F647EEDB86
SD NEGERI 2 MENINTING,50200304,SD,Negeri,Kec. Batu Layar,230114,Kab. Lombok Barat,230100,Prov. Nusa Tenggara Barat,230000,7,2,136,6,6,0,1,29,30 Apr 2026 09:45:44,50FF503808F9D2D2732A
SD NEGERI 2 SANDIK,50200263,SD,Negeri,Kec. Batu Layar,230114,Kab. Lombok Barat,230100,Prov. Nusa Tenggara Barat,230000,6,2,142,6,6,0,0,9,07 Apr 2026 02:34:08,69ECF61A3F623F3C1979
SD NEGERI 2 SENGGIGI,50200279,SD,Negeri,Kec. Batu Layar,230114,Kab. Lombok Barat,230100,Prov. Nusa Tenggara Barat,230000,7,3,112,6,6,0,1,39,24 Apr 2026 08:27:44,DBDB03081E176289168A
SD NEGERI 3 MENINTING,50200197,SD,Negeri,Kec. Batu Layar,230114,Kab. Lombok Barat,230100,Prov. Nusa Tenggara Barat,230000,7,3,132,6,6,0,1,9,25 Apr 2026 08:20:34,C58851DD0C1CF9593FE8
SD NEGERI 3 SANDIK,50200200,SD,Negeri,Kec. Batu Layar,230114,Kab. Lombok Barat,230100,Prov. Nusa Tenggara Barat,230000,8,1,182,6,6,0,1,12,29 Apr 2026 11:08:35,84EC671B3FE590C00743
SD NEGERI 4 SANDIK,50200419,SD,Negeri,Kec. Batu Layar,230114,Kab. Lombok Barat,230100,Prov. Nusa Tenggara Barat,230000,7,3,191,6,5,1,1,14,04 Apr 2026 08:35:31,1A133CBC9BB92DBBF427
SD NEGERI 5 SANDIK,50200489,SD,Negeri,Kec. Batu Layar,230114,Kab. Lombok Barat,230100,Prov. Nusa Tenggara Barat,230000,6,2,154,6,6,0,1,13,17 Apr 2026 06:50:27,787FB3F53AE1743EE76F
SDN 1 BATU LAYAR,50200249,SD,Negeri,Kec. Batu Layar,230114,Kab. Lombok Barat,230100,Prov. Nusa Tenggara Barat,230000,14,2,271,10,9,0,1,17,25 Apr 2026 06:59:03,96E76D30EB4562BA09FF
SDN 1 BATU LAYAR BARAT,50200882,SD,Negeri,Kec. Batu Layar,230114,Kab. Lombok Barat,230100,Prov. Nusa Tenggara Barat,230000,13,0,240,9,10,0,0,14,15 Apr 2026 09:18:04,F67D7322CECA0488AE64
SDN 1 BENGKAUNG,50200193,SD,Negeri,Kec. Batu Layar,230114,Kab. Lombok Barat,230100,Prov. Nusa Tenggara Barat,230000,10,3,212,8,8,0,1,10,24 Apr 2026 08:23:25,471336AFC413FA56D615
SDN 1 LEMBAHSARI,50200290,SD,Negeri,Kec. Batu Layar,230114,Kab. Lombok Barat,230100,Prov. Nusa Tenggara Barat,230000,8,2,80,6,6,0,1,17,29 Apr 2026 11:58:11,D8DE94251BE28065582B
SDN 1 PUSUK LESTARI,50200730,SD,Negeri,Kec. Batu Layar,230114,Kab. Lombok Barat,230100,Prov. Nusa Tenggara Barat,230000,7,3,134,6,6,0,1,15,07 Mar 2026 10:22:34,EBD7632832BEB61DEC6C
SDN 2 BATU LAYAR,50200149,SD,Negeri,Kec. Batu Layar,230114,Kab. Lombok Barat,230100,Prov. Nusa Tenggara Barat,230000,6,3,176,6,5,0,1,12,05 Apr 2026 16:12:31,BEC7986C3ABE58C3E7C6
SDN 2 BATU LAYAR BARAT,50200413,SD,Negeri,Kec. Batu Layar,230114,Kab. Lombok Barat,230100,Prov. Nusa Tenggara Barat,230000,8,2,124,6,6,0,1,9,13 Apr 2026 17:27:05,24E571D602569F2E2836
SDN 2 BENGKAUNG,50200458,SD,Negeri,Kec. Batu Layar,230114,Kab. Lombok Barat,230100,Prov. Nusa Tenggara Barat,230000,6,2,48,6,5,0,1,13,27 Apr 2026 08:57:06,320FE81477E6E395550C
SDN 2 SENTELUK,69831949,SD,Negeri,Kec. Batu Layar,230114,Kab. Lombok Barat,230100,Prov. Nusa Tenggara Barat,230000,9,2,131,6,6,0,1,38,24 Apr 2026 10:03:37,58338928D45971628752
SDN 3 BATU LAYAR,50200175,SD,Negeri,Kec. Batu Layar,230114,Kab. Lombok Barat,230100,Prov. Nusa Tenggara Barat,230000,6,1,67,6,6,0,1,17,14 Apr 2026 19:54:37,444CF81F377F8A45C765
SDN 3 BATU LAYAR BARAT,50220441,SD,Negeri,Kec. Batu Layar,230114,Kab. Lombok Barat,230100,Prov. Nusa Tenggara Barat,230000,8,4,101,6,6,0,1,19,17 Apr 2026 05:51:02,E7CAD8EB0B79FCEC201B
SDN 3 BENGKAUNG,50220460,SD,Negeri,Kec. Batu Layar,230114,Kab. Lombok Barat,230100,Prov. Nusa Tenggara Barat,230000,7,2,69,6,6,0,1,10,23 Apr 2026 07:59:11,4C864E957961EE39DA45
SDN 4 BATU LAYAR,50220459,SD,Negeri,Kec. Batu Layar,230114,Kab. Lombok Barat,230100,Prov. Nusa Tenggara Barat,230000,7,3,107,6,6,1,1,12,27 Apr 2026 09:10:49,3C200732492D0B573B2A
SDN 4 BATU LAYAR BARAT,69831952,SD,Negeri,Kec. Batu Layar,230114,Kab. Lombok Barat,230100,Prov. Nusa Tenggara Barat,230000,7,2,118,6,6,1,1,16,16 Apr 2026 08:56:36,6748270C56A57D99F6F4
SDN 4 BENGKAUNG,50220461,SD,Negeri,Kec. Batu Layar,230114,Kab. Lombok Barat,230100,Prov. Nusa Tenggara Barat,230000,5,3,72,6,5,0,1,8,03 Apr 2026 08:01:40,211872CAA79AB4ECC01C
SD ISLAM AL AZHAR,50200871,SD,Swasta,Kec. Batu Layar,230114,Kab. Lombok Barat,230100,Prov. Nusa Tenggara Barat,230000,8,2,113,6,6,0,1,22,09 Apr 2026 21:07:12,24758CF3CF37CACC8B55
SD ISLAM BILAL BIN ROBAH,70007537,SD,Swasta,Kec. Batu Layar,230114,Kab. Lombok Barat,230100,Prov. Nusa Tenggara Barat,230000,6,2,146,6,6,0,0,15,10 Apr 2026 04:44:57,F83D85EC589447F5CFF9
SD LOMBOK INSANI SCHOOL,70052512,SD,Swasta,Kec. Batu Layar,230114,Kab. Lombok Barat,230100,Prov. Nusa Tenggara Barat,230000,5,2,51,3,4,0,1,9,04 Mar 2026 10:50:17,CEB0934AD2465EA950CE
SD-SMP SATU ATAP 1 BATULAYAR,50219416,SMP,Negeri,Kec. Batu Layar,230114,Kab. Lombok Barat,230100,Prov. Nusa Tenggara Barat,230000,10,0,39,3,3,0,1,18,30 Apr 2026 13:16:16,2542C767134FD323725E
SMP NEGERI 1 BATULAYAR,50200319,SMP,Negeri,Kec. Batu Layar,230114,Kab. Lombok Barat,230100,Prov. Nusa Tenggara Barat,230000,18,8,236,9,16,2,1,12,05 Apr 2026 05:14:56,CC690A143176D407FC45
SMP NEGERI 2 BATU LAYAR,50219409,SMP,Negeri,Kec. Batu Layar,230114,Kab. Lombok Barat,230100,Prov. Nusa Tenggara Barat,230000,14,5,134,6,10,2,1,13,23 Apr 2026 10:10:35,523D3555FC6B97804D3C
SMP ISLAM AL AZHAR NW KAYANGAN,50200337,SMP,Swasta,Kec. Batu Layar,230114,Kab. Lombok Barat,230100,Prov. Nusa Tenggara Barat,230000,11,1,142,5,8,1,1,12,17 Apr 2026 09:22:10,BA679DD8B51338D704C0
SMP ISLAM BANU USTMAN GOAK,70057106,SMP,Swasta,Kec. Batu Layar,230114,Kab. Lombok Barat,230100,Prov. Nusa Tenggara Barat,230000,5,1,9,1,4,0,0,15,13 Apr 2026 07:38:30,C68AB9EDAA16E524885E
SMP IT DARUL ISLAM PUSUK LESTARI,70057907,SMP,Swasta,Kec. Batu Layar,230114,Kab. Lombok Barat,230100,Prov. Nusa Tenggara Barat,230000,8,1,0,0,0,0,0,0,30 Apr 2026 11:54:04,620919FD371A1E73812B
SMAN 1 BATULAYAR,50205413,SMA,Negeri,Kec. Batu Layar,230114,Kab. Lombok Barat,230100,Prov. Nusa Tenggara Barat,230000,16,11,76,3,8,6,1,20,30 Apr 2026 08:33:05,E7DA4F42215E0E652612
SMA DARUL IKHLAS NW BENGKAUNG,70038106,SMA,Swasta,Kec. Batu Layar,230114,Kab. Lombok Barat,230100,Prov. Nusa Tenggara Barat,230000,8,1,74,3,1,0,0,16,25 Apr 2026 19:51:47,6A3EE5EC99C9544CDBA9
SMAS ISLAM AL AZHAR,50205412,SMA,Swasta,Kec. Batu Layar,230114,Kab. Lombok Barat,230100,Prov. Nusa Tenggara Barat,230000,11,2,101,3,7,2,1,23,30 Apr 2026 17:23:42,CE3C49F7CAC481F975D8
SMKN 1 BATULAYAR,50220413,SMK,Negeri,Kec. Batu Layar,230114,Kab. Lombok Barat,230100,Prov. Nusa Tenggara Barat,230000,43,19,674,22,17,2,1,24,28 Apr 2026 08:09:47,6358FB7A4E8DB8B7594E
SD NEGERI 1 JAGARAGA,50200740,SD,Negeri,Kec. Kuripan,230110,Kab. Lombok Barat,230100,Prov. Nusa Tenggara Barat,230000,15,1,295,12,9,0,1,11,29 Apr 2026 09:25:19,EFDE9CAE23C941AAC7A7
SD NEGERI 1 KURIPAN,50200737,SD,Negeri,Kec. Kuripan,230110,Kab. Lombok Barat,230100,Prov. Nusa Tenggara Barat,230000,16,4,328,13,13,0,1,9,14 Apr 2026 09:29:30,0810F0262A734AAA8B53
SD NEGERI 1 KURIPAN UTARA,50200735,SD,Negeri,Kec. Kuripan,230110,Kab. Lombok Barat,230100,Prov. Nusa Tenggara Barat,230000,8,2,116,6,6,0,1,22,29 Apr 2026 08:27:30,91A44853B312889C171B
SD NEGERI 2 JAGARAGA,50200223,SD,Negeri,Kec. Kuripan,230110,Kab. Lombok Barat,230100,Prov. Nusa Tenggara Barat,230000,8,3,108,6,6,0,1,15,20 Apr 2026 20:22:30,83A1D032AB5322F122FA
SD NEGERI 2 KURIPAN UTARA,50200293,SD,Negeri,Kec. Kuripan,230110,Kab. Lombok Barat,230100,Prov. Nusa Tenggara Barat,230000,17,2,252,12,9,0,1,13,10 Apr 2026 08:07:14,C784FECA42989F136E53
SD NEGERI 3 JAGARAGA,50200132,SD,Negeri,Kec. Kuripan,230110,Kab. Lombok Barat,230100,Prov. Nusa Tenggara Barat,230000,15,2,338,12,8,0,1,29,27 Apr 2026 06:47:17,7F42A28374683C65559A
SD NEGERI 3 KURIPAN UTARA,50200196,SD,Negeri,Kec. Kuripan,230110,Kab. Lombok Barat,230100,Prov. Nusa Tenggara Barat,230000,9,3,135,6,7,0,1,11,25 Apr 2026 10:47:17,4E676CCF600261B5DF7C
SD NEGERI 4 JAGARAGA,50200445,SD,Negeri,Kec. Kuripan,230110,Kab. Lombok Barat,230100,Prov. Nusa Tenggara Barat,230000,9,2,173,6,7,0,1,19,02 May 2026 08:13:08,8575246CA03272BCC719
SD NEGERI 4 KURIPAN UTARA,50200460,SD,Negeri,Kec. Kuripan,230110,Kab. Lombok Barat,230100,Prov. Nusa Tenggara Barat,230000,10,1,158,8,9,0,1,32,06 Apr 2026 07:09:07,6CEAD57290DEBBF4AFA9
SDN 1 GIRI SASAK,50200736,SD,Negeri,Kec. Kuripan,230110,Kab. Lombok Barat,230100,Prov. Nusa Tenggara Barat,230000,10,2,263,8,6,0,1,13,28 Apr 2026 09:19:07,74148D4BB440A30080F8
SDN 1 KURIPAN SELATAN,50200294,SD,Negeri,Kec. Kuripan,230110,Kab. Lombok Barat,230100,Prov. Nusa Tenggara Barat,230000,10,2,244,8,7,0,1,15,27 Apr 2026 07:42:10,0B3C2C1F1D77551B9B14
SDN 1 KURIPAN TIMUR,50200160,SD,Negeri,Kec. Kuripan,230110,Kab. Lombok Barat,230100,Prov. Nusa Tenggara Barat,230000,12,2,214,8,6,0,1,12,13 Apr 2026 20:41:43,8DF6B44849FFF106D8EF
SDN 2 GIRI SASAK,50200209,SD,Negeri,Kec. Kuripan,230110,Kab. Lombok Barat,230100,Prov. Nusa Tenggara Barat,230000,7,1,121,6,9,0,1,11,28 Apr 2026 08:42:38,816D47D0BBB487EEC9CB
SDN 2 KURIPAN,50200295,SD,Negeri,Kec. Kuripan,230110,Kab. Lombok Barat,230100,Prov. Nusa Tenggara Barat,230000,10,3,230,8,9,0,1,21,30 Apr 2026 06:47:59,CBF12D9B1D6B8C129BC6
SDN 2 KURIPAN SELATAN,50200461,SD,Negeri,Kec. Kuripan,230110,Kab. Lombok Barat,230100,Prov. Nusa Tenggara Barat,230000,9,1,237,7,8,0,1,30,30 Apr 2026 18:53:03,6153D5AE81AD9597F000
SDN 2 KURIPAN TIMUR,50200342,SD,Negeri,Kec. Kuripan,230110,Kab. Lombok Barat,230100,Prov. Nusa Tenggara Barat,230000,9,2,104,6,6,0,1,9,30 Apr 2026 10:06:20,80E96E1BA09865D69CB6
SDN 3 GIRI SASAK,69787718,SD,Negeri,Kec. Kuripan,230110,Kab. Lombok Barat,230100,Prov. Nusa Tenggara Barat,230000,9,3,57,6,6,0,0,19,27 Apr 2026 12:48:45,0C38BBC6B7376C4169B2
SDN 3 KURIPAN,50200462,SD,Negeri,Kec. Kuripan,230110,Kab. Lombok Barat,230100,Prov. Nusa Tenggara Barat,230000,15,1,307,12,8,0,1,9,23 Apr 2026 12:10:13,51477DB69B4F364B44C8
SDN 4 KURIPAN,50200493,SD,Negeri,Kec. Kuripan,230110,Kab. Lombok Barat,230100,Prov. Nusa Tenggara Barat,230000,10,1,211,8,7,0,1,17,27 Apr 2026 10:26:43,62DE82D061A7B9200082
SDN 5 KURIPAN,50200485,SD,Negeri,Kec. Kuripan,230110,Kab. Lombok Barat,230100,Prov. Nusa Tenggara Barat,230000,8,0,83,6,6,0,1,13,10 Apr 2026 09:25:34,048254D878D72A80A3DA
SD IT ASSALAM,70061568,SD,Swasta,Kec. Kuripan,230110,Kab. Lombok Barat,230100,Prov. Nusa Tenggara Barat,230000,4,1,47,3,3,0,1,26,02 May 2026 12:21:21,30A583CE480D9A1BA298
SDI YAUMUL HASANAH,69942628,SD,Swasta,Kec. Kuripan,230110,Kab. Lombok Barat,230100,Prov. Nusa Tenggara Barat,230000,9,1,71,6,6,0,0,24,05 Apr 2026 12:59:29,DAAA384BB9CC89C2E28E
SD-SMP NEGERI SATU ATAP 1 KURIPAN,69787719,SMP,Negeri,Kec. Kuripan,230110,Kab. Lombok Barat,230100,Prov. Nusa Tenggara Barat,230000,9,0,25,3,3,1,1,34,28 Apr 2026 10:07:01,988DF8ABAAE2339D7A53
SMP NEGERI 1 KURIPAN,50200323,SMP,Negeri,Kec. Kuripan,230110,Kab. Lombok Barat,230100,Prov. Nusa Tenggara Barat,230000,19,9,198,8,20,1,1,15,21 Apr 2026 19:17:15,6B39017D6811BA57A202
SMP NEGERI 2 KURIPAN,50205383,SMP,Negeri,Kec. Kuripan,230110,Kab. Lombok Barat,230100,Prov. Nusa Tenggara Barat,230000,33,11,554,17,17,2,1,34,29 Apr 2026 11:16:17,0901B9FFF81BBCD9573E
SMP NEGERI 3 KURIPAN,50200390,SMP,Negeri,Kec. Kuripan,230110,Kab. Lombok Barat,230100,Prov. Nusa Tenggara Barat,230000,15,9,179,7,9,3,1,48,29 Apr 2026 12:50:33,AF459C40209EB219B5FA
SMP NEGERI 4 KURIPAN,60724645,SMP,Negeri,Kec. Kuripan,230110,Kab. Lombok Barat,230100,Prov. Nusa Tenggara Barat,230000,21,7,233,8,9,2,1,16,06 Apr 2026 10:40:30,6A61D546AC55BCFEAF0B
SMP ISLAM DARUL MUSTHOFA,70023782,SMP,Swasta,Kec. Kuripan,230110,Kab. Lombok Barat,230100,Prov. Nusa Tenggara Barat,230000,11,2,29,3,3,1,1,24,07 Mar 2026 06:41:28,C23806ACF3BF8705AF95
SMP Islam Nurul Madinah,50220773,SMP,Swasta,Kec. Kuripan,230110,Kab. Lombok Barat,230100,Prov. Nusa Tenggara Barat,230000,7,2,35,3,3,0,1,14,24 Apr 2026 14:11:46,E5103DD5B1C99D37D271
SMP ISLAM RAUDHATUS SHOLIHIN LENDANG SEMBE,70035736,SMP,Swasta,Kec. Kuripan,230110,Kab. Lombok Barat,230100,Prov. Nusa Tenggara Barat,230000,16,1,60,4,3,0,0,57,29 Apr 2026 23:22:10,E8959D22AE2F071A6429
SMP ISLAM TARBIYATUSSHIBYAN BEREMI,70031410,SMP,Swasta,Kec. Kuripan,230110,Kab. Lombok Barat,230100,Prov. Nusa Tenggara Barat,230000,12,3,106,6,6,0,0,19,06 Mar 2026 23:28:12,E52E16A02952A1B5974D
SMAN 1 KURIPAN,50200383,SMA,Negeri,Kec. Kuripan,230110,Kab. Lombok Barat,230100,Prov. Nusa Tenggara Barat,230000,55,16,743,22,23,2,1,33,20 Apr 2026 08:31:34,A922A250DB7B30E57496
SMA ISLAM NUN RAHMATULLAH,70056956,SMA,Swasta,Kec. Kuripan,230110,Kab. Lombok Barat,230100,Prov. Nusa Tenggara Barat,230000,10,1,25,3,3,0,0,12,14 Apr 2026 20:28:53,EBA7FFAC3AE09649511F
SMKN 1 KURIPAN,50200374,SMK,Negeri,Kec. Kuripan,230110,Kab. Lombok Barat,230100,Prov. Nusa Tenggara Barat,230000,62,27,663,28,27,1,1,30,27 Apr 2026 07:52:29,755813EE46EDB935A7DC
SMKN 2 KURIPAN,50200403,SMK,Negeri,Kec. Kuripan,230110,Kab. Lombok Barat,230100,Prov. Nusa Tenggara Barat,230000,97,31,1392,48,32,7,1,58,30 Apr 2026 09:20:38,F608406D49E79F6A8EFF
SMKS ISLAM NURUL MADINAH,69754723,SMK,Swasta,Kec. Kuripan,230110,Kab. Lombok Barat,230100,Prov. Nusa Tenggara Barat,230000,7,2,44,4,9,1,1,13,28 Apr 2026 09:37:24,19280B8D7B55C38E911E
SEKOLAH DASAR NEGERI 1 SUMBAWA KECAMATAN SUMBAWA,50203393,SD,Negeri,Kec. Sumbawa,230408,Kab. Sumbawa,230400,Prov. Nusa Tenggara Barat,230000,19,4,359,13,8,1,1,18,24 Apr 2026 06:47:36,B28C7C59139B96567774
SEKOLAH DASAR NEGERI 10 SUMBAWA KECAMATAN SUMBAWA,50203586,SD,Negeri,Kec. Sumbawa,230408,Kab. Sumbawa,230400,Prov. Nusa Tenggara Barat,230000,10,1,151,6,6,0,1,36,11 Mar 2026 16:35:53,E9DF9521336F2387B2E0
SEKOLAH DASAR NEGERI 11 SUMBAWA KECAMATAN SUMBAWA,50203587,SD,Negeri,Kec. Sumbawa,230408,Kab. Sumbawa,230400,Prov. Nusa Tenggara Barat,230000,18,3,387,12,10,0,1,23,25 Apr 2026 19:17:00,30D9E514E3417B6DA44B
SEKOLAH DASAR NEGERI 12 SUMBAWA KECAMATAN SUMBAWA,50203588,SD,Negeri,Kec. Sumbawa,230408,Kab. Sumbawa,230400,Prov. Nusa Tenggara Barat,230000,11,1,125,6,8,0,1,8,04 Mar 2026 14:54:28,CA85FB383C00DC94EBF0
SEKOLAH DASAR NEGERI 13 SUMBAWA KECAMATAN SUMBAWA,50203589,SD,Negeri,Kec. Sumbawa,230408,Kab. Sumbawa,230400,Prov. Nusa Tenggara Barat,230000,11,3,151,6,6,0,1,23,15 Apr 2026 19:08:51,C53DC7A3F99751FB8F69
SEKOLAH DASAR NEGERI 14 SUMBAWA KECAMATAN SUMBAWA,50203579,SD,Negeri,Kec. Sumbawa,230408,Kab. Sumbawa,230400,Prov. Nusa Tenggara Barat,230000,9,3,170,7,6,0,1,17,04 Mar 2026 08:39:54,98F8C700E60BFDA8A273
SEKOLAH DASAR NEGERI 15 SUMBAWA KECAMATAN SUMBAWA,50203578,SD,Negeri,Kec. Sumbawa,230408,Kab. Sumbawa,230400,Prov. Nusa Tenggara Barat,230000,9,3,113,6,6,0,1,9,26 Apr 2026 19:56:12,8058914205A0491C81C1
SEKOLAH DASAR NEGERI 16 SUMBAWA KECAMATAN SUMBAWA,50203577,SD,Negeri,Kec. Sumbawa,230408,Kab. Sumbawa,230400,Prov. Nusa Tenggara Barat,230000,19,5,317,12,11,1,1,26,08 Apr 2026 08:18:10,4DE437BA8324136F6F37
SEKOLAH DASAR NEGERI 2 SUMBAWA KECAMATAN SUMBAWA,50203419,SD,Negeri,Kec. Sumbawa,230408,Kab. Sumbawa,230400,Prov. Nusa Tenggara Barat,230000,25,5,488,18,15,1,1,17,23 Apr 2026 18:52:46,697C03DE93F6C4C4606D
SEKOLAH DASAR NEGERI 3 SUMBAWA KECAMATAN SUMBAWA,50203556,SD,Negeri,Kec. Sumbawa,230408,Kab. Sumbawa,230400,Prov. Nusa Tenggara Barat,230000,10,1,55,6,6,0,1,8,05 Apr 2026 21:42:18,D2BE8B65D8F4A89B7846
SEKOLAH DASAR NEGERI 4 SUMBAWA KECAMATAN SUMBAWA,50203559,SD,Negeri,Kec. Sumbawa,230408,Kab. Sumbawa,230400,Prov. Nusa Tenggara Barat,230000,17,5,293,11,9,0,1,24,25 Apr 2026 09:54:43,A5578FBCD0303647A760
SEKOLAH DASAR NEGERI 5 SUMBAWA KECAMATAN SUMBAWA,50203561,SD,Negeri,Kec. Sumbawa,230408,Kab. Sumbawa,230400,Prov. Nusa Tenggara Barat,230000,8,3,119,6,6,0,1,40,28 Apr 2026 11:04:22,6987E76745846571D96B
SEKOLAH DASAR NEGERI 6 SUMBAWA KECAMATAN SUMBAWA,50203563,SD,Negeri,Kec. Sumbawa,230408,Kab. Sumbawa,230400,Prov. Nusa Tenggara Barat,230000,18,3,365,12,11,1,1,21,27 Apr 2026 11:16:36,190C8978D4A869975E4D
SEKOLAH DASAR NEGERI 7 SUMBAWA KECAMATAN SUMBAWA,50203553,SD,Negeri,Kec. Sumbawa,230408,Kab. Sumbawa,230400,Prov. Nusa Tenggara Barat,230000,17,4,319,12,10,0,1,33,06 Apr 2026 17:06:38,F3E60276676914C6CAB7
SEKOLAH DASAR NEGERI 8 SUMBAWA KECAMATAN SUMBAWA,50203551,SD,Negeri,Kec. Sumbawa,230408,Kab. Sumbawa,230400,Prov. Nusa Tenggara Barat,230000,12,2,144,7,7,0,1,28,28 Apr 2026 08:33:29,A67E374632842ADC5F8C
SEKOLAH DASAR NEGERI 9 SUMBAWA KECAMATAN SUMBAWA,50205249,SD,Negeri,Kec. Sumbawa,230408,Kab. Sumbawa,230400,Prov. Nusa Tenggara Barat,230000,9,2,130,6,6,0,1,27,22 Apr 2026 07:32:04,D66B26558E1B95DD0E35
SEKOLAH DASAR NEGERI BRANG BIJI KECAMATAN SUMBAWA,50203516,SD,Negeri,Kec. Sumbawa,230408,Kab. Sumbawa,230400,Prov. Nusa Tenggara Barat,230000,18,2,331,12,12,0,1,15,27 Apr 2026 07:11:57,165208FF087D235D4C2F
SEKOLAH DASAR NEGERI BUKIT PERMAI KECAMATAN SUMBAWA,50203533,SD,Negeri,Kec. Sumbawa,230408,Kab. Sumbawa,230400,Prov. Nusa Tenggara Barat,230000,14,2,212,10,9,0,1,16,11 Mar 2026 07:38:50,5AB0F0A6C28BA6DC6EC7
SEKOLAH DASAR NEGERI KEBAYAN KECAMATAN SUMBAWA,50203524,SD,Negeri,Kec. Sumbawa,230408,Kab. Sumbawa,230400,Prov. Nusa Tenggara Barat,230000,12,2,174,6,6,0,1,13,04 Mar 2026 09:49:31,760F5E3405F130EB8758
SEKOLAH DASAR NEGERI LEMPEH KECAMATAN SUMBAWA,50203270,SD,Negeri,Kec. Sumbawa,230408,Kab. Sumbawa,230400,Prov. Nusa Tenggara Barat,230000,17,5,286,11,12,0,1,29,27 Apr 2026 10:06:27,C9AC9C89FA6223942359
SEKOLAH DASAR NEGERI RABERAS KECAMATAN SUMBAWA,50203207,SD,Negeri,Kec. Sumbawa,230408,Kab. Sumbawa,230400,Prov. Nusa Tenggara Barat,230000,10,3,154,6,6,0,1,27,09 Apr 2026 10:23:50,C28AAA6AF8DE0F1838BC
SEKOLAH DASAR NEGERI SAMAPUIN KECAMATAN SUMBAWA,50203226,SD,Negeri,Kec. Sumbawa,230408,Kab. Sumbawa,230400,Prov. Nusa Tenggara Barat,230000,10,4,186,6,6,0,1,10,18 Apr 2026 08:17:20,E5992C27B8F945E25047
Sekolah Rakyat Dasar 5 Sumbawa,70058365,SD,Negeri,Kec. Sumbawa,230408,Kab. Sumbawa,230400,Prov. Nusa Tenggara Barat,230000,3,1,73,6,3,1,1,34,24 Apr 2026 07:04:45,551C1BF3C4DA18E8ED56
SD DIPONEGORO,50205225,SD,Swasta,Kec. Sumbawa,230408,Kab. Sumbawa,230400,Prov. Nusa Tenggara Barat,230000,19,5,282,12,12,1,1,24,30 Mar 2026 07:24:40,A2B7C08BB3CF9688822B
SD ISLAM DEENIYAT,69978523,SD,Swasta,Kec. Sumbawa,230408,Kab. Sumbawa,230400,Prov. Nusa Tenggara Barat,230000,5,1,54,6,6,0,0,15,14 Apr 2026 13:14:31,CB8E138848D3D79228D1
SD Tunas Daud Unggul Sumbawa Besar,69899474,SD,Swasta,Kec. Sumbawa,230408,Kab. Sumbawa,230400,Prov. Nusa Tenggara Barat,230000,7,3,73,6,7,1,1,8,16 Apr 2026 16:18:06,9CDBCF4D11AD913C127B
SDIT Insan Qurani Sumbawa,69957447,SD,Swasta,Kec. Sumbawa,230408,Kab. Sumbawa,230400,Prov. Nusa Tenggara Barat,230000,27,7,375,13,19,1,1,19,22 Apr 2026 08:52:08,DCA1B345B7BFDC1AE7BF
SEKOLAH DASAR  ISLAM TERPADU ASA,70051606,SD,Swasta,Kec. Sumbawa,230408,Kab. Sumbawa,230400,Prov. Nusa Tenggara Barat,230000,7,1,55,4,4,0,0,11,28 Apr 2026 06:50:05,0F70B1DCD9ED953F5B55
SEKOLAH DASAR MUHAMMADIYAH LALU AKANG ZAINUDDIN,70008193,SD,Swasta,Kec. Sumbawa,230408,Kab. Sumbawa,230400,Prov. Nusa Tenggara Barat,230000,10,0,82,6,6,0,0,16,13 Apr 2026 10:13:24,454F7BBBEE2DDD7EC247
SEKOLAH DASAR PLUS NURUL ISLAM SUMBAWA,70047982,SD,Swasta,Kec. Sumbawa,230408,Kab. Sumbawa,230400,Prov. Nusa Tenggara Barat,230000,3,1,55,3,3,0,0,10,05 Mar 2026 12:26:40,EA3BD980FC2DA63EC48F
SEKOLAH MENENGAH PERTAMA NEGERI 1 SUMBAWA BESAR KECAMATAN SUMBAWA,50203369,SMP,Negeri,Kec. Sumbawa,230408,Kab. Sumbawa,230400,Prov. Nusa Tenggara Barat,230000,54,9,909,25,25,5,1,30,04 Mar 2026 07:14:10,037FB3683AEEBF91E9C9
SEKOLAH MENENGAH PERTAMA NEGERI 2 SUMBAWA BESAR KECAMATAN SUMBAWA,50203300,SMP,Negeri,Kec. Sumbawa,230408,Kab. Sumbawa,230400,Prov. Nusa Tenggara Barat,230000,43,6,550,18,18,2,1,41,16 Apr 2026 08:14:15,5362AC676341199DB0F3
SEKOLAH MENENGAH PERTAMA NEGERI 3 SUMBAWA BESAR KECAMATAN SUMBAWA,50203286,SMP,Negeri,Kec. Sumbawa,230408,Kab. Sumbawa,230400,Prov. Nusa Tenggara Barat,230000,38,8,508,17,18,2,1,77,02 May 2026 13:24:56,1C61F8934F5EB8C9A0AC
SEKOLAH MENENGAH PERTAMA NEGERI 4 SUMBAWA BESAR KECAMATAN SUMBAWA,50203289,SMP,Negeri,Kec. Sumbawa,230408,Kab. Sumbawa,230400,Prov. Nusa Tenggara Barat,230000,13,5,131,6,9,2,1,11,30 Apr 2026 12:02:33,DD8D48936AA42C2D4BC6
SEKOLAH MENENGAH PERTAMA NEGERI 5 SUMBAWA BESAR KECAMATAN SUMBAWA,50205475,SMP,Negeri,Kec. Sumbawa,230408,Kab. Sumbawa,230400,Prov. Nusa Tenggara Barat,230000,13,1,34,3,7,2,1,18,04 Mar 2026 09:31:51,5B3B5B3D961ADBB8F34D
SEKOLAH MENENGAH PERTAMA  SMP PLUS HAMALATUL QURAN SAMAWA,70056973,SMP,Swasta,Kec. Sumbawa,230408,Kab. Sumbawa,230400,Prov. Nusa Tenggara Barat,230000,4,1,20,1,1,0,0,6,02 May 2026 17:02:56,977B34B3B8C9EB8E828B
Sekolah Menengah Pertama Islam Terpadu Insan Qurani,70036536,SMP,Swasta,Kec. Sumbawa,230408,Kab. Sumbawa,230400,Prov. Nusa Tenggara Barat,230000,10,2,57,3,4,0,0,24,30 Apr 2026 10:39:46,C940443C4DFA66128625
SMP DIPONEGORO SUMBAWA BESAR,50203378,SMP,Swasta,Kec. Sumbawa,230408,Kab. Sumbawa,230400,Prov. Nusa Tenggara Barat,230000,11,5,164,6,6,2,1,29,23 Apr 2026 08:44:54,B23442713FF4BBC5873C
SMP ISLAM DEENIYAT SUMBAWA,69991406,SMP,Swasta,Kec. Sumbawa,230408,Kab. Sumbawa,230400,Prov. Nusa Tenggara Barat,230000,1,1,40,2,3,0,1,6,07 Mar 2026 16:49:28,420B825F31EFBB8D59D4
SMP ISLAM TERPADU (SMP IT) SUMBAWA,69948296,SMP,Swasta,Kec. Sumbawa,230408,Kab. Sumbawa,230400,Prov. Nusa Tenggara Barat,230000,7,2,29,2,3,1,1,33,08 Apr 2026 10:33:14,BEF69F33B7B1CED5C002
SMP PLUS AISYAH SAMAWA,69975110,SMP,Swasta,Kec. Sumbawa,230408,Kab. Sumbawa,230400,Prov. Nusa Tenggara Barat,230000,18,4,301,11,12,1,1,31,02 May 2026 08:17:47,4200A5247C8917228A71
SMAN 1 SUMBAWA BESAR,50203310,SMA,Negeri,Kec. Sumbawa,230408,Kab. Sumbawa,230400,Prov. Nusa Tenggara Barat,230000,45,24,1000,28,24,5,1,57,02 May 2026 09:10:11,065D0EA76CA670A1F435
SMAN 2 SUMBAWA BESAR,50203312,SMA,Negeri,Kec. Sumbawa,230408,Kab. Sumbawa,230400,Prov. Nusa Tenggara Barat,230000,62,15,1160,32,21,5,2,89,02 May 2026 08:13:19,DD495663699D6CC89413
SMAN 3 SUMBAWA BESAR,50203313,SMA,Negeri,Kec. Sumbawa,230408,Kab. Sumbawa,230400,Prov. Nusa Tenggara Barat,230000,57,19,1033,30,26,6,1,51,28 Apr 2026 08:08:00,84A9723FEDBAEC233B05
SMAN 4 SUMBAWA BESAR,50203326,SMA,Negeri,Kec. Sumbawa,230408,Kab. Sumbawa,230400,Prov. Nusa Tenggara Barat,230000,20,14,256,8,14,4,1,39,29 Apr 2026 07:47:52,0B837B8491A354FB7305
SMA PLUS AISYAH SAMAWA,69985340,SMA,Swasta,Kec. Sumbawa,230408,Kab. Sumbawa,230400,Prov. Nusa Tenggara Barat,230000,10,4,150,6,6,0,1,28,21 Apr 2026 08:04:28,7AFF66D5F5DC4235D4DA
SMAS K ST GREGORIUS SUMBAWA,50203322,SMA,Swasta,Kec. Sumbawa,230408,Kab. Sumbawa,230400,Prov. Nusa Tenggara Barat,230000,8,3,123,5,8,3,1,31,21 Apr 2026 11:37:51,FA8F0B30BE64A2E8C187
SMAS MUHAMMADIYAH SUMBAWA,50203324,SMA,Swasta,Kec. Sumbawa,230408,Kab. Sumbawa,230400,Prov. Nusa Tenggara Barat,230000,8,4,70,3,8,1,2,26,29 Apr 2026 12:17:55,BC0D11309308BAAE70F2
SMKN 1 SUMBAWA BESAR,50203317,SMK,Negeri,Kec. Sumbawa,230408,Kab. Sumbawa,230400,Prov. Nusa Tenggara Barat,230000,89,29,1245,42,22,6,1,90,30 Apr 2026 19:19:41,070DEE9AD260763A69A2
SMK BORSYA TELEKOMUNIKASI,70027778,SMK,Swasta,Kec. Sumbawa,230408,Kab. Sumbawa,230400,Prov. Nusa Tenggara Barat,230000,4,1,0,0,0,0,0,0,,FCB80071FB676C2238DD
SMK ISLAM SUMBAWA BESAR,69851859,SMK,Swasta,Kec. Sumbawa,230408,Kab. Sumbawa,230400,Prov. Nusa Tenggara Barat,230000,14,2,97,3,6,2,1,18,31 Mar 2026 07:19:35,4417AA9C300E89B4B3FE
SMKS KESEHATAN AL MAARIF SUMBAWA BESAR,50220706,SMK,Swasta,Kec. Sumbawa,230408,Kab. Sumbawa,230400,Prov. Nusa Tenggara Barat,230000,7,3,144,6,6,2,1,16,05 Apr 2026 00:36:07,CD753E398C404C250F9B
SEKOLAH DASAR NEGERI 1 KARANG JATI KECAMATAN MOYO HILIR,50203406,SD,Negeri,Kec. Moyo Hilir,230409,Kab. Sumbawa,230400,Prov. Nusa Tenggara Barat,230000,8,2,84,6,6,0,1,18,27 Apr 2026 08:06:22,7D4F3985BED987EFEC09
SEKOLAH DASAR NEGERI 1 MOYO KECAMATAN MOYO HILIR,50203397,SD,Negeri,Kec. Moyo Hilir,230409,Kab. Sumbawa,230400,Prov. Nusa Tenggara Barat,230000,11,3,156,6,7,1,1,19,07 Apr 2026 08:23:40,0588343309A1EAB933FD
SEKOLAH DASAR NEGERI 2 KARANG JATI KECAMATAN MOYO HILIR,50203571,SD,Negeri,Kec. Moyo Hilir,230409,Kab. Sumbawa,230400,Prov. Nusa Tenggara Barat,230000,9,3,130,6,6,0,1,29,30 Apr 2026 06:10:48,E0D2CD4A342188253922
SEKOLAH DASAR NEGERI 2 MOYO KECAMATAN MOYO HILIR,50203430,SD,Negeri,Kec. Moyo Hilir,230409,Kab. Sumbawa,230400,Prov. Nusa Tenggara Barat,230000,10,3,152,7,7,0,1,27,25 Apr 2026 22:39:28,42A8ECBB5632D74E095E
SEKOLAH DASAR NEGERI AI PUNTUK KECAMATAN MOYO HILIR,50203512,SD,Negeri,Kec. Moyo Hilir,230409,Kab. Sumbawa,230400,Prov. Nusa Tenggara Barat,230000,12,4,161,8,6,0,1,18,12 Apr 2026 09:22:34,6CDB4A780ADC2387288D
SEKOLAH DASAR NEGERI BATU BANGKA KECAMATAN MOYO HILIR,50203504,SD,Negeri,Kec. Moyo Hilir,230409,Kab. Sumbawa,230400,Prov. Nusa Tenggara Barat,230000,8,3,134,6,6,0,1,13,02 May 2026 15:18:46,12F5902531A999224B92
SEKOLAH DASAR NEGERI BERARE KECAMATAN MOYO HILIR,50203497,SD,Negeri,Kec. Moyo Hilir,230409,Kab. Sumbawa,230400,Prov. Nusa Tenggara Barat,230000,10,6,133,6,6,0,1,40,25 Apr 2026 10:52:35,7C9622AA44C203CB50BA
SEKOLAH DASAR NEGERI KAKIANG KECAMATAN MOYO HILIR,50203518,SD,Negeri,Kec. Moyo Hilir,230409,Kab. Sumbawa,230400,Prov. Nusa Tenggara Barat,230000,8,2,119,6,6,0,1,11,16 Apr 2026 09:05:06,DD73367B0DD72AD7290A
SEKOLAH DASAR NEGERI KAPASSARI KECAMATAN MOYO HILIR,50220341,SD,Negeri,Kec. Moyo Hilir,230409,Kab. Sumbawa,230400,Prov. Nusa Tenggara Barat,230000,9,1,63,6,5,0,0,13,04 Mar 2026 18:49:59,6069E0E8B2B3AB8DEF6E
SEKOLAH DASAR NEGERI LABUHAN IJUK KECAMATAN MOYO HILIR,50203244,SD,Negeri,Kec. Moyo Hilir,230409,Kab. Sumbawa,230400,Prov. Nusa Tenggara Barat,230000,11,3,144,6,7,0,1,20,29 Mar 2026 23:49:44,F6C1160B193BBC4398E8
SEKOLAH DASAR NEGERI MALILI KECAMATAN MOYO HILIR,50203268,SD,Negeri,Kec. Moyo Hilir,230409,Kab. Sumbawa,230400,Prov. Nusa Tenggara Barat,230000,8,2,72,6,6,0,1,46,16 Apr 2026 07:22:22,31C99626B8DECD8036BB
SEKOLAH DASAR NEGERI NANGA LIDAM KECAMATAN MOYO HILIR,50219980,SD,Negeri,Kec. Moyo Hilir,230409,Kab. Sumbawa,230400,Prov. Nusa Tenggara Barat,230000,7,0,13,5,5,0,0,16,05 Mar 2026 18:02:17,96ABAE7159B7D9050415
SEKOLAH DASAR NEGERI NGERU KECAMATAN MOYO HILIR,50203266,SD,Negeri,Kec. Moyo Hilir,230409,Kab. Sumbawa,230400,Prov. Nusa Tenggara Barat,230000,11,3,177,8,9,0,1,17,02 Apr 2026 07:36:18,39F21A759A9073DFD69C
SEKOLAH DASAR NEGERI OLAT RAWA KECAMATAN MOYO HILIR,50203196,SD,Negeri,Kec. Moyo Hilir,230409,Kab. Sumbawa,230400,Prov. Nusa Tenggara Barat,230000,10,3,167,6,6,0,1,17,02 May 2026 09:59:26,EAAE023E18E357B72CF1
SEKOLAH DASAR NEGERI PANGENYAR KECAMATAN MOYO HILIR,50203194,SD,Negeri,Kec. Moyo Hilir,230409,Kab. Sumbawa,230400,Prov. Nusa Tenggara Barat,230000,9,3,86,6,6,0,1,18,02 Apr 2026 11:51:24,95BBF849952C5F01BF01
SEKOLAH DASAR NEGERI PELITA KECAMATAN MOYO HILIR,50205460,SD,Negeri,Kec. Moyo Hilir,230409,Kab. Sumbawa,230400,Prov. Nusa Tenggara Barat,230000,10,2,67,6,6,0,0,29,26 Apr 2026 23:09:02,807D6A095BC47AAD8671
SEKOLAH DASAR NEGERI POTO KECAMATAN MOYO HILIR,50203188,SD,Negeri,Kec. Moyo Hilir,230409,Kab. Sumbawa,230400,Prov. Nusa Tenggara Barat,230000,9,3,85,6,6,1,1,54,26 Apr 2026 05:44:12,1F55A02DEA581D0502B0
SEKOLAH DASAR NEGERI PRAJAK KECAMATAN MOYO HILIR,50203190,SD,Negeri,Kec. Moyo Hilir,230409,Kab. Sumbawa,230400,Prov. Nusa Tenggara Barat,230000,9,3,87,6,6,0,1,17,04 Mar 2026 08:40:44,8168711C96225B416782
SEKOLAH DASAR NEGERI SAMRI KECAMATAN MOYO HILIR,50203228,SD,Negeri,Kec. Moyo Hilir,230409,Kab. Sumbawa,230400,Prov. Nusa Tenggara Barat,230000,7,4,40,6,6,0,1,10,28 Jan 2026 22:12:12,665BB02A6EAD47283D58
SEKOLAH DASAR NEGERI SENGKAL KECAMATAN MOYO HILIR,50203216,SD,Negeri,Kec. Moyo Hilir,230409,Kab. Sumbawa,230400,Prov. Nusa Tenggara Barat,230000,8,4,73,6,6,0,1,31,04 Apr 2026 09:30:27,04E7952C22214CE7013F
SEKOLAH DASAR NEGERI TANJUNG BELE KECAMATAN MOYO HILIR,50203340,SD,Negeri,Kec. Moyo Hilir,230409,Kab. Sumbawa,230400,Prov. Nusa Tenggara Barat,230000,10,3,52,6,6,0,1,21,18 Apr 2026 07:57:46,94906DDD7501858908C6
SEKOLAH DASAR NEGERI TENGKE KECAMATAN MOYO HILIR,50203348,SD,Negeri,Kec. Moyo Hilir,230409,Kab. Sumbawa,230400,Prov. Nusa Tenggara Barat,230000,8,3,46,6,6,0,1,26,04 Apr 2026 11:13:03,A07CF50C3CC65AB7BEA8
SEKOLAH MENENGAH PERTAMA NEGERI 1 MOYO HILIR KECAMATAN MOYO HILIR,50205306,SMP,Negeri,Kec. Moyo Hilir,230409,Kab. Sumbawa,230400,Prov. Nusa Tenggara Barat,230000,35,5,323,12,12,2,1,25,11 Mar 2026 07:18:12,95758064262C25A32382
SEKOLAH MENENGAH PERTAMA NEGERI 2 MOYO HILIR KECAMATAN MOYO HILIR,50203297,SMP,Negeri,Kec. Moyo Hilir,230409,Kab. Sumbawa,230400,Prov. Nusa Tenggara Barat,230000,21,5,181,7,9,2,1,17,14 Apr 2026 08:57:00,4206566BB3036DE54D71
SEKOLAH MENENGAH PERTAMA NEGERI 3 MOYO HILIR KECAMATAN MOYO HILIR,50203283,SMP,Negeri,Kec. Moyo Hilir,230409,Kab. Sumbawa,230400,Prov. Nusa Tenggara Barat,230000,13,4,82,3,8,2,2,24,04 Apr 2026 15:45:09,E4D984D6F782AD80F6A5
SEKOLAH MENENGAH PERTAMA NEGERI 4 SATU ATAP MOYO HILIR KECAMATAN MOYO HILIR,50220469,SMP,Negeri,Kec. Moyo Hilir,230409,Kab. Sumbawa,230400,Prov. Nusa Tenggara Barat,230000,14,0,14,3,3,1,1,89,23 Apr 2026 14:15:56,2C4CDA806E0B312E89C8
SEKOLAH MENENGAH PERTAMA NEGERI 5 MOYO HILIR KECAMATAN MOYO HILIR,69786305,SMP,Negeri,Kec. Moyo Hilir,230409,Kab. Sumbawa,230400,Prov. Nusa Tenggara Barat,230000,20,5,138,6,6,2,1,20,21 Apr 2026 09:49:23,3EEA88329027940E63F1
SEKOLAH MENENGAH PERTAMA PUTRI KHODIJAH SUMBAWA,70051179,SMP,Swasta,Kec. Moyo Hilir,230409,Kab. Sumbawa,230400,Prov. Nusa Tenggara Barat,230000,8,4,56,2,4,1,1,29,16 Apr 2026 17:06:37,C04AC32A668563361592
SMAN 1 MOYO HILIR,70058627,SMA,Negeri,Kec. Moyo Hilir,230409,Kab. Sumbawa,230400,Prov. Nusa Tenggara Barat,230000,6,1,53,2,2,1,1,14,10 Apr 2026 10:17:51,32770D4F5AE43673F86C
SMKS ISLAM GUNUNG GALESA MOYO,50219663,SMK,Swasta,Kec. Moyo Hilir,230409,Kab. Sumbawa,230400,Prov. Nusa Tenggara Barat,230000,12,1,97,4,4,4,1,41,20 Apr 2026 07:33:48,282620500BE06072A4DD
SEKOLAH DASAR NEGERI 1 SABEDO KECAMATAN UTAN,50203581,SD,Negeri,Kec. Utan,230429,Kab. Sumbawa,230400,Prov. Nusa Tenggara Barat,230000,8,1,54,6,6,0,0,12,04 Apr 2026 06:16:24,5B5DCD17BAA4991FB255
SEKOLAH DASAR NEGERI 1 UTAN KECAMATAN UTAN,50205457,SD,Negeri,Kec. Utan,230429,Kab. Sumbawa,230400,Prov. Nusa Tenggara Barat,230000,19,4,272,12,13,2,1,11,04 Apr 2026 07:08:58,FB39B980CF44E57F2D89
SEKOLAH DASAR NEGERI 2 SABEDO KECAMATAN UTAN,50203414,SD,Negeri,Kec. Utan,230429,Kab. Sumbawa,230400,Prov. Nusa Tenggara Barat,230000,8,3,112,6,6,0,1,53,01 May 2026 17:56:59,4968FC05285234852477
SEKOLAH DASAR NEGERI 2 UTAN KECAMATAN UTAN,50203420,SD,Negeri,Kec. Utan,230429,Kab. Sumbawa,230400,Prov. Nusa Tenggara Barat,230000,20,2,352,15,13,0,1,29,25 Apr 2026 08:49:02,7FDB7BD87EB297ED9F3A
SEKOLAH DASAR NEGERI 3 UTAN KECAMATAN UTAN,50203576,SD,Negeri,Kec. Utan,230429,Kab. Sumbawa,230400,Prov. Nusa Tenggara Barat,230000,10,1,59,6,6,0,1,8,04 Mar 2026 09:23:35,2F70FEE7957EDD20DF31
SEKOLAH DASAR NEGERI 4 UTAN KECAMATAN UTAN,50203560,SD,Negeri,Kec. Utan,230429,Kab. Sumbawa,230400,Prov. Nusa Tenggara Barat,230000,19,3,338,14,14,1,1,28,27 Apr 2026 07:19:44,5D8B96BF2EF4964DB807
SEKOLAH DASAR NEGERI 5 UTAN KECAMATAN UTAN,50203562,SD,Negeri,Kec. Utan,230429,Kab. Sumbawa,230400,Prov. Nusa Tenggara Barat,230000,14,4,235,11,13,0,1,29,30 Apr 2026 09:44:40,C90A3C60D3D0B7748269
SEKOLAH DASAR NEGERI 6 UTAN KECAMATAN UTAN,50203506,SD,Negeri,Kec. Utan,230429,Kab. Sumbawa,230400,Prov. Nusa Tenggara Barat,230000,11,5,178,9,7,1,1,18,20 Apr 2026 19:49:03,B9541B340076A0A19D9A
SEKOLAH DASAR NEGERI 7 UTAN KECAMATAN UTAN,50203508,SD,Negeri,Kec. Utan,230429,Kab. Sumbawa,230400,Prov. Nusa Tenggara Barat,230000,10,3,114,7,11,0,1,17,25 Apr 2026 11:38:34,B860E9AF5D9E1A861050
SEKOLAH DASAR NEGERI 8 UTAN KECAMATAN UTAN,50203509,SD,Negeri,Kec. Utan,230429,Kab. Sumbawa,230400,Prov. Nusa Tenggara Barat,230000,9,2,137,6,6,0,1,29,22 Apr 2026 09:47:50,C79E41B4D06B649FC605
SEKOLAH DASAR NEGERI BALEBRANG KECAMATAN UTAN,50203514,SD,Negeri,Kec. Utan,230429,Kab. Sumbawa,230400,Prov. Nusa Tenggara Barat,230000,12,3,200,9,6,1,2,16,16 Apr 2026 05:14:05,19B7A4466CE3CB949801
SEKOLAH DASAR NEGERI BINAMARGA KECAMATAN UTAN,50203500,SD,Negeri,Kec. Utan,230429,Kab. Sumbawa,230400,Prov. Nusa Tenggara Barat,230000,12,1,223,10,10,0,0,22,08 Apr 2026 05:10:15,862E7115C89F22DCEF09
SEKOLAH DASAR NEGERI JERONGKO KECAMATAN UTAN,50203529,SD,Negeri,Kec. Utan,230429,Kab. Sumbawa,230400,Prov. Nusa Tenggara Barat,230000,14,4,258,11,5,0,1,8,04 Mar 2026 07:30:44,7A4977D6DC995539D794
SEKOLAH DASAR NEGERI KARANG TENANG KECAMATAN UTAN,50203523,SD,Negeri,Kec. Utan,230429,Kab. Sumbawa,230400,Prov. Nusa Tenggara Barat,230000,9,2,98,6,6,0,1,12,24 Apr 2026 09:09:20,AE5226FA20E7CEC1EAB3
SEKOLAH DASAR NEGERI KODA PERMAI KECAMATAN UTAN,60724682,SD,Negeri,Kec. Utan,230429,Kab. Sumbawa,230400,Prov. Nusa Tenggara Barat,230000,15,1,200,11,6,0,0,41,14 Mar 2026 10:50:18,FC46519E3B8D6625E2B9
SEKOLAH DASAR NEGERI LABUHAN BAJO KECAMATAN UTAN,50205587,SD,Negeri,Kec. Utan,230429,Kab. Sumbawa,230400,Prov. Nusa Tenggara Barat,230000,16,4,247,11,9,1,1,26,28 Apr 2026 07:34:23,C1E2E1AE4FBED531A9F6
SEKOLAH DASAR NEGERI LABUHAN BUA KECAMATAN UTAN,50203254,SD,Negeri,Kec. Utan,230429,Kab. Sumbawa,230400,Prov. Nusa Tenggara Barat,230000,14,2,210,10,6,0,1,45,02 May 2026 08:15:21,128974121E874C3041CB
SEKOLAH DASAR NEGERI LABUHAN PADI KECAMATAN UTAN,50203233,SD,Negeri,Kec. Utan,230429,Kab. Sumbawa,230400,Prov. Nusa Tenggara Barat,230000,8,1,101,6,6,0,1,20,03 Mar 2026 10:22:05,CCCC49F74C93A9359AAF
SEKOLAH DASAR NEGERI PANYENGAR KECAMATAN UTAN,50205459,SD,Negeri,Kec. Utan,230429,Kab. Sumbawa,230400,Prov. Nusa Tenggara Barat,230000,9,1,116,6,6,0,1,14,21 Apr 2026 09:34:46,C41AA47CCD978ECB709E
SEKOLAH DASAR NEGERI PUKAT KECAMATAN UTAN,50203191,SD,Negeri,Kec. Utan,230429,Kab. Sumbawa,230400,Prov. Nusa Tenggara Barat,230000,8,1,119,6,6,0,1,22,02 May 2026 10:24:41,5644C0D6A98C8B4F517F
SEKOLAH DASAR NEGERI SEKOKOK KECAMATAN UTAN,50203208,SD,Negeri,Kec. Utan,230429,Kab. Sumbawa,230400,Prov. Nusa Tenggara Barat,230000,14,3,211,10,12,0,1,14,23 Apr 2026 12:15:08,12FCCAD5139E2E2A8CED
SEKOLAH DASAR NEGERI WANAGIRI KECAMATAN UTAN,50219672,SD,Negeri,Kec. Utan,230429,Kab. Sumbawa,230400,Prov. Nusa Tenggara Barat,230000,10,0,118,6,6,0,0,15,29 Apr 2026 14:35:45,17F01E92E5A1F53FFC7A
SEKOLAH MENENGAH PERTAMA NEGERI 1 UTAN KECAMATAN UTAN,50203372,SMP,Negeri,Kec. Utan,230429,Kab. Sumbawa,230400,Prov. Nusa Tenggara Barat,230000,49,8,774,22,22,2,1,67,27 Apr 2026 07:58:00,09BC5FC2658A4CBADAA9
SEKOLAH MENENGAH PERTAMA NEGERI 2 UTAN KECAMATAN UTAN,50203291,SMP,Negeri,Kec. Utan,230429,Kab. Sumbawa,230400,Prov. Nusa Tenggara Barat,230000,27,8,377,13,13,1,1,26,03 Mar 2026 10:15:33,A0906CDBB03327D8F51A
SEKOLAH MENENGAH PERTAMA NEGERI 3 SATU ATAP UTAN KECAMATAN UTAN,50220312,SMP,Negeri,Kec. Utan,230429,Kab. Sumbawa,230400,Prov. Nusa Tenggara Barat,230000,13,1,102,4,4,3,2,28,29 Apr 2026 17:20:20,405E58DDB114B6B6A8CB
SMP AL-HIKMAH,50205477,SMP,Swasta,Kec. Utan,230429,Kab. Sumbawa,230400,Prov. Nusa Tenggara Barat,230000,11,1,87,4,6,2,1,27,08 Mar 2026 16:13:40,D707377D7266CEDC4B44
SMP IT KHAIRU UMMAH UTAN,69965338,SMP,Swasta,Kec. Utan,230429,Kab. Sumbawa,230400,Prov. Nusa Tenggara Barat,230000,4,1,9,3,3,1,0,13,22 Apr 2026 15:54:38,127AB9E2BFC81F999A9F
SMP MUHAMMADIYAH UTAN,50203380,SMP,Swasta,Kec. Utan,230429,Kab. Sumbawa,230400,Prov. Nusa Tenggara Barat,230000,9,2,45,3,3,2,2,11,10 Apr 2026 07:57:54,57C1ABE48000BC10E20E
SMAN 1 UTAN,50203311,SMA,Negeri,Kec. Utan,230429,Kab. Sumbawa,230400,Prov. Nusa Tenggara Barat,230000,42,13,836,25,24,1,0,27,29 Apr 2026 16:58:01,751A01959CC1547BF9AA
SMAS SAMAWA UTAN,50203315,SMA,Swasta,Kec. Utan,230429,Kab. Sumbawa,230400,Prov. Nusa Tenggara Barat,230000,1,2,15,3,3,1,1,4,30 Jan 2026 22:23:12,A5BF10687649FC9BB115
SMK IT KHAIRU UMMAH SUMBAWA,70023656,SMK,Swasta,Kec. Utan,230429,Kab. Sumbawa,230400,Prov. Nusa Tenggara Barat,230000,3,3,69,3,3,1,1,11,17 Apr 2026 17:13:38,210B55142C305613597E
SEKOLAH DASAR NEGERI 1 MUER KECAMATAN PLAMPANG,50205233,SD,Negeri,Kec. Plampang,230413,Kab. Sumbawa,230400,Prov. Nusa Tenggara Barat,230000,7,3,81,6,5,0,1,35,02 May 2026 17:34:58,F8478D803CD66940D34D
SEKOLAH DASAR NEGERI 1 PLAMPANG KECAMATAN PLAMPANG,50205236,SD,Negeri,Kec. Plampang,230413,Kab. Sumbawa,230400,Prov. Nusa Tenggara Barat,230000,18,6,205,12,9,0,1,21,27 Apr 2026 11:07:59,051158539557D753FFF6
SEKOLAH DASAR NEGERI 2 MUER KECAMATAN PLAMPANG,50205243,SD,Negeri,Kec. Plampang,230413,Kab. Sumbawa,230400,Prov. Nusa Tenggara Barat,230000,9,1,129,6,5,0,1,23,28 Apr 2026 06:22:35,58D34DB1128311D677E3
SEKOLAH DASAR NEGERI 2 PLAMPANG KECAMATAN PLAMPANG,50203423,SD,Negeri,Kec. Plampang,230413,Kab. Sumbawa,230400,Prov. Nusa Tenggara Barat,230000,10,3,89,6,6,0,1,11,05 Mar 2026 09:58:35,E3BB02318D9514DDA5AA
SEKOLAH DASAR NEGERI 3 PLAMPANG KECAMATAN PLAMPANG,50205246,SD,Negeri,Kec. Plampang,230413,Kab. Sumbawa,230400,Prov. Nusa Tenggara Barat,230000,10,3,124,6,11,1,1,17,17 Apr 2026 08:02:28,08901C317F09ED6499E2
SEKOLAH DASAR NEGERI 4 PLAMPANG KECAMATAN PLAMPANG,50205248,SD,Negeri,Kec. Plampang,230413,Kab. Sumbawa,230400,Prov. Nusa Tenggara Barat,230000,10,1,94,6,6,0,1,9,02 Mar 2026 09:41:36,9B3128AC298503C44C1C
SEKOLAH DASAR NEGERI AI BORO KECAMATAN PLAMPANG,50205251,SD,Negeri,Kec. Plampang,230413,Kab. Sumbawa,230400,Prov. Nusa Tenggara Barat,230000,8,3,75,6,6,0,1,16,02 May 2026 10:26:09,A9ECBF50A9B13DAD8DA7
SEKOLAH DASAR NEGERI BATU RASAK KECAMATAN PLAMPANG,50203503,SD,Negeri,Kec. Plampang,230413,Kab. Sumbawa,230400,Prov. Nusa Tenggara Barat,230000,11,1,72,6,6,0,1,20,13 Apr 2026 04:43:30,7ADC30BA250650B6FD86
SEKOLAH DASAR NEGERI BATUPUTIH KECAMATAN PLAMPANG,50205258,SD,Negeri,Kec. Plampang,230413,Kab. Sumbawa,230400,Prov. Nusa Tenggara Barat,230000,9,3,95,6,5,0,2,14,06 Apr 2026 18:26:04,A52E685BC6A4CF1339BA
SEKOLAH DASAR NEGERI BRANGKOLONG KECAMATAN PLAMPANG,50205259,SD,Negeri,Kec. Plampang,230413,Kab. Sumbawa,230400,Prov. Nusa Tenggara Barat,230000,14,2,197,9,6,0,1,29,28 Apr 2026 11:44:14,77A401F2A511BC7D3C05
SEKOLAH DASAR NEGERI BUIN RARE KECAMATAN PLAMPANG,50203532,SD,Negeri,Kec. Plampang,230413,Kab. Sumbawa,230400,Prov. Nusa Tenggara Barat,230000,13,4,111,6,6,0,1,21,25 Apr 2026 05:30:22,3B9E28FA0263427726F4
SEKOLAH DASAR NEGERI JOMPONG KECAMATAN PLAMPANG,50205266,SD,Negeri,Kec. Plampang,230413,Kab. Sumbawa,230400,Prov. Nusa Tenggara Barat,230000,8,2,129,6,5,0,1,10,26 Apr 2026 18:02:37,536530EBF719B0C975B5
SEKOLAH DASAR NEGERI KEMBANG SARI KECAMATAN PLAMPANG,69761826,SD,Negeri,Kec. Plampang,230413,Kab. Sumbawa,230400,Prov. Nusa Tenggara Barat,230000,9,5,44,6,4,0,0,12,11 Apr 2026 06:59:30,A1104914D6DC7ABB1F8A
SEKOLAH DASAR NEGERI LABUHAN ALA KECAMATAN PLAMPANG,50205274,SD,Negeri,Kec. Plampang,230413,Kab. Sumbawa,230400,Prov. Nusa Tenggara Barat,230000,11,2,97,6,6,0,1,27,23 Mar 2026 12:44:04,3D45808F096807EDE8C2
SEKOLAH DASAR NEGERI LABUHAN JONTAL KECAMATAN PLAMPANG,50203243,SD,Negeri,Kec. Plampang,230413,Kab. Sumbawa,230400,Prov. Nusa Tenggara Barat,230000,9,3,161,6,7,0,1,9,02 Mar 2026 22:32:25,2B0868DE770422006C9E
SEKOLAH DASAR NEGERI PAMUNGA KECAMATAN PLAMPANG,50205284,SD,Negeri,Kec. Plampang,230413,Kab. Sumbawa,230400,Prov. Nusa Tenggara Barat,230000,17,3,224,11,9,0,2,21,15 Apr 2026 15:24:44,B98682EC38CD82EE0935
SEKOLAH DASAR NEGERI PRODE KECAMATAN PLAMPANG,50220479,SD,Negeri,Kec. Plampang,230413,Kab. Sumbawa,230400,Prov. Nusa Tenggara Barat,230000,9,2,59,6,4,0,0,48,03 Apr 2026 19:09:13,CDA5C5AEC3F61C685F8F
SEKOLAH DASAR NEGERI SELANTE KECAMATAN PLAMPANG,50205290,SD,Negeri,Kec. Plampang,230413,Kab. Sumbawa,230400,Prov. Nusa Tenggara Barat,230000,10,3,130,6,7,0,1,7,10 Apr 2026 07:25:02,06421A1A705DD110D047
SEKOLAH DASAR NEGERI SEPAYUNG KECAMATAN PLAMPANG,50205292,SD,Negeri,Kec. Plampang,230413,Kab. Sumbawa,230400,Prov. Nusa Tenggara Barat,230000,13,5,177,9,9,0,1,24,14 Apr 2026 11:30:50,37B43BA8019B5C928518
SEKOLAH DASAR NEGERI SINAR JAYA KECAMATAN PLAMPANG,50205294,SD,Negeri,Kec. Plampang,230413,Kab. Sumbawa,230400,Prov. Nusa Tenggara Barat,230000,9,3,134,6,6,0,1,21,25 Apr 2026 19:07:28,C55AE37CD72455E5D79B
SEKOLAH DASAR NEGERI SP 1 PRODE KECAMATAN PLAMPANG,50203354,SD,Negeri,Kec. Plampang,230413,Kab. Sumbawa,230400,Prov. Nusa Tenggara Barat,230000,11,1,151,7,5,0,1,20,04 Mar 2026 08:59:43,9C1D88550C4A2A06046D
SEKOLAH DASAR NEGERI SP 2 PRODE KECAMATAN PLAMPANG,50205295,SD,Negeri,Kec. Plampang,230413,Kab. Sumbawa,230400,Prov. Nusa Tenggara Barat,230000,10,2,149,6,7,0,0,21,07 Mar 2026 08:01:30,E45E135ACE17EE15C989
SEKOLAH DASAR NEGERI SP 3 PRODE KECAMATAN PLAMPANG,50203355,SD,Negeri,Kec. Plampang,230413,Kab. Sumbawa,230400,Prov. Nusa Tenggara Barat,230000,14,3,237,11,7,0,1,11,15 Apr 2026 08:18:42,B0B64F768BA420F98BAA
SEKOLAH DASAR NEGERI TELUK SANTONG KECAMATAN PLAMPANG,50203347,SD,Negeri,Kec. Plampang,230413,Kab. Sumbawa,230400,Prov. Nusa Tenggara Barat,230000,11,2,150,7,6,0,1,20,18 Apr 2026 19:28:28,44AE1263ACCBF8B857DD
SEKOLAH DASAR NEGERI USAR BERU KECAMATAN PLAMPANG,50220622,SD,Negeri,Kec. Plampang,230413,Kab. Sumbawa,230400,Prov. Nusa Tenggara Barat,230000,9,2,56,6,6,0,0,15,28 Apr 2026 17:39:50,D43058AB2B775E6FEE6A
SEKOLAH DASAR NEGERI USAR KECAMATAN PLAMPANG,50205299,SD,Negeri,Kec. Plampang,230413,Kab. Sumbawa,230400,Prov. Nusa Tenggara Barat,230000,9,6,156,7,8,0,1,20,24 Apr 2026 08:09:18,ACB425788C2906383E7A
SEKOLAH MENENGAH PERTAMA NEGERI 1 PLAMPANG KECAMATAN PLAMPANG,50203367,SMP,Negeri,Kec. Plampang,230413,Kab. Sumbawa,230400,Prov. Nusa Tenggara Barat,230000,30,8,288,11,16,2,1,23,29 Apr 2026 07:32:51,3214934252879DA4A001
SEKOLAH MENENGAH PERTAMA NEGERI 2 PLAMPANG KECAMATAN PLAMPANG,50203298,SMP,Negeri,Kec. Plampang,230413,Kab. Sumbawa,230400,Prov. Nusa Tenggara Barat,230000,26,8,247,9,10,2,1,51,28 Apr 2026 08:45:18,CC102D88E74592D31FDD
SEKOLAH MENENGAH PERTAMA NEGERI 3 PLAMPANG KECAMATAN PLAMPANG,50203284,SMP,Negeri,Kec. Plampang,230413,Kab. Sumbawa,230400,Prov. Nusa Tenggara Barat,230000,25,6,158,7,9,2,1,27,22 Apr 2026 11:35:36,E0BC623619A978E0A1D8
SEKOLAH MENENGAH PERTAMA NEGERI 4 PLAMPANG KECAMATAN PLAMPANG,50205470,SMP,Negeri,Kec. Plampang,230413,Kab. Sumbawa,230400,Prov. Nusa Tenggara Barat,230000,10,5,78,3,6,1,2,10,06 Mar 2026 07:04:16,C15705C40D228C298379
SEKOLAH MENENGAH PERTAMA NEGERI 5 SATU ATAP PLAMPANG KECAMATAN PLAMPANG,50205474,SMP,Negeri,Kec. Plampang,230413,Kab. Sumbawa,230400,Prov. Nusa Tenggara Barat,230000,15,6,78,4,3,1,1,15,23 Apr 2026 08:20:12,B2D09FB9498C1F659FB2
SEKOLAH MENENGAH PERTAMA NEGERI 6 SATU ATAP PLAMPANG KECAMATAN PLAMPANG,50219574,SMP,Negeri,Kec. Plampang,230413,Kab. Sumbawa,230400,Prov. Nusa Tenggara Barat,230000,12,3,25,3,3,0,1,32,28 Apr 2026 21:40:46,0BE98AB3648BE6A36309
SEKOLAH MENENGAH PERTAMA NEGERI 7 PLAMPANG KECAMATAN PLAMPANG,60724688,SMP,Negeri,Kec. Plampang,230413,Kab. Sumbawa,230400,Prov. Nusa Tenggara Barat,230000,15,4,118,6,6,1,1,19,29 Apr 2026 18:18:44,F810FDF0D671BCAA6D80
SEKOLAH MENENGAH PERTAMA NEGERI 8 SATU ATAP PLAMPANG KECAMATAN PLAMPANG,69761830,SMP,Negeri,Kec. Plampang,230413,Kab. Sumbawa,230400,Prov. Nusa Tenggara Barat,230000,13,3,62,3,3,1,0,16,27 Apr 2026 22:56:14,DA1FDA20D522FC552654
SMP FAJAR INSANI,50203379,SMP,Swasta,Kec. Plampang,230413,Kab. Sumbawa,230400,Prov. Nusa Tenggara Barat,230000,7,2,51,3,3,0,0,31,10 Apr 2026 19:45:15,744AED943F4F03FC09DE
SMAN 1 PLAMPANG,50203309,SMA,Negeri,Kec. Plampang,230413,Kab. Sumbawa,230400,Prov. Nusa Tenggara Barat,230000,51,13,652,20,22,4,1,39,28 Apr 2026 20:21:30,19F765678A41CC040352
SMKN 1 PLAMPANG,50205480,SMK,Negeri,Kec. Plampang,230413,Kab. Sumbawa,230400,Prov. Nusa Tenggara Barat,230000,49,14,675,27,16,4,1,44,28 Apr 2026 10:29:29,DBD8803740739DA08BF0
SEKOLAH DASAR NEGERI 1 LABUHAN SUMBAWA KECAMATAN LABUHAN BADAS,50205230,SD,Negeri,Kec. Labuhan Badas,230415,Kab. Sumbawa,230400,Prov. Nusa Tenggara Barat,230000,17,4,336,12,21,1,1,25,05 Apr 2026 21:16:53,7E1C225FB54F932A43D2
SEKOLAH DASAR NEGERI 1 PULAU MEDANG KECAMATAN LABUHAN BADAS,50203565,SD,Negeri,Kec. Labuhan Badas,230415,Kab. Sumbawa,230400,Prov. Nusa Tenggara Barat,230000,9,3,167,6,6,0,1,4,15 Mar 2026 09:15:22,688D2EBF161B84F3FE1C
SEKOLAH DASAR NEGERI 1 PULAU MOYO KECAMATAN LABUHAN BADAS,50203390,SD,Negeri,Kec. Labuhan Badas,230415,Kab. Sumbawa,230400,Prov. Nusa Tenggara Barat,230000,9,3,68,6,5,0,1,8,17 Apr 2026 18:55:46,5D43E33A246C0D64FD0B
SEKOLAH DASAR NEGERI 2 LABUHAN SUMBAWA KECAMATAN LABUHAN BADAS,50203425,SD,Negeri,Kec. Labuhan Badas,230415,Kab. Sumbawa,230400,Prov. Nusa Tenggara Barat,230000,19,2,380,12,12,0,1,34,02 May 2026 07:42:05,26B7A4D2A132D92AB88F
SEKOLAH DASAR NEGERI 2 PULAU MEDANG KECAMATAN LABUHAN BADAS,50203421,SD,Negeri,Kec. Labuhan Badas,230415,Kab. Sumbawa,230400,Prov. Nusa Tenggara Barat,230000,8,1,154,6,6,0,0,17,11 Apr 2026 19:27:54,3BB3101B227574219C61
SEKOLAH DASAR NEGERI 2 PULAU MOYO KECAMATAN LABUHAN BADAS,50203572,SD,Negeri,Kec. Labuhan Badas,230415,Kab. Sumbawa,230400,Prov. Nusa Tenggara Barat,230000,8,3,129,6,6,0,1,16,03 Mar 2026 10:53:05,9FA8C228A644A38C00EB
SEKOLAH DASAR NEGERI ARUNG SANTEK KECAMATAN LABUHAN BADAS,50205458,SD,Negeri,Kec. Labuhan Badas,230415,Kab. Sumbawa,230400,Prov. Nusa Tenggara Barat,230000,5,3,43,6,5,0,1,14,03 Mar 2026 09:58:13,68B475484590D7BBEDC5
SEKOLAH DASAR NEGERI BADAS KECAMATAN LABUHAN BADAS,50203513,SD,Negeri,Kec. Labuhan Badas,230415,Kab. Sumbawa,230400,Prov. Nusa Tenggara Barat,230000,11,2,83,6,6,0,1,33,07 Apr 2026 07:59:02,1810061D9168C43BEED5
SEKOLAH DASAR NEGERI BANGKONG KECAMATAN LABUHAN BADAS,50205254,SD,Negeri,Kec. Labuhan Badas,230415,Kab. Sumbawa,230400,Prov. Nusa Tenggara Barat,230000,9,3,104,6,6,1,1,34,08 Apr 2026 08:20:09,42105A28B8CA7C9804D6
SEKOLAH DASAR NEGERI BATU NISUNG KECAMATAN LABUHAN BADAS,50219974,SD,Negeri,Kec. Labuhan Badas,230415,Kab. Sumbawa,230400,Prov. Nusa Tenggara Barat,230000,11,2,76,6,6,0,1,9,06 Mar 2026 08:37:09,4F0238F03D7104B9351F
SEKOLAH DASAR NEGERI BRANGKUA KECAMATAN LABUHAN BADAS,50203531,SD,Negeri,Kec. Labuhan Badas,230415,Kab. Sumbawa,230400,Prov. Nusa Tenggara Barat,230000,6,4,35,6,6,0,1,5,21 Jan 2026 23:46:14,F5FB30EAE3B5D0AA28B9
SEKOLAH DASAR NEGERI EMPAN KECAMATAN LABUHAN BADAS,60724677,SD,Negeri,Kec. Labuhan Badas,230415,Kab. Sumbawa,230400,Prov. Nusa Tenggara Barat,230000,9,0,41,6,5,0,0,19,25 Apr 2026 08:29:20,CCE772C634D58245F9B2
SEKOLAH DASAR NEGERI KANAR KECAMATAN LABUHAN BADAS,50203522,SD,Negeri,Kec. Labuhan Badas,230415,Kab. Sumbawa,230400,Prov. Nusa Tenggara Barat,230000,18,4,297,12,11,0,1,58,30 Apr 2026 09:52:18,690C96FB56F0FB3957BE
SEKOLAH DASAR NEGERI KARANG DIMA KECAMATAN LABUHAN BADAS,50205267,SD,Negeri,Kec. Labuhan Badas,230415,Kab. Sumbawa,230400,Prov. Nusa Tenggara Barat,230000,19,4,300,12,11,0,1,51,29 Apr 2026 07:29:26,9CA9D7C5FBCD4A06D937
SEKOLAH DASAR NEGERI KARANG PADAK KECAMATAN LABUHAN BADAS,50203246,SD,Negeri,Kec. Labuhan Badas,230415,Kab. Sumbawa,230400,Prov. Nusa Tenggara Barat,230000,10,2,153,7,9,0,1,16,02 May 2026 16:07:10,E9A0EB4CCF9C9DCA575F
SEKOLAH DASAR NEGERI LEPALOANG KECAMATAN LABUHAN BADAS,50203271,SD,Negeri,Kec. Labuhan Badas,230415,Kab. Sumbawa,230400,Prov. Nusa Tenggara Barat,230000,6,1,29,6,6,0,0,15,04 Apr 2026 09:22:07,7B4850678CB9BD234FBA
SEKOLAH DASAR NEGERI OLAT RARANG KECAMATAN LABUHAN BADAS,50203195,SD,Negeri,Kec. Labuhan Badas,230415,Kab. Sumbawa,230400,Prov. Nusa Tenggara Barat,230000,17,2,372,12,12,0,1,38,02 May 2026 08:47:44,2B81CE4C11EE0AB2255B
SEKOLAH DASAR NEGERI PAMULUNG KECAMATAN LABUHAN BADAS,50203198,SD,Negeri,Kec. Labuhan Badas,230415,Kab. Sumbawa,230400,Prov. Nusa Tenggara Barat,230000,10,4,76,6,6,0,1,13,11 Mar 2026 16:03:23,1570CBCE2E9AD6D0E02E
SEKOLAH DASAR NEGERI PATEDONG KECAMATAN LABUHAN BADAS,50205285,SD,Negeri,Kec. Labuhan Badas,230415,Kab. Sumbawa,230400,Prov. Nusa Tenggara Barat,230000,10,1,62,6,5,0,1,16,10 Apr 2026 18:59:01,AD54AFDA30868C01F6C2
SEKOLAH DASAR NEGERI POTO SISO KECAMATAN LABUHAN BADAS,50203189,SD,Negeri,Kec. Labuhan Badas,230415,Kab. Sumbawa,230400,Prov. Nusa Tenggara Barat,230000,8,1,61,6,6,0,1,16,02 Apr 2026 19:08:14,FB8E9CBA98C2A34EBC26
SEKOLAH DASAR NEGERI SAMPAR MARAS KECAMATAN LABUHAN BADAS,50203227,SD,Negeri,Kec. Labuhan Badas,230415,Kab. Sumbawa,230400,Prov. Nusa Tenggara Barat,230000,7,6,62,6,6,0,1,47,21 Apr 2026 10:58:15,91A2F4B383EC011391D5
SEKOLAH DASAR NEGERI STEMA KECAMATAN LABUHAN BADAS,50220339,SD,Negeri,Kec. Labuhan Badas,230415,Kab. Sumbawa,230400,Prov. Nusa Tenggara Barat,230000,6,1,27,6,3,0,0,5,22 Jan 2026 00:11:36,B3E8055587EC4AD81950
SEKOLAH DASAR NEGERI SUMER PAYUNG KECAMATAN LABUHAN BADAS,69989067,SD,Negeri,Kec. Labuhan Badas,230415,Kab. Sumbawa,230400,Prov. Nusa Tenggara Barat,230000,8,0,92,6,3,0,0,11,11 Mar 2026 11:23:45,C94B94B6DA45E8F26E7A
SDS IT SAMAWA CENDIKIA,69761825,SD,Swasta,Kec. Labuhan Badas,230415,Kab. Sumbawa,230400,Prov. Nusa Tenggara Barat,230000,60,8,625,26,28,0,1,32,27 Apr 2026 07:57:51,B8B6686F7CDCA2BA704E
SEKOLAH MENENGAH PERTAMA NEGERI 1 LABUHAN BADAS KECAMATAN LABUHAN BADAS,50203374,SMP,Negeri,Kec. Labuhan Badas,230415,Kab. Sumbawa,230400,Prov. Nusa Tenggara Barat,230000,54,9,891,24,24,2,1,27,24 Apr 2026 07:46:12,E5896EE4239A58F25DFE
SEKOLAH MENENGAH PERTAMA NEGERI 2 LABUHAN BADAS KECAMATAN LABUHAN BADAS,50203294,SMP,Negeri,Kec. Labuhan Badas,230415,Kab. Sumbawa,230400,Prov. Nusa Tenggara Barat,230000,20,8,169,6,9,1,1,18,04 Apr 2026 07:10:55,BACE83FE37305DA4702B
SEKOLAH MENENGAH PERTAMA NEGERI 3 LABUHAN BADAS KECAMATAN LABUHAN BADAS,50203281,SMP,Negeri,Kec. Labuhan Badas,230415,Kab. Sumbawa,230400,Prov. Nusa Tenggara Barat,230000,15,4,79,3,4,2,1,24,27 Apr 2026 21:09:24,5522067B8662AA6BBB5E
SEKOLAH MENENGAH PERTAMA NEGERI 4 LABUHAN BADAS KECAMATAN LABUHAN BADAS,50205468,SMP,Negeri,Kec. Labuhan Badas,230415,Kab. Sumbawa,230400,Prov. Nusa Tenggara Barat,230000,26,6,236,9,10,3,1,32,04 Apr 2026 10:22:21,45BA123AB83276C35766
SEKOLAH MENENGAH PERTAMA NEGERI 5 SATU ATAP LABUHAN BADAS KECAMATAN LABUHAN BADAS,50219559,SMP,Negeri,Kec. Labuhan Badas,230415,Kab. Sumbawa,230400,Prov. Nusa Tenggara Barat,230000,10,0,74,3,3,2,1,18,05 Mar 2026 09:41:29,F84AED8F9EC61C8AB8C2
SEKOLAH MENENGAH PERTAMA NEGERI 6 SATU ATAP LABUHAN BADAS KECAMATAN LABUHAN BADAS,50219561,SMP,Negeri,Kec. Labuhan Badas,230415,Kab. Sumbawa,230400,Prov. Nusa Tenggara Barat,230000,11,1,52,3,3,1,1,32,17 Apr 2026 18:14:36,C746A02E7B1ACD6C0883
SEKOLAH MENENGAH PERTAMA NEGERI 7 SATU ATAP LABUHAN BADAS KECAMATAN LABUHAN BADAS,50220286,SMP,Negeri,Kec. Labuhan Badas,230415,Kab. Sumbawa,230400,Prov. Nusa Tenggara Barat,230000,11,0,38,3,3,0,1,8,11 Apr 2026 08:20:57,29CCC2794A84C38DEF07
SMP IT SAMAWA CENDEKIA,69965314,SMP,Swasta,Kec. Labuhan Badas,230415,Kab. Sumbawa,230400,Prov. Nusa Tenggara Barat,230000,33,5,251,9,9,1,1,38,28 Apr 2026 09:50:58,0AE93E6B6567F7E64A41
SMA ISLAM TERPADU SAMAWA CENDEKIA SUMBAWA,69992897,SMA,Swasta,Kec. Labuhan Badas,230415,Kab. Sumbawa,230400,Prov. Nusa Tenggara Barat,230000,19,4,79,4,6,2,1,42,17 Apr 2026 08:42:52,FF88A2573429829B8710
SMK NEGERI PULAU MOYO,69981296,SMK,Negeri,Kec. Labuhan Badas,230415,Kab. Sumbawa,230400,Prov. Nusa Tenggara Barat,230000,9,4,84,4,4,0,2,66,16 Apr 2026 10:13:48,B561579CB238E241B1ED
SMKS MERCURY SUMBAWA BESAR,50203304,SMK,Swasta,Kec. Labuhan Badas,230415,Kab. Sumbawa,230400,Prov. Nusa Tenggara Barat,230000,0,0,0,0,0,0,0,0,,594E58BBC249104D3C45
SEKOLAH DASAR NEGERI 1 SEBASANG KETANGA KECAMATAN MOYO HULU,50205237,SD,Negeri,Kec. Moyo Hulu,230410,Kab. Sumbawa,230400,Prov. Nusa Tenggara Barat,230000,10,6,102,6,6,1,1,36,28 Feb 2026 08:28:47,F038C2A156A2A9EED782
SEKOLAH DASAR NEGERI 1 SEMAMUNG KECAMATAN MOYO HULU,50205238,SD,Negeri,Kec. Moyo Hulu,230410,Kab. Sumbawa,230400,Prov. Nusa Tenggara Barat,230000,11,5,50,6,6,0,1,14,03 Mar 2026 07:25:51,C6FD1A8FF50B9BF4B082
SEKOLAH DASAR NEGERI 2 SEBASANG KETANGA KECAMATAN MOYO HULU,50203416,SD,Negeri,Kec. Moyo Hulu,230410,Kab. Sumbawa,230400,Prov. Nusa Tenggara Barat,230000,9,3,87,6,7,0,1,41,09 Apr 2026 12:13:56,55582A46129A1DBEF534
SEKOLAH DASAR NEGERI 2 SEMAMUNG KECAMATAN MOYO HULU,50203417,SD,Negeri,Kec. Moyo Hulu,230410,Kab. Sumbawa,230400,Prov. Nusa Tenggara Barat,230000,11,2,78,6,6,0,1,10,02 Apr 2026 12:18:05,CEAE461F69D89FF24931
SEKOLAH DASAR NEGERI BATU BULAN KECAMATAN MOYO HULU,50205257,SD,Negeri,Kec. Moyo Hulu,230410,Kab. Sumbawa,230400,Prov. Nusa Tenggara Barat,230000,12,5,160,8,9,0,2,27,11 Apr 2026 07:36:29,D6527CD7F8DF466B0B84
SEKOLAH DASAR NEGERI BATU TERING KECAMATAN MOYO HULU,50203494,SD,Negeri,Kec. Moyo Hulu,230410,Kab. Sumbawa,230400,Prov. Nusa Tenggara Barat,230000,9,1,75,6,6,0,1,17,02 Apr 2026 08:31:37,DF8D668C85BCDF6E4ECC
SEKOLAH DASAR NEGERI BERANG REA KECAMATAN MOYO HULU,50203530,SD,Negeri,Kec. Moyo Hulu,230410,Kab. Sumbawa,230400,Prov. Nusa Tenggara Barat,230000,14,2,159,8,8,0,1,25,02 May 2026 10:02:21,EA5C21E71C4126735C9C
SEKOLAH DASAR NEGERI KALIMANGO KECAMATAN MOYO HULU,50203521,SD,Negeri,Kec. Moyo Hulu,230410,Kab. Sumbawa,230400,Prov. Nusa Tenggara Barat,230000,7,3,13,4,4,0,0,7,03 Mar 2026 08:52:35,35C6560C853FBCE8D35D
SEKOLAH DASAR NEGERI KARYA KECAMATAN MOYO HULU,50205268,SD,Negeri,Kec. Moyo Hulu,230410,Kab. Sumbawa,230400,Prov. Nusa Tenggara Barat,230000,12,4,87,6,6,0,1,26,14 Apr 2026 22:06:05,B0EC83A657AB87CB2313
SEKOLAH DASAR NEGERI KUANG AMO KECAMATAN MOYO HULU,50205272,SD,Negeri,Kec. Moyo Hulu,230410,Kab. Sumbawa,230400,Prov. Nusa Tenggara Barat,230000,7,3,31,5,6,0,0,11,05 Mar 2026 10:03:07,5791F73483D42DACCBEF
SEKOLAH DASAR NEGERI LESENG KECAMATAN MOYO HULU,50203272,SD,Negeri,Kec. Moyo Hulu,230410,Kab. Sumbawa,230400,Prov. Nusa Tenggara Barat,230000,9,3,115,6,6,1,1,20,14 Apr 2026 11:20:19,0833A96F2AE8B6793912
SEKOLAH DASAR NEGERI LITO JAM KECAMATAN MOYO HULU,60724684,SD,Negeri,Kec. Moyo Hulu,230410,Kab. Sumbawa,230400,Prov. Nusa Tenggara Barat,230000,8,1,65,6,6,1,0,22,02 Apr 2026 11:06:02,6E0F59455F9DBFCA5B3D
SEKOLAH DASAR NEGERI LITO TAREWAN KECAMATAN MOYO HULU,50203274,SD,Negeri,Kec. Moyo Hulu,230410,Kab. Sumbawa,230400,Prov. Nusa Tenggara Barat,230000,9,2,48,6,6,0,1,101,27 Apr 2026 10:34:48,3D2A407AFD4831427184
SEKOLAH DASAR NEGERI MAMAN KECAMATAN MOYO HULU,50205280,SD,Negeri,Kec. Moyo Hulu,230410,Kab. Sumbawa,230400,Prov. Nusa Tenggara Barat,230000,10,3,139,7,7,0,1,17,23 Apr 2026 20:48:28,03B313C2501A3353C27C
SEKOLAH DASAR NEGERI MOKONG KECAMATAN MOYO HULU,50203261,SD,Negeri,Kec. Moyo Hulu,230410,Kab. Sumbawa,230400,Prov. Nusa Tenggara Barat,230000,10,4,144,7,7,0,1,9,27 Apr 2026 10:41:25,17D921584EC6EDDC8A74
SEKOLAH DASAR NEGERI PELITA KECAMATAN MOYO HULU,50203202,SD,Negeri,Kec. Moyo Hulu,230410,Kab. Sumbawa,230400,Prov. Nusa Tenggara Barat,230000,8,2,115,6,6,0,1,25,15 Apr 2026 17:39:02,7DAEE28D8CB3D58DB603
SEKOLAH DASAR NEGERI PERNEK KECAMATAN MOYO HULU,50203183,SD,Negeri,Kec. Moyo Hulu,230410,Kab. Sumbawa,230400,Prov. Nusa Tenggara Barat,230000,11,3,149,8,8,0,1,32,02 May 2026 09:26:58,2620A546F79286CB0ADD
SEKOLAH DASAR NEGERI SEBASANG UNTER KECAMATAN MOYO HULU,50203229,SD,Negeri,Kec. Moyo Hulu,230410,Kab. Sumbawa,230400,Prov. Nusa Tenggara Barat,230000,9,4,103,6,6,0,1,14,02 Apr 2026 07:21:46,D5D4664E146A91CF11F7
SEKOLAH DASAR NEGERI SELA KECAMATAN MOYO HULU,50203209,SD,Negeri,Kec. Moyo Hulu,230410,Kab. Sumbawa,230400,Prov. Nusa Tenggara Barat,230000,7,2,76,6,6,0,1,22,08 Apr 2026 08:38:25,24AA31AC6F995A5131DB
SEKOLAH DASAR NEGERI SEMPE KECAMATAN MOYO HULU,50203215,SD,Negeri,Kec. Moyo Hulu,230410,Kab. Sumbawa,230400,Prov. Nusa Tenggara Barat,230000,9,2,91,6,6,0,1,13,31 Mar 2026 18:39:17,7D6FB285E4DD7F33E5BF
SEKOLAH DASAR NEGERI TALWA KECAMATAN MOYO HULU,50205297,SD,Negeri,Kec. Moyo Hulu,230410,Kab. Sumbawa,230400,Prov. Nusa Tenggara Barat,230000,11,4,117,6,6,0,1,9,25 Feb 2026 20:50:23,2A090BAD17160F7D9C2E
SEKOLAH MENENGAH PERTAMA NEGERI 1 MOYO HULU KECAMATAN MOYO HULU,50203365,SMP,Negeri,Kec. Moyo Hulu,230410,Kab. Sumbawa,230400,Prov. Nusa Tenggara Barat,230000,27,7,295,11,10,3,1,53,02 May 2026 08:56:37,F3D9528E129EDEC12E0F
SEKOLAH MENENGAH PERTAMA NEGERI 2 MOYO HULU KECAMATAN MOYO HULU,50205308,SMP,Negeri,Kec. Moyo Hulu,230410,Kab. Sumbawa,230400,Prov. Nusa Tenggara Barat,230000,15,7,172,6,6,1,2,27,05 Mar 2026 09:22:34,5BC4996F2D763BA30265
SEKOLAH MENENGAH PERTAMA NEGERI 3 MOYO HULU KECAMATAN MOYO HULU,50205311,SMP,Negeri,Kec. Moyo Hulu,230410,Kab. Sumbawa,230400,Prov. Nusa Tenggara Barat,230000,23,8,236,9,9,2,1,20,09 Apr 2026 11:26:42,1BF9E2B4C659ACF6189C
SEKOLAH MENENGAH PERTAMA NEGERI 4 SATU ATAP MOYO HULU KECAMATAN MOYO HULU,50205313,SMP,Negeri,Kec. Moyo Hulu,230410,Kab. Sumbawa,230400,Prov. Nusa Tenggara Barat,230000,12,2,41,3,3,0,1,17,14 Apr 2026 08:26:03,A6EA90A28C07FD8885E7
SEKOLAH MENENGAH PERTAMA NEGERI 5 SATU ATAP MOYO HULU KECAMATAN MOYO HULU,50205473,SMP,Negeri,Kec. Moyo Hulu,230410,Kab. Sumbawa,230400,Prov. Nusa Tenggara Barat,230000,11,1,88,3,3,1,1,35,11 Apr 2026 10:06:13,B9CE73421D86A68EE115
SEKOLAH MENENGAH PERTAMA NEGERI 6 SATU ATAP MOYO HULU KECAMATAN MOYO HULU,60724692,SMP,Negeri,Kec. Moyo Hulu,230410,Kab. Sumbawa,230400,Prov. Nusa Tenggara Barat,230000,11,2,10,2,1,0,1,19,11 Mar 2026 08:20:42,5777C2BFD488A2DDF2E0
SEKOLAH MENENGAH PERTAMA ISLAM TERPADU ABU HURAIRAH SUMBAWA,70050587,SMP,Swasta,Kec. Moyo Hulu,230410,Kab. Sumbawa,230400,Prov. Nusa Tenggara Barat,230000,4,1,77,3,8,0,0,14,30 Apr 2026 09:39:55,CC775254C1ECB7BE4D1B
SEKOLAH MENENGAH PERTAMA ISLAM TERPADU AL KAHFI SUMBAWA KECAMATAN MOYO HULU,70005911,SMP,Swasta,Kec. Moyo Hulu,230410,Kab. Sumbawa,230400,Prov. Nusa Tenggara Barat,230000,7,1,34,3,4,1,0,11,04 Mar 2026 10:34:36,F4E1F1DDC46694E0DFD0
SMAN 1 MOYO HULU,50203308,SMA,Negeri,Kec. Moyo Hulu,230410,Kab. Sumbawa,230400,Prov. Nusa Tenggara Barat,230000,24,11,317,10,11,4,1,27,02 May 2026 11:49:20,2F556F41E05745C0150E
SMK AL-KAHFI SUMBAWA,69851858,SMK,Swasta,Kec. Moyo Hulu,230410,Kab. Sumbawa,230400,Prov. Nusa Tenggara Barat,230000,6,2,36,3,4,1,0,73,28 Apr 2026 10:33:09,9B1E30E6BA4C70616C95
SEKOLAH DASAR NEGERI 1 BOAL KECAMATAN EMPANG,50203543,SD,Negeri,Kec. Empang,230414,Kab. Sumbawa,230400,Prov. Nusa Tenggara Barat,230000,14,3,167,8,7,0,1,23,08 Apr 2026 10:21:27,EAA405E8ECBC8FF12EEF
SEKOLAH DASAR NEGERI 1 EMPANG KECAMATAN EMPANG,50203404,SD,Negeri,Kec. Empang,230414,Kab. Sumbawa,230400,Prov. Nusa Tenggara Barat,230000,20,5,220,12,12,0,1,33,17 Apr 2026 06:52:49,5F093695FB505DC9051A
SEKOLAH DASAR NEGERI 1 GAPIT KECAMATAN EMPANG,50203544,SD,Negeri,Kec. Empang,230414,Kab. Sumbawa,230400,Prov. Nusa Tenggara Barat,230000,15,9,116,6,6,0,1,13,05 Mar 2026 10:30:49,FC89A375DEDD748B655E
SEKOLAH DASAR NEGERI 1 JOTANG KECAMATAN EMPANG,50203405,SD,Negeri,Kec. Empang,230414,Kab. Sumbawa,230400,Prov. Nusa Tenggara Barat,230000,11,6,124,6,6,0,1,9,20 Apr 2026 19:09:23,3E1537B9E5F6B7FF6E8D
SEKOLAH DASAR NEGERI 1 ONGKO KECAMATAN EMPANG,50203388,SD,Negeri,Kec. Empang,230414,Kab. Sumbawa,230400,Prov. Nusa Tenggara Barat,230000,8,9,109,6,8,1,3,29,27 Apr 2026 07:59:27,72FDA784A1A420A5CCB3
SEKOLAH DASAR NEGERI 2 BOAL KECAMATAN EMPANG,50203568,SD,Negeri,Kec. Empang,230414,Kab. Sumbawa,230400,Prov. Nusa Tenggara Barat,230000,11,12,58,6,6,0,1,40,24 Apr 2026 08:29:47,D67D296CDCE248E037FA
SEKOLAH DASAR NEGERI 2 EMPANG KECAMATAN EMPANG,50203409,SD,Negeri,Kec. Empang,230414,Kab. Sumbawa,230400,Prov. Nusa Tenggara Barat,230000,9,5,52,6,6,0,1,30,02 May 2026 06:07:00,F33B45DF24ED4C05D59F
SEKOLAH DASAR NEGERI 2 GAPIT KECAMATAN EMPANG,50203410,SD,Negeri,Kec. Empang,230414,Kab. Sumbawa,230400,Prov. Nusa Tenggara Barat,230000,16,10,160,8,7,0,1,30,30 Apr 2026 07:53:46,D7CC2E6600A83C1781D9
SEKOLAH DASAR NEGERI 2 JOTANG KECAMATAN EMPANG,50203411,SD,Negeri,Kec. Empang,230414,Kab. Sumbawa,230400,Prov. Nusa Tenggara Barat,230000,11,2,95,6,6,0,1,17,15 Apr 2026 07:14:50,3E906CF71EAAD4845D5B
SEKOLAH DASAR NEGERI 2 ONGKO KECAMATAN EMPANG,50203431,SD,Negeri,Kec. Empang,230414,Kab. Sumbawa,230400,Prov. Nusa Tenggara Barat,230000,10,7,113,6,6,0,1,19,02 Apr 2026 04:12:15,E2B6DDEF8FD51B871A5E
SEKOLAH DASAR NEGERI 3 EMPANG KECAMATAN EMPANG,50203541,SD,Negeri,Kec. Empang,230414,Kab. Sumbawa,230400,Prov. Nusa Tenggara Barat,230000,13,3,127,6,8,0,1,21,25 Apr 2026 21:07:04,34574F54D734070EA8B0
SEKOLAH DASAR NEGERI 3 JOTANG KECAMATAN EMPANG,50203575,SD,Negeri,Kec. Empang,230414,Kab. Sumbawa,230400,Prov. Nusa Tenggara Barat,230000,15,5,143,7,7,0,1,36,25 Apr 2026 18:13:00,01E7A186C87551FEB6C5
SEKOLAH DASAR NEGERI 4 EMPANG KECAMATAN EMPANG,50203558,SD,Negeri,Kec. Empang,230414,Kab. Sumbawa,230400,Prov. Nusa Tenggara Barat,230000,13,2,91,6,6,0,1,11,07 Apr 2026 18:21:23,18EDD3477B99B4B7C14F
SEKOLAH DASAR NEGERI 5 EMPANG KECAMATAN EMPANG,50203540,SD,Negeri,Kec. Empang,230414,Kab. Sumbawa,230400,Prov. Nusa Tenggara Barat,230000,12,6,90,6,6,0,1,38,29 Apr 2026 06:42:24,8093E516768385991FD5
SEKOLAH DASAR NEGERI LAMENTA KECAMATAN EMPANG,50203237,SD,Negeri,Kec. Empang,230414,Kab. Sumbawa,230400,Prov. Nusa Tenggara Barat,230000,21,12,222,11,11,0,1,24,22 Apr 2026 07:18:32,1F55E60E4420F01AAF1F
SEKOLAH DASAR NEGERI NYARINYING KECAMATAN EMPANG,50203231,SD,Negeri,Kec. Empang,230414,Kab. Sumbawa,230400,Prov. Nusa Tenggara Barat,230000,12,7,31,6,3,0,1,19,19 Apr 2026 21:17:35,AAE3743A09C16E452853
SEKOLAH DASAR NEGERI TERO KECAMATAN EMPANG,50203362,SD,Negeri,Kec. Empang,230414,Kab. Sumbawa,230400,Prov. Nusa Tenggara Barat,230000,10,4,53,6,5,0,1,14,05 Apr 2026 00:14:39,8E5EFF71A3D794A2E637
SEKOLAH MENENGAH PERTAMA NEGERI 1 EMPANG KECAMATAN EMPANG,50203375,SMP,Negeri,Kec. Empang,230414,Kab. Sumbawa,230400,Prov. Nusa Tenggara Barat,230000,34,11,401,14,20,1,1,21,30 Apr 2026 07:20:02,7382E1D3F6E444F5C822
SEKOLAH MENENGAH PERTAMA NEGERI 2 EMPANG KECAMATAN EMPANG,50203293,SMP,Negeri,Kec. Empang,230414,Kab. Sumbawa,230400,Prov. Nusa Tenggara Barat,230000,23,5,115,6,9,2,1,30,20 Apr 2026 10:22:47,6B5ACB773B20E6EB81C5
SEKOLAH MENENGAH PERTAMA NEGERI 3 EMPANG KECAMATAN EMPANG,50203290,SMP,Negeri,Kec. Empang,230414,Kab. Sumbawa,230400,Prov. Nusa Tenggara Barat,230000,23,8,259,10,14,3,1,24,02 May 2026 11:39:09,2FAD45CD030B65B4D7E0
SMAN 1 EMPANG,50203305,SMA,Negeri,Kec. Empang,230414,Kab. Sumbawa,230400,Prov. Nusa Tenggara Barat,230000,52,14,894,27,30,4,2,44,27 Apr 2026 10:15:41,7A3C1D221B8D7EA837E2
SEKOLAH DASAR NEGERI 1 ALAS KECAMATAN ALAS,50205227,SD,Negeri,Kec. Alas,230405,Kab. Sumbawa,230400,Prov. Nusa Tenggara Barat,230000,17,3,330,12,10,0,1,20,22 Apr 2026 08:12:53,510D9B764889D735CF14
SEKOLAH DASAR NEGERI 1 PULAU BUNGIN KECAMATAN ALAS,50203564,SD,Negeri,Kec. Alas,230405,Kab. Sumbawa,230400,Prov. Nusa Tenggara Barat,230000,8,2,181,7,5,0,2,10,24 Apr 2026 03:47:54,4B192A8E5AECB3B882F4
SEKOLAH DASAR NEGERI 10 ALAS KECAMATAN ALAS,50203585,SD,Negeri,Kec. Alas,230405,Kab. Sumbawa,230400,Prov. Nusa Tenggara Barat,230000,10,1,156,6,7,0,1,15,13 Apr 2026 11:33:30,39EBE183685B0ECFDEE8
SEKOLAH DASAR NEGERI 2 ALAS KECAMATAN ALAS,50203395,SD,Negeri,Kec. Alas,230405,Kab. Sumbawa,230400,Prov. Nusa Tenggara Barat,230000,15,3,221,10,7,0,1,14,08 Apr 2026 18:14:10,6B3EB7793D1B8695D438
SEKOLAH DASAR NEGERI 2 PULAU BUNGIN KECAMATAN ALAS,50203422,SD,Negeri,Kec. Alas,230405,Kab. Sumbawa,230400,Prov. Nusa Tenggara Barat,230000,9,3,265,10,6,0,1,10,30 Apr 2026 08:35:24,9F0D25318BFD93246B28
SEKOLAH DASAR NEGERI 3 ALAS KECAMATAN ALAS,50203433,SD,Negeri,Kec. Alas,230405,Kab. Sumbawa,230400,Prov. Nusa Tenggara Barat,230000,19,5,335,12,11,0,1,30,02 May 2026 09:50:50,D34F496FCEEE7E98A08A
SEKOLAH DASAR NEGERI 4 ALAS KECAMATAN ALAS,50203557,SD,Negeri,Kec. Alas,230405,Kab. Sumbawa,230400,Prov. Nusa Tenggara Barat,230000,10,3,169,6,6,0,1,14,04 Apr 2026 00:44:14,40DF436CE0CC800F4287
SEKOLAH DASAR NEGERI 5 ALAS KECAMATAN ALAS,50203566,SD,Negeri,Kec. Alas,230405,Kab. Sumbawa,230400,Prov. Nusa Tenggara Barat,230000,13,3,230,9,8,0,1,22,27 Apr 2026 15:28:32,88FC065AEFDE304BA48B
SEKOLAH DASAR NEGERI 6 ALAS KECAMATAN ALAS,50203493,SD,Negeri,Kec. Alas,230405,Kab. Sumbawa,230400,Prov. Nusa Tenggara Barat,230000,9,1,177,6,5,0,0,14,28 Apr 2026 09:51:36,93F82E5526564695569C
SEKOLAH DASAR NEGERI 7 ALAS KECAMATAN ALAS,50203507,SD,Negeri,Kec. Alas,230405,Kab. Sumbawa,230400,Prov. Nusa Tenggara Barat,230000,20,3,358,12,13,1,1,15,30 Apr 2026 08:35:47,10677F3021453D7B32E5
SEKOLAH DASAR NEGERI 8 ALAS KECAMATAN ALAS,50203552,SD,Negeri,Kec. Alas,230405,Kab. Sumbawa,230400,Prov. Nusa Tenggara Barat,230000,8,2,126,6,9,0,1,13,13 Apr 2026 11:56:37,1968F6DD431D46B8ECD8
SEKOLAH DASAR NEGERI 9 ALAS KECAMATAN ALAS,50203542,SD,Negeri,Kec. Alas,230405,Kab. Sumbawa,230400,Prov. Nusa Tenggara Barat,230000,12,2,189,8,8,0,1,16,28 Apr 2026 11:51:07,4A10070F3D4F1499AA7E
SEKOLAH DASAR NEGERI LABUHAN ALAS KECAMATAN ALAS,50203250,SD,Negeri,Kec. Alas,230405,Kab. Sumbawa,230400,Prov. Nusa Tenggara Barat,230000,11,2,188,6,6,0,1,20,25 Apr 2026 08:40:58,4CABBA9795FD7B83A748
SEKOLAH DASAR NEGERI MARENTE BERU KECAMATAN ALAS,50203258,SD,Negeri,Kec. Alas,230405,Kab. Sumbawa,230400,Prov. Nusa Tenggara Barat,230000,10,2,103,6,6,0,1,16,27 Apr 2026 07:56:57,DC6E250A4E2D7B2329A2
SEKOLAH DASAR NEGERI MARENTE KECAMATAN ALAS,50205281,SD,Negeri,Kec. Alas,230405,Kab. Sumbawa,230400,Prov. Nusa Tenggara Barat,230000,9,2,186,6,6,0,1,30,06 Apr 2026 11:02:34,FE585F519A0936F88F8B
SEKOLAH DASAR NEGERI MATEMEGA KECAMATAN ALAS,50203259,SD,Negeri,Kec. Alas,230405,Kab. Sumbawa,230400,Prov. Nusa Tenggara Barat,230000,8,2,49,6,3,0,0,13,03 Mar 2026 20:10:46,5D61878CDBB4D032CF08
SEKOLAH DASAR NEGERI PANUA KECAMATAN ALAS,50203199,SD,Negeri,Kec. Alas,230405,Kab. Sumbawa,230400,Prov. Nusa Tenggara Barat,230000,8,1,169,6,5,0,1,26,24 Apr 2026 07:03:41,F4B009484DDF840EA27A
SEKOLAH DASAR NEGERI TELANGIT KECAMATAN ALAS,50203346,SD,Negeri,Kec. Alas,230405,Kab. Sumbawa,230400,Prov. Nusa Tenggara Barat,230000,10,1,57,6,6,0,1,9,27 Apr 2026 07:27:04,FB7A1EE8C253F518D0E0
SEKOLAH MENENGAH PERTAMA NEGERI 1 ALAS KECAMATAN ALAS,50203381,SMP,Negeri,Kec. Alas,230405,Kab. Sumbawa,230400,Prov. Nusa Tenggara Barat,230000,40,7,611,21,23,2,1,55,28 Apr 2026 07:23:02,3ADF8A11D3659948A437
SEKOLAH MENENGAH PERTAMA NEGERI 2 ALAS KECAMATAN ALAS,50203385,SMP,Negeri,Kec. Alas,230405,Kab. Sumbawa,230400,Prov. Nusa Tenggara Barat,230000,22,5,305,11,12,1,1,58,19 Apr 2026 18:18:36,774BB54E591F27541912
SEKOLAH MENENGAH PERTAMA NEGERI 3 ALAS KECAMATAN ALAS,50205309,SMP,Negeri,Kec. Alas,230405,Kab. Sumbawa,230400,Prov. Nusa Tenggara Barat,230000,15,6,92,5,8,2,1,24,15 Apr 2026 09:30:30,14723C8DCE3B29651EE0
SEKOLAH MENENGAH PERTAMA NEGERI 4 SATU ATAP ALAS KECAMATAN ALAS,50219552,SMP,Negeri,Kec. Alas,230405,Kab. Sumbawa,230400,Prov. Nusa Tenggara Barat,230000,13,2,32,3,3,5,1,9,18 Mar 2026 15:41:31,1080C58AB46A8F87E404
SEKOLAH MENENGAH PERTAMA NEGERI 5 ALAS KECAMATAN ALAS,60724687,SMP,Negeri,Kec. Alas,230405,Kab. Sumbawa,230400,Prov. Nusa Tenggara Barat,230000,20,3,144,6,6,2,1,35,14 Mar 2026 15:57:42,A3EC28A970CE1E31C785
SMAN 1 ALAS,50203314,SMA,Negeri,Kec. Alas,230405,Kab. Sumbawa,230400,Prov. Nusa Tenggara Barat,230000,59,18,1054,31,23,4,1,61,22 Apr 2026 07:54:01,ED76C14D0C4E2EB33336
SMAS MUHAMMADIYAH ALAS,50203323,SMA,Swasta,Kec. Alas,230405,Kab. Sumbawa,230400,Prov. Nusa Tenggara Barat,230000,7,2,14,3,7,4,1,13,24 Apr 2026 06:44:58,EC0F0D7DEC0FE4A0011E
SMKN 1 ALAS,50203320,SMK,Negeri,Kec. Alas,230405,Kab. Sumbawa,230400,Prov. Nusa Tenggara Barat,230000,69,22,840,32,28,8,1,29,18 Apr 2026 11:21:25,2C4943C015F9C8571B88
SEKOLAH DASAR NEGERI 1 LANGAM KECAMATAN LOPOK,50205231,SD,Negeri,Kec. Lopok,230426,Kab. Sumbawa,230400,Prov. Nusa Tenggara Barat,230000,6,3,109,6,6,0,1,22,10 Apr 2026 08:01:31,B6073AD6CDB3B61D2198
SEKOLAH DASAR NEGERI 1 LOPOK KECAMATAN LOPOK,50203398,SD,Negeri,Kec. Lopok,230426,Kab. Sumbawa,230400,Prov. Nusa Tenggara Barat,230000,14,5,190,10,11,0,1,23,20 Apr 2026 19:51:47,C3F6B751FBEF092BAD7D
SEKOLAH DASAR NEGERI 1 PUNGKIT KECAMATAN LOPOK,50203391,SD,Negeri,Kec. Lopok,230426,Kab. Sumbawa,230400,Prov. Nusa Tenggara Barat,230000,10,3,128,6,6,0,1,5,02 Feb 2026 10:21:46,314242582669E4998016
SEKOLAH DASAR NEGERI 1 SERANGE KECAMATAN LOPOK,50203392,SD,Negeri,Kec. Lopok,230426,Kab. Sumbawa,230400,Prov. Nusa Tenggara Barat,230000,8,3,102,6,6,0,2,31,10 Apr 2026 19:45:44,38C82CD73736A8C6C60A
SEKOLAH DASAR NEGERI 2 LANGAM KECAMATAN LOPOK,50203426,SD,Negeri,Kec. Lopok,230426,Kab. Sumbawa,230400,Prov. Nusa Tenggara Barat,230000,18,3,294,12,14,0,1,31,06 Apr 2026 08:42:25,00F4E08330FFAB04B46E
SEKOLAH DASAR NEGERI 2 LOPOK KECAMATAN LOPOK,50205241,SD,Negeri,Kec. Lopok,230426,Kab. Sumbawa,230400,Prov. Nusa Tenggara Barat,230000,9,3,98,6,6,0,1,26,05 Apr 2026 20:44:08,5EFBD344A95815D26703
SEKOLAH DASAR NEGERI 2 PUNGKIT KECAMATAN LOPOK,50203412,SD,Negeri,Kec. Lopok,230426,Kab. Sumbawa,230400,Prov. Nusa Tenggara Barat,230000,9,2,71,6,6,0,0,15,03 Mar 2026 07:24:01,79AD06532780D6DF805A
SEKOLAH DASAR NEGERI 2 SERANGE KECAMATAN LOPOK,50205245,SD,Negeri,Kec. Lopok,230426,Kab. Sumbawa,230400,Prov. Nusa Tenggara Barat,230000,9,4,78,6,6,0,1,11,11 Apr 2026 06:26:02,C54869B6FF099C658989
SEKOLAH DASAR NEGERI BAGE TANGO KECAMATAN LOPOK,50203499,SD,Negeri,Kec. Lopok,230426,Kab. Sumbawa,230400,Prov. Nusa Tenggara Barat,230000,11,3,141,6,6,0,1,24,23 Apr 2026 07:41:18,6FC732E6E8DB6E21D9B2
SEKOLAH DASAR NEGERI BERORA KECAMATAN LOPOK,50203498,SD,Negeri,Kec. Lopok,230426,Kab. Sumbawa,230400,Prov. Nusa Tenggara Barat,230000,10,1,109,6,6,0,1,25,05 Apr 2026 19:11:32,8BD19501D09BCC33F309
SEKOLAH DASAR NEGERI LEWENG KECAMATAN LOPOK,50203273,SD,Negeri,Kec. Lopok,230426,Kab. Sumbawa,230400,Prov. Nusa Tenggara Barat,230000,7,2,53,6,6,0,0,17,05 Mar 2026 11:06:37,6FF59084389337E4F7D5
SEKOLAH DASAR NEGERI LOPOK BERU KECAMATAN LOPOK,50205277,SD,Negeri,Kec. Lopok,230426,Kab. Sumbawa,230400,Prov. Nusa Tenggara Barat,230000,11,2,140,6,6,0,1,22,17 Apr 2026 09:09:19,A0C33E99C37918C6A4A7
SEKOLAH DASAR NEGERI MAMA KECAMATAN LOPOK,50205279,SD,Negeri,Kec. Lopok,230426,Kab. Sumbawa,230400,Prov. Nusa Tenggara Barat,230000,9,2,112,6,6,0,1,10,12 Apr 2026 18:53:12,2D843F30E0451BD8B80E
SEKOLAH DASAR NEGERI MUHAJIRIN KECAMATAN LOPOK,50203262,SD,Negeri,Kec. Lopok,230426,Kab. Sumbawa,230400,Prov. Nusa Tenggara Barat,230000,8,1,26,5,6,0,1,36,02 Apr 2026 14:15:34,D080276744D560883222
SEKOLAH DASAR NEGERI TABOSE KECAMATAN LOPOK,50203350,SD,Negeri,Kec. Lopok,230426,Kab. Sumbawa,230400,Prov. Nusa Tenggara Barat,230000,9,3,37,6,6,0,1,21,21 Apr 2026 10:43:36,79FDAAE99CE48C35C483
SEKOLAH DASAR NEGERI TATEDE DALAM KECAMATAN LOPOK,50203343,SD,Negeri,Kec. Lopok,230426,Kab. Sumbawa,230400,Prov. Nusa Tenggara Barat,230000,9,2,74,6,6,0,0,13,05 Mar 2026 03:56:53,CA8545087800E0A36E39
SEKOLAH DASAR NEGERI TATEDE KECAMATAN LOPOK,50203342,SD,Negeri,Kec. Lopok,230426,Kab. Sumbawa,230400,Prov. Nusa Tenggara Barat,230000,9,1,72,6,7,0,1,29,02 Apr 2026 06:18:16,87D145C96EF4617C369C
SEKOLAH DASAR ISLAM PLUS LENTERA ILMU,70042854,SD,Swasta,Kec. Lopok,230426,Kab. Sumbawa,230400,Prov. Nusa Tenggara Barat,230000,6,1,78,6,6,0,0,15,29 Apr 2026 15:25:59,DFB1780B0ABEF0F85C86
SEKOLAH MENENGAH PERTAMA NEGERI 1 LOPOK KECAMATAN LOPOK,50203295,SMP,Negeri,Kec. Lopok,230426,Kab. Sumbawa,230400,Prov. Nusa Tenggara Barat,230000,43,2,429,14,16,2,1,66,28 Apr 2026 09:51:08,4405553D5203CEC5542F
SEKOLAH MENENGAH PERTAMA NEGERI 2 LOPOK KECAMATAN LOPOK,50203282,SMP,Negeri,Kec. Lopok,230426,Kab. Sumbawa,230400,Prov. Nusa Tenggara Barat,230000,25,7,182,8,9,2,1,29,08 Apr 2026 08:09:57,3DABD144194692F42D50
SEKOLAH MENENGAH PERTAMA NEGERI 3 LOPOK KECAMATAN LOPOK,50203302,SMP,Negeri,Kec. Lopok,230426,Kab. Sumbawa,230400,Prov. Nusa Tenggara Barat,230000,14,3,119,6,6,2,1,27,02 May 2026 06:23:05,73D53CB1FFD6013C231A
SEKOLAH MENENGAH PERTAMA NEGERI 4 SATU ATAP LOPOK KECAMATAN LOPOK,50220447,SMP,Negeri,Kec. Lopok,230426,Kab. Sumbawa,230400,Prov. Nusa Tenggara Barat,230000,9,2,46,3,3,0,0,26,28 Apr 2026 11:37:16,60CF11039FDCDC826D73
SEKOLAH MENENGAH PERTAMA ISLAM PLUS LENTERA ILMU,70043155,SMP,Swasta,Kec. Lopok,230426,Kab. Sumbawa,230400,Prov. Nusa Tenggara Barat,230000,4,0,23,3,3,0,0,17,30 Apr 2026 13:59:18,4001949529DD89BDA317
SMKN 1 LOPOK,50205479,SMK,Negeri,Kec. Lopok,230426,Kab. Sumbawa,230400,Prov. Nusa Tenggara Barat,230000,56,13,452,25,23,2,1,24,02 Apr 2026 14:38:06,D19DCD232961CD6433AB
SEKOLAH DASAR NEGERI BRANG LAMAR KECAMATAN LUNYUK,70050055,SD,Negeri,Kec. Lunyuk,230402,Kab. Sumbawa,230400,Prov. Nusa Tenggara Barat,230000,2,1,19,6,3,0,0,5,09 Mar 2026 18:40:43,59A7323EFCC8743E9B09
SEKOLAH DASAR NEGERI EMANG KECAMATAN LUNYUK,50203534,SD,Negeri,Kec. Lunyuk,230402,Kab. Sumbawa,230400,Prov. Nusa Tenggara Barat,230000,11,2,94,6,6,0,1,22,15 Apr 2026 10:07:50,EBB6E3FAD9833BA43CF6
SEKOLAH DASAR NEGERI JAMU KECAMATAN LUNYUK,50205264,SD,Negeri,Kec. Lunyuk,230402,Kab. Sumbawa,230400,Prov. Nusa Tenggara Barat,230000,4,3,15,5,4,0,0,4,07 Mar 2026 07:42:58,E310493E5D62D7D437D6
SEKOLAH DASAR NEGERI JELAPANG KECAMATAN LUNYUK,50203212,SD,Negeri,Kec. Lunyuk,230402,Kab. Sumbawa,230400,Prov. Nusa Tenggara Barat,230000,10,3,38,6,6,1,1,12,07 Apr 2026 10:37:43,7115CA61E76F9DFF0E0B
SEKOLAH DASAR NEGERI KALBIR KECAMATAN LUNYUK,50203520,SD,Negeri,Kec. Lunyuk,230402,Kab. Sumbawa,230400,Prov. Nusa Tenggara Barat,230000,9,1,205,8,6,0,1,11,25 Apr 2026 11:57:12,46743BEE25D09893BF92
SEKOLAH DASAR NEGERI KRIDA KECAMATAN LUNYUK,50203247,SD,Negeri,Kec. Lunyuk,230402,Kab. Sumbawa,230400,Prov. Nusa Tenggara Barat,230000,10,3,139,8,6,0,1,14,04 Mar 2026 03:42:23,94A51FD2435BE3206181
SEKOLAH DASAR NEGERI LUNYUK ODE KECAMATAN LUNYUK,50203277,SD,Negeri,Kec. Lunyuk,230402,Kab. Sumbawa,230400,Prov. Nusa Tenggara Barat,230000,10,2,141,6,6,0,1,5,02 Feb 2026 09:23:42,B37230E96764F42CC1B0
SEKOLAH DASAR NEGERI LUNYUK REA KECAMATAN LUNYUK,50203278,SD,Negeri,Kec. Lunyuk,230402,Kab. Sumbawa,230400,Prov. Nusa Tenggara Barat,230000,11,2,151,7,6,0,1,10,12 Apr 2026 01:18:05,AC469DD2C39B052681A9
SEKOLAH DASAR NEGERI PADASUKA KECAMATAN LUNYUK,50203197,SD,Negeri,Kec. Lunyuk,230402,Kab. Sumbawa,230400,Prov. Nusa Tenggara Barat,230000,14,2,292,11,13,0,1,9,07 Mar 2026 06:13:55,29F3248513E166717E51
SEKOLAH DASAR NEGERI PERUNG KECAMATAN LUNYUK,50203184,SD,Negeri,Kec. Lunyuk,230402,Kab. Sumbawa,230400,Prov. Nusa Tenggara Barat,230000,9,2,149,6,6,0,2,6,06 Apr 2026 19:09:58,207774CE8A4826E5DACA
SEKOLAH DASAR NEGERI PLARA KECAMATAN LUNYUK,50203186,SD,Negeri,Kec. Lunyuk,230402,Kab. Sumbawa,230400,Prov. Nusa Tenggara Barat,230000,9,2,19,6,3,0,1,15,06 Apr 2026 06:11:37,548472FA0C7FBF2FBD84
SEKOLAH DASAR NEGERI SAMPAR BONTONG KECAMATAN LUNYUK,50205462,SD,Negeri,Kec. Lunyuk,230402,Kab. Sumbawa,230400,Prov. Nusa Tenggara Barat,230000,8,1,96,6,5,0,0,20,30 Apr 2026 06:24:03,2A818F036DC47163A9BE
SEKOLAH DASAR NEGERI SAMPAR GOAL KECAMATAN LUNYUK,50205463,SD,Negeri,Kec. Lunyuk,230402,Kab. Sumbawa,230400,Prov. Nusa Tenggara Barat,230000,7,1,66,6,5,1,1,16,29 Apr 2026 10:09:23,DB92224FB81DD055B564
SEKOLAH DASAR NEGERI SUKA MAJU KECAMATAN LUNYUK,50205465,SD,Negeri,Kec. Lunyuk,230402,Kab. Sumbawa,230400,Prov. Nusa Tenggara Barat,230000,17,2,245,13,9,0,1,14,30 Apr 2026 11:14:29,12D8700E021373BCB183
SEKOLAH DASAR NEGERI SUKADAMAI KECAMATAN LUNYUK,50220347,SD,Negeri,Kec. Lunyuk,230402,Kab. Sumbawa,230400,Prov. Nusa Tenggara Barat,230000,9,3,72,6,6,0,1,28,27 Apr 2026 07:01:37,B5D341675926A6915D4F
SEKOLAH DASAR NEGERI SUKAJAYA KECAMATAN LUNYUK,50203356,SD,Negeri,Kec. Lunyuk,230402,Kab. Sumbawa,230400,Prov. Nusa Tenggara Barat,230000,8,2,67,6,8,0,1,31,15 Apr 2026 22:38:22,D6042745D9ADE88D33E4
SEKOLAH DASAR NEGERI SUMBERSARI KECAMATAN LUNYUK,50203351,SD,Negeri,Kec. Lunyuk,230402,Kab. Sumbawa,230400,Prov. Nusa Tenggara Barat,230000,9,1,174,8,5,0,1,11,09 Apr 2026 06:56:56,583EB36B3F2122481AF6
SEKOLAH DASAR SWASTA ISLAM TERPADU HAMZANWADI KECAMATAN LUNYUK,69786307,SD,Swasta,Kec. Lunyuk,230402,Kab. Sumbawa,230400,Prov. Nusa Tenggara Barat,230000,10,1,208,8,6,0,1,33,17 Apr 2026 09:41:43,18D5C6C4D47BDAF5F890
SEKOLAH MENENGAH PERTAMA NEGERI 1 LUNYUK KECAMATAN LUNYUK,50203364,SMP,Negeri,Kec. Lunyuk,230402,Kab. Sumbawa,230400,Prov. Nusa Tenggara Barat,230000,26,6,322,12,12,2,1,17,27 Apr 2026 18:09:11,0895748F262CD199822D
SEKOLAH MENENGAH PERTAMA NEGERI 2 LUNYUK KECAMATAN LUNYUK,50205310,SMP,Negeri,Kec. Lunyuk,230402,Kab. Sumbawa,230400,Prov. Nusa Tenggara Barat,230000,21,6,230,9,12,1,1,32,24 Apr 2026 09:33:01,10752FB1EB4E4458FAB7
SEKOLAH MENENGAH PERTAMA NEGERI 3 LUNYUK KECAMATAN LUNYUK,50205469,SMP,Negeri,Kec. Lunyuk,230402,Kab. Sumbawa,230400,Prov. Nusa Tenggara Barat,230000,11,4,33,3,3,1,1,19,10 Apr 2026 07:32:50,784AEB8DA537AD790D5E
SEKOLAH MENENGAH PERTAMA NEGERI 4 SATU ATAP LUNYUK KECAMATAN LUNYUK,50219521,SMP,Negeri,Kec. Lunyuk,230402,Kab. Sumbawa,230400,Prov. Nusa Tenggara Barat,230000,12,0,33,3,3,0,0,31,23 Apr 2026 10:31:59,AF45557A793489BBA55E
SEKOLAH MENENGAH PERTAMA NEGERI 5 SATU ATAP LUNYUK KECAMATAN LUNYUK,60724695,SMP,Negeri,Kec. Lunyuk,230402,Kab. Sumbawa,230400,Prov. Nusa Tenggara Barat,230000,13,0,27,3,3,1,1,28,05 Apr 2026 19:34:05,9495B6E2FCC7A3DC56FF
SEKOLAH MENENGAH PERTAMA PLUS AS SHAULATIYAH NAHDLATUL WATHAN KALBIR KECAMATAN LUNYUK,70036036,SMP,Swasta,Kec. Lunyuk,230402,Kab. Sumbawa,230400,Prov. Nusa Tenggara Barat,230000,23,2,124,6,6,0,0,55,12 Apr 2026 09:08:27,459E497F426F8DFAE251
SEKOLAH MENENGAH PERTAMA SWASTA ISLAM TERPADU HAMZANWADI KECAMATAN LUNYUK,69786306,SMP,Swasta,Kec. Lunyuk,230402,Kab. Sumbawa,230400,Prov. Nusa Tenggara Barat,230000,8,2,144,6,5,0,1,44,15 Apr 2026 11:22:01,22ADD50DFA57FA7D9451
SMAN 1 LUNYUK,50203307,SMA,Negeri,Kec. Lunyuk,230402,Kab. Sumbawa,230400,Prov. Nusa Tenggara Barat,230000,30,11,526,16,17,2,1,28,17 Apr 2026 10:36:32,6CCB948E822391D98CA0
SMA ISLAM TERPADU HAMZANWADI LUNYUK,69995712,SMA,Swasta,Kec. Lunyuk,230402,Kab. Sumbawa,230400,Prov. Nusa Tenggara Barat,230000,10,1,54,3,2,0,1,43,23 Apr 2026 10:03:31,B629041592AF36AEA1F2
SMA PLUS AS SHAULATIYAH NW KALBIR,70060097,SMA,Swasta,Kec. Lunyuk,230402,Kab. Sumbawa,230400,Prov. Nusa Tenggara Barat,230000,0,0,0,0,0,0,0,0,,7AE6CA5D3DDC43279133
SMKN 1 LUNYUK,50219664,SMK,Negeri,Kec. Lunyuk,230402,Kab. Sumbawa,230400,Prov. Nusa Tenggara Barat,230000,24,8,139,12,7,3,1,11,30 Apr 2026 09:41:23,7D21CE69A887DE01AE1F
SMK HAMZANWADI NW EMANG LESTARI,70037054,SMK,Swasta,Kec. Lunyuk,230402,Kab. Sumbawa,230400,Prov. Nusa Tenggara Barat,230000,9,1,17,3,3,1,1,29,20 Apr 2026 12:56:59,8520126DF54EE4842B7E
SEKOLAH DASAR NEGERI 1 PELAT KECAMATAN UNTER IWES,50203389,SD,Negeri,Kec. Unter Iwes,230420,Kab. Sumbawa,230400,Prov. Nusa Tenggara Barat,230000,11,1,101,6,6,0,1,34,28 Apr 2026 10:58:14,5B3F2D104A032DBD82AD
SEKOLAH DASAR NEGERI 1 SAMPA KECAMATAN UNTER IWES,50203582,SD,Negeri,Kec. Unter Iwes,230420,Kab. Sumbawa,230400,Prov. Nusa Tenggara Barat,230000,6,1,11,5,4,0,0,7,02 Apr 2026 18:28:28,6502A40F22F085C8D6E1
SEKOLAH DASAR NEGERI 2 PELAT KECAMATAN UNTER IWES,50203432,SD,Negeri,Kec. Unter Iwes,230420,Kab. Sumbawa,230400,Prov. Nusa Tenggara Barat,230000,12,3,135,6,6,1,1,14,10 Mar 2026 13:43:36,B9B955D3E3A5E3234B40
SEKOLAH DASAR NEGERI 2 SAMPA KECAMATAN UNTER IWES,50203415,SD,Negeri,Kec. Unter Iwes,230420,Kab. Sumbawa,230400,Prov. Nusa Tenggara Barat,230000,10,0,53,6,5,0,1,6,02 Apr 2026 17:46:23,E20E6213F94C5B5BE669
SEKOLAH DASAR NEGERI BOAK DALAM KECAMATAN UNTER IWES,50203502,SD,Negeri,Kec. Unter Iwes,230420,Kab. Sumbawa,230400,Prov. Nusa Tenggara Barat,230000,13,2,66,6,6,0,1,9,04 Apr 2026 08:31:42,30003ADE1FA6D80D40D9
SEKOLAH DASAR NEGERI BOAK KECAMATAN UNTER IWES,50203501,SD,Negeri,Kec. Unter Iwes,230420,Kab. Sumbawa,230400,Prov. Nusa Tenggara Barat,230000,10,2,96,6,7,1,1,12,04 Apr 2026 06:21:57,BE3A510298303E3DD116
SEKOLAH DASAR NEGERI BRANG PELAT KECAMATAN UNTER IWES,50203517,SD,Negeri,Kec. Unter Iwes,230420,Kab. Sumbawa,230400,Prov. Nusa Tenggara Barat,230000,8,3,115,6,6,0,1,16,05 Apr 2026 08:50:33,F6F497C6FE4CBB68038B
SEKOLAH DASAR NEGERI BUIN PELAS KECAMATAN UNTER IWES,60724678,SD,Negeri,Kec. Unter Iwes,230420,Kab. Sumbawa,230400,Prov. Nusa Tenggara Barat,230000,10,1,21,6,2,0,0,7,04 Apr 2026 19:28:50,5BE606DEB4175161E0C1
SEKOLAH DASAR NEGERI JOROK KECAMATAN UNTER IWES,50203528,SD,Negeri,Kec. Unter Iwes,230420,Kab. Sumbawa,230400,Prov. Nusa Tenggara Barat,230000,10,2,108,6,6,0,1,10,04 Apr 2026 09:28:36,8818E218CEFF97A8B066
SEKOLAH DASAR NEGERI KERATO KECAMATAN UNTER IWES,50203526,SD,Negeri,Kec. Unter Iwes,230420,Kab. Sumbawa,230400,Prov. Nusa Tenggara Barat,230000,16,2,272,11,11,0,2,25,06 Apr 2026 09:41:11,C7580914C2B91BFF7643
SEKOLAH DASAR NEGERI KEREKEH KECAMATAN UNTER IWES,50203539,SD,Negeri,Kec. Unter Iwes,230420,Kab. Sumbawa,230400,Prov. Nusa Tenggara Barat,230000,9,3,68,6,6,0,1,16,07 Mar 2026 07:59:55,1F843ED3588729C23CE8
SEKOLAH DASAR NEGERI NIJANG KECAMATAN UNTER IWES,50203279,SD,Negeri,Kec. Unter Iwes,230420,Kab. Sumbawa,230400,Prov. Nusa Tenggara Barat,230000,15,1,198,10,8,0,1,10,07 Apr 2026 14:31:29,7F2F2B87DA37BB921A62
SEKOLAH DASAR NEGERI PERUNG KECAMATAN UNTER IWES,50205461,SD,Negeri,Kec. Unter Iwes,230420,Kab. Sumbawa,230400,Prov. Nusa Tenggara Barat,230000,11,0,26,5,6,0,0,22,26 Mar 2026 20:06:30,BF088B94228570B52355
SEKOLAH DASAR NEGERI PUNGKA KECAMATAN UNTER IWES,50203192,SD,Negeri,Kec. Unter Iwes,230420,Kab. Sumbawa,230400,Prov. Nusa Tenggara Barat,230000,11,3,112,6,6,0,1,9,08 Apr 2026 14:19:40,3A05D6072BC82A8F1406
SEKOLAH DASAR NEGERI SELANG KECAMATAN UNTER IWES,50203211,SD,Negeri,Kec. Unter Iwes,230420,Kab. Sumbawa,230400,Prov. Nusa Tenggara Barat,230000,9,1,81,6,6,0,1,10,14 Apr 2026 21:01:25,AC925D6699E5E175C69D
SEKOLAH DASAR NEGERI SERING KECAMATAN UNTER IWES,50203230,SD,Negeri,Kec. Unter Iwes,230420,Kab. Sumbawa,230400,Prov. Nusa Tenggara Barat,230000,12,2,164,7,6,0,1,13,11 Apr 2026 06:15:21,9EF190156BD005F297AB
SEKOLAH DASAR NEGERI UMA BERINGIN KECAMATAN UNTER IWES,50205466,SD,Negeri,Kec. Unter Iwes,230420,Kab. Sumbawa,230400,Prov. Nusa Tenggara Barat,230000,11,3,167,8,7,0,1,56,21 Apr 2026 11:52:06,9AD1DF16482ADC867026
SEKOLAH DASAR NEGERI UMA BUNTAR KECAMATAN UNTER IWES,50203363,SD,Negeri,Kec. Unter Iwes,230420,Kab. Sumbawa,230400,Prov. Nusa Tenggara Barat,230000,9,3,66,6,5,0,1,4,12 Mar 2026 15:06:41,6B5551605C594B239DE2
SDS ISLAM PLUS  DARUL MUHSININ,69795840,SD,Swasta,Kec. Unter Iwes,230420,Kab. Sumbawa,230400,Prov. Nusa Tenggara Barat,230000,9,1,157,6,6,0,1,20,13 Mar 2026 12:51:00,B7EF3F1C1795E7B79D29
Sekolah Dasar Islam Terpadu (SDIT) Darus Sunnah,69873572,SD,Swasta,Kec. Unter Iwes,230420,Kab. Sumbawa,230400,Prov. Nusa Tenggara Barat,230000,32,3,419,14,15,0,1,48,13 Apr 2026 07:01:38,D4EEEC0C69F7B68D300B
Sekolah Dasar Islam Terpadu Samawa Qurani,70036533,SD,Swasta,Kec. Unter Iwes,230420,Kab. Sumbawa,230400,Prov. Nusa Tenggara Barat,230000,6,1,56,5,6,0,0,17,23 Apr 2026 23:00:28,0793F76994335DDE537B
SEKOLAH MENENGAH PERTAMA NEGERI 1 UNTER IWES KECAMATAN UNTER IWES,50203371,SMP,Negeri,Kec. Unter Iwes,230420,Kab. Sumbawa,230400,Prov. Nusa Tenggara Barat,230000,40,6,517,17,18,2,1,42,22 Apr 2026 11:33:40,7CC05531F2029C98C36B
SEKOLAH MENENGAH PERTAMA NEGERI 2 UNTER IWES KECAMATAN UNTER IWES,50203292,SMP,Negeri,Kec. Unter Iwes,230420,Kab. Sumbawa,230400,Prov. Nusa Tenggara Barat,230000,17,4,98,4,9,2,1,13,04 Mar 2026 08:04:14,44E894F44277ACF8464C
SEKOLAH MENENGAH PERTAMA NEGERI 3 UNTER IWES KECAMATAN UNTER IWES,50203287,SMP,Negeri,Kec. Unter Iwes,230420,Kab. Sumbawa,230400,Prov. Nusa Tenggara Barat,230000,19,5,138,6,6,1,1,33,30 Apr 2026 08:16:03,3F602482D09FE581FF56
SEKOLAH MENENGAH PERTAMA NEGERI 4 SATU ATAP UNTER IWES KECAMATAN UNTER IWES,50205472,SMP,Negeri,Kec. Unter Iwes,230420,Kab. Sumbawa,230400,Prov. Nusa Tenggara Barat,230000,15,0,25,3,3,1,1,26,26 Apr 2026 05:20:20,4B03F9DF686D7555BD24
SEKOLAH MENENGAH PERTAMA NEGERI 5 SATU ATAP UNTER IWES KECAMATAN UNTER IWES,50220293,SMP,Negeri,Kec. Unter Iwes,230420,Kab. Sumbawa,230400,Prov. Nusa Tenggara Barat,230000,14,1,28,3,4,1,1,1,27 Apr 2026 05:10:23,2EA779DC156C2D8568B0
SEKOLAH MENENGAH PERTAMA ISLAM TERPADU DARUS SUNNAH SUMBAWA,70040028,SMP,Swasta,Kec. Unter Iwes,230420,Kab. Sumbawa,230400,Prov. Nusa Tenggara Barat,230000,7,2,114,3,3,0,0,13,13 Mar 2026 15:04:35,A317EAC57413905558DB
SMKN 2 SUMBAWA BESAR,50203319,SMK,Negeri,Kec. Unter Iwes,230420,Kab. Sumbawa,230400,Prov. Nusa Tenggara Barat,230000,89,28,1316,45,28,2,1,48,14 Apr 2026 21:06:22,AD2E6591ADEEA937B75E
SMKN 3 SUMBAWA BESAR,50205316,SMK,Negeri,Kec. Unter Iwes,230420,Kab. Sumbawa,230400,Prov. Nusa Tenggara Barat,230000,58,20,514,25,22,3,1,98,30 Apr 2026 11:06:53,D7A7870A850EC15CF64A
SMKS GRIYA HUSADA SUMBAWA BESAR,69768250,SMK,Swasta,Kec. Unter Iwes,230420,Kab. Sumbawa,230400,Prov. Nusa Tenggara Barat,230000,6,1,0,0,0,0,0,0,,43E16267CDF6F54A906E
SEKOLAH DASAR NEGERI 1 GONTAR KECAMATAN ALAS BARAT,50203545,SD,Negeri,Kec. Alas Barat,230416,Kab. Sumbawa,230400,Prov. Nusa Tenggara Barat,230000,10,3,128,6,6,0,1,18,27 Apr 2026 12:57:11,DB932733985363FB7FF8
SEKOLAH DASAR NEGERI 1 LABUHAN MAPIN KECAMATAN ALAS BARAT,50203408,SD,Negeri,Kec. Alas Barat,230416,Kab. Sumbawa,230400,Prov. Nusa Tenggara Barat,230000,18,2,218,12,9,0,1,35,22 Apr 2026 07:51:17,4408C2BE5966DD1648C4
SEKOLAH DASAR NEGERI 1 MAPIN KEBAK KECAMATAN ALAS BARAT,50203549,SD,Negeri,Kec. Alas Barat,230416,Kab. Sumbawa,230400,Prov. Nusa Tenggara Barat,230000,17,3,173,9,8,0,1,29,27 Apr 2026 12:21:04,A85EF6BF21AD463962D1
SEKOLAH DASAR NEGERI 1 MAPIN REA KECAMATAN ALAS BARAT,50203550,SD,Negeri,Kec. Alas Barat,230416,Kab. Sumbawa,230400,Prov. Nusa Tenggara Barat,230000,18,2,217,11,9,0,1,33,02 May 2026 07:55:49,93FB66E715CDF50570EC
SEKOLAH DASAR NEGERI 2 GONTAR KECAMATAN ALAS BARAT,50203569,SD,Negeri,Kec. Alas Barat,230416,Kab. Sumbawa,230400,Prov. Nusa Tenggara Barat,230000,15,2,171,9,6,0,0,35,30 Apr 2026 18:33:45,AF6F06D0DBE7BEB2AD9D
SEKOLAH DASAR NEGERI 2 LABUHAN MAPIN KECAMATAN ALAS BARAT,50205239,SD,Negeri,Kec. Alas Barat,230416,Kab. Sumbawa,230400,Prov. Nusa Tenggara Barat,230000,15,4,172,8,7,1,1,19,27 Apr 2026 10:51:49,EC2BF7B17BF4E8628161
SEKOLAH DASAR NEGERI 2 MAPIN KEBAK KECAMATAN ALAS BARAT,50203428,SD,Negeri,Kec. Alas Barat,230416,Kab. Sumbawa,230400,Prov. Nusa Tenggara Barat,230000,9,10,137,7,9,0,1,39,14 Apr 2026 11:32:34,CC1E4E3C4CBF27A55673
SEKOLAH DASAR NEGERI 2 MAPIN REA KECAMATAN ALAS BARAT,50203429,SD,Negeri,Kec. Alas Barat,230416,Kab. Sumbawa,230400,Prov. Nusa Tenggara Barat,230000,8,7,109,6,6,0,1,14,27 Apr 2026 07:18:26,6B5A1CEECB435ECBD849
SEKOLAH DASAR NEGERI AI JATI KECAMATAN ALAS BARAT,50203510,SD,Negeri,Kec. Alas Barat,230416,Kab. Sumbawa,230400,Prov. Nusa Tenggara Barat,230000,10,6,59,6,7,0,1,15,13 Mar 2026 08:01:07,1226F86EC6575E2A840F
SEKOLAH DASAR NEGERI GELAMPAR KECAMATAN ALAS BARAT,50203535,SD,Negeri,Kec. Alas Barat,230416,Kab. Sumbawa,230400,Prov. Nusa Tenggara Barat,230000,13,2,180,8,8,0,1,14,20 Apr 2026 20:11:56,20E8D7B656F20C07845B
SEKOLAH DASAR NEGERI GONTAR BARU KECAMATAN ALAS BARAT,50203574,SD,Negeri,Kec. Alas Barat,230416,Kab. Sumbawa,230400,Prov. Nusa Tenggara Barat,230000,13,5,161,7,6,1,1,18,29 Apr 2026 10:21:50,326B92137892D0B4FB18
SEKOLAH DASAR NEGERI HIJRAH KECAMATAN ALAS BARAT,50205263,SD,Negeri,Kec. Alas Barat,230416,Kab. Sumbawa,230400,Prov. Nusa Tenggara Barat,230000,11,4,157,6,7,0,1,21,27 Apr 2026 09:13:14,0D14865228B92CEBB1BF
SEKOLAH DASAR NEGERI KOKARPIT KECAMATAN ALAS BARAT,50203386,SD,Negeri,Kec. Alas Barat,230416,Kab. Sumbawa,230400,Prov. Nusa Tenggara Barat,230000,13,3,110,6,6,0,1,23,11 Apr 2026 06:49:13,0ABEA4587164C7F33B4F
SEKOLAH DASAR NEGERI LEKONG KECAMATAN ALAS BARAT,50203257,SD,Negeri,Kec. Alas Barat,230416,Kab. Sumbawa,230400,Prov. Nusa Tenggara Barat,230000,18,5,177,11,9,0,1,19,24 Apr 2026 08:13:02,88BBA400279A84E0669D
SEKOLAH DASAR NEGERI MAPIN BERU KECAMATAN ALAS BARAT,50203267,SD,Negeri,Kec. Alas Barat,230416,Kab. Sumbawa,230400,Prov. Nusa Tenggara Barat,230000,13,5,131,7,7,0,1,14,14 Mar 2026 07:36:56,F3E4B5EE3D5565D06A51
SEKOLAH DASAR NEGERI SEMANGAT BARU KECAMATAN ALAS BARAT,50205464,SD,Negeri,Kec. Alas Barat,230416,Kab. Sumbawa,230400,Prov. Nusa Tenggara Barat,230000,11,2,58,6,6,0,1,17,02 Mar 2026 10:54:44,EBE4DC5C8B90CAA940ED
SEKOLAH DASAR NEGERI TAMSI KECAMATAN ALAS BARAT,69761828,SD,Negeri,Kec. Alas Barat,230416,Kab. Sumbawa,230400,Prov. Nusa Tenggara Barat,230000,13,2,88,6,6,0,1,14,03 Mar 2026 10:45:15,9BC6CF29524D3788805C
SD IT MUTIARA SUNNAH,70006332,SD,Swasta,Kec. Alas Barat,230416,Kab. Sumbawa,230400,Prov. Nusa Tenggara Barat,230000,13,1,109,6,6,0,0,16,24 Apr 2026 20:05:03,398E0E130C9E3F29BD71
SEKOLAH MENENGAH PERTAMA NEGERI 1 ALAS BARAT KECAMATAN ALAS BARAT,50203382,SMP,Negeri,Kec. Alas Barat,230416,Kab. Sumbawa,230400,Prov. Nusa Tenggara Barat,230000,36,7,442,15,19,2,1,31,29 Apr 2026 10:05:21,DFFF18EE58FB384095EF
SEKOLAH MENENGAH PERTAMA NEGERI 2 ALAS BARAT KECAMATAN ALAS BARAT,50205307,SMP,Negeri,Kec. Alas Barat,230416,Kab. Sumbawa,230400,Prov. Nusa Tenggara Barat,230000,21,7,241,9,11,1,1,64,21 Apr 2026 12:00:32,6A69B69A5F0E5D88B9EE
SEKOLAH MENENGAH PERTAMA NEGERI 3 ALAS BARAT KECAMATAN ALAS BARAT,69761829,SMP,Negeri,Kec. Alas Barat,230416,Kab. Sumbawa,230400,Prov. Nusa Tenggara Barat,230000,20,7,189,6,7,1,1,18,29 Apr 2026 08:01:32,63BD9725A5627D77A0C5
SMP Islam Terpadu Daarul Ajyaal Alas Barat,69932574,SMP,Swasta,Kec. Alas Barat,230416,Kab. Sumbawa,230400,Prov. Nusa Tenggara Barat,230000,9,2,79,4,5,1,1,28,14 Apr 2026 07:27:01,E6B08723932C14ABE5DD
SMP MUHAMMADIYAH MAPIN,50205303,SMP,Swasta,Kec. Alas Barat,230416,Kab. Sumbawa,230400,Prov. Nusa Tenggara Barat,230000,17,2,120,5,6,0,2,29,30 Apr 2026 08:03:34,C826F4912A1382A3F90D
SMAN 1 ALAS BARAT,50205317,SMA,Negeri,Kec. Alas Barat,230416,Kab. Sumbawa,230400,Prov. Nusa Tenggara Barat,230000,41,12,671,20,18,4,1,24,21 Apr 2026 10:10:42,CFE5FE40A7B7E6D3C932
SMK ROHMATAL LIL ALAMIN,69989804,SMK,Swasta,Kec. Alas Barat,230416,Kab. Sumbawa,230400,Prov. Nusa Tenggara Barat,230000,7,1,74,6,6,0,0,21,01 May 2026 07:40:00,FA9D88FFA819FC226D26
SEKOLAH DASAR NEGERI AIPAYA KECAMATAN TARANO,50203511,SD,Negeri,Kec. Tarano,230425,Kab. Sumbawa,230400,Prov. Nusa Tenggara Barat,230000,10,1,63,6,5,0,1,14,29 Apr 2026 08:03:55,C783EFB0449147F836B6
SEKOLAH DASAR NEGERI BANDA KECAMATAN TARANO,50205253,SD,Negeri,Kec. Tarano,230425,Kab. Sumbawa,230400,Prov. Nusa Tenggara Barat,230000,15,2,149,8,7,0,1,12,02 May 2026 08:41:48,65C7F57072385B8395F3
SEKOLAH DASAR NEGERI BANTULANTEH KECAMATAN TARANO,50205255,SD,Negeri,Kec. Tarano,230425,Kab. Sumbawa,230400,Prov. Nusa Tenggara Barat,230000,12,1,99,6,6,0,1,10,09 Apr 2026 18:20:45,72AAC02C2749F98DF12C
SEKOLAH DASAR NEGERI BONTO KECAMATAN TARANO,50203515,SD,Negeri,Kec. Tarano,230425,Kab. Sumbawa,230400,Prov. Nusa Tenggara Barat,230000,16,3,210,12,6,0,1,51,07 Apr 2026 10:51:17,C8CD89BEAF22B2BB2770
SEKOLAH DASAR NEGERI KERONGKENG KECAMATAN TARANO,50205270,SD,Negeri,Kec. Tarano,230425,Kab. Sumbawa,230400,Prov. Nusa Tenggara Barat,230000,12,3,55,6,6,0,0,14,07 Apr 2026 07:05:04,2788A7E5AA9FE8D0028A
SEKOLAH DASAR NEGERI KETAPANG KECAMATAN TARANO,50205271,SD,Negeri,Kec. Tarano,230425,Kab. Sumbawa,230400,Prov. Nusa Tenggara Barat,230000,10,3,31,6,3,0,1,18,04 Mar 2026 09:01:11,CCDE8F03D3ED009C8CDC
SEKOLAH DASAR NEGERI KUNIL KECAMATAN TARANO,50220346,SD,Negeri,Kec. Tarano,230425,Kab. Sumbawa,230400,Prov. Nusa Tenggara Barat,230000,11,4,29,6,6,0,0,21,24 Apr 2026 22:19:09,3EB1A62AA33AD49E3C56
SEKOLAH DASAR NEGERI LABUHAN AJI KECAMATAN TARANO,50203252,SD,Negeri,Kec. Tarano,230425,Kab. Sumbawa,230400,Prov. Nusa Tenggara Barat,230000,10,1,68,6,6,0,1,17,16 Apr 2026 10:05:51,3DEE75E1C3013CD4ED02
SEKOLAH DASAR NEGERI LABUHAN BONTONG KECAMATAN TARANO,50203253,SD,Negeri,Kec. Tarano,230425,Kab. Sumbawa,230400,Prov. Nusa Tenggara Barat,230000,13,1,141,7,7,1,1,26,03 Apr 2026 08:38:22,E0AD30B0A703F377AF87
SEKOLAH DASAR NEGERI LABUHAN JAMBU KECAMATAN TARANO,50205275,SD,Negeri,Kec. Tarano,230425,Kab. Sumbawa,230400,Prov. Nusa Tenggara Barat,230000,21,7,229,12,14,0,1,18,04 Apr 2026 07:41:54,0A4D3D9CFE0F1A70F93D
SEKOLAH DASAR NEGERI MACI KECAMATAN TARANO,50203269,SD,Negeri,Kec. Tarano,230425,Kab. Sumbawa,230400,Prov. Nusa Tenggara Barat,230000,10,3,47,6,4,0,0,27,02 May 2026 09:03:45,6213791CE67E2C1F3DA4
SEKOLAH DASAR NEGERI MALALO KECAMATAN TARANO,50205278,SD,Negeri,Kec. Tarano,230425,Kab. Sumbawa,230400,Prov. Nusa Tenggara Barat,230000,13,3,66,6,13,0,1,14,16 Apr 2026 12:42:51,4A47E8F2B2A407A77C2F
SEKOLAH DASAR NEGERI MATA KECAMATAN TARANO,50205282,SD,Negeri,Kec. Tarano,230425,Kab. Sumbawa,230400,Prov. Nusa Tenggara Barat,230000,12,5,171,9,8,0,1,15,20 Apr 2026 12:59:03,F4C6F18AB32ED1E84CD0
SEKOLAH DASAR NEGERI PANUBU KECAMATAN TARANO,50203200,SD,Negeri,Kec. Tarano,230425,Kab. Sumbawa,230400,Prov. Nusa Tenggara Barat,230000,10,2,31,6,3,0,1,25,03 Mar 2026 16:21:30,04A5D09660B7752B5444
SEKOLAH DASAR NEGERI PIDANG KECAMATAN TARANO,50205287,SD,Negeri,Kec. Tarano,230425,Kab. Sumbawa,230400,Prov. Nusa Tenggara Barat,230000,12,5,132,6,6,0,1,9,07 Apr 2026 22:19:01,00689F9EAE5C3BD5C251
SEKOLAH DASAR NEGERI SILI KECAMATAN TARANO,50203352,SD,Negeri,Kec. Tarano,230425,Kab. Sumbawa,230400,Prov. Nusa Tenggara Barat,230000,7,1,77,6,6,0,1,30,28 Apr 2026 09:16:00,61A9DE58BE8F8BF9B9CD
SEKOLAH DASAR NEGERI TOLO OI KECAMATAN TARANO,50205298,SD,Negeri,Kec. Tarano,230425,Kab. Sumbawa,230400,Prov. Nusa Tenggara Barat,230000,10,3,66,6,5,0,1,25,05 Mar 2026 06:21:12,074160E1763FFE85AF5E
SEKOLAH MENENGAH PERTAMA NEGERI 1 TARANO KECAMATAN TARANO,50203370,SMP,Negeri,Kec. Tarano,230425,Kab. Sumbawa,230400,Prov. Nusa Tenggara Barat,230000,23,5,271,10,12,2,1,37,16 Mar 2026 13:04:45,7FD8EEDEDD4B63CB4BA9
SEKOLAH MENENGAH PERTAMA NEGERI 2 TARANO KECAMATAN TARANO,50203301,SMP,Negeri,Kec. Tarano,230425,Kab. Sumbawa,230400,Prov. Nusa Tenggara Barat,230000,19,8,124,6,6,2,1,23,02 Apr 2026 23:03:40,8D8D8FF6674BF42745D8
SEKOLAH MENENGAH PERTAMA NEGERI 3 SATU ATAP TARANO KECAMATAN TARANO,50205312,SMP,Negeri,Kec. Tarano,230425,Kab. Sumbawa,230400,Prov. Nusa Tenggara Barat,230000,14,2,45,3,2,0,0,14,07 Apr 2026 19:04:08,62A6A7D2FB6077DEC0AC
SEKOLAH MENENGAH PERTAMA NEGERI 4 SATU ATAP TARANO KECAMATAN TARANO,50219564,SMP,Negeri,Kec. Tarano,230425,Kab. Sumbawa,230400,Prov. Nusa Tenggara Barat,230000,14,1,16,3,3,1,1,21,05 Mar 2026 23:23:19,C498A692BCAC88A6153A
SEKOLAH MENENGAH PERTAMA NEGERI 5 TARANO KECAMATAN TARANO,60724691,SMP,Negeri,Kec. Tarano,230425,Kab. Sumbawa,230400,Prov. Nusa Tenggara Barat,230000,16,5,107,5,6,2,1,12,21 Apr 2026 07:54:25,E74B4FF5DC61E6E460A2
SMKN 1 TARANO,50219954,SMK,Negeri,Kec. Tarano,230425,Kab. Sumbawa,230400,Prov. Nusa Tenggara Barat,230000,58,8,402,24,23,1,1,49,23 Apr 2026 12:48:02,E669D9C57FBBD2A14C3E
SEKOLAH DASAR NEGERI 1 BATUROTOK KECAMATAN BATULANTEH,50203403,SD,Negeri,Kec. Batulanteh,230407,Kab. Sumbawa,230400,Prov. Nusa Tenggara Barat,230000,8,3,94,6,6,0,1,7,19 Feb 2026 10:53:19,472ADE49A523F881BA14
SEKOLAH DASAR NEGERI 2 BATUROTOK KECAMATAN BATULANTEH,50203396,SD,Negeri,Kec. Batulanteh,230407,Kab. Sumbawa,230400,Prov. Nusa Tenggara Barat,230000,10,2,84,6,6,1,1,8,16 Apr 2026 20:19:20,EBCC5364409E8B8DA19C
SEKOLAH DASAR NEGERI 3 BATUROTOK KECAMATAN BATULANTEH,60724679,SD,Negeri,Kec. Batulanteh,230407,Kab. Sumbawa,230400,Prov. Nusa Tenggara Barat,230000,7,3,19,5,2,0,0,20,22 Apr 2026 15:47:18,96167560838D33B441FB
SEKOLAH DASAR NEGERI BAODESA KECAMATAN BATULANTEH,50203505,SD,Negeri,Kec. Batulanteh,230407,Kab. Sumbawa,230400,Prov. Nusa Tenggara Barat,230000,13,4,75,6,6,0,0,13,29 Apr 2026 04:56:25,6C356B93FDA807EE9C72
SEKOLAH DASAR NEGERI BATUBARA KECAMATAN BATULANTEH,50203495,SD,Negeri,Kec. Batulanteh,230407,Kab. Sumbawa,230400,Prov. Nusa Tenggara Barat,230000,9,1,21,5,3,0,0,15,29 Mar 2026 13:52:49,19AE213D755F81DB4E3D
SEKOLAH DASAR NEGERI BATUDULANG KECAMATAN BATULANTEH,50203496,SD,Negeri,Kec. Batulanteh,230407,Kab. Sumbawa,230400,Prov. Nusa Tenggara Barat,230000,9,5,53,6,5,0,1,40,02 Apr 2026 07:14:07,85CB5477D5F486ECF885
SEKOLAH DASAR NEGERI FAJAR BAKTI KECAMATAN BATULANTEH,50220340,SD,Negeri,Kec. Batulanteh,230407,Kab. Sumbawa,230400,Prov. Nusa Tenggara Barat,230000,6,1,13,4,2,0,0,7,04 Mar 2026 21:34:34,583E63043E3C4B723455
SEKOLAH DASAR NEGERI KADUK KECAMATAN BATULANTEH,50203527,SD,Negeri,Kec. Batulanteh,230407,Kab. Sumbawa,230400,Prov. Nusa Tenggara Barat,230000,6,6,85,6,6,0,1,4,20 Apr 2026 00:50:50,8D9B4F2C8BF48AD5C391
SEKOLAH DASAR NEGERI KELUNGKUNG KECAMATAN BATULANTEH,50203525,SD,Negeri,Kec. Batulanteh,230407,Kab. Sumbawa,230400,Prov. Nusa Tenggara Barat,230000,9,2,110,6,7,0,1,19,10 Apr 2026 22:30:54,9E608EBB3A25170DF906
SEKOLAH DASAR NEGERI LADAN KECAMATAN BATULANTEH,50203236,SD,Negeri,Kec. Batulanteh,230407,Kab. Sumbawa,230400,Prov. Nusa Tenggara Barat,230000,9,4,37,6,5,0,1,37,18 Apr 2026 09:42:49,F9B68BC041E088591A5E
SEKOLAH DASAR NEGERI MUSUK KECAMATAN BATULANTEH,50203264,SD,Negeri,Kec. Batulanteh,230407,Kab. Sumbawa,230400,Prov. Nusa Tenggara Barat,230000,9,6,34,6,6,0,1,17,29 Apr 2026 14:00:28,7578FDA3460169E41074
SEKOLAH DASAR NEGERI PUNIK KECAMATAN BATULANTEH,50203205,SD,Negeri,Kec. Batulanteh,230407,Kab. Sumbawa,230400,Prov. Nusa Tenggara Barat,230000,9,2,80,6,6,1,1,31,09 Apr 2026 10:58:31,689ECDB02EBE7F13F80A
SEKOLAH DASAR NEGERI PUSU KECAMATAN BATULANTEH,50203206,SD,Negeri,Kec. Batulanteh,230407,Kab. Sumbawa,230400,Prov. Nusa Tenggara Barat,230000,15,0,23,5,6,0,1,4,05 Apr 2026 21:25:35,E6FFB2779814CBC79B9B
SEKOLAH DASAR NEGERI RIU KECAMATAN BATULANTEH,50203225,SD,Negeri,Kec. Batulanteh,230407,Kab. Sumbawa,230400,Prov. Nusa Tenggara Barat,230000,10,1,25,4,4,0,1,18,11 Apr 2026 19:59:17,A2BEE0CD1C59C56517FB
SEKOLAH DASAR NEGERI SAMPANG BALU KECAMATAN BATULANTEH,60724681,SD,Negeri,Kec. Batulanteh,230407,Kab. Sumbawa,230400,Prov. Nusa Tenggara Barat,230000,5,1,11,4,2,0,0,7,03 Apr 2026 16:28:01,2B5F5FC9BCF39B7E5FFC
SEKOLAH DASAR NEGERI SAMPAR KUANG REA KECAMATAN BATULANTEH,50219972,SD,Negeri,Kec. Batulanteh,230407,Kab. Sumbawa,230400,Prov. Nusa Tenggara Barat,230000,5,2,25,6,2,0,0,4,31 Jan 2026 17:33:52,07D522E5EAD0B7E84D5F
SEKOLAH DASAR NEGERI SEMONGKAT KECAMATAN BATULANTEH,50203213,SD,Negeri,Kec. Batulanteh,230407,Kab. Sumbawa,230400,Prov. Nusa Tenggara Barat,230000,9,4,36,6,3,0,1,15,07 Apr 2026 13:44:47,909FCB8D0164413BB202
SEKOLAH DASAR NEGERI SEMONGKAT SAMPAR KECAMATAN BATULANTEH,50203214,SD,Negeri,Kec. Batulanteh,230407,Kab. Sumbawa,230400,Prov. Nusa Tenggara Barat,230000,9,2,25,5,4,0,0,21,22 Apr 2026 10:08:58,DB04376E6B3346CD583B
SEKOLAH DASAR NEGERI SUKAMAJU KECAMATAN BATULANTEH,50203357,SD,Negeri,Kec. Batulanteh,230407,Kab. Sumbawa,230400,Prov. Nusa Tenggara Barat,230000,8,3,25,6,3,0,0,6,09 Feb 2026 18:02:15,B4FCDA09E10BF562ECD6
SEKOLAH DASAR NEGERI TANGKAMPULIT KECAMATAN BATULANTEH,50203349,SD,Negeri,Kec. Batulanteh,230407,Kab. Sumbawa,230400,Prov. Nusa Tenggara Barat,230000,11,2,63,6,6,0,1,7,22 Apr 2026 15:11:29,8081A6E36301F8736479
SEKOLAH DASAR NEGERI TEPAL KECAMATAN BATULANTEH,50203361,SD,Negeri,Kec. Batulanteh,230407,Kab. Sumbawa,230400,Prov. Nusa Tenggara Barat,230000,13,4,119,6,6,1,1,26,21 Apr 2026 21:21:13,5A66A0D63A6929506E20
SEKOLAH MENENGAH PERTAMA NEGERI 1 BATULANTEH KECAMATAN BATULANTEH,50203383,SMP,Negeri,Kec. Batulanteh,230407,Kab. Sumbawa,230400,Prov. Nusa Tenggara Barat,230000,16,7,68,3,8,1,1,27,30 Apr 2026 18:27:05,125FB8B03E3B7E13D2F2
SEKOLAH MENENGAH PERTAMA NEGERI 2 BATULANTEH KECAMATAN BATULANTEH,50203327,SMP,Negeri,Kec. Batulanteh,230407,Kab. Sumbawa,230400,Prov. Nusa Tenggara Barat,230000,15,6,97,4,10,2,1,16,30 Mar 2026 13:10:03,3836363BDE70E7E3E0FF
SEKOLAH MENENGAH PERTAMA NEGERI 3 SATU ATAP BATULANTEH KECAMATAN BATULANTEH,50220471,SMP,Negeri,Kec. Batulanteh,230407,Kab. Sumbawa,230400,Prov. Nusa Tenggara Barat,230000,14,0,27,3,3,1,1,17,21 Apr 2026 11:24:16,07F96C41DE7084D36E88
SEKOLAH MENENGAH PERTAMA NEGERI 4 SATU ATAP BATULANTEH KECAMATAN BATULANTEH,50220472,SMP,Negeri,Kec. Batulanteh,230407,Kab. Sumbawa,230400,Prov. Nusa Tenggara Barat,230000,17,4,36,3,3,1,1,31,05 Mar 2026 01:09:04,78239E97C9E84F03F07D
SEKOLAH MENENGAH PERTAMA NEGERI 5 SATU ATAP BATULANTEH KECAMATAN BATULANTEH,50220473,SMP,Negeri,Kec. Batulanteh,230407,Kab. Sumbawa,230400,Prov. Nusa Tenggara Barat,230000,10,5,33,3,3,1,0,19,05 Apr 2026 01:28:21,9DB8D9838B601C370EC6
SEKOLAH MENENGAH PERTAMA NEGERI 6 SATU ATAP BATULANTEH,70050050,SMP,Negeri,Kec. Batulanteh,230407,Kab. Sumbawa,230400,Prov. Nusa Tenggara Barat,230000,16,2,19,2,2,0,0,22,23 Apr 2026 19:21:51,E7A5D13FBCB3E8D9955D
SMAS GARUDA BATUROTOK,69754069,SMA,Swasta,Kec. Batulanteh,230407,Kab. Sumbawa,230400,Prov. Nusa Tenggara Barat,230000,10,2,76,6,5,1,1,13,30 Apr 2026 08:39:18,802F020256AE967DEA74
SMAS SYEKH ZAINUDDIN,50219662,SMA,Swasta,Kec. Batulanteh,230407,Kab. Sumbawa,230400,Prov. Nusa Tenggara Barat,230000,6,1,24,3,3,0,1,23,29 Apr 2026 13:20:43,F8309EC233E5606E840F
SEKOLAH DASAR NEGERI 1 HIJRAH KECAMATAN LAPE,50203537,SD,Negeri,Kec. Lape,230430,Kab. Sumbawa,230400,Prov. Nusa Tenggara Barat,230000,8,4,130,6,6,0,1,30,16 Feb 2026 15:43:49,A6932D1C851C60D5D891
SEKOLAH DASAR NEGERI 1 LAPE KECAMATAN LAPE,50203399,SD,Negeri,Kec. Lape,230430,Kab. Sumbawa,230400,Prov. Nusa Tenggara Barat,230000,18,3,272,12,12,0,1,16,13 Apr 2026 08:12:04,46C94A6CC773033E2A9E
SEKOLAH DASAR NEGERI 2 HIJRAH KECAMATAN LAPE,50203538,SD,Negeri,Kec. Lape,230430,Kab. Sumbawa,230400,Prov. Nusa Tenggara Barat,230000,12,1,132,6,6,0,1,15,22 Apr 2026 08:50:51,A713AF092C2C44A55E04
SEKOLAH DASAR NEGERI 2 LAPE KECAMATAN LAPE,50205240,SD,Negeri,Kec. Lape,230430,Kab. Sumbawa,230400,Prov. Nusa Tenggara Barat,230000,8,2,150,7,7,0,1,14,07 Apr 2026 09:07:58,AD914E7D5B9E52C9016B
SEKOLAH DASAR NEGERI 3 LAPE KECAMATAN LAPE,50203554,SD,Negeri,Kec. Lape,230430,Kab. Sumbawa,230400,Prov. Nusa Tenggara Barat,230000,18,8,344,14,13,0,1,15,26 Apr 2026 15:40:39,611EB754154E7058D63C
SEKOLAH DASAR NEGERI 4 LAPE KECAMATAN LAPE,50205247,SD,Negeri,Kec. Lape,230430,Kab. Sumbawa,230400,Prov. Nusa Tenggara Barat,230000,10,3,183,8,7,0,1,27,16 Apr 2026 11:10:32,D35EB2707FA07F8C6C4F
SEKOLAH DASAR NEGERI AIMUAL KECAMATAN LAPE,50203394,SD,Negeri,Kec. Lape,230430,Kab. Sumbawa,230400,Prov. Nusa Tenggara Barat,230000,9,1,83,6,6,0,1,21,15 Apr 2026 23:04:58,84AB975CCAB109822174
SEKOLAH DASAR NEGERI KURIS KECAMATAN LAPE,50203249,SD,Negeri,Kec. Lape,230430,Kab. Sumbawa,230400,Prov. Nusa Tenggara Barat,230000,9,2,71,6,6,0,1,12,03 Apr 2026 18:32:14,BE9D2B9E1412939BF46C
SEKOLAH DASAR NEGERI LABUHAN KURIS KECAMATAN LAPE,50205229,SD,Negeri,Kec. Lape,230430,Kab. Sumbawa,230400,Prov. Nusa Tenggara Barat,230000,11,2,80,6,5,0,1,19,11 Apr 2026 16:18:33,A95D618CF93364BB7E9E
SEKOLAH DASAR NEGERI LABUHAN TERATA KECAMATAN LAPE,50203235,SD,Negeri,Kec. Lape,230430,Kab. Sumbawa,230400,Prov. Nusa Tenggara Barat,230000,9,3,93,6,6,0,1,12,15 Apr 2026 07:38:06,D058B8802B628D5CBDFA
SEKOLAH DASAR NEGERI NGALI KECAMATAN LAPE,50203265,SD,Negeri,Kec. Lape,230430,Kab. Sumbawa,230400,Prov. Nusa Tenggara Barat,230000,10,3,59,6,6,0,1,5,07 Mar 2026 20:38:28,B75C325ABC01969AFB2E
SEKOLAH DASAR NEGERI PANEBIS KECAMATAN LAPE,50203424,SD,Negeri,Kec. Lape,230430,Kab. Sumbawa,230400,Prov. Nusa Tenggara Barat,230000,8,1,67,6,4,0,0,9,03 Mar 2026 09:28:02,31A4807174D3F2BE2824
SEKOLAH DASAR NEGERI TANJUNG BILA KECAMATAN LAPE,50203402,SD,Negeri,Kec. Lape,230430,Kab. Sumbawa,230400,Prov. Nusa Tenggara Barat,230000,8,1,13,6,3,0,1,13,08 Apr 2026 08:35:45,3F7D4F3CFD764C3B6D43
SEKOLAH DASAR NEGERI UNTER MALANG KECAMATAN LAPE,50203376,SD,Negeri,Kec. Lape,230430,Kab. Sumbawa,230400,Prov. Nusa Tenggara Barat,230000,8,5,139,6,6,0,1,8,04 Apr 2026 09:27:00,552B196B6CB28A436F39
SEKOLAH MENENGAH PERTAMA NEGERI 1 LAPE KECAMATAN LAPE,50203373,SMP,Negeri,Kec. Lape,230430,Kab. Sumbawa,230400,Prov. Nusa Tenggara Barat,230000,37,9,534,17,18,2,1,26,04 Apr 2026 13:14:00,669BAF8E619F73AEB71F
SEKOLAH MENENGAH PERTAMA NEGERI 2 LAPE KECAMATAN LAPE,50203288,SMP,Negeri,Kec. Lape,230430,Kab. Sumbawa,230400,Prov. Nusa Tenggara Barat,230000,18,6,201,8,8,1,1,17,21 Apr 2026 11:49:27,CDE4E6F9AE489FF221A0
SEKOLAH MENENGAH PERTAMA NEGERI 3 SATU ATAP LAPE KECAMATAN LAPE,50205476,SMP,Negeri,Kec. Lape,230430,Kab. Sumbawa,230400,Prov. Nusa Tenggara Barat,230000,12,2,60,3,3,1,1,32,07 Apr 2026 08:34:45,35B957E5841BDA95B7AC
SMAN 1 LAPE,50203306,SMA,Negeri,Kec. Lape,230430,Kab. Sumbawa,230400,Prov. Nusa Tenggara Barat,230000,50,15,903,26,27,4,1,48,27 Apr 2026 19:00:39,AB8E7B10ED59FB8E88AB
SEKOLAH DASAR NEGERI 1 PENYARING KECAMATAN MOYO UTARA,50205235,SD,Negeri,Kec. Moyo Utara,230423,Kab. Sumbawa,230400,Prov. Nusa Tenggara Barat,230000,12,1,160,7,7,0,1,14,10 Apr 2026 07:07:35,2305DA496C288A3650C2
SEKOLAH DASAR NEGERI 2 PENYARING KECAMATAN MOYO UTARA,50205244,SD,Negeri,Kec. Moyo Utara,230423,Kab. Sumbawa,230400,Prov. Nusa Tenggara Barat,230000,11,3,110,6,6,0,2,19,21 Apr 2026 19:10:33,B1E07589AE4A386EA11E
SEKOLAH DASAR NEGERI AI BARI KECAMATAN MOYO UTARA,50205250,SD,Negeri,Kec. Moyo Utara,230423,Kab. Sumbawa,230400,Prov. Nusa Tenggara Barat,230000,9,1,54,6,6,0,1,12,03 Mar 2026 18:46:52,64C55F74E2E1CCB88510
SEKOLAH DASAR NEGERI AI LIMUNG KECAMATAN MOYO UTARA,50205252,SD,Negeri,Kec. Moyo Utara,230423,Kab. Sumbawa,230400,Prov. Nusa Tenggara Barat,230000,11,0,54,6,6,0,0,16,16 Apr 2026 07:26:32,3E3DD9F6CE7976D23425
SEKOLAH DASAR NEGERI BARU KECAMATAN MOYO UTARA,50205256,SD,Negeri,Kec. Moyo Utara,230423,Kab. Sumbawa,230400,Prov. Nusa Tenggara Barat,230000,11,3,101,7,5,0,1,15,06 Apr 2026 07:07:36,C5EDDA613F865DAC9EA0
SEKOLAH DASAR NEGERI KUKEN KECAMATAN MOYO UTARA,50205273,SD,Negeri,Kec. Moyo Utara,230423,Kab. Sumbawa,230400,Prov. Nusa Tenggara Barat,230000,12,5,110,6,6,0,1,37,20 Apr 2026 13:59:55,6C265C3D8CBDEE66D8E6
SEKOLAH DASAR NEGERI OMO KECAMATAN MOYO UTARA,50205283,SD,Negeri,Kec. Moyo Utara,230423,Kab. Sumbawa,230400,Prov. Nusa Tenggara Barat,230000,12,2,65,6,5,0,1,11,14 Apr 2026 16:52:15,78D7FDB8D1DD299D66C3
SEKOLAH DASAR NEGERI PUNGKIT KECAMATAN MOYO UTARA,50205289,SD,Negeri,Kec. Moyo Utara,230423,Kab. Sumbawa,230400,Prov. Nusa Tenggara Barat,230000,9,4,88,6,5,0,1,16,16 Apr 2026 10:14:55,B01867042AF4C1A31CF0
SEKOLAH DASAR NEGERI SEBEWE KECAMATAN MOYO UTARA,50203218,SD,Negeri,Kec. Moyo Utara,230423,Kab. Sumbawa,230400,Prov. Nusa Tenggara Barat,230000,11,3,97,6,6,0,1,24,24 Feb 2026 07:15:52,A88403B1D0F715B0FF61
SEKOLAH DASAR NEGERI SENAMPAR KECAMATAN MOYO UTARA,50205291,SD,Negeri,Kec. Moyo Utara,230423,Kab. Sumbawa,230400,Prov. Nusa Tenggara Barat,230000,10,1,76,6,6,0,1,6,05 Apr 2026 22:16:34,24F33B35675930C318DE
SEKOLAH DASAR NEGERI SONGKAR KECAMATAN MOYO UTARA,50203353,SD,Negeri,Kec. Moyo Utara,230423,Kab. Sumbawa,230400,Prov. Nusa Tenggara Barat,230000,11,3,121,6,7,0,1,29,24 Apr 2026 10:03:18,EAA99FD358958890FC23
SEKOLAH DASAR NEGERI TAHAN KECAMATAN MOYO UTARA,50220342,SD,Negeri,Kec. Moyo Utara,230423,Kab. Sumbawa,230400,Prov. Nusa Tenggara Barat,230000,9,3,61,6,5,0,0,12,06 Apr 2026 08:10:29,1D3D83862B72FF8C94B1
SEKOLAH MENENGAH PERTAMA NEGERI 1 MOYO UTARA KECAMATAN MOYO UTARA,50203366,SMP,Negeri,Kec. Moyo Utara,230423,Kab. Sumbawa,230400,Prov. Nusa Tenggara Barat,230000,35,5,350,12,13,1,1,31,22 Apr 2026 11:58:11,281B2F583BFABC50D6F8
SEKOLAH MENENGAH PERTAMA NEGERI 2 SATU ATAP MOYO UTARA KECAMATAN MOYO UTARA,50219562,SMP,Negeri,Kec. Moyo Utara,230423,Kab. Sumbawa,230400,Prov. Nusa Tenggara Barat,230000,12,2,20,3,3,1,1,24,03 Apr 2026 08:11:42,8E6F3D5F1C7490F8215F
SMAN 1 MOYO UTARA,50205318,SMA,Negeri,Kec. Moyo Utara,230423,Kab. Sumbawa,230400,Prov. Nusa Tenggara Barat,230000,26,13,302,9,15,4,1,21,22 Apr 2026 10:19:16,C1FFEC8599E48FE7E203
SEKOLAH DASAR NEGERI 1 JURUMAPIN KECAMATAN BUER,50203546,SD,Negeri,Kec. Buer,230422,Kab. Sumbawa,230400,Prov. Nusa Tenggara Barat,230000,10,3,152,6,5,0,1,13,16 Apr 2026 11:26:51,F6503686753700828560
SEKOLAH DASAR NEGERI 1 TARUSA KECAMATAN BUER,50203584,SD,Negeri,Kec. Buer,230422,Kab. Sumbawa,230400,Prov. Nusa Tenggara Barat,230000,11,2,142,6,8,0,1,28,11 Apr 2026 08:21:54,7D825090B3FBC5EF8D6A
SEKOLAH DASAR NEGERI 2 JURUMAPIN KECAMATAN BUER,50203570,SD,Negeri,Kec. Buer,230422,Kab. Sumbawa,230400,Prov. Nusa Tenggara Barat,230000,8,4,113,6,6,0,1,19,08 Apr 2026 06:41:14,ECB6FA4BB2531768FEC2
SEKOLAH DASAR NEGERI 2 TARUSA KECAMATAN BUER,50203573,SD,Negeri,Kec. Buer,230422,Kab. Sumbawa,230400,Prov. Nusa Tenggara Barat,230000,8,2,154,6,6,0,1,13,11 Apr 2026 08:57:22,7D88EFF769B1DC0C6FC9
SEKOLAH DASAR NEGERI BELEKONG KECAMATAN BUER,69761827,SD,Negeri,Kec. Buer,230422,Kab. Sumbawa,230400,Prov. Nusa Tenggara Barat,230000,9,1,93,6,5,0,0,11,29 Apr 2026 10:07:05,E945192EA64A7E7E3AB5
SEKOLAH DASAR NEGERI BRANG LOKA KECAMATAN BUER,50205260,SD,Negeri,Kec. Buer,230422,Kab. Sumbawa,230400,Prov. Nusa Tenggara Barat,230000,8,4,149,6,6,1,1,19,20 Apr 2026 17:03:38,6CC12928E2D885A9FE1F
SEKOLAH DASAR NEGERI KALABESO KECAMATAN BUER,50203519,SD,Negeri,Kec. Buer,230422,Kab. Sumbawa,230400,Prov. Nusa Tenggara Barat,230000,7,2,133,6,5,0,1,15,27 Apr 2026 19:19:38,F7F26E71A254AE556A0F
SEKOLAH DASAR NEGERI KERAMAT KECAMATAN BUER,70050053,SD,Negeri,Kec. Buer,230422,Kab. Sumbawa,230400,Prov. Nusa Tenggara Barat,230000,5,1,66,6,6,0,0,21,28 Apr 2026 11:00:41,3811E1C5F73E2A18D57C
SEKOLAH DASAR NEGERI LABUHAN BURUNG KECAMATAN BUER,50203245,SD,Negeri,Kec. Buer,230422,Kab. Sumbawa,230400,Prov. Nusa Tenggara Barat,230000,9,2,118,6,6,0,1,12,02 May 2026 09:06:31,C9AF5A7085494D7C45E3
SEKOLAH DASAR NEGERI PERNANG KECAMATAN BUER,50203193,SD,Negeri,Kec. Buer,230422,Kab. Sumbawa,230400,Prov. Nusa Tenggara Barat,230000,17,2,320,12,11,0,1,23,11 Apr 2026 22:39:00,0D52B998067437EB7AF1
SEKOLAH DASAR NEGERI PULAU KAUNG KECAMATAN BUER,50205288,SD,Negeri,Kec. Buer,230422,Kab. Sumbawa,230400,Prov. Nusa Tenggara Barat,230000,9,1,189,9,7,0,2,18,08 Apr 2026 11:09:56,CC8AE326A5ABACD9D335
SEKOLAH MENENGAH PERTAMA NEGERI 1 BUER KECAMATAN BUER,50203384,SMP,Negeri,Kec. Buer,230422,Kab. Sumbawa,230400,Prov. Nusa Tenggara Barat,230000,25,10,305,11,13,3,1,38,20 Apr 2026 10:50:42,AD78CEDF4F921520E43C
SEKOLAH MENENGAH PERTAMA NEGERI 2 BUER KECAMATAN BUER,50203280,SMP,Negeri,Kec. Buer,230422,Kab. Sumbawa,230400,Prov. Nusa Tenggara Barat,230000,20,5,181,7,9,2,1,55,17 Apr 2026 08:32:05,F117E83EDDDF2CCB37D8
SMKN 1 BUER,50219953,SMK,Negeri,Kec. Buer,230422,Kab. Sumbawa,230400,Prov. Nusa Tenggara Barat,230000,61,15,739,29,17,4,1,12,01 May 2026 09:45:24,532EA8AE08E64B42D28C
SEKOLAH DASAR NEGERI 1 LENANGGUAR KECAMATAN LENANGGUAR,50203548,SD,Negeri,Kec. Lenangguar,230427,Kab. Sumbawa,230400,Prov. Nusa Tenggara Barat,230000,9,3,98,6,6,0,1,20,25 Apr 2026 09:49:52,4BCB452AD039A4A869BA
SEKOLAH DASAR NEGERI 2 LENANGGUAR KECAMATAN LENANGGUAR,50203427,SD,Negeri,Kec. Lenangguar,230427,Kab. Sumbawa,230400,Prov. Nusa Tenggara Barat,230000,9,1,112,6,6,0,1,26,01 May 2026 06:09:13,DACCC72CA90291C409BD
SEKOLAH DASAR NEGERI GUNUNG SETIA KECAMATAN LENANGGUAR,50203536,SD,Negeri,Kec. Lenangguar,230427,Kab. Sumbawa,230400,Prov. Nusa Tenggara Barat,230000,7,1,46,6,5,0,0,13,03 Mar 2026 09:21:39,A699F848AD72952A2032
SEKOLAH DASAR NEGERI KUANG JERINGO KECAMATAN LENANGGUAR,50203248,SD,Negeri,Kec. Lenangguar,230427,Kab. Sumbawa,230400,Prov. Nusa Tenggara Barat,230000,9,4,29,5,3,0,0,26,12 Mar 2026 06:13:16,EE1F6304B08386E103BE
SEKOLAH DASAR NEGERI LAMURUNG KECAMATAN LENANGGUAR,50203238,SD,Negeri,Kec. Lenangguar,230427,Kab. Sumbawa,230400,Prov. Nusa Tenggara Barat,230000,9,3,48,6,6,0,1,13,11 Apr 2026 16:38:12,1FABB5EE86CFA6235FC9
SEKOLAH DASAR NEGERI LEDANG KECAMATAN LENANGGUAR,50203256,SD,Negeri,Kec. Lenangguar,230427,Kab. Sumbawa,230400,Prov. Nusa Tenggara Barat,230000,8,2,166,6,6,0,1,14,04 Mar 2026 09:25:57,B6252E9EFD7E5BB837E0
SEKOLAH DASAR NEGERI PEMANGONG KECAMATAN LENANGGUAR,50203204,SD,Negeri,Kec. Lenangguar,230427,Kab. Sumbawa,230400,Prov. Nusa Tenggara Barat,230000,9,2,77,6,6,1,1,23,23 Apr 2026 07:21:41,DB3E704CD44F97BBAFAC
SEKOLAH DASAR NEGERI RATE KECAMATAN LENANGGUAR,50203221,SD,Negeri,Kec. Lenangguar,230427,Kab. Sumbawa,230400,Prov. Nusa Tenggara Barat,230000,8,4,106,6,6,0,1,13,07 Apr 2026 05:21:13,0E4C0BE635075CBACF94
SEKOLAH DASAR NEGERI TATEBAL KECAMATAN LENANGGUAR,50203341,SD,Negeri,Kec. Lenangguar,230427,Kab. Sumbawa,230400,Prov. Nusa Tenggara Barat,230000,8,0,53,6,6,0,1,13,03 Apr 2026 06:34:36,B7433E180958464E9184
SEKOLAH DASAR NEGERI TELADAN ROPANG KECAMATAN LENANGGUAR,50203344,SD,Negeri,Kec. Lenangguar,230427,Kab. Sumbawa,230400,Prov. Nusa Tenggara Barat,230000,8,1,82,6,6,1,1,23,14 Apr 2026 09:57:54,D38B86AAA0DFF8CC53DD
SEKOLAH MENENGAH PERTAMA NEGERI 1 LENANGGUAR KECAMATAN LENANGGUAR,50203368,SMP,Negeri,Kec. Lenangguar,230427,Kab. Sumbawa,230400,Prov. Nusa Tenggara Barat,230000,14,5,166,6,6,2,1,10,06 Apr 2026 13:10:10,0A8D291AA4E3FF95DF83
SEKOLAH MENENGAH PERTAMA NEGERI 2 SATU ATAP LENANGGUAR KECAMATAN LENANGGUAR,50205471,SMP,Negeri,Kec. Lenangguar,230427,Kab. Sumbawa,230400,Prov. Nusa Tenggara Barat,230000,10,0,102,3,3,1,1,11,25 Apr 2026 08:59:21,76D86EEC2C2E45B399D3
SEKOLAH MENENGAH PERTAMA NEGERI 3 SATU ATAP LENANGGUAR KECAMATAN LENANGGUAR,50220613,SMP,Negeri,Kec. Lenangguar,230427,Kab. Sumbawa,230400,Prov. Nusa Tenggara Barat,230000,11,1,42,3,2,0,0,39,03 Mar 2026 23:29:10,E86E5D4AAD907E20D678
SEKOLAH MENENGAH PERTAMA NEGERI 4 SATU ATAP LENANGGUAR KECAMATAN LENANGGUAR,60724693,SMP,Negeri,Kec. Lenangguar,230427,Kab. Sumbawa,230400,Prov. Nusa Tenggara Barat,230000,10,1,48,3,3,1,1,26,21 Apr 2026 08:30:22,DC6CB57E5A4A07D5B7CA
SMP INTERNASIONAL DEA MALELA,69947866,SMP,Swasta,Kec. Lenangguar,230427,Kab. Sumbawa,230400,Prov. Nusa Tenggara Barat,230000,11,7,144,6,12,2,3,9,14 Mar 2026 13:48:16,43303A7CED2E4D25C34B
SMA DEA MALELA,69980919,SMA,Swasta,Kec. Lenangguar,230427,Kab. Sumbawa,230400,Prov. Nusa Tenggara Barat,230000,11,1,119,6,10,4,1,16,30 Apr 2026 11:20:35,E89A5345626DDBDC629F
SMKN 1 LENANGGUAR,50219548,SMK,Negeri,Kec. Lenangguar,230427,Kab. Sumbawa,230400,Prov. Nusa Tenggara Barat,230000,23,7,205,12,11,2,1,18,30 Apr 2026 11:31:01,CF5E2E209F1489535B7A
SEKOLAH DASAR NEGERI 1 SEBEOK KECAMATAN ORONG TELU,50203219,SD,Negeri,Kec. Orong Telu,230428,Kab. Sumbawa,230400,Prov. Nusa Tenggara Barat,230000,9,2,106,6,9,0,1,7,05 Mar 2026 19:06:53,D72ACE83351A0A099AB5
SEKOLAH DASAR NEGERI 1 SENAWANG KECAMATAN ORONG TELU,50203583,SD,Negeri,Kec. Orong Telu,230428,Kab. Sumbawa,230400,Prov. Nusa Tenggara Barat,230000,8,0,38,6,5,0,0,6,30 Jan 2026 19:55:28,32213F13639508115670
SEKOLAH DASAR NEGERI 2 SEBEOK KECAMATAN ORONG TELU,50219975,SD,Negeri,Kec. Orong Telu,230428,Kab. Sumbawa,230400,Prov. Nusa Tenggara Barat,230000,8,2,71,6,5,0,0,19,29 Apr 2026 21:42:48,44789151CFED02B0290B
SEKOLAH DASAR NEGERI 2 SENAWANG KECAMATAN ORONG TELU,50203418,SD,Negeri,Kec. Orong Telu,230428,Kab. Sumbawa,230400,Prov. Nusa Tenggara Barat,230000,8,2,31,6,6,0,0,12,05 Mar 2026 19:42:13,D214E98B4DF432C4DFA8
SEKOLAH DASAR NEGERI HARAPAN JAYA KECAMATAN ORONG TELU,50205262,SD,Negeri,Kec. Orong Telu,230428,Kab. Sumbawa,230400,Prov. Nusa Tenggara Barat,230000,7,0,36,6,6,0,1,8,03 Apr 2026 07:57:35,E620E785E378C34A6841
SEKOLAH DASAR NEGERI KARYA BARU KECAMATAN ORONG TELU,50203187,SD,Negeri,Kec. Orong Telu,230428,Kab. Sumbawa,230400,Prov. Nusa Tenggara Barat,230000,5,3,15,6,5,0,1,6,16 Apr 2026 02:42:18,58EA1A91CEAF7358A83B
SEKOLAH DASAR NEGERI KELAWIS KECAMATAN ORONG TELU,50205269,SD,Negeri,Kec. Orong Telu,230428,Kab. Sumbawa,230400,Prov. Nusa Tenggara Barat,230000,7,1,37,6,7,0,0,11,05 Mar 2026 18:50:53,DB2931B55447DB6D70AE
SEKOLAH DASAR NEGERI KOPO KECAMATAN ORONG TELU,50203232,SD,Negeri,Kec. Orong Telu,230428,Kab. Sumbawa,230400,Prov. Nusa Tenggara Barat,230000,10,3,42,6,6,0,1,10,05 Mar 2026 12:25:57,A0D875A4B7EA8DD09DD1
SEKOLAH DASAR NEGERI MUNGKIN KECAMATAN ORONG TELU,50203263,SD,Negeri,Kec. Orong Telu,230428,Kab. Sumbawa,230400,Prov. Nusa Tenggara Barat,230000,10,2,47,6,6,0,0,32,24 Apr 2026 09:30:09,BF8DFA5C2A4F37417058
SEKOLAH DASAR NEGERI PELITAMASA KECAMATAN ORONG TELU,50220349,SD,Negeri,Kec. Orong Telu,230428,Kab. Sumbawa,230400,Prov. Nusa Tenggara Barat,230000,13,1,27,6,5,0,1,23,22 Apr 2026 09:54:58,70CAFFE2AB2753071BC7
SEKOLAH DASAR NEGERI TANGKELAK KECAMATAN ORONG TELU,50203329,SD,Negeri,Kec. Orong Telu,230428,Kab. Sumbawa,230400,Prov. Nusa Tenggara Barat,230000,5,2,21,4,4,0,0,6,04 Mar 2026 02:23:29,14EA6EF6076C97D23441
SEKOLAH MENENGAH PERTAMA NEGERI 1 ORONG TELU KECAMATAN ORONG TELU,50220430,SMP,Negeri,Kec. Orong Telu,230428,Kab. Sumbawa,230400,Prov. Nusa Tenggara Barat,230000,16,3,80,3,8,2,1,17,17 Apr 2026 09:07:34,A163E6DADCB56DA8D697
SEKOLAH MENENGAH PERTAMA NEGERI 2 SATU ATAP ORONG TELU KECAMATAN ORONG TELU,50203296,SMP,Negeri,Kec. Orong Telu,230428,Kab. Sumbawa,230400,Prov. Nusa Tenggara Barat,230000,15,3,36,3,3,0,1,28,16 Mar 2026 12:06:15,80FE563E4A36B2FCE4AB
SEKOLAH MENENGAH PERTAMA NEGERI 3 SATU ATAP ORONG TELU KECAMATAN ORONG TELU,60724697,SMP,Negeri,Kec. Orong Telu,230428,Kab. Sumbawa,230400,Prov. Nusa Tenggara Barat,230000,16,1,20,2,3,0,1,13,11 Mar 2026 15:23:21,49F8DBC327A7716E0F8E
SMAN 1 ORONG TELU,50219566,SMA,Negeri,Kec. Orong Telu,230428,Kab. Sumbawa,230400,Prov. Nusa Tenggara Barat,230000,13,7,93,4,6,3,1,20,13 Apr 2026 20:45:32,B29E2A41647EFC09A3E6
SEKOLAH DASAR NEGERI 1 MARONGE KECAMATAN MARONGE,50205232,SD,Negeri,Kec. Maronge,230424,Kab. Sumbawa,230400,Prov. Nusa Tenggara Barat,230000,11,2,166,8,7,1,1,28,10 Apr 2026 09:40:16,9D97B2541AEDC76824B2
SEKOLAH DASAR NEGERI 2 MARONGE KECAMATAN MARONGE,50205242,SD,Negeri,Kec. Maronge,230424,Kab. Sumbawa,230400,Prov. Nusa Tenggara Barat,230000,17,5,288,12,11,0,1,21,18 Apr 2026 09:29:29,3F33C4998F6D78AA4792
SEKOLAH DASAR NEGERI GILI TAPAN KECAMATAN MARONGE,50205261,SD,Negeri,Kec. Maronge,230424,Kab. Sumbawa,230400,Prov. Nusa Tenggara Barat,230000,6,2,39,6,3,1,1,8,04 Mar 2026 21:49:27,A7BCF38FC565490824CB
SEKOLAH DASAR NEGERI LABUHAN SANGORO KECAMATAN MARONGE,50205276,SD,Negeri,Kec. Maronge,230424,Kab. Sumbawa,230400,Prov. Nusa Tenggara Barat,230000,9,2,185,7,9,0,1,23,23 Apr 2026 07:28:06,BE1865273E82A4D173EF
SEKOLAH DASAR NEGERI PEMASAR KECAMATAN MARONGE,50205286,SD,Negeri,Kec. Maronge,230424,Kab. Sumbawa,230400,Prov. Nusa Tenggara Barat,230000,13,4,223,11,10,0,1,21,25 Apr 2026 10:02:55,F95275C28B11DD20E29D
SEKOLAH DASAR NEGERI SIMU KECAMATAN MARONGE,50205293,SD,Negeri,Kec. Maronge,230424,Kab. Sumbawa,230400,Prov. Nusa Tenggara Barat,230000,20,3,260,12,8,0,1,22,27 Apr 2026 12:36:01,07D26D2E8C4A52164C12
SEKOLAH MENENGAH PERTAMA NEGERI 1 MARONGE KECAMATAN MARONGE,50205305,SMP,Negeri,Kec. Maronge,230424,Kab. Sumbawa,230400,Prov. Nusa Tenggara Barat,230000,24,5,246,9,12,2,1,28,28 Apr 2026 07:03:01,6B11DC9F9516E29394BC
SEKOLAH MENENGAH PERTAMA NEGERI 2 MARONGE KECAMATAN MARONGE,50205467,SMP,Negeri,Kec. Maronge,230424,Kab. Sumbawa,230400,Prov. Nusa Tenggara Barat,230000,18,8,189,6,7,1,1,22,11 Mar 2026 11:14:39,ADF3027B293B5C424786
SEKOLAH MENENGAH PERTAMA NEGERI 3 SATU ATAP MARONGE KECAMATAN MARONGE,60724690,SMP,Negeri,Kec. Maronge,230424,Kab. Sumbawa,230400,Prov. Nusa Tenggara Barat,230000,15,0,63,3,3,0,0,22,08 Apr 2026 08:07:38,41971F9BB1AF6EDFA4F8
SEKOLAH MENENGAH PERTAMA MUHAMMADIYAH BOARDING SCHOOL MARONGE KECAMATAN MARONGE,69883633,SMP,Swasta,Kec. Maronge,230424,Kab. Sumbawa,230400,Prov. Nusa Tenggara Barat,230000,9,1,18,3,3,1,1,19,24 Apr 2026 08:07:46,BF055107C10EA1C220CD
SMAN 1 MARONGE,50220420,SMA,Negeri,Kec. Maronge,230424,Kab. Sumbawa,230400,Prov. Nusa Tenggara Barat,230000,19,10,246,9,12,4,1,78,01 May 2026 21:07:33,2A6769923344C742E79A
SEKOLAH DASAR NEGERI JAYA MAKMUR KECAMATAN LABANGKA,50205265,SD,Negeri,Kec. Labangka,230419,Kab. Sumbawa,230400,Prov. Nusa Tenggara Barat,230000,18,2,336,12,16,1,1,16,29 Apr 2026 07:20:02,4D9006C8209216BF3BA2
SEKOLAH DASAR NEGERI LABANGKA KECAMATAN LABANGKA,50205228,SD,Negeri,Kec. Labangka,230419,Kab. Sumbawa,230400,Prov. Nusa Tenggara Barat,230000,17,2,271,12,8,0,1,27,30 Apr 2026 09:54:37,E85246C98A6D0C848CDF
SEKOLAH DASAR NEGERI SEKOKAT KECAMATAN LABANGKA,50203217,SD,Negeri,Kec. Labangka,230419,Kab. Sumbawa,230400,Prov. Nusa Tenggara Barat,230000,15,2,295,12,10,0,1,10,13 Apr 2026 06:30:14,98FA2D8FFC2316CD9857
SEKOLAH DASAR NEGERI SUKA DAMAI KECAMATAN LABANGKA,50205296,SD,Negeri,Kec. Labangka,230419,Kab. Sumbawa,230400,Prov. Nusa Tenggara Barat,230000,16,1,360,12,10,0,1,17,02 May 2026 09:15:01,0C0E2BB76ED583B1D6E2
SEKOLAH DASAR NEGERI SUKAMULYA KECAMATAN LABANGKA,50203359,SD,Negeri,Kec. Labangka,230419,Kab. Sumbawa,230400,Prov. Nusa Tenggara Barat,230000,15,2,250,12,7,0,1,9,23 Apr 2026 08:29:54,1A62E5C69F34B0E178D0
SEKOLAH MENENGAH PERTAMA NEGERI 1 LABANGKA KECAMATAN LABANGKA,50205304,SMP,Negeri,Kec. Labangka,230419,Kab. Sumbawa,230400,Prov. Nusa Tenggara Barat,230000,23,4,263,10,10,1,1,20,05 Apr 2026 19:14:50,6AF7F6176F0DF2B4C204
SEKOLAH MENENGAH PERTAMA ISLAM YAMAULA KECAMATAN LABANGKA,70030555,SMP,Swasta,Kec. Labangka,230419,Kab. Sumbawa,230400,Prov. Nusa Tenggara Barat,230000,10,3,122,6,6,0,0,11,29 Apr 2026 19:35:25,C0825635BC55F0E32818
SMAN 1 LABANGKA,50205478,SMA,Negeri,Kec. Labangka,230419,Kab. Sumbawa,230400,Prov. Nusa Tenggara Barat,230000,0,0,0,0,0,0,0,0,,A7F0A2CC7C5B2C5ED7AC
SMK NEGERI 1 LABANGKA,70003743,SMK,Negeri,Kec. Labangka,230419,Kab. Sumbawa,230400,Prov. Nusa Tenggara Barat,230000,39,7,261,13,15,3,1,37,09 Apr 2026 12:32:28,E8F2D3C4A2BBE8DE0681
SEKOLAH DASAR NEGERI LUK KARYA KECAMATAN RHEE,50203276,SD,Negeri,Kec. Rhee,230421,Kab. Sumbawa,230400,Prov. Nusa Tenggara Barat,230000,8,3,149,6,6,0,1,15,06 Mar 2026 15:45:34,4322ED37ECF3C43407AC
SEKOLAH DASAR NEGERI LUK KECAMATAN RHEE,50203275,SD,Negeri,Kec. Rhee,230421,Kab. Sumbawa,230400,Prov. Nusa Tenggara Barat,230000,10,1,77,6,6,0,1,11,16 Apr 2026 16:46:14,E9F3B7570C4A4EB465B1
SEKOLAH DASAR NEGERI MENO KECAMATAN RHEE,50203260,SD,Negeri,Kec. Rhee,230421,Kab. Sumbawa,230400,Prov. Nusa Tenggara Barat,230000,10,2,98,6,6,0,1,35,22 Apr 2026 12:28:17,106E647E341EF1EE7C5C
SEKOLAH DASAR NEGERI POTO PEDU KECAMATAN RHEE,60724683,SD,Negeri,Kec. Rhee,230421,Kab. Sumbawa,230400,Prov. Nusa Tenggara Barat,230000,9,2,111,7,5,0,0,7,03 Mar 2026 11:39:00,FE08944FA7AF5FE9CEEC
SEKOLAH DASAR NEGERI RHEE BERU KECAMATAN RHEE,50203223,SD,Negeri,Kec. Rhee,230421,Kab. Sumbawa,230400,Prov. Nusa Tenggara Barat,230000,19,3,322,13,13,0,1,26,11 Mar 2026 07:58:45,7155CECDD38ABE1D5765
SEKOLAH DASAR NEGERI RHEE LOKA KECAMATAN RHEE,50203224,SD,Negeri,Kec. Rhee,230421,Kab. Sumbawa,230400,Prov. Nusa Tenggara Barat,230000,18,3,259,12,12,0,1,15,23 Apr 2026 08:19:04,329933968CF4A5359F3D
SEKOLAH DASAR NEGERI SESENG KECAMATAN RHEE,50203328,SD,Negeri,Kec. Rhee,230421,Kab. Sumbawa,230400,Prov. Nusa Tenggara Barat,230000,9,1,63,6,4,0,0,13,12 Mar 2026 11:10:52,53AD3EA54A3A5C057524
SEKOLAH MENENGAH PERTAMA NEGERI 1 RHEE KECAMATAN RHEE,50203303,SMP,Negeri,Kec. Rhee,230421,Kab. Sumbawa,230400,Prov. Nusa Tenggara Barat,230000,23,6,265,10,12,3,1,64,30 Apr 2026 11:50:37,8DE43874EBB521D8E170
SEKOLAH MENENGAH PERTAMA NEGERI 2 SATU ATAP RHEE KECAMATAN RHEE,50220470,SMP,Negeri,Kec. Rhee,230421,Kab. Sumbawa,230400,Prov. Nusa Tenggara Barat,230000,10,1,65,3,4,1,1,12,06 Apr 2026 15:07:32,CF729FC1D326C4B643E1
SMAN 1 RHEE,69768249,SMA,Negeri,Kec. Rhee,230421,Kab. Sumbawa,230400,Prov. Nusa Tenggara Barat,230000,22,7,223,8,10,3,1,27,23 Apr 2026 10:56:49,E3CC388B8044DB81B754
SEKOLAH DASAR NEGERI 1 ROPANG KECAMATAN ROPANG,50203580,SD,Negeri,Kec. Ropang,230411,Kab. Sumbawa,230400,Prov. Nusa Tenggara Barat,230000,9,2,61,6,6,0,0,8,07 Apr 2026 11:21:46,AB0157DB4F49A8B53707
SEKOLAH DASAR NEGERI 2 ROPANG KECAMATAN ROPANG,50203413,SD,Negeri,Kec. Ropang,230411,Kab. Sumbawa,230400,Prov. Nusa Tenggara Barat,230000,10,1,73,6,7,0,1,17,29 Apr 2026 08:10:38,2257253BA0995FD555C1
SEKOLAH DASAR NEGERI LAWIN KECAMATAN ROPANG,50203241,SD,Negeri,Kec. Ropang,230411,Kab. Sumbawa,230400,Prov. Nusa Tenggara Barat,230000,7,2,108,6,7,0,1,12,04 Apr 2026 10:48:21,D12446B9B64A43B0B0BB
SEKOLAH DASAR NEGERI LEBANGKAR KECAMATAN ROPANG,50203242,SD,Negeri,Kec. Ropang,230411,Kab. Sumbawa,230400,Prov. Nusa Tenggara Barat,230000,9,2,132,6,6,0,1,5,30 Mar 2026 13:02:27,6D9F5F62E2D9AF49D107
SEKOLAH DASAR NEGERI LEBIN KECAMATAN ROPANG,50203255,SD,Negeri,Kec. Ropang,230411,Kab. Sumbawa,230400,Prov. Nusa Tenggara Barat,230000,8,1,54,6,5,0,0,15,31 Mar 2026 08:07:48,C7454A100A813EDBF043
SEKOLAH DASAR NEGERI RANAN KECAMATAN ROPANG,50203220,SD,Negeri,Kec. Ropang,230411,Kab. Sumbawa,230400,Prov. Nusa Tenggara Barat,230000,8,2,52,6,6,0,1,17,02 Apr 2026 07:24:21,3726A350778708CDEC5A
SEKOLAH DASAR NEGERI SELAGE KECAMATAN ROPANG,50203210,SD,Negeri,Kec. Ropang,230411,Kab. Sumbawa,230400,Prov. Nusa Tenggara Barat,230000,6,2,9,4,2,0,0,37,07 Mar 2026 22:21:30,DEA540BFE3268609424A
SEKOLAH MENENGAH PERTAMA NEGERI 1 ROPANG KECAMATAN ROPANG,50203285,SMP,Negeri,Kec. Ropang,230411,Kab. Sumbawa,230400,Prov. Nusa Tenggara Barat,230000,13,3,117,5,6,2,2,25,07 Mar 2026 08:47:32,F1E7374891934A07C88D
SEKOLAH MENENGAH PERTAMA NEGERI 2 SATU ATAP ROPANG KECAMATAN ROPANG,60724694,SMP,Negeri,Kec. Ropang,230411,Kab. Sumbawa,230400,Prov. Nusa Tenggara Barat,230000,9,1,39,3,3,0,0,17,02 Apr 2026 13:55:07,D70E25BB26AC833AAA9B
SEKOLAH MENENGAH PERTAMA NEGERI 3 ROPANG KECAMATAN ROPANG,69761831,SMP,Negeri,Kec. Ropang,230411,Kab. Sumbawa,230400,Prov. Nusa Tenggara Barat,230000,10,2,48,3,3,0,1,14,05 Mar 2026 08:43:41,3447E754712BA409E3F3
SMAN 1 ROPANG,69851857,SMA,Negeri,Kec. Ropang,230411,Kab. Sumbawa,230400,Prov. Nusa Tenggara Barat,230000,10,4,23,3,5,1,1,47,13 Apr 2026 18:43:12,9ED3B64D0C333BFAFF97
SEKOLAH DASAR NEGERI LANTUNG AIMUAL KECAMATAN LANTUNG,50203239,SD,Negeri,Kec. Lantung,230431,Kab. Sumbawa,230400,Prov. Nusa Tenggara Barat,230000,9,2,136,7,9,0,1,14,18 Apr 2026 09:42:52,0A4C7030C0FEE43D3CBC
SEKOLAH DASAR NEGERI LANTUNG PADESA KECAMATAN LANTUNG,50203547,SD,Negeri,Kec. Lantung,230431,Kab. Sumbawa,230400,Prov. Nusa Tenggara Barat,230000,6,1,42,6,3,0,0,14,26 Mar 2026 19:53:46,A5DE2C6C9A00B30B5492
SEKOLAH DASAR NEGERI LANTUNG SEPUKUR KECAMATAN LANTUNG,50203240,SD,Negeri,Kec. Lantung,230431,Kab. Sumbawa,230400,Prov. Nusa Tenggara Barat,230000,11,1,157,8,8,0,1,20,26 Mar 2026 19:35:20,92806DDF5C3C9508F318
SEKOLAH MENENGAH PERTAMA NEGERI 1 LANTUNG KECAMATAN LANTUNG,50203299,SMP,Negeri,Kec. Lantung,230431,Kab. Sumbawa,230400,Prov. Nusa Tenggara Barat,230000,14,4,111,6,7,0,1,12,07 Mar 2026 22:06:51,6B51DE85F2162962D5DA
SD NEGERI 01 DOMPU,50203743,SD,Negeri,Kec. Dompu,230502,Kab. Dompu,230500,Prov. Nusa Tenggara Barat,230000,46,4,752,25,17,1,1,75,25 Apr 2026 16:40:15,A9F7655B4E6354E4981F
SD NEGERI 02 DOMPU,50203771,SD,Negeri,Kec. Dompu,230502,Kab. Dompu,230500,Prov. Nusa Tenggara Barat,230000,56,7,589,22,23,1,1,21,24 Apr 2026 08:51:17,FEA25032D0A5C5139996
SD NEGERI 03 DOMPU,50203763,SD,Negeri,Kec. Dompu,230502,Kab. Dompu,230500,Prov. Nusa Tenggara Barat,230000,34,5,283,13,10,0,1,18,29 Apr 2026 08:51:57,10F3F8C8128AA5255238
SD NEGERI 04 DOMPU,50203738,SD,Negeri,Kec. Dompu,230502,Kab. Dompu,230500,Prov. Nusa Tenggara Barat,230000,16,1,156,10,7,0,1,52,17 Apr 2026 08:18:01,A915EECDF715A0C246F6
SD NEGERI 05 DOMPU,50203861,SD,Negeri,Kec. Dompu,230502,Kab. Dompu,230500,Prov. Nusa Tenggara Barat,230000,15,3,58,6,6,0,1,45,10 Apr 2026 06:06:35,CCB7CC81FF282D7F752D
SD NEGERI 06 DOMPU,50203853,SD,Negeri,Kec. Dompu,230502,Kab. Dompu,230500,Prov. Nusa Tenggara Barat,230000,20,6,136,6,6,0,1,64,29 Apr 2026 08:56:54,19679A297206C960CC07
SD NEGERI 07 DOMPU,50203880,SD,Negeri,Kec. Dompu,230502,Kab. Dompu,230500,Prov. Nusa Tenggara Barat,230000,30,4,200,11,11,0,1,12,13 Apr 2026 21:06:44,1CE86EAB956BBDC45C21
SD NEGERI 08 DOMPU,50203874,SD,Negeri,Kec. Dompu,230502,Kab. Dompu,230500,Prov. Nusa Tenggara Barat,230000,14,1,28,6,6,0,1,6,26 Apr 2026 07:57:43,EE72EAEDD773DF17E735
SD NEGERI 09 DOMPU,50203829,SD,Negeri,Kec. Dompu,230502,Kab. Dompu,230500,Prov. Nusa Tenggara Barat,230000,20,2,85,6,7,0,1,23,14 Apr 2026 09:07:36,ACB9DB1258706466E12F
SD NEGERI 10 DOMPU,50203823,SD,Negeri,Kec. Dompu,230502,Kab. Dompu,230500,Prov. Nusa Tenggara Barat,230000,25,5,159,8,8,0,1,14,28 Apr 2026 09:23:01,2642D8C95CA749E1BE67
SD NEGERI 11 DOMPU,50203815,SD,Negeri,Kec. Dompu,230502,Kab. Dompu,230500,Prov. Nusa Tenggara Barat,230000,25,6,152,7,6,0,1,23,25 Apr 2026 08:45:57,3861A90E98A35B830A48
SD NEGERI 12 DOMPU,50203843,SD,Negeri,Kec. Dompu,230502,Kab. Dompu,230500,Prov. Nusa Tenggara Barat,230000,28,2,76,6,6,0,1,11,23 Feb 2026 09:55:42,8BD13E2B3225BF5494F2
SD NEGERI 14 DOMPU,50203641,SD,Negeri,Kec. Dompu,230502,Kab. Dompu,230500,Prov. Nusa Tenggara Barat,230000,28,4,229,12,10,1,1,37,17 Apr 2026 08:18:34,43CE6ADA1172B030DFDD
SD NEGERI 15 DOMPU,50203634,SD,Negeri,Kec. Dompu,230502,Kab. Dompu,230500,Prov. Nusa Tenggara Barat,230000,13,1,45,6,7,0,1,21,06 Apr 2026 09:58:51,40C7712EF7735A1DCA00
SD NEGERI 16 DOMPU,50203628,SD,Negeri,Kec. Dompu,230502,Kab. Dompu,230500,Prov. Nusa Tenggara Barat,230000,30,2,159,8,8,0,0,38,27 Apr 2026 12:10:55,3AD7563A2E77369772CE
SD NEGERI 17 DOMPU,50203658,SD,Negeri,Kec. Dompu,230502,Kab. Dompu,230500,Prov. Nusa Tenggara Barat,230000,19,4,103,6,6,0,1,44,23 Apr 2026 08:00:43,EC397D3F0578F6DFDD29
SD NEGERI 19 DOMPU,50203648,SD,Negeri,Kec. Dompu,230502,Kab. Dompu,230500,Prov. Nusa Tenggara Barat,230000,47,2,119,7,7,0,1,45,08 Apr 2026 16:43:21,DF66E16C05D7B1499888
SD NEGERI 20 DOMPU,50203606,SD,Negeri,Kec. Dompu,230502,Kab. Dompu,230500,Prov. Nusa Tenggara Barat,230000,34,2,383,17,10,0,0,24,25 Apr 2026 09:44:44,4B0EAFC20FAC04EB3CAF
SD NEGERI 21 DOMPU,50203601,SD,Negeri,Kec. Dompu,230502,Kab. Dompu,230500,Prov. Nusa Tenggara Barat,230000,25,2,155,8,8,0,1,38,14 Apr 2026 14:16:48,074C3D1CC4AC60E67ED4
SD NEGERI 22 DOMPU,50203590,SD,Negeri,Kec. Dompu,230502,Kab. Dompu,230500,Prov. Nusa Tenggara Barat,230000,19,5,108,6,6,0,1,18,29 Apr 2026 16:23:17,AF11287FA5D3E05DEFBD
SD NEGERI 23 DOMPU,50203594,SD,Negeri,Kec. Dompu,230502,Kab. Dompu,230500,Prov. Nusa Tenggara Barat,230000,18,4,31,6,6,0,1,18,10 Apr 2026 22:32:13,64C76CA9928DB4DCBABC
SD NEGERI 24 DOMPU,50203608,SD,Negeri,Kec. Dompu,230502,Kab. Dompu,230500,Prov. Nusa Tenggara Barat,230000,21,3,52,6,6,0,1,31,30 Apr 2026 09:32:53,11311F71FA07AC16F733
SD NEGERI 25 DOMPU,50203621,SD,Negeri,Kec. Dompu,230502,Kab. Dompu,230500,Prov. Nusa Tenggara Barat,230000,31,3,146,9,6,0,1,30,30 Apr 2026 20:27:38,12030EA882C12BF07971
SD NEGERI 26 DOMPU,50203617,SD,Negeri,Kec. Dompu,230502,Kab. Dompu,230500,Prov. Nusa Tenggara Barat,230000,76,3,232,11,12,0,1,48,23 Apr 2026 10:43:45,DEFCD0884E2B68933CBA
SD NEGERI 27 DOMPU,50203613,SD,Negeri,Kec. Dompu,230502,Kab. Dompu,230500,Prov. Nusa Tenggara Barat,230000,30,4,144,7,7,0,1,20,06 Apr 2026 03:39:10,BF102B57DF7AC8D5DEA8
SD NEGERI 28 DOMPU,50203609,SD,Negeri,Kec. Dompu,230502,Kab. Dompu,230500,Prov. Nusa Tenggara Barat,230000,22,4,146,7,9,0,1,18,23 Apr 2026 07:34:51,83AE2FCECAEDE65A688E
SD NEGERI 29 DOMPU,50203717,SD,Negeri,Kec. Dompu,230502,Kab. Dompu,230500,Prov. Nusa Tenggara Barat,230000,65,4,294,12,13,0,1,34,17 Apr 2026 07:54:29,0816972BFC9BF3B3B67B
SD NEGERI 30 DOMPU,50203714,SD,Negeri,Kec. Dompu,230502,Kab. Dompu,230500,Prov. Nusa Tenggara Barat,230000,35,6,129,6,6,0,1,85,30 Apr 2026 08:38:31,DDD6816B6D9A21EF7B03
SD NEGERI 31 DOMPU,50203710,SD,Negeri,Kec. Dompu,230502,Kab. Dompu,230500,Prov. Nusa Tenggara Barat,230000,43,2,191,9,10,0,1,59,24 Apr 2026 07:26:32,D2830E8A3C52B2E876C9
SD NEGERI 32 DOMPU,50203706,SD,Negeri,Kec. Dompu,230502,Kab. Dompu,230500,Prov. Nusa Tenggara Barat,230000,25,3,47,6,6,0,1,49,01 May 2026 20:44:11,8C454A0F7F961F28E022
SD NEGERI 33 DOMPU,50203703,SD,Negeri,Kec. Dompu,230502,Kab. Dompu,230500,Prov. Nusa Tenggara Barat,230000,15,3,26,6,6,0,0,30,07 Apr 2026 07:08:20,6734A7ECE719F2F00B35
SD NEGERI 34 DOMPU,50203718,SD,Negeri,Kec. Dompu,230502,Kab. Dompu,230500,Prov. Nusa Tenggara Barat,230000,22,8,22,6,6,0,1,27,15 Mar 2026 15:44:58,53BB7C5C342898D952B4
SD NEGERI 35 DOMPU,50220407,SD,Negeri,Kec. Dompu,230502,Kab. Dompu,230500,Prov. Nusa Tenggara Barat,230000,27,3,74,6,3,1,1,50,29 Apr 2026 09:36:52,C82A95F993A3C77E3D1C
SD ALAM QURANIYAMANI,70031174,SD,Swasta,Kec. Dompu,230502,Kab. Dompu,230500,Prov. Nusa Tenggara Barat,230000,11,0,50,6,5,0,0,14,28 Apr 2026 18:58:44,6880A82E9F695528D53A
SD IT AL HILMI,69766966,SD,Swasta,Kec. Dompu,230502,Kab. Dompu,230500,Prov. Nusa Tenggara Barat,230000,56,8,502,23,22,1,1,42,02 May 2026 08:10:16,FE335056E7767048150B
SD IT ALIFAH DOMPU,70051369,SD,Swasta,Kec. Dompu,230502,Kab. Dompu,230500,Prov. Nusa Tenggara Barat,230000,9,1,53,10,12,0,0,62,30 Mar 2026 13:46:07,AB56872BC111FB953BE0
SD IT DARUS SUNNAH DOMPU,69980066,SD,Swasta,Kec. Dompu,230502,Kab. Dompu,230500,Prov. Nusa Tenggara Barat,230000,6,1,57,6,2,0,0,29,01 May 2026 06:00:41,A9B02F90D57753496259
SD IT IMAM BUKHARI,69883624,SD,Swasta,Kec. Dompu,230502,Kab. Dompu,230500,Prov. Nusa Tenggara Barat,230000,78,7,851,32,33,0,0,67,02 May 2026 07:00:32,989C80DF7DBF6D8DD308
SD TQ AL GHONIYYU,70032575,SD,Swasta,Kec. Dompu,230502,Kab. Dompu,230500,Prov. Nusa Tenggara Barat,230000,8,1,43,6,1,0,0,65,01 May 2026 20:31:18,FF50CEDF846D3E6F60B1
SDIT SAHABAT AL-QURAN,70046891,SD,Swasta,Kec. Dompu,230502,Kab. Dompu,230500,Prov. Nusa Tenggara Barat,230000,7,3,67,3,4,0,0,21,06 Mar 2026 21:57:27,4CD27415D9A44B7F7E22
SMP NEGERI 1 DOMPU,50203721,SMP,Negeri,Kec. Dompu,230502,Kab. Dompu,230500,Prov. Nusa Tenggara Barat,230000,126,25,1122,33,37,2,1,74,17 Apr 2026 05:17:32,F7A28BB7C5FC34D8DD7E
SMP NEGERI 2 DOMPU,50203676,SMP,Negeri,Kec. Dompu,230502,Kab. Dompu,230500,Prov. Nusa Tenggara Barat,230000,95,19,441,15,16,3,1,90,28 Apr 2026 08:26:00,9FC047F9A4533CFCE095
SMP NEGERI 3 DOMPU,50203670,SMP,Negeri,Kec. Dompu,230502,Kab. Dompu,230500,Prov. Nusa Tenggara Barat,230000,72,17,252,9,11,2,1,33,28 Apr 2026 10:01:25,677B8A1BFB82B7CDCA0D
SMP NEGERI 4 DOMPU,50203665,SMP,Negeri,Kec. Dompu,230502,Kab. Dompu,230500,Prov. Nusa Tenggara Barat,230000,76,25,289,11,24,1,1,67,25 Apr 2026 09:53:41,7B92076AF88F7A3929B6
SMP NEGERI 5 DOMPU,50219528,SMP,Negeri,Kec. Dompu,230502,Kab. Dompu,230500,Prov. Nusa Tenggara Barat,230000,109,40,117,6,9,1,1,65,28 Apr 2026 08:59:09,DBAFBD8048B2C5C44A58
SMP NEGERI 6 DOMPU,50219537,SMP,Negeri,Kec. Dompu,230502,Kab. Dompu,230500,Prov. Nusa Tenggara Barat,230000,44,8,156,6,10,2,1,61,27 Apr 2026 14:52:13,F0AF3FD15A844FF8F27F
SMP NEGERI 7 ISLAM TERPADU DOMPU,50219538,SMP,Negeri,Kec. Dompu,230502,Kab. Dompu,230500,Prov. Nusa Tenggara Barat,230000,32,9,136,6,11,1,1,44,24 Apr 2026 09:31:31,041E13E0B284DC856864
SMP NEGERI 8 SATU ATAP DOMPU,50220365,SMP,Negeri,Kec. Dompu,230502,Kab. Dompu,230500,Prov. Nusa Tenggara Barat,230000,29,4,57,3,4,1,1,34,02 May 2026 09:38:22,41FC0EB0DDD416363F11
SMP NEGERI 9 SATU ATAP DOMPU,50220366,SMP,Negeri,Kec. Dompu,230502,Kab. Dompu,230500,Prov. Nusa Tenggara Barat,230000,18,6,16,3,3,1,1,33,30 Apr 2026 08:46:58,7AFDB50364449E5FD119
"SMP ISLAM TERPADU O,O DOMPU",50220367,SMP,Swasta,Kec. Dompu,230502,Kab. Dompu,230500,Prov. Nusa Tenggara Barat,230000,17,6,105,5,9,1,1,75,27 Apr 2026 12:57:06,619CDAE9AFF43195040B
SMP IT AL-HILMI DOMPU,69969531,SMP,Swasta,Kec. Dompu,230502,Kab. Dompu,230500,Prov. Nusa Tenggara Barat,230000,17,2,113,4,7,1,1,64,27 Apr 2026 10:50:26,4E0081A1812945DCEA21
SMP IT ALIFAH DOMPU,70051368,SMP,Swasta,Kec. Dompu,230502,Kab. Dompu,230500,Prov. Nusa Tenggara Barat,230000,10,0,21,3,3,0,0,70,02 May 2026 08:48:43,B228810C1EA39EB0C8EE
SMP IT DARUS SUNNAH DOMPU,69969489,SMP,Swasta,Kec. Dompu,230502,Kab. Dompu,230500,Prov. Nusa Tenggara Barat,230000,8,1,58,3,2,1,0,40,24 Apr 2026 07:38:24,E2FCD142F62E196C2EC3
SMP IT IMAM AHMAD,70039101,SMP,Swasta,Kec. Dompu,230502,Kab. Dompu,230500,Prov. Nusa Tenggara Barat,230000,9,1,22,3,3,1,1,23,23 Apr 2026 10:33:29,764387D425AC9A4E450C
SMP IT IMAM BUKHARI DOMPU,69969409,SMP,Swasta,Kec. Dompu,230502,Kab. Dompu,230500,Prov. Nusa Tenggara Barat,230000,41,10,547,18,26,1,0,96,29 Apr 2026 07:23:43,EE0A38251459E1011996
SMP IT LOA DOMPU,69971047,SMP,Swasta,Kec. Dompu,230502,Kab. Dompu,230500,Prov. Nusa Tenggara Barat,230000,13,2,35,3,3,1,1,30,14 Apr 2026 09:19:26,5B9A8C40390A12A1BEBD
SMP IT TAJUL KAROMAH,70049190,SMP,Swasta,Kec. Dompu,230502,Kab. Dompu,230500,Prov. Nusa Tenggara Barat,230000,4,2,28,3,3,3,1,43,28 Apr 2026 17:47:05,C4A44EA73F2DFE01641F
SMP TRI DHARMA KOSGORO DOMPU,69862401,SMP,Swasta,Kec. Dompu,230502,Kab. Dompu,230500,Prov. Nusa Tenggara Barat,230000,9,1,18,3,3,2,1,17,13 Apr 2026 21:41:58,001E2089C9F92A08B25B
SMAN 1 DOMPU,50203691,SMA,Negeri,Kec. Dompu,230502,Kab. Dompu,230500,Prov. Nusa Tenggara Barat,230000,88,21,1230,33,33,5,2,34,30 Apr 2026 10:20:36,5A85C502544EDF4A8304
SMAN 2 DOMPU,50203684,SMA,Negeri,Kec. Dompu,230502,Kab. Dompu,230500,Prov. Nusa Tenggara Barat,230000,71,13,726,22,24,4,1,42,02 May 2026 11:40:38,964472C452BCE7AF9508
SMAN 3 DOMPU,60730374,SMA,Negeri,Kec. Dompu,230502,Kab. Dompu,230500,Prov. Nusa Tenggara Barat,230000,47,13,405,13,13,3,1,49,25 Apr 2026 21:50:50,27A39A29E8F9E57D37FF
SMA IT ADDAKWAH,69901106,SMA,Swasta,Kec. Dompu,230502,Kab. Dompu,230500,Prov. Nusa Tenggara Barat,230000,11,2,83,4,3,1,1,43,18 Apr 2026 09:06:47,D65A9ED1321180703592
SMA IT TAJUL KAROMAH,70056784,SMA,Swasta,Kec. Dompu,230502,Kab. Dompu,230500,Prov. Nusa Tenggara Barat,230000,0,1,6,1,1,1,1,12,17 Apr 2026 15:49:01,DE0D187A74A786AF417D
SMAIT IMAM BUKHARI DOMPU,70030616,SMA,Swasta,Kec. Dompu,230502,Kab. Dompu,230500,Prov. Nusa Tenggara Barat,230000,13,1,187,6,12,1,1,24,29 Apr 2026 18:25:15,80732940537CC4155723
SMAS AR-RAHIM,69861071,SMA,Swasta,Kec. Dompu,230502,Kab. Dompu,230500,Prov. Nusa Tenggara Barat,230000,9,1,102,4,5,1,1,36,22 Apr 2026 04:52:17,EBF22F249B988CCD7DFC
SMAS IT UTSMAN BIN AFFAN,50220372,SMA,Swasta,Kec. Dompu,230502,Kab. Dompu,230500,Prov. Nusa Tenggara Barat,230000,7,1,77,3,3,1,0,8,03 Mar 2026 05:37:37,7C65F3D728AE1E3A6F19
SMAS NURUL FADILLAH,50220373,SMA,Swasta,Kec. Dompu,230502,Kab. Dompu,230500,Prov. Nusa Tenggara Barat,230000,5,3,20,3,3,1,1,23,29 Apr 2026 20:25:39,5EFDCDC050CC1B051F0E
SMAS PGRI DOMPU,50203695,SMA,Swasta,Kec. Dompu,230502,Kab. Dompu,230500,Prov. Nusa Tenggara Barat,230000,1,0,0,0,0,0,0,0,,C8DE4DE38C35074B792F
SMAS TRI DHARMA KOSGORO DOMPU,50203693,SMA,Swasta,Kec. Dompu,230502,Kab. Dompu,230500,Prov. Nusa Tenggara Barat,230000,11,0,100,4,6,3,1,26,09 Apr 2026 08:04:59,A2531F516E9285103C2C
SMKN 1 DOMPU,50203683,SMK,Negeri,Kec. Dompu,230502,Kab. Dompu,230500,Prov. Nusa Tenggara Barat,230000,90,22,1253,39,31,0,1,53,29 Apr 2026 13:05:13,F526F4B9EA5B1FC16FBD
SMKN 2 DOMPU,50219959,SMK,Negeri,Kec. Dompu,230502,Kab. Dompu,230500,Prov. Nusa Tenggara Barat,230000,52,13,397,21,8,1,1,50,23 Apr 2026 22:49:27,3E2439513EF5A120F80A
SMK AL MUCHSIN,69883575,SMK,Swasta,Kec. Dompu,230502,Kab. Dompu,230500,Prov. Nusa Tenggara Barat,230000,5,3,54,3,2,1,1,14,29 Apr 2026 20:03:33,633D1F8E732269D7B2C4
SMK AL MUTHMAINNAH,69883592,SMK,Swasta,Kec. Dompu,230502,Kab. Dompu,230500,Prov. Nusa Tenggara Barat,230000,4,3,0,0,0,0,0,0,,8B171F3098651DA8CDE2
SMK ISLAM TERPADU DARUS SUNNAH DOMPU,70015630,SMK,Swasta,Kec. Dompu,230502,Kab. Dompu,230500,Prov. Nusa Tenggara Barat,230000,3,0,54,3,1,0,0,26,16 Apr 2026 12:39:10,95999E1C71930BC3D04C
SMK KREATIF DOMPU,70027841,SMK,Swasta,Kec. Dompu,230502,Kab. Dompu,230500,Prov. Nusa Tenggara Barat,230000,15,2,63,4,4,0,1,40,30 Apr 2026 08:42:38,562BF165226BDA8F973C
SMKS Islam Terpadu,69788553,SMK,Swasta,Kec. Dompu,230502,Kab. Dompu,230500,Prov. Nusa Tenggara Barat,230000,7,3,67,4,5,1,1,29,19 Apr 2026 16:05:06,A8C78279AAB0270216BB
SMKS KESEHATAN SALMAN,50219547,SMK,Swasta,Kec. Dompu,230502,Kab. Dompu,230500,Prov. Nusa Tenggara Barat,230000,3,3,11,2,6,1,1,7,05 Apr 2026 10:15:19,DDC1BDA5EB823FAFE6B2
SMKS PARIWISATA,50220362,SMK,Swasta,Kec. Dompu,230502,Kab. Dompu,230500,Prov. Nusa Tenggara Barat,230000,12,3,93,6,6,0,0,15,25 Mar 2026 08:47:35,F3598BF143A338D2D5D5
SD NEGERI 01 WOJA,50203772,SD,Negeri,Kec. Woja,230503,Kab. Dompu,230500,Prov. Nusa Tenggara Barat,230000,21,4,167,9,6,0,1,33,21 Apr 2026 10:15:56,7D0A37A283801C6B97C2
SD NEGERI 02 WOJA,50203764,SD,Negeri,Kec. Woja,230503,Kab. Dompu,230500,Prov. Nusa Tenggara Barat,230000,38,5,308,12,11,0,1,54,23 Apr 2026 10:37:41,8364C0D4500F1CFB3440
SD NEGERI 03 WOJA,50203757,SD,Negeri,Kec. Woja,230503,Kab. Dompu,230500,Prov. Nusa Tenggara Barat,230000,20,1,131,6,6,0,1,15,29 Apr 2026 09:56:19,E55C483B2C58B72C0E63
SD NEGERI 04 WOJA,50203862,SD,Negeri,Kec. Woja,230503,Kab. Dompu,230500,Prov. Nusa Tenggara Barat,230000,24,4,61,6,6,0,1,16,10 Apr 2026 19:29:59,E4F7483EFD26136C56A5
SD NEGERI 05 WOJA,50203854,SD,Negeri,Kec. Woja,230503,Kab. Dompu,230500,Prov. Nusa Tenggara Barat,230000,18,2,48,6,6,0,1,37,30 Apr 2026 08:13:17,958D24301EB44BE9D120
SD NEGERI 06 WOJA,50203879,SD,Negeri,Kec. Woja,230503,Kab. Dompu,230500,Prov. Nusa Tenggara Barat,230000,26,1,148,6,6,0,1,15,07 Mar 2026 15:57:57,B32C8C93C87BA65CBEDD
SD NEGERI 07 WOJA,50203875,SD,Negeri,Kec. Woja,230503,Kab. Dompu,230500,Prov. Nusa Tenggara Barat,230000,38,4,386,15,15,0,1,82,29 Apr 2026 23:05:12,C1A4336BFA4A535B505A
SD NEGERI 08 WOJA,50203848,SD,Negeri,Kec. Woja,230503,Kab. Dompu,230500,Prov. Nusa Tenggara Barat,230000,32,3,202,10,8,0,1,28,05 Mar 2026 13:43:16,2DBD35097DB3F2319BC9
SD NEGERI 09 WOJA,50203824,SD,Negeri,Kec. Woja,230503,Kab. Dompu,230500,Prov. Nusa Tenggara Barat,230000,24,5,135,7,6,0,1,25,29 Apr 2026 08:10:49,9B03E0B27F371A95E092
SD NEGERI 10 WOJA,50203816,SD,Negeri,Kec. Woja,230503,Kab. Dompu,230500,Prov. Nusa Tenggara Barat,230000,25,4,145,8,6,0,1,18,25 Apr 2026 09:22:47,DBAD49BA3BE926DCDF6B
SD NEGERI 11 WOJA,50203844,SD,Negeri,Kec. Woja,230503,Kab. Dompu,230500,Prov. Nusa Tenggara Barat,230000,19,3,73,6,6,0,1,43,01 May 2026 20:12:17,EDF6C338B16E5F855985
SD NEGERI 12 WOJA,50203836,SD,Negeri,Kec. Woja,230503,Kab. Dompu,230500,Prov. Nusa Tenggara Barat,230000,20,4,88,7,6,0,1,35,17 Apr 2026 09:57:07,5A8127588D662F0E460C
SD NEGERI 13 WOJA,50203642,SD,Negeri,Kec. Woja,230503,Kab. Dompu,230500,Prov. Nusa Tenggara Barat,230000,27,2,127,7,8,0,1,21,22 Apr 2026 08:16:09,36EABFE48E4DCCC72D25
SD NEGERI 14 WOJA,50203635,SD,Negeri,Kec. Woja,230503,Kab. Dompu,230500,Prov. Nusa Tenggara Barat,230000,20,1,119,6,6,0,1,20,24 Apr 2026 08:44:42,E2595B8C425E502A5736
SD NEGERI 15 WOJA,50203629,SD,Negeri,Kec. Woja,230503,Kab. Dompu,230500,Prov. Nusa Tenggara Barat,230000,16,2,171,9,6,0,1,15,05 Apr 2026 08:03:44,0171656D6A9DBD6ECF96
SD NEGERI 16 WOJA,50203659,SD,Negeri,Kec. Woja,230503,Kab. Dompu,230500,Prov. Nusa Tenggara Barat,230000,26,2,127,7,6,0,1,41,27 Apr 2026 11:20:04,EBEE1F01E8E2DCB2AEAF
SD NEGERI 17 WOJA,50203654,SD,Negeri,Kec. Woja,230503,Kab. Dompu,230500,Prov. Nusa Tenggara Barat,230000,24,1,139,7,6,0,1,25,02 May 2026 09:10:40,EC79461CD46F0EF6F1C5
SD NEGERI 18 WOJA,50203649,SD,Negeri,Kec. Woja,230503,Kab. Dompu,230500,Prov. Nusa Tenggara Barat,230000,24,3,193,9,9,0,1,61,30 Apr 2026 20:17:26,055AECD494D6598D5AFD
SD NEGERI 19 WOJA,50203626,SD,Negeri,Kec. Woja,230503,Kab. Dompu,230500,Prov. Nusa Tenggara Barat,230000,24,2,149,8,8,0,1,45,11 Apr 2026 18:49:58,50139EC54AD923D4070B
SD NEGERI 20 WOJA,50203602,SD,Negeri,Kec. Woja,230503,Kab. Dompu,230500,Prov. Nusa Tenggara Barat,230000,20,2,70,6,6,1,1,22,24 Apr 2026 08:20:15,87AA8515642AB724B901
SD NEGERI 21 WOJA,50203597,SD,Negeri,Kec. Woja,230503,Kab. Dompu,230500,Prov. Nusa Tenggara Barat,230000,20,3,102,6,6,1,1,16,21 Apr 2026 12:08:20,B040C4F37D5C1AB3ECF1
SD NEGERI 22 WOJA,50203593,SD,Negeri,Kec. Woja,230503,Kab. Dompu,230500,Prov. Nusa Tenggara Barat,230000,28,2,47,6,6,0,1,33,15 Apr 2026 17:44:15,0397C16DDAED2C4F6697
SD NEGERI 23 WOJA,50203607,SD,Negeri,Kec. Woja,230503,Kab. Dompu,230500,Prov. Nusa Tenggara Barat,230000,14,1,41,6,6,0,1,32,20 Apr 2026 10:11:42,FA761A53466893E4D10E
SD NEGERI 24 WOJA,50203622,SD,Negeri,Kec. Woja,230503,Kab. Dompu,230500,Prov. Nusa Tenggara Barat,230000,20,1,190,10,9,1,1,29,23 Apr 2026 17:23:14,FB4FE8C78180CFAE101D
SD NEGERI 25 WOJA,50203618,SD,Negeri,Kec. Woja,230503,Kab. Dompu,230500,Prov. Nusa Tenggara Barat,230000,25,3,197,9,7,0,1,48,28 Apr 2026 14:41:15,95CBB2D6235091ECE412
SD NEGERI 26 WOJA,50203614,SD,Negeri,Kec. Woja,230503,Kab. Dompu,230500,Prov. Nusa Tenggara Barat,230000,18,3,88,6,6,0,1,9,04 Mar 2026 16:10:56,787863A220B19623AD78
SD NEGERI 27 WOJA,50203610,SD,Negeri,Kec. Woja,230503,Kab. Dompu,230500,Prov. Nusa Tenggara Barat,230000,51,2,234,13,6,1,1,13,04 Mar 2026 10:38:38,F41ECB15A5A3FA98E6C7
SD NEGERI 28 WOJA,50203736,SD,Negeri,Kec. Woja,230503,Kab. Dompu,230500,Prov. Nusa Tenggara Barat,230000,22,4,137,8,6,0,1,44,01 May 2026 15:01:41,6D54CF5A9F7C9F566A3D
SD NEGERI 29 WOJA,50203715,SD,Negeri,Kec. Woja,230503,Kab. Dompu,230500,Prov. Nusa Tenggara Barat,230000,20,1,124,6,6,0,1,36,24 Apr 2026 04:47:00,DBBA0A8674366C43F67C
SD NEGERI 30 WOJA,50203711,SD,Negeri,Kec. Woja,230503,Kab. Dompu,230500,Prov. Nusa Tenggara Barat,230000,23,2,98,6,6,0,1,40,30 Apr 2026 08:03:53,C99B56E7BC386C311696
SD NEGERI 31 WOJA,50203707,SD,Negeri,Kec. Woja,230503,Kab. Dompu,230500,Prov. Nusa Tenggara Barat,230000,45,2,247,11,12,0,1,19,08 Apr 2026 08:52:04,6F65985F9FD2787FA222
SD NEGERI 32 WOJA,50203704,SD,Negeri,Kec. Woja,230503,Kab. Dompu,230500,Prov. Nusa Tenggara Barat,230000,18,2,101,6,6,0,0,50,04 Apr 2026 18:29:47,98BA65168031DB0544D9
SD NEGERI 33 WOJA,50203702,SD,Negeri,Kec. Woja,230503,Kab. Dompu,230500,Prov. Nusa Tenggara Barat,230000,17,2,67,6,5,0,1,15,28 Apr 2026 08:23:25,FD3542D248C64319BE80
SD NEGERI 34 WOJA,50219532,SD,Negeri,Kec. Woja,230503,Kab. Dompu,230500,Prov. Nusa Tenggara Barat,230000,14,2,69,6,11,0,1,10,03 Mar 2026 12:25:39,06BC161282AA3590CC92
SD NEGERI 35 WOJA,50203719,SD,Negeri,Kec. Woja,230503,Kab. Dompu,230500,Prov. Nusa Tenggara Barat,230000,21,4,27,6,6,1,1,38,30 Apr 2026 09:46:28,8F8CC3A8344237E76090
SD NEGERI 36 WOJA,50203735,SD,Negeri,Kec. Woja,230503,Kab. Dompu,230500,Prov. Nusa Tenggara Barat,230000,16,1,32,6,6,0,0,34,28 Apr 2026 09:57:44,2C90300671E5064D3677
SD NEGERI 37 WOJA,50203734,SD,Negeri,Kec. Woja,230503,Kab. Dompu,230500,Prov. Nusa Tenggara Barat,230000,15,3,32,6,5,0,0,13,11 Apr 2026 21:44:22,3108A1F91EC9ADB602D5
SD NEGERI 38 WOJA,50203733,SD,Negeri,Kec. Woja,230503,Kab. Dompu,230500,Prov. Nusa Tenggara Barat,230000,15,3,63,6,5,0,1,41,16 Apr 2026 06:04:46,392A20447D33D5FB2B91
SD NEGERI 39 WOJA,50203732,SD,Negeri,Kec. Woja,230503,Kab. Dompu,230500,Prov. Nusa Tenggara Barat,230000,19,1,57,6,5,0,1,28,18 Apr 2026 09:19:51,EE6C02663516AC23BD02
SD NEGERI 40 WOJA,50203731,SD,Negeri,Kec. Woja,230503,Kab. Dompu,230500,Prov. Nusa Tenggara Barat,230000,19,1,135,6,7,1,1,29,27 Apr 2026 09:51:03,FA62923BBDCE41D1590C
SD NEGERI 41 WOJA,50203730,SD,Negeri,Kec. Woja,230503,Kab. Dompu,230500,Prov. Nusa Tenggara Barat,230000,12,1,23,6,7,0,0,17,10 Apr 2026 06:28:59,8C5A1D691BED1DE87CC6
SD NEGERI 42 WOJA,50219533,SD,Negeri,Kec. Woja,230503,Kab. Dompu,230500,Prov. Nusa Tenggara Barat,230000,25,3,154,7,6,1,1,16,08 Apr 2026 08:27:04,1EC17F0F9FC9091E7A48
SD NEGERI 43 WOJA,50219534,SD,Negeri,Kec. Woja,230503,Kab. Dompu,230500,Prov. Nusa Tenggara Barat,230000,18,3,97,6,5,0,1,25,14 Apr 2026 09:26:26,4929582849B6DCF35693
SD INTEGRAL LUQMAN AL HAKIM DOMPU,70047192,SD,Swasta,Kec. Woja,230503,Kab. Dompu,230500,Prov. Nusa Tenggara Barat,230000,10,4,61,4,4,0,0,9,02 May 2026 05:24:35,4C44C46A71BBFD06D060
SD IT ASYIFA,70007969,SD,Swasta,Kec. Woja,230503,Kab. Dompu,230500,Prov. Nusa Tenggara Barat,230000,15,4,46,6,3,0,0,86,06 Apr 2026 15:16:51,D0E7B8EE16D2E77A8C48
SD IT Bina Al Waris,70006958,SD,Swasta,Kec. Woja,230503,Kab. Dompu,230500,Prov. Nusa Tenggara Barat,230000,0,0,0,0,0,0,0,0,,2E2C33E1FA2DDAB595D8
SD IT SAKINAH WAWONDURU,70039675,SD,Swasta,Kec. Woja,230503,Kab. Dompu,230500,Prov. Nusa Tenggara Barat,230000,12,2,55,4,5,0,0,24,25 Apr 2026 09:13:16,3A99899D9AD3A969C5E2
SDIT BINAUL INSAN,70053267,SD,Swasta,Kec. Woja,230503,Kab. Dompu,230500,Prov. Nusa Tenggara Barat,230000,2,1,5,1,1,0,0,11,02 Mar 2026 00:28:31,FAB19C28F3292AE4E0F2
SMP NEGERI 1 WOJA,50203677,SMP,Negeri,Kec. Woja,230503,Kab. Dompu,230500,Prov. Nusa Tenggara Barat,230000,124,24,936,28,27,2,1,55,02 May 2026 09:54:24,142AAD279FD432B7D1BD
SMP NEGERI 2 WOJA,50203671,SMP,Negeri,Kec. Woja,230503,Kab. Dompu,230500,Prov. Nusa Tenggara Barat,230000,33,16,132,6,14,4,1,25,23 Apr 2026 03:27:09,7B3E76E4543003F9B13D
SMP NEGERI 3 WOJA,50203667,SMP,Negeri,Kec. Woja,230503,Kab. Dompu,230500,Prov. Nusa Tenggara Barat,230000,54,10,310,13,16,1,1,103,23 Apr 2026 10:55:34,16C8BABB933FD91A9212
SMP NEGERI 4 WOJA,50203682,SMP,Negeri,Kec. Woja,230503,Kab. Dompu,230500,Prov. Nusa Tenggara Barat,230000,43,10,139,5,10,2,1,23,23 Apr 2026 12:33:20,74DF897D32DFC7AAC094
SMP NEGERI 5 WOJA,50220382,SMP,Negeri,Kec. Woja,230503,Kab. Dompu,230500,Prov. Nusa Tenggara Barat,230000,43,9,121,6,6,1,1,39,01 May 2026 20:39:22,3BA28B49905DF61B0E62
SMP NEGERI 6 WOJA,50220383,SMP,Negeri,Kec. Woja,230503,Kab. Dompu,230500,Prov. Nusa Tenggara Barat,230000,34,7,130,6,9,1,1,22,29 Apr 2026 20:10:53,6D7C7DD424738B52AA7F
SMP NEGERI 7 WOJA,50220384,SMP,Negeri,Kec. Woja,230503,Kab. Dompu,230500,Prov. Nusa Tenggara Barat,230000,75,15,206,8,10,2,1,91,01 May 2026 11:28:36,5CBD8DBEC1C4D6FF656F
SMP NEGERI 8 SATU ATAP WOJA,50220497,SMP,Negeri,Kec. Woja,230503,Kab. Dompu,230500,Prov. Nusa Tenggara Barat,230000,21,2,90,4,3,1,1,45,15 Apr 2026 19:49:14,92BF598C02DAC71D55CD
SMP ISLAM AL FAAT BARA,70009648,SMP,Swasta,Kec. Woja,230503,Kab. Dompu,230500,Prov. Nusa Tenggara Barat,230000,16,4,88,4,4,2,1,51,22 Apr 2026 09:16:57,90B7C34E013EFDF1AE88
SMP IT AN NISA DOMPU,70009399,SMP,Swasta,Kec. Woja,230503,Kab. Dompu,230500,Prov. Nusa Tenggara Barat,230000,11,1,32,3,3,1,1,71,06 Mar 2026 18:13:24,9B20CE2B4849C26E04DE
SMP IT SAKINAH WAWONDURU,50220498,SMP,Swasta,Kec. Woja,230503,Kab. Dompu,230500,Prov. Nusa Tenggara Barat,230000,14,2,40,3,5,1,1,26,16 Apr 2026 20:59:22,F730FA0FEE6A236815D8
SMAN 1 WOJA,50203685,SMA,Negeri,Kec. Woja,230503,Kab. Dompu,230500,Prov. Nusa Tenggara Barat,230000,71,12,885,25,25,5,1,43,30 Apr 2026 04:27:58,403CE573C35EEEEC797C
SMAN 2 WOJA,50203663,SMA,Negeri,Kec. Woja,230503,Kab. Dompu,230500,Prov. Nusa Tenggara Barat,230000,59,22,367,12,15,4,1,30,21 Apr 2026 07:45:54,D537D33F4165DA31A867
SMAN 3 WOJA,50220718,SMA,Negeri,Kec. Woja,230503,Kab. Dompu,230500,Prov. Nusa Tenggara Barat,230000,23,12,142,6,5,4,1,25,23 Apr 2026 11:51:34,5A6283DDCE4CB7A85506
SMAS AR RAHMAH DOMPU,50203697,SMA,Swasta,Kec. Woja,230503,Kab. Dompu,230500,Prov. Nusa Tenggara Barat,230000,7,3,76,4,6,1,0,45,30 Apr 2026 11:05:35,9663DB565E85FD12474B
SMKN 1 WOJA,50203699,SMK,Negeri,Kec. Woja,230503,Kab. Dompu,230500,Prov. Nusa Tenggara Barat,230000,73,20,314,23,24,5,1,46,26 Apr 2026 12:02:47,660409B6050DB6D78681
SMKS Kesehatan Yapik Gerbang,69787563,SMK,Swasta,Kec. Woja,230503,Kab. Dompu,230500,Prov. Nusa Tenggara Barat,230000,10,1,33,3,5,1,1,10,20 Mar 2026 16:25:02,9E0857BA12AF5BD81CE1
SD NEGERI 01 PEKAT,50203756,SD,Negeri,Kec. Pekat,230506,Kab. Dompu,230500,Prov. Nusa Tenggara Barat,230000,15,3,123,7,6,0,2,119,29 Apr 2026 09:24:51,E4F6E494D23F4EC6CC07
SD NEGERI 02 PEKAT,50203765,SD,Negeri,Kec. Pekat,230506,Kab. Dompu,230500,Prov. Nusa Tenggara Barat,230000,18,1,183,9,8,0,1,34,19 Apr 2026 08:31:02,544CB6F631DFAC46DB24
SD NEGERI 03 PEKAT,50203758,SD,Negeri,Kec. Pekat,230506,Kab. Dompu,230500,Prov. Nusa Tenggara Barat,230000,11,4,109,7,6,0,1,21,11 Apr 2026 22:33:56,E320B356A17ABCD85E3D
SD NEGERI 04 PEKAT,50203863,SD,Negeri,Kec. Pekat,230506,Kab. Dompu,230500,Prov. Nusa Tenggara Barat,230000,16,2,155,7,6,1,1,30,08 Apr 2026 20:25:37,13457FEC66545128D636
SD NEGERI 05 PEKAT,50203855,SD,Negeri,Kec. Pekat,230506,Kab. Dompu,230500,Prov. Nusa Tenggara Barat,230000,14,2,172,11,10,0,1,22,10 Apr 2026 08:10:39,C53217F101AF0B71BDCE
SD NEGERI 06 PEKAT,50203878,SD,Negeri,Kec. Pekat,230506,Kab. Dompu,230500,Prov. Nusa Tenggara Barat,230000,21,1,253,12,12,0,1,59,30 Apr 2026 11:03:22,362025D1091171CCAF59
SD NEGERI 07 PEKAT,50203876,SD,Negeri,Kec. Pekat,230506,Kab. Dompu,230500,Prov. Nusa Tenggara Barat,230000,10,5,138,7,7,0,0,22,11 Apr 2026 07:21:59,7FF2CDE1A5A07CE70967
SD NEGERI 08 PEKAT,50203868,SD,Negeri,Kec. Pekat,230506,Kab. Dompu,230500,Prov. Nusa Tenggara Barat,230000,14,2,108,6,6,0,1,25,18 Apr 2026 12:59:57,2FE060FFFF3787609416
SD NEGERI 09 PEKAT,50203825,SD,Negeri,Kec. Pekat,230506,Kab. Dompu,230500,Prov. Nusa Tenggara Barat,230000,12,0,133,6,6,0,1,45,29 Apr 2026 08:59:47,B38FF0A643845E1663E4
SD NEGERI 10 PEKAT,50203817,SD,Negeri,Kec. Pekat,230506,Kab. Dompu,230500,Prov. Nusa Tenggara Barat,230000,16,1,179,10,10,0,1,31,29 Apr 2026 10:26:26,285C8BDDFB1D03903794
SD NEGERI 11 PEKAT,50203845,SD,Negeri,Kec. Pekat,230506,Kab. Dompu,230500,Prov. Nusa Tenggara Barat,230000,14,2,117,7,7,0,1,27,26 Apr 2026 12:38:36,82A986BA915F08BBBA5D
SD NEGERI 12 PEKAT,50203837,SD,Negeri,Kec. Pekat,230506,Kab. Dompu,230500,Prov. Nusa Tenggara Barat,230000,15,1,166,7,9,0,0,8,10 Apr 2026 18:49:08,35C190AAD7CEFC6C4262
SD NEGERI 13 PEKAT,50203661,SD,Negeri,Kec. Pekat,230506,Kab. Dompu,230500,Prov. Nusa Tenggara Barat,230000,18,3,229,11,11,0,1,36,15 Apr 2026 08:44:08,9C832724AD7CB0E3F8BA
SD NEGERI 14 PEKAT,50203636,SD,Negeri,Kec. Pekat,230506,Kab. Dompu,230500,Prov. Nusa Tenggara Barat,230000,10,0,110,6,6,0,1,22,22 Apr 2026 06:10:53,C8614679822ABDA5F496
SD NEGERI 15 PEKAT,50203630,SD,Negeri,Kec. Pekat,230506,Kab. Dompu,230500,Prov. Nusa Tenggara Barat,230000,11,2,77,6,6,0,1,16,13 Apr 2026 22:25:26,B55FA7159ABCFB0530EA
SD NEGERI 16 PEKAT,50203660,SD,Negeri,Kec. Pekat,230506,Kab. Dompu,230500,Prov. Nusa Tenggara Barat,230000,10,2,65,6,6,0,1,18,09 Apr 2026 10:23:16,296039E9405332465D82
SD NEGERI 17 PEKAT,50203655,SD,Negeri,Kec. Pekat,230506,Kab. Dompu,230500,Prov. Nusa Tenggara Barat,230000,10,1,51,6,6,0,0,21,05 Apr 2026 21:45:32,275204411A025B8EF564
SD NEGERI 18 PEKAT,50203650,SD,Negeri,Kec. Pekat,230506,Kab. Dompu,230500,Prov. Nusa Tenggara Barat,230000,17,4,53,6,6,0,1,19,28 Apr 2026 18:08:46,9E4615194DC0A4359CEF
SD NEGERI 19 PEKAT,50203645,SD,Negeri,Kec. Pekat,230506,Kab. Dompu,230500,Prov. Nusa Tenggara Barat,230000,11,2,52,6,6,0,0,7,09 Apr 2026 18:29:54,84FD6A2B13CD0E3B4FA2
SD NEGERI 20 PEKAT,50203603,SD,Negeri,Kec. Pekat,230506,Kab. Dompu,230500,Prov. Nusa Tenggara Barat,230000,12,1,139,7,7,1,0,11,09 Apr 2026 19:10:36,6D8553941F666B20BEF0
SD NEGERI 21 PEKAT,50203598,SD,Negeri,Kec. Pekat,230506,Kab. Dompu,230500,Prov. Nusa Tenggara Barat,230000,12,1,61,6,6,0,1,23,10 Apr 2026 08:00:38,2EE1112F6154E11BBBBC
SD NEGERI 22 PEKAT,50203592,SD,Negeri,Kec. Pekat,230506,Kab. Dompu,230500,Prov. Nusa Tenggara Barat,230000,13,1,240,11,7,1,1,15,21 Apr 2026 14:01:45,6AB25120C1CFF8C22459
SD NEGERI 23 PEKAT,69787711,SD,Negeri,Kec. Pekat,230506,Kab. Dompu,230500,Prov. Nusa Tenggara Barat,230000,10,0,35,6,6,0,0,28,16 Apr 2026 19:03:15,24887D99326F8420F26C
SD NEGERI 24 PEKAT,50203623,SD,Negeri,Kec. Pekat,230506,Kab. Dompu,230500,Prov. Nusa Tenggara Barat,230000,13,0,93,6,6,1,1,32,29 Apr 2026 18:41:47,AB2B248211E31D100F06
SD NEGERI 25 PEKAT,50203619,SD,Negeri,Kec. Pekat,230506,Kab. Dompu,230500,Prov. Nusa Tenggara Barat,230000,12,2,99,7,6,1,1,28,16 Apr 2026 23:37:14,D8B66241880F5A9440CA
SD NEGERI 26 PEKAT,50203615,SD,Negeri,Kec. Pekat,230506,Kab. Dompu,230500,Prov. Nusa Tenggara Barat,230000,11,1,50,6,6,0,1,17,01 Apr 2026 22:00:10,5704961407E4E0E50EA7
SD NEGERI 27 PEKAT,50203611,SD,Negeri,Kec. Pekat,230506,Kab. Dompu,230500,Prov. Nusa Tenggara Barat,230000,13,1,131,7,7,1,0,11,14 Apr 2026 14:07:33,65D58428705EC81AA251
SD NEGERI 28 PEKAT,50203662,SD,Negeri,Kec. Pekat,230506,Kab. Dompu,230500,Prov. Nusa Tenggara Barat,230000,11,2,30,6,8,0,1,13,15 Apr 2026 05:30:28,6E555819B268179E5146
SD NEGERI 29 PEKAT,50219531,SD,Negeri,Kec. Pekat,230506,Kab. Dompu,230500,Prov. Nusa Tenggara Barat,230000,8,0,37,6,4,0,0,10,07 Mar 2026 08:05:45,14EF52CFDE6B5E206062
SD NEGERI 30 PEKAT,50203712,SD,Negeri,Kec. Pekat,230506,Kab. Dompu,230500,Prov. Nusa Tenggara Barat,230000,8,1,44,6,6,0,0,8,06 Apr 2026 03:49:07,47B2A5BF378919088AA8
SD NEGERI 31 PEKAT,50203708,SD,Negeri,Kec. Pekat,230506,Kab. Dompu,230500,Prov. Nusa Tenggara Barat,230000,8,2,36,6,3,0,0,8,10 Mar 2026 08:44:26,88B64B107F429A0DC2DD
SD NEGERI 32 PEKAT,50203705,SD,Negeri,Kec. Pekat,230506,Kab. Dompu,230500,Prov. Nusa Tenggara Barat,230000,10,1,60,6,6,0,0,9,02 May 2026 12:04:11,9675E4A7A916186EEBC6
SD NEGERI 33 PEKAT,50219554,SD,Negeri,Kec. Pekat,230506,Kab. Dompu,230500,Prov. Nusa Tenggara Barat,230000,10,1,47,6,6,0,0,37,02 Apr 2026 14:51:24,45B1C9CEAA9FEE154008
SD NEGERI 34 PEKAT,50220411,SD,Negeri,Kec. Pekat,230506,Kab. Dompu,230500,Prov. Nusa Tenggara Barat,230000,9,1,51,6,6,0,1,14,30 Apr 2026 11:58:12,0A46B2F8D4BBDF06536B
SD NEGERI 35 PEKAT,50220412,SD,Negeri,Kec. Pekat,230506,Kab. Dompu,230500,Prov. Nusa Tenggara Barat,230000,16,1,82,7,6,0,0,22,11 Mar 2026 16:56:05,4A420D5530AAB3BAA127
SD NEGERI 36 PEKAT,69773520,SD,Negeri,Kec. Pekat,230506,Kab. Dompu,230500,Prov. Nusa Tenggara Barat,230000,9,2,54,6,3,0,0,27,23 Apr 2026 09:21:02,C1A3624A1C746A218BDA
SD NEGERI 37 PEKAT,69786706,SD,Negeri,Kec. Pekat,230506,Kab. Dompu,230500,Prov. Nusa Tenggara Barat,230000,11,3,17,6,6,0,0,40,06 Apr 2026 22:24:23,F3FCE23E5EB1FC581B3C
SMP NEGERI 1 PEKAT,50203679,SMP,Negeri,Kec. Pekat,230506,Kab. Dompu,230500,Prov. Nusa Tenggara Barat,230000,18,5,135,6,9,2,1,21,08 Apr 2026 08:00:09,96558F8102C77AB0059C
SMP NEGERI 2 PEKAT,50203672,SMP,Negeri,Kec. Pekat,230506,Kab. Dompu,230500,Prov. Nusa Tenggara Barat,230000,21,6,295,11,11,2,1,43,19 Apr 2026 20:12:57,59323A1D0FC1F47BB738
SMP NEGERI 3 PEKAT,50203668,SMP,Negeri,Kec. Pekat,230506,Kab. Dompu,230500,Prov. Nusa Tenggara Barat,230000,28,3,188,8,9,2,1,27,01 May 2026 17:40:47,C45B5343A6E89EB3E53B
SMP NEGERI 4 SATU ATAP PEKAT,50219540,SMP,Negeri,Kec. Pekat,230506,Kab. Dompu,230500,Prov. Nusa Tenggara Barat,230000,15,4,75,3,3,1,1,18,06 Mar 2026 18:04:56,54D9BC1EBF4FABC1CE3E
SMP NEGERI 5 SATU ATAP PEKAT,50219541,SMP,Negeri,Kec. Pekat,230506,Kab. Dompu,230500,Prov. Nusa Tenggara Barat,230000,13,2,65,3,3,1,1,62,16 Apr 2026 10:09:30,35B93D0DF978B6E70A80
SMP NEGERI 6 SATU ATAP PEKAT,50220388,SMP,Negeri,Kec. Pekat,230506,Kab. Dompu,230500,Prov. Nusa Tenggara Barat,230000,17,3,79,3,4,2,1,37,07 Apr 2026 17:29:39,3C0A0A46E921C185E1AC
SMP NEGERI 7 PEKAT,50220389,SMP,Negeri,Kec. Pekat,230506,Kab. Dompu,230500,Prov. Nusa Tenggara Barat,230000,20,9,227,8,8,1,1,36,14 Apr 2026 07:22:39,87A1102314C47B1A0CF6
SMP NEGERI 8 SATU ATAP PEKAT,50220390,SMP,Negeri,Kec. Pekat,230506,Kab. Dompu,230500,Prov. Nusa Tenggara Barat,230000,17,7,49,3,3,1,1,46,22 Apr 2026 20:09:13,6508B99A591A1B510091
SMP NEGERI 9 PEKAT,50220728,SMP,Negeri,Kec. Pekat,230506,Kab. Dompu,230500,Prov. Nusa Tenggara Barat,230000,15,5,103,4,3,1,1,24,20 Apr 2026 11:14:44,C8E3618D169632DD784A
SMP IT ABI FAISAL AL-MANNAN NW,70052323,SMP,Swasta,Kec. Pekat,230506,Kab. Dompu,230500,Prov. Nusa Tenggara Barat,230000,13,1,77,3,3,0,0,30,25 Apr 2026 02:30:04,CAA63B2A3983AE745391
SMAN 1 PEKAT,50203686,SMA,Negeri,Kec. Pekat,230506,Kab. Dompu,230500,Prov. Nusa Tenggara Barat,230000,31,12,257,9,17,3,1,34,15 Apr 2026 09:21:12,9254AEAE3BEF15193031
SMAN 2 PEKAT,50220377,SMA,Negeri,Kec. Pekat,230506,Kab. Dompu,230500,Prov. Nusa Tenggara Barat,230000,15,3,177,7,5,2,1,22,01 May 2026 01:05:19,DD03E6F67A726345C721
SMAN 3 PEKAT,50220477,SMA,Negeri,Kec. Pekat,230506,Kab. Dompu,230500,Prov. Nusa Tenggara Barat,230000,40,3,586,17,13,3,1,45,29 Apr 2026 09:57:14,4B69453484D9BB1505EE
SMKN 1 PEKAT,50219524,SMK,Negeri,Kec. Pekat,230506,Kab. Dompu,230500,Prov. Nusa Tenggara Barat,230000,50,8,364,22,24,0,1,98,30 Apr 2026 16:23:21,BBC37DDB1750A8631BE7
SMK BERINGIN JAYA,69883593,SMK,Swasta,Kec. Pekat,230506,Kab. Dompu,230500,Prov. Nusa Tenggara Barat,230000,11,1,143,6,6,2,1,14,18 Apr 2026 07:24:12,7383D18E8BE7D7BFAC23
SD NEGERI 01 MANGGALEWA,50203739,SD,Negeri,Kec. Manggelewa,230508,Kab. Dompu,230500,Prov. Nusa Tenggara Barat,230000,19,2,190,11,6,0,1,20,25 Apr 2026 17:57:08,B50A4CFF4056923413D7
SD NEGERI 02 MANGGELEWA,50203767,SD,Negeri,Kec. Manggelewa,230508,Kab. Dompu,230500,Prov. Nusa Tenggara Barat,230000,14,3,136,6,6,0,1,43,15 Apr 2026 19:31:33,D7F2453E718B078DE07A
SD NEGERI 03 MANGGELEWA,50203759,SD,Negeri,Kec. Manggelewa,230508,Kab. Dompu,230500,Prov. Nusa Tenggara Barat,230000,20,1,119,7,6,0,1,16,09 Apr 2026 00:43:41,E6DF43F1D859653A799C
SD NEGERI 04 MANGGALEWA,50203865,SD,Negeri,Kec. Manggelewa,230508,Kab. Dompu,230500,Prov. Nusa Tenggara Barat,230000,17,1,103,6,6,0,1,21,09 Apr 2026 09:51:29,2E6F0D3F70CE796EA1D9
SD NEGERI 05 MANGGELEWA,50203857,SD,Negeri,Kec. Manggelewa,230508,Kab. Dompu,230500,Prov. Nusa Tenggara Barat,230000,15,4,80,6,6,0,1,8,23 Feb 2026 10:28:04,C9102524E15F8A243C8C
SD NEGERI 06 MANGGELEWA,50203866,SD,Negeri,Kec. Manggelewa,230508,Kab. Dompu,230500,Prov. Nusa Tenggara Barat,230000,23,3,288,13,3,0,1,46,26 Apr 2026 06:16:30,3907E14F4FFCB1795A11
SD NEGERI 07 MANGGELEWA,50203884,SD,Negeri,Kec. Manggelewa,230508,Kab. Dompu,230500,Prov. Nusa Tenggara Barat,230000,32,4,391,17,10,1,1,18,29 Apr 2026 21:28:49,76DAE07078A1012DBD7C
SD NEGERI 08 MANGGELEWA,50203870,SD,Negeri,Kec. Manggelewa,230508,Kab. Dompu,230500,Prov. Nusa Tenggara Barat,230000,14,2,67,6,6,0,1,14,11 Apr 2026 07:50:16,EA75BBBB57DF37DABE59
SD NEGERI 09 MANGGELEWA,50203826,SD,Negeri,Kec. Manggelewa,230508,Kab. Dompu,230500,Prov. Nusa Tenggara Barat,230000,16,3,73,6,6,0,1,14,01 May 2026 22:11:54,2CA870650DA2415985E9
SD NEGERI 10 MANGGELEWA,50203819,SD,Negeri,Kec. Manggelewa,230508,Kab. Dompu,230500,Prov. Nusa Tenggara Barat,230000,18,3,203,11,6,0,1,17,17 Apr 2026 13:43:02,E8282376CC1048E317C0
SD NEGERI 11 MANGGALEWA,50203847,SD,Negeri,Kec. Manggelewa,230508,Kab. Dompu,230500,Prov. Nusa Tenggara Barat,230000,33,3,376,17,17,1,1,26,25 Apr 2026 10:29:40,536EA67C6187384717A8
SD NEGERI 12 MANGGELEWA,50203839,SD,Negeri,Kec. Manggelewa,230508,Kab. Dompu,230500,Prov. Nusa Tenggara Barat,230000,23,1,217,11,7,0,1,22,07 Apr 2026 05:36:25,765B643D4BF2A38EF19B
SD NEGERI 13 MANGGELEWA,50203813,SD,Negeri,Kec. Manggelewa,230508,Kab. Dompu,230500,Prov. Nusa Tenggara Barat,230000,19,3,189,11,6,0,1,12,24 Feb 2026 20:08:04,83378657DF43B0A9E4E7
SD NEGERI 14 MANGGALEWA,50203638,SD,Negeri,Kec. Manggelewa,230508,Kab. Dompu,230500,Prov. Nusa Tenggara Barat,230000,12,1,124,6,6,0,1,19,10 Apr 2026 10:24:01,A421026516563D5F3AFC
SD NEGERI 15 MANGGELEWA,50203631,SD,Negeri,Kec. Manggelewa,230508,Kab. Dompu,230500,Prov. Nusa Tenggara Barat,230000,19,3,208,12,12,0,0,9,02 Apr 2026 16:59:45,804626D64CC5052C4E4B
SD NEGERI 16 MANGGELEWA,50203644,SD,Negeri,Kec. Manggelewa,230508,Kab. Dompu,230500,Prov. Nusa Tenggara Barat,230000,20,1,121,7,6,0,1,20,29 Apr 2026 18:11:51,51DA5F5301D2DC3E354B
SD NEGERI 17 MANGGELEWA,50203656,SD,Negeri,Kec. Manggelewa,230508,Kab. Dompu,230500,Prov. Nusa Tenggara Barat,230000,17,3,138,8,8,0,1,13,20 Apr 2026 09:14:51,76D6027621AEB0EE3455
SD NEGERI 18 MANGGELEWA,50203651,SD,Negeri,Kec. Manggelewa,230508,Kab. Dompu,230500,Prov. Nusa Tenggara Barat,230000,15,3,52,6,6,1,1,9,20 Apr 2026 15:58:58,7BB0B45B5B0E67360468
SD NEGERI 19 MANGGELEWA,50203646,SD,Negeri,Kec. Manggelewa,230508,Kab. Dompu,230500,Prov. Nusa Tenggara Barat,230000,12,0,135,6,6,0,1,20,12 Apr 2026 06:28:56,2A90C4A7E5A07FEA23CA
SD NEGERI 20 MANGGELEWA,50203604,SD,Negeri,Kec. Manggelewa,230508,Kab. Dompu,230500,Prov. Nusa Tenggara Barat,230000,14,0,152,6,8,0,1,24,02 May 2026 19:09:34,9C4B9E92ABD8993C0E67
SD NEGERI 21 MANGGELEWA,50203599,SD,Negeri,Kec. Manggelewa,230508,Kab. Dompu,230500,Prov. Nusa Tenggara Barat,230000,12,1,58,6,6,0,1,23,03 Apr 2026 10:14:39,A8CCAFFBA6AC48872F69
SD NEGERI 22 MANGGELEWA,50203591,SD,Negeri,Kec. Manggelewa,230508,Kab. Dompu,230500,Prov. Nusa Tenggara Barat,230000,20,2,127,7,6,0,1,10,04 Mar 2026 03:43:39,E4F268C9A0F0377F5103
SD NEGERI 23 MANGGELEWA,50203595,SD,Negeri,Kec. Manggelewa,230508,Kab. Dompu,230500,Prov. Nusa Tenggara Barat,230000,13,0,42,6,6,0,1,20,15 Apr 2026 22:09:09,B6CD77075FF4275B186F
SD NEGERI 24 MANGGELEWA,50203624,SD,Negeri,Kec. Manggelewa,230508,Kab. Dompu,230500,Prov. Nusa Tenggara Barat,230000,10,1,22,6,4,0,1,17,28 Apr 2026 14:17:00,8943B42A9F8B01A4DF03
SD NEGERI 25 MANGGELEWA,50203620,SD,Negeri,Kec. Manggelewa,230508,Kab. Dompu,230500,Prov. Nusa Tenggara Barat,230000,9,1,89,6,4,0,0,17,20 Apr 2026 09:15:09,939A1F6AB0344384383B
SD NEGERI 26 MANGGALEWA,50203616,SD,Negeri,Kec. Manggelewa,230508,Kab. Dompu,230500,Prov. Nusa Tenggara Barat,230000,15,1,46,6,5,0,0,16,14 Apr 2026 09:25:43,2FBCB99A7682F39F65F5
SD NEGERI 27 MANGGELEWA,50203612,SD,Negeri,Kec. Manggelewa,230508,Kab. Dompu,230500,Prov. Nusa Tenggara Barat,230000,15,3,92,6,6,1,1,25,10 Apr 2026 22:58:16,B7BB3F29C0AEF5C52513
SD NEGERI 28 MANGGELEWA,50203625,SD,Negeri,Kec. Manggelewa,230508,Kab. Dompu,230500,Prov. Nusa Tenggara Barat,230000,13,0,53,6,5,0,0,15,29 Apr 2026 09:06:49,141304662D4990CCC53C
SD NEGERI 29 MANGGELEWA,50203716,SD,Negeri,Kec. Manggelewa,230508,Kab. Dompu,230500,Prov. Nusa Tenggara Barat,230000,14,0,99,6,6,1,1,10,01 May 2026 23:16:11,C3F26C3AA1783B0C7151
SD NEGERI 30 MANGGALEWA,50203713,SD,Negeri,Kec. Manggelewa,230508,Kab. Dompu,230500,Prov. Nusa Tenggara Barat,230000,14,2,138,6,6,0,1,41,29 Apr 2026 14:13:24,B5E27D516B3C2162402A
SD NEGERI 31 MANGGELEWA,50203709,SD,Negeri,Kec. Manggelewa,230508,Kab. Dompu,230500,Prov. Nusa Tenggara Barat,230000,20,1,55,6,6,0,1,30,23 Apr 2026 08:36:11,87E313476DE23D65E561
SD IT IBNU ABBAS MANGGELEWA,70012372,SD,Swasta,Kec. Manggelewa,230508,Kab. Dompu,230500,Prov. Nusa Tenggara Barat,230000,9,1,71,6,6,0,0,25,13 Apr 2026 18:40:23,5D18978B69707F37F474
SD IT IBNU HAJAR,69888578,SD,Swasta,Kec. Manggelewa,230508,Kab. Dompu,230500,Prov. Nusa Tenggara Barat,230000,8,1,101,6,6,0,1,16,29 Apr 2026 19:32:33,17C8039D056DD5EEF046
SD IT NASRUL ULUM MHNW,70005316,SD,Swasta,Kec. Manggelewa,230508,Kab. Dompu,230500,Prov. Nusa Tenggara Barat,230000,15,1,44,6,3,0,0,30,18 Apr 2026 07:33:30,40299848BD7FEE15D4D7
SMP NEGERI 1 MANGGELEWA,50203681,SMP,Negeri,Kec. Manggelewa,230508,Kab. Dompu,230500,Prov. Nusa Tenggara Barat,230000,101,15,438,15,18,5,1,57,27 Apr 2026 21:28:40,3370A9AFE8C0F204FF6C
SMP NEGERI 2 MANGGALEWA,50203674,SMP,Negeri,Kec. Manggelewa,230508,Kab. Dompu,230500,Prov. Nusa Tenggara Barat,230000,50,7,422,15,16,1,1,26,25 Apr 2026 09:03:44,3750F538909FE9D29E9C
SMP NEGERI 3 MANGGELEWA,50203669,SMP,Negeri,Kec. Manggelewa,230508,Kab. Dompu,230500,Prov. Nusa Tenggara Barat,230000,21,5,148,6,7,1,1,37,30 Apr 2026 18:09:38,29D8643CB6BACE030C4A
SMP NEGERI 4 MANGGELEWA,50203664,SMP,Negeri,Kec. Manggelewa,230508,Kab. Dompu,230500,Prov. Nusa Tenggara Barat,230000,28,9,196,7,7,1,1,49,22 Apr 2026 11:36:14,16001021A281BE502B8A
SMP NEGERI 5 SATU ATAP MANGGELEWA,50219535,SMP,Negeri,Kec. Manggelewa,230508,Kab. Dompu,230500,Prov. Nusa Tenggara Barat,230000,29,6,116,6,6,1,1,47,30 Apr 2026 10:17:12,27B8A223355C93C66F3B
SMP NEGERI 6 SATU ATAP MANGGELEWA,50219536,SMP,Negeri,Kec. Manggelewa,230508,Kab. Dompu,230500,Prov. Nusa Tenggara Barat,230000,19,3,35,3,3,1,1,24,02 May 2026 08:48:08,58073DF1C0C452D666A6
SMP NEGERI 7 IT MANGGELEWA,50220385,SMP,Negeri,Kec. Manggelewa,230508,Kab. Dompu,230500,Prov. Nusa Tenggara Barat,230000,31,6,140,5,9,2,1,80,27 Apr 2026 08:13:19,89C28BE43B5EABC92110
SMP IT AL FITRAH AL ISLAMY MANGGELEWA,70011949,SMP,Swasta,Kec. Manggelewa,230508,Kab. Dompu,230500,Prov. Nusa Tenggara Barat,230000,10,2,122,6,8,1,1,38,01 May 2026 10:58:59,3983F54E987B15FA0A71
SMP IT NASRUL ULUM MHNW,70005315,SMP,Swasta,Kec. Manggelewa,230508,Kab. Dompu,230500,Prov. Nusa Tenggara Barat,230000,11,1,47,3,1,1,1,57,18 Apr 2026 12:49:40,202DE74599F942AB8561
SMAN 1 MANGGELEWA,50220374,SMA,Negeri,Kec. Manggelewa,230508,Kab. Dompu,230500,Prov. Nusa Tenggara Barat,230000,59,11,557,17,20,4,1,47,29 Apr 2026 21:16:02,48B3A452D01B582D94D1
SMAN 2 MANGGELEWA,69734431,SMA,Negeri,Kec. Manggelewa,230508,Kab. Dompu,230500,Prov. Nusa Tenggara Barat,230000,40,11,375,13,12,5,1,23,02 May 2026 08:41:21,23ABA2B84D9C81A9C868
SMA HARAPAN INSAN,69883626,SMA,Swasta,Kec. Manggelewa,230508,Kab. Dompu,230500,Prov. Nusa Tenggara Barat,230000,6,2,53,3,3,0,0,28,08 Apr 2026 17:19:14,A4637A880B4AFDDF0432
SMA IT AL FITRAH MANGGELEWA,70056931,SMA,Swasta,Kec. Manggelewa,230508,Kab. Dompu,230500,Prov. Nusa Tenggara Barat,230000,0,2,37,2,2,0,0,16,25 Feb 2026 16:21:57,D59A97E2236F0E43C369
SMKN 1 MANGGELEWA,50219546,SMK,Negeri,Kec. Manggelewa,230508,Kab. Dompu,230500,Prov. Nusa Tenggara Barat,230000,43,14,326,15,17,1,1,28,17 Apr 2026 05:37:38,F18EC96680818F57F8F6
SMKN 2 MANGGELEWA,50219545,SMK,Negeri,Kec. Manggelewa,230508,Kab. Dompu,230500,Prov. Nusa Tenggara Barat,230000,34,11,141,12,12,1,1,30,27 Apr 2026 11:28:33,20BCD476E9EBB5FC62C2
SMK AL GHURABA DOMPU,70057153,SMK,Swasta,Kec. Manggelewa,230508,Kab. Dompu,230500,Prov. Nusa Tenggara Barat,230000,0,0,0,0,0,0,0,0,,BB37347D13878782A4D1
SMK AL ITTIHAD AL KARIMI,69883574,SMK,Swasta,Kec. Manggelewa,230508,Kab. Dompu,230500,Prov. Nusa Tenggara Barat,230000,17,2,76,3,3,0,1,26,02 May 2026 09:06:53,BBF8021F5ED421C691DE
SMK HARAPAN BANGSA,69975302,SMK,Swasta,Kec. Manggelewa,230508,Kab. Dompu,230500,Prov. Nusa Tenggara Barat,230000,1,0,50,3,3,1,1,6,01 Apr 2026 06:05:29,EB8A07AA9E129973B15E
SMKS NAHDATUL WATHAN LANCI,50220363,SMK,Swasta,Kec. Manggelewa,230508,Kab. Dompu,230500,Prov. Nusa Tenggara Barat,230000,7,1,81,6,7,2,1,15,11 Mar 2026 07:50:05,D6EE607047E733A6548F
SMKS Rahmatullah,69817031,SMK,Swasta,Kec. Manggelewa,230508,Kab. Dompu,230500,Prov. Nusa Tenggara Barat,230000,0,1,0,0,0,0,0,0,,D50609585F2C0030CD1B
SD NEGERI 01 HUU,50203742,SD,Negeri,Kec. Hu`u,230501,Kab. Dompu,230500,Prov. Nusa Tenggara Barat,230000,16,3,187,9,10,0,1,18,05 Apr 2026 13:14:32,62EE24692C30FD9694F4
SD NEGERI 02 HUU,50203770,SD,Negeri,Kec. Hu`u,230501,Kab. Dompu,230500,Prov. Nusa Tenggara Barat,230000,17,3,75,6,6,0,0,11,26 Mar 2026 05:10:40,50F983A2552A892D46DF
SD NEGERI 03 HUU,50203762,SD,Negeri,Kec. Hu`u,230501,Kab. Dompu,230500,Prov. Nusa Tenggara Barat,230000,24,1,199,11,7,0,1,11,14 Apr 2026 21:14:18,67C4D636921E2065468B
SD NEGERI 04 HUU,50219549,SD,Negeri,Kec. Hu`u,230501,Kab. Dompu,230500,Prov. Nusa Tenggara Barat,230000,21,4,206,11,10,0,1,23,22 Apr 2026 08:42:51,094DAE0C00A71A83A391
SD NEGERI 05 HUU,50203860,SD,Negeri,Kec. Hu`u,230501,Kab. Dompu,230500,Prov. Nusa Tenggara Barat,230000,33,9,307,13,13,1,1,34,27 Apr 2026 11:28:03,B2B4EB5639E4D2C988DA
SD NEGERI 06 HUU,50203852,SD,Negeri,Kec. Hu`u,230501,Kab. Dompu,230500,Prov. Nusa Tenggara Barat,230000,22,3,171,8,6,0,1,24,27 Apr 2026 09:55:55,7AFE085D632D1D69062C
SD NEGERI 07 HUU,50203881,SD,Negeri,Kec. Hu`u,230501,Kab. Dompu,230500,Prov. Nusa Tenggara Barat,230000,24,4,299,12,9,0,1,47,28 Apr 2026 11:10:22,F5B11CC92D80F1EE4A1E
SD NEGERI 08 HUU,50203873,SD,Negeri,Kec. Hu`u,230501,Kab. Dompu,230500,Prov. Nusa Tenggara Barat,230000,25,6,269,12,9,0,1,51,23 Apr 2026 17:36:22,4A53536CFC5D84DAEB07
SD NEGERI 09 HUU,50203828,SD,Negeri,Kec. Hu`u,230501,Kab. Dompu,230500,Prov. Nusa Tenggara Barat,230000,11,1,51,6,4,0,1,57,14 Apr 2026 07:16:40,E9F573132CDF1C29626D
SD NEGERI 10 HUU,50203822,SD,Negeri,Kec. Hu`u,230501,Kab. Dompu,230500,Prov. Nusa Tenggara Barat,230000,14,1,37,6,5,0,0,11,02 Apr 2026 08:04:43,A5CD7377D16035572BB7
SD NEGERI 11 HUU,50203814,SD,Negeri,Kec. Hu`u,230501,Kab. Dompu,230500,Prov. Nusa Tenggara Barat,230000,17,5,108,6,7,0,1,33,23 Apr 2026 07:01:53,5D9B7383CFF59F0D500A
SD NEGERI 12 HUU,50203842,SD,Negeri,Kec. Hu`u,230501,Kab. Dompu,230500,Prov. Nusa Tenggara Barat,230000,22,2,149,8,6,0,1,36,29 Apr 2026 16:40:47,498E83B77D32884F49C4
SD NEGERI 13 HUU,50203834,SD,Negeri,Kec. Hu`u,230501,Kab. Dompu,230500,Prov. Nusa Tenggara Barat,230000,16,0,47,6,7,4,1,9,09 Apr 2026 20:44:53,94A19BD821452D8E5370
SD NEGERI 14 HUU,50220410,SD,Negeri,Kec. Hu`u,230501,Kab. Dompu,230500,Prov. Nusa Tenggara Barat,230000,17,3,63,6,5,0,1,36,28 Apr 2026 07:51:56,B822C67A12699471A1CB
SDIT MUSLIM RABBANI,70048353,SD,Swasta,Kec. Hu`u,230501,Kab. Dompu,230500,Prov. Nusa Tenggara Barat,230000,5,2,71,3,3,0,0,7,04 Mar 2026 23:06:13,BC428CE50D977505469B
SMP NEGERI 1 HUU,50203720,SMP,Negeri,Kec. Hu`u,230501,Kab. Dompu,230500,Prov. Nusa Tenggara Barat,230000,69,19,545,17,17,2,1,40,21 Apr 2026 18:28:52,C33A37615DCE4A831BF8
SMP NEGERI 2 HUU,50219527,SMP,Negeri,Kec. Hu`u,230501,Kab. Dompu,230500,Prov. Nusa Tenggara Barat,230000,34,9,156,6,7,1,1,25,15 Apr 2026 07:44:18,84B2955D22017EC0E755
SMP NEGERI 3 SATU ATAP HUU,50219525,SMP,Negeri,Kec. Hu`u,230501,Kab. Dompu,230500,Prov. Nusa Tenggara Barat,230000,30,2,142,6,8,2,1,14,01 May 2026 18:05:06,743A5989B987CDF85502
SMP NEGERI 4 SATU ATAP HUU,50219526,SMP,Negeri,Kec. Hu`u,230501,Kab. Dompu,230500,Prov. Nusa Tenggara Barat,230000,26,3,14,3,3,1,1,30,23 Apr 2026 10:05:50,C983B6D53DF4652DCB42
SMP DAERAH HUU,50203727,SMP,Swasta,Kec. Hu`u,230501,Kab. Dompu,230500,Prov. Nusa Tenggara Barat,230000,9,2,26,2,7,1,1,10,07 Mar 2026 07:46:17,188DCC79302C97BA3FC6
SMP IT BANGUN NEGERI HUU,69970676,SMP,Swasta,Kec. Hu`u,230501,Kab. Dompu,230500,Prov. Nusa Tenggara Barat,230000,1,1,27,3,4,0,1,12,23 Apr 2026 13:19:52,FA4E99C592D35F7D056C
SMAN 1 HUU,50203690,SMA,Negeri,Kec. Hu`u,230501,Kab. Dompu,230500,Prov. Nusa Tenggara Barat,230000,64,6,720,21,19,5,1,45,02 May 2026 07:22:18,1CC03F935EBA52F5EF5C
SMKN 1 HUU,50219522,SMK,Negeri,Kec. Hu`u,230501,Kab. Dompu,230500,Prov. Nusa Tenggara Barat,230000,31,12,225,15,15,1,1,53,24 Apr 2026 10:18:12,33D7EC7BA24921EBD5F2
SMK BANGUN NEGERI HUU,69901117,SMK,Swasta,Kec. Hu`u,230501,Kab. Dompu,230500,Prov. Nusa Tenggara Barat,230000,0,1,41,4,6,1,1,18,04 Mar 2026 05:15:43,DCE9294B0E80390AA1FE
SD NEGERI 01 PAJO,50203755,SD,Negeri,Kec. Pajo,230507,Kab. Dompu,230500,Prov. Nusa Tenggara Barat,230000,27,4,145,7,9,1,1,18,27 Apr 2026 07:49:01,2A2116EBD43BE9FCFB05
SD NEGERI 02 PAJO,50203766,SD,Negeri,Kec. Pajo,230507,Kab. Dompu,230500,Prov. Nusa Tenggara Barat,230000,30,5,156,7,6,0,1,29,25 Apr 2026 19:55:13,B1E044AB3F4C7E55B2CC
SD NEGERI 03 PAJO,50219529,SD,Negeri,Kec. Pajo,230507,Kab. Dompu,230500,Prov. Nusa Tenggara Barat,230000,22,5,140,6,8,0,1,28,21 Apr 2026 08:16:45,09195D444B51AC6B8578
SD NEGERI 04 PAJO,50203864,SD,Negeri,Kec. Pajo,230507,Kab. Dompu,230500,Prov. Nusa Tenggara Barat,230000,29,2,117,7,7,1,1,25,23 Apr 2026 08:19:15,111CDBEAA5822D91451E
SD NEGERI 05 PAJO,50203856,SD,Negeri,Kec. Pajo,230507,Kab. Dompu,230500,Prov. Nusa Tenggara Barat,230000,22,4,83,6,6,1,1,18,02 May 2026 09:04:59,F9BE16E3728193672C1A
SD NEGERI 06 PAJO,50203867,SD,Negeri,Kec. Pajo,230507,Kab. Dompu,230500,Prov. Nusa Tenggara Barat,230000,24,3,41,6,8,0,1,20,08 Apr 2026 07:52:03,8B41CAEE108D9CD1ED48
SD NEGERI 07 PAJO,50203877,SD,Negeri,Kec. Pajo,230507,Kab. Dompu,230500,Prov. Nusa Tenggara Barat,230000,23,3,93,6,6,0,0,35,27 Apr 2026 15:10:12,36C8EDB72314E32D311E
SD NEGERI 08 PAJO,50203869,SD,Negeri,Kec. Pajo,230507,Kab. Dompu,230500,Prov. Nusa Tenggara Barat,230000,23,2,44,6,10,0,1,30,21 Apr 2026 09:01:21,E9DE0D206D60E352BC91
SD NEGERI 09 PAJO,50219530,SD,Negeri,Kec. Pajo,230507,Kab. Dompu,230500,Prov. Nusa Tenggara Barat,230000,19,6,55,6,6,1,1,24,29 Apr 2026 08:54:00,09B5AF6C3DB04B6CA19A
SD NEGERI 10 PAJO,50203818,SD,Negeri,Kec. Pajo,230507,Kab. Dompu,230500,Prov. Nusa Tenggara Barat,230000,21,2,50,6,6,0,0,23,06 Apr 2026 19:27:14,399922EDDF29A3646899
SD NEGERI 11 PAJO,50203846,SD,Negeri,Kec. Pajo,230507,Kab. Dompu,230500,Prov. Nusa Tenggara Barat,230000,33,5,149,7,6,0,1,187,01 May 2026 05:52:08,C5FA722B73E5BAFA2A73
SD NEGERI 12 PAJO,50203838,SD,Negeri,Kec. Pajo,230507,Kab. Dompu,230500,Prov. Nusa Tenggara Barat,230000,20,1,61,6,6,0,0,27,21 Apr 2026 07:23:16,F41780B3F13A125175E7
SD NEGERI 13 PAJO,50203737,SD,Negeri,Kec. Pajo,230507,Kab. Dompu,230500,Prov. Nusa Tenggara Barat,230000,23,5,78,6,6,1,2,13,07 Mar 2026 09:59:13,2925E7065CF568D90598
SD NEGERI 14 PAJO,50203637,SD,Negeri,Kec. Pajo,230507,Kab. Dompu,230500,Prov. Nusa Tenggara Barat,230000,18,1,54,6,6,0,1,16,10 Apr 2026 19:06:10,BF5E0A23562D20826BD6
SD TAHFIDZ AL MUBAROK,70033823,SD,Swasta,Kec. Pajo,230507,Kab. Dompu,230500,Prov. Nusa Tenggara Barat,230000,8,2,26,4,1,0,0,30,28 Apr 2026 08:07:59,73F81108E28202A3E57A
SMP NEGERI 1 PAJO,50203680,SMP,Negeri,Kec. Pajo,230507,Kab. Dompu,230500,Prov. Nusa Tenggara Barat,230000,77,14,168,7,11,3,1,35,30 Apr 2026 19:16:22,6E1315CB3994AFB79B12
SMP NEGERI 2 PAJO,50203673,SMP,Negeri,Kec. Pajo,230507,Kab. Dompu,230500,Prov. Nusa Tenggara Barat,230000,47,13,149,6,11,2,1,51,22 Apr 2026 10:37:28,CB47B4EC746EB095DB95
SMP NEGERI 3 SATU ATAP PAJO,50219539,SMP,Negeri,Kec. Pajo,230507,Kab. Dompu,230500,Prov. Nusa Tenggara Barat,230000,21,5,30,3,3,1,1,30,27 Apr 2026 07:57:09,C09AB8D3157A3C14FCB4
SMP IT AL-IKHWAN,69982083,SMP,Swasta,Kec. Pajo,230507,Kab. Dompu,230500,Prov. Nusa Tenggara Barat,230000,9,2,24,3,3,1,1,46,29 Apr 2026 21:02:42,4468D22A81FA51DE37FF
SMP TAHFIDZ AL-MUBAROK,70005314,SMP,Swasta,Kec. Pajo,230507,Kab. Dompu,230500,Prov. Nusa Tenggara Barat,230000,20,4,129,6,6,2,1,100,29 Apr 2026 09:36:35,5FC3BA6F6E23898369C6
SMAN 1 PAJO,50203687,SMA,Negeri,Kec. Pajo,230507,Kab. Dompu,230500,Prov. Nusa Tenggara Barat,230000,46,11,294,9,17,4,1,41,02 May 2026 19:09:14,AAB2637867AC52A702D1
SMAS IT RANGGO,50203696,SMA,Swasta,Kec. Pajo,230507,Kab. Dompu,230500,Prov. Nusa Tenggara Barat,230000,14,3,127,5,7,2,1,33,04 Apr 2026 07:00:39,5C2C98D68CF5D398947A
SMKS AR-RIZKY,69734429,SMK,Swasta,Kec. Pajo,230507,Kab. Dompu,230500,Prov. Nusa Tenggara Barat,230000,8,2,34,4,6,1,1,10,03 Mar 2026 06:04:29,FABDCCA3E8D4E6E0E59F
SD NEGERI 01 KILO,50203740,SD,Negeri,Kec. Kilo,230504,Kab. Dompu,230500,Prov. Nusa Tenggara Barat,230000,25,6,166,9,7,1,1,25,28 Apr 2026 17:12:47,61595CE62D89FE0428DB
SD NEGERI 02 KILO,50203768,SD,Negeri,Kec. Kilo,230504,Kab. Dompu,230500,Prov. Nusa Tenggara Barat,230000,33,8,217,11,10,1,1,28,16 Apr 2026 19:39:53,08EAFE946004C3C84BF5
SD NEGERI 03 KILO,50203760,SD,Negeri,Kec. Kilo,230504,Kab. Dompu,230500,Prov. Nusa Tenggara Barat,230000,27,5,133,7,7,0,1,22,28 Apr 2026 19:21:29,8FD64C24119F921662F7
SD NEGERI 04 KILO,50203849,SD,Negeri,Kec. Kilo,230504,Kab. Dompu,230500,Prov. Nusa Tenggara Barat,230000,24,4,140,7,6,0,1,11,03 Mar 2026 14:04:37,BFD4A8FE7F96D40CF74E
SD NEGERI 05 KILO,50203858,SD,Negeri,Kec. Kilo,230504,Kab. Dompu,230500,Prov. Nusa Tenggara Barat,230000,32,11,145,10,7,0,0,42,28 Apr 2026 08:50:36,9259DF7B8C6823209261
SD NEGERI 06 KILO,50203850,SD,Negeri,Kec. Kilo,230504,Kab. Dompu,230500,Prov. Nusa Tenggara Barat,230000,24,2,73,6,6,0,2,8,18 Apr 2026 10:19:11,1C2B4A902C41188F9B01
SD NEGERI 07 KILO,50203883,SD,Negeri,Kec. Kilo,230504,Kab. Dompu,230500,Prov. Nusa Tenggara Barat,230000,23,5,143,7,6,0,1,19,07 Apr 2026 07:25:20,BD7B4BE1C1EDB14D2DA4
SD NEGERI 08 KILO,50203871,SD,Negeri,Kec. Kilo,230504,Kab. Dompu,230500,Prov. Nusa Tenggara Barat,230000,28,3,130,7,7,0,1,29,13 Apr 2026 10:14:56,39818F65142F7F27F1AE
SD NEGERI 09 KILO,50203827,SD,Negeri,Kec. Kilo,230504,Kab. Dompu,230500,Prov. Nusa Tenggara Barat,230000,25,8,134,6,5,0,0,20,16 Apr 2026 17:48:58,8926CAF5394757ED7673
SD NEGERI 10 KILO,50203820,SD,Negeri,Kec. Kilo,230504,Kab. Dompu,230500,Prov. Nusa Tenggara Barat,230000,29,7,120,6,6,1,1,22,03 Mar 2026 22:45:31,9EC1380B5E845FE3BB5A
SD NEGERI 11 KILO,50203831,SD,Negeri,Kec. Kilo,230504,Kab. Dompu,230500,Prov. Nusa Tenggara Barat,230000,25,4,79,6,6,0,1,42,02 May 2026 19:06:08,7A304591082FBC2B2F2D
SD NEGERI 12 KILO,50203840,SD,Negeri,Kec. Kilo,230504,Kab. Dompu,230500,Prov. Nusa Tenggara Barat,230000,21,4,37,6,6,0,0,6,12 Mar 2026 22:24:48,6B5F2145DC2E7508E8AC
SD NEGERI 13 KILO,50203832,SD,Negeri,Kec. Kilo,230504,Kab. Dompu,230500,Prov. Nusa Tenggara Barat,230000,36,6,155,10,10,0,1,23,01 May 2026 22:54:10,EB8E5A141DC8BCA66F6C
SD NEGERI 14 KILO,50203639,SD,Negeri,Kec. Kilo,230504,Kab. Dompu,230500,Prov. Nusa Tenggara Barat,230000,26,8,104,6,6,0,1,18,27 Apr 2026 14:30:15,67C35331DCC72BFA87CC
SD NEGERI 15 KILO,50203632,SD,Negeri,Kec. Kilo,230504,Kab. Dompu,230500,Prov. Nusa Tenggara Barat,230000,17,8,48,6,6,0,0,10,27 Feb 2026 16:43:42,BCEB3CD2C5EC180EF779
SD NEGERI 16 KILO,50203643,SD,Negeri,Kec. Kilo,230504,Kab. Dompu,230500,Prov. Nusa Tenggara Barat,230000,20,2,55,6,6,0,1,23,06 Apr 2026 23:40:36,C41B695A299779EFAEAB
SD NEGERI 17 KILO,50220408,SD,Negeri,Kec. Kilo,230504,Kab. Dompu,230500,Prov. Nusa Tenggara Barat,230000,21,6,66,6,7,0,1,19,27 Apr 2026 19:32:28,8393E9D812673413609E
SD NEGERI 18 KILO,50220409,SD,Negeri,Kec. Kilo,230504,Kab. Dompu,230500,Prov. Nusa Tenggara Barat,230000,33,6,113,7,7,0,1,32,28 Apr 2026 17:26:15,268680A23BBC310331F7
SDIT AR RAIHAN,70041347,SD,Swasta,Kec. Kilo,230504,Kab. Dompu,230500,Prov. Nusa Tenggara Barat,230000,4,1,62,4,4,0,0,9,28 Apr 2026 17:34:01,75FC23BDF574EC47E80A
SMP NEGERI 1 KILO,50203700,SMP,Negeri,Kec. Kilo,230504,Kab. Dompu,230500,Prov. Nusa Tenggara Barat,230000,59,16,407,14,13,1,2,47,29 Apr 2026 21:57:00,4AE4C4AD3B2227C9FDA0
SMP NEGERI 2 SATU ATAP KILO,50220380,SMP,Negeri,Kec. Kilo,230504,Kab. Dompu,230500,Prov. Nusa Tenggara Barat,230000,30,14,39,3,6,1,1,19,10 Apr 2026 13:10:22,0C2A9664FC197D6B0ACF
SMP NEGERI 3 KILO,70051784,SMP,Negeri,Kec. Kilo,230504,Kab. Dompu,230500,Prov. Nusa Tenggara Barat,230000,19,2,52,3,3,0,0,21,29 Apr 2026 18:07:30,AC5F7B4DD87C0CC1B64F
SMP PGRI KIWU,50203725,SMP,Swasta,Kec. Kilo,230504,Kab. Dompu,230500,Prov. Nusa Tenggara Barat,230000,10,3,58,3,3,2,1,18,20 Apr 2026 11:23:56,9795774711D17B7F386E
SMP PGRI PALI,50203724,SMP,Swasta,Kec. Kilo,230504,Kab. Dompu,230500,Prov. Nusa Tenggara Barat,230000,6,2,31,3,5,1,1,24,29 Apr 2026 19:22:34,75CC386B8902823F9921
SMP PGRI TAROPO,50203722,SMP,Swasta,Kec. Kilo,230504,Kab. Dompu,230500,Prov. Nusa Tenggara Barat,230000,8,3,91,3,4,2,1,21,10 Apr 2026 08:43:40,1964DB4C5CDF470678A8
SMAN 1 KILO,50203688,SMA,Negeri,Kec. Kilo,230504,Kab. Dompu,230500,Prov. Nusa Tenggara Barat,230000,59,11,340,12,13,3,2,68,28 Apr 2026 12:28:25,C24B32B5AE3CB84DA7D1
SMAN 2 KILO,50220376,SMA,Negeri,Kec. Kilo,230504,Kab. Dompu,230500,Prov. Nusa Tenggara Barat,230000,52,10,245,9,9,4,1,53,30 Apr 2026 11:09:39,E914179DA0E9E4A64AD7
SMAN 3 KILO,69966572,SMA,Negeri,Kec. Kilo,230504,Kab. Dompu,230500,Prov. Nusa Tenggara Barat,230000,39,14,82,4,3,3,1,32,30 Apr 2026 10:22:19,4CD70C7954FD7157C9EA
SMA IT AFIF AKBAR KILO,70032553,SMA,Swasta,Kec. Kilo,230504,Kab. Dompu,230500,Prov. Nusa Tenggara Barat,230000,5,1,33,3,3,0,0,25,03 Mar 2026 22:00:25,04482BE108BF0D252F71
SMKN 1 KILO,50220379,SMK,Negeri,Kec. Kilo,230504,Kab. Dompu,230500,Prov. Nusa Tenggara Barat,230000,101,26,219,16,12,3,1,93,23 Apr 2026 22:47:28,E4F362D984BC0229468B
SD NEGERI 01 KEMPO,50203741,SD,Negeri,Kec. Kempo,230505,Kab. Dompu,230500,Prov. Nusa Tenggara Barat,230000,25,4,205,11,9,0,1,25,26 Apr 2026 17:46:36,842FA66C6A24C7A0DD3F
SD NEGERI 02 KEMPO,50203769,SD,Negeri,Kec. Kempo,230505,Kab. Dompu,230500,Prov. Nusa Tenggara Barat,230000,19,1,75,6,6,0,1,15,16 Apr 2026 01:25:21,70E46E5040DAFA3B886F
SD NEGERI 03 KEMPO,50203761,SD,Negeri,Kec. Kempo,230505,Kab. Dompu,230500,Prov. Nusa Tenggara Barat,230000,15,1,43,6,6,0,2,22,07 Apr 2026 08:32:14,B930A8183B723026B22D
SD NEGERI 04 KEMPO,50203812,SD,Negeri,Kec. Kempo,230505,Kab. Dompu,230500,Prov. Nusa Tenggara Barat,230000,19,0,82,6,6,0,1,12,27 Mar 2026 21:18:52,2C0BFA9CFCD2EB3269E8
SD NEGERI 05 KEMPO,50203859,SD,Negeri,Kec. Kempo,230505,Kab. Dompu,230500,Prov. Nusa Tenggara Barat,230000,15,3,100,6,6,0,2,28,04 Apr 2026 21:08:08,45621313A56E559210D9
SD NEGERI 06 KEMPO,50203851,SD,Negeri,Kec. Kempo,230505,Kab. Dompu,230500,Prov. Nusa Tenggara Barat,230000,26,4,161,7,13,0,1,39,02 Apr 2026 10:53:44,EA26F5E66D7AB3A4FF1B
SD NEGERI 07 KEMPO,50203882,SD,Negeri,Kec. Kempo,230505,Kab. Dompu,230500,Prov. Nusa Tenggara Barat,230000,21,3,146,7,8,0,0,30,27 Apr 2026 09:56:15,C09552689E35ECC4486B
SD NEGERI 08 KEMPO,50203872,SD,Negeri,Kec. Kempo,230505,Kab. Dompu,230500,Prov. Nusa Tenggara Barat,230000,30,4,243,12,8,0,0,14,23 Apr 2026 19:37:34,58ED7DA2228AAAE98A09
SD NEGERI 10 KEMPO,50203821,SD,Negeri,Kec. Kempo,230505,Kab. Dompu,230500,Prov. Nusa Tenggara Barat,230000,18,1,68,6,6,0,1,27,30 Apr 2026 08:50:50,F6D0AE64751162F26AD5
SD NEGERI 11 KEMPO,50203830,SD,Negeri,Kec. Kempo,230505,Kab. Dompu,230500,Prov. Nusa Tenggara Barat,230000,25,2,119,6,8,0,1,13,02 Apr 2026 18:26:53,3DBABCFDF1011A79B6A2
SD NEGERI 12 KEMPO,50203841,SD,Negeri,Kec. Kempo,230505,Kab. Dompu,230500,Prov. Nusa Tenggara Barat,230000,18,3,137,7,6,0,1,17,02 Apr 2026 09:14:03,EB34B56A49D695793679
SD NEGERI 13 KEMPO,50203833,SD,Negeri,Kec. Kempo,230505,Kab. Dompu,230500,Prov. Nusa Tenggara Barat,230000,15,3,171,9,6,0,1,13,15 Apr 2026 16:40:07,5DE0B57C0262135F9075
SD NEGERI 14 KEMPO,50203640,SD,Negeri,Kec. Kempo,230505,Kab. Dompu,230500,Prov. Nusa Tenggara Barat,230000,16,2,94,6,6,0,0,11,23 Apr 2026 13:04:59,1B911F2FDCF80A746CD7
SD NEGERI 15 KEMPO,50203633,SD,Negeri,Kec. Kempo,230505,Kab. Dompu,230500,Prov. Nusa Tenggara Barat,230000,12,1,37,6,5,0,0,9,16 Apr 2026 00:53:59,662333064E4112A77431
SD NEGERI 16 KEMPO,50203627,SD,Negeri,Kec. Kempo,230505,Kab. Dompu,230500,Prov. Nusa Tenggara Barat,230000,16,0,40,6,6,0,0,11,04 Apr 2026 12:33:02,794B3A777ED33E12BF81
SD NEGERI 17 KEMPO,50203657,SD,Negeri,Kec. Kempo,230505,Kab. Dompu,230500,Prov. Nusa Tenggara Barat,230000,12,2,116,6,6,0,1,36,30 Apr 2026 22:34:04,3093336AE3D8113F07A6
SD NEGERI 18 KEMPO,50203652,SD,Negeri,Kec. Kempo,230505,Kab. Dompu,230500,Prov. Nusa Tenggara Barat,230000,14,2,30,6,4,0,1,35,06 Mar 2026 05:20:54,DE0BF74C28CE3A7A8FBC
SD NEGERI 19 KEMPO,50203647,SD,Negeri,Kec. Kempo,230505,Kab. Dompu,230500,Prov. Nusa Tenggara Barat,230000,10,3,33,6,6,0,0,15,24 Apr 2026 05:10:47,911C7ED16AFC1D391D62
SD NEGERI 20 KEMPO,50203605,SD,Negeri,Kec. Kempo,230505,Kab. Dompu,230500,Prov. Nusa Tenggara Barat,230000,10,3,66,6,6,0,0,12,21 Apr 2026 18:54:17,B6C9F37F34A03B4D61B5
SD NEGERI 21 KEMPO,50203600,SD,Negeri,Kec. Kempo,230505,Kab. Dompu,230500,Prov. Nusa Tenggara Barat,230000,9,2,77,6,6,0,1,25,29 Apr 2026 07:28:03,AF3B19835E7EE1E3137A
SD IT ABU LUKMAN,69991303,SD,Swasta,Kec. Kempo,230505,Kab. Dompu,230500,Prov. Nusa Tenggara Barat,230000,8,1,190,11,12,0,0,10,25 Apr 2026 09:00:24,671F33EC31101C32C3F0
SDIT IBNU ABBAS KEMPO,70032282,SD,Swasta,Kec. Kempo,230505,Kab. Dompu,230500,Prov. Nusa Tenggara Barat,230000,11,1,83,4,4,0,0,22,22 Apr 2026 12:01:40,F62E476CDA175ACC6330
SMP NEGERI 1 KEMPO,50203701,SMP,Negeri,Kec. Kempo,230505,Kab. Dompu,230500,Prov. Nusa Tenggara Barat,230000,73,15,509,17,24,5,1,43,06 Apr 2026 07:55:14,121BE5C073D3166D9618
SMP NEGERI 2 KEMPO,50203675,SMP,Negeri,Kec. Kempo,230505,Kab. Dompu,230500,Prov. Nusa Tenggara Barat,230000,59,11,260,9,11,1,1,55,27 Apr 2026 09:59:28,F9D8EEB8CCEBF9F23B25
SMP NEGERI 3 KEMPO,50220386,SMP,Negeri,Kec. Kempo,230505,Kab. Dompu,230500,Prov. Nusa Tenggara Barat,230000,39,14,84,3,9,1,1,20,22 Apr 2026 15:40:48,50BD4E07E0C7563BD12D
SMP NEGERI 4 SATU ATAP KEMPO,50220387,SMP,Negeri,Kec. Kempo,230505,Kab. Dompu,230500,Prov. Nusa Tenggara Barat,230000,27,1,62,3,4,1,1,13,03 Apr 2026 20:22:16,F937A24852018C499DF6
SMP NEGERI 5 SATU ATAP KEMPO,69786363,SMP,Negeri,Kec. Kempo,230505,Kab. Dompu,230500,Prov. Nusa Tenggara Barat,230000,18,3,42,3,3,0,1,15,15 Apr 2026 23:07:09,7FDD94D82E452289D464
SMP NEGERI 6 KEMPO,69786196,SMP,Negeri,Kec. Kempo,230505,Kab. Dompu,230500,Prov. Nusa Tenggara Barat,230000,22,5,21,3,3,1,1,24,22 Apr 2026 05:03:02,2468946481496DC6C9FC
SMAN 1 KEMPO,50203689,SMA,Negeri,Kec. Kempo,230505,Kab. Dompu,230500,Prov. Nusa Tenggara Barat,230000,55,16,726,21,19,8,1,79,24 Apr 2026 20:33:51,51628D28D1741511CE09
SMAN 2 KEMPO,50203692,SMA,Negeri,Kec. Kempo,230505,Kab. Dompu,230500,Prov. Nusa Tenggara Barat,230000,19,5,116,5,6,4,1,59,28 Apr 2026 19:40:28,7F9CD40104868B777D5F
SMKN 1 KEMPO,50203698,SMK,Negeri,Kec. Kempo,230505,Kab. Dompu,230500,Prov. Nusa Tenggara Barat,230000,45,7,328,14,10,0,2,31,22 Apr 2026 04:46:18,F2A0970D838D9517D870
SD NEGERI 12 MATARAM,50204658,SD,Negeri,Kec. Mataram,236002,Kota Mataram,236000,Prov. Nusa Tenggara Barat,230000,7,2,45,6,7,0,1,18,23 Apr 2026 07:02:54,ABD817EA260CBA972969
SD NEGERI 15 MATARAM,50204645,SD,Negeri,Kec. Mataram,236002,Kota Mataram,236000,Prov. Nusa Tenggara Barat,230000,13,5,258,10,8,1,1,25,22 Apr 2026 14:05:56,D6F06E8D33B806418667
SD NEGERI 19 MATARAM,50204601,SD,Negeri,Kec. Mataram,236002,Kota Mataram,236000,Prov. Nusa Tenggara Barat,230000,6,1,66,5,6,0,1,34,28 Apr 2026 12:03:40,BFDE2A1BBEDA242FE4A5
SD NEGERI 2 MATARAM,50204540,SD,Negeri,Kec. Mataram,236002,Kota Mataram,236000,Prov. Nusa Tenggara Barat,230000,17,1,342,12,11,0,2,20,26 Mar 2026 09:22:00,FCE8DD437D4D7C811503
SD NEGERI 20 AMPENAN,50204600,SD,Negeri,Kec. Mataram,236002,Kota Mataram,236000,Prov. Nusa Tenggara Barat,230000,11,4,232,9,7,0,0,12,02 Apr 2026 11:14:23,206A6872426C86E00E83
SD NEGERI 20 MATARAM,50204598,SD,Negeri,Kec. Mataram,236002,Kota Mataram,236000,Prov. Nusa Tenggara Barat,230000,9,2,64,6,6,0,1,11,10 Mar 2026 11:18:15,32067F3654C3717C3E8B
SD NEGERI 23 MATARAM,50204622,SD,Negeri,Kec. Mataram,236002,Kota Mataram,236000,Prov. Nusa Tenggara Barat,230000,9,3,138,6,6,0,1,35,10 Apr 2026 06:05:59,129BDD00835EAE7F2113
SD NEGERI 26 AMPENAN,50204615,SD,Negeri,Kec. Mataram,236002,Kota Mataram,236000,Prov. Nusa Tenggara Barat,230000,12,4,209,9,7,0,0,11,23 Apr 2026 10:11:11,5AE96A1B312FE8969D8D
SD NEGERI 27 MATARAM,50204452,SD,Negeri,Kec. Mataram,236002,Kota Mataram,236000,Prov. Nusa Tenggara Barat,230000,9,2,164,7,9,0,1,14,21 Apr 2026 09:10:04,B02E8FF0BF9DD99CABBA
SD NEGERI 28 MATARAM,50204423,SD,Negeri,Kec. Mataram,236002,Kota Mataram,236000,Prov. Nusa Tenggara Barat,230000,8,4,220,6,6,0,0,13,14 Apr 2026 08:59:51,86CD740DC4BF7ED023C7
SD NEGERI 3 AMPENAN,50204539,SD,Negeri,Kec. Mataram,236002,Kota Mataram,236000,Prov. Nusa Tenggara Barat,230000,17,3,341,12,8,0,1,41,28 Apr 2026 07:07:42,7DAA367BE24E9F3E262E
SD NEGERI 31 MATARAM,50204414,SD,Negeri,Kec. Mataram,236002,Kota Mataram,236000,Prov. Nusa Tenggara Barat,230000,10,3,69,6,5,0,1,26,27 Apr 2026 11:49:29,45A02C0A71BC96D678C5
SD NEGERI 32 AMPENAN,50204413,SD,Negeri,Kec. Mataram,236002,Kota Mataram,236000,Prov. Nusa Tenggara Barat,230000,9,3,153,6,6,0,1,12,29 Apr 2026 09:59:03,71BCFDA71E7C4CF0E9AA
SD NEGERI 35 MATARAM,50204434,SD,Negeri,Kec. Mataram,236002,Kota Mataram,236000,Prov. Nusa Tenggara Barat,230000,8,3,66,6,7,0,1,26,07 Apr 2026 06:48:58,94A592A09356A142E33D
SD NEGERI 36 AMPENAN,50204433,SD,Negeri,Kec. Mataram,236002,Kota Mataram,236000,Prov. Nusa Tenggara Barat,230000,6,1,30,6,6,0,1,1,03 Mar 2026 04:31:13,5DA5EEBC8B32ACE31136
SD NEGERI 36 MATARAM,50204431,SD,Negeri,Kec. Mataram,236002,Kota Mataram,236000,Prov. Nusa Tenggara Barat,230000,8,2,86,6,6,0,1,14,28 Apr 2026 09:02:28,59BFBE5F61C07B89B734
SD NEGERI 38 MATARAM,50204392,SD,Negeri,Kec. Mataram,236002,Kota Mataram,236000,Prov. Nusa Tenggara Barat,230000,23,6,498,18,13,0,0,20,27 Apr 2026 11:15:03,C7D3E4964C5D5C2B8B5D
SD NEGERI 4 MATARAM,50204594,SD,Negeri,Kec. Mataram,236002,Kota Mataram,236000,Prov. Nusa Tenggara Barat,230000,9,3,175,6,6,0,1,13,30 Apr 2026 11:09:24,04EE4E4DAFCD9D727011
SD NEGERI 40 MATARAM,50204386,SD,Negeri,Kec. Mataram,236002,Kota Mataram,236000,Prov. Nusa Tenggara Barat,230000,7,3,60,6,5,0,1,17,03 Apr 2026 20:38:29,DC1D48ADE13E4E0A9A14
SD NEGERI 41 MATARAM,50204380,SD,Negeri,Kec. Mataram,236002,Kota Mataram,236000,Prov. Nusa Tenggara Barat,230000,27,2,468,18,9,1,1,30,03 Apr 2026 20:31:59,A74593AF09B389282B87
SD NEGERI 42 AMPENAN,50204381,SD,Negeri,Kec. Mataram,236002,Kota Mataram,236000,Prov. Nusa Tenggara Barat,230000,8,1,190,6,7,0,1,11,30 Apr 2026 07:44:42,33E16C5DBB1BEDA90205
SD NEGERI 42 MATARAM,50204383,SD,Negeri,Kec. Mataram,236002,Kota Mataram,236000,Prov. Nusa Tenggara Barat,230000,12,4,212,10,8,0,1,12,27 Mar 2026 07:30:54,293912E1455DB19D6729
SD NEGERI 44 AMPENAN,50204409,SD,Negeri,Kec. Mataram,236002,Kota Mataram,236000,Prov. Nusa Tenggara Barat,230000,22,3,495,17,11,0,1,74,05 Apr 2026 22:17:21,97CB330715FCC8A6931D
SD NEGERI 44 MATARAM,50204407,SD,Negeri,Kec. Mataram,236002,Kota Mataram,236000,Prov. Nusa Tenggara Barat,230000,9,4,156,6,6,1,1,16,02 Apr 2026 06:26:38,895E16182C1A2B079EEC
SD NEGERI 45 MATARAM,50204405,SD,Negeri,Kec. Mataram,236002,Kota Mataram,236000,Prov. Nusa Tenggara Barat,230000,15,3,332,12,12,0,1,16,30 Apr 2026 08:47:43,4313DBCC0CBA060BBACC
SD NEGERI 46 AMPENAN,50204404,SD,Negeri,Kec. Mataram,236002,Kota Mataram,236000,Prov. Nusa Tenggara Barat,230000,9,2,179,7,6,0,1,16,22 Apr 2026 09:12:20,7D07873FF88ED69B9205
SD NEGERI 47 MATARAM,50219889,SD,Negeri,Kec. Mataram,236002,Kota Mataram,236000,Prov. Nusa Tenggara Barat,230000,11,1,200,8,5,0,1,48,23 Apr 2026 06:26:52,25519EB3D79910820983
SD NEGERI 6 AMPENAN,50204639,SD,Negeri,Kec. Mataram,236002,Kota Mataram,236000,Prov. Nusa Tenggara Barat,230000,9,3,175,6,6,0,1,23,27 Apr 2026 10:03:42,1630422185A1CD3B90B9
SD NEGERI 6 MATARAM,50204637,SD,Negeri,Kec. Mataram,236002,Kota Mataram,236000,Prov. Nusa Tenggara Barat,230000,24,7,462,17,12,0,1,15,09 Apr 2026 13:26:46,0A3496B30253B15BAD00
SD DWIJENDRA MATARAM,50204534,SD,Swasta,Kec. Mataram,236002,Kota Mataram,236000,Prov. Nusa Tenggara Barat,230000,8,2,80,6,5,1,1,21,25 Apr 2026 12:39:07,391D652E87BA755C0659
SD ISLAM ASWAJA DARUL FALAH,70008456,SD,Swasta,Kec. Mataram,236002,Kota Mataram,236000,Prov. Nusa Tenggara Barat,230000,13,2,305,13,14,0,1,16,16 Apr 2026 11:30:05,ECAEEB960F3E325D9E76
SD IT ANAK SHOLEH,50219603,SD,Swasta,Kec. Mataram,236002,Kota Mataram,236000,Prov. Nusa Tenggara Barat,230000,50,4,667,24,24,1,1,11,06 Apr 2026 10:00:36,C43C2D35486432B23557
SDIT AL-IMAM ASY-SYAFI`I,69900443,SD,Swasta,Kec. Mataram,236002,Kota Mataram,236000,Prov. Nusa Tenggara Barat,230000,31,5,530,22,13,0,1,22,29 Apr 2026 22:43:22,8A12D70E25BB31F126AD
SDIT FAUZIAH YARSI MATARAM,70005993,SD,Swasta,Kec. Mataram,236002,Kota Mataram,236000,Prov. Nusa Tenggara Barat,230000,17,1,451,18,18,0,0,22,23 Apr 2026 08:51:30,BADAC729EDD220A1BAF5
SDIT PUTRA ABU HURAIRAH MATARAM,69971658,SD,Swasta,Kec. Mataram,236002,Kota Mataram,236000,Prov. Nusa Tenggara Barat,230000,24,5,558,19,19,1,1,25,03 Apr 2026 08:03:21,1FE93AB0B60FC2D75A6B
SDIT PUTRI ABU HURAIRAH MATARAM,50219573,SD,Swasta,Kec. Mataram,236002,Kota Mataram,236000,Prov. Nusa Tenggara Barat,230000,26,5,537,19,19,2,1,27,02 Apr 2026 09:33:44,DC33C2C58677FF079D8C
SDIT TAHFIDZUL QURAN ANNAHL,70042619,SD,Swasta,Kec. Mataram,236002,Kota Mataram,236000,Prov. Nusa Tenggara Barat,230000,10,3,111,6,6,0,0,22,30 Apr 2026 07:33:56,388245D707E651DE8750
SMP NEGERI 16 MATARAM,50204473,SMP,Negeri,Kec. Mataram,236002,Kota Mataram,236000,Prov. Nusa Tenggara Barat,230000,26,11,342,12,17,1,1,14,27 Apr 2026 10:59:44,827DC181F6C069BD74FC
SMP NEGERI 7 MATARAM,50204482,SMP,Negeri,Kec. Mataram,236002,Kota Mataram,236000,Prov. Nusa Tenggara Barat,230000,63,20,1428,33,34,5,1,53,30 Apr 2026 09:25:50,57ECE1C4C213C1FB1BB6
SMP NEGERI 9 MATARAM,50204480,SMP,Negeri,Kec. Mataram,236002,Kota Mataram,236000,Prov. Nusa Tenggara Barat,230000,34,14,510,17,24,7,3,28,20 Apr 2026 06:50:34,B708C08E144A1C334F01
SMP DARUL HIKMAH,50219506,SMP,Swasta,Kec. Mataram,236002,Kota Mataram,236000,Prov. Nusa Tenggara Barat,230000,8,1,100,3,3,0,1,21,30 Apr 2026 11:36:51,897AA196F7CAD09C12FF
SMP DWIJENDRA MATARAM,50219511,SMP,Swasta,Kec. Mataram,236002,Kota Mataram,236000,Prov. Nusa Tenggara Barat,230000,7,2,34,3,3,1,1,14,02 May 2026 19:10:42,E3FF084DF7259FDA56B0
SMP ISLAM TERPADU PUTRA ABU HURAIRAH MATARAM,50219510,SMP,Swasta,Kec. Mataram,236002,Kota Mataram,236000,Prov. Nusa Tenggara Barat,230000,27,2,521,16,16,1,1,29,30 Apr 2026 08:16:25,E1CB55D0E3FDBDE43137
SMP ISLAM TERPADU PUTRI ABU HURAIRAH MATARAM,50220360,SMP,Swasta,Kec. Mataram,236002,Kota Mataram,236000,Prov. Nusa Tenggara Barat,230000,20,10,486,14,14,2,1,16,09 Apr 2026 07:07:22,720EC9AC689F873F61BD
SMP ISLAM TERPADU YAUMI,69876161,SMP,Swasta,Kec. Mataram,236002,Kota Mataram,236000,Prov. Nusa Tenggara Barat,230000,3,1,19,3,3,0,1,19,24 Apr 2026 05:02:15,12AEA0F19B3C9A5DFC0B
SMP IT AL FAJAR MATARAM,69787747,SMP,Swasta,Kec. Mataram,236002,Kota Mataram,236000,Prov. Nusa Tenggara Barat,230000,8,3,113,6,5,0,1,10,25 Feb 2026 10:20:51,690B9F17D836FD8BC24C
SMP IT YARSI MATARAM,70005641,SMP,Swasta,Kec. Mataram,236002,Kota Mataram,236000,Prov. Nusa Tenggara Barat,230000,9,2,224,8,9,1,1,51,29 Apr 2026 11:35:32,B17E4BD553C9F73ED645
SMP PGRI MATARAM,50204460,SMP,Swasta,Kec. Mataram,236002,Kota Mataram,236000,Prov. Nusa Tenggara Barat,230000,1,1,0,0,0,0,0,0,,DC1EE12676956174ECD2
SMP SALAFIYAH DARUL FALAH,50204463,SMP,Swasta,Kec. Mataram,236002,Kota Mataram,236000,Prov. Nusa Tenggara Barat,230000,16,2,605,19,19,0,1,45,01 May 2026 23:36:15,DC27850B2172B906EB9C
SMA NEGERI 11 MATARAM,70001605,SMA,Negeri,Kec. Mataram,236002,Kota Mataram,236000,Prov. Nusa Tenggara Barat,230000,19,7,151,6,4,4,1,72,23 Apr 2026 11:06:17,994F30CF7A0DCAB3A8A5
SMA IT Putri Abu Hurairah Mataram,50219668,SMA,Swasta,Kec. Mataram,236002,Kota Mataram,236000,Prov. Nusa Tenggara Barat,230000,21,7,367,12,12,5,1,42,29 Apr 2026 09:29:05,5FA31F3B4F336A1B6D54
SMA IT YARSI MATARAM,70028527,SMA,Swasta,Kec. Mataram,236002,Kota Mataram,236000,Prov. Nusa Tenggara Barat,230000,2,1,77,3,4,0,0,12,29 Apr 2026 16:58:37,6EFA2B1F78741D38694E
SMAS DARUL FALAH,50204499,SMA,Swasta,Kec. Mataram,236002,Kota Mataram,236000,Prov. Nusa Tenggara Barat,230000,8,2,337,11,6,0,1,9,14 Apr 2026 14:17:39,784D9BB75C02F2F71BEF
SMAS DARUL HIKMAH,50204498,SMA,Swasta,Kec. Mataram,236002,Kota Mataram,236000,Prov. Nusa Tenggara Barat,230000,6,1,50,3,3,1,1,7,27 Apr 2026 09:34:09,A50785B46C9B58380DCA
SMAS JANAMARGA MATARAM,50204495,SMA,Swasta,Kec. Mataram,236002,Kota Mataram,236000,Prov. Nusa Tenggara Barat,230000,10,3,28,3,3,1,1,17,06 Apr 2026 18:27:19,15068108FE6AD91A1C7B
SMAS KERTYA WISATA MATARAAM,50204493,SMA,Swasta,Kec. Mataram,236002,Kota Mataram,236000,Prov. Nusa Tenggara Barat,230000,11,1,44,3,3,4,1,29,29 Apr 2026 18:00:19,98B2D252E1929C3783D8
SMAS SARASWATI MATARAM,50204488,SMA,Swasta,Kec. Mataram,236002,Kota Mataram,236000,Prov. Nusa Tenggara Barat,230000,0,0,0,0,0,0,0,0,,A7105C972677FBA66506
SMKN 5 MATARAM,50204465,SMK,Negeri,Kec. Mataram,236002,Kota Mataram,236000,Prov. Nusa Tenggara Barat,230000,81,15,1019,44,28,4,1,54,23 Apr 2026 21:00:25,6D7DA35A2684D91D6A1E
SMKS HASANUDIN MATARAM,50204509,SMK,Swasta,Kec. Mataram,236002,Kota Mataram,236000,Prov. Nusa Tenggara Barat,230000,2,3,24,3,5,0,1,11,06 Apr 2026 15:21:09,2864CB538CC9D2B535C9
SMKS MUHAMMADIYAH MATARAM,50204508,SMK,Swasta,Kec. Mataram,236002,Kota Mataram,236000,Prov. Nusa Tenggara Barat,230000,7,4,50,7,11,1,1,12,14 Apr 2026 08:15:20,A49B4630802932E72AD6
SMKS SARASWATI MATARAM,50204466,SMK,Swasta,Kec. Mataram,236002,Kota Mataram,236000,Prov. Nusa Tenggara Barat,230000,8,3,16,3,6,2,1,25,31 Mar 2026 19:02:15,1C7A4F66F7042B89BB6E
SMKS YARSI MATARAM,50219656,SMK,Swasta,Kec. Mataram,236002,Kota Mataram,236000,Prov. Nusa Tenggara Barat,230000,13,7,363,10,9,2,1,16,02 May 2026 08:31:19,B418121C654859B8A6F1
SD NEGERI 07 AMPENAN,50204636,SD,Negeri,Kec. Ampenan,236001,Kota Mataram,236000,Prov. Nusa Tenggara Barat,230000,13,3,274,11,9,0,1,23,28 Apr 2026 07:13:33,9E52250EFE59A27752BB
SD NEGERI 1 AMPENAN,50204545,SD,Negeri,Kec. Ampenan,236001,Kota Mataram,236000,Prov. Nusa Tenggara Barat,230000,26,8,527,18,17,1,1,27,28 Apr 2026 23:12:06,6664B9379C1316FE5C19
SD NEGERI 11 AMPENAN,50204653,SD,Negeri,Kec. Ampenan,236001,Kota Mataram,236000,Prov. Nusa Tenggara Barat,230000,9,1,64,6,6,0,1,22,05 Apr 2026 17:15:30,17B9AE8706EBC2BE2D09
SD NEGERI 12 AMPENAN,50204656,SD,Negeri,Kec. Ampenan,236001,Kota Mataram,236000,Prov. Nusa Tenggara Barat,230000,9,2,163,7,5,0,1,20,15 Apr 2026 13:27:46,9E4062116899B7D5A2D3
SD NEGERI 13 AMPENAN,50204652,SD,Negeri,Kec. Ampenan,236001,Kota Mataram,236000,Prov. Nusa Tenggara Barat,230000,31,6,735,24,29,0,0,23,02 Apr 2026 13:17:42,9E939B684915B5FEE701
SD NEGERI 14 AMPENAN,50204650,SD,Negeri,Kec. Ampenan,236001,Kota Mataram,236000,Prov. Nusa Tenggara Barat,230000,8,3,112,6,5,0,1,15,02 May 2026 17:49:46,55C668A1A7970D29A87E
SD NEGERI 16 AMPENAN,50204644,SD,Negeri,Kec. Ampenan,236001,Kota Mataram,236000,Prov. Nusa Tenggara Barat,230000,8,2,188,6,7,0,1,13,04 Apr 2026 00:35:39,A5CCCB324D2329666354
SD NEGERI 17 AMPENAN,50204608,SD,Negeri,Kec. Ampenan,236001,Kota Mataram,236000,Prov. Nusa Tenggara Barat,230000,8,3,130,6,6,0,1,17,09 Apr 2026 11:14:00,1BAC366C421A80AB0782
SD NEGERI 18 AMPENAN,50204606,SD,Negeri,Kec. Ampenan,236001,Kota Mataram,236000,Prov. Nusa Tenggara Barat,230000,8,4,211,7,6,0,1,12,03 Apr 2026 20:26:40,B7565371971CAA328D99
SD NEGERI 21 AMPENAN,50204597,SD,Negeri,Kec. Ampenan,236001,Kota Mataram,236000,Prov. Nusa Tenggara Barat,230000,12,2,244,11,10,0,1,46,09 Apr 2026 19:09:55,E70C0F4299D4D66CCFF9
SD NEGERI 22 AMPENAN,50204610,SD,Negeri,Kec. Ampenan,236001,Kota Mataram,236000,Prov. Nusa Tenggara Barat,230000,14,2,199,10,9,1,0,17,13 Apr 2026 07:52:13,EEF8C1A676F19F3B1076
SD NEGERI 23 AMPENAN,50204624,SD,Negeri,Kec. Ampenan,236001,Kota Mataram,236000,Prov. Nusa Tenggara Barat,230000,9,4,200,7,7,0,1,18,02 May 2026 08:23:29,B2ECE68DE9E0899AD2E4
SD NEGERI 24 AMPENAN,50204621,SD,Negeri,Kec. Ampenan,236001,Kota Mataram,236000,Prov. Nusa Tenggara Barat,230000,11,1,245,9,8,0,1,8,17 Apr 2026 10:04:10,18CB593724BBEBABBF79
SD NEGERI 28 AMPENAN,50204425,SD,Negeri,Kec. Ampenan,236001,Kota Mataram,236000,Prov. Nusa Tenggara Barat,230000,9,1,153,6,7,0,1,20,24 Apr 2026 07:55:06,68FE3DD89F017EADCF08
SD NEGERI 29 AMPENAN,50204422,SD,Negeri,Kec. Ampenan,236001,Kota Mataram,236000,Prov. Nusa Tenggara Barat,230000,10,3,261,9,6,0,1,7,13 Apr 2026 08:16:06,B86D2E5D412F075558A4
SD NEGERI 30 AMPENAN,50204419,SD,Negeri,Kec. Ampenan,236001,Kota Mataram,236000,Prov. Nusa Tenggara Barat,230000,13,2,355,12,10,0,1,27,28 Apr 2026 10:57:50,FE8192146258D9006A8E
SD NEGERI 33 AMPENAN,50204427,SD,Negeri,Kec. Ampenan,236001,Kota Mataram,236000,Prov. Nusa Tenggara Barat,230000,8,4,120,6,6,0,1,15,28 Apr 2026 08:54:02,A7AF5448131F2F591FFA
SD NEGERI 34 AMPENAN,50204439,SD,Negeri,Kec. Ampenan,236001,Kota Mataram,236000,Prov. Nusa Tenggara Barat,230000,8,2,226,6,6,1,1,34,24 Apr 2026 07:59:09,93DE885E5A20E7278F56
SD NEGERI 39 AMPENAN,50204391,SD,Negeri,Kec. Ampenan,236001,Kota Mataram,236000,Prov. Nusa Tenggara Barat,230000,9,3,209,7,7,0,1,15,16 Apr 2026 21:13:34,2899991A991CE6FBF09D
SD NEGERI 4 AMPENAN,50204536,SD,Negeri,Kec. Ampenan,236001,Kota Mataram,236000,Prov. Nusa Tenggara Barat,230000,13,1,279,11,11,0,1,15,02 Apr 2026 05:01:09,4D16295DE8FC089BD6A6
SD NEGERI 47 AMPENAN,50219513,SD,Negeri,Kec. Ampenan,236001,Kota Mataram,236000,Prov. Nusa Tenggara Barat,230000,9,3,224,7,6,0,1,23,27 Apr 2026 08:01:49,0866A478E69B95F91DF9
SD NEGERI 48 AMPENAN,50219565,SD,Negeri,Kec. Ampenan,236001,Kota Mataram,236000,Prov. Nusa Tenggara Barat,230000,8,4,136,6,6,2,1,19,17 Apr 2026 09:57:54,4A79330BE3FE49D6F659
SD NEGERI 5 AMPENAN,50204627,SD,Negeri,Kec. Ampenan,236001,Kota Mataram,236000,Prov. Nusa Tenggara Barat,230000,25,4,623,20,16,1,1,37,22 Apr 2026 15:12:51,3EDD18DF5DFE1A887108
SD NEGERI 9 AMPENAN,50204631,SD,Negeri,Kec. Ampenan,236001,Kota Mataram,236000,Prov. Nusa Tenggara Barat,230000,21,5,554,18,18,0,1,31,05 Apr 2026 22:02:35,64F853DD005C615F461D
SD AISYIYAH 2 MATARAM,70000246,SD,Swasta,Kec. Ampenan,236001,Kota Mataram,236000,Prov. Nusa Tenggara Barat,230000,7,2,56,6,6,0,2,29,21 Apr 2026 09:04:45,40F3F135D9B7B48BD309
SD DAARUL MUJAWWIDIN,69929620,SD,Swasta,Kec. Ampenan,236001,Kota Mataram,236000,Prov. Nusa Tenggara Barat,230000,8,2,144,7,7,0,0,11,06 Apr 2026 10:40:28,58F9AFD1235C9531FF00
SD INTEGRAL LUQMAN AL HAKIM,50204535,SD,Swasta,Kec. Ampenan,236001,Kota Mataram,236000,Prov. Nusa Tenggara Barat,230000,36,3,544,24,24,0,0,15,07 Mar 2026 20:38:27,97C7E01F9111A6B9DAAF
SD ISLAM ALI BIN ABI THALIB,70025397,SD,Swasta,Kec. Ampenan,236001,Kota Mataram,236000,Prov. Nusa Tenggara Barat,230000,9,2,92,6,6,0,1,11,13 Apr 2026 08:28:44,5EFEF0616B5DD5A5E949
SD ISLAM TERPADU AN NUJABA,50219514,SD,Swasta,Kec. Ampenan,236001,Kota Mataram,236000,Prov. Nusa Tenggara Barat,230000,13,1,211,8,7,0,0,33,13 Apr 2026 13:02:30,E2E570365DFCB66902E5
SD IT AL FAJAR MATARAM,50219582,SD,Swasta,Kec. Ampenan,236001,Kota Mataram,236000,Prov. Nusa Tenggara Barat,230000,10,3,242,12,14,0,1,14,30 Apr 2026 08:43:59,111A2FB8DBD8B950B388
SD KRISTEN ALETHEIA,50204548,SD,Swasta,Kec. Ampenan,236001,Kota Mataram,236000,Prov. Nusa Tenggara Barat,230000,16,4,192,10,12,3,1,20,06 Apr 2026 11:29:50,E6487D22F3D105A529DF
SD TAHFIDZUL QURAN DARUL WAFA,70009976,SD,Swasta,Kec. Ampenan,236001,Kota Mataram,236000,Prov. Nusa Tenggara Barat,230000,14,2,262,11,1,0,0,77,15 Apr 2026 23:10:27,C38CFA9D231B2F9D3259
SDI BIDAYATUL HIDAYAH,69969289,SD,Swasta,Kec. Ampenan,236001,Kota Mataram,236000,Prov. Nusa Tenggara Barat,230000,12,4,212,11,13,0,1,47,30 Apr 2026 10:11:14,CC9834C9A2EAD2AAD6F6
SDIT ABATA LOMBOK,69985204,SD,Swasta,Kec. Ampenan,236001,Kota Mataram,236000,Prov. Nusa Tenggara Barat,230000,50,1,758,28,39,1,1,81,27 Apr 2026 10:30:35,0A85F9560A4D12822164
SDIT AL FALAH,69969330,SD,Swasta,Kec. Ampenan,236001,Kota Mataram,236000,Prov. Nusa Tenggara Barat,230000,13,1,182,8,10,1,1,26,06 Apr 2026 08:47:36,DA87DA0D29214B535D5F
SDK ST ANTONIUS AMPENAN,50204546,SD,Swasta,Kec. Ampenan,236001,Kota Mataram,236000,Prov. Nusa Tenggara Barat,230000,10,6,189,7,11,1,1,12,21 Apr 2026 12:03:10,F8715AF7869A0D883918
SEKOLAH DASAR ISLAM LIL BANAT,70060271,SD,Swasta,Kec. Ampenan,236001,Kota Mataram,236000,Prov. Nusa Tenggara Barat,230000,3,0,0,0,0,0,0,0,26 Apr 2026 06:54:10,31015D9EE121B59A38CE
SMP NEGERI 10 MATARAM,50204479,SMP,Negeri,Kec. Ampenan,236001,Kota Mataram,236000,Prov. Nusa Tenggara Barat,230000,47,17,872,27,27,4,1,45,28 Apr 2026 08:24:30,8B277E81FEE9FA71F14A
SMP NEGERI 18 MATARAM,50204454,SMP,Negeri,Kec. Ampenan,236001,Kota Mataram,236000,Prov. Nusa Tenggara Barat,230000,10,9,38,3,9,2,1,14,02 Apr 2026 12:10:41,304EB02F89E35084974C
SMP NEGERI 24 MATARAM,69896893,SMP,Negeri,Kec. Ampenan,236001,Kota Mataram,236000,Prov. Nusa Tenggara Barat,230000,12,3,88,3,4,2,1,34,27 Apr 2026 07:27:31,5AA87757828B650F335E
SMP NEGERI 3 MATARAM,50204471,SMP,Negeri,Kec. Ampenan,236001,Kota Mataram,236000,Prov. Nusa Tenggara Barat,230000,25,16,338,12,19,3,1,29,29 Apr 2026 12:49:29,99897A86AE0C22ACF8CC
SMP ISLAM BIDAYATUL HIDAYAH,70002326,SMP,Swasta,Kec. Ampenan,236001,Kota Mataram,236000,Prov. Nusa Tenggara Barat,230000,8,2,140,6,8,1,1,37,29 Apr 2026 08:40:22,C14F2DB3115E8AAB2441
SMP K ST ANTONIUS,50204457,SMP,Swasta,Kec. Ampenan,236001,Kota Mataram,236000,Prov. Nusa Tenggara Barat,230000,9,5,73,3,6,2,1,22,28 Apr 2026 07:35:57,EF99A6957BF217E7B77D
SMP KRISTEN ALETHEIA,50204459,SMP,Swasta,Kec. Ampenan,236001,Kota Mataram,236000,Prov. Nusa Tenggara Barat,230000,12,1,85,4,6,6,1,11,06 Apr 2026 08:34:33,542B9710E33036C8B117
SMP TAHFIZH DAARUL MUJAWWIDIN,70002555,SMP,Swasta,Kec. Ampenan,236001,Kota Mataram,236000,Prov. Nusa Tenggara Barat,230000,5,2,33,3,3,0,0,24,01 May 2026 07:40:39,90D06B49B14C47F89690
SMPIT ABATA LOMBOK,70028943,SMP,Swasta,Kec. Ampenan,236001,Kota Mataram,236000,Prov. Nusa Tenggara Barat,230000,10,1,99,4,3,2,2,19,25 Apr 2026 19:22:42,01AE51EEFAF8EBBFEF02
SMPIT BUKIT QURAN NUSANTARA MATARAM,69971636,SMP,Swasta,Kec. Ampenan,236001,Kota Mataram,236000,Prov. Nusa Tenggara Barat,230000,8,2,122,5,9,2,1,14,14 Apr 2026 08:56:08,1573FFA3A80E8A5534D1
SMAN 7 MATARAM,50204513,SMA,Negeri,Kec. Ampenan,236001,Kota Mataram,236000,Prov. Nusa Tenggara Barat,230000,70,24,1214,35,36,5,2,41,24 Apr 2026 09:57:01,88599BB3097CA185A48F
SMA ABATA LOMBOK,70042657,SMA,Swasta,Kec. Ampenan,236001,Kota Mataram,236000,Prov. Nusa Tenggara Barat,230000,9,1,79,4,3,2,3,22,21 Apr 2026 21:32:12,E9399839B703F9F3EF1C
SMA ISLAM BIDAYATUL HIDAYAH,70053632,SMA,Swasta,Kec. Ampenan,236001,Kota Mataram,236000,Prov. Nusa Tenggara Barat,230000,5,2,89,5,6,0,0,36,01 May 2026 07:53:55,1E6C1B22314E7E797F79
SMAIT BUKIT QURAN NUSANTARA,70032152,SMA,Swasta,Kec. Ampenan,236001,Kota Mataram,236000,Prov. Nusa Tenggara Barat,230000,8,1,32,3,3,1,2,23,22 Apr 2026 06:44:45,DD52ED3BADA934B1C352
SMAS HANG TUAH 3 MATARAM,50204497,SMA,Swasta,Kec. Ampenan,236001,Kota Mataram,236000,Prov. Nusa Tenggara Barat,230000,3,1,0,0,0,0,0,0,,C9C48DF3A4B8A5632F98
SMAS MODEL NURUL JANNAH,50204492,SMA,Swasta,Kec. Ampenan,236001,Kota Mataram,236000,Prov. Nusa Tenggara Barat,230000,8,2,104,4,4,4,1,20,21 Apr 2026 09:27:31,18B7698AADE898F14F0B
SMAS TRISAKTI MATARAM,50204502,SMA,Swasta,Kec. Ampenan,236001,Kota Mataram,236000,Prov. Nusa Tenggara Barat,230000,2,4,15,3,5,3,1,8,07 Mar 2026 05:43:04,5B0CCAF61D812C1901B0
SD NEGERI 1 MATARAM,50204543,SD,Negeri,Kec. Selaparang,236005,Kota Mataram,236000,Prov. Nusa Tenggara Barat,230000,9,5,180,6,6,0,1,23,23 Apr 2026 09:53:39,CFF543ADBC69E4E27E49
SD NEGERI 10 MATARAM,50204643,SD,Negeri,Kec. Selaparang,236005,Kota Mataram,236000,Prov. Nusa Tenggara Barat,230000,16,2,286,12,12,0,1,11,20 Apr 2026 16:21:25,486F922F3144B5F4D456
SD NEGERI 11 MATARAM,50204655,SD,Negeri,Kec. Selaparang,236005,Kota Mataram,236000,Prov. Nusa Tenggara Barat,230000,12,4,304,10,8,0,1,8,04 Mar 2026 09:11:56,37974ADF07DC2A52A7C6
SD NEGERI 13 MATARAM,50204651,SD,Negeri,Kec. Selaparang,236005,Kota Mataram,236000,Prov. Nusa Tenggara Barat,230000,8,3,114,6,6,0,1,24,10 Apr 2026 09:11:13,85D84F4997E2BE321A0C
SD NEGERI 14 MATARAM,50204648,SD,Negeri,Kec. Selaparang,236005,Kota Mataram,236000,Prov. Nusa Tenggara Barat,230000,8,4,71,6,6,0,1,20,26 Jan 2026 12:09:46,C6200468AE54051CBC55
SD NEGERI 16 MATARAM,50204609,SD,Negeri,Kec. Selaparang,236005,Kota Mataram,236000,Prov. Nusa Tenggara Barat,230000,9,4,186,7,8,0,1,19,23 Apr 2026 09:19:58,C570ABCEEBA815161716
SD NEGERI 17 MATARAM,50204607,SD,Negeri,Kec. Selaparang,236005,Kota Mataram,236000,Prov. Nusa Tenggara Barat,230000,11,5,107,6,6,0,1,7,16 Mar 2026 09:20:53,38F7AE60F8C5FA22164A
SD NEGERI 18 MATARAM,50204604,SD,Negeri,Kec. Selaparang,236005,Kota Mataram,236000,Prov. Nusa Tenggara Barat,230000,8,1,185,6,6,0,1,7,05 Mar 2026 10:04:51,3B3D0F1E5607E050BCAC
SD NEGERI 22 MATARAM,50204625,SD,Negeri,Kec. Selaparang,236005,Kota Mataram,236000,Prov. Nusa Tenggara Barat,230000,15,5,237,10,9,0,1,20,16 Apr 2026 10:19:31,2CDAA944311805C6DB67
SD NEGERI 24 MATARAM,50204619,SD,Negeri,Kec. Selaparang,236005,Kota Mataram,236000,Prov. Nusa Tenggara Barat,230000,9,3,97,6,6,0,1,26,29 Apr 2026 09:19:28,0E23C503872AF0A2AB53
SD NEGERI 25 MATARAM,50204616,SD,Negeri,Kec. Selaparang,236005,Kota Mataram,236000,Prov. Nusa Tenggara Barat,230000,9,2,68,6,6,0,1,25,24 Apr 2026 07:27:35,6497914DA8BA3C5BC312
SD NEGERI 26 MATARAM,50204613,SD,Negeri,Kec. Selaparang,236005,Kota Mataram,236000,Prov. Nusa Tenggara Barat,230000,10,3,211,8,9,2,1,15,04 Apr 2026 12:59:47,A3BD4B212F0E1A6750FD
SD NEGERI 29 MATARAM,50204420,SD,Negeri,Kec. Selaparang,236005,Kota Mataram,236000,Prov. Nusa Tenggara Barat,230000,10,2,230,7,9,0,1,9,04 Apr 2026 02:54:29,892A6C0E3AA47A37D030
SD NEGERI 3 MATARAM,50204537,SD,Negeri,Kec. Selaparang,236005,Kota Mataram,236000,Prov. Nusa Tenggara Barat,230000,12,3,210,7,7,0,2,18,27 Apr 2026 11:03:06,59B7953F2C95655B84BD
SD NEGERI 30 MATARAM,50204417,SD,Negeri,Kec. Selaparang,236005,Kota Mataram,236000,Prov. Nusa Tenggara Barat,230000,8,3,152,6,5,1,1,17,22 Apr 2026 10:32:19,10F1BF367AF15EBE7C10
SD NEGERI 32 MATARAM,50204426,SD,Negeri,Kec. Selaparang,236005,Kota Mataram,236000,Prov. Nusa Tenggara Barat,230000,8,4,130,6,6,0,1,34,28 Apr 2026 05:20:23,207B9E8E16CFEE40B552
SD NEGERI 33 MATARAM,50204450,SD,Negeri,Kec. Selaparang,236005,Kota Mataram,236000,Prov. Nusa Tenggara Barat,230000,14,4,266,12,12,0,1,12,07 Apr 2026 07:06:53,AFC071BDA3511EEF86C6
SD NEGERI 34 MATARAM,50204437,SD,Negeri,Kec. Selaparang,236005,Kota Mataram,236000,Prov. Nusa Tenggara Barat,230000,12,3,253,10,7,0,1,41,27 Apr 2026 09:00:27,CDA59D8ED74CAE4166E9
SD NEGERI 37 MATARAM,50204428,SD,Negeri,Kec. Selaparang,236005,Kota Mataram,236000,Prov. Nusa Tenggara Barat,230000,8,2,136,6,6,0,1,16,30 Apr 2026 09:56:05,39F0312DA4019011111E
SD NEGERI 39 MATARAM,50204389,SD,Negeri,Kec. Selaparang,236005,Kota Mataram,236000,Prov. Nusa Tenggara Barat,230000,10,3,175,7,5,0,1,26,07 Apr 2026 10:08:39,3710F07C67983CA7CE4F
SD NEGERI 43 MATARAM,50204395,SD,Negeri,Kec. Selaparang,236005,Kota Mataram,236000,Prov. Nusa Tenggara Barat,230000,9,5,221,7,6,1,1,7,26 Mar 2026 09:07:25,CC58EFA33EA93F69980B
SD NEGERI 46 MATARAM,50204402,SD,Negeri,Kec. Selaparang,236005,Kota Mataram,236000,Prov. Nusa Tenggara Barat,230000,7,4,204,6,8,0,1,30,22 Apr 2026 11:34:18,0A49BC37AEF3D5B163B2
SD NEGERI 5 MATARAM,50204640,SD,Negeri,Kec. Selaparang,236005,Kota Mataram,236000,Prov. Nusa Tenggara Barat,230000,15,4,368,12,12,2,1,25,28 Apr 2026 07:21:01,18104C0C18954F5975E1
SD NEGERI 7 MATARAM,50204634,SD,Negeri,Kec. Selaparang,236005,Kota Mataram,236000,Prov. Nusa Tenggara Barat,230000,23,6,713,19,19,0,1,33,28 Apr 2026 08:53:26,21FC7C0A204FB172A54A
SD NEGERI 8 MATARAM,50204632,SD,Negeri,Kec. Selaparang,236005,Kota Mataram,236000,Prov. Nusa Tenggara Barat,230000,9,3,116,6,7,0,0,35,02 Apr 2026 06:38:35,10D233D924F9693D550E
SD NEGERI 9 MATARAM,50204629,SD,Negeri,Kec. Selaparang,236005,Kota Mataram,236000,Prov. Nusa Tenggara Barat,230000,19,5,475,17,17,0,3,15,08 Apr 2026 11:04:32,6A5793EBB2FFC0EA79F6
SD AISYIYAH I MATARAM,50204520,SD,Swasta,Kec. Selaparang,236005,Kota Mataram,236000,Prov. Nusa Tenggara Barat,230000,9,1,69,6,6,0,1,25,15 Apr 2026 13:27:57,2AA29569BA9CCB797746
SD AL IQRA MATARAM,69759155,SD,Swasta,Kec. Selaparang,236005,Kota Mataram,236000,Prov. Nusa Tenggara Barat,230000,21,3,514,16,20,1,1,31,08 Apr 2026 06:29:05,EEEDA51E4B25540CAD35
SMP NEGERI 1 MATARAM,50204455,SMP,Negeri,Kec. Selaparang,236005,Kota Mataram,236000,Prov. Nusa Tenggara Barat,230000,61,23,1378,33,33,4,1,17,28 Apr 2026 07:38:49,B7BF89038C1C66F55E3D
SMP NEGERI 13 MATARAM,50204476,SMP,Negeri,Kec. Selaparang,236005,Kota Mataram,236000,Prov. Nusa Tenggara Barat,230000,57,18,1195,31,31,2,1,31,30 Apr 2026 08:23:15,1AD027DF43248BF70ABB
SMP NEGERI 15 MATARAM,50204474,SMP,Negeri,Kec. Selaparang,236005,Kota Mataram,236000,Prov. Nusa Tenggara Barat,230000,56,21,1140,33,33,4,1,56,28 Apr 2026 08:58:55,2788A2AEF024D7E67C6B
SMP NEGERI 2 MATARAM,50204470,SMP,Negeri,Kec. Selaparang,236005,Kota Mataram,236000,Prov. Nusa Tenggara Barat,230000,59,26,1386,31,31,2,1,57,30 Apr 2026 14:22:49,6D7DA7D2C6F020559853
SMP NEGERI 23 MATARAM,50219572,SMP,Negeri,Kec. Selaparang,236005,Kota Mataram,236000,Prov. Nusa Tenggara Barat,230000,16,7,197,8,9,2,1,27,20 Apr 2026 14:09:04,1254199F64196B4BDED4
SMP NEGERI 6 MATARAM,50204483,SMP,Negeri,Kec. Selaparang,236005,Kota Mataram,236000,Prov. Nusa Tenggara Barat,230000,64,14,1401,33,33,4,1,35,26 Apr 2026 16:30:17,7F3444CF68C7533D3D6B
SMP NEGERI 8 MATARAM,50204481,SMP,Negeri,Kec. Selaparang,236005,Kota Mataram,236000,Prov. Nusa Tenggara Barat,230000,49,19,883,24,24,2,1,29,02 May 2026 13:57:05,0E4D15CA89699FEBBBFF
SMP MUHAMMADIYAH MATARAM,50204462,SMP,Swasta,Kec. Selaparang,236005,Kota Mataram,236000,Prov. Nusa Tenggara Barat,230000,3,2,20,3,3,1,1,15,23 Apr 2026 20:39:12,7269DC64FD2DEC308F2B
SMP NW MATARAM,50204461,SMP,Swasta,Kec. Selaparang,236005,Kota Mataram,236000,Prov. Nusa Tenggara Barat,230000,8,1,93,3,3,3,1,9,12 Apr 2026 09:39:39,3EEE6EFC085FEA4BDA80
SMA NEGERI 1 MATARAM,50204503,SMA,Negeri,Kec. Selaparang,236005,Kota Mataram,236000,Prov. Nusa Tenggara Barat,230000,71,26,1374,37,33,7,1,40,23 Apr 2026 23:51:32,6EEB83986060AFED7856
SMAN 3 MATARAM,50204512,SMA,Negeri,Kec. Selaparang,236005,Kota Mataram,236000,Prov. Nusa Tenggara Barat,230000,68,21,1420,40,33,7,2,98,01 May 2026 08:25:29,A6E664EECA3D2832842F
SMAN 5 MATARAM,50204515,SMA,Negeri,Kec. Selaparang,236005,Kota Mataram,236000,Prov. Nusa Tenggara Barat,230000,59,25,1343,36,32,5,1,35,28 Apr 2026 09:12:15,9C207608A61A9EEDCA6C
SMAN 9 MATARAM,69980935,SMA,Negeri,Kec. Selaparang,236005,Kota Mataram,236000,Prov. Nusa Tenggara Barat,230000,56,20,1062,29,29,2,1,76,02 May 2026 10:04:22,F24E508289E660A47801
SMA ISLAM TERPADU PUTRA ABU HURAIRAH,69945394,SMA,Swasta,Kec. Selaparang,236005,Kota Mataram,236000,Prov. Nusa Tenggara Barat,230000,8,2,83,3,3,5,1,16,29 Apr 2026 08:24:46,556481D11112B91B1A94
SMAS AL MA ARIF MATARAM,50204500,SMA,Swasta,Kec. Selaparang,236005,Kota Mataram,236000,Prov. Nusa Tenggara Barat,230000,7,3,32,3,7,2,1,27,28 Apr 2026 11:14:00,0630A0E452ED324E9685
SMAS MUHAMMADIYAH MATARAM,50204491,SMA,Swasta,Kec. Selaparang,236005,Kota Mataram,236000,Prov. Nusa Tenggara Barat,230000,2,3,0,0,0,0,0,0,,50A833C87106184ACA14
SMAS NASIONAL MATARAM,50204490,SMA,Swasta,Kec. Selaparang,236005,Kota Mataram,236000,Prov. Nusa Tenggara Barat,230000,6,3,8,1,5,1,1,2,26 Apr 2026 11:23:58,40E68CE7D3619AE6D47D
SMAS NW MATARAM,50204489,SMA,Swasta,Kec. Selaparang,236005,Kota Mataram,236000,Prov. Nusa Tenggara Barat,230000,13,5,55,4,7,4,1,17,03 Apr 2026 18:55:48,BC0857FE94935E0A41F6
SMKN 1 MATARAM,50204507,SMK,Negeri,Kec. Selaparang,236005,Kota Mataram,236000,Prov. Nusa Tenggara Barat,230000,52,11,904,30,21,0,1,40,20 Apr 2026 08:35:48,9F6122A4033974FED84D
SMKN 2 MATARAM,50204506,SMK,Negeri,Kec. Selaparang,236005,Kota Mataram,236000,Prov. Nusa Tenggara Barat,230000,88,27,1492,43,45,3,1,59,27 Apr 2026 07:52:22,53E122937F4888A6FCC2
SMKN 3 MATARAM,50204505,SMK,Negeri,Kec. Selaparang,236005,Kota Mataram,236000,Prov. Nusa Tenggara Barat,230000,141,41,2004,62,39,1,1,67,27 Apr 2026 11:19:10,D3CAEDDE16F67EC578F5
SMKN 4 MATARAM,50204504,SMK,Negeri,Kec. Selaparang,236005,Kota Mataram,236000,Prov. Nusa Tenggara Barat,230000,77,25,1233,39,30,1,1,55,28 Apr 2026 13:23:59,020C56E07C43B62830C8
SMKPP NEGERI MATARAM,50219969,SMK,Negeri,Kec. Selaparang,236005,Kota Mataram,236000,Prov. Nusa Tenggara Barat,230000,87,11,308,25,34,3,1,107,02 May 2026 08:36:58,4393CCF155383EF97766
SMKS BINA BANGSA MATARAM,50204510,SMK,Swasta,Kec. Selaparang,236005,Kota Mataram,236000,Prov. Nusa Tenggara Barat,230000,0,0,0,0,0,0,0,0,,615430C707494F0C29E3
SD NEGERI 10 AMPENAN,50204628,SD,Negeri,Kec. Sekarbela,236004,Kota Mataram,236000,Prov. Nusa Tenggara Barat,230000,8,1,147,6,7,0,1,1,21 Apr 2026 10:59:12,A9F2B48E6CA991679EC6
SD NEGERI 15 AMPENAN,50204647,SD,Negeri,Kec. Sekarbela,236004,Kota Mataram,236000,Prov. Nusa Tenggara Barat,230000,9,4,170,6,12,0,1,17,22 Apr 2026 07:57:48,55AF57844D91A8E5C024
SD NEGERI 19 AMPENAN,50204603,SD,Negeri,Kec. Sekarbela,236004,Kota Mataram,236000,Prov. Nusa Tenggara Barat,230000,8,2,111,6,6,0,1,16,09 Apr 2026 03:26:35,24D8DBEB7BB8896B708B
SD NEGERI 2 AMPENAN,50204542,SD,Negeri,Kec. Sekarbela,236004,Kota Mataram,236000,Prov. Nusa Tenggara Barat,230000,8,3,154,6,6,0,0,5,15 Apr 2026 23:06:52,544AC4A29F034B1F43A4
SD NEGERI 25 AMPENAN,50204618,SD,Negeri,Kec. Sekarbela,236004,Kota Mataram,236000,Prov. Nusa Tenggara Barat,230000,8,2,170,6,6,0,0,13,06 Mar 2026 22:07:05,BF9A8FC2DE9BB400370B
SD NEGERI 27 AMPENAN,50204612,SD,Negeri,Kec. Sekarbela,236004,Kota Mataram,236000,Prov. Nusa Tenggara Barat,230000,14,3,292,12,12,0,1,20,30 Apr 2026 14:29:28,B84B5AB5263C86DCAE0A
SD NEGERI 31 AMPENAN,50204416,SD,Negeri,Kec. Sekarbela,236004,Kota Mataram,236000,Prov. Nusa Tenggara Barat,230000,14,2,317,12,13,0,1,11,29 Apr 2026 07:26:11,2BE60796FA1E3610C4BB
SD NEGERI 35 AMPENAN,69787748,SD,Negeri,Kec. Sekarbela,236004,Kota Mataram,236000,Prov. Nusa Tenggara Barat,230000,15,2,250,12,12,0,1,14,30 Apr 2026 12:18:36,E698D577B43D35C2BF89
SD NEGERI 37 AMPENAN,50204430,SD,Negeri,Kec. Sekarbela,236004,Kota Mataram,236000,Prov. Nusa Tenggara Barat,230000,17,6,455,14,14,0,1,16,14 Apr 2026 11:11:52,37CA10B4D3FA44CE807F
SD NEGERI 38 AMPENAN,50204411,SD,Negeri,Kec. Sekarbela,236004,Kota Mataram,236000,Prov. Nusa Tenggara Barat,230000,12,4,248,10,10,0,1,17,19 Apr 2026 18:13:26,3905529E8051B323A110
SD NEGERI 40 AMPENAN,50204388,SD,Negeri,Kec. Sekarbela,236004,Kota Mataram,236000,Prov. Nusa Tenggara Barat,230000,7,4,156,6,6,0,1,5,07 Feb 2026 06:06:07,F1D61CD95A34AD817708
SD NEGERI 41 AMPENAN,50204385,SD,Negeri,Kec. Sekarbela,236004,Kota Mataram,236000,Prov. Nusa Tenggara Barat,230000,10,2,199,7,6,0,1,15,04 Apr 2026 10:59:33,010F5405408EFDE546AE
SD NEGERI 43 AMPENAN,50204384,SD,Negeri,Kec. Sekarbela,236004,Kota Mataram,236000,Prov. Nusa Tenggara Barat,230000,12,4,300,10,6,0,1,25,06 Mar 2026 07:54:23,B6C14B49450FA4E056D8
SD NEGERI 45 AMPENAN,50204406,SD,Negeri,Kec. Sekarbela,236004,Kota Mataram,236000,Prov. Nusa Tenggara Barat,230000,8,2,150,6,7,0,1,15,01 Mar 2026 10:09:23,94531D6231A22E8487D5
SDN 2 KURANJI,50200450,SD,Negeri,Kec. Sekarbela,236004,Kota Mataram,236000,Prov. Nusa Tenggara Barat,230000,8,3,179,6,6,0,1,15,26 Mar 2026 12:05:23,5BA72584E5A5BD316C7B
SDN 4 BAJUR,50200181,SD,Negeri,Kec. Sekarbela,236004,Kota Mataram,236000,Prov. Nusa Tenggara Barat,230000,10,4,224,9,6,0,1,13,15 Apr 2026 12:14:11,604BE44AF4F51F2E6C4B
SDN 4 KURANJI,50200451,SD,Negeri,Kec. Sekarbela,236004,Kota Mataram,236000,Prov. Nusa Tenggara Barat,230000,8,2,174,6,6,0,2,54,08 Apr 2026 19:06:20,085882BE36125D139949
SD AL-WILDAN ISLAMIC SCHOOL 20 MATARAM,70053510,SD,Swasta,Kec. Sekarbela,236004,Kota Mataram,236000,Prov. Nusa Tenggara Barat,230000,14,3,170,9,10,2,1,47,29 Apr 2026 06:46:36,2B9B5A45578C1DCB5B5F
SD ISLAM DARUSSALAM,50219570,SD,Swasta,Kec. Sekarbela,236004,Kota Mataram,236000,Prov. Nusa Tenggara Barat,230000,11,1,185,8,9,0,1,27,09 Apr 2026 04:32:40,3F5A06DCB189B57A164B
SD TaQu Cahaya Ummat,69989733,SD,Swasta,Kec. Sekarbela,236004,Kota Mataram,236000,Prov. Nusa Tenggara Barat,230000,14,4,124,7,7,0,1,20,24 Apr 2026 07:55:54,4731C383FA23CC17ADFB
SDIT ANAK SHOLEH 2 MATARAM,69972928,SD,Swasta,Kec. Sekarbela,236004,Kota Mataram,236000,Prov. Nusa Tenggara Barat,230000,41,5,499,18,18,0,1,1,29 Apr 2026 08:28:34,856D42074FE21014E5E7
SEKOLAH DASAR MUHAMMADIYAH MATARAM MUHAMMADIYAH BOARDING SCHOOL,70048274,SD,Swasta,Kec. Sekarbela,236004,Kota Mataram,236000,Prov. Nusa Tenggara Barat,230000,8,2,91,5,6,0,1,14,05 Mar 2026 12:40:29,2454542921578C9EFA9E
SMP NEGERI 11 MATARAM,50204478,SMP,Negeri,Kec. Sekarbela,236004,Kota Mataram,236000,Prov. Nusa Tenggara Barat,230000,24,7,290,10,19,3,1,13,21 Apr 2026 09:30:22,EF488F0FB15C56410DF9
SMP NEGERI 17 MATARAM,50204472,SMP,Negeri,Kec. Sekarbela,236004,Kota Mataram,236000,Prov. Nusa Tenggara Barat,230000,23,10,481,12,12,2,1,22,13 Apr 2026 08:51:07,555D7BB9428B84B34E8F
SMP NEGERI 21 MATARAM,50219505,SMP,Negeri,Kec. Sekarbela,236004,Kota Mataram,236000,Prov. Nusa Tenggara Barat,230000,12,6,149,6,14,2,1,17,28 Apr 2026 08:24:34,CD3FF80A9BA3503C973F
SMP AL-WILDAN ISLAMIC SCHOOL 20 MATARAM,70053647,SMP,Swasta,Kec. Sekarbela,236004,Kota Mataram,236000,Prov. Nusa Tenggara Barat,230000,7,3,129,5,7,0,0,17,26 Jan 2026 13:12:08,5240EA51B0950DDC4393
SMP HAMALATUL QURAN RIBATH ALFATH,70034833,SMP,Swasta,Kec. Sekarbela,236004,Kota Mataram,236000,Prov. Nusa Tenggara Barat,230000,3,1,35,3,3,0,0,9,10 Apr 2026 14:14:04,6CF1009C34CEF99A4EAA
SMP IT TUNAS CENDEKIA MATARAM,69876162,SMP,Swasta,Kec. Sekarbela,236004,Kota Mataram,236000,Prov. Nusa Tenggara Barat,230000,7,2,71,4,4,1,1,28,28 Apr 2026 09:59:52,E2F2EA84B3A448CFE00E
SMPIT ANAK SHOLEH MATARAM,69989768,SMP,Swasta,Kec. Sekarbela,236004,Kota Mataram,236000,Prov. Nusa Tenggara Barat,230000,11,4,238,8,8,0,1,12,23 Apr 2026 08:10:52,90BB3AD8A044D8D43134
SMAN 10 MATARAM,69980934,SMA,Negeri,Kec. Sekarbela,236004,Kota Mataram,236000,Prov. Nusa Tenggara Barat,230000,37,11,415,13,17,3,2,56,02 May 2026 07:56:17,BB89D4E1175B0DFE0BEC
SMAN 2 MATARAM,50204517,SMA,Negeri,Kec. Sekarbela,236004,Kota Mataram,236000,Prov. Nusa Tenggara Barat,230000,74,32,1572,44,38,4,1,28,16 Apr 2026 08:10:47,7F04C5CB0A50D70A67B2
SMA AL WILDAN ISLAMIC SCHOOL 20 MATARAM,70057395,SMA,Swasta,Kec. Sekarbela,236004,Kota Mataram,236000,Prov. Nusa Tenggara Barat,230000,4,1,0,0,0,0,0,0,,2AB271904B2B1C2631EE
SMA ISLAM TERPADU ANAK SHOLEH MATARAM,70015183,SMA,Swasta,Kec. Sekarbela,236004,Kota Mataram,236000,Prov. Nusa Tenggara Barat,230000,9,2,93,4,4,1,1,27,21 Apr 2026 09:08:45,6ED6F39275CE36FA86E5
SMA ISLAM TERPADU TUNAS CENDEKIA MATARAM,70037501,SMA,Swasta,Kec. Sekarbela,236004,Kota Mataram,236000,Prov. Nusa Tenggara Barat,230000,11,4,43,3,3,0,1,23,07 Mar 2026 10:38:14,7CC83A2418F148883271
SMK KARYA ADI HUSADA MATARAM,70010368,SMK,Swasta,Kec. Sekarbela,236004,Kota Mataram,236000,Prov. Nusa Tenggara Barat,230000,8,1,106,10,11,1,1,7,10 Feb 2026 11:36:13,AF9BE9CA0F10E7D3F5DF
SMK NURUL ISLAM SEKARBELA,70007774,SMK,Swasta,Kec. Sekarbela,236004,Kota Mataram,236000,Prov. Nusa Tenggara Barat,230000,13,2,109,6,6,1,1,1,01 May 2026 21:00:35,E0B08B619004F5448193
SMKS DARUL FALAH PAGUTAN,50219602,SMK,Swasta,Kec. Sekarbela,236004,Kota Mataram,236000,Prov. Nusa Tenggara Barat,230000,13,5,308,13,6,1,0,9,14 Apr 2026 14:53:55,5EF4103D498C3652EE1B
SMKS PELAYARAN MATARAM,50204467,SMK,Swasta,Kec. Sekarbela,236004,Kota Mataram,236000,Prov. Nusa Tenggara Barat,230000,0,0,0,0,0,0,0,0,,35C3F3A828411B4191C7
SD NEGERI 1 CAKRANEGARA,50204544,SD,Negeri,Kec. Cakranegara,236003,Kota Mataram,236000,Prov. Nusa Tenggara Barat,230000,26,2,541,18,12,0,1,35,24 Apr 2026 10:17:35,17D8948A1F3D129AF584
SD NEGERI 10 CAKRANEGARA,50204642,SD,Negeri,Kec. Cakranegara,236003,Kota Mataram,236000,Prov. Nusa Tenggara Barat,230000,19,3,445,14,12,0,1,25,30 Apr 2026 10:58:59,57C46A78D2B04891BAC1
SD NEGERI 11 CAKRANEGARA,50204654,SD,Negeri,Kec. Cakranegara,236003,Kota Mataram,236000,Prov. Nusa Tenggara Barat,230000,15,3,308,11,9,0,1,21,02 May 2026 08:25:22,7EBC44426B35A6239ED2
SD NEGERI 14 CAKRA NEGARA,50204649,SD,Negeri,Kec. Cakranegara,236003,Kota Mataram,236000,Prov. Nusa Tenggara Barat,230000,9,3,184,6,7,0,0,19,20 Apr 2026 18:12:13,E751896195D410908FE6
SD NEGERI 15 CAKRANEGARA,50204646,SD,Negeri,Kec. Cakranegara,236003,Kota Mataram,236000,Prov. Nusa Tenggara Barat,230000,14,1,309,11,11,0,1,57,30 Apr 2026 12:00:03,6F9C5E924F29914311B4
SD NEGERI 16 CAKRANEGARA,50204626,SD,Negeri,Kec. Cakranegara,236003,Kota Mataram,236000,Prov. Nusa Tenggara Barat,230000,16,4,259,11,6,0,1,20,24 Apr 2026 08:12:20,4DB489E311EECDC1B912
SD NEGERI 18 CAKRANEGARA,50204605,SD,Negeri,Kec. Cakranegara,236003,Kota Mataram,236000,Prov. Nusa Tenggara Barat,230000,9,3,184,7,7,0,0,13,23 Apr 2026 10:16:59,D59E476F46DAE5E89338
SD NEGERI 19 CAKRANEGARA,50204602,SD,Negeri,Kec. Cakranegara,236003,Kota Mataram,236000,Prov. Nusa Tenggara Barat,230000,25,7,454,18,12,0,1,17,21 Apr 2026 09:20:13,C11526E1CF7297B0D4F1
SD NEGERI 2 CAKRANEGARA,50204541,SD,Negeri,Kec. Cakranegara,236003,Kota Mataram,236000,Prov. Nusa Tenggara Barat,230000,36,10,818,24,24,0,1,22,02 May 2026 08:35:37,5187171F1841446FE9C1
SD NEGERI 20 CAKRANEGARA,50204599,SD,Negeri,Kec. Cakranegara,236003,Kota Mataram,236000,Prov. Nusa Tenggara Barat,230000,17,5,276,11,6,0,1,14,23 Apr 2026 11:50:31,1822A3C9BD4226E0DEBE
SD NEGERI 21 CAKRANEGARA,50204596,SD,Negeri,Kec. Cakranegara,236003,Kota Mataram,236000,Prov. Nusa Tenggara Barat,230000,10,4,200,7,8,0,1,15,23 Apr 2026 10:10:31,32FE279D86E3C1226E73
SD NEGERI 22 CAKRANEGARA,50204611,SD,Negeri,Kec. Cakranegara,236003,Kota Mataram,236000,Prov. Nusa Tenggara Barat,230000,8,3,195,6,6,0,1,11,24 Apr 2026 08:36:56,C3954EC261455D768732
SD NEGERI 24 CAKRANEGARA,50204620,SD,Negeri,Kec. Cakranegara,236003,Kota Mataram,236000,Prov. Nusa Tenggara Barat,230000,9,6,142,6,7,0,2,6,05 Apr 2026 23:01:15,F678200E3D9EC3744EA6
SD NEGERI 25 CAKRANEGARA,50204617,SD,Negeri,Kec. Cakranegara,236003,Kota Mataram,236000,Prov. Nusa Tenggara Barat,230000,9,2,92,6,6,0,1,17,10 Mar 2026 08:41:20,F6B30975ACBCC3301ECF
SD NEGERI 27 CAKRANEGARA,50204595,SD,Negeri,Kec. Cakranegara,236003,Kota Mataram,236000,Prov. Nusa Tenggara Barat,230000,13,5,289,11,11,0,1,16,22 Apr 2026 06:07:47,1E477E2DCC61FF1B1AD9
SD NEGERI 29 CAKRANEGARA,50204421,SD,Negeri,Kec. Cakranegara,236003,Kota Mataram,236000,Prov. Nusa Tenggara Barat,230000,10,3,151,6,6,1,1,16,06 Apr 2026 14:23:44,5B7A5E29918AF41E387D
SD NEGERI 3 CAKRANEGARA,50204538,SD,Negeri,Kec. Cakranegara,236003,Kota Mataram,236000,Prov. Nusa Tenggara Barat,230000,9,1,67,6,6,0,1,21,10 Apr 2026 07:30:26,6F927B1824AE87236768
SD NEGERI 33 CAKRANEGARA,50204451,SD,Negeri,Kec. Cakranegara,236003,Kota Mataram,236000,Prov. Nusa Tenggara Barat,230000,8,2,107,6,6,1,1,10,02 Apr 2026 09:16:05,5428F07E1B5039E52ABD
SD NEGERI 34CAKRANEGARA,50204438,SD,Negeri,Kec. Cakranegara,236003,Kota Mataram,236000,Prov. Nusa Tenggara Barat,230000,8,3,142,6,8,0,1,12,01 May 2026 17:18:58,814D93B4FF209D8EE608
SD NEGERI 35 CAKRANEGARA,50204435,SD,Negeri,Kec. Cakranegara,236003,Kota Mataram,236000,Prov. Nusa Tenggara Barat,230000,9,2,94,6,6,0,1,17,03 Apr 2026 09:40:17,20135156305D021A7DDD
SD NEGERI 36 CAKRANEGARA,50204432,SD,Negeri,Kec. Cakranegara,236003,Kota Mataram,236000,Prov. Nusa Tenggara Barat,230000,9,3,100,6,6,0,1,53,02 Apr 2026 11:44:38,C053BD70B6EB6CF02776
SD NEGERI 38 CAKRANEGARA,50204393,SD,Negeri,Kec. Cakranegara,236003,Kota Mataram,236000,Prov. Nusa Tenggara Barat,230000,8,2,90,6,6,1,1,7,28 Apr 2026 09:38:04,46AB97AE7880B04F953B
SD NEGERI 4 CAKRANEGARA,50204519,SD,Negeri,Kec. Cakranegara,236003,Kota Mataram,236000,Prov. Nusa Tenggara Barat,230000,11,4,216,8,8,0,1,20,27 Apr 2026 09:16:56,A85EE47896455DE06D0B
SD NEGERI 41 CAKRANEGARA,50204379,SD,Negeri,Kec. Cakranegara,236003,Kota Mataram,236000,Prov. Nusa Tenggara Barat,230000,9,1,54,6,6,1,1,20,06 Apr 2026 12:56:16,45121FDA74654060407C
SD NEGERI 46 CAKRANEGARA,50204403,SD,Negeri,Kec. Cakranegara,236003,Kota Mataram,236000,Prov. Nusa Tenggara Barat,230000,13,5,260,12,8,0,1,31,13 Mar 2026 09:21:42,18E53EC4FB05DD4FD8EF
SD NEGERI 47 CAKRANEGARA,50204401,SD,Negeri,Kec. Cakranegara,236003,Kota Mataram,236000,Prov. Nusa Tenggara Barat,230000,10,3,194,8,8,0,1,9,24 Apr 2026 08:46:11,872409ADB802B2F72AE3
SD NEGERI 52 CAKRANEGARA,50219667,SD,Negeri,Kec. Cakranegara,236003,Kota Mataram,236000,Prov. Nusa Tenggara Barat,230000,9,3,187,7,9,0,1,30,27 Apr 2026 09:01:26,1CDF57538AAEA4E23876
SD NEGERI 7 CAKRANEGARA,50204635,SD,Negeri,Kec. Cakranegara,236003,Kota Mataram,236000,Prov. Nusa Tenggara Barat,230000,11,4,271,9,9,0,1,18,16 Apr 2026 14:55:34,AB7F2F2255D186FBABE2
SD NEGERI 9 CAKRANEGARA,50204630,SD,Negeri,Kec. Cakranegara,236003,Kota Mataram,236000,Prov. Nusa Tenggara Barat,230000,8,2,104,6,6,0,0,13,24 Apr 2026 08:38:37,5205F620CB0278AEEE7F
SD K SANTO ANTONIUS CAKRANEGARA,50204547,SD,Swasta,Kec. Cakranegara,236003,Kota Mataram,236000,Prov. Nusa Tenggara Barat,230000,20,4,371,15,18,1,1,37,22 Apr 2026 10:55:44,033F19C2E5752E3271BD
SD STELLA GRACIA,70005891,SD,Swasta,Kec. Cakranegara,236003,Kota Mataram,236000,Prov. Nusa Tenggara Barat,230000,12,8,148,7,7,1,1,1,04 Mar 2026 15:09:18,7CDB438019566069179F
SDK TUNAS DAUD,50204549,SD,Swasta,Kec. Cakranegara,236003,Kota Mataram,236000,Prov. Nusa Tenggara Barat,230000,18,4,321,12,16,2,1,23,15 Apr 2026 07:01:47,30E0952A6C85E8021C02
SMP NEGERI 14 MATARAM,50204475,SMP,Negeri,Kec. Cakranegara,236003,Kota Mataram,236000,Prov. Nusa Tenggara Barat,230000,45,15,780,24,24,3,1,36,30 Apr 2026 13:12:59,808F5508BB58FD66BBE0
SMP NEGERI 4 MATARAM,50204485,SMP,Negeri,Kec. Cakranegara,236003,Kota Mataram,236000,Prov. Nusa Tenggara Barat,230000,54,16,900,29,30,4,1,26,29 Apr 2026 13:37:44,813D01E9E8477F1A2142
SMP KRISTEN TUNAS DAUD MATARAM,50219963,SMP,Swasta,Kec. Cakranegara,236003,Kota Mataram,236000,Prov. Nusa Tenggara Barat,230000,10,3,121,5,6,4,2,10,03 Feb 2026 09:41:31,CCF79223B6AD2CC21C6C
SMP STELLA GRACIA,70043727,SMP,Swasta,Kec. Cakranegara,236003,Kota Mataram,236000,Prov. Nusa Tenggara Barat,230000,10,2,41,3,3,1,1,1,13 Mar 2026 06:59:01,18F4EB3928E4DC42641F
SMPK KESUMA MATARAM,50204458,SMP,Swasta,Kec. Cakranegara,236003,Kota Mataram,236000,Prov. Nusa Tenggara Barat,230000,20,9,381,14,14,2,1,22,21 Apr 2026 13:27:42,883F0DC3F04EAD284188
SMA TUNAS DAUD,69970103,SMA,Swasta,Kec. Cakranegara,236003,Kota Mataram,236000,Prov. Nusa Tenggara Barat,230000,9,2,50,3,6,5,1,10,04 Apr 2026 22:38:08,D7C800A4158F288F87AA
SMAS 45 MATARAM,50204501,SMA,Swasta,Kec. Cakranegara,236003,Kota Mataram,236000,Prov. Nusa Tenggara Barat,230000,4,2,42,3,3,5,1,28,29 Apr 2026 07:22:43,6D2B6E28ED30B2FEEF0E
SMAS KATOLIK KUSUMA CAKRANEGARA,50204494,SMA,Swasta,Kec. Cakranegara,236003,Kota Mataram,236000,Prov. Nusa Tenggara Barat,230000,25,11,491,15,19,4,1,13,11 Mar 2026 20:23:19,367D4BB437AADEEFEA18
SMK PERHOTELAN 45 MATARAM,69923307,SMK,Swasta,Kec. Cakranegara,236003,Kota Mataram,236000,Prov. Nusa Tenggara Barat,230000,12,1,134,9,9,1,1,22,29 Apr 2026 08:49:23,7D825253B46D23AB659F
SMKS PARIWISATA MATARAM,50204468,SMK,Swasta,Kec. Cakranegara,236003,Kota Mataram,236000,Prov. Nusa Tenggara Barat,230000,15,2,238,11,7,1,1,26,24 Apr 2026 10:38:24,4BB8B78640905A36648F
SD NEGERI 12 CAKRANEGARA,50204657,SD,Negeri,Kec. Sandubaya,236006,Kota Mataram,236000,Prov. Nusa Tenggara Barat,230000,8,2,114,6,6,0,1,11,14 Apr 2026 13:58:14,6A6326A4EF561112F72B
SD NEGERI 23 CAKRANEGARA,50204623,SD,Negeri,Kec. Sandubaya,236006,Kota Mataram,236000,Prov. Nusa Tenggara Barat,230000,9,2,91,6,7,0,1,22,08 Apr 2026 07:14:48,06A097A03D166987A316
SD NEGERI 26 CAKRANEGARA,50204614,SD,Negeri,Kec. Sandubaya,236006,Kota Mataram,236000,Prov. Nusa Tenggara Barat,230000,20,2,436,17,14,0,1,27,22 Apr 2026 21:51:27,DA8DEAB28BA9985F2769
SD NEGERI 28 CAKRANEGARA,50204424,SD,Negeri,Kec. Sandubaya,236006,Kota Mataram,236000,Prov. Nusa Tenggara Barat,230000,16,4,278,12,12,0,2,21,22 Apr 2026 08:13:27,DCBD8E1260C6FFC1A7CB
SD NEGERI 30 CAKRANEGARA,50204418,SD,Negeri,Kec. Sandubaya,236006,Kota Mataram,236000,Prov. Nusa Tenggara Barat,230000,16,3,311,12,8,0,1,26,28 Apr 2026 11:15:23,8D9BB7F0D4BFDFA591C4
SD NEGERI 31 CAKRANEGARA,50204415,SD,Negeri,Kec. Sandubaya,236006,Kota Mataram,236000,Prov. Nusa Tenggara Barat,230000,7,6,169,6,6,0,2,17,07 Apr 2026 06:35:36,A14DB8BB667B54B9D3FD
SD NEGERI 32 CAKRANEGARA,50204412,SD,Negeri,Kec. Sandubaya,236006,Kota Mataram,236000,Prov. Nusa Tenggara Barat,230000,16,2,384,13,11,0,1,18,30 Apr 2026 09:02:24,E5F28DA9EDF7DE7047D1
SD NEGERI 37 CAKRANEGARA,50204429,SD,Negeri,Kec. Sandubaya,236006,Kota Mataram,236000,Prov. Nusa Tenggara Barat,230000,14,2,313,12,12,0,1,17,28 Apr 2026 09:05:17,315DBF8740A552452711
SD NEGERI 39 CAKRANEGARA,50204390,SD,Negeri,Kec. Sandubaya,236006,Kota Mataram,236000,Prov. Nusa Tenggara Barat,230000,8,4,107,6,6,0,1,20,08 Apr 2026 14:41:31,622F255442B20B1A6868
SD NEGERI 40 CAKRANEGARA,50204387,SD,Negeri,Kec. Sandubaya,236006,Kota Mataram,236000,Prov. Nusa Tenggara Barat,230000,9,3,197,6,6,0,1,10,02 Apr 2026 05:45:11,7638022E78150C92AD25
SD NEGERI 42 CAKRANEGARA,50204382,SD,Negeri,Kec. Sandubaya,236006,Kota Mataram,236000,Prov. Nusa Tenggara Barat,230000,10,1,127,6,6,1,1,9,06 Apr 2026 10:13:37,39BB061C60AC986A4C50
SD NEGERI 43 CAKRANEGARA,50204394,SD,Negeri,Kec. Sandubaya,236006,Kota Mataram,236000,Prov. Nusa Tenggara Barat,230000,10,4,235,8,7,0,1,26,06 Apr 2026 12:37:12,C01016E56F95AE2E4D74
SD NEGERI 44 CAKRANEGARA,50204408,SD,Negeri,Kec. Sandubaya,236006,Kota Mataram,236000,Prov. Nusa Tenggara Barat,230000,15,2,276,12,10,0,0,19,30 Apr 2026 08:23:35,B603A0B514DE3646839A
SD NEGERI 48 CAKRANEGARA,50204400,SD,Negeri,Kec. Sandubaya,236006,Kota Mataram,236000,Prov. Nusa Tenggara Barat,230000,12,2,244,10,10,0,1,18,13 Apr 2026 13:49:46,FADC88DDA3E056CE22E2
SD NEGERI 49 CAKRANEGARA,50204399,SD,Negeri,Kec. Sandubaya,236006,Kota Mataram,236000,Prov. Nusa Tenggara Barat,230000,8,2,115,6,6,1,1,35,10 Apr 2026 23:21:53,957B1C05455F42EADD36
SD NEGERI 5 CAKRANEGARA,50204641,SD,Negeri,Kec. Sandubaya,236006,Kota Mataram,236000,Prov. Nusa Tenggara Barat,230000,16,3,346,12,9,2,1,16,13 Apr 2026 12:38:37,796D0C66CD4E9C84A349
SD NEGERI 50 CAKRANEGARA,50204398,SD,Negeri,Kec. Sandubaya,236006,Kota Mataram,236000,Prov. Nusa Tenggara Barat,230000,17,2,329,12,10,0,0,30,01 May 2026 21:13:08,1BFFA0D7B98155CB7A20
SD NEGERI 51 CAKRANEGARA,50219515,SD,Negeri,Kec. Sandubaya,236006,Kota Mataram,236000,Prov. Nusa Tenggara Barat,230000,8,3,193,6,6,1,1,113,13 Apr 2026 10:42:10,BA9F92093CC0AE67F753
SD NEGERI 6 CAKRANEGARA,50204638,SD,Negeri,Kec. Sandubaya,236006,Kota Mataram,236000,Prov. Nusa Tenggara Barat,230000,12,2,369,12,8,0,0,20,29 Apr 2026 12:35:53,E396E514D879B7E8DD43
SD NEGERI 8 CAKRANEGARA,50204633,SD,Negeri,Kec. Sandubaya,236006,Kota Mataram,236000,Prov. Nusa Tenggara Barat,230000,18,6,378,14,10,0,1,34,19 Apr 2026 18:47:05,57636FC08EFA25936BB1
SD NEGERI MODEL MATARAM,50219670,SD,Negeri,Kec. Sandubaya,236006,Kota Mataram,236000,Prov. Nusa Tenggara Barat,230000,19,16,240,12,8,0,0,53,25 Apr 2026 13:49:43,DB45756CB01CBC53C4C8
SD HADI SAKTI,50220369,SD,Swasta,Kec. Sandubaya,236006,Kota Mataram,236000,Prov. Nusa Tenggara Barat,230000,9,2,141,7,7,0,1,52,24 Apr 2026 07:59:54,A94CB86A10F4A78963BB
SD NASIONAL 3 BAHASA BUDI LUHUR MATARAM,69947415,SD,Swasta,Kec. Sandubaya,236006,Kota Mataram,236000,Prov. Nusa Tenggara Barat,230000,14,2,238,10,10,3,1,13,06 Apr 2026 09:03:23,AF67455CDE873A3FED9C
SDIT AYADIL IKHWAH,70058184,SD,Swasta,Kec. Sandubaya,236006,Kota Mataram,236000,Prov. Nusa Tenggara Barat,230000,4,1,35,3,3,0,1,2,30 Jan 2026 10:01:20,E85B2F68AADD8C10446E
SDIT ULUL ALBAB,69971644,SD,Swasta,Kec. Sandubaya,236006,Kota Mataram,236000,Prov. Nusa Tenggara Barat,230000,28,4,278,12,12,1,1,31,26 Apr 2026 06:10:04,2D970F19783A28913529
SMP NEGERI 12 MATARAM,50204477,SMP,Negeri,Kec. Sandubaya,236006,Kota Mataram,236000,Prov. Nusa Tenggara Barat,230000,46,20,783,23,24,3,1,31,29 Apr 2026 06:11:06,ECF780CCE88A649ADE6C
SMP NEGERI 19 MATARAM,50219509,SMP,Negeri,Kec. Sandubaya,236006,Kota Mataram,236000,Prov. Nusa Tenggara Barat,230000,29,7,529,14,13,3,1,31,28 Apr 2026 11:59:59,175BA08D638C3C0D4097
SMP NEGERI 20 MATARAM,50219508,SMP,Negeri,Kec. Sandubaya,236006,Kota Mataram,236000,Prov. Nusa Tenggara Barat,230000,15,11,250,9,13,3,1,17,29 Apr 2026 10:27:25,6A4EB522346ADA57AD07
SMP NEGERI 22 MATARAM,50219507,SMP,Negeri,Kec. Sandubaya,236006,Kota Mataram,236000,Prov. Nusa Tenggara Barat,230000,12,7,107,4,8,1,5,20,24 Apr 2026 09:46:44,DC5695DBE9D28F400F95
SMP NEGERI 5 MATARAM,50204484,SMP,Negeri,Kec. Sandubaya,236006,Kota Mataram,236000,Prov. Nusa Tenggara Barat,230000,48,11,991,25,25,2,1,24,24 Apr 2026 08:59:18,503AD3107EB22FE3F9E7
SMP IT Ashabul Quran,70053028,SMP,Swasta,Kec. Sandubaya,236006,Kota Mataram,236000,Prov. Nusa Tenggara Barat,230000,10,1,25,2,4,1,1,18,16 Apr 2026 11:21:32,68DB856BB78638F2FEAD
SMP IT NURUL QURAN AL AZIZIYAH,69969287,SMP,Swasta,Kec. Sandubaya,236006,Kota Mataram,236000,Prov. Nusa Tenggara Barat,230000,3,1,121,3,3,1,1,17,03 Apr 2026 09:42:25,5A0C9A332652D7C1EBB5
SMP NASIONAL 3 BAHASA BUDI LUHUR MATARAM,69956378,SMP,Swasta,Kec. Sandubaya,236006,Kota Mataram,236000,Prov. Nusa Tenggara Barat,230000,8,1,79,3,5,3,1,7,20 Apr 2026 09:30:12,391C7ED819B6A69E6C77
SMAN 4 MATARAM,50204516,SMA,Negeri,Kec. Sandubaya,236006,Kota Mataram,236000,Prov. Nusa Tenggara Barat,230000,52,19,913,27,22,5,1,30,28 Apr 2026 11:05:28,1CBB507F0F3C83262240
SMAN 6 MATARAM,50204514,SMA,Negeri,Kec. Sandubaya,236006,Kota Mataram,236000,Prov. Nusa Tenggara Barat,230000,65,27,1182,35,35,4,1,21,09 Apr 2026 09:16:05,4EF7D6845DF36C9F23FF
SMAN 8 MATARAM,50204511,SMA,Negeri,Kec. Sandubaya,236006,Kota Mataram,236000,Prov. Nusa Tenggara Barat,230000,65,18,1030,31,34,4,1,42,29 Apr 2026 08:21:45,7386A13C7AAEE874176C
SMA IT NURUL QURAN AL AZIZIYAH,70014566,SMA,Swasta,Kec. Sandubaya,236006,Kota Mataram,236000,Prov. Nusa Tenggara Barat,230000,2,1,25,3,3,1,1,7,06 Apr 2026 21:01:24,31F4D146462A03A5C441
SMA NASIONAL 3 BAHASA BUDI LUHUR,70037236,SMA,Swasta,Kec. Sandubaya,236006,Kota Mataram,236000,Prov. Nusa Tenggara Barat,230000,9,1,24,4,4,3,1,22,20 Apr 2026 10:35:19,36DA48990AA6B919E2BB
SMKN 6 MATARAM,50204487,SMK,Negeri,Kec. Sandubaya,236006,Kota Mataram,236000,Prov. Nusa Tenggara Barat,230000,38,12,447,17,18,2,2,45,30 Apr 2026 08:52:25,B33EA812A8F8B7C32F6F
SMKN 7 MATARAM,50204486,SMK,Negeri,Kec. Sandubaya,236006,Kota Mataram,236000,Prov. Nusa Tenggara Barat,230000,69,19,1119,34,25,2,1,25,30 Apr 2026 08:55:27,8B5953F1D00FD5256EB9
SMKS TARBIYATUL QURRO,50222361,SMK,Swasta,Kec. Sandubaya,236006,Kota Mataram,236000,Prov. Nusa Tenggara Barat,230000,8,1,49,3,3,1,1,32,03 Mar 2026 11:43:05,9A90E8D3440789CA740C
SD NEGERI 1 AKAR-AKAR,50200879,SD,Negeri,Kec. Bayan,230803,Kab. Lombok Utara,230800,Prov. Nusa Tenggara Barat,230000,14,2,240,11,6,0,1,37,07 Apr 2026 07:11:15,5476177D1DE0FD384970
SD NEGERI 1 ANDALAN,50205362,SD,Negeri,Kec. Bayan,230803,Kab. Lombok Utara,230800,Prov. Nusa Tenggara Barat,230000,8,1,160,7,7,1,1,19,24 Apr 2026 10:09:15,B338895DE524D0C2A4D3
SD NEGERI 1 ANYAR,50200880,SD,Negeri,Kec. Bayan,230803,Kab. Lombok Utara,230800,Prov. Nusa Tenggara Barat,230000,21,3,472,16,16,0,1,27,07 Mar 2026 07:44:48,820D36E4EA272539A6C2
SD NEGERI 1 BATU RAKIT,50200145,SD,Negeri,Kec. Bayan,230803,Kab. Lombok Utara,230800,Prov. Nusa Tenggara Barat,230000,11,2,189,9,10,0,0,19,01 Apr 2026 22:19:52,AC632C9B787542A0C2A7
SD NEGERI 1 BAYAN,50200257,SD,Negeri,Kec. Bayan,230803,Kab. Lombok Utara,230800,Prov. Nusa Tenggara Barat,230000,9,2,198,6,6,0,0,24,12 Mar 2026 10:19:12,71CD6B5D020C41D7E41E
SD NEGERI 1 GUNJAN ASRI,50200245,SD,Negeri,Kec. Bayan,230803,Kab. Lombok Utara,230800,Prov. Nusa Tenggara Barat,230000,9,0,135,6,6,1,1,20,02 Apr 2026 18:13:22,1FF023778F08D4946F89
SD NEGERI 1 KARANG BAJO,50200765,SD,Negeri,Kec. Bayan,230803,Kab. Lombok Utara,230800,Prov. Nusa Tenggara Barat,230000,16,4,392,13,13,0,0,26,30 Apr 2026 09:46:04,C3F4495DD352B7C3D771
SD NEGERI 1 LOLOAN,50200804,SD,Negeri,Kec. Bayan,230803,Kab. Lombok Utara,230800,Prov. Nusa Tenggara Barat,230000,9,2,77,6,5,0,1,24,03 Apr 2026 09:06:51,8E9F03E1816894FE9B6B
SD NEGERI 1 MUMBUL SARI,50200795,SD,Negeri,Kec. Bayan,230803,Kab. Lombok Utara,230800,Prov. Nusa Tenggara Barat,230000,8,1,165,6,6,0,1,28,03 Apr 2026 21:08:38,D36590ED6B5C9A1233ED
SD NEGERI 1 SAMBIK ELEN,50200794,SD,Negeri,Kec. Bayan,230803,Kab. Lombok Utara,230800,Prov. Nusa Tenggara Barat,230000,8,1,163,6,6,0,1,28,30 Apr 2026 14:32:01,065A334EC1F0553EC421
SD NEGERI 1 SENARU,50200771,SD,Negeri,Kec. Bayan,230803,Kab. Lombok Utara,230800,Prov. Nusa Tenggara Barat,230000,12,2,293,11,11,0,1,66,20 Apr 2026 10:58:14,D8760D8BDE0AEB200A68
SD NEGERI 1 SUKADANA,50200786,SD,Negeri,Kec. Bayan,230803,Kab. Lombok Utara,230800,Prov. Nusa Tenggara Barat,230000,14,3,299,12,13,0,1,29,22 Apr 2026 16:19:11,A36D2773DA3F23CFF730
SD NEGERI 2 AKAR-AKAR,60726840,SD,Negeri,Kec. Bayan,230803,Kab. Lombok Utara,230800,Prov. Nusa Tenggara Barat,230000,7,2,47,6,5,0,0,15,23 Apr 2026 08:29:18,8ED258B881C085D4028E
SD NEGERI 2 ANDALAN,50200430,SD,Negeri,Kec. Bayan,230803,Kab. Lombok Utara,230800,Prov. Nusa Tenggara Barat,230000,8,2,78,6,8,1,1,49,06 Apr 2026 20:32:25,F5922A3447DDF65FDE6D
SD NEGERI 2 ANYAR,50200244,SD,Negeri,Kec. Bayan,230803,Kab. Lombok Utara,230800,Prov. Nusa Tenggara Barat,230000,8,1,130,6,8,0,1,14,25 Apr 2026 07:04:31,3C2DFD03A171E9D77B83
SD NEGERI 2 BATU RAKIT,50200435,SD,Negeri,Kec. Bayan,230803,Kab. Lombok Utara,230800,Prov. Nusa Tenggara Barat,230000,13,3,229,12,14,0,1,44,29 Apr 2026 11:07:43,D880E7EB2C81716F87D9
SD NEGERI 2 BAYAN,50219503,SD,Negeri,Kec. Bayan,230803,Kab. Lombok Utara,230800,Prov. Nusa Tenggara Barat,230000,12,2,264,9,10,0,1,43,01 May 2026 17:18:25,D88B76C6C33A1F53A93C
SD NEGERI 2 GUNJAN ASRI,50200148,SD,Negeri,Kec. Bayan,230803,Kab. Lombok Utara,230800,Prov. Nusa Tenggara Barat,230000,9,4,146,6,6,0,1,29,30 Apr 2026 04:39:02,467EF324621BEEFB97BE
SD NEGERI 2 MUMBUL SARI,50205357,SD,Negeri,Kec. Bayan,230803,Kab. Lombok Utara,230800,Prov. Nusa Tenggara Barat,230000,7,4,138,6,6,1,1,19,13 Apr 2026 13:39:39,3D340473BD4FA9AF1512
SD NEGERI 2 SAMBIK ELEN,50200264,SD,Negeri,Kec. Bayan,230803,Kab. Lombok Utara,230800,Prov. Nusa Tenggara Barat,230000,8,3,143,6,7,0,1,13,06 Apr 2026 08:32:15,161FF919474D5E7E39A7
SD NEGERI 2 SENARU,50200280,SD,Negeri,Kec. Bayan,230803,Kab. Lombok Utara,230800,Prov. Nusa Tenggara Barat,230000,9,1,137,6,9,0,1,17,29 Apr 2026 07:01:12,CBAF6A8566687BFBAF9C
SD NEGERI 2 SUKADANA,50200163,SD,Negeri,Kec. Bayan,230803,Kab. Lombok Utara,230800,Prov. Nusa Tenggara Barat,230000,10,2,155,6,8,0,1,12,12 Apr 2026 22:16:12,3C96405470A227DB20FF
SD NEGERI 3 ANDALAN,60726839,SD,Negeri,Kec. Bayan,230803,Kab. Lombok Utara,230800,Prov. Nusa Tenggara Barat,230000,7,1,43,6,6,0,1,14,02 Apr 2026 08:08:44,9F14ECA1F4417E587E20
SD NEGERI 3 ANYAR,50200158,SD,Negeri,Kec. Bayan,230803,Kab. Lombok Utara,230800,Prov. Nusa Tenggara Barat,230000,10,2,150,6,6,0,1,11,21 Apr 2026 09:40:59,D5CFE36D1C7FC7C36E6A
SD NEGERI 3 BATU RAKIT,60726837,SD,Negeri,Kec. Bayan,230803,Kab. Lombok Utara,230800,Prov. Nusa Tenggara Barat,230000,7,2,62,6,6,0,0,9,07 Apr 2026 07:12:53,938F55ECA977DE4C089D
SD NEGERI 3 LOLOAN,50200114,SD,Negeri,Kec. Bayan,230803,Kab. Lombok Utara,230800,Prov. Nusa Tenggara Barat,230000,8,2,112,6,6,0,1,55,02 May 2026 09:39:52,259738BBFD8CFB4093A9
SD NEGERI 3 Mumbul Sari,60726841,SD,Negeri,Kec. Bayan,230803,Kab. Lombok Utara,230800,Prov. Nusa Tenggara Barat,230000,9,3,46,6,6,1,1,22,07 Apr 2026 20:31:41,DB00D46CE833FA1A9ED3
SD NEGERI 3 Sambik Elen,60726834,SD,Negeri,Kec. Bayan,230803,Kab. Lombok Utara,230800,Prov. Nusa Tenggara Barat,230000,9,1,121,6,8,0,1,14,28 Apr 2026 10:31:44,D9E53266CA789ADE8577
SD NEGERI 3 SENARU,50200170,SD,Negeri,Kec. Bayan,230803,Kab. Lombok Utara,230800,Prov. Nusa Tenggara Barat,230000,11,2,240,8,8,0,1,19,31 Mar 2026 06:53:08,73A1F15581DF9A72246A
SD NEGERI 4 ANYAR,60726833,SD,Negeri,Kec. Bayan,230803,Kab. Lombok Utara,230800,Prov. Nusa Tenggara Barat,230000,8,3,114,6,6,0,0,33,23 Apr 2026 07:01:12,F5CDA2109B84A9D56559
SD NEGERI 4 Loloan,60726838,SD,Negeri,Kec. Bayan,230803,Kab. Lombok Utara,230800,Prov. Nusa Tenggara Barat,230000,10,1,91,6,6,0,1,47,02 Apr 2026 06:59:55,FB320AB13E5804402404
SD NEGERI 4 Senaru,60726835,SD,Negeri,Kec. Bayan,230803,Kab. Lombok Utara,230800,Prov. Nusa Tenggara Barat,230000,10,2,114,6,6,0,1,12,20 Apr 2026 12:49:27,27472E10E18FBB0988B7
SDN 2 LOLOAN,50200299,SD,Negeri,Kec. Bayan,230803,Kab. Lombok Utara,230800,Prov. Nusa Tenggara Barat,230000,9,2,133,6,6,0,1,20,07 Apr 2026 18:24:52,F30EC5CD51D057B067A3
SD Al FURQON NW BAYAN,69977072,SD,Swasta,Kec. Bayan,230803,Kab. Lombok Utara,230800,Prov. Nusa Tenggara Barat,230000,4,2,30,5,2,0,0,9,06 Apr 2026 21:07:12,C5FC828828577617DA38
SD MARAQITTAKLIMAT,69950636,SD,Swasta,Kec. Bayan,230803,Kab. Lombok Utara,230800,Prov. Nusa Tenggara Barat,230000,6,1,27,6,5,0,0,4,22 Feb 2026 19:16:27,06EB0D58BFA6BF757309
SDI Nurul Hidayah Batu Jengkiran,69983860,SD,Swasta,Kec. Bayan,230803,Kab. Lombok Utara,230800,Prov. Nusa Tenggara Barat,230000,7,2,30,6,4,0,0,23,30 Apr 2026 08:16:36,C969A5CD6B380FFCD3B3
SMP N SATAP 5 Bayan,69787224,SMP,Negeri,Kec. Bayan,230803,Kab. Lombok Utara,230800,Prov. Nusa Tenggara Barat,230000,6,5,49,3,3,2,1,20,03 Mar 2026 10:35:56,F6192001EE991F301B2D
SMP NEGERI 1 BAYAN,50200318,SMP,Negeri,Kec. Bayan,230803,Kab. Lombok Utara,230800,Prov. Nusa Tenggara Barat,230000,42,13,707,23,23,2,1,62,30 Apr 2026 11:21:42,F26A3D67E556EA1DC618
SMP NEGERI 2 BAYAN,50200328,SMP,Negeri,Kec. Bayan,230803,Kab. Lombok Utara,230800,Prov. Nusa Tenggara Barat,230000,22,15,294,11,13,1,1,38,28 Apr 2026 08:39:26,EC0B4CAAF07575495E63
SMP NEGERI 3 BAYAN,50200394,SMP,Negeri,Kec. Bayan,230803,Kab. Lombok Utara,230800,Prov. Nusa Tenggara Barat,230000,22,11,348,12,16,1,1,36,29 Apr 2026 07:57:00,28FB0A76A44EB172D359
SMP NEGERI 4 BAYAN,50200409,SMP,Negeri,Kec. Bayan,230803,Kab. Lombok Utara,230800,Prov. Nusa Tenggara Barat,230000,16,13,156,6,9,2,1,34,27 Apr 2026 11:37:30,16B9BE78498B91813D4B
SMP NEGERI 5 BAYAN,50219433,SMP,Negeri,Kec. Bayan,230803,Kab. Lombok Utara,230800,Prov. Nusa Tenggara Barat,230000,17,5,176,8,8,1,1,30,20 Apr 2026 09:15:52,F92D9926EB497D907F99
SMP NEGERI 6 BAYAN,69787222,SMP,Negeri,Kec. Bayan,230803,Kab. Lombok Utara,230800,Prov. Nusa Tenggara Barat,230000,12,9,139,6,6,1,1,31,28 Apr 2026 08:30:20,8C7D89FB657F1FFF0CFF
SMP NEGERI SATAP 1 BAYAN,50219432,SMP,Negeri,Kec. Bayan,230803,Kab. Lombok Utara,230800,Prov. Nusa Tenggara Barat,230000,8,5,41,3,4,1,1,15,29 Apr 2026 09:18:06,A11542C08A92BE72064A
SMP SATAP 6 BAYAN,69968782,SMP,Negeri,Kec. Bayan,230803,Kab. Lombok Utara,230800,Prov. Nusa Tenggara Barat,230000,10,5,40,3,3,2,1,118,23 Apr 2026 06:39:02,3A14F5CA02924F593E4A
SMPN SATAP 3 BAYAN,50219417,SMP,Negeri,Kec. Bayan,230803,Kab. Lombok Utara,230800,Prov. Nusa Tenggara Barat,230000,10,4,47,3,4,1,1,21,28 Apr 2026 07:11:10,A274575627AEA4D90629
SMP AL FURQON NW BAYAN,69977073,SMP,Swasta,Kec. Bayan,230803,Kab. Lombok Utara,230800,Prov. Nusa Tenggara Barat,230000,4,1,19,3,4,1,0,13,09 Mar 2026 09:45:10,5A42AD78258E8A26D8C6
SMP ISLAM AL-JUNARIS BAYANUL HAQ,70049624,SMP,Swasta,Kec. Bayan,230803,Kab. Lombok Utara,230800,Prov. Nusa Tenggara Barat,230000,8,2,0,0,0,0,0,0,,97970C5EDB2E5722461D
SMP ISLAM DARUL BAYAN,70029438,SMP,Swasta,Kec. Bayan,230803,Kab. Lombok Utara,230800,Prov. Nusa Tenggara Barat,230000,6,1,90,3,6,1,1,4,15 Apr 2026 22:35:12,8661E81F174621F9C15A
SMP PLUS MAMBAUL BAYAN NW,69992647,SMP,Swasta,Kec. Bayan,230803,Kab. Lombok Utara,230800,Prov. Nusa Tenggara Barat,230000,10,1,38,3,4,2,0,48,23 Apr 2026 10:06:00,0775710DD69EAF7B10E4
SMPS KARYA LOTARA,69851866,SMP,Swasta,Kec. Bayan,230803,Kab. Lombok Utara,230800,Prov. Nusa Tenggara Barat,230000,9,6,71,3,3,1,4,39,27 Apr 2026 21:49:18,6FC787F595F842B58403
SMA NEGERI 2 BAYAN,69807689,SMA,Negeri,Kec. Bayan,230803,Kab. Lombok Utara,230800,Prov. Nusa Tenggara Barat,230000,20,15,448,14,10,3,1,33,02 May 2026 12:08:04,44D8C9F0369228FA9F6C
SMAN 1 BAYAN,50200365,SMA,Negeri,Kec. Bayan,230803,Kab. Lombok Utara,230800,Prov. Nusa Tenggara Barat,230000,41,20,939,27,24,5,1,44,30 Apr 2026 07:23:22,76FC183ED40E6CCC6A21
SMA KARYA LOTARA,69856917,SMA,Swasta,Kec. Bayan,230803,Kab. Lombok Utara,230800,Prov. Nusa Tenggara Barat,230000,13,3,61,3,3,1,1,16,08 Apr 2026 19:48:40,7F16C38CC97200F50D02
SMAS SIFAUNNUFUS,60726860,SMA,Swasta,Kec. Bayan,230803,Kab. Lombok Utara,230800,Prov. Nusa Tenggara Barat,230000,7,1,47,3,3,1,2,60,29 Apr 2026 09:55:19,5CDD8ED01B2BE1648F71
SMKN 1 BAYAN,50200389,SMK,Negeri,Kec. Bayan,230803,Kab. Lombok Utara,230800,Prov. Nusa Tenggara Barat,230000,37,19,364,18,21,2,1,17,09 Apr 2026 11:55:22,171C37EAAF5E599C20EC
SMK PLUS MAMBAUL BAYAN NW,70041357,SMK,Swasta,Kec. Bayan,230803,Kab. Lombok Utara,230800,Prov. Nusa Tenggara Barat,230000,11,1,17,3,3,1,0,17,13 Apr 2026 19:21:16,1DBE7FB0B70C4CB1AECC
SMKS AL-BAYAN,69754447,SMK,Swasta,Kec. Bayan,230803,Kab. Lombok Utara,230800,Prov. Nusa Tenggara Barat,230000,16,3,91,6,7,1,1,21,09 Mar 2026 09:00:36,86F233B9233B6D1F929C
SMKS KESEHATAN HAMZAR BAYAN,69787320,SMK,Swasta,Kec. Bayan,230803,Kab. Lombok Utara,230800,Prov. Nusa Tenggara Barat,230000,8,1,62,3,5,2,1,19,10 Apr 2026 21:40:44,8647BAA7CEB4C4DA6199
SD NEGERI 1 DANGIANG,50200748,SD,Negeri,Kec. Kayangan,230805,Kab. Lombok Utara,230800,Prov. Nusa Tenggara Barat,230000,11,2,266,10,8,0,0,5,10 Feb 2026 12:11:26,F9B13890307E5700BE90
SD NEGERI 1 GUMANTAR,50200756,SD,Negeri,Kec. Kayangan,230805,Kab. Lombok Utara,230800,Prov. Nusa Tenggara Barat,230000,8,2,136,6,6,0,1,18,27 Apr 2026 08:17:32,4F73D7B2A9ABBCCB0017
SD NEGERI 1 KAYANGAN,50200722,SD,Negeri,Kec. Kayangan,230805,Kab. Lombok Utara,230800,Prov. Nusa Tenggara Barat,230000,8,2,83,6,6,0,1,19,18 Apr 2026 09:33:59,DA8CBEE3494793CDD571
SD NEGERI 1 PANSOR,50200475,SD,Negeri,Kec. Kayangan,230805,Kab. Lombok Utara,230800,Prov. Nusa Tenggara Barat,230000,8,2,164,6,7,0,1,31,05 Mar 2026 09:05:12,BE04703E2457681F621E
SD NEGERI 1 PENDUA,50200353,SD,Negeri,Kec. Kayangan,230805,Kab. Lombok Utara,230800,Prov. Nusa Tenggara Barat,230000,9,3,276,8,4,0,0,18,25 Apr 2026 11:42:59,135E158146061C47DD78
SD NEGERI 1 Salut,50200808,SD,Negeri,Kec. Kayangan,230805,Kab. Lombok Utara,230800,Prov. Nusa Tenggara Barat,230000,8,2,145,6,6,0,1,13,02 Mar 2026 07:46:29,48D7131DE93B732BC5CE
SD NEGERI 1 SANTONG,50200792,SD,Negeri,Kec. Kayangan,230805,Kab. Lombok Utara,230800,Prov. Nusa Tenggara Barat,230000,9,1,170,8,1,0,0,38,15 Apr 2026 12:56:51,92A24882358A53AEAFDC
SD NEGERI 1 SANTONG MULIA,50200278,SD,Negeri,Kec. Kayangan,230805,Kab. Lombok Utara,230800,Prov. Nusa Tenggara Barat,230000,12,2,275,9,10,0,0,24,30 Apr 2026 10:40:23,1F4E3B4C74DF919C8069
SD NEGERI 1 SELENGEN,50200773,SD,Negeri,Kec. Kayangan,230805,Kab. Lombok Utara,230800,Prov. Nusa Tenggara Barat,230000,9,1,232,7,6,0,1,11,30 Apr 2026 07:49:32,4F31F3ACCDBA43BB851D
SD NEGERI 1 SESAIT,50200769,SD,Negeri,Kec. Kayangan,230805,Kab. Lombok Utara,230800,Prov. Nusa Tenggara Barat,230000,9,1,242,6,6,0,0,8,05 Apr 2026 18:36:30,13C1CBED19CB40857352
SD NEGERI 2 GUMANTAR,50200212,SD,Negeri,Kec. Kayangan,230805,Kab. Lombok Utara,230800,Prov. Nusa Tenggara Barat,230000,8,1,204,7,6,1,1,35,08 Apr 2026 12:51:25,BFE19B2A6DBCF4CCD61F
SD NEGERI 2 KAYANGAN,50200227,SD,Negeri,Kec. Kayangan,230805,Kab. Lombok Utara,230800,Prov. Nusa Tenggara Barat,230000,13,3,288,12,9,0,0,38,14 Mar 2026 09:47:16,3C6A0C7FB329EFE540FD
SD NEGERI 2 PANSOR,69725140,SD,Negeri,Kec. Kayangan,230805,Kab. Lombok Utara,230800,Prov. Nusa Tenggara Barat,230000,8,2,92,6,6,0,1,25,21 Apr 2026 07:21:04,66E9D50CA9DF79FC00CC
SD NEGERI 2 SALUT,50219455,SD,Negeri,Kec. Kayangan,230805,Kab. Lombok Utara,230800,Prov. Nusa Tenggara Barat,230000,7,0,114,6,6,0,1,20,17 Apr 2026 08:54:25,2BC8904EDB55E44EB642
SD NEGERI 2 SANTONG,50200273,SD,Negeri,Kec. Kayangan,230805,Kab. Lombok Utara,230800,Prov. Nusa Tenggara Barat,230000,10,0,200,8,3,0,0,16,16 Apr 2026 10:34:56,63FA9A320972F56BC8FD
SD NEGERI 2 SELENGEN,50200281,SD,Negeri,Kec. Kayangan,230805,Kab. Lombok Utara,230800,Prov. Nusa Tenggara Barat,230000,15,2,283,12,13,1,1,13,06 Mar 2026 03:35:54,CA1920DECFB77B2E74EC
SD NEGERI 2 SESAIT,50200169,SD,Negeri,Kec. Kayangan,230805,Kab. Lombok Utara,230800,Prov. Nusa Tenggara Barat,230000,7,3,229,7,7,0,1,23,15 Apr 2026 13:24:49,66957564031C5FFE1FDC
SD NEGERI 3 GUMANTAR,50200113,SD,Negeri,Kec. Kayangan,230805,Kab. Lombok Utara,230800,Prov. Nusa Tenggara Barat,230000,7,2,191,6,7,0,1,33,11 Apr 2026 07:59:17,4C79E236DFB0A46F498A
SD NEGERI 3 KAYANGAN,50200119,SD,Negeri,Kec. Kayangan,230805,Kab. Lombok Utara,230800,Prov. Nusa Tenggara Barat,230000,8,1,142,6,6,1,0,30,07 Apr 2026 08:43:27,50BDA767E6D7FE5F1475
SD NEGERI 3 SANTONG,50200199,SD,Negeri,Kec. Kayangan,230805,Kab. Lombok Utara,230800,Prov. Nusa Tenggara Barat,230000,8,0,160,6,6,0,1,17,03 Apr 2026 20:00:58,37372BF9F57D40750B3E
SD NEGERI 3 SELENGEN,50200171,SD,Negeri,Kec. Kayangan,230805,Kab. Lombok Utara,230800,Prov. Nusa Tenggara Barat,230000,9,2,105,6,6,1,1,8,03 Mar 2026 07:29:28,647EA7EEDFE058EEB2AF
SD NEGERI 3 SESAIT,50200415,SD,Negeri,Kec. Kayangan,230805,Kab. Lombok Utara,230800,Prov. Nusa Tenggara Barat,230000,7,2,188,6,7,0,1,26,27 Apr 2026 09:10:38,FFE8150D7602955673AC
SD NEGERI 4 GUMANTAR,69725148,SD,Negeri,Kec. Kayangan,230805,Kab. Lombok Utara,230800,Prov. Nusa Tenggara Barat,230000,8,1,113,6,6,1,1,15,13 Apr 2026 10:28:48,90BEE07475D9E7376549
SD NEGERI 4 KAYANGAN,50200441,SD,Negeri,Kec. Kayangan,230805,Kab. Lombok Utara,230800,Prov. Nusa Tenggara Barat,230000,11,1,190,9,8,0,1,11,28 Jan 2026 15:22:18,56F8D93C7638EBBBB1FB
SD NEGERI 4 SANTONG,50200418,SD,Negeri,Kec. Kayangan,230805,Kab. Lombok Utara,230800,Prov. Nusa Tenggara Barat,230000,8,0,110,6,6,1,1,21,05 Apr 2026 19:47:47,FECEFD0AB0722345E274
SD NEGERI 4 SELENGEN,69725145,SD,Negeri,Kec. Kayangan,230805,Kab. Lombok Utara,230800,Prov. Nusa Tenggara Barat,230000,7,1,57,6,6,1,1,27,17 Apr 2026 08:58:11,75327974BCB633477D07
SD NEGERI 5 GUMANTAR,69725131,SD,Negeri,Kec. Kayangan,230805,Kab. Lombok Utara,230800,Prov. Nusa Tenggara Barat,230000,8,1,110,6,6,0,1,32,28 Apr 2026 21:04:34,9FBB081074C9F1C959A8
SD Negeri 5 Kayangan,70049621,SD,Negeri,Kec. Kayangan,230805,Kab. Lombok Utara,230800,Prov. Nusa Tenggara Barat,230000,8,1,113,6,6,0,0,27,10 Apr 2026 15:55:46,1C67CA7F297F2DE410FF
SDI AISYIYAH,70015675,SD,Swasta,Kec. Kayangan,230805,Kab. Lombok Utara,230800,Prov. Nusa Tenggara Barat,230000,8,2,70,6,4,0,0,28,09 Apr 2026 22:01:11,CDB60355AB40715AF486
Sekolah Dasar Islam (SDI) Anak Jenius Nahdlatul Tujjar,70059854,SD,Swasta,Kec. Kayangan,230805,Kab. Lombok Utara,230800,Prov. Nusa Tenggara Barat,230000,2,1,12,2,2,0,0,18,22 Apr 2026 18:57:12,7CAA4CD041D2670E3561
SEKOLAH DASAR ISLAM IZZATI LANA,70053917,SD,Swasta,Kec. Kayangan,230805,Kab. Lombok Utara,230800,Prov. Nusa Tenggara Barat,230000,0,0,0,0,0,0,0,0,,3FF8B2C0C01DD243E174
SMP NEGERI 1 KAYANGAN,50200314,SMP,Negeri,Kec. Kayangan,230805,Kab. Lombok Utara,230800,Prov. Nusa Tenggara Barat,230000,25,11,395,12,9,2,3,56,29 Apr 2026 09:42:12,5F5A2A3121A671980A60
SMP NEGERI 2 KAYANGAN,50200312,SMP,Negeri,Kec. Kayangan,230805,Kab. Lombok Utara,230800,Prov. Nusa Tenggara Barat,230000,14,8,175,7,15,1,0,33,25 Apr 2026 08:24:40,8B78246643166DEE11F7
SMP NEGERI 3 KAYANGAN,50200391,SMP,Negeri,Kec. Kayangan,230805,Kab. Lombok Utara,230800,Prov. Nusa Tenggara Barat,230000,13,8,150,6,8,2,1,22,21 Apr 2026 09:12:25,644CEDEE23921BF13A99
SMP NEGERI 4 KAYANGAN,69727088,SMP,Negeri,Kec. Kayangan,230805,Kab. Lombok Utara,230800,Prov. Nusa Tenggara Barat,230000,11,6,96,5,6,2,0,28,14 Apr 2026 09:31:14,90BC1F2BBB2D8EF53F15
SMP NEGERI SATAP 2 KAYANGAN,50219414,SMP,Negeri,Kec. Kayangan,230805,Kab. Lombok Utara,230800,Prov. Nusa Tenggara Barat,230000,10,3,96,3,3,1,1,22,16 Apr 2026 11:51:34,EFBD9A6AF0103297D0DF
SMP NEGERI SATAP 4 Kayangan,69787227,SMP,Negeri,Kec. Kayangan,230805,Kab. Lombok Utara,230800,Prov. Nusa Tenggara Barat,230000,9,4,74,3,3,2,1,14,20 Apr 2026 10:41:48,D641715FC3735F36BA23
SMPN SATAP 1 KAYANGAN,50219430,SMP,Negeri,Kec. Kayangan,230805,Kab. Lombok Utara,230800,Prov. Nusa Tenggara Barat,230000,9,5,61,3,3,4,2,15,22 Apr 2026 08:46:40,A46A9C6CA402B461F3C2
SMPN SATAP 3 Kayangan,50219431,SMP,Negeri,Kec. Kayangan,230805,Kab. Lombok Utara,230800,Prov. Nusa Tenggara Barat,230000,8,2,71,3,3,1,1,31,27 Apr 2026 09:46:58,6F5D059EBBADF40B235C
SMP ISLAM AL-BAQIYATUSSHALIHAT NW SANTONG,70047379,SMP,Swasta,Kec. Kayangan,230805,Kab. Lombok Utara,230800,Prov. Nusa Tenggara Barat,230000,8,2,28,3,3,0,0,38,30 Apr 2026 07:24:39,0B782CE52C4FB1AB83B0
SMP ISLAM NAHDLATUL TUJJAR,70047513,SMP,Swasta,Kec. Kayangan,230805,Kab. Lombok Utara,230800,Prov. Nusa Tenggara Barat,230000,6,1,33,3,3,1,0,40,27 Apr 2026 19:00:05,C9E5BDF6386DF8B7C421
SMP IT Maraqittalimat Panggung,69775808,SMP,Swasta,Kec. Kayangan,230805,Kab. Lombok Utara,230800,Prov. Nusa Tenggara Barat,230000,16,4,50,3,3,3,0,19,20 Mar 2026 15:31:56,E7FEBF01E39AA2C95F3E
SMP ITTIHADUL FALAH,69983817,SMP,Swasta,Kec. Kayangan,230805,Kab. Lombok Utara,230800,Prov. Nusa Tenggara Barat,230000,9,1,35,3,2,2,1,21,02 May 2026 09:45:53,ABDF5578F3ED5DDB808A
SMAN 1 KAYANGAN,50200385,SMA,Negeri,Kec. Kayangan,230805,Kab. Lombok Utara,230800,Prov. Nusa Tenggara Barat,230000,38,18,681,19,14,14,1,23,30 Apr 2026 07:39:41,E09D17B56C93F9AC731E
SMA ALMUTTAQIY NW SANTONG,70061306,SMA,Swasta,Kec. Kayangan,230805,Kab. Lombok Utara,230800,Prov. Nusa Tenggara Barat,230000,0,0,0,0,0,0,0,0,,7AC2B39F4B079F7AF713
SMA ISLAM SUNANUL HUDA NW MELEPAH,70056958,SMA,Swasta,Kec. Kayangan,230805,Kab. Lombok Utara,230800,Prov. Nusa Tenggara Barat,230000,8,1,24,2,2,0,0,26,25 Apr 2026 19:04:56,C76F735AADD29395C659
SMA ITTIHADUL FALAH,69948127,SMA,Swasta,Kec. Kayangan,230805,Kab. Lombok Utara,230800,Prov. Nusa Tenggara Barat,230000,3,1,21,3,1,0,0,25,22 Apr 2026 11:36:34,46D83CB1016367558216
SMAS ISLAM AL IKHWAN,50205409,SMA,Swasta,Kec. Kayangan,230805,Kab. Lombok Utara,230800,Prov. Nusa Tenggara Barat,230000,9,1,97,4,5,1,0,22,20 Apr 2026 08:21:02,E6401FFBA4EBEFE1D07C
SMK NEGERI 1 KAYANGAN,69807688,SMK,Negeri,Kec. Kayangan,230805,Kab. Lombok Utara,230800,Prov. Nusa Tenggara Barat,230000,31,9,310,14,13,1,1,1,30 Apr 2026 10:35:21,95280BDEBC9BB0C1264D
SMK ISLAM NAHDLATUL TUJJAR,70057897,SMK,Swasta,Kec. Kayangan,230805,Kab. Lombok Utara,230800,Prov. Nusa Tenggara Barat,230000,0,0,0,0,0,0,0,0,,D37BBCF30B5AF622820C
SMKS MARAQITTALIMAT SANTONG,69753164,SMK,Swasta,Kec. Kayangan,230805,Kab. Lombok Utara,230800,Prov. Nusa Tenggara Barat,230000,21,2,74,3,3,1,0,21,20 Apr 2026 04:57:04,7C7E28FD790CC9D36CFA
SD NEGERI 1 BENTEK,50200750,SD,Negeri,Kec. Gangga,230802,Kab. Lombok Utara,230800,Prov. Nusa Tenggara Barat,230000,15,3,214,11,11,0,1,23,15 Apr 2026 09:15:05,7A1F6BB5278026018103
SD NEGERI 1 GENGGELANG,50200761,SD,Negeri,Kec. Gangga,230802,Kab. Lombok Utara,230800,Prov. Nusa Tenggara Barat,230000,7,0,128,6,9,0,0,30,03 Apr 2026 01:38:43,ECD4F868A8991312EE89
SD NEGERI 1 Gondang,50200757,SD,Negeri,Kec. Gangga,230802,Kab. Lombok Utara,230800,Prov. Nusa Tenggara Barat,230000,9,1,186,7,7,0,1,19,04 Apr 2026 09:00:20,A326C7FC90E3BCD253A7
SD NEGERI 1 REMPEK,50200810,SD,Negeri,Kec. Gangga,230802,Kab. Lombok Utara,230800,Prov. Nusa Tenggara Barat,230000,8,2,170,6,6,0,1,22,13 Apr 2026 06:57:56,4D8ED2F92B0C0742122F
SD NEGERI 1 REMPEK DARUSSALAM,50200268,SD,Negeri,Kec. Gangga,230802,Kab. Lombok Utara,230800,Prov. Nusa Tenggara Barat,230000,8,1,85,6,6,0,0,58,02 May 2026 05:47:33,609F39F39EFAA0C3FFCF
SD NEGERI 1 SAMBIK BANGKOL,50200807,SD,Negeri,Kec. Gangga,230802,Kab. Lombok Utara,230800,Prov. Nusa Tenggara Barat,230000,11,2,195,8,8,0,1,31,05 Mar 2026 08:19:27,D236AB602F8F03ADFA63
SD NEGERI 1 SEGARA KATON,50200217,SD,Negeri,Kec. Gangga,230802,Kab. Lombok Utara,230800,Prov. Nusa Tenggara Barat,230000,7,2,162,6,6,0,0,25,24 Apr 2026 07:32:57,FA9A1317DF8074671BAE
SD NEGERI 1 SELELOS,50200134,SD,Negeri,Kec. Gangga,230802,Kab. Lombok Utara,230800,Prov. Nusa Tenggara Barat,230000,10,2,115,6,7,1,1,19,16 Apr 2026 10:04:02,0A02E0E3B89C0EB42653
SD NEGERI 2 GENGGELANG,50200448,SD,Negeri,Kec. Gangga,230802,Kab. Lombok Utara,230800,Prov. Nusa Tenggara Barat,230000,8,2,145,6,6,0,0,14,17 Apr 2026 08:38:07,E9E120A03862B50E3071
SD NEGERI 2 GONDANG,50200213,SD,Negeri,Kec. Gangga,230802,Kab. Lombok Utara,230800,Prov. Nusa Tenggara Barat,230000,10,2,186,8,8,0,1,16,04 Mar 2026 07:19:43,BAB04C608DE5D4FB6684
SD NEGERI 2 REMPEK DARUSSALAM,50223250,SD,Negeri,Kec. Gangga,230802,Kab. Lombok Utara,230800,Prov. Nusa Tenggara Barat,230000,7,2,95,6,6,0,0,11,03 Mar 2026 08:10:24,FD880B9BB6815C716F02
SD NEGERI 2 SAMBIK BANGKOL,50200265,SD,Negeri,Kec. Gangga,230802,Kab. Lombok Utara,230800,Prov. Nusa Tenggara Barat,230000,9,3,105,6,6,0,1,3,06 Feb 2026 08:58:22,8D2A757A73D5FB1EDE58
SD NEGERI 2 SEGARA KATON,50200105,SD,Negeri,Kec. Gangga,230802,Kab. Lombok Utara,230800,Prov. Nusa Tenggara Barat,230000,18,3,364,14,14,0,1,22,02 May 2026 10:21:32,42F43681D04366BE7670
SD NEGERI 2 SELELOS,70004715,SD,Negeri,Kec. Gangga,230802,Kab. Lombok Utara,230800,Prov. Nusa Tenggara Barat,230000,8,3,117,6,6,1,1,17,22 Apr 2026 08:38:56,449CAE1AB52AAFC2CC63
SD NEGERI 3 BENTEK,50200174,SD,Negeri,Kec. Gangga,230802,Kab. Lombok Utara,230800,Prov. Nusa Tenggara Barat,230000,8,1,143,6,7,0,0,10,07 Apr 2026 07:30:39,65C7FF8DF5425DBB9984
SD NEGERI 3 GENGGELANG,50200499,SD,Negeri,Kec. Gangga,230802,Kab. Lombok Utara,230800,Prov. Nusa Tenggara Barat,230000,8,3,97,6,6,0,0,23,17 Apr 2026 08:15:41,E08C573405E2E31D78DF
SD NEGERI 3 GONDANG,50200112,SD,Negeri,Kec. Gangga,230802,Kab. Lombok Utara,230800,Prov. Nusa Tenggara Barat,230000,16,2,286,12,12,1,1,18,09 Apr 2026 10:33:10,5865E24156B3454F9131
SD NEGERI 3 SAMBIK BANGKOL,50200201,SD,Negeri,Kec. Gangga,230802,Kab. Lombok Utara,230800,Prov. Nusa Tenggara Barat,230000,8,2,200,6,8,0,0,11,12 Apr 2026 18:17:40,F1D399AC73D0CBB09D17
SD NEGERI 3 SEGARA KATON,50200466,SD,Negeri,Kec. Gangga,230802,Kab. Lombok Utara,230800,Prov. Nusa Tenggara Barat,230000,7,2,127,6,9,0,0,12,21 Apr 2026 07:43:50,9D1B401F9ABE7440B3BB
SD NEGERI 4 BENTEK,50200513,SD,Negeri,Kec. Gangga,230802,Kab. Lombok Utara,230800,Prov. Nusa Tenggara Barat,230000,9,2,141,6,6,0,1,18,04 Mar 2026 09:37:32,5ADBC1D08946B4817430
SD NEGERI 4 GENGGELANG,50200347,SD,Negeri,Kec. Gangga,230802,Kab. Lombok Utara,230800,Prov. Nusa Tenggara Barat,230000,9,0,163,6,8,0,0,27,24 Apr 2026 10:42:09,02BABAF0C57293804187
SD NEGERI 4 GONDANG,50200446,SD,Negeri,Kec. Gangga,230802,Kab. Lombok Utara,230800,Prov. Nusa Tenggara Barat,230000,8,3,149,6,6,0,1,22,23 Apr 2026 07:39:14,EB1ED7369FE5A9967CAC
SD NEGERI 4 SAMBIK BANGKOL,50200420,SD,Negeri,Kec. Gangga,230802,Kab. Lombok Utara,230800,Prov. Nusa Tenggara Barat,230000,7,2,74,6,6,0,1,56,23 Apr 2026 10:40:16,3CD85E8D8C20975EF44D
SD NEGERI 5 BENTEK,60724895,SD,Negeri,Kec. Gangga,230802,Kab. Lombok Utara,230800,Prov. Nusa Tenggara Barat,230000,9,2,63,6,5,0,1,55,16 Apr 2026 14:48:19,E2500130FE91E28D328E
SD NEGERI 5 Gondang,50200498,SD,Negeri,Kec. Gangga,230802,Kab. Lombok Utara,230800,Prov. Nusa Tenggara Barat,230000,13,4,240,9,9,0,1,19,18 Apr 2026 20:51:48,0F18C9A947C362BA2214
SD NEGERI 5 SAMBIK BANGKOL,50200490,SD,Negeri,Kec. Gangga,230802,Kab. Lombok Utara,230800,Prov. Nusa Tenggara Barat,230000,8,1,95,6,6,0,1,29,01 May 2026 20:05:19,98C0259CC9D941D7F7D4
SD NEGERI 6 SAMBIK BANGKOL,50200478,SD,Negeri,Kec. Gangga,230802,Kab. Lombok Utara,230800,Prov. Nusa Tenggara Barat,230000,8,1,100,6,4,1,1,21,10 Mar 2026 16:57:00,31104CDE0ED9A63B2A37
SD NEGERI 7 SAMBIK BANGKOL,50200350,SD,Negeri,Kec. Gangga,230802,Kab. Lombok Utara,230800,Prov. Nusa Tenggara Barat,230000,13,3,237,10,10,0,0,23,06 Apr 2026 18:31:51,EFDE9A7480BADFACD3B0
SDN 2 BENTEK,50200254,SD,Negeri,Kec. Gangga,230802,Kab. Lombok Utara,230800,Prov. Nusa Tenggara Barat,230000,11,2,221,8,8,1,0,14,06 Mar 2026 06:53:05,F7368A6B2E4B9D7D6E18
SD ISLAM AL FATIH,70004193,SD,Swasta,Kec. Gangga,230802,Kab. Lombok Utara,230800,Prov. Nusa Tenggara Barat,230000,6,2,94,6,2,0,0,12,30 Jan 2026 14:16:56,C454819CB5EE34C84CA1
SD ISLAM TERPADU IBNUL JAUZI,70052037,SD,Swasta,Kec. Gangga,230802,Kab. Lombok Utara,230800,Prov. Nusa Tenggara Barat,230000,2,1,48,4,4,0,0,8,13 Feb 2026 10:10:18,4724B6E0FEEE98A9DB2C
SDI BINA CENDEKIA AQWAM,70008277,SD,Swasta,Kec. Gangga,230802,Kab. Lombok Utara,230800,Prov. Nusa Tenggara Barat,230000,8,2,89,6,3,1,1,33,16 Apr 2026 00:26:14,C8405E07185717E7FBC1
SDI Terpadu Al - Maarif Darussalam,69933601,SD,Swasta,Kec. Gangga,230802,Kab. Lombok Utara,230800,Prov. Nusa Tenggara Barat,230000,10,3,42,6,6,0,1,12,11 Feb 2026 11:16:54,C448AE3AAA4C10F464D6
SDIT Al Hijrah,69725641,SD,Swasta,Kec. Gangga,230802,Kab. Lombok Utara,230800,Prov. Nusa Tenggara Barat,230000,7,2,121,6,1,0,0,17,24 Apr 2026 09:33:35,3C16E9E702518CB0F02C
SDS ISLAM NURUL FATIHAH,69770316,SD,Swasta,Kec. Gangga,230802,Kab. Lombok Utara,230800,Prov. Nusa Tenggara Barat,230000,9,2,120,6,6,1,1,12,27 Apr 2026 09:24:32,7015EC9EC1DEC6D16C46
Sekolah Dasar Islam Qurani (SDIQ) Darul Musthafa NW,70008086,SD,Swasta,Kec. Gangga,230802,Kab. Lombok Utara,230800,Prov. Nusa Tenggara Barat,230000,11,1,116,6,6,0,0,19,26 Apr 2026 05:43:58,5EBA92E6C18B44F439ED
SMP NEGERI 1 GANGGA,50200317,SMP,Negeri,Kec. Gangga,230802,Kab. Lombok Utara,230800,Prov. Nusa Tenggara Barat,230000,35,11,571,19,19,3,1,35,24 Apr 2026 08:43:34,541033F6C3BE945BBF5D
SMP NEGERI 2 GANGGA,50200327,SMP,Negeri,Kec. Gangga,230802,Kab. Lombok Utara,230800,Prov. Nusa Tenggara Barat,230000,21,9,261,9,12,2,1,28,15 Apr 2026 10:49:02,38FE2C49A67EAB432B37
SMP NEGERI 3 GANGGA,50200393,SMP,Negeri,Kec. Gangga,230802,Kab. Lombok Utara,230800,Prov. Nusa Tenggara Barat,230000,28,11,343,11,12,1,1,109,08 Apr 2026 10:38:36,08B87569989AD993C208
SMP NEGERI 4 GANGGA,50219411,SMP,Negeri,Kec. Gangga,230802,Kab. Lombok Utara,230800,Prov. Nusa Tenggara Barat,230000,10,3,73,3,3,1,1,48,01 May 2026 13:15:27,AA922D0827115E9DC634
SMPN SATAP 4 GANGGA,50219427,SMP,Negeri,Kec. Gangga,230802,Kab. Lombok Utara,230800,Prov. Nusa Tenggara Barat,230000,8,2,53,3,3,2,1,11,02 Mar 2026 11:12:45,1E74C1B54DDACC605AFC
SMP Islam Anwarul Muhajirin NWDI,70061436,SMP,Swasta,Kec. Gangga,230802,Kab. Lombok Utara,230800,Prov. Nusa Tenggara Barat,230000,0,0,0,0,0,0,0,0,,650A33B5F1244268DD07
SMP ISLAM ISTIQOMATUL FALAH,70046645,SMP,Swasta,Kec. Gangga,230802,Kab. Lombok Utara,230800,Prov. Nusa Tenggara Barat,230000,9,1,111,4,3,0,0,61,02 May 2026 12:56:09,7108B22584DF8ED60FA0
SMPI BABUSSALAM,70000814,SMP,Swasta,Kec. Gangga,230802,Kab. Lombok Utara,230800,Prov. Nusa Tenggara Barat,230000,7,1,242,8,7,0,1,31,27 Apr 2026 15:46:44,0BFE184B1F3467F536C1
SMAN 1 GANGGA,50200375,SMA,Negeri,Kec. Gangga,230802,Kab. Lombok Utara,230800,Prov. Nusa Tenggara Barat,230000,40,22,946,27,25,3,1,24,02 May 2026 08:06:40,2C5ABDC93520443ED8BF
SMA ISLAM AL-ITTIHAD SAMBIK BANGKOL,70049192,SMA,Swasta,Kec. Gangga,230802,Kab. Lombok Utara,230800,Prov. Nusa Tenggara Barat,230000,0,0,0,0,0,0,0,0,,CA50FE8EAEA0EAD315D1
SMAS AL MAARIF DARUSSALAM,60724899,SMA,Swasta,Kec. Gangga,230802,Kab. Lombok Utara,230800,Prov. Nusa Tenggara Barat,230000,12,2,95,4,4,1,1,11,14 Mar 2026 20:12:39,1DB394B95E9CBA8CEDA8
SMAS ISLAM ISLAHUL UMMAH,69725644,SMA,Swasta,Kec. Gangga,230802,Kab. Lombok Utara,230800,Prov. Nusa Tenggara Barat,230000,10,1,87,4,1,1,0,10,22 Apr 2026 07:37:40,E94A01B65C46396BAD55
SMKN 1 GANGGA,60724902,SMK,Negeri,Kec. Gangga,230802,Kab. Lombok Utara,230800,Prov. Nusa Tenggara Barat,230000,36,16,436,15,17,1,1,21,23 Apr 2026 09:23:35,A82BCDA1E5E5853CE3C0
SMKS AL-MUJAHIDIN AL-MAJIDIAH,69725645,SMK,Swasta,Kec. Gangga,230802,Kab. Lombok Utara,230800,Prov. Nusa Tenggara Barat,230000,8,3,43,3,3,1,0,43,22 Apr 2026 21:38:59,BF0EACFC1E4EE64F0ADD
SMKS BABUSSALAM,60724904,SMK,Swasta,Kec. Gangga,230802,Kab. Lombok Utara,230800,Prov. Nusa Tenggara Barat,230000,11,2,138,6,2,0,1,15,30 Apr 2026 15:02:10,DBD8AE13E827BC9D2ACF
SD NEGERI 1 JENGGALA,50200230,SD,Negeri,Kec. Tanjung,230801,Kab. Lombok Utara,230800,Prov. Nusa Tenggara Barat,230000,17,3,283,12,12,0,1,19,09 Apr 2026 08:14:16,BEEFAADBB9377A0DDD24
SD NEGERI 1 MEDANA,50200801,SD,Negeri,Kec. Tanjung,230801,Kab. Lombok Utara,230800,Prov. Nusa Tenggara Barat,230000,10,3,212,8,8,0,1,26,09 Apr 2026 07:03:59,409944748CD51316A18C
SD NEGERI 1 SAMA GUNA,50200725,SD,Negeri,Kec. Tanjung,230801,Kab. Lombok Utara,230800,Prov. Nusa Tenggara Barat,230000,9,2,157,6,6,0,1,17,07 Mar 2026 07:17:01,BCF6BC70B31084FA1A03
SD NEGERI 1 SIGAR PENJALIN,50200791,SD,Negeri,Kec. Tanjung,230801,Kab. Lombok Utara,230800,Prov. Nusa Tenggara Barat,230000,16,2,321,12,12,0,1,28,10 Apr 2026 21:06:44,5CC6CEA678E7560D0AC6
SD NEGERI 1 SOKONG,50200788,SD,Negeri,Kec. Tanjung,230801,Kab. Lombok Utara,230800,Prov. Nusa Tenggara Barat,230000,13,2,255,11,10,0,0,39,25 Apr 2026 13:17:08,953FBD3F32A5353C5CB9
SD NEGERI 1 TANJUNG,50200782,SD,Negeri,Kec. Tanjung,230801,Kab. Lombok Utara,230800,Prov. Nusa Tenggara Barat,230000,10,3,115,6,6,0,0,30,28 Apr 2026 11:10:10,A7F32B02EE75E25C605A
SD NEGERI 1 Tegal Maja,50200781,SD,Negeri,Kec. Tanjung,230801,Kab. Lombok Utara,230800,Prov. Nusa Tenggara Barat,230000,8,0,65,6,6,0,1,49,08 Apr 2026 08:41:02,E75210E083213B772184
SD NEGERI 1 TENIGA,50200247,SD,Negeri,Kec. Tanjung,230801,Kab. Lombok Utara,230800,Prov. Nusa Tenggara Barat,230000,9,2,120,6,7,1,0,23,13 Apr 2026 09:07:21,A88289B2A432A093A6A3
SD NEGERI 2 MEDANA,50200306,SD,Negeri,Kec. Tanjung,230801,Kab. Lombok Utara,230800,Prov. Nusa Tenggara Barat,230000,9,1,131,6,6,0,1,9,02 Apr 2026 22:28:38,B242115BDC0E36038D0A
SD NEGERI 2 SAMA GUNA,50200131,SD,Negeri,Kec. Tanjung,230801,Kab. Lombok Utara,230800,Prov. Nusa Tenggara Barat,230000,9,1,101,6,6,1,1,41,08 Apr 2026 09:52:32,58B39C1398F96A5227C8
SD NEGERI 2 SIGAR PENJALIN,50200275,SD,Negeri,Kec. Tanjung,230801,Kab. Lombok Utara,230800,Prov. Nusa Tenggara Barat,230000,10,2,237,9,7,0,1,10,04 Apr 2026 07:29:17,6F3F829ABEBFE23793D7
SD NEGERI 2 SOKONG,50200159,SD,Negeri,Kec. Tanjung,230801,Kab. Lombok Utara,230800,Prov. Nusa Tenggara Barat,230000,10,3,177,6,6,0,1,15,15 Apr 2026 07:54:53,B1DF38869A48609D7E0D
SD NEGERI 2 TANJUNG,50200141,SD,Negeri,Kec. Tanjung,230801,Kab. Lombok Utara,230800,Prov. Nusa Tenggara Barat,230000,18,1,336,11,11,0,1,27,10 Apr 2026 08:06:15,048222CDC17B22571C75
SD NEGERI 2 TEGAL MAJA,50200139,SD,Negeri,Kec. Tanjung,230801,Kab. Lombok Utara,230800,Prov. Nusa Tenggara Barat,230000,8,1,78,6,6,1,1,6,04 Mar 2026 07:45:04,151A5D3786DD7A6CD18A
SD NEGERI 3 SAMA GUNA,50200442,SD,Negeri,Kec. Tanjung,230801,Kab. Lombok Utara,230800,Prov. Nusa Tenggara Barat,230000,8,2,44,6,6,0,1,26,15 Apr 2026 11:46:09,5C0CF93527891AF09353
SD NEGERI 3 SIGAR PENJALIN,50200166,SD,Negeri,Kec. Tanjung,230801,Kab. Lombok Utara,230800,Prov. Nusa Tenggara Barat,230000,9,1,192,8,8,0,0,11,12 Apr 2026 18:30:14,2A121F36BB556F999A91
SD NEGERI 3 SOKONG,50200165,SD,Negeri,Kec. Tanjung,230801,Kab. Lombok Utara,230800,Prov. Nusa Tenggara Barat,230000,9,1,130,6,7,0,1,33,15 Apr 2026 22:49:12,4D7BBDC4B43E6A6A0D9A
SD NEGERI 3 TANJUNG,50200172,SD,Negeri,Kec. Tanjung,230801,Kab. Lombok Utara,230800,Prov. Nusa Tenggara Barat,230000,10,1,136,6,6,0,1,16,20 Apr 2026 18:02:35,D63FA8FB2DA5E08734B7
SD NEGERI 3 TEGAL MAJA,50200183,SD,Negeri,Kec. Tanjung,230801,Kab. Lombok Utara,230800,Prov. Nusa Tenggara Barat,230000,7,2,122,6,6,0,1,17,02 Apr 2026 08:18:26,FBBC0A17718DC24F9D24
SD NEGERI 4 SAMA GUNA,50200496,SD,Negeri,Kec. Tanjung,230801,Kab. Lombok Utara,230800,Prov. Nusa Tenggara Barat,230000,10,1,108,6,6,0,1,15,07 Apr 2026 18:39:44,17B44BED84F06C50EBE7
SD NEGERI 4 SIGAR PENJALIN,50200424,SD,Negeri,Kec. Tanjung,230801,Kab. Lombok Utara,230800,Prov. Nusa Tenggara Barat,230000,15,1,302,12,11,1,1,23,15 Apr 2026 11:39:38,648857FDD7B84DA952B8
SD NEGERI 4 SOKONG,50200425,SD,Negeri,Kec. Tanjung,230801,Kab. Lombok Utara,230800,Prov. Nusa Tenggara Barat,230000,9,1,91,6,6,1,0,15,16 Apr 2026 08:14:34,D85B4F107B8549EBFC1A
SD NEGERI 4 TANJUNG,50200433,SD,Negeri,Kec. Tanjung,230801,Kab. Lombok Utara,230800,Prov. Nusa Tenggara Barat,230000,11,1,195,6,6,1,1,13,03 Apr 2026 12:17:36,03AE914276EB6A60DA05
SD NEGERI 4 TEGAL MAJA,50200431,SD,Negeri,Kec. Tanjung,230801,Kab. Lombok Utara,230800,Prov. Nusa Tenggara Barat,230000,8,1,107,6,6,1,0,33,11 Apr 2026 10:15:46,4072521940E1644965E4
SD NEGERI 5 SAMA GUNA,50200477,SD,Negeri,Kec. Tanjung,230801,Kab. Lombok Utara,230800,Prov. Nusa Tenggara Barat,230000,8,2,46,6,6,0,0,29,30 Apr 2026 16:40:04,6E655DB04AA24E8F2FDB
SD NEGERI 5 SIGAR PENJALIN,50200474,SD,Negeri,Kec. Tanjung,230801,Kab. Lombok Utara,230800,Prov. Nusa Tenggara Barat,230000,8,1,154,6,6,0,0,29,23 Apr 2026 09:22:21,6F6894EBE5CE73CD39BC
SD NEGERI 5 SOKONG,50200473,SD,Negeri,Kec. Tanjung,230801,Kab. Lombok Utara,230800,Prov. Nusa Tenggara Barat,230000,8,2,114,6,6,0,1,15,25 Mar 2026 22:48:14,A4AB4150C807A79424AB
SD NEGERI 5 TANJUNG,50200472,SD,Negeri,Kec. Tanjung,230801,Kab. Lombok Utara,230800,Prov. Nusa Tenggara Barat,230000,8,1,79,6,6,1,0,11,02 Apr 2026 07:02:48,3CE50347E7D64D4DC461
SD NEGERI 6 SAMA GUNA,69759189,SD,Negeri,Kec. Tanjung,230801,Kab. Lombok Utara,230800,Prov. Nusa Tenggara Barat,230000,9,1,55,6,5,0,1,17,17 Apr 2026 06:57:48,9D986D14F8970A898D4F
SD NEGERI 6 SOKONG,50200362,SD,Negeri,Kec. Tanjung,230801,Kab. Lombok Utara,230800,Prov. Nusa Tenggara Barat,230000,10,1,111,6,6,0,0,9,13 Apr 2026 18:40:59,EA8CD2878EDA8A62369D
SD NEGERI 6 TANJUNG,50200349,SD,Negeri,Kec. Tanjung,230801,Kab. Lombok Utara,230800,Prov. Nusa Tenggara Barat,230000,7,1,59,6,6,0,1,20,09 Apr 2026 06:31:11,D608DD6AC779D009ED99
SD NEGERI 7 SOKONG,50200361,SD,Negeri,Kec. Tanjung,230801,Kab. Lombok Utara,230800,Prov. Nusa Tenggara Barat,230000,7,1,208,6,6,0,1,23,02 Apr 2026 07:07:44,8F818CAF5D2C77837CD0
SD NEGERI 8 SOKONG,50200356,SD,Negeri,Kec. Tanjung,230801,Kab. Lombok Utara,230800,Prov. Nusa Tenggara Barat,230000,18,4,315,12,12,0,1,34,30 Apr 2026 10:17:33,270628773A9BFE9C6DC3
SDI Al - Furqan,69933736,SD,Swasta,Kec. Tanjung,230801,Kab. Lombok Utara,230800,Prov. Nusa Tenggara Barat,230000,8,1,155,7,3,0,0,13,01 May 2026 01:04:40,338DE8EE360675308D3C
SDI INTEGRASI MUSLIM MADANI,70008519,SD,Swasta,Kec. Tanjung,230801,Kab. Lombok Utara,230800,Prov. Nusa Tenggara Barat,230000,9,4,166,8,5,0,0,9,07 Mar 2026 19:28:37,E76D88FFC94A68D9812A
SDI T TELADAN IMAM SYAFII,69953510,SD,Swasta,Kec. Tanjung,230801,Kab. Lombok Utara,230800,Prov. Nusa Tenggara Barat,230000,5,1,186,9,10,0,0,1,07 Mar 2026 16:50:40,F077D86F34D872E8E279
SMP NEGERI 1 TANJUNG,50200329,SMP,Negeri,Kec. Tanjung,230801,Kab. Lombok Utara,230800,Prov. Nusa Tenggara Barat,230000,45,12,733,24,24,2,1,38,02 May 2026 14:04:55,326CE797ADB86F16D214
SMP NEGERI 2 TANJUNG,50200395,SMP,Negeri,Kec. Tanjung,230801,Kab. Lombok Utara,230800,Prov. Nusa Tenggara Barat,230000,26,8,385,13,13,1,1,50,30 Apr 2026 07:47:32,37C3D4B38BF2B2413850
SMP NEGERI 3 TANJUNG,50200410,SMP,Negeri,Kec. Tanjung,230801,Kab. Lombok Utara,230800,Prov. Nusa Tenggara Barat,230000,32,10,384,13,14,1,1,55,24 Apr 2026 08:41:00,1D8CBA4D4D2D47677D58
SMP NEGERI 4 TANJUNG,50205387,SMP,Negeri,Kec. Tanjung,230801,Kab. Lombok Utara,230800,Prov. Nusa Tenggara Barat,230000,23,10,281,9,12,2,1,9,09 Apr 2026 07:51:10,F6E0FEFBDDF8B9B6C27A
SMPN SATAP 1 TANJUNG,50219413,SMP,Negeri,Kec. Tanjung,230801,Kab. Lombok Utara,230800,Prov. Nusa Tenggara Barat,230000,10,2,76,3,3,2,1,14,02 Mar 2026 11:08:20,CDC2DF256D37B02C5920
SMPN SATAP 2 TANJUNG,69787229,SMP,Negeri,Kec. Tanjung,230801,Kab. Lombok Utara,230800,Prov. Nusa Tenggara Barat,230000,10,5,43,3,4,1,2,18,03 Mar 2026 07:39:05,213D064E56B533F7E6B5
SEKOLAH MENENGAH PERTAMA ISLAM (SMP-I) KHAIRUN NAWA NW,70045031,SMP,Swasta,Kec. Tanjung,230801,Kab. Lombok Utara,230800,Prov. Nusa Tenggara Barat,230000,0,0,0,0,0,0,0,0,,809FD89E721AF2963A4C
SMP AS-SAIDIYAH BERBASIS PESANTREN,70014746,SMP,Swasta,Kec. Tanjung,230801,Kab. Lombok Utara,230800,Prov. Nusa Tenggara Barat,230000,10,1,53,3,5,0,0,50,02 May 2026 18:29:34,D49D08B78A10A8DC313D
SMP Islam Teladan Imam Syafii,69990466,SMP,Swasta,Kec. Tanjung,230801,Kab. Lombok Utara,230800,Prov. Nusa Tenggara Barat,230000,1,3,76,3,3,3,0,8,01 May 2026 10:21:00,BD7D51DC82C8DDE1DC37
SMAN 1 TANJUNG,50200377,SMA,Negeri,Kec. Tanjung,230801,Kab. Lombok Utara,230800,Prov. Nusa Tenggara Barat,230000,49,20,1042,30,23,6,0,26,20 Apr 2026 07:25:33,84C65F27D66CFA0D83BD
SMA Islam Teladan Imam Syafii,70038040,SMA,Swasta,Kec. Tanjung,230801,Kab. Lombok Utara,230800,Prov. Nusa Tenggara Barat,230000,5,2,41,3,3,0,0,6,29 Apr 2026 07:16:35,13CA84D98D46F9C2F125
SMK NEGERI 2 TANJUNG,69981198,SMK,Negeri,Kec. Tanjung,230801,Kab. Lombok Utara,230800,Prov. Nusa Tenggara Barat,230000,9,9,38,4,7,1,1,18,17 Apr 2026 07:19:41,CE4372319D24833F97E0
SMKN 1 TANJUNG,50200402,SMK,Negeri,Kec. Tanjung,230801,Kab. Lombok Utara,230800,Prov. Nusa Tenggara Barat,230000,45,21,781,26,26,2,1,33,30 Apr 2026 21:03:34,A6E39511F7A2E6ED0DBD
SMKS NW Tanjung,69786292,SMK,Swasta,Kec. Tanjung,230801,Kab. Lombok Utara,230800,Prov. Nusa Tenggara Barat,230000,7,3,22,3,3,2,2,51,02 May 2026 16:51:27,00AD47D4BAB4E85ECD38
SD NEGERI 1 GILI INDAH,50205347,SD,Negeri,Kec. Pemenang,230804,Kab. Lombok Utara,230800,Prov. Nusa Tenggara Barat,230000,9,1,205,8,6,0,1,39,17 Apr 2026 07:08:54,531784DD67A3E4582171
SD NEGERI 1 MALAKA,50205348,SD,Negeri,Kec. Pemenang,230804,Kab. Lombok Utara,230800,Prov. Nusa Tenggara Barat,230000,10,1,207,7,7,1,1,30,18 Apr 2026 08:46:36,EBBDA7A10CB9FC74C572
SD NEGERI 1 MENGGALA,50205349,SD,Negeri,Kec. Pemenang,230804,Kab. Lombok Utara,230800,Prov. Nusa Tenggara Barat,230000,11,1,272,9,9,0,1,13,07 Mar 2026 08:42:36,38EFAE4D08F49C32063B
SD NEGERI 1 PEMENANG BARAT,50200287,SD,Negeri,Kec. Pemenang,230804,Kab. Lombok Utara,230800,Prov. Nusa Tenggara Barat,230000,15,3,324,12,10,0,1,33,23 Apr 2026 12:50:41,04E6BABD72B7DE4F034F
SD NEGERI 1 PEMENANG TIMUR,50200815,SD,Negeri,Kec. Pemenang,230804,Kab. Lombok Utara,230800,Prov. Nusa Tenggara Barat,230000,14,2,319,11,6,0,0,38,03 Apr 2026 18:22:17,C2CF32ADB4EFC1FD17C6
SD NEGERI 2 GILI INDAH,50200214,SD,Negeri,Kec. Pemenang,230804,Kab. Lombok Utara,230800,Prov. Nusa Tenggara Barat,230000,12,2,268,11,14,0,1,30,27 Apr 2026 12:32:19,E7029E8BA4F8CCBE77A3
SD NEGERI 2 MALAKA,50200309,SD,Negeri,Kec. Pemenang,230804,Kab. Lombok Utara,230800,Prov. Nusa Tenggara Barat,230000,9,1,210,7,7,0,1,40,08 Apr 2026 12:20:04,18998369F0A9E80B844C
SD NEGERI 2 MENGGALA,50200506,SD,Negeri,Kec. Pemenang,230804,Kab. Lombok Utara,230800,Prov. Nusa Tenggara Barat,230000,17,1,322,12,11,0,1,26,07 Apr 2026 16:23:46,47DF4CCAC2B30D7269BA
SD NEGERI 2 PEMENANG BARAT,50200206,SD,Negeri,Kec. Pemenang,230804,Kab. Lombok Utara,230800,Prov. Nusa Tenggara Barat,230000,9,4,216,7,7,0,1,38,07 Mar 2026 07:22:45,F1559A4FC379ABB365FA
SD NEGERI 2 PEMENANG TIMUR,50200285,SD,Negeri,Kec. Pemenang,230804,Kab. Lombok Utara,230800,Prov. Nusa Tenggara Barat,230000,8,1,95,6,6,0,1,8,12 Apr 2026 19:56:52,1504BC188571ADCC3F23
SD NEGERI 3 GILI INDAH,50200101,SD,Negeri,Kec. Pemenang,230804,Kab. Lombok Utara,230800,Prov. Nusa Tenggara Barat,230000,7,1,134,6,6,1,1,20,30 Mar 2026 08:05:30,CE6E7F394961582D1530
SD NEGERI 3 MALAKA,50200189,SD,Negeri,Kec. Pemenang,230804,Kab. Lombok Utara,230800,Prov. Nusa Tenggara Barat,230000,8,2,175,6,6,0,1,17,12 Apr 2026 22:07:20,0BAD72E88A0A5F4595AC
SD NEGERI 3 MENGGALA,50200480,SD,Negeri,Kec. Pemenang,230804,Kab. Lombok Utara,230800,Prov. Nusa Tenggara Barat,230000,8,2,166,6,6,1,1,27,13 Apr 2026 07:41:28,5C8201538576EA50E21A
SD NEGERI 3 PEMENANG BARAT,50200423,SD,Negeri,Kec. Pemenang,230804,Kab. Lombok Utara,230800,Prov. Nusa Tenggara Barat,230000,8,1,173,6,6,0,1,29,16 Apr 2026 10:04:00,6D2325343307A53E7603
SD NEGERI 3 PEMENANG TIMUR,50200205,SD,Negeri,Kec. Pemenang,230804,Kab. Lombok Utara,230800,Prov. Nusa Tenggara Barat,230000,14,2,257,11,9,0,1,53,02 May 2026 09:36:05,3E8D4B6D6AA7EEC26376
SD NEGERI 4 MALAKA,50200453,SD,Negeri,Kec. Pemenang,230804,Kab. Lombok Utara,230800,Prov. Nusa Tenggara Barat,230000,8,3,181,6,13,0,1,20,02 May 2026 07:48:06,5238C7F4EC8DD4B251D1
SD NEGERI 4 Pemenang Barat,50219459,SD,Negeri,Kec. Pemenang,230804,Kab. Lombok Utara,230800,Prov. Nusa Tenggara Barat,230000,8,1,140,6,7,0,0,28,07 Apr 2026 07:29:35,5AEAB47A6853E693808F
SD NEGERI 5 MALAKA,50200510,SD,Negeri,Kec. Pemenang,230804,Kab. Lombok Utara,230800,Prov. Nusa Tenggara Barat,230000,9,1,160,6,8,0,1,24,16 Apr 2026 11:34:56,D6DE5D3F4342592F369D
SD NEGERI 5 PEMENANG BARAT,69727032,SD,Negeri,Kec. Pemenang,230804,Kab. Lombok Utara,230800,Prov. Nusa Tenggara Barat,230000,11,2,178,7,6,1,1,37,24 Apr 2026 08:42:45,AFE36980E0551D130654
SD NEGERI 5 PEMENANG TIMUR,50200505,SD,Negeri,Kec. Pemenang,230804,Kab. Lombok Utara,230800,Prov. Nusa Tenggara Barat,230000,9,1,75,6,5,0,0,9,25 Apr 2026 10:25:10,DCE22DB30E2CEF93772D
SD NEGERI 6 Malaka,50205365,SD,Negeri,Kec. Pemenang,230804,Kab. Lombok Utara,230800,Prov. Nusa Tenggara Barat,230000,9,2,153,7,8,0,0,30,18 Apr 2026 08:25:23,E4EEDE5667841FFE66BA
SDN 4 PEMENANG TIMUR,50200422,SD,Negeri,Kec. Pemenang,230804,Kab. Lombok Utara,230800,Prov. Nusa Tenggara Barat,230000,10,1,206,7,6,0,1,59,15 Apr 2026 22:20:57,8E0CB5B92CEA37539112
SD ISLAM AL KAUTSAR NW,70003389,SD,Swasta,Kec. Pemenang,230804,Kab. Lombok Utara,230800,Prov. Nusa Tenggara Barat,230000,8,2,134,6,6,1,1,15,15 Apr 2026 13:47:06,2267F31B384236B9CCA5
SD ISLAM AR-RAHMAH,69886270,SD,Swasta,Kec. Pemenang,230804,Kab. Lombok Utara,230800,Prov. Nusa Tenggara Barat,230000,5,2,72,6,6,0,0,10,19 Feb 2026 22:24:13,7354BB63D7C4D965C39B
SD ISLAM HIDAYATURRAHMAN NW,50205343,SD,Swasta,Kec. Pemenang,230804,Kab. Lombok Utara,230800,Prov. Nusa Tenggara Barat,230000,8,1,41,6,6,0,1,14,01 Mar 2026 09:34:05,0D4DBCF2E5AF49ED33B0
SDIT HARAPAN BUNDA HIROO,70028594,SD,Swasta,Kec. Pemenang,230804,Kab. Lombok Utara,230800,Prov. Nusa Tenggara Barat,230000,10,2,219,9,9,0,0,26,16 Apr 2026 14:31:49,E6E0213E6AB51199599F
SMP NEGERI 1 PEMENANG,50200331,SMP,Negeri,Kec. Pemenang,230804,Kab. Lombok Utara,230800,Prov. Nusa Tenggara Barat,230000,22,11,287,10,9,2,1,44,29 Apr 2026 07:36:22,21045D4BE34567F85E9E
SMP Negeri 2 Pemenang,69913409,SMP,Negeri,Kec. Pemenang,230804,Kab. Lombok Utara,230800,Prov. Nusa Tenggara Barat,230000,15,5,148,6,7,2,1,78,30 Apr 2026 09:51:39,B88AE3876FC848A4B569
SMP NEGERI SATAP 2 PEMENANG,69787228,SMP,Negeri,Kec. Pemenang,230804,Kab. Lombok Utara,230800,Prov. Nusa Tenggara Barat,230000,8,2,23,3,9,1,1,38,27 Mar 2026 14:38:18,F56B3F781BA5D67F91BB
SMPN SATAP 1 PEMENANG,50219407,SMP,Negeri,Kec. Pemenang,230804,Kab. Lombok Utara,230800,Prov. Nusa Tenggara Barat,230000,7,1,41,3,3,2,1,33,30 Mar 2026 08:20:22,C60CD975FD284ACA56FE
Sekolah Menengah Pertama Islam Tahfizhul Quran Muadz Bin Jabal,70054347,SMP,Swasta,Kec. Pemenang,230804,Kab. Lombok Utara,230800,Prov. Nusa Tenggara Barat,230000,6,2,73,3,4,1,1,12,30 Apr 2026 09:06:42,E8E039EA20440A7A9A1F
SMAN 1 PEMENANG,50219460,SMA,Negeri,Kec. Pemenang,230804,Kab. Lombok Utara,230800,Prov. Nusa Tenggara Barat,230000,30,10,646,20,18,3,1,47,02 May 2026 08:26:36,DE0C3F474ED494821EAF
SMAS PARIWISATA TANJUNG,50200366,SMA,Swasta,Kec. Pemenang,230804,Kab. Lombok Utara,230800,Prov. Nusa Tenggara Barat,230000,8,1,59,3,3,1,3,14,30 Apr 2026 10:34:47,850A099324504620ABE2
SMKN 1 PEMENANG,60726861,SMK,Negeri,Kec. Pemenang,230804,Kab. Lombok Utara,230800,Prov. Nusa Tenggara Barat,230000,33,13,459,18,12,2,1,31,21 Apr 2026 11:04:40,7FD5C331DFBFE8957606
SMK PARIWISATA GILI TRAWANGAN,69852847,SMK,Swasta,Kec. Pemenang,230804,Kab. Lombok Utara,230800,Prov. Nusa Tenggara Barat,230000,7,1,47,3,3,0,1,14,24 Apr 2026 18:48:10,45B605C07EA35A6B0708
SD NEGERI 1 LALAR LIANG,50204369,SD,Negeri,Kec. Taliwang,230702,Kab. Sumbawa Barat,230700,Prov. Nusa Tenggara Barat,230000,7,5,153,7,7,0,1,26,13 Apr 2026 21:23:31,592D35339ADE6D953B04
SD NEGERI 1 TALIWANG,50204331,SD,Negeri,Kec. Taliwang,230702,Kab. Sumbawa Barat,230700,Prov. Nusa Tenggara Barat,230000,26,5,490,19,19,0,1,27,16 Apr 2026 11:25:26,FE98E207E8490E39DA02
SD NEGERI 10 TALIWANG,50204362,SD,Negeri,Kec. Taliwang,230702,Kab. Sumbawa Barat,230700,Prov. Nusa Tenggara Barat,230000,15,5,263,12,12,0,1,13,10 Apr 2026 19:45:43,9F28F99F19F09F6CB33B
SD NEGERI 11 TALIWANG,50204363,SD,Negeri,Kec. Taliwang,230702,Kab. Sumbawa Barat,230700,Prov. Nusa Tenggara Barat,230000,11,5,148,7,8,0,1,58,27 Apr 2026 07:03:38,1CC58D9267BAE02167CB
SD NEGERI 12 TALIWANG,50205578,SD,Negeri,Kec. Taliwang,230702,Kab. Sumbawa Barat,230700,Prov. Nusa Tenggara Barat,230000,11,6,156,8,8,0,1,46,24 Apr 2026 08:45:47,4A44B8CBB58F144B9787
SD NEGERI 13 TALIWANG,50219781,SD,Negeri,Kec. Taliwang,230702,Kab. Sumbawa Barat,230700,Prov. Nusa Tenggara Barat,230000,10,6,83,6,6,0,1,37,07 Apr 2026 12:30:55,A1558EE0D7E15D4F0723
SD NEGERI 14 TALIWANG,50219782,SD,Negeri,Kec. Taliwang,230702,Kab. Sumbawa Barat,230700,Prov. Nusa Tenggara Barat,230000,7,5,105,6,5,0,1,18,17 Apr 2026 09:28:58,884B784CBDD98A0EE799
SD NEGERI 15 TALIWANG,50205577,SD,Negeri,Kec. Taliwang,230702,Kab. Sumbawa Barat,230700,Prov. Nusa Tenggara Barat,230000,8,8,64,6,6,1,1,27,27 Apr 2026 08:38:38,C1122D8B6D6B81E5EC57
SD NEGERI 2 KERTASARI,69855644,SD,Negeri,Kec. Taliwang,230702,Kab. Sumbawa Barat,230700,Prov. Nusa Tenggara Barat,230000,8,6,65,6,6,0,1,16,12 Apr 2026 04:53:23,04CAF0AD2A2FACCA4E20
SD NEGERI 2 LALAR LIANG,50219783,SD,Negeri,Kec. Taliwang,230702,Kab. Sumbawa Barat,230700,Prov. Nusa Tenggara Barat,230000,9,5,151,7,7,0,1,17,12 Apr 2026 04:45:32,176CB24060A7C5288686
SD NEGERI 2 TALIWANG,50204377,SD,Negeri,Kec. Taliwang,230702,Kab. Sumbawa Barat,230700,Prov. Nusa Tenggara Barat,230000,23,4,385,17,17,1,1,21,28 Apr 2026 08:31:47,8DAE30F4CA79B94ECFD0
SD NEGERI 4 TALIWANG,50204357,SD,Negeri,Kec. Taliwang,230702,Kab. Sumbawa Barat,230700,Prov. Nusa Tenggara Barat,230000,24,5,398,16,15,0,1,12,22 Apr 2026 08:10:05,7A263198EFEDDD6C793D
SD NEGERI 5 TALIWANG,50204358,SD,Negeri,Kec. Taliwang,230702,Kab. Sumbawa Barat,230700,Prov. Nusa Tenggara Barat,230000,16,7,299,12,13,0,1,9,15 Apr 2026 10:04:51,B18860E4FB7FD5081E15
SD NEGERI 6 TALIWANG,50219780,SD,Negeri,Kec. Taliwang,230702,Kab. Sumbawa Barat,230700,Prov. Nusa Tenggara Barat,230000,10,5,107,6,6,1,1,9,02 Apr 2026 15:54:39,26D4AFE089F2DBFF49C5
SD NEGERI 7 TALIWANG,50204359,SD,Negeri,Kec. Taliwang,230702,Kab. Sumbawa Barat,230700,Prov. Nusa Tenggara Barat,230000,10,4,137,6,7,0,1,30,27 Apr 2026 09:22:09,64641E2D7F74A200D20A
SD NEGERI 9 TALIWANG,50204361,SD,Negeri,Kec. Taliwang,230702,Kab. Sumbawa Barat,230700,Prov. Nusa Tenggara Barat,230000,18,4,207,12,10,0,1,45,18 Apr 2026 11:03:34,F6FC6809BF4A6C4F90F6
SD NEGERI BANJAR,50204295,SD,Negeri,Kec. Taliwang,230702,Kab. Sumbawa Barat,230700,Prov. Nusa Tenggara Barat,230000,14,6,184,10,8,0,1,28,07 Mar 2026 08:55:30,8E9B2259282484FE9FB4
SD NEGERI BERTONG,50204285,SD,Negeri,Kec. Taliwang,230702,Kab. Sumbawa Barat,230700,Prov. Nusa Tenggara Barat,230000,14,5,207,11,7,0,1,35,30 Apr 2026 11:47:33,3A652B188041A3CBA653
SD NEGERI JOROK TIRAM,50204293,SD,Negeri,Kec. Taliwang,230702,Kab. Sumbawa Barat,230700,Prov. Nusa Tenggara Barat,230000,16,7,263,12,12,0,1,46,20 Apr 2026 10:39:02,3D33636A28B488222673
SD NEGERI KERTASARI,50204282,SD,Negeri,Kec. Taliwang,230702,Kab. Sumbawa Barat,230700,Prov. Nusa Tenggara Barat,230000,10,7,161,8,11,1,1,18,02 Apr 2026 20:33:01,B3FE3CDF0DDE023BFD05
SD NEGERI LABUHAN LALAR,50204336,SD,Negeri,Kec. Taliwang,230702,Kab. Sumbawa Barat,230700,Prov. Nusa Tenggara Barat,230000,15,7,358,13,12,0,1,22,28 Apr 2026 10:51:18,352C6A992CBDA482CA0D
SD NEGERI PARJUK,50204274,SD,Negeri,Kec. Taliwang,230702,Kab. Sumbawa Barat,230700,Prov. Nusa Tenggara Barat,230000,16,5,220,12,9,0,1,48,17 Apr 2026 09:00:28,502FC820CD48F070FBE3
SD NEGERI SELOTO,50204278,SD,Negeri,Kec. Taliwang,230702,Kab. Sumbawa Barat,230700,Prov. Nusa Tenggara Barat,230000,10,6,133,6,4,0,1,12,02 Apr 2026 11:00:37,D6A535C419BA7EE218F7
SD NEGERI SERMONG,50204311,SD,Negeri,Kec. Taliwang,230702,Kab. Sumbawa Barat,230700,Prov. Nusa Tenggara Barat,230000,9,6,122,7,7,1,1,61,20 Apr 2026 15:44:27,CBE3909D33D78461BA53
SD NEGERI TAMEKAN,50204378,SD,Negeri,Kec. Taliwang,230702,Kab. Sumbawa Barat,230700,Prov. Nusa Tenggara Barat,230000,9,6,136,6,10,0,1,31,17 Apr 2026 09:13:03,930DD5EC2D58DC1EFED5
SD NEGERI TELAGA BARU,50204316,SD,Negeri,Kec. Taliwang,230702,Kab. Sumbawa Barat,230700,Prov. Nusa Tenggara Barat,230000,14,5,282,11,11,0,1,18,04 Apr 2026 10:30:56,C6A927961FB579CE8405
SD AL IKHLAS TALIWANG,50204349,SD,Swasta,Kec. Taliwang,230702,Kab. Sumbawa Barat,230700,Prov. Nusa Tenggara Barat,230000,7,3,84,6,6,0,1,6,20 Apr 2026 14:10:30,168B07E8D2EFE9D29577
SD ISLAM BINA UMMAT,69985567,SD,Swasta,Kec. Taliwang,230702,Kab. Sumbawa Barat,230700,Prov. Nusa Tenggara Barat,230000,9,3,128,6,6,1,1,11,23 Apr 2026 16:04:08,DDF4647D53672ED67EFA
SD KALIMATI,69900006,SD,Swasta,Kec. Taliwang,230702,Kab. Sumbawa Barat,230700,Prov. Nusa Tenggara Barat,230000,7,4,57,6,14,0,1,22,30 Apr 2026 20:10:31,31BE88C00DFEAF46A567
SD NATUR ISLAM TERPADU RABBANI,50220685,SD,Swasta,Kec. Taliwang,230702,Kab. Sumbawa Barat,230700,Prov. Nusa Tenggara Barat,230000,7,1,58,6,6,1,1,24,06 Apr 2026 08:51:11,6AC327CB02EDA0638C12
SD TAHFIDZUL QURAN SULLAMUDDIYANAH NW,70045747,SD,Swasta,Kec. Taliwang,230702,Kab. Sumbawa Barat,230700,Prov. Nusa Tenggara Barat,230000,8,2,46,3,3,0,0,12,12 Mar 2026 09:12:14,9A5CC55886B958667C9A
SDIT AN-NIDA,70033992,SD,Swasta,Kec. Taliwang,230702,Kab. Sumbawa Barat,230700,Prov. Nusa Tenggara Barat,230000,4,1,41,4,3,0,0,11,08 Mar 2026 19:23:58,6C099399E7A2D2910F37
SDIT BINA MADANI,70024209,SD,Swasta,Kec. Taliwang,230702,Kab. Sumbawa Barat,230700,Prov. Nusa Tenggara Barat,230000,7,1,55,5,3,0,0,4,07 Mar 2026 03:10:11,0769625C99A862BB8D8F
SDIT IMAM SYAFII TALIWANG,69882391,SD,Swasta,Kec. Taliwang,230702,Kab. Sumbawa Barat,230700,Prov. Nusa Tenggara Barat,230000,20,4,450,19,20,1,1,15,29 Apr 2026 16:06:55,D1D701EFEEAB83776C72
SDIT INKLUSI AL FATH,69975884,SD,Swasta,Kec. Taliwang,230702,Kab. Sumbawa Barat,230700,Prov. Nusa Tenggara Barat,230000,7,2,35,6,6,0,0,1,05 Mar 2026 10:09:30,76CEF20D62F0D44C7A7B
SDIT O1 MUHAMMADIYAH SUMBAWA BARAT,70012348,SD,Swasta,Kec. Taliwang,230702,Kab. Sumbawa Barat,230700,Prov. Nusa Tenggara Barat,230000,6,1,63,5,5,0,0,10,03 Feb 2026 08:15:06,A22F86B1518738E5C82A
SDIT TAHFIDZUL QURAN IMAM BUKHARI TALIWANG,70012090,SD,Swasta,Kec. Taliwang,230702,Kab. Sumbawa Barat,230700,Prov. Nusa Tenggara Barat,230000,6,3,97,6,3,0,0,26,20 Apr 2026 08:33:13,766535A7B447EEA94ED1
SMP NEGERI 1 TALIWANG,50204309,SMP,Negeri,Kec. Taliwang,230702,Kab. Sumbawa Barat,230700,Prov. Nusa Tenggara Barat,230000,51,9,721,23,23,3,1,37,27 Apr 2026 15:45:57,BD7D8670E5C026ECCD8E
SMP NEGERI 3 TALIWANG,50204300,SMP,Negeri,Kec. Taliwang,230702,Kab. Sumbawa Barat,230700,Prov. Nusa Tenggara Barat,230000,32,7,476,16,17,2,1,1,01 May 2026 12:47:37,B927D2D0930F116489DD
SMP NEGERI 4 TALIWANG,50204301,SMP,Negeri,Kec. Taliwang,230702,Kab. Sumbawa Barat,230700,Prov. Nusa Tenggara Barat,230000,26,8,327,12,11,2,1,26,29 Apr 2026 13:17:19,A05B7A4E24E458160E7D
SMP NEGERI 5 TALIWANG,50205581,SMP,Negeri,Kec. Taliwang,230702,Kab. Sumbawa Barat,230700,Prov. Nusa Tenggara Barat,230000,16,7,131,6,7,1,1,36,01 May 2026 17:51:25,82794DDE3C9059930357
SMP NEGERI 6 TALIWANG,50205582,SMP,Negeri,Kec. Taliwang,230702,Kab. Sumbawa Barat,230700,Prov. Nusa Tenggara Barat,230000,21,8,222,9,10,2,1,23,24 Apr 2026 22:48:31,3E102FB45CD45B052DB3
SMP NEGERI 7 TALIWANG,50219790,SMP,Negeri,Kec. Taliwang,230702,Kab. Sumbawa Barat,230700,Prov. Nusa Tenggara Barat,230000,17,8,191,6,8,1,1,32,27 Apr 2026 09:36:57,5A13B02B8EE9B0A61C0F
SMP NEGERI 8 TALIWANG,50220746,SMP,Negeri,Kec. Taliwang,230702,Kab. Sumbawa Barat,230700,Prov. Nusa Tenggara Barat,230000,16,7,84,3,6,2,2,18,11 Apr 2026 16:57:26,1134EF2EB04976FFD5D2
SMP ISLAM BINA UMMAT,70058244,SMP,Swasta,Kec. Taliwang,230702,Kab. Sumbawa Barat,230700,Prov. Nusa Tenggara Barat,230000,3,1,20,2,2,0,0,14,07 Mar 2026 15:02:41,38BFE7CF421A5B2851CB
SMP Islam Terpadu Al-Muhajirin Seloto,70057497,SMP,Swasta,Kec. Taliwang,230702,Kab. Sumbawa Barat,230700,Prov. Nusa Tenggara Barat,230000,8,2,27,1,1,0,0,6,06 Mar 2026 10:02:50,0E84012D698D66A8CA3E
SMP Islam Terpadu Darullughah Walhikmah,70057421,SMP,Swasta,Kec. Taliwang,230702,Kab. Sumbawa Barat,230700,Prov. Nusa Tenggara Barat,230000,10,2,18,1,1,0,0,29,12 Feb 2026 15:25:59,0555F6ABC7254D1B893E
SMP IT AL-FATH,70049366,SMP,Swasta,Kec. Taliwang,230702,Kab. Sumbawa Barat,230700,Prov. Nusa Tenggara Barat,230000,5,2,10,3,3,0,0,10,25 Feb 2026 10:48:51,11FABACA8F5CA7C454A7
SMP KALIMATI,70012343,SMP,Swasta,Kec. Taliwang,230702,Kab. Sumbawa Barat,230700,Prov. Nusa Tenggara Barat,230000,3,1,18,3,3,1,1,35,14 Apr 2026 20:57:26,53F68710A5A092EC2D9B
SMP SAINS ISLAM TERPADU RABBANI,69957349,SMP,Swasta,Kec. Taliwang,230702,Kab. Sumbawa Barat,230700,Prov. Nusa Tenggara Barat,230000,4,1,16,3,3,0,0,20,29 Apr 2026 09:29:04,F8FB5E1D14521DA60CDB
SMP-NW TALIWANG,70002499,SMP,Swasta,Kec. Taliwang,230702,Kab. Sumbawa Barat,230700,Prov. Nusa Tenggara Barat,230000,9,2,15,3,3,0,1,21,23 Apr 2026 18:48:30,1243CAF9FD02FAAD76A0
SMPIT IMAM SYAFII,70015698,SMP,Swasta,Kec. Taliwang,230702,Kab. Sumbawa Barat,230700,Prov. Nusa Tenggara Barat,230000,17,1,140,5,9,0,1,33,15 Apr 2026 12:09:35,DF6661665A8E912035CC
SMA NEGERI 1 TALIWANG,50204322,SMA,Negeri,Kec. Taliwang,230702,Kab. Sumbawa Barat,230700,Prov. Nusa Tenggara Barat,230000,50,10,1021,28,27,6,1,17,29 Apr 2026 20:39:58,D29C9F0A3B7EA186904D
SMA NEGERI 2 TALIWANG,50220506,SMA,Negeri,Kec. Taliwang,230702,Kab. Sumbawa Barat,230700,Prov. Nusa Tenggara Barat,230000,38,5,573,16,16,2,1,59,28 Apr 2026 11:00:03,5248BBEF576C71D7B180
SMA AL - MUHAJIRIN SELOTO,50220688,SMA,Swasta,Kec. Taliwang,230702,Kab. Sumbawa Barat,230700,Prov. Nusa Tenggara Barat,230000,13,4,42,3,3,2,1,6,27 Feb 2026 19:19:36,67AA131EB12C123DD15A
SMA MUHAMMADIYAH TALIWANG,50204305,SMA,Swasta,Kec. Taliwang,230702,Kab. Sumbawa Barat,230700,Prov. Nusa Tenggara Barat,230000,0,0,0,0,0,0,0,0,,131F4A6BBF9384CC72EB
SMK NEGERI 1 TALIWANG,50205331,SMK,Negeri,Kec. Taliwang,230702,Kab. Sumbawa Barat,230700,Prov. Nusa Tenggara Barat,230000,57,13,931,29,22,4,1,20,29 Apr 2026 06:06:39,291404A18A42AEE4CE5C
SMK KESEHATAN SUMBAWA BARAT,50219557,SMK,Swasta,Kec. Taliwang,230702,Kab. Sumbawa Barat,230700,Prov. Nusa Tenggara Barat,230000,0,0,0,0,0,0,0,0,,2F7B3949E945DC10EAA5
SD NEGERI 1 AIRSUNING,50204338,SD,Negeri,Kec. Seteluk,230703,Kab. Sumbawa Barat,230700,Prov. Nusa Tenggara Barat,230000,8,5,153,6,9,0,1,17,21 Apr 2026 09:09:05,6C9D42A38039F532AFB6
SD NEGERI 1 MERARAN,50204326,SD,Negeri,Kec. Seteluk,230703,Kab. Sumbawa Barat,230700,Prov. Nusa Tenggara Barat,230000,9,4,126,6,6,0,1,24,30 Apr 2026 09:15:37,6D3CD52842765108438D
SD NEGERI 1 REMPE,50204328,SD,Negeri,Kec. Seteluk,230703,Kab. Sumbawa Barat,230700,Prov. Nusa Tenggara Barat,230000,12,6,161,9,8,0,1,10,11 Apr 2026 05:20:43,B5DE063E8416C0B96150
SD NEGERI 1 SETELUK,50204330,SD,Negeri,Kec. Seteluk,230703,Kab. Sumbawa Barat,230700,Prov. Nusa Tenggara Barat,230000,9,5,118,6,7,0,1,16,01 May 2026 21:35:47,01A80A990284B4F000A8
SD NEGERI 2 AIR SUNING,50204351,SD,Negeri,Kec. Seteluk,230703,Kab. Sumbawa Barat,230700,Prov. Nusa Tenggara Barat,230000,10,6,100,7,8,0,1,46,08 Apr 2026 19:58:45,C6AAB90774D2A028A004
SD NEGERI 2 MERARAN,50204372,SD,Negeri,Kec. Seteluk,230703,Kab. Sumbawa Barat,230700,Prov. Nusa Tenggara Barat,230000,8,6,103,6,6,0,1,14,08 Apr 2026 10:57:09,7BCB51F393D2E369F1CA
SD NEGERI 2 REMPE,50204374,SD,Negeri,Kec. Seteluk,230703,Kab. Sumbawa Barat,230700,Prov. Nusa Tenggara Barat,230000,10,5,120,6,6,0,1,13,23 Apr 2026 19:09:39,D72BAA9C86A2D01020F3
SD NEGERI 2 SETELUK,50204376,SD,Negeri,Kec. Seteluk,230703,Kab. Sumbawa Barat,230700,Prov. Nusa Tenggara Barat,230000,14,6,220,11,11,0,1,14,13 Apr 2026 11:44:04,AC0E1D97E77B0FF212C7
SD NEGERI 3 SETELUK,50204353,SD,Negeri,Kec. Seteluk,230703,Kab. Sumbawa Barat,230700,Prov. Nusa Tenggara Barat,230000,11,5,164,8,10,0,1,19,15 Apr 2026 09:06:41,9D913A9453A573E9C311
SD NEGERI 4 SETELUK,50204356,SD,Negeri,Kec. Seteluk,230703,Kab. Sumbawa Barat,230700,Prov. Nusa Tenggara Barat,230000,8,5,142,6,6,1,2,16,14 Apr 2026 19:13:00,4A970DC45E87A95D7060
SD NEGERI KELANIR,50204283,SD,Negeri,Kec. Seteluk,230703,Kab. Sumbawa Barat,230700,Prov. Nusa Tenggara Barat,230000,8,5,114,6,6,0,1,23,29 Apr 2026 09:55:09,2ADB5F5345A3847B9617
SD NEGERI LAMUSUNG,70009669,SD,Negeri,Kec. Seteluk,230703,Kab. Sumbawa Barat,230700,Prov. Nusa Tenggara Barat,230000,7,7,114,5,5,0,0,14,30 Apr 2026 12:01:42,8488925C9C2A2FC25215
SD NEGERI SEDONG,50205320,SD,Negeri,Kec. Seteluk,230703,Kab. Sumbawa Barat,230700,Prov. Nusa Tenggara Barat,230000,9,5,83,6,6,0,1,17,04 Apr 2026 08:22:47,F32971B5CCFC7AFC4273
SD NEGERI SERAN,50204296,SD,Negeri,Kec. Seteluk,230703,Kab. Sumbawa Barat,230700,Prov. Nusa Tenggara Barat,230000,9,7,111,6,6,0,1,29,27 Apr 2026 08:26:58,A6FB1CC992E04AFA4472
SD NEGERI TAPIR,50204314,SD,Negeri,Kec. Seteluk,230703,Kab. Sumbawa Barat,230700,Prov. Nusa Tenggara Barat,230000,8,4,70,6,6,0,1,13,25 Apr 2026 08:30:45,34A236CF0D9B56802C4E
SD Islam Plus Minhajus Sunnah,70057314,SD,Swasta,Kec. Seteluk,230703,Kab. Sumbawa Barat,230700,Prov. Nusa Tenggara Barat,230000,4,3,27,4,4,0,0,16,10 Mar 2026 23:14:23,DFD5489EDC054C1A08A0
SDIT AR RISALAH,69974055,SD,Swasta,Kec. Seteluk,230703,Kab. Sumbawa Barat,230700,Prov. Nusa Tenggara Barat,230000,13,1,196,10,10,0,1,36,03 Mar 2026 09:05:58,505365F85C47F3518226
SDIT BINA INSAN MULIA,69985437,SD,Swasta,Kec. Seteluk,230703,Kab. Sumbawa Barat,230700,Prov. Nusa Tenggara Barat,230000,14,3,190,10,12,0,1,36,16 Apr 2026 10:16:53,A1279B81E7A4A5C84551
SMP NEGERI 1 SETELUK,50204310,SMP,Negeri,Kec. Seteluk,230703,Kab. Sumbawa Barat,230700,Prov. Nusa Tenggara Barat,230000,31,9,415,14,15,1,1,27,29 Apr 2026 11:35:13,CF836EE67F9303A03854
SMP NEGERI 2 SETELUK,50205593,SMP,Negeri,Kec. Seteluk,230703,Kab. Sumbawa Barat,230700,Prov. Nusa Tenggara Barat,230000,13,7,140,6,13,1,1,9,16 Apr 2026 22:12:11,9D1D2EE30E49B9299120
SMP NEGERI 4 SETELUK,50219791,SMP,Negeri,Kec. Seteluk,230703,Kab. Sumbawa Barat,230700,Prov. Nusa Tenggara Barat,230000,14,9,71,3,3,2,2,1,10 Apr 2026 03:43:11,17707CB6015071CB5199
SMP NEGERI 5 SETELUK,50219792,SMP,Negeri,Kec. Seteluk,230703,Kab. Sumbawa Barat,230700,Prov. Nusa Tenggara Barat,230000,17,6,137,6,6,1,1,15,24 Apr 2026 06:21:05,54E3B6E96A94D6CC0A85
SMP NEGERI 6 SETELUK,69788258,SMP,Negeri,Kec. Seteluk,230703,Kab. Sumbawa Barat,230700,Prov. Nusa Tenggara Barat,230000,13,6,129,6,6,2,1,19,13 Apr 2026 15:32:38,B82753BC9D546F49F3EB
SMP IT AR-RISALAH SETELUK,70045746,SMP,Swasta,Kec. Seteluk,230703,Kab. Sumbawa Barat,230700,Prov. Nusa Tenggara Barat,230000,3,1,46,3,3,0,0,14,15 Apr 2026 04:54:46,1220C36499843912B396
SMA NEGERI 1 SETELUK,50205597,SMA,Negeri,Kec. Seteluk,230703,Kab. Sumbawa Barat,230700,Prov. Nusa Tenggara Barat,230000,32,16,727,21,17,4,1,41,23 Apr 2026 15:37:35,1D7A76A45CB0663FACB9
SMK NEGERI 1 SETELUK,50205586,SMK,Negeri,Kec. Seteluk,230703,Kab. Sumbawa Barat,230700,Prov. Nusa Tenggara Barat,230000,33,8,208,16,12,3,3,23,20 Apr 2026 20:26:26,2C43223CDAB35C0A7C2C
SD NEGERI 1 TEPAS,50204334,SD,Negeri,Kec. Brang Rea,230704,Kab. Sumbawa Barat,230700,Prov. Nusa Tenggara Barat,230000,9,8,172,7,8,0,1,9,10 Apr 2026 16:16:18,DC576F8E8EFC2671965F
SD NEGERI 2 TEPAS,50204366,SD,Negeri,Kec. Brang Rea,230704,Kab. Sumbawa Barat,230700,Prov. Nusa Tenggara Barat,230000,16,6,224,12,12,0,1,19,10 Apr 2026 07:51:07,556979EE90E7998A1F20
SD NEGERI BANGKAT MONTEH,50204367,SD,Negeri,Kec. Brang Rea,230704,Kab. Sumbawa Barat,230700,Prov. Nusa Tenggara Barat,230000,13,5,201,10,9,1,1,35,27 Apr 2026 08:11:06,4E4F4A64C7E7BA7C26FB
SD NEGERI BREE,50204286,SD,Negeri,Kec. Brang Rea,230704,Kab. Sumbawa Barat,230700,Prov. Nusa Tenggara Barat,230000,13,5,162,9,10,0,1,13,29 Apr 2026 10:50:22,C8D32B07EB597666706D
SD NEGERI DESA BERU,50204288,SD,Negeri,Kec. Brang Rea,230704,Kab. Sumbawa Barat,230700,Prov. Nusa Tenggara Barat,230000,11,4,168,7,9,1,1,9,13 Feb 2026 17:13:14,AF75638D9F1BF74992B2
SD NEGERI KEJAWAT,50204332,SD,Negeri,Kec. Brang Rea,230704,Kab. Sumbawa Barat,230700,Prov. Nusa Tenggara Barat,230000,9,6,44,6,6,0,1,9,08 Apr 2026 09:52:31,D2530F10D9208923F69B
SD NEGERI LAMUNTET,50204271,SD,Negeri,Kec. Brang Rea,230704,Kab. Sumbawa Barat,230700,Prov. Nusa Tenggara Barat,230000,8,6,152,6,6,0,1,13,10 Apr 2026 19:24:04,51EA41C32015CDEFE0CD
SD NEGERI MOTENG,50204269,SD,Negeri,Kec. Brang Rea,230704,Kab. Sumbawa Barat,230700,Prov. Nusa Tenggara Barat,230000,7,7,117,6,6,0,1,24,10 Apr 2026 07:54:09,FF01E5A3064CA4238B91
SD NEGERI RARAK,50205589,SD,Negeri,Kec. Brang Rea,230704,Kab. Sumbawa Barat,230700,Prov. Nusa Tenggara Barat,230000,9,6,65,7,7,0,1,15,19 Apr 2026 18:49:20,55F7D1A8DBB116F90C1B
SD NEGERI SAPUGARA,50204276,SD,Negeri,Kec. Brang Rea,230704,Kab. Sumbawa Barat,230700,Prov. Nusa Tenggara Barat,230000,8,6,107,6,6,0,1,19,20 Apr 2026 12:14:56,BC39FB459CB4C3B605FE
SD NEGERI SEMINAR,50204279,SD,Negeri,Kec. Brang Rea,230704,Kab. Sumbawa Barat,230700,Prov. Nusa Tenggara Barat,230000,10,6,146,6,6,0,1,9,06 Mar 2026 15:03:34,373519F47FC2DC7E178D
SD NEGERI SEPAKAT,50204352,SD,Negeri,Kec. Brang Rea,230704,Kab. Sumbawa Barat,230700,Prov. Nusa Tenggara Barat,230000,9,5,70,6,6,1,1,12,07 Apr 2026 10:54:18,DE9C6C1F0E43798C73AB
SD ISLAM TERPADU AL-HIDAYAH,70049048,SD,Swasta,Kec. Brang Rea,230704,Kab. Sumbawa Barat,230700,Prov. Nusa Tenggara Barat,230000,6,2,14,5,5,0,0,4,13 Apr 2026 17:42:44,249392DE91700E84D6F4
SD IT ALAM AVICENNA,70005772,SD,Swasta,Kec. Brang Rea,230704,Kab. Sumbawa Barat,230700,Prov. Nusa Tenggara Barat,230000,8,1,75,6,6,0,1,9,25 Apr 2026 17:01:22,C8398F2A71A1CD4F0E2D
SMP NEGERI 1 BRANG REA,50205580,SMP,Negeri,Kec. Brang Rea,230704,Kab. Sumbawa Barat,230700,Prov. Nusa Tenggara Barat,230000,32,10,401,14,14,2,1,26,16 Apr 2026 11:48:21,5033EDB0B8E8AD1FAA79
SMP NEGERI 2 BRANG REA,50204308,SMP,Negeri,Kec. Brang Rea,230704,Kab. Sumbawa Barat,230700,Prov. Nusa Tenggara Barat,230000,16,8,176,6,9,2,1,14,20 Apr 2026 14:43:19,7C18584E84D63C725891
SMP NEGERI 3 BRANG REA,50205594,SMP,Negeri,Kec. Brang Rea,230704,Kab. Sumbawa Barat,230700,Prov. Nusa Tenggara Barat,230000,10,7,37,3,5,2,1,19,30 Apr 2026 06:40:44,CB8FFF4504D7A95162B4
SMP NEGERI 4 BRANG REA,50219793,SMP,Negeri,Kec. Brang Rea,230704,Kab. Sumbawa Barat,230700,Prov. Nusa Tenggara Barat,230000,15,9,177,6,6,1,1,15,23 Apr 2026 05:10:50,35A6B68BB1B218B12ED4
SMA NEGERI 1 BRANG REA,50205583,SMA,Negeri,Kec. Brang Rea,230704,Kab. Sumbawa Barat,230700,Prov. Nusa Tenggara Barat,230000,31,6,489,14,14,5,0,10,17 Apr 2026 10:45:14,C31B92638B88C649E80C
SMK NEGERI 1 BRANG REA,50219803,SMK,Negeri,Kec. Brang Rea,230704,Kab. Sumbawa Barat,230700,Prov. Nusa Tenggara Barat,230000,16,7,69,9,7,1,1,19,24 Apr 2026 11:25:57,127BBD36F6C54F2376CC
SD NEGERI DAYA MAKMUR,50219808,SD,Negeri,Kec. Poto Tano,230708,Kab. Sumbawa Barat,230700,Prov. Nusa Tenggara Barat,230000,10,5,135,6,7,0,1,10,07 Apr 2026 08:14:52,5E22B57520CE064DC286
SD NEGERI KOKARLIAN,50204281,SD,Negeri,Kec. Poto Tano,230708,Kab. Sumbawa Barat,230700,Prov. Nusa Tenggara Barat,230000,11,5,150,7,7,0,1,20,15 Apr 2026 07:20:56,A613289098C20B2F21B4
SD NEGERI KUANG BUSIR,50205319,SD,Negeri,Kec. Poto Tano,230708,Kab. Sumbawa Barat,230700,Prov. Nusa Tenggara Barat,230000,8,5,94,6,6,0,1,16,02 Apr 2026 02:58:17,8DDE9AA68886201FE015
SD NEGERI MANTAR,50204371,SD,Negeri,Kec. Poto Tano,230708,Kab. Sumbawa Barat,230700,Prov. Nusa Tenggara Barat,230000,7,4,121,6,6,0,1,24,30 Apr 2026 07:26:25,9C241548AC24FB5108E9
SD NEGERI OMAL SAPA,50204325,SD,Negeri,Kec. Poto Tano,230708,Kab. Sumbawa Barat,230700,Prov. Nusa Tenggara Barat,230000,9,4,47,6,6,0,1,32,15 Apr 2026 19:01:15,6B6263E047BCD0E8CE7B
SD NEGERI POTO TANO,50204275,SD,Negeri,Kec. Poto Tano,230708,Kab. Sumbawa Barat,230700,Prov. Nusa Tenggara Barat,230000,15,7,255,11,8,0,1,20,28 Apr 2026 08:08:17,28B957D9915E1F2852CD
SD NEGERI SAGENA,69855645,SD,Negeri,Kec. Poto Tano,230708,Kab. Sumbawa Barat,230700,Prov. Nusa Tenggara Barat,230000,8,5,69,6,6,0,1,11,07 Apr 2026 18:00:24,27EFC14ACAE5DB16C0B5
SD NEGERI SENAYAN,50204280,SD,Negeri,Kec. Poto Tano,230708,Kab. Sumbawa Barat,230700,Prov. Nusa Tenggara Barat,230000,8,8,149,6,6,0,1,29,20 Apr 2026 12:23:31,B7AD7193C7AE6DBC83A0
SD NEGERI TAMBAK SARI,50205321,SD,Negeri,Kec. Poto Tano,230708,Kab. Sumbawa Barat,230700,Prov. Nusa Tenggara Barat,230000,7,5,126,6,8,0,1,11,07 Apr 2026 14:37:28,36FB375E873C2042FF9C
SD NEGERI TEBO,50204315,SD,Negeri,Kec. Poto Tano,230708,Kab. Sumbawa Barat,230700,Prov. Nusa Tenggara Barat,230000,8,5,115,6,6,0,1,15,30 Apr 2026 07:13:36,00009C0254F050B911A3
SD NEGERI TUA NANGA,50204317,SD,Negeri,Kec. Poto Tano,230708,Kab. Sumbawa Barat,230700,Prov. Nusa Tenggara Barat,230000,8,5,174,7,8,0,2,28,27 Apr 2026 09:36:38,087B28443DEB01656728
SMP NEGERI 1 POTO TANO,50204299,SMP,Negeri,Kec. Poto Tano,230708,Kab. Sumbawa Barat,230700,Prov. Nusa Tenggara Barat,230000,16,10,148,6,9,1,2,37,22 Apr 2026 10:13:17,8911CC15C4D664AE7BF9
SMP NEGERI 2 POTO TANO,50205592,SMP,Negeri,Kec. Poto Tano,230708,Kab. Sumbawa Barat,230700,Prov. Nusa Tenggara Barat,230000,9,7,74,3,6,2,1,15,01 May 2026 19:14:34,CA69011FC5E1A6E34041
SMP NEGERI 3 POTO TANO,50219796,SMP,Negeri,Kec. Poto Tano,230708,Kab. Sumbawa Barat,230700,Prov. Nusa Tenggara Barat,230000,13,7,141,6,6,3,1,25,16 Apr 2026 09:15:44,2C38589E2307419379F1
SMP NEGERI 4 POTO TANO,70010640,SMP,Negeri,Kec. Poto Tano,230708,Kab. Sumbawa Barat,230700,Prov. Nusa Tenggara Barat,230000,12,8,153,6,6,1,1,12,23 Apr 2026 07:41:59,5A152A98A7C427FD65AB
SMP NEGERI 5 POTO TANO,50205596,SMP,Negeri,Kec. Poto Tano,230708,Kab. Sumbawa Barat,230700,Prov. Nusa Tenggara Barat,230000,10,6,44,3,4,1,1,34,11 Apr 2026 10:03:03,637F93B3C192A774F302
SMP NEGERI TUA NANGA,50219807,SMP,Negeri,Kec. Poto Tano,230708,Kab. Sumbawa Barat,230700,Prov. Nusa Tenggara Barat,230000,15,6,97,5,7,2,1,16,01 May 2026 07:48:04,87ECF47E8B0162B4CB42
SMA NEGERI 1 POTO TANO,50204307,SMA,Negeri,Kec. Poto Tano,230708,Kab. Sumbawa Barat,230700,Prov. Nusa Tenggara Barat,230000,35,10,579,18,17,5,1,23,30 Apr 2026 07:12:59,7775E7F21F541BADE3D5
SD NEGERI 1 SEKONGKANG,50204329,SD,Negeri,Kec. Sekongkang,230705,Kab. Sumbawa Barat,230700,Prov. Nusa Tenggara Barat,230000,9,5,192,7,8,1,1,21,18 Apr 2026 09:16:33,8C850A16E687DDB6D05E
SD NEGERI 1 TONGO,50204335,SD,Negeri,Kec. Sekongkang,230705,Kab. Sumbawa Barat,230700,Prov. Nusa Tenggara Barat,230000,7,7,74,6,9,1,1,20,23 Apr 2026 09:39:50,526FC7F7AF0BDDB7AAD1
SD NEGERI 2 SEKONGKANG,50204375,SD,Negeri,Kec. Sekongkang,230705,Kab. Sumbawa Barat,230700,Prov. Nusa Tenggara Barat,230000,8,5,145,6,8,0,1,14,07 Apr 2026 12:03:25,5327AD213261F9351072
SD NEGERI 3 SEKONGKANG,50219787,SD,Negeri,Kec. Sekongkang,230705,Kab. Sumbawa Barat,230700,Prov. Nusa Tenggara Barat,230000,8,5,119,6,7,0,1,21,11 Apr 2026 07:10:57,643BD1FF984F79FDAEF3
SD NEGERI AIK KANGKUNG,50204365,SD,Negeri,Kec. Sekongkang,230705,Kab. Sumbawa Barat,230700,Prov. Nusa Tenggara Barat,230000,8,5,149,6,6,1,1,23,25 Apr 2026 07:27:29,8D4806731D09C1118D80
SD NEGERI LEMAR LEMPO,69985458,SD,Negeri,Kec. Sekongkang,230705,Kab. Sumbawa Barat,230700,Prov. Nusa Tenggara Barat,230000,5,7,108,6,8,0,1,37,13 Apr 2026 21:01:07,FEFADA78C051E6E2073A
SD NEGERI TALONANG BARU,50204312,SD,Negeri,Kec. Sekongkang,230705,Kab. Sumbawa Barat,230700,Prov. Nusa Tenggara Barat,230000,8,5,152,6,7,0,1,10,25 Apr 2026 07:51:34,538351DA56350232EF81
SD NEGERI TATAR,50204355,SD,Negeri,Kec. Sekongkang,230705,Kab. Sumbawa Barat,230700,Prov. Nusa Tenggara Barat,230000,7,6,95,6,10,1,1,18,25 Apr 2026 08:36:43,4CBD9EDB5518B7938617
SD IT AL FAJRA,69965508,SD,Swasta,Kec. Sekongkang,230705,Kab. Sumbawa Barat,230700,Prov. Nusa Tenggara Barat,230000,7,0,91,6,6,0,0,9,28 Mar 2026 19:56:59,59C89F2871A4ADBCC149
SDIT HARAPAN BUNDA,69855639,SD,Swasta,Kec. Sekongkang,230705,Kab. Sumbawa Barat,230700,Prov. Nusa Tenggara Barat,230000,8,1,74,6,6,0,0,26,09 Feb 2026 09:08:55,2ACCBAE87997BDF1BD17
SMP NEGERI 1 SEKONGKANG,50204321,SMP,Negeri,Kec. Sekongkang,230705,Kab. Sumbawa Barat,230700,Prov. Nusa Tenggara Barat,230000,14,7,180,6,9,3,1,27,02 Apr 2026 11:39:53,8FC308EF3A49C4D47179
SMP NEGERI 2 SEKONGKANG,50204297,SMP,Negeri,Kec. Sekongkang,230705,Kab. Sumbawa Barat,230700,Prov. Nusa Tenggara Barat,230000,15,7,93,4,6,2,1,19,27 Apr 2026 08:49:54,7F097A1A7AF275027E51
SMP NEGERI 3 SEKONGKANG,50219806,SMP,Negeri,Kec. Sekongkang,230705,Kab. Sumbawa Barat,230700,Prov. Nusa Tenggara Barat,230000,8,9,46,3,4,1,1,13,02 May 2026 10:32:59,0999EFDDA51A77CBE2C0
SMP IT HARAPAN BUNDA,70010642,SMP,Swasta,Kec. Sekongkang,230705,Kab. Sumbawa Barat,230700,Prov. Nusa Tenggara Barat,230000,4,2,55,3,3,1,1,40,27 Apr 2026 10:42:47,D68055209C5E827B6BB9
SMA NEGERI 1 SEKONGKANG,50205585,SMA,Negeri,Kec. Sekongkang,230705,Kab. Sumbawa Barat,230700,Prov. Nusa Tenggara Barat,230000,17,6,239,8,8,4,1,25,02 May 2026 14:15:45,4174A1213FECD0A6C86D
SD NEGERI 1 MALUK,50204324,SD,Negeri,Kec. Maluk,230706,Kab. Sumbawa Barat,230700,Prov. Nusa Tenggara Barat,230000,13,7,212,10,12,0,1,31,22 Apr 2026 09:07:46,54E4543D430FEAA09BE5
SD NEGERI 2 MALUK,50204370,SD,Negeri,Kec. Maluk,230706,Kab. Sumbawa Barat,230700,Prov. Nusa Tenggara Barat,230000,13,5,238,10,12,0,1,30,02 May 2026 17:26:26,B3E3C7EFF6C79277CB98
SD NEGERI 3 MALUK,50219785,SD,Negeri,Kec. Maluk,230706,Kab. Sumbawa Barat,230700,Prov. Nusa Tenggara Barat,230000,14,5,234,11,13,0,1,33,29 Apr 2026 12:55:33,BEBFC2EA534BABC8A319
SD NEGERI 4 MALUK,50219786,SD,Negeri,Kec. Maluk,230706,Kab. Sumbawa Barat,230700,Prov. Nusa Tenggara Barat,230000,8,5,153,6,8,0,1,34,23 Apr 2026 07:30:34,D3FF529660285BD808F2
SD NEGERI BENETE,50204284,SD,Negeri,Kec. Maluk,230706,Kab. Sumbawa Barat,230700,Prov. Nusa Tenggara Barat,230000,15,8,228,12,11,0,1,27,22 Apr 2026 11:57:51,151B3E800E884B50D547
SD NEGERI BUKIT DAMAI,69989958,SD,Negeri,Kec. Maluk,230706,Kab. Sumbawa Barat,230700,Prov. Nusa Tenggara Barat,230000,8,5,140,6,6,0,0,21,20 Apr 2026 12:16:06,C2DA442D886E79BF4965
SD ISLAM TERPADU AL AZHAR,50204350,SD,Swasta,Kec. Maluk,230706,Kab. Sumbawa Barat,230700,Prov. Nusa Tenggara Barat,230000,4,1,10,4,6,0,1,16,10 Apr 2026 22:28:02,9164803FA338D674B31C
SDIT BINA UL UMMAH,69872332,SD,Swasta,Kec. Maluk,230706,Kab. Sumbawa Barat,230700,Prov. Nusa Tenggara Barat,230000,15,2,237,12,12,0,0,16,19 Apr 2026 15:47:53,DF9FD56D33058EDE0C36
SMP NEGERI 1 MALUK,50205591,SMP,Negeri,Kec. Maluk,230706,Kab. Sumbawa Barat,230700,Prov. Nusa Tenggara Barat,230000,30,9,387,12,13,2,2,27,23 Apr 2026 08:05:20,BB67180CB4FEF1F2434D
SMP IT DARUL ILMI,70040612,SMP,Swasta,Kec. Maluk,230706,Kab. Sumbawa Barat,230700,Prov. Nusa Tenggara Barat,230000,10,1,36,3,3,0,1,24,06 Apr 2026 16:18:31,F048C58F14494263A772
SMP TAHFIZHUL QURAN,69788257,SMP,Swasta,Kec. Maluk,230706,Kab. Sumbawa Barat,230700,Prov. Nusa Tenggara Barat,230000,1,1,6,2,3,0,0,10,17 Apr 2026 13:52:10,4348BA55A80B55BBA29B
SMPIT BINAUL UMMAH MALUK,69965796,SMP,Swasta,Kec. Maluk,230706,Kab. Sumbawa Barat,230700,Prov. Nusa Tenggara Barat,230000,11,2,147,6,7,1,1,10,05 Mar 2026 08:31:46,44532D2F6E833A7FBFD1
SMPIT IBNU HAFIDZ,70023446,SMP,Swasta,Kec. Maluk,230706,Kab. Sumbawa Barat,230700,Prov. Nusa Tenggara Barat,230000,6,1,26,3,3,0,0,16,16 Apr 2026 06:44:19,2826E3FE83980CE609F4
SMA ISLAM TERPADU BINA UL UMMAH MALUK,70036570,SMA,Swasta,Kec. Maluk,230706,Kab. Sumbawa Barat,230700,Prov. Nusa Tenggara Barat,230000,2,2,56,3,3,0,0,17,28 Apr 2026 07:07:25,71B1A3DFD1DF978C6A87
SMA TAHFIZH AL-QURAN,69964676,SMA,Swasta,Kec. Maluk,230706,Kab. Sumbawa Barat,230700,Prov. Nusa Tenggara Barat,230000,2,1,9,3,3,0,0,6,18 Feb 2026 07:12:34,ED56E2E10C3FCF28EA7B
SMK NEGERI 1 MALUK,50219805,SMK,Negeri,Kec. Maluk,230706,Kab. Sumbawa Barat,230700,Prov. Nusa Tenggara Barat,230000,27,7,423,18,14,3,1,29,27 Apr 2026 12:03:36,883E72FD10D347FE9D69
SD NEGERI 1 JEREWEH,50204337,SD,Negeri,Kec. Jereweh,230701,Kab. Sumbawa Barat,230700,Prov. Nusa Tenggara Barat,230000,14,5,225,12,12,0,1,11,14 Apr 2026 09:02:20,3DEE96512D9DB41DE6BC
SD NEGERI 2 JEREWEH,50204368,SD,Negeri,Kec. Jereweh,230701,Kab. Sumbawa Barat,230700,Prov. Nusa Tenggara Barat,230000,16,4,230,12,11,0,1,31,17 Apr 2026 08:58:34,4400F1F675CEFB9E8CB7
SD NEGERI 3 JEREWEH,50204364,SD,Negeri,Kec. Jereweh,230701,Kab. Sumbawa Barat,230700,Prov. Nusa Tenggara Barat,230000,9,5,137,7,7,0,1,177,11 Apr 2026 09:52:04,CB2488DE5958DD178AF1
SD NEGERI DASAN,50204287,SD,Negeri,Kec. Jereweh,230701,Kab. Sumbawa Barat,230700,Prov. Nusa Tenggara Barat,230000,8,7,107,6,6,1,1,33,27 Apr 2026 10:52:59,0AE86D6794106566ED58
SD NEGERI DASAN ANYAR,50219778,SD,Negeri,Kec. Jereweh,230701,Kab. Sumbawa Barat,230700,Prov. Nusa Tenggara Barat,230000,8,5,105,6,6,0,1,13,30 Apr 2026 11:02:21,BD299BB08F7D69C4FD5E
SD NEGERI GOA,50204290,SD,Negeri,Kec. Jereweh,230701,Kab. Sumbawa Barat,230700,Prov. Nusa Tenggara Barat,230000,14,5,209,11,12,1,1,46,25 Apr 2026 07:32:18,FF391FF8594663819389
SD NEGERI JELENGA,50204292,SD,Negeri,Kec. Jereweh,230701,Kab. Sumbawa Barat,230700,Prov. Nusa Tenggara Barat,230000,8,4,97,6,7,0,1,40,20 Apr 2026 17:59:17,33D84C5460645055D31A
SD IT BUDI MULYA JEREWEH,70005773,SD,Swasta,Kec. Jereweh,230701,Kab. Sumbawa Barat,230700,Prov. Nusa Tenggara Barat,230000,5,1,63,6,5,0,0,11,09 Apr 2026 07:30:34,1745EBF39F8601977E44
SMP NEGERI 1 JEREWEH,50204320,SMP,Negeri,Kec. Jereweh,230701,Kab. Sumbawa Barat,230700,Prov. Nusa Tenggara Barat,230000,29,15,417,14,14,3,1,18,30 Apr 2026 09:29:18,2BC0FD0A21C09B8B13C4
SMP NEGERI 2 JEREWEH,50205595,SMP,Negeri,Kec. Jereweh,230701,Kab. Sumbawa Barat,230700,Prov. Nusa Tenggara Barat,230000,12,5,46,3,5,1,3,14,13 Apr 2026 13:26:28,60D01051AB058605FE11
SMP IT Hamzanwadi Jereweh,70057433,SMP,Swasta,Kec. Jereweh,230701,Kab. Sumbawa Barat,230700,Prov. Nusa Tenggara Barat,230000,1,0,0,0,0,0,0,0,,0A4DBF00940A548D3E6F
SMA NEGERI 1 JEREWEH,50204306,SMA,Negeri,Kec. Jereweh,230701,Kab. Sumbawa Barat,230700,Prov. Nusa Tenggara Barat,230000,27,7,355,12,17,4,1,52,30 Apr 2026 10:46:38,CC9F21CC1E575E870DDD
SMK RUM INOVASI,70044881,SMK,Swasta,Kec. Jereweh,230701,Kab. Sumbawa Barat,230700,Prov. Nusa Tenggara Barat,230000,17,1,185,13,14,0,0,61,23 Apr 2026 10:26:48,0E406FC9D3FA7C73611F
SD NEGERI 1 MURA,50204327,SD,Negeri,Kec. Brang Ene,230707,Kab. Sumbawa Barat,230700,Prov. Nusa Tenggara Barat,230000,8,7,144,6,8,0,1,32,27 Apr 2026 07:04:03,BEC499300A874463712D
SD NEGERI 2 MURA,50204373,SD,Negeri,Kec. Brang Ene,230707,Kab. Sumbawa Barat,230700,Prov. Nusa Tenggara Barat,230000,10,4,185,8,8,0,1,38,10 Apr 2026 20:53:15,7B0546505C31D5BFF0AC
SD NEGERI FAJAR KARYA,50204289,SD,Negeri,Kec. Brang Ene,230707,Kab. Sumbawa Barat,230700,Prov. Nusa Tenggara Barat,230000,8,6,48,6,6,0,1,30,06 Apr 2026 11:39:37,9184E16A7A0CB702B519
SD NEGERI HIJRAH,50204291,SD,Negeri,Kec. Brang Ene,230707,Kab. Sumbawa Barat,230700,Prov. Nusa Tenggara Barat,230000,7,5,63,6,6,0,1,23,23 Apr 2026 13:36:06,925F7D1D2CD0BAA7F95F
SD NEGERI KALIMANTONG,50204294,SD,Negeri,Kec. Brang Ene,230707,Kab. Sumbawa Barat,230700,Prov. Nusa Tenggara Barat,230000,10,6,162,8,8,0,1,10,02 Apr 2026 13:03:21,3C8EF2778853CBA60283
SD NEGERI LAMPOK,50204272,SD,Negeri,Kec. Brang Ene,230707,Kab. Sumbawa Barat,230700,Prov. Nusa Tenggara Barat,230000,8,5,127,7,8,0,1,22,27 Apr 2026 12:22:26,C0A751D4D6F386DAA074
SD NEGERI MATAIYANG,50204270,SD,Negeri,Kec. Brang Ene,230707,Kab. Sumbawa Barat,230700,Prov. Nusa Tenggara Barat,230000,5,4,40,5,4,2,1,13,29 Apr 2026 12:20:23,4B16435D2BAAD9079D6A
SMP NEGERI 1 BRANG ENE,50204298,SMP,Negeri,Kec. Brang Ene,230707,Kab. Sumbawa Barat,230700,Prov. Nusa Tenggara Barat,230000,24,7,202,8,13,2,1,30,05 Mar 2026 19:06:06,E5A1866EAAC340181BB7
SMP NEGERI SATAP MATAIYANG,50219794,SMP,Negeri,Kec. Brang Ene,230707,Kab. Sumbawa Barat,230700,Prov. Nusa Tenggara Barat,230000,10,5,19,3,3,1,1,40,25 Apr 2026 08:13:48,3AA4141ECC6F45364186
SMP ISLAM TERPADU HAMZANWADI BRANG ENE,70061728,SMP,Swasta,Kec. Brang Ene,230707,Kab. Sumbawa Barat,230700,Prov. Nusa Tenggara Barat,230000,0,0,0,0,0,0,0,0,,2A7930030B713DC57569
SMK NEGERI 1 BRANG ENE,50219804,SMK,Negeri,Kec. Brang Ene,230707,Kab. Sumbawa Barat,230700,Prov. Nusa Tenggara Barat,230000,25,2,136,12,9,3,1,20,04 Apr 2026 09:47:03,4BDFA2111CFF05372A95
SDN 15 NTOBO KOTA BIMA,50204690,SD,Negeri,Kec. Raba,236104,Kota Bima,236100,Prov. Nusa Tenggara Barat,230000,21,4,188,8,9,0,1,34,27 Apr 2026 10:13:32,0E26FB44CF44C25AD35E
SDN 19 RABANGODU UTARA KOTA BIMA,50204712,SD,Negeri,Kec. Raba,236104,Kota Bima,236100,Prov. Nusa Tenggara Barat,230000,43,2,643,18,18,1,2,58,23 Apr 2026 15:31:10,634F56B1E5BDF87370F8
SDN 20 RABADOMPU TIMUR KOTA BIMA,50204711,SD,Negeri,Kec. Raba,236104,Kota Bima,236100,Prov. Nusa Tenggara Barat,230000,28,3,137,6,6,0,0,64,27 Apr 2026 08:23:47,0A8B77360FD3CEB5771E
SDN 24 RABANGODU UTARA KOTA BIMA,50204707,SD,Negeri,Kec. Raba,236104,Kota Bima,236100,Prov. Nusa Tenggara Barat,230000,24,4,155,9,10,0,1,38,20 Apr 2026 22:27:56,302951928CC3BE544C82
SDN 26 RABADOMPU BARAT KOTA BIMA,50204705,SD,Negeri,Kec. Raba,236104,Kota Bima,236100,Prov. Nusa Tenggara Barat,230000,21,4,123,6,9,0,1,24,13 Apr 2026 10:14:48,204C152353750BC9C82D
SDN 27 RABADOMPU TIMUR KOTA BIMA,50204704,SD,Negeri,Kec. Raba,236104,Kota Bima,236100,Prov. Nusa Tenggara Barat,230000,29,3,164,9,9,1,1,35,26 Apr 2026 11:02:01,823CA476DF02EA0861F1
SDN 30 NITU KOTA BIMA,50204702,SD,Negeri,Kec. Raba,236104,Kota Bima,236100,Prov. Nusa Tenggara Barat,230000,22,4,161,15,8,0,1,49,07 Apr 2026 07:56:55,301212521A99712FB0C3
SDN 36 NGGARALO KOTA BIMA,50204668,SD,Negeri,Kec. Raba,236104,Kota Bima,236100,Prov. Nusa Tenggara Barat,230000,18,1,135,7,7,0,1,33,23 Apr 2026 08:18:08,737EAE982E31D95AF78F
SDN 37 KENDO KOTA BIMA,50204667,SD,Negeri,Kec. Raba,236104,Kota Bima,236100,Prov. Nusa Tenggara Barat,230000,22,4,155,7,7,1,1,56,17 Apr 2026 07:44:19,D18AB850B44AABF3C137
SDN 39 RABADOMPU BARAT KOTA BIMA,50204664,SD,Negeri,Kec. Raba,236104,Kota Bima,236100,Prov. Nusa Tenggara Barat,230000,24,4,159,8,10,1,1,39,11 Apr 2026 17:57:41,F4CC622C6467B88A3040
SDN 49 RABANGODU SELATAN KOTA BIMA,50204683,SD,Negeri,Kec. Raba,236104,Kota Bima,236100,Prov. Nusa Tenggara Barat,230000,41,4,419,23,16,0,1,31,22 Apr 2026 09:16:38,A23CE2E267D276B320F7
SDN 5 RABANGODU UTARA KOTA BIMA,50204699,SD,Negeri,Kec. Raba,236104,Kota Bima,236100,Prov. Nusa Tenggara Barat,230000,41,6,558,25,17,0,2,66,30 Apr 2026 10:18:15,B383370959F34C2B74BE
SDN 50 PENARAGA KOTA BIMA,50204682,SD,Negeri,Kec. Raba,236104,Kota Bima,236100,Prov. Nusa Tenggara Barat,230000,16,4,96,6,7,0,1,35,18 Apr 2026 11:09:58,A517F4E5F7E422D08E4F
SDN 51 RITE KOTA BIMA,50204681,SD,Negeri,Kec. Raba,236104,Kota Bima,236100,Prov. Nusa Tenggara Barat,230000,37,3,190,10,10,1,1,17,23 Apr 2026 05:20:37,3BC5F4D8D66885762DC4
SDN 52 BUSU KOTA BIMA,50204680,SD,Negeri,Kec. Raba,236104,Kota Bima,236100,Prov. Nusa Tenggara Barat,230000,19,3,43,6,5,0,1,27,20 Apr 2026 14:55:16,5609D0427C12FE5CFC21
SDN 62 RONTU KOTA BIMA,50204752,SD,Negeri,Kec. Raba,236104,Kota Bima,236100,Prov. Nusa Tenggara Barat,230000,29,9,188,15,12,1,1,40,14 Apr 2026 06:37:22,76D7522F94BEF722C104
SDN 71 WENGGO KOTA BIMA,50204743,SD,Negeri,Kec. Raba,236104,Kota Bima,236100,Prov. Nusa Tenggara Barat,230000,20,4,48,6,6,0,0,34,07 Mar 2026 13:45:38,F5C810792778DE441DA4
SDN 72 NTOBO KOTA BIMA,50204754,SD,Negeri,Kec. Raba,236104,Kota Bima,236100,Prov. Nusa Tenggara Barat,230000,20,2,88,6,6,1,1,31,26 Apr 2026 18:48:10,0213D7B01FD273D5AEDA
SDN 8 PENANAE KOTA BIMA,50204696,SD,Negeri,Kec. Raba,236104,Kota Bima,236100,Prov. Nusa Tenggara Barat,230000,21,4,194,10,10,0,1,30,29 Apr 2026 20:36:58,77AF4DE62559B6BDCFC3
SD SEKOLAH ALAM AL QURAN BIMA,70025374,SD,Swasta,Kec. Raba,236104,Kota Bima,236100,Prov. Nusa Tenggara Barat,230000,4,3,112,6,6,0,1,13,29 Apr 2026 16:11:30,BB30AFDE6B03982DC849
SDIT DELIMA KOTA BIMA,70031457,SD,Swasta,Kec. Raba,236104,Kota Bima,236100,Prov. Nusa Tenggara Barat,230000,12,1,152,8,6,0,0,15,01 May 2026 19:48:19,B140CC8EEC26B5CCEF99
SDIT Imam Ahmad Rite Kota Bima,70044351,SD,Swasta,Kec. Raba,236104,Kota Bima,236100,Prov. Nusa Tenggara Barat,230000,11,6,119,7,6,0,0,11,20 Apr 2026 10:27:13,4D174CDBDD2F0231D7AD
SDIT ULUL ALBAAB KOTA BIMA,69980931,SD,Swasta,Kec. Raba,236104,Kota Bima,236100,Prov. Nusa Tenggara Barat,230000,3,1,39,5,6,0,1,4,24 Feb 2026 08:27:19,B997F5B3ABCD37BAA561
SMP NEGERI 14 KOTA BIMA,50219691,SMP,Negeri,Kec. Raba,236104,Kota Bima,236100,Prov. Nusa Tenggara Barat,230000,31,21,89,5,8,2,1,28,17 Apr 2026 08:38:16,41E58658905B749706F3
SMP NEGERI 4 KOTA BIMA,50204741,SMP,Negeri,Kec. Raba,236104,Kota Bima,236100,Prov. Nusa Tenggara Barat,230000,57,14,460,16,17,3,1,30,15 Apr 2026 18:02:38,1870F8F5A196EC6D1A51
SMP NEGERI 5 KOTA BIMA,50204740,SMP,Negeri,Kec. Raba,236104,Kota Bima,236100,Prov. Nusa Tenggara Barat,230000,45,7,188,8,11,3,1,54,23 Apr 2026 16:54:37,7B15B8AAC8A5D7FE6A52
SMP ISLAM NURUL IHSAN,50219687,SMP,Swasta,Kec. Raba,236104,Kota Bima,236100,Prov. Nusa Tenggara Barat,230000,10,2,55,3,3,1,1,20,27 Apr 2026 08:01:52,64EADF9DBCA8D1A71705
SMPIT ULUL ALBAAB KOTA BIMA,70029321,SMP,Swasta,Kec. Raba,236104,Kota Bima,236100,Prov. Nusa Tenggara Barat,230000,3,1,24,3,3,0,0,8,30 Apr 2026 13:09:17,A3C9C4EBD6E70362FAE1
SMAN 1 KOTA BIMA,50204732,SMA,Negeri,Kec. Raba,236104,Kota Bima,236100,Prov. Nusa Tenggara Barat,230000,81,12,1101,31,31,10,2,43,20 Apr 2026 10:40:48,A9721C893B58D7E7D32E
SMAN 3 KOTA BIMA,50204730,SMA,Negeri,Kec. Raba,236104,Kota Bima,236100,Prov. Nusa Tenggara Barat,230000,61,6,376,12,20,5,1,28,29 Apr 2026 18:17:39,8F7C61E280190E5DEA54
SMAS ISLAM AL-KHITHAB AL-ISLAMY,69948934,SMA,Swasta,Kec. Raba,236104,Kota Bima,236100,Prov. Nusa Tenggara Barat,230000,11,1,27,3,3,1,1,6,09 Apr 2026 21:59:40,3C2A0855CCB324055CD4
SMAS PGRI,50204737,SMA,Swasta,Kec. Raba,236104,Kota Bima,236100,Prov. Nusa Tenggara Barat,230000,11,3,68,4,8,2,1,42,20 Apr 2026 22:30:41,50E9DF25262A1E770C3E
SMAS SALAHUDDIN KOTA BIMA,50204736,SMA,Swasta,Kec. Raba,236104,Kota Bima,236100,Prov. Nusa Tenggara Barat,230000,9,7,78,4,5,2,1,11,03 Mar 2026 08:36:29,DCFD953DC2E19ECF6313
SMAS YASIM,50204734,SMA,Swasta,Kec. Raba,236104,Kota Bima,236100,Prov. Nusa Tenggara Barat,230000,5,1,67,4,12,5,1,21,20 Apr 2026 09:07:05,D073B7C9E65C61134E2D
SMKS 45  KOTA BIMA,50204718,SMK,Swasta,Kec. Raba,236104,Kota Bima,236100,Prov. Nusa Tenggara Barat,230000,7,2,87,8,7,1,1,12,11 Mar 2026 08:23:01,0738014BCE063F5FE925
SMKS SALAHUDDIN,60728505,SMK,Swasta,Kec. Raba,236104,Kota Bima,236100,Prov. Nusa Tenggara Barat,230000,7,1,65,3,4,2,1,13,22 Apr 2026 09:50:40,ADCEF32114A0338CAB2B
SDN  46 LELA KOTA BIMA,50204673,SD,Negeri,Kec. Asakota,236103,Kota Bima,236100,Prov. Nusa Tenggara Barat,230000,29,4,202,11,8,0,1,39,30 Apr 2026 08:02:08,6BFC6471BBBE79F6B37C
SDN 1 MELAYU KOTA BIMA,50204839,SD,Negeri,Kec. Asakota,236103,Kota Bima,236100,Prov. Nusa Tenggara Barat,230000,33,5,353,15,13,0,1,34,30 Apr 2026 07:11:55,DCDA0BD94FFB5BE7A744
SDN 13 KOLO KOTA BIMA,50204692,SD,Negeri,Kec. Asakota,236103,Kota Bima,236100,Prov. Nusa Tenggara Barat,230000,32,6,298,13,14,0,1,59,16 Apr 2026 13:24:17,8000E90B16E0AC0EE236
SDN 22 JATIBARU KOTA BIMA,50204709,SD,Negeri,Kec. Asakota,236103,Kota Bima,236100,Prov. Nusa Tenggara Barat,230000,23,7,236,11,11,1,1,1,07 Apr 2026 04:47:12,5312EC4E51F05BE373A9
SDN 28 MELAYU KOTA BIMA,50219674,SD,Negeri,Kec. Asakota,236103,Kota Bima,236100,Prov. Nusa Tenggara Barat,230000,32,9,392,16,16,0,1,54,22 Apr 2026 10:53:42,236939DBCDF862236B59
SDN 3 JATIWANGI KOTA BIMA,50204824,SD,Negeri,Kec. Asakota,236103,Kota Bima,236100,Prov. Nusa Tenggara Barat,230000,24,5,190,10,10,1,1,23,28 Apr 2026 20:33:37,9CF5243ED5B4B8F45973
SDN 34  BONTO KOTA BIMA,50204670,SD,Negeri,Kec. Asakota,236103,Kota Bima,236100,Prov. Nusa Tenggara Barat,230000,21,2,171,8,9,1,1,40,13 Apr 2026 10:19:43,A5EA81CF729ED9DC9A32
SDN 58 TAMBANA KOTA BIMA,50204686,SD,Negeri,Kec. Asakota,236103,Kota Bima,236100,Prov. Nusa Tenggara Barat,230000,19,4,140,8,9,0,1,20,02 Apr 2026 23:03:03,4F21C4F9AAF2FAF0C6AE
SDN 59 RASALEWI KOTA BIMA,50204714,SD,Negeri,Kec. Asakota,236103,Kota Bima,236100,Prov. Nusa Tenggara Barat,230000,34,5,272,15,11,2,1,48,28 Apr 2026 09:57:42,B0F403C0759AF135431C
SDN 65 JATIBARU KOTA BIMA,50204749,SD,Negeri,Kec. Asakota,236103,Kota Bima,236100,Prov. Nusa Tenggara Barat,230000,29,5,257,13,13,0,1,39,01 Apr 2026 23:25:11,1811683D660A55BA47C8
SDN 68 KOLO KOTA BIMA,50204746,SD,Negeri,Kec. Asakota,236103,Kota Bima,236100,Prov. Nusa Tenggara Barat,230000,31,4,242,11,11,1,1,50,20 Apr 2026 06:55:47,6F46299ADD28D55E308D
SDN 70 TOLOTONGGA KOTA BIMA,50204744,SD,Negeri,Kec. Asakota,236103,Kota Bima,236100,Prov. Nusa Tenggara Barat,230000,17,3,124,6,6,1,1,32,13 Mar 2026 11:18:43,7E6509E2824B08A40768
SDN 74 SONGGELA KOTA BIMA,50204766,SD,Negeri,Kec. Asakota,236103,Kota Bima,236100,Prov. Nusa Tenggara Barat,230000,15,7,96,6,6,0,1,30,09 Apr 2026 08:25:09,5DB79DC042586A42038D
SD IT AL HIKMAH MELAYU KOTA BIMA,50204841,SD,Swasta,Kec. Asakota,236103,Kota Bima,236100,Prov. Nusa Tenggara Barat,230000,9,2,166,7,9,1,1,18,27 Apr 2026 13:50:14,318D9009F21B7ED634DC
SDIT IMAM SYAFII KEDO KOTA BIMA,50219683,SD,Swasta,Kec. Asakota,236103,Kota Bima,236100,Prov. Nusa Tenggara Barat,230000,45,3,290,13,13,0,1,29,30 Apr 2026 12:33:35,995D1FDFDEF4E62D7040
SDIT LASKAR PELANGI KOTA BIMA,70011538,SD,Swasta,Kec. Asakota,236103,Kota Bima,236100,Prov. Nusa Tenggara Barat,230000,8,1,72,6,5,0,1,33,02 May 2026 08:06:30,F4D47A31E54BEE3B79DB
SDITQ AR-RAHMAN KOTA BIMA,70011089,SD,Swasta,Kec. Asakota,236103,Kota Bima,236100,Prov. Nusa Tenggara Barat,230000,10,1,39,6,6,0,0,102,26 Apr 2026 12:48:49,6BAA770978EC600326AD
SMP NEGERI 10 KOTA BIMA,50204722,SMP,Negeri,Kec. Asakota,236103,Kota Bima,236100,Prov. Nusa Tenggara Barat,230000,26,7,208,8,16,1,1,78,30 Apr 2026 18:40:34,2788ED3690BCE3B15FF0
SMP NEGERI 11 KOTA BIMA,50204721,SMP,Negeri,Kec. Asakota,236103,Kota Bima,236100,Prov. Nusa Tenggara Barat,230000,46,6,258,9,14,1,1,40,20 Apr 2026 13:55:06,5478C881851891671A93
SMP NEGERI 7 KOTA BIMA,50204725,SMP,Negeri,Kec. Asakota,236103,Kota Bima,236100,Prov. Nusa Tenggara Barat,230000,47,14,290,11,25,1,1,65,01 May 2026 09:21:54,7BA22485C3AC376CBA42
SMP ISLAM TAHFIDZ QUR AN,69952580,SMP,Swasta,Kec. Asakota,236103,Kota Bima,236100,Prov. Nusa Tenggara Barat,230000,11,2,77,3,6,1,0,6,02 Feb 2026 21:27:48,7472810D6058BC082F3D
SMP IT IMAM SYAFIIY,50219689,SMP,Swasta,Kec. Asakota,236103,Kota Bima,236100,Prov. Nusa Tenggara Barat,230000,28,5,270,9,10,1,1,18,27 Apr 2026 10:58:51,1FE442E2081E349E45CE
SMPIT LASKAR PELANGI KOTA BIMA,69987410,SMP,Swasta,Kec. Asakota,236103,Kota Bima,236100,Prov. Nusa Tenggara Barat,230000,8,2,70,3,3,2,1,49,02 May 2026 08:36:01,C6243BC9124C1577EE00
SMAN 5 KOTA BIMA,50204715,SMA,Negeri,Kec. Asakota,236103,Kota Bima,236100,Prov. Nusa Tenggara Barat,230000,55,11,211,8,20,3,1,54,02 May 2026 19:41:49,D92E427C1421526D77A9
SMA IT NURUL HUDA NW,69930602,SMA,Swasta,Kec. Asakota,236103,Kota Bima,236100,Prov. Nusa Tenggara Barat,230000,10,3,29,3,3,1,1,18,16 Apr 2026 11:25:35,D99EF42CDC2A1D4E2948
SMKN 4 KOTA BIMA,50219695,SMK,Negeri,Kec. Asakota,236103,Kota Bima,236100,Prov. Nusa Tenggara Barat,230000,31,6,155,11,7,3,1,45,29 Apr 2026 10:23:21,2A3ABF0B90E661D061AF
SMKPP NEGERI BIMA,50219770,SMK,Negeri,Kec. Asakota,236103,Kota Bima,236100,Prov. Nusa Tenggara Barat,230000,56,19,291,17,17,2,0,41,29 Apr 2026 08:24:31,CAA30C0907D682FFC6CA
SMKS KESEHATAN AISYIYAH KOTA BIMA,50219696,SMK,Swasta,Kec. Asakota,236103,Kota Bima,236100,Prov. Nusa Tenggara Barat,230000,9,2,36,3,3,1,0,129,30 Apr 2026 10:43:57,D92CDC54F1116F7BB898
SMKS PGRI KOTA BIMA,50219697,SMK,Swasta,Kec. Asakota,236103,Kota Bima,236100,Prov. Nusa Tenggara Barat,230000,1,4,0,0,0,0,0,0,,590714357761A1672819
SDN 10 PENATOI KOTA BIMA,50204695,SD,Negeri,Kec. Mpunda,236105,Kota Bima,236100,Prov. Nusa Tenggara Barat,230000,31,6,271,14,14,0,1,60,25 Apr 2026 20:00:56,4321369E6982F5B019B5
SDN 11 MANGGEMACI KOTA BIMA,50204694,SD,Negeri,Kec. Mpunda,236105,Kota Bima,236100,Prov. Nusa Tenggara Barat,230000,39,5,403,17,18,0,1,52,28 Apr 2026 13:43:23,DFD98ACB369BD0058DF8
SDN 14 SADIA KOTA BIMA,50204691,SD,Negeri,Kec. Mpunda,236105,Kota Bima,236100,Prov. Nusa Tenggara Barat,230000,28,4,261,12,12,1,1,31,22 Apr 2026 12:04:01,C8C3CF409BA705372492
SDN 25 SANTI KOTA BIMA,50204706,SD,Negeri,Kec. Mpunda,236105,Kota Bima,236100,Prov. Nusa Tenggara Barat,230000,21,4,213,9,6,0,1,31,02 Apr 2026 14:40:48,1D14EE45F84C03E96581
SDN 32 PANGGI KOTA BIMA,50204687,SD,Negeri,Kec. Mpunda,236105,Kota Bima,236100,Prov. Nusa Tenggara Barat,230000,19,3,146,6,6,1,1,53,27 Apr 2026 10:13:12,B2D9260F2D213A072EE7
SDN 40 LEWIRATO KOTA BIMA,50204663,SD,Negeri,Kec. Mpunda,236105,Kota Bima,236100,Prov. Nusa Tenggara Barat,230000,31,3,301,13,13,0,1,33,24 Apr 2026 18:37:56,B6A7B699D8FEDD92C25B
SDN 42 MANGGEMACI KOTA BIMA,50204661,SD,Negeri,Kec. Mpunda,236105,Kota Bima,236100,Prov. Nusa Tenggara Barat,230000,25,3,211,11,10,1,1,29,28 Apr 2026 11:10:54,1306AD32F88375C966C0
SDN 44 MANDE KOTA BIMA,50204659,SD,Negeri,Kec. Mpunda,236105,Kota Bima,236100,Prov. Nusa Tenggara Barat,230000,18,3,142,7,7,0,1,14,09 Apr 2026 10:42:21,BF319D27501A02D5A72C
SDN 60 SAMBINAE KOTA BIMA,50204767,SD,Negeri,Kec. Mpunda,236105,Kota Bima,236100,Prov. Nusa Tenggara Barat,230000,16,3,158,7,7,1,1,11,17 Apr 2026 14:04:18,4B243714D674652B01FB
SDN 61 KARARA KOTA BIMA,50204753,SD,Negeri,Kec. Mpunda,236105,Kota Bima,236100,Prov. Nusa Tenggara Barat,230000,23,4,126,6,8,1,1,50,28 Apr 2026 08:10:53,F9BD60C3D3C988612178
SDN 67 RABANTALA KOTA BIMA,50204747,SD,Negeri,Kec. Mpunda,236105,Kota Bima,236100,Prov. Nusa Tenggara Barat,230000,22,7,197,10,8,0,1,35,23 Apr 2026 16:50:49,765319F232F286E7F24A
SD TAHFIDZUL QUR AN AL AMIN KOTA BIMA,70004589,SD,Swasta,Kec. Mpunda,236105,Kota Bima,236100,Prov. Nusa Tenggara Barat,230000,14,1,147,9,7,0,1,19,14 Apr 2026 21:30:35,0123F56321741BEFC388
SDIT ABU BAKAR ASH SHIDDIQ PENATOI KOTA BIMA,70053559,SD,Swasta,Kec. Mpunda,236105,Kota Bima,236100,Prov. Nusa Tenggara Barat,230000,6,7,27,5,6,0,0,15,12 Apr 2026 21:59:43,74036F0A0DBE88D553DF
SDIT INSAN KAMIL SANTI KOTA BIMA,50219767,SD,Swasta,Kec. Mpunda,236105,Kota Bima,236100,Prov. Nusa Tenggara Barat,230000,29,1,354,15,15,0,1,19,22 Apr 2026 07:35:57,93C1620ACA3585F5A8A2
SMP NEGERI 1 KOTA BIMA,50204757,SMP,Negeri,Kec. Mpunda,236105,Kota Bima,236100,Prov. Nusa Tenggara Barat,230000,92,21,999,32,33,4,1,58,27 Apr 2026 11:10:12,96789102032255328D37
SMP NEGERI 6 KOTA BIMA,50204726,SMP,Negeri,Kec. Mpunda,236105,Kota Bima,236100,Prov. Nusa Tenggara Barat,230000,44,14,234,9,21,3,1,72,30 Apr 2026 10:16:03,31213AE69D4A329D24A0
SMP NEGERI 8 KOTA BIMA,50204724,SMP,Negeri,Kec. Mpunda,236105,Kota Bima,236100,Prov. Nusa Tenggara Barat,230000,64,15,308,11,23,4,1,58,24 Apr 2026 01:29:45,1D6495BEDBB0D4E1F930
SMPIT ABU BAKAR ASH SHIDDIQ PENATOI KOTA BIMA,70056173,SMP,Swasta,Kec. Mpunda,236105,Kota Bima,236100,Prov. Nusa Tenggara Barat,230000,4,6,6,1,5,0,1,7,08 Apr 2026 09:50:38,09CAC161FFA25445AC06
SMPIT INSAN KAMIL KOTA BIMA,69990920,SMP,Swasta,Kec. Mpunda,236105,Kota Bima,236100,Prov. Nusa Tenggara Barat,230000,11,2,95,4,4,1,1,18,20 Apr 2026 09:05:28,C171F38C5794C8AB2B00
SMAN 2 KOTA BIMA,50204731,SMA,Negeri,Kec. Mpunda,236105,Kota Bima,236100,Prov. Nusa Tenggara Barat,230000,83,19,789,23,27,4,1,23,23 Apr 2026 10:15:44,8CE6DC3D868EF9FB52AF
SMAN 4 KOTA BIMA,50204729,SMA,Negeri,Kec. Mpunda,236105,Kota Bima,236100,Prov. Nusa Tenggara Barat,230000,89,17,1094,31,31,5,1,98,28 Apr 2026 07:48:15,F9D4A621C71DB889B1FA
SMAIT IMAM AHMAD,70043859,SMA,Swasta,Kec. Mpunda,236105,Kota Bima,236100,Prov. Nusa Tenggara Barat,230000,6,2,9,1,1,0,0,21,16 Apr 2026 13:03:47,938C4857BD4426DA1A83
SMAS AL HIDAYAH,50204727,SMA,Swasta,Kec. Mpunda,236105,Kota Bima,236100,Prov. Nusa Tenggara Barat,230000,10,1,56,4,4,4,1,17,16 Apr 2026 10:34:31,DB912F23289EDE61E636
SMKN 2 KOTA BIMA,50204717,SMK,Negeri,Kec. Mpunda,236105,Kota Bima,236100,Prov. Nusa Tenggara Barat,230000,126,29,786,36,35,5,1,56,30 Apr 2026 12:07:17,60A80C4A76DE823E74FC
SMKN 3 KOTA BIMA,50204716,SMK,Negeri,Kec. Mpunda,236105,Kota Bima,236100,Prov. Nusa Tenggara Barat,230000,92,25,678,30,25,1,1,35,30 Apr 2026 12:07:46,4B8862178DA957528441
SMK KEPERAWATAN SURYA MANDIRI BIMA,69919008,SMK,Swasta,Kec. Mpunda,236105,Kota Bima,236100,Prov. Nusa Tenggara Barat,230000,5,2,123,5,3,0,1,21,15 Apr 2026 10:55:38,6E9D2E2E29AE1ADD5287
SMKS KESEHATAN BIMA SEHAT,50219769,SMK,Swasta,Kec. Mpunda,236105,Kota Bima,236100,Prov. Nusa Tenggara Barat,230000,8,1,63,3,3,0,0,15,31 Mar 2026 19:05:54,546259E5409FBE1DBF06
SDN 12 SARAE KOTA BIMA,50204693,SD,Negeri,Kec. RasanaE Barat,236101,Kota Bima,236100,Prov. Nusa Tenggara Barat,230000,16,2,138,8,8,0,1,38,24 Apr 2026 14:17:30,6C1F9907223B2F60DCCC
SDN 16 SALAMA KOTA BIMA,50204689,SD,Negeri,Kec. RasanaE Barat,236101,Kota Bima,236100,Prov. Nusa Tenggara Barat,230000,17,5,144,7,7,1,1,41,22 Apr 2026 19:28:25,AC73EEACBED2B18BFB1A
SDN 17 PANE KOTA BIMA,50204700,SD,Negeri,Kec. RasanaE Barat,236101,Kota Bima,236100,Prov. Nusa Tenggara Barat,230000,13,2,102,6,6,1,1,24,28 Apr 2026 08:42:49,E67FE0E6AF3A723E4DEA
SDN 2 SUNTU KOTA BIMA,50204838,SD,Negeri,Kec. RasanaE Barat,236101,Kota Bima,236100,Prov. Nusa Tenggara Barat,230000,43,5,673,23,24,2,1,40,23 Apr 2026 09:41:13,CAF4F0605A0E91C417C7
SDN 21 TOLOMUNDU  KOTA BIMA,50204710,SD,Negeri,Kec. RasanaE Barat,236101,Kota Bima,236100,Prov. Nusa Tenggara Barat,230000,42,4,640,19,19,0,1,77,21 Apr 2026 07:51:51,C40CF81E0FF388D2E24C
SDN 29 TANJUNG KOTA BIMA,50204703,SD,Negeri,Kec. RasanaE Barat,236101,Kota Bima,236100,Prov. Nusa Tenggara Barat,230000,52,6,520,22,24,1,1,99,01 May 2026 21:06:04,511D35FCC2A9C92252CF
SDN 45 PANE KOTA BIMA,50204672,SD,Negeri,Kec. RasanaE Barat,236101,Kota Bima,236100,Prov. Nusa Tenggara Barat,230000,19,2,175,9,9,1,2,54,27 Apr 2026 08:46:44,5D7A1E4F1A13F101CB55
SDN 55 DARA KOTA BIMA,50204676,SD,Negeri,Kec. RasanaE Barat,236101,Kota Bima,236100,Prov. Nusa Tenggara Barat,230000,42,10,458,18,15,1,1,49,30 Apr 2026 13:26:40,EA7B8BF8348F748323D6
SDN 56 TOLOBALI KOTA BIMA,50204675,SD,Negeri,Kec. RasanaE Barat,236101,Kota Bima,236100,Prov. Nusa Tenggara Barat,230000,22,7,132,7,7,1,1,35,30 Apr 2026 09:24:39,84267F2EC699B012E31A
SDN 57 WADUMBOLO KOTA BIMA,50204674,SD,Negeri,Kec. RasanaE Barat,236101,Kota Bima,236100,Prov. Nusa Tenggara Barat,230000,12,3,68,6,6,1,1,32,02 Apr 2026 09:37:40,C3318387BB65DCC47EA6
SDN 77 NIU KOTA BIMA,50204763,SD,Negeri,Kec. RasanaE Barat,236101,Kota Bima,236100,Prov. Nusa Tenggara Barat,230000,13,2,91,6,6,0,1,38,14 Apr 2026 06:15:18,A72E3722809EDF98FD96
SD AL-ISLAM SUNTU KOTA BIMA,69882390,SD,Swasta,Kec. RasanaE Barat,236101,Kota Bima,236100,Prov. Nusa Tenggara Barat,230000,4,1,122,6,6,0,0,13,02 May 2026 15:50:11,0D3B3C164114B5930E88
SD INTEGRAL LUQMAN AL HAKIM SALAMA KOTA BIMA,50219684,SD,Swasta,Kec. RasanaE Barat,236101,Kota Bima,236100,Prov. Nusa Tenggara Barat,230000,11,3,167,7,9,1,1,20,24 Apr 2026 10:06:06,E5593BD7AB73A3B52381
SD MUHAMMADIYAH GILIPANDA KOTA BIMA,50204840,SD,Swasta,Kec. RasanaE Barat,236101,Kota Bima,236100,Prov. Nusa Tenggara Barat,230000,12,4,108,6,6,0,0,23,26 Mar 2026 13:54:46,0C6FC2B3A390DAAE0122
SMP NEGERI 13 KOTA BIMA,50219690,SMP,Negeri,Kec. RasanaE Barat,236101,Kota Bima,236100,Prov. Nusa Tenggara Barat,230000,41,15,309,12,12,3,1,71,28 Apr 2026 09:53:23,6EA528989A6DA9544AB8
SMP NEGERI 2 KOTA BIMA,50204756,SMP,Negeri,Kec. RasanaE Barat,236101,Kota Bima,236100,Prov. Nusa Tenggara Barat,230000,91,15,979,31,32,3,1,89,02 May 2026 14:02:58,44EDB8224F7057B4DB23
SMP INTEGRAL TAHFIDZ YAA BUNAYYA,70055805,SMP,Swasta,Kec. RasanaE Barat,236101,Kota Bima,236100,Prov. Nusa Tenggara Barat,230000,3,3,15,2,2,0,1,17,13 Apr 2026 10:18:29,78EFB194D53CDB19AAE4
SMP MUHAMMADIYAH KOTA BIMA,50204758,SMP,Swasta,Kec. RasanaE Barat,236101,Kota Bima,236100,Prov. Nusa Tenggara Barat,230000,13,4,70,3,4,2,1,24,28 Apr 2026 07:59:12,18BFBA8A25CD9C6C66ED
SMPIT IBNU ABBAS KOTA BIMA,70056220,SMP,Swasta,Kec. RasanaE Barat,236101,Kota Bima,236100,Prov. Nusa Tenggara Barat,230000,0,0,25,1,3,0,0,9,29 Apr 2026 21:53:22,5B6C12967BF798A1B4CA
SMAS AL IKHWAN,50219694,SMA,Swasta,Kec. RasanaE Barat,236101,Kota Bima,236100,Prov. Nusa Tenggara Barat,230000,10,2,83,5,9,2,2,36,24 Apr 2026 23:57:56,B4340613AD3B6F797D5A
SMAS Muhammadiyah Kota Bima,50204733,SMA,Swasta,Kec. RasanaE Barat,236101,Kota Bima,236100,Prov. Nusa Tenggara Barat,230000,10,1,97,4,12,3,1,43,28 Apr 2026 10:29:20,96DC549DD8174DB97309
SMAS SINAR JAYA,50204735,SMA,Swasta,Kec. RasanaE Barat,236101,Kota Bima,236100,Prov. Nusa Tenggara Barat,230000,8,2,94,6,8,4,1,26,20 Apr 2026 19:21:50,BD7C450A430960FB4029
SMK NEGERI 1 KOTA BIMA,50204719,SMK,Negeri,Kec. RasanaE Barat,236101,Kota Bima,236100,Prov. Nusa Tenggara Barat,230000,107,23,1001,36,30,2,1,22,28 Apr 2026 17:11:07,C8DABA74D6762CA14153
SDN 18 DODU KOTA BIMA,50204701,SD,Negeri,Kec. RasanaE Timur,236102,Kota Bima,236100,Prov. Nusa Tenggara Barat,230000,38,6,161,8,8,1,1,58,24 Apr 2026 21:09:45,EF3150352982EDA4C293
SDN 31 LELAMASE KOTA BIMA,50204688,SD,Negeri,Kec. RasanaE Timur,236102,Kota Bima,236100,Prov. Nusa Tenggara Barat,230000,19,4,166,7,8,0,1,26,08 Apr 2026 17:53:21,D644B3D50641EC94AD45
SDN 33 LAMPE KOTA BIMA,50204671,SD,Negeri,Kec. RasanaE Timur,236102,Kota Bima,236100,Prov. Nusa Tenggara Barat,230000,25,3,171,7,9,1,2,15,10 Mar 2026 06:49:58,4E762C6C566D11AD09C3
SDN 35 NUNGGA KOTA BIMA,50204669,SD,Negeri,Kec. RasanaE Timur,236102,Kota Bima,236100,Prov. Nusa Tenggara Barat,230000,19,5,105,6,6,1,1,23,17 Apr 2026 08:51:42,0E90A656FB8EB4B9FB9D
SDN 47 KODO KOTA BIMA,50204685,SD,Negeri,Kec. RasanaE Timur,236102,Kota Bima,236100,Prov. Nusa Tenggara Barat,230000,33,6,92,6,6,0,1,33,16 Mar 2026 08:01:34,3CEC1ADC3634290809EF
SDN 48 KUMBE KOTA BIMA,50204684,SD,Negeri,Kec. RasanaE Timur,236102,Kota Bima,236100,Prov. Nusa Tenggara Barat,230000,38,4,229,12,13,0,1,26,09 Apr 2026 08:22:43,147BB046C85D598D9AD7
SDN 53 OI FOO KOTA BIMA,50204679,SD,Negeri,Kec. RasanaE Timur,236102,Kota Bima,236100,Prov. Nusa Tenggara Barat,230000,32,10,212,11,10,2,1,53,30 Apr 2026 07:58:12,436C67BE085A1B07591C
SDN 6 KODO KOTA BIMA,50204698,SD,Negeri,Kec. RasanaE Timur,236102,Kota Bima,236100,Prov. Nusa Tenggara Barat,230000,35,4,114,6,6,1,1,18,29 Apr 2026 08:13:58,618DE6A59F85FC564B9B
SDN 63 DODU KOTA BIMA,50204751,SD,Negeri,Kec. RasanaE Timur,236102,Kota Bima,236100,Prov. Nusa Tenggara Barat,230000,24,3,83,6,7,1,1,24,08 Apr 2026 06:38:19,2A30E3EF00F083FF006C
SDN 64 SORI KOTA BIMA,50204750,SD,Negeri,Kec. RasanaE Timur,236102,Kota Bima,236100,Prov. Nusa Tenggara Barat,230000,17,3,45,6,5,0,1,46,17 Apr 2026 10:47:26,D7F848DFC34C7A241655
SDN 66 KUTA KOTA BIMA,50204748,SD,Negeri,Kec. RasanaE Timur,236102,Kota Bima,236100,Prov. Nusa Tenggara Barat,230000,19,4,27,6,6,0,1,26,19 Apr 2026 22:38:19,6377CC80BA152DB21822
SDN 69 KABANTA KOTA BIMA,50204745,SD,Negeri,Kec. RasanaE Timur,236102,Kota Bima,236100,Prov. Nusa Tenggara Barat,230000,23,4,69,6,5,0,1,23,07 Mar 2026 07:10:52,8CBEE0ABBEC6E706B256
SDN 7 KUMBE KOTA BIMA,50204697,SD,Negeri,Kec. RasanaE Timur,236102,Kota Bima,236100,Prov. Nusa Tenggara Barat,230000,27,6,203,9,11,0,0,29,27 Apr 2026 19:04:14,A3B4E2295FC22AB6F6C5
SDN 73 SABALI KOTA BIMA,50204755,SD,Negeri,Kec. RasanaE Timur,236102,Kota Bima,236100,Prov. Nusa Tenggara Barat,230000,19,2,70,6,7,1,1,24,29 Apr 2026 13:17:06,B292A1D227DACB6DDAA2
SDN 76 TOLOWERI KOTA BIMA,50204764,SD,Negeri,Kec. RasanaE Timur,236102,Kota Bima,236100,Prov. Nusa Tenggara Barat,230000,28,4,59,11,6,0,1,27,16 Apr 2026 19:20:13,AE6F29A812FE1DA91C60
SMP NEGERI 12 KOTA BIMA,50204720,SMP,Negeri,Kec. RasanaE Timur,236102,Kota Bima,236100,Prov. Nusa Tenggara Barat,230000,18,8,75,3,6,3,1,50,15 Apr 2026 14:40:36,0D976B81AF14E962F9CA
SMP NEGERI 15 KOTA BIMA,50220557,SMP,Negeri,Kec. RasanaE Timur,236102,Kota Bima,236100,Prov. Nusa Tenggara Barat,230000,24,11,104,6,6,2,1,60,29 Apr 2026 21:53:10,B5E94631675B69349586
SMP NEGERI 3 KOTA BIMA,50204742,SMP,Negeri,Kec. RasanaE Timur,236102,Kota Bima,236100,Prov. Nusa Tenggara Barat,230000,48,15,198,10,12,4,1,26,04 Apr 2026 05:08:32,00BE2A9AA83F974394D6
SMP NEGERI 9 KOTA BIMA,50204723,SMP,Negeri,Kec. RasanaE Timur,236102,Kota Bima,236100,Prov. Nusa Tenggara Barat,230000,35,7,191,8,11,3,2,81,29 Apr 2026 06:35:29,C8E4FF6F70C231F1B779
SMP DARUL FURQAN KOTA BIMA,50204759,SMP,Swasta,Kec. RasanaE Timur,236102,Kota Bima,236100,Prov. Nusa Tenggara Barat,230000,9,4,80,4,6,0,0,24,19 Apr 2026 11:19:47,4081033B08BDC55776BD
SMAS DARUL FUR QAN,50204739,SMA,Swasta,Kec. RasanaE Timur,236102,Kota Bima,236100,Prov. Nusa Tenggara Barat,230000,5,2,49,3,5,1,1,23,21 Apr 2026 00:38:05,43419915A06906609CE4
