nama_sekolah,npsn,bentuk_pendidikan,status_sekolah,kecamatan,kode_kecamatan,kabupaten,kode_kabupaten,provinsi,kode_provinsi,jumlah_guru_ptk,jumlah_pegawai,jumlah_peserta_didik,jumlah_rombel,jumlah_ruang_kelas,jumlah_lab,jumlah_perpustakaan,jumlah_kirim_sinkron,sinkron_terakhir,sekolah_id_enkrip
DAARUL HAYAH,69898351,RA,SWASTA,Kec. Pasar Kemis,280312,Kab. Tangerang,280300,Prov. Banten,280000,0,0,0,0,0,0,0,0,,
LATANSA CENDEKIA,69898347,RA,SWASTA,Kec. Pasar Kemis,280312,Kab. Tangerang,280300,Prov. Banten,280000,0,0,0,0,0,0,0,0,,
RA AL-FATIHAH,69941202,RA,SWASTA,Kec. Pasar Kemis,280312,Kab. Tangerang,280300,Prov. Banten,280000,0,0,0,0,0,0,0,0,,
RA AL-ZENA EXCELENT,69941201,RA,SWASTA,Kec. Pasar Kemis,280312,Kab. Tangerang,280300,Prov. Banten,280000,0,0,0,0,0,0,0,0,,
RA ATHIFA BERKAH EXCELLENT,69994555,RA,SWASTA,Kec. Pasar Kemis,280312,Kab. Tangerang,280300,Prov. Banten,280000,0,0,0,0,0,0,0,0,,
RA BINA ANAK SHALEH,69753382,RA,SWASTA,Kec. Pasar Kemis,280312,Kab. Tangerang,280300,Prov. Banten,280000,0,0,0,0,0,0,0,0,,
RA DAARUL KAHFI,70043306,RA,SWASTA,Kec. Pasar Kemis,280312,Kab. Tangerang,280300,Prov. Banten,280000,0,0,0,0,0,0,0,0,,
RA NUR MAHMUDI,69898346,RA,SWASTA,Kec. Pasar Kemis,280312,Kab. Tangerang,280300,Prov. Banten,280000,0,0,0,0,0,0,0,0,,
RA. AISIYAH,69885500,RA,SWASTA,Kec. Pasar Kemis,280312,Kab. Tangerang,280300,Prov. Banten,280000,0,0,0,0,0,0,0,0,,
RA. AL -  IZHAR,69885512,RA,SWASTA,Kec. Pasar Kemis,280312,Kab. Tangerang,280300,Prov. Banten,280000,0,0,0,0,0,0,0,0,,
RA. AL AMANAH,69885498,RA,SWASTA,Kec. Pasar Kemis,280312,Kab. Tangerang,280300,Prov. Banten,280000,0,0,0,0,0,0,0,0,,
RA. AL MUHAJIR,69885502,RA,SWASTA,Kec. Pasar Kemis,280312,Kab. Tangerang,280300,Prov. Banten,280000,0,0,0,0,0,0,0,0,,
RA. AL-HIDAYAH,69885504,RA,SWASTA,Kec. Pasar Kemis,280312,Kab. Tangerang,280300,Prov. Banten,280000,0,0,0,0,0,0,0,0,,
RA. ALIEFYA,69885517,RA,SWASTA,Kec. Pasar Kemis,280312,Kab. Tangerang,280300,Prov. Banten,280000,0,0,0,0,0,0,0,0,,
RA. ANNISA,69885510,RA,SWASTA,Kec. Pasar Kemis,280312,Kab. Tangerang,280300,Prov. Banten,280000,0,0,0,0,0,0,0,0,,
RA. BHAKTI CENDIKIA,69885507,RA,SWASTA,Kec. Pasar Kemis,280312,Kab. Tangerang,280300,Prov. Banten,280000,0,0,0,0,0,0,0,0,,
RA. BINA INSANI AL-ADAWY,69885511,RA,SWASTA,Kec. Pasar Kemis,280312,Kab. Tangerang,280300,Prov. Banten,280000,0,0,0,0,0,0,0,0,,
RA. DAARUL MAHDI,69885508,RA,SWASTA,Kec. Pasar Kemis,280312,Kab. Tangerang,280300,Prov. Banten,280000,0,0,0,0,0,0,0,0,,
RA. FADLURROHMAN,69885516,RA,SWASTA,Kec. Pasar Kemis,280312,Kab. Tangerang,280300,Prov. Banten,280000,0,0,0,0,0,0,0,0,,
RA. FATHUL INSANI,69885506,RA,SWASTA,Kec. Pasar Kemis,280312,Kab. Tangerang,280300,Prov. Banten,280000,0,0,0,0,0,0,0,0,,
RA. HIMMATUL ULYA,69885503,RA,SWASTA,Kec. Pasar Kemis,280312,Kab. Tangerang,280300,Prov. Banten,280000,0,0,0,0,0,0,0,0,,
RA. HUDAATUL UMAM,69885509,RA,SWASTA,Kec. Pasar Kemis,280312,Kab. Tangerang,280300,Prov. Banten,280000,0,0,0,0,0,0,0,0,,
RA. MUFIDAH,69885463,RA,SWASTA,Kec. Pasar Kemis,280312,Kab. Tangerang,280300,Prov. Banten,280000,0,0,0,0,0,0,0,0,,
RA. NURUL HIKMAH,69885514,RA,SWASTA,Kec. Pasar Kemis,280312,Kab. Tangerang,280300,Prov. Banten,280000,0,0,0,0,0,0,0,0,,
RA. NURUL HIKMAH,69885513,RA,SWASTA,Kec. Pasar Kemis,280312,Kab. Tangerang,280300,Prov. Banten,280000,0,0,0,0,0,0,0,0,,
MTSS AL FIRDAUS,60729815,MTs,SWASTA,Kec. Pasar Kemis,280312,Kab. Tangerang,280300,Prov. Banten,280000,0,0,0,0,0,0,0,0,,
MTSS AL ISTIQOMAH PSK,60729813,MTs,SWASTA,Kec. Pasar Kemis,280312,Kab. Tangerang,280300,Prov. Banten,280000,0,0,0,0,0,0,0,0,,
MTSS AL MADANI,69955996,MTs,SWASTA,Kec. Pasar Kemis,280312,Kab. Tangerang,280300,Prov. Banten,280000,0,0,0,0,0,0,0,0,,
MTSS AL MUAWANAH,60729814,MTs,SWASTA,Kec. Pasar Kemis,280312,Kab. Tangerang,280300,Prov. Banten,280000,0,0,0,0,0,0,0,0,,
MTSS BANI IHSAN,20622822,MTs,SWASTA,Kec. Pasar Kemis,280312,Kab. Tangerang,280300,Prov. Banten,280000,0,0,0,0,0,0,0,0,,
MTSS HUDAATUL UMAM,20622821,MTs,SWASTA,Kec. Pasar Kemis,280312,Kab. Tangerang,280300,Prov. Banten,280000,0,0,0,0,0,0,0,0,,
MTSS MATHLAUL ANWAR PUTAT,60729812,MTs,SWASTA,Kec. Pasar Kemis,280312,Kab. Tangerang,280300,Prov. Banten,280000,0,0,0,0,0,0,0,0,,
MTSS NURUL FALAH KUTABUMI,20622820,MTs,SWASTA,Kec. Pasar Kemis,280312,Kab. Tangerang,280300,Prov. Banten,280000,0,0,0,0,0,0,0,0,,
MTSS NURUL HIKMAH PASARKEMIS,60727326,MTs,SWASTA,Kec. Pasar Kemis,280312,Kab. Tangerang,280300,Prov. Banten,280000,0,0,0,0,0,0,0,0,,
MIS BANI IHSAN,60721302,MI,SWASTA,Kec. Pasar Kemis,280312,Kab. Tangerang,280300,Prov. Banten,280000,0,0,0,0,0,0,0,0,,
MIS HUDAATUL UMAM,69824929,MI,SWASTA,Kec. Pasar Kemis,280312,Kab. Tangerang,280300,Prov. Banten,280000,0,0,0,0,0,0,0,0,,
MIS IQRA,69824932,MI,SWASTA,Kec. Pasar Kemis,280312,Kab. Tangerang,280300,Prov. Banten,280000,0,0,0,0,0,0,0,0,,
MIS MATHLAUL ANWAR PUTAT,69824930,MI,SWASTA,Kec. Pasar Kemis,280312,Kab. Tangerang,280300,Prov. Banten,280000,0,0,0,0,0,0,0,0,,
MIS NURUL FALAH BUGEL,69824933,MI,SWASTA,Kec. Pasar Kemis,280312,Kab. Tangerang,280300,Prov. Banten,280000,0,0,0,0,0,0,0,0,,
MIS NURUL FALAH GAOK,69824931,MI,SWASTA,Kec. Pasar Kemis,280312,Kab. Tangerang,280300,Prov. Banten,280000,0,0,0,0,0,0,0,0,,
MIS NURUL FALAH GELAM,60729133,MI,SWASTA,Kec. Pasar Kemis,280312,Kab. Tangerang,280300,Prov. Banten,280000,0,0,0,0,0,0,0,0,,
MIS NURUL FALAH KUTABUMI,69824927,MI,SWASTA,Kec. Pasar Kemis,280312,Kab. Tangerang,280300,Prov. Banten,280000,0,0,0,0,0,0,0,0,,
MIS NURUL HIKMAH PASARKEMIS,60729472,MI,SWASTA,Kec. Pasar Kemis,280312,Kab. Tangerang,280300,Prov. Banten,280000,0,0,0,0,0,0,0,0,,
MIS NURUL ISLAM KUTABUMI,69824928,MI,SWASTA,Kec. Pasar Kemis,280312,Kab. Tangerang,280300,Prov. Banten,280000,0,0,0,0,0,0,0,0,,
MIS SABILUSSALAM,69824934,MI,SWASTA,Kec. Pasar Kemis,280312,Kab. Tangerang,280300,Prov. Banten,280000,0,0,0,0,0,0,0,0,,
MAS AL ISTIQOMAH,20622431,MA,SWASTA,Kec. Pasar Kemis,280312,Kab. Tangerang,280300,Prov. Banten,280000,0,0,0,0,0,0,0,0,,
MAS AL MU`AWANAH,60730027,MA,SWASTA,Kec. Pasar Kemis,280312,Kab. Tangerang,280300,Prov. Banten,280000,0,0,0,0,0,0,0,0,,
MAS BANI IHSAN,69788054,MA,SWASTA,Kec. Pasar Kemis,280312,Kab. Tangerang,280300,Prov. Banten,280000,0,0,0,0,0,0,0,0,,
MAS AL-HUDA,20622411,MA,SWASTA,Kec. Kelapa Dua,280334,Kab. Tangerang,280300,Prov. Banten,280000,0,0,0,0,0,0,0,0,,
MAS HASANUSSHOLIHAT,20622410,MA,SWASTA,Kec. Kelapa Dua,280334,Kab. Tangerang,280300,Prov. Banten,280000,0,0,0,0,0,0,0,0,,
MTSS AL-HUDA,20622776,MTs,SWASTA,Kec. Kelapa Dua,280334,Kab. Tangerang,280300,Prov. Banten,280000,0,0,0,0,0,0,0,0,,
MTSS AVICENNA,20622775,MTs,SWASTA,Kec. Kelapa Dua,280334,Kab. Tangerang,280300,Prov. Banten,280000,0,0,0,0,0,0,0,0,,
MTSS HASANUSSHOLIHAT,20622777,MTs,SWASTA,Kec. Kelapa Dua,280334,Kab. Tangerang,280300,Prov. Banten,280000,0,0,0,0,0,0,0,0,,
MIS MERDEKA SEKOLAH,60721241,MI,SWASTA,Kec. Kelapa Dua,280334,Kab. Tangerang,280300,Prov. Banten,280000,0,0,0,0,0,0,0,0,,
MIS MIFTAHUL FALAH,69824899,MI,SWASTA,Kec. Kelapa Dua,280334,Kab. Tangerang,280300,Prov. Banten,280000,0,0,0,0,0,0,0,0,,
MIS MIFTAHUL KHAIR,60721239,MI,SWASTA,Kec. Kelapa Dua,280334,Kab. Tangerang,280300,Prov. Banten,280000,0,0,0,0,0,0,0,0,,
MIS NURUL HIDAYAH,60721243,MI,SWASTA,Kec. Kelapa Dua,280334,Kab. Tangerang,280300,Prov. Banten,280000,0,0,0,0,0,0,0,0,,
MIS NURUL HUDA,60721240,MI,SWASTA,Kec. Kelapa Dua,280334,Kab. Tangerang,280300,Prov. Banten,280000,0,0,0,0,0,0,0,0,,
MIS NURUS SHOBAH,60721294,MI,SWASTA,Kec. Kelapa Dua,280334,Kab. Tangerang,280300,Prov. Banten,280000,0,0,0,0,0,0,0,0,,
MIS ULUL ALBAAB MADANI,60721242,MI,SWASTA,Kec. Kelapa Dua,280334,Kab. Tangerang,280300,Prov. Banten,280000,0,0,0,0,0,0,0,0,,
AL BAROKAH,69958188,RA,SWASTA,Kec. Kelapa Dua,280334,Kab. Tangerang,280300,Prov. Banten,280000,0,0,0,0,0,0,0,0,,
BAITUSSALAMAH,69898299,RA,SWASTA,Kec. Kelapa Dua,280334,Kab. Tangerang,280300,Prov. Banten,280000,0,0,0,0,0,0,0,0,,
NURUL DIYN,69898298,RA,SWASTA,Kec. Kelapa Dua,280334,Kab. Tangerang,280300,Prov. Banten,280000,0,0,0,0,0,0,0,0,,
RA AR ROF-ROF,69898341,RA,SWASTA,Kec. Kelapa Dua,280334,Kab. Tangerang,280300,Prov. Banten,280000,0,0,0,0,0,0,0,0,,
RA CEMERLANG,69750038,RA,SWASTA,Kec. Kelapa Dua,280334,Kab. Tangerang,280300,Prov. Banten,280000,0,0,0,0,0,0,0,0,,
RA INSAN CENDEKIA,69898340,RA,SWASTA,Kec. Kelapa Dua,280334,Kab. Tangerang,280300,Prov. Banten,280000,0,0,0,0,0,0,0,0,,
RA NURUL JANNAH,69898301,RA,SWASTA,Kec. Kelapa Dua,280334,Kab. Tangerang,280300,Prov. Banten,280000,0,0,0,0,0,0,0,0,,
RA/BA/TA AL INAYAH,69750037,RA,SWASTA,Kec. Kelapa Dua,280334,Kab. Tangerang,280300,Prov. Banten,280000,0,0,0,0,0,0,0,0,,
MA DAARUL MANNAN,70052341,MA,SWASTA,Kec. Rajeg,280317,Kab. Tangerang,280300,Prov. Banten,280000,0,0,0,0,0,0,0,0,,
MAS AL ITTIHADUL MUBAROK,20622432,MA,SWASTA,Kec. Rajeg,280317,Kab. Tangerang,280300,Prov. Banten,280000,0,0,0,0,0,0,0,0,,
AL AMIN,69898348,RA,SWASTA,Kec. Rajeg,280317,Kab. Tangerang,280300,Prov. Banten,280000,0,0,0,0,0,0,0,0,,
AL INAYAH,69898327,RA,SWASTA,Kec. Rajeg,280317,Kab. Tangerang,280300,Prov. Banten,280000,0,0,0,0,0,0,0,0,,
AL KAMIL,69898329,RA,SWASTA,Kec. Rajeg,280317,Kab. Tangerang,280300,Prov. Banten,280000,0,0,0,0,0,0,0,0,,
AL KAUTSAR,69898330,RA,SWASTA,Kec. Rajeg,280317,Kab. Tangerang,280300,Prov. Banten,280000,0,0,0,0,0,0,0,0,,
AN NUUR,69898328,RA,SWASTA,Kec. Rajeg,280317,Kab. Tangerang,280300,Prov. Banten,280000,0,0,0,0,0,0,0,0,,
AR RAFAH,69898325,RA,SWASTA,Kec. Rajeg,280317,Kab. Tangerang,280300,Prov. Banten,280000,0,0,0,0,0,0,0,0,,
AS SYIFA,69898332,RA,SWASTA,Kec. Rajeg,280317,Kab. Tangerang,280300,Prov. Banten,280000,0,0,0,0,0,0,0,0,,
BANI YAHYA SOLEMAN,69898323,RA,SWASTA,Kec. Rajeg,280317,Kab. Tangerang,280300,Prov. Banten,280000,0,0,0,0,0,0,0,0,,
MANBAUL ULUM,69898326,RA,SWASTA,Kec. Rajeg,280317,Kab. Tangerang,280300,Prov. Banten,280000,0,0,0,0,0,0,0,0,,
PERINTIS AL MUTTAQIIN,69898324,RA,SWASTA,Kec. Rajeg,280317,Kab. Tangerang,280300,Prov. Banten,280000,0,0,0,0,0,0,0,0,,
RA AL FATIHAH,69750045,RA,SWASTA,Kec. Rajeg,280317,Kab. Tangerang,280300,Prov. Banten,280000,0,0,0,0,0,0,0,0,,
RA AULIA,69898286,RA,SWASTA,Kec. Rajeg,280317,Kab. Tangerang,280300,Prov. Banten,280000,0,0,0,0,0,0,0,0,,
RA BANI SARIAN,69854687,RA,SWASTA,Kec. Rajeg,280317,Kab. Tangerang,280300,Prov. Banten,280000,0,0,0,0,0,0,0,0,,
RA CILONGOK,70042887,RA,SWASTA,Kec. Rajeg,280317,Kab. Tangerang,280300,Prov. Banten,280000,0,0,0,0,0,0,0,0,,
RA/BA/TA AL-MUHSININ,69750044,RA,SWASTA,Kec. Rajeg,280317,Kab. Tangerang,280300,Prov. Banten,280000,0,0,0,0,0,0,0,0,,
MIS AL MAULIDA,70007045,MI,SWASTA,Kec. Rajeg,280317,Kab. Tangerang,280300,Prov. Banten,280000,0,0,0,0,0,0,0,0,,
MIS AL-BURHANIYAH,60721313,MI,SWASTA,Kec. Rajeg,280317,Kab. Tangerang,280300,Prov. Banten,280000,0,0,0,0,0,0,0,0,,
MIS AL-FALAHIYYAH RAJEG,60721317,MI,SWASTA,Kec. Rajeg,280317,Kab. Tangerang,280300,Prov. Banten,280000,0,0,0,0,0,0,0,0,,
MIS AL-FALAHIYYAH SUKAMANAH,60721314,MI,SWASTA,Kec. Rajeg,280317,Kab. Tangerang,280300,Prov. Banten,280000,0,0,0,0,0,0,0,0,,
MIS AL-FALAHIYYAH SUKATANI,60721312,MI,SWASTA,Kec. Rajeg,280317,Kab. Tangerang,280300,Prov. Banten,280000,0,0,0,0,0,0,0,0,,
MIS AL-FITHROTUSSALAM,60721307,MI,SWASTA,Kec. Rajeg,280317,Kab. Tangerang,280300,Prov. Banten,280000,0,0,0,0,0,0,0,0,,
MIS AL-HAFIZH,70010391,MI,SWASTA,Kec. Rajeg,280317,Kab. Tangerang,280300,Prov. Banten,280000,0,0,0,0,0,0,0,0,,
MIS AL-HASANIYAH,60721309,MI,SWASTA,Kec. Rajeg,280317,Kab. Tangerang,280300,Prov. Banten,280000,0,0,0,0,0,0,0,0,,
MIS AL-HUSNI,60721310,MI,SWASTA,Kec. Rajeg,280317,Kab. Tangerang,280300,Prov. Banten,280000,0,0,0,0,0,0,0,0,,
MIS AL-ITTIHADUL MUBAROK,60721318,MI,SWASTA,Kec. Rajeg,280317,Kab. Tangerang,280300,Prov. Banten,280000,0,0,0,0,0,0,0,0,,
MIS BAHRUL FALAH,60721305,MI,SWASTA,Kec. Rajeg,280317,Kab. Tangerang,280300,Prov. Banten,280000,0,0,0,0,0,0,0,0,,
MIS BAITUL MUTTAQIN,60721308,MI,SWASTA,Kec. Rajeg,280317,Kab. Tangerang,280300,Prov. Banten,280000,0,0,0,0,0,0,0,0,,
MIS DAARUL HIKMAH,60721319,MI,SWASTA,Kec. Rajeg,280317,Kab. Tangerang,280300,Prov. Banten,280000,0,0,0,0,0,0,0,0,,
MIS DAARUL MUMIN,60721306,MI,SWASTA,Kec. Rajeg,280317,Kab. Tangerang,280300,Prov. Banten,280000,0,0,0,0,0,0,0,0,,
MIS MATHLAUL ANWAR,60721311,MI,SWASTA,Kec. Rajeg,280317,Kab. Tangerang,280300,Prov. Banten,280000,0,0,0,0,0,0,0,0,,
MIS MIFTAHUS SHOLIHIN,60721316,MI,SWASTA,Kec. Rajeg,280317,Kab. Tangerang,280300,Prov. Banten,280000,0,0,0,0,0,0,0,0,,
MIS NURUL FALAH,60721303,MI,SWASTA,Kec. Rajeg,280317,Kab. Tangerang,280300,Prov. Banten,280000,0,0,0,0,0,0,0,0,,
MIS NURUL FALAH SARAKAN,69824935,MI,SWASTA,Kec. Rajeg,280317,Kab. Tangerang,280300,Prov. Banten,280000,0,0,0,0,0,0,0,0,,
MIS NURUL IMAN,60721315,MI,SWASTA,Kec. Rajeg,280317,Kab. Tangerang,280300,Prov. Banten,280000,0,0,0,0,0,0,0,0,,
MIS TASYWIQUTH THULAB,60721304,MI,SWASTA,Kec. Rajeg,280317,Kab. Tangerang,280300,Prov. Banten,280000,0,0,0,0,0,0,0,0,,
MTS AL FALAHIYYAH RAJEG,70058673,MTs,SWASTA,Kec. Rajeg,280317,Kab. Tangerang,280300,Prov. Banten,280000,0,0,0,0,0,0,0,0,,
MTS AL-HAFIZH RAJEG,69995066,MTs,SWASTA,Kec. Rajeg,280317,Kab. Tangerang,280300,Prov. Banten,280000,0,0,0,0,0,0,0,0,,
MTS DAARUL MANAN,69994749,MTs,SWASTA,Kec. Rajeg,280317,Kab. Tangerang,280300,Prov. Banten,280000,0,0,0,0,0,0,0,0,,
MTSN 1 TANGERANG,20622823,MTs,NEGERI,Kec. Rajeg,280317,Kab. Tangerang,280300,Prov. Banten,280000,0,0,0,0,0,0,0,0,,
MTSS AL FALAHIYAH SUKAMANAH,60729840,MTs,SWASTA,Kec. Rajeg,280317,Kab. Tangerang,280300,Prov. Banten,280000,0,0,0,0,0,0,0,0,,
MTSS AL FALAHIYAH SUKATANI,60729834,MTs,SWASTA,Kec. Rajeg,280317,Kab. Tangerang,280300,Prov. Banten,280000,0,0,0,0,0,0,0,0,,
MTSS AL ITTIHADUL MUBAROK  ATM,60729841,MTs,SWASTA,Kec. Rajeg,280317,Kab. Tangerang,280300,Prov. Banten,280000,0,0,0,0,0,0,0,0,,
MTSS AL MUSTAFIYAH,60729842,MTs,SWASTA,Kec. Rajeg,280317,Kab. Tangerang,280300,Prov. Banten,280000,0,0,0,0,0,0,0,0,,
MTSS AL-MAGFIROH II,70007520,MTs,SWASTA,Kec. Rajeg,280317,Kab. Tangerang,280300,Prov. Banten,280000,0,0,0,0,0,0,0,0,,
MTSS DAARUL AMAL,60729831,MTs,SWASTA,Kec. Rajeg,280317,Kab. Tangerang,280300,Prov. Banten,280000,0,0,0,0,0,0,0,0,,
MTSS DAARUL ARCHAM,60729833,MTs,SWASTA,Kec. Rajeg,280317,Kab. Tangerang,280300,Prov. Banten,280000,0,0,0,0,0,0,0,0,,
MTSS JABAL RACHMAH,60729835,MTs,SWASTA,Kec. Rajeg,280317,Kab. Tangerang,280300,Prov. Banten,280000,0,0,0,0,0,0,0,0,,
MTSS NURUL FALAH TANJAKAN,60729836,MTs,SWASTA,Kec. Rajeg,280317,Kab. Tangerang,280300,Prov. Banten,280000,0,0,0,0,0,0,0,0,,
MTSS NURUL IMAN KAMPUNG BARU,60729837,MTs,SWASTA,Kec. Rajeg,280317,Kab. Tangerang,280300,Prov. Banten,280000,0,0,0,0,0,0,0,0,,
MTSS NURUL IMAN RAJAWALI,60729875,MTs,SWASTA,Kec. Rajeg,280317,Kab. Tangerang,280300,Prov. Banten,280000,0,0,0,0,0,0,0,0,,
MTSS TASYWIQUTH THULAB TBS,60729839,MTs,SWASTA,Kec. Rajeg,280317,Kab. Tangerang,280300,Prov. Banten,280000,0,0,0,0,0,0,0,0,,
MTSS YAPINUR,60729654,MTs,SWASTA,Kec. Rajeg,280317,Kab. Tangerang,280300,Prov. Banten,280000,0,0,0,0,0,0,0,0,,
RAUDLATUL ULUM,69955997,MTs,SWASTA,Kec. Rajeg,280317,Kab. Tangerang,280300,Prov. Banten,280000,0,0,0,0,0,0,0,0,,
MAN 1 TANGERANG,20622445,MA,NEGERI,Kec. Tiga raksa,280302,Kab. Tangerang,280300,Prov. Banten,280000,0,0,0,0,0,0,0,0,,
MAS DAAR EL HIKAM,20622447,MA,SWASTA,Kec. Tiga raksa,280302,Kab. Tangerang,280300,Prov. Banten,280000,0,0,0,0,0,0,0,0,,
MAS MIFTAHUL HUDA,20622446,MA,SWASTA,Kec. Tiga raksa,280302,Kab. Tangerang,280300,Prov. Banten,280000,0,0,0,0,0,0,0,0,,
AL - MUKARROMAH,69898355,RA,SWASTA,Kec. Tiga raksa,280302,Kab. Tangerang,280300,Prov. Banten,280000,0,0,0,0,0,0,0,0,,
AL-IZZATI,69898354,RA,SWASTA,Kec. Tiga raksa,280302,Kab. Tangerang,280300,Prov. Banten,280000,0,0,0,0,0,0,0,0,,
AR-RAHMAN,69898356,RA,SWASTA,Kec. Tiga raksa,280302,Kab. Tangerang,280300,Prov. Banten,280000,0,0,0,0,0,0,0,0,,
RA AL - MUFIDAH,69888362,RA,SWASTA,Kec. Tiga raksa,280302,Kab. Tangerang,280300,Prov. Banten,280000,0,0,0,0,0,0,0,0,,
RA AL DZUBYAN,69888961,RA,SWASTA,Kec. Tiga raksa,280302,Kab. Tangerang,280300,Prov. Banten,280000,0,0,0,0,0,0,0,0,,
RA AL FATIN,69888960,RA,SWASTA,Kec. Tiga raksa,280302,Kab. Tangerang,280300,Prov. Banten,280000,0,0,0,0,0,0,0,0,,
RA AL- HASANIYAH,69888964,RA,SWASTA,Kec. Tiga raksa,280302,Kab. Tangerang,280300,Prov. Banten,280000,0,0,0,0,0,0,0,0,,
RA AL-IHSAN,69888959,RA,SWASTA,Kec. Tiga raksa,280302,Kab. Tangerang,280300,Prov. Banten,280000,0,0,0,0,0,0,0,0,,
RA AR-RAHMAN,69977979,RA,SWASTA,Kec. Tiga raksa,280302,Kab. Tangerang,280300,Prov. Banten,280000,0,0,0,0,0,0,0,0,,
RA BANI THAHIR,69888962,RA,SWASTA,Kec. Tiga raksa,280302,Kab. Tangerang,280300,Prov. Banten,280000,0,0,0,0,0,0,0,0,,
RA DAARUL ULYA,69888363,RA,SWASTA,Kec. Tiga raksa,280302,Kab. Tangerang,280300,Prov. Banten,280000,0,0,0,0,0,0,0,0,,
RA RIYADUSSALAM,69888361,RA,SWASTA,Kec. Tiga raksa,280302,Kab. Tangerang,280300,Prov. Banten,280000,0,0,0,0,0,0,0,0,,
RA SALSABILLA,69941197,RA,SWASTA,Kec. Tiga raksa,280302,Kab. Tangerang,280300,Prov. Banten,280000,0,0,0,0,0,0,0,0,,
RA SHALAHUDDIN AL AYYUBI,69888953,RA,SWASTA,Kec. Tiga raksa,280302,Kab. Tangerang,280300,Prov. Banten,280000,0,0,0,0,0,0,0,0,,
RA YABIKA,69888950,RA,SWASTA,Kec. Tiga raksa,280302,Kab. Tangerang,280300,Prov. Banten,280000,0,0,0,0,0,0,0,0,,
RA. AL - HUSEIN,69887889,RA,SWASTA,Kec. Tiga raksa,280302,Kab. Tangerang,280300,Prov. Banten,280000,0,0,0,0,0,0,0,0,,
RA. AL MARWANI,69887890,RA,SWASTA,Kec. Tiga raksa,280302,Kab. Tangerang,280300,Prov. Banten,280000,0,0,0,0,0,0,0,0,,
RA. ARRIDWANIYAH,69887891,RA,SWASTA,Kec. Tiga raksa,280302,Kab. Tangerang,280300,Prov. Banten,280000,0,0,0,0,0,0,0,0,,
RA. TSABITAH,69898353,RA,SWASTA,Kec. Tiga raksa,280302,Kab. Tangerang,280300,Prov. Banten,280000,0,0,0,0,0,0,0,0,,
RAS AL BARKAH,70041804,RA,SWASTA,Kec. Tiga raksa,280302,Kab. Tangerang,280300,Prov. Banten,280000,0,0,0,0,0,0,0,0,,
BANI HUSEN PICUNG,69963427,MI,SWASTA,Kec. Tiga raksa,280302,Kab. Tangerang,280300,Prov. Banten,280000,0,0,0,0,0,0,0,0,,
MIN 2 TANGERANG,60721335,MI,NEGERI,Kec. Tiga raksa,280302,Kab. Tangerang,280300,Prov. Banten,280000,0,0,0,0,0,0,0,0,,
MIS AL - HUSNA PASIRNANGKA,60721341,MI,SWASTA,Kec. Tiga raksa,280302,Kab. Tangerang,280300,Prov. Banten,280000,0,0,0,0,0,0,0,0,,
MIS AL HUSEIN,60721340,MI,SWASTA,Kec. Tiga raksa,280302,Kab. Tangerang,280300,Prov. Banten,280000,0,0,0,0,0,0,0,0,,
MIS AL-HUSNA CISEREH,60721342,MI,SWASTA,Kec. Tiga raksa,280302,Kab. Tangerang,280300,Prov. Banten,280000,0,0,0,0,0,0,0,0,,
MIS AL-IKHLAS CISEREH,60721336,MI,SWASTA,Kec. Tiga raksa,280302,Kab. Tangerang,280300,Prov. Banten,280000,0,0,0,0,0,0,0,0,,
MIS AL-MUBAROK,60721337,MI,SWASTA,Kec. Tiga raksa,280302,Kab. Tangerang,280300,Prov. Banten,280000,0,0,0,0,0,0,0,0,,
MIS BUSTANUL AULAD,60721339,MI,SWASTA,Kec. Tiga raksa,280302,Kab. Tangerang,280300,Prov. Banten,280000,0,0,0,0,0,0,0,0,,
MIS DAARUL HIKAM,60721338,MI,SWASTA,Kec. Tiga raksa,280302,Kab. Tangerang,280300,Prov. Banten,280000,0,0,0,0,0,0,0,0,,
MIS NURUL KAROMAH,60721343,MI,SWASTA,Kec. Tiga raksa,280302,Kab. Tangerang,280300,Prov. Banten,280000,0,0,0,0,0,0,0,0,,
MTS AL-KHOERIYATUS SA`ADAH,69993207,MTs,SWASTA,Kec. Tiga raksa,280302,Kab. Tangerang,280300,Prov. Banten,280000,0,0,0,0,0,0,0,0,,
MTS BAITUL MUQODDAS,70059194,MTs,SWASTA,Kec. Tiga raksa,280302,Kab. Tangerang,280300,Prov. Banten,280000,0,0,0,0,0,0,0,0,,
MTS DAAR EL-KHAER,70046525,MTs,SWASTA,Kec. Tiga raksa,280302,Kab. Tangerang,280300,Prov. Banten,280000,0,0,0,0,0,0,0,0,,
MTSN 2 TANGERANG,20622833,MTs,NEGERI,Kec. Tiga raksa,280302,Kab. Tangerang,280300,Prov. Banten,280000,0,0,0,0,0,0,0,0,,
MTSS AL HUSNA,20622838,MTs,SWASTA,Kec. Tiga raksa,280302,Kab. Tangerang,280300,Prov. Banten,280000,0,0,0,0,0,0,0,0,,
MTSS AL-IKHLAS CISEREH,20622837,MTs,SWASTA,Kec. Tiga raksa,280302,Kab. Tangerang,280300,Prov. Banten,280000,0,0,0,0,0,0,0,0,,
MTSS DAARUL HIKAM,20622834,MTs,SWASTA,Kec. Tiga raksa,280302,Kab. Tangerang,280300,Prov. Banten,280000,0,0,0,0,0,0,0,0,,
MTSS MIFTAHUL HUDA,20622835,MTs,SWASTA,Kec. Tiga raksa,280302,Kab. Tangerang,280300,Prov. Banten,280000,0,0,0,0,0,0,0,0,,
MTSS MIFTAHUL ULUM,60729809,MTs,SWASTA,Kec. Tiga raksa,280302,Kab. Tangerang,280300,Prov. Banten,280000,0,0,0,0,0,0,0,0,,
MTSS NURUL MUTTAQIEN,20622836,MTs,SWASTA,Kec. Tiga raksa,280302,Kab. Tangerang,280300,Prov. Banten,280000,0,0,0,0,0,0,0,0,,
MAS AL HASANIYAH,60730033,MA,SWASTA,Kec. Teluk naga,280320,Kab. Tangerang,280300,Prov. Banten,280000,0,0,0,0,0,0,0,0,,
MAS AL-MARWAH,20622444,MA,SWASTA,Kec. Teluk naga,280320,Kab. Tangerang,280300,Prov. Banten,280000,0,0,0,0,0,0,0,0,,
MI BABUSSALAM,69827670,MI,SWASTA,Kec. Teluk naga,280320,Kab. Tangerang,280300,Prov. Banten,280000,0,0,0,0,0,0,0,0,,
MI ROUDLOTUL JANNAH,69827671,MI,SWASTA,Kec. Teluk naga,280320,Kab. Tangerang,280300,Prov. Banten,280000,0,0,0,0,0,0,0,0,,
MIS AL HIKMA,69824947,MI,SWASTA,Kec. Teluk naga,280320,Kab. Tangerang,280300,Prov. Banten,280000,0,0,0,0,0,0,0,0,,
MIS AL MUAWANAH,60721334,MI,SWASTA,Kec. Teluk naga,280320,Kab. Tangerang,280300,Prov. Banten,280000,0,0,0,0,0,0,0,0,,
MIS AN NAHDIYAH,60721329,MI,SWASTA,Kec. Teluk naga,280320,Kab. Tangerang,280300,Prov. Banten,280000,0,0,0,0,0,0,0,0,,
MIS DARUL HUDA,60721332,MI,SWASTA,Kec. Teluk naga,280320,Kab. Tangerang,280300,Prov. Banten,280000,0,0,0,0,0,0,0,0,,
MIS DARUL MU`MININ,69824945,MI,SWASTA,Kec. Teluk naga,280320,Kab. Tangerang,280300,Prov. Banten,280000,0,0,0,0,0,0,0,0,,
MIS HIDAYATURROHMAN,60721326,MI,SWASTA,Kec. Teluk naga,280320,Kab. Tangerang,280300,Prov. Banten,280000,0,0,0,0,0,0,0,0,,
MIS IMTAQUL UMMAH,60721330,MI,SWASTA,Kec. Teluk naga,280320,Kab. Tangerang,280300,Prov. Banten,280000,0,0,0,0,0,0,0,0,,
MIS JAMIATUL ATHFAL,60721327,MI,SWASTA,Kec. Teluk naga,280320,Kab. Tangerang,280300,Prov. Banten,280000,0,0,0,0,0,0,0,0,,
MIS JAMIYATUL MUTA`ALIMIN,69824943,MI,SWASTA,Kec. Teluk naga,280320,Kab. Tangerang,280300,Prov. Banten,280000,0,0,0,0,0,0,0,0,,
MIS MANBAUL HUDA,69824948,MI,SWASTA,Kec. Teluk naga,280320,Kab. Tangerang,280300,Prov. Banten,280000,0,0,0,0,0,0,0,0,,
MIS MATHLA`UL HUDA,69824944,MI,SWASTA,Kec. Teluk naga,280320,Kab. Tangerang,280300,Prov. Banten,280000,0,0,0,0,0,0,0,0,,
MIS MATHLAUL ULUM,60721333,MI,SWASTA,Kec. Teluk naga,280320,Kab. Tangerang,280300,Prov. Banten,280000,0,0,0,0,0,0,0,0,,
MIS NURUL ATHFAL,60721328,MI,SWASTA,Kec. Teluk naga,280320,Kab. Tangerang,280300,Prov. Banten,280000,0,0,0,0,0,0,0,0,,
MIS RAUDHOTUL HASANAH,69881947,MI,SWASTA,Kec. Teluk naga,280320,Kab. Tangerang,280300,Prov. Banten,280000,0,0,0,0,0,0,0,0,,
AL AMIN,69898342,RA,SWASTA,Kec. Teluk naga,280320,Kab. Tangerang,280300,Prov. Banten,280000,0,0,0,0,0,0,0,0,,
AL HIKMA,69898350,RA,SWASTA,Kec. Teluk naga,280320,Kab. Tangerang,280300,Prov. Banten,280000,0,0,0,0,0,0,0,0,,
BABUSSALAM,69898352,RA,SWASTA,Kec. Teluk naga,280320,Kab. Tangerang,280300,Prov. Banten,280000,0,0,0,0,0,0,0,0,,
RA AL-IHYA,69888958,RA,SWASTA,Kec. Teluk naga,280320,Kab. Tangerang,280300,Prov. Banten,280000,0,0,0,0,0,0,0,0,,
RA DAARUL RAHMAN,69888954,RA,SWASTA,Kec. Teluk naga,280320,Kab. Tangerang,280300,Prov. Banten,280000,0,0,0,0,0,0,0,0,,
RA MANBAUL HIKMAH,69888955,RA,SWASTA,Kec. Teluk naga,280320,Kab. Tangerang,280300,Prov. Banten,280000,0,0,0,0,0,0,0,0,,
RA NURUL INAYAH,69888957,RA,SWASTA,Kec. Teluk naga,280320,Kab. Tangerang,280300,Prov. Banten,280000,0,0,0,0,0,0,0,0,,
RA. HELISA,69888965,RA,SWASTA,Kec. Teluk naga,280320,Kab. Tangerang,280300,Prov. Banten,280000,0,0,0,0,0,0,0,0,,
SALSABILA,69898344,RA,SWASTA,Kec. Teluk naga,280320,Kab. Tangerang,280300,Prov. Banten,280000,0,0,0,0,0,0,0,0,,
AN-NAHDIYAH,69955998,MTs,SWASTA,Kec. Teluk naga,280320,Kab. Tangerang,280300,Prov. Banten,280000,0,0,0,0,0,0,0,0,,
MTSN 6 TANGERANG,20622832,MTs,NEGERI,Kec. Teluk naga,280320,Kab. Tangerang,280300,Prov. Banten,280000,0,0,0,0,0,0,0,0,,
MTSS AL-HASANIYAH,60729854,MTs,SWASTA,Kec. Teluk naga,280320,Kab. Tangerang,280300,Prov. Banten,280000,0,0,0,0,0,0,0,0,,
MTSS AL-MARWAH,60729855,MTs,SWASTA,Kec. Teluk naga,280320,Kab. Tangerang,280300,Prov. Banten,280000,0,0,0,0,0,0,0,0,,
MTSS BABUSSALAM,60729856,MTs,SWASTA,Kec. Teluk naga,280320,Kab. Tangerang,280300,Prov. Banten,280000,0,0,0,0,0,0,0,0,,
MTSS DARUL HUDA,60729850,MTs,SWASTA,Kec. Teluk naga,280320,Kab. Tangerang,280300,Prov. Banten,280000,0,0,0,0,0,0,0,0,,
MTSS DARUL MUMININ,60729853,MTs,SWASTA,Kec. Teluk naga,280320,Kab. Tangerang,280300,Prov. Banten,280000,0,0,0,0,0,0,0,0,,
MTSS HIDAYATURROHMAN,60729857,MTs,SWASTA,Kec. Teluk naga,280320,Kab. Tangerang,280300,Prov. Banten,280000,0,0,0,0,0,0,0,0,,
MTSS MANBAUL HUDA,60729859,MTs,SWASTA,Kec. Teluk naga,280320,Kab. Tangerang,280300,Prov. Banten,280000,0,0,0,0,0,0,0,0,,
MTSS NURUL ATHFAL,60729858,MTs,SWASTA,Kec. Teluk naga,280320,Kab. Tangerang,280300,Prov. Banten,280000,0,0,0,0,0,0,0,0,,
MI SEMERU,70024953,MI,SWASTA,Kec. Cikupa,280303,Kab. Tangerang,280300,Prov. Banten,280000,0,0,0,0,0,0,0,0,,
MIN 4 TANGERANG,60721215,MI,NEGERI,Kec. Cikupa,280303,Kab. Tangerang,280300,Prov. Banten,280000,0,0,0,0,0,0,0,0,,
MIS AL HIDAYAH BITUNG JAYA,69824885,MI,SWASTA,Kec. Cikupa,280303,Kab. Tangerang,280300,Prov. Banten,280000,0,0,0,0,0,0,0,0,,
MIS AL-HIKMAH,60721213,MI,SWASTA,Kec. Cikupa,280303,Kab. Tangerang,280300,Prov. Banten,280000,0,0,0,0,0,0,0,0,,
MIS AL-ISTIQOMAH,60721216,MI,SWASTA,Kec. Cikupa,280303,Kab. Tangerang,280300,Prov. Banten,280000,0,0,0,0,0,0,0,0,,
MIS NURUL IBAD,60721217,MI,SWASTA,Kec. Cikupa,280303,Kab. Tangerang,280300,Prov. Banten,280000,0,0,0,0,0,0,0,0,,
AR-ROSYIDIYAH,69963561,MA,SWASTA,Kec. Cikupa,280303,Kab. Tangerang,280300,Prov. Banten,280000,0,0,0,0,0,0,0,0,,
MTSS AL-HIDAYAH,20622726,MTs,SWASTA,Kec. Cikupa,280303,Kab. Tangerang,280300,Prov. Banten,280000,0,0,0,0,0,0,0,0,,
MTSS AL-ISTIQOMAH,20622724,MTs,SWASTA,Kec. Cikupa,280303,Kab. Tangerang,280300,Prov. Banten,280000,0,0,0,0,0,0,0,0,,
MTSS AL-MA`MUNIYAH,20622729,MTs,SWASTA,Kec. Cikupa,280303,Kab. Tangerang,280300,Prov. Banten,280000,0,0,0,0,0,0,0,0,,
MTSS AZZAHRO THORIQOTUL HUDA,20622728,MTs,SWASTA,Kec. Cikupa,280303,Kab. Tangerang,280300,Prov. Banten,280000,0,0,0,0,0,0,0,0,,
MTSS MIFTAHUL JANNAH,20622730,MTs,SWASTA,Kec. Cikupa,280303,Kab. Tangerang,280300,Prov. Banten,280000,0,0,0,0,0,0,0,0,,
MTSS NURUL IBAD,20622731,MTs,SWASTA,Kec. Cikupa,280303,Kab. Tangerang,280300,Prov. Banten,280000,0,0,0,0,0,0,0,0,,
MTSS NURUL ILMI CIKUPA,20622727,MTs,SWASTA,Kec. Cikupa,280303,Kab. Tangerang,280300,Prov. Banten,280000,0,0,0,0,0,0,0,0,,
MTSS SA AR ROSYIDIYAH,20622725,MTs,SWASTA,Kec. Cikupa,280303,Kab. Tangerang,280300,Prov. Banten,280000,0,0,0,0,0,0,0,0,,
DAARUL  ABROR,69898275,RA,SWASTA,Kec. Cikupa,280303,Kab. Tangerang,280300,Prov. Banten,280000,0,0,0,0,0,0,0,0,,
NURUL MILLAH,69898277,RA,SWASTA,Kec. Cikupa,280303,Kab. Tangerang,280300,Prov. Banten,280000,0,0,0,0,0,0,0,0,,
RA AL IHSAN,69941199,RA,SWASTA,Kec. Cikupa,280303,Kab. Tangerang,280300,Prov. Banten,280000,0,0,0,0,0,0,0,0,,
RA AL MUNAZIER BUNDER,70008961,RA,SWASTA,Kec. Cikupa,280303,Kab. Tangerang,280300,Prov. Banten,280000,0,0,0,0,0,0,0,0,,
RA AR RASYID,70058936,RA,SWASTA,Kec. Cikupa,280303,Kab. Tangerang,280300,Prov. Banten,280000,0,0,0,0,0,0,0,0,,
RA AZ ZAHRA,69755364,RA,SWASTA,Kec. Cikupa,280303,Kab. Tangerang,280300,Prov. Banten,280000,0,0,0,0,0,0,0,0,,
RA MIFTAHUSSAÁDAH,69941198,RA,SWASTA,Kec. Cikupa,280303,Kab. Tangerang,280300,Prov. Banten,280000,0,0,0,0,0,0,0,0,,
RA NURUDDZULAM,69756208,RA,SWASTA,Kec. Cikupa,280303,Kab. Tangerang,280300,Prov. Banten,280000,0,0,0,0,0,0,0,0,,
RA. ADZKIA,69887862,RA,SWASTA,Kec. Cikupa,280303,Kab. Tangerang,280300,Prov. Banten,280000,0,0,0,0,0,0,0,0,,
RA. AL HUSNAINI,69887872,RA,SWASTA,Kec. Cikupa,280303,Kab. Tangerang,280300,Prov. Banten,280000,0,0,0,0,0,0,0,0,,
RA. AL JAUHAR,69887869,RA,SWASTA,Kec. Cikupa,280303,Kab. Tangerang,280300,Prov. Banten,280000,0,0,0,0,0,0,0,0,,
RA. AL-FIRDAUS,69887885,RA,SWASTA,Kec. Cikupa,280303,Kab. Tangerang,280300,Prov. Banten,280000,0,0,0,0,0,0,0,0,,
RA. AL-JABBAR,69887882,RA,SWASTA,Kec. Cikupa,280303,Kab. Tangerang,280300,Prov. Banten,280000,0,0,0,0,0,0,0,0,,
RA. AL-MUAWWANAH,69887884,RA,SWASTA,Kec. Cikupa,280303,Kab. Tangerang,280300,Prov. Banten,280000,0,0,0,0,0,0,0,0,,
RA. AN-NUUR,69887879,RA,SWASTA,Kec. Cikupa,280303,Kab. Tangerang,280300,Prov. Banten,280000,0,0,0,0,0,0,0,0,,
RA. AS SALAAMAH,69887888,RA,SWASTA,Kec. Cikupa,280303,Kab. Tangerang,280300,Prov. Banten,280000,0,0,0,0,0,0,0,0,,
RA. ASMAUL HUSNA,69887870,RA,SWASTA,Kec. Cikupa,280303,Kab. Tangerang,280300,Prov. Banten,280000,0,0,0,0,0,0,0,0,,
RA. AZ-ZAHRATUL JANNAH,69887878,RA,SWASTA,Kec. Cikupa,280303,Kab. Tangerang,280300,Prov. Banten,280000,0,0,0,0,0,0,0,0,,
RA. AZZAHRO THORIQOTUL HUDA,69885466,RA,SWASTA,Kec. Cikupa,280303,Kab. Tangerang,280300,Prov. Banten,280000,0,0,0,0,0,0,0,0,,
RA. DARUL HIKMAH,69887867,RA,SWASTA,Kec. Cikupa,280303,Kab. Tangerang,280300,Prov. Banten,280000,0,0,0,0,0,0,0,0,,
RA. IHSAN AL FARIQ,69887876,RA,SWASTA,Kec. Cikupa,280303,Kab. Tangerang,280300,Prov. Banten,280000,0,0,0,0,0,0,0,0,,
RA. INSAN KAMIL,69885467,RA,SWASTA,Kec. Cikupa,280303,Kab. Tangerang,280300,Prov. Banten,280000,0,0,0,0,0,0,0,0,,
RA. LAA TAHZAN,69887883,RA,SWASTA,Kec. Cikupa,280303,Kab. Tangerang,280300,Prov. Banten,280000,0,0,0,0,0,0,0,0,,
RA. MIFTAHUL JANNAH,69885465,RA,SWASTA,Kec. Cikupa,280303,Kab. Tangerang,280300,Prov. Banten,280000,0,0,0,0,0,0,0,0,,
RA. MUHAJIRIN,69887875,RA,SWASTA,Kec. Cikupa,280303,Kab. Tangerang,280300,Prov. Banten,280000,0,0,0,0,0,0,0,0,,
RA. NUR ATTAQWA,69887863,RA,SWASTA,Kec. Cikupa,280303,Kab. Tangerang,280300,Prov. Banten,280000,0,0,0,0,0,0,0,0,,
RA. NURUL FALAH,69887864,RA,SWASTA,Kec. Cikupa,280303,Kab. Tangerang,280300,Prov. Banten,280000,0,0,0,0,0,0,0,0,,
RA. NURUL FALAHIYAH,69887868,RA,SWASTA,Kec. Cikupa,280303,Kab. Tangerang,280300,Prov. Banten,280000,0,0,0,0,0,0,0,0,,
RA. NURUL HIDAYAH,69887873,RA,SWASTA,Kec. Cikupa,280303,Kab. Tangerang,280300,Prov. Banten,280000,0,0,0,0,0,0,0,0,,
RA. NURUL HUDA,69887880,RA,SWASTA,Kec. Cikupa,280303,Kab. Tangerang,280300,Prov. Banten,280000,0,0,0,0,0,0,0,0,,
RA. NURUL IMAN,69887865,RA,SWASTA,Kec. Cikupa,280303,Kab. Tangerang,280300,Prov. Banten,280000,0,0,0,0,0,0,0,0,,
RA. NURUL ISLAM,69887881,RA,SWASTA,Kec. Cikupa,280303,Kab. Tangerang,280300,Prov. Banten,280000,0,0,0,0,0,0,0,0,,
RA. NURUL KHOIR,69887866,RA,SWASTA,Kec. Cikupa,280303,Kab. Tangerang,280300,Prov. Banten,280000,0,0,0,0,0,0,0,0,,
RA. PERMATA NUSANTARA,69887874,RA,SWASTA,Kec. Cikupa,280303,Kab. Tangerang,280300,Prov. Banten,280000,0,0,0,0,0,0,0,0,,
RA. ROUDOTUSSALBIYAH,69887877,RA,SWASTA,Kec. Cikupa,280303,Kab. Tangerang,280300,Prov. Banten,280000,0,0,0,0,0,0,0,0,,
RA. SALSABILA,69887871,RA,SWASTA,Kec. Cikupa,280303,Kab. Tangerang,280300,Prov. Banten,280000,0,0,0,0,0,0,0,0,,
RA. TARBIYATUL FAIZIN,69887886,RA,SWASTA,Kec. Cikupa,280303,Kab. Tangerang,280300,Prov. Banten,280000,0,0,0,0,0,0,0,0,,
RA. ZAKIYAH,69887887,RA,SWASTA,Kec. Cikupa,280303,Kab. Tangerang,280300,Prov. Banten,280000,0,0,0,0,0,0,0,0,,
BINA IHSANI,69898287,RA,SWASTA,Kec. Curug,280305,Kab. Tangerang,280300,Prov. Banten,280000,0,0,0,0,0,0,0,0,,
ESA NUSA ISLAMIC SCHOOL,69898291,RA,SWASTA,Kec. Curug,280305,Kab. Tangerang,280300,Prov. Banten,280000,0,0,0,0,0,0,0,0,,
MIFTAHUL ULUM,69898292,RA,SWASTA,Kec. Curug,280305,Kab. Tangerang,280300,Prov. Banten,280000,0,0,0,0,0,0,0,0,,
RA AL LAYYINAH,69753377,RA,SWASTA,Kec. Curug,280305,Kab. Tangerang,280300,Prov. Banten,280000,0,0,0,0,0,0,0,0,,
RA AL RAIS PEUSAR,70014285,RA,SWASTA,Kec. Curug,280305,Kab. Tangerang,280300,Prov. Banten,280000,0,0,0,0,0,0,0,0,,
RA AMALIA,69941200,RA,SWASTA,Kec. Curug,280305,Kab. Tangerang,280300,Prov. Banten,280000,0,0,0,0,0,0,0,0,,
RA ASS SALAMAH,69750033,RA,SWASTA,Kec. Curug,280305,Kab. Tangerang,280300,Prov. Banten,280000,0,0,0,0,0,0,0,0,,
RA BAITUS SAADAH,69753348,RA,SWASTA,Kec. Curug,280305,Kab. Tangerang,280300,Prov. Banten,280000,0,0,0,0,0,0,0,0,,
RA ISLAM TERPADU AL MUROQOBAH,70014214,RA,SWASTA,Kec. Curug,280305,Kab. Tangerang,280300,Prov. Banten,280000,0,0,0,0,0,0,0,0,,
RA.  AS SALAM,69750036,RA,SWASTA,Kec. Curug,280305,Kab. Tangerang,280300,Prov. Banten,280000,0,0,0,0,0,0,0,0,,
RA. AL AMANAH,69885468,RA,SWASTA,Kec. Curug,280305,Kab. Tangerang,280300,Prov. Banten,280000,0,0,0,0,0,0,0,0,,
RA. AL JIHAD,69885470,RA,SWASTA,Kec. Curug,280305,Kab. Tangerang,280300,Prov. Banten,280000,0,0,0,0,0,0,0,0,,
RA. AL-BARKAH,69885473,RA,SWASTA,Kec. Curug,280305,Kab. Tangerang,280300,Prov. Banten,280000,0,0,0,0,0,0,0,0,,
RA. AN NAJAH,69750035,RA,SWASTA,Kec. Curug,280305,Kab. Tangerang,280300,Prov. Banten,280000,0,0,0,0,0,0,0,0,,
RA. AN NIDA,69885469,RA,SWASTA,Kec. Curug,280305,Kab. Tangerang,280300,Prov. Banten,280000,0,0,0,0,0,0,0,0,,
RA. BANI AMIR,69885475,RA,SWASTA,Kec. Curug,280305,Kab. Tangerang,280300,Prov. Banten,280000,0,0,0,0,0,0,0,0,,
RA. BERUANG MADU,69898290,RA,SWASTA,Kec. Curug,280305,Kab. Tangerang,280300,Prov. Banten,280000,0,0,0,0,0,0,0,0,,
RA. DARUL HUDA,69885471,RA,SWASTA,Kec. Curug,280305,Kab. Tangerang,280300,Prov. Banten,280000,0,0,0,0,0,0,0,0,,
RA. GUSTI PURI,69885472,RA,SWASTA,Kec. Curug,280305,Kab. Tangerang,280300,Prov. Banten,280000,0,0,0,0,0,0,0,0,,
RA. MIFTAHUL AZHAR,69885477,RA,SWASTA,Kec. Curug,280305,Kab. Tangerang,280300,Prov. Banten,280000,0,0,0,0,0,0,0,0,,
RA. NURUL HUDA,69885476,RA,SWASTA,Kec. Curug,280305,Kab. Tangerang,280300,Prov. Banten,280000,0,0,0,0,0,0,0,0,,
RA. TUNAS ISLAM,69885478,RA,SWASTA,Kec. Curug,280305,Kab. Tangerang,280300,Prov. Banten,280000,0,0,0,0,0,0,0,0,,
RA. ULUL AZMI,69898289,RA,SWASTA,Kec. Curug,280305,Kab. Tangerang,280300,Prov. Banten,280000,0,0,0,0,0,0,0,0,,
ROUDHOTUS SHOLIHIN,69898288,RA,SWASTA,Kec. Curug,280305,Kab. Tangerang,280300,Prov. Banten,280000,0,0,0,0,0,0,0,0,,
MAS DAAR EL HUDA,20623411,MA,SWASTA,Kec. Curug,280305,Kab. Tangerang,280300,Prov. Banten,280000,0,0,0,0,0,0,0,0,,
MAS MIFTAHUL KHAER,20623412,MA,SWASTA,Kec. Curug,280305,Kab. Tangerang,280300,Prov. Banten,280000,0,0,0,0,0,0,0,0,,
MIN 1 TANGERANG,60721226,MI,NEGERI,Kec. Curug,280305,Kab. Tangerang,280300,Prov. Banten,280000,0,0,0,0,0,0,0,0,,
MIS AL HUSNA YPIHN,60721227,MI,SWASTA,Kec. Curug,280305,Kab. Tangerang,280300,Prov. Banten,280000,0,0,0,0,0,0,0,0,,
MIS AL MUAWANAH,60721232,MI,SWASTA,Kec. Curug,280305,Kab. Tangerang,280300,Prov. Banten,280000,0,0,0,0,0,0,0,0,,
MIS AL-HIKMAH CURUG,70006654,MI,SWASTA,Kec. Curug,280305,Kab. Tangerang,280300,Prov. Banten,280000,0,0,0,0,0,0,0,0,,
MIS AL-HUSNA KADU,60721228,MI,SWASTA,Kec. Curug,280305,Kab. Tangerang,280300,Prov. Banten,280000,0,0,0,0,0,0,0,0,,
MIS AL-LAYYINAH,60721235,MI,SWASTA,Kec. Curug,280305,Kab. Tangerang,280300,Prov. Banten,280000,0,0,0,0,0,0,0,0,,
MIS BAITUSSAADAH,60721230,MI,SWASTA,Kec. Curug,280305,Kab. Tangerang,280300,Prov. Banten,280000,0,0,0,0,0,0,0,0,,
MIS DARUL HUDA,69957780,MI,SWASTA,Kec. Curug,280305,Kab. Tangerang,280300,Prov. Banten,280000,0,0,0,0,0,0,0,0,,
MIS ESA NUSA ISLAMIC SCHOOL,69824886,MI,SWASTA,Kec. Curug,280305,Kab. Tangerang,280300,Prov. Banten,280000,0,0,0,0,0,0,0,0,,
MIS HONEY BEAR SCHOOL,69824949,MI,SWASTA,Kec. Curug,280305,Kab. Tangerang,280300,Prov. Banten,280000,0,0,0,0,0,0,0,0,,
MIS ISLAMIC GREEN SCHOOL,69824887,MI,SWASTA,Kec. Curug,280305,Kab. Tangerang,280300,Prov. Banten,280000,0,0,0,0,0,0,0,0,,
MIS MIFTAHUL KHAER SUKABAKTI,60721231,MI,SWASTA,Kec. Curug,280305,Kab. Tangerang,280300,Prov. Banten,280000,0,0,0,0,0,0,0,0,,
MIS MIFTAHUSSHIBYAN,60721229,MI,SWASTA,Kec. Curug,280305,Kab. Tangerang,280300,Prov. Banten,280000,0,0,0,0,0,0,0,0,,
MIS NURUL FALAH,60721233,MI,SWASTA,Kec. Curug,280305,Kab. Tangerang,280300,Prov. Banten,280000,0,0,0,0,0,0,0,0,,
MIS NURUL HUDA,69734196,MI,SWASTA,Kec. Curug,280305,Kab. Tangerang,280300,Prov. Banten,280000,0,0,0,0,0,0,0,0,,
MIS NURUL HUDA BABAKAN,60721234,MI,SWASTA,Kec. Curug,280305,Kab. Tangerang,280300,Prov. Banten,280000,0,0,0,0,0,0,0,0,,
MTSS AL BARKAH CURUG,20622754,MTs,SWASTA,Kec. Curug,280305,Kab. Tangerang,280300,Prov. Banten,280000,0,0,0,0,0,0,0,0,,
MTSS AL HUSNA KADU,20622753,MTs,SWASTA,Kec. Curug,280305,Kab. Tangerang,280300,Prov. Banten,280000,0,0,0,0,0,0,0,0,,
MTSS AL HUSNA YPIHN,20622749,MTs,SWASTA,Kec. Curug,280305,Kab. Tangerang,280300,Prov. Banten,280000,0,0,0,0,0,0,0,0,,
MTSS AL-HIKMAH CURUG,20622751,MTs,SWASTA,Kec. Curug,280305,Kab. Tangerang,280300,Prov. Banten,280000,0,0,0,0,0,0,0,0,,
MTSS AL-LAYYINAH,20622750,MTs,SWASTA,Kec. Curug,280305,Kab. Tangerang,280300,Prov. Banten,280000,0,0,0,0,0,0,0,0,,
MTSS AL-MUAWANAH CURUG,20622748,MTs,SWASTA,Kec. Curug,280305,Kab. Tangerang,280300,Prov. Banten,280000,0,0,0,0,0,0,0,0,,
MTSS DAAR EL GUSTI,20622752,MTs,SWASTA,Kec. Curug,280305,Kab. Tangerang,280300,Prov. Banten,280000,0,0,0,0,0,0,0,0,,
MTSS DAAR EL-HUDA,20622756,MTs,SWASTA,Kec. Curug,280305,Kab. Tangerang,280300,Prov. Banten,280000,0,0,0,0,0,0,0,0,,
MTSS ESA NUSA ISLAMIC SCHOOL,20622718,MTs,SWASTA,Kec. Curug,280305,Kab. Tangerang,280300,Prov. Banten,280000,0,0,0,0,0,0,0,0,,
MTSS MIFTAHUL KHAER,20622758,MTs,SWASTA,Kec. Curug,280305,Kab. Tangerang,280300,Prov. Banten,280000,0,0,0,0,0,0,0,0,,
MTSS NURUL HUDA BABAKAN,69816282,MTs,SWASTA,Kec. Curug,280305,Kab. Tangerang,280300,Prov. Banten,280000,0,0,0,0,0,0,0,0,,
MTSS NURUL HUDA CURUG WETAN,20622757,MTs,SWASTA,Kec. Curug,280305,Kab. Tangerang,280300,Prov. Banten,280000,0,0,0,0,0,0,0,0,,
MAS KOTA SANTRI,69815306,MA,SWASTA,Kec. Pakuhaji,280319,Kab. Tangerang,280300,Prov. Banten,280000,0,0,0,0,0,0,0,0,,
MAS NURUL ISLAM,20622430,MA,SWASTA,Kec. Pakuhaji,280319,Kab. Tangerang,280300,Prov. Banten,280000,0,0,0,0,0,0,0,0,,
MAS NURUSSA`ADAH,20622429,MA,SWASTA,Kec. Pakuhaji,280319,Kab. Tangerang,280300,Prov. Banten,280000,0,0,0,0,0,0,0,0,,
BANI SYA I,69963340,RA,SWASTA,Kec. Pakuhaji,280319,Kab. Tangerang,280300,Prov. Banten,280000,0,0,0,0,0,0,0,0,,
RA AL GINA,70058767,RA,SWASTA,Kec. Pakuhaji,280319,Kab. Tangerang,280300,Prov. Banten,280000,0,0,0,0,0,0,0,0,,
RA AL-KHAERIYAH,69753366,RA,SWASTA,Kec. Pakuhaji,280319,Kab. Tangerang,280300,Prov. Banten,280000,0,0,0,0,0,0,0,0,,
RA BUSTANUL WILDAN,69753369,RA,SWASTA,Kec. Pakuhaji,280319,Kab. Tangerang,280300,Prov. Banten,280000,0,0,0,0,0,0,0,0,,
RA DAAR EL IQRO LAKSANA,70014314,RA,SWASTA,Kec. Pakuhaji,280319,Kab. Tangerang,280300,Prov. Banten,280000,0,0,0,0,0,0,0,0,,
RA HIDAYATUL MURTAPIAH,69753378,RA,SWASTA,Kec. Pakuhaji,280319,Kab. Tangerang,280300,Prov. Banten,280000,0,0,0,0,0,0,0,0,,
RA NURUL ISLAM,69753368,RA,SWASTA,Kec. Pakuhaji,280319,Kab. Tangerang,280300,Prov. Banten,280000,0,0,0,0,0,0,0,0,,
RA NURUL JUNAEDIYAH,70026022,RA,SWASTA,Kec. Pakuhaji,280319,Kab. Tangerang,280300,Prov. Banten,280000,0,0,0,0,0,0,0,0,,
RA RAIHAN,69753386,RA,SWASTA,Kec. Pakuhaji,280319,Kab. Tangerang,280300,Prov. Banten,280000,0,0,0,0,0,0,0,0,,
MI AL FIYAH,70030372,MI,SWASTA,Kec. Pakuhaji,280319,Kab. Tangerang,280300,Prov. Banten,280000,0,0,0,0,0,0,0,0,,
MIS AL ASYIROTUL KHAERIYAH,69753856,MI,SWASTA,Kec. Pakuhaji,280319,Kab. Tangerang,280300,Prov. Banten,280000,0,0,0,0,0,0,0,0,,
MIS AL BASYIRIYAH,69753879,MI,SWASTA,Kec. Pakuhaji,280319,Kab. Tangerang,280300,Prov. Banten,280000,0,0,0,0,0,0,0,0,,
MIS AL GINA,69753862,MI,SWASTA,Kec. Pakuhaji,280319,Kab. Tangerang,280300,Prov. Banten,280000,0,0,0,0,0,0,0,0,,
MIS AL KHAIRIYAH,69753870,MI,SWASTA,Kec. Pakuhaji,280319,Kab. Tangerang,280300,Prov. Banten,280000,0,0,0,0,0,0,0,0,,
MIS AL MUJANNAH,69753877,MI,SWASTA,Kec. Pakuhaji,280319,Kab. Tangerang,280300,Prov. Banten,280000,0,0,0,0,0,0,0,0,,
MIS AL MUKARROMAH,69754684,MI,SWASTA,Kec. Pakuhaji,280319,Kab. Tangerang,280300,Prov. Banten,280000,0,0,0,0,0,0,0,0,,
MIS AL-MANAR,69753868,MI,SWASTA,Kec. Pakuhaji,280319,Kab. Tangerang,280300,Prov. Banten,280000,0,0,0,0,0,0,0,0,,
MIS BUSTANUL WILDAN,70006551,MI,SWASTA,Kec. Pakuhaji,280319,Kab. Tangerang,280300,Prov. Banten,280000,0,0,0,0,0,0,0,0,,
MIS DARUL FUKORO WM,69753869,MI,SWASTA,Kec. Pakuhaji,280319,Kab. Tangerang,280300,Prov. Banten,280000,0,0,0,0,0,0,0,0,,
MIS DARUSSALAM,69753872,MI,SWASTA,Kec. Pakuhaji,280319,Kab. Tangerang,280300,Prov. Banten,280000,0,0,0,0,0,0,0,0,,
MIS NURUL AKBAR,69753864,MI,SWASTA,Kec. Pakuhaji,280319,Kab. Tangerang,280300,Prov. Banten,280000,0,0,0,0,0,0,0,0,,
MIS NURUL HIDAYAH,69753866,MI,SWASTA,Kec. Pakuhaji,280319,Kab. Tangerang,280300,Prov. Banten,280000,0,0,0,0,0,0,0,0,,
MIS NURUL HUDA,69753874,MI,SWASTA,Kec. Pakuhaji,280319,Kab. Tangerang,280300,Prov. Banten,280000,0,0,0,0,0,0,0,0,,
MIS NURUL ISLAM,69753859,MI,SWASTA,Kec. Pakuhaji,280319,Kab. Tangerang,280300,Prov. Banten,280000,0,0,0,0,0,0,0,0,,
MIS NURUSSAADAH 1,69753858,MI,SWASTA,Kec. Pakuhaji,280319,Kab. Tangerang,280300,Prov. Banten,280000,0,0,0,0,0,0,0,0,,
MIS QURROTULAIN RASAMIAH,69901985,MI,SWASTA,Kec. Pakuhaji,280319,Kab. Tangerang,280300,Prov. Banten,280000,0,0,0,0,0,0,0,0,,
MIS RAUDHATUL IRFAN LAKSANA,69753875,MI,SWASTA,Kec. Pakuhaji,280319,Kab. Tangerang,280300,Prov. Banten,280000,0,0,0,0,0,0,0,0,,
MIS RAUDLATUL IRFAN HASANIYAH,69753861,MI,SWASTA,Kec. Pakuhaji,280319,Kab. Tangerang,280300,Prov. Banten,280000,0,0,0,0,0,0,0,0,,
MIS SIROJUL ULUM,69753876,MI,SWASTA,Kec. Pakuhaji,280319,Kab. Tangerang,280300,Prov. Banten,280000,0,0,0,0,0,0,0,0,,
MTSS AL-ASYIROTUL KHAERIYAH,60729863,MTs,SWASTA,Kec. Pakuhaji,280319,Kab. Tangerang,280300,Prov. Banten,280000,0,0,0,0,0,0,0,0,,
MTSS AL-MANAR,60729865,MTs,SWASTA,Kec. Pakuhaji,280319,Kab. Tangerang,280300,Prov. Banten,280000,0,0,0,0,0,0,0,0,,
MTSS NURUL AKBAR,60729860,MTs,SWASTA,Kec. Pakuhaji,280319,Kab. Tangerang,280300,Prov. Banten,280000,0,0,0,0,0,0,0,0,,
MTSS NURUL ISLAM RAWA KIDANG,60729798,MTs,SWASTA,Kec. Pakuhaji,280319,Kab. Tangerang,280300,Prov. Banten,280000,0,0,0,0,0,0,0,0,,
MTSS NURUSSAADAH,60729864,MTs,SWASTA,Kec. Pakuhaji,280319,Kab. Tangerang,280300,Prov. Banten,280000,0,0,0,0,0,0,0,0,,
MTSS RAUDLATUL IRFAN HASANIYAH,60729866,MTs,SWASTA,Kec. Pakuhaji,280319,Kab. Tangerang,280300,Prov. Banten,280000,0,0,0,0,0,0,0,0,,
MTSS SIROJUL ULUM,60729861,MTs,SWASTA,Kec. Pakuhaji,280319,Kab. Tangerang,280300,Prov. Banten,280000,0,0,0,0,0,0,0,0,,
RA AL-MAYANTI,69993445,RA,SWASTA,Kec. Cisoka,280301,Kab. Tangerang,280300,Prov. Banten,280000,0,0,0,0,0,0,0,0,,
RA AZZAHRA PESONA,70042176,RA,SWASTA,Kec. Cisoka,280301,Kab. Tangerang,280300,Prov. Banten,280000,0,0,0,0,0,0,0,0,,
RA INSAN AZKIYA,69993455,RA,SWASTA,Kec. Cisoka,280301,Kab. Tangerang,280300,Prov. Banten,280000,0,0,0,0,0,0,0,0,,
RA. AL  MUAWWANAH,69898283,RA,SWASTA,Kec. Cisoka,280301,Kab. Tangerang,280300,Prov. Banten,280000,0,0,0,0,0,0,0,0,,
RA. AL-MAHWA,69898284,RA,SWASTA,Kec. Cisoka,280301,Kab. Tangerang,280300,Prov. Banten,280000,0,0,0,0,0,0,0,0,,
RA. ASMAUL HUSNA,69898285,RA,SWASTA,Kec. Cisoka,280301,Kab. Tangerang,280300,Prov. Banten,280000,0,0,0,0,0,0,0,0,,
RA. TARBIYYAH AR ROBBANIYAH,69898282,RA,SWASTA,Kec. Cisoka,280301,Kab. Tangerang,280300,Prov. Banten,280000,0,0,0,0,0,0,0,0,,
MA AL - HUSNA,69993447,MA,SWASTA,Kec. Cisoka,280301,Kab. Tangerang,280300,Prov. Banten,280000,0,0,0,0,0,0,0,0,,
MA DARUL UMMAH,70061764,MA,SWASTA,Kec. Cisoka,280301,Kab. Tangerang,280300,Prov. Banten,280000,0,0,0,0,0,0,0,0,,
MAS ARROHMAH,20622402,MA,SWASTA,Kec. Cisoka,280301,Kab. Tangerang,280300,Prov. Banten,280000,0,0,0,0,0,0,0,0,,
MAS DAARUL FALAHIYYAH,10264812,MA,SWASTA,Kec. Cisoka,280301,Kab. Tangerang,280300,Prov. Banten,280000,0,0,0,0,0,0,0,0,,
MAS DARUSSALAM,20623410,MA,SWASTA,Kec. Cisoka,280301,Kab. Tangerang,280300,Prov. Banten,280000,0,0,0,0,0,0,0,0,,
MAS FATHURROBBAANIY,20622405,MA,SWASTA,Kec. Cisoka,280301,Kab. Tangerang,280300,Prov. Banten,280000,0,0,0,0,0,0,0,0,,
MAS SYEKH MUBAROK,20622403,MA,SWASTA,Kec. Cisoka,280301,Kab. Tangerang,280300,Prov. Banten,280000,0,0,0,0,0,0,0,0,,
MI INSAN AZKIYA,70014196,MI,SWASTA,Kec. Cisoka,280301,Kab. Tangerang,280300,Prov. Banten,280000,0,0,0,0,0,0,0,0,,
MIS AL-HABIBAH JEUNGJING,60721225,MI,SWASTA,Kec. Cisoka,280301,Kab. Tangerang,280300,Prov. Banten,280000,0,0,0,0,0,0,0,0,,
MIS AL-HASANAH CISOKA,69932026,MI,SWASTA,Kec. Cisoka,280301,Kab. Tangerang,280300,Prov. Banten,280000,0,0,0,0,0,0,0,0,,
MIS AL-HUSNA CARINGIN,60721223,MI,SWASTA,Kec. Cisoka,280301,Kab. Tangerang,280300,Prov. Banten,280000,0,0,0,0,0,0,0,0,,
MIS AL-KHAERIYAH BOJONG LOA,60721221,MI,SWASTA,Kec. Cisoka,280301,Kab. Tangerang,280300,Prov. Banten,280000,0,0,0,0,0,0,0,0,,
MIS FATHURROBBAANIY CISOKA,60721224,MI,SWASTA,Kec. Cisoka,280301,Kab. Tangerang,280300,Prov. Banten,280000,0,0,0,0,0,0,0,0,,
MIS NURUL FALAH CARENANG,60721220,MI,SWASTA,Kec. Cisoka,280301,Kab. Tangerang,280300,Prov. Banten,280000,0,0,0,0,0,0,0,0,,
MIS RIYADHUL MUTTAQIN,60721222,MI,SWASTA,Kec. Cisoka,280301,Kab. Tangerang,280300,Prov. Banten,280000,0,0,0,0,0,0,0,0,,
MIS SYEKH MUBAROK,69726144,MI,SWASTA,Kec. Cisoka,280301,Kab. Tangerang,280300,Prov. Banten,280000,0,0,0,0,0,0,0,0,,
MTS AL-BASSORIYAH,69993454,MTs,SWASTA,Kec. Cisoka,280301,Kab. Tangerang,280300,Prov. Banten,280000,0,0,0,0,0,0,0,0,,
MTS LA TAHZAN,60728760,MTs,SWASTA,Kec. Cisoka,280301,Kab. Tangerang,280300,Prov. Banten,280000,0,0,0,0,0,0,0,0,,
MTSS AR-ROHMAH,20622740,MTs,SWASTA,Kec. Cisoka,280301,Kab. Tangerang,280300,Prov. Banten,280000,0,0,0,0,0,0,0,0,,
MTSS ASMAUL HUSNA,20622745,MTs,SWASTA,Kec. Cisoka,280301,Kab. Tangerang,280300,Prov. Banten,280000,0,0,0,0,0,0,0,0,,
MTSS DAAR EL ROHMAH,60729807,MTs,SWASTA,Kec. Cisoka,280301,Kab. Tangerang,280300,Prov. Banten,280000,0,0,0,0,0,0,0,0,,
MTSS DAARUL FALAHIYYAH,20622742,MTs,SWASTA,Kec. Cisoka,280301,Kab. Tangerang,280300,Prov. Banten,280000,0,0,0,0,0,0,0,0,,
MTSS DARUSSALAM,20622744,MTs,SWASTA,Kec. Cisoka,280301,Kab. Tangerang,280300,Prov. Banten,280000,0,0,0,0,0,0,0,0,,
MTSS FATHURROBBAANIY,20622747,MTs,SWASTA,Kec. Cisoka,280301,Kab. Tangerang,280300,Prov. Banten,280000,0,0,0,0,0,0,0,0,,
MTSS MATHLAUL FALAH,20622746,MTs,SWASTA,Kec. Cisoka,280301,Kab. Tangerang,280300,Prov. Banten,280000,0,0,0,0,0,0,0,0,,
MTSS NURUL JANNAH,20622743,MTs,SWASTA,Kec. Cisoka,280301,Kab. Tangerang,280300,Prov. Banten,280000,0,0,0,0,0,0,0,0,,
MTSS SATU ATAP AL-HUSNA,20622739,MTs,SWASTA,Kec. Cisoka,280301,Kab. Tangerang,280300,Prov. Banten,280000,0,0,0,0,0,0,0,0,,
MTSS SYEKH MUBAROK,20622741,MTs,SWASTA,Kec. Cisoka,280301,Kab. Tangerang,280300,Prov. Banten,280000,0,0,0,0,0,0,0,0,,
MAS AL MANSYURIAH KANZA,69941776,MA,SWASTA,Kec. Sepatan,280318,Kab. Tangerang,280300,Prov. Banten,280000,0,0,0,0,0,0,0,0,,
MAS AL MANSYURIYAH,20622437,MA,SWASTA,Kec. Sepatan,280318,Kab. Tangerang,280300,Prov. Banten,280000,0,0,0,0,0,0,0,0,,
MAS DAARUL MUTTAQIEN,20622435,MA,SWASTA,Kec. Sepatan,280318,Kab. Tangerang,280300,Prov. Banten,280000,0,0,0,0,0,0,0,0,,
MAS NURUL FALAH CADAS,20622436,MA,SWASTA,Kec. Sepatan,280318,Kab. Tangerang,280300,Prov. Banten,280000,0,0,0,0,0,0,0,0,,
MAS NURUL FALAH SEPATAN,20622434,MA,SWASTA,Kec. Sepatan,280318,Kab. Tangerang,280300,Prov. Banten,280000,0,0,0,0,0,0,0,0,,
MAS SEPATAN,20622433,MA,SWASTA,Kec. Sepatan,280318,Kab. Tangerang,280300,Prov. Banten,280000,0,0,0,0,0,0,0,0,,
RA AL KHADIJAH,69992130,RA,SWASTA,Kec. Sepatan,280318,Kab. Tangerang,280300,Prov. Banten,280000,0,0,0,0,0,0,0,0,,
RA AL-IHSAN,69753376,RA,SWASTA,Kec. Sepatan,280318,Kab. Tangerang,280300,Prov. Banten,280000,0,0,0,0,0,0,0,0,,
RA AL-IMAN,69753363,RA,SWASTA,Kec. Sepatan,280318,Kab. Tangerang,280300,Prov. Banten,280000,0,0,0,0,0,0,0,0,,
RA AL-ITTIHAD,69995085,RA,SWASTA,Kec. Sepatan,280318,Kab. Tangerang,280300,Prov. Banten,280000,0,0,0,0,0,0,0,0,,
RA AL-MANSYURIYAH,69753364,RA,SWASTA,Kec. Sepatan,280318,Kab. Tangerang,280300,Prov. Banten,280000,0,0,0,0,0,0,0,0,,
RA ANNAJWA,69753388,RA,SWASTA,Kec. Sepatan,280318,Kab. Tangerang,280300,Prov. Banten,280000,0,0,0,0,0,0,0,0,,
RA NURUL FALAH CADAS,69753357,RA,SWASTA,Kec. Sepatan,280318,Kab. Tangerang,280300,Prov. Banten,280000,0,0,0,0,0,0,0,0,,
RA NURUL FALAH YANFA,69753356,RA,SWASTA,Kec. Sepatan,280318,Kab. Tangerang,280300,Prov. Banten,280000,0,0,0,0,0,0,0,0,,
RA PERINTIS 1,69753361,RA,SWASTA,Kec. Sepatan,280318,Kab. Tangerang,280300,Prov. Banten,280000,0,0,0,0,0,0,0,0,,
RA RAUDHATUL ATHFAL,69753359,RA,SWASTA,Kec. Sepatan,280318,Kab. Tangerang,280300,Prov. Banten,280000,0,0,0,0,0,0,0,0,,
RA SEPATAN,69753358,RA,SWASTA,Kec. Sepatan,280318,Kab. Tangerang,280300,Prov. Banten,280000,0,0,0,0,0,0,0,0,,
RA ZAHROTUL HUDA,69753828,RA,SWASTA,Kec. Sepatan,280318,Kab. Tangerang,280300,Prov. Banten,280000,0,0,0,0,0,0,0,0,,
RA. NURURROHMAH,69885518,RA,SWASTA,Kec. Sepatan,280318,Kab. Tangerang,280300,Prov. Banten,280000,0,0,0,0,0,0,0,0,,
RA/BA/TA AN-NUR,69750046,RA,SWASTA,Kec. Sepatan,280318,Kab. Tangerang,280300,Prov. Banten,280000,0,0,0,0,0,0,0,0,,
MTS AL-MAULIDAH,70033190,MTs,SWASTA,Kec. Sepatan,280318,Kab. Tangerang,280300,Prov. Banten,280000,0,0,0,0,0,0,0,0,,
MTSS AL MANSYURIYAH,60729844,MTs,SWASTA,Kec. Sepatan,280318,Kab. Tangerang,280300,Prov. Banten,280000,0,0,0,0,0,0,0,0,,
MTSS AL-HIKMAH,20622824,MTs,SWASTA,Kec. Sepatan,280318,Kab. Tangerang,280300,Prov. Banten,280000,0,0,0,0,0,0,0,0,,
MTSS AR RAHMAN SEPATAN,70042177,MTs,SWASTA,Kec. Sepatan,280318,Kab. Tangerang,280300,Prov. Banten,280000,0,0,0,0,0,0,0,0,,
MTSS DARUL MUTAQIEN,60729848,MTs,SWASTA,Kec. Sepatan,280318,Kab. Tangerang,280300,Prov. Banten,280000,0,0,0,0,0,0,0,0,,
MTSS NURUL FALAH CADAS,60729845,MTs,SWASTA,Kec. Sepatan,280318,Kab. Tangerang,280300,Prov. Banten,280000,0,0,0,0,0,0,0,0,,
MTSS NURUL FALAH MEKAR JAYA,60729846,MTs,SWASTA,Kec. Sepatan,280318,Kab. Tangerang,280300,Prov. Banten,280000,0,0,0,0,0,0,0,0,,
MTSS SEPATAN,69725827,MTs,SWASTA,Kec. Sepatan,280318,Kab. Tangerang,280300,Prov. Banten,280000,0,0,0,0,0,0,0,0,,
MIS AL HIKMAH 2,69752287,MI,SWASTA,Kec. Sepatan,280318,Kab. Tangerang,280300,Prov. Banten,280000,0,0,0,0,0,0,0,0,,
MIS AL HIKMAH I,69752476,MI,SWASTA,Kec. Sepatan,280318,Kab. Tangerang,280300,Prov. Banten,280000,0,0,0,0,0,0,0,0,,
MIS AL IMAN,60728725,MI,SWASTA,Kec. Sepatan,280318,Kab. Tangerang,280300,Prov. Banten,280000,0,0,0,0,0,0,0,0,,
MIS MATHLAUL ANWAR,69752472,MI,SWASTA,Kec. Sepatan,280318,Kab. Tangerang,280300,Prov. Banten,280000,0,0,0,0,0,0,0,0,,
MIS NURUL FALAH CADAS,60728447,MI,SWASTA,Kec. Sepatan,280318,Kab. Tangerang,280300,Prov. Banten,280000,0,0,0,0,0,0,0,0,,
MIS NURUL FALAH I MEKARJAYA,69752470,MI,SWASTA,Kec. Sepatan,280318,Kab. Tangerang,280300,Prov. Banten,280000,0,0,0,0,0,0,0,0,,
MIS NURUL FALAH II,60728456,MI,SWASTA,Kec. Sepatan,280318,Kab. Tangerang,280300,Prov. Banten,280000,0,0,0,0,0,0,0,0,,
MIS NURUL FALAH III,60728451,MI,SWASTA,Kec. Sepatan,280318,Kab. Tangerang,280300,Prov. Banten,280000,0,0,0,0,0,0,0,0,,
MIS NURUL FALAH YANFA CADAS,69752471,MI,SWASTA,Kec. Sepatan,280318,Kab. Tangerang,280300,Prov. Banten,280000,0,0,0,0,0,0,0,0,,
MTS AL-BISRIYYIN,69977984,MTs,SWASTA,Kec. Panongan,280304,Kab. Tangerang,280300,Prov. Banten,280000,0,0,0,0,0,0,0,0,,
MTSS AL - FALAHIYAH,20622816,MTs,SWASTA,Kec. Panongan,280304,Kab. Tangerang,280300,Prov. Banten,280000,0,0,0,0,0,0,0,0,,
MTSS FATHUL IBAAD,20622817,MTs,SWASTA,Kec. Panongan,280304,Kab. Tangerang,280300,Prov. Banten,280000,0,0,0,0,0,0,0,0,,
MTSS MIFTAHUL ANWAR,20622818,MTs,SWASTA,Kec. Panongan,280304,Kab. Tangerang,280300,Prov. Banten,280000,0,0,0,0,0,0,0,0,,
MTSS RIYADUL MUTAALIMIN,20622819,MTs,SWASTA,Kec. Panongan,280304,Kab. Tangerang,280300,Prov. Banten,280000,0,0,0,0,0,0,0,0,,
MIS AL ISLAMIYAH NALAGATI,60721300,MI,SWASTA,Kec. Panongan,280304,Kab. Tangerang,280300,Prov. Banten,280000,0,0,0,0,0,0,0,0,,
MIS AL MUSTARIYAH,60721301,MI,SWASTA,Kec. Panongan,280304,Kab. Tangerang,280300,Prov. Banten,280000,0,0,0,0,0,0,0,0,,
MIS AL-FALAHIYAH,69824926,MI,SWASTA,Kec. Panongan,280304,Kab. Tangerang,280300,Prov. Banten,280000,0,0,0,0,0,0,0,0,,
MIS AL-ISHLAH TARISI,60721298,MI,SWASTA,Kec. Panongan,280304,Kab. Tangerang,280300,Prov. Banten,280000,0,0,0,0,0,0,0,0,,
MIS AL-ISLAMIYYAH MEKARBAKTI,60721297,MI,SWASTA,Kec. Panongan,280304,Kab. Tangerang,280300,Prov. Banten,280000,0,0,0,0,0,0,0,0,,
MIS DAARUSSALAM,69824925,MI,SWASTA,Kec. Panongan,280304,Kab. Tangerang,280300,Prov. Banten,280000,0,0,0,0,0,0,0,0,,
MIS NURUL ISLAM CIBARENGKOK,60721299,MI,SWASTA,Kec. Panongan,280304,Kab. Tangerang,280300,Prov. Banten,280000,0,0,0,0,0,0,0,0,,
MIS NURUL ISLAM SEMPUR,69824924,MI,SWASTA,Kec. Panongan,280304,Kab. Tangerang,280300,Prov. Banten,280000,0,0,0,0,0,0,0,0,,
MIS RAUDHATUL KHAER,70042421,MI,SWASTA,Kec. Panongan,280304,Kab. Tangerang,280300,Prov. Banten,280000,0,0,0,0,0,0,0,0,,
AN NAHL,69898321,RA,SWASTA,Kec. Panongan,280304,Kab. Tangerang,280300,Prov. Banten,280000,0,0,0,0,0,0,0,0,,
GEMA ILAHI,69898317,RA,SWASTA,Kec. Panongan,280304,Kab. Tangerang,280300,Prov. Banten,280000,0,0,0,0,0,0,0,0,,
NUR AL QOMAR,69898316,RA,SWASTA,Kec. Panongan,280304,Kab. Tangerang,280300,Prov. Banten,280000,0,0,0,0,0,0,0,0,,
NURUL AINI,69898318,RA,SWASTA,Kec. Panongan,280304,Kab. Tangerang,280300,Prov. Banten,280000,0,0,0,0,0,0,0,0,,
NURUL ILMI,69898315,RA,SWASTA,Kec. Panongan,280304,Kab. Tangerang,280300,Prov. Banten,280000,0,0,0,0,0,0,0,0,,
PESONA CENDEKIA,69898345,RA,SWASTA,Kec. Panongan,280304,Kab. Tangerang,280300,Prov. Banten,280000,0,0,0,0,0,0,0,0,,
RA AL-ADZKIYA,70007109,RA,SWASTA,Kec. Panongan,280304,Kab. Tangerang,280300,Prov. Banten,280000,0,0,0,0,0,0,0,0,,
RA. AL FAJR,69750041,RA,SWASTA,Kec. Panongan,280304,Kab. Tangerang,280300,Prov. Banten,280000,0,0,0,0,0,0,0,0,,
RA. AR-RASYIID,69750042,RA,SWASTA,Kec. Panongan,280304,Kab. Tangerang,280300,Prov. Banten,280000,0,0,0,0,0,0,0,0,,
RA. AZZAHRA,69885496,RA,SWASTA,Kec. Panongan,280304,Kab. Tangerang,280300,Prov. Banten,280000,0,0,0,0,0,0,0,0,,
RA. NURUL HOESNA,69750043,RA,SWASTA,Kec. Panongan,280304,Kab. Tangerang,280300,Prov. Banten,280000,0,0,0,0,0,0,0,0,,
ROUDHATUN NUR,69898320,RA,SWASTA,Kec. Panongan,280304,Kab. Tangerang,280300,Prov. Banten,280000,0,0,0,0,0,0,0,0,,
SILMI KAFFAH,69898319,RA,SWASTA,Kec. Panongan,280304,Kab. Tangerang,280300,Prov. Banten,280000,0,0,0,0,0,0,0,0,,
MAS NURUL FALAH PAGEDANGAN,20622427,MA,SWASTA,Kec. Pagedangan,280307,Kab. Tangerang,280300,Prov. Banten,280000,0,0,0,0,0,0,0,0,,
MAS RAUDLATUL IRFAN,20622426,MA,SWASTA,Kec. Pagedangan,280307,Kab. Tangerang,280300,Prov. Banten,280000,0,0,0,0,0,0,0,0,,
MAS YAPIN CIHUNI,20622428,MA,SWASTA,Kec. Pagedangan,280307,Kab. Tangerang,280300,Prov. Banten,280000,0,0,0,0,0,0,0,0,,
AL MADANI,69898314,RA,SWASTA,Kec. Pagedangan,280307,Kab. Tangerang,280300,Prov. Banten,280000,0,0,0,0,0,0,0,0,,
AL-MUZAKI,69898312,RA,SWASTA,Kec. Pagedangan,280307,Kab. Tangerang,280300,Prov. Banten,280000,0,0,0,0,0,0,0,0,,
EL-SYIFA,69898311,RA,SWASTA,Kec. Pagedangan,280307,Kab. Tangerang,280300,Prov. Banten,280000,0,0,0,0,0,0,0,0,,
INSAN MULIA,69898313,RA,SWASTA,Kec. Pagedangan,280307,Kab. Tangerang,280300,Prov. Banten,280000,0,0,0,0,0,0,0,0,,
NURUL FALAH CIHUNI,69898310,RA,SWASTA,Kec. Pagedangan,280307,Kab. Tangerang,280300,Prov. Banten,280000,0,0,0,0,0,0,0,0,,
RA. AL - MISBAH,69885493,RA,SWASTA,Kec. Pagedangan,280307,Kab. Tangerang,280300,Prov. Banten,280000,0,0,0,0,0,0,0,0,,
RA. DAARUL MUTTAQIEN,69885494,RA,SWASTA,Kec. Pagedangan,280307,Kab. Tangerang,280300,Prov. Banten,280000,0,0,0,0,0,0,0,0,,
MI NURUL IKHLAS AL-AYUBI,70028054,MI,SWASTA,Kec. Pagedangan,280307,Kab. Tangerang,280300,Prov. Banten,280000,0,0,0,0,0,0,0,0,,
MIN 3 TANGERANG,60721281,MI,NEGERI,Kec. Pagedangan,280307,Kab. Tangerang,280300,Prov. Banten,280000,0,0,0,0,0,0,0,0,,
MIN 6 TANGERANG,60721282,MI,NEGERI,Kec. Pagedangan,280307,Kab. Tangerang,280300,Prov. Banten,280000,0,0,0,0,0,0,0,0,,
MIS ANNIDZOMIYAH,69824923,MI,SWASTA,Kec. Pagedangan,280307,Kab. Tangerang,280300,Prov. Banten,280000,0,0,0,0,0,0,0,0,,
MIS AS-SYARIFIYAH,60721288,MI,SWASTA,Kec. Pagedangan,280307,Kab. Tangerang,280300,Prov. Banten,280000,0,0,0,0,0,0,0,0,,
MIS DARUL MUTTAQIN,60721295,MI,SWASTA,Kec. Pagedangan,280307,Kab. Tangerang,280300,Prov. Banten,280000,0,0,0,0,0,0,0,0,,
MIS HIDAYATUL IKHWAN,60721290,MI,SWASTA,Kec. Pagedangan,280307,Kab. Tangerang,280300,Prov. Banten,280000,0,0,0,0,0,0,0,0,,
MIS MATHLAUL HUDA CICALENGKA,69824922,MI,SWASTA,Kec. Pagedangan,280307,Kab. Tangerang,280300,Prov. Banten,280000,0,0,0,0,0,0,0,0,,
MIS MATHLAUL HUDA CIJANTRA,69824921,MI,SWASTA,Kec. Pagedangan,280307,Kab. Tangerang,280300,Prov. Banten,280000,0,0,0,0,0,0,0,0,,
MIS MATHLAUL HUDA JATAKE,60721287,MI,SWASTA,Kec. Pagedangan,280307,Kab. Tangerang,280300,Prov. Banten,280000,0,0,0,0,0,0,0,0,,
MIS MATHLAUL HUDA LENGKONG KULON,60721283,MI,SWASTA,Kec. Pagedangan,280307,Kab. Tangerang,280300,Prov. Banten,280000,0,0,0,0,0,0,0,0,,
MIS MIFTAHUL HUDA,60721289,MI,SWASTA,Kec. Pagedangan,280307,Kab. Tangerang,280300,Prov. Banten,280000,0,0,0,0,0,0,0,0,,
MIS MIFTAHUL ULUM KARANG TENGAH,60721291,MI,SWASTA,Kec. Pagedangan,280307,Kab. Tangerang,280300,Prov. Banten,280000,0,0,0,0,0,0,0,0,,
MIS MU`AWANAH JATAKE,69824920,MI,SWASTA,Kec. Pagedangan,280307,Kab. Tangerang,280300,Prov. Banten,280000,0,0,0,0,0,0,0,0,,
MIS NURUL FALAH CIHUNI,60721285,MI,SWASTA,Kec. Pagedangan,280307,Kab. Tangerang,280300,Prov. Banten,280000,0,0,0,0,0,0,0,0,,
MIS NURUL HUDA,60721286,MI,SWASTA,Kec. Pagedangan,280307,Kab. Tangerang,280300,Prov. Banten,280000,0,0,0,0,0,0,0,0,,
MIS RAUDLATUL ANWAR,60721292,MI,SWASTA,Kec. Pagedangan,280307,Kab. Tangerang,280300,Prov. Banten,280000,0,0,0,0,0,0,0,0,,
MIS RAUDLATUL ATFAL,60721293,MI,SWASTA,Kec. Pagedangan,280307,Kab. Tangerang,280300,Prov. Banten,280000,0,0,0,0,0,0,0,0,,
MIS RAUDLATUL IRFAN JATAKE,60721296,MI,SWASTA,Kec. Pagedangan,280307,Kab. Tangerang,280300,Prov. Banten,280000,0,0,0,0,0,0,0,0,,
MIS RAUDLATUL IRFAN LK,60721284,MI,SWASTA,Kec. Pagedangan,280307,Kab. Tangerang,280300,Prov. Banten,280000,0,0,0,0,0,0,0,0,,
MTSN 3 TANGERANG,20622810,MTs,NEGERI,Kec. Pagedangan,280307,Kab. Tangerang,280300,Prov. Banten,280000,0,0,0,0,0,0,0,0,,
MTSN 5 TANGERANG,20622809,MTs,NEGERI,Kec. Pagedangan,280307,Kab. Tangerang,280300,Prov. Banten,280000,0,0,0,0,0,0,0,0,,
MTSS DAARUL MUTTAQIEN,20622814,MTs,SWASTA,Kec. Pagedangan,280307,Kab. Tangerang,280300,Prov. Banten,280000,0,0,0,0,0,0,0,0,,
MTSS NURUL FALAH CIHUNI,20622812,MTs,SWASTA,Kec. Pagedangan,280307,Kab. Tangerang,280300,Prov. Banten,280000,0,0,0,0,0,0,0,0,,
MTSS NURUL HUDA KP.KANDANG,20622811,MTs,SWASTA,Kec. Pagedangan,280307,Kab. Tangerang,280300,Prov. Banten,280000,0,0,0,0,0,0,0,0,,
MTSS NURUL HUDA MALANGNENGAH,20622815,MTs,SWASTA,Kec. Pagedangan,280307,Kab. Tangerang,280300,Prov. Banten,280000,0,0,0,0,0,0,0,0,,
MTSS RAUDLATUL IRFAN,20622813,MTs,SWASTA,Kec. Pagedangan,280307,Kab. Tangerang,280300,Prov. Banten,280000,0,0,0,0,0,0,0,0,,
RA AL MAHYRA,70025925,RA,SWASTA,Kec. Solear,280337,Kab. Tangerang,280300,Prov. Banten,280000,0,0,0,0,0,0,0,0,,
RA. GENERASI QURANI,69898334,RA,SWASTA,Kec. Solear,280337,Kab. Tangerang,280300,Prov. Banten,280000,0,0,0,0,0,0,0,0,,
RA. IBTIDA LIL ISHLAAH,69898349,RA,SWASTA,Kec. Solear,280337,Kab. Tangerang,280300,Prov. Banten,280000,0,0,0,0,0,0,0,0,,
RA. NIDAUL BAROKAH,69898335,RA,SWASTA,Kec. Solear,280337,Kab. Tangerang,280300,Prov. Banten,280000,0,0,0,0,0,0,0,0,,
RA. PERMATA IHSAN,69753921,RA,SWASTA,Kec. Solear,280337,Kab. Tangerang,280300,Prov. Banten,280000,0,0,0,0,0,0,0,0,,
RA. YPPI,69958187,RA,SWASTA,Kec. Solear,280337,Kab. Tangerang,280300,Prov. Banten,280000,0,0,0,0,0,0,0,0,,
MA AN-NAJAH,70061739,MA,SWASTA,Kec. Solear,280337,Kab. Tangerang,280300,Prov. Banten,280000,0,0,0,0,0,0,0,0,,
MAN 5 TANGERANG,69988266,MA,NEGERI,Kec. Solear,280337,Kab. Tangerang,280300,Prov. Banten,280000,0,0,0,0,0,0,0,0,,
MAS AL-MA`MUR,20622439,MA,SWASTA,Kec. Solear,280337,Kab. Tangerang,280300,Prov. Banten,280000,0,0,0,0,0,0,0,0,,
MAS ISHLAAHUL UMMAH,20622440,MA,SWASTA,Kec. Solear,280337,Kab. Tangerang,280300,Prov. Banten,280000,0,0,0,0,0,0,0,0,,
MIS AL - HILAL,60721321,MI,SWASTA,Kec. Solear,280337,Kab. Tangerang,280300,Prov. Banten,280000,0,0,0,0,0,0,0,0,,
MIS AL-MA`MUR,69824941,MI,SWASTA,Kec. Solear,280337,Kab. Tangerang,280300,Prov. Banten,280000,0,0,0,0,0,0,0,0,,
MIS BAHRUL ULUM,69824940,MI,SWASTA,Kec. Solear,280337,Kab. Tangerang,280300,Prov. Banten,280000,0,0,0,0,0,0,0,0,,
MIS BAITUL UMMAH,69824942,MI,SWASTA,Kec. Solear,280337,Kab. Tangerang,280300,Prov. Banten,280000,0,0,0,0,0,0,0,0,,
MIS BANI ASYFA,60721322,MI,SWASTA,Kec. Solear,280337,Kab. Tangerang,280300,Prov. Banten,280000,0,0,0,0,0,0,0,0,,
MIS DHARMA BHAKTI ADY,60721320,MI,SWASTA,Kec. Solear,280337,Kab. Tangerang,280300,Prov. Banten,280000,0,0,0,0,0,0,0,0,,
MTSS BAHRUL ULUM,60729808,MTs,SWASTA,Kec. Solear,280337,Kab. Tangerang,280300,Prov. Banten,280000,0,0,0,0,0,0,0,0,,
MTSS ISHLAAHUL UMMAH,20622826,MTs,SWASTA,Kec. Solear,280337,Kab. Tangerang,280300,Prov. Banten,280000,0,0,0,0,0,0,0,0,,
MTSS KARYA BANGSA,20622827,MTs,SWASTA,Kec. Solear,280337,Kab. Tangerang,280300,Prov. Banten,280000,0,0,0,0,0,0,0,0,,
MTSS SOLEAR,69941511,MTs,SWASTA,Kec. Solear,280337,Kab. Tangerang,280300,Prov. Banten,280000,0,0,0,0,0,0,0,0,,
NURUL FALAH,69898338,RA,SWASTA,Kec. Kosambi,280321,Kab. Tangerang,280300,Prov. Banten,280000,0,0,0,0,0,0,0,0,,
RA AL FAUZIYAH,69888951,RA,SWASTA,Kec. Kosambi,280321,Kab. Tangerang,280300,Prov. Banten,280000,0,0,0,0,0,0,0,0,,
RA. AL MARATUSSOLIHAH,69898303,RA,SWASTA,Kec. Kosambi,280321,Kab. Tangerang,280300,Prov. Banten,280000,0,0,0,0,0,0,0,0,,
RA. DAARUL ILMI,69750039,RA,SWASTA,Kec. Kosambi,280321,Kab. Tangerang,280300,Prov. Banten,280000,0,0,0,0,0,0,0,0,,
RA. MADINATUL ULUM,69958186,RA,SWASTA,Kec. Kosambi,280321,Kab. Tangerang,280300,Prov. Banten,280000,0,0,0,0,0,0,0,0,,
RA. NURUL FALAH,69898339,RA,SWASTA,Kec. Kosambi,280321,Kab. Tangerang,280300,Prov. Banten,280000,0,0,0,0,0,0,0,0,,
RA. NURUL IMAN,69750040,RA,SWASTA,Kec. Kosambi,280321,Kab. Tangerang,280300,Prov. Banten,280000,0,0,0,0,0,0,0,0,,
RA. NURUL ULUM,69898302,RA,SWASTA,Kec. Kosambi,280321,Kab. Tangerang,280300,Prov. Banten,280000,0,0,0,0,0,0,0,0,,
MAS DUA CAHAYA,20622413,MA,SWASTA,Kec. Kosambi,280321,Kab. Tangerang,280300,Prov. Banten,280000,0,0,0,0,0,0,0,0,,
MTS DAARUL ILMI,70028617,MTs,SWASTA,Kec. Kosambi,280321,Kab. Tangerang,280300,Prov. Banten,280000,0,0,0,0,0,0,0,0,,
MTSS DZUNNURAINI,60729862,MTs,SWASTA,Kec. Kosambi,280321,Kab. Tangerang,280300,Prov. Banten,280000,0,0,0,0,0,0,0,0,,
MTSS NURUL AMIN,69816283,MTs,SWASTA,Kec. Kosambi,280321,Kab. Tangerang,280300,Prov. Banten,280000,0,0,0,0,0,0,0,0,,
MTSS NURUL FALAH KOSAMBI,60729606,MTs,SWASTA,Kec. Kosambi,280321,Kab. Tangerang,280300,Prov. Banten,280000,0,0,0,0,0,0,0,0,,
MIS AL FAJRIYAH,69752480,MI,SWASTA,Kec. Kosambi,280321,Kab. Tangerang,280300,Prov. Banten,280000,0,0,0,0,0,0,0,0,,
MIS AL MAHMUDIYAH,69752504,MI,SWASTA,Kec. Kosambi,280321,Kab. Tangerang,280300,Prov. Banten,280000,0,0,0,0,0,0,0,0,,
MIS DAARUL ILMI,69752500,MI,SWASTA,Kec. Kosambi,280321,Kab. Tangerang,280300,Prov. Banten,280000,0,0,0,0,0,0,0,0,,
MIS HIDAYATUSSHIBYAN,69752498,MI,SWASTA,Kec. Kosambi,280321,Kab. Tangerang,280300,Prov. Banten,280000,0,0,0,0,0,0,0,0,,
MIS KAFILATUL MUMININ,69752507,MI,SWASTA,Kec. Kosambi,280321,Kab. Tangerang,280300,Prov. Banten,280000,0,0,0,0,0,0,0,0,,
MIS NURUL AMIN,69752483,MI,SWASTA,Kec. Kosambi,280321,Kab. Tangerang,280300,Prov. Banten,280000,0,0,0,0,0,0,0,0,,
MIS NURUL FALAH,69726145,MI,SWASTA,Kec. Kosambi,280321,Kab. Tangerang,280300,Prov. Banten,280000,0,0,0,0,0,0,0,0,,
MIS RAUDLATUL ULUM,69752491,MI,SWASTA,Kec. Kosambi,280321,Kab. Tangerang,280300,Prov. Banten,280000,0,0,0,0,0,0,0,0,,
MIS TARBIYATUL ISLAMIYAH,69752486,MI,SWASTA,Kec. Kosambi,280321,Kab. Tangerang,280300,Prov. Banten,280000,0,0,0,0,0,0,0,0,,
MIS WARDATUL JANNAH,69752495,MI,SWASTA,Kec. Kosambi,280321,Kab. Tangerang,280300,Prov. Banten,280000,0,0,0,0,0,0,0,0,,
MAN 2 TANGERANG,20622401,MA,NEGERI,Kec. Balaraja,280313,Kab. Tangerang,280300,Prov. Banten,280000,0,0,0,0,0,0,0,0,,
MI ASSALIM,69977980,MI,SWASTA,Kec. Balaraja,280313,Kab. Tangerang,280300,Prov. Banten,280000,0,0,0,0,0,0,0,0,,
MIN 7 TANGERANG,69857904,MI,NEGERI,Kec. Balaraja,280313,Kab. Tangerang,280300,Prov. Banten,280000,0,0,0,0,0,0,0,0,,
MIS AL HUSNA,60721324,MI,SWASTA,Kec. Balaraja,280313,Kab. Tangerang,280300,Prov. Banten,280000,0,0,0,0,0,0,0,0,,
MIS ASSUPRIYAH,70006550,MI,SWASTA,Kec. Balaraja,280313,Kab. Tangerang,280300,Prov. Banten,280000,0,0,0,0,0,0,0,0,,
MIS AT-TAUFIQ,69941377,MI,SWASTA,Kec. Balaraja,280313,Kab. Tangerang,280300,Prov. Banten,280000,0,0,0,0,0,0,0,0,,
MIS DAARUL ILMI,69824952,MI,SWASTA,Kec. Balaraja,280313,Kab. Tangerang,280300,Prov. Banten,280000,0,0,0,0,0,0,0,0,,
MIS NUR HIDAYAH,69755498,MI,SWASTA,Kec. Balaraja,280313,Kab. Tangerang,280300,Prov. Banten,280000,0,0,0,0,0,0,0,0,,
MIS NURUL ADZIM,69824884,MI,SWASTA,Kec. Balaraja,280313,Kab. Tangerang,280300,Prov. Banten,280000,0,0,0,0,0,0,0,0,,
MIS NURUL HUDA,69755508,MI,SWASTA,Kec. Balaraja,280313,Kab. Tangerang,280300,Prov. Banten,280000,0,0,0,0,0,0,0,0,,
MIS RAUDLATUL ATHFAL,69755497,MI,SWASTA,Kec. Balaraja,280313,Kab. Tangerang,280300,Prov. Banten,280000,0,0,0,0,0,0,0,0,,
MIS YANIDA,70006549,MI,SWASTA,Kec. Balaraja,280313,Kab. Tangerang,280300,Prov. Banten,280000,0,0,0,0,0,0,0,0,,
AL HIKMAH,69898274,RA,SWASTA,Kec. Balaraja,280313,Kab. Tangerang,280300,Prov. Banten,280000,0,0,0,0,0,0,0,0,,
EL RASIED,69898343,RA,SWASTA,Kec. Balaraja,280313,Kab. Tangerang,280300,Prov. Banten,280000,0,0,0,0,0,0,0,0,,
RA AL MUNAWAROH,69898272,RA,SWASTA,Kec. Balaraja,280313,Kab. Tangerang,280300,Prov. Banten,280000,0,0,0,0,0,0,0,0,,
RA PURNAMA NUSANTARA,69898273,RA,SWASTA,Kec. Balaraja,280313,Kab. Tangerang,280300,Prov. Banten,280000,0,0,0,0,0,0,0,0,,
RA. AL FIKR,69885456,RA,SWASTA,Kec. Balaraja,280313,Kab. Tangerang,280300,Prov. Banten,280000,0,0,0,0,0,0,0,0,,
RA. AL MUKAROMAH,69885462,RA,SWASTA,Kec. Balaraja,280313,Kab. Tangerang,280300,Prov. Banten,280000,0,0,0,0,0,0,0,0,,
RA. AL-AMANAH,69885453,RA,SWASTA,Kec. Balaraja,280313,Kab. Tangerang,280300,Prov. Banten,280000,0,0,0,0,0,0,0,0,,
RA. AR-ROHMAN,69885464,RA,SWASTA,Kec. Balaraja,280313,Kab. Tangerang,280300,Prov. Banten,280000,0,0,0,0,0,0,0,0,,
RA. AZZAHRA,69885455,RA,SWASTA,Kec. Balaraja,280313,Kab. Tangerang,280300,Prov. Banten,280000,0,0,0,0,0,0,0,0,,
RA. DAARUL ILMI,69885527,RA,SWASTA,Kec. Balaraja,280313,Kab. Tangerang,280300,Prov. Banten,280000,0,0,0,0,0,0,0,0,,
RA. HIDAYATUL IMAN,69885460,RA,SWASTA,Kec. Balaraja,280313,Kab. Tangerang,280300,Prov. Banten,280000,0,0,0,0,0,0,0,0,,
RA. HIJROTUS SYARIEF,69885459,RA,SWASTA,Kec. Balaraja,280313,Kab. Tangerang,280300,Prov. Banten,280000,0,0,0,0,0,0,0,0,,
RA. NUR HIDAYAH,69885452,RA,SWASTA,Kec. Balaraja,280313,Kab. Tangerang,280300,Prov. Banten,280000,0,0,0,0,0,0,0,0,,
RA. NURUL ADZIM,69885454,RA,SWASTA,Kec. Balaraja,280313,Kab. Tangerang,280300,Prov. Banten,280000,0,0,0,0,0,0,0,0,,
RA. NURUL HUDA,69885451,RA,SWASTA,Kec. Balaraja,280313,Kab. Tangerang,280300,Prov. Banten,280000,0,0,0,0,0,0,0,0,,
RA. NURUL IMAN,69885457,RA,SWASTA,Kec. Balaraja,280313,Kab. Tangerang,280300,Prov. Banten,280000,0,0,0,0,0,0,0,0,,
RA. WALADUN SHOLEH,69885461,RA,SWASTA,Kec. Balaraja,280313,Kab. Tangerang,280300,Prov. Banten,280000,0,0,0,0,0,0,0,0,,
MTSN 8 TANGERANG,70060601,MTs,NEGERI,Kec. Balaraja,280313,Kab. Tangerang,280300,Prov. Banten,280000,0,0,0,0,0,0,0,0,,
MTSS AL FIKR,20622719,MTs,SWASTA,Kec. Balaraja,280313,Kab. Tangerang,280300,Prov. Banten,280000,0,0,0,0,0,0,0,0,,
MTSS AL-MAGHFIROH,20622721,MTs,SWASTA,Kec. Balaraja,280313,Kab. Tangerang,280300,Prov. Banten,280000,0,0,0,0,0,0,0,0,,
MTSS ASHHABUL YAMIN BALARAJA,20622720,MTs,SWASTA,Kec. Balaraja,280313,Kab. Tangerang,280300,Prov. Banten,280000,0,0,0,0,0,0,0,0,,
MTSS ASSANUSIYAH,20622723,MTs,SWASTA,Kec. Balaraja,280313,Kab. Tangerang,280300,Prov. Banten,280000,0,0,0,0,0,0,0,0,,
MTSS NURUL ADZIM,20622722,MTs,SWASTA,Kec. Balaraja,280313,Kab. Tangerang,280300,Prov. Banten,280000,0,0,0,0,0,0,0,0,,
MTSS NURUL HAQ,60729816,MTs,SWASTA,Kec. Balaraja,280313,Kab. Tangerang,280300,Prov. Banten,280000,0,0,0,0,0,0,0,0,,
MTS AT-TAMAM,70013694,MTs,SWASTA,Kec. Sindang Jaya,280335,Kab. Tangerang,280300,Prov. Banten,280000,0,0,0,0,0,0,0,0,,
MTSS DARUSSALAM,60729832,MTs,SWASTA,Kec. Sindang Jaya,280335,Kab. Tangerang,280300,Prov. Banten,280000,0,0,0,0,0,0,0,0,,
MTSS MIFTAHUN NAJAH,60727327,MTs,SWASTA,Kec. Sindang Jaya,280335,Kab. Tangerang,280300,Prov. Banten,280000,0,0,0,0,0,0,0,0,,
MI ASY-SYAUQI,70058668,MI,SWASTA,Kec. Sindang Jaya,280335,Kab. Tangerang,280300,Prov. Banten,280000,0,0,0,0,0,0,0,0,,
MI AT-TAMAM,69977983,MI,SWASTA,Kec. Sindang Jaya,280335,Kab. Tangerang,280300,Prov. Banten,280000,0,0,0,0,0,0,0,0,,
MIS AL FALAHIYAH BADAK ANOM,69824937,MI,SWASTA,Kec. Sindang Jaya,280335,Kab. Tangerang,280300,Prov. Banten,280000,0,0,0,0,0,0,0,0,,
MIS DAARUSSALAM,69824938,MI,SWASTA,Kec. Sindang Jaya,280335,Kab. Tangerang,280300,Prov. Banten,280000,0,0,0,0,0,0,0,0,,
MIS NURUL HASANAH,69824939,MI,SWASTA,Kec. Sindang Jaya,280335,Kab. Tangerang,280300,Prov. Banten,280000,0,0,0,0,0,0,0,0,,
MIS NURUL ISLAM SUKAHARJA,69824936,MI,SWASTA,Kec. Sindang Jaya,280335,Kab. Tangerang,280300,Prov. Banten,280000,0,0,0,0,0,0,0,0,,
RA ANNUR,69898333,RA,SWASTA,Kec. Sindang Jaya,280335,Kab. Tangerang,280300,Prov. Banten,280000,0,0,0,0,0,0,0,0,,
RA DARUL HUSNA,70030375,RA,SWASTA,Kec. Sindang Jaya,280335,Kab. Tangerang,280300,Prov. Banten,280000,0,0,0,0,0,0,0,0,,
RA TAZKIYATUL ULYA,70026038,RA,SWASTA,Kec. Sindang Jaya,280335,Kab. Tangerang,280300,Prov. Banten,280000,0,0,0,0,0,0,0,0,,
RA. BINA ILMU,69885523,RA,SWASTA,Kec. Sindang Jaya,280335,Kab. Tangerang,280300,Prov. Banten,280000,0,0,0,0,0,0,0,0,,
RA. BINA INSANI,69885521,RA,SWASTA,Kec. Sindang Jaya,280335,Kab. Tangerang,280300,Prov. Banten,280000,0,0,0,0,0,0,0,0,,
RA. DZURRIYATUL HASAN,69885520,RA,SWASTA,Kec. Sindang Jaya,280335,Kab. Tangerang,280300,Prov. Banten,280000,0,0,0,0,0,0,0,0,,
RA. TAZKIYA FIKRI,69885522,RA,SWASTA,Kec. Sindang Jaya,280335,Kab. Tangerang,280300,Prov. Banten,280000,0,0,0,0,0,0,0,0,,
MTS NURUSSYIFA,70014150,MTs,SWASTA,Kec. Legok,280306,Kab. Tangerang,280300,Prov. Banten,280000,0,0,0,0,0,0,0,0,,
MTSS AL AMAR,20622804,MTs,SWASTA,Kec. Legok,280306,Kab. Tangerang,280300,Prov. Banten,280000,0,0,0,0,0,0,0,0,,
MTSS ANWARUL HUDA CIANGIR,20622803,MTs,SWASTA,Kec. Legok,280306,Kab. Tangerang,280300,Prov. Banten,280000,0,0,0,0,0,0,0,0,,
MTSS DUAUL FUQORO,20622800,MTs,SWASTA,Kec. Legok,280306,Kab. Tangerang,280300,Prov. Banten,280000,0,0,0,0,0,0,0,0,,
MTSS IBNU ROSYAD,20622802,MTs,SWASTA,Kec. Legok,280306,Kab. Tangerang,280300,Prov. Banten,280000,0,0,0,0,0,0,0,0,,
MTSS NURUL ANSHOR,20622799,MTs,SWASTA,Kec. Legok,280306,Kab. Tangerang,280300,Prov. Banten,280000,0,0,0,0,0,0,0,0,,
MTSS NURUL YAQIN LEGOK,20622801,MTs,SWASTA,Kec. Legok,280306,Kab. Tangerang,280300,Prov. Banten,280000,0,0,0,0,0,0,0,0,,
AL KAHFI,69898309,RA,SWASTA,Kec. Legok,280306,Kab. Tangerang,280300,Prov. Banten,280000,0,0,0,0,0,0,0,0,,
RA. AL - MUBTADIIN,69885487,RA,SWASTA,Kec. Legok,280306,Kab. Tangerang,280300,Prov. Banten,280000,0,0,0,0,0,0,0,0,,
RA. AL MUTTAQIN,69885489,RA,SWASTA,Kec. Legok,280306,Kab. Tangerang,280300,Prov. Banten,280000,0,0,0,0,0,0,0,0,,
RA. AL-ALAWIYAH,69885490,RA,SWASTA,Kec. Legok,280306,Kab. Tangerang,280300,Prov. Banten,280000,0,0,0,0,0,0,0,0,,
RA. AL-ANSHOR,69885486,RA,SWASTA,Kec. Legok,280306,Kab. Tangerang,280300,Prov. Banten,280000,0,0,0,0,0,0,0,0,,
RA. AL-KAIRO,69885488,RA,SWASTA,Kec. Legok,280306,Kab. Tangerang,280300,Prov. Banten,280000,0,0,0,0,0,0,0,0,,
MAS AL - MUHTADI,20622424,MA,SWASTA,Kec. Legok,280306,Kab. Tangerang,280300,Prov. Banten,280000,0,0,0,0,0,0,0,0,,
MI NURUL FAUZIYAH BABAT,70058670,MI,SWASTA,Kec. Legok,280306,Kab. Tangerang,280300,Prov. Banten,280000,0,0,0,0,0,0,0,0,,
MI SYIFA,69977981,MI,SWASTA,Kec. Legok,280306,Kab. Tangerang,280300,Prov. Banten,280000,0,0,0,0,0,0,0,0,,
MIN 5 TANGERANG,60721261,MI,NEGERI,Kec. Legok,280306,Kab. Tangerang,280300,Prov. Banten,280000,0,0,0,0,0,0,0,0,,
MIS ANWARUL HUDA,60721263,MI,SWASTA,Kec. Legok,280306,Kab. Tangerang,280300,Prov. Banten,280000,0,0,0,0,0,0,0,0,,
MIS MATHLAUL HUDA KEMUNING,60721265,MI,SWASTA,Kec. Legok,280306,Kab. Tangerang,280300,Prov. Banten,280000,0,0,0,0,0,0,0,0,,
MIS MATHLAUL HUDA RANCAGONG,60721268,MI,SWASTA,Kec. Legok,280306,Kab. Tangerang,280300,Prov. Banten,280000,0,0,0,0,0,0,0,0,,
MIS MATHLAULHUDA BOJONGKAMAL,60721264,MI,SWASTA,Kec. Legok,280306,Kab. Tangerang,280300,Prov. Banten,280000,0,0,0,0,0,0,0,0,,
MIS MURSYIDUL FAUZ,60721267,MI,SWASTA,Kec. Legok,280306,Kab. Tangerang,280300,Prov. Banten,280000,0,0,0,0,0,0,0,0,,
MIS NURUL FALAH CARINGIN,60721266,MI,SWASTA,Kec. Legok,280306,Kab. Tangerang,280300,Prov. Banten,280000,0,0,0,0,0,0,0,0,,
MIS NURUL FALAH PALASARI,60721269,MI,SWASTA,Kec. Legok,280306,Kab. Tangerang,280300,Prov. Banten,280000,0,0,0,0,0,0,0,0,,
MIS NURUL IKHLAS,60721262,MI,SWASTA,Kec. Legok,280306,Kab. Tangerang,280300,Prov. Banten,280000,0,0,0,0,0,0,0,0,,
NURUL ANSHOR,69894725,MI,SWASTA,Kec. Legok,280306,Kab. Tangerang,280300,Prov. Banten,280000,0,0,0,0,0,0,0,0,,
RA AL FADH,69756907,RA,SWASTA,Kec. Sepatan Timur,280336,Kab. Tangerang,280300,Prov. Banten,280000,0,0,0,0,0,0,0,0,,
RA AL-HIDAYAH,69753380,RA,SWASTA,Kec. Sepatan Timur,280336,Kab. Tangerang,280300,Prov. Banten,280000,0,0,0,0,0,0,0,0,,
RA ALFIAH,69753365,RA,SWASTA,Kec. Sepatan Timur,280336,Kab. Tangerang,280300,Prov. Banten,280000,0,0,0,0,0,0,0,0,,
RA. RA. WUJUHUL KHAIR,69885519,RA,SWASTA,Kec. Sepatan Timur,280336,Kab. Tangerang,280300,Prov. Banten,280000,0,0,0,0,0,0,0,0,,
MA NURUL ILMI,69977988,MA,SWASTA,Kec. Sepatan Timur,280336,Kab. Tangerang,280300,Prov. Banten,280000,0,0,0,0,0,0,0,0,,
MA RHM CENDIKIA,70028009,MA,SWASTA,Kec. Sepatan Timur,280336,Kab. Tangerang,280300,Prov. Banten,280000,0,0,0,0,0,0,0,0,,
MAS WUJUHUL KHAIR,20622438,MA,SWASTA,Kec. Sepatan Timur,280336,Kab. Tangerang,280300,Prov. Banten,280000,0,0,0,0,0,0,0,0,,
MTS RAUDHOTUL HASANAH AL-MUHAMMADY,69994490,MTs,SWASTA,Kec. Sepatan Timur,280336,Kab. Tangerang,280300,Prov. Banten,280000,0,0,0,0,0,0,0,0,,
MTSS AL ISTIQOMAH SEPATAN,60729843,MTs,SWASTA,Kec. Sepatan Timur,280336,Kab. Tangerang,280300,Prov. Banten,280000,0,0,0,0,0,0,0,0,,
MTSS JANNATUL AMAL,60729874,MTs,SWASTA,Kec. Sepatan Timur,280336,Kab. Tangerang,280300,Prov. Banten,280000,0,0,0,0,0,0,0,0,,
MTSS WUJUHUL KHAIR,60729847,MTs,SWASTA,Kec. Sepatan Timur,280336,Kab. Tangerang,280300,Prov. Banten,280000,0,0,0,0,0,0,0,0,,
MATHLAUL ANWAR SANGIANG,69894726,MI,SWASTA,Kec. Sepatan Timur,280336,Kab. Tangerang,280300,Prov. Banten,280000,0,0,0,0,0,0,0,0,,
MI RAUDHOTUL HASANAH AL-MUHAMMADY,69995200,MI,SWASTA,Kec. Sepatan Timur,280336,Kab. Tangerang,280300,Prov. Banten,280000,0,0,0,0,0,0,0,0,,
MI WUJUHUL KHAIR,70026024,MI,SWASTA,Kec. Sepatan Timur,280336,Kab. Tangerang,280300,Prov. Banten,280000,0,0,0,0,0,0,0,0,,
MIS AL ISTIQOMAH SANGIANG,69752562,MI,SWASTA,Kec. Sepatan Timur,280336,Kab. Tangerang,280300,Prov. Banten,280000,0,0,0,0,0,0,0,0,,
MIS BIDAYATUL KHOIRIYAH,69894727,MI,SWASTA,Kec. Sepatan Timur,280336,Kab. Tangerang,280300,Prov. Banten,280000,0,0,0,0,0,0,0,0,,
MIS IBNU ABBAS,69752556,MI,SWASTA,Kec. Sepatan Timur,280336,Kab. Tangerang,280300,Prov. Banten,280000,0,0,0,0,0,0,0,0,,
MIS JANNATUL AMAL,60729476,MI,SWASTA,Kec. Sepatan Timur,280336,Kab. Tangerang,280300,Prov. Banten,280000,0,0,0,0,0,0,0,0,,
MIS MIFTAHUL JANNAH,69752534,MI,SWASTA,Kec. Sepatan Timur,280336,Kab. Tangerang,280300,Prov. Banten,280000,0,0,0,0,0,0,0,0,,
MIS NURUL FALAH BAYUR,69752531,MI,SWASTA,Kec. Sepatan Timur,280336,Kab. Tangerang,280300,Prov. Banten,280000,0,0,0,0,0,0,0,0,,
MIS NURUL FALAH CEGER,69752538,MI,SWASTA,Kec. Sepatan Timur,280336,Kab. Tangerang,280300,Prov. Banten,280000,0,0,0,0,0,0,0,0,,
MIS NURUL FALAH JATIMULYA,69752560,MI,SWASTA,Kec. Sepatan Timur,280336,Kab. Tangerang,280300,Prov. Banten,280000,0,0,0,0,0,0,0,0,,
MIS NURUL IMAN,69752527,MI,SWASTA,Kec. Sepatan Timur,280336,Kab. Tangerang,280300,Prov. Banten,280000,0,0,0,0,0,0,0,0,,
MIS NURUL MUBIN,69752559,MI,SWASTA,Kec. Sepatan Timur,280336,Kab. Tangerang,280300,Prov. Banten,280000,0,0,0,0,0,0,0,0,,
AL ASHR,69898307,RA,SWASTA,Kec. Kresek,280314,Kab. Tangerang,280300,Prov. Banten,280000,0,0,0,0,0,0,0,0,,
AL-KHAIRAAT,69898304,RA,SWASTA,Kec. Kresek,280314,Kab. Tangerang,280300,Prov. Banten,280000,0,0,0,0,0,0,0,0,,
AL-RASYID,69898306,RA,SWASTA,Kec. Kresek,280314,Kab. Tangerang,280300,Prov. Banten,280000,0,0,0,0,0,0,0,0,,
RA. AL - FITRAH,69885485,RA,SWASTA,Kec. Kresek,280314,Kab. Tangerang,280300,Prov. Banten,280000,0,0,0,0,0,0,0,0,,
RA. AL KHAIRIYAH,69885482,RA,SWASTA,Kec. Kresek,280314,Kab. Tangerang,280300,Prov. Banten,280000,0,0,0,0,0,0,0,0,,
RA. ASH - SHIDIQ,69885484,RA,SWASTA,Kec. Kresek,280314,Kab. Tangerang,280300,Prov. Banten,280000,0,0,0,0,0,0,0,0,,
RA. EL - SYARIEF,69885481,RA,SWASTA,Kec. Kresek,280314,Kab. Tangerang,280300,Prov. Banten,280000,0,0,0,0,0,0,0,0,,
RA. MIFTAHUL HIKMAH,69885483,RA,SWASTA,Kec. Kresek,280314,Kab. Tangerang,280300,Prov. Banten,280000,0,0,0,0,0,0,0,0,,
MIS AL-FALAH,60721253,MI,SWASTA,Kec. Kresek,280314,Kab. Tangerang,280300,Prov. Banten,280000,0,0,0,0,0,0,0,0,,
MIS AL-HAFIDZ TALOK,60721259,MI,SWASTA,Kec. Kresek,280314,Kab. Tangerang,280300,Prov. Banten,280000,0,0,0,0,0,0,0,0,,
MIS AL-HIKMAH,60721257,MI,SWASTA,Kec. Kresek,280314,Kab. Tangerang,280300,Prov. Banten,280000,0,0,0,0,0,0,0,0,,
MIS AL-KHAIRAAT,60721256,MI,SWASTA,Kec. Kresek,280314,Kab. Tangerang,280300,Prov. Banten,280000,0,0,0,0,0,0,0,0,,
MIS AL-KHAIRIYAH KANDANGGEDE,60721247,MI,SWASTA,Kec. Kresek,280314,Kab. Tangerang,280300,Prov. Banten,280000,0,0,0,0,0,0,0,0,,
MIS AL-KHAIRIYAH SOLOKAN,60721251,MI,SWASTA,Kec. Kresek,280314,Kab. Tangerang,280300,Prov. Banten,280000,0,0,0,0,0,0,0,0,,
MIS AL-KHAIRIYAH TALOK,60721249,MI,SWASTA,Kec. Kresek,280314,Kab. Tangerang,280300,Prov. Banten,280000,0,0,0,0,0,0,0,0,,
MIS AR-RAHIM TALOK,60721258,MI,SWASTA,Kec. Kresek,280314,Kab. Tangerang,280300,Prov. Banten,280000,0,0,0,0,0,0,0,0,,
MIS DAARUL AMIN,60721250,MI,SWASTA,Kec. Kresek,280314,Kab. Tangerang,280300,Prov. Banten,280000,0,0,0,0,0,0,0,0,,
MIS DAARUL HUDA,69941376,MI,SWASTA,Kec. Kresek,280314,Kab. Tangerang,280300,Prov. Banten,280000,0,0,0,0,0,0,0,0,,
MIS DAARUSSALAM,60721254,MI,SWASTA,Kec. Kresek,280314,Kab. Tangerang,280300,Prov. Banten,280000,0,0,0,0,0,0,0,0,,
MIS EL-SYARIEF,60721252,MI,SWASTA,Kec. Kresek,280314,Kab. Tangerang,280300,Prov. Banten,280000,0,0,0,0,0,0,0,0,,
MIS MANBAUL HIKMAH,60721248,MI,SWASTA,Kec. Kresek,280314,Kab. Tangerang,280300,Prov. Banten,280000,0,0,0,0,0,0,0,0,,
MIS RIYADLUL MUBTADIIN,60721255,MI,SWASTA,Kec. Kresek,280314,Kab. Tangerang,280300,Prov. Banten,280000,0,0,0,0,0,0,0,0,,
MTS NU RADEN KEUNYEUP AL-BANTANI,70061538,MTs,SWASTA,Kec. Kresek,280314,Kab. Tangerang,280300,Prov. Banten,280000,0,0,0,0,0,0,0,0,,
MTSS A RIYADLUL JANNAH,20622779,MTs,SWASTA,Kec. Kresek,280314,Kab. Tangerang,280300,Prov. Banten,280000,0,0,0,0,0,0,0,0,,
MTSS AL AMIN KRESEK,60729820,MTs,SWASTA,Kec. Kresek,280314,Kab. Tangerang,280300,Prov. Banten,280000,0,0,0,0,0,0,0,0,,
MTSS AL KHAIRIYAH SOLOKAN,60729822,MTs,SWASTA,Kec. Kresek,280314,Kab. Tangerang,280300,Prov. Banten,280000,0,0,0,0,0,0,0,0,,
MTSS AL-HIKMAH,20622789,MTs,SWASTA,Kec. Kresek,280314,Kab. Tangerang,280300,Prov. Banten,280000,0,0,0,0,0,0,0,0,,
MTSS AL-KHAERIYAH TALOK,20622786,MTs,SWASTA,Kec. Kresek,280314,Kab. Tangerang,280300,Prov. Banten,280000,0,0,0,0,0,0,0,0,,
MTSS AL-KHAIRIYAH KANDANGGEDE,20622787,MTs,SWASTA,Kec. Kresek,280314,Kab. Tangerang,280300,Prov. Banten,280000,0,0,0,0,0,0,0,0,,
MTSS DAARUL AMIN,60729819,MTs,SWASTA,Kec. Kresek,280314,Kab. Tangerang,280300,Prov. Banten,280000,0,0,0,0,0,0,0,0,,
MTSS DARUL FALAH AL AROBI,60729821,MTs,SWASTA,Kec. Kresek,280314,Kab. Tangerang,280300,Prov. Banten,280000,0,0,0,0,0,0,0,0,,
MTSS EL-SYARIEF,20622783,MTs,SWASTA,Kec. Kresek,280314,Kab. Tangerang,280300,Prov. Banten,280000,0,0,0,0,0,0,0,0,,
MTSS ISLAMIYAH,20622782,MTs,SWASTA,Kec. Kresek,280314,Kab. Tangerang,280300,Prov. Banten,280000,0,0,0,0,0,0,0,0,,
MTSS MANBA`UL HIKMAH,20622780,MTs,SWASTA,Kec. Kresek,280314,Kab. Tangerang,280300,Prov. Banten,280000,0,0,0,0,0,0,0,0,,
MTSS NAHDLATUL ULUM,60729657,MTs,SWASTA,Kec. Kresek,280314,Kab. Tangerang,280300,Prov. Banten,280000,0,0,0,0,0,0,0,0,,
MTSS NURUL FALAH TALOK,20622784,MTs,SWASTA,Kec. Kresek,280314,Kab. Tangerang,280300,Prov. Banten,280000,0,0,0,0,0,0,0,0,,
MTSS NURUL IHSAN,20622790,MTs,SWASTA,Kec. Kresek,280314,Kab. Tangerang,280300,Prov. Banten,280000,0,0,0,0,0,0,0,0,,
MTSS SUBULUSSALAM,20622788,MTs,SWASTA,Kec. Kresek,280314,Kab. Tangerang,280300,Prov. Banten,280000,0,0,0,0,0,0,0,0,,
MA AL-FAIQ,69857761,MA,SWASTA,Kec. Kresek,280314,Kab. Tangerang,280300,Prov. Banten,280000,0,0,0,0,0,0,0,0,,
MAS AL AMIN KRESEK,60730030,MA,SWASTA,Kec. Kresek,280314,Kab. Tangerang,280300,Prov. Banten,280000,0,0,0,0,0,0,0,0,,
MAS AL FALAHIYAH KEMUNING,60730031,MA,SWASTA,Kec. Kresek,280314,Kab. Tangerang,280300,Prov. Banten,280000,0,0,0,0,0,0,0,0,,
MAS AL-HIKMAH,20622416,MA,SWASTA,Kec. Kresek,280314,Kab. Tangerang,280300,Prov. Banten,280000,0,0,0,0,0,0,0,0,,
MAS AL-KHAIRIYAH KANDANGGEDE,20622415,MA,SWASTA,Kec. Kresek,280314,Kab. Tangerang,280300,Prov. Banten,280000,0,0,0,0,0,0,0,0,,
MAS DARUL FALAH AL AROBI,60730032,MA,SWASTA,Kec. Kresek,280314,Kab. Tangerang,280300,Prov. Banten,280000,0,0,0,0,0,0,0,0,,
MAS EL-SYARIEF,20622422,MA,SWASTA,Kec. Kresek,280314,Kab. Tangerang,280300,Prov. Banten,280000,0,0,0,0,0,0,0,0,,
MAS ISLAMIYAH,20622421,MA,SWASTA,Kec. Kresek,280314,Kab. Tangerang,280300,Prov. Banten,280000,0,0,0,0,0,0,0,0,,
MAS MANBA`UL HIKMAH,20622417,MA,SWASTA,Kec. Kresek,280314,Kab. Tangerang,280300,Prov. Banten,280000,0,0,0,0,0,0,0,0,,
MAS NAHDLATUL ULUM,20622414,MA,SWASTA,Kec. Kresek,280314,Kab. Tangerang,280300,Prov. Banten,280000,0,0,0,0,0,0,0,0,,
MAS NURUL FALAH TALOK,20622420,MA,SWASTA,Kec. Kresek,280314,Kab. Tangerang,280300,Prov. Banten,280000,0,0,0,0,0,0,0,0,,
MAS NURUL IHSAN,20622419,MA,SWASTA,Kec. Kresek,280314,Kab. Tangerang,280300,Prov. Banten,280000,0,0,0,0,0,0,0,0,,
MAS SUBULUSSALAM,20622418,MA,SWASTA,Kec. Kresek,280314,Kab. Tangerang,280300,Prov. Banten,280000,0,0,0,0,0,0,0,0,,
MA BAITUL AHSIN,70061361,MA,SWASTA,Kec. Gunung Kaler,280338,Kab. Tangerang,280300,Prov. Banten,280000,0,0,0,0,0,0,0,0,,
MAS AN NOFAL,70010375,MA,SWASTA,Kec. Gunung Kaler,280338,Kab. Tangerang,280300,Prov. Banten,280000,0,0,0,0,0,0,0,0,,
MAS ASSALIMIYAH,20622247,MA,SWASTA,Kec. Gunung Kaler,280338,Kab. Tangerang,280300,Prov. Banten,280000,0,0,0,0,0,0,0,0,,
RA BAITUL YUMNA,70060847,RA,SWASTA,Kec. Gunung Kaler,280338,Kab. Tangerang,280300,Prov. Banten,280000,0,0,0,0,0,0,0,0,,
MI AWALUL HUDA,69977982,MI,SWASTA,Kec. Gunung Kaler,280338,Kab. Tangerang,280300,Prov. Banten,280000,0,0,0,0,0,0,0,0,,
MI BAITUL ARHAM,70060978,MI,SWASTA,Kec. Gunung Kaler,280338,Kab. Tangerang,280300,Prov. Banten,280000,0,0,0,0,0,0,0,0,,
MIS AL ISTIQOMAH GN.KALER,69824895,MI,SWASTA,Kec. Gunung Kaler,280338,Kab. Tangerang,280300,Prov. Banten,280000,0,0,0,0,0,0,0,0,,
MIS AL ISTIQOMAH TAMIANG,69932025,MI,SWASTA,Kec. Gunung Kaler,280338,Kab. Tangerang,280300,Prov. Banten,280000,0,0,0,0,0,0,0,0,,
MIS AL KHAERIYAH I KANDAWATI,69824890,MI,SWASTA,Kec. Gunung Kaler,280338,Kab. Tangerang,280300,Prov. Banten,280000,0,0,0,0,0,0,0,0,,
MIS AL KHAERIYAH II KANDAWATI,69824891,MI,SWASTA,Kec. Gunung Kaler,280338,Kab. Tangerang,280300,Prov. Banten,280000,0,0,0,0,0,0,0,0,,
MIS AL-MUGENI,69901984,MI,SWASTA,Kec. Gunung Kaler,280338,Kab. Tangerang,280300,Prov. Banten,280000,0,0,0,0,0,0,0,0,,
MIS AS SALIMIYAH KULUNG BAYA,69824894,MI,SWASTA,Kec. Gunung Kaler,280338,Kab. Tangerang,280300,Prov. Banten,280000,0,0,0,0,0,0,0,0,,
MIS BANI YAHYA,69824880,MI,SWASTA,Kec. Gunung Kaler,280338,Kab. Tangerang,280300,Prov. Banten,280000,0,0,0,0,0,0,0,0,,
MIS DAARUL HIKMAH,69824892,MI,SWASTA,Kec. Gunung Kaler,280338,Kab. Tangerang,280300,Prov. Banten,280000,0,0,0,0,0,0,0,0,,
MIS MATHLAUL HUDA,69824888,MI,SWASTA,Kec. Gunung Kaler,280338,Kab. Tangerang,280300,Prov. Banten,280000,0,0,0,0,0,0,0,0,,
MIS RAUDLATUL ULUMIYAH,69824889,MI,SWASTA,Kec. Gunung Kaler,280338,Kab. Tangerang,280300,Prov. Banten,280000,0,0,0,0,0,0,0,0,,
MTSS AS SALIMIYAH,60729826,MTs,SWASTA,Kec. Gunung Kaler,280338,Kab. Tangerang,280300,Prov. Banten,280000,0,0,0,0,0,0,0,0,,
MTSS DARUL HIKMAH,20622760,MTs,SWASTA,Kec. Gunung Kaler,280338,Kab. Tangerang,280300,Prov. Banten,280000,0,0,0,0,0,0,0,0,,
MTSS IBNU MASKI,69822451,MTs,SWASTA,Kec. Gunung Kaler,280338,Kab. Tangerang,280300,Prov. Banten,280000,0,0,0,0,0,0,0,0,,
MTSS NURUL HUDA KEDUNG,60729823,MTs,SWASTA,Kec. Gunung Kaler,280338,Kab. Tangerang,280300,Prov. Banten,280000,0,0,0,0,0,0,0,0,,
AL-JIHAD,69898297,RA,SWASTA,Kec. Jayanti,280322,Kab. Tangerang,280300,Prov. Banten,280000,0,0,0,0,0,0,0,0,,
AN NAHL,69995657,RA,SWASTA,Kec. Jayanti,280322,Kab. Tangerang,280300,Prov. Banten,280000,0,0,0,0,0,0,0,0,,
DAARUL AHSAN,69898293,RA,SWASTA,Kec. Jayanti,280322,Kab. Tangerang,280300,Prov. Banten,280000,0,0,0,0,0,0,0,0,,
NURUL FIKRI,69898295,RA,SWASTA,Kec. Jayanti,280322,Kab. Tangerang,280300,Prov. Banten,280000,0,0,0,0,0,0,0,0,,
RA AL - ISHLAH,69995214,RA,SWASTA,Kec. Jayanti,280322,Kab. Tangerang,280300,Prov. Banten,280000,0,0,0,0,0,0,0,0,,
RA TAUFIQURROHMAN,69898296,RA,SWASTA,Kec. Jayanti,280322,Kab. Tangerang,280300,Prov. Banten,280000,0,0,0,0,0,0,0,0,,
RA. AL ISTIQOMAH,69885480,RA,SWASTA,Kec. Jayanti,280322,Kab. Tangerang,280300,Prov. Banten,280000,0,0,0,0,0,0,0,0,,
RA. DAARUL MUBTADI-IN,69885479,RA,SWASTA,Kec. Jayanti,280322,Kab. Tangerang,280300,Prov. Banten,280000,0,0,0,0,0,0,0,0,,
SHIROTUSSALAM,69898294,RA,SWASTA,Kec. Jayanti,280322,Kab. Tangerang,280300,Prov. Banten,280000,0,0,0,0,0,0,0,0,,
MA SUBUL EL SALAM,69993280,MA,SWASTA,Kec. Jayanti,280322,Kab. Tangerang,280300,Prov. Banten,280000,0,0,0,0,0,0,0,0,,
MAS AL-AMIN,20623414,MA,SWASTA,Kec. Jayanti,280322,Kab. Tangerang,280300,Prov. Banten,280000,0,0,0,0,0,0,0,0,,
MAS ANNIDA,20622409,MA,SWASTA,Kec. Jayanti,280322,Kab. Tangerang,280300,Prov. Banten,280000,0,0,0,0,0,0,0,0,,
MAS DAAR EL-QOLAM,20623415,MA,SWASTA,Kec. Jayanti,280322,Kab. Tangerang,280300,Prov. Banten,280000,0,0,0,0,0,0,0,0,,
MAS HIDAYATUL UMMAH,20623413,MA,SWASTA,Kec. Jayanti,280322,Kab. Tangerang,280300,Prov. Banten,280000,0,0,0,0,0,0,0,0,,
MTSS AL-AMIN,20622770,MTs,SWASTA,Kec. Jayanti,280322,Kab. Tangerang,280300,Prov. Banten,280000,0,0,0,0,0,0,0,0,,
MTSS DAAR EL-QOLAM,20622768,MTs,SWASTA,Kec. Jayanti,280322,Kab. Tangerang,280300,Prov. Banten,280000,0,0,0,0,0,0,0,0,,
MTSS DAARUL AHSAN,20622772,MTs,SWASTA,Kec. Jayanti,280322,Kab. Tangerang,280300,Prov. Banten,280000,0,0,0,0,0,0,0,0,,
MTSS DAARUL MUBTADI-IN,20622766,MTs,SWASTA,Kec. Jayanti,280322,Kab. Tangerang,280300,Prov. Banten,280000,0,0,0,0,0,0,0,0,,
MTSS DARUL ISHLAH JAYANTI,20622769,MTs,SWASTA,Kec. Jayanti,280322,Kab. Tangerang,280300,Prov. Banten,280000,0,0,0,0,0,0,0,0,,
MTSS HIDAYATUL UMMAH,20622773,MTs,SWASTA,Kec. Jayanti,280322,Kab. Tangerang,280300,Prov. Banten,280000,0,0,0,0,0,0,0,0,,
MTSS MASYARIQUL ANWAR,20622771,MTs,SWASTA,Kec. Jayanti,280322,Kab. Tangerang,280300,Prov. Banten,280000,0,0,0,0,0,0,0,0,,
MTSS SUBULUS SALAM,20622774,MTs,SWASTA,Kec. Jayanti,280322,Kab. Tangerang,280300,Prov. Banten,280000,0,0,0,0,0,0,0,0,,
RAUDLATUL FALAH,69895224,MTs,SWASTA,Kec. Jayanti,280322,Kab. Tangerang,280300,Prov. Banten,280000,0,0,0,0,0,0,0,0,,
MIS AL HASANAH,69755502,MI,SWASTA,Kec. Jayanti,280322,Kab. Tangerang,280300,Prov. Banten,280000,0,0,0,0,0,0,0,0,,
MIS AL HUSAENIYAH,69755504,MI,SWASTA,Kec. Jayanti,280322,Kab. Tangerang,280300,Prov. Banten,280000,0,0,0,0,0,0,0,0,,
MIS AL KAROMAH,69755501,MI,SWASTA,Kec. Jayanti,280322,Kab. Tangerang,280300,Prov. Banten,280000,0,0,0,0,0,0,0,0,,
MIS MASYARIQUL ANWAR,69755500,MI,SWASTA,Kec. Jayanti,280322,Kab. Tangerang,280300,Prov. Banten,280000,0,0,0,0,0,0,0,0,,
MIS NURUL FALAH,69755499,MI,SWASTA,Kec. Jayanti,280322,Kab. Tangerang,280300,Prov. Banten,280000,0,0,0,0,0,0,0,0,,
MIS NURUL FALAH,69755503,MI,SWASTA,Kec. Jayanti,280322,Kab. Tangerang,280300,Prov. Banten,280000,0,0,0,0,0,0,0,0,,
MIS NURUL IKHWAN,69824950,MI,SWASTA,Kec. Jayanti,280322,Kab. Tangerang,280300,Prov. Banten,280000,0,0,0,0,0,0,0,0,,
MIS ULUL FIKRI,69755507,MI,SWASTA,Kec. Jayanti,280322,Kab. Tangerang,280300,Prov. Banten,280000,0,0,0,0,0,0,0,0,,
MAN 3 TANGERANG,20622441,MA,NEGERI,Kec. Sukadiri,280326,Kab. Tangerang,280300,Prov. Banten,280000,0,0,0,0,0,0,0,0,,
MAS DAARUL MUQIMIEN,20622442,MA,SWASTA,Kec. Sukadiri,280326,Kab. Tangerang,280300,Prov. Banten,280000,0,0,0,0,0,0,0,0,,
MIS AN-NUR,69725082,MI,SWASTA,Kec. Sukadiri,280326,Kab. Tangerang,280300,Prov. Banten,280000,0,0,0,0,0,0,0,0,,
MIS DAARUL MUQIMIEN,69725308,MI,SWASTA,Kec. Sukadiri,280326,Kab. Tangerang,280300,Prov. Banten,280000,0,0,0,0,0,0,0,0,,
MIS MATHLAUL ANWAR BEJI KOSAMBI,69725307,MI,SWASTA,Kec. Sukadiri,280326,Kab. Tangerang,280300,Prov. Banten,280000,0,0,0,0,0,0,0,0,,
MIS MATHLAUL ANWAR BUARAN JATI,69725302,MI,SWASTA,Kec. Sukadiri,280326,Kab. Tangerang,280300,Prov. Banten,280000,0,0,0,0,0,0,0,0,,
MIS MATHLAUL ANWAR GINTUNG 1,69725303,MI,SWASTA,Kec. Sukadiri,280326,Kab. Tangerang,280300,Prov. Banten,280000,0,0,0,0,0,0,0,0,,
MIS MATHLAUL ANWAR GINTUNG 2,69725304,MI,SWASTA,Kec. Sukadiri,280326,Kab. Tangerang,280300,Prov. Banten,280000,0,0,0,0,0,0,0,0,,
MIS MATHLAUL ANWAR PEKAYON 1,69725305,MI,SWASTA,Kec. Sukadiri,280326,Kab. Tangerang,280300,Prov. Banten,280000,0,0,0,0,0,0,0,0,,
MIS MATHLAUL ANWAR PEKAYON 2,69725306,MI,SWASTA,Kec. Sukadiri,280326,Kab. Tangerang,280300,Prov. Banten,280000,0,0,0,0,0,0,0,0,,
MIS TERPADU  IBNU SINA,69824954,MI,SWASTA,Kec. Sukadiri,280326,Kab. Tangerang,280300,Prov. Banten,280000,0,0,0,0,0,0,0,0,,
MTS AL MUHTADIIN,69977987,MTs,SWASTA,Kec. Sukadiri,280326,Kab. Tangerang,280300,Prov. Banten,280000,0,0,0,0,0,0,0,0,,
MTSS AL ASYARIYAH,60729869,MTs,SWASTA,Kec. Sukadiri,280326,Kab. Tangerang,280300,Prov. Banten,280000,0,0,0,0,0,0,0,0,,
MTSS DAARUL HIKMAH,60727328,MTs,SWASTA,Kec. Sukadiri,280326,Kab. Tangerang,280300,Prov. Banten,280000,0,0,0,0,0,0,0,0,,
MTSS DAARUL MUQIMIEN,60729870,MTs,SWASTA,Kec. Sukadiri,280326,Kab. Tangerang,280300,Prov. Banten,280000,0,0,0,0,0,0,0,0,,
MTSS MATHLAUL ANWAR SUKADIRI,60729871,MTs,SWASTA,Kec. Sukadiri,280326,Kab. Tangerang,280300,Prov. Banten,280000,0,0,0,0,0,0,0,0,,
RA DAARUL MUQIMIEN,69753372,RA,SWASTA,Kec. Sukadiri,280326,Kab. Tangerang,280300,Prov. Banten,280000,0,0,0,0,0,0,0,0,,
RA MATHLAUL ANWAR,69753370,RA,SWASTA,Kec. Sukadiri,280326,Kab. Tangerang,280300,Prov. Banten,280000,0,0,0,0,0,0,0,0,,
RA NURUL AMANAH,69753373,RA,SWASTA,Kec. Sukadiri,280326,Kab. Tangerang,280300,Prov. Banten,280000,0,0,0,0,0,0,0,0,,
RA AL-AMIN,69753350,RA,SWASTA,Kec. Mauk,280316,Kab. Tangerang,280300,Prov. Banten,280000,0,0,0,0,0,0,0,0,,
RA AL-FITROH,69753354,RA,SWASTA,Kec. Mauk,280316,Kab. Tangerang,280300,Prov. Banten,280000,0,0,0,0,0,0,0,0,,
RA AL-MABRUR,69753351,RA,SWASTA,Kec. Mauk,280316,Kab. Tangerang,280300,Prov. Banten,280000,0,0,0,0,0,0,0,0,,
RA AS-SYIFA,69753389,RA,SWASTA,Kec. Mauk,280316,Kab. Tangerang,280300,Prov. Banten,280000,0,0,0,0,0,0,0,0,,
RA DAARUL ULUM,69753355,RA,SWASTA,Kec. Mauk,280316,Kab. Tangerang,280300,Prov. Banten,280000,0,0,0,0,0,0,0,0,,
RA DWI TUNAS BANGSA,69756906,RA,SWASTA,Kec. Mauk,280316,Kab. Tangerang,280300,Prov. Banten,280000,0,0,0,0,0,0,0,0,,
RA ILHAMI MA,69753352,RA,SWASTA,Kec. Mauk,280316,Kab. Tangerang,280300,Prov. Banten,280000,0,0,0,0,0,0,0,0,,
RA NURUL HASANAH,70024973,RA,SWASTA,Kec. Mauk,280316,Kab. Tangerang,280300,Prov. Banten,280000,0,0,0,0,0,0,0,0,,
RA. AL-HAADI,69885492,RA,SWASTA,Kec. Mauk,280316,Kab. Tangerang,280300,Prov. Banten,280000,0,0,0,0,0,0,0,0,,
RA. ASSALAM,69885491,RA,SWASTA,Kec. Mauk,280316,Kab. Tangerang,280300,Prov. Banten,280000,0,0,0,0,0,0,0,0,,
MI MA`WATUN HASANAH ZAINUL,70030134,MI,SWASTA,Kec. Mauk,280316,Kab. Tangerang,280300,Prov. Banten,280000,0,0,0,0,0,0,0,0,,
MIS AL FURQON,60729474,MI,SWASTA,Kec. Mauk,280316,Kab. Tangerang,280300,Prov. Banten,280000,0,0,0,0,0,0,0,0,,
MIS AN NAJAH,60728723,MI,SWASTA,Kec. Mauk,280316,Kab. Tangerang,280300,Prov. Banten,280000,0,0,0,0,0,0,0,0,,
MIS DAARUL FATTAH,60729138,MI,SWASTA,Kec. Mauk,280316,Kab. Tangerang,280300,Prov. Banten,280000,0,0,0,0,0,0,0,0,,
MIS DARUL ULUM,69824919,MI,SWASTA,Kec. Mauk,280316,Kab. Tangerang,280300,Prov. Banten,280000,0,0,0,0,0,0,0,0,,
MIS MATHLAUL ANWAR BANYUASIH,60729600,MI,SWASTA,Kec. Mauk,280316,Kab. Tangerang,280300,Prov. Banten,280000,0,0,0,0,0,0,0,0,,
MIS MATHLAUL ANWAR TEGAL KUNIR,69824917,MI,SWASTA,Kec. Mauk,280316,Kab. Tangerang,280300,Prov. Banten,280000,0,0,0,0,0,0,0,0,,
MIS MATHLAUL ANWARILHAMI,60721271,MI,SWASTA,Kec. Mauk,280316,Kab. Tangerang,280300,Prov. Banten,280000,0,0,0,0,0,0,0,0,,
MIS NURUL ARDANIYAH,69824918,MI,SWASTA,Kec. Mauk,280316,Kab. Tangerang,280300,Prov. Banten,280000,0,0,0,0,0,0,0,0,,
MIS RAUDHATUL HIDAYAH 2,60728724,MI,SWASTA,Kec. Mauk,280316,Kab. Tangerang,280300,Prov. Banten,280000,0,0,0,0,0,0,0,0,,
MIS RAUDLATUL HIDAYAH 01,60729473,MI,SWASTA,Kec. Mauk,280316,Kab. Tangerang,280300,Prov. Banten,280000,0,0,0,0,0,0,0,0,,
MIS RAUDLATUSSALAM,60728449,MI,SWASTA,Kec. Mauk,280316,Kab. Tangerang,280300,Prov. Banten,280000,0,0,0,0,0,0,0,0,,
MAS RAUDLATUL HIDAYAH,69941777,MA,SWASTA,Kec. Mauk,280316,Kab. Tangerang,280300,Prov. Banten,280000,0,0,0,0,0,0,0,0,,
MTSS AL MABRUR,60729830,MTs,SWASTA,Kec. Mauk,280316,Kab. Tangerang,280300,Prov. Banten,280000,0,0,0,0,0,0,0,0,,
MTSS DAARUL FATTAAH,60729829,MTs,SWASTA,Kec. Mauk,280316,Kab. Tangerang,280300,Prov. Banten,280000,0,0,0,0,0,0,0,0,,
MTSS NURUL QUDDUS,60729828,MTs,SWASTA,Kec. Mauk,280316,Kab. Tangerang,280300,Prov. Banten,280000,0,0,0,0,0,0,0,0,,
MTSS RAUDLATUL HIDAYAH,60729827,MTs,SWASTA,Kec. Mauk,280316,Kab. Tangerang,280300,Prov. Banten,280000,0,0,0,0,0,0,0,0,,
MTSS SA DARUL ULUM,60729655,MTs,SWASTA,Kec. Mauk,280316,Kab. Tangerang,280300,Prov. Banten,280000,0,0,0,0,0,0,0,0,,
AL-KAUTSAR,69898280,RA,SWASTA,Kec. Cisauk,280324,Kab. Tangerang,280300,Prov. Banten,280000,0,0,0,0,0,0,0,0,,
AZ-ZAHRA,69898279,RA,SWASTA,Kec. Cisauk,280324,Kab. Tangerang,280300,Prov. Banten,280000,0,0,0,0,0,0,0,0,,
MIFTAHUL ULUM,69898278,RA,SWASTA,Kec. Cisauk,280324,Kab. Tangerang,280300,Prov. Banten,280000,0,0,0,0,0,0,0,0,,
RIZQI 2,69898281,RA,SWASTA,Kec. Cisauk,280324,Kab. Tangerang,280300,Prov. Banten,280000,0,0,0,0,0,0,0,0,,
MIS HIDAYATUL IKHWAN,69752518,MI,SWASTA,Kec. Cisauk,280324,Kab. Tangerang,280300,Prov. Banten,280000,0,0,0,0,0,0,0,0,,
MIS HIDAYATUL MUBTADIIN,60721218,MI,SWASTA,Kec. Cisauk,280324,Kab. Tangerang,280300,Prov. Banten,280000,0,0,0,0,0,0,0,0,,
MIS MATHLAUL ANWAR CISAUK,69752510,MI,SWASTA,Kec. Cisauk,280324,Kab. Tangerang,280300,Prov. Banten,280000,0,0,0,0,0,0,0,0,,
MIS MIFTAHUL HUDA DANGDANG,69752526,MI,SWASTA,Kec. Cisauk,280324,Kab. Tangerang,280300,Prov. Banten,280000,0,0,0,0,0,0,0,0,,
MIS NURUL FALAH CISAUK,69752523,MI,SWASTA,Kec. Cisauk,280324,Kab. Tangerang,280300,Prov. Banten,280000,0,0,0,0,0,0,0,0,,
MIS NURUL FALAH SURADITA,69752514,MI,SWASTA,Kec. Cisauk,280324,Kab. Tangerang,280300,Prov. Banten,280000,0,0,0,0,0,0,0,0,,
MIS NURUL HUDA SAMPORA,69752525,MI,SWASTA,Kec. Cisauk,280324,Kab. Tangerang,280300,Prov. Banten,280000,0,0,0,0,0,0,0,0,,
MIS NURUL IMAN CIBOGO,69752521,MI,SWASTA,Kec. Cisauk,280324,Kab. Tangerang,280300,Prov. Banten,280000,0,0,0,0,0,0,0,0,,
MTSS AL - BAROKAH HS,20622737,MTs,SWASTA,Kec. Cisauk,280324,Kab. Tangerang,280300,Prov. Banten,280000,0,0,0,0,0,0,0,0,,
MTSS NURUL FALAH,20622733,MTs,SWASTA,Kec. Cisauk,280324,Kab. Tangerang,280300,Prov. Banten,280000,0,0,0,0,0,0,0,0,,
MTSS NURUL HUDA,20622732,MTs,SWASTA,Kec. Cisauk,280324,Kab. Tangerang,280300,Prov. Banten,280000,0,0,0,0,0,0,0,0,,
MTSS NURUL ISLAM CISAUK,20622734,MTs,SWASTA,Kec. Cisauk,280324,Kab. Tangerang,280300,Prov. Banten,280000,0,0,0,0,0,0,0,0,,
MTSS RUHUL BAYAN CISAUK,20622735,MTs,SWASTA,Kec. Cisauk,280324,Kab. Tangerang,280300,Prov. Banten,280000,0,0,0,0,0,0,0,0,,
MI AFWAJA,69995120,MI,SWASTA,Kec. Sukamulya,280333,Kab. Tangerang,280300,Prov. Banten,280000,0,0,0,0,0,0,0,0,,
MIS AL HUSNA KUBANG,69755506,MI,SWASTA,Kec. Sukamulya,280333,Kab. Tangerang,280300,Prov. Banten,280000,0,0,0,0,0,0,0,0,,
MIS ALDISA,70043077,MI,SWASTA,Kec. Sukamulya,280333,Kab. Tangerang,280300,Prov. Banten,280000,0,0,0,0,0,0,0,0,,
MIS AN-NUR BUNAR,60721325,MI,SWASTA,Kec. Sukamulya,280333,Kab. Tangerang,280300,Prov. Banten,280000,0,0,0,0,0,0,0,0,,
MIS AR-RIFA,70008845,MI,SWASTA,Kec. Sukamulya,280333,Kab. Tangerang,280300,Prov. Banten,280000,0,0,0,0,0,0,0,0,,
MIS PERINTIS FUTUHIYAH,69755505,MI,SWASTA,Kec. Sukamulya,280333,Kab. Tangerang,280300,Prov. Banten,280000,0,0,0,0,0,0,0,0,,
MIS TAZWIDUL AULAD,69824951,MI,SWASTA,Kec. Sukamulya,280333,Kab. Tangerang,280300,Prov. Banten,280000,0,0,0,0,0,0,0,0,,
MAS INSAN AULIA,70010336,MA,SWASTA,Kec. Sukamulya,280333,Kab. Tangerang,280300,Prov. Banten,280000,0,0,0,0,0,0,0,0,,
MAS NUR EL IHSAN AL FALAHIYYAH,60730029,MA,SWASTA,Kec. Sukamulya,280333,Kab. Tangerang,280300,Prov. Banten,280000,0,0,0,0,0,0,0,0,,
MAS PERINTIS FUTUHIYYAH,60730028,MA,SWASTA,Kec. Sukamulya,280333,Kab. Tangerang,280300,Prov. Banten,280000,0,0,0,0,0,0,0,0,,
RA NUR EL FADHILAH,69994489,RA,SWASTA,Kec. Sukamulya,280333,Kab. Tangerang,280300,Prov. Banten,280000,0,0,0,0,0,0,0,0,,
RA. AZ ZAHRAH,69885525,RA,SWASTA,Kec. Sukamulya,280333,Kab. Tangerang,280300,Prov. Banten,280000,0,0,0,0,0,0,0,0,,
RA. NURUL IMAN,69885526,RA,SWASTA,Kec. Sukamulya,280333,Kab. Tangerang,280300,Prov. Banten,280000,0,0,0,0,0,0,0,0,,
MTS ALDISA,70049737,MTs,SWASTA,Kec. Sukamulya,280333,Kab. Tangerang,280300,Prov. Banten,280000,0,0,0,0,0,0,0,0,,
MTS INSAN AULIA,70028832,MTs,SWASTA,Kec. Sukamulya,280333,Kab. Tangerang,280300,Prov. Banten,280000,0,0,0,0,0,0,0,0,,
MTS RAUDHATUL FAUZIAH,70026534,MTs,SWASTA,Kec. Sukamulya,280333,Kab. Tangerang,280300,Prov. Banten,280000,0,0,0,0,0,0,0,0,,
MTSN 4 TANGERANG,20622828,MTs,NEGERI,Kec. Sukamulya,280333,Kab. Tangerang,280300,Prov. Banten,280000,0,0,0,0,0,0,0,0,,
MTSS AL-BAROKAH,20622831,MTs,SWASTA,Kec. Sukamulya,280333,Kab. Tangerang,280300,Prov. Banten,280000,0,0,0,0,0,0,0,0,,
MTSS AN-NUR BUNAR,20622830,MTs,SWASTA,Kec. Sukamulya,280333,Kab. Tangerang,280300,Prov. Banten,280000,0,0,0,0,0,0,0,0,,
MTSS NUR EL IHSAN AL FALAHIYAH,20622829,MTs,SWASTA,Kec. Sukamulya,280333,Kab. Tangerang,280300,Prov. Banten,280000,0,0,0,0,0,0,0,0,,
MTSS PERINTIS FUTUHIYAH,60729818,MTs,SWASTA,Kec. Sukamulya,280333,Kab. Tangerang,280300,Prov. Banten,280000,0,0,0,0,0,0,0,0,,
MIS AL FALAHIYAH CIRUMPAK,69824912,MI,SWASTA,Kec. Kronjo,280315,Kab. Tangerang,280300,Prov. Banten,280000,0,0,0,0,0,0,0,0,,
MIS AL ISLAMIYAH I MUNCUNG,69824908,MI,SWASTA,Kec. Kronjo,280315,Kab. Tangerang,280300,Prov. Banten,280000,0,0,0,0,0,0,0,0,,
MIS AL-FADHILAH,69941378,MI,SWASTA,Kec. Kronjo,280315,Kab. Tangerang,280300,Prov. Banten,280000,0,0,0,0,0,0,0,0,,
MIS ASSYAFIIYAH,69726146,MI,SWASTA,Kec. Kronjo,280315,Kab. Tangerang,280300,Prov. Banten,280000,0,0,0,0,0,0,0,0,,
MIS ATTOYYIBAH,69824916,MI,SWASTA,Kec. Kronjo,280315,Kab. Tangerang,280300,Prov. Banten,280000,0,0,0,0,0,0,0,0,,
MIS DAARURROHMAH,69824879,MI,SWASTA,Kec. Kronjo,280315,Kab. Tangerang,280300,Prov. Banten,280000,0,0,0,0,0,0,0,0,,
MIS DARUSSALAM ASSYAFI`IE,69824913,MI,SWASTA,Kec. Kronjo,280315,Kab. Tangerang,280300,Prov. Banten,280000,0,0,0,0,0,0,0,0,,
MIS NURUL FALAHIYAH,69824953,MI,SWASTA,Kec. Kronjo,280315,Kab. Tangerang,280300,Prov. Banten,280000,0,0,0,0,0,0,0,0,,
MIS NURUL HIDAYAH 2 KRONJO,69824909,MI,SWASTA,Kec. Kronjo,280315,Kab. Tangerang,280300,Prov. Banten,280000,0,0,0,0,0,0,0,0,,
MIS NURUL HIDAYAH I PASILIAN,69824911,MI,SWASTA,Kec. Kronjo,280315,Kab. Tangerang,280300,Prov. Banten,280000,0,0,0,0,0,0,0,0,,
MIS NURUL HUDA PAGENJAHAN,69824910,MI,SWASTA,Kec. Kronjo,280315,Kab. Tangerang,280300,Prov. Banten,280000,0,0,0,0,0,0,0,0,,
MIS RAUDLATUL AULAD,69824914,MI,SWASTA,Kec. Kronjo,280315,Kab. Tangerang,280300,Prov. Banten,280000,0,0,0,0,0,0,0,0,,
MIS RAUDLATUL MAJIDIYAH,69824882,MI,SWASTA,Kec. Kronjo,280315,Kab. Tangerang,280300,Prov. Banten,280000,0,0,0,0,0,0,0,0,,
NURUL HIDAYAH,69898308,RA,SWASTA,Kec. Kronjo,280315,Kab. Tangerang,280300,Prov. Banten,280000,0,0,0,0,0,0,0,0,,
MAN 4 TANGERANG,20622423,MA,NEGERI,Kec. Kronjo,280315,Kab. Tangerang,280300,Prov. Banten,280000,0,0,0,0,0,0,0,0,,
MAS AL FALAHIYAH ASYTARI,60730034,MA,SWASTA,Kec. Kronjo,280315,Kab. Tangerang,280300,Prov. Banten,280000,0,0,0,0,0,0,0,0,,
MAS AT THOYYIBAH,70042677,MA,SWASTA,Kec. Kronjo,280315,Kab. Tangerang,280300,Prov. Banten,280000,0,0,0,0,0,0,0,0,,
MTS NURUL INAYAH,69977986,MTs,SWASTA,Kec. Kronjo,280315,Kab. Tangerang,280300,Prov. Banten,280000,0,0,0,0,0,0,0,0,,
MTSS AL - FALAHIYAH,20622793,MTs,SWASTA,Kec. Kronjo,280315,Kab. Tangerang,280300,Prov. Banten,280000,0,0,0,0,0,0,0,0,,
MTSS AL-AMANAH,20622792,MTs,SWASTA,Kec. Kronjo,280315,Kab. Tangerang,280300,Prov. Banten,280000,0,0,0,0,0,0,0,0,,
MTSS AL-HALIMIYAH,20622796,MTs,SWASTA,Kec. Kronjo,280315,Kab. Tangerang,280300,Prov. Banten,280000,0,0,0,0,0,0,0,0,,
MTSS AL-ITTIHAD BLUKBUK,20622794,MTs,SWASTA,Kec. Kronjo,280315,Kab. Tangerang,280300,Prov. Banten,280000,0,0,0,0,0,0,0,0,,
MTSS AS SAFIIYAH,60729867,MTs,SWASTA,Kec. Kronjo,280315,Kab. Tangerang,280300,Prov. Banten,280000,0,0,0,0,0,0,0,0,,
MTSS NURUL HIDAYAH KRONJO,20622795,MTs,SWASTA,Kec. Kronjo,280315,Kab. Tangerang,280300,Prov. Banten,280000,0,0,0,0,0,0,0,0,,
MTSS NURUL HUDA PAGENJAHAN,20622791,MTs,SWASTA,Kec. Kronjo,280315,Kab. Tangerang,280300,Prov. Banten,280000,0,0,0,0,0,0,0,0,,
MTSS NURUL HUDA WAL-ITTIHAD,20622797,MTs,SWASTA,Kec. Kronjo,280315,Kab. Tangerang,280300,Prov. Banten,280000,0,0,0,0,0,0,0,0,,
MTSS NURUNNISA,20622798,MTs,SWASTA,Kec. Kronjo,280315,Kab. Tangerang,280300,Prov. Banten,280000,0,0,0,0,0,0,0,0,,
RA AL ITTIHAD,69888949,RA,SWASTA,Kec. Jambe,280323,Kab. Tangerang,280300,Prov. Banten,280000,0,0,0,0,0,0,0,0,,
RA AL-KAMIL,70007133,RA,SWASTA,Kec. Jambe,280323,Kab. Tangerang,280300,Prov. Banten,280000,0,0,0,0,0,0,0,0,,
RAS TARBIYATUL FALAH,70041807,RA,SWASTA,Kec. Jambe,280323,Kab. Tangerang,280300,Prov. Banten,280000,0,0,0,0,0,0,0,0,,
MAS IBNU IWANG,69886309,MA,SWASTA,Kec. Jambe,280323,Kab. Tangerang,280300,Prov. Banten,280000,0,0,0,0,0,0,0,0,,
MAS YABIKA,20622283,MA,SWASTA,Kec. Jambe,280323,Kab. Tangerang,280300,Prov. Banten,280000,0,0,0,0,0,0,0,0,,
MIS AL HAMIDIYAH,69824896,MI,SWASTA,Kec. Jambe,280323,Kab. Tangerang,280300,Prov. Banten,280000,0,0,0,0,0,0,0,0,,
MIS AL ITTIHAD,69824898,MI,SWASTA,Kec. Jambe,280323,Kab. Tangerang,280300,Prov. Banten,280000,0,0,0,0,0,0,0,0,,
MIS AL-HUSNA TABAN,60721237,MI,SWASTA,Kec. Jambe,280323,Kab. Tangerang,280300,Prov. Banten,280000,0,0,0,0,0,0,0,0,,
MIS HIDAYATUS SHIBYAN,69824897,MI,SWASTA,Kec. Jambe,280323,Kab. Tangerang,280300,Prov. Banten,280000,0,0,0,0,0,0,0,0,,
MIS MATHLAUL HUDA,60721236,MI,SWASTA,Kec. Jambe,280323,Kab. Tangerang,280300,Prov. Banten,280000,0,0,0,0,0,0,0,0,,
MIS YABIKA,60721238,MI,SWASTA,Kec. Jambe,280323,Kab. Tangerang,280300,Prov. Banten,280000,0,0,0,0,0,0,0,0,,
MTS AL ITTIHAD,69977985,MTs,SWASTA,Kec. Jambe,280323,Kab. Tangerang,280300,Prov. Banten,280000,0,0,0,0,0,0,0,0,,
MTSS AL HAMIDIYAH,20622764,MTs,SWASTA,Kec. Jambe,280323,Kab. Tangerang,280300,Prov. Banten,280000,0,0,0,0,0,0,0,0,,
MTSS AL-ISHLAHIYAH,20622762,MTs,SWASTA,Kec. Jambe,280323,Kab. Tangerang,280300,Prov. Banten,280000,0,0,0,0,0,0,0,0,,
MTSS AZ-ZUHRIYYAH,20622763,MTs,SWASTA,Kec. Jambe,280323,Kab. Tangerang,280300,Prov. Banten,280000,0,0,0,0,0,0,0,0,,
MTSS JAMBE,20622765,MTs,SWASTA,Kec. Jambe,280323,Kab. Tangerang,280300,Prov. Banten,280000,0,0,0,0,0,0,0,0,,
MTSS YABIKA,20622761,MTs,SWASTA,Kec. Jambe,280323,Kab. Tangerang,280300,Prov. Banten,280000,0,0,0,0,0,0,0,0,,
RA AL-HUJJAJIYAH,69753374,RA,SWASTA,Kec. Kemiri,280325,Kab. Tangerang,280300,Prov. Banten,280000,0,0,0,0,0,0,0,0,,
MA AL IKHLAS ASSALAM TANGERANG,70059113,MA,SWASTA,Kec. Kemiri,280325,Kab. Tangerang,280300,Prov. Banten,280000,0,0,0,0,0,0,0,0,,
MAS RAUDHATUT TULLAB,20622412,MA,SWASTA,Kec. Kemiri,280325,Kab. Tangerang,280300,Prov. Banten,280000,0,0,0,0,0,0,0,0,,
MTS AL-IKHLAS ASSALAM TANGERANG,70058675,MTs,SWASTA,Kec. Kemiri,280325,Kab. Tangerang,280300,Prov. Banten,280000,0,0,0,0,0,0,0,0,,
MTSS AL FALAHIYAH KEMIRI,60729872,MTs,SWASTA,Kec. Kemiri,280325,Kab. Tangerang,280300,Prov. Banten,280000,0,0,0,0,0,0,0,0,,
MTSS DARUL ABROR,60729873,MTs,SWASTA,Kec. Kemiri,280325,Kab. Tangerang,280300,Prov. Banten,280000,0,0,0,0,0,0,0,0,,
MTSS RAUDHATUT TULLAB,20622778,MTs,SWASTA,Kec. Kemiri,280325,Kab. Tangerang,280300,Prov. Banten,280000,0,0,0,0,0,0,0,0,,
MIS AL HUSNA,69824901,MI,SWASTA,Kec. Kemiri,280325,Kab. Tangerang,280300,Prov. Banten,280000,0,0,0,0,0,0,0,0,,
MIS DAARUL MUHAJIRIN,69941379,MI,SWASTA,Kec. Kemiri,280325,Kab. Tangerang,280300,Prov. Banten,280000,0,0,0,0,0,0,0,0,,
MIS DAARUT TAUFIQ,69824883,MI,SWASTA,Kec. Kemiri,280325,Kab. Tangerang,280300,Prov. Banten,280000,0,0,0,0,0,0,0,0,,
MIS EL MADINA,69824906,MI,SWASTA,Kec. Kemiri,280325,Kab. Tangerang,280300,Prov. Banten,280000,0,0,0,0,0,0,0,0,,
MIS MATHLAUL ANWAR KARANG ANYAR,60721245,MI,SWASTA,Kec. Kemiri,280325,Kab. Tangerang,280300,Prov. Banten,280000,0,0,0,0,0,0,0,0,,
MIS MATHLAUL ANWAR KELEBET II,69824905,MI,SWASTA,Kec. Kemiri,280325,Kab. Tangerang,280300,Prov. Banten,280000,0,0,0,0,0,0,0,0,,
MIS MATHLAUL ANWAR PATRAMANGGALA,60721244,MI,SWASTA,Kec. Kemiri,280325,Kab. Tangerang,280300,Prov. Banten,280000,0,0,0,0,0,0,0,0,,
MIS RAUDHATUT TULLAB,60721246,MI,SWASTA,Kec. Kemiri,280325,Kab. Tangerang,280300,Prov. Banten,280000,0,0,0,0,0,0,0,0,,
MIS RAUDLATUL MUBTADIIN KEMIRI,69824907,MI,SWASTA,Kec. Kemiri,280325,Kab. Tangerang,280300,Prov. Banten,280000,0,0,0,0,0,0,0,0,,
MTS ANWARUL `ILMI,69993294,MTs,SWASTA,Kec. Mekar Baru,280339,Kab. Tangerang,280300,Prov. Banten,280000,0,0,0,0,0,0,0,0,,
MTSN 7 TANGERANG,69988265,MTs,NEGERI,Kec. Mekar Baru,280339,Kab. Tangerang,280300,Prov. Banten,280000,0,0,0,0,0,0,0,0,,
MTSS AL-IHSAN KIRABUN,20622805,MTs,SWASTA,Kec. Mekar Baru,280339,Kab. Tangerang,280300,Prov. Banten,280000,0,0,0,0,0,0,0,0,,
MTSS AL-JAUHARATUN NAQIYAH,20622806,MTs,SWASTA,Kec. Mekar Baru,280339,Kab. Tangerang,280300,Prov. Banten,280000,0,0,0,0,0,0,0,0,,
MTSS ASHHABUL MAIMANAH,20622808,MTs,SWASTA,Kec. Mekar Baru,280339,Kab. Tangerang,280300,Prov. Banten,280000,0,0,0,0,0,0,0,0,,
MTSS BABUR ROHIM,20622807,MTs,SWASTA,Kec. Mekar Baru,280339,Kab. Tangerang,280300,Prov. Banten,280000,0,0,0,0,0,0,0,0,,
MTSS MATHLAUL FAJRI,69725614,MTs,SWASTA,Kec. Mekar Baru,280339,Kab. Tangerang,280300,Prov. Banten,280000,0,0,0,0,0,0,0,0,,
MTSS NURUL FALAH RAWA WALUH,60729825,MTs,SWASTA,Kec. Mekar Baru,280339,Kab. Tangerang,280300,Prov. Banten,280000,0,0,0,0,0,0,0,0,,
MA AL - KHUDAEVAH,70030384,MA,SWASTA,Kec. Mekar Baru,280339,Kab. Tangerang,280300,Prov. Banten,280000,0,0,0,0,0,0,0,0,,
MAS AL-JAUHARATUN NAQIYAH,20622425,MA,SWASTA,Kec. Mekar Baru,280339,Kab. Tangerang,280300,Prov. Banten,280000,0,0,0,0,0,0,0,0,,
MAS ANWARUL ILMI,70010335,MA,SWASTA,Kec. Mekar Baru,280339,Kab. Tangerang,280300,Prov. Banten,280000,0,0,0,0,0,0,0,0,,
MAS GAGA,69815307,MA,SWASTA,Kec. Mekar Baru,280339,Kab. Tangerang,280300,Prov. Banten,280000,0,0,0,0,0,0,0,0,,
MAS JAMIYATUL QURRO,60729878,MA,SWASTA,Kec. Mekar Baru,280339,Kab. Tangerang,280300,Prov. Banten,280000,0,0,0,0,0,0,0,0,,
MATHLAUL HUDA,60728722,MI,SWASTA,Kec. Mekar Baru,280339,Kab. Tangerang,280300,Prov. Banten,280000,0,0,0,0,0,0,0,0,,
MIS AL HUSNA WAZIYADAH,60721278,MI,SWASTA,Kec. Mekar Baru,280339,Kab. Tangerang,280300,Prov. Banten,280000,0,0,0,0,0,0,0,0,,
MIS AL ISLAMIYAH 2,60721274,MI,SWASTA,Kec. Mekar Baru,280339,Kab. Tangerang,280300,Prov. Banten,280000,0,0,0,0,0,0,0,0,,
MIS AL ISLAMIYAH 3,60721272,MI,SWASTA,Kec. Mekar Baru,280339,Kab. Tangerang,280300,Prov. Banten,280000,0,0,0,0,0,0,0,0,,
MIS AL JAUHAROTUN NAQIYAH,60721276,MI,SWASTA,Kec. Mekar Baru,280339,Kab. Tangerang,280300,Prov. Banten,280000,0,0,0,0,0,0,0,0,,
MIS NURUL AMIN,60721260,MI,SWASTA,Kec. Mekar Baru,280339,Kab. Tangerang,280300,Prov. Banten,280000,0,0,0,0,0,0,0,0,,
MIS NURUL FALAH RAWA WALUH,60721273,MI,SWASTA,Kec. Mekar Baru,280339,Kab. Tangerang,280300,Prov. Banten,280000,0,0,0,0,0,0,0,0,,
MIS NURUL HIKMAH,60721275,MI,SWASTA,Kec. Mekar Baru,280339,Kab. Tangerang,280300,Prov. Banten,280000,0,0,0,0,0,0,0,0,,
MIS RAUDHATUL MUTAALIMIN,60721279,MI,SWASTA,Kec. Mekar Baru,280339,Kab. Tangerang,280300,Prov. Banten,280000,0,0,0,0,0,0,0,0,,
MAN 1 SERANG,20623388,MA,NEGERI,Kec. Kragilan,280413,Kab. Serang,280400,Prov. Banten,280000,0,0,0,0,0,0,0,0,,
MAS AL MUCHLISIN,20616046,MA,SWASTA,Kec. Kragilan,280413,Kab. Serang,280400,Prov. Banten,280000,0,0,0,0,0,0,0,0,,
MAS MIFTAHUL ULUM,69815362,MA,SWASTA,Kec. Kragilan,280413,Kab. Serang,280400,Prov. Banten,280000,0,0,0,0,0,0,0,0,,
MAS NWIN,20623390,MA,SWASTA,Kec. Kragilan,280413,Kab. Serang,280400,Prov. Banten,280000,0,0,0,0,0,0,0,0,,
MTSS AL KHAIRIYAH PALEMBANGAN,60729691,MTs,SWASTA,Kec. Kragilan,280413,Kab. Serang,280400,Prov. Banten,280000,0,0,0,0,0,0,0,0,,
MTSS AL MUCHLISIN,60729690,MTs,SWASTA,Kec. Kragilan,280413,Kab. Serang,280400,Prov. Banten,280000,0,0,0,0,0,0,0,0,,
MTSS HIDAYATUL QUR`AN BANTEN,70043184,MTs,SWASTA,Kec. Kragilan,280413,Kab. Serang,280400,Prov. Banten,280000,0,0,0,0,0,0,0,0,,
MTSS NURUSSAMAWATI WAL-ARDHI INDASA NUSUSIYYATI,20622890,MTs,SWASTA,Kec. Kragilan,280413,Kab. Serang,280400,Prov. Banten,280000,0,0,0,0,0,0,0,0,,
DARUTTAQWA,69898368,RA,SWASTA,Kec. Kragilan,280413,Kab. Serang,280400,Prov. Banten,280000,0,0,0,0,0,0,0,0,,
RA AISYAH SYAHLA SALSABILA,70031933,RA,SWASTA,Kec. Kragilan,280413,Kab. Serang,280400,Prov. Banten,280000,0,0,0,0,0,0,0,0,,
RA ARRAYHAN IBNU SALAM,70059698,RA,SWASTA,Kec. Kragilan,280413,Kab. Serang,280400,Prov. Banten,280000,0,0,0,0,0,0,0,0,,
RA MUTIARA,70060329,RA,SWASTA,Kec. Kragilan,280413,Kab. Serang,280400,Prov. Banten,280000,0,0,0,0,0,0,0,0,,
RA RIYADHUL MUBTADIIN,70042248,RA,SWASTA,Kec. Kragilan,280413,Kab. Serang,280400,Prov. Banten,280000,0,0,0,0,0,0,0,0,,
RA. AL MUAWANAH,69885555,RA,SWASTA,Kec. Kragilan,280413,Kab. Serang,280400,Prov. Banten,280000,0,0,0,0,0,0,0,0,,
RA. BANI AKHMAD,69887945,RA,SWASTA,Kec. Kragilan,280413,Kab. Serang,280400,Prov. Banten,280000,0,0,0,0,0,0,0,0,,
RA. BINA INSAN,69887946,RA,SWASTA,Kec. Kragilan,280413,Kab. Serang,280400,Prov. Banten,280000,0,0,0,0,0,0,0,0,,
RA. USWATUN HASANAH,69887944,RA,SWASTA,Kec. Kragilan,280413,Kab. Serang,280400,Prov. Banten,280000,0,0,0,0,0,0,0,0,,
MI AL BAROKAH,70044984,MI,SWASTA,Kec. Kragilan,280413,Kab. Serang,280400,Prov. Banten,280000,0,0,0,0,0,0,0,0,,
MI AL-KHAIRIYAH PALEMBANGAN,69827714,MI,SWASTA,Kec. Kragilan,280413,Kab. Serang,280400,Prov. Banten,280000,0,0,0,0,0,0,0,0,,
MI TQ AZ-ZAHRA,70045568,MI,SWASTA,Kec. Kragilan,280413,Kab. Serang,280400,Prov. Banten,280000,0,0,0,0,0,0,0,0,,
MIS LAA TAHZAN,70011191,MI,SWASTA,Kec. Kragilan,280413,Kab. Serang,280400,Prov. Banten,280000,0,0,0,0,0,0,0,0,,
MI AL-AQSHO TAHFIDZUL QUR`AN,70039298,MI,SWASTA,Kec. Kramatwatu,280422,Kab. Serang,280400,Prov. Banten,280000,0,0,0,0,0,0,0,0,,
MI BAITUL QUR`AN BANTEN,70033069,MI,SWASTA,Kec. Kramatwatu,280422,Kab. Serang,280400,Prov. Banten,280000,0,0,0,0,0,0,0,0,,
MI TERPADU BANY SALIM,69993279,MI,SWASTA,Kec. Kramatwatu,280422,Kab. Serang,280400,Prov. Banten,280000,0,0,0,0,0,0,0,0,,
AL-AQSHO PEGADINGAN,69955751,MA,SWASTA,Kec. Kramatwatu,280422,Kab. Serang,280400,Prov. Banten,280000,0,0,0,0,0,0,0,0,,
MAS MIFTAHUN NAJAH LAMONGAN,20623391,MA,SWASTA,Kec. Kramatwatu,280422,Kab. Serang,280400,Prov. Banten,280000,0,0,0,0,0,0,0,0,,
AL AQSHO PEGADINGAN,69898373,RA,SWASTA,Kec. Kramatwatu,280422,Kab. Serang,280400,Prov. Banten,280000,0,0,0,0,0,0,0,0,,
BANI SYARFI,69898371,RA,SWASTA,Kec. Kramatwatu,280422,Kab. Serang,280400,Prov. Banten,280000,0,0,0,0,0,0,0,0,,
BANY SALIM,69898370,RA,SWASTA,Kec. Kramatwatu,280422,Kab. Serang,280400,Prov. Banten,280000,0,0,0,0,0,0,0,0,,
NURUL IKHLAS,69898372,RA,SWASTA,Kec. Kramatwatu,280422,Kab. Serang,280400,Prov. Banten,280000,0,0,0,0,0,0,0,0,,
RA AL FATTAH,70028977,RA,SWASTA,Kec. Kramatwatu,280422,Kab. Serang,280400,Prov. Banten,280000,0,0,0,0,0,0,0,0,,
RA AL-HIKMAH,70011161,RA,SWASTA,Kec. Kramatwatu,280422,Kab. Serang,280400,Prov. Banten,280000,0,0,0,0,0,0,0,0,,
RA AN-NUR,70033071,RA,SWASTA,Kec. Kramatwatu,280422,Kab. Serang,280400,Prov. Banten,280000,0,0,0,0,0,0,0,0,,
RA ASY-SYIFA,69977944,RA,SWASTA,Kec. Kramatwatu,280422,Kab. Serang,280400,Prov. Banten,280000,0,0,0,0,0,0,0,0,,
RA BAITUL MUTTAQIEN,69887947,RA,SWASTA,Kec. Kramatwatu,280422,Kab. Serang,280400,Prov. Banten,280000,0,0,0,0,0,0,0,0,,
RA NURUL QUR`AN,69994532,RA,SWASTA,Kec. Kramatwatu,280422,Kab. Serang,280400,Prov. Banten,280000,0,0,0,0,0,0,0,0,,
RA TAUD SAQU INSAN CERDAS,70027809,RA,SWASTA,Kec. Kramatwatu,280422,Kab. Serang,280400,Prov. Banten,280000,0,0,0,0,0,0,0,0,,
RA. AL ISTIQOMAH GSI,69887948,RA,SWASTA,Kec. Kramatwatu,280422,Kab. Serang,280400,Prov. Banten,280000,0,0,0,0,0,0,0,0,,
RA. AL-JAUHAROTULLAMA`AH,69887950,RA,SWASTA,Kec. Kramatwatu,280422,Kab. Serang,280400,Prov. Banten,280000,0,0,0,0,0,0,0,0,,
RA. BABUSSALAM,69885557,RA,SWASTA,Kec. Kramatwatu,280422,Kab. Serang,280400,Prov. Banten,280000,0,0,0,0,0,0,0,0,,
RA. BAITUL ULUM,69885558,RA,SWASTA,Kec. Kramatwatu,280422,Kab. Serang,280400,Prov. Banten,280000,0,0,0,0,0,0,0,0,,
RA. KARYA BHAKTI,69885556,RA,SWASTA,Kec. Kramatwatu,280422,Kab. Serang,280400,Prov. Banten,280000,0,0,0,0,0,0,0,0,,
RA. NURUL IMAN,69887949,RA,SWASTA,Kec. Kramatwatu,280422,Kab. Serang,280400,Prov. Banten,280000,0,0,0,0,0,0,0,0,,
TARBIYATUL AULAD,69898369,RA,SWASTA,Kec. Kramatwatu,280422,Kab. Serang,280400,Prov. Banten,280000,0,0,0,0,0,0,0,0,,
AL-JAUHAROTUNNAQIYAH PEGADINGAN,69895228,MTs,SWASTA,Kec. Kramatwatu,280422,Kab. Serang,280400,Prov. Banten,280000,0,0,0,0,0,0,0,0,,
MTS ASH SHIRAATH,70045251,MTs,SWASTA,Kec. Kramatwatu,280422,Kab. Serang,280400,Prov. Banten,280000,0,0,0,0,0,0,0,0,,
MTSS AL AQSHO PEGADINGAN,69941512,MTs,SWASTA,Kec. Kramatwatu,280422,Kab. Serang,280400,Prov. Banten,280000,0,0,0,0,0,0,0,0,,
MTSS AL-JAUHAROTUNNAQIYAH WANASABA,20622892,MTs,SWASTA,Kec. Kramatwatu,280422,Kab. Serang,280400,Prov. Banten,280000,0,0,0,0,0,0,0,0,,
MTSS BANY TSAMIN,20622891,MTs,SWASTA,Kec. Kramatwatu,280422,Kab. Serang,280400,Prov. Banten,280000,0,0,0,0,0,0,0,0,,
MTSS DARUNNADWAH,69932040,MTs,SWASTA,Kec. Kramatwatu,280422,Kab. Serang,280400,Prov. Banten,280000,0,0,0,0,0,0,0,0,,
MTSS MIFTAHUN NAJAH LAMONGAN,20614110,MTs,SWASTA,Kec. Kramatwatu,280422,Kab. Serang,280400,Prov. Banten,280000,0,0,0,0,0,0,0,0,,
MTSS TARBIYATUL AKHLAK,69932041,MTs,SWASTA,Kec. Kramatwatu,280422,Kab. Serang,280400,Prov. Banten,280000,0,0,0,0,0,0,0,0,,
MAN 2 SERANG,69988268,MA,NEGERI,Kec. Cikeusal,280408,Kab. Serang,280400,Prov. Banten,280000,0,0,0,0,0,0,0,0,,
MAS AL HIDAYAH,69873587,MA,SWASTA,Kec. Cikeusal,280408,Kab. Serang,280400,Prov. Banten,280000,0,0,0,0,0,0,0,0,,
MAS AL- ISLAH,20623376,MA,SWASTA,Kec. Cikeusal,280408,Kab. Serang,280400,Prov. Banten,280000,0,0,0,0,0,0,0,0,,
MAS ASSA`ADAH DAHU,20623374,MA,SWASTA,Kec. Cikeusal,280408,Kab. Serang,280400,Prov. Banten,280000,0,0,0,0,0,0,0,0,,
MAS NURUL ALAMI,20623375,MA,SWASTA,Kec. Cikeusal,280408,Kab. Serang,280400,Prov. Banten,280000,0,0,0,0,0,0,0,0,,
DARUSSALAM,69898357,RA,SWASTA,Kec. Cikeusal,280408,Kab. Serang,280400,Prov. Banten,280000,0,0,0,0,0,0,0,0,,
NURUL ALAMI,69898365,RA,SWASTA,Kec. Cikeusal,280408,Kab. Serang,280400,Prov. Banten,280000,0,0,0,0,0,0,0,0,,
RA AL-FALAH,70045322,RA,SWASTA,Kec. Cikeusal,280408,Kab. Serang,280400,Prov. Banten,280000,0,0,0,0,0,0,0,0,,
RA NUR FADILLAH,69977941,RA,SWASTA,Kec. Cikeusal,280408,Kab. Serang,280400,Prov. Banten,280000,0,0,0,0,0,0,0,0,,
RA. AL HIKMAH,69885541,RA,SWASTA,Kec. Cikeusal,280408,Kab. Serang,280400,Prov. Banten,280000,0,0,0,0,0,0,0,0,,
RA. AL MUAWANAH,69887921,RA,SWASTA,Kec. Cikeusal,280408,Kab. Serang,280400,Prov. Banten,280000,0,0,0,0,0,0,0,0,,
RA. BANI SHOCIB,69887918,RA,SWASTA,Kec. Cikeusal,280408,Kab. Serang,280400,Prov. Banten,280000,0,0,0,0,0,0,0,0,,
RA. KHAERU UMMAH,69887919,RA,SWASTA,Kec. Cikeusal,280408,Kab. Serang,280400,Prov. Banten,280000,0,0,0,0,0,0,0,0,,
RA. NURUL FALAH KATUPANG,69887923,RA,SWASTA,Kec. Cikeusal,280408,Kab. Serang,280400,Prov. Banten,280000,0,0,0,0,0,0,0,0,,
RA. NURUL HUDA BANGKONG,69887922,RA,SWASTA,Kec. Cikeusal,280408,Kab. Serang,280400,Prov. Banten,280000,0,0,0,0,0,0,0,0,,
RA. NURUL IKHLAS,69887920,RA,SWASTA,Kec. Cikeusal,280408,Kab. Serang,280400,Prov. Banten,280000,0,0,0,0,0,0,0,0,,
MTS AL - MUHYIDDIN,70033789,MTs,SWASTA,Kec. Cikeusal,280408,Kab. Serang,280400,Prov. Banten,280000,0,0,0,0,0,0,0,0,,
MTS DARUL AMANAH CILAYANG,70028211,MTs,SWASTA,Kec. Cikeusal,280408,Kab. Serang,280400,Prov. Banten,280000,0,0,0,0,0,0,0,0,,
MTSN 3 SERANG,20622862,MTs,NEGERI,Kec. Cikeusal,280408,Kab. Serang,280400,Prov. Banten,280000,0,0,0,0,0,0,0,0,,
MTSS AL-HIDAYAH,20622863,MTs,SWASTA,Kec. Cikeusal,280408,Kab. Serang,280400,Prov. Banten,280000,0,0,0,0,0,0,0,0,,
MTSS DARUL AMANAH,60729673,MTs,SWASTA,Kec. Cikeusal,280408,Kab. Serang,280400,Prov. Banten,280000,0,0,0,0,0,0,0,0,,
MTSS DARUSSHOLIHIN,60729671,MTs,SWASTA,Kec. Cikeusal,280408,Kab. Serang,280400,Prov. Banten,280000,0,0,0,0,0,0,0,0,,
MTSS NURUL ALAMI,20622864,MTs,SWASTA,Kec. Cikeusal,280408,Kab. Serang,280400,Prov. Banten,280000,0,0,0,0,0,0,0,0,,
MTSS NURUL HUDA,60729672,MTs,SWASTA,Kec. Cikeusal,280408,Kab. Serang,280400,Prov. Banten,280000,0,0,0,0,0,0,0,0,,
MI AN-NAZWA,69994745,MI,SWASTA,Kec. Cikeusal,280408,Kab. Serang,280400,Prov. Banten,280000,0,0,0,0,0,0,0,0,,
MIS FIRDAUSUL ALAMI,69932030,MI,SWASTA,Kec. Cikeusal,280408,Kab. Serang,280400,Prov. Banten,280000,0,0,0,0,0,0,0,0,,
MIS KATULISAN,60721367,MI,SWASTA,Kec. Cikeusal,280408,Kab. Serang,280400,Prov. Banten,280000,0,0,0,0,0,0,0,0,,
MI ANNIDA,70036214,MI,SWASTA,Kec. Cikande,280412,Kab. Serang,280400,Prov. Banten,280000,0,0,0,0,0,0,0,0,,
MI FATIMATUL JAHROH,69994721,MI,SWASTA,Kec. Cikande,280412,Kab. Serang,280400,Prov. Banten,280000,0,0,0,0,0,0,0,0,,
MIS AL - AMIN CIKANDE,60721361,MI,SWASTA,Kec. Cikande,280412,Kab. Serang,280400,Prov. Banten,280000,0,0,0,0,0,0,0,0,,
MIS AL-HIDAYAH GORDA,60721360,MI,SWASTA,Kec. Cikande,280412,Kab. Serang,280400,Prov. Banten,280000,0,0,0,0,0,0,0,0,,
MIS AL-KHAERIYAH BADAK,60721356,MI,SWASTA,Kec. Cikande,280412,Kab. Serang,280400,Prov. Banten,280000,0,0,0,0,0,0,0,0,,
MIS AL-KHAIRIYAH,60721358,MI,SWASTA,Kec. Cikande,280412,Kab. Serang,280400,Prov. Banten,280000,0,0,0,0,0,0,0,0,,
MIS AS-SHOFIAH,60721365,MI,SWASTA,Kec. Cikande,280412,Kab. Serang,280400,Prov. Banten,280000,0,0,0,0,0,0,0,0,,
MIS BAITUL AQSHA,69881949,MI,SWASTA,Kec. Cikande,280412,Kab. Serang,280400,Prov. Banten,280000,0,0,0,0,0,0,0,0,,
MIS DAAR EL-MUFLIHIN,60721366,MI,SWASTA,Kec. Cikande,280412,Kab. Serang,280400,Prov. Banten,280000,0,0,0,0,0,0,0,0,,
MIS DARUL AKHYAR,60721359,MI,SWASTA,Kec. Cikande,280412,Kab. Serang,280400,Prov. Banten,280000,0,0,0,0,0,0,0,0,,
MIS NURUL FALAH ERETAN,60721357,MI,SWASTA,Kec. Cikande,280412,Kab. Serang,280400,Prov. Banten,280000,0,0,0,0,0,0,0,0,,
MIS ROUDHOTUL IKHWAN,60721363,MI,SWASTA,Kec. Cikande,280412,Kab. Serang,280400,Prov. Banten,280000,0,0,0,0,0,0,0,0,,
MIS ROUDHOTUL ULUM,60721364,MI,SWASTA,Kec. Cikande,280412,Kab. Serang,280400,Prov. Banten,280000,0,0,0,0,0,0,0,0,,
MIS YAUMIN,60721362,MI,SWASTA,Kec. Cikande,280412,Kab. Serang,280400,Prov. Banten,280000,0,0,0,0,0,0,0,0,,
MTSS AL MAARIF SONGGOM,69895741,MTs,SWASTA,Kec. Cikande,280412,Kab. Serang,280400,Prov. Banten,280000,0,0,0,0,0,0,0,0,,
MTSS ATTOYYIBIYYAH,20622857,MTs,SWASTA,Kec. Cikande,280412,Kab. Serang,280400,Prov. Banten,280000,0,0,0,0,0,0,0,0,,
MTSS DAAR EL KHAEROT,69725825,MTs,SWASTA,Kec. Cikande,280412,Kab. Serang,280400,Prov. Banten,280000,0,0,0,0,0,0,0,0,,
MTSS KULNI,20622859,MTs,SWASTA,Kec. Cikande,280412,Kab. Serang,280400,Prov. Banten,280000,0,0,0,0,0,0,0,0,,
MTSS MATHLAB EL AWAM,69886428,MTs,SWASTA,Kec. Cikande,280412,Kab. Serang,280400,Prov. Banten,280000,0,0,0,0,0,0,0,0,,
MTSS MIFTAHUSAADAH ASSAMUNIYAH,69895742,MTs,SWASTA,Kec. Cikande,280412,Kab. Serang,280400,Prov. Banten,280000,0,0,0,0,0,0,0,0,,
MTSS NUR ET TAQWA,69725805,MTs,SWASTA,Kec. Cikande,280412,Kab. Serang,280400,Prov. Banten,280000,0,0,0,0,0,0,0,0,,
MTSS NURUL FATAH CIKANDE,20622860,MTs,SWASTA,Kec. Cikande,280412,Kab. Serang,280400,Prov. Banten,280000,0,0,0,0,0,0,0,0,,
MTSS ROUDHOTUL HIKMAH,20622858,MTs,SWASTA,Kec. Cikande,280412,Kab. Serang,280400,Prov. Banten,280000,0,0,0,0,0,0,0,0,,
MTSS ROUDOTUSSALAM,69725806,MTs,SWASTA,Kec. Cikande,280412,Kab. Serang,280400,Prov. Banten,280000,0,0,0,0,0,0,0,0,,
MTSS YAUMIN,20622861,MTs,SWASTA,Kec. Cikande,280412,Kab. Serang,280400,Prov. Banten,280000,0,0,0,0,0,0,0,0,,
DAAR EL-KHAIRAT,69894900,MA,SWASTA,Kec. Cikande,280412,Kab. Serang,280400,Prov. Banten,280000,0,0,0,0,0,0,0,0,,
MAS ATTOYYIBIYYAH,20623372,MA,SWASTA,Kec. Cikande,280412,Kab. Serang,280400,Prov. Banten,280000,0,0,0,0,0,0,0,0,,
MAS KULLIYYATUL AL-NAASYIIN AL-ISLAMIYYAH (KULNI),69873578,MA,SWASTA,Kec. Cikande,280412,Kab. Serang,280400,Prov. Banten,280000,0,0,0,0,0,0,0,0,,
MAS MATHLAB EL AWWAM CIKANDE,20614086,MA,SWASTA,Kec. Cikande,280412,Kab. Serang,280400,Prov. Banten,280000,0,0,0,0,0,0,0,0,,
MAS NUR ET TAQWA,20623371,MA,SWASTA,Kec. Cikande,280412,Kab. Serang,280400,Prov. Banten,280000,0,0,0,0,0,0,0,0,,
MAS ROUDHOTUL HIKMAH,20623373,MA,SWASTA,Kec. Cikande,280412,Kab. Serang,280400,Prov. Banten,280000,0,0,0,0,0,0,0,0,,
MAS ROUDOTUSSALAM,69734322,MA,SWASTA,Kec. Cikande,280412,Kab. Serang,280400,Prov. Banten,280000,0,0,0,0,0,0,0,0,,
MAS YAUMIN,20623389,MA,SWASTA,Kec. Cikande,280412,Kab. Serang,280400,Prov. Banten,280000,0,0,0,0,0,0,0,0,,
BAITUL AQSHA,69898364,RA,SWASTA,Kec. Cikande,280412,Kab. Serang,280400,Prov. Banten,280000,0,0,0,0,0,0,0,0,,
DAAR EL MUFLIHIN,69898363,RA,SWASTA,Kec. Cikande,280412,Kab. Serang,280400,Prov. Banten,280000,0,0,0,0,0,0,0,0,,
NURUL FALAH,69898362,RA,SWASTA,Kec. Cikande,280412,Kab. Serang,280400,Prov. Banten,280000,0,0,0,0,0,0,0,0,,
RA. AL - MUDZAKKAROH,69887905,RA,SWASTA,Kec. Cikande,280412,Kab. Serang,280400,Prov. Banten,280000,0,0,0,0,0,0,0,0,,
RA. AL KHOIR,69885540,RA,SWASTA,Kec. Cikande,280412,Kab. Serang,280400,Prov. Banten,280000,0,0,0,0,0,0,0,0,,
RA. ANISA,69887903,RA,SWASTA,Kec. Cikande,280412,Kab. Serang,280400,Prov. Banten,280000,0,0,0,0,0,0,0,0,,
RA. ARRASILAH,69887909,RA,SWASTA,Kec. Cikande,280412,Kab. Serang,280400,Prov. Banten,280000,0,0,0,0,0,0,0,0,,
RA. ATTOYYIBIYYAH,69887902,RA,SWASTA,Kec. Cikande,280412,Kab. Serang,280400,Prov. Banten,280000,0,0,0,0,0,0,0,0,,
RA. DAAR EL-KHAIRAT,69887906,RA,SWASTA,Kec. Cikande,280412,Kab. Serang,280400,Prov. Banten,280000,0,0,0,0,0,0,0,0,,
RA. DAARUL FALAH,69887910,RA,SWASTA,Kec. Cikande,280412,Kab. Serang,280400,Prov. Banten,280000,0,0,0,0,0,0,0,0,,
RA. DARUL AKHYAR,69887901,RA,SWASTA,Kec. Cikande,280412,Kab. Serang,280400,Prov. Banten,280000,0,0,0,0,0,0,0,0,,
RA. FATIMATUL JAHROH,69887916,RA,SWASTA,Kec. Cikande,280412,Kab. Serang,280400,Prov. Banten,280000,0,0,0,0,0,0,0,0,,
RA. HIDAYATUL MUSTAFID,69887908,RA,SWASTA,Kec. Cikande,280412,Kab. Serang,280400,Prov. Banten,280000,0,0,0,0,0,0,0,0,,
RA. MAFATIHUL ULUM,69887900,RA,SWASTA,Kec. Cikande,280412,Kab. Serang,280400,Prov. Banten,280000,0,0,0,0,0,0,0,0,,
RA. NUR EL QUR`AN,69887911,RA,SWASTA,Kec. Cikande,280412,Kab. Serang,280400,Prov. Banten,280000,0,0,0,0,0,0,0,0,,
RA. NURUL FATAH,69887915,RA,SWASTA,Kec. Cikande,280412,Kab. Serang,280400,Prov. Banten,280000,0,0,0,0,0,0,0,0,,
RA. NURUL HUSNA,69887913,RA,SWASTA,Kec. Cikande,280412,Kab. Serang,280400,Prov. Banten,280000,0,0,0,0,0,0,0,0,,
RA. RAIHAN AL - AZMI,69887912,RA,SWASTA,Kec. Cikande,280412,Kab. Serang,280400,Prov. Banten,280000,0,0,0,0,0,0,0,0,,
RA. RAUDATUL ULUM,69887907,RA,SWASTA,Kec. Cikande,280412,Kab. Serang,280400,Prov. Banten,280000,0,0,0,0,0,0,0,0,,
RA. SYIFA FIKRIYA,69887904,RA,SWASTA,Kec. Cikande,280412,Kab. Serang,280400,Prov. Banten,280000,0,0,0,0,0,0,0,0,,
RA. YASSHOFI,69885539,RA,SWASTA,Kec. Cikande,280412,Kab. Serang,280400,Prov. Banten,280000,0,0,0,0,0,0,0,0,,
AL KHAIRIYAH CIPARAY,69898366,RA,SWASTA,Kec. Cinangka,280401,Kab. Serang,280400,Prov. Banten,280000,0,0,0,0,0,0,0,0,,
DARUSALAM,69995658,RA,SWASTA,Kec. Cinangka,280401,Kab. Serang,280400,Prov. Banten,280000,0,0,0,0,0,0,0,0,,
RA AL HUDA,69994491,RA,SWASTA,Kec. Cinangka,280401,Kab. Serang,280400,Prov. Banten,280000,0,0,0,0,0,0,0,0,,
RA DUTA BANGSA,69993235,RA,SWASTA,Kec. Cinangka,280401,Kab. Serang,280400,Prov. Banten,280000,0,0,0,0,0,0,0,0,,
RA. AL - MASUTIYAH KUBANGKAREES,69885544,RA,SWASTA,Kec. Cinangka,280401,Kab. Serang,280400,Prov. Banten,280000,0,0,0,0,0,0,0,0,,
RA. AL-KHAIRIYAH CEMPAKA,69887926,RA,SWASTA,Kec. Cinangka,280401,Kab. Serang,280400,Prov. Banten,280000,0,0,0,0,0,0,0,0,,
RA. AL-KHAIRIYAH KAMASAN,69885545,RA,SWASTA,Kec. Cinangka,280401,Kab. Serang,280400,Prov. Banten,280000,0,0,0,0,0,0,0,0,,
RA. AL-KHAIRIYAH KAMPUNG BARU,69885546,RA,SWASTA,Kec. Cinangka,280401,Kab. Serang,280400,Prov. Banten,280000,0,0,0,0,0,0,0,0,,
RA. AL-KHAIRIYAH MENDONG,69885543,RA,SWASTA,Kec. Cinangka,280401,Kab. Serang,280400,Prov. Banten,280000,0,0,0,0,0,0,0,0,,
RA. AL-KHAIRIYAH TAPOS,69887925,RA,SWASTA,Kec. Cinangka,280401,Kab. Serang,280400,Prov. Banten,280000,0,0,0,0,0,0,0,0,,
RA. AL-MAARIJ,69887924,RA,SWASTA,Kec. Cinangka,280401,Kab. Serang,280400,Prov. Banten,280000,0,0,0,0,0,0,0,0,,
RA. AT-TAUBAH,69885542,RA,SWASTA,Kec. Cinangka,280401,Kab. Serang,280400,Prov. Banten,280000,0,0,0,0,0,0,0,0,,
RA. ISLAMIYAH DARUL ANWAR,69885547,RA,SWASTA,Kec. Cinangka,280401,Kab. Serang,280400,Prov. Banten,280000,0,0,0,0,0,0,0,0,,
RA. NURUL HIKMAH,69885548,RA,SWASTA,Kec. Cinangka,280401,Kab. Serang,280400,Prov. Banten,280000,0,0,0,0,0,0,0,0,,
MIS MAMBAUL HIKAM BINGLU,60721372,MI,SWASTA,Kec. Cinangka,280401,Kab. Serang,280400,Prov. Banten,280000,0,0,0,0,0,0,0,0,,
MIS MATHLAUL ANWAR,60721368,MI,SWASTA,Kec. Cinangka,280401,Kab. Serang,280400,Prov. Banten,280000,0,0,0,0,0,0,0,0,,
MIS MATHLAUL ANWAR CIRIUNG,60721369,MI,SWASTA,Kec. Cinangka,280401,Kab. Serang,280400,Prov. Banten,280000,0,0,0,0,0,0,0,0,,
MIS MATHLAUL ANWAR KEPUH,60721371,MI,SWASTA,Kec. Cinangka,280401,Kab. Serang,280400,Prov. Banten,280000,0,0,0,0,0,0,0,0,,
MIS. ISLAMIYAH KUBANGKAREES,60721370,MI,SWASTA,Kec. Cinangka,280401,Kab. Serang,280400,Prov. Banten,280000,0,0,0,0,0,0,0,0,,
MAS AL-KHAIRIYAH SINDANGLAYA,20623379,MA,SWASTA,Kec. Cinangka,280401,Kab. Serang,280400,Prov. Banten,280000,0,0,0,0,0,0,0,0,,
MAS DARUL ANWAR BOARDING SCHOOL,20623377,MA,SWASTA,Kec. Cinangka,280401,Kab. Serang,280400,Prov. Banten,280000,0,0,0,0,0,0,0,0,,
MAS MATHLA`UL ANWAR KEPUH,20623378,MA,SWASTA,Kec. Cinangka,280401,Kab. Serang,280400,Prov. Banten,280000,0,0,0,0,0,0,0,0,,
MAS TURIDA PANCURAN MAS,69886310,MA,SWASTA,Kec. Cinangka,280401,Kab. Serang,280400,Prov. Banten,280000,0,0,0,0,0,0,0,0,,
MTSS AL-KHAERIYAH BULAKAN,60730148,MTs,SWASTA,Kec. Cinangka,280401,Kab. Serang,280400,Prov. Banten,280000,0,0,0,0,0,0,0,0,,
MTSS AL-KHAERIYAH CIKOLELET,20622870,MTs,SWASTA,Kec. Cinangka,280401,Kab. Serang,280400,Prov. Banten,280000,0,0,0,0,0,0,0,0,,
MTSS AL-KHAIRIYAH KAMASAN,20622866,MTs,SWASTA,Kec. Cinangka,280401,Kab. Serang,280400,Prov. Banten,280000,0,0,0,0,0,0,0,0,,
MTSS AL-KHAIRIYAH KARANG SURAGA,20622871,MTs,SWASTA,Kec. Cinangka,280401,Kab. Serang,280400,Prov. Banten,280000,0,0,0,0,0,0,0,0,,
MTSS AL-KHAIRIYAH PASAURAN,20622872,MTs,SWASTA,Kec. Cinangka,280401,Kab. Serang,280400,Prov. Banten,280000,0,0,0,0,0,0,0,0,,
MTSS AL-KHAIRIYAH SINDANGLAYA,20622865,MTs,SWASTA,Kec. Cinangka,280401,Kab. Serang,280400,Prov. Banten,280000,0,0,0,0,0,0,0,0,,
MTSS MA KEPUH,20622867,MTs,SWASTA,Kec. Cinangka,280401,Kab. Serang,280400,Prov. Banten,280000,0,0,0,0,0,0,0,0,,
MTSS MATHLAUL ANWAR SADATANI,20622869,MTs,SWASTA,Kec. Cinangka,280401,Kab. Serang,280400,Prov. Banten,280000,0,0,0,0,0,0,0,0,,
MTSS. ISLAMIYAH KUBANGKAREES,20622868,MTs,SWASTA,Kec. Cinangka,280401,Kab. Serang,280400,Prov. Banten,280000,0,0,0,0,0,0,0,0,,
AL BAROKAH,69963342,RA,SWASTA,Kec. Ciruas,280424,Kab. Serang,280400,Prov. Banten,280000,0,0,0,0,0,0,0,0,,
AL HIKMAH CIMIUNG,69958190,RA,SWASTA,Kec. Ciruas,280424,Kab. Serang,280400,Prov. Banten,280000,0,0,0,0,0,0,0,0,,
HANIFAH,69958191,RA,SWASTA,Kec. Ciruas,280424,Kab. Serang,280400,Prov. Banten,280000,0,0,0,0,0,0,0,0,,
RA AL HIDAYAH,69887930,RA,SWASTA,Kec. Ciruas,280424,Kab. Serang,280400,Prov. Banten,280000,0,0,0,0,0,0,0,0,,
RA. AL - LATIF,69885552,RA,SWASTA,Kec. Ciruas,280424,Kab. Serang,280400,Prov. Banten,280000,0,0,0,0,0,0,0,0,,
RA. AL-ISHLAH,69887929,RA,SWASTA,Kec. Ciruas,280424,Kab. Serang,280400,Prov. Banten,280000,0,0,0,0,0,0,0,0,,
RA. ARBA`ATUNNISA,69887927,RA,SWASTA,Kec. Ciruas,280424,Kab. Serang,280400,Prov. Banten,280000,0,0,0,0,0,0,0,0,,
RA. DAARUL FAQIH,69885553,RA,SWASTA,Kec. Ciruas,280424,Kab. Serang,280400,Prov. Banten,280000,0,0,0,0,0,0,0,0,,
RA. DAARUL MUTTAQIEN,69885551,RA,SWASTA,Kec. Ciruas,280424,Kab. Serang,280400,Prov. Banten,280000,0,0,0,0,0,0,0,0,,
RA. WALADUN SHOLIH,69887928,RA,SWASTA,Kec. Ciruas,280424,Kab. Serang,280400,Prov. Banten,280000,0,0,0,0,0,0,0,0,,
MIS AL KHAIRIYAH KEPANDEAN,60721376,MI,SWASTA,Kec. Ciruas,280424,Kab. Serang,280400,Prov. Banten,280000,0,0,0,0,0,0,0,0,,
MIS AL-KHAIRIYAH KARANGANYAR,60721375,MI,SWASTA,Kec. Ciruas,280424,Kab. Serang,280400,Prov. Banten,280000,0,0,0,0,0,0,0,0,,
MAS AL-HIKMAH CIRUAS,20623382,MA,SWASTA,Kec. Ciruas,280424,Kab. Serang,280400,Prov. Banten,280000,0,0,0,0,0,0,0,0,,
MTS. NEGERI 1 SERANG,20622876,MTs,NEGERI,Kec. Ciruas,280424,Kab. Serang,280400,Prov. Banten,280000,0,0,0,0,0,0,0,0,,
MTSS AL KHAIRIYAH CIGELAM,69895743,MTs,SWASTA,Kec. Ciruas,280424,Kab. Serang,280400,Prov. Banten,280000,0,0,0,0,0,0,0,0,,
MTSS AL KHAIRIYAH KEPANDEAN,69941513,MTs,SWASTA,Kec. Ciruas,280424,Kab. Serang,280400,Prov. Banten,280000,0,0,0,0,0,0,0,0,,
MTSS AL-HIKMAH CIRUAS,20622878,MTs,SWASTA,Kec. Ciruas,280424,Kab. Serang,280400,Prov. Banten,280000,0,0,0,0,0,0,0,0,,
MTSS ASSALAM CIRUAS,20622877,MTs,SWASTA,Kec. Ciruas,280424,Kab. Serang,280400,Prov. Banten,280000,0,0,0,0,0,0,0,0,,
RA. AL AMANAH PERSIS 30,69887954,RA,SWASTA,Kec. Padarincang,280402,Kab. Serang,280400,Prov. Banten,280000,0,0,0,0,0,0,0,0,,
RA. MIFTAHUL JANNAH,69887955,RA,SWASTA,Kec. Padarincang,280402,Kab. Serang,280400,Prov. Banten,280000,0,0,0,0,0,0,0,0,,
RA. NURUL MUCHTAR,69887953,RA,SWASTA,Kec. Padarincang,280402,Kab. Serang,280400,Prov. Banten,280000,0,0,0,0,0,0,0,0,,
RA. TARBIYATUL MUBTADIIN,69885560,RA,SWASTA,Kec. Padarincang,280402,Kab. Serang,280400,Prov. Banten,280000,0,0,0,0,0,0,0,0,,
MAN 3 SERANG,70060453,MA,NEGERI,Kec. Padarincang,280402,Kab. Serang,280400,Prov. Banten,280000,0,0,0,0,0,0,0,0,,
MAS AL-KHAIRIYAH RANCARANJI,20623395,MA,SWASTA,Kec. Padarincang,280402,Kab. Serang,280400,Prov. Banten,280000,0,0,0,0,0,0,0,0,,
MAS BISMILLAH,69755538,MA,SWASTA,Kec. Padarincang,280402,Kab. Serang,280400,Prov. Banten,280000,0,0,0,0,0,0,0,0,,
MAS PERSIS,69886312,MA,SWASTA,Kec. Padarincang,280402,Kab. Serang,280400,Prov. Banten,280000,0,0,0,0,0,0,0,0,,
MATHLA L ANWAR CITASUK,69955750,MA,SWASTA,Kec. Padarincang,280402,Kab. Serang,280400,Prov. Banten,280000,0,0,0,0,0,0,0,0,,
MTS TARBIYATUL MUBTADIIN,70045250,MTs,SWASTA,Kec. Padarincang,280402,Kab. Serang,280400,Prov. Banten,280000,0,0,0,0,0,0,0,0,,
MTSN 2 SERANG,20622904,MTs,NEGERI,Kec. Padarincang,280402,Kab. Serang,280400,Prov. Banten,280000,0,0,0,0,0,0,0,0,,
MTSS AL-KHAIRIYAH RANCARANJI,20622906,MTs,SWASTA,Kec. Padarincang,280402,Kab. Serang,280400,Prov. Banten,280000,0,0,0,0,0,0,0,0,,
MTSS BARUGBUG CIOMAS,20622909,MTs,SWASTA,Kec. Padarincang,280402,Kab. Serang,280400,Prov. Banten,280000,0,0,0,0,0,0,0,0,,
MTSS DARUL IRFAN BUGEL,20622908,MTs,SWASTA,Kec. Padarincang,280402,Kab. Serang,280400,Prov. Banten,280000,0,0,0,0,0,0,0,0,,
MTSS MATHLAUL ANWAR CITASUK,20605428,MTs,SWASTA,Kec. Padarincang,280402,Kab. Serang,280400,Prov. Banten,280000,0,0,0,0,0,0,0,0,,
MTSS NURUL HIDAYAH CIBAWANG,20622907,MTs,SWASTA,Kec. Padarincang,280402,Kab. Serang,280400,Prov. Banten,280000,0,0,0,0,0,0,0,0,,
MTSS PERSIS GUNUNG BUNTUNG,20622905,MTs,SWASTA,Kec. Padarincang,280402,Kab. Serang,280400,Prov. Banten,280000,0,0,0,0,0,0,0,0,,
MTSS SA RIADLUS SHALIHIN,20616521,MTs,SWASTA,Kec. Padarincang,280402,Kab. Serang,280400,Prov. Banten,280000,0,0,0,0,0,0,0,0,,
MI TARBIYATUL MUBTADIIN,69977966,MI,SWASTA,Kec. Padarincang,280402,Kab. Serang,280400,Prov. Banten,280000,0,0,0,0,0,0,0,0,,
MIN 1 SERANG,60721395,MI,NEGERI,Kec. Padarincang,280402,Kab. Serang,280400,Prov. Banten,280000,0,0,0,0,0,0,0,0,,
MIS AL-HAMDANIYAH,60721393,MI,SWASTA,Kec. Padarincang,280402,Kab. Serang,280400,Prov. Banten,280000,0,0,0,0,0,0,0,0,,
MIS CISAAT I,60721391,MI,SWASTA,Kec. Padarincang,280402,Kab. Serang,280400,Prov. Banten,280000,0,0,0,0,0,0,0,0,,
MIS PASIR PURUT,60721394,MI,SWASTA,Kec. Padarincang,280402,Kab. Serang,280400,Prov. Banten,280000,0,0,0,0,0,0,0,0,,
MIS PERSIS GUNUNG BUNTUNG,60721392,MI,SWASTA,Kec. Padarincang,280402,Kab. Serang,280400,Prov. Banten,280000,0,0,0,0,0,0,0,0,,
RA NURUL KHOIR PADASUKA,69992121,RA,SWASTA,Kec. Petir,280406,Kab. Serang,280400,Prov. Banten,280000,0,0,0,0,0,0,0,0,,
RA. KELOMPOK MERAK,69885564,RA,SWASTA,Kec. Petir,280406,Kab. Serang,280400,Prov. Banten,280000,0,0,0,0,0,0,0,0,,
RA. MAYAPADA,69885563,RA,SWASTA,Kec. Petir,280406,Kab. Serang,280400,Prov. Banten,280000,0,0,0,0,0,0,0,0,,
RA. MIFTAHUL QULUB,69885562,RA,SWASTA,Kec. Petir,280406,Kab. Serang,280400,Prov. Banten,280000,0,0,0,0,0,0,0,0,,
MI BANI MUBAROK,69977967,MI,SWASTA,Kec. Petir,280406,Kab. Serang,280400,Prov. Banten,280000,0,0,0,0,0,0,0,0,,
MIS MANBAHIL HIKAM,60721405,MI,SWASTA,Kec. Petir,280406,Kab. Serang,280400,Prov. Banten,280000,0,0,0,0,0,0,0,0,,
MIS MANBAUL FALAH CIREUNDEU,60721401,MI,SWASTA,Kec. Petir,280406,Kab. Serang,280400,Prov. Banten,280000,0,0,0,0,0,0,0,0,,
MIS MANBAUL HIKMAT,69886210,MI,SWASTA,Kec. Petir,280406,Kab. Serang,280400,Prov. Banten,280000,0,0,0,0,0,0,0,0,,
MIS NURUL FALAH KUBANG,60721404,MI,SWASTA,Kec. Petir,280406,Kab. Serang,280400,Prov. Banten,280000,0,0,0,0,0,0,0,0,,
MIS NURUL FALAH PANYAIRAN,60721402,MI,SWASTA,Kec. Petir,280406,Kab. Serang,280400,Prov. Banten,280000,0,0,0,0,0,0,0,0,,
MIS NURUL FALAH PASANGGRAHAN PETIR,60721400,MI,SWASTA,Kec. Petir,280406,Kab. Serang,280400,Prov. Banten,280000,0,0,0,0,0,0,0,0,,
MIS NURUL FALAH SABRANG,60721403,MI,SWASTA,Kec. Petir,280406,Kab. Serang,280400,Prov. Banten,280000,0,0,0,0,0,0,0,0,,
MIS RIYADUL ULUM,69941380,MI,SWASTA,Kec. Petir,280406,Kab. Serang,280400,Prov. Banten,280000,0,0,0,0,0,0,0,0,,
MIS ROUDHATUL FIRDAUS,70041801,MI,SWASTA,Kec. Petir,280406,Kab. Serang,280400,Prov. Banten,280000,0,0,0,0,0,0,0,0,,
MIS SHOLATIYAH,60721406,MI,SWASTA,Kec. Petir,280406,Kab. Serang,280400,Prov. Banten,280000,0,0,0,0,0,0,0,0,,
MA TARBIYATUL NURUL HUDA,70050910,MA,SWASTA,Kec. Petir,280406,Kab. Serang,280400,Prov. Banten,280000,0,0,0,0,0,0,0,0,,
MA TEBUIRENG 08 BANTEN,69994671,MA,SWASTA,Kec. Petir,280406,Kab. Serang,280400,Prov. Banten,280000,0,0,0,0,0,0,0,0,,
MAS DAAR ET-TAQWA,20623401,MA,SWASTA,Kec. Petir,280406,Kab. Serang,280400,Prov. Banten,280000,0,0,0,0,0,0,0,0,,
MAS MANBAUL FALAH CIREUNDEU,20623398,MA,SWASTA,Kec. Petir,280406,Kab. Serang,280400,Prov. Banten,280000,0,0,0,0,0,0,0,0,,
MAS NUR EL FALAH KUBANG,20623397,MA,SWASTA,Kec. Petir,280406,Kab. Serang,280400,Prov. Banten,280000,0,0,0,0,0,0,0,0,,
MAS NURUL FALAH CIGODEG,20623400,MA,SWASTA,Kec. Petir,280406,Kab. Serang,280400,Prov. Banten,280000,0,0,0,0,0,0,0,0,,
MAS SHOLATIYAH,20623399,MA,SWASTA,Kec. Petir,280406,Kab. Serang,280400,Prov. Banten,280000,0,0,0,0,0,0,0,0,,
MTS AL- FAUZAN KADUGENEP,69955999,MTs,SWASTA,Kec. Petir,280406,Kab. Serang,280400,Prov. Banten,280000,0,0,0,0,0,0,0,0,,
MTS TEBUIRENG 08 BANTEN,69994672,MTs,SWASTA,Kec. Petir,280406,Kab. Serang,280400,Prov. Banten,280000,0,0,0,0,0,0,0,0,,
MTSS DAAR ET-TAQWA,20622914,MTs,SWASTA,Kec. Petir,280406,Kab. Serang,280400,Prov. Banten,280000,0,0,0,0,0,0,0,0,,
MTSS MANBAUL FALAH CIREUNDEU,20622912,MTs,SWASTA,Kec. Petir,280406,Kab. Serang,280400,Prov. Banten,280000,0,0,0,0,0,0,0,0,,
MTSS NUR EL FALAH KUBANG,60729668,MTs,SWASTA,Kec. Petir,280406,Kab. Serang,280400,Prov. Banten,280000,0,0,0,0,0,0,0,0,,
MTSS NURUL FALAH CIGODEG,20622911,MTs,SWASTA,Kec. Petir,280406,Kab. Serang,280400,Prov. Banten,280000,0,0,0,0,0,0,0,0,,
MTSS NURUL FALAH PASANGGRAHAN,20622916,MTs,SWASTA,Kec. Petir,280406,Kab. Serang,280400,Prov. Banten,280000,0,0,0,0,0,0,0,0,,
MTSS NURUL FALAH REGO PADASUKA,20622917,MTs,SWASTA,Kec. Petir,280406,Kab. Serang,280400,Prov. Banten,280000,0,0,0,0,0,0,0,0,,
MTSS NURUL FALAH SABRANG,20622839,MTs,SWASTA,Kec. Petir,280406,Kab. Serang,280400,Prov. Banten,280000,0,0,0,0,0,0,0,0,,
MTSS NURUL HIDAYAH,69726411,MTs,SWASTA,Kec. Petir,280406,Kab. Serang,280400,Prov. Banten,280000,0,0,0,0,0,0,0,0,,
MTSS SA NURUL IMAN BANI SULTON,20622915,MTs,SWASTA,Kec. Petir,280406,Kab. Serang,280400,Prov. Banten,280000,0,0,0,0,0,0,0,0,,
MTSS SHOLATIYAH KEPANDEAN,20622913,MTs,SWASTA,Kec. Petir,280406,Kab. Serang,280400,Prov. Banten,280000,0,0,0,0,0,0,0,0,,
MIS NURUL FALAH GOSALI,60721424,MI,SWASTA,Kec. Tunjung Teja,280428,Kab. Serang,280400,Prov. Banten,280000,0,0,0,0,0,0,0,0,,
MIS NURUL FALAH KEMUNING,60721422,MI,SWASTA,Kec. Tunjung Teja,280428,Kab. Serang,280400,Prov. Banten,280000,0,0,0,0,0,0,0,0,,
MIS NURUL FALAH TUNJUNG KETUG,69881953,MI,SWASTA,Kec. Tunjung Teja,280428,Kab. Serang,280400,Prov. Banten,280000,0,0,0,0,0,0,0,0,,
TA DIBUL AHKAM,69894734,MI,SWASTA,Kec. Tunjung Teja,280428,Kab. Serang,280400,Prov. Banten,280000,0,0,0,0,0,0,0,0,,
MAS JAMIATUL IKHWAN,20614097,MA,SWASTA,Kec. Tunjung Teja,280428,Kab. Serang,280400,Prov. Banten,280000,0,0,0,0,0,0,0,0,,
MAS NURUL FALAH BOJONG PANDAN,69725525,MA,SWASTA,Kec. Tunjung Teja,280428,Kab. Serang,280400,Prov. Banten,280000,0,0,0,0,0,0,0,0,,
MIFTAHUL FALAH,69956000,MTs,SWASTA,Kec. Tunjung Teja,280428,Kab. Serang,280400,Prov. Banten,280000,0,0,0,0,0,0,0,0,,
MTS NURUL FALAH KEMUNING,69992304,MTs,SWASTA,Kec. Tunjung Teja,280428,Kab. Serang,280400,Prov. Banten,280000,0,0,0,0,0,0,0,0,,
MTSS NURUL FALAH BOJONGPANDAN,20622946,MTs,SWASTA,Kec. Tunjung Teja,280428,Kab. Serang,280400,Prov. Banten,280000,0,0,0,0,0,0,0,0,,
MTSS NURUL FALAH GOSALI,60729695,MTs,SWASTA,Kec. Tunjung Teja,280428,Kab. Serang,280400,Prov. Banten,280000,0,0,0,0,0,0,0,0,,
MTSS NURUL FALAH SUKASARI,20622944,MTs,SWASTA,Kec. Tunjung Teja,280428,Kab. Serang,280400,Prov. Banten,280000,0,0,0,0,0,0,0,0,,
MTSS NURUL FALAH TUNJUNG KETUG,20622943,MTs,SWASTA,Kec. Tunjung Teja,280428,Kab. Serang,280400,Prov. Banten,280000,0,0,0,0,0,0,0,0,,
MTSS NURUL IKHLAS BAITURRAHMAN,60729670,MTs,SWASTA,Kec. Tunjung Teja,280428,Kab. Serang,280400,Prov. Banten,280000,0,0,0,0,0,0,0,0,,
MTSS SHOHIBUL MUSLIMIN,70006914,MTs,SWASTA,Kec. Tunjung Teja,280428,Kab. Serang,280400,Prov. Banten,280000,0,0,0,0,0,0,0,0,,
MTSS YPPI AL HUSEN TUNJUNG TEJA,20622945,MTs,SWASTA,Kec. Tunjung Teja,280428,Kab. Serang,280400,Prov. Banten,280000,0,0,0,0,0,0,0,0,,
RA NURUL FALAH SUKASARI,70011157,RA,SWASTA,Kec. Tunjung Teja,280428,Kab. Serang,280400,Prov. Banten,280000,0,0,0,0,0,0,0,0,,
RA. AL-INAYAH,69887977,RA,SWASTA,Kec. Tunjung Teja,280428,Kab. Serang,280400,Prov. Banten,280000,0,0,0,0,0,0,0,0,,
RA. DARUR ROHMAT,69887976,RA,SWASTA,Kec. Tunjung Teja,280428,Kab. Serang,280400,Prov. Banten,280000,0,0,0,0,0,0,0,0,,
RA. MUTIARA,69885572,RA,SWASTA,Kec. Tunjung Teja,280428,Kab. Serang,280400,Prov. Banten,280000,0,0,0,0,0,0,0,0,,
RA. NURUL HUDA SUKASARI,69885573,RA,SWASTA,Kec. Tunjung Teja,280428,Kab. Serang,280400,Prov. Banten,280000,0,0,0,0,0,0,0,0,,
AS-SYIBYAN,69963341,RA,SWASTA,Kec. Kopo,280411,Kab. Serang,280400,Prov. Banten,280000,0,0,0,0,0,0,0,0,,
MIFTAHUL ULUM,69898367,RA,SWASTA,Kec. Kopo,280411,Kab. Serang,280400,Prov. Banten,280000,0,0,0,0,0,0,0,0,,
RA RAFA ADZIKRO,69977938,RA,SWASTA,Kec. Kopo,280411,Kab. Serang,280400,Prov. Banten,280000,0,0,0,0,0,0,0,0,,
RA. AL FALAH,69887940,RA,SWASTA,Kec. Kopo,280411,Kab. Serang,280400,Prov. Banten,280000,0,0,0,0,0,0,0,0,,
RA. AN NUR,69887943,RA,SWASTA,Kec. Kopo,280411,Kab. Serang,280400,Prov. Banten,280000,0,0,0,0,0,0,0,0,,
RA. DAAR EL SYIFA,69887942,RA,SWASTA,Kec. Kopo,280411,Kab. Serang,280400,Prov. Banten,280000,0,0,0,0,0,0,0,0,,
RA. MUTIARA FAJAR,69887941,RA,SWASTA,Kec. Kopo,280411,Kab. Serang,280400,Prov. Banten,280000,0,0,0,0,0,0,0,0,,
MA DAAR EL FIQH,69994497,MA,SWASTA,Kec. Kopo,280411,Kab. Serang,280400,Prov. Banten,280000,0,0,0,0,0,0,0,0,,
MA MATHLA`UL ANWAR KOPO,69993251,MA,SWASTA,Kec. Kopo,280411,Kab. Serang,280400,Prov. Banten,280000,0,0,0,0,0,0,0,0,,
MAS AL-HAYAT,70028335,MA,SWASTA,Kec. Kopo,280411,Kab. Serang,280400,Prov. Banten,280000,0,0,0,0,0,0,0,0,,
MAS DAARUL FALAH,69726766,MA,SWASTA,Kec. Kopo,280411,Kab. Serang,280400,Prov. Banten,280000,0,0,0,0,0,0,0,0,,
MAS DARUN NIAM,20623387,MA,SWASTA,Kec. Kopo,280411,Kab. Serang,280400,Prov. Banten,280000,0,0,0,0,0,0,0,0,,
MAS DARUSSALAM,69873574,MA,SWASTA,Kec. Kopo,280411,Kab. Serang,280400,Prov. Banten,280000,0,0,0,0,0,0,0,0,,
MAS NURUL FALAH ABDUL AZIZ,60729930,MA,SWASTA,Kec. Kopo,280411,Kab. Serang,280400,Prov. Banten,280000,0,0,0,0,0,0,0,0,,
AL RIFQI,69894730,MI,SWASTA,Kec. Kopo,280411,Kab. Serang,280400,Prov. Banten,280000,0,0,0,0,0,0,0,0,,
MATHLAUL ANWAR CIDAHU,69894729,MI,SWASTA,Kec. Kopo,280411,Kab. Serang,280400,Prov. Banten,280000,0,0,0,0,0,0,0,0,,
MI AL KAHFI KOPO,70033068,MI,SWASTA,Kec. Kopo,280411,Kab. Serang,280400,Prov. Banten,280000,0,0,0,0,0,0,0,0,,
MIN 3 SERANG,60721384,MI,NEGERI,Kec. Kopo,280411,Kab. Serang,280400,Prov. Banten,280000,0,0,0,0,0,0,0,0,,
MIS AS SYIBYAN,69886366,MI,SWASTA,Kec. Kopo,280411,Kab. Serang,280400,Prov. Banten,280000,0,0,0,0,0,0,0,0,,
MIS DAAR EL-SYIFA,69881952,MI,SWASTA,Kec. Kopo,280411,Kab. Serang,280400,Prov. Banten,280000,0,0,0,0,0,0,0,0,,
MIS DARUSSALAM,69883406,MI,SWASTA,Kec. Kopo,280411,Kab. Serang,280400,Prov. Banten,280000,0,0,0,0,0,0,0,0,,
MIS NURUL FALAH BABAKAN JAYA,60721385,MI,SWASTA,Kec. Kopo,280411,Kab. Serang,280400,Prov. Banten,280000,0,0,0,0,0,0,0,0,,
MIS NURUL FALAH CARENANG UDIK,69886364,MI,SWASTA,Kec. Kopo,280411,Kab. Serang,280400,Prov. Banten,280000,0,0,0,0,0,0,0,0,,
MIS NURUL FALAH NANGGUNG II,69881951,MI,SWASTA,Kec. Kopo,280411,Kab. Serang,280400,Prov. Banten,280000,0,0,0,0,0,0,0,0,,
MIS NURUL FALAH SEBE,69886365,MI,SWASTA,Kec. Kopo,280411,Kab. Serang,280400,Prov. Banten,280000,0,0,0,0,0,0,0,0,,
MTS AL-KAHFI KOPO,69992108,MTs,SWASTA,Kec. Kopo,280411,Kab. Serang,280400,Prov. Banten,280000,0,0,0,0,0,0,0,0,,
MTS AS-SYIBYAN,70061904,MTs,SWASTA,Kec. Kopo,280411,Kab. Serang,280400,Prov. Banten,280000,0,0,0,0,0,0,0,0,,
MTS IBADURRAHMAN KOPO,70033051,MTs,SWASTA,Kec. Kopo,280411,Kab. Serang,280400,Prov. Banten,280000,0,0,0,0,0,0,0,0,,
MTSS AL-AMIN,60729685,MTs,SWASTA,Kec. Kopo,280411,Kab. Serang,280400,Prov. Banten,280000,0,0,0,0,0,0,0,0,,
MTSS AL-HAYAT,69726413,MTs,SWASTA,Kec. Kopo,280411,Kab. Serang,280400,Prov. Banten,280000,0,0,0,0,0,0,0,0,,
MTSS BUSTANUL AULAD,60729693,MTs,SWASTA,Kec. Kopo,280411,Kab. Serang,280400,Prov. Banten,280000,0,0,0,0,0,0,0,0,,
MTSS DAAR EL FIQH,60729689,MTs,SWASTA,Kec. Kopo,280411,Kab. Serang,280400,Prov. Banten,280000,0,0,0,0,0,0,0,0,,
MTSS DAARUL FALAH CARENANG KOPO,20622888,MTs,SWASTA,Kec. Kopo,280411,Kab. Serang,280400,Prov. Banten,280000,0,0,0,0,0,0,0,0,,
MTSS DARUN NIAM,20622889,MTs,SWASTA,Kec. Kopo,280411,Kab. Serang,280400,Prov. Banten,280000,0,0,0,0,0,0,0,0,,
MTSS DARUSSALAM,60729684,MTs,SWASTA,Kec. Kopo,280411,Kab. Serang,280400,Prov. Banten,280000,0,0,0,0,0,0,0,0,,
MTSS MATHLAUL ANWAR,60729688,MTs,SWASTA,Kec. Kopo,280411,Kab. Serang,280400,Prov. Banten,280000,0,0,0,0,0,0,0,0,,
MTSS MIFTAHUL HIDAYAH,60729686,MTs,SWASTA,Kec. Kopo,280411,Kab. Serang,280400,Prov. Banten,280000,0,0,0,0,0,0,0,0,,
MTSS NURUL FALAH ABDUL AZIZ,60729687,MTs,SWASTA,Kec. Kopo,280411,Kab. Serang,280400,Prov. Banten,280000,0,0,0,0,0,0,0,0,,
MI NURUL ISLAM,70059512,MI,SWASTA,Kec. Baros,280405,Kab. Serang,280400,Prov. Banten,280000,0,0,0,0,0,0,0,0,,
MIN 2 SERANG,60721348,MI,NEGERI,Kec. Baros,280405,Kab. Serang,280400,Prov. Banten,280000,0,0,0,0,0,0,0,0,,
MIS AL-HIDAYAH CIPACUNG,70033856,MI,SWASTA,Kec. Baros,280405,Kab. Serang,280400,Prov. Banten,280000,0,0,0,0,0,0,0,0,,
MIS JAMIYATUL USBUIYAH,60721350,MI,SWASTA,Kec. Baros,280405,Kab. Serang,280400,Prov. Banten,280000,0,0,0,0,0,0,0,0,,
MIS MATHLAUL HUDA SINDANGMANDI,60721349,MI,SWASTA,Kec. Baros,280405,Kab. Serang,280400,Prov. Banten,280000,0,0,0,0,0,0,0,0,,
MIS RAUDLATUL MUTAALLIMIN,60721351,MI,SWASTA,Kec. Baros,280405,Kab. Serang,280400,Prov. Banten,280000,0,0,0,0,0,0,0,0,,
MTS BUSTANUL MUTAALLIMIN,69895226,MTs,SWASTA,Kec. Baros,280405,Kab. Serang,280400,Prov. Banten,280000,0,0,0,0,0,0,0,0,,
MTS SHIDIQ AL-FARIZY,69977970,MTs,SWASTA,Kec. Baros,280405,Kab. Serang,280400,Prov. Banten,280000,0,0,0,0,0,0,0,0,,
MTSS NURUL BASMALAH,69881721,MTs,SWASTA,Kec. Baros,280405,Kab. Serang,280400,Prov. Banten,280000,0,0,0,0,0,0,0,0,,
MTSS NURUL HUDA,20605453,MTs,SWASTA,Kec. Baros,280405,Kab. Serang,280400,Prov. Banten,280000,0,0,0,0,0,0,0,0,,
MTSS RAUDLATUL MUTA`ALLIMIN,20622846,MTs,SWASTA,Kec. Baros,280405,Kab. Serang,280400,Prov. Banten,280000,0,0,0,0,0,0,0,0,,
MTSS ROUDHOTUL MUHAAJIRIIN,70028640,MTs,SWASTA,Kec. Baros,280405,Kab. Serang,280400,Prov. Banten,280000,0,0,0,0,0,0,0,0,,
MA NURUL BASMALAH,69977945,MA,SWASTA,Kec. Baros,280405,Kab. Serang,280400,Prov. Banten,280000,0,0,0,0,0,0,0,0,,
MA NURUL BASMALAH,69995046,MA,SWASTA,Kec. Baros,280405,Kab. Serang,280400,Prov. Banten,280000,0,0,0,0,0,0,0,0,,
MAS NURUL HUDA BAROS,20622353,MA,SWASTA,Kec. Baros,280405,Kab. Serang,280400,Prov. Banten,280000,0,0,0,0,0,0,0,0,,
MAS RAUDLATUL MUTA`ALIMIN,20623366,MA,SWASTA,Kec. Baros,280405,Kab. Serang,280400,Prov. Banten,280000,0,0,0,0,0,0,0,0,,
RA BINA INSAN CENDEKIA SHOLIHIN,70043505,RA,SWASTA,Kec. Baros,280405,Kab. Serang,280400,Prov. Banten,280000,0,0,0,0,0,0,0,0,,
RA. AL KAUTSAR BAROS,69885533,RA,SWASTA,Kec. Baros,280405,Kab. Serang,280400,Prov. Banten,280000,0,0,0,0,0,0,0,0,,
RA. AR RAUDLAH,69887896,RA,SWASTA,Kec. Baros,280405,Kab. Serang,280400,Prov. Banten,280000,0,0,0,0,0,0,0,0,,
RA. AR RIDHO,69885532,RA,SWASTA,Kec. Baros,280405,Kab. Serang,280400,Prov. Banten,280000,0,0,0,0,0,0,0,0,,
RA. MANGGA,69887897,RA,SWASTA,Kec. Baros,280405,Kab. Serang,280400,Prov. Banten,280000,0,0,0,0,0,0,0,0,,
RA. NURUL HUDA BAROS,69885531,RA,SWASTA,Kec. Baros,280405,Kab. Serang,280400,Prov. Banten,280000,0,0,0,0,0,0,0,0,,
MAS AL-HIKMAH,20622398,MA,SWASTA,Kec. Tirtayasa,280427,Kab. Serang,280400,Prov. Banten,280000,0,0,0,0,0,0,0,0,,
MAS ASHHABUL MAIMANAH SIDAYU,20623409,MA,SWASTA,Kec. Tirtayasa,280427,Kab. Serang,280400,Prov. Banten,280000,0,0,0,0,0,0,0,0,,
MAS ASHHABUL MAIMANAH SUSUKAN,20623407,MA,SWASTA,Kec. Tirtayasa,280427,Kab. Serang,280400,Prov. Banten,280000,0,0,0,0,0,0,0,0,,
MAS SULTHAN AGUNG TIRTAYASA,20623408,MA,SWASTA,Kec. Tirtayasa,280427,Kab. Serang,280400,Prov. Banten,280000,0,0,0,0,0,0,0,0,,
MTSS AL HAMRA KAIBON,69895225,MTs,SWASTA,Kec. Tirtayasa,280427,Kab. Serang,280400,Prov. Banten,280000,0,0,0,0,0,0,0,0,,
MTSS AL-HIKMAH SUJUNG,20622941,MTs,SWASTA,Kec. Tirtayasa,280427,Kab. Serang,280400,Prov. Banten,280000,0,0,0,0,0,0,0,0,,
MTSS ASHHABUL MAIMANAH SIDAYU,20622937,MTs,SWASTA,Kec. Tirtayasa,280427,Kab. Serang,280400,Prov. Banten,280000,0,0,0,0,0,0,0,0,,
MTSS ASHHABUL MAIMANAH SUSUKAN,20622940,MTs,SWASTA,Kec. Tirtayasa,280427,Kab. Serang,280400,Prov. Banten,280000,0,0,0,0,0,0,0,0,,
MTSS MATHLAUL ANWAR SAMPANG,69886434,MTs,SWASTA,Kec. Tirtayasa,280427,Kab. Serang,280400,Prov. Banten,280000,0,0,0,0,0,0,0,0,,
MTSS NURUL BAHRI,20622942,MTs,SWASTA,Kec. Tirtayasa,280427,Kab. Serang,280400,Prov. Banten,280000,0,0,0,0,0,0,0,0,,
MTSS SULTHAN AGUNG TIRTAYASA,20622939,MTs,SWASTA,Kec. Tirtayasa,280427,Kab. Serang,280400,Prov. Banten,280000,0,0,0,0,0,0,0,0,,
MIS AL-KHAIRIYAH KEBUYUTAN TIRTAYASA,60721421,MI,SWASTA,Kec. Tirtayasa,280427,Kab. Serang,280400,Prov. Banten,280000,0,0,0,0,0,0,0,0,,
MIS ASHHABUL MAIMANAH SAMPANG,60721418,MI,SWASTA,Kec. Tirtayasa,280427,Kab. Serang,280400,Prov. Banten,280000,0,0,0,0,0,0,0,0,,
MIS ASHHABUL MAIMANAH SIDAYU,60721419,MI,SWASTA,Kec. Tirtayasa,280427,Kab. Serang,280400,Prov. Banten,280000,0,0,0,0,0,0,0,0,,
MIS MATHLAUL ANWAR,60721420,MI,SWASTA,Kec. Tirtayasa,280427,Kab. Serang,280400,Prov. Banten,280000,0,0,0,0,0,0,0,0,,
MIS NURUL BAHRI LONTAR,69754751,MI,SWASTA,Kec. Tirtayasa,280427,Kab. Serang,280400,Prov. Banten,280000,0,0,0,0,0,0,0,0,,
MIS SULTHAN AGUNG TIRTAYASA,69886368,MI,SWASTA,Kec. Tirtayasa,280427,Kab. Serang,280400,Prov. Banten,280000,0,0,0,0,0,0,0,0,,
RA AL-AMALIA,69977939,RA,SWASTA,Kec. Tirtayasa,280427,Kab. Serang,280400,Prov. Banten,280000,0,0,0,0,0,0,0,0,,
RA AL-IKHLAS,69977933,RA,SWASTA,Kec. Tirtayasa,280427,Kab. Serang,280400,Prov. Banten,280000,0,0,0,0,0,0,0,0,,
RA BUSTANUL WILDAN BANTEN,70025930,RA,SWASTA,Kec. Tirtayasa,280427,Kab. Serang,280400,Prov. Banten,280000,0,0,0,0,0,0,0,0,,
RA CAHAYA PERTIWI BANTEN,69995401,RA,SWASTA,Kec. Tirtayasa,280427,Kab. Serang,280400,Prov. Banten,280000,0,0,0,0,0,0,0,0,,
RA. ASHHABUL MAIMANAH SIDAYU,69887974,RA,SWASTA,Kec. Tirtayasa,280427,Kab. Serang,280400,Prov. Banten,280000,0,0,0,0,0,0,0,0,,
RA. MATHLA`UL ANWAR,69887975,RA,SWASTA,Kec. Tirtayasa,280427,Kab. Serang,280400,Prov. Banten,280000,0,0,0,0,0,0,0,0,,
RA. SULTAN AGUNG,69887970,RA,SWASTA,Kec. Tirtayasa,280427,Kab. Serang,280400,Prov. Banten,280000,0,0,0,0,0,0,0,0,,
MIS ISLAMIYAH TANJUNG MANIS,60721346,MI,SWASTA,Kec. Anyar,280420,Kab. Serang,280400,Prov. Banten,280000,0,0,0,0,0,0,0,0,,
MIS RAUDLATUL ULUM KADUDAGO - ANYAR,60721345,MI,SWASTA,Kec. Anyar,280420,Kab. Serang,280400,Prov. Banten,280000,0,0,0,0,0,0,0,0,,
MIS RAUDLATUL ULUM PABUARAN JAHA,60721344,MI,SWASTA,Kec. Anyar,280420,Kab. Serang,280400,Prov. Banten,280000,0,0,0,0,0,0,0,0,,
AL-AMIN,69898359,RA,SWASTA,Kec. Anyar,280420,Kab. Serang,280400,Prov. Banten,280000,0,0,0,0,0,0,0,0,,
RA AL FATH,69994498,RA,SWASTA,Kec. Anyar,280420,Kab. Serang,280400,Prov. Banten,280000,0,0,0,0,0,0,0,0,,
RA. AL QALAM,69887892,RA,SWASTA,Kec. Anyar,280420,Kab. Serang,280400,Prov. Banten,280000,0,0,0,0,0,0,0,0,,
RA. ASSHIBYAN,69885528,RA,SWASTA,Kec. Anyar,280420,Kab. Serang,280400,Prov. Banten,280000,0,0,0,0,0,0,0,0,,
RA. DARUSSALAM AGUNG,69885530,RA,SWASTA,Kec. Anyar,280420,Kab. Serang,280400,Prov. Banten,280000,0,0,0,0,0,0,0,0,,
RA. NURUL AULAD,69885529,RA,SWASTA,Kec. Anyar,280420,Kab. Serang,280400,Prov. Banten,280000,0,0,0,0,0,0,0,0,,
RAS NUR AFIAH,70041805,RA,SWASTA,Kec. Anyar,280420,Kab. Serang,280400,Prov. Banten,280000,0,0,0,0,0,0,0,0,,
RAUDLATUL  ULUM PABUARAN JAHA ANYAR,69898358,RA,SWASTA,Kec. Anyar,280420,Kab. Serang,280400,Prov. Banten,280000,0,0,0,0,0,0,0,0,,
MTSN 4 SERANG,20622840,MTs,NEGERI,Kec. Anyar,280420,Kab. Serang,280400,Prov. Banten,280000,0,0,0,0,0,0,0,0,,
MTSS AL-KHAERIYAH BANJARSARI,20622843,MTs,SWASTA,Kec. Anyar,280420,Kab. Serang,280400,Prov. Banten,280000,0,0,0,0,0,0,0,0,,
MTSS AL-KHAIRIYAH TAMBANG AYAM,20622842,MTs,SWASTA,Kec. Anyar,280420,Kab. Serang,280400,Prov. Banten,280000,0,0,0,0,0,0,0,0,,
MTSS ASSAADAH CIRUNTEN,60730317,MTs,SWASTA,Kec. Anyar,280420,Kab. Serang,280400,Prov. Banten,280000,0,0,0,0,0,0,0,0,,
MTSS RAUDLATUL `ULUM PABUARAN JAHA ANYAR,20622841,MTs,SWASTA,Kec. Anyar,280420,Kab. Serang,280400,Prov. Banten,280000,0,0,0,0,0,0,0,0,,
MTSS RAUDLATUL ULUM ANYAR,20622844,MTs,SWASTA,Kec. Anyar,280420,Kab. Serang,280400,Prov. Banten,280000,0,0,0,0,0,0,0,0,,
MAS RAUDLATUL ULUM,20622351,MA,SWASTA,Kec. Anyar,280420,Kab. Serang,280400,Prov. Banten,280000,0,0,0,0,0,0,0,0,,
RA AL-MARSHUSH,70037310,RA,SWASTA,Kec. Mancak,280419,Kab. Serang,280400,Prov. Banten,280000,0,0,0,0,0,0,0,0,,
MTSS AL-KHAIRIYAH ASEM,20622898,MTs,SWASTA,Kec. Mancak,280419,Kab. Serang,280400,Prov. Banten,280000,0,0,0,0,0,0,0,0,,
MTSS AL-KHAIRIYAH MACUTE,20622895,MTs,SWASTA,Kec. Mancak,280419,Kab. Serang,280400,Prov. Banten,280000,0,0,0,0,0,0,0,0,,
MTSS AL-KHAIRIYAH PAMEKSER,20622893,MTs,SWASTA,Kec. Mancak,280419,Kab. Serang,280400,Prov. Banten,280000,0,0,0,0,0,0,0,0,,
MTSS AL-KHAIRIYAH SIRONGGE,69886240,MTs,SWASTA,Kec. Mancak,280419,Kab. Serang,280400,Prov. Banten,280000,0,0,0,0,0,0,0,0,,
MTSS DAARUL FALAH,20622897,MTs,SWASTA,Kec. Mancak,280419,Kab. Serang,280400,Prov. Banten,280000,0,0,0,0,0,0,0,0,,
MTSS DARUL ULUM MANCAK,60730316,MTs,SWASTA,Kec. Mancak,280419,Kab. Serang,280400,Prov. Banten,280000,0,0,0,0,0,0,0,0,,
MTSS RAUDLATUL ULUM PASIRGADUNG,20622896,MTs,SWASTA,Kec. Mancak,280419,Kab. Serang,280400,Prov. Banten,280000,0,0,0,0,0,0,0,0,,
AL ARAAF,69894732,MI,SWASTA,Kec. Mancak,280419,Kab. Serang,280400,Prov. Banten,280000,0,0,0,0,0,0,0,0,,
AL KHAIRIYAH TANJUNG ANGSANA,69894731,MI,SWASTA,Kec. Mancak,280419,Kab. Serang,280400,Prov. Banten,280000,0,0,0,0,0,0,0,0,,
MI AZ-ZUHRIYAH,69993274,MI,SWASTA,Kec. Mancak,280419,Kab. Serang,280400,Prov. Banten,280000,0,0,0,0,0,0,0,0,,
MIS SAMBILANDAK,60721386,MI,SWASTA,Kec. Mancak,280419,Kab. Serang,280400,Prov. Banten,280000,0,0,0,0,0,0,0,0,,
MA AL-KHAIRIYAH MANCAK,70033730,MA,SWASTA,Kec. Mancak,280419,Kab. Serang,280400,Prov. Banten,280000,0,0,0,0,0,0,0,0,,
MAS AL-MUTAFAKKIRIN,20623393,MA,SWASTA,Kec. Mancak,280419,Kab. Serang,280400,Prov. Banten,280000,0,0,0,0,0,0,0,0,,
MAS NASYATIL FALAH,20623392,MA,SWASTA,Kec. Mancak,280419,Kab. Serang,280400,Prov. Banten,280000,0,0,0,0,0,0,0,0,,
MTSS AL FAUZAN,69881724,MTs,SWASTA,Kec. Ciomas,280403,Kab. Serang,280400,Prov. Banten,280000,0,0,0,0,0,0,0,0,,
MTSS AL JAM`IYAH LEBAK CIOMAS,69822453,MTs,SWASTA,Kec. Ciomas,280403,Kab. Serang,280400,Prov. Banten,280000,0,0,0,0,0,0,0,0,,
MTSS AL-HIDAYAH,20622875,MTs,SWASTA,Kec. Ciomas,280403,Kab. Serang,280400,Prov. Banten,280000,0,0,0,0,0,0,0,0,,
MTSS ISLAMIYAH CIOMAS,20622874,MTs,SWASTA,Kec. Ciomas,280403,Kab. Serang,280400,Prov. Banten,280000,0,0,0,0,0,0,0,0,,
MTSS KHAIRUL HUDA,20622873,MTs,SWASTA,Kec. Ciomas,280403,Kab. Serang,280400,Prov. Banten,280000,0,0,0,0,0,0,0,0,,
RA. ANWARUL HASAN CIOMAS,69885549,RA,SWASTA,Kec. Ciomas,280403,Kab. Serang,280400,Prov. Banten,280000,0,0,0,0,0,0,0,0,,
RA. AYAH BUNDA,69885550,RA,SWASTA,Kec. Ciomas,280403,Kab. Serang,280400,Prov. Banten,280000,0,0,0,0,0,0,0,0,,
MAS AL- HIDAYAH,20623381,MA,SWASTA,Kec. Ciomas,280403,Kab. Serang,280400,Prov. Banten,280000,0,0,0,0,0,0,0,0,,
MAS ISLAMIYAH CIOMAS,20623380,MA,SWASTA,Kec. Ciomas,280403,Kab. Serang,280400,Prov. Banten,280000,0,0,0,0,0,0,0,0,,
MIS ANWARUL HASAN,60721374,MI,SWASTA,Kec. Ciomas,280403,Kab. Serang,280400,Prov. Banten,280000,0,0,0,0,0,0,0,0,,
MIS KHAIRUL HUDA I,60721373,MI,SWASTA,Kec. Ciomas,280403,Kab. Serang,280400,Prov. Banten,280000,0,0,0,0,0,0,0,0,,
MAS AL-KHAERIYAH JAWILAN,20623383,MA,SWASTA,Kec. Jawilan,280410,Kab. Serang,280400,Prov. Banten,280000,0,0,0,0,0,0,0,0,,
MAS ASSALAMIYAH JAWILAN,20623384,MA,SWASTA,Kec. Jawilan,280410,Kab. Serang,280400,Prov. Banten,280000,0,0,0,0,0,0,0,0,,
MAS BANI NAWAWIYAH,20623386,MA,SWASTA,Kec. Jawilan,280410,Kab. Serang,280400,Prov. Banten,280000,0,0,0,0,0,0,0,0,,
MAS IKHLAS JAWILAN,20623385,MA,SWASTA,Kec. Jawilan,280410,Kab. Serang,280400,Prov. Banten,280000,0,0,0,0,0,0,0,0,,
MAS NURIEL ROHMAHT AMCANG,69941779,MA,SWASTA,Kec. Jawilan,280410,Kab. Serang,280400,Prov. Banten,280000,0,0,0,0,0,0,0,0,,
RA AL-FIKRIYAH,69977943,RA,SWASTA,Kec. Jawilan,280410,Kab. Serang,280400,Prov. Banten,280000,0,0,0,0,0,0,0,0,,
RA ANNAURA,69977942,RA,SWASTA,Kec. Jawilan,280410,Kab. Serang,280400,Prov. Banten,280000,0,0,0,0,0,0,0,0,,
RA DAAR EL-ITTIFAQ,70011156,RA,SWASTA,Kec. Jawilan,280410,Kab. Serang,280400,Prov. Banten,280000,0,0,0,0,0,0,0,0,,
RA DARUL MANSUR,70033070,RA,SWASTA,Kec. Jawilan,280410,Kab. Serang,280400,Prov. Banten,280000,0,0,0,0,0,0,0,0,,
RA SATU ATAP AT TUQO,69941204,RA,SWASTA,Kec. Jawilan,280410,Kab. Serang,280400,Prov. Banten,280000,0,0,0,0,0,0,0,0,,
RA SYAM ANISOLIHAH,69941205,RA,SWASTA,Kec. Jawilan,280410,Kab. Serang,280400,Prov. Banten,280000,0,0,0,0,0,0,0,0,,
RA. AL BARKAH,69887936,RA,SWASTA,Kec. Jawilan,280410,Kab. Serang,280400,Prov. Banten,280000,0,0,0,0,0,0,0,0,,
RA. AL KHAIRIYAH KAREO,69887933,RA,SWASTA,Kec. Jawilan,280410,Kab. Serang,280400,Prov. Banten,280000,0,0,0,0,0,0,0,0,,
RA. AS SALSABILA,69885554,RA,SWASTA,Kec. Jawilan,280410,Kab. Serang,280400,Prov. Banten,280000,0,0,0,0,0,0,0,0,,
RA. IKHLAS SALMAN ALFARISIY,69887937,RA,SWASTA,Kec. Jawilan,280410,Kab. Serang,280400,Prov. Banten,280000,0,0,0,0,0,0,0,0,,
RA. MIFTAHUL ULUM,69887939,RA,SWASTA,Kec. Jawilan,280410,Kab. Serang,280400,Prov. Banten,280000,0,0,0,0,0,0,0,0,,
RA. NURUL IMAN,69887938,RA,SWASTA,Kec. Jawilan,280410,Kab. Serang,280400,Prov. Banten,280000,0,0,0,0,0,0,0,0,,
RA. RAUDHATUSSALAFIYAH,69887935,RA,SWASTA,Kec. Jawilan,280410,Kab. Serang,280400,Prov. Banten,280000,0,0,0,0,0,0,0,0,,
MTS DAAR EL-ITTIFAQ,70059328,MTs,SWASTA,Kec. Jawilan,280410,Kab. Serang,280400,Prov. Banten,280000,0,0,0,0,0,0,0,0,,
MTSS AL WAHDAH,60729680,MTs,SWASTA,Kec. Jawilan,280410,Kab. Serang,280400,Prov. Banten,280000,0,0,0,0,0,0,0,0,,
MTSS AL-ASYARI,60729679,MTs,SWASTA,Kec. Jawilan,280410,Kab. Serang,280400,Prov. Banten,280000,0,0,0,0,0,0,0,0,,
MTSS AL-KHAERIYAH KAREO JAWILAN,20622883,MTs,SWASTA,Kec. Jawilan,280410,Kab. Serang,280400,Prov. Banten,280000,0,0,0,0,0,0,0,0,,
MTSS BANI NAWAWIYAH,20622884,MTs,SWASTA,Kec. Jawilan,280410,Kab. Serang,280400,Prov. Banten,280000,0,0,0,0,0,0,0,0,,
MTSS DAAR EL HIKMAH,60729683,MTs,SWASTA,Kec. Jawilan,280410,Kab. Serang,280400,Prov. Banten,280000,0,0,0,0,0,0,0,0,,
MTSS HIKMATUL IMAN,69886429,MTs,SWASTA,Kec. Jawilan,280410,Kab. Serang,280400,Prov. Banten,280000,0,0,0,0,0,0,0,0,,
MTSS IKHLAS JAWILAN,20622882,MTs,SWASTA,Kec. Jawilan,280410,Kab. Serang,280400,Prov. Banten,280000,0,0,0,0,0,0,0,0,,
MTSS KHAIRUL MUFIED,20622880,MTs,SWASTA,Kec. Jawilan,280410,Kab. Serang,280400,Prov. Banten,280000,0,0,0,0,0,0,0,0,,
MTSS NURIEL ROHMAHT,60729682,MTs,SWASTA,Kec. Jawilan,280410,Kab. Serang,280400,Prov. Banten,280000,0,0,0,0,0,0,0,0,,
AL-KHAIRIYAH KAREO GENGGONG,69894728,MI,SWASTA,Kec. Jawilan,280410,Kab. Serang,280400,Prov. Banten,280000,0,0,0,0,0,0,0,0,,
ASSALSABILA,69963428,MI,SWASTA,Kec. Jawilan,280410,Kab. Serang,280400,Prov. Banten,280000,0,0,0,0,0,0,0,0,,
MI DARUL QORI,70025926,MI,SWASTA,Kec. Jawilan,280410,Kab. Serang,280400,Prov. Banten,280000,0,0,0,0,0,0,0,0,,
MI MIFTAHUL ULUM JAWILAN,69993572,MI,SWASTA,Kec. Jawilan,280410,Kab. Serang,280400,Prov. Banten,280000,0,0,0,0,0,0,0,0,,
MI SYAM ANISOLIHAH JAWILAN,70045597,MI,SWASTA,Kec. Jawilan,280410,Kab. Serang,280400,Prov. Banten,280000,0,0,0,0,0,0,0,0,,
MIS AL ANWAR CEMPLANG,69886363,MI,SWASTA,Kec. Jawilan,280410,Kab. Serang,280400,Prov. Banten,280000,0,0,0,0,0,0,0,0,,
MIS AL INAYAH,69883405,MI,SWASTA,Kec. Jawilan,280410,Kab. Serang,280400,Prov. Banten,280000,0,0,0,0,0,0,0,0,,
MIS AL WAHDAH JAWILAN,69932029,MI,SWASTA,Kec. Jawilan,280410,Kab. Serang,280400,Prov. Banten,280000,0,0,0,0,0,0,0,0,,
MIS ARROBI AL BANTANI,69881950,MI,SWASTA,Kec. Jawilan,280410,Kab. Serang,280400,Prov. Banten,280000,0,0,0,0,0,0,0,0,,
MIS ASSALAMIYAH CURUG SARI,69932028,MI,SWASTA,Kec. Jawilan,280410,Kab. Serang,280400,Prov. Banten,280000,0,0,0,0,0,0,0,0,,
MIS AT-TUQO,60721379,MI,SWASTA,Kec. Jawilan,280410,Kab. Serang,280400,Prov. Banten,280000,0,0,0,0,0,0,0,0,,
MIS DAAR EL RAHMAN,69886208,MI,SWASTA,Kec. Jawilan,280410,Kab. Serang,280400,Prov. Banten,280000,0,0,0,0,0,0,0,0,,
MIS IKHLAS CIBADAK,60721378,MI,SWASTA,Kec. Jawilan,280410,Kab. Serang,280400,Prov. Banten,280000,0,0,0,0,0,0,0,0,,
MIS KHAIRUL MUFIED,60721382,MI,SWASTA,Kec. Jawilan,280410,Kab. Serang,280400,Prov. Banten,280000,0,0,0,0,0,0,0,0,,
MIS NURUL FALAH AMCANG,69901986,MI,SWASTA,Kec. Jawilan,280410,Kab. Serang,280400,Prov. Banten,280000,0,0,0,0,0,0,0,0,,
MIS NURUL FALAH BOJOT,69883404,MI,SWASTA,Kec. Jawilan,280410,Kab. Serang,280400,Prov. Banten,280000,0,0,0,0,0,0,0,0,,
MIS NURUL FALAH CIKASANTREN,60721383,MI,SWASTA,Kec. Jawilan,280410,Kab. Serang,280400,Prov. Banten,280000,0,0,0,0,0,0,0,0,,
MIS NURUL FALAH PAGADUNGAN,69886207,MI,SWASTA,Kec. Jawilan,280410,Kab. Serang,280400,Prov. Banten,280000,0,0,0,0,0,0,0,0,,
MAS AL-KHAIRIYAH PONTANG,20623402,MA,SWASTA,Kec. Pontang,280425,Kab. Serang,280400,Prov. Banten,280000,0,0,0,0,0,0,0,0,,
MIS AL KHAIRIYAH PULO KENCANA,69894733,MI,SWASTA,Kec. Pontang,280425,Kab. Serang,280400,Prov. Banten,280000,0,0,0,0,0,0,0,0,,
MIS AL-KHAIRIYAH BAYONGBONG,60721409,MI,SWASTA,Kec. Pontang,280425,Kab. Serang,280400,Prov. Banten,280000,0,0,0,0,0,0,0,0,,
MIS AL-KHAIRIYAH KELAPIAN,60721407,MI,SWASTA,Kec. Pontang,280425,Kab. Serang,280400,Prov. Banten,280000,0,0,0,0,0,0,0,0,,
MIS AL-KHAIRIYAH PANECEKAN,60721410,MI,SWASTA,Kec. Pontang,280425,Kab. Serang,280400,Prov. Banten,280000,0,0,0,0,0,0,0,0,,
RA. AL KHAIRIYAH DOMAS,69887967,RA,SWASTA,Kec. Pontang,280425,Kab. Serang,280400,Prov. Banten,280000,0,0,0,0,0,0,0,0,,
RA. AL KHAIRIYAH PONTANG,69887965,RA,SWASTA,Kec. Pontang,280425,Kab. Serang,280400,Prov. Banten,280000,0,0,0,0,0,0,0,0,,
RA. AL KHAIROT PULOKENCANA,69887968,RA,SWASTA,Kec. Pontang,280425,Kab. Serang,280400,Prov. Banten,280000,0,0,0,0,0,0,0,0,,
RA. AL-KHAIRIYAH BAYONGBONG,69887971,RA,SWASTA,Kec. Pontang,280425,Kab. Serang,280400,Prov. Banten,280000,0,0,0,0,0,0,0,0,,
RA. ARROHMANI,69887969,RA,SWASTA,Kec. Pontang,280425,Kab. Serang,280400,Prov. Banten,280000,0,0,0,0,0,0,0,0,,
RA. HIDAYATUSSIBYAN,69887966,RA,SWASTA,Kec. Pontang,280425,Kab. Serang,280400,Prov. Banten,280000,0,0,0,0,0,0,0,0,,
RA. ISLAMIYAH,69885565,RA,SWASTA,Kec. Pontang,280425,Kab. Serang,280400,Prov. Banten,280000,0,0,0,0,0,0,0,0,,
MTSS AL KHAIRIYAH PULOKENCANA,20622920,MTs,SWASTA,Kec. Pontang,280425,Kab. Serang,280400,Prov. Banten,280000,0,0,0,0,0,0,0,0,,
MTSS AL-KHAIRIYAH BAYONGBONG,20622922,MTs,SWASTA,Kec. Pontang,280425,Kab. Serang,280400,Prov. Banten,280000,0,0,0,0,0,0,0,0,,
MTSS AL-KHAIRIYAH KELAPIAN,69725417,MTs,SWASTA,Kec. Pontang,280425,Kab. Serang,280400,Prov. Banten,280000,0,0,0,0,0,0,0,0,,
MTSS AL-KHAIRIYAH PANECEKAN,20622921,MTs,SWASTA,Kec. Pontang,280425,Kab. Serang,280400,Prov. Banten,280000,0,0,0,0,0,0,0,0,,
MTSS AL-KHAIRIYAH PONTANG,20622919,MTs,SWASTA,Kec. Pontang,280425,Kab. Serang,280400,Prov. Banten,280000,0,0,0,0,0,0,0,0,,
MTSS AL-KHAIRIYAH SUKANEGARA,69725622,MTs,SWASTA,Kec. Pontang,280425,Kab. Serang,280400,Prov. Banten,280000,0,0,0,0,0,0,0,0,,
MTSS DOWA AL ISLAMI,20622923,MTs,SWASTA,Kec. Pontang,280425,Kab. Serang,280400,Prov. Banten,280000,0,0,0,0,0,0,0,0,,
MTSS TERPADU YANISBA,69895744,MTs,SWASTA,Kec. Pontang,280425,Kab. Serang,280400,Prov. Banten,280000,0,0,0,0,0,0,0,0,,
MI AL AZHAR,70029397,MI,SWASTA,Kec. Pamarayan,280409,Kab. Serang,280400,Prov. Banten,280000,0,0,0,0,0,0,0,0,,
MI AL-ISHLAH,70059134,MI,SWASTA,Kec. Pamarayan,280409,Kab. Serang,280400,Prov. Banten,280000,0,0,0,0,0,0,0,0,,
MI NUR BILAD,69993238,MI,SWASTA,Kec. Pamarayan,280409,Kab. Serang,280400,Prov. Banten,280000,0,0,0,0,0,0,0,0,,
MIN 4 SERANG,60721396,MI,NEGERI,Kec. Pamarayan,280409,Kab. Serang,280400,Prov. Banten,280000,0,0,0,0,0,0,0,0,,
MIS AL-KAROMAH,60721399,MI,SWASTA,Kec. Pamarayan,280409,Kab. Serang,280400,Prov. Banten,280000,0,0,0,0,0,0,0,0,,
MIS AL-WAHDAH 2,60721397,MI,SWASTA,Kec. Pamarayan,280409,Kab. Serang,280400,Prov. Banten,280000,0,0,0,0,0,0,0,0,,
MIS MABDAIL FALAH SANGIANG,69895476,MI,SWASTA,Kec. Pamarayan,280409,Kab. Serang,280400,Prov. Banten,280000,0,0,0,0,0,0,0,0,,
MIS MIFTAHUL FALAH PAMARAYAN,69941381,MI,SWASTA,Kec. Pamarayan,280409,Kab. Serang,280400,Prov. Banten,280000,0,0,0,0,0,0,0,0,,
MIS MIFTAHUL MAKSUDI PAMARAYAN,70011154,MI,SWASTA,Kec. Pamarayan,280409,Kab. Serang,280400,Prov. Banten,280000,0,0,0,0,0,0,0,0,,
MIS NOOR IMAN,69886367,MI,SWASTA,Kec. Pamarayan,280409,Kab. Serang,280400,Prov. Banten,280000,0,0,0,0,0,0,0,0,,
MIS NURUL ABROR,60721398,MI,SWASTA,Kec. Pamarayan,280409,Kab. Serang,280400,Prov. Banten,280000,0,0,0,0,0,0,0,0,,
MIS NURUL IKHLAS,69819643,MI,SWASTA,Kec. Pamarayan,280409,Kab. Serang,280400,Prov. Banten,280000,0,0,0,0,0,0,0,0,,
MIS RIYADL ASH SHOLIHIN,69932027,MI,SWASTA,Kec. Pamarayan,280409,Kab. Serang,280400,Prov. Banten,280000,0,0,0,0,0,0,0,0,,
YAPIDAN,69995530,MI,SWASTA,Kec. Pamarayan,280409,Kab. Serang,280400,Prov. Banten,280000,0,0,0,0,0,0,0,0,,
NUR BILAD,69958189,RA,SWASTA,Kec. Pamarayan,280409,Kab. Serang,280400,Prov. Banten,280000,0,0,0,0,0,0,0,0,,
NURUL YAKIN,69898374,RA,SWASTA,Kec. Pamarayan,280409,Kab. Serang,280400,Prov. Banten,280000,0,0,0,0,0,0,0,0,,
RA AL AZHAR,70006342,RA,SWASTA,Kec. Pamarayan,280409,Kab. Serang,280400,Prov. Banten,280000,0,0,0,0,0,0,0,0,,
RA AL WASILAH,70026051,RA,SWASTA,Kec. Pamarayan,280409,Kab. Serang,280400,Prov. Banten,280000,0,0,0,0,0,0,0,0,,
RA AR ROHMAN,69941203,RA,SWASTA,Kec. Pamarayan,280409,Kab. Serang,280400,Prov. Banten,280000,0,0,0,0,0,0,0,0,,
RA BINA INSANI,69977965,RA,SWASTA,Kec. Pamarayan,280409,Kab. Serang,280400,Prov. Banten,280000,0,0,0,0,0,0,0,0,,
RA DAAR EL AZHAR,70033660,RA,SWASTA,Kec. Pamarayan,280409,Kab. Serang,280400,Prov. Banten,280000,0,0,0,0,0,0,0,0,,
RA. AL-ILHAM,69887961,RA,SWASTA,Kec. Pamarayan,280409,Kab. Serang,280400,Prov. Banten,280000,0,0,0,0,0,0,0,0,,
RA. AL-ISHLAH,69887958,RA,SWASTA,Kec. Pamarayan,280409,Kab. Serang,280400,Prov. Banten,280000,0,0,0,0,0,0,0,0,,
RA. AL-MUNAWWAROH,69887963,RA,SWASTA,Kec. Pamarayan,280409,Kab. Serang,280400,Prov. Banten,280000,0,0,0,0,0,0,0,0,,
RA. DARUL FUQOHA,69887962,RA,SWASTA,Kec. Pamarayan,280409,Kab. Serang,280400,Prov. Banten,280000,0,0,0,0,0,0,0,0,,
RA. INSAN TAMAM,69887959,RA,SWASTA,Kec. Pamarayan,280409,Kab. Serang,280400,Prov. Banten,280000,0,0,0,0,0,0,0,0,,
RA. MAMBAUL HIDAYAH,69887964,RA,SWASTA,Kec. Pamarayan,280409,Kab. Serang,280400,Prov. Banten,280000,0,0,0,0,0,0,0,0,,
RA. NURUL KHOIR,69887957,RA,SWASTA,Kec. Pamarayan,280409,Kab. Serang,280400,Prov. Banten,280000,0,0,0,0,0,0,0,0,,
RA. RIYADL ASH SHOLIHIN,69885561,RA,SWASTA,Kec. Pamarayan,280409,Kab. Serang,280400,Prov. Banten,280000,0,0,0,0,0,0,0,0,,
RA. YAAR,69887960,RA,SWASTA,Kec. Pamarayan,280409,Kab. Serang,280400,Prov. Banten,280000,0,0,0,0,0,0,0,0,,
MTS AL-MAWA,70062952,MTs,SWASTA,Kec. Pamarayan,280409,Kab. Serang,280400,Prov. Banten,280000,0,0,0,0,0,0,0,0,,
MTS AL-QORNIS PAMARAYAN,69995565,MTs,SWASTA,Kec. Pamarayan,280409,Kab. Serang,280400,Prov. Banten,280000,0,0,0,0,0,0,0,0,,
MTS MODERN DAAR ET-THAHIRA,70030261,MTs,SWASTA,Kec. Pamarayan,280409,Kab. Serang,280400,Prov. Banten,280000,0,0,0,0,0,0,0,0,,
MTSS DARUL MARIFAT,69932042,MTs,SWASTA,Kec. Pamarayan,280409,Kab. Serang,280400,Prov. Banten,280000,0,0,0,0,0,0,0,0,,
MTSS MABDAIL FALAH,60729676,MTs,SWASTA,Kec. Pamarayan,280409,Kab. Serang,280400,Prov. Banten,280000,0,0,0,0,0,0,0,0,,
MTSS NURUL ABROR,20622910,MTs,SWASTA,Kec. Pamarayan,280409,Kab. Serang,280400,Prov. Banten,280000,0,0,0,0,0,0,0,0,,
MTSS NURUL KHOIR,60729675,MTs,SWASTA,Kec. Pamarayan,280409,Kab. Serang,280400,Prov. Banten,280000,0,0,0,0,0,0,0,0,,
MTSS RIYADL ASH SHOLIHIN,69932039,MTs,SWASTA,Kec. Pamarayan,280409,Kab. Serang,280400,Prov. Banten,280000,0,0,0,0,0,0,0,0,,
MTSS YAPIDAN,60729677,MTs,SWASTA,Kec. Pamarayan,280409,Kab. Serang,280400,Prov. Banten,280000,0,0,0,0,0,0,0,0,,
AL - QORNIS,69894902,MA,SWASTA,Kec. Pamarayan,280409,Kab. Serang,280400,Prov. Banten,280000,0,0,0,0,0,0,0,0,,
MAS NURUL ABROR,20623396,MA,SWASTA,Kec. Pamarayan,280409,Kab. Serang,280400,Prov. Banten,280000,0,0,0,0,0,0,0,0,,
MIS DARUL FALAH MALANG KIBIN,69725592,MI,SWASTA,Kec. Kibin,280429,Kab. Serang,280400,Prov. Banten,280000,0,0,0,0,0,0,0,0,,
RA. AS - SANARIYAH,69887914,RA,SWASTA,Kec. Kibin,280429,Kab. Serang,280400,Prov. Banten,280000,0,0,0,0,0,0,0,0,,
BANI MA MUN ASSALAMI,69955752,MA,SWASTA,Kec. Kibin,280429,Kab. Serang,280400,Prov. Banten,280000,0,0,0,0,0,0,0,0,,
MTSS DARUL FALAH KIBIN,69725416,MTs,SWASTA,Kec. Kibin,280429,Kab. Serang,280400,Prov. Banten,280000,0,0,0,0,0,0,0,0,,
MTSS SA BANI MAMUN ASSALAMI,69725807,MTs,SWASTA,Kec. Kibin,280429,Kab. Serang,280400,Prov. Banten,280000,0,0,0,0,0,0,0,0,,
RA JAMI AL IJTIHAD,69888420,RA,SWASTA,Kec. Waringinkurung,280418,Kab. Serang,280400,Prov. Banten,280000,0,0,0,0,0,0,0,0,,
RA. AL KHAIRIYAH MELATI,69887978,RA,SWASTA,Kec. Waringinkurung,280418,Kab. Serang,280400,Prov. Banten,280000,0,0,0,0,0,0,0,0,,
RA. ASY-SYAFI`IYAH,69887979,RA,SWASTA,Kec. Waringinkurung,280418,Kab. Serang,280400,Prov. Banten,280000,0,0,0,0,0,0,0,0,,
MTS AL-WASILAH,70036403,MTs,SWASTA,Kec. Waringinkurung,280418,Kab. Serang,280400,Prov. Banten,280000,0,0,0,0,0,0,0,0,,
MTS BANI SALIMAH,69977969,MTs,SWASTA,Kec. Waringinkurung,280418,Kab. Serang,280400,Prov. Banten,280000,0,0,0,0,0,0,0,0,,
MTS MIFTAHUL HAYAT,69919247,MTs,SWASTA,Kec. Waringinkurung,280418,Kab. Serang,280400,Prov. Banten,280000,0,0,0,0,0,0,0,0,,
MTS NURUL LABIB,70041599,MTs,SWASTA,Kec. Waringinkurung,280418,Kab. Serang,280400,Prov. Banten,280000,0,0,0,0,0,0,0,0,,
MTSS AR-RIDHO,20622947,MTs,SWASTA,Kec. Waringinkurung,280418,Kab. Serang,280400,Prov. Banten,280000,0,0,0,0,0,0,0,0,,
MTSS HIDAYATUL HIKMAH PECARIKAN,69881727,MTs,SWASTA,Kec. Waringinkurung,280418,Kab. Serang,280400,Prov. Banten,280000,0,0,0,0,0,0,0,0,,
MTSS NURUL MUHTADIN,20622948,MTs,SWASTA,Kec. Waringinkurung,280418,Kab. Serang,280400,Prov. Banten,280000,0,0,0,0,0,0,0,0,,
MTSS TEKNOLOGI IBNU SABIL,70044891,MTs,SWASTA,Kec. Waringinkurung,280418,Kab. Serang,280400,Prov. Banten,280000,0,0,0,0,0,0,0,0,,
MAS AR-RIDHO,20622399,MA,SWASTA,Kec. Waringinkurung,280418,Kab. Serang,280400,Prov. Banten,280000,0,0,0,0,0,0,0,0,,
MAS MIFTAHUL HAYAT,70011186,MA,SWASTA,Kec. Waringinkurung,280418,Kab. Serang,280400,Prov. Banten,280000,0,0,0,0,0,0,0,0,,
MAS NURUL MUHTADIN,20622400,MA,SWASTA,Kec. Waringinkurung,280418,Kab. Serang,280400,Prov. Banten,280000,0,0,0,0,0,0,0,0,,
MIS AL KHAIRIYAH MIFTAHUL HAYAT,60721425,MI,SWASTA,Kec. Waringinkurung,280418,Kab. Serang,280400,Prov. Banten,280000,0,0,0,0,0,0,0,0,,
MIS AL-MASRUROH,60721426,MI,SWASTA,Kec. Waringinkurung,280418,Kab. Serang,280400,Prov. Banten,280000,0,0,0,0,0,0,0,0,,
MAS AL-MA`ARIF,70007755,MA,SWASTA,Kec. Pabuaran,280404,Kab. Serang,280400,Prov. Banten,280000,0,0,0,0,0,0,0,0,,
MAS AL-MAHDI,69894901,MA,SWASTA,Kec. Pabuaran,280404,Kab. Serang,280400,Prov. Banten,280000,0,0,0,0,0,0,0,0,,
MAS DARUNNAJAH,20623394,MA,SWASTA,Kec. Pabuaran,280404,Kab. Serang,280400,Prov. Banten,280000,0,0,0,0,0,0,0,0,,
RA AL-MA`ARIF,69993219,RA,SWASTA,Kec. Pabuaran,280404,Kab. Serang,280400,Prov. Banten,280000,0,0,0,0,0,0,0,0,,
RA. AL IKHLAS PABUARAN,69887951,RA,SWASTA,Kec. Pabuaran,280404,Kab. Serang,280400,Prov. Banten,280000,0,0,0,0,0,0,0,0,,
RA. NURUL FALAH,69887952,RA,SWASTA,Kec. Pabuaran,280404,Kab. Serang,280400,Prov. Banten,280000,0,0,0,0,0,0,0,0,,
RA. RIYADHUL KAMIL,69885559,RA,SWASTA,Kec. Pabuaran,280404,Kab. Serang,280400,Prov. Banten,280000,0,0,0,0,0,0,0,0,,
MTS DAAR EL ILMI IBNU TITI HAMZAH,70060638,MTs,SWASTA,Kec. Pabuaran,280404,Kab. Serang,280400,Prov. Banten,280000,0,0,0,0,0,0,0,0,,
MTSS AL HAMIDIYAH KADUKACAPI,20614309,MTs,SWASTA,Kec. Pabuaran,280404,Kab. Serang,280400,Prov. Banten,280000,0,0,0,0,0,0,0,0,,
MTSS AL MAARIF RANCALUTUNG,20605462,MTs,SWASTA,Kec. Pabuaran,280404,Kab. Serang,280400,Prov. Banten,280000,0,0,0,0,0,0,0,0,,
MTSS AL MAHDI,20615956,MTs,SWASTA,Kec. Pabuaran,280404,Kab. Serang,280400,Prov. Banten,280000,0,0,0,0,0,0,0,0,,
MTSS DARUNNAJAH,20622903,MTs,SWASTA,Kec. Pabuaran,280404,Kab. Serang,280400,Prov. Banten,280000,0,0,0,0,0,0,0,0,,
MTSS MATHLAUL HUDA,20622901,MTs,SWASTA,Kec. Pabuaran,280404,Kab. Serang,280400,Prov. Banten,280000,0,0,0,0,0,0,0,0,,
MTSS NURUL FALAH CIASEUM PABUARAN,20622902,MTs,SWASTA,Kec. Pabuaran,280404,Kab. Serang,280400,Prov. Banten,280000,0,0,0,0,0,0,0,0,,
MTSS NURUL IKHWAN,20622899,MTs,SWASTA,Kec. Pabuaran,280404,Kab. Serang,280400,Prov. Banten,280000,0,0,0,0,0,0,0,0,,
MI AL-MA`ARIF RANCALUTUNG,70040674,MI,SWASTA,Kec. Pabuaran,280404,Kab. Serang,280400,Prov. Banten,280000,0,0,0,0,0,0,0,0,,
MIS AL-MANSHUR,60721390,MI,SWASTA,Kec. Pabuaran,280404,Kab. Serang,280400,Prov. Banten,280000,0,0,0,0,0,0,0,0,,
MIS MATHLAUL HUDA PALEUH,60721388,MI,SWASTA,Kec. Pabuaran,280404,Kab. Serang,280400,Prov. Banten,280000,0,0,0,0,0,0,0,0,,
MIS MAULANA YUSUF KADUKACAPI,60721387,MI,SWASTA,Kec. Pabuaran,280404,Kab. Serang,280400,Prov. Banten,280000,0,0,0,0,0,0,0,0,,
MIS MIFTAHUL HUDA,60721389,MI,SWASTA,Kec. Pabuaran,280404,Kab. Serang,280400,Prov. Banten,280000,0,0,0,0,0,0,0,0,,
RA BANI MURSYID,70013117,RA,SWASTA,Kec. Carenang,280426,Kab. Serang,280400,Prov. Banten,280000,0,0,0,0,0,0,0,0,,
RA KHALIFAH,70011704,RA,SWASTA,Kec. Carenang,280426,Kab. Serang,280400,Prov. Banten,280000,0,0,0,0,0,0,0,0,,
RA NURUL HIDAYAH,69941206,RA,SWASTA,Kec. Carenang,280426,Kab. Serang,280400,Prov. Banten,280000,0,0,0,0,0,0,0,0,,
RA. MANBA`USSALAM,69887899,RA,SWASTA,Kec. Carenang,280426,Kab. Serang,280400,Prov. Banten,280000,0,0,0,0,0,0,0,0,,
MI RAKSA NEGARA,69881948,MI,SWASTA,Kec. Carenang,280426,Kab. Serang,280400,Prov. Banten,280000,0,0,0,0,0,0,0,0,,
MIS AL-KHAIRIYAH BENDUNG MALANG,60721355,MI,SWASTA,Kec. Carenang,280426,Kab. Serang,280400,Prov. Banten,280000,0,0,0,0,0,0,0,0,,
MIS RAUDLATUL ATHFAL ASTANA,60721353,MI,SWASTA,Kec. Carenang,280426,Kab. Serang,280400,Prov. Banten,280000,0,0,0,0,0,0,0,0,,
MTSS AL-KHAIRIYAH BENDUNG MALANG,20622853,MTs,SWASTA,Kec. Carenang,280426,Kab. Serang,280400,Prov. Banten,280000,0,0,0,0,0,0,0,0,,
MTSS ASHHABUL MAIMANAH,20622852,MTs,SWASTA,Kec. Carenang,280426,Kab. Serang,280400,Prov. Banten,280000,0,0,0,0,0,0,0,0,,
MTSS MANBAUSSALAM,20622855,MTs,SWASTA,Kec. Carenang,280426,Kab. Serang,280400,Prov. Banten,280000,0,0,0,0,0,0,0,0,,
MTSS NURUL HIKMAH TEGAL WANGI,70041802,MTs,SWASTA,Kec. Carenang,280426,Kab. Serang,280400,Prov. Banten,280000,0,0,0,0,0,0,0,0,,
MTSS RAUDLATUL ATHFAL ASTANA,20622854,MTs,SWASTA,Kec. Carenang,280426,Kab. Serang,280400,Prov. Banten,280000,0,0,0,0,0,0,0,0,,
MTSS SATU ATAP KAUTSAR BANI MURSID,69725418,MTs,SWASTA,Kec. Carenang,280426,Kab. Serang,280400,Prov. Banten,280000,0,0,0,0,0,0,0,0,,
RAKSA NEGARA,69995538,MTs,SWASTA,Kec. Carenang,280426,Kab. Serang,280400,Prov. Banten,280000,0,0,0,0,0,0,0,0,,
MA NURUL HIKMAH TEGAL WANGI,70059357,MA,SWASTA,Kec. Carenang,280426,Kab. Serang,280400,Prov. Banten,280000,0,0,0,0,0,0,0,0,,
MAS AMALIYAH CARENANG,69788206,MA,SWASTA,Kec. Carenang,280426,Kab. Serang,280400,Prov. Banten,280000,0,0,0,0,0,0,0,0,,
MAS MANBA`USSALAM,20605696,MA,SWASTA,Kec. Carenang,280426,Kab. Serang,280400,Prov. Banten,280000,0,0,0,0,0,0,0,0,,
MA AS-SYAFI`IYAH GEMBOR,69977972,MA,SWASTA,Kec. Binuang,280431,Kab. Serang,280400,Prov. Banten,280000,0,0,0,0,0,0,0,0,,
MAS DAAR EL-QURRO,60730172,MA,SWASTA,Kec. Binuang,280431,Kab. Serang,280400,Prov. Banten,280000,0,0,0,0,0,0,0,0,,
MAS DARUL HIKMAH SYEKH CILIWULUNG CAKUNG,20623368,MA,SWASTA,Kec. Binuang,280431,Kab. Serang,280400,Prov. Banten,280000,0,0,0,0,0,0,0,0,,
MAS RIYADHUL HUDA ASSIDIQI,20623367,MA,SWASTA,Kec. Binuang,280431,Kab. Serang,280400,Prov. Banten,280000,0,0,0,0,0,0,0,0,,
MTS ANNUR AL-LAILI,69994492,MTs,SWASTA,Kec. Binuang,280431,Kab. Serang,280400,Prov. Banten,280000,0,0,0,0,0,0,0,0,,
MTS AS-SYAFI IYAH GEMBOR,69895227,MTs,SWASTA,Kec. Binuang,280431,Kab. Serang,280400,Prov. Banten,280000,0,0,0,0,0,0,0,0,,
MTSS AL-HIDAYAH BINUANG,20622848,MTs,SWASTA,Kec. Binuang,280431,Kab. Serang,280400,Prov. Banten,280000,0,0,0,0,0,0,0,0,,
MTSS AL-KHAIRIYAH JATI GEDE,20622850,MTs,SWASTA,Kec. Binuang,280431,Kab. Serang,280400,Prov. Banten,280000,0,0,0,0,0,0,0,0,,
MTSS DAAR EL-QURRO,60730149,MTs,SWASTA,Kec. Binuang,280431,Kab. Serang,280400,Prov. Banten,280000,0,0,0,0,0,0,0,0,,
MTSS DARUL HIKMAH CAKUNG BINUANG,20622847,MTs,SWASTA,Kec. Binuang,280431,Kab. Serang,280400,Prov. Banten,280000,0,0,0,0,0,0,0,0,,
MTSS RIYADHUL HUDA ASSIDIQI,20622849,MTs,SWASTA,Kec. Binuang,280431,Kab. Serang,280400,Prov. Banten,280000,0,0,0,0,0,0,0,0,,
MI AL-KHAIRIYAH JATI CAKUNG,69827715,MI,SWASTA,Kec. Binuang,280431,Kab. Serang,280400,Prov. Banten,280000,0,0,0,0,0,0,0,0,,
MIS AL-HIDAYAH PULE,60721352,MI,SWASTA,Kec. Binuang,280431,Kab. Serang,280400,Prov. Banten,280000,0,0,0,0,0,0,0,0,,
MIS AL-HUSAINIYAH GEMBOR,69900134,MI,SWASTA,Kec. Binuang,280431,Kab. Serang,280400,Prov. Banten,280000,0,0,0,0,0,0,0,0,,
MIS DARUL HIKMAH CAKUNG,69886362,MI,SWASTA,Kec. Binuang,280431,Kab. Serang,280400,Prov. Banten,280000,0,0,0,0,0,0,0,0,,
MIS JAMIATUL WASLIYAH,69895475,MI,SWASTA,Kec. Binuang,280431,Kab. Serang,280400,Prov. Banten,280000,0,0,0,0,0,0,0,0,,
RA DARUL HIKMAH SYEH CILIWULUNG,69994493,RA,SWASTA,Kec. Binuang,280431,Kab. Serang,280400,Prov. Banten,280000,0,0,0,0,0,0,0,0,,
RA QONITA SALSABILA,70025909,RA,SWASTA,Kec. Binuang,280431,Kab. Serang,280400,Prov. Banten,280000,0,0,0,0,0,0,0,0,,
RA. AL-HUSAINIYAH,69885535,RA,SWASTA,Kec. Binuang,280431,Kab. Serang,280400,Prov. Banten,280000,0,0,0,0,0,0,0,0,,
RA. AL-KHAIRIYAH JATI GEDE,69885534,RA,SWASTA,Kec. Binuang,280431,Kab. Serang,280400,Prov. Banten,280000,0,0,0,0,0,0,0,0,,
MIS ASHABUL MAIMANAH RAGAS,60721354,MI,SWASTA,Kec. Lebak Wangi,280435,Kab. Serang,280400,Prov. Banten,280000,0,0,0,0,0,0,0,0,,
MIS ASHHABUL MAIMANAH CIKOBAK LEBAK WANGI,60721408,MI,SWASTA,Kec. Lebak Wangi,280435,Kab. Serang,280400,Prov. Banten,280000,0,0,0,0,0,0,0,0,,
MA AL-HIDAYAH LEBAK WANGI,69994843,MA,SWASTA,Kec. Lebak Wangi,280435,Kab. Serang,280400,Prov. Banten,280000,0,0,0,0,0,0,0,0,,
MAS ASHHABUL MAIMANAH CIKOBAK,20623403,MA,SWASTA,Kec. Lebak Wangi,280435,Kab. Serang,280400,Prov. Banten,280000,0,0,0,0,0,0,0,0,,
MTSS AL-HIDAYAH TERASBENDUNG,60729692,MTs,SWASTA,Kec. Lebak Wangi,280435,Kab. Serang,280400,Prov. Banten,280000,0,0,0,0,0,0,0,0,,
MTSS ASHABUL MAIMANAH CIKOBAK,20622918,MTs,SWASTA,Kec. Lebak Wangi,280435,Kab. Serang,280400,Prov. Banten,280000,0,0,0,0,0,0,0,0,,
MTSS ASHHABUL MAIMANAH LEBAK KEPUH,20622924,MTs,SWASTA,Kec. Lebak Wangi,280435,Kab. Serang,280400,Prov. Banten,280000,0,0,0,0,0,0,0,0,,
MTSS DARUL HIKMAH BOLANG,20622856,MTs,SWASTA,Kec. Lebak Wangi,280435,Kab. Serang,280400,Prov. Banten,280000,0,0,0,0,0,0,0,0,,
MTSS MINHAJUL ABIDIN,60730271,MTs,SWASTA,Kec. Lebak Wangi,280435,Kab. Serang,280400,Prov. Banten,280000,0,0,0,0,0,0,0,0,,
MAS DARUL MUTTAQIN,20623369,MA,SWASTA,Kec. Bojonegara,280421,Kab. Serang,280400,Prov. Banten,280000,0,0,0,0,0,0,0,0,,
MAS NURUL HIDAYAH BOJONEGARA,20623370,MA,SWASTA,Kec. Bojonegara,280421,Kab. Serang,280400,Prov. Banten,280000,0,0,0,0,0,0,0,0,,
KIFAYATUSSIBYAN,69898361,RA,SWASTA,Kec. Bojonegara,280421,Kab. Serang,280400,Prov. Banten,280000,0,0,0,0,0,0,0,0,,
RA AL-FURQON,69977936,RA,SWASTA,Kec. Bojonegara,280421,Kab. Serang,280400,Prov. Banten,280000,0,0,0,0,0,0,0,0,,
RA BANI AZIZ,69977937,RA,SWASTA,Kec. Bojonegara,280421,Kab. Serang,280400,Prov. Banten,280000,0,0,0,0,0,0,0,0,,
RA RIBATHUL MUHAJIRIN,70013062,RA,SWASTA,Kec. Bojonegara,280421,Kab. Serang,280400,Prov. Banten,280000,0,0,0,0,0,0,0,0,,
RA. DARUL MUTTAQIN,69885536,RA,SWASTA,Kec. Bojonegara,280421,Kab. Serang,280400,Prov. Banten,280000,0,0,0,0,0,0,0,0,,
RA. IHSANUL FIKRI,69885537,RA,SWASTA,Kec. Bojonegara,280421,Kab. Serang,280400,Prov. Banten,280000,0,0,0,0,0,0,0,0,,
RA. NURUL HIDAYAH,69887898,RA,SWASTA,Kec. Bojonegara,280421,Kab. Serang,280400,Prov. Banten,280000,0,0,0,0,0,0,0,0,,
MTSS AL - KHAIRIYAH LAMBANGSARI,69881722,MTs,SWASTA,Kec. Bojonegara,280421,Kab. Serang,280400,Prov. Banten,280000,0,0,0,0,0,0,0,0,,
MTSS AL-JAUHAROTUNNAQIYAH TANJUNG,69881723,MTs,SWASTA,Kec. Bojonegara,280421,Kab. Serang,280400,Prov. Banten,280000,0,0,0,0,0,0,0,0,,
MTSS AL-KHAIRIYAH MARGAGIRI,69886427,MTs,SWASTA,Kec. Bojonegara,280421,Kab. Serang,280400,Prov. Banten,280000,0,0,0,0,0,0,0,0,,
MTSS AL-KHAIRIYAH PAKUNCEN,20622851,MTs,SWASTA,Kec. Bojonegara,280421,Kab. Serang,280400,Prov. Banten,280000,0,0,0,0,0,0,0,0,,
AL - HIDAYAH,69898360,RA,SWASTA,Kec. Bandung,280434,Kab. Serang,280400,Prov. Banten,280000,0,0,0,0,0,0,0,0,,
RA. AMALIA,69885538,RA,SWASTA,Kec. Bandung,280434,Kab. Serang,280400,Prov. Banten,280000,0,0,0,0,0,0,0,0,,
RA. IHSANIYAH,69887895,RA,SWASTA,Kec. Bandung,280434,Kab. Serang,280400,Prov. Banten,280000,0,0,0,0,0,0,0,0,,
RA. NURUL ISLAM,69887894,RA,SWASTA,Kec. Bandung,280434,Kab. Serang,280400,Prov. Banten,280000,0,0,0,0,0,0,0,0,,
RA. RAUDHATUL FALAH,69887893,RA,SWASTA,Kec. Bandung,280434,Kab. Serang,280400,Prov. Banten,280000,0,0,0,0,0,0,0,0,,
MTS AL-KHOIR ISLAMIC SCHOOL BIN BAZ 5,70033560,MTs,SWASTA,Kec. Bandung,280434,Kab. Serang,280400,Prov. Banten,280000,0,0,0,0,0,0,0,0,,
MTS BANI USMAN ALBUAETY,69977968,MTs,SWASTA,Kec. Bandung,280434,Kab. Serang,280400,Prov. Banten,280000,0,0,0,0,0,0,0,0,,
MTS NIDAUN NAJWA HUSNA,70036381,MTs,SWASTA,Kec. Bandung,280434,Kab. Serang,280400,Prov. Banten,280000,0,0,0,0,0,0,0,0,,
MTSS AS-SYAHIRIYAH,69963501,MTs,SWASTA,Kec. Bandung,280434,Kab. Serang,280400,Prov. Banten,280000,0,0,0,0,0,0,0,0,,
MTSS MISBAAHUSSUDUR,60729678,MTs,SWASTA,Kec. Bandung,280434,Kab. Serang,280400,Prov. Banten,280000,0,0,0,0,0,0,0,0,,
MTSS NUR EL KHOIR BANDUNG,20622845,MTs,SWASTA,Kec. Bandung,280434,Kab. Serang,280400,Prov. Banten,280000,0,0,0,0,0,0,0,0,,
MTSS PELITA INSANI BANDUNG,70011507,MTs,SWASTA,Kec. Bandung,280434,Kab. Serang,280400,Prov. Banten,280000,0,0,0,0,0,0,0,0,,
MA AL-KHOIR ISLAMIC SCHOOL BIN BAZ 5,70034385,MA,SWASTA,Kec. Bandung,280434,Kab. Serang,280400,Prov. Banten,280000,0,0,0,0,0,0,0,0,,
MAS IHSANIYAH,69815361,MA,SWASTA,Kec. Bandung,280434,Kab. Serang,280400,Prov. Banten,280000,0,0,0,0,0,0,0,0,,
MAS NUR EL KHOIR,20622352,MA,SWASTA,Kec. Bandung,280434,Kab. Serang,280400,Prov. Banten,280000,0,0,0,0,0,0,0,0,,
MI ANNAJAH AL GANI,70059483,MI,SWASTA,Kec. Bandung,280434,Kab. Serang,280400,Prov. Banten,280000,0,0,0,0,0,0,0,0,,
MIS IHSANIYAH,60721347,MI,SWASTA,Kec. Bandung,280434,Kab. Serang,280400,Prov. Banten,280000,0,0,0,0,0,0,0,0,,
MIS AL-AFIID,60721417,MI,SWASTA,Kec. Tanara,280432,Kab. Serang,280400,Prov. Banten,280000,0,0,0,0,0,0,0,0,,
MIS AL-INAYAH PEGADUNGAN,60721413,MI,SWASTA,Kec. Tanara,280432,Kab. Serang,280400,Prov. Banten,280000,0,0,0,0,0,0,0,0,,
MIS ANNAWAWI TANARA,60721416,MI,SWASTA,Kec. Tanara,280432,Kab. Serang,280400,Prov. Banten,280000,0,0,0,0,0,0,0,0,,
MIS ASHHABUL MAIMANAH KARANGKOBONG,60721415,MI,SWASTA,Kec. Tanara,280432,Kab. Serang,280400,Prov. Banten,280000,0,0,0,0,0,0,0,0,,
MIS BANI KARIM,60721414,MI,SWASTA,Kec. Tanara,280432,Kab. Serang,280400,Prov. Banten,280000,0,0,0,0,0,0,0,0,,
MIS MATHLA`UL FALAH SIREMEN,60721411,MI,SWASTA,Kec. Tanara,280432,Kab. Serang,280400,Prov. Banten,280000,0,0,0,0,0,0,0,0,,
MIS MATHLAUL FALAH LEMPUYANG,60721412,MI,SWASTA,Kec. Tanara,280432,Kab. Serang,280400,Prov. Banten,280000,0,0,0,0,0,0,0,0,,
MTS ASHHABUL MAIMANAH KARANGKOBONG,69977971,MTs,SWASTA,Kec. Tanara,280432,Kab. Serang,280400,Prov. Banten,280000,0,0,0,0,0,0,0,0,,
MTS NURUL HASBULLAH PEDALEMAN,69993290,MTs,SWASTA,Kec. Tanara,280432,Kab. Serang,280400,Prov. Banten,280000,0,0,0,0,0,0,0,0,,
MTSS AL HIKMAH SUKAMANAH,69886433,MTs,SWASTA,Kec. Tanara,280432,Kab. Serang,280400,Prov. Banten,280000,0,0,0,0,0,0,0,0,,
MTSS AL-ITTIHAD PEDALEMAN,20622929,MTs,SWASTA,Kec. Tanara,280432,Kab. Serang,280400,Prov. Banten,280000,0,0,0,0,0,0,0,0,,
MTSS AN NAWAWI TERPADU,20622928,MTs,SWASTA,Kec. Tanara,280432,Kab. Serang,280400,Prov. Banten,280000,0,0,0,0,0,0,0,0,,
MTSS ANNAWAWI TANARA,69895951,MTs,SWASTA,Kec. Tanara,280432,Kab. Serang,280400,Prov. Banten,280000,0,0,0,0,0,0,0,0,,
MTSS BANI KARIM,20622932,MTs,SWASTA,Kec. Tanara,280432,Kab. Serang,280400,Prov. Banten,280000,0,0,0,0,0,0,0,0,,
MTSS MATHLA`UL FALAH LEMPUYANG,20622933,MTs,SWASTA,Kec. Tanara,280432,Kab. Serang,280400,Prov. Banten,280000,0,0,0,0,0,0,0,0,,
MTSS MATHLA`UL FALAH SIREMEN,20622930,MTs,SWASTA,Kec. Tanara,280432,Kab. Serang,280400,Prov. Banten,280000,0,0,0,0,0,0,0,0,,
MTSS SATU ATAP BANI SHOLEH,20622934,MTs,SWASTA,Kec. Tanara,280432,Kab. Serang,280400,Prov. Banten,280000,0,0,0,0,0,0,0,0,,
MTSS SYEKH BAJANG,69881726,MTs,SWASTA,Kec. Tanara,280432,Kab. Serang,280400,Prov. Banten,280000,0,0,0,0,0,0,0,0,,
MA AL-HIKMAH TANARA,70025944,MA,SWASTA,Kec. Tanara,280432,Kab. Serang,280400,Prov. Banten,280000,0,0,0,0,0,0,0,0,,
MAS  SYEKH BAJANG,69881513,MA,SWASTA,Kec. Tanara,280432,Kab. Serang,280400,Prov. Banten,280000,0,0,0,0,0,0,0,0,,
MAS AL-ITTIHAD PEDALEMAN,20623404,MA,SWASTA,Kec. Tanara,280432,Kab. Serang,280400,Prov. Banten,280000,0,0,0,0,0,0,0,0,,
MAS AN NAWAWI TANARA,20623406,MA,SWASTA,Kec. Tanara,280432,Kab. Serang,280400,Prov. Banten,280000,0,0,0,0,0,0,0,0,,
MAS MATHLAUL FALAH LEMPUYANG,20623405,MA,SWASTA,Kec. Tanara,280432,Kab. Serang,280400,Prov. Banten,280000,0,0,0,0,0,0,0,0,,
RA AL MUMTAZ,70044157,RA,SWASTA,Kec. Tanara,280432,Kab. Serang,280400,Prov. Banten,280000,0,0,0,0,0,0,0,0,,
RA. BANI KARIM PEGADUNGAN,69887973,RA,SWASTA,Kec. Tanara,280432,Kab. Serang,280400,Prov. Banten,280000,0,0,0,0,0,0,0,0,,
RA. KHAIRUL ATHFAL,69887972,RA,SWASTA,Kec. Tanara,280432,Kab. Serang,280400,Prov. Banten,280000,0,0,0,0,0,0,0,0,,
MTS AN-NAWA,70013693,MTs,SWASTA,Kec. Pulo Ampel,280430,Kab. Serang,280400,Prov. Banten,280000,0,0,0,0,0,0,0,0,,
MTSN 5 SERANG,20622925,MTs,NEGERI,Kec. Pulo Ampel,280430,Kab. Serang,280400,Prov. Banten,280000,0,0,0,0,0,0,0,0,,
MTSS AL KHAIRIYAH PENGORENG,69886432,MTs,SWASTA,Kec. Pulo Ampel,280430,Kab. Serang,280400,Prov. Banten,280000,0,0,0,0,0,0,0,0,,
MTSS AL-ITTIHAAD,69881725,MTs,SWASTA,Kec. Pulo Ampel,280430,Kab. Serang,280400,Prov. Banten,280000,0,0,0,0,0,0,0,0,,
MTSS AL-JAUHAROTUNNAQIYAH BUAH GEDE,20622927,MTs,SWASTA,Kec. Pulo Ampel,280430,Kab. Serang,280400,Prov. Banten,280000,0,0,0,0,0,0,0,0,,
MTSS AL-KHAIRIYAH BANYUWANGI,20622926,MTs,SWASTA,Kec. Pulo Ampel,280430,Kab. Serang,280400,Prov. Banten,280000,0,0,0,0,0,0,0,0,,
RA AL ANSOR 2,69993292,RA,SWASTA,Kec. Pulo Ampel,280430,Kab. Serang,280400,Prov. Banten,280000,0,0,0,0,0,0,0,0,,
RA ASH-SHOHAABAH,69977934,RA,SWASTA,Kec. Pulo Ampel,280430,Kab. Serang,280400,Prov. Banten,280000,0,0,0,0,0,0,0,0,,
RA MUTIARA AN-NISWA,69977935,RA,SWASTA,Kec. Pulo Ampel,280430,Kab. Serang,280400,Prov. Banten,280000,0,0,0,0,0,0,0,0,,
RA. AL ANSOR 1,69885567,RA,SWASTA,Kec. Pulo Ampel,280430,Kab. Serang,280400,Prov. Banten,280000,0,0,0,0,0,0,0,0,,
RA. AL ANSOR 3,69885569,RA,SWASTA,Kec. Pulo Ampel,280430,Kab. Serang,280400,Prov. Banten,280000,0,0,0,0,0,0,0,0,,
RA. AL KHAIRIYAH,69885570,RA,SWASTA,Kec. Pulo Ampel,280430,Kab. Serang,280400,Prov. Banten,280000,0,0,0,0,0,0,0,0,,
RA. AS SALAMAH,69885568,RA,SWASTA,Kec. Pulo Ampel,280430,Kab. Serang,280400,Prov. Banten,280000,0,0,0,0,0,0,0,0,,
RA. IBNU ABBAS,69885571,RA,SWASTA,Kec. Pulo Ampel,280430,Kab. Serang,280400,Prov. Banten,280000,0,0,0,0,0,0,0,0,,
MA AN-NAWA,70049800,MA,SWASTA,Kec. Pulo Ampel,280430,Kab. Serang,280400,Prov. Banten,280000,0,0,0,0,0,0,0,0,,
MAS IBNU ABBAS PULO PANJANG,69941778,MA,SWASTA,Kec. Pulo Ampel,280430,Kab. Serang,280400,Prov. Banten,280000,0,0,0,0,0,0,0,0,,
MAS NURUL FURQON,60729929,MA,SWASTA,Kec. Gunung Sari,280433,Kab. Serang,280400,Prov. Banten,280000,0,0,0,0,0,0,0,0,,
MI AL-MUTTAQIN,70013690,MI,SWASTA,Kec. Gunung Sari,280433,Kab. Serang,280400,Prov. Banten,280000,0,0,0,0,0,0,0,0,,
MIS SIRAJUL AF`IDAH,69725322,MI,SWASTA,Kec. Gunung Sari,280433,Kab. Serang,280400,Prov. Banten,280000,0,0,0,0,0,0,0,0,,
MTS AL MUTTAQIN,70059305,MTs,SWASTA,Kec. Gunung Sari,280433,Kab. Serang,280400,Prov. Banten,280000,0,0,0,0,0,0,0,0,,
MTSS AL-IANATU THALIBIN.,69822452,MTs,SWASTA,Kec. Gunung Sari,280433,Kab. Serang,280400,Prov. Banten,280000,0,0,0,0,0,0,0,0,,
MTSS DARUL HUDA,20622879,MTs,SWASTA,Kec. Gunung Sari,280433,Kab. Serang,280400,Prov. Banten,280000,0,0,0,0,0,0,0,0,,
MTSS SIRAJUL AFIDAH,69822455,MTs,SWASTA,Kec. Gunung Sari,280433,Kab. Serang,280400,Prov. Banten,280000,0,0,0,0,0,0,0,0,,
RA AL MUTTAQIN,69977940,RA,SWASTA,Kec. Gunung Sari,280433,Kab. Serang,280400,Prov. Banten,280000,0,0,0,0,0,0,0,0,,
RA SIROJUNNAQIYAH,70027811,RA,SWASTA,Kec. Gunung Sari,280433,Kab. Serang,280400,Prov. Banten,280000,0,0,0,0,0,0,0,0,,
RA. AL-IHSAN,69887932,RA,SWASTA,Kec. Gunung Sari,280433,Kab. Serang,280400,Prov. Banten,280000,0,0,0,0,0,0,0,0,,
MA DARUL MA`RIFAH,70030199,MA,SWASTA,Kec. Rangkasbitung,280218,Kab. Lebak,280200,Prov. Banten,280000,0,0,0,0,0,0,0,0,,
MA NUR ROCHMAN,70052604,MA,SWASTA,Kec. Rangkasbitung,280218,Kab. Lebak,280200,Prov. Banten,280000,0,0,0,0,0,0,0,0,,
MAN 1 LEBAK,20623353,MA,NEGERI,Kec. Rangkasbitung,280218,Kab. Lebak,280200,Prov. Banten,280000,0,0,0,0,0,0,0,0,,
MAS AL - HIKAM PASIRTANJUNG,70026066,MA,SWASTA,Kec. Rangkasbitung,280218,Kab. Lebak,280200,Prov. Banten,280000,0,0,0,0,0,0,0,0,,
MAS AL-MIZAN,20623355,MA,SWASTA,Kec. Rangkasbitung,280218,Kab. Lebak,280200,Prov. Banten,280000,0,0,0,0,0,0,0,0,,
MAS ATTARBIYAH,69994485,MA,SWASTA,Kec. Rangkasbitung,280218,Kab. Lebak,280200,Prov. Banten,280000,0,0,0,0,0,0,0,0,,
MAS BANI FADIL,20623359,MA,SWASTA,Kec. Rangkasbitung,280218,Kab. Lebak,280200,Prov. Banten,280000,0,0,0,0,0,0,0,0,,
MAS DAAR EL AZHAR,69788087,MA,SWASTA,Kec. Rangkasbitung,280218,Kab. Lebak,280200,Prov. Banten,280000,0,0,0,0,0,0,0,0,,
MAS FATHURROBBAANIY,20623357,MA,SWASTA,Kec. Rangkasbitung,280218,Kab. Lebak,280200,Prov. Banten,280000,0,0,0,0,0,0,0,0,,
MAS MIFTAHUL HUDA CURUG MULYA,69977927,MA,SWASTA,Kec. Rangkasbitung,280218,Kab. Lebak,280200,Prov. Banten,280000,0,0,0,0,0,0,0,0,,
MAS TAFRIZUL AHKAM CIKIRAI,20623358,MA,SWASTA,Kec. Rangkasbitung,280218,Kab. Lebak,280200,Prov. Banten,280000,0,0,0,0,0,0,0,0,,
MAS WASILATUL FALAH,20623356,MA,SWASTA,Kec. Rangkasbitung,280218,Kab. Lebak,280200,Prov. Banten,280000,0,0,0,0,0,0,0,0,,
MIS AL-HIDAYAH LEBAK PICUNG,69895467,MI,NEGERI,Kec. Rangkasbitung,280218,Kab. Lebak,280200,Prov. Banten,280000,0,0,0,0,0,0,0,0,,
MIS AL-HIKAM PASIRTANJUNG,69977912,MI,SWASTA,Kec. Rangkasbitung,280218,Kab. Lebak,280200,Prov. Banten,280000,0,0,0,0,0,0,0,0,,
MIS DARUTTASHIHAH,69901980,MI,SWASTA,Kec. Rangkasbitung,280218,Kab. Lebak,280200,Prov. Banten,280000,0,0,0,0,0,0,0,0,,
MIS ISTIQOMATUL FALAH,69895468,MI,SWASTA,Kec. Rangkasbitung,280218,Kab. Lebak,280200,Prov. Banten,280000,0,0,0,0,0,0,0,0,,
MIS JANNATY,69995681,MI,SWASTA,Kec. Rangkasbitung,280218,Kab. Lebak,280200,Prov. Banten,280000,0,0,0,0,0,0,0,0,,
MIS MABDAIL FALAH SUKAMANAH,69927801,MI,SWASTA,Kec. Rangkasbitung,280218,Kab. Lebak,280200,Prov. Banten,280000,0,0,0,0,0,0,0,0,,
MIS MULTAZAM,69895469,MI,SWASTA,Kec. Rangkasbitung,280218,Kab. Lebak,280200,Prov. Banten,280000,0,0,0,0,0,0,0,0,,
MIS NUR ROCHMAN,69819641,MI,SWASTA,Kec. Rangkasbitung,280218,Kab. Lebak,280200,Prov. Banten,280000,0,0,0,0,0,0,0,0,,
MTS AL - HIKMAH II PASIR  RANJI,69994740,MTs,SWASTA,Kec. Rangkasbitung,280218,Kab. Lebak,280200,Prov. Banten,280000,0,0,0,0,0,0,0,0,,
MTS AL ABROR CIMANGEUNTEUNG,70014219,MTs,SWASTA,Kec. Rangkasbitung,280218,Kab. Lebak,280200,Prov. Banten,280000,0,0,0,0,0,0,0,0,,
MTS BANI FADIL,69857755,MTs,SWASTA,Kec. Rangkasbitung,280218,Kab. Lebak,280200,Prov. Banten,280000,0,0,0,0,0,0,0,0,,
MTSN 1 LEBAK,20622691,MTs,NEGERI,Kec. Rangkasbitung,280218,Kab. Lebak,280200,Prov. Banten,280000,0,0,0,0,0,0,0,0,,
MTSS AL HUSNA CITERAS,70007086,MTs,SWASTA,Kec. Rangkasbitung,280218,Kab. Lebak,280200,Prov. Banten,280000,0,0,0,0,0,0,0,0,,
MTSS AL IHSAN,70030376,MTs,SWASTA,Kec. Rangkasbitung,280218,Kab. Lebak,280200,Prov. Banten,280000,0,0,0,0,0,0,0,0,,
MTSS AL-BAYAN,69977922,MTs,SWASTA,Kec. Rangkasbitung,280218,Kab. Lebak,280200,Prov. Banten,280000,0,0,0,0,0,0,0,0,,
MTSS AL-HIDAYAH LEBAKPICUNG,20622697,MTs,SWASTA,Kec. Rangkasbitung,280218,Kab. Lebak,280200,Prov. Banten,280000,0,0,0,0,0,0,0,0,,
MTSS AL-HIDAYAH RANGKASBITUNG,69886239,MTs,SWASTA,Kec. Rangkasbitung,280218,Kab. Lebak,280200,Prov. Banten,280000,0,0,0,0,0,0,0,0,,
MTSS AL-HIKAM PASIRTANJUNG,70012490,MTs,SWASTA,Kec. Rangkasbitung,280218,Kab. Lebak,280200,Prov. Banten,280000,0,0,0,0,0,0,0,0,,
MTSS AL-MIZAN,20622696,MTs,SWASTA,Kec. Rangkasbitung,280218,Kab. Lebak,280200,Prov. Banten,280000,0,0,0,0,0,0,0,0,,
MTSS ASH SHAFWAH,69941508,MTs,SWASTA,Kec. Rangkasbitung,280218,Kab. Lebak,280200,Prov. Banten,280000,0,0,0,0,0,0,0,0,,
MTSS ATTARBIYAH,70031311,MTs,SWASTA,Kec. Rangkasbitung,280218,Kab. Lebak,280200,Prov. Banten,280000,0,0,0,0,0,0,0,0,,
MTSS BANI WASILATURRAHMAN,20616342,MTs,SWASTA,Kec. Rangkasbitung,280218,Kab. Lebak,280200,Prov. Banten,280000,0,0,0,0,0,0,0,0,,
MTSS BINA INSANI,69977923,MTs,SWASTA,Kec. Rangkasbitung,280218,Kab. Lebak,280200,Prov. Banten,280000,0,0,0,0,0,0,0,0,,
MTSS DAAR EL-AZHAR,20622704,MTs,SWASTA,Kec. Rangkasbitung,280218,Kab. Lebak,280200,Prov. Banten,280000,0,0,0,0,0,0,0,0,,
MTSS DAARUTTASHIHAH,20622694,MTs,SWASTA,Kec. Rangkasbitung,280218,Kab. Lebak,280200,Prov. Banten,280000,0,0,0,0,0,0,0,0,,
MTSS DARUL IBTIDA,69788431,MTs,SWASTA,Kec. Rangkasbitung,280218,Kab. Lebak,280200,Prov. Banten,280000,0,0,0,0,0,0,0,0,,
MTSS DARUL MA`RIFAH,70007363,MTs,SWASTA,Kec. Rangkasbitung,280218,Kab. Lebak,280200,Prov. Banten,280000,0,0,0,0,0,0,0,0,,
MTSS DARUL ULUM KOLELET,20622703,MTs,SWASTA,Kec. Rangkasbitung,280218,Kab. Lebak,280200,Prov. Banten,280000,0,0,0,0,0,0,0,0,,
MTSS DARUSSABAN,70009407,MTs,SWASTA,Kec. Rangkasbitung,280218,Kab. Lebak,280200,Prov. Banten,280000,0,0,0,0,0,0,0,0,,
MTSS DARUSY SYIFA,20622700,MTs,SWASTA,Kec. Rangkasbitung,280218,Kab. Lebak,280200,Prov. Banten,280000,0,0,0,0,0,0,0,0,,
MTSS DIEN EL-HAYAT,69895740,MTs,SWASTA,Kec. Rangkasbitung,280218,Kab. Lebak,280200,Prov. Banten,280000,0,0,0,0,0,0,0,0,,
MTSS FATHURROBBAANIY RANGKASBITUNG,20622701,MTs,SWASTA,Kec. Rangkasbitung,280218,Kab. Lebak,280200,Prov. Banten,280000,0,0,0,0,0,0,0,0,,
MTSS HIDAYATUL FALAH,20622692,MTs,SWASTA,Kec. Rangkasbitung,280218,Kab. Lebak,280200,Prov. Banten,280000,0,0,0,0,0,0,0,0,,
MTSS KAFFAH,69955993,MTs,SWASTA,Kec. Rangkasbitung,280218,Kab. Lebak,280200,Prov. Banten,280000,0,0,0,0,0,0,0,0,,
MTSS MIFTAHUL HUDA CURUG MULYA,69788430,MTs,SWASTA,Kec. Rangkasbitung,280218,Kab. Lebak,280200,Prov. Banten,280000,0,0,0,0,0,0,0,0,,
MTSS NUR ROCHMAN,70008846,MTs,SWASTA,Kec. Rangkasbitung,280218,Kab. Lebak,280200,Prov. Banten,280000,0,0,0,0,0,0,0,0,,
MTSS NURUL HASANAH,20622699,MTs,SWASTA,Kec. Rangkasbitung,280218,Kab. Lebak,280200,Prov. Banten,280000,0,0,0,0,0,0,0,0,,
MTSS WASILATUL FALAH,20622702,MTs,SWASTA,Kec. Rangkasbitung,280218,Kab. Lebak,280200,Prov. Banten,280000,0,0,0,0,0,0,0,0,,
TAFRIJUL AHKAM,69895216,MTs,SWASTA,Kec. Rangkasbitung,280218,Kab. Lebak,280200,Prov. Banten,280000,0,0,0,0,0,0,0,0,,
RA AL - HIDAYAH,69887848,RA,SWASTA,Kec. Rangkasbitung,280218,Kab. Lebak,280200,Prov. Banten,280000,0,0,0,0,0,0,0,0,,
RA AL ABROR CIMANGEUNTEUNG,70007108,RA,SWASTA,Kec. Rangkasbitung,280218,Kab. Lebak,280200,Prov. Banten,280000,0,0,0,0,0,0,0,0,,
RA AL FALAH,69887852,RA,SWASTA,Kec. Rangkasbitung,280218,Kab. Lebak,280200,Prov. Banten,280000,0,0,0,0,0,0,0,0,,
RA AL FATTAH,69958184,RA,SWASTA,Kec. Rangkasbitung,280218,Kab. Lebak,280200,Prov. Banten,280000,0,0,0,0,0,0,0,0,,
RA AL-MUHAJIRIN,69887847,RA,SWASTA,Kec. Rangkasbitung,280218,Kab. Lebak,280200,Prov. Banten,280000,0,0,0,0,0,0,0,0,,
RA AL-MUNA,70047655,RA,SWASTA,Kec. Rangkasbitung,280218,Kab. Lebak,280200,Prov. Banten,280000,0,0,0,0,0,0,0,0,,
RA AL-QUDWAH,69887844,RA,SWASTA,Kec. Rangkasbitung,280218,Kab. Lebak,280200,Prov. Banten,280000,0,0,0,0,0,0,0,0,,
RA AN-NAJAT I,69885444,RA,SWASTA,Kec. Rangkasbitung,280218,Kab. Lebak,280200,Prov. Banten,280000,0,0,0,0,0,0,0,0,,
RA AN-NAJAT II,69885447,RA,SWASTA,Kec. Rangkasbitung,280218,Kab. Lebak,280200,Prov. Banten,280000,0,0,0,0,0,0,0,0,,
RA ARAFAH AL MUKARRAMAH,70031267,RA,SWASTA,Kec. Rangkasbitung,280218,Kab. Lebak,280200,Prov. Banten,280000,0,0,0,0,0,0,0,0,,
RA ASSHOLIHAT,69887850,RA,SWASTA,Kec. Rangkasbitung,280218,Kab. Lebak,280200,Prov. Banten,280000,0,0,0,0,0,0,0,0,,
RA ASY-SYIFA,69898261,RA,SWASTA,Kec. Rangkasbitung,280218,Kab. Lebak,280200,Prov. Banten,280000,0,0,0,0,0,0,0,0,,
RA DARUSSIBYAN,69941194,RA,SWASTA,Kec. Rangkasbitung,280218,Kab. Lebak,280200,Prov. Banten,280000,0,0,0,0,0,0,0,0,,
RA FATHUL ULUM,69898258,RA,SWASTA,Kec. Rangkasbitung,280218,Kab. Lebak,280200,Prov. Banten,280000,0,0,0,0,0,0,0,0,,
RA ITQON AZ ZAHRA,69958182,RA,SWASTA,Kec. Rangkasbitung,280218,Kab. Lebak,280200,Prov. Banten,280000,0,0,0,0,0,0,0,0,,
RA MATHLAUL ANWAR,69887845,RA,SWASTA,Kec. Rangkasbitung,280218,Kab. Lebak,280200,Prov. Banten,280000,0,0,0,0,0,0,0,0,,
RA MAULIDA INSANI,70013364,RA,SWASTA,Kec. Rangkasbitung,280218,Kab. Lebak,280200,Prov. Banten,280000,0,0,0,0,0,0,0,0,,
RA NADWATUL ULUM,69885449,RA,SWASTA,Kec. Rangkasbitung,280218,Kab. Lebak,280200,Prov. Banten,280000,0,0,0,0,0,0,0,0,,
RA NURUL HASANAH,69958183,RA,SWASTA,Kec. Rangkasbitung,280218,Kab. Lebak,280200,Prov. Banten,280000,0,0,0,0,0,0,0,0,,
RA NURUL HASANAH,69885446,RA,SWASTA,Kec. Rangkasbitung,280218,Kab. Lebak,280200,Prov. Banten,280000,0,0,0,0,0,0,0,0,,
RA NURUL HUDA,69887849,RA,SWASTA,Kec. Rangkasbitung,280218,Kab. Lebak,280200,Prov. Banten,280000,0,0,0,0,0,0,0,0,,
RA PERSATUAN ISLAM 181 ALFURQON,69887846,RA,SWASTA,Kec. Rangkasbitung,280218,Kab. Lebak,280200,Prov. Banten,280000,0,0,0,0,0,0,0,0,,
RA TARBIYATUL HASANAH,69941191,RA,SWASTA,Kec. Rangkasbitung,280218,Kab. Lebak,280200,Prov. Banten,280000,0,0,0,0,0,0,0,0,,
RA ULIL ALBAB RANGKASBITUNG,70043253,RA,SWASTA,Kec. Rangkasbitung,280218,Kab. Lebak,280200,Prov. Banten,280000,0,0,0,0,0,0,0,0,,
RA WASILATUL TAQWA,69885450,RA,SWASTA,Kec. Rangkasbitung,280218,Kab. Lebak,280200,Prov. Banten,280000,0,0,0,0,0,0,0,0,,
RA. AL-HUSNA,69885445,RA,SWASTA,Kec. Rangkasbitung,280218,Kab. Lebak,280200,Prov. Banten,280000,0,0,0,0,0,0,0,0,,
RA. NURUL BAROKAH,69887851,RA,SWASTA,Kec. Rangkasbitung,280218,Kab. Lebak,280200,Prov. Banten,280000,0,0,0,0,0,0,0,0,,
RA AL FALAH,69898245,RA,SWASTA,Kec. Cibeber,280204,Kab. Lebak,280200,Prov. Banten,280000,0,0,0,0,0,0,0,0,,
RA AL-AZHAR PASIRNANGKA,69887822,RA,SWASTA,Kec. Cibeber,280204,Kab. Lebak,280200,Prov. Banten,280000,0,0,0,0,0,0,0,0,,
RA AL-ITTIHAD,69898243,RA,SWASTA,Kec. Cibeber,280204,Kab. Lebak,280200,Prov. Banten,280000,0,0,0,0,0,0,0,0,,
RA AL-MANSYURIAH,69887821,RA,SWASTA,Kec. Cibeber,280204,Kab. Lebak,280200,Prov. Banten,280000,0,0,0,0,0,0,0,0,,
RA BAHRUL ULUM,69995236,RA,SWASTA,Kec. Cibeber,280204,Kab. Lebak,280200,Prov. Banten,280000,0,0,0,0,0,0,0,0,,
RA DAAR EL-NAJAH,69958176,RA,SWASTA,Kec. Cibeber,280204,Kab. Lebak,280200,Prov. Banten,280000,0,0,0,0,0,0,0,0,,
RA MATHLAUL ANWAR NURUL FALAH,69888357,RA,SWASTA,Kec. Cibeber,280204,Kab. Lebak,280200,Prov. Banten,280000,0,0,0,0,0,0,0,0,,
RA/BA/TA ADDURIYAT,69750049,RA,SWASTA,Kec. Cibeber,280204,Kab. Lebak,280200,Prov. Banten,280000,0,0,0,0,0,0,0,0,,
MA DAAR EL HIJRAH CIKOTOK,70031013,MA,SWASTA,Kec. Cibeber,280204,Kab. Lebak,280200,Prov. Banten,280000,0,0,0,0,0,0,0,0,,
MAS ASY-SYAHADATAIN CIBEBER,20623326,MA,SWASTA,Kec. Cibeber,280204,Kab. Lebak,280200,Prov. Banten,280000,0,0,0,0,0,0,0,0,,
MAS CENDIKIA CIBEBER,69977928,MA,SWASTA,Kec. Cibeber,280204,Kab. Lebak,280200,Prov. Banten,280000,0,0,0,0,0,0,0,0,,
MIS  MATHLAUL ANWAR CIAYUNAN,60721122,MI,SWASTA,Kec. Cibeber,280204,Kab. Lebak,280200,Prov. Banten,280000,0,0,0,0,0,0,0,0,,
MIS AL-FURQON CITOREK,70030383,MI,SWASTA,Kec. Cibeber,280204,Kab. Lebak,280200,Prov. Banten,280000,0,0,0,0,0,0,0,0,,
MIS ASY-SYAHADATAIN,60721124,MI,SWASTA,Kec. Cibeber,280204,Kab. Lebak,280200,Prov. Banten,280000,0,0,0,0,0,0,0,0,,
MIS DAAR EL NAJAH,69901964,MI,SWASTA,Kec. Cibeber,280204,Kab. Lebak,280200,Prov. Banten,280000,0,0,0,0,0,0,0,0,,
MIS DAAR EL-NAJAH 2,69886355,MI,SWASTA,Kec. Cibeber,280204,Kab. Lebak,280200,Prov. Banten,280000,0,0,0,0,0,0,0,0,,
MIS MATHLAUL ANWAR CIHERANG,60721123,MI,SWASTA,Kec. Cibeber,280204,Kab. Lebak,280200,Prov. Banten,280000,0,0,0,0,0,0,0,0,,
MIS MATHLAUL ANWAR CIKARANG,60721121,MI,SWASTA,Kec. Cibeber,280204,Kab. Lebak,280200,Prov. Banten,280000,0,0,0,0,0,0,0,0,,
MTS DAAR EL HIJRAH,70029384,MTs,SWASTA,Kec. Cibeber,280204,Kab. Lebak,280200,Prov. Banten,280000,0,0,0,0,0,0,0,0,,
MTSS AL-FURQON CITOREK,69977913,MTs,SWASTA,Kec. Cibeber,280204,Kab. Lebak,280200,Prov. Banten,280000,0,0,0,0,0,0,0,0,,
MTSS AL-MUNAWWAROH CICARUCUB,20622643,MTs,SWASTA,Kec. Cibeber,280204,Kab. Lebak,280200,Prov. Banten,280000,0,0,0,0,0,0,0,0,,
MTSS ASY-SYAHADATAIN KUJANGJAYA CIBEBER,20622642,MTs,SWASTA,Kec. Cibeber,280204,Kab. Lebak,280200,Prov. Banten,280000,0,0,0,0,0,0,0,0,,
MTSS MATHLAUL ANWAR CIKOTOK,20622641,MTs,SWASTA,Kec. Cibeber,280204,Kab. Lebak,280200,Prov. Banten,280000,0,0,0,0,0,0,0,0,,
MTSS MAULANA YUSUF CIHAMBALI,69895196,MTs,SWASTA,Kec. Cibeber,280204,Kab. Lebak,280200,Prov. Banten,280000,0,0,0,0,0,0,0,0,,
MTSS RIADZOTUL HIKMAH,69941503,MTs,SWASTA,Kec. Cibeber,280204,Kab. Lebak,280200,Prov. Banten,280000,0,0,0,0,0,0,0,0,,
MAS AL-MUJTAHIDIN,20623320,MA,SWASTA,Kec. Banjarsari,280206,Kab. Lebak,280200,Prov. Banten,280000,0,0,0,0,0,0,0,0,,
MAS CISAMPIH,20623319,MA,SWASTA,Kec. Banjarsari,280206,Kab. Lebak,280200,Prov. Banten,280000,0,0,0,0,0,0,0,0,,
MAS DAARUL FIKRI CITEPUSEUN,69941771,MA,SWASTA,Kec. Banjarsari,280206,Kab. Lebak,280200,Prov. Banten,280000,0,0,0,0,0,0,0,0,,
AL - FURQON BANJARSARI,69898238,RA,SWASTA,Kec. Banjarsari,280206,Kab. Lebak,280200,Prov. Banten,280000,0,0,0,0,0,0,0,0,,
RA DAARUL ANBA X DAARUL ABROR,69887799,RA,SWASTA,Kec. Banjarsari,280206,Kab. Lebak,280200,Prov. Banten,280000,0,0,0,0,0,0,0,0,,
RA KERTA YUDA,69898235,RA,SWASTA,Kec. Banjarsari,280206,Kab. Lebak,280200,Prov. Banten,280000,0,0,0,0,0,0,0,0,,
RA MALNU,70060612,RA,SWASTA,Kec. Banjarsari,280206,Kab. Lebak,280200,Prov. Banten,280000,0,0,0,0,0,0,0,0,,
RA TARBIYATUL ATHFAL,69898234,RA,SWASTA,Kec. Banjarsari,280206,Kab. Lebak,280200,Prov. Banten,280000,0,0,0,0,0,0,0,0,,
RA USWATUN HASANAH,69995313,RA,SWASTA,Kec. Banjarsari,280206,Kab. Lebak,280200,Prov. Banten,280000,0,0,0,0,0,0,0,0,,
RADEN TULJAHRA,69898236,RA,SWASTA,Kec. Banjarsari,280206,Kab. Lebak,280200,Prov. Banten,280000,0,0,0,0,0,0,0,0,,
RIYADUSSOLIHIN,69898237,RA,SWASTA,Kec. Banjarsari,280206,Kab. Lebak,280200,Prov. Banten,280000,0,0,0,0,0,0,0,0,,
MIS MA GENTENG,69894710,MI,SWASTA,Kec. Banjarsari,280206,Kab. Lebak,280200,Prov. Banten,280000,0,0,0,0,0,0,0,0,,
MIS MA MALANGNENGAH,69894709,MI,SWASTA,Kec. Banjarsari,280206,Kab. Lebak,280200,Prov. Banten,280000,0,0,0,0,0,0,0,0,,
MIS MA PASIR AWI BEAS,69894711,MI,SWASTA,Kec. Banjarsari,280206,Kab. Lebak,280200,Prov. Banten,280000,0,0,0,0,0,0,0,0,,
MIS MA PASUNG,69927795,MI,SWASTA,Kec. Banjarsari,280206,Kab. Lebak,280200,Prov. Banten,280000,0,0,0,0,0,0,0,0,,
MIS MA SANINTEN,69901961,MI,SWASTA,Kec. Banjarsari,280206,Kab. Lebak,280200,Prov. Banten,280000,0,0,0,0,0,0,0,0,,
MIS MA SUKASARI,69901960,MI,SWASTA,Kec. Banjarsari,280206,Kab. Lebak,280200,Prov. Banten,280000,0,0,0,0,0,0,0,0,,
MIS NURUL FALAH KERTA,69894708,MI,SWASTA,Kec. Banjarsari,280206,Kab. Lebak,280200,Prov. Banten,280000,0,0,0,0,0,0,0,0,,
MIS RATU SINARTIAH,70013795,MI,SWASTA,Kec. Banjarsari,280206,Kab. Lebak,280200,Prov. Banten,280000,0,0,0,0,0,0,0,0,,
MTSN 3 LEBAK,20622635,MTs,NEGERI,Kec. Banjarsari,280206,Kab. Lebak,280200,Prov. Banten,280000,0,0,0,0,0,0,0,0,,
MTSN 5 LEBAK,69988267,MTs,NEGERI,Kec. Banjarsari,280206,Kab. Lebak,280200,Prov. Banten,280000,0,0,0,0,0,0,0,0,,
MTSS AL IHSAN CIATEUL,69881711,MTs,SWASTA,Kec. Banjarsari,280206,Kab. Lebak,280200,Prov. Banten,280000,0,0,0,0,0,0,0,0,,
MTSS DAARUL FIKRI CITEPUSEUN,69881709,MTs,SWASTA,Kec. Banjarsari,280206,Kab. Lebak,280200,Prov. Banten,280000,0,0,0,0,0,0,0,0,,
MTSS MALNU RANCABILUK BANJARSARI,69895194,MTs,SWASTA,Kec. Banjarsari,280206,Kab. Lebak,280200,Prov. Banten,280000,0,0,0,0,0,0,0,0,,
MTSS NURUL FALAH KERTA,69977917,MTs,SWASTA,Kec. Banjarsari,280206,Kab. Lebak,280200,Prov. Banten,280000,0,0,0,0,0,0,0,0,,
MTSS NURUL FALAH PADA SUKA BANJARSARI,69955988,MTs,SWASTA,Kec. Banjarsari,280206,Kab. Lebak,280200,Prov. Banten,280000,0,0,0,0,0,0,0,0,,
MTSS NURUL HIDAYAH KERTA,69883462,MTs,SWASTA,Kec. Banjarsari,280206,Kab. Lebak,280200,Prov. Banten,280000,0,0,0,0,0,0,0,0,,
MTSS RIYADUSSOLIHIN,69881710,MTs,SWASTA,Kec. Banjarsari,280206,Kab. Lebak,280200,Prov. Banten,280000,0,0,0,0,0,0,0,0,,
DAHLIA,69898271,RA,SWASTA,Kec. Warunggunung,280216,Kab. Lebak,280200,Prov. Banten,280000,0,0,0,0,0,0,0,0,,
RA ASSA`ADIYAH,70007098,RA,SWASTA,Kec. Warunggunung,280216,Kab. Lebak,280200,Prov. Banten,280000,0,0,0,0,0,0,0,0,,
RA DAARUL MUNTAHA,70007099,RA,SWASTA,Kec. Warunggunung,280216,Kab. Lebak,280200,Prov. Banten,280000,0,0,0,0,0,0,0,0,,
RA HIDAYATUL MUSTAFID,70061112,RA,SWASTA,Kec. Warunggunung,280216,Kab. Lebak,280200,Prov. Banten,280000,0,0,0,0,0,0,0,0,,
RA MIFTAHUL ULUM,69963339,RA,SWASTA,Kec. Warunggunung,280216,Kab. Lebak,280200,Prov. Banten,280000,0,0,0,0,0,0,0,0,,
RA NUR EL ARDI,69898270,RA,SWASTA,Kec. Warunggunung,280216,Kab. Lebak,280200,Prov. Banten,280000,0,0,0,0,0,0,0,0,,
RA. AL KHOER,69887859,RA,SWASTA,Kec. Warunggunung,280216,Kab. Lebak,280200,Prov. Banten,280000,0,0,0,0,0,0,0,0,,
RA. AN-NAZ R,69887860,RA,SWASTA,Kec. Warunggunung,280216,Kab. Lebak,280200,Prov. Banten,280000,0,0,0,0,0,0,0,0,,
RA. ASSYIFA,69887861,RA,SWASTA,Kec. Warunggunung,280216,Kab. Lebak,280200,Prov. Banten,280000,0,0,0,0,0,0,0,0,,
RA. MATHLA`UL ANWAR,69887858,RA,SWASTA,Kec. Warunggunung,280216,Kab. Lebak,280200,Prov. Banten,280000,0,0,0,0,0,0,0,0,,
MIS AL-ITTIHAD,69894724,MI,SWASTA,Kec. Warunggunung,280216,Kab. Lebak,280200,Prov. Banten,280000,0,0,0,0,0,0,0,0,,
MIS HIDAYAH ISLAMIYAH,69901983,MI,SWASTA,Kec. Warunggunung,280216,Kab. Lebak,280200,Prov. Banten,280000,0,0,0,0,0,0,0,0,,
MIS MABDAIL FALAH,69895471,MI,SWASTA,Kec. Warunggunung,280216,Kab. Lebak,280200,Prov. Banten,280000,0,0,0,0,0,0,0,0,,
MA DAARUL MU`AWWANAH,70024963,MA,SWASTA,Kec. Warunggunung,280216,Kab. Lebak,280200,Prov. Banten,280000,0,0,0,0,0,0,0,0,,
MAS AL-ITTIHAD,20623365,MA,SWASTA,Kec. Warunggunung,280216,Kab. Lebak,280200,Prov. Banten,280000,0,0,0,0,0,0,0,0,,
MAS AR-ROYHAN,69993552,MA,SWASTA,Kec. Warunggunung,280216,Kab. Lebak,280200,Prov. Banten,280000,0,0,0,0,0,0,0,0,,
MAS DAARUL MUSYAFFA,70034194,MA,SWASTA,Kec. Warunggunung,280216,Kab. Lebak,280200,Prov. Banten,280000,0,0,0,0,0,0,0,0,,
MAS EL - KARIM,69857759,MA,SWASTA,Kec. Warunggunung,280216,Kab. Lebak,280200,Prov. Banten,280000,0,0,0,0,0,0,0,0,,
MAS HIDAYAH ISLAMIYAH,20602266,MA,SWASTA,Kec. Warunggunung,280216,Kab. Lebak,280200,Prov. Banten,280000,0,0,0,0,0,0,0,0,,
MAS MIFTAHUL JANNAH,70009532,MA,SWASTA,Kec. Warunggunung,280216,Kab. Lebak,280200,Prov. Banten,280000,0,0,0,0,0,0,0,0,,
DARUTHOHIRIN,69955992,MTs,SWASTA,Kec. Warunggunung,280216,Kab. Lebak,280200,Prov. Banten,280000,0,0,0,0,0,0,0,0,,
MTS MAZROATUL HUDA,70059096,MTs,SWASTA,Kec. Warunggunung,280216,Kab. Lebak,280200,Prov. Banten,280000,0,0,0,0,0,0,0,0,,
MTSS AN-NURHANIYAH,20622717,MTs,SWASTA,Kec. Warunggunung,280216,Kab. Lebak,280200,Prov. Banten,280000,0,0,0,0,0,0,0,0,,
MTSS AR ROYHAN,69941507,MTs,SWASTA,Kec. Warunggunung,280216,Kab. Lebak,280200,Prov. Banten,280000,0,0,0,0,0,0,0,0,,
MTSS DAARUL MUAWWANAH,69895738,MTs,SWASTA,Kec. Warunggunung,280216,Kab. Lebak,280200,Prov. Banten,280000,0,0,0,0,0,0,0,0,,
MTSS DAARUL MUSYAFFA,70043517,MTs,SWASTA,Kec. Warunggunung,280216,Kab. Lebak,280200,Prov. Banten,280000,0,0,0,0,0,0,0,0,,
MTSS EL-KARIM,69895739,MTs,SWASTA,Kec. Warunggunung,280216,Kab. Lebak,280200,Prov. Banten,280000,0,0,0,0,0,0,0,0,,
MTSS HIDAYAH ISLAMIYAH,69895737,MTs,SWASTA,Kec. Warunggunung,280216,Kab. Lebak,280200,Prov. Banten,280000,0,0,0,0,0,0,0,0,,
MTSS HIDAYAH ISLAMIYAH PASIRTANGKIL,70012254,MTs,SWASTA,Kec. Warunggunung,280216,Kab. Lebak,280200,Prov. Banten,280000,0,0,0,0,0,0,0,0,,
MTSS JAMIATUL FALAH,69895223,MTs,SWASTA,Kec. Warunggunung,280216,Kab. Lebak,280200,Prov. Banten,280000,0,0,0,0,0,0,0,0,,
MTSS MAWAUL ULUM,70030363,MTs,SWASTA,Kec. Warunggunung,280216,Kab. Lebak,280200,Prov. Banten,280000,0,0,0,0,0,0,0,0,,
MTSS MIFTAHUL ICHSAN SELARAJA,69895222,MTs,SWASTA,Kec. Warunggunung,280216,Kab. Lebak,280200,Prov. Banten,280000,0,0,0,0,0,0,0,0,,
MTSS MIFTAHUL JANNAH,70030381,MTs,SWASTA,Kec. Warunggunung,280216,Kab. Lebak,280200,Prov. Banten,280000,0,0,0,0,0,0,0,0,,
MTSS PPIQ,70007146,MTs,SWASTA,Kec. Warunggunung,280216,Kab. Lebak,280200,Prov. Banten,280000,0,0,0,0,0,0,0,0,,
MTS ASSALAMIYAH,69857748,MTs,SWASTA,Kec. Maja,280219,Kab. Lebak,280200,Prov. Banten,280000,0,0,0,0,0,0,0,0,,
MTS DARUL HUDA AL-IKHWAN,70014163,MTs,SWASTA,Kec. Maja,280219,Kab. Lebak,280200,Prov. Banten,280000,0,0,0,0,0,0,0,0,,
MTSS AL RIYADHUL JANAH,20622677,MTs,SWASTA,Kec. Maja,280219,Kab. Lebak,280200,Prov. Banten,280000,0,0,0,0,0,0,0,0,,
MTSS AL-A`LA,20622678,MTs,SWASTA,Kec. Maja,280219,Kab. Lebak,280200,Prov. Banten,280000,0,0,0,0,0,0,0,0,,
MTSS AL-FALAH,69977924,MTs,SWASTA,Kec. Maja,280219,Kab. Lebak,280200,Prov. Banten,280000,0,0,0,0,0,0,0,0,,
MTSS AR-RIZKAN,20622676,MTs,SWASTA,Kec. Maja,280219,Kab. Lebak,280200,Prov. Banten,280000,0,0,0,0,0,0,0,0,,
MTSS NURUL AMAL CIDADAP,20622679,MTs,SWASTA,Kec. Maja,280219,Kab. Lebak,280200,Prov. Banten,280000,0,0,0,0,0,0,0,0,,
MTSS NURUL HILMI,70028068,MTs,SWASTA,Kec. Maja,280219,Kab. Lebak,280200,Prov. Banten,280000,0,0,0,0,0,0,0,0,,
MTSS SULLAMUL FUTUHAT,69895732,MTs,SWASTA,Kec. Maja,280219,Kab. Lebak,280200,Prov. Banten,280000,0,0,0,0,0,0,0,0,,
RA AL-FALAH,69977909,RA,SWASTA,Kec. Maja,280219,Kab. Lebak,280200,Prov. Banten,280000,0,0,0,0,0,0,0,0,,
RA AZKIA MAJA,69995550,RA,SWASTA,Kec. Maja,280219,Kab. Lebak,280200,Prov. Banten,280000,0,0,0,0,0,0,0,0,,
RA DARUL MUSTOPA,69994715,RA,SWASTA,Kec. Maja,280219,Kab. Lebak,280200,Prov. Banten,280000,0,0,0,0,0,0,0,0,,
RA MATHLAUL ANWAR CIBEUDIL,69963338,RA,SWASTA,Kec. Maja,280219,Kab. Lebak,280200,Prov. Banten,280000,0,0,0,0,0,0,0,0,,
RA NURUL HILMI MAJA,70008992,RA,SWASTA,Kec. Maja,280219,Kab. Lebak,280200,Prov. Banten,280000,0,0,0,0,0,0,0,0,,
RA NURUL HUDA,69887832,RA,SWASTA,Kec. Maja,280219,Kab. Lebak,280200,Prov. Banten,280000,0,0,0,0,0,0,0,0,,
RA. AL-ISWAH,69887833,RA,SWASTA,Kec. Maja,280219,Kab. Lebak,280200,Prov. Banten,280000,0,0,0,0,0,0,0,0,,
RA. AT-TAQWA,69885443,RA,SWASTA,Kec. Maja,280219,Kab. Lebak,280200,Prov. Banten,280000,0,0,0,0,0,0,0,0,,
MIS AL ISTIQOMAH MAJA,70007148,MI,SWASTA,Kec. Maja,280219,Kab. Lebak,280200,Prov. Banten,280000,0,0,0,0,0,0,0,0,,
MIS ASSALAMIYAH,69895465,MI,SWASTA,Kec. Maja,280219,Kab. Lebak,280200,Prov. Banten,280000,0,0,0,0,0,0,0,0,,
MIS MATHLAUL ANWAR CIBEUDIL,69894723,MI,SWASTA,Kec. Maja,280219,Kab. Lebak,280200,Prov. Banten,280000,0,0,0,0,0,0,0,0,,
MIS NURUL ILMI,69977911,MI,SWASTA,Kec. Maja,280219,Kab. Lebak,280200,Prov. Banten,280000,0,0,0,0,0,0,0,0,,
MIS SULLAMUL FUTUHAT,69901976,MI,SWASTA,Kec. Maja,280219,Kab. Lebak,280200,Prov. Banten,280000,0,0,0,0,0,0,0,0,,
MAS AL RIYADHUL JANAH,20623344,MA,SWASTA,Kec. Maja,280219,Kab. Lebak,280200,Prov. Banten,280000,0,0,0,0,0,0,0,0,,
MAS AL-FALAH,70010103,MA,SWASTA,Kec. Maja,280219,Kab. Lebak,280200,Prov. Banten,280000,0,0,0,0,0,0,0,0,,
MAS NURUL AMAL,20623354,MA,SWASTA,Kec. Maja,280219,Kab. Lebak,280200,Prov. Banten,280000,0,0,0,0,0,0,0,0,,
MAS ANWARUL MASALIK PASIRRANJI MALINGPING,69881512,MA,SWASTA,Kec. Malingping,280201,Kab. Lebak,280200,Prov. Banten,280000,0,0,0,0,0,0,0,0,,
MAS DAARUL FIKRI MALINGPING,20623349,MA,SWASTA,Kec. Malingping,280201,Kab. Lebak,280200,Prov. Banten,280000,0,0,0,0,0,0,0,0,,
MAS JAMIYYATUL MUBTADI CIBAYAWAK,20623348,MA,SWASTA,Kec. Malingping,280201,Kab. Lebak,280200,Prov. Banten,280000,0,0,0,0,0,0,0,0,,
MAS MATHLA`UL ANWAR MALINGPING,20623347,MA,SWASTA,Kec. Malingping,280201,Kab. Lebak,280200,Prov. Banten,280000,0,0,0,0,0,0,0,0,,
MAS MAULANA YUSUF,69881511,MA,SWASTA,Kec. Malingping,280201,Kab. Lebak,280200,Prov. Banten,280000,0,0,0,0,0,0,0,0,,
MAS NURUL HIDAYAH LEBAK JAHA MALINGPING,20623346,MA,SWASTA,Kec. Malingping,280201,Kab. Lebak,280200,Prov. Banten,280000,0,0,0,0,0,0,0,0,,
MAS TERPADU DAAR EL-ISHLAH,20623345,MA,SWASTA,Kec. Malingping,280201,Kab. Lebak,280200,Prov. Banten,280000,0,0,0,0,0,0,0,0,,
MTS MAULANA YUSUF CIPEDANG WANASALAM,69995667,MTs,SWASTA,Kec. Malingping,280201,Kab. Lebak,280200,Prov. Banten,280000,0,0,0,0,0,0,0,0,,
MTSS AL-MIFTAH CINAGROG,69895733,MTs,SWASTA,Kec. Malingping,280201,Kab. Lebak,280200,Prov. Banten,280000,0,0,0,0,0,0,0,0,,
MTSS ANWARUL MASALIK PASIRRANJI,69883468,MTs,SWASTA,Kec. Malingping,280201,Kab. Lebak,280200,Prov. Banten,280000,0,0,0,0,0,0,0,0,,
MTSS DAAR EL-KARIM PAGELARAN,20622684,MTs,SWASTA,Kec. Malingping,280201,Kab. Lebak,280200,Prov. Banten,280000,0,0,0,0,0,0,0,0,,
MTSS DAARUL ULUM PAGELARAN,20622682,MTs,SWASTA,Kec. Malingping,280201,Kab. Lebak,280200,Prov. Banten,280000,0,0,0,0,0,0,0,0,,
MTSS MATHLAUL ANWAR BOLANG,20622680,MTs,SWASTA,Kec. Malingping,280201,Kab. Lebak,280200,Prov. Banten,280000,0,0,0,0,0,0,0,0,,
MTSS MATHLAUL ANWAR MALINGPING,69895950,MTs,SWASTA,Kec. Malingping,280201,Kab. Lebak,280200,Prov. Banten,280000,0,0,0,0,0,0,0,0,,
MTSS MAULANA YUSUF PAGELARAN,69886424,MTs,SWASTA,Kec. Malingping,280201,Kab. Lebak,280200,Prov. Banten,280000,0,0,0,0,0,0,0,0,,
MTSS NURUL HIDAYAH CITEUREUP RAHONG,20622685,MTs,SWASTA,Kec. Malingping,280201,Kab. Lebak,280200,Prov. Banten,280000,0,0,0,0,0,0,0,0,,
MTSS NURUL HIDAYAH KANDANGPALON,69883467,MTs,SWASTA,Kec. Malingping,280201,Kab. Lebak,280200,Prov. Banten,280000,0,0,0,0,0,0,0,0,,
MTSS NURUL HIDAYAH LEBAK JAHA,69883466,MTs,SWASTA,Kec. Malingping,280201,Kab. Lebak,280200,Prov. Banten,280000,0,0,0,0,0,0,0,0,,
RA AL KAUTSAR,69887837,RA,SWASTA,Kec. Malingping,280201,Kab. Lebak,280200,Prov. Banten,280000,0,0,0,0,0,0,0,0,,
RA AL-ISHLAH,69887840,RA,SWASTA,Kec. Malingping,280201,Kab. Lebak,280200,Prov. Banten,280000,0,0,0,0,0,0,0,0,,
RA ANNADA,69887841,RA,SWASTA,Kec. Malingping,280201,Kab. Lebak,280200,Prov. Banten,280000,0,0,0,0,0,0,0,0,,
RA ARRAFID,69888359,RA,SWASTA,Kec. Malingping,280201,Kab. Lebak,280200,Prov. Banten,280000,0,0,0,0,0,0,0,0,,
RA DAAR EL KARIM PAGELARAN,69887836,RA,SWASTA,Kec. Malingping,280201,Kab. Lebak,280200,Prov. Banten,280000,0,0,0,0,0,0,0,0,,
RA DAARUTH THORIIQUL MANSHUR,70027812,RA,SWASTA,Kec. Malingping,280201,Kab. Lebak,280200,Prov. Banten,280000,0,0,0,0,0,0,0,0,,
RA FATIH ASSALAM CENDIKIA,70026035,RA,SWASTA,Kec. Malingping,280201,Kab. Lebak,280200,Prov. Banten,280000,0,0,0,0,0,0,0,0,,
RA MATHLAUL ANWAR,69887834,RA,SWASTA,Kec. Malingping,280201,Kab. Lebak,280200,Prov. Banten,280000,0,0,0,0,0,0,0,0,,
RA MATHLAUL ANWAR PAGELARAN,69887839,RA,SWASTA,Kec. Malingping,280201,Kab. Lebak,280200,Prov. Banten,280000,0,0,0,0,0,0,0,0,,
RA MIFTAHUL HUDA,69994484,RA,SWASTA,Kec. Malingping,280201,Kab. Lebak,280200,Prov. Banten,280000,0,0,0,0,0,0,0,0,,
RA SHIDQIN ALIYYA,70045473,RA,SWASTA,Kec. Malingping,280201,Kab. Lebak,280200,Prov. Banten,280000,0,0,0,0,0,0,0,0,,
RA WALADUN SHOLEH,69887835,RA,SWASTA,Kec. Malingping,280201,Kab. Lebak,280200,Prov. Banten,280000,0,0,0,0,0,0,0,0,,
RA/BA/TA MATHLAUL ANWAR ALHASANAH,69750028,RA,SWASTA,Kec. Malingping,280201,Kab. Lebak,280200,Prov. Banten,280000,0,0,0,0,0,0,0,0,,
MIS AL-ISHLAH SUKAMULANG,60721187,MI,SWASTA,Kec. Malingping,280201,Kab. Lebak,280200,Prov. Banten,280000,0,0,0,0,0,0,0,0,,
MIS AL-MIFTAH CINAGROG,69881943,MI,SWASTA,Kec. Malingping,280201,Kab. Lebak,280200,Prov. Banten,280000,0,0,0,0,0,0,0,0,,
MIS ANWARUL MASALIK,60721188,MI,SWASTA,Kec. Malingping,280201,Kab. Lebak,280200,Prov. Banten,280000,0,0,0,0,0,0,0,0,,
MIS FATIH ASSALAM CENDIKIA,70031355,MI,SWASTA,Kec. Malingping,280201,Kab. Lebak,280200,Prov. Banten,280000,0,0,0,0,0,0,0,0,,
MIS MA CILAJIM,60721173,MI,SWASTA,Kec. Malingping,280201,Kab. Lebak,280200,Prov. Banten,280000,0,0,0,0,0,0,0,0,,
MIS MA LANGGONG,60721175,MI,SWASTA,Kec. Malingping,280201,Kab. Lebak,280200,Prov. Banten,280000,0,0,0,0,0,0,0,0,,
MIS MATHLAUL ANWAR BOLANG,60721186,MI,SWASTA,Kec. Malingping,280201,Kab. Lebak,280200,Prov. Banten,280000,0,0,0,0,0,0,0,0,,
MIS MATHLAUL ANWAR CANALI,69941368,MI,SWASTA,Kec. Malingping,280201,Kab. Lebak,280200,Prov. Banten,280000,0,0,0,0,0,0,0,0,,
MIS MATHLAUL ANWAR CIKEUSIK,60721182,MI,SWASTA,Kec. Malingping,280201,Kab. Lebak,280200,Prov. Banten,280000,0,0,0,0,0,0,0,0,,
MIS MATHLAUL ANWAR CILANGKAHAN,60721192,MI,SWASTA,Kec. Malingping,280201,Kab. Lebak,280200,Prov. Banten,280000,0,0,0,0,0,0,0,0,,
MIS MATHLAUL ANWAR CILANGKAP,60721178,MI,SWASTA,Kec. Malingping,280201,Kab. Lebak,280200,Prov. Banten,280000,0,0,0,0,0,0,0,0,,
MIS MATHLAUL ANWAR CIPINANG,60721189,MI,SWASTA,Kec. Malingping,280201,Kab. Lebak,280200,Prov. Banten,280000,0,0,0,0,0,0,0,0,,
MIS MATHLAUL ANWAR GEMBRONG,69881942,MI,SWASTA,Kec. Malingping,280201,Kab. Lebak,280200,Prov. Banten,280000,0,0,0,0,0,0,0,0,,
MIS MATHLAUL ANWAR GIRILAYA,60721176,MI,SWASTA,Kec. Malingping,280201,Kab. Lebak,280200,Prov. Banten,280000,0,0,0,0,0,0,0,0,,
MIS MATHLAUL ANWAR PAGELARAN,69881944,MI,SWASTA,Kec. Malingping,280201,Kab. Lebak,280200,Prov. Banten,280000,0,0,0,0,0,0,0,0,,
MIS MATHLAUL ANWAR PASIR HAUR,60721179,MI,SWASTA,Kec. Malingping,280201,Kab. Lebak,280200,Prov. Banten,280000,0,0,0,0,0,0,0,0,,
MIS MATHLAUL ANWAR PEUJEUH,60721185,MI,SWASTA,Kec. Malingping,280201,Kab. Lebak,280200,Prov. Banten,280000,0,0,0,0,0,0,0,0,,
MIS MATHLAUL ANWAR SOMPOK,60721177,MI,SWASTA,Kec. Malingping,280201,Kab. Lebak,280200,Prov. Banten,280000,0,0,0,0,0,0,0,0,,
MIS MATHLAUL ANWAR SUKAMANAH,60721184,MI,SWASTA,Kec. Malingping,280201,Kab. Lebak,280200,Prov. Banten,280000,0,0,0,0,0,0,0,0,,
MIS NURUL HIDAYAH BABAKANJAHA,69819642,MI,SWASTA,Kec. Malingping,280201,Kab. Lebak,280200,Prov. Banten,280000,0,0,0,0,0,0,0,0,,
MIS NURUL HIDAYAH CIPEUNDEUY PASIR,60721174,MI,SWASTA,Kec. Malingping,280201,Kab. Lebak,280200,Prov. Banten,280000,0,0,0,0,0,0,0,0,,
MIS NURUL HIDAYAH CITEUREUP,60721191,MI,SWASTA,Kec. Malingping,280201,Kab. Lebak,280200,Prov. Banten,280000,0,0,0,0,0,0,0,0,,
MIS NURUL HIDAYAH KONDANG,60721183,MI,SWASTA,Kec. Malingping,280201,Kab. Lebak,280200,Prov. Banten,280000,0,0,0,0,0,0,0,0,,
MIS NURUL HIDAYAH POLOTOT,60721181,MI,SWASTA,Kec. Malingping,280201,Kab. Lebak,280200,Prov. Banten,280000,0,0,0,0,0,0,0,0,,
MIS NURUL HIDAYAH SAKEPANG,60721180,MI,SWASTA,Kec. Malingping,280201,Kab. Lebak,280200,Prov. Banten,280000,0,0,0,0,0,0,0,0,,
AL-HIJAZ BELAHAJI,69898252,RA,SWASTA,Kec. Cimarga,280214,Kab. Lebak,280200,Prov. Banten,280000,0,0,0,0,0,0,0,0,,
RA DARUSSALAM,69887827,RA,SWASTA,Kec. Cimarga,280214,Kab. Lebak,280200,Prov. Banten,280000,0,0,0,0,0,0,0,0,,
RA KHAIRUL ANAM,69898251,RA,SWASTA,Kec. Cimarga,280214,Kab. Lebak,280200,Prov. Banten,280000,0,0,0,0,0,0,0,0,,
RA NURUL IKHSAN,70009275,RA,SWASTA,Kec. Cimarga,280214,Kab. Lebak,280200,Prov. Banten,280000,0,0,0,0,0,0,0,0,,
RA. ALMADAANY ALIFA,69885441,RA,SWASTA,Kec. Cimarga,280214,Kab. Lebak,280200,Prov. Banten,280000,0,0,0,0,0,0,0,0,,
MAS AL MADANI,20623333,MA,SWASTA,Kec. Cimarga,280214,Kab. Lebak,280200,Prov. Banten,280000,0,0,0,0,0,0,0,0,,
MAS DAARUSSA`ADAH,20623335,MA,SWASTA,Kec. Cimarga,280214,Kab. Lebak,280200,Prov. Banten,280000,0,0,0,0,0,0,0,0,,
MAS NURUL HIDAYAH AS-SANUSY,20616249,MA,SWASTA,Kec. Cimarga,280214,Kab. Lebak,280200,Prov. Banten,280000,0,0,0,0,0,0,0,0,,
MAS NURUL IHYA PASIR BUNGUR,20623334,MA,SWASTA,Kec. Cimarga,280214,Kab. Lebak,280200,Prov. Banten,280000,0,0,0,0,0,0,0,0,,
MAS RAUDHATUL FALAH,69993763,MA,SWASTA,Kec. Cimarga,280214,Kab. Lebak,280200,Prov. Banten,280000,0,0,0,0,0,0,0,0,,
MIFTAHUL ULUM,69894718,MI,SWASTA,Kec. Cimarga,280214,Kab. Lebak,280200,Prov. Banten,280000,0,0,0,0,0,0,0,0,,
MIS AL-KHOIRIYYAH LEUWIJAKSI,69894719,MI,SWASTA,Kec. Cimarga,280214,Kab. Lebak,280200,Prov. Banten,280000,0,0,0,0,0,0,0,0,,
MIS AL-WASHLIYAH PASIR AWI,70007071,MI,SWASTA,Kec. Cimarga,280214,Kab. Lebak,280200,Prov. Banten,280000,0,0,0,0,0,0,0,0,,
MIS BANI RUSYDI,69941371,MI,SWASTA,Kec. Cimarga,280214,Kab. Lebak,280200,Prov. Banten,280000,0,0,0,0,0,0,0,0,,
MIS DARUL FALAH,69895452,MI,SWASTA,Kec. Cimarga,280214,Kab. Lebak,280200,Prov. Banten,280000,0,0,0,0,0,0,0,0,,
MIS DARUL HIKAM,69894720,MI,SWASTA,Kec. Cimarga,280214,Kab. Lebak,280200,Prov. Banten,280000,0,0,0,0,0,0,0,0,,
MIS MA CIGARUKGAK,60721161,MI,SWASTA,Kec. Cimarga,280214,Kab. Lebak,280200,Prov. Banten,280000,0,0,0,0,0,0,0,0,,
MIS NURUL IMAN,60721162,MI,SWASTA,Kec. Cimarga,280214,Kab. Lebak,280200,Prov. Banten,280000,0,0,0,0,0,0,0,0,,
MIS RIYADLUSHSHIBYAN,70006887,MI,SWASTA,Kec. Cimarga,280214,Kab. Lebak,280200,Prov. Banten,280000,0,0,0,0,0,0,0,0,,
AL-HIDAYAH WANTI 2,69895203,MTs,SWASTA,Kec. Cimarga,280214,Kab. Lebak,280200,Prov. Banten,280000,0,0,0,0,0,0,0,0,,
MTS AL-IKHRAM CIMARGA,69895204,MTs,SWASTA,Kec. Cimarga,280214,Kab. Lebak,280200,Prov. Banten,280000,0,0,0,0,0,0,0,0,,
MTS. NURUL HIDAYAH,69895201,MTs,SWASTA,Kec. Cimarga,280214,Kab. Lebak,280200,Prov. Banten,280000,0,0,0,0,0,0,0,0,,
MTSN 4 LEBAK,20622690,MTs,NEGERI,Kec. Cimarga,280214,Kab. Lebak,280200,Prov. Banten,280000,0,0,0,0,0,0,0,0,,
MTSS AL MADANI,20622664,MTs,SWASTA,Kec. Cimarga,280214,Kab. Lebak,280200,Prov. Banten,280000,0,0,0,0,0,0,0,0,,
MTSS AL-HIJAZ BELAHAJI,69895202,MTs,SWASTA,Kec. Cimarga,280214,Kab. Lebak,280200,Prov. Banten,280000,0,0,0,0,0,0,0,0,,
MTSS AL-HUSAINI,69963494,MTs,SWASTA,Kec. Cimarga,280214,Kab. Lebak,280200,Prov. Banten,280000,0,0,0,0,0,0,0,0,,
MTSS DAARUSSA`ADAH,20622665,MTs,SWASTA,Kec. Cimarga,280214,Kab. Lebak,280200,Prov. Banten,280000,0,0,0,0,0,0,0,0,,
MTSS DARUL FALAH,70030415,MTs,SWASTA,Kec. Cimarga,280214,Kab. Lebak,280200,Prov. Banten,280000,0,0,0,0,0,0,0,0,,
MTSS NURUL ISLAM,20622663,MTs,SWASTA,Kec. Cimarga,280214,Kab. Lebak,280200,Prov. Banten,280000,0,0,0,0,0,0,0,0,,
MTSS RAUDHATUL FALAH,69895205,MTs,SWASTA,Kec. Cimarga,280214,Kab. Lebak,280200,Prov. Banten,280000,0,0,0,0,0,0,0,0,,
RA AL HUDA,70042814,RA,SWASTA,Kec. Sajira,280213,Kab. Lebak,280200,Prov. Banten,280000,0,0,0,0,0,0,0,0,,
RA AL-IQRO,69898264,RA,SWASTA,Kec. Sajira,280213,Kab. Lebak,280200,Prov. Banten,280000,0,0,0,0,0,0,0,0,,
RA AL-MUTTAQIN,69885448,RA,SWASTA,Kec. Sajira,280213,Kab. Lebak,280200,Prov. Banten,280000,0,0,0,0,0,0,0,0,,
RA AR - RIZQI,70030198,RA,SWASTA,Kec. Sajira,280213,Kab. Lebak,280200,Prov. Banten,280000,0,0,0,0,0,0,0,0,,
RA AT-THUMAANINAH,69898266,RA,SWASTA,Kec. Sajira,280213,Kab. Lebak,280200,Prov. Banten,280000,0,0,0,0,0,0,0,0,,
RA BANI ARRAHMAN CIUYAH,69977910,RA,SWASTA,Kec. Sajira,280213,Kab. Lebak,280200,Prov. Banten,280000,0,0,0,0,0,0,0,0,,
RA DARUSSALAM SAJIRA,69898262,RA,SWASTA,Kec. Sajira,280213,Kab. Lebak,280200,Prov. Banten,280000,0,0,0,0,0,0,0,0,,
RA EL-BINA,69887855,RA,SWASTA,Kec. Sajira,280213,Kab. Lebak,280200,Prov. Banten,280000,0,0,0,0,0,0,0,0,,
RA KHOERUNNISA,70027649,RA,SWASTA,Kec. Sajira,280213,Kab. Lebak,280200,Prov. Banten,280000,0,0,0,0,0,0,0,0,,
RA MEDINA INSANI,70024913,RA,SWASTA,Kec. Sajira,280213,Kab. Lebak,280200,Prov. Banten,280000,0,0,0,0,0,0,0,0,,
RA RAUDHATUL AULAD,69750030,RA,SWASTA,Kec. Sajira,280213,Kab. Lebak,280200,Prov. Banten,280000,0,0,0,0,0,0,0,0,,
RA ROUDHATUL FIKRI,69898263,RA,SWASTA,Kec. Sajira,280213,Kab. Lebak,280200,Prov. Banten,280000,0,0,0,0,0,0,0,0,,
MAS AL HASANAH,20623361,MA,SWASTA,Kec. Sajira,280213,Kab. Lebak,280200,Prov. Banten,280000,0,0,0,0,0,0,0,0,,
MAS AL HIDAYAH ISLAMIYAH CIBEURIH,20623360,MA,SWASTA,Kec. Sajira,280213,Kab. Lebak,280200,Prov. Banten,280000,0,0,0,0,0,0,0,0,,
MAS AL-ANWARIYAH AL-IDRUS,70026054,MA,SWASTA,Kec. Sajira,280213,Kab. Lebak,280200,Prov. Banten,280000,0,0,0,0,0,0,0,0,,
MAS AL-KHOERIYAH RAUDHATUL AULAD,69977929,MA,SWASTA,Kec. Sajira,280213,Kab. Lebak,280200,Prov. Banten,280000,0,0,0,0,0,0,0,0,,
MAS AN-NAZWA,70031900,MA,SWASTA,Kec. Sajira,280213,Kab. Lebak,280200,Prov. Banten,280000,0,0,0,0,0,0,0,0,,
MAS SAJIRA,20623362,MA,SWASTA,Kec. Sajira,280213,Kab. Lebak,280200,Prov. Banten,280000,0,0,0,0,0,0,0,0,,
MAS WASILATUL MAKIYAH,69941775,MA,SWASTA,Kec. Sajira,280213,Kab. Lebak,280200,Prov. Banten,280000,0,0,0,0,0,0,0,0,,
MI DAARUL QURAN WALHADIST CIPAHIT,70030542,MI,SWASTA,Kec. Sajira,280213,Kab. Lebak,280200,Prov. Banten,280000,0,0,0,0,0,0,0,0,,
MI FATHUL BARIYAH,69994734,MI,SWASTA,Kec. Sajira,280213,Kab. Lebak,280200,Prov. Banten,280000,0,0,0,0,0,0,0,0,,
MIS AL HIDAYAH ISLAMIYAH CIBEURIH,60721196,MI,SWASTA,Kec. Sajira,280213,Kab. Lebak,280200,Prov. Banten,280000,0,0,0,0,0,0,0,0,,
MIS AL HIDAYAH SAJIRA TIMUR,69901982,MI,SWASTA,Kec. Sajira,280213,Kab. Lebak,280200,Prov. Banten,280000,0,0,0,0,0,0,0,0,,
MIS AL KHOERIYAH SAJIRA,70042552,MI,SWASTA,Kec. Sajira,280213,Kab. Lebak,280200,Prov. Banten,280000,0,0,0,0,0,0,0,0,,
MIS DARUSSALAM,69886357,MI,SWASTA,Kec. Sajira,280213,Kab. Lebak,280200,Prov. Banten,280000,0,0,0,0,0,0,0,0,,
MIS INSAN KAMIL,70027959,MI,SWASTA,Kec. Sajira,280213,Kab. Lebak,280200,Prov. Banten,280000,0,0,0,0,0,0,0,0,,
MIS MATHLAUL ANWAR SEUPANG,69895470,MI,SWASTA,Kec. Sajira,280213,Kab. Lebak,280200,Prov. Banten,280000,0,0,0,0,0,0,0,0,,
AN-NAZWA SAJIRA,69955991,MTs,SWASTA,Kec. Sajira,280213,Kab. Lebak,280200,Prov. Banten,280000,0,0,0,0,0,0,0,0,,
MTS MIFTAHUL QULUB,69857752,MTs,SWASTA,Kec. Sajira,280213,Kab. Lebak,280200,Prov. Banten,280000,0,0,0,0,0,0,0,0,,
MTS ROFIATUL FIKRI,69857751,MTs,SWASTA,Kec. Sajira,280213,Kab. Lebak,280200,Prov. Banten,280000,0,0,0,0,0,0,0,0,,
MTS TIJANUL MAJANI,70051061,MTs,SWASTA,Kec. Sajira,280213,Kab. Lebak,280200,Prov. Banten,280000,0,0,0,0,0,0,0,0,,
MTSS AL HASANAH,20622711,MTs,SWASTA,Kec. Sajira,280213,Kab. Lebak,280200,Prov. Banten,280000,0,0,0,0,0,0,0,0,,
MTSS AL HIDAYAH ISLAMIYAH CIBEURIH,20622710,MTs,SWASTA,Kec. Sajira,280213,Kab. Lebak,280200,Prov. Banten,280000,0,0,0,0,0,0,0,0,,
MTSS AL-ANWARIYAH AL-IDRUS,69941506,MTs,SWASTA,Kec. Sajira,280213,Kab. Lebak,280200,Prov. Banten,280000,0,0,0,0,0,0,0,0,,
MTSS AL-MUAWANAH,20602086,MTs,SWASTA,Kec. Sajira,280213,Kab. Lebak,280200,Prov. Banten,280000,0,0,0,0,0,0,0,0,,
MTSS AL-MUBASYIRIN,20613679,MTs,SWASTA,Kec. Sajira,280213,Kab. Lebak,280200,Prov. Banten,280000,0,0,0,0,0,0,0,0,,
MTSS ALINGGA,20622707,MTs,SWASTA,Kec. Sajira,280213,Kab. Lebak,280200,Prov. Banten,280000,0,0,0,0,0,0,0,0,,
MTSS AT-THUMAANINAH,20622706,MTs,SWASTA,Kec. Sajira,280213,Kab. Lebak,280200,Prov. Banten,280000,0,0,0,0,0,0,0,0,,
MTSS FATHUL BARIYAH,69886425,MTs,SWASTA,Kec. Sajira,280213,Kab. Lebak,280200,Prov. Banten,280000,0,0,0,0,0,0,0,0,,
MTSS NURUSSAADAH SAJIRA,70030262,MTs,SWASTA,Kec. Sajira,280213,Kab. Lebak,280200,Prov. Banten,280000,0,0,0,0,0,0,0,0,,
MTSS PEMBANGUNAN,20622708,MTs,SWASTA,Kec. Sajira,280213,Kab. Lebak,280200,Prov. Banten,280000,0,0,0,0,0,0,0,0,,
MTSS SAJIRA,69788429,MTs,SWASTA,Kec. Sajira,280213,Kab. Lebak,280200,Prov. Banten,280000,0,0,0,0,0,0,0,0,,
MTSS WASILATUL MAKIYAH,69895217,MTs,SWASTA,Kec. Sajira,280213,Kab. Lebak,280200,Prov. Banten,280000,0,0,0,0,0,0,0,0,,
RAUDHATUL AULAD,69895218,MTs,SWASTA,Kec. Sajira,280213,Kab. Lebak,280200,Prov. Banten,280000,0,0,0,0,0,0,0,0,,
MA IBNU HAJI ABDULLAH,70059429,MA,SWASTA,Kec. Cileles,280207,Kab. Lebak,280200,Prov. Banten,280000,0,0,0,0,0,0,0,0,,
MAS AL MUAWANAH CIPADANG,20613605,MA,SWASTA,Kec. Cileles,280207,Kab. Lebak,280200,Prov. Banten,280000,0,0,0,0,0,0,0,0,,
MAS RIYADHUL MUTAALLIMIN FATAHILAH,20619024,MA,SWASTA,Kec. Cileles,280207,Kab. Lebak,280200,Prov. Banten,280000,0,0,0,0,0,0,0,0,,
MAS WASFAL CILELES,20619028,MA,SWASTA,Kec. Cileles,280207,Kab. Lebak,280200,Prov. Banten,280000,0,0,0,0,0,0,0,0,,
QOTROTUL HUDA,69958178,RA,SWASTA,Kec. Cileles,280207,Kab. Lebak,280200,Prov. Banten,280000,0,0,0,0,0,0,0,0,,
RA AL IHRAM,69898249,RA,SWASTA,Kec. Cileles,280207,Kab. Lebak,280200,Prov. Banten,280000,0,0,0,0,0,0,0,0,,
RA SABILILLAH,70028075,RA,SWASTA,Kec. Cileles,280207,Kab. Lebak,280200,Prov. Banten,280000,0,0,0,0,0,0,0,0,,
RA. AL-MUAWANAH,69887825,RA,SWASTA,Kec. Cileles,280207,Kab. Lebak,280200,Prov. Banten,280000,0,0,0,0,0,0,0,0,,
MIS AL-HIDAYAH CIBUGANG,69894715,MI,SWASTA,Kec. Cileles,280207,Kab. Lebak,280200,Prov. Banten,280000,0,0,0,0,0,0,0,0,,
MIS AL-IRSYADIYAH,69895286,MI,SWASTA,Kec. Cileles,280207,Kab. Lebak,280200,Prov. Banten,280000,0,0,0,0,0,0,0,0,,
MIS MA BUYUT KUJANGSARI,69895287,MI,SWASTA,Kec. Cileles,280207,Kab. Lebak,280200,Prov. Banten,280000,0,0,0,0,0,0,0,0,,
MIS MA CANGKEUTEUK,69895288,MI,SWASTA,Kec. Cileles,280207,Kab. Lebak,280200,Prov. Banten,280000,0,0,0,0,0,0,0,0,,
MIS MA HAYATUL JADIDAH,60721153,MI,SWASTA,Kec. Cileles,280207,Kab. Lebak,280200,Prov. Banten,280000,0,0,0,0,0,0,0,0,,
MIS MA PASIRBINGLU,69895289,MI,SWASTA,Kec. Cileles,280207,Kab. Lebak,280200,Prov. Banten,280000,0,0,0,0,0,0,0,0,,
MIS MA SUKAMULYA,60721154,MI,SWASTA,Kec. Cileles,280207,Kab. Lebak,280200,Prov. Banten,280000,0,0,0,0,0,0,0,0,,
MIS MA WULUKU,69895291,MI,SWASTA,Kec. Cileles,280207,Kab. Lebak,280200,Prov. Banten,280000,0,0,0,0,0,0,0,0,,
MIS MATHLAUL ANWAR CALEMBOH,69895449,MI,SWASTA,Kec. Cileles,280207,Kab. Lebak,280200,Prov. Banten,280000,0,0,0,0,0,0,0,0,,
MIS MATHLAUL ANWAR CIKIARA,60721152,MI,SWASTA,Kec. Cileles,280207,Kab. Lebak,280200,Prov. Banten,280000,0,0,0,0,0,0,0,0,,
MIS MATHLAUL ANWAR UMBUL,69895290,MI,SWASTA,Kec. Cileles,280207,Kab. Lebak,280200,Prov. Banten,280000,0,0,0,0,0,0,0,0,,
MIS NURUL FALAH,69963426,MI,SWASTA,Kec. Cileles,280207,Kab. Lebak,280200,Prov. Banten,280000,0,0,0,0,0,0,0,0,,
MTS DARUL HUDA,69994566,MTs,SWASTA,Kec. Cileles,280207,Kab. Lebak,280200,Prov. Banten,280000,0,0,0,0,0,0,0,0,,
MTS GUPPI CILELES,69881713,MTs,SWASTA,Kec. Cileles,280207,Kab. Lebak,280200,Prov. Banten,280000,0,0,0,0,0,0,0,0,,
MTS IBNU HAJI ABDULLAH,70059267,MTs,SWASTA,Kec. Cileles,280207,Kab. Lebak,280200,Prov. Banten,280000,0,0,0,0,0,0,0,0,,
MTSS AL AMIN CICANGKA,20622658,MTs,SWASTA,Kec. Cileles,280207,Kab. Lebak,280200,Prov. Banten,280000,0,0,0,0,0,0,0,0,,
MTSS AL HIDAYAH CIBUGANG,69881715,MTs,SWASTA,Kec. Cileles,280207,Kab. Lebak,280200,Prov. Banten,280000,0,0,0,0,0,0,0,0,,
MTSS AL HIJAIYAH,69955989,MTs,SWASTA,Kec. Cileles,280207,Kab. Lebak,280200,Prov. Banten,280000,0,0,0,0,0,0,0,0,,
MTSS AL MUAWANAH,69881717,MTs,SWASTA,Kec. Cileles,280207,Kab. Lebak,280200,Prov. Banten,280000,0,0,0,0,0,0,0,0,,
MTSS AL-MUAWANAH,69881716,MTs,SWASTA,Kec. Cileles,280207,Kab. Lebak,280200,Prov. Banten,280000,0,0,0,0,0,0,0,0,,
MTSS ANWARUL ULUM,20622631,MTs,SWASTA,Kec. Cileles,280207,Kab. Lebak,280200,Prov. Banten,280000,0,0,0,0,0,0,0,0,,
MTSS ANWARUZHULAM CIDOKDOK,20614927,MTs,SWASTA,Kec. Cileles,280207,Kab. Lebak,280200,Prov. Banten,280000,0,0,0,0,0,0,0,0,,
MTSS DARUL KIROM,69895727,MTs,SWASTA,Kec. Cileles,280207,Kab. Lebak,280200,Prov. Banten,280000,0,0,0,0,0,0,0,0,,
MTSS IRSYADUL MUBTADIIN,69895725,MTs,SWASTA,Kec. Cileles,280207,Kab. Lebak,280200,Prov. Banten,280000,0,0,0,0,0,0,0,0,,
MTSS KHOTROTUL HUDA,69895726,MTs,SWASTA,Kec. Cileles,280207,Kab. Lebak,280200,Prov. Banten,280000,0,0,0,0,0,0,0,0,,
MTSS MATHLAUL ANWAR CANGKETEUKREBAH,69881714,MTs,SWASTA,Kec. Cileles,280207,Kab. Lebak,280200,Prov. Banten,280000,0,0,0,0,0,0,0,0,,
MTSS MATHLAUL ANWAR CIGEMBOR,69895198,MTs,SWASTA,Kec. Cileles,280207,Kab. Lebak,280200,Prov. Banten,280000,0,0,0,0,0,0,0,0,,
MTSS NURUL FALAH CILELES,70007070,MTs,SWASTA,Kec. Cileles,280207,Kab. Lebak,280200,Prov. Banten,280000,0,0,0,0,0,0,0,0,,
MTSS RIYADHUL MUTA`ALLIMIN CILUKUT,70030394,MTs,SWASTA,Kec. Cileles,280207,Kab. Lebak,280200,Prov. Banten,280000,0,0,0,0,0,0,0,0,,
MTSS RIYADUL MUTAALLIMIN,69895199,MTs,SWASTA,Kec. Cileles,280207,Kab. Lebak,280200,Prov. Banten,280000,0,0,0,0,0,0,0,0,,
MTSS WASILATUL FALAH PASINDANGAN,69895724,MTs,SWASTA,Kec. Cileles,280207,Kab. Lebak,280200,Prov. Banten,280000,0,0,0,0,0,0,0,0,,
ALI RAHMAN,69894717,MI,SWASTA,Kec. Cikulur,280215,Kab. Lebak,280200,Prov. Banten,280000,0,0,0,0,0,0,0,0,,
MIS AL - HIKMAH CIPEUCANG,20602200,MI,SWASTA,Kec. Cikulur,280215,Kab. Lebak,280200,Prov. Banten,280000,0,0,0,0,0,0,0,0,,
MIS AL-KANAWIAH,69895032,MI,SWASTA,Kec. Cikulur,280215,Kab. Lebak,280200,Prov. Banten,280000,0,0,0,0,0,0,0,0,,
MIS AN NUR,69901968,MI,SWASTA,Kec. Cikulur,280215,Kab. Lebak,280200,Prov. Banten,280000,0,0,0,0,0,0,0,0,,
MIS ANNISA BANIHAWA,69895033,MI,SWASTA,Kec. Cikulur,280215,Kab. Lebak,280200,Prov. Banten,280000,0,0,0,0,0,0,0,0,,
MIS DARUSSALAM,69895034,MI,SWASTA,Kec. Cikulur,280215,Kab. Lebak,280200,Prov. Banten,280000,0,0,0,0,0,0,0,0,,
MIS IBNU AL LATIF,69941372,MI,SWASTA,Kec. Cikulur,280215,Kab. Lebak,280200,Prov. Banten,280000,0,0,0,0,0,0,0,0,,
MIS MABDAIL FALAH AL AULAD,69886356,MI,SWASTA,Kec. Cikulur,280215,Kab. Lebak,280200,Prov. Banten,280000,0,0,0,0,0,0,0,0,,
MIS MATHLAUL ULUM,69894716,MI,SWASTA,Kec. Cikulur,280215,Kab. Lebak,280200,Prov. Banten,280000,0,0,0,0,0,0,0,0,,
MIS MIFTAHUL FALAH,60721150,MI,SWASTA,Kec. Cikulur,280215,Kab. Lebak,280200,Prov. Banten,280000,0,0,0,0,0,0,0,0,,
MIS NURUL ATHFAL,69927805,MI,SWASTA,Kec. Cikulur,280215,Kab. Lebak,280200,Prov. Banten,280000,0,0,0,0,0,0,0,0,,
MIS NURUL FALAH PASIR GEMUH,69941369,MI,SWASTA,Kec. Cikulur,280215,Kab. Lebak,280200,Prov. Banten,280000,0,0,0,0,0,0,0,0,,
MIS NURUL HIDAYAH CIGOONG,69895036,MI,SWASTA,Kec. Cikulur,280215,Kab. Lebak,280200,Prov. Banten,280000,0,0,0,0,0,0,0,0,,
MIS QOTHROTUL ULUM,69895285,MI,SWASTA,Kec. Cikulur,280215,Kab. Lebak,280200,Prov. Banten,280000,0,0,0,0,0,0,0,0,,
MIS RIYADUL  FATHONAH,69941373,MI,SWASTA,Kec. Cikulur,280215,Kab. Lebak,280200,Prov. Banten,280000,0,0,0,0,0,0,0,0,,
MIS RIYADUL MUSLIMIN,60721151,MI,SWASTA,Kec. Cikulur,280215,Kab. Lebak,280200,Prov. Banten,280000,0,0,0,0,0,0,0,0,,
AL-KANAWIAH,69898247,RA,SWASTA,Kec. Cikulur,280215,Kab. Lebak,280200,Prov. Banten,280000,0,0,0,0,0,0,0,0,,
ANNISA BANIHAWA,69898246,RA,SWASTA,Kec. Cikulur,280215,Kab. Lebak,280200,Prov. Banten,280000,0,0,0,0,0,0,0,0,,
MAIDATUL ULUM,69958181,RA,SWASTA,Kec. Cikulur,280215,Kab. Lebak,280200,Prov. Banten,280000,0,0,0,0,0,0,0,0,,
RA AL-HIKMAH,70059399,RA,SWASTA,Kec. Cikulur,280215,Kab. Lebak,280200,Prov. Banten,280000,0,0,0,0,0,0,0,0,,
RA INSANUL KAMIL,70030365,RA,SWASTA,Kec. Cikulur,280215,Kab. Lebak,280200,Prov. Banten,280000,0,0,0,0,0,0,0,0,,
RA MIFTAHUL FALAH AR-ROISI,70031924,RA,SWASTA,Kec. Cikulur,280215,Kab. Lebak,280200,Prov. Banten,280000,0,0,0,0,0,0,0,0,,
RA NURUL ATHFAL,70045528,RA,SWASTA,Kec. Cikulur,280215,Kab. Lebak,280200,Prov. Banten,280000,0,0,0,0,0,0,0,0,,
RA NURUSSIBYAN,69941193,RA,SWASTA,Kec. Cikulur,280215,Kab. Lebak,280200,Prov. Banten,280000,0,0,0,0,0,0,0,0,,
RA SHOLIHIN,70035999,RA,SWASTA,Kec. Cikulur,280215,Kab. Lebak,280200,Prov. Banten,280000,0,0,0,0,0,0,0,0,,
RA. AL MAHMUDAH,69887824,RA,SWASTA,Kec. Cikulur,280215,Kab. Lebak,280200,Prov. Banten,280000,0,0,0,0,0,0,0,0,,
RIYADUL MUSLIMIN,69898248,RA,SWASTA,Kec. Cikulur,280215,Kab. Lebak,280200,Prov. Banten,280000,0,0,0,0,0,0,0,0,,
MA DARUL AMIN,70059472,MA,SWASTA,Kec. Cikulur,280215,Kab. Lebak,280200,Prov. Banten,280000,0,0,0,0,0,0,0,0,,
MAS AL - KHOIRIYYAH,20623332,MA,SWASTA,Kec. Cikulur,280215,Kab. Lebak,280200,Prov. Banten,280000,0,0,0,0,0,0,0,0,,
MAS AL KHOBAR,20623331,MA,SWASTA,Kec. Cikulur,280215,Kab. Lebak,280200,Prov. Banten,280000,0,0,0,0,0,0,0,0,,
MAS AL-FALAH,69941773,MA,SWASTA,Kec. Cikulur,280215,Kab. Lebak,280200,Prov. Banten,280000,0,0,0,0,0,0,0,0,,
MAS AL-HIKMAH,20616486,MA,SWASTA,Kec. Cikulur,280215,Kab. Lebak,280200,Prov. Banten,280000,0,0,0,0,0,0,0,0,,
MAS AL-KANAWIAH,69977926,MA,SWASTA,Kec. Cikulur,280215,Kab. Lebak,280200,Prov. Banten,280000,0,0,0,0,0,0,0,0,,
MAS AR RIBATHIYAH,69963560,MA,SWASTA,Kec. Cikulur,280215,Kab. Lebak,280200,Prov. Banten,280000,0,0,0,0,0,0,0,0,,
MAS DAARUL HIJRAH CIKULUR,70030863,MA,SWASTA,Kec. Cikulur,280215,Kab. Lebak,280200,Prov. Banten,280000,0,0,0,0,0,0,0,0,,
MAS NURUL ARFAH,20623330,MA,SWASTA,Kec. Cikulur,280215,Kab. Lebak,280200,Prov. Banten,280000,0,0,0,0,0,0,0,0,,
MAS QOTHROTUL ULUM,69857760,MA,SWASTA,Kec. Cikulur,280215,Kab. Lebak,280200,Prov. Banten,280000,0,0,0,0,0,0,0,0,,
MTS AL-KANAWIAH,69857747,MTs,SWASTA,Kec. Cikulur,280215,Kab. Lebak,280200,Prov. Banten,280000,0,0,0,0,0,0,0,0,,
MTS DARUL AMIN,70059400,MTs,SWASTA,Kec. Cikulur,280215,Kab. Lebak,280200,Prov. Banten,280000,0,0,0,0,0,0,0,0,,
MTS DARUL HIKAM,69895197,MTs,SWASTA,Kec. Cikulur,280215,Kab. Lebak,280200,Prov. Banten,280000,0,0,0,0,0,0,0,0,,
MTSS AL AULAD,20622652,MTs,SWASTA,Kec. Cikulur,280215,Kab. Lebak,280200,Prov. Banten,280000,0,0,0,0,0,0,0,0,,
MTSS AL FALAH CIBANGKUR,20622653,MTs,SWASTA,Kec. Cikulur,280215,Kab. Lebak,280200,Prov. Banten,280000,0,0,0,0,0,0,0,0,,
MTSS AL HIKMAH,20622629,MTs,SWASTA,Kec. Cikulur,280215,Kab. Lebak,280200,Prov. Banten,280000,0,0,0,0,0,0,0,0,,
MTSS AL KHOIRIYYAH,20622630,MTs,SWASTA,Kec. Cikulur,280215,Kab. Lebak,280200,Prov. Banten,280000,0,0,0,0,0,0,0,0,,
MTSS AL-ITTIHADIYAH AL-MUKAROMAH,20622219,MTs,SWASTA,Kec. Cikulur,280215,Kab. Lebak,280200,Prov. Banten,280000,0,0,0,0,0,0,0,0,,
MTSS ALFIN MUBAROK,69886233,MTs,SWASTA,Kec. Cikulur,280215,Kab. Lebak,280200,Prov. Banten,280000,0,0,0,0,0,0,0,0,,
MTSS ANNISA BANIHAWA,69895206,MTs,SWASTA,Kec. Cikulur,280215,Kab. Lebak,280200,Prov. Banten,280000,0,0,0,0,0,0,0,0,,
MTSS AR-RIBATHIYAH,20602081,MTs,SWASTA,Kec. Cikulur,280215,Kab. Lebak,280200,Prov. Banten,280000,0,0,0,0,0,0,0,0,,
MTSS DAARUL HIJRAH CIKULUR,70030543,MTs,SWASTA,Kec. Cikulur,280215,Kab. Lebak,280200,Prov. Banten,280000,0,0,0,0,0,0,0,0,,
MTSS DARUL JALAL,69963496,MTs,SWASTA,Kec. Cikulur,280215,Kab. Lebak,280200,Prov. Banten,280000,0,0,0,0,0,0,0,0,,
MTSS KARYA MULYA,69895629,MTs,SWASTA,Kec. Cikulur,280215,Kab. Lebak,280200,Prov. Banten,280000,0,0,0,0,0,0,0,0,,
MTSS MANBAUL FALAH,20622655,MTs,SWASTA,Kec. Cikulur,280215,Kab. Lebak,280200,Prov. Banten,280000,0,0,0,0,0,0,0,0,,
MTSS NURUL ARFAH,20622654,MTs,SWASTA,Kec. Cikulur,280215,Kab. Lebak,280200,Prov. Banten,280000,0,0,0,0,0,0,0,0,,
MTSS NURUL ATHFAL,20613732,MTs,SWASTA,Kec. Cikulur,280215,Kab. Lebak,280200,Prov. Banten,280000,0,0,0,0,0,0,0,0,,
MTSS NURUL FALAH PASIR GEMUH,70006447,MTs,SWASTA,Kec. Cikulur,280215,Kab. Lebak,280200,Prov. Banten,280000,0,0,0,0,0,0,0,0,,
MTSS QOTHROTUL FALAH,69895627,MTs,SWASTA,Kec. Cikulur,280215,Kab. Lebak,280200,Prov. Banten,280000,0,0,0,0,0,0,0,0,,
MTSS QOTHROTUL ULUM CIKULUR,20613741,MTs,SWASTA,Kec. Cikulur,280215,Kab. Lebak,280200,Prov. Banten,280000,0,0,0,0,0,0,0,0,,
MAN 2 LEBAK,20623321,MA,NEGERI,Kec. Bayah,280203,Kab. Lebak,280200,Prov. Banten,280000,0,0,0,0,0,0,0,0,,
MAS AL-AMIN BAYAH,20623322,MA,SWASTA,Kec. Bayah,280203,Kab. Lebak,280200,Prov. Banten,280000,0,0,0,0,0,0,0,0,,
MAS DAAR EL-KUTUB BAYAH,20623323,MA,SWASTA,Kec. Bayah,280203,Kab. Lebak,280200,Prov. Banten,280000,0,0,0,0,0,0,0,0,,
MAS TANWIRUL KUTUB BAYAH,20622297,MA,SWASTA,Kec. Bayah,280203,Kab. Lebak,280200,Prov. Banten,280000,0,0,0,0,0,0,0,0,,
MTS DARUNNAJAH AL-HASANAH,70059382,MTs,SWASTA,Kec. Bayah,280203,Kab. Lebak,280200,Prov. Banten,280000,0,0,0,0,0,0,0,0,,
MTSN 2 LEBAK,20622636,MTs,NEGERI,Kec. Bayah,280203,Kab. Lebak,280200,Prov. Banten,280000,0,0,0,0,0,0,0,0,,
MTSS AL-AMIN BAYAH,20622637,MTs,SWASTA,Kec. Bayah,280203,Kab. Lebak,280200,Prov. Banten,280000,0,0,0,0,0,0,0,0,,
MTSS DAAR EL-KUTUB BAYAH,69883463,MTs,SWASTA,Kec. Bayah,280203,Kab. Lebak,280200,Prov. Banten,280000,0,0,0,0,0,0,0,0,,
MTSS TANWIRUL KUTUB BAYAH,69977914,MTs,SWASTA,Kec. Bayah,280203,Kab. Lebak,280200,Prov. Banten,280000,0,0,0,0,0,0,0,0,,
MTSS WAHDATUL UMMAH SAWARNA,69963499,MTs,SWASTA,Kec. Bayah,280203,Kab. Lebak,280200,Prov. Banten,280000,0,0,0,0,0,0,0,0,,
RA AL IKHLAS,69887807,RA,SWASTA,Kec. Bayah,280203,Kab. Lebak,280200,Prov. Banten,280000,0,0,0,0,0,0,0,0,,
RA AL-ABRAAR CINANGGA,69898240,RA,SWASTA,Kec. Bayah,280203,Kab. Lebak,280200,Prov. Banten,280000,0,0,0,0,0,0,0,0,,
RA AL-AMIN,69887806,RA,SWASTA,Kec. Bayah,280203,Kab. Lebak,280200,Prov. Banten,280000,0,0,0,0,0,0,0,0,,
RA AL-ARHAM,69887805,RA,SWASTA,Kec. Bayah,280203,Kab. Lebak,280200,Prov. Banten,280000,0,0,0,0,0,0,0,0,,
RA AL-ITTIHAD,69750027,RA,SWASTA,Kec. Bayah,280203,Kab. Lebak,280200,Prov. Banten,280000,0,0,0,0,0,0,0,0,,
RA ARROHMAN,69887809,RA,SWASTA,Kec. Bayah,280203,Kab. Lebak,280200,Prov. Banten,280000,0,0,0,0,0,0,0,0,,
RA DARUL HIKMAH,69898239,RA,SWASTA,Kec. Bayah,280203,Kab. Lebak,280200,Prov. Banten,280000,0,0,0,0,0,0,0,0,,
RA KHOIRON,69887800,RA,SWASTA,Kec. Bayah,280203,Kab. Lebak,280200,Prov. Banten,280000,0,0,0,0,0,0,0,0,,
RA MA TARBIYATUL ISLAMIYAH,69887802,RA,SWASTA,Kec. Bayah,280203,Kab. Lebak,280200,Prov. Banten,280000,0,0,0,0,0,0,0,0,,
RA MATHLAUL ANWAR,69887803,RA,SWASTA,Kec. Bayah,280203,Kab. Lebak,280200,Prov. Banten,280000,0,0,0,0,0,0,0,0,,
RA MIATU HABBAH,69888360,RA,SWASTA,Kec. Bayah,280203,Kab. Lebak,280200,Prov. Banten,280000,0,0,0,0,0,0,0,0,,
RA PERMATA IBU,69887804,RA,SWASTA,Kec. Bayah,280203,Kab. Lebak,280200,Prov. Banten,280000,0,0,0,0,0,0,0,0,,
RA SEKAR BAGUS II,69887801,RA,SWASTA,Kec. Bayah,280203,Kab. Lebak,280200,Prov. Banten,280000,0,0,0,0,0,0,0,0,,
RA TANWIRUL KUTUB BAYAH,70007220,RA,SWASTA,Kec. Bayah,280203,Kab. Lebak,280200,Prov. Banten,280000,0,0,0,0,0,0,0,0,,
MIN 2 LEBAK,60721120,MI,NEGERI,Kec. Bayah,280203,Kab. Lebak,280200,Prov. Banten,280000,0,0,0,0,0,0,0,0,,
MIS AL-AMIN BAYAH,60721115,MI,SWASTA,Kec. Bayah,280203,Kab. Lebak,280200,Prov. Banten,280000,0,0,0,0,0,0,0,0,,
MIS MA CIBADAK,69881940,MI,SWASTA,Kec. Bayah,280203,Kab. Lebak,280200,Prov. Banten,280000,0,0,0,0,0,0,0,0,,
MIS MA CISUREN,60721119,MI,SWASTA,Kec. Bayah,280203,Kab. Lebak,280200,Prov. Banten,280000,0,0,0,0,0,0,0,0,,
MIS MA GARUNG LEBAK,60721118,MI,SWASTA,Kec. Bayah,280203,Kab. Lebak,280200,Prov. Banten,280000,0,0,0,0,0,0,0,0,,
MIS MATHLAUL ANWAR SELAAWI,60721117,MI,SWASTA,Kec. Bayah,280203,Kab. Lebak,280200,Prov. Banten,280000,0,0,0,0,0,0,0,0,,
MIS MATHLAUL ANWAR SUKABAKTI BAYAH,60721116,MI,SWASTA,Kec. Bayah,280203,Kab. Lebak,280200,Prov. Banten,280000,0,0,0,0,0,0,0,0,,
MTS DAARUL IHYA,69987061,MTs,SWASTA,Kec. Cipanas,280212,Kab. Lebak,280200,Prov. Banten,280000,0,0,0,0,0,0,0,0,,
MTS SALAFIYAH AL-MARJAN,69857749,MTs,SWASTA,Kec. Cipanas,280212,Kab. Lebak,280200,Prov. Banten,280000,0,0,0,0,0,0,0,0,,
MTSS AL-HIDAYAH BANI KARIM,69927808,MTs,SWASTA,Kec. Cipanas,280212,Kab. Lebak,280200,Prov. Banten,280000,0,0,0,0,0,0,0,0,,
MTSS BUSTANUL KHAIR,20622666,MTs,SWASTA,Kec. Cipanas,280212,Kab. Lebak,280200,Prov. Banten,280000,0,0,0,0,0,0,0,0,,
MTSS DAARUL HIDAYAH,69886236,MTs,SWASTA,Kec. Cipanas,280212,Kab. Lebak,280200,Prov. Banten,280000,0,0,0,0,0,0,0,0,,
MTSS DARUL MUSTAFA,69941505,MTs,SWASTA,Kec. Cipanas,280212,Kab. Lebak,280200,Prov. Banten,280000,0,0,0,0,0,0,0,0,,
MTSS HIDAYATUL ULA,69963497,MTs,SWASTA,Kec. Cipanas,280212,Kab. Lebak,280200,Prov. Banten,280000,0,0,0,0,0,0,0,0,,
MTSS MIFTAHUL HUDA CIPANAS,69888348,MTs,SWASTA,Kec. Cipanas,280212,Kab. Lebak,280200,Prov. Banten,280000,0,0,0,0,0,0,0,0,,
MTSS RIYYADHUL MUTTAQIEN,69977916,MTs,SWASTA,Kec. Cipanas,280212,Kab. Lebak,280200,Prov. Banten,280000,0,0,0,0,0,0,0,0,,
MTSS UTUL `ILMA,70042047,MTs,SWASTA,Kec. Cipanas,280212,Kab. Lebak,280200,Prov. Banten,280000,0,0,0,0,0,0,0,0,,
MIS AL-HIDAYAH CIDODOL,69895453,MI,SWASTA,Kec. Cipanas,280212,Kab. Lebak,280200,Prov. Banten,280000,0,0,0,0,0,0,0,0,,
MIS AL-HIDAYAH NENGELA,69895454,MI,SWASTA,Kec. Cipanas,280212,Kab. Lebak,280200,Prov. Banten,280000,0,0,0,0,0,0,0,0,,
MIS HIDAYAH IBNU KIMIN CIKARAE,69927800,MI,SWASTA,Kec. Cipanas,280212,Kab. Lebak,280200,Prov. Banten,280000,0,0,0,0,0,0,0,0,,
MIS HIDAYATUL IKHWAN CILISUNG,69895455,MI,SWASTA,Kec. Cipanas,280212,Kab. Lebak,280200,Prov. Banten,280000,0,0,0,0,0,0,0,0,,
MIS MATHLAUL ANWAR HAMBERANG,69895456,MI,SWASTA,Kec. Cipanas,280212,Kab. Lebak,280200,Prov. Banten,280000,0,0,0,0,0,0,0,0,,
MA DAARUL IHYA,70058940,MA,SWASTA,Kec. Cipanas,280212,Kab. Lebak,280200,Prov. Banten,280000,0,0,0,0,0,0,0,0,,
MA MA`ARIF NU AL MARJAN,70029019,MA,SWASTA,Kec. Cipanas,280212,Kab. Lebak,280200,Prov. Banten,280000,0,0,0,0,0,0,0,0,,
MAS AL HIDAYAH BANI KARIM,20613655,MA,SWASTA,Kec. Cipanas,280212,Kab. Lebak,280200,Prov. Banten,280000,0,0,0,0,0,0,0,0,,
MAS DARUL MUSTAFA,69941772,MA,SWASTA,Kec. Cipanas,280212,Kab. Lebak,280200,Prov. Banten,280000,0,0,0,0,0,0,0,0,,
MAS HIDAYATUL ULA,70007231,MA,SWASTA,Kec. Cipanas,280212,Kab. Lebak,280200,Prov. Banten,280000,0,0,0,0,0,0,0,0,,
AL-MUAWANAH,69898265,RA,SWASTA,Kec. Cipanas,280212,Kab. Lebak,280200,Prov. Banten,280000,0,0,0,0,0,0,0,0,,
RA AL IRSYADIYAH,69887830,RA,SWASTA,Kec. Cipanas,280212,Kab. Lebak,280200,Prov. Banten,280000,0,0,0,0,0,0,0,0,,
RA ALLADUNIYYAH,69958179,RA,SWASTA,Kec. Cipanas,280212,Kab. Lebak,280200,Prov. Banten,280000,0,0,0,0,0,0,0,0,,
RA MAULANA HASANUDIN,69958180,RA,SWASTA,Kec. Cipanas,280212,Kab. Lebak,280200,Prov. Banten,280000,0,0,0,0,0,0,0,0,,
RA MIFTAHUL HUDA,69887828,RA,SWASTA,Kec. Cipanas,280212,Kab. Lebak,280200,Prov. Banten,280000,0,0,0,0,0,0,0,0,,
RA MIFTAHUL ULA,69887829,RA,SWASTA,Kec. Cipanas,280212,Kab. Lebak,280200,Prov. Banten,280000,0,0,0,0,0,0,0,0,,
RA. AL-MARJAN,69885442,RA,SWASTA,Kec. Cipanas,280212,Kab. Lebak,280200,Prov. Banten,280000,0,0,0,0,0,0,0,0,,
MAS AL-ITTIHAD JAYASARI,20623351,MA,SWASTA,Kec. Panggarangan,280202,Kab. Lebak,280200,Prov. Banten,280000,0,0,0,0,0,0,0,0,,
MTSS AL-ITTIHAD 1 CIMANGPANG,20622688,MTs,SWASTA,Kec. Panggarangan,280202,Kab. Lebak,280200,Prov. Banten,280000,0,0,0,0,0,0,0,0,,
MTSS AL-ITTIHAD 2 JAYASARI,69881720,MTs,SWASTA,Kec. Panggarangan,280202,Kab. Lebak,280200,Prov. Banten,280000,0,0,0,0,0,0,0,0,,
MTSS MATHLAUL ANWAR CISIIH,20622687,MTs,SWASTA,Kec. Panggarangan,280202,Kab. Lebak,280200,Prov. Banten,280000,0,0,0,0,0,0,0,0,,
MTSS PUTRA MANDIRI CIMANDIRI,20622686,MTs,SWASTA,Kec. Panggarangan,280202,Kab. Lebak,280200,Prov. Banten,280000,0,0,0,0,0,0,0,0,,
MIS AL-ITTIHAD CIMANGPANG,60721194,MI,SWASTA,Kec. Panggarangan,280202,Kab. Lebak,280200,Prov. Banten,280000,0,0,0,0,0,0,0,0,,
MIS AL-ITTIHAD JAYASARI,69883474,MI,SWASTA,Kec. Panggarangan,280202,Kab. Lebak,280200,Prov. Banten,280000,0,0,0,0,0,0,0,0,,
MIS MATHLAUL ANWAR CIPURUN,60721193,MI,SWASTA,Kec. Panggarangan,280202,Kab. Lebak,280200,Prov. Banten,280000,0,0,0,0,0,0,0,0,,
MIS NURUL HIDAYAH SUSUKAN,60721136,MI,SWASTA,Kec. Panggarangan,280202,Kab. Lebak,280200,Prov. Banten,280000,0,0,0,0,0,0,0,0,,
RA AL-ABRAAR WARUNGHUNI,69898257,RA,SWASTA,Kec. Panggarangan,280202,Kab. Lebak,280200,Prov. Banten,280000,0,0,0,0,0,0,0,0,,
RA ANNAJAH,69887843,RA,SWASTA,Kec. Panggarangan,280202,Kab. Lebak,280200,Prov. Banten,280000,0,0,0,0,0,0,0,0,,
RA MATHLAUL ANWAR,69887842,RA,SWASTA,Kec. Panggarangan,280202,Kab. Lebak,280200,Prov. Banten,280000,0,0,0,0,0,0,0,0,,
MAS AL-INSYIRAAH,69941770,MA,SWASTA,Kec. Muncang,280211,Kab. Lebak,280200,Prov. Banten,280000,0,0,0,0,0,0,0,0,,
MAS DARUL MU`MIN,70007093,MA,SWASTA,Kec. Muncang,280211,Kab. Lebak,280200,Prov. Banten,280000,0,0,0,0,0,0,0,0,,
MAS MALNU CAB. MUNCANG,20623350,MA,SWASTA,Kec. Muncang,280211,Kab. Lebak,280200,Prov. Banten,280000,0,0,0,0,0,0,0,0,,
MAS MAULANA YUSUF MUNCANG,69963559,MA,SWASTA,Kec. Muncang,280211,Kab. Lebak,280200,Prov. Banten,280000,0,0,0,0,0,0,0,0,,
RA CERIA ANANDA,70013462,RA,SWASTA,Kec. Muncang,280211,Kab. Lebak,280200,Prov. Banten,280000,0,0,0,0,0,0,0,0,,
RAS DARUL FIKAR,70041806,RA,SWASTA,Kec. Muncang,280211,Kab. Lebak,280200,Prov. Banten,280000,0,0,0,0,0,0,0,0,,
MTS AL - FADHILAH,69994822,MTs,SWASTA,Kec. Muncang,280211,Kab. Lebak,280200,Prov. Banten,280000,0,0,0,0,0,0,0,0,,
MTS AL HIKAM BANI SALIM,69955990,MTs,SWASTA,Kec. Muncang,280211,Kab. Lebak,280200,Prov. Banten,280000,0,0,0,0,0,0,0,0,,
MTSS AL HUDA,20622651,MTs,SWASTA,Kec. Muncang,280211,Kab. Lebak,280200,Prov. Banten,280000,0,0,0,0,0,0,0,0,,
MTSS AL-INSYIRAAH,69895735,MTs,SWASTA,Kec. Muncang,280211,Kab. Lebak,280200,Prov. Banten,280000,0,0,0,0,0,0,0,0,,
MTSS DARUSSALAM 02,69788427,MTs,SWASTA,Kec. Muncang,280211,Kab. Lebak,280200,Prov. Banten,280000,0,0,0,0,0,0,0,0,,
MTSS ISLAMIYAH,69895736,MTs,SWASTA,Kec. Muncang,280211,Kab. Lebak,280200,Prov. Banten,280000,0,0,0,0,0,0,0,0,,
MTSS MALNU,69895734,MTs,SWASTA,Kec. Muncang,280211,Kab. Lebak,280200,Prov. Banten,280000,0,0,0,0,0,0,0,0,,
MTSS MAULANA YUSUF,69895213,MTs,SWASTA,Kec. Muncang,280211,Kab. Lebak,280200,Prov. Banten,280000,0,0,0,0,0,0,0,0,,
MTSS MIFTAHUL FALAH CIKADU,69963495,MTs,SWASTA,Kec. Muncang,280211,Kab. Lebak,280200,Prov. Banten,280000,0,0,0,0,0,0,0,0,,
TARBIYATUL BONGBANG,69895215,MTs,SWASTA,Kec. Muncang,280211,Kab. Lebak,280200,Prov. Banten,280000,0,0,0,0,0,0,0,0,,
MIS AL-FARUQ,69901963,MI,SWASTA,Kec. Muncang,280211,Kab. Lebak,280200,Prov. Banten,280000,0,0,0,0,0,0,0,0,,
MIS AL-HIDAYAH CANGKEUTEUK,69927799,MI,SWASTA,Kec. Muncang,280211,Kab. Lebak,280200,Prov. Banten,280000,0,0,0,0,0,0,0,0,,
MIS AL-HIDAYAH CIBUNAR,69895466,MI,SWASTA,Kec. Muncang,280211,Kab. Lebak,280200,Prov. Banten,280000,0,0,0,0,0,0,0,0,,
MIS AL-IKHLAS,69901979,MI,SWASTA,Kec. Muncang,280211,Kab. Lebak,280200,Prov. Banten,280000,0,0,0,0,0,0,0,0,,
MIS MA. PANYAWEUYAN,69901978,MI,SWASTA,Kec. Muncang,280211,Kab. Lebak,280200,Prov. Banten,280000,0,0,0,0,0,0,0,0,,
MIS MATHLAUL ANWAR  CIANGIREUN,69901977,MI,SWASTA,Kec. Muncang,280211,Kab. Lebak,280200,Prov. Banten,280000,0,0,0,0,0,0,0,0,,
MIS TARBIATUL MUBTADIIN,69886361,MI,SWASTA,Kec. Muncang,280211,Kab. Lebak,280200,Prov. Banten,280000,0,0,0,0,0,0,0,0,,
MISHIDAYAH NEGLASARI,69927798,MI,SWASTA,Kec. Muncang,280211,Kab. Lebak,280200,Prov. Banten,280000,0,0,0,0,0,0,0,0,,
MAS ANDALUSIA CILOGRANG,69827797,MA,SWASTA,Kec. Cilograng,280223,Kab. Lebak,280200,Prov. Banten,280000,0,0,0,0,0,0,0,0,,
RA AL-IHSAN CILOGRANG,70059505,RA,SWASTA,Kec. Cilograng,280223,Kab. Lebak,280200,Prov. Banten,280000,0,0,0,0,0,0,0,0,,
RA EL-MUNIR,69941196,RA,SWASTA,Kec. Cilograng,280223,Kab. Lebak,280200,Prov. Banten,280000,0,0,0,0,0,0,0,0,,
RA NURUL ILMI,69887826,RA,SWASTA,Kec. Cilograng,280223,Kab. Lebak,280200,Prov. Banten,280000,0,0,0,0,0,0,0,0,,
MTSS AL-FALAH CIBEBER,20622662,MTs,SWASTA,Kec. Cilograng,280223,Kab. Lebak,280200,Prov. Banten,280000,0,0,0,0,0,0,0,0,,
MTSS AL-FATAH CIJENGKOL,20622660,MTs,SWASTA,Kec. Cilograng,280223,Kab. Lebak,280200,Prov. Banten,280000,0,0,0,0,0,0,0,0,,
MTSS CENDIKIA CILOGRANG,69883465,MTs,SWASTA,Kec. Cilograng,280223,Kab. Lebak,280200,Prov. Banten,280000,0,0,0,0,0,0,0,0,,
MTSS MIFTAHUL IHSAN 2 PASIRBUNGUR,20622661,MTs,SWASTA,Kec. Cilograng,280223,Kab. Lebak,280200,Prov. Banten,280000,0,0,0,0,0,0,0,0,,
MTSS MIFTAHUL IHSAN CILOGRANG,20622659,MTs,SWASTA,Kec. Cilograng,280223,Kab. Lebak,280200,Prov. Banten,280000,0,0,0,0,0,0,0,0,,
MTSS SIROJUL MUNIR CISARUA CILOGRANG,69886422,MTs,SWASTA,Kec. Cilograng,280223,Kab. Lebak,280200,Prov. Banten,280000,0,0,0,0,0,0,0,0,,
MTSS TERPADU SABILILLAH,69881718,MTs,SWASTA,Kec. Cilograng,280223,Kab. Lebak,280200,Prov. Banten,280000,0,0,0,0,0,0,0,0,,
MTSS TERPADU YAPISA CIBARENO,69895200,MTs,SWASTA,Kec. Cilograng,280223,Kab. Lebak,280200,Prov. Banten,280000,0,0,0,0,0,0,0,0,,
MIS MA BANTARKALAPA,69895450,MI,SWASTA,Kec. Cilograng,280223,Kab. Lebak,280200,Prov. Banten,280000,0,0,0,0,0,0,0,0,,
MIS MA DAYASARI,60721159,MI,SWASTA,Kec. Cilograng,280223,Kab. Lebak,280200,Prov. Banten,280000,0,0,0,0,0,0,0,0,,
MIS MATHLAUL ANWAR CIBEBER GIRANG,60721155,MI,SWASTA,Kec. Cilograng,280223,Kab. Lebak,280200,Prov. Banten,280000,0,0,0,0,0,0,0,0,,
MIS MATHLAUL ANWAR CISARUA,69895451,MI,SWASTA,Kec. Cilograng,280223,Kab. Lebak,280200,Prov. Banten,280000,0,0,0,0,0,0,0,0,,
MIS MATHLAUL ANWAR CITARATE,69883473,MI,SWASTA,Kec. Cilograng,280223,Kab. Lebak,280200,Prov. Banten,280000,0,0,0,0,0,0,0,0,,
MIS MATHLAUL ANWAR LEBAK KONENG,69827708,MI,SWASTA,Kec. Cilograng,280223,Kab. Lebak,280200,Prov. Banten,280000,0,0,0,0,0,0,0,0,,
MIS MATHLAUL ANWAR LEBAK PEUNDEUY,60721158,MI,SWASTA,Kec. Cilograng,280223,Kab. Lebak,280200,Prov. Banten,280000,0,0,0,0,0,0,0,0,,
MIS MATHLAUL ANWAR NAGAJAYA,60721160,MI,SWASTA,Kec. Cilograng,280223,Kab. Lebak,280200,Prov. Banten,280000,0,0,0,0,0,0,0,0,,
MIS MATHLAUL ANWAR NANGEWER,60721156,MI,SWASTA,Kec. Cilograng,280223,Kab. Lebak,280200,Prov. Banten,280000,0,0,0,0,0,0,0,0,,
MIS MATHLAUL ANWAR PANARAUAN,60721157,MI,SWASTA,Kec. Cilograng,280223,Kab. Lebak,280200,Prov. Banten,280000,0,0,0,0,0,0,0,0,,
MAN 3 LEBAK,69988269,MA,NEGERI,Kec. Gunung kencana,280208,Kab. Lebak,280200,Prov. Banten,280000,0,0,0,0,0,0,0,0,,
RA NURUL AKHYAR CITEUREUP,69941192,RA,SWASTA,Kec. Gunung kencana,280208,Kab. Lebak,280200,Prov. Banten,280000,0,0,0,0,0,0,0,0,,
MTSS MATHLAUL ANWAR CISEMPUR GUNUNGKENCANA,20622670,MTs,SWASTA,Kec. Gunung kencana,280208,Kab. Lebak,280200,Prov. Banten,280000,0,0,0,0,0,0,0,0,,
MTSS NUR INSAN,69895731,MTs,SWASTA,Kec. Gunung kencana,280208,Kab. Lebak,280200,Prov. Banten,280000,0,0,0,0,0,0,0,0,,
MTSS NURUL AKHYAR,20622671,MTs,SWASTA,Kec. Gunung kencana,280208,Kab. Lebak,280200,Prov. Banten,280000,0,0,0,0,0,0,0,0,,
MIS MA BOJONGKONENG,69901967,MI,SWASTA,Kec. Gunung kencana,280208,Kab. Lebak,280200,Prov. Banten,280000,0,0,0,0,0,0,0,0,,
MIS MA CITEUREUP,69927796,MI,SWASTA,Kec. Gunung kencana,280208,Kab. Lebak,280200,Prov. Banten,280000,0,0,0,0,0,0,0,0,,
MIS MA. CIMINYAK,69901974,MI,SWASTA,Kec. Gunung kencana,280208,Kab. Lebak,280200,Prov. Banten,280000,0,0,0,0,0,0,0,0,,
MIS MATHLAUL ANWAR CIJULANG,69941370,MI,SWASTA,Kec. Gunung kencana,280208,Kab. Lebak,280200,Prov. Banten,280000,0,0,0,0,0,0,0,0,,
MIS MATHLAUL ANWAR KADUBONGKOK,69927791,MI,SWASTA,Kec. Gunung kencana,280208,Kab. Lebak,280200,Prov. Banten,280000,0,0,0,0,0,0,0,0,,
MIS MATHLAUL ANWAR TANGKEBAN,69927804,MI,SWASTA,Kec. Gunung kencana,280208,Kab. Lebak,280200,Prov. Banten,280000,0,0,0,0,0,0,0,0,,
MIS MATHLAUL ANWAR WANGKELANG,69895459,MI,SWASTA,Kec. Gunung kencana,280208,Kab. Lebak,280200,Prov. Banten,280000,0,0,0,0,0,0,0,0,,
MIS MI MATHLAUL ANWAR NYALINDUNG,69901975,MI,SWASTA,Kec. Gunung kencana,280208,Kab. Lebak,280200,Prov. Banten,280000,0,0,0,0,0,0,0,0,,
MIS MIFTAHUNNAJAH,69895460,MI,SWASTA,Kec. Gunung kencana,280208,Kab. Lebak,280200,Prov. Banten,280000,0,0,0,0,0,0,0,0,,
MAS MATHLAUL ANWAR BINUANGEUN,20623364,MA,SWASTA,Kec. Wanasalam,280222,Kab. Lebak,280200,Prov. Banten,280000,0,0,0,0,0,0,0,0,,
MAS MAULANA YUSUF CIPEDANG,70007038,MA,SWASTA,Kec. Wanasalam,280222,Kab. Lebak,280200,Prov. Banten,280000,0,0,0,0,0,0,0,0,,
MIS AN NUR SOBONG,60721212,MI,SWASTA,Kec. Wanasalam,280222,Kab. Lebak,280200,Prov. Banten,280000,0,0,0,0,0,0,0,0,,
MIS DARURROHMANIL  BUNYAN CIDOMAS,60721210,MI,SWASTA,Kec. Wanasalam,280222,Kab. Lebak,280200,Prov. Banten,280000,0,0,0,0,0,0,0,0,,
MIS DARURROHMANIL BUNYAN KERTAMULYA,60721211,MI,SWASTA,Kec. Wanasalam,280222,Kab. Lebak,280200,Prov. Banten,280000,0,0,0,0,0,0,0,0,,
MIS DARUSSALAM WANASALAM,69881945,MI,SWASTA,Kec. Wanasalam,280222,Kab. Lebak,280200,Prov. Banten,280000,0,0,0,0,0,0,0,0,,
MIS JAMIATUL ARIFIAH,69963425,MI,SWASTA,Kec. Wanasalam,280222,Kab. Lebak,280200,Prov. Banten,280000,0,0,0,0,0,0,0,0,,
MIS MATHLAUL ANWAR BADONG,60721209,MI,SWASTA,Kec. Wanasalam,280222,Kab. Lebak,280200,Prov. Banten,280000,0,0,0,0,0,0,0,0,,
MIS MATHLAUL ANWAR BARENGKOK GIRANG,60721208,MI,SWASTA,Kec. Wanasalam,280222,Kab. Lebak,280200,Prov. Banten,280000,0,0,0,0,0,0,0,0,,
MIS MATHLAUL ANWAR BINUANGEUN,60721204,MI,SWASTA,Kec. Wanasalam,280222,Kab. Lebak,280200,Prov. Banten,280000,0,0,0,0,0,0,0,0,,
MIS MATHLAUL ANWAR CIKEUSIK DESA,60721205,MI,SWASTA,Kec. Wanasalam,280222,Kab. Lebak,280200,Prov. Banten,280000,0,0,0,0,0,0,0,0,,
MIS MATHLAUL ANWAR CILILITAN,60721201,MI,SWASTA,Kec. Wanasalam,280222,Kab. Lebak,280200,Prov. Banten,280000,0,0,0,0,0,0,0,0,,
MIS MATHLAUL ANWAR CILIMUS,60721198,MI,SWASTA,Kec. Wanasalam,280222,Kab. Lebak,280200,Prov. Banten,280000,0,0,0,0,0,0,0,0,,
MIS MATHLAUL ANWAR CILULUK,60721200,MI,SWASTA,Kec. Wanasalam,280222,Kab. Lebak,280200,Prov. Banten,280000,0,0,0,0,0,0,0,0,,
MIS MATHLAUL ANWAR CISARAP,60721203,MI,SWASTA,Kec. Wanasalam,280222,Kab. Lebak,280200,Prov. Banten,280000,0,0,0,0,0,0,0,0,,
MIS MATHLAUL ANWAR SUKABAKTI,60721206,MI,SWASTA,Kec. Wanasalam,280222,Kab. Lebak,280200,Prov. Banten,280000,0,0,0,0,0,0,0,0,,
MIS MATHLAUL ANWAR WANASALAM,60721202,MI,SWASTA,Kec. Wanasalam,280222,Kab. Lebak,280200,Prov. Banten,280000,0,0,0,0,0,0,0,0,,
MIS MATHLAUL ANWAR WARUNGJOGJOG,60721207,MI,SWASTA,Kec. Wanasalam,280222,Kab. Lebak,280200,Prov. Banten,280000,0,0,0,0,0,0,0,0,,
MIS NURUL HIDAYAH BABAKANLOA,69883475,MI,SWASTA,Kec. Wanasalam,280222,Kab. Lebak,280200,Prov. Banten,280000,0,0,0,0,0,0,0,0,,
MIS NURUL HIDAYAH CIWALANG,60721199,MI,SWASTA,Kec. Wanasalam,280222,Kab. Lebak,280200,Prov. Banten,280000,0,0,0,0,0,0,0,0,,
MTSS AL-MUJAHIDIN KATAPANG,20622715,MTs,SWASTA,Kec. Wanasalam,280222,Kab. Lebak,280200,Prov. Banten,280000,0,0,0,0,0,0,0,0,,
MTSS DAARUZUHAN CILULUK WANASALAM,69883469,MTs,SWASTA,Kec. Wanasalam,280222,Kab. Lebak,280200,Prov. Banten,280000,0,0,0,0,0,0,0,0,,
MTSS IT BANY ZUHUD,69886426,MTs,SWASTA,Kec. Wanasalam,280222,Kab. Lebak,280200,Prov. Banten,280000,0,0,0,0,0,0,0,0,,
MTSS MATHLAUL ANWAR BINUANGEUN,20622716,MTs,SWASTA,Kec. Wanasalam,280222,Kab. Lebak,280200,Prov. Banten,280000,0,0,0,0,0,0,0,0,,
MTSS MATHLAUL ANWAR CIKEUSIK DESA,20622713,MTs,SWASTA,Kec. Wanasalam,280222,Kab. Lebak,280200,Prov. Banten,280000,0,0,0,0,0,0,0,0,,
MTSS MATHLAUL ANWAR CISARAP,69895221,MTs,SWASTA,Kec. Wanasalam,280222,Kab. Lebak,280200,Prov. Banten,280000,0,0,0,0,0,0,0,0,,
MTSS MATHLAUL ANWAR SUKABAKTI,69941510,MTs,SWASTA,Kec. Wanasalam,280222,Kab. Lebak,280200,Prov. Banten,280000,0,0,0,0,0,0,0,0,,
MTSS NURUL HIDAYAH CIWALANG,20622714,MTs,SWASTA,Kec. Wanasalam,280222,Kab. Lebak,280200,Prov. Banten,280000,0,0,0,0,0,0,0,0,,
MTSS NURUL HIDAYAH SUKATANI WANASALAM,69895220,MTs,SWASTA,Kec. Wanasalam,280222,Kab. Lebak,280200,Prov. Banten,280000,0,0,0,0,0,0,0,0,,
MTSS RAUDOTUL FATAH,69963500,MTs,SWASTA,Kec. Wanasalam,280222,Kab. Lebak,280200,Prov. Banten,280000,0,0,0,0,0,0,0,0,,
AR-RAFA BINUANGEUN,69963337,RA,SWASTA,Kec. Wanasalam,280222,Kab. Lebak,280200,Prov. Banten,280000,0,0,0,0,0,0,0,0,,
RA AL-MUMINUN,69887857,RA,SWASTA,Kec. Wanasalam,280222,Kab. Lebak,280200,Prov. Banten,280000,0,0,0,0,0,0,0,0,,
RA DARUL FALAH,69963336,RA,SWASTA,Kec. Wanasalam,280222,Kab. Lebak,280200,Prov. Banten,280000,0,0,0,0,0,0,0,0,,
RA MAFATIHUL ULUM CIPEDANG,70042713,RA,SWASTA,Kec. Wanasalam,280222,Kab. Lebak,280200,Prov. Banten,280000,0,0,0,0,0,0,0,0,,
RA MATHLAUL ANWAR,69750031,RA,SWASTA,Kec. Wanasalam,280222,Kab. Lebak,280200,Prov. Banten,280000,0,0,0,0,0,0,0,0,,
RA MATHLAUL ANWAR CISARAP,69898267,RA,SWASTA,Kec. Wanasalam,280222,Kab. Lebak,280200,Prov. Banten,280000,0,0,0,0,0,0,0,0,,
MAS AL-HIDAYAH WANTI,20623343,MA,SWASTA,Kec. Leuwidamar,280210,Kab. Lebak,280200,Prov. Banten,280000,0,0,0,0,0,0,0,0,,
MAS AL-WASHLIYAH,70007615,MA,SWASTA,Kec. Leuwidamar,280210,Kab. Lebak,280200,Prov. Banten,280000,0,0,0,0,0,0,0,0,,
MAS SABILUL HAQ,70043486,MA,SWASTA,Kec. Leuwidamar,280210,Kab. Lebak,280200,Prov. Banten,280000,0,0,0,0,0,0,0,0,,
MAS SUDURUL IRSYAD,70007261,MA,SWASTA,Kec. Leuwidamar,280210,Kab. Lebak,280200,Prov. Banten,280000,0,0,0,0,0,0,0,0,,
MAS SULTAN HASANUDIN,20623342,MA,SWASTA,Kec. Leuwidamar,280210,Kab. Lebak,280200,Prov. Banten,280000,0,0,0,0,0,0,0,0,,
RA AL-AKBAR,69887831,RA,SWASTA,Kec. Leuwidamar,280210,Kab. Lebak,280200,Prov. Banten,280000,0,0,0,0,0,0,0,0,,
RA AL-HIDAYAH WANTI,69898256,RA,SWASTA,Kec. Leuwidamar,280210,Kab. Lebak,280200,Prov. Banten,280000,0,0,0,0,0,0,0,0,,
RA AL-WASHLIYAH,70007216,RA,SWASTA,Kec. Leuwidamar,280210,Kab. Lebak,280200,Prov. Banten,280000,0,0,0,0,0,0,0,0,,
RA NURUL ILMI,70033290,RA,SWASTA,Kec. Leuwidamar,280210,Kab. Lebak,280200,Prov. Banten,280000,0,0,0,0,0,0,0,0,,
RA NURUL JADID,69887853,RA,SWASTA,Kec. Leuwidamar,280210,Kab. Lebak,280200,Prov. Banten,280000,0,0,0,0,0,0,0,0,,
MTS AL MUHAJIRIN,69895209,MTs,SWASTA,Kec. Leuwidamar,280210,Kab. Lebak,280200,Prov. Banten,280000,0,0,0,0,0,0,0,0,,
MTS AL-FATAH,69993473,MTs,SWASTA,Kec. Leuwidamar,280210,Kab. Lebak,280200,Prov. Banten,280000,0,0,0,0,0,0,0,0,,
MTS SUDURUL IRSYAD,69895212,MTs,SWASTA,Kec. Leuwidamar,280210,Kab. Lebak,280200,Prov. Banten,280000,0,0,0,0,0,0,0,0,,
MTSS AL-HIDAYAH WANTI,69895208,MTs,SWASTA,Kec. Leuwidamar,280210,Kab. Lebak,280200,Prov. Banten,280000,0,0,0,0,0,0,0,0,,
MTSS AL-WASHLIYAH,69977907,MTs,SWASTA,Kec. Leuwidamar,280210,Kab. Lebak,280200,Prov. Banten,280000,0,0,0,0,0,0,0,0,,
MTSS ALAM WIWITAN,69895211,MTs,SWASTA,Kec. Leuwidamar,280210,Kab. Lebak,280200,Prov. Banten,280000,0,0,0,0,0,0,0,0,,
MTSS DARUL MUHSININ,69895210,MTs,SWASTA,Kec. Leuwidamar,280210,Kab. Lebak,280200,Prov. Banten,280000,0,0,0,0,0,0,0,0,,
MTSS NURUL FIKRI,20613739,MTs,SWASTA,Kec. Leuwidamar,280210,Kab. Lebak,280200,Prov. Banten,280000,0,0,0,0,0,0,0,0,,
MTSS SABILUL HAQ,70030990,MTs,SWASTA,Kec. Leuwidamar,280210,Kab. Lebak,280200,Prov. Banten,280000,0,0,0,0,0,0,0,0,,
MTSS SULTAN HASANUDIN,20622628,MTs,SWASTA,Kec. Leuwidamar,280210,Kab. Lebak,280200,Prov. Banten,280000,0,0,0,0,0,0,0,0,,
MI AL-KAAFI JALUPANG MULYA,70030374,MI,SWASTA,Kec. Leuwidamar,280210,Kab. Lebak,280200,Prov. Banten,280000,0,0,0,0,0,0,0,0,,
MIN 1 LEBAK,60721164,MI,NEGERI,Kec. Leuwidamar,280210,Kab. Lebak,280200,Prov. Banten,280000,0,0,0,0,0,0,0,0,,
MIS AL KHAERIYAH,60721168,MI,SWASTA,Kec. Leuwidamar,280210,Kab. Lebak,280200,Prov. Banten,280000,0,0,0,0,0,0,0,0,,
MIS AL WATHON,60721171,MI,SWASTA,Kec. Leuwidamar,280210,Kab. Lebak,280200,Prov. Banten,280000,0,0,0,0,0,0,0,0,,
MIS AL-WASHLIYAH,69895464,MI,SWASTA,Kec. Leuwidamar,280210,Kab. Lebak,280200,Prov. Banten,280000,0,0,0,0,0,0,0,0,,
MIS DARUL MUHSININ,69886360,MI,SWASTA,Kec. Leuwidamar,280210,Kab. Lebak,280200,Prov. Banten,280000,0,0,0,0,0,0,0,0,,
MIS MASYARIKUL HUDA,60721165,MI,SWASTA,Kec. Leuwidamar,280210,Kab. Lebak,280200,Prov. Banten,280000,0,0,0,0,0,0,0,0,,
MIS MIFTAHUL JANNAH,60721167,MI,SWASTA,Kec. Leuwidamar,280210,Kab. Lebak,280200,Prov. Banten,280000,0,0,0,0,0,0,0,0,,
MIS NURUL HUDA,60721169,MI,SWASTA,Kec. Leuwidamar,280210,Kab. Lebak,280200,Prov. Banten,280000,0,0,0,0,0,0,0,0,,
MIS NURUL IMAN CICENDO,60721170,MI,SWASTA,Kec. Leuwidamar,280210,Kab. Lebak,280200,Prov. Banten,280000,0,0,0,0,0,0,0,0,,
MIS NURUL ISLAM,60721172,MI,SWASTA,Kec. Leuwidamar,280210,Kab. Lebak,280200,Prov. Banten,280000,0,0,0,0,0,0,0,0,,
MIS RIYADHUSIBYAN,60721166,MI,SWASTA,Kec. Leuwidamar,280210,Kab. Lebak,280200,Prov. Banten,280000,0,0,0,0,0,0,0,0,,
MAS MANAHIJUSSADAT,20623325,MA,SWASTA,Kec. Cibadak,280217,Kab. Lebak,280200,Prov. Banten,280000,0,0,0,0,0,0,0,0,,
MAS MATHLA`UL ANWAR BAROS,69788089,MA,SWASTA,Kec. Cibadak,280217,Kab. Lebak,280200,Prov. Banten,280000,0,0,0,0,0,0,0,0,,
MAS NURUL FALAH,20623324,MA,SWASTA,Kec. Cibadak,280217,Kab. Lebak,280200,Prov. Banten,280000,0,0,0,0,0,0,0,0,,
MAS NURWIDIA,70030387,MA,SWASTA,Kec. Cibadak,280217,Kab. Lebak,280200,Prov. Banten,280000,0,0,0,0,0,0,0,0,,
MTSS AL-HIDAYAH,69857746,MTs,SWASTA,Kec. Cibadak,280217,Kab. Lebak,280200,Prov. Banten,280000,0,0,0,0,0,0,0,0,,
MTSS AMANAH,69895626,MTs,SWASTA,Kec. Cibadak,280217,Kab. Lebak,280200,Prov. Banten,280000,0,0,0,0,0,0,0,0,,
MTSS AZ-ZAHRA CIBADAK,70007232,MTs,SWASTA,Kec. Cibadak,280217,Kab. Lebak,280200,Prov. Banten,280000,0,0,0,0,0,0,0,0,,
MTSS AZ-ZUMAR CIBADAK,20622640,MTs,SWASTA,Kec. Cibadak,280217,Kab. Lebak,280200,Prov. Banten,280000,0,0,0,0,0,0,0,0,,
MTSS KHUSNUL HOTIMAH,20615903,MTs,SWASTA,Kec. Cibadak,280217,Kab. Lebak,280200,Prov. Banten,280000,0,0,0,0,0,0,0,0,,
MTSS MA BAROS,20622627,MTs,SWASTA,Kec. Cibadak,280217,Kab. Lebak,280200,Prov. Banten,280000,0,0,0,0,0,0,0,0,,
MTSS MANAHIJUSSADAT,20602167,MTs,SWASTA,Kec. Cibadak,280217,Kab. Lebak,280200,Prov. Banten,280000,0,0,0,0,0,0,0,0,,
MTSS NURUL FALAH,20622639,MTs,SWASTA,Kec. Cibadak,280217,Kab. Lebak,280200,Prov. Banten,280000,0,0,0,0,0,0,0,0,,
MTSS NURWIDIA,20616412,MTs,SWASTA,Kec. Cibadak,280217,Kab. Lebak,280200,Prov. Banten,280000,0,0,0,0,0,0,0,0,,
MI AZ-ZAHRA BANI BAHO,70059341,MI,SWASTA,Kec. Cibadak,280217,Kab. Lebak,280200,Prov. Banten,280000,0,0,0,0,0,0,0,0,,
MIS DARUL HUDA,69895005,MI,SWASTA,Kec. Cibadak,280217,Kab. Lebak,280200,Prov. Banten,280000,0,0,0,0,0,0,0,0,,
MIS KHUSNUL HOTIMAH,69894714,MI,SWASTA,Kec. Cibadak,280217,Kab. Lebak,280200,Prov. Banten,280000,0,0,0,0,0,0,0,0,,
MIS MIFTAHUL ULA,69895472,MI,SWASTA,Kec. Cibadak,280217,Kab. Lebak,280200,Prov. Banten,280000,0,0,0,0,0,0,0,0,,
MIS MULYA INSANI,69895027,MI,SWASTA,Kec. Cibadak,280217,Kab. Lebak,280200,Prov. Banten,280000,0,0,0,0,0,0,0,0,,
MIS NURUL FALAH 1 PASIRMALANG,69901962,MI,SWASTA,Kec. Cibadak,280217,Kab. Lebak,280200,Prov. Banten,280000,0,0,0,0,0,0,0,0,,
MIS NURUL FALAH II,69894713,MI,SWASTA,Kec. Cibadak,280217,Kab. Lebak,280200,Prov. Banten,280000,0,0,0,0,0,0,0,0,,
MIS QOLBUN SALIM,70030380,MI,SWASTA,Kec. Cibadak,280217,Kab. Lebak,280200,Prov. Banten,280000,0,0,0,0,0,0,0,0,,
NURUL HUSEN,69956239,MI,SWASTA,Kec. Cibadak,280217,Kab. Lebak,280200,Prov. Banten,280000,0,0,0,0,0,0,0,0,,
RA AL-AMANAH,69887815,RA,SWASTA,Kec. Cibadak,280217,Kab. Lebak,280200,Prov. Banten,280000,0,0,0,0,0,0,0,0,,
RA AL-HIDAYAH,69885440,RA,SWASTA,Kec. Cibadak,280217,Kab. Lebak,280200,Prov. Banten,280000,0,0,0,0,0,0,0,0,,
RA AL-IKHLAS,69898242,RA,SWASTA,Kec. Cibadak,280217,Kab. Lebak,280200,Prov. Banten,280000,0,0,0,0,0,0,0,0,,
RA AL-INSHOF,69887814,RA,SWASTA,Kec. Cibadak,280217,Kab. Lebak,280200,Prov. Banten,280000,0,0,0,0,0,0,0,0,,
RA AL-MUBAROK,69887811,RA,SWASTA,Kec. Cibadak,280217,Kab. Lebak,280200,Prov. Banten,280000,0,0,0,0,0,0,0,0,,
RA AL-MUSTOFA,69887813,RA,SWASTA,Kec. Cibadak,280217,Kab. Lebak,280200,Prov. Banten,280000,0,0,0,0,0,0,0,0,,
RA AN NIDA,69887812,RA,SWASTA,Kec. Cibadak,280217,Kab. Lebak,280200,Prov. Banten,280000,0,0,0,0,0,0,0,0,,
RA ASSALAM,69887810,RA,SWASTA,Kec. Cibadak,280217,Kab. Lebak,280200,Prov. Banten,280000,0,0,0,0,0,0,0,0,,
RA ASYIHAB CIBADAK,70060975,RA,SWASTA,Kec. Cibadak,280217,Kab. Lebak,280200,Prov. Banten,280000,0,0,0,0,0,0,0,0,,
RA AZ-ZAHBANI BAHO,69887820,RA,SWASTA,Kec. Cibadak,280217,Kab. Lebak,280200,Prov. Banten,280000,0,0,0,0,0,0,0,0,,
RA DARUL HUDA,69887817,RA,SWASTA,Kec. Cibadak,280217,Kab. Lebak,280200,Prov. Banten,280000,0,0,0,0,0,0,0,0,,
RA MATHLA`UL ANWAR BAROS,70030478,RA,SWASTA,Kec. Cibadak,280217,Kab. Lebak,280200,Prov. Banten,280000,0,0,0,0,0,0,0,0,,
RA MIFTAHUL ULA,69887818,RA,SWASTA,Kec. Cibadak,280217,Kab. Lebak,280200,Prov. Banten,280000,0,0,0,0,0,0,0,0,,
RA NURUL IMAN,69977908,RA,SWASTA,Kec. Cibadak,280217,Kab. Lebak,280200,Prov. Banten,280000,0,0,0,0,0,0,0,0,,
RA SBB. AL-MADANI,69887816,RA,SWASTA,Kec. Cibadak,280217,Kab. Lebak,280200,Prov. Banten,280000,0,0,0,0,0,0,0,0,,
RA NURUL HIDAYAH,70042574,RA,SWASTA,Kec. Curug bitung,280220,Kab. Lebak,280200,Prov. Banten,280000,0,0,0,0,0,0,0,0,,
MTS NURUL BINA,70030382,MTs,SWASTA,Kec. Curug bitung,280220,Kab. Lebak,280200,Prov. Banten,280000,0,0,0,0,0,0,0,0,,
MTSS AL MIFTAHUDDIN,20616475,MTs,SWASTA,Kec. Curug bitung,280220,Kab. Lebak,280200,Prov. Banten,280000,0,0,0,0,0,0,0,0,,
MTSS AL-AMIN CURUGBITUNG,20622668,MTs,SWASTA,Kec. Curug bitung,280220,Kab. Lebak,280200,Prov. Banten,280000,0,0,0,0,0,0,0,0,,
MTSS MANARUL HIDAYAH LEBAK ASIH,20602166,MTs,SWASTA,Kec. Curug bitung,280220,Kab. Lebak,280200,Prov. Banten,280000,0,0,0,0,0,0,0,0,,
MTSS MIFTAHUL HUDA,20622667,MTs,SWASTA,Kec. Curug bitung,280220,Kab. Lebak,280200,Prov. Banten,280000,0,0,0,0,0,0,0,0,,
MTSS NUR EL DZULAM,69955995,MTs,SWASTA,Kec. Curug bitung,280220,Kab. Lebak,280200,Prov. Banten,280000,0,0,0,0,0,0,0,0,,
MIS AL-HADID,69927803,MI,SWASTA,Kec. Curug bitung,280220,Kab. Lebak,280200,Prov. Banten,280000,0,0,0,0,0,0,0,0,,
MIS MIFTAHUDIN CIBURUY,69894722,MI,SWASTA,Kec. Curug bitung,280220,Kab. Lebak,280200,Prov. Banten,280000,0,0,0,0,0,0,0,0,,
MAS AL-AMIN,20623338,MA,SWASTA,Kec. Curug bitung,280220,Kab. Lebak,280200,Prov. Banten,280000,0,0,0,0,0,0,0,0,,
MAS AMANAH,20622223,MA,SWASTA,Kec. Curug bitung,280220,Kab. Lebak,280200,Prov. Banten,280000,0,0,0,0,0,0,0,0,,
MAS MIFTAHUDIN,69941774,MA,SWASTA,Kec. Curug bitung,280220,Kab. Lebak,280200,Prov. Banten,280000,0,0,0,0,0,0,0,0,,
MAS MIFTAHUL HUDA,20613762,MA,SWASTA,Kec. Curug bitung,280220,Kab. Lebak,280200,Prov. Banten,280000,0,0,0,0,0,0,0,0,,
MTS DAAR EL MAFAIZ,69995074,MTs,SWASTA,Kec. Cihara,280224,Kab. Lebak,280200,Prov. Banten,280000,0,0,0,0,0,0,0,0,,
MTS DAARUL `ULUM CIPARAHU,69977921,MTs,SWASTA,Kec. Cihara,280224,Kab. Lebak,280200,Prov. Banten,280000,0,0,0,0,0,0,0,0,,
MTS DAARUL `ULUM PANYAUNGAN,69977920,MTs,SWASTA,Kec. Cihara,280224,Kab. Lebak,280200,Prov. Banten,280000,0,0,0,0,0,0,0,0,,
MTSS AL-HIDAYAH CIBUNAR,70032998,MTs,SWASTA,Kec. Cihara,280224,Kab. Lebak,280200,Prov. Banten,280000,0,0,0,0,0,0,0,0,,
MTSS DAAR EL-AZMI,70009277,MTs,SWASTA,Kec. Cihara,280224,Kab. Lebak,280200,Prov. Banten,280000,0,0,0,0,0,0,0,0,,
MTSS DAARUL FAHMI INSANI CIHARA,70044148,MTs,SWASTA,Kec. Cihara,280224,Kab. Lebak,280200,Prov. Banten,280000,0,0,0,0,0,0,0,0,,
MTSS DAARUL ULUM BARUNAI,69977915,MTs,SWASTA,Kec. Cihara,280224,Kab. Lebak,280200,Prov. Banten,280000,0,0,0,0,0,0,0,0,,
MTSS DAARUL ULUM CIDAHU,69883356,MTs,SWASTA,Kec. Cihara,280224,Kab. Lebak,280200,Prov. Banten,280000,0,0,0,0,0,0,0,0,,
MTSS DAARUL ULUM CIHARA,20622647,MTs,SWASTA,Kec. Cihara,280224,Kab. Lebak,280200,Prov. Banten,280000,0,0,0,0,0,0,0,0,,
MTSS NURUL HIDAYAH LEBAK PEUNDEUY,20622646,MTs,SWASTA,Kec. Cihara,280224,Kab. Lebak,280200,Prov. Banten,280000,0,0,0,0,0,0,0,0,,
MTSS NURUL HIDAYAH MALANG NENGAH,20622649,MTs,SWASTA,Kec. Cihara,280224,Kab. Lebak,280200,Prov. Banten,280000,0,0,0,0,0,0,0,0,,
MTSS NURUL IBAD CIKASO,70007149,MTs,SWASTA,Kec. Cihara,280224,Kab. Lebak,280200,Prov. Banten,280000,0,0,0,0,0,0,0,0,,
MTSS WIRA MANTRA CIKIRAY,70007072,MTs,SWASTA,Kec. Cihara,280224,Kab. Lebak,280200,Prov. Banten,280000,0,0,0,0,0,0,0,0,,
MI DAAR EL MAFAIZ,70034008,MI,SWASTA,Kec. Cihara,280224,Kab. Lebak,280200,Prov. Banten,280000,0,0,0,0,0,0,0,0,,
MIS AL ISHLAH BANI MENOY,60721134,MI,SWASTA,Kec. Cihara,280224,Kab. Lebak,280200,Prov. Banten,280000,0,0,0,0,0,0,0,0,,
MIS DAAR EL MUHAJIRIN,69895028,MI,SWASTA,Kec. Cihara,280224,Kab. Lebak,280200,Prov. Banten,280000,0,0,0,0,0,0,0,0,,
MIS DAARUL ULUM CIJENGKOL,60721140,MI,SWASTA,Kec. Cihara,280224,Kab. Lebak,280200,Prov. Banten,280000,0,0,0,0,0,0,0,0,,
MIS DARUL ULUM CIBOBOS,60721141,MI,SWASTA,Kec. Cihara,280224,Kab. Lebak,280200,Prov. Banten,280000,0,0,0,0,0,0,0,0,,
MIS DARUN NADWAH CIKOPO,60721132,MI,SWASTA,Kec. Cihara,280224,Kab. Lebak,280200,Prov. Banten,280000,0,0,0,0,0,0,0,0,,
MIS MA CIBUGANG,69895029,MI,SWASTA,Kec. Cihara,280224,Kab. Lebak,280200,Prov. Banten,280000,0,0,0,0,0,0,0,0,,
MIS MA LEBAK PARI,60721130,MI,SWASTA,Kec. Cihara,280224,Kab. Lebak,280200,Prov. Banten,280000,0,0,0,0,0,0,0,0,,
MIS MATHLAUL ANWAR CIBUNAR,69901966,MI,SWASTA,Kec. Cihara,280224,Kab. Lebak,280200,Prov. Banten,280000,0,0,0,0,0,0,0,0,,
MIS MATHLAUL ANWAR CIGABER,60721139,MI,SWASTA,Kec. Cihara,280224,Kab. Lebak,280200,Prov. Banten,280000,0,0,0,0,0,0,0,0,,
MIS MATHLAUL ANWAR CITEPUSEUN,60721131,MI,SWASTA,Kec. Cihara,280224,Kab. Lebak,280200,Prov. Banten,280000,0,0,0,0,0,0,0,0,,
MIS MATHLAUL ANWAR GARUNG,69895030,MI,SWASTA,Kec. Cihara,280224,Kab. Lebak,280200,Prov. Banten,280000,0,0,0,0,0,0,0,0,,
MIS NURUL HIDAYAH BURUNG CAYUT,60721138,MI,SWASTA,Kec. Cihara,280224,Kab. Lebak,280200,Prov. Banten,280000,0,0,0,0,0,0,0,0,,
MIS NURUL HIDAYAH CIBINONG,60721137,MI,SWASTA,Kec. Cihara,280224,Kab. Lebak,280200,Prov. Banten,280000,0,0,0,0,0,0,0,0,,
MIS NURUL HIDAYAH CIPUNAGA,60721133,MI,SWASTA,Kec. Cihara,280224,Kab. Lebak,280200,Prov. Banten,280000,0,0,0,0,0,0,0,0,,
MIS NURUL HIDAYAH MALANGNENGAH,60721135,MI,SWASTA,Kec. Cihara,280224,Kab. Lebak,280200,Prov. Banten,280000,0,0,0,0,0,0,0,0,,
MIS WIRA MANTRA (WIMA),69941375,MI,SWASTA,Kec. Cihara,280224,Kab. Lebak,280200,Prov. Banten,280000,0,0,0,0,0,0,0,0,,
RA DAARUL FAHMI INSANI CIHARA,70029198,RA,SWASTA,Kec. Cihara,280224,Kab. Lebak,280200,Prov. Banten,280000,0,0,0,0,0,0,0,0,,
RA NAIRA FATHIN CIHARA,70035942,RA,SWASTA,Kec. Cihara,280224,Kab. Lebak,280200,Prov. Banten,280000,0,0,0,0,0,0,0,0,,
RA NURUL HIDAYAH PASIRMANTANG,70026046,RA,SWASTA,Kec. Cihara,280224,Kab. Lebak,280200,Prov. Banten,280000,0,0,0,0,0,0,0,0,,
MA DAAR EL MAFAIZ,69994606,MA,SWASTA,Kec. Cihara,280224,Kab. Lebak,280200,Prov. Banten,280000,0,0,0,0,0,0,0,0,,
MAS DAAR EL-AZMI,70009278,MA,SWASTA,Kec. Cihara,280224,Kab. Lebak,280200,Prov. Banten,280000,0,0,0,0,0,0,0,0,,
MAS DAARUL FAHMI INSANI 1 CIHARA,69788055,MA,SWASTA,Kec. Cihara,280224,Kab. Lebak,280200,Prov. Banten,280000,0,0,0,0,0,0,0,0,,
MAS DAARUL ULUM PANYAUNGAN,20623327,MA,SWASTA,Kec. Cihara,280224,Kab. Lebak,280200,Prov. Banten,280000,0,0,0,0,0,0,0,0,,
MAS NURUL HIDAYAH MALANGNENGAH,69788171,MA,SWASTA,Kec. Cihara,280224,Kab. Lebak,280200,Prov. Banten,280000,0,0,0,0,0,0,0,0,,
MA AL UYUN KALANGANYAR,70028198,MA,SWASTA,Kec. Kalanganyar,280228,Kab. Lebak,280200,Prov. Banten,280000,0,0,0,0,0,0,0,0,,
MAS AL-IDRUS,20623340,MA,SWASTA,Kec. Kalanganyar,280228,Kab. Lebak,280200,Prov. Banten,280000,0,0,0,0,0,0,0,0,,
MAS DAAR EL HAQ,70008952,MA,SWASTA,Kec. Kalanganyar,280228,Kab. Lebak,280200,Prov. Banten,280000,0,0,0,0,0,0,0,0,,
MAS DAARUL QOORIIN,20623341,MA,SWASTA,Kec. Kalanganyar,280228,Kab. Lebak,280200,Prov. Banten,280000,0,0,0,0,0,0,0,0,,
MAS DARUNNAIM,69815327,MA,SWASTA,Kec. Kalanganyar,280228,Kab. Lebak,280200,Prov. Banten,280000,0,0,0,0,0,0,0,0,,
MAS NURUL HUDA,70029124,MA,SWASTA,Kec. Kalanganyar,280228,Kab. Lebak,280200,Prov. Banten,280000,0,0,0,0,0,0,0,0,,
MAS SIROJUL MUSTAQIM,70007069,MA,SWASTA,Kec. Kalanganyar,280228,Kab. Lebak,280200,Prov. Banten,280000,0,0,0,0,0,0,0,0,,
MTS AL AZIZIYAH KALANGANYAR,70058946,MTs,SWASTA,Kec. Kalanganyar,280228,Kab. Lebak,280200,Prov. Banten,280000,0,0,0,0,0,0,0,0,,
MTS AL ISHLAH,69857750,MTs,SWASTA,Kec. Kalanganyar,280228,Kab. Lebak,280200,Prov. Banten,280000,0,0,0,0,0,0,0,0,,
MTS AL-UYUN KALANGANYAR,70028196,MTs,SWASTA,Kec. Kalanganyar,280228,Kab. Lebak,280200,Prov. Banten,280000,0,0,0,0,0,0,0,0,,
MTSS AL-IDRUS,20622674,MTs,SWASTA,Kec. Kalanganyar,280228,Kab. Lebak,280200,Prov. Banten,280000,0,0,0,0,0,0,0,0,,
MTSS ASSUKIYA,69895730,MTs,SWASTA,Kec. Kalanganyar,280228,Kab. Lebak,280200,Prov. Banten,280000,0,0,0,0,0,0,0,0,,
MTSS BANI IDRIS PASIRKUPA,20622675,MTs,SWASTA,Kec. Kalanganyar,280228,Kab. Lebak,280200,Prov. Banten,280000,0,0,0,0,0,0,0,0,,
MTSS DAAR EL HAQ,69963498,MTs,SWASTA,Kec. Kalanganyar,280228,Kab. Lebak,280200,Prov. Banten,280000,0,0,0,0,0,0,0,0,,
MTSS DARUL QORIIN,69895728,MTs,SWASTA,Kec. Kalanganyar,280228,Kab. Lebak,280200,Prov. Banten,280000,0,0,0,0,0,0,0,0,,
MTSS DARUNNAIM,20602172,MTs,SWASTA,Kec. Kalanganyar,280228,Kab. Lebak,280200,Prov. Banten,280000,0,0,0,0,0,0,0,0,,
MTSS JAMIATUL MUTAALIMIN,20622672,MTs,SWASTA,Kec. Kalanganyar,280228,Kab. Lebak,280200,Prov. Banten,280000,0,0,0,0,0,0,0,0,,
MTSS NURUL FAIZIN,69895729,MTs,SWASTA,Kec. Kalanganyar,280228,Kab. Lebak,280200,Prov. Banten,280000,0,0,0,0,0,0,0,0,,
MTSS NURUL HUDA,69941509,MTs,SWASTA,Kec. Kalanganyar,280228,Kab. Lebak,280200,Prov. Banten,280000,0,0,0,0,0,0,0,0,,
MTSS SIROJUL MUSTAQIM,70007096,MTs,SWASTA,Kec. Kalanganyar,280228,Kab. Lebak,280200,Prov. Banten,280000,0,0,0,0,0,0,0,0,,
MI AL AZIZIYAH KALANGANYAR,70060552,MI,SWASTA,Kec. Kalanganyar,280228,Kab. Lebak,280200,Prov. Banten,280000,0,0,0,0,0,0,0,0,,
MIS AL-UYUN,70009360,MI,SWASTA,Kec. Kalanganyar,280228,Kab. Lebak,280200,Prov. Banten,280000,0,0,0,0,0,0,0,0,,
MIS BANI SAID,69895461,MI,SWASTA,Kec. Kalanganyar,280228,Kab. Lebak,280200,Prov. Banten,280000,0,0,0,0,0,0,0,0,,
MIS NAHDLATUL AKHLAQ PASIRKUPA,69927793,MI,SWASTA,Kec. Kalanganyar,280228,Kab. Lebak,280200,Prov. Banten,280000,0,0,0,0,0,0,0,0,,
MIS TSABBIT QOLBI,70030202,MI,SWASTA,Kec. Kalanganyar,280228,Kab. Lebak,280200,Prov. Banten,280000,0,0,0,0,0,0,0,0,,
RA AL-HIKMAH,69898255,RA,SWASTA,Kec. Kalanganyar,280228,Kab. Lebak,280200,Prov. Banten,280000,0,0,0,0,0,0,0,0,,
RA ARAFAH,69898254,RA,SWASTA,Kec. Kalanganyar,280228,Kab. Lebak,280200,Prov. Banten,280000,0,0,0,0,0,0,0,0,,
RA ASSUKIYA,70028973,RA,SWASTA,Kec. Kalanganyar,280228,Kab. Lebak,280200,Prov. Banten,280000,0,0,0,0,0,0,0,0,,
RA AT TAZKIA,70028730,RA,SWASTA,Kec. Kalanganyar,280228,Kab. Lebak,280200,Prov. Banten,280000,0,0,0,0,0,0,0,0,,
RA DARUL MA`ARIF,70024895,RA,SWASTA,Kec. Kalanganyar,280228,Kab. Lebak,280200,Prov. Banten,280000,0,0,0,0,0,0,0,0,,
RA GEMILANG,69994487,RA,SWASTA,Kec. Kalanganyar,280228,Kab. Lebak,280200,Prov. Banten,280000,0,0,0,0,0,0,0,0,,
MTSS ATTHURISIN,70013133,MTs,SWASTA,Kec. Cirinten,280226,Kab. Lebak,280200,Prov. Banten,280000,0,0,0,0,0,0,0,0,,
MTSS MA BATUJAYA,69886237,MTs,SWASTA,Kec. Cirinten,280226,Kab. Lebak,280200,Prov. Banten,280000,0,0,0,0,0,0,0,0,,
MTSS MATHLAUL ANWAR CIKARANG,69927806,MTs,SWASTA,Kec. Cirinten,280226,Kab. Lebak,280200,Prov. Banten,280000,0,0,0,0,0,0,0,0,,
MTSS NAWARUL ULUM,69886238,MTs,SWASTA,Kec. Cirinten,280226,Kab. Lebak,280200,Prov. Banten,280000,0,0,0,0,0,0,0,0,,
MTSS NURUL ISLAM CIRINTEN,69881719,MTs,SWASTA,Kec. Cirinten,280226,Kab. Lebak,280200,Prov. Banten,280000,0,0,0,0,0,0,0,0,,
MTSS RIYADUSSAADAH,20607973,MTs,SWASTA,Kec. Cirinten,280226,Kab. Lebak,280200,Prov. Banten,280000,0,0,0,0,0,0,0,0,,
RA BINA BHAKTI,69941195,RA,SWASTA,Kec. Cirinten,280226,Kab. Lebak,280200,Prov. Banten,280000,0,0,0,0,0,0,0,0,,
MIS AL-FITROH,60721163,MI,SWASTA,Kec. Cirinten,280226,Kab. Lebak,280200,Prov. Banten,280000,0,0,0,0,0,0,0,0,,
MIS AL-ISHLAH CIBUNTU,69927802,MI,SWASTA,Kec. Cirinten,280226,Kab. Lebak,280200,Prov. Banten,280000,0,0,0,0,0,0,0,0,,
MIS AL-ISHLAH PAMATANGLOJOR,69886359,MI,SWASTA,Kec. Cirinten,280226,Kab. Lebak,280200,Prov. Banten,280000,0,0,0,0,0,0,0,0,,
MIS MA CIGINTUNG,69901971,MI,SWASTA,Kec. Cirinten,280226,Kab. Lebak,280200,Prov. Banten,280000,0,0,0,0,0,0,0,0,,
MIS MA. CIKARANG,69895035,MI,SWASTA,Kec. Cirinten,280226,Kab. Lebak,280200,Prov. Banten,280000,0,0,0,0,0,0,0,0,,
MIS MA. PASIRMADANG,69901969,MI,SWASTA,Kec. Cirinten,280226,Kab. Lebak,280200,Prov. Banten,280000,0,0,0,0,0,0,0,0,,
MIS MATHLA UL ANWAR BATUJAYA,69886358,MI,SWASTA,Kec. Cirinten,280226,Kab. Lebak,280200,Prov. Banten,280000,0,0,0,0,0,0,0,0,,
MIS MATHLAUL ANWAR CIMUNCANG,69895457,MI,SWASTA,Kec. Cirinten,280226,Kab. Lebak,280200,Prov. Banten,280000,0,0,0,0,0,0,0,0,,
MIS MATHLAUL ANWAR JAURA,69895458,MI,SWASTA,Kec. Cirinten,280226,Kab. Lebak,280200,Prov. Banten,280000,0,0,0,0,0,0,0,0,,
MIS MI MA CARIU,69901970,MI,SWASTA,Kec. Cirinten,280226,Kab. Lebak,280200,Prov. Banten,280000,0,0,0,0,0,0,0,0,,
MIS MI MA PANGGELANGAN,69901972,MI,SWASTA,Kec. Cirinten,280226,Kab. Lebak,280200,Prov. Banten,280000,0,0,0,0,0,0,0,0,,
MIS NAWARUL ULUM,69901973,MI,SWASTA,Kec. Cirinten,280226,Kab. Lebak,280200,Prov. Banten,280000,0,0,0,0,0,0,0,0,,
MIS NURUL IHSAN BADUR,69927797,MI,SWASTA,Kec. Cirinten,280226,Kab. Lebak,280200,Prov. Banten,280000,0,0,0,0,0,0,0,0,,
MIS RIYADUL HASANAH,69993446,MI,SWASTA,Kec. Cirinten,280226,Kab. Lebak,280200,Prov. Banten,280000,0,0,0,0,0,0,0,0,,
NURUL HASANAH,69894721,MI,SWASTA,Kec. Cirinten,280226,Kab. Lebak,280200,Prov. Banten,280000,0,0,0,0,0,0,0,0,,
MAS AL-ISHLAH BATUJAYA,20623337,MA,SWASTA,Kec. Cirinten,280226,Kab. Lebak,280200,Prov. Banten,280000,0,0,0,0,0,0,0,0,,
MAS MATHLA`UL ANWAR CIGINTUNG CIRINTEN,20623336,MA,SWASTA,Kec. Cirinten,280226,Kab. Lebak,280200,Prov. Banten,280000,0,0,0,0,0,0,0,0,,
RIYADUSA ADAH,69955749,MA,SWASTA,Kec. Cirinten,280226,Kab. Lebak,280200,Prov. Banten,280000,0,0,0,0,0,0,0,0,,
MAS MATHLA`UL ANWAR CIPARASI,20623363,MA,SWASTA,Kec. Sobang,280221,Kab. Lebak,280200,Prov. Banten,280000,0,0,0,0,0,0,0,0,,
MAS WASILATUL HUSNA,20613654,MA,SWASTA,Kec. Sobang,280221,Kab. Lebak,280200,Prov. Banten,280000,0,0,0,0,0,0,0,0,,
MIS AL HIDAYAH SELAGUNUNG,60721197,MI,SWASTA,Kec. Sobang,280221,Kab. Lebak,280200,Prov. Banten,280000,0,0,0,0,0,0,0,0,,
MIS AL-HIDAYAH CISEEL,69901981,MI,SWASTA,Kec. Sobang,280221,Kab. Lebak,280200,Prov. Banten,280000,0,0,0,0,0,0,0,0,,
MIS NURHIKMAH,69941374,MI,SWASTA,Kec. Sobang,280221,Kab. Lebak,280200,Prov. Banten,280000,0,0,0,0,0,0,0,0,,
IBNU MAJAH,69895219,MTs,SWASTA,Kec. Sobang,280221,Kab. Lebak,280200,Prov. Banten,280000,0,0,0,0,0,0,0,0,,
MTS DARUL AHSAN,69955994,MTs,SWASTA,Kec. Sobang,280221,Kab. Lebak,280200,Prov. Banten,280000,0,0,0,0,0,0,0,0,,
MTS MIFTAHUL HIDAYAH,69995371,MTs,SWASTA,Kec. Sobang,280221,Kab. Lebak,280200,Prov. Banten,280000,0,0,0,0,0,0,0,0,,
MTSS MATHLA`UL ANWAR CIPARASI,20622712,MTs,SWASTA,Kec. Sobang,280221,Kab. Lebak,280200,Prov. Banten,280000,0,0,0,0,0,0,0,0,,
MTSS RIYADUL ULUM,20622634,MTs,SWASTA,Kec. Sobang,280221,Kab. Lebak,280200,Prov. Banten,280000,0,0,0,0,0,0,0,0,,
MA MATHLA`UL ANWAR CIKAREO,70030544,MA,SWASTA,Kec. Cigemblong,280225,Kab. Lebak,280200,Prov. Banten,280000,0,0,0,0,0,0,0,0,,
MA MATHLA`UL ANWAR GUNUNG LANGKAP,70030379,MA,SWASTA,Kec. Cigemblong,280225,Kab. Lebak,280200,Prov. Banten,280000,0,0,0,0,0,0,0,0,,
MAS NURUL HIDAYAH CILIPUNG,70033855,MA,SWASTA,Kec. Cigemblong,280225,Kab. Lebak,280200,Prov. Banten,280000,0,0,0,0,0,0,0,0,,
MTS MATHLA`UL ANWAR SARIAK LAYUNG,69994593,MTs,SWASTA,Kec. Cigemblong,280225,Kab. Lebak,280200,Prov. Banten,280000,0,0,0,0,0,0,0,0,,
MTSS MATHLAUL ANWAR GUNUNG LANGKAP,20622645,MTs,SWASTA,Kec. Cigemblong,280225,Kab. Lebak,280200,Prov. Banten,280000,0,0,0,0,0,0,0,0,,
MTSS NURUL HIDAYAH CIKARET,69883464,MTs,SWASTA,Kec. Cigemblong,280225,Kab. Lebak,280200,Prov. Banten,280000,0,0,0,0,0,0,0,0,,
MTSS NURUL HIDAYAH CILIPUNG,20622644,MTs,SWASTA,Kec. Cigemblong,280225,Kab. Lebak,280200,Prov. Banten,280000,0,0,0,0,0,0,0,0,,
MIS AN NAZWA PASIR MUNCANG 2,69881941,MI,SWASTA,Kec. Cigemblong,280225,Kab. Lebak,280200,Prov. Banten,280000,0,0,0,0,0,0,0,0,,
MIS AS SALAM CIBEUREUM,69901965,MI,SWASTA,Kec. Cigemblong,280225,Kab. Lebak,280200,Prov. Banten,280000,0,0,0,0,0,0,0,0,,
MIS MATHLAUL ANWAR CIBANGBAN,60721125,MI,SWASTA,Kec. Cigemblong,280225,Kab. Lebak,280200,Prov. Banten,280000,0,0,0,0,0,0,0,0,,
MIS MATHLAUL ANWAR CICURUG,60721127,MI,SWASTA,Kec. Cigemblong,280225,Kab. Lebak,280200,Prov. Banten,280000,0,0,0,0,0,0,0,0,,
MIS MATHLAUL ANWAR CIRAHONG,60721126,MI,SWASTA,Kec. Cigemblong,280225,Kab. Lebak,280200,Prov. Banten,280000,0,0,0,0,0,0,0,0,,
MIS NH. BABAKAN KOPO,60721128,MI,SWASTA,Kec. Cigemblong,280225,Kab. Lebak,280200,Prov. Banten,280000,0,0,0,0,0,0,0,0,,
MIS NURUL HIDAYAH CINTA SALAM,60721129,MI,SWASTA,Kec. Cigemblong,280225,Kab. Lebak,280200,Prov. Banten,280000,0,0,0,0,0,0,0,0,,
MA DAARUL FALAH CIJAKU,70061159,MA,SWASTA,Kec. Cijaku,280205,Kab. Lebak,280200,Prov. Banten,280000,0,0,0,0,0,0,0,0,,
MAS MATHLAUL ANWAR SUKAMAJU,20623329,MA,SWASTA,Kec. Cijaku,280205,Kab. Lebak,280200,Prov. Banten,280000,0,0,0,0,0,0,0,0,,
AN NAZWA,69958177,RA,SWASTA,Kec. Cijaku,280205,Kab. Lebak,280200,Prov. Banten,280000,0,0,0,0,0,0,0,0,,
RA MATHLA’UL ANWAR RIZKI AULIA,70061095,RA,SWASTA,Kec. Cijaku,280205,Kab. Lebak,280200,Prov. Banten,280000,0,0,0,0,0,0,0,0,,
MTSS AN-NAZWA CIAPUS,69955987,MTs,SWASTA,Kec. Cijaku,280205,Kab. Lebak,280200,Prov. Banten,280000,0,0,0,0,0,0,0,0,,
MTSS DAARUL FALAH CIJAKU,70031536,MTs,SWASTA,Kec. Cijaku,280205,Kab. Lebak,280200,Prov. Banten,280000,0,0,0,0,0,0,0,0,,
MTSS MATH`LAUL ANWAR SUKAMULYA,69977919,MTs,SWASTA,Kec. Cijaku,280205,Kab. Lebak,280200,Prov. Banten,280000,0,0,0,0,0,0,0,0,,
MTSS MATHLAUL ANWAR PASIR TAPOS,69977918,MTs,SWASTA,Kec. Cijaku,280205,Kab. Lebak,280200,Prov. Banten,280000,0,0,0,0,0,0,0,0,,
MTSS MATHLAUL ANWAR SUKAMAJU,20622650,MTs,SWASTA,Kec. Cijaku,280205,Kab. Lebak,280200,Prov. Banten,280000,0,0,0,0,0,0,0,0,,
MTSS NURUL HIKMAH CIJAKU,69941504,MTs,SWASTA,Kec. Cijaku,280205,Kab. Lebak,280200,Prov. Banten,280000,0,0,0,0,0,0,0,0,,
MIS AN - NAZWA CIAPUS,60721142,MI,SWASTA,Kec. Cijaku,280205,Kab. Lebak,280200,Prov. Banten,280000,0,0,0,0,0,0,0,0,,
MIS DAAR EL-KARIM CIJAKU,70008953,MI,SWASTA,Kec. Cijaku,280205,Kab. Lebak,280200,Prov. Banten,280000,0,0,0,0,0,0,0,0,,
MIS MATHLAUL ANWAR CIPALABUH,60721144,MI,SWASTA,Kec. Cijaku,280205,Kab. Lebak,280200,Prov. Banten,280000,0,0,0,0,0,0,0,0,,
MIS MATHLAUL ANWAR GARUNG,60721146,MI,SWASTA,Kec. Cijaku,280205,Kab. Lebak,280200,Prov. Banten,280000,0,0,0,0,0,0,0,0,,
MIS MATHLAUL ANWAR KANDANGSAPI,60721143,MI,SWASTA,Kec. Cijaku,280205,Kab. Lebak,280200,Prov. Banten,280000,0,0,0,0,0,0,0,0,,
MIS MATHLAUL ANWAR KUBANG,60721148,MI,SWASTA,Kec. Cijaku,280205,Kab. Lebak,280200,Prov. Banten,280000,0,0,0,0,0,0,0,0,,
MIS MATHLAUL ANWAR PAMUNDAYAN,60721149,MI,SWASTA,Kec. Cijaku,280205,Kab. Lebak,280200,Prov. Banten,280000,0,0,0,0,0,0,0,0,,
MIS MATHLAUL ANWAR PASIR EURIH,60721145,MI,SWASTA,Kec. Cijaku,280205,Kab. Lebak,280200,Prov. Banten,280000,0,0,0,0,0,0,0,0,,
MIS MATHLAUL ANWAR SUKAMAJU,60721147,MI,SWASTA,Kec. Cijaku,280205,Kab. Lebak,280200,Prov. Banten,280000,0,0,0,0,0,0,0,0,,
MAS AR-RAHMAN,69788106,MA,SWASTA,Kec. Bojongmanik,280209,Kab. Lebak,280200,Prov. Banten,280000,0,0,0,0,0,0,0,0,,
RA AT-TAWAKAL,69885439,RA,SWASTA,Kec. Bojongmanik,280209,Kab. Lebak,280200,Prov. Banten,280000,0,0,0,0,0,0,0,0,,
MTSS AL-FATWA,69977925,MTs,SWASTA,Kec. Bojongmanik,280209,Kab. Lebak,280200,Prov. Banten,280000,0,0,0,0,0,0,0,0,,
MTSS AR-RAHMAN,69895195,MTs,SWASTA,Kec. Bojongmanik,280209,Kab. Lebak,280200,Prov. Banten,280000,0,0,0,0,0,0,0,0,,
MIS AL-FATWA,70009353,MI,SWASTA,Kec. Bojongmanik,280209,Kab. Lebak,280200,Prov. Banten,280000,0,0,0,0,0,0,0,0,,
MIS AL-HUDA CIPAYANGGU,69895463,MI,SWASTA,Kec. Bojongmanik,280209,Kab. Lebak,280200,Prov. Banten,280000,0,0,0,0,0,0,0,0,,
MIS AL-IDRUS CIBEUNYEUR,69894712,MI,SWASTA,Kec. Bojongmanik,280209,Kab. Lebak,280200,Prov. Banten,280000,0,0,0,0,0,0,0,0,,
MIS AT-TAWAKKAL,70007092,MI,SWASTA,Kec. Bojongmanik,280209,Kab. Lebak,280200,Prov. Banten,280000,0,0,0,0,0,0,0,0,,
MIS MATHLAUL ANWAR NANGERANG,69956238,MI,SWASTA,Kec. Bojongmanik,280209,Kab. Lebak,280200,Prov. Banten,280000,0,0,0,0,0,0,0,0,,
MIS NURUL HUSNA,69886354,MI,SWASTA,Kec. Bojongmanik,280209,Kab. Lebak,280200,Prov. Banten,280000,0,0,0,0,0,0,0,0,,
MTSS AL HIDAYAH,69886423,MTs,SWASTA,Kec. Lebakgedong,280227,Kab. Lebak,280200,Prov. Banten,280000,0,0,0,0,0,0,0,0,,
MTSS HIDAYATUL MUTAQIN,69895207,MTs,SWASTA,Kec. Lebakgedong,280227,Kab. Lebak,280200,Prov. Banten,280000,0,0,0,0,0,0,0,0,,
MIS AL-HIDAYAH ISLAMIYAH CINYIRU,69895462,MI,SWASTA,Kec. Lebakgedong,280227,Kab. Lebak,280200,Prov. Banten,280000,0,0,0,0,0,0,0,0,,
MIS IRSYADUL IBAD,70008888,MI,SWASTA,Kec. Lebakgedong,280227,Kab. Lebak,280200,Prov. Banten,280000,0,0,0,0,0,0,0,0,,
MA AMAL BAKTI,70025968,MA,SWASTA,Kec. Menes,280114,Kab. Pandeglang,280100,Prov. Banten,280000,0,0,0,0,0,0,0,0,,
MAS  AHLUSSUNNAH WALJAMA`AH,69881503,MA,SWASTA,Kec. Menes,280114,Kab. Pandeglang,280100,Prov. Banten,280000,0,0,0,0,0,0,0,0,,
MAS  MALNU KANANGA,69881502,MA,SWASTA,Kec. Menes,280114,Kab. Pandeglang,280100,Prov. Banten,280000,0,0,0,0,0,0,0,0,,
MAS AL-ISHLAH KANANGA,20622344,MA,SWASTA,Kec. Menes,280114,Kab. Pandeglang,280100,Prov. Banten,280000,0,0,0,0,0,0,0,0,,
MAS ANWARUL HIDAYAH,20622341,MA,SWASTA,Kec. Menes,280114,Kab. Pandeglang,280100,Prov. Banten,280000,0,0,0,0,0,0,0,0,,
MAS MALNU PUSAT MENES,20622342,MA,SWASTA,Kec. Menes,280114,Kab. Pandeglang,280100,Prov. Banten,280000,0,0,0,0,0,0,0,0,,
MAS MATHLA`UL ANWAR PUSAT MENES,20622340,MA,SWASTA,Kec. Menes,280114,Kab. Pandeglang,280100,Prov. Banten,280000,0,0,0,0,0,0,0,0,,
MAS NURUL AMAL PUSAT,20622343,MA,SWASTA,Kec. Menes,280114,Kab. Pandeglang,280100,Prov. Banten,280000,0,0,0,0,0,0,0,0,,
RA AHLUSSUNNAH WAL JAMA`AH,69887749,RA,SWASTA,Kec. Menes,280114,Kab. Pandeglang,280100,Prov. Banten,280000,0,0,0,0,0,0,0,0,,
RA AL-QOMARIAH,69887751,RA,SWASTA,Kec. Menes,280114,Kab. Pandeglang,280100,Prov. Banten,280000,0,0,0,0,0,0,0,0,,
RA AS-SYIFA KADUKALASI,69887748,RA,SWASTA,Kec. Menes,280114,Kab. Pandeglang,280100,Prov. Banten,280000,0,0,0,0,0,0,0,0,,
RA BAITURRAHIM,69887754,RA,SWASTA,Kec. Menes,280114,Kab. Pandeglang,280100,Prov. Banten,280000,0,0,0,0,0,0,0,0,,
RA HIDAYATURROHMAN,69887750,RA,SWASTA,Kec. Menes,280114,Kab. Pandeglang,280100,Prov. Banten,280000,0,0,0,0,0,0,0,0,,
RA MATHLA UL ANWAR PUSAT KADU KOMBONG,69887747,RA,SWASTA,Kec. Menes,280114,Kab. Pandeglang,280100,Prov. Banten,280000,0,0,0,0,0,0,0,0,,
RA MUSLIMAT MA CIBONGKOK,69887746,RA,SWASTA,Kec. Menes,280114,Kab. Pandeglang,280100,Prov. Banten,280000,0,0,0,0,0,0,0,0,,
RA NURUL FAJAR,69887752,RA,SWASTA,Kec. Menes,280114,Kab. Pandeglang,280100,Prov. Banten,280000,0,0,0,0,0,0,0,0,,
RA NURUL LESTARI,69887753,RA,SWASTA,Kec. Menes,280114,Kab. Pandeglang,280100,Prov. Banten,280000,0,0,0,0,0,0,0,0,,
MTS AL-ISHLAH KANANGA,69977905,MTs,SWASTA,Kec. Menes,280114,Kab. Pandeglang,280100,Prov. Banten,280000,0,0,0,0,0,0,0,0,,
MTS AN-NADWAH,69993458,MTs,SWASTA,Kec. Menes,280114,Kab. Pandeglang,280100,Prov. Banten,280000,0,0,0,0,0,0,0,0,,
MTSS AHLUSSUNNAH WALJAMAAH,20622603,MTs,SWASTA,Kec. Menes,280114,Kab. Pandeglang,280100,Prov. Banten,280000,0,0,0,0,0,0,0,0,,
MTSS ANWARUL HIDAYAH MENES,20622602,MTs,SWASTA,Kec. Menes,280114,Kab. Pandeglang,280100,Prov. Banten,280000,0,0,0,0,0,0,0,0,,
MTSS BANI HAMDAN,20622607,MTs,SWASTA,Kec. Menes,280114,Kab. Pandeglang,280100,Prov. Banten,280000,0,0,0,0,0,0,0,0,,
MTSS MALNU PUSAT MENES,20622604,MTs,SWASTA,Kec. Menes,280114,Kab. Pandeglang,280100,Prov. Banten,280000,0,0,0,0,0,0,0,0,,
MTSS MALNU PUTERA KANANGA,20622605,MTs,SWASTA,Kec. Menes,280114,Kab. Pandeglang,280100,Prov. Banten,280000,0,0,0,0,0,0,0,0,,
MTSS MALNU PUTERI,20622606,MTs,SWASTA,Kec. Menes,280114,Kab. Pandeglang,280100,Prov. Banten,280000,0,0,0,0,0,0,0,0,,
MTSS MANBA`UL `ULUM,20622598,MTs,SWASTA,Kec. Menes,280114,Kab. Pandeglang,280100,Prov. Banten,280000,0,0,0,0,0,0,0,0,,
MTSS MATHLA`UL ANWAR KANANGA,20622599,MTs,SWASTA,Kec. Menes,280114,Kab. Pandeglang,280100,Prov. Banten,280000,0,0,0,0,0,0,0,0,,
MTSS MATHLAUL ANWAR PUSAT,20600875,MTs,SWASTA,Kec. Menes,280114,Kab. Pandeglang,280100,Prov. Banten,280000,0,0,0,0,0,0,0,0,,
MTSS NURUL AMAL MENES,20622601,MTs,SWASTA,Kec. Menes,280114,Kab. Pandeglang,280100,Prov. Banten,280000,0,0,0,0,0,0,0,0,,
MTSS NURUL ISTIQOMAH,20622608,MTs,SWASTA,Kec. Menes,280114,Kab. Pandeglang,280100,Prov. Banten,280000,0,0,0,0,0,0,0,0,,
MIS AL BAROKAH,69881931,MI,SWASTA,Kec. Menes,280114,Kab. Pandeglang,280100,Prov. Banten,280000,0,0,0,0,0,0,0,0,,
MIS AMAL BAKTI,69941366,MI,SWASTA,Kec. Menes,280114,Kab. Pandeglang,280100,Prov. Banten,280000,0,0,0,0,0,0,0,0,,
MIS ANWARUL HIDAYAH MENES,69941365,MI,SWASTA,Kec. Menes,280114,Kab. Pandeglang,280100,Prov. Banten,280000,0,0,0,0,0,0,0,0,,
MIS MALNU KANANGA,60721085,MI,SWASTA,Kec. Menes,280114,Kab. Pandeglang,280100,Prov. Banten,280000,0,0,0,0,0,0,0,0,,
MIS MATHLAUL ANWAR CIBONGKOK,60721084,MI,SWASTA,Kec. Menes,280114,Kab. Pandeglang,280100,Prov. Banten,280000,0,0,0,0,0,0,0,0,,
MIS MATHLAUL ANWAR MURUY,60721083,MI,SWASTA,Kec. Menes,280114,Kab. Pandeglang,280100,Prov. Banten,280000,0,0,0,0,0,0,0,0,,
MIS MATHLAUL ANWAR PUSAT,60721081,MI,SWASTA,Kec. Menes,280114,Kab. Pandeglang,280100,Prov. Banten,280000,0,0,0,0,0,0,0,0,,
MIS MUHAMMADIYAH KADURANCA,60721082,MI,SWASTA,Kec. Menes,280114,Kab. Pandeglang,280100,Prov. Banten,280000,0,0,0,0,0,0,0,0,,
MA AL - MUNAJAT,70030460,MA,SWASTA,Kec. Mandalawangi,280115,Kab. Pandeglang,280100,Prov. Banten,280000,0,0,0,0,0,0,0,0,,
MA MUTIARA DARUL HUDA CIGOBANG,69993269,MA,SWASTA,Kec. Mandalawangi,280115,Kab. Pandeglang,280100,Prov. Banten,280000,0,0,0,0,0,0,0,0,,
MAS AL-KHAERIYYAH SIDDIQ,69955746,MA,SWASTA,Kec. Mandalawangi,280115,Kab. Pandeglang,280100,Prov. Banten,280000,0,0,0,0,0,0,0,0,,
MAS DARUL HUDA PUSAT,20600977,MA,SWASTA,Kec. Mandalawangi,280115,Kab. Pandeglang,280100,Prov. Banten,280000,0,0,0,0,0,0,0,0,,
MAS IRHAMNA BIL-QUR`AN,70006390,MA,SWASTA,Kec. Mandalawangi,280115,Kab. Pandeglang,280100,Prov. Banten,280000,0,0,0,0,0,0,0,0,,
MAS PLUS DARUL HUDA CIKONENG,69894899,MA,SWASTA,Kec. Mandalawangi,280115,Kab. Pandeglang,280100,Prov. Banten,280000,0,0,0,0,0,0,0,0,,
RA AL MUKHLISIN DARUL HUDA,69887730,RA,SWASTA,Kec. Mandalawangi,280115,Kab. Pandeglang,280100,Prov. Banten,280000,0,0,0,0,0,0,0,0,,
RA AL-HIJRAH DARUL HUDA,69887736,RA,SWASTA,Kec. Mandalawangi,280115,Kab. Pandeglang,280100,Prov. Banten,280000,0,0,0,0,0,0,0,0,,
RA AL-HUDA KALANGSARI,69887740,RA,SWASTA,Kec. Mandalawangi,280115,Kab. Pandeglang,280100,Prov. Banten,280000,0,0,0,0,0,0,0,0,,
RA AL-IHSAN FODIMAS,69887737,RA,SWASTA,Kec. Mandalawangi,280115,Kab. Pandeglang,280100,Prov. Banten,280000,0,0,0,0,0,0,0,0,,
RA AL-KAMIL FODIMAS,69887739,RA,SWASTA,Kec. Mandalawangi,280115,Kab. Pandeglang,280100,Prov. Banten,280000,0,0,0,0,0,0,0,0,,
RA AL-KHAERIYAH,69887735,RA,SWASTA,Kec. Mandalawangi,280115,Kab. Pandeglang,280100,Prov. Banten,280000,0,0,0,0,0,0,0,0,,
RA AR-RAUDHOH,69887738,RA,SWASTA,Kec. Mandalawangi,280115,Kab. Pandeglang,280100,Prov. Banten,280000,0,0,0,0,0,0,0,0,,
RA AS-SA`ADAH,69887732,RA,SWASTA,Kec. Mandalawangi,280115,Kab. Pandeglang,280100,Prov. Banten,280000,0,0,0,0,0,0,0,0,,
RA AS-SYIFA DARUL HUDA,69887741,RA,SWASTA,Kec. Mandalawangi,280115,Kab. Pandeglang,280100,Prov. Banten,280000,0,0,0,0,0,0,0,0,,
RA ASYIFA,70025947,RA,SWASTA,Kec. Mandalawangi,280115,Kab. Pandeglang,280100,Prov. Banten,280000,0,0,0,0,0,0,0,0,,
RA DARUL HUDA ASSYAMSIAH,69887734,RA,SWASTA,Kec. Mandalawangi,280115,Kab. Pandeglang,280100,Prov. Banten,280000,0,0,0,0,0,0,0,0,,
RA DARUL HUDA PANDAT,70029307,RA,SWASTA,Kec. Mandalawangi,280115,Kab. Pandeglang,280100,Prov. Banten,280000,0,0,0,0,0,0,0,0,,
RA DARUL HUDA POJOK,69887731,RA,SWASTA,Kec. Mandalawangi,280115,Kab. Pandeglang,280100,Prov. Banten,280000,0,0,0,0,0,0,0,0,,
RA DARUL HUDA PUSAT,69887729,RA,SWASTA,Kec. Mandalawangi,280115,Kab. Pandeglang,280100,Prov. Banten,280000,0,0,0,0,0,0,0,0,,
RA MEAS CLUB KADUMARIA,69941186,RA,SWASTA,Kec. Mandalawangi,280115,Kab. Pandeglang,280100,Prov. Banten,280000,0,0,0,0,0,0,0,0,,
RA NURUL JIDAN,69887743,RA,SWASTA,Kec. Mandalawangi,280115,Kab. Pandeglang,280100,Prov. Banten,280000,0,0,0,0,0,0,0,0,,
RA NURUL MA`RIF,69887733,RA,SWASTA,Kec. Mandalawangi,280115,Kab. Pandeglang,280100,Prov. Banten,280000,0,0,0,0,0,0,0,0,,
RA RAUDLATUSSIBYAN,69887742,RA,SWASTA,Kec. Mandalawangi,280115,Kab. Pandeglang,280100,Prov. Banten,280000,0,0,0,0,0,0,0,0,,
MTSS AL KHAERIYAH SIDDIQ,69788419,MTs,SWASTA,Kec. Mandalawangi,280115,Kab. Pandeglang,280100,Prov. Banten,280000,0,0,0,0,0,0,0,0,,
MTSS AL-HIDAYAH MANDALAWANGI,69882363,MTs,SWASTA,Kec. Mandalawangi,280115,Kab. Pandeglang,280100,Prov. Banten,280000,0,0,0,0,0,0,0,0,,
MTSS AT-TOYYIBAH,69941497,MTs,SWASTA,Kec. Mandalawangi,280115,Kab. Pandeglang,280100,Prov. Banten,280000,0,0,0,0,0,0,0,0,,
MTSS DARUL HUDA NEMBOL,69882364,MTs,SWASTA,Kec. Mandalawangi,280115,Kab. Pandeglang,280100,Prov. Banten,280000,0,0,0,0,0,0,0,0,,
MTSS DARUL HUDA PUSAT,20622597,MTs,SWASTA,Kec. Mandalawangi,280115,Kab. Pandeglang,280100,Prov. Banten,280000,0,0,0,0,0,0,0,0,,
MTSS IRHAMNA BIL-QUR`AN,70009217,MTs,SWASTA,Kec. Mandalawangi,280115,Kab. Pandeglang,280100,Prov. Banten,280000,0,0,0,0,0,0,0,0,,
MTSS TERPADU DARUL HUDA CIKONENG,20622596,MTs,SWASTA,Kec. Mandalawangi,280115,Kab. Pandeglang,280100,Prov. Banten,280000,0,0,0,0,0,0,0,0,,
MI PLUS AS-SYAHRONI,70028144,MI,SWASTA,Kec. Mandalawangi,280115,Kab. Pandeglang,280100,Prov. Banten,280000,0,0,0,0,0,0,0,0,,
MIN 2 PANDEGLANG,60721071,MI,NEGERI,Kec. Mandalawangi,280115,Kab. Pandeglang,280100,Prov. Banten,280000,0,0,0,0,0,0,0,0,,
MIS DARUL HUDA CIGOBANG,69819494,MI,SWASTA,Kec. Mandalawangi,280115,Kab. Pandeglang,280100,Prov. Banten,280000,0,0,0,0,0,0,0,0,,
MIS DARUL HUDA CIKONENG,60721078,MI,SWASTA,Kec. Mandalawangi,280115,Kab. Pandeglang,280100,Prov. Banten,280000,0,0,0,0,0,0,0,0,,
MIS DARUL HUDA CIPOROKOY,60721073,MI,SWASTA,Kec. Mandalawangi,280115,Kab. Pandeglang,280100,Prov. Banten,280000,0,0,0,0,0,0,0,0,,
MIS DARUL HUDA GIRIPAWANA,69819489,MI,SWASTA,Kec. Mandalawangi,280115,Kab. Pandeglang,280100,Prov. Banten,280000,0,0,0,0,0,0,0,0,,
MIS DARUL HUDA GUNUNGJALU,69827687,MI,SWASTA,Kec. Mandalawangi,280115,Kab. Pandeglang,280100,Prov. Banten,280000,0,0,0,0,0,0,0,0,,
MIS DARUL HUDA KADUJANGKUNG,60721074,MI,SWASTA,Kec. Mandalawangi,280115,Kab. Pandeglang,280100,Prov. Banten,280000,0,0,0,0,0,0,0,0,,
MIS DARUL HUDA KADUPANDAK,69827684,MI,SWASTA,Kec. Mandalawangi,280115,Kab. Pandeglang,280100,Prov. Banten,280000,0,0,0,0,0,0,0,0,,
MIS DARUL HUDA KAROYA,60721077,MI,SWASTA,Kec. Mandalawangi,280115,Kab. Pandeglang,280100,Prov. Banten,280000,0,0,0,0,0,0,0,0,,
MIS DARUL HUDA KURUNG KAMBING,60721075,MI,SWASTA,Kec. Mandalawangi,280115,Kab. Pandeglang,280100,Prov. Banten,280000,0,0,0,0,0,0,0,0,,
MIS DARUL HUDA NEMBOL,60721079,MI,SWASTA,Kec. Mandalawangi,280115,Kab. Pandeglang,280100,Prov. Banten,280000,0,0,0,0,0,0,0,0,,
MIS DARUL HUDA PANDAT,69881930,MI,SWASTA,Kec. Mandalawangi,280115,Kab. Pandeglang,280100,Prov. Banten,280000,0,0,0,0,0,0,0,0,,
MIS DARUL HUDA PASILIHAN,69819635,MI,SWASTA,Kec. Mandalawangi,280115,Kab. Pandeglang,280100,Prov. Banten,280000,0,0,0,0,0,0,0,0,,
MIS DARUL HUDA PASIRKAWENI,69827701,MI,SWASTA,Kec. Mandalawangi,280115,Kab. Pandeglang,280100,Prov. Banten,280000,0,0,0,0,0,0,0,0,,
MIS DARUL HUDA SADAHIANG,69947635,MI,SWASTA,Kec. Mandalawangi,280115,Kab. Pandeglang,280100,Prov. Banten,280000,0,0,0,0,0,0,0,0,,
MIS DARUL HUDA TURALAK,60721076,MI,SWASTA,Kec. Mandalawangi,280115,Kab. Pandeglang,280100,Prov. Banten,280000,0,0,0,0,0,0,0,0,,
MIS DARUL HUDA WARU,60721072,MI,SWASTA,Kec. Mandalawangi,280115,Kab. Pandeglang,280100,Prov. Banten,280000,0,0,0,0,0,0,0,0,,
RA AL-FADILAH,69977886,RA,SWASTA,Kec. Cikeusik,280104,Kab. Pandeglang,280100,Prov. Banten,280000,0,0,0,0,0,0,0,0,,
RA AL-IKHLAS CIKEUSIK,69993482,RA,SWASTA,Kec. Cikeusik,280104,Kab. Pandeglang,280100,Prov. Banten,280000,0,0,0,0,0,0,0,0,,
RA AL-KALLAM CIKARET,70042997,RA,SWASTA,Kec. Cikeusik,280104,Kab. Pandeglang,280100,Prov. Banten,280000,0,0,0,0,0,0,0,0,,
RA DARUL QUR`AN,69887696,RA,SWASTA,Kec. Cikeusik,280104,Kab. Pandeglang,280100,Prov. Banten,280000,0,0,0,0,0,0,0,0,,
MTS AL - IKHLAS AGRO,70024948,MTs,SWASTA,Kec. Cikeusik,280104,Kab. Pandeglang,280100,Prov. Banten,280000,0,0,0,0,0,0,0,0,,
MTS AL-KALLAM CIKARET PLUS,70046797,MTs,SWASTA,Kec. Cikeusik,280104,Kab. Pandeglang,280100,Prov. Banten,280000,0,0,0,0,0,0,0,0,,
MTSN 6 PANDEGLANG,20622579,MTs,NEGERI,Kec. Cikeusik,280104,Kab. Pandeglang,280100,Prov. Banten,280000,0,0,0,0,0,0,0,0,,
MTSS AL MU`MIN,69788420,MTs,SWASTA,Kec. Cikeusik,280104,Kab. Pandeglang,280100,Prov. Banten,280000,0,0,0,0,0,0,0,0,,
MTSS AN-NAHL,20622580,MTs,SWASTA,Kec. Cikeusik,280104,Kab. Pandeglang,280100,Prov. Banten,280000,0,0,0,0,0,0,0,0,,
MTSS BAITUL UMMAH LEUWIBALANG,69941494,MTs,SWASTA,Kec. Cikeusik,280104,Kab. Pandeglang,280100,Prov. Banten,280000,0,0,0,0,0,0,0,0,,
MTSS CIKADONGDONG,69895189,MTs,SWASTA,Kec. Cikeusik,280104,Kab. Pandeglang,280100,Prov. Banten,280000,0,0,0,0,0,0,0,0,,
MTSS MATHLAUL ANWAR HUNIBERA,20607615,MTs,SWASTA,Kec. Cikeusik,280104,Kab. Pandeglang,280100,Prov. Banten,280000,0,0,0,0,0,0,0,0,,
MTSS NURUL FALAH RANCASENENG,69788418,MTs,SWASTA,Kec. Cikeusik,280104,Kab. Pandeglang,280100,Prov. Banten,280000,0,0,0,0,0,0,0,0,,
MTSS NURUL HIKMAH KESUR,69883349,MTs,SWASTA,Kec. Cikeusik,280104,Kab. Pandeglang,280100,Prov. Banten,280000,0,0,0,0,0,0,0,0,,
MA AL IKHLAS AGRO,70059108,MA,SWASTA,Kec. Cikeusik,280104,Kab. Pandeglang,280100,Prov. Banten,280000,0,0,0,0,0,0,0,0,,
MAS AN-NAHL,69894898,MA,SWASTA,Kec. Cikeusik,280104,Kab. Pandeglang,280100,Prov. Banten,280000,0,0,0,0,0,0,0,0,,
MAS DAARUL HASAN,20622328,MA,SWASTA,Kec. Cikeusik,280104,Kab. Pandeglang,280100,Prov. Banten,280000,0,0,0,0,0,0,0,0,,
MAS MATHLA`UL ANWAR HUNIBERA,69788185,MA,SWASTA,Kec. Cikeusik,280104,Kab. Pandeglang,280100,Prov. Banten,280000,0,0,0,0,0,0,0,0,,
MIS AL IMAN,69819490,MI,SWASTA,Kec. Cikeusik,280104,Kab. Pandeglang,280100,Prov. Banten,280000,0,0,0,0,0,0,0,0,,
MIS AL-KALLAM CIKARET,69932024,MI,SWASTA,Kec. Cikeusik,280104,Kab. Pandeglang,280100,Prov. Banten,280000,0,0,0,0,0,0,0,0,,
MIS AN NAHL,69827704,MI,SWASTA,Kec. Cikeusik,280104,Kab. Pandeglang,280100,Prov. Banten,280000,0,0,0,0,0,0,0,0,,
MIS ATH THORIQIYAH CIKEUSIK,69819638,MI,SWASTA,Kec. Cikeusik,280104,Kab. Pandeglang,280100,Prov. Banten,280000,0,0,0,0,0,0,0,0,,
MIS CURUG CIUNG,60721051,MI,SWASTA,Kec. Cikeusik,280104,Kab. Pandeglang,280100,Prov. Banten,280000,0,0,0,0,0,0,0,0,,
MIS DARUL FALLAH,69827691,MI,SWASTA,Kec. Cikeusik,280104,Kab. Pandeglang,280100,Prov. Banten,280000,0,0,0,0,0,0,0,0,,
MIS DARUL QURAN,69819491,MI,SWASTA,Kec. Cikeusik,280104,Kab. Pandeglang,280100,Prov. Banten,280000,0,0,0,0,0,0,0,0,,
MIS MATHLAUL ANWAR UMBULAN,60721050,MI,SWASTA,Kec. Cikeusik,280104,Kab. Pandeglang,280100,Prov. Banten,280000,0,0,0,0,0,0,0,0,,
MIS NURUL ATHFAL,69819634,MI,SWASTA,Kec. Cikeusik,280104,Kab. Pandeglang,280100,Prov. Banten,280000,0,0,0,0,0,0,0,0,,
MAS DAAR EL ULUM,20600975,MA,SWASTA,Kec. Saketi,280110,Kab. Pandeglang,280100,Prov. Banten,280000,0,0,0,0,0,0,0,0,,
MAS DARUSSA`ADAH,20622350,MA,SWASTA,Kec. Saketi,280110,Kab. Pandeglang,280100,Prov. Banten,280000,0,0,0,0,0,0,0,0,,
MAS MATHLAUL ANWAR CIKALIUNG,20607968,MA,SWASTA,Kec. Saketi,280110,Kab. Pandeglang,280100,Prov. Banten,280000,0,0,0,0,0,0,0,0,,
MIS DAAR EL-ULUM,69881936,MI,SWASTA,Kec. Saketi,280110,Kab. Pandeglang,280100,Prov. Banten,280000,0,0,0,0,0,0,0,0,,
MIS MALNU KADUKAUNG,60721101,MI,SWASTA,Kec. Saketi,280110,Kab. Pandeglang,280100,Prov. Banten,280000,0,0,0,0,0,0,0,0,,
MIS MALNU TETEKOLE,60721100,MI,SWASTA,Kec. Saketi,280110,Kab. Pandeglang,280100,Prov. Banten,280000,0,0,0,0,0,0,0,0,,
MIS MATHLAUL ANWAR KADUPINANG,60721103,MI,SWASTA,Kec. Saketi,280110,Kab. Pandeglang,280100,Prov. Banten,280000,0,0,0,0,0,0,0,0,,
MIS MATHLAUL ANWAR LANGENSARI,60721102,MI,SWASTA,Kec. Saketi,280110,Kab. Pandeglang,280100,Prov. Banten,280000,0,0,0,0,0,0,0,0,,
MIS MATHLAUL ANWAR MAJAU,60721104,MI,SWASTA,Kec. Saketi,280110,Kab. Pandeglang,280100,Prov. Banten,280000,0,0,0,0,0,0,0,0,,
MIS MATHLAUL ANWAR PASAR SABUT,60721080,MI,SWASTA,Kec. Saketi,280110,Kab. Pandeglang,280100,Prov. Banten,280000,0,0,0,0,0,0,0,0,,
MTS ATH THOHARIYYAH,70060631,MTs,SWASTA,Kec. Saketi,280110,Kab. Pandeglang,280100,Prov. Banten,280000,0,0,0,0,0,0,0,0,,
MTSS DAAR EL ULUM,20600885,MTs,SWASTA,Kec. Saketi,280110,Kab. Pandeglang,280100,Prov. Banten,280000,0,0,0,0,0,0,0,0,,
MTSS DARUSSAADAH CIKADUEUN,69853267,MTs,SWASTA,Kec. Saketi,280110,Kab. Pandeglang,280100,Prov. Banten,280000,0,0,0,0,0,0,0,0,,
MTSS GUPPI SODONG,69788410,MTs,SWASTA,Kec. Saketi,280110,Kab. Pandeglang,280100,Prov. Banten,280000,0,0,0,0,0,0,0,0,,
MTSS MALNU KADUKAUNG,20600913,MTs,SWASTA,Kec. Saketi,280110,Kab. Pandeglang,280100,Prov. Banten,280000,0,0,0,0,0,0,0,0,,
MTSS MATHLAUL ANWAR CIKALIUNG,69853265,MTs,SWASTA,Kec. Saketi,280110,Kab. Pandeglang,280100,Prov. Banten,280000,0,0,0,0,0,0,0,0,,
MTSS MATHLAUL ANWAR LANGENSARI,20600853,MTs,SWASTA,Kec. Saketi,280110,Kab. Pandeglang,280100,Prov. Banten,280000,0,0,0,0,0,0,0,0,,
MTSS RINA HASANAH,20607620,MTs,SWASTA,Kec. Saketi,280110,Kab. Pandeglang,280100,Prov. Banten,280000,0,0,0,0,0,0,0,0,,
MTSS YPIH KEBONPINANG,69881707,MTs,SWASTA,Kec. Saketi,280110,Kab. Pandeglang,280100,Prov. Banten,280000,0,0,0,0,0,0,0,0,,
RA AL ANWARUSSA`ADAH,69887786,RA,SWASTA,Kec. Saketi,280110,Kab. Pandeglang,280100,Prov. Banten,280000,0,0,0,0,0,0,0,0,,
RA AL-FURQON,69887780,RA,SWASTA,Kec. Saketi,280110,Kab. Pandeglang,280100,Prov. Banten,280000,0,0,0,0,0,0,0,0,,
RA AL-HUDA MONGGOR,69887789,RA,SWASTA,Kec. Saketi,280110,Kab. Pandeglang,280100,Prov. Banten,280000,0,0,0,0,0,0,0,0,,
RA AL-IKHLAS SUKALANGU,70045443,RA,SWASTA,Kec. Saketi,280110,Kab. Pandeglang,280100,Prov. Banten,280000,0,0,0,0,0,0,0,0,,
RA AL-MUSTAQIM,69887790,RA,SWASTA,Kec. Saketi,280110,Kab. Pandeglang,280100,Prov. Banten,280000,0,0,0,0,0,0,0,0,,
RA ALQURAN AN-NUR,69887787,RA,SWASTA,Kec. Saketi,280110,Kab. Pandeglang,280100,Prov. Banten,280000,0,0,0,0,0,0,0,0,,
RA AN-NAWAWIYAH,69887785,RA,SWASTA,Kec. Saketi,280110,Kab. Pandeglang,280100,Prov. Banten,280000,0,0,0,0,0,0,0,0,,
RA ATH-THOHARIYYAH,69887784,RA,SWASTA,Kec. Saketi,280110,Kab. Pandeglang,280100,Prov. Banten,280000,0,0,0,0,0,0,0,0,,
RA BINA UMAT,69887783,RA,SWASTA,Kec. Saketi,280110,Kab. Pandeglang,280100,Prov. Banten,280000,0,0,0,0,0,0,0,0,,
RA DARUSSA`ADAH,69887779,RA,SWASTA,Kec. Saketi,280110,Kab. Pandeglang,280100,Prov. Banten,280000,0,0,0,0,0,0,0,0,,
RA HIDAYATUL JANNAH,69887792,RA,SWASTA,Kec. Saketi,280110,Kab. Pandeglang,280100,Prov. Banten,280000,0,0,0,0,0,0,0,0,,
RA MATHLA`UL ANWAR KADU PINANG,69887788,RA,SWASTA,Kec. Saketi,280110,Kab. Pandeglang,280100,Prov. Banten,280000,0,0,0,0,0,0,0,0,,
RA MIFTAHUL ULUM,69887782,RA,SWASTA,Kec. Saketi,280110,Kab. Pandeglang,280100,Prov. Banten,280000,0,0,0,0,0,0,0,0,,
RA MUSMA LANGENSARI,69885438,RA,SWASTA,Kec. Saketi,280110,Kab. Pandeglang,280100,Prov. Banten,280000,0,0,0,0,0,0,0,0,,
RA NURUL HIKMAH,69887781,RA,SWASTA,Kec. Saketi,280110,Kab. Pandeglang,280100,Prov. Banten,280000,0,0,0,0,0,0,0,0,,
MAS ANNIZHOMIYYAH,20622337,MA,SWASTA,Kec. Labuan,280112,Kab. Pandeglang,280100,Prov. Banten,280000,0,0,0,0,0,0,0,0,,
MAS DAAR UL AMIN,69827796,MA,SWASTA,Kec. Labuan,280112,Kab. Pandeglang,280100,Prov. Banten,280000,0,0,0,0,0,0,0,0,,
MAS MASYARIQUL ANWAR CARINGIN,20622336,MA,SWASTA,Kec. Labuan,280112,Kab. Pandeglang,280100,Prov. Banten,280000,0,0,0,0,0,0,0,0,,
MAS MATHLABUL FALAH,69883291,MA,SWASTA,Kec. Labuan,280112,Kab. Pandeglang,280100,Prov. Banten,280000,0,0,0,0,0,0,0,0,,
RA AL- BAYYINAH,69977895,RA,SWASTA,Kec. Labuan,280112,Kab. Pandeglang,280100,Prov. Banten,280000,0,0,0,0,0,0,0,0,,
RA ANNIZHOMIYYAH,69887721,RA,SWASTA,Kec. Labuan,280112,Kab. Pandeglang,280100,Prov. Banten,280000,0,0,0,0,0,0,0,0,,
RA DAAR UL-AMIN,69887722,RA,SWASTA,Kec. Labuan,280112,Kab. Pandeglang,280100,Prov. Banten,280000,0,0,0,0,0,0,0,0,,
MI AZ-ZAHRA CARINGIN,69977899,MI,SWASTA,Kec. Labuan,280112,Kab. Pandeglang,280100,Prov. Banten,280000,0,0,0,0,0,0,0,0,,
MIS ANNIZHOMIYYAH,60721066,MI,SWASTA,Kec. Labuan,280112,Kab. Pandeglang,280100,Prov. Banten,280000,0,0,0,0,0,0,0,0,,
MIS MATHLAUL ANWAR TELUK,60721067,MI,SWASTA,Kec. Labuan,280112,Kab. Pandeglang,280100,Prov. Banten,280000,0,0,0,0,0,0,0,0,,
MTS NURUL FATAH,70030386,MTs,SWASTA,Kec. Labuan,280112,Kab. Pandeglang,280100,Prov. Banten,280000,0,0,0,0,0,0,0,0,,
MTSN 2 PANDEGLANG,20622591,MTs,NEGERI,Kec. Labuan,280112,Kab. Pandeglang,280100,Prov. Banten,280000,0,0,0,0,0,0,0,0,,
MTSS ANNIZHOMIYYAH,20622592,MTs,SWASTA,Kec. Labuan,280112,Kab. Pandeglang,280100,Prov. Banten,280000,0,0,0,0,0,0,0,0,,
MTSS MASYARIQUL ANWAR CARINGIN,20622593,MTs,SWASTA,Kec. Labuan,280112,Kab. Pandeglang,280100,Prov. Banten,280000,0,0,0,0,0,0,0,0,,
MTSS MATHLABUL FALAH,20622594,MTs,SWASTA,Kec. Labuan,280112,Kab. Pandeglang,280100,Prov. Banten,280000,0,0,0,0,0,0,0,0,,
MA RIHABUL `ILMI,70030067,MA,SWASTA,Kec. Majasari,280139,Kab. Pandeglang,280100,Prov. Banten,280000,0,0,0,0,0,0,0,0,,
MAN 1 PANDEGLANG,20622338,MA,NEGERI,Kec. Majasari,280139,Kab. Pandeglang,280100,Prov. Banten,280000,0,0,0,0,0,0,0,0,,
MAS  DARUSSALAM,69881507,MA,SWASTA,Kec. Majasari,280139,Kab. Pandeglang,280100,Prov. Banten,280000,0,0,0,0,0,0,0,0,,
MAS  NURUL DZULLAM,69881499,MA,SWASTA,Kec. Majasari,280139,Kab. Pandeglang,280100,Prov. Banten,280000,0,0,0,0,0,0,0,0,,
MAS AL FALAH CIEKEK PANDEGLANG,20615186,MA,SWASTA,Kec. Majasari,280139,Kab. Pandeglang,280100,Prov. Banten,280000,0,0,0,0,0,0,0,0,,
MAS AL MIZAN,69788174,MA,SWASTA,Kec. Majasari,280139,Kab. Pandeglang,280100,Prov. Banten,280000,0,0,0,0,0,0,0,0,,
MAS MII AL-HIKMAH CIDANGIANG,20622339,MA,SWASTA,Kec. Majasari,280139,Kab. Pandeglang,280100,Prov. Banten,280000,0,0,0,0,0,0,0,0,,
MAS NURUL HIDAYAH,20600979,MA,SWASTA,Kec. Majasari,280139,Kab. Pandeglang,280100,Prov. Banten,280000,0,0,0,0,0,0,0,0,,
RA ADAWIYAH,69885427,RA,SWASTA,Kec. Majasari,280139,Kab. Pandeglang,280100,Prov. Banten,280000,0,0,0,0,0,0,0,0,,
RA ADZ-DZIKRI,69887724,RA,SWASTA,Kec. Majasari,280139,Kab. Pandeglang,280100,Prov. Banten,280000,0,0,0,0,0,0,0,0,,
RA AL DZIKRO PETIR,69887727,RA,SWASTA,Kec. Majasari,280139,Kab. Pandeglang,280100,Prov. Banten,280000,0,0,0,0,0,0,0,0,,
RA AL-AKBAR,69887723,RA,SWASTA,Kec. Majasari,280139,Kab. Pandeglang,280100,Prov. Banten,280000,0,0,0,0,0,0,0,0,,
RA AL-FALAH CIEKEK HILIR,69941190,RA,SWASTA,Kec. Majasari,280139,Kab. Pandeglang,280100,Prov. Banten,280000,0,0,0,0,0,0,0,0,,
RA AL-HUDA MAJA TAJUR,69887728,RA,SWASTA,Kec. Majasari,280139,Kab. Pandeglang,280100,Prov. Banten,280000,0,0,0,0,0,0,0,0,,
RA AL-MUFID,69977893,RA,SWASTA,Kec. Majasari,280139,Kab. Pandeglang,280100,Prov. Banten,280000,0,0,0,0,0,0,0,0,,
RA AL-MUHTADIN,69941189,RA,SWASTA,Kec. Majasari,280139,Kab. Pandeglang,280100,Prov. Banten,280000,0,0,0,0,0,0,0,0,,
RA ASSALAM MAJASARI,70014287,RA,SWASTA,Kec. Majasari,280139,Kab. Pandeglang,280100,Prov. Banten,280000,0,0,0,0,0,0,0,0,,
RA ASSUROYA,69887725,RA,SWASTA,Kec. Majasari,280139,Kab. Pandeglang,280100,Prov. Banten,280000,0,0,0,0,0,0,0,0,,
RA NURUL FALAH SUKARATU,69887726,RA,SWASTA,Kec. Majasari,280139,Kab. Pandeglang,280100,Prov. Banten,280000,0,0,0,0,0,0,0,0,,
RA NURUL HIDAYAH CILAJA,69885426,RA,SWASTA,Kec. Majasari,280139,Kab. Pandeglang,280100,Prov. Banten,280000,0,0,0,0,0,0,0,0,,
RA PERMATA HATI,69885428,RA,SWASTA,Kec. Majasari,280139,Kab. Pandeglang,280100,Prov. Banten,280000,0,0,0,0,0,0,0,0,,
MIS AL-IKHLAS PASEKON,60721070,MI,SWASTA,Kec. Majasari,280139,Kab. Pandeglang,280100,Prov. Banten,280000,0,0,0,0,0,0,0,0,,
MIS BANI ASNAWI AL - MUNAWAR,69881929,MI,SWASTA,Kec. Majasari,280139,Kab. Pandeglang,280100,Prov. Banten,280000,0,0,0,0,0,0,0,0,,
MIS BANI MUHAMMAD NAWAWI PASIRANGIN,69827759,MI,SWASTA,Kec. Majasari,280139,Kab. Pandeglang,280100,Prov. Banten,280000,0,0,0,0,0,0,0,0,,
MIS DARUL FALAH TALAGA,60721069,MI,SWASTA,Kec. Majasari,280139,Kab. Pandeglang,280100,Prov. Banten,280000,0,0,0,0,0,0,0,0,,
MIS NURUL HIDAYAH,60721068,MI,SWASTA,Kec. Majasari,280139,Kab. Pandeglang,280100,Prov. Banten,280000,0,0,0,0,0,0,0,0,,
MTSS AL IKHLAS PASEKON,20607967,MTs,SWASTA,Kec. Majasari,280139,Kab. Pandeglang,280100,Prov. Banten,280000,0,0,0,0,0,0,0,0,,
MTSS AL-FALAH CIEKEK,69881704,MTs,SWASTA,Kec. Majasari,280139,Kab. Pandeglang,280100,Prov. Banten,280000,0,0,0,0,0,0,0,0,,
MTSS BPPIP PASIRANGIN,69788311,MTs,SWASTA,Kec. Majasari,280139,Kab. Pandeglang,280100,Prov. Banten,280000,0,0,0,0,0,0,0,0,,
MTSS DARUSSALAM BEUNYING,69822435,MTs,SWASTA,Kec. Majasari,280139,Kab. Pandeglang,280100,Prov. Banten,280000,0,0,0,0,0,0,0,0,,
MTSS KUN KARIMA,69955986,MTs,SWASTA,Kec. Majasari,280139,Kab. Pandeglang,280100,Prov. Banten,280000,0,0,0,0,0,0,0,0,,
MTSS MII AL-HIKMAH CIDANGIANG,20622595,MTs,SWASTA,Kec. Majasari,280139,Kab. Pandeglang,280100,Prov. Banten,280000,0,0,0,0,0,0,0,0,,
MTSS NURUL HIDAYAH CILAJA,20600855,MTs,SWASTA,Kec. Majasari,280139,Kab. Pandeglang,280100,Prov. Banten,280000,0,0,0,0,0,0,0,0,,
MTSS RIHABUL ILMI,70006896,MTs,SWASTA,Kec. Majasari,280139,Kab. Pandeglang,280100,Prov. Banten,280000,0,0,0,0,0,0,0,0,,
MTSS ROUDHOTUL FALAKH,69895191,MTs,SWASTA,Kec. Majasari,280139,Kab. Pandeglang,280100,Prov. Banten,280000,0,0,0,0,0,0,0,0,,
MAS AL-FARABI,69955745,MA,SWASTA,Kec. Jiput,280113,Kab. Pandeglang,280100,Prov. Banten,280000,0,0,0,0,0,0,0,0,,
MAS DARUL IRFAN TENJOLAHANG,20622334,MA,SWASTA,Kec. Jiput,280113,Kab. Pandeglang,280100,Prov. Banten,280000,0,0,0,0,0,0,0,0,,
MAS MAMBA`USHOLIHIN,69788184,MA,SWASTA,Kec. Jiput,280113,Kab. Pandeglang,280100,Prov. Banten,280000,0,0,0,0,0,0,0,0,,
MAS MII PAMATANG SERANG,20622335,MA,SWASTA,Kec. Jiput,280113,Kab. Pandeglang,280100,Prov. Banten,280000,0,0,0,0,0,0,0,0,,
MAS NURUL ARIFIN,69883290,MA,SWASTA,Kec. Jiput,280113,Kab. Pandeglang,280100,Prov. Banten,280000,0,0,0,0,0,0,0,0,,
MIS MASYARIQUL ANWAR CIMANGGU,60721064,MI,SWASTA,Kec. Jiput,280113,Kab. Pandeglang,280100,Prov. Banten,280000,0,0,0,0,0,0,0,0,,
MIS MASYARIQUL ANWAR TENJOLAHANG,60721063,MI,SWASTA,Kec. Jiput,280113,Kab. Pandeglang,280100,Prov. Banten,280000,0,0,0,0,0,0,0,0,,
MIS MATHLAUL ANWAR JANAKA,60721061,MI,SWASTA,Kec. Jiput,280113,Kab. Pandeglang,280100,Prov. Banten,280000,0,0,0,0,0,0,0,0,,
MIS MATHLAUL ANWAR KADUTOLOK,60721062,MI,SWASTA,Kec. Jiput,280113,Kab. Pandeglang,280100,Prov. Banten,280000,0,0,0,0,0,0,0,0,,
MTS MASYARIQUL ANWAR BABADSARI,69983958,MTs,SWASTA,Kec. Jiput,280113,Kab. Pandeglang,280100,Prov. Banten,280000,0,0,0,0,0,0,0,0,,
MTSS ABDI BINA INSANI,20622572,MTs,SWASTA,Kec. Jiput,280113,Kab. Pandeglang,280100,Prov. Banten,280000,0,0,0,0,0,0,0,0,,
MTSS DARUL IRFAN TENJOLAHANG,20622582,MTs,SWASTA,Kec. Jiput,280113,Kab. Pandeglang,280100,Prov. Banten,280000,0,0,0,0,0,0,0,0,,
MTSS JARIAH AL ISLAMIYAH,69882361,MTs,SWASTA,Kec. Jiput,280113,Kab. Pandeglang,280100,Prov. Banten,280000,0,0,0,0,0,0,0,0,,
MTSS MA BOJONG SIKULAN,20600901,MTs,SWASTA,Kec. Jiput,280113,Kab. Pandeglang,280100,Prov. Banten,280000,0,0,0,0,0,0,0,0,,
MTSS MAMBAUSHOLIHIN,20622588,MTs,SWASTA,Kec. Jiput,280113,Kab. Pandeglang,280100,Prov. Banten,280000,0,0,0,0,0,0,0,0,,
MTSS MII PAMATANG SERANG,20622585,MTs,SWASTA,Kec. Jiput,280113,Kab. Pandeglang,280100,Prov. Banten,280000,0,0,0,0,0,0,0,0,,
MTSS MMA BANYURESMI,20622583,MTs,SWASTA,Kec. Jiput,280113,Kab. Pandeglang,280100,Prov. Banten,280000,0,0,0,0,0,0,0,0,,
MTSS MMA SUKACAI,20622586,MTs,SWASTA,Kec. Jiput,280113,Kab. Pandeglang,280100,Prov. Banten,280000,0,0,0,0,0,0,0,0,,
MTSS NURUL ARIFIN,20600838,MTs,SWASTA,Kec. Jiput,280113,Kab. Pandeglang,280100,Prov. Banten,280000,0,0,0,0,0,0,0,0,,
MTSS NURUL HIKMAH,20622587,MTs,SWASTA,Kec. Jiput,280113,Kab. Pandeglang,280100,Prov. Banten,280000,0,0,0,0,0,0,0,0,,
MTSS NURURROHMAN,20622589,MTs,SWASTA,Kec. Jiput,280113,Kab. Pandeglang,280100,Prov. Banten,280000,0,0,0,0,0,0,0,0,,
RA NUR-AFIAH JANAKA,70006813,RA,SWASTA,Kec. Jiput,280113,Kab. Pandeglang,280100,Prov. Banten,280000,0,0,0,0,0,0,0,0,,
RA NURUL HIKMAH,70025935,RA,SWASTA,Kec. Jiput,280113,Kab. Pandeglang,280100,Prov. Banten,280000,0,0,0,0,0,0,0,0,,
MI MIFTAHUNNAJAH,70060431,MI,SWASTA,Kec. Cimanggu,280102,Kab. Pandeglang,280100,Prov. Banten,280000,0,0,0,0,0,0,0,0,,
MIS AL HUDA RANCAPINANG,69819632,MI,SWASTA,Kec. Cimanggu,280102,Kab. Pandeglang,280100,Prov. Banten,280000,0,0,0,0,0,0,0,0,,
MIS AULADUL FAZRI,69881926,MI,SWASTA,Kec. Cimanggu,280102,Kab. Pandeglang,280100,Prov. Banten,280000,0,0,0,0,0,0,0,0,,
MIS BABUL ULUM,69881925,MI,SWASTA,Kec. Cimanggu,280102,Kab. Pandeglang,280100,Prov. Banten,280000,0,0,0,0,0,0,0,0,,
MIS BANI MUHAMMAD NAWAWI CIPANGERAN,69827761,MI,SWASTA,Kec. Cimanggu,280102,Kab. Pandeglang,280100,Prov. Banten,280000,0,0,0,0,0,0,0,0,,
MIS MATHLA`UL ANWAR CIAKAR,69827686,MI,SWASTA,Kec. Cimanggu,280102,Kab. Pandeglang,280100,Prov. Banten,280000,0,0,0,0,0,0,0,0,,
MIS MATHLAUL ANWAR CITANGKIL,69881924,MI,SWASTA,Kec. Cimanggu,280102,Kab. Pandeglang,280100,Prov. Banten,280000,0,0,0,0,0,0,0,0,,
MIS MIFTAHUL HUDA TAGELAN,69894706,MI,SWASTA,Kec. Cimanggu,280102,Kab. Pandeglang,280100,Prov. Banten,280000,0,0,0,0,0,0,0,0,,
RA HAYATI NUFUS,69898230,RA,SWASTA,Kec. Cimanggu,280102,Kab. Pandeglang,280100,Prov. Banten,280000,0,0,0,0,0,0,0,0,,
MTS BAITUL AZHAR,69993461,MTs,SWASTA,Kec. Cimanggu,280102,Kab. Pandeglang,280100,Prov. Banten,280000,0,0,0,0,0,0,0,0,,
MTS. AL-DZIKRI,69995676,MTs,SWASTA,Kec. Cimanggu,280102,Kab. Pandeglang,280100,Prov. Banten,280000,0,0,0,0,0,0,0,0,,
MTSS AL MUHIBBIIN CIMANGGU,69822445,MTs,SWASTA,Kec. Cimanggu,280102,Kab. Pandeglang,280100,Prov. Banten,280000,0,0,0,0,0,0,0,0,,
MTSS MIFTAHUL HUDA TAGELAN,69788422,MTs,SWASTA,Kec. Cimanggu,280102,Kab. Pandeglang,280100,Prov. Banten,280000,0,0,0,0,0,0,0,0,,
MTSS NURUL HIDAYAH CIBADAK,20600856,MTs,SWASTA,Kec. Cimanggu,280102,Kab. Pandeglang,280100,Prov. Banten,280000,0,0,0,0,0,0,0,0,,
MA INSAN CAHAYA UNGGUL,70060596,MA,SWASTA,Kec. Cimanggu,280102,Kab. Pandeglang,280100,Prov. Banten,280000,0,0,0,0,0,0,0,0,,
MAS NURUL HIDAYAH CIBADAK,20622329,MA,SWASTA,Kec. Cimanggu,280102,Kab. Pandeglang,280100,Prov. Banten,280000,0,0,0,0,0,0,0,0,,
MTS AL PATAH KALICA`AH,70028786,MTs,SWASTA,Kec. Panimbang,280106,Kab. Pandeglang,280100,Prov. Banten,280000,0,0,0,0,0,0,0,0,,
MTSS AL JAMI ATUSYSYUBBAN,69883351,MTs,SWASTA,Kec. Panimbang,280106,Kab. Pandeglang,280100,Prov. Banten,280000,0,0,0,0,0,0,0,0,,
MTSS AS SYIFA CIKADU INDAH,20600779,MTs,SWASTA,Kec. Panimbang,280106,Kab. Pandeglang,280100,Prov. Banten,280000,0,0,0,0,0,0,0,0,,
MTSS DARUL BAYAN PANIMBANG,20600883,MTs,SWASTA,Kec. Panimbang,280106,Kab. Pandeglang,280100,Prov. Banten,280000,0,0,0,0,0,0,0,0,,
MTSS MU`AWANAH,69822447,MTs,SWASTA,Kec. Panimbang,280106,Kab. Pandeglang,280100,Prov. Banten,280000,0,0,0,0,0,0,0,0,,
MTSS NURUL HIDAYAH SUGAL,20612312,MTs,SWASTA,Kec. Panimbang,280106,Kab. Pandeglang,280100,Prov. Banten,280000,0,0,0,0,0,0,0,0,,
MTSS RAUDHOTUL IMAN,69822444,MTs,SWASTA,Kec. Panimbang,280106,Kab. Pandeglang,280100,Prov. Banten,280000,0,0,0,0,0,0,0,0,,
MTSS SALAFIYAH DARUL BAYAN GEMBONG,20600869,MTs,SWASTA,Kec. Panimbang,280106,Kab. Pandeglang,280100,Prov. Banten,280000,0,0,0,0,0,0,0,0,,
MTSS SULAMUL FALAH,69883352,MTs,SWASTA,Kec. Panimbang,280106,Kab. Pandeglang,280100,Prov. Banten,280000,0,0,0,0,0,0,0,0,,
RA AL-AZHAR,69887769,RA,SWASTA,Kec. Panimbang,280106,Kab. Pandeglang,280100,Prov. Banten,280000,0,0,0,0,0,0,0,0,,
RA BABUSSALAM,69887765,RA,SWASTA,Kec. Panimbang,280106,Kab. Pandeglang,280100,Prov. Banten,280000,0,0,0,0,0,0,0,0,,
RA BANI ROSYIDIN,69887770,RA,SWASTA,Kec. Panimbang,280106,Kab. Pandeglang,280100,Prov. Banten,280000,0,0,0,0,0,0,0,0,,
RA BIDAYATUL HIDAYAH,69887764,RA,SWASTA,Kec. Panimbang,280106,Kab. Pandeglang,280100,Prov. Banten,280000,0,0,0,0,0,0,0,0,,
RA BINA IHSANI MUNCANG,69898233,RA,SWASTA,Kec. Panimbang,280106,Kab. Pandeglang,280100,Prov. Banten,280000,0,0,0,0,0,0,0,0,,
RA DURROTUL AMINAH,69887766,RA,SWASTA,Kec. Panimbang,280106,Kab. Pandeglang,280100,Prov. Banten,280000,0,0,0,0,0,0,0,0,,
RA KHOIRUL INSAN,69887768,RA,SWASTA,Kec. Panimbang,280106,Kab. Pandeglang,280100,Prov. Banten,280000,0,0,0,0,0,0,0,0,,
RA MATHLA`UL ANWAR KEBONJAMUD,70030385,RA,SWASTA,Kec. Panimbang,280106,Kab. Pandeglang,280100,Prov. Banten,280000,0,0,0,0,0,0,0,0,,
RA SULAMUL FALAH,69887767,RA,SWASTA,Kec. Panimbang,280106,Kab. Pandeglang,280100,Prov. Banten,280000,0,0,0,0,0,0,0,0,,
RA WARDATUL ULA,70013844,RA,SWASTA,Kec. Panimbang,280106,Kab. Pandeglang,280100,Prov. Banten,280000,0,0,0,0,0,0,0,0,,
MI KHOIRUL INSAN,70060892,MI,SWASTA,Kec. Panimbang,280106,Kab. Pandeglang,280100,Prov. Banten,280000,0,0,0,0,0,0,0,0,,
MIS AL JAMIATUSYSYUBBAN SEUTI,69827682,MI,SWASTA,Kec. Panimbang,280106,Kab. Pandeglang,280100,Prov. Banten,280000,0,0,0,0,0,0,0,0,,
MIS BINA IHSANI BOJONG KACANG,69827689,MI,SWASTA,Kec. Panimbang,280106,Kab. Pandeglang,280100,Prov. Banten,280000,0,0,0,0,0,0,0,0,,
MIS BINA IHSANI KAMANCING,69881934,MI,SWASTA,Kec. Panimbang,280106,Kab. Pandeglang,280100,Prov. Banten,280000,0,0,0,0,0,0,0,0,,
MIS DARUL HUDA CANGKUDU,69827699,MI,SWASTA,Kec. Panimbang,280106,Kab. Pandeglang,280100,Prov. Banten,280000,0,0,0,0,0,0,0,0,,
MIS HIKMATUL HASANAH KEUSIK,69827706,MI,SWASTA,Kec. Panimbang,280106,Kab. Pandeglang,280100,Prov. Banten,280000,0,0,0,0,0,0,0,0,,
MIS MUAWANAH,69881932,MI,SWASTA,Kec. Panimbang,280106,Kab. Pandeglang,280100,Prov. Banten,280000,0,0,0,0,0,0,0,0,,
MIS MUZDALIFAH,69956237,MI,SWASTA,Kec. Panimbang,280106,Kab. Pandeglang,280100,Prov. Banten,280000,0,0,0,0,0,0,0,0,,
MIS NURUL HIDAYAH SUGAL,69827688,MI,SWASTA,Kec. Panimbang,280106,Kab. Pandeglang,280100,Prov. Banten,280000,0,0,0,0,0,0,0,0,,
MIS RAUDHATUL JANNAH,69881933,MI,SWASTA,Kec. Panimbang,280106,Kab. Pandeglang,280100,Prov. Banten,280000,0,0,0,0,0,0,0,0,,
MIS RAUDLATUL IMAN,69827702,MI,SWASTA,Kec. Panimbang,280106,Kab. Pandeglang,280100,Prov. Banten,280000,0,0,0,0,0,0,0,0,,
MIS SULAMUL FALAH,60721090,MI,SWASTA,Kec. Panimbang,280106,Kab. Pandeglang,280100,Prov. Banten,280000,0,0,0,0,0,0,0,0,,
MAN 3 PANDEGLANG,20622348,MA,NEGERI,Kec. Panimbang,280106,Kab. Pandeglang,280100,Prov. Banten,280000,0,0,0,0,0,0,0,0,,
MAS  SULAMUL FALAH,69881506,MA,SWASTA,Kec. Panimbang,280106,Kab. Pandeglang,280100,Prov. Banten,280000,0,0,0,0,0,0,0,0,,
MAS AL-JAMIATUSYSYUBBAN,20622349,MA,SWASTA,Kec. Panimbang,280106,Kab. Pandeglang,280100,Prov. Banten,280000,0,0,0,0,0,0,0,0,,
MAS RAUDLATUL IMAN,20611124,MA,SWASTA,Kec. Panimbang,280106,Kab. Pandeglang,280100,Prov. Banten,280000,0,0,0,0,0,0,0,0,,
RA AL-AZHAR,69977897,RA,SWASTA,Kec. Pagelaran,280111,Kab. Pandeglang,280100,Prov. Banten,280000,0,0,0,0,0,0,0,0,,
RA AL-DZAKA LAMANI,69993433,RA,SWASTA,Kec. Pagelaran,280111,Kab. Pandeglang,280100,Prov. Banten,280000,0,0,0,0,0,0,0,0,,
RA AL-IKHLAS,69977891,RA,SWASTA,Kec. Pagelaran,280111,Kab. Pandeglang,280100,Prov. Banten,280000,0,0,0,0,0,0,0,0,,
RA AL-THAFUNNISA,69887756,RA,SWASTA,Kec. Pagelaran,280111,Kab. Pandeglang,280100,Prov. Banten,280000,0,0,0,0,0,0,0,0,,
RA DARUSSA`ADAH 3,69887758,RA,SWASTA,Kec. Pagelaran,280111,Kab. Pandeglang,280100,Prov. Banten,280000,0,0,0,0,0,0,0,0,,
RA TANWIRUL QULUB,69887755,RA,SWASTA,Kec. Pagelaran,280111,Kab. Pandeglang,280100,Prov. Banten,280000,0,0,0,0,0,0,0,0,,
RA THORIQUL AULAD,69887757,RA,SWASTA,Kec. Pagelaran,280111,Kab. Pandeglang,280100,Prov. Banten,280000,0,0,0,0,0,0,0,0,,
MTS AFWAJA,70040349,MTs,SWASTA,Kec. Pagelaran,280111,Kab. Pandeglang,280100,Prov. Banten,280000,0,0,0,0,0,0,0,0,,
MTSS ABDI UMAT,69941496,MTs,SWASTA,Kec. Pagelaran,280111,Kab. Pandeglang,280100,Prov. Banten,280000,0,0,0,0,0,0,0,0,,
MTSS MALNU KUBANG,20622610,MTs,SWASTA,Kec. Pagelaran,280111,Kab. Pandeglang,280100,Prov. Banten,280000,0,0,0,0,0,0,0,0,,
MTSS MIFTAHUL FALAH,69822478,MTs,SWASTA,Kec. Pagelaran,280111,Kab. Pandeglang,280100,Prov. Banten,280000,0,0,0,0,0,0,0,0,,
MTSS RIYADHUL ATHFAL PAGELARAN,69822439,MTs,SWASTA,Kec. Pagelaran,280111,Kab. Pandeglang,280100,Prov. Banten,280000,0,0,0,0,0,0,0,0,,
MTSS TANWIRUL QULUB,20622609,MTs,SWASTA,Kec. Pagelaran,280111,Kab. Pandeglang,280100,Prov. Banten,280000,0,0,0,0,0,0,0,0,,
MTSS ZAINABIYAH,20622611,MTs,SWASTA,Kec. Pagelaran,280111,Kab. Pandeglang,280100,Prov. Banten,280000,0,0,0,0,0,0,0,0,,
MA GLOBAL AL-JABBAR,70030373,MA,SWASTA,Kec. Pagelaran,280111,Kab. Pandeglang,280100,Prov. Banten,280000,0,0,0,0,0,0,0,0,,
MAS ZAINABIYAH,20622346,MA,SWASTA,Kec. Pagelaran,280111,Kab. Pandeglang,280100,Prov. Banten,280000,0,0,0,0,0,0,0,0,,
MI DARUL AMANAH CIUPAS,70058738,MI,SWASTA,Kec. Pagelaran,280111,Kab. Pandeglang,280100,Prov. Banten,280000,0,0,0,0,0,0,0,0,,
MIS MASYARIQUL ANWAR CIUPAS,60721087,MI,SWASTA,Kec. Pagelaran,280111,Kab. Pandeglang,280100,Prov. Banten,280000,0,0,0,0,0,0,0,0,,
MIS AL ISLAH LAKSANA,69827811,MI,SWASTA,Kec. Pandeglang,280118,Kab. Pandeglang,280100,Prov. Banten,280000,0,0,0,0,0,0,0,0,,
MIS AL-ITTIHAD CIJERUK,60721088,MI,SWASTA,Kec. Pandeglang,280118,Kab. Pandeglang,280100,Prov. Banten,280000,0,0,0,0,0,0,0,0,,
MIS TURUS,60721089,MI,SWASTA,Kec. Pandeglang,280118,Kab. Pandeglang,280100,Prov. Banten,280000,0,0,0,0,0,0,0,0,,
RA AL HALIM,69958170,RA,SWASTA,Kec. Pandeglang,280118,Kab. Pandeglang,280100,Prov. Banten,280000,0,0,0,0,0,0,0,0,,
RA AL UMI UNAISYAH,69887759,RA,SWASTA,Kec. Pandeglang,280118,Kab. Pandeglang,280100,Prov. Banten,280000,0,0,0,0,0,0,0,0,,
RA AL-HUDA KADUBANEN,69887763,RA,SWASTA,Kec. Pandeglang,280118,Kab. Pandeglang,280100,Prov. Banten,280000,0,0,0,0,0,0,0,0,,
RA AL-IKHLAS PASIRKUNTUL,69885430,RA,SWASTA,Kec. Pandeglang,280118,Kab. Pandeglang,280100,Prov. Banten,280000,0,0,0,0,0,0,0,0,,
RA AL-WARDAH,69885429,RA,SWASTA,Kec. Pandeglang,280118,Kab. Pandeglang,280100,Prov. Banten,280000,0,0,0,0,0,0,0,0,,
RA AR-RISALAH,69887761,RA,SWASTA,Kec. Pandeglang,280118,Kab. Pandeglang,280100,Prov. Banten,280000,0,0,0,0,0,0,0,0,,
RA AT-TAQWA,69885432,RA,SWASTA,Kec. Pandeglang,280118,Kab. Pandeglang,280100,Prov. Banten,280000,0,0,0,0,0,0,0,0,,
RA MADANI,69885431,RA,SWASTA,Kec. Pandeglang,280118,Kab. Pandeglang,280100,Prov. Banten,280000,0,0,0,0,0,0,0,0,,
RA MIFTAHUL HUDA,69887760,RA,SWASTA,Kec. Pandeglang,280118,Kab. Pandeglang,280100,Prov. Banten,280000,0,0,0,0,0,0,0,0,,
RA SIROJUSHIBYAN,69898232,RA,SWASTA,Kec. Pandeglang,280118,Kab. Pandeglang,280100,Prov. Banten,280000,0,0,0,0,0,0,0,0,,
RA TUNAS ISLAM MADANI,69887762,RA,SWASTA,Kec. Pandeglang,280118,Kab. Pandeglang,280100,Prov. Banten,280000,0,0,0,0,0,0,0,0,,
MAS AL ISHLAH LAKSANA,69883292,MA,SWASTA,Kec. Pandeglang,280118,Kab. Pandeglang,280100,Prov. Banten,280000,0,0,0,0,0,0,0,0,,
MAS AL-IHSAN PANDEGLANG,20622347,MA,SWASTA,Kec. Pandeglang,280118,Kab. Pandeglang,280100,Prov. Banten,280000,0,0,0,0,0,0,0,0,,
MAS AR-ROHMAN PANDEGLANG,20600959,MA,SWASTA,Kec. Pandeglang,280118,Kab. Pandeglang,280100,Prov. Banten,280000,0,0,0,0,0,0,0,0,,
MAS MURSYIDATUL JANNAH,20618980,MA,SWASTA,Kec. Pandeglang,280118,Kab. Pandeglang,280100,Prov. Banten,280000,0,0,0,0,0,0,0,0,,
MAS TURUS,20600957,MA,SWASTA,Kec. Pandeglang,280118,Kab. Pandeglang,280100,Prov. Banten,280000,0,0,0,0,0,0,0,0,,
MTSS AL ISHLAH LAKSANA,20600786,MTs,SWASTA,Kec. Pandeglang,280118,Kab. Pandeglang,280100,Prov. Banten,280000,0,0,0,0,0,0,0,0,,
MTSS AL-IHSAN,20600780,MTs,SWASTA,Kec. Pandeglang,280118,Kab. Pandeglang,280100,Prov. Banten,280000,0,0,0,0,0,0,0,0,,
MTSS ARROHMAN,20600895,MTs,SWASTA,Kec. Pandeglang,280118,Kab. Pandeglang,280100,Prov. Banten,280000,0,0,0,0,0,0,0,0,,
MTSS CIKONDANG PANDEGLANG,20600886,MTs,SWASTA,Kec. Pandeglang,280118,Kab. Pandeglang,280100,Prov. Banten,280000,0,0,0,0,0,0,0,0,,
MTSS DARUL HIKAM,69853270,MTs,SWASTA,Kec. Pandeglang,280118,Kab. Pandeglang,280100,Prov. Banten,280000,0,0,0,0,0,0,0,0,,
MTSS MATHLAUL ANWAR BAKUNG,69881706,MTs,SWASTA,Kec. Pandeglang,280118,Kab. Pandeglang,280100,Prov. Banten,280000,0,0,0,0,0,0,0,0,,
MTSS MURSYIDATUL JANNAH,20622612,MTs,SWASTA,Kec. Pandeglang,280118,Kab. Pandeglang,280100,Prov. Banten,280000,0,0,0,0,0,0,0,0,,
MTSS TURUS,69822450,MTs,SWASTA,Kec. Pandeglang,280118,Kab. Pandeglang,280100,Prov. Banten,280000,0,0,0,0,0,0,0,0,,
MAS AS-SYAFA CIBUSUNG,70006629,MA,SWASTA,Kec. Cikedal,280123,Kab. Pandeglang,280100,Prov. Banten,280000,0,0,0,0,0,0,0,0,,
MTSN 5 PANDEGLANG,20622576,MTs,NEGERI,Kec. Cikedal,280123,Kab. Pandeglang,280100,Prov. Banten,280000,0,0,0,0,0,0,0,0,,
MTSS AS-SYAFA CIBUSUNG,20622577,MTs,SWASTA,Kec. Cikedal,280123,Kab. Pandeglang,280100,Prov. Banten,280000,0,0,0,0,0,0,0,0,,
MTSS FATHUL ADZMI,69983952,MTs,SWASTA,Kec. Cikedal,280123,Kab. Pandeglang,280100,Prov. Banten,280000,0,0,0,0,0,0,0,0,,
MTSS MALNU TEGALLEGA,20622578,MTs,SWASTA,Kec. Cikedal,280123,Kab. Pandeglang,280100,Prov. Banten,280000,0,0,0,0,0,0,0,0,,
MTSS NURUL ILMI BANGKUYUNG,69941500,MTs,SWASTA,Kec. Cikedal,280123,Kab. Pandeglang,280100,Prov. Banten,280000,0,0,0,0,0,0,0,0,,
MI ANNAHWA INSANI CENING,70026068,MI,SWASTA,Kec. Cikedal,280123,Kab. Pandeglang,280100,Prov. Banten,280000,0,0,0,0,0,0,0,0,,
MIS AL MUMINUN,69819640,MI,SWASTA,Kec. Cikedal,280123,Kab. Pandeglang,280100,Prov. Banten,280000,0,0,0,0,0,0,0,0,,
MIS ANWARUL HIDAYAH CIBUSUNG,60721044,MI,SWASTA,Kec. Cikedal,280123,Kab. Pandeglang,280100,Prov. Banten,280000,0,0,0,0,0,0,0,0,,
MIS MALNU BANGKO,60721049,MI,SWASTA,Kec. Cikedal,280123,Kab. Pandeglang,280100,Prov. Banten,280000,0,0,0,0,0,0,0,0,,
MIS MALNU LAMELUHUR,60721045,MI,SWASTA,Kec. Cikedal,280123,Kab. Pandeglang,280100,Prov. Banten,280000,0,0,0,0,0,0,0,0,,
MIS MATHLAUL ANWAR CIKIRAY,60721046,MI,SWASTA,Kec. Cikedal,280123,Kab. Pandeglang,280100,Prov. Banten,280000,0,0,0,0,0,0,0,0,,
MIS MATHLAUL ANWAR TEGAL,60721048,MI,SWASTA,Kec. Cikedal,280123,Kab. Pandeglang,280100,Prov. Banten,280000,0,0,0,0,0,0,0,0,,
MIS QOTHROTUL HIDAYAH,60721047,MI,SWASTA,Kec. Cikedal,280123,Kab. Pandeglang,280100,Prov. Banten,280000,0,0,0,0,0,0,0,0,,
RA AL-BAROKAH,69885399,RA,SWASTA,Kec. Cikedal,280123,Kab. Pandeglang,280100,Prov. Banten,280000,0,0,0,0,0,0,0,0,,
RA AL-HUSAINI,69958172,RA,SWASTA,Kec. Cikedal,280123,Kab. Pandeglang,280100,Prov. Banten,280000,0,0,0,0,0,0,0,0,,
RA AL-IKHLAS,69885414,RA,SWASTA,Kec. Cikedal,280123,Kab. Pandeglang,280100,Prov. Banten,280000,0,0,0,0,0,0,0,0,,
RA AL-MUAWANAH,69885394,RA,SWASTA,Kec. Cikedal,280123,Kab. Pandeglang,280100,Prov. Banten,280000,0,0,0,0,0,0,0,0,,
RA DARUL HIKMAH,69885418,RA,SWASTA,Kec. Cikedal,280123,Kab. Pandeglang,280100,Prov. Banten,280000,0,0,0,0,0,0,0,0,,
RA FATHUL ADZMI,70006618,RA,SWASTA,Kec. Cikedal,280123,Kab. Pandeglang,280100,Prov. Banten,280000,0,0,0,0,0,0,0,0,,
RA LA TAFRIQ,69885395,RA,SWASTA,Kec. Cikedal,280123,Kab. Pandeglang,280100,Prov. Banten,280000,0,0,0,0,0,0,0,0,,
RA MUSMA CIKIRAY,69885393,RA,SWASTA,Kec. Cikedal,280123,Kab. Pandeglang,280100,Prov. Banten,280000,0,0,0,0,0,0,0,0,,
RA MUSMA CIPICUNG,69885398,RA,SWASTA,Kec. Cikedal,280123,Kab. Pandeglang,280100,Prov. Banten,280000,0,0,0,0,0,0,0,0,,
RA NURUL FALAH,69885396,RA,SWASTA,Kec. Cikedal,280123,Kab. Pandeglang,280100,Prov. Banten,280000,0,0,0,0,0,0,0,0,,
RA NURUL FIKRI,69885397,RA,SWASTA,Kec. Cikedal,280123,Kab. Pandeglang,280100,Prov. Banten,280000,0,0,0,0,0,0,0,0,,
RA QOTHROTUL HIDAYAH,69885400,RA,SWASTA,Kec. Cikedal,280123,Kab. Pandeglang,280100,Prov. Banten,280000,0,0,0,0,0,0,0,0,,
MAN 2 PANDEGLANG,20622330,MA,NEGERI,Kec. Cimanuk,280116,Kab. Pandeglang,280100,Prov. Banten,280000,0,0,0,0,0,0,0,0,,
MAS  MATHLA`UL HUDA,69881501,MA,SWASTA,Kec. Cimanuk,280116,Kab. Pandeglang,280100,Prov. Banten,280000,0,0,0,0,0,0,0,0,,
MAS IBAD AR RAHMAN,69955747,MA,SWASTA,Kec. Cimanuk,280116,Kab. Pandeglang,280100,Prov. Banten,280000,0,0,0,0,0,0,0,0,,
MAS PLUS TAAJUL ULUM,69883289,MA,SWASTA,Kec. Cimanuk,280116,Kab. Pandeglang,280100,Prov. Banten,280000,0,0,0,0,0,0,0,0,,
MAS SYEKH MANSHUR,20622331,MA,SWASTA,Kec. Cimanuk,280116,Kab. Pandeglang,280100,Prov. Banten,280000,0,0,0,0,0,0,0,0,,
RA AL-HIKMAH,69885404,RA,SWASTA,Kec. Cimanuk,280116,Kab. Pandeglang,280100,Prov. Banten,280000,0,0,0,0,0,0,0,0,,
RA AL-IKHSAN,69885406,RA,SWASTA,Kec. Cimanuk,280116,Kab. Pandeglang,280100,Prov. Banten,280000,0,0,0,0,0,0,0,0,,
RA AL-MU`MIN,69885409,RA,SWASTA,Kec. Cimanuk,280116,Kab. Pandeglang,280100,Prov. Banten,280000,0,0,0,0,0,0,0,0,,
RA AR-RUHAMA,69885408,RA,SWASTA,Kec. Cimanuk,280116,Kab. Pandeglang,280100,Prov. Banten,280000,0,0,0,0,0,0,0,0,,
RA BAABUSSALAM RAHAYU,69885405,RA,SWASTA,Kec. Cimanuk,280116,Kab. Pandeglang,280100,Prov. Banten,280000,0,0,0,0,0,0,0,0,,
RA DARUL IBTIDA,69885407,RA,SWASTA,Kec. Cimanuk,280116,Kab. Pandeglang,280100,Prov. Banten,280000,0,0,0,0,0,0,0,0,,
RA DARUSSAMAN,69993537,RA,SWASTA,Kec. Cimanuk,280116,Kab. Pandeglang,280100,Prov. Banten,280000,0,0,0,0,0,0,0,0,,
RA HIDAYATUL ULUM,69885402,RA,SWASTA,Kec. Cimanuk,280116,Kab. Pandeglang,280100,Prov. Banten,280000,0,0,0,0,0,0,0,0,,
RA RAUDHATUL JANNAH AL-MUSTOPA,69885401,RA,SWASTA,Kec. Cimanuk,280116,Kab. Pandeglang,280100,Prov. Banten,280000,0,0,0,0,0,0,0,0,,
RA RIYADLUL MUBTADIIN,69885410,RA,SWASTA,Kec. Cimanuk,280116,Kab. Pandeglang,280100,Prov. Banten,280000,0,0,0,0,0,0,0,0,,
RA SYEKH MANSUR,69885403,RA,SWASTA,Kec. Cimanuk,280116,Kab. Pandeglang,280100,Prov. Banten,280000,0,0,0,0,0,0,0,0,,
RA TSAMROTUSSA`ADAH,69887697,RA,SWASTA,Kec. Cimanuk,280116,Kab. Pandeglang,280100,Prov. Banten,280000,0,0,0,0,0,0,0,0,,
MTS DAAR RUHAMA,69977903,MTs,SWASTA,Kec. Cimanuk,280116,Kab. Pandeglang,280100,Prov. Banten,280000,0,0,0,0,0,0,0,0,,
MTS TAHFIDZ DR-NQ,69977902,MTs,SWASTA,Kec. Cimanuk,280116,Kab. Pandeglang,280100,Prov. Banten,280000,0,0,0,0,0,0,0,0,,
MTSS AL BARKAH,20600793,MTs,SWASTA,Kec. Cimanuk,280116,Kab. Pandeglang,280100,Prov. Banten,280000,0,0,0,0,0,0,0,0,,
MTSS AN NAHDLAH,69881702,MTs,SWASTA,Kec. Cimanuk,280116,Kab. Pandeglang,280100,Prov. Banten,280000,0,0,0,0,0,0,0,0,,
MTSS AT-TAUBAH,69955985,MTs,SWASTA,Kec. Cimanuk,280116,Kab. Pandeglang,280100,Prov. Banten,280000,0,0,0,0,0,0,0,0,,
MTSS DAAR EL MU`MIN,69788310,MTs,SWASTA,Kec. Cimanuk,280116,Kab. Pandeglang,280100,Prov. Banten,280000,0,0,0,0,0,0,0,0,,
MTSS IBAD AR RAHMAN,69853268,MTs,SWASTA,Kec. Cimanuk,280116,Kab. Pandeglang,280100,Prov. Banten,280000,0,0,0,0,0,0,0,0,,
MTSS MATHLAUL HUDA BENGKUNG,20600852,MTs,SWASTA,Kec. Cimanuk,280116,Kab. Pandeglang,280100,Prov. Banten,280000,0,0,0,0,0,0,0,0,,
MTSS MII SYEKH MANSHUR,20600866,MTs,SWASTA,Kec. Cimanuk,280116,Kab. Pandeglang,280100,Prov. Banten,280000,0,0,0,0,0,0,0,0,,
MTSS PEUNTAS,69788416,MTs,SWASTA,Kec. Cimanuk,280116,Kab. Pandeglang,280100,Prov. Banten,280000,0,0,0,0,0,0,0,0,,
MTSS SABILU EL MUHTADIN,69895190,MTs,SWASTA,Kec. Cimanuk,280116,Kab. Pandeglang,280100,Prov. Banten,280000,0,0,0,0,0,0,0,0,,
MIS AL AMINAH,70012099,MI,SWASTA,Kec. Cimanuk,280116,Kab. Pandeglang,280100,Prov. Banten,280000,0,0,0,0,0,0,0,0,,
MIS AL MU`MIN,69827700,MI,SWASTA,Kec. Cimanuk,280116,Kab. Pandeglang,280100,Prov. Banten,280000,0,0,0,0,0,0,0,0,,
MIS AL MUAWANAH,69819639,MI,SWASTA,Kec. Cimanuk,280116,Kab. Pandeglang,280100,Prov. Banten,280000,0,0,0,0,0,0,0,0,,
MIS AR RUHAMA,69854134,MI,SWASTA,Kec. Cimanuk,280116,Kab. Pandeglang,280100,Prov. Banten,280000,0,0,0,0,0,0,0,0,,
MIS DARUL HUDA LEUWIPAPAN,69827694,MI,SWASTA,Kec. Cimanuk,280116,Kab. Pandeglang,280100,Prov. Banten,280000,0,0,0,0,0,0,0,0,,
MIS NURUSSA`ADAH CIBULAKAN,69881927,MI,SWASTA,Kec. Cimanuk,280116,Kab. Pandeglang,280100,Prov. Banten,280000,0,0,0,0,0,0,0,0,,
MIS SYEKH MANSHUR,60721052,MI,SWASTA,Kec. Cimanuk,280116,Kab. Pandeglang,280100,Prov. Banten,280000,0,0,0,0,0,0,0,0,,
MIS TAAJUL ULUM,69827705,MI,SWASTA,Kec. Cimanuk,280116,Kab. Pandeglang,280100,Prov. Banten,280000,0,0,0,0,0,0,0,0,,
RA ATHFALUS SHOLIHIN,69885435,RA,SWASTA,Kec. Picung,280108,Kab. Pandeglang,280100,Prov. Banten,280000,0,0,0,0,0,0,0,0,,
RA ATHIA HASANAH,69885436,RA,SWASTA,Kec. Picung,280108,Kab. Pandeglang,280100,Prov. Banten,280000,0,0,0,0,0,0,0,0,,
RA BIRRUL WALIDAIN,69885433,RA,SWASTA,Kec. Picung,280108,Kab. Pandeglang,280100,Prov. Banten,280000,0,0,0,0,0,0,0,0,,
RA DAARUL UZMA,70042500,RA,SWASTA,Kec. Picung,280108,Kab. Pandeglang,280100,Prov. Banten,280000,0,0,0,0,0,0,0,0,,
RA MATHLA`UL ANWAR LEBAK BULUH,70028148,RA,SWASTA,Kec. Picung,280108,Kab. Pandeglang,280100,Prov. Banten,280000,0,0,0,0,0,0,0,0,,
RA NURKHOSIIN,69885434,RA,SWASTA,Kec. Picung,280108,Kab. Pandeglang,280100,Prov. Banten,280000,0,0,0,0,0,0,0,0,,
RA NURUSSALAM PASIRSEDANG,70027328,RA,SWASTA,Kec. Picung,280108,Kab. Pandeglang,280100,Prov. Banten,280000,0,0,0,0,0,0,0,0,,
MI NURUTTAQWA CUKANGKAUNG,69977901,MI,SWASTA,Kec. Picung,280108,Kab. Pandeglang,280100,Prov. Banten,280000,0,0,0,0,0,0,0,0,,
MIS AL BAROKAH PICUNG,69819493,MI,SWASTA,Kec. Picung,280108,Kab. Pandeglang,280100,Prov. Banten,280000,0,0,0,0,0,0,0,0,,
MIS MATHLAUL ANWAR GANGGAENG,60721096,MI,SWASTA,Kec. Picung,280108,Kab. Pandeglang,280100,Prov. Banten,280000,0,0,0,0,0,0,0,0,,
MIS MATHLAUL ANWAR LEBAK PASAURAN,60721093,MI,SWASTA,Kec. Picung,280108,Kab. Pandeglang,280100,Prov. Banten,280000,0,0,0,0,0,0,0,0,,
MIS MATHLAUL ANWAR NAMBO,60721094,MI,SWASTA,Kec. Picung,280108,Kab. Pandeglang,280100,Prov. Banten,280000,0,0,0,0,0,0,0,0,,
MIS MATHLAUL ANWAR PAMATANG,60721097,MI,SWASTA,Kec. Picung,280108,Kab. Pandeglang,280100,Prov. Banten,280000,0,0,0,0,0,0,0,0,,
MIS MATHLAUL ANWAR PASIR APUS,60721098,MI,SWASTA,Kec. Picung,280108,Kab. Pandeglang,280100,Prov. Banten,280000,0,0,0,0,0,0,0,0,,
MIS NURUL AMAL,60721095,MI,SWASTA,Kec. Picung,280108,Kab. Pandeglang,280100,Prov. Banten,280000,0,0,0,0,0,0,0,0,,
MIS NURUTTAQWA,69819637,MI,SWASTA,Kec. Picung,280108,Kab. Pandeglang,280100,Prov. Banten,280000,0,0,0,0,0,0,0,0,,
MTSS AN NAJIYAH PICUNG,69895193,MTs,SWASTA,Kec. Picung,280108,Kab. Pandeglang,280100,Prov. Banten,280000,0,0,0,0,0,0,0,0,,
MTSS LI ULIL ALBAB,20607616,MTs,SWASTA,Kec. Picung,280108,Kab. Pandeglang,280100,Prov. Banten,280000,0,0,0,0,0,0,0,0,,
MTSS MARDHATILLAH AL MUMTAZAH,69895192,MTs,SWASTA,Kec. Picung,280108,Kab. Pandeglang,280100,Prov. Banten,280000,0,0,0,0,0,0,0,0,,
MTSS MATHLAUL ANWAR CIBAGOLO,20600903,MTs,SWASTA,Kec. Picung,280108,Kab. Pandeglang,280100,Prov. Banten,280000,0,0,0,0,0,0,0,0,,
MTSS MATHLAUL ANWAR KOLELET,20607617,MTs,SWASTA,Kec. Picung,280108,Kab. Pandeglang,280100,Prov. Banten,280000,0,0,0,0,0,0,0,0,,
MTSS MATHLAUL ANWAR NAMBO,69883353,MTs,SWASTA,Kec. Picung,280108,Kab. Pandeglang,280100,Prov. Banten,280000,0,0,0,0,0,0,0,0,,
MTSS NURUL AMAL CIMOYAN,20600840,MTs,SWASTA,Kec. Picung,280108,Kab. Pandeglang,280100,Prov. Banten,280000,0,0,0,0,0,0,0,0,,
MA ANWARUL HIDAYAH PICUNG,69977906,MA,SWASTA,Kec. Picung,280108,Kab. Pandeglang,280100,Prov. Banten,280000,0,0,0,0,0,0,0,0,,
MAS LI ULIL ALBAB,69883293,MA,SWASTA,Kec. Picung,280108,Kab. Pandeglang,280100,Prov. Banten,280000,0,0,0,0,0,0,0,0,,
MA DAARURROHMAN RANCAJAYA,70060920,MA,SWASTA,Kec. Sukaresmi,280132,Kab. Pandeglang,280100,Prov. Banten,280000,0,0,0,0,0,0,0,0,,
MIS AL ISHLAH RANCAJAYA,69827697,MI,SWASTA,Kec. Sukaresmi,280132,Kab. Pandeglang,280100,Prov. Banten,280000,0,0,0,0,0,0,0,0,,
MIS ANWARUL HIDAYAH PAMATANG KANAS,69819631,MI,SWASTA,Kec. Sukaresmi,280132,Kab. Pandeglang,280100,Prov. Banten,280000,0,0,0,0,0,0,0,0,,
MIS AR - RAUDHOH,69881938,MI,SWASTA,Kec. Sukaresmi,280132,Kab. Pandeglang,280100,Prov. Banten,280000,0,0,0,0,0,0,0,0,,
MIS MATHLAUL ANWAR BAKUNG,60721113,MI,SWASTA,Kec. Sukaresmi,280132,Kab. Pandeglang,280100,Prov. Banten,280000,0,0,0,0,0,0,0,0,,
MTS DAARURROHMAN RANCAJAYA,69977904,MTs,SWASTA,Kec. Sukaresmi,280132,Kab. Pandeglang,280100,Prov. Banten,280000,0,0,0,0,0,0,0,0,,
MTSS AL-MUTTAQIN,20622624,MTs,SWASTA,Kec. Sukaresmi,280132,Kab. Pandeglang,280100,Prov. Banten,280000,0,0,0,0,0,0,0,0,,
MTSS MATHLA UL ANWAR PERDANA,69883355,MTs,SWASTA,Kec. Sukaresmi,280132,Kab. Pandeglang,280100,Prov. Banten,280000,0,0,0,0,0,0,0,0,,
RA AL-HIKMAH,69887798,RA,SWASTA,Kec. Sukaresmi,280132,Kab. Pandeglang,280100,Prov. Banten,280000,0,0,0,0,0,0,0,0,,
RA AL-ISHLAH,69887797,RA,SWASTA,Kec. Sukaresmi,280132,Kab. Pandeglang,280100,Prov. Banten,280000,0,0,0,0,0,0,0,0,,
MIS AL-MUKHLISIN,69941367,MI,SWASTA,Kec. Kaduhejo,280122,Kab. Pandeglang,280100,Prov. Banten,280000,0,0,0,0,0,0,0,0,,
MTSN 1 PANDEGLANG,69788409,MTs,NEGERI,Kec. Kaduhejo,280122,Kab. Pandeglang,280100,Prov. Banten,280000,0,0,0,0,0,0,0,0,,
MTSS AL-MANSHUR SUKAMANAH,69882362,MTs,SWASTA,Kec. Kaduhejo,280122,Kab. Pandeglang,280100,Prov. Banten,280000,0,0,0,0,0,0,0,0,,
MTSS AN-NURIYAH,69941501,MTs,SWASTA,Kec. Kaduhejo,280122,Kab. Pandeglang,280100,Prov. Banten,280000,0,0,0,0,0,0,0,0,,
MTSS FA BANI HAMIM,69816304,MTs,SWASTA,Kec. Kaduhejo,280122,Kab. Pandeglang,280100,Prov. Banten,280000,0,0,0,0,0,0,0,0,,
MTSS NURUL DZULLAM,69822479,MTs,SWASTA,Kec. Kaduhejo,280122,Kab. Pandeglang,280100,Prov. Banten,280000,0,0,0,0,0,0,0,0,,
RA AL DZIKRO SUKAMANAH,69887704,RA,SWASTA,Kec. Kaduhejo,280122,Kab. Pandeglang,280100,Prov. Banten,280000,0,0,0,0,0,0,0,0,,
RA AL-HUSNI,69994674,RA,SWASTA,Kec. Kaduhejo,280122,Kab. Pandeglang,280100,Prov. Banten,280000,0,0,0,0,0,0,0,0,,
RA AL-MANSHUR,69887705,RA,SWASTA,Kec. Kaduhejo,280122,Kab. Pandeglang,280100,Prov. Banten,280000,0,0,0,0,0,0,0,0,,
RA AL-MUKHLISIN,69887701,RA,SWASTA,Kec. Kaduhejo,280122,Kab. Pandeglang,280100,Prov. Banten,280000,0,0,0,0,0,0,0,0,,
RA AL-MUQORROBIN,69887702,RA,SWASTA,Kec. Kaduhejo,280122,Kab. Pandeglang,280100,Prov. Banten,280000,0,0,0,0,0,0,0,0,,
RA AN-NIZHOM,69887710,RA,SWASTA,Kec. Kaduhejo,280122,Kab. Pandeglang,280100,Prov. Banten,280000,0,0,0,0,0,0,0,0,,
RA AN-NUR CIBEUNYING,69887712,RA,SWASTA,Kec. Kaduhejo,280122,Kab. Pandeglang,280100,Prov. Banten,280000,0,0,0,0,0,0,0,0,,
RA AR-RAFI`AH,69887713,RA,SWASTA,Kec. Kaduhejo,280122,Kab. Pandeglang,280100,Prov. Banten,280000,0,0,0,0,0,0,0,0,,
RA AS-SALAMAH,69887711,RA,SWASTA,Kec. Kaduhejo,280122,Kab. Pandeglang,280100,Prov. Banten,280000,0,0,0,0,0,0,0,0,,
RA ASSYIFA,69887707,RA,SWASTA,Kec. Kaduhejo,280122,Kab. Pandeglang,280100,Prov. Banten,280000,0,0,0,0,0,0,0,0,,
RA AURA AL-HIDAYAH,69887703,RA,SWASTA,Kec. Kaduhejo,280122,Kab. Pandeglang,280100,Prov. Banten,280000,0,0,0,0,0,0,0,0,,
RA NAHDHOTUSHIBIYAN,69887706,RA,SWASTA,Kec. Kaduhejo,280122,Kab. Pandeglang,280100,Prov. Banten,280000,0,0,0,0,0,0,0,0,,
RA NURUL DZULAM,69898231,RA,SWASTA,Kec. Kaduhejo,280122,Kab. Pandeglang,280100,Prov. Banten,280000,0,0,0,0,0,0,0,0,,
RA NURUL FALAH,69887709,RA,SWASTA,Kec. Kaduhejo,280122,Kab. Pandeglang,280100,Prov. Banten,280000,0,0,0,0,0,0,0,0,,
RA NURUL HIDAYAH CAMPAKA,69887708,RA,SWASTA,Kec. Kaduhejo,280122,Kab. Pandeglang,280100,Prov. Banten,280000,0,0,0,0,0,0,0,0,,
MTSS AL- BADRIYAH,20622621,MTs,SWASTA,Kec. Pulosari,280135,Kab. Pandeglang,280100,Prov. Banten,280000,0,0,0,0,0,0,0,0,,
MTSS AL-MUMTAZ,20622623,MTs,SWASTA,Kec. Pulosari,280135,Kab. Pandeglang,280100,Prov. Banten,280000,0,0,0,0,0,0,0,0,,
MTSS SUKARAJA,20622622,MTs,SWASTA,Kec. Pulosari,280135,Kab. Pandeglang,280100,Prov. Banten,280000,0,0,0,0,0,0,0,0,,
MA PLUS QISTHOS,70060525,MA,SWASTA,Kec. Pulosari,280135,Kab. Pandeglang,280100,Prov. Banten,280000,0,0,0,0,0,0,0,0,,
MAS AL MUMTAZ,20616089,MA,SWASTA,Kec. Pulosari,280135,Kab. Pandeglang,280100,Prov. Banten,280000,0,0,0,0,0,0,0,0,,
MAS SUBIS PULOSARI,69955748,MA,SWASTA,Kec. Pulosari,280135,Kab. Pandeglang,280100,Prov. Banten,280000,0,0,0,0,0,0,0,0,,
RA AL-BADRIYAH,69887775,RA,SWASTA,Kec. Pulosari,280135,Kab. Pandeglang,280100,Prov. Banten,280000,0,0,0,0,0,0,0,0,,
RA AL-BAROKAH,69887774,RA,SWASTA,Kec. Pulosari,280135,Kab. Pandeglang,280100,Prov. Banten,280000,0,0,0,0,0,0,0,0,,
RA AL-RIZKI,69887700,RA,SWASTA,Kec. Pulosari,280135,Kab. Pandeglang,280100,Prov. Banten,280000,0,0,0,0,0,0,0,0,,
RA ARRUHANIYAH 2,69885437,RA,SWASTA,Kec. Pulosari,280135,Kab. Pandeglang,280100,Prov. Banten,280000,0,0,0,0,0,0,0,0,,
RA MIFTAHUL KHOIR,69887777,RA,SWASTA,Kec. Pulosari,280135,Kab. Pandeglang,280100,Prov. Banten,280000,0,0,0,0,0,0,0,0,,
RA MIFTAHUL MATIN,69887773,RA,SWASTA,Kec. Pulosari,280135,Kab. Pandeglang,280100,Prov. Banten,280000,0,0,0,0,0,0,0,0,,
RA RIYADUL AWAMIL,69887776,RA,SWASTA,Kec. Pulosari,280135,Kab. Pandeglang,280100,Prov. Banten,280000,0,0,0,0,0,0,0,0,,
RA TANWIRUL UMMAH,69887778,RA,SWASTA,Kec. Pulosari,280135,Kab. Pandeglang,280100,Prov. Banten,280000,0,0,0,0,0,0,0,0,,
MI AL-MUBAAROK,70014010,MI,SWASTA,Kec. Pulosari,280135,Kab. Pandeglang,280100,Prov. Banten,280000,0,0,0,0,0,0,0,0,,
MIS AL-MA ARIF,69881935,MI,SWASTA,Kec. Pulosari,280135,Kab. Pandeglang,280100,Prov. Banten,280000,0,0,0,0,0,0,0,0,,
MIS MATHLAUL ANWAR BOJONGHEJO,60721099,MI,SWASTA,Kec. Pulosari,280135,Kab. Pandeglang,280100,Prov. Banten,280000,0,0,0,0,0,0,0,0,,
RA AL-AMIN RIZKIYAH,69887795,RA,SWASTA,Kec. Sobang,280140,Kab. Pandeglang,280100,Prov. Banten,280000,0,0,0,0,0,0,0,0,,
RA AL-FALAH BOJEN,69887796,RA,SWASTA,Kec. Sobang,280140,Kab. Pandeglang,280100,Prov. Banten,280000,0,0,0,0,0,0,0,0,,
RA BAITURROHIM,69887794,RA,SWASTA,Kec. Sobang,280140,Kab. Pandeglang,280100,Prov. Banten,280000,0,0,0,0,0,0,0,0,,
RA MIFTAHUL HIDAYAH CIMANIS,69977888,RA,SWASTA,Kec. Sobang,280140,Kab. Pandeglang,280100,Prov. Banten,280000,0,0,0,0,0,0,0,0,,
RA NUR ISLAMI,70029391,RA,SWASTA,Kec. Sobang,280140,Kab. Pandeglang,280100,Prov. Banten,280000,0,0,0,0,0,0,0,0,,
MIS AL IKHLAS CALUNG,69819633,MI,SWASTA,Kec. Sobang,280140,Kab. Pandeglang,280100,Prov. Banten,280000,0,0,0,0,0,0,0,0,,
MIS BABUNNAJAH,69827693,MI,SWASTA,Kec. Sobang,280140,Kab. Pandeglang,280100,Prov. Banten,280000,0,0,0,0,0,0,0,0,,
MIS BAITURROHIM,69819492,MI,SWASTA,Kec. Sobang,280140,Kab. Pandeglang,280100,Prov. Banten,280000,0,0,0,0,0,0,0,0,,
MIS BINA IHSANI PASIR ANGIN,69827685,MI,SWASTA,Kec. Sobang,280140,Kab. Pandeglang,280100,Prov. Banten,280000,0,0,0,0,0,0,0,0,,
MIS HIDAYATUL MUBTADIIEN,69827696,MI,SWASTA,Kec. Sobang,280140,Kab. Pandeglang,280100,Prov. Banten,280000,0,0,0,0,0,0,0,0,,
MIS MATHLAUL ANWAR CILATAK,60721111,MI,SWASTA,Kec. Sobang,280140,Kab. Pandeglang,280100,Prov. Banten,280000,0,0,0,0,0,0,0,0,,
MIS MATHLAUL ANWAR PAMATANG NANGKA,60721112,MI,SWASTA,Kec. Sobang,280140,Kab. Pandeglang,280100,Prov. Banten,280000,0,0,0,0,0,0,0,0,,
MIS MATHLAUL ANWAR PANGKALAN,69881937,MI,SWASTA,Kec. Sobang,280140,Kab. Pandeglang,280100,Prov. Banten,280000,0,0,0,0,0,0,0,0,,
MIS RIYADLUT THOLIBIIN,69827760,MI,SWASTA,Kec. Sobang,280140,Kab. Pandeglang,280100,Prov. Banten,280000,0,0,0,0,0,0,0,0,,
MTSS AL-FALAH BOJEN,69883354,MTs,SWASTA,Kec. Sobang,280140,Kab. Pandeglang,280100,Prov. Banten,280000,0,0,0,0,0,0,0,0,,
MTSS BINA IHSANI,20616063,MTs,SWASTA,Kec. Sobang,280140,Kab. Pandeglang,280100,Prov. Banten,280000,0,0,0,0,0,0,0,0,,
MTSS HIDAYATUL MUBTADI-IEN,69788411,MTs,SWASTA,Kec. Sobang,280140,Kab. Pandeglang,280100,Prov. Banten,280000,0,0,0,0,0,0,0,0,,
MTSS MIFTAHUL HIDAYAH CIMANIS,69822443,MTs,SWASTA,Kec. Sobang,280140,Kab. Pandeglang,280100,Prov. Banten,280000,0,0,0,0,0,0,0,0,,
MTSS NURUL LAZIM,69941502,MTs,SWASTA,Kec. Sobang,280140,Kab. Pandeglang,280100,Prov. Banten,280000,0,0,0,0,0,0,0,0,,
MTSS SATU ATAP RIYADLUT THOLIBIN,69883461,MTs,SWASTA,Kec. Sobang,280140,Kab. Pandeglang,280100,Prov. Banten,280000,0,0,0,0,0,0,0,0,,
MAS BINA IHSANI PASIRANGIN,69788187,MA,SWASTA,Kec. Sobang,280140,Kab. Pandeglang,280100,Prov. Banten,280000,0,0,0,0,0,0,0,0,,
MAS HIDAYATUL MUBTADIIN,69815304,MA,SWASTA,Kec. Sobang,280140,Kab. Pandeglang,280100,Prov. Banten,280000,0,0,0,0,0,0,0,0,,
MAS  DARUL MUZARI IN AL-ISLAMIYAH,69881504,MA,SWASTA,Kec. Cigeulis,280105,Kab. Pandeglang,280100,Prov. Banten,280000,0,0,0,0,0,0,0,0,,
MAS ANWARUL ABIDIYAH,20611123,MA,SWASTA,Kec. Cigeulis,280105,Kab. Pandeglang,280100,Prov. Banten,280000,0,0,0,0,0,0,0,0,,
MAS NURUL FATA,70028437,MA,SWASTA,Kec. Cigeulis,280105,Kab. Pandeglang,280100,Prov. Banten,280000,0,0,0,0,0,0,0,0,,
MIN 3 PANDEGLANG,60721043,MI,NEGERI,Kec. Cigeulis,280105,Kab. Pandeglang,280100,Prov. Banten,280000,0,0,0,0,0,0,0,0,,
MIS AL HASANAH,69827758,MI,SWASTA,Kec. Cigeulis,280105,Kab. Pandeglang,280100,Prov. Banten,280000,0,0,0,0,0,0,0,0,,
MIS AL HIDAYAH BUNGUR GEDE,69827703,MI,SWASTA,Kec. Cigeulis,280105,Kab. Pandeglang,280100,Prov. Banten,280000,0,0,0,0,0,0,0,0,,
MIS AL-KHOERIYYAH CIGEULIS,69881923,MI,SWASTA,Kec. Cigeulis,280105,Kab. Pandeglang,280100,Prov. Banten,280000,0,0,0,0,0,0,0,0,,
MIS BINA IHSANI SITU,69827707,MI,SWASTA,Kec. Cigeulis,280105,Kab. Pandeglang,280100,Prov. Banten,280000,0,0,0,0,0,0,0,0,,
MIS DARUL MUZARI IN AL ISLAMIYAH,69881922,MI,SWASTA,Kec. Cigeulis,280105,Kab. Pandeglang,280100,Prov. Banten,280000,0,0,0,0,0,0,0,0,,
MIS MATHLA`UL ANWAR CISEUREUHEUN,69827690,MI,SWASTA,Kec. Cigeulis,280105,Kab. Pandeglang,280100,Prov. Banten,280000,0,0,0,0,0,0,0,0,,
MIS MATHLAUL ANWAR CIBODAS,69827683,MI,SWASTA,Kec. Cigeulis,280105,Kab. Pandeglang,280100,Prov. Banten,280000,0,0,0,0,0,0,0,0,,
MIS MIFTAHUL ULUMIL KHOIRIYAH,70042164,MI,SWASTA,Kec. Cigeulis,280105,Kab. Pandeglang,280100,Prov. Banten,280000,0,0,0,0,0,0,0,0,,
RA ASSYIFATUN NAZZIYYA,70031183,RA,SWASTA,Kec. Cigeulis,280105,Kab. Pandeglang,280100,Prov. Banten,280000,0,0,0,0,0,0,0,0,,
RA DARUL AULIYA,69977898,RA,SWASTA,Kec. Cigeulis,280105,Kab. Pandeglang,280100,Prov. Banten,280000,0,0,0,0,0,0,0,0,,
MTS MIFTAHUL HIDAYAH HAUR,70045252,MTs,SWASTA,Kec. Cigeulis,280105,Kab. Pandeglang,280100,Prov. Banten,280000,0,0,0,0,0,0,0,0,,
MTSS ANWARUL ABIDIYAH,20600916,MTs,SWASTA,Kec. Cigeulis,280105,Kab. Pandeglang,280100,Prov. Banten,280000,0,0,0,0,0,0,0,0,,
MTSS DAAR EL FIKRI CIMANDAHAN,69883348,MTs,SWASTA,Kec. Cigeulis,280105,Kab. Pandeglang,280100,Prov. Banten,280000,0,0,0,0,0,0,0,0,,
MTSS DARUL AZQIYA,69788423,MTs,SWASTA,Kec. Cigeulis,280105,Kab. Pandeglang,280100,Prov. Banten,280000,0,0,0,0,0,0,0,0,,
MTSS DARUL MUZARI`IN AL ISLAMIYAH,20607618,MTs,SWASTA,Kec. Cigeulis,280105,Kab. Pandeglang,280100,Prov. Banten,280000,0,0,0,0,0,0,0,0,,
MTSS NAZZATHUL INSANI,69941495,MTs,SWASTA,Kec. Cigeulis,280105,Kab. Pandeglang,280100,Prov. Banten,280000,0,0,0,0,0,0,0,0,,
MTSS NUR HIDAYATULLAH,69883347,MTs,SWASTA,Kec. Cigeulis,280105,Kab. Pandeglang,280100,Prov. Banten,280000,0,0,0,0,0,0,0,0,,
MTSS NURUL FATA MARAPAT,69788412,MTs,SWASTA,Kec. Cigeulis,280105,Kab. Pandeglang,280100,Prov. Banten,280000,0,0,0,0,0,0,0,0,,
MTSS RIYADLUT THOLIBIN,69816305,MTs,SWASTA,Kec. Cigeulis,280105,Kab. Pandeglang,280100,Prov. Banten,280000,0,0,0,0,0,0,0,0,,
MTSS YSAB CIGEULIS,20600862,MTs,SWASTA,Kec. Cigeulis,280105,Kab. Pandeglang,280100,Prov. Banten,280000,0,0,0,0,0,0,0,0,,
MI AL LATIEF,70030200,MI,SWASTA,Kec. Karang Tanjung,280121,Kab. Pandeglang,280100,Prov. Banten,280000,0,0,0,0,0,0,0,0,,
MIS AL-FALAH KARANGTANJUNG,60721065,MI,SWASTA,Kec. Karang Tanjung,280121,Kab. Pandeglang,280100,Prov. Banten,280000,0,0,0,0,0,0,0,0,,
MIS HUBBUL WATHAN,69881919,MI,SWASTA,Kec. Karang Tanjung,280121,Kab. Pandeglang,280100,Prov. Banten,280000,0,0,0,0,0,0,0,0,,
MTSS AL FALAH KARANGTANJUNG,69822432,MTs,SWASTA,Kec. Karang Tanjung,280121,Kab. Pandeglang,280100,Prov. Banten,280000,0,0,0,0,0,0,0,0,,
MTSS AL GHIFARI BANTANI,20607930,MTs,SWASTA,Kec. Karang Tanjung,280121,Kab. Pandeglang,280100,Prov. Banten,280000,0,0,0,0,0,0,0,0,,
MTSS AL HIDAYAH KADULAWANG,69822437,MTs,SWASTA,Kec. Karang Tanjung,280121,Kab. Pandeglang,280100,Prov. Banten,280000,0,0,0,0,0,0,0,0,,
MTSS ATTAQWA,20600891,MTs,SWASTA,Kec. Karang Tanjung,280121,Kab. Pandeglang,280100,Prov. Banten,280000,0,0,0,0,0,0,0,0,,
MTSS DARUL HIKMAH,20607614,MTs,SWASTA,Kec. Karang Tanjung,280121,Kab. Pandeglang,280100,Prov. Banten,280000,0,0,0,0,0,0,0,0,,
RA ABU DZAR,69887715,RA,SWASTA,Kec. Karang Tanjung,280121,Kab. Pandeglang,280100,Prov. Banten,280000,0,0,0,0,0,0,0,0,,
RA AL MAGHFIROH,69887718,RA,SWASTA,Kec. Karang Tanjung,280121,Kab. Pandeglang,280100,Prov. Banten,280000,0,0,0,0,0,0,0,0,,
RA AL-MADINATUL MUNAWAROH,69887717,RA,SWASTA,Kec. Karang Tanjung,280121,Kab. Pandeglang,280100,Prov. Banten,280000,0,0,0,0,0,0,0,0,,
RA BANI AS-SYIFA,69885424,RA,SWASTA,Kec. Karang Tanjung,280121,Kab. Pandeglang,280100,Prov. Banten,280000,0,0,0,0,0,0,0,0,,
RA BANI MAHFUDIAH,70024897,RA,SWASTA,Kec. Karang Tanjung,280121,Kab. Pandeglang,280100,Prov. Banten,280000,0,0,0,0,0,0,0,0,,
RA CAHAYA AL-HIDAYAH,70006404,RA,SWASTA,Kec. Karang Tanjung,280121,Kab. Pandeglang,280100,Prov. Banten,280000,0,0,0,0,0,0,0,0,,
RA HUBBUL WATHAN,69887714,RA,SWASTA,Kec. Karang Tanjung,280121,Kab. Pandeglang,280100,Prov. Banten,280000,0,0,0,0,0,0,0,0,,
RA NURUL HIKMAH PAGADUNGAN,69887716,RA,SWASTA,Kec. Karang Tanjung,280121,Kab. Pandeglang,280100,Prov. Banten,280000,0,0,0,0,0,0,0,0,,
MAS AL FALAH KARANGTANJUNG,20614866,MA,SWASTA,Kec. Karang Tanjung,280121,Kab. Pandeglang,280100,Prov. Banten,280000,0,0,0,0,0,0,0,0,,
MAS AL GIFFARI BANTANI,20607932,MA,SWASTA,Kec. Karang Tanjung,280121,Kab. Pandeglang,280100,Prov. Banten,280000,0,0,0,0,0,0,0,0,,
MAS AL HIDAYAH,20600963,MA,SWASTA,Kec. Karang Tanjung,280121,Kab. Pandeglang,280100,Prov. Banten,280000,0,0,0,0,0,0,0,0,,
MAS AT TAQWA YASTU,20614865,MA,SWASTA,Kec. Karang Tanjung,280121,Kab. Pandeglang,280100,Prov. Banten,280000,0,0,0,0,0,0,0,0,,
MI DARUL BAYAN CISUDANG,70028149,MI,SWASTA,Kec. Angsana,280120,Kab. Pandeglang,280100,Prov. Banten,280000,0,0,0,0,0,0,0,0,,
MTS AL-KAUTSAR ANGSANA,69994785,MTs,SWASTA,Kec. Angsana,280120,Kab. Pandeglang,280100,Prov. Banten,280000,0,0,0,0,0,0,0,0,,
MTS CIPINANG,70024914,MTs,SWASTA,Kec. Angsana,280120,Kab. Pandeglang,280100,Prov. Banten,280000,0,0,0,0,0,0,0,0,,
MTSN 7 PANDEGLANG,69987828,MTs,NEGERI,Kec. Angsana,280120,Kab. Pandeglang,280100,Prov. Banten,280000,0,0,0,0,0,0,0,0,,
MTSS HIDAYATUL KHOIROT,69941499,MTs,SWASTA,Kec. Angsana,280120,Kab. Pandeglang,280100,Prov. Banten,280000,0,0,0,0,0,0,0,0,,
MTSS SALAFIYYAH DARUL BAYAN CISUDANG,69895188,MTs,SWASTA,Kec. Angsana,280120,Kab. Pandeglang,280100,Prov. Banten,280000,0,0,0,0,0,0,0,0,,
MAS  DAARUL ISTIKMAL,69881505,MA,SWASTA,Kec. Cadasari,280119,Kab. Pandeglang,280100,Prov. Banten,280000,0,0,0,0,0,0,0,0,,
MAS AL MUHIBBIN,20614605,MA,SWASTA,Kec. Cadasari,280119,Kab. Pandeglang,280100,Prov. Banten,280000,0,0,0,0,0,0,0,0,,
MAS DAAR EL MAARIF,20600958,MA,SWASTA,Kec. Cadasari,280119,Kab. Pandeglang,280100,Prov. Banten,280000,0,0,0,0,0,0,0,0,,
MAS DAAR EL-MU`MININ,69941768,MA,SWASTA,Kec. Cadasari,280119,Kab. Pandeglang,280100,Prov. Banten,280000,0,0,0,0,0,0,0,0,,
MAS MUTAALIMIN,20622326,MA,SWASTA,Kec. Cadasari,280119,Kab. Pandeglang,280100,Prov. Banten,280000,0,0,0,0,0,0,0,0,,
MAS NURUL FALAH,20600980,MA,SWASTA,Kec. Cadasari,280119,Kab. Pandeglang,280100,Prov. Banten,280000,0,0,0,0,0,0,0,0,,
MAS TUNASWANGI,69941769,MA,SWASTA,Kec. Cadasari,280119,Kab. Pandeglang,280100,Prov. Banten,280000,0,0,0,0,0,0,0,0,,
MIS AL-FALAH CARODOK,69752212,MI,SWASTA,Kec. Cadasari,280119,Kab. Pandeglang,280100,Prov. Banten,280000,0,0,0,0,0,0,0,0,,
MIS MUTA`ALIMIN,60721036,MI,SWASTA,Kec. Cadasari,280119,Kab. Pandeglang,280100,Prov. Banten,280000,0,0,0,0,0,0,0,0,,
MIS NURUL QIYAM,60721037,MI,SWASTA,Kec. Cadasari,280119,Kab. Pandeglang,280100,Prov. Banten,280000,0,0,0,0,0,0,0,0,,
MIS TUNASWANGI,69752209,MI,SWASTA,Kec. Cadasari,280119,Kab. Pandeglang,280100,Prov. Banten,280000,0,0,0,0,0,0,0,0,,
MTS MABDAUL ULUM,70030257,MTs,SWASTA,Kec. Cadasari,280119,Kab. Pandeglang,280100,Prov. Banten,280000,0,0,0,0,0,0,0,0,,
MTSS AL MUHIBBIN,20600783,MTs,SWASTA,Kec. Cadasari,280119,Kab. Pandeglang,280100,Prov. Banten,280000,0,0,0,0,0,0,0,0,,
MTSS AL-BINA BANGUN CADASARI,69853266,MTs,SWASTA,Kec. Cadasari,280119,Kab. Pandeglang,280100,Prov. Banten,280000,0,0,0,0,0,0,0,0,,
MTSS DAAR EL MUMININ,20612310,MTs,SWASTA,Kec. Cadasari,280119,Kab. Pandeglang,280100,Prov. Banten,280000,0,0,0,0,0,0,0,0,,
MTSS DAAR EL-MAARIF,20600884,MTs,SWASTA,Kec. Cadasari,280119,Kab. Pandeglang,280100,Prov. Banten,280000,0,0,0,0,0,0,0,0,,
MTSS DARUL ULUM PANDEGLANG,69941498,MTs,SWASTA,Kec. Cadasari,280119,Kab. Pandeglang,280100,Prov. Banten,280000,0,0,0,0,0,0,0,0,,
MTSS MUTAALIMIN CIGUDANG,20607619,MTs,SWASTA,Kec. Cadasari,280119,Kab. Pandeglang,280100,Prov. Banten,280000,0,0,0,0,0,0,0,0,,
MTSS NURUL FALAH,69881699,MTs,SWASTA,Kec. Cadasari,280119,Kab. Pandeglang,280100,Prov. Banten,280000,0,0,0,0,0,0,0,0,,
MTSS TERPADU DAARUL ISTIKMAL,69883342,MTs,SWASTA,Kec. Cadasari,280119,Kab. Pandeglang,280100,Prov. Banten,280000,0,0,0,0,0,0,0,0,,
MTSS TUNASWANGI,69853269,MTs,SWASTA,Kec. Cadasari,280119,Kab. Pandeglang,280100,Prov. Banten,280000,0,0,0,0,0,0,0,0,,
RA AL-BAROKAH,69958171,RA,SWASTA,Kec. Cadasari,280119,Kab. Pandeglang,280100,Prov. Banten,280000,0,0,0,0,0,0,0,0,,
RA AL-BISRIYAH LINURILQIYAM,69977887,RA,SWASTA,Kec. Cadasari,280119,Kab. Pandeglang,280100,Prov. Banten,280000,0,0,0,0,0,0,0,0,,
RA AL-HASANAH,69885388,RA,SWASTA,Kec. Cadasari,280119,Kab. Pandeglang,280100,Prov. Banten,280000,0,0,0,0,0,0,0,0,,
RA AL-HIDAYAH KARAMAT,69887691,RA,SWASTA,Kec. Cadasari,280119,Kab. Pandeglang,280100,Prov. Banten,280000,0,0,0,0,0,0,0,0,,
RA AN-NABA,69887693,RA,SWASTA,Kec. Cadasari,280119,Kab. Pandeglang,280100,Prov. Banten,280000,0,0,0,0,0,0,0,0,,
RA AN-NUR CIINJUK,69941188,RA,SWASTA,Kec. Cadasari,280119,Kab. Pandeglang,280100,Prov. Banten,280000,0,0,0,0,0,0,0,0,,
RA AS-SYIFFA,69977896,RA,SWASTA,Kec. Cadasari,280119,Kab. Pandeglang,280100,Prov. Banten,280000,0,0,0,0,0,0,0,0,,
RA DAAR EL MA`ARIF,69887692,RA,SWASTA,Kec. Cadasari,280119,Kab. Pandeglang,280100,Prov. Banten,280000,0,0,0,0,0,0,0,0,,
RA ISLAM PELANGI,69885387,RA,SWASTA,Kec. Cadasari,280119,Kab. Pandeglang,280100,Prov. Banten,280000,0,0,0,0,0,0,0,0,,
RA MUTA`ALLIMIN KADU HEJO,70010033,RA,SWASTA,Kec. Cadasari,280119,Kab. Pandeglang,280100,Prov. Banten,280000,0,0,0,0,0,0,0,0,,
RA MUTAALIMIN,69887695,RA,SWASTA,Kec. Cadasari,280119,Kab. Pandeglang,280100,Prov. Banten,280000,0,0,0,0,0,0,0,0,,
RA NURUSSIBYAN,69887694,RA,SWASTA,Kec. Cadasari,280119,Kab. Pandeglang,280100,Prov. Banten,280000,0,0,0,0,0,0,0,0,,
MAS AL IHYA,20600968,MA,SWASTA,Kec. Cisata,280125,Kab. Pandeglang,280100,Prov. Banten,280000,0,0,0,0,0,0,0,0,,
MAS MUHAMMADIYAH KUBANGKONDANG,20622333,MA,SWASTA,Kec. Cisata,280125,Kab. Pandeglang,280100,Prov. Banten,280000,0,0,0,0,0,0,0,0,,
MTSS AL IHYA,69822438,MTs,SWASTA,Kec. Cisata,280125,Kab. Pandeglang,280100,Prov. Banten,280000,0,0,0,0,0,0,0,0,,
MTSS CIBARANI CISATA,69881703,MTs,SWASTA,Kec. Cisata,280125,Kab. Pandeglang,280100,Prov. Banten,280000,0,0,0,0,0,0,0,0,,
MTSS MIFTAHUL AFKAR,69822434,MTs,SWASTA,Kec. Cisata,280125,Kab. Pandeglang,280100,Prov. Banten,280000,0,0,0,0,0,0,0,0,,
MTSS MUHAMMADIYAH KUBANGKONDANG,69822431,MTs,SWASTA,Kec. Cisata,280125,Kab. Pandeglang,280100,Prov. Banten,280000,0,0,0,0,0,0,0,0,,
RA AISYIYAH 1,69885412,RA,SWASTA,Kec. Cisata,280125,Kab. Pandeglang,280100,Prov. Banten,280000,0,0,0,0,0,0,0,0,,
RA AISYIYAH 2,69885413,RA,SWASTA,Kec. Cisata,280125,Kab. Pandeglang,280100,Prov. Banten,280000,0,0,0,0,0,0,0,0,,
RA AISYIYAH 4,69885416,RA,SWASTA,Kec. Cisata,280125,Kab. Pandeglang,280100,Prov. Banten,280000,0,0,0,0,0,0,0,0,,
RA AL ISHLAH CIMALATI,69887699,RA,SWASTA,Kec. Cisata,280125,Kab. Pandeglang,280100,Prov. Banten,280000,0,0,0,0,0,0,0,0,,
RA AL-HAYATUL JADIDAH,69887698,RA,SWASTA,Kec. Cisata,280125,Kab. Pandeglang,280100,Prov. Banten,280000,0,0,0,0,0,0,0,0,,
RA AL-IHSAN,69885417,RA,SWASTA,Kec. Cisata,280125,Kab. Pandeglang,280100,Prov. Banten,280000,0,0,0,0,0,0,0,0,,
RA AL-IHYA,69885423,RA,SWASTA,Kec. Cisata,280125,Kab. Pandeglang,280100,Prov. Banten,280000,0,0,0,0,0,0,0,0,,
RA AL-WASHILAH,69885419,RA,SWASTA,Kec. Cisata,280125,Kab. Pandeglang,280100,Prov. Banten,280000,0,0,0,0,0,0,0,0,,
RA ARRIYADUL BADI`AH,69885420,RA,SWASTA,Kec. Cisata,280125,Kab. Pandeglang,280100,Prov. Banten,280000,0,0,0,0,0,0,0,0,,
RA DARUSSA`ADAH KADU PASIR,69885422,RA,SWASTA,Kec. Cisata,280125,Kab. Pandeglang,280100,Prov. Banten,280000,0,0,0,0,0,0,0,0,,
RA INSAN ROUDHOTUL ULUM,70014241,RA,SWASTA,Kec. Cisata,280125,Kab. Pandeglang,280100,Prov. Banten,280000,0,0,0,0,0,0,0,0,,
RA MATHLAUL ANWAR CIJOLANG,69885415,RA,SWASTA,Kec. Cisata,280125,Kab. Pandeglang,280100,Prov. Banten,280000,0,0,0,0,0,0,0,0,,
RA MUSMA CIRUKAP,69885421,RA,SWASTA,Kec. Cisata,280125,Kab. Pandeglang,280100,Prov. Banten,280000,0,0,0,0,0,0,0,0,,
MIS AL IKHLAS THORIQUL HUDA,69827692,MI,SWASTA,Kec. Cisata,280125,Kab. Pandeglang,280100,Prov. Banten,280000,0,0,0,0,0,0,0,0,,
MIS MALNU CIBARANI,60721059,MI,SWASTA,Kec. Cisata,280125,Kab. Pandeglang,280100,Prov. Banten,280000,0,0,0,0,0,0,0,0,,
MIS MATHLAUL ANWAR CIJOLANG,60721056,MI,SWASTA,Kec. Cisata,280125,Kab. Pandeglang,280100,Prov. Banten,280000,0,0,0,0,0,0,0,0,,
MIS MATHLAUL ANWAR CIRUKAP,60721060,MI,SWASTA,Kec. Cisata,280125,Kab. Pandeglang,280100,Prov. Banten,280000,0,0,0,0,0,0,0,0,,
MIS MATHLAUL ANWAR KADU TIIS,60721057,MI,SWASTA,Kec. Cisata,280125,Kab. Pandeglang,280100,Prov. Banten,280000,0,0,0,0,0,0,0,0,,
MIS MATHLAUL ANWAR PASIR PICUNG,60721055,MI,SWASTA,Kec. Cisata,280125,Kab. Pandeglang,280100,Prov. Banten,280000,0,0,0,0,0,0,0,0,,
MIS MUHAMMADIYAH CISEREH,60721054,MI,SWASTA,Kec. Cisata,280125,Kab. Pandeglang,280100,Prov. Banten,280000,0,0,0,0,0,0,0,0,,
MIS MUHAMMADIYAH KUBANG KONDANG,60721058,MI,SWASTA,Kec. Cisata,280125,Kab. Pandeglang,280100,Prov. Banten,280000,0,0,0,0,0,0,0,0,,
MIS ROUDHOTUL ULUM,69881920,MI,SWASTA,Kec. Cisata,280125,Kab. Pandeglang,280100,Prov. Banten,280000,0,0,0,0,0,0,0,0,,
MAS  NURUL YAQIN,69881508,MA,SWASTA,Kec. Sindangresmi,280134,Kab. Pandeglang,280100,Prov. Banten,280000,0,0,0,0,0,0,0,0,,
MAS MATHLAUL ANWAR PASIRDURUNG,69815305,MA,SWASTA,Kec. Sindangresmi,280134,Kab. Pandeglang,280100,Prov. Banten,280000,0,0,0,0,0,0,0,0,,
RA AL HIDAYAH,70031004,RA,SWASTA,Kec. Sindangresmi,280134,Kab. Pandeglang,280100,Prov. Banten,280000,0,0,0,0,0,0,0,0,,
RA BANI ENCIM,69887793,RA,SWASTA,Kec. Sindangresmi,280134,Kab. Pandeglang,280100,Prov. Banten,280000,0,0,0,0,0,0,0,0,,
MI NURUL BURHANI,69994478,MI,SWASTA,Kec. Sindangresmi,280134,Kab. Pandeglang,280100,Prov. Banten,280000,0,0,0,0,0,0,0,0,,
MIS MALNU CIKARANG,60721109,MI,SWASTA,Kec. Sindangresmi,280134,Kab. Pandeglang,280100,Prov. Banten,280000,0,0,0,0,0,0,0,0,,
MIS MATHLAUL ANWAR CAMPAKA,60721110,MI,SWASTA,Kec. Sindangresmi,280134,Kab. Pandeglang,280100,Prov. Banten,280000,0,0,0,0,0,0,0,0,,
MIS MATHLAUL ANWAR KADUMALATI,60721105,MI,SWASTA,Kec. Sindangresmi,280134,Kab. Pandeglang,280100,Prov. Banten,280000,0,0,0,0,0,0,0,0,,
MIS MATHLAUL ANWAR PASIR DURUNG,60721107,MI,SWASTA,Kec. Sindangresmi,280134,Kab. Pandeglang,280100,Prov. Banten,280000,0,0,0,0,0,0,0,0,,
MIS MUHAMMADIYAH BOJONGMANIK,60721106,MI,SWASTA,Kec. Sindangresmi,280134,Kab. Pandeglang,280100,Prov. Banten,280000,0,0,0,0,0,0,0,0,,
MIS MUHAMMADIYAH PASIRLOA,60721108,MI,SWASTA,Kec. Sindangresmi,280134,Kab. Pandeglang,280100,Prov. Banten,280000,0,0,0,0,0,0,0,0,,
MTS MIFTAHUNNAJAH,69994572,MTs,SWASTA,Kec. Sindangresmi,280134,Kab. Pandeglang,280100,Prov. Banten,280000,0,0,0,0,0,0,0,0,,
MTSS MATHLA`UL ANWAR SINDANGRESMI,69788413,MTs,SWASTA,Kec. Sindangresmi,280134,Kab. Pandeglang,280100,Prov. Banten,280000,0,0,0,0,0,0,0,0,,
MTSS MATHLAUL ANWAR PASIRDURUNG,69881708,MTs,SWASTA,Kec. Sindangresmi,280134,Kab. Pandeglang,280100,Prov. Banten,280000,0,0,0,0,0,0,0,0,,
MTSS MUHAMMADIYAH BOJONGMANIK,69822436,MTs,SWASTA,Kec. Sindangresmi,280134,Kab. Pandeglang,280100,Prov. Banten,280000,0,0,0,0,0,0,0,0,,
RA AL-MUNAWIR,69885389,RA,SWASTA,Kec. Carita,280127,Kab. Pandeglang,280100,Prov. Banten,280000,0,0,0,0,0,0,0,0,,
RA CENDIKIA,69958174,RA,SWASTA,Kec. Carita,280127,Kab. Pandeglang,280100,Prov. Banten,280000,0,0,0,0,0,0,0,0,,
RA MAWAR HIKMAH,69958173,RA,SWASTA,Kec. Carita,280127,Kab. Pandeglang,280100,Prov. Banten,280000,0,0,0,0,0,0,0,0,,
RA NURROBBI,70028145,RA,SWASTA,Kec. Carita,280127,Kab. Pandeglang,280100,Prov. Banten,280000,0,0,0,0,0,0,0,0,,
RA NURURROHMAH,69977889,RA,SWASTA,Kec. Carita,280127,Kab. Pandeglang,280100,Prov. Banten,280000,0,0,0,0,0,0,0,0,,
RA RIZKIATUL HIDAYAH,69885390,RA,SWASTA,Kec. Carita,280127,Kab. Pandeglang,280100,Prov. Banten,280000,0,0,0,0,0,0,0,0,,
MTSS AL-ITTIHAD,69881700,MTs,SWASTA,Kec. Carita,280127,Kab. Pandeglang,280100,Prov. Banten,280000,0,0,0,0,0,0,0,0,,
MTSS SINDANGLAUT,20622574,MTs,SWASTA,Kec. Carita,280127,Kab. Pandeglang,280100,Prov. Banten,280000,0,0,0,0,0,0,0,0,,
MIS MATHLAUL ANWAR CINOYONG,69752210,MI,SWASTA,Kec. Carita,280127,Kab. Pandeglang,280100,Prov. Banten,280000,0,0,0,0,0,0,0,0,,
RA AL-IKHLAS PEDES,69887772,RA,SWASTA,Kec. Patia,280126,Kab. Pandeglang,280100,Prov. Banten,280000,0,0,0,0,0,0,0,0,,
RA MADARIJUL ULUM,69887771,RA,SWASTA,Kec. Patia,280126,Kab. Pandeglang,280100,Prov. Banten,280000,0,0,0,0,0,0,0,0,,
RA MIFTAHUL AL-HANIF,70027411,RA,SWASTA,Kec. Patia,280126,Kab. Pandeglang,280100,Prov. Banten,280000,0,0,0,0,0,0,0,0,,
MIS MUHAMMADIYAH BURALUK,60721091,MI,SWASTA,Kec. Patia,280126,Kab. Pandeglang,280100,Prov. Banten,280000,0,0,0,0,0,0,0,0,,
MIS MUHAMMADIYAH KARANG TENGAH,69901959,MI,SWASTA,Kec. Patia,280126,Kab. Pandeglang,280100,Prov. Banten,280000,0,0,0,0,0,0,0,0,,
MIS RAUDLATUL MUTTAQIN,60721092,MI,SWASTA,Kec. Patia,280126,Kab. Pandeglang,280100,Prov. Banten,280000,0,0,0,0,0,0,0,0,,
MTSS ANWARUL HIDAYAH BABAKAN KEUSIK,20622618,MTs,SWASTA,Kec. Patia,280126,Kab. Pandeglang,280100,Prov. Banten,280000,0,0,0,0,0,0,0,0,,
MTSS ANWARUL HIDAYAH PATIA,20622614,MTs,SWASTA,Kec. Patia,280126,Kab. Pandeglang,280100,Prov. Banten,280000,0,0,0,0,0,0,0,0,,
MTSS FASTABIQULKHOIROT,20622571,MTs,SWASTA,Kec. Patia,280126,Kab. Pandeglang,280100,Prov. Banten,280000,0,0,0,0,0,0,0,0,,
MTSS MATHLAUL ANWAR TURUS,20622616,MTs,SWASTA,Kec. Patia,280126,Kab. Pandeglang,280100,Prov. Banten,280000,0,0,0,0,0,0,0,0,,
MTSS MUHAMMADIYAH BURALUK,20622617,MTs,SWASTA,Kec. Patia,280126,Kab. Pandeglang,280100,Prov. Banten,280000,0,0,0,0,0,0,0,0,,
MTSS RAUDLATUL MUTTAQIN,20622613,MTs,SWASTA,Kec. Patia,280126,Kab. Pandeglang,280100,Prov. Banten,280000,0,0,0,0,0,0,0,0,,
MTSS YIU PASIRGADUNG PATIA,20622615,MTs,SWASTA,Kec. Patia,280126,Kab. Pandeglang,280100,Prov. Banten,280000,0,0,0,0,0,0,0,0,,
MTSN 4 PANDEGLANG,20622570,MTs,NEGERI,Kec. Munjul,280107,Kab. Pandeglang,280100,Prov. Banten,280000,0,0,0,0,0,0,0,0,,
MTSS CURUGLANGLANG,69822424,MTs,SWASTA,Kec. Munjul,280107,Kab. Pandeglang,280100,Prov. Banten,280000,0,0,0,0,0,0,0,0,,
MTSS MIFTAHUL ULUM,69788417,MTs,SWASTA,Kec. Munjul,280107,Kab. Pandeglang,280100,Prov. Banten,280000,0,0,0,0,0,0,0,0,,
MTSS PANACARAN,69788414,MTs,SWASTA,Kec. Munjul,280107,Kab. Pandeglang,280100,Prov. Banten,280000,0,0,0,0,0,0,0,0,,
RA HIDAYATUL MUBTADI`IEN,69977890,RA,SWASTA,Kec. Munjul,280107,Kab. Pandeglang,280100,Prov. Banten,280000,0,0,0,0,0,0,0,0,,
MIS MATHLAUL ANWAR KOTA DUKUH,60721086,MI,SWASTA,Kec. Munjul,280107,Kab. Pandeglang,280100,Prov. Banten,280000,0,0,0,0,0,0,0,0,,
MAS MIFTAHUL ULUM,69788173,MA,SWASTA,Kec. Munjul,280107,Kab. Pandeglang,280100,Prov. Banten,280000,0,0,0,0,0,0,0,0,,
MAS PANACARAN MUNJUL,20622345,MA,SWASTA,Kec. Munjul,280107,Kab. Pandeglang,280100,Prov. Banten,280000,0,0,0,0,0,0,0,0,,
RA AD-DZIKRO CIAKAR,69993342,RA,SWASTA,Kec. Banjar,280117,Kab. Pandeglang,280100,Prov. Banten,280000,0,0,0,0,0,0,0,0,,
RA AD-DZIKRO CILEUKSA,69887689,RA,SWASTA,Kec. Banjar,280117,Kab. Pandeglang,280100,Prov. Banten,280000,0,0,0,0,0,0,0,0,,
RA AD-DZIKRO MOGANA,69887687,RA,SWASTA,Kec. Banjar,280117,Kab. Pandeglang,280100,Prov. Banten,280000,0,0,0,0,0,0,0,0,,
RA AL FATIH BANDUNG,70028147,RA,SWASTA,Kec. Banjar,280117,Kab. Pandeglang,280100,Prov. Banten,280000,0,0,0,0,0,0,0,0,,
RA AL KHOIRIYAH,69887690,RA,SWASTA,Kec. Banjar,280117,Kab. Pandeglang,280100,Prov. Banten,280000,0,0,0,0,0,0,0,0,,
RA AL-HAMID,69887685,RA,SWASTA,Kec. Banjar,280117,Kab. Pandeglang,280100,Prov. Banten,280000,0,0,0,0,0,0,0,0,,
RA AL-HIKMAH,69885382,RA,SWASTA,Kec. Banjar,280117,Kab. Pandeglang,280100,Prov. Banten,280000,0,0,0,0,0,0,0,0,,
RA AL-IKHLAS WANGUN,69887688,RA,SWASTA,Kec. Banjar,280117,Kab. Pandeglang,280100,Prov. Banten,280000,0,0,0,0,0,0,0,0,,
RA AL-MUHAJIRIN,69887684,RA,SWASTA,Kec. Banjar,280117,Kab. Pandeglang,280100,Prov. Banten,280000,0,0,0,0,0,0,0,0,,
RA DARUL MUQIMIN,69941187,RA,SWASTA,Kec. Banjar,280117,Kab. Pandeglang,280100,Prov. Banten,280000,0,0,0,0,0,0,0,0,,
RA HIDAYATUL KAROMAH,70033404,RA,SWASTA,Kec. Banjar,280117,Kab. Pandeglang,280100,Prov. Banten,280000,0,0,0,0,0,0,0,0,,
RA NURUL HIKMAH GUNUNG PUTRI,69887686,RA,SWASTA,Kec. Banjar,280117,Kab. Pandeglang,280100,Prov. Banten,280000,0,0,0,0,0,0,0,0,,
RA SAUNG ILMI,69977894,RA,SWASTA,Kec. Banjar,280117,Kab. Pandeglang,280100,Prov. Banten,280000,0,0,0,0,0,0,0,0,,
MAS  AL MADINA,69881500,MA,SWASTA,Kec. Banjar,280117,Kab. Pandeglang,280100,Prov. Banten,280000,0,0,0,0,0,0,0,0,,
MAS  DARUL IMAN,69881497,MA,SWASTA,Kec. Banjar,280117,Kab. Pandeglang,280100,Prov. Banten,280000,0,0,0,0,0,0,0,0,,
MAS  DARUL MUQIMIN,69881498,MA,SWASTA,Kec. Banjar,280117,Kab. Pandeglang,280100,Prov. Banten,280000,0,0,0,0,0,0,0,0,,
MAS  HIDAYATUL KAROMAH,69881509,MA,SWASTA,Kec. Banjar,280117,Kab. Pandeglang,280100,Prov. Banten,280000,0,0,0,0,0,0,0,0,,
MAS DAAR EL HIJRAH WAL BANNA,20618959,MA,SWASTA,Kec. Banjar,280117,Kab. Pandeglang,280100,Prov. Banten,280000,0,0,0,0,0,0,0,0,,
MAS PII AL MUNIR SALINGGARA,69815303,MA,SWASTA,Kec. Banjar,280117,Kab. Pandeglang,280100,Prov. Banten,280000,0,0,0,0,0,0,0,0,,
MIN 1 PANDEGLANG,60721025,MI,NEGERI,Kec. Banjar,280117,Kab. Pandeglang,280100,Prov. Banten,280000,0,0,0,0,0,0,0,0,,
MIS DARUL MUQIMIN GOROBOG,60721027,MI,SWASTA,Kec. Banjar,280117,Kab. Pandeglang,280100,Prov. Banten,280000,0,0,0,0,0,0,0,0,,
MIS DARUL MUQIMIN MENGGER,60721028,MI,SWASTA,Kec. Banjar,280117,Kab. Pandeglang,280100,Prov. Banten,280000,0,0,0,0,0,0,0,0,,
MIS PII SALINGGARA,60721026,MI,SWASTA,Kec. Banjar,280117,Kab. Pandeglang,280100,Prov. Banten,280000,0,0,0,0,0,0,0,0,,
MIS TAHFIDZUL QUR`AN AD-DZIKRO,70007399,MI,SWASTA,Kec. Banjar,280117,Kab. Pandeglang,280100,Prov. Banten,280000,0,0,0,0,0,0,0,0,,
MTSS AL MADINA,20600784,MTs,SWASTA,Kec. Banjar,280117,Kab. Pandeglang,280100,Prov. Banten,280000,0,0,0,0,0,0,0,0,,
MTSS ANWARUL HIDAYAH CIWANGI,20616115,MTs,SWASTA,Kec. Banjar,280117,Kab. Pandeglang,280100,Prov. Banten,280000,0,0,0,0,0,0,0,0,,
MTSS AS-SUWITAMIYAH,69883341,MTs,SWASTA,Kec. Banjar,280117,Kab. Pandeglang,280100,Prov. Banten,280000,0,0,0,0,0,0,0,0,,
MTSS DARUL IMAN,20600880,MTs,SWASTA,Kec. Banjar,280117,Kab. Pandeglang,280100,Prov. Banten,280000,0,0,0,0,0,0,0,0,,
MTSS DARUL MUQIMIN,69883340,MTs,SWASTA,Kec. Banjar,280117,Kab. Pandeglang,280100,Prov. Banten,280000,0,0,0,0,0,0,0,0,,
MTSS PII SALINGGARA,20600872,MTs,SWASTA,Kec. Banjar,280117,Kab. Pandeglang,280100,Prov. Banten,280000,0,0,0,0,0,0,0,0,,
MTSS SABIILUL MUHTADIEN,20622573,MTs,SWASTA,Kec. Banjar,280117,Kab. Pandeglang,280100,Prov. Banten,280000,0,0,0,0,0,0,0,0,,
MTSS TARBIYATUL FALAH,69788424,MTs,SWASTA,Kec. Banjar,280117,Kab. Pandeglang,280100,Prov. Banten,280000,0,0,0,0,0,0,0,0,,
MTSS TMI DAAR EL HIJRAH WAL BANNA,20607903,MTs,SWASTA,Kec. Banjar,280117,Kab. Pandeglang,280100,Prov. Banten,280000,0,0,0,0,0,0,0,0,,
MAS DARUL FIKRI,69883288,MA,SWASTA,Kec. Bojong,280109,Kab. Pandeglang,280100,Prov. Banten,280000,0,0,0,0,0,0,0,0,,
RA AL-HADZIQ,70031184,RA,SWASTA,Kec. Bojong,280109,Kab. Pandeglang,280100,Prov. Banten,280000,0,0,0,0,0,0,0,0,,
RA FATHUL ULUM,69885386,RA,SWASTA,Kec. Bojong,280109,Kab. Pandeglang,280100,Prov. Banten,280000,0,0,0,0,0,0,0,0,,
RA GEREDUG,69885383,RA,SWASTA,Kec. Bojong,280109,Kab. Pandeglang,280100,Prov. Banten,280000,0,0,0,0,0,0,0,0,,
RA MUKHLIS KHAN,70032945,RA,SWASTA,Kec. Bojong,280109,Kab. Pandeglang,280100,Prov. Banten,280000,0,0,0,0,0,0,0,0,,
RA MUKHLIS KHAN 2,70028142,RA,SWASTA,Kec. Bojong,280109,Kab. Pandeglang,280100,Prov. Banten,280000,0,0,0,0,0,0,0,0,,
RA MUKHLIS KHAN 3,70028143,RA,SWASTA,Kec. Bojong,280109,Kab. Pandeglang,280100,Prov. Banten,280000,0,0,0,0,0,0,0,0,,
RA NURUL MUTTAQIN,69885385,RA,SWASTA,Kec. Bojong,280109,Kab. Pandeglang,280100,Prov. Banten,280000,0,0,0,0,0,0,0,0,,
MIS MATHLAUL ANWAR BOJONGLOA,60721035,MI,SWASTA,Kec. Bojong,280109,Kab. Pandeglang,280100,Prov. Banten,280000,0,0,0,0,0,0,0,0,,
MIS MATHLAUL ANWAR CIJAKAN,60721034,MI,SWASTA,Kec. Bojong,280109,Kab. Pandeglang,280100,Prov. Banten,280000,0,0,0,0,0,0,0,0,,
MIS MATHLAUL ANWAR DAHU,60721029,MI,SWASTA,Kec. Bojong,280109,Kab. Pandeglang,280100,Prov. Banten,280000,0,0,0,0,0,0,0,0,,
MIS MATHLAUL ANWAR GEREDUG,60721033,MI,SWASTA,Kec. Bojong,280109,Kab. Pandeglang,280100,Prov. Banten,280000,0,0,0,0,0,0,0,0,,
MIS MATHLAUL ANWAR PASIR KEMBANG,60721031,MI,SWASTA,Kec. Bojong,280109,Kab. Pandeglang,280100,Prov. Banten,280000,0,0,0,0,0,0,0,0,,
MIS MATHLAUL ANWAR SINDANGLAYA,60721032,MI,SWASTA,Kec. Bojong,280109,Kab. Pandeglang,280100,Prov. Banten,280000,0,0,0,0,0,0,0,0,,
MIS MATHLAUL ANWAR SUKAMAJU,60721030,MI,SWASTA,Kec. Bojong,280109,Kab. Pandeglang,280100,Prov. Banten,280000,0,0,0,0,0,0,0,0,,
MTSS AL HALIM,20607612,MTs,SWASTA,Kec. Bojong,280109,Kab. Pandeglang,280100,Prov. Banten,280000,0,0,0,0,0,0,0,0,,
MTSS DAARUL FIKRI BOJONG,69822449,MTs,SWASTA,Kec. Bojong,280109,Kab. Pandeglang,280100,Prov. Banten,280000,0,0,0,0,0,0,0,0,,
MTSS MATHLA`UL ANWAR BOJONG,69881697,MTs,SWASTA,Kec. Bojong,280109,Kab. Pandeglang,280100,Prov. Banten,280000,0,0,0,0,0,0,0,0,,
MTSS MATHLAUL ANWAR GEREDUG,69788421,MTs,SWASTA,Kec. Bojong,280109,Kab. Pandeglang,280100,Prov. Banten,280000,0,0,0,0,0,0,0,0,,
MTSS MATLAUL ANWAR DAHU,20614607,MTs,SWASTA,Kec. Bojong,280109,Kab. Pandeglang,280100,Prov. Banten,280000,0,0,0,0,0,0,0,0,,
MTSS NURUL IKHLAS,69881698,MTs,SWASTA,Kec. Bojong,280109,Kab. Pandeglang,280100,Prov. Banten,280000,0,0,0,0,0,0,0,0,,
MTSS RIYADHUL MUBTADIN,20600870,MTs,SWASTA,Kec. Bojong,280109,Kab. Pandeglang,280100,Prov. Banten,280000,0,0,0,0,0,0,0,0,,
RA AL-AMANAH,69885391,RA,SWASTA,Kec. Cibaliung,280103,Kab. Pandeglang,280100,Prov. Banten,280000,0,0,0,0,0,0,0,0,,
RA AL-HIDAYAH,69885392,RA,SWASTA,Kec. Cibaliung,280103,Kab. Pandeglang,280100,Prov. Banten,280000,0,0,0,0,0,0,0,0,,
RA MIFTAHUSSA`ADAH,70028140,RA,SWASTA,Kec. Cibaliung,280103,Kab. Pandeglang,280100,Prov. Banten,280000,0,0,0,0,0,0,0,0,,
MAN 4 PANDEGLANG,20622327,MA,NEGERI,Kec. Cibaliung,280103,Kab. Pandeglang,280100,Prov. Banten,280000,0,0,0,0,0,0,0,0,,
MAS MIFTAHUSSA`ADAH,69894897,MA,SWASTA,Kec. Cibaliung,280103,Kab. Pandeglang,280100,Prov. Banten,280000,0,0,0,0,0,0,0,0,,
MTS AL-INAYAH,69995317,MTs,SWASTA,Kec. Cibaliung,280103,Kab. Pandeglang,280100,Prov. Banten,280000,0,0,0,0,0,0,0,0,,
MTS DAAR EL-MUHAJIRIN,70026048,MTs,SWASTA,Kec. Cibaliung,280103,Kab. Pandeglang,280100,Prov. Banten,280000,0,0,0,0,0,0,0,0,,
MTS HIDAYATUL AHKAM,70028146,MTs,SWASTA,Kec. Cibaliung,280103,Kab. Pandeglang,280100,Prov. Banten,280000,0,0,0,0,0,0,0,0,,
MTSN 3 PANDEGLANG,20622575,MTs,NEGERI,Kec. Cibaliung,280103,Kab. Pandeglang,280100,Prov. Banten,280000,0,0,0,0,0,0,0,0,,
MTSS AL FALAH MAHENDRA,69883345,MTs,SWASTA,Kec. Cibaliung,280103,Kab. Pandeglang,280100,Prov. Banten,280000,0,0,0,0,0,0,0,0,,
MTSS AMARULLAH GUNUNG BATU,69941493,MTs,SWASTA,Kec. Cibaliung,280103,Kab. Pandeglang,280100,Prov. Banten,280000,0,0,0,0,0,0,0,0,,
MTSS BABUL ULUM,69883343,MTs,SWASTA,Kec. Cibaliung,280103,Kab. Pandeglang,280100,Prov. Banten,280000,0,0,0,0,0,0,0,0,,
MTSS MIFTAHUSSAADAH,69883344,MTs,SWASTA,Kec. Cibaliung,280103,Kab. Pandeglang,280100,Prov. Banten,280000,0,0,0,0,0,0,0,0,,
MTSS SULAMUL IRFAN,20616324,MTs,SWASTA,Kec. Cibaliung,280103,Kab. Pandeglang,280100,Prov. Banten,280000,0,0,0,0,0,0,0,0,,
MI AMARULLAH GUNUNG BATU,69994481,MI,SWASTA,Kec. Cibaliung,280103,Kab. Pandeglang,280100,Prov. Banten,280000,0,0,0,0,0,0,0,0,,
MI DARUL HASANAH KIBODAS,69977900,MI,SWASTA,Kec. Cibaliung,280103,Kab. Pandeglang,280100,Prov. Banten,280000,0,0,0,0,0,0,0,0,,
MIS AL HIDAYAH,69956236,MI,SWASTA,Kec. Cibaliung,280103,Kab. Pandeglang,280100,Prov. Banten,280000,0,0,0,0,0,0,0,0,,
MIS CIHERANG,60721039,MI,SWASTA,Kec. Cibaliung,280103,Kab. Pandeglang,280100,Prov. Banten,280000,0,0,0,0,0,0,0,0,,
MIS NURUL HIKMAH CIHANJUANG,69881921,MI,SWASTA,Kec. Cibaliung,280103,Kab. Pandeglang,280100,Prov. Banten,280000,0,0,0,0,0,0,0,0,,
MIS SULAMUL IRFAN KIBODAS,69819636,MI,SWASTA,Kec. Cibaliung,280103,Kab. Pandeglang,280100,Prov. Banten,280000,0,0,0,0,0,0,0,0,,
MIS WARNASARI,60721040,MI,SWASTA,Kec. Cibaliung,280103,Kab. Pandeglang,280100,Prov. Banten,280000,0,0,0,0,0,0,0,0,,
MIS YAYASAN SULTAN AGEUNG BANTEN,69752211,MI,SWASTA,Kec. Cibaliung,280103,Kab. Pandeglang,280100,Prov. Banten,280000,0,0,0,0,0,0,0,0,,
RA AN-NUR,69887719,RA,SWASTA,Kec. Koroncong,280136,Kab. Pandeglang,280100,Prov. Banten,280000,0,0,0,0,0,0,0,0,,
RA AN-NUR ARRUJIMAH,69887720,RA,SWASTA,Kec. Koroncong,280136,Kab. Pandeglang,280100,Prov. Banten,280000,0,0,0,0,0,0,0,0,,
MA DARUL HASAN,70060397,MA,SWASTA,Kec. Koroncong,280136,Kab. Pandeglang,280100,Prov. Banten,280000,0,0,0,0,0,0,0,0,,
MAS MATHLABUL HUDA,69815302,MA,SWASTA,Kec. Koroncong,280136,Kab. Pandeglang,280100,Prov. Banten,280000,0,0,0,0,0,0,0,0,,
MIS AL FALAH NURUL HIKMAH,69854135,MI,SWASTA,Kec. Koroncong,280136,Kab. Pandeglang,280100,Prov. Banten,280000,0,0,0,0,0,0,0,0,,
MIS AR-RIDHO SALAM,69881928,MI,SWASTA,Kec. Koroncong,280136,Kab. Pandeglang,280100,Prov. Banten,280000,0,0,0,0,0,0,0,0,,
MTS DARUL HASAN,70039296,MTs,SWASTA,Kec. Koroncong,280136,Kab. Pandeglang,280100,Prov. Banten,280000,0,0,0,0,0,0,0,0,,
MTSS AR RUJIMAH,69822442,MTs,SWASTA,Kec. Koroncong,280136,Kab. Pandeglang,280100,Prov. Banten,280000,0,0,0,0,0,0,0,0,,
MTSS DARUL ULUM AL-MUNTASHIR,20616508,MTs,SWASTA,Kec. Koroncong,280136,Kab. Pandeglang,280100,Prov. Banten,280000,0,0,0,0,0,0,0,0,,
MTSS MATHLABUL HUDA,69822441,MTs,SWASTA,Kec. Koroncong,280136,Kab. Pandeglang,280100,Prov. Banten,280000,0,0,0,0,0,0,0,0,,
MTSS DARUL IBTIDA,69883346,MTs,SWASTA,Kec. Cibitung,280138,Kab. Pandeglang,280100,Prov. Banten,280000,0,0,0,0,0,0,0,0,,
MTSS DARUL ILMI,69822448,MTs,SWASTA,Kec. Cibitung,280138,Kab. Pandeglang,280100,Prov. Banten,280000,0,0,0,0,0,0,0,0,,
MTSS MA`ARIF,69788516,MTs,SWASTA,Kec. Cibitung,280138,Kab. Pandeglang,280100,Prov. Banten,280000,0,0,0,0,0,0,0,0,,
MIS DARUL ILMI CIKALONG,60721038,MI,SWASTA,Kec. Cibitung,280138,Kab. Pandeglang,280100,Prov. Banten,280000,0,0,0,0,0,0,0,0,,
MIS KUTAKARANG,60721041,MI,SWASTA,Kec. Cibitung,280138,Kab. Pandeglang,280100,Prov. Banten,280000,0,0,0,0,0,0,0,0,,
MIS MANTIUNG,60721042,MI,SWASTA,Kec. Cibitung,280138,Kab. Pandeglang,280100,Prov. Banten,280000,0,0,0,0,0,0,0,0,,
MTSS DARUL AFKAR,69822446,MTs,SWASTA,Kec. Sumur,280101,Kab. Pandeglang,280100,Prov. Banten,280000,0,0,0,0,0,0,0,0,,
MTSS MATHLAUL ANWAR SUMUR,20600900,MTs,SWASTA,Kec. Sumur,280101,Kab. Pandeglang,280100,Prov. Banten,280000,0,0,0,0,0,0,0,0,,
AS-SALAMAH,69995542,RA,SWASTA,Kec. Sumur,280101,Kab. Pandeglang,280100,Prov. Banten,280000,0,0,0,0,0,0,0,0,,
RA AL-MIZAN,69994479,RA,SWASTA,Kec. Sumur,280101,Kab. Pandeglang,280100,Prov. Banten,280000,0,0,0,0,0,0,0,0,,
RA ATTARBIYAH PANGANDARAN,70061370,RA,SWASTA,Kec. Sumur,280101,Kab. Pandeglang,280100,Prov. Banten,280000,0,0,0,0,0,0,0,0,,
RA MURSYIDATUL JANNAH,69993273,RA,SWASTA,Kec. Sumur,280101,Kab. Pandeglang,280100,Prov. Banten,280000,0,0,0,0,0,0,0,0,,
RA WALISONGO,70061368,RA,SWASTA,Kec. Sumur,280101,Kab. Pandeglang,280100,Prov. Banten,280000,0,0,0,0,0,0,0,0,,
MIS CISAAT,60721114,MI,SWASTA,Kec. Sumur,280101,Kab. Pandeglang,280100,Prov. Banten,280000,0,0,0,0,0,0,0,0,,
MIS NURUL HIKMAH SUMUR,69881939,MI,SWASTA,Kec. Sumur,280101,Kab. Pandeglang,280100,Prov. Banten,280000,0,0,0,0,0,0,0,0,,
MAS  DARUL AFKAR,69881510,MA,SWASTA,Kec. Sumur,280101,Kab. Pandeglang,280100,Prov. Banten,280000,0,0,0,0,0,0,0,0,,
MAS AL HIKMAH CIPEUCANG,20600969,MA,SWASTA,Kec. Cipeucang,280124,Kab. Pandeglang,280100,Prov. Banten,280000,0,0,0,0,0,0,0,0,,
MIS AL-HIKMAH,69894707,MI,SWASTA,Kec. Cipeucang,280124,Kab. Pandeglang,280100,Prov. Banten,280000,0,0,0,0,0,0,0,0,,
MIS MATHLAUL ANWAR PADE,60721053,MI,SWASTA,Kec. Cipeucang,280124,Kab. Pandeglang,280100,Prov. Banten,280000,0,0,0,0,0,0,0,0,,
MTSS AL-HIDAYAH BATURANJANG,69882365,MTs,SWASTA,Kec. Cipeucang,280124,Kab. Pandeglang,280100,Prov. Banten,280000,0,0,0,0,0,0,0,0,,
MTSS AL-HIKMAH,20622581,MTs,SWASTA,Kec. Cipeucang,280124,Kab. Pandeglang,280100,Prov. Banten,280000,0,0,0,0,0,0,0,0,,
RA ANWARUL MASALIK AR ROHMAN,70006368,RA,SWASTA,Kec. Cipeucang,280124,Kab. Pandeglang,280100,Prov. Banten,280000,0,0,0,0,0,0,0,0,,
RA DARUL IBTIDA,70045282,RA,SWASTA,Kec. Cipeucang,280124,Kab. Pandeglang,280100,Prov. Banten,280000,0,0,0,0,0,0,0,0,,
RA MIFTAHUL HUSNA,70006357,RA,SWASTA,Kec. Cipeucang,280124,Kab. Pandeglang,280100,Prov. Banten,280000,0,0,0,0,0,0,0,0,,
RA NURHASAN 1,70030201,RA,SWASTA,Kec. Cipeucang,280124,Kab. Pandeglang,280100,Prov. Banten,280000,0,0,0,0,0,0,0,0,,
RA QURROTA A`YUN,69885411,RA,SWASTA,Kec. Cipeucang,280124,Kab. Pandeglang,280100,Prov. Banten,280000,0,0,0,0,0,0,0,0,,
MA NURUL AZMI,70013773,MA,SWASTA,Kec. Mekarjaya,280133,Kab. Pandeglang,280100,Prov. Banten,280000,0,0,0,0,0,0,0,0,,
RA AR-RAHMAN,69887745,RA,SWASTA,Kec. Mekarjaya,280133,Kab. Pandeglang,280100,Prov. Banten,280000,0,0,0,0,0,0,0,0,,
RA NURUL MAULIDA,70024964,RA,SWASTA,Kec. Mekarjaya,280133,Kab. Pandeglang,280100,Prov. Banten,280000,0,0,0,0,0,0,0,0,,
MIS MIFTAHUL ULUM,69854136,MI,SWASTA,Kec. Mekarjaya,280133,Kab. Pandeglang,280100,Prov. Banten,280000,0,0,0,0,0,0,0,0,,
MTS MIFTAHUL ULUM MEKARJAYA,69993759,MTs,SWASTA,Kec. Mekarjaya,280133,Kab. Pandeglang,280100,Prov. Banten,280000,0,0,0,0,0,0,0,0,,
MTSS AS SUQIYA,69881705,MTs,SWASTA,Kec. Mekarjaya,280133,Kab. Pandeglang,280100,Prov. Banten,280000,0,0,0,0,0,0,0,0,,
AL - MANSHURIYAH,69898413,RA,SWASTA,Kec. Cipondoh,286102,Kota Tangerang,286100,Prov. Banten,280000,0,0,0,0,0,0,0,0,,
AL FURQON,69898431,RA,SWASTA,Kec. Cipondoh,286102,Kota Tangerang,286100,Prov. Banten,280000,0,0,0,0,0,0,0,0,,
AL RASYID,69898414,RA,SWASTA,Kec. Cipondoh,286102,Kota Tangerang,286100,Prov. Banten,280000,0,0,0,0,0,0,0,0,,
AL-BAROKAH,69898430,RA,SWASTA,Kec. Cipondoh,286102,Kota Tangerang,286100,Prov. Banten,280000,0,0,0,0,0,0,0,0,,
AL-FAQIH,69898445,RA,SWASTA,Kec. Cipondoh,286102,Kota Tangerang,286100,Prov. Banten,280000,0,0,0,0,0,0,0,0,,
AL-HAADIY,69898436,RA,SWASTA,Kec. Cipondoh,286102,Kota Tangerang,286100,Prov. Banten,280000,0,0,0,0,0,0,0,0,,
AL-HASANAH,69898425,RA,SWASTA,Kec. Cipondoh,286102,Kota Tangerang,286100,Prov. Banten,280000,0,0,0,0,0,0,0,0,,
AL-KHOIRIYYAH,69898427,RA,SWASTA,Kec. Cipondoh,286102,Kota Tangerang,286100,Prov. Banten,280000,0,0,0,0,0,0,0,0,,
AL-MUTTAQIN,69898432,RA,SWASTA,Kec. Cipondoh,286102,Kota Tangerang,286100,Prov. Banten,280000,0,0,0,0,0,0,0,0,,
AMANAH,69898440,RA,SWASTA,Kec. Cipondoh,286102,Kota Tangerang,286100,Prov. Banten,280000,0,0,0,0,0,0,0,0,,
AN-NURIYAH,69898424,RA,SWASTA,Kec. Cipondoh,286102,Kota Tangerang,286100,Prov. Banten,280000,0,0,0,0,0,0,0,0,,
ANNIDA UTTALAAMIDD,69898441,RA,SWASTA,Kec. Cipondoh,286102,Kota Tangerang,286100,Prov. Banten,280000,0,0,0,0,0,0,0,0,,
AR RAHMAH,69898435,RA,SWASTA,Kec. Cipondoh,286102,Kota Tangerang,286100,Prov. Banten,280000,0,0,0,0,0,0,0,0,,
AR-ROHIM,69898443,RA,SWASTA,Kec. Cipondoh,286102,Kota Tangerang,286100,Prov. Banten,280000,0,0,0,0,0,0,0,0,,
AT-TAUBAH NASUHA,69898439,RA,SWASTA,Kec. Cipondoh,286102,Kota Tangerang,286100,Prov. Banten,280000,0,0,0,0,0,0,0,0,,
BAITUL MAKMUR,69898426,RA,SWASTA,Kec. Cipondoh,286102,Kota Tangerang,286100,Prov. Banten,280000,0,0,0,0,0,0,0,0,,
BINTANG,69898434,RA,SWASTA,Kec. Cipondoh,286102,Kota Tangerang,286100,Prov. Banten,280000,0,0,0,0,0,0,0,0,,
DARUL MUTA ALIMIN,69898444,RA,SWASTA,Kec. Cipondoh,286102,Kota Tangerang,286100,Prov. Banten,280000,0,0,0,0,0,0,0,0,,
DARUSSALAM,69898416,RA,SWASTA,Kec. Cipondoh,286102,Kota Tangerang,286100,Prov. Banten,280000,0,0,0,0,0,0,0,0,,
ESA NUR,69898412,RA,SWASTA,Kec. Cipondoh,286102,Kota Tangerang,286100,Prov. Banten,280000,0,0,0,0,0,0,0,0,,
HIMMATUL MUJAHIDIN,69898422,RA,SWASTA,Kec. Cipondoh,286102,Kota Tangerang,286100,Prov. Banten,280000,0,0,0,0,0,0,0,0,,
IBADURRAHMAN CIPONDOH,69898437,RA,SWASTA,Kec. Cipondoh,286102,Kota Tangerang,286100,Prov. Banten,280000,0,0,0,0,0,0,0,0,,
INSAN PRATAMA,69898526,RA,SWASTA,Kec. Cipondoh,286102,Kota Tangerang,286100,Prov. Banten,280000,0,0,0,0,0,0,0,0,,
INSAN TAQWA,69898415,RA,SWASTA,Kec. Cipondoh,286102,Kota Tangerang,286100,Prov. Banten,280000,0,0,0,0,0,0,0,0,,
IZZATUL ILMI,69898449,RA,SWASTA,Kec. Cipondoh,286102,Kota Tangerang,286100,Prov. Banten,280000,0,0,0,0,0,0,0,0,,
KHIYARUL UMMAH,69898428,RA,SWASTA,Kec. Cipondoh,286102,Kota Tangerang,286100,Prov. Banten,280000,0,0,0,0,0,0,0,0,,
LANTABURO,69898442,RA,SWASTA,Kec. Cipondoh,286102,Kota Tangerang,286100,Prov. Banten,280000,0,0,0,0,0,0,0,0,,
MIFTAHUL HUDA,69898421,RA,SWASTA,Kec. Cipondoh,286102,Kota Tangerang,286100,Prov. Banten,280000,0,0,0,0,0,0,0,0,,
NURUL HIKMAH,69898419,RA,SWASTA,Kec. Cipondoh,286102,Kota Tangerang,286100,Prov. Banten,280000,0,0,0,0,0,0,0,0,,
NURUL IMAN,69898433,RA,SWASTA,Kec. Cipondoh,286102,Kota Tangerang,286100,Prov. Banten,280000,0,0,0,0,0,0,0,0,,
PEMBANGUNAN UMAH,69898448,RA,SWASTA,Kec. Cipondoh,286102,Kota Tangerang,286100,Prov. Banten,280000,0,0,0,0,0,0,0,0,,
RA AL MADINAH,69898528,RA,SWASTA,Kec. Cipondoh,286102,Kota Tangerang,286100,Prov. Banten,280000,0,0,0,0,0,0,0,0,,
RA ARAFAH,69898417,RA,SWASTA,Kec. Cipondoh,286102,Kota Tangerang,286100,Prov. Banten,280000,0,0,0,0,0,0,0,0,,
RA AT TAUFIQIYAH,69898423,RA,SWASTA,Kec. Cipondoh,286102,Kota Tangerang,286100,Prov. Banten,280000,0,0,0,0,0,0,0,0,,
RA AZ HARA,69898420,RA,SWASTA,Kec. Cipondoh,286102,Kota Tangerang,286100,Prov. Banten,280000,0,0,0,0,0,0,0,0,,
RA DAARUTTUQO,69941207,RA,SWASTA,Kec. Cipondoh,286102,Kota Tangerang,286100,Prov. Banten,280000,0,0,0,0,0,0,0,0,,
RA DIAN INSANI,69898450,RA,SWASTA,Kec. Cipondoh,286102,Kota Tangerang,286100,Prov. Banten,280000,0,0,0,0,0,0,0,0,,
RA NURUL HIDAYAH,69898438,RA,SWASTA,Kec. Cipondoh,286102,Kota Tangerang,286100,Prov. Banten,280000,0,0,0,0,0,0,0,0,,
RA SABILA,69898447,RA,SWASTA,Kec. Cipondoh,286102,Kota Tangerang,286100,Prov. Banten,280000,0,0,0,0,0,0,0,0,,
RA YASIR,69898418,RA,SWASTA,Kec. Cipondoh,286102,Kota Tangerang,286100,Prov. Banten,280000,0,0,0,0,0,0,0,0,,
RA. AL MUHAJIRIN,69888045,RA,SWASTA,Kec. Cipondoh,286102,Kota Tangerang,286100,Prov. Banten,280000,0,0,0,0,0,0,0,0,,
RA. AL-AMIR,69888051,RA,SWASTA,Kec. Cipondoh,286102,Kota Tangerang,286100,Prov. Banten,280000,0,0,0,0,0,0,0,0,,
RA. AL-BARKAH,69888052,RA,SWASTA,Kec. Cipondoh,286102,Kota Tangerang,286100,Prov. Banten,280000,0,0,0,0,0,0,0,0,,
RA. AL-HIDAYAH,69888057,RA,SWASTA,Kec. Cipondoh,286102,Kota Tangerang,286100,Prov. Banten,280000,0,0,0,0,0,0,0,0,,
RA. AL-IKHLAS,69888059,RA,SWASTA,Kec. Cipondoh,286102,Kota Tangerang,286100,Prov. Banten,280000,0,0,0,0,0,0,0,0,,
RA. AL-UKHWATUL ISLAMIYAH,69888046,RA,SWASTA,Kec. Cipondoh,286102,Kota Tangerang,286100,Prov. Banten,280000,0,0,0,0,0,0,0,0,,
RA. ANNAWIR,69888056,RA,SWASTA,Kec. Cipondoh,286102,Kota Tangerang,286100,Prov. Banten,280000,0,0,0,0,0,0,0,0,,
RA. AR RIZQI,69888053,RA,SWASTA,Kec. Cipondoh,286102,Kota Tangerang,286100,Prov. Banten,280000,0,0,0,0,0,0,0,0,,
RA. AS-SYIFA,69888050,RA,SWASTA,Kec. Cipondoh,286102,Kota Tangerang,286100,Prov. Banten,280000,0,0,0,0,0,0,0,0,,
RA. ASSALAM,69888044,RA,SWASTA,Kec. Cipondoh,286102,Kota Tangerang,286100,Prov. Banten,280000,0,0,0,0,0,0,0,0,,
RA. ASY-SYAFI`,69888061,RA,SWASTA,Kec. Cipondoh,286102,Kota Tangerang,286100,Prov. Banten,280000,0,0,0,0,0,0,0,0,,
RA. AT-TAUBAH,69888054,RA,SWASTA,Kec. Cipondoh,286102,Kota Tangerang,286100,Prov. Banten,280000,0,0,0,0,0,0,0,0,,
RA. DARUL FALAH,69888060,RA,SWASTA,Kec. Cipondoh,286102,Kota Tangerang,286100,Prov. Banten,280000,0,0,0,0,0,0,0,0,,
RA. HUSNUL KHATIMAH,69888047,RA,SWASTA,Kec. Cipondoh,286102,Kota Tangerang,286100,Prov. Banten,280000,0,0,0,0,0,0,0,0,,
RA. KHAIRUNNISA,69888055,RA,SWASTA,Kec. Cipondoh,286102,Kota Tangerang,286100,Prov. Banten,280000,0,0,0,0,0,0,0,0,,
RA. NURUL MUTAALLIMIN,69888049,RA,SWASTA,Kec. Cipondoh,286102,Kota Tangerang,286100,Prov. Banten,280000,0,0,0,0,0,0,0,0,,
RA. NURUSSALAM,69888048,RA,SWASTA,Kec. Cipondoh,286102,Kota Tangerang,286100,Prov. Banten,280000,0,0,0,0,0,0,0,0,,
RA. RA.AR-ROFI,69888058,RA,SWASTA,Kec. Cipondoh,286102,Kota Tangerang,286100,Prov. Banten,280000,0,0,0,0,0,0,0,0,,
RA. RAUDHOTUL ILMI,69898510,RA,SWASTA,Kec. Cipondoh,286102,Kota Tangerang,286100,Prov. Banten,280000,0,0,0,0,0,0,0,0,,
RA/BA/TA SAEF ED DAULAH,69750047,RA,SWASTA,Kec. Cipondoh,286102,Kota Tangerang,286100,Prov. Banten,280000,0,0,0,0,0,0,0,0,,
SUBULUL FALAH,69898429,RA,SWASTA,Kec. Cipondoh,286102,Kota Tangerang,286100,Prov. Banten,280000,0,0,0,0,0,0,0,0,,
SYAFA ATUN NAJAH,69898446,RA,SWASTA,Kec. Cipondoh,286102,Kota Tangerang,286100,Prov. Banten,280000,0,0,0,0,0,0,0,0,,
MTS AL-AZHAAR UMMU SUWANAH,69977978,MTs,SWASTA,Kec. Cipondoh,286102,Kota Tangerang,286100,Prov. Banten,280000,0,0,0,0,0,0,0,0,,
MTS IHYA ULUMIDDIN,69984929,MTs,SWASTA,Kec. Cipondoh,286102,Kota Tangerang,286100,Prov. Banten,280000,0,0,0,0,0,0,0,0,,
MTS KHOIRUL HUDA,69895229,MTs,SWASTA,Kec. Cipondoh,286102,Kota Tangerang,286100,Prov. Banten,280000,0,0,0,0,0,0,0,0,,
MTS NURUL IMAN AL BARKAH,69984926,MTs,SWASTA,Kec. Cipondoh,286102,Kota Tangerang,286100,Prov. Banten,280000,0,0,0,0,0,0,0,0,,
MTSS AL MANSHURIYAH,20622959,MTs,SWASTA,Kec. Cipondoh,286102,Kota Tangerang,286100,Prov. Banten,280000,0,0,0,0,0,0,0,0,,
MTSS AL- FITROH,20622964,MTs,SWASTA,Kec. Cipondoh,286102,Kota Tangerang,286100,Prov. Banten,280000,0,0,0,0,0,0,0,0,,
MTSS ASY SYUKRIYYAH,69752238,MTs,SWASTA,Kec. Cipondoh,286102,Kota Tangerang,286100,Prov. Banten,280000,0,0,0,0,0,0,0,0,,
MTSS AT TAHIYYAH,20622958,MTs,SWASTA,Kec. Cipondoh,286102,Kota Tangerang,286100,Prov. Banten,280000,0,0,0,0,0,0,0,0,,
MTSS BUARAN,69881701,MTs,SWASTA,Kec. Cipondoh,286102,Kota Tangerang,286100,Prov. Banten,280000,0,0,0,0,0,0,0,0,,
MTSS CORDOVA,69956001,MTs,SWASTA,Kec. Cipondoh,286102,Kota Tangerang,286100,Prov. Banten,280000,0,0,0,0,0,0,0,0,,
MTSS DAARUL HIKMAH,20622957,MTs,SWASTA,Kec. Cipondoh,286102,Kota Tangerang,286100,Prov. Banten,280000,0,0,0,0,0,0,0,0,,
MTSS DARUL MA`ARIF,20622962,MTs,SWASTA,Kec. Cipondoh,286102,Kota Tangerang,286100,Prov. Banten,280000,0,0,0,0,0,0,0,0,,
MTSS DARUSSA ADAH,69886435,MTs,SWASTA,Kec. Cipondoh,286102,Kota Tangerang,286100,Prov. Banten,280000,0,0,0,0,0,0,0,0,,
MTSS HIDAYATUL MUBTADIAAT,69886436,MTs,SWASTA,Kec. Cipondoh,286102,Kota Tangerang,286100,Prov. Banten,280000,0,0,0,0,0,0,0,0,,
MTSS JABAL NUR,20622960,MTs,SWASTA,Kec. Cipondoh,286102,Kota Tangerang,286100,Prov. Banten,280000,0,0,0,0,0,0,0,0,,
MTSS JAMIATUS SHOLIHIN,20622961,MTs,SWASTA,Kec. Cipondoh,286102,Kota Tangerang,286100,Prov. Banten,280000,0,0,0,0,0,0,0,0,,
MTSS MIFTAHUSSA ADAH,69883357,MTs,SWASTA,Kec. Cipondoh,286102,Kota Tangerang,286100,Prov. Banten,280000,0,0,0,0,0,0,0,0,,
MTSS TA`LIM AL-MUBTADI,20622963,MTs,SWASTA,Kec. Cipondoh,286102,Kota Tangerang,286100,Prov. Banten,280000,0,0,0,0,0,0,0,0,,
MA AL AZHAAR UMMU SUWANAH,69984927,MA,SWASTA,Kec. Cipondoh,286102,Kota Tangerang,286100,Prov. Banten,280000,0,0,0,0,0,0,0,0,,
MA IHYA ULUMIDDIN,70031200,MA,SWASTA,Kec. Cipondoh,286102,Kota Tangerang,286100,Prov. Banten,280000,0,0,0,0,0,0,0,0,,
MAN 2 KOTA TANGERANG,20623289,MA,NEGERI,Kec. Cipondoh,286102,Kota Tangerang,286100,Prov. Banten,280000,0,0,0,0,0,0,0,0,,
MAS AL-MASFURIYAH,69955753,MA,SWASTA,Kec. Cipondoh,286102,Kota Tangerang,286100,Prov. Banten,280000,0,0,0,0,0,0,0,0,,
MAS AT TAHIYYAH,20623291,MA,SWASTA,Kec. Cipondoh,286102,Kota Tangerang,286100,Prov. Banten,280000,0,0,0,0,0,0,0,0,,
MAS DARUSSAADAH,20623293,MA,SWASTA,Kec. Cipondoh,286102,Kota Tangerang,286100,Prov. Banten,280000,0,0,0,0,0,0,0,0,,
MAS IBNU RUSYDI,20623292,MA,SWASTA,Kec. Cipondoh,286102,Kota Tangerang,286100,Prov. Banten,280000,0,0,0,0,0,0,0,0,,
MAS JABAL NUR UNIVERSAL,20623290,MA,SWASTA,Kec. Cipondoh,286102,Kota Tangerang,286100,Prov. Banten,280000,0,0,0,0,0,0,0,0,,
MI MI PLUS AL ISLAMIYYAH,69994608,MI,SWASTA,Kec. Cipondoh,286102,Kota Tangerang,286100,Prov. Banten,280000,0,0,0,0,0,0,0,0,,
MI NURUSSALAM,69894736,MI,SWASTA,Kec. Cipondoh,286102,Kota Tangerang,286100,Prov. Banten,280000,0,0,0,0,0,0,0,0,,
MI PLUS AS-SYIFA,70030377,MI,SWASTA,Kec. Cipondoh,286102,Kota Tangerang,286100,Prov. Banten,280000,0,0,0,0,0,0,0,0,,
MIS AL-FITROH,69883411,MI,SWASTA,Kec. Cipondoh,286102,Kota Tangerang,286100,Prov. Banten,280000,0,0,0,0,0,0,0,0,,
MIS AL-IKHLAS,69883417,MI,SWASTA,Kec. Cipondoh,286102,Kota Tangerang,286100,Prov. Banten,280000,0,0,0,0,0,0,0,0,,
MIS AL-WASATIYAH,69886215,MI,SWASTA,Kec. Cipondoh,286102,Kota Tangerang,286100,Prov. Banten,280000,0,0,0,0,0,0,0,0,,
MIS ANNURIYAH,69883414,MI,SWASTA,Kec. Cipondoh,286102,Kota Tangerang,286100,Prov. Banten,280000,0,0,0,0,0,0,0,0,,
MIS ASH-SHOLIHIN,69886214,MI,SWASTA,Kec. Cipondoh,286102,Kota Tangerang,286100,Prov. Banten,280000,0,0,0,0,0,0,0,0,,
MIS ASSALAM,69757120,MI,SWASTA,Kec. Cipondoh,286102,Kota Tangerang,286100,Prov. Banten,280000,0,0,0,0,0,0,0,0,,
MIS DAARUL HIKMAH,60721427,MI,SWASTA,Kec. Cipondoh,286102,Kota Tangerang,286100,Prov. Banten,280000,0,0,0,0,0,0,0,0,,
MIS DARUL HASAN,69886372,MI,SWASTA,Kec. Cipondoh,286102,Kota Tangerang,286100,Prov. Banten,280000,0,0,0,0,0,0,0,0,,
MIS DARUL HIDAYAH,69886371,MI,SWASTA,Kec. Cipondoh,286102,Kota Tangerang,286100,Prov. Banten,280000,0,0,0,0,0,0,0,0,,
MIS DARUL MAARIF,69883410,MI,SWASTA,Kec. Cipondoh,286102,Kota Tangerang,286100,Prov. Banten,280000,0,0,0,0,0,0,0,0,,
MIS HIDAYATUL MUBTADIAAT,69886373,MI,SWASTA,Kec. Cipondoh,286102,Kota Tangerang,286100,Prov. Banten,280000,0,0,0,0,0,0,0,0,,
MIS JAMIATUL GULAMI,69883408,MI,SWASTA,Kec. Cipondoh,286102,Kota Tangerang,286100,Prov. Banten,280000,0,0,0,0,0,0,0,0,,
MIS KHOIRUL HUDA,69883413,MI,SWASTA,Kec. Cipondoh,286102,Kota Tangerang,286100,Prov. Banten,280000,0,0,0,0,0,0,0,0,,
MIS LANTABURO,69883416,MI,SWASTA,Kec. Cipondoh,286102,Kota Tangerang,286100,Prov. Banten,280000,0,0,0,0,0,0,0,0,,
MIS MIFTAHUL AMIN,69757121,MI,SWASTA,Kec. Cipondoh,286102,Kota Tangerang,286100,Prov. Banten,280000,0,0,0,0,0,0,0,0,,
MIS MIFTAHUSSA ADAH,69883409,MI,SWASTA,Kec. Cipondoh,286102,Kota Tangerang,286100,Prov. Banten,280000,0,0,0,0,0,0,0,0,,
MIS NURUL HIKMAH,69886216,MI,SWASTA,Kec. Cipondoh,286102,Kota Tangerang,286100,Prov. Banten,280000,0,0,0,0,0,0,0,0,,
MIS PLUS AL MAQBUL,69883415,MI,SWASTA,Kec. Cipondoh,286102,Kota Tangerang,286100,Prov. Banten,280000,0,0,0,0,0,0,0,0,,
MIS PLUS ASY-SYUKRIYYAH,69883412,MI,SWASTA,Kec. Cipondoh,286102,Kota Tangerang,286100,Prov. Banten,280000,0,0,0,0,0,0,0,0,,
MIS TALIM MUBTADI I,69883407,MI,SWASTA,Kec. Cipondoh,286102,Kota Tangerang,286100,Prov. Banten,280000,0,0,0,0,0,0,0,0,,
MIS TERPADU JABAL NUR,70042430,MI,SWASTA,Kec. Cipondoh,286102,Kota Tangerang,286100,Prov. Banten,280000,0,0,0,0,0,0,0,0,,
SAEF ED DAULAH,69894737,MI,SWASTA,Kec. Cipondoh,286102,Kota Tangerang,286100,Prov. Banten,280000,0,0,0,0,0,0,0,0,,
TA LIM MUBTADI 2,69894735,MI,SWASTA,Kec. Cipondoh,286102,Kota Tangerang,286100,Prov. Banten,280000,0,0,0,0,0,0,0,0,,
MTSN 1 KOTA TANGERANG,20622979,MTs,NEGERI,Kec. Tangerang,286103,Kota Tangerang,286100,Prov. Banten,280000,0,0,0,0,0,0,0,0,,
MTSS AL HUSNA,20622980,MTs,SWASTA,Kec. Tangerang,286103,Kota Tangerang,286100,Prov. Banten,280000,0,0,0,0,0,0,0,0,,
MTSS AL-KARMANIYAH,69883362,MTs,SWASTA,Kec. Tangerang,286103,Kota Tangerang,286100,Prov. Banten,280000,0,0,0,0,0,0,0,0,,
MTSS MIFTAHUSSALAM,69883361,MTs,SWASTA,Kec. Tangerang,286103,Kota Tangerang,286100,Prov. Banten,280000,0,0,0,0,0,0,0,0,,
MIN 1 KOTA TANGERANG,60721436,MI,NEGERI,Kec. Tangerang,286103,Kota Tangerang,286100,Prov. Banten,280000,0,0,0,0,0,0,0,0,,
MIS AL INAYAH,69755375,MI,SWASTA,Kec. Tangerang,286103,Kota Tangerang,286100,Prov. Banten,280000,0,0,0,0,0,0,0,0,,
MIS AL KARMANIAH,69755378,MI,SWASTA,Kec. Tangerang,286103,Kota Tangerang,286100,Prov. Banten,280000,0,0,0,0,0,0,0,0,,
MIS AL MABRUROH,69755376,MI,SWASTA,Kec. Tangerang,286103,Kota Tangerang,286100,Prov. Banten,280000,0,0,0,0,0,0,0,0,,
MIS BAITURROHMAN,69755374,MI,SWASTA,Kec. Tangerang,286103,Kota Tangerang,286100,Prov. Banten,280000,0,0,0,0,0,0,0,0,,
MIS JAMAATUL ISLAMIYAH,69886377,MI,SWASTA,Kec. Tangerang,286103,Kota Tangerang,286100,Prov. Banten,280000,0,0,0,0,0,0,0,0,,
MIS MIFTAHUSSALAM,69755377,MI,SWASTA,Kec. Tangerang,286103,Kota Tangerang,286100,Prov. Banten,280000,0,0,0,0,0,0,0,0,,
AL HASANAH,69958193,RA,SWASTA,Kec. Tangerang,286103,Kota Tangerang,286100,Prov. Banten,280000,0,0,0,0,0,0,0,0,,
AL HIDAYAH MODERNLAND,69958192,RA,SWASTA,Kec. Tangerang,286103,Kota Tangerang,286100,Prov. Banten,280000,0,0,0,0,0,0,0,0,,
AL ISTIANAH,69898557,RA,SWASTA,Kec. Tangerang,286103,Kota Tangerang,286100,Prov. Banten,280000,0,0,0,0,0,0,0,0,,
AL ISTIQOMAH,69898563,RA,SWASTA,Kec. Tangerang,286103,Kota Tangerang,286100,Prov. Banten,280000,0,0,0,0,0,0,0,0,,
AL-FURQON,69898566,RA,SWASTA,Kec. Tangerang,286103,Kota Tangerang,286100,Prov. Banten,280000,0,0,0,0,0,0,0,0,,
AL-HAKIM,69898569,RA,SWASTA,Kec. Tangerang,286103,Kota Tangerang,286100,Prov. Banten,280000,0,0,0,0,0,0,0,0,,
AL-HIKMAH,69898554,RA,SWASTA,Kec. Tangerang,286103,Kota Tangerang,286100,Prov. Banten,280000,0,0,0,0,0,0,0,0,,
ALMABRUROTUL MUNAWWAROH,69898576,RA,SWASTA,Kec. Tangerang,286103,Kota Tangerang,286100,Prov. Banten,280000,0,0,0,0,0,0,0,0,,
BAITUL HIKAM,69898561,RA,SWASTA,Kec. Tangerang,286103,Kota Tangerang,286100,Prov. Banten,280000,0,0,0,0,0,0,0,0,,
BAITURROHMAN,69898552,RA,SWASTA,Kec. Tangerang,286103,Kota Tangerang,286100,Prov. Banten,280000,0,0,0,0,0,0,0,0,,
LEBAH MADU,69898577,RA,SWASTA,Kec. Tangerang,286103,Kota Tangerang,286100,Prov. Banten,280000,0,0,0,0,0,0,0,0,,
MIFTAHUSSALAM,69898558,RA,SWASTA,Kec. Tangerang,286103,Kota Tangerang,286100,Prov. Banten,280000,0,0,0,0,0,0,0,0,,
NURUL FALAH,69898571,RA,SWASTA,Kec. Tangerang,286103,Kota Tangerang,286100,Prov. Banten,280000,0,0,0,0,0,0,0,0,,
NURUL ISLAM,69898560,RA,SWASTA,Kec. Tangerang,286103,Kota Tangerang,286100,Prov. Banten,280000,0,0,0,0,0,0,0,0,,
NURUL KHAIR,69898553,RA,SWASTA,Kec. Tangerang,286103,Kota Tangerang,286100,Prov. Banten,280000,0,0,0,0,0,0,0,0,,
RA AL MARIAH,69898578,RA,SWASTA,Kec. Tangerang,286103,Kota Tangerang,286100,Prov. Banten,280000,0,0,0,0,0,0,0,0,,
RA AL-AWALIYAH,69898564,RA,SWASTA,Kec. Tangerang,286103,Kota Tangerang,286100,Prov. Banten,280000,0,0,0,0,0,0,0,0,,
RA AL-HASANAH,69898509,RA,SWASTA,Kec. Tangerang,286103,Kota Tangerang,286100,Prov. Banten,280000,0,0,0,0,0,0,0,0,,
RA AL-KARMANIYAH,69898570,RA,SWASTA,Kec. Tangerang,286103,Kota Tangerang,286100,Prov. Banten,280000,0,0,0,0,0,0,0,0,,
RA AL-MUTTAQIN,69898559,RA,SWASTA,Kec. Tangerang,286103,Kota Tangerang,286100,Prov. Banten,280000,0,0,0,0,0,0,0,0,,
RA AN NAAFI,69958194,RA,SWASTA,Kec. Tangerang,286103,Kota Tangerang,286100,Prov. Banten,280000,0,0,0,0,0,0,0,0,,
RA AR-RASYID,69898568,RA,SWASTA,Kec. Tangerang,286103,Kota Tangerang,286100,Prov. Banten,280000,0,0,0,0,0,0,0,0,,
RA ASSAADAH,69898574,RA,SWASTA,Kec. Tangerang,286103,Kota Tangerang,286100,Prov. Banten,280000,0,0,0,0,0,0,0,0,,
RA DAARUL FIKRI,69898572,RA,SWASTA,Kec. Tangerang,286103,Kota Tangerang,286100,Prov. Banten,280000,0,0,0,0,0,0,0,0,,
RA DARUL IKHROM,69898575,RA,SWASTA,Kec. Tangerang,286103,Kota Tangerang,286100,Prov. Banten,280000,0,0,0,0,0,0,0,0,,
RA DARUSSALAM,69898567,RA,SWASTA,Kec. Tangerang,286103,Kota Tangerang,286100,Prov. Banten,280000,0,0,0,0,0,0,0,0,,
RA MIFTAHUL JANNAH,69898555,RA,SWASTA,Kec. Tangerang,286103,Kota Tangerang,286100,Prov. Banten,280000,0,0,0,0,0,0,0,0,,
RA MISBAHUL ULLUM AZZAINNIYYAH,69898565,RA,SWASTA,Kec. Tangerang,286103,Kota Tangerang,286100,Prov. Banten,280000,0,0,0,0,0,0,0,0,,
RA NADZROTUL IZA,69898573,RA,SWASTA,Kec. Tangerang,286103,Kota Tangerang,286100,Prov. Banten,280000,0,0,0,0,0,0,0,0,,
RA NAS ANNUL QUR AN,69941208,RA,SWASTA,Kec. Tangerang,286103,Kota Tangerang,286100,Prov. Banten,280000,0,0,0,0,0,0,0,0,,
RA. AL HIDAYAH,69888116,RA,SWASTA,Kec. Tangerang,286103,Kota Tangerang,286100,Prov. Banten,280000,0,0,0,0,0,0,0,0,,
RA. AL HUSNA,69888113,RA,SWASTA,Kec. Tangerang,286103,Kota Tangerang,286100,Prov. Banten,280000,0,0,0,0,0,0,0,0,,
RA. AL INAYAH DARMINIYAH,69888117,RA,SWASTA,Kec. Tangerang,286103,Kota Tangerang,286100,Prov. Banten,280000,0,0,0,0,0,0,0,0,,
RA. AL KAHFI,69888122,RA,SWASTA,Kec. Tangerang,286103,Kota Tangerang,286100,Prov. Banten,280000,0,0,0,0,0,0,0,0,,
RA. AL-MAULANA,69888121,RA,SWASTA,Kec. Tangerang,286103,Kota Tangerang,286100,Prov. Banten,280000,0,0,0,0,0,0,0,0,,
RA. AT - TAQWA,69888114,RA,SWASTA,Kec. Tangerang,286103,Kota Tangerang,286100,Prov. Banten,280000,0,0,0,0,0,0,0,0,,
RA. BABUSSALAM,69888115,RA,SWASTA,Kec. Tangerang,286103,Kota Tangerang,286100,Prov. Banten,280000,0,0,0,0,0,0,0,0,,
RA. GEMA ILAHI,69888119,RA,SWASTA,Kec. Tangerang,286103,Kota Tangerang,286100,Prov. Banten,280000,0,0,0,0,0,0,0,0,,
RA. NAURAH,69888120,RA,SWASTA,Kec. Tangerang,286103,Kota Tangerang,286100,Prov. Banten,280000,0,0,0,0,0,0,0,0,,
RA. NURUL AMIN,69888118,RA,SWASTA,Kec. Tangerang,286103,Kota Tangerang,286100,Prov. Banten,280000,0,0,0,0,0,0,0,0,,
RA. WILDANUL FIRDAUS,69888123,RA,SWASTA,Kec. Tangerang,286103,Kota Tangerang,286100,Prov. Banten,280000,0,0,0,0,0,0,0,0,,
RAUDHOTUL IMAN,69898556,RA,SWASTA,Kec. Tangerang,286103,Kota Tangerang,286100,Prov. Banten,280000,0,0,0,0,0,0,0,0,,
WILDANUL JANNAH,69898562,RA,SWASTA,Kec. Tangerang,286103,Kota Tangerang,286100,Prov. Banten,280000,0,0,0,0,0,0,0,0,,
MA AL MANSHURIYAH CIPETE,70030912,MA,SWASTA,Kec. Pinang,286109,Kota Tangerang,286100,Prov. Banten,280000,0,0,0,0,0,0,0,0,,
MA NURUL IMAN,69993670,MA,SWASTA,Kec. Pinang,286109,Kota Tangerang,286100,Prov. Banten,280000,0,0,0,0,0,0,0,0,,
MA WH ISLAMIC BOARDING SCHOOL,70059433,MA,SWASTA,Kec. Pinang,286109,Kota Tangerang,286100,Prov. Banten,280000,0,0,0,0,0,0,0,0,,
MAS NURUL HUDA,20623302,MA,SWASTA,Kec. Pinang,286109,Kota Tangerang,286100,Prov. Banten,280000,0,0,0,0,0,0,0,0,,
MTS WAHIDIN HALIM ISLAMIC SCHOOL,70059064,MTs,SWASTA,Kec. Pinang,286109,Kota Tangerang,286100,Prov. Banten,280000,0,0,0,0,0,0,0,0,,
MTSN 2 KOTA TANGERANG,20622955,MTs,NEGERI,Kec. Pinang,286109,Kota Tangerang,286100,Prov. Banten,280000,0,0,0,0,0,0,0,0,,
MTSS AL MANSHURIYAH CIPETE,20622977,MTs,SWASTA,Kec. Pinang,286109,Kota Tangerang,286100,Prov. Banten,280000,0,0,0,0,0,0,0,0,,
MTSS AL MUBAROK,20622978,MTs,SWASTA,Kec. Pinang,286109,Kota Tangerang,286100,Prov. Banten,280000,0,0,0,0,0,0,0,0,,
MTSS DAARUL MUQORROBIN,20622976,MTs,SWASTA,Kec. Pinang,286109,Kota Tangerang,286100,Prov. Banten,280000,0,0,0,0,0,0,0,0,,
MTSS NURUL HUDA,20622975,MTs,SWASTA,Kec. Pinang,286109,Kota Tangerang,286100,Prov. Banten,280000,0,0,0,0,0,0,0,0,,
MTSS NURUL IMAN,69752240,MTs,SWASTA,Kec. Pinang,286109,Kota Tangerang,286100,Prov. Banten,280000,0,0,0,0,0,0,0,0,,
MI PLUS AL-MUHADJIRIN,70045370,MI,SWASTA,Kec. Pinang,286109,Kota Tangerang,286100,Prov. Banten,280000,0,0,0,0,0,0,0,0,,
MIS AL MANSHURIYAH,69755397,MI,SWASTA,Kec. Pinang,286109,Kota Tangerang,286100,Prov. Banten,280000,0,0,0,0,0,0,0,0,,
MIS AL MUBAROK,69755400,MI,SWASTA,Kec. Pinang,286109,Kota Tangerang,286100,Prov. Banten,280000,0,0,0,0,0,0,0,0,,
MIS AL-MASHIRIYYAH,70006601,MI,SWASTA,Kec. Pinang,286109,Kota Tangerang,286100,Prov. Banten,280000,0,0,0,0,0,0,0,0,,
MIS AR RIYADHUL BADIAH,69755396,MI,SWASTA,Kec. Pinang,286109,Kota Tangerang,286100,Prov. Banten,280000,0,0,0,0,0,0,0,0,,
MIS ASY-SYIFA,69883419,MI,SWASTA,Kec. Pinang,286109,Kota Tangerang,286100,Prov. Banten,280000,0,0,0,0,0,0,0,0,,
MIS AT TAQWA,69755401,MI,SWASTA,Kec. Pinang,286109,Kota Tangerang,286100,Prov. Banten,280000,0,0,0,0,0,0,0,0,,
MIS NURUL FALAH,69755398,MI,SWASTA,Kec. Pinang,286109,Kota Tangerang,286100,Prov. Banten,280000,0,0,0,0,0,0,0,0,,
MIS NURUL HUDA,69886376,MI,SWASTA,Kec. Pinang,286109,Kota Tangerang,286100,Prov. Banten,280000,0,0,0,0,0,0,0,0,,
MIS NURUL YAQIN,69755399,MI,SWASTA,Kec. Pinang,286109,Kota Tangerang,286100,Prov. Banten,280000,0,0,0,0,0,0,0,0,,
AL BADAR,69898551,RA,SWASTA,Kec. Pinang,286109,Kota Tangerang,286100,Prov. Banten,280000,0,0,0,0,0,0,0,0,,
AL FITROH,69898538,RA,SWASTA,Kec. Pinang,286109,Kota Tangerang,286100,Prov. Banten,280000,0,0,0,0,0,0,0,0,,
AL HILAL,69898547,RA,SWASTA,Kec. Pinang,286109,Kota Tangerang,286100,Prov. Banten,280000,0,0,0,0,0,0,0,0,,
AL MUKHLISIN,69898529,RA,SWASTA,Kec. Pinang,286109,Kota Tangerang,286100,Prov. Banten,280000,0,0,0,0,0,0,0,0,,
AL-AINIYAH,69898533,RA,SWASTA,Kec. Pinang,286109,Kota Tangerang,286100,Prov. Banten,280000,0,0,0,0,0,0,0,0,,
AL-HIKMAH,69898535,RA,SWASTA,Kec. Pinang,286109,Kota Tangerang,286100,Prov. Banten,280000,0,0,0,0,0,0,0,0,,
AN NIDA,69898532,RA,SWASTA,Kec. Pinang,286109,Kota Tangerang,286100,Prov. Banten,280000,0,0,0,0,0,0,0,0,,
AR-RAHMAH,69898542,RA,SWASTA,Kec. Pinang,286109,Kota Tangerang,286100,Prov. Banten,280000,0,0,0,0,0,0,0,0,,
AS SALAM,69898548,RA,SWASTA,Kec. Pinang,286109,Kota Tangerang,286100,Prov. Banten,280000,0,0,0,0,0,0,0,0,,
AS SHOLIHIN,69898537,RA,SWASTA,Kec. Pinang,286109,Kota Tangerang,286100,Prov. Banten,280000,0,0,0,0,0,0,0,0,,
ASY-SYIFA,69898541,RA,SWASTA,Kec. Pinang,286109,Kota Tangerang,286100,Prov. Banten,280000,0,0,0,0,0,0,0,0,,
BAITUL UMAM,69898543,RA,SWASTA,Kec. Pinang,286109,Kota Tangerang,286100,Prov. Banten,280000,0,0,0,0,0,0,0,0,,
HABIBIYAH ANNUR,69898534,RA,SWASTA,Kec. Pinang,286109,Kota Tangerang,286100,Prov. Banten,280000,0,0,0,0,0,0,0,0,,
IBADUR RAHMAN,69898536,RA,SWASTA,Kec. Pinang,286109,Kota Tangerang,286100,Prov. Banten,280000,0,0,0,0,0,0,0,0,,
MUALIMIN,69898539,RA,SWASTA,Kec. Pinang,286109,Kota Tangerang,286100,Prov. Banten,280000,0,0,0,0,0,0,0,0,,
NURUL HIKMAH,69898546,RA,SWASTA,Kec. Pinang,286109,Kota Tangerang,286100,Prov. Banten,280000,0,0,0,0,0,0,0,0,,
NURUL IMAN,69898550,RA,SWASTA,Kec. Pinang,286109,Kota Tangerang,286100,Prov. Banten,280000,0,0,0,0,0,0,0,0,,
PERMATA HATI,69898544,RA,SWASTA,Kec. Pinang,286109,Kota Tangerang,286100,Prov. Banten,280000,0,0,0,0,0,0,0,0,,
PERMATA HATI,69898549,RA,SWASTA,Kec. Pinang,286109,Kota Tangerang,286100,Prov. Banten,280000,0,0,0,0,0,0,0,0,,
RA. AL - IRSYADIYAH,69888106,RA,SWASTA,Kec. Pinang,286109,Kota Tangerang,286100,Prov. Banten,280000,0,0,0,0,0,0,0,0,,
RA. AL MAUNAH,69888109,RA,SWASTA,Kec. Pinang,286109,Kota Tangerang,286100,Prov. Banten,280000,0,0,0,0,0,0,0,0,,
RA. AL-MUBAROK,69888107,RA,SWASTA,Kec. Pinang,286109,Kota Tangerang,286100,Prov. Banten,280000,0,0,0,0,0,0,0,0,,
RA. AL-MUHAJIRIN,69888108,RA,SWASTA,Kec. Pinang,286109,Kota Tangerang,286100,Prov. Banten,280000,0,0,0,0,0,0,0,0,,
RA. AMIDAH,69888110,RA,SWASTA,Kec. Pinang,286109,Kota Tangerang,286100,Prov. Banten,280000,0,0,0,0,0,0,0,0,,
RA. AR RUKYAH,69888100,RA,SWASTA,Kec. Pinang,286109,Kota Tangerang,286100,Prov. Banten,280000,0,0,0,0,0,0,0,0,,
RA. MUTIARA ANNISA,69888111,RA,SWASTA,Kec. Pinang,286109,Kota Tangerang,286100,Prov. Banten,280000,0,0,0,0,0,0,0,0,,
RA. NUURUL JANNAH,69888112,RA,SWASTA,Kec. Pinang,286109,Kota Tangerang,286100,Prov. Banten,280000,0,0,0,0,0,0,0,0,,
TSABITA,69898540,RA,SWASTA,Kec. Pinang,286109,Kota Tangerang,286100,Prov. Banten,280000,0,0,0,0,0,0,0,0,,
ZAHRA ALAMANDA,69898545,RA,SWASTA,Kec. Pinang,286109,Kota Tangerang,286100,Prov. Banten,280000,0,0,0,0,0,0,0,0,,
MTSS ASSALAM,69886438,MTs,SWASTA,Kec. Karawaci,286110,Kota Tangerang,286100,Prov. Banten,280000,0,0,0,0,0,0,0,0,,
MTSS AT-TASYRI,69886437,MTs,SWASTA,Kec. Karawaci,286110,Kota Tangerang,286100,Prov. Banten,280000,0,0,0,0,0,0,0,0,,
MTSS DAARUL IRFAN,69757137,MTs,SWASTA,Kec. Karawaci,286110,Kota Tangerang,286100,Prov. Banten,280000,0,0,0,0,0,0,0,0,,
MTSS DARUL AMAL,69887075,MTs,SWASTA,Kec. Karawaci,286110,Kota Tangerang,286100,Prov. Banten,280000,0,0,0,0,0,0,0,0,,
MTSS DARUL HIKMAH,20622969,MTs,SWASTA,Kec. Karawaci,286110,Kota Tangerang,286100,Prov. Banten,280000,0,0,0,0,0,0,0,0,,
MTSS MIFTAHUSSALAM,20622970,MTs,SWASTA,Kec. Karawaci,286110,Kota Tangerang,286100,Prov. Banten,280000,0,0,0,0,0,0,0,0,,
MIS AL HIDAYAH,60721435,MI,SWASTA,Kec. Karawaci,286110,Kota Tangerang,286100,Prov. Banten,280000,0,0,0,0,0,0,0,0,,
MIS AL HUSNA,60721433,MI,SWASTA,Kec. Karawaci,286110,Kota Tangerang,286100,Prov. Banten,280000,0,0,0,0,0,0,0,0,,
MIS DARUL AMAL,60721434,MI,SWASTA,Kec. Karawaci,286110,Kota Tangerang,286100,Prov. Banten,280000,0,0,0,0,0,0,0,0,,
MIS DARUL HIKMAH CIMONE,60721431,MI,SWASTA,Kec. Karawaci,286110,Kota Tangerang,286100,Prov. Banten,280000,0,0,0,0,0,0,0,0,,
MIS MIFTAHUSSALAM,69755381,MI,SWASTA,Kec. Karawaci,286110,Kota Tangerang,286100,Prov. Banten,280000,0,0,0,0,0,0,0,0,,
MIS NURUL HUDA,60721432,MI,SWASTA,Kec. Karawaci,286110,Kota Tangerang,286100,Prov. Banten,280000,0,0,0,0,0,0,0,0,,
MAN 1 KOTA TANGERANG,20623295,MA,NEGERI,Kec. Karawaci,286110,Kota Tangerang,286100,Prov. Banten,280000,0,0,0,0,0,0,0,0,,
MAS AL-IJTIHAD,20623296,MA,SWASTA,Kec. Karawaci,286110,Kota Tangerang,286100,Prov. Banten,280000,0,0,0,0,0,0,0,0,,
MAS ASSALAM,69886313,MA,SWASTA,Kec. Karawaci,286110,Kota Tangerang,286100,Prov. Banten,280000,0,0,0,0,0,0,0,0,,
MAS AT-TASYRI,20623297,MA,SWASTA,Kec. Karawaci,286110,Kota Tangerang,286100,Prov. Banten,280000,0,0,0,0,0,0,0,0,,
AL BARKAH,69898485,RA,SWASTA,Kec. Karawaci,286110,Kota Tangerang,286100,Prov. Banten,280000,0,0,0,0,0,0,0,0,,
AL IBROH,69898489,RA,SWASTA,Kec. Karawaci,286110,Kota Tangerang,286100,Prov. Banten,280000,0,0,0,0,0,0,0,0,,
AL-AMAALIYYAH,69898475,RA,SWASTA,Kec. Karawaci,286110,Kota Tangerang,286100,Prov. Banten,280000,0,0,0,0,0,0,0,0,,
AL-ANSHOR,69898476,RA,SWASTA,Kec. Karawaci,286110,Kota Tangerang,286100,Prov. Banten,280000,0,0,0,0,0,0,0,0,,
AL-ARSYAD,69898470,RA,SWASTA,Kec. Karawaci,286110,Kota Tangerang,286100,Prov. Banten,280000,0,0,0,0,0,0,0,0,,
AL-BANI AMIR,69898487,RA,SWASTA,Kec. Karawaci,286110,Kota Tangerang,286100,Prov. Banten,280000,0,0,0,0,0,0,0,0,,
AL-FATAH,69898486,RA,SWASTA,Kec. Karawaci,286110,Kota Tangerang,286100,Prov. Banten,280000,0,0,0,0,0,0,0,0,,
AL-HIDAYAH,69898472,RA,SWASTA,Kec. Karawaci,286110,Kota Tangerang,286100,Prov. Banten,280000,0,0,0,0,0,0,0,0,,
AL-IJTIHAD,69898469,RA,SWASTA,Kec. Karawaci,286110,Kota Tangerang,286100,Prov. Banten,280000,0,0,0,0,0,0,0,0,,
AL-MUKMININ,69898471,RA,SWASTA,Kec. Karawaci,286110,Kota Tangerang,286100,Prov. Banten,280000,0,0,0,0,0,0,0,0,,
AR-RIZQI,69898481,RA,SWASTA,Kec. Karawaci,286110,Kota Tangerang,286100,Prov. Banten,280000,0,0,0,0,0,0,0,0,,
ASH-SHALIHIEN,69898479,RA,SWASTA,Kec. Karawaci,286110,Kota Tangerang,286100,Prov. Banten,280000,0,0,0,0,0,0,0,0,,
ASY-SYAWALIYYAH,69898484,RA,SWASTA,Kec. Karawaci,286110,Kota Tangerang,286100,Prov. Banten,280000,0,0,0,0,0,0,0,0,,
JAMIYATUL KHAIR,69898473,RA,SWASTA,Kec. Karawaci,286110,Kota Tangerang,286100,Prov. Banten,280000,0,0,0,0,0,0,0,0,,
NURUSSHOBAH,69898474,RA,SWASTA,Kec. Karawaci,286110,Kota Tangerang,286100,Prov. Banten,280000,0,0,0,0,0,0,0,0,,
RA AL FATIH,69898490,RA,SWASTA,Kec. Karawaci,286110,Kota Tangerang,286100,Prov. Banten,280000,0,0,0,0,0,0,0,0,,
RA AN-NUUR,69977973,RA,SWASTA,Kec. Karawaci,286110,Kota Tangerang,286100,Prov. Banten,280000,0,0,0,0,0,0,0,0,,
RA ASSALAM,69898478,RA,SWASTA,Kec. Karawaci,286110,Kota Tangerang,286100,Prov. Banten,280000,0,0,0,0,0,0,0,0,,
RA AZ-ZAHRO,69898488,RA,SWASTA,Kec. Karawaci,286110,Kota Tangerang,286100,Prov. Banten,280000,0,0,0,0,0,0,0,0,,
RA BANI ARSYAD,69898468,RA,SWASTA,Kec. Karawaci,286110,Kota Tangerang,286100,Prov. Banten,280000,0,0,0,0,0,0,0,0,,
RA ISLAMIC CENTRE,69898480,RA,SWASTA,Kec. Karawaci,286110,Kota Tangerang,286100,Prov. Banten,280000,0,0,0,0,0,0,0,0,,
RA. AL-AWWAB,69888084,RA,SWASTA,Kec. Karawaci,286110,Kota Tangerang,286100,Prov. Banten,280000,0,0,0,0,0,0,0,0,,
RA. AL-FURQON,69888078,RA,SWASTA,Kec. Karawaci,286110,Kota Tangerang,286100,Prov. Banten,280000,0,0,0,0,0,0,0,0,,
RA. AL-HASANAH,69888081,RA,SWASTA,Kec. Karawaci,286110,Kota Tangerang,286100,Prov. Banten,280000,0,0,0,0,0,0,0,0,,
RA. AL-MUFTI,69888080,RA,SWASTA,Kec. Karawaci,286110,Kota Tangerang,286100,Prov. Banten,280000,0,0,0,0,0,0,0,0,,
RA. ASY SYIFA,69888082,RA,SWASTA,Kec. Karawaci,286110,Kota Tangerang,286100,Prov. Banten,280000,0,0,0,0,0,0,0,0,,
RA. AZ-ZAHRA,69888083,RA,SWASTA,Kec. Karawaci,286110,Kota Tangerang,286100,Prov. Banten,280000,0,0,0,0,0,0,0,0,,
RA. BANI TAMIM,69888077,RA,SWASTA,Kec. Karawaci,286110,Kota Tangerang,286100,Prov. Banten,280000,0,0,0,0,0,0,0,0,,
RA. BINTANG PERMATA BUNDA,69888090,RA,SWASTA,Kec. Karawaci,286110,Kota Tangerang,286100,Prov. Banten,280000,0,0,0,0,0,0,0,0,,
RA. EKA TIARA,69888089,RA,SWASTA,Kec. Karawaci,286110,Kota Tangerang,286100,Prov. Banten,280000,0,0,0,0,0,0,0,0,,
RA. INSAN SAKINAH,69888087,RA,SWASTA,Kec. Karawaci,286110,Kota Tangerang,286100,Prov. Banten,280000,0,0,0,0,0,0,0,0,,
RA. PELANGI NUSANTARA,69888086,RA,SWASTA,Kec. Karawaci,286110,Kota Tangerang,286100,Prov. Banten,280000,0,0,0,0,0,0,0,0,,
RA. PRESTASI,69888085,RA,SWASTA,Kec. Karawaci,286110,Kota Tangerang,286100,Prov. Banten,280000,0,0,0,0,0,0,0,0,,
RA. ROSITA,69888088,RA,SWASTA,Kec. Karawaci,286110,Kota Tangerang,286100,Prov. Banten,280000,0,0,0,0,0,0,0,0,,
RA. RUHAMA,69888079,RA,SWASTA,Kec. Karawaci,286110,Kota Tangerang,286100,Prov. Banten,280000,0,0,0,0,0,0,0,0,,
RIHAADATUL AISY,69898482,RA,SWASTA,Kec. Karawaci,286110,Kota Tangerang,286100,Prov. Banten,280000,0,0,0,0,0,0,0,0,,
MIS AL HIDAYAH,69755418,MI,SWASTA,Kec. Periuk,286112,Kota Tangerang,286100,Prov. Banten,280000,0,0,0,0,0,0,0,0,,
MIS AL HUSNA GEMBOR,69755414,MI,SWASTA,Kec. Periuk,286112,Kota Tangerang,286100,Prov. Banten,280000,0,0,0,0,0,0,0,0,,
MIS AL HUSNA PERIUK,69755416,MI,SWASTA,Kec. Periuk,286112,Kota Tangerang,286100,Prov. Banten,280000,0,0,0,0,0,0,0,0,,
MIS AL URWATUL WUTSQO,69755417,MI,SWASTA,Kec. Periuk,286112,Kota Tangerang,286100,Prov. Banten,280000,0,0,0,0,0,0,0,0,,
MIS NURUL FALAH,69755415,MI,SWASTA,Kec. Periuk,286112,Kota Tangerang,286100,Prov. Banten,280000,0,0,0,0,0,0,0,0,,
MIS RIYADUNNAJAH,69886375,MI,SWASTA,Kec. Periuk,286112,Kota Tangerang,286100,Prov. Banten,280000,0,0,0,0,0,0,0,0,,
MTS ARYADILLAH,69977977,MTs,SWASTA,Kec. Periuk,286112,Kota Tangerang,286100,Prov. Banten,280000,0,0,0,0,0,0,0,0,,
MTSS AL HIDAYAH,69895745,MTs,SWASTA,Kec. Periuk,286112,Kota Tangerang,286100,Prov. Banten,280000,0,0,0,0,0,0,0,0,,
MTSS AL HUSNA GEMBOR,69883360,MTs,SWASTA,Kec. Periuk,286112,Kota Tangerang,286100,Prov. Banten,280000,0,0,0,0,0,0,0,0,,
MTSS NURUL FALAH,69883359,MTs,SWASTA,Kec. Periuk,286112,Kota Tangerang,286100,Prov. Banten,280000,0,0,0,0,0,0,0,0,,
MTSS YAPMI,69886441,MTs,SWASTA,Kec. Periuk,286112,Kota Tangerang,286100,Prov. Banten,280000,0,0,0,0,0,0,0,0,,
AL-HUSNA PERIUK,69898516,RA,SWASTA,Kec. Periuk,286112,Kota Tangerang,286100,Prov. Banten,280000,0,0,0,0,0,0,0,0,,
DIENUL ISLAM,69898514,RA,SWASTA,Kec. Periuk,286112,Kota Tangerang,286100,Prov. Banten,280000,0,0,0,0,0,0,0,0,,
FAJWAH,69898522,RA,SWASTA,Kec. Periuk,286112,Kota Tangerang,286100,Prov. Banten,280000,0,0,0,0,0,0,0,0,,
IDAMAN KALBU,69898517,RA,SWASTA,Kec. Periuk,286112,Kota Tangerang,286100,Prov. Banten,280000,0,0,0,0,0,0,0,0,,
KARAKTER AN-NUR,69898527,RA,SWASTA,Kec. Periuk,286112,Kota Tangerang,286100,Prov. Banten,280000,0,0,0,0,0,0,0,0,,
PLUS AL AZIZ,69898518,RA,SWASTA,Kec. Periuk,286112,Kota Tangerang,286100,Prov. Banten,280000,0,0,0,0,0,0,0,0,,
QURROTA AYUN,69898530,RA,SWASTA,Kec. Periuk,286112,Kota Tangerang,286100,Prov. Banten,280000,0,0,0,0,0,0,0,0,,
RA AL FASHIH,69898525,RA,SWASTA,Kec. Periuk,286112,Kota Tangerang,286100,Prov. Banten,280000,0,0,0,0,0,0,0,0,,
RA AL HUSNA,69898513,RA,SWASTA,Kec. Periuk,286112,Kota Tangerang,286100,Prov. Banten,280000,0,0,0,0,0,0,0,0,,
RA BAHRUL ULUM,69898531,RA,SWASTA,Kec. Periuk,286112,Kota Tangerang,286100,Prov. Banten,280000,0,0,0,0,0,0,0,0,,
RA BAIDHAUL AHKAM,69898515,RA,SWASTA,Kec. Periuk,286112,Kota Tangerang,286100,Prov. Banten,280000,0,0,0,0,0,0,0,0,,
RA DARUL HAYAT,69898512,RA,SWASTA,Kec. Periuk,286112,Kota Tangerang,286100,Prov. Banten,280000,0,0,0,0,0,0,0,0,,
RA DENADA,69898524,RA,SWASTA,Kec. Periuk,286112,Kota Tangerang,286100,Prov. Banten,280000,0,0,0,0,0,0,0,0,,
RA NURUL FALAH,69898520,RA,SWASTA,Kec. Periuk,286112,Kota Tangerang,286100,Prov. Banten,280000,0,0,0,0,0,0,0,0,,
RA. AL MATIN,69888102,RA,SWASTA,Kec. Periuk,286112,Kota Tangerang,286100,Prov. Banten,280000,0,0,0,0,0,0,0,0,,
RA. BAITURRAHMAN,69888104,RA,SWASTA,Kec. Periuk,286112,Kota Tangerang,286100,Prov. Banten,280000,0,0,0,0,0,0,0,0,,
RA. NURUL HUDA,69888105,RA,SWASTA,Kec. Periuk,286112,Kota Tangerang,286100,Prov. Banten,280000,0,0,0,0,0,0,0,0,,
RA. RAUDHATUL FALAH,69888103,RA,SWASTA,Kec. Periuk,286112,Kota Tangerang,286100,Prov. Banten,280000,0,0,0,0,0,0,0,0,,
RA. RIYADHUL MUHAJIRIN,69888101,RA,SWASTA,Kec. Periuk,286112,Kota Tangerang,286100,Prov. Banten,280000,0,0,0,0,0,0,0,0,,
TARBIATUL UMI,69898519,RA,SWASTA,Kec. Periuk,286112,Kota Tangerang,286100,Prov. Banten,280000,0,0,0,0,0,0,0,0,,
MAS AL HUSNA YAPMI,69886314,MA,SWASTA,Kec. Periuk,286112,Kota Tangerang,286100,Prov. Banten,280000,0,0,0,0,0,0,0,0,,
MAS NURUL FALAH,20623301,MA,SWASTA,Kec. Periuk,286112,Kota Tangerang,286100,Prov. Banten,280000,0,0,0,0,0,0,0,0,,
MIS AL ISTIQOMAH,69727533,MI,SWASTA,Kec. Cibodas,286111,Kota Tangerang,286100,Prov. Banten,280000,0,0,0,0,0,0,0,0,,
MIS NURUL IMAN,69727532,MI,SWASTA,Kec. Cibodas,286111,Kota Tangerang,286100,Prov. Banten,280000,0,0,0,0,0,0,0,0,,
AL IKHLAS,69898402,RA,SWASTA,Kec. Cibodas,286111,Kota Tangerang,286100,Prov. Banten,280000,0,0,0,0,0,0,0,0,,
BAITURRAHMAN,69958198,RA,SWASTA,Kec. Cibodas,286111,Kota Tangerang,286100,Prov. Banten,280000,0,0,0,0,0,0,0,0,,
BINTANG LANGIT,69898400,RA,SWASTA,Kec. Cibodas,286111,Kota Tangerang,286100,Prov. Banten,280000,0,0,0,0,0,0,0,0,,
DAAR EL MAHMUD,69898399,RA,SWASTA,Kec. Cibodas,286111,Kota Tangerang,286100,Prov. Banten,280000,0,0,0,0,0,0,0,0,,
RA AL MAHBUBIYAH,69898398,RA,SWASTA,Kec. Cibodas,286111,Kota Tangerang,286100,Prov. Banten,280000,0,0,0,0,0,0,0,0,,
RA AR ROF-ROF,69993453,RA,SWASTA,Kec. Cibodas,286111,Kota Tangerang,286100,Prov. Banten,280000,0,0,0,0,0,0,0,0,,
RA DAARUL-ILMI,69977975,RA,SWASTA,Kec. Cibodas,286111,Kota Tangerang,286100,Prov. Banten,280000,0,0,0,0,0,0,0,0,,
RA SAIDA USMANY,69898401,RA,SWASTA,Kec. Cibodas,286111,Kota Tangerang,286100,Prov. Banten,280000,0,0,0,0,0,0,0,0,,
RA. AL FATIH,69888026,RA,SWASTA,Kec. Cibodas,286111,Kota Tangerang,286100,Prov. Banten,280000,0,0,0,0,0,0,0,0,,
RA. AL INAYAH,69888020,RA,SWASTA,Kec. Cibodas,286111,Kota Tangerang,286100,Prov. Banten,280000,0,0,0,0,0,0,0,0,,
RA. AL-MUHAJIRIN,69888022,RA,SWASTA,Kec. Cibodas,286111,Kota Tangerang,286100,Prov. Banten,280000,0,0,0,0,0,0,0,0,,
RA. AMANAH,69888021,RA,SWASTA,Kec. Cibodas,286111,Kota Tangerang,286100,Prov. Banten,280000,0,0,0,0,0,0,0,0,,
RA. AN NAHL,69888024,RA,SWASTA,Kec. Cibodas,286111,Kota Tangerang,286100,Prov. Banten,280000,0,0,0,0,0,0,0,0,,
RA. ARAFAH,69888030,RA,SWASTA,Kec. Cibodas,286111,Kota Tangerang,286100,Prov. Banten,280000,0,0,0,0,0,0,0,0,,
RA. ASH-SHOBIRIN,69888029,RA,SWASTA,Kec. Cibodas,286111,Kota Tangerang,286100,Prov. Banten,280000,0,0,0,0,0,0,0,0,,
RA. ASYSYIFAA,69888027,RA,SWASTA,Kec. Cibodas,286111,Kota Tangerang,286100,Prov. Banten,280000,0,0,0,0,0,0,0,0,,
RA. INSAN MADANI,69888028,RA,SWASTA,Kec. Cibodas,286111,Kota Tangerang,286100,Prov. Banten,280000,0,0,0,0,0,0,0,0,,
RA. MIFTAHUL JANNAH,69888025,RA,SWASTA,Kec. Cibodas,286111,Kota Tangerang,286100,Prov. Banten,280000,0,0,0,0,0,0,0,0,,
RA. NURUL DIYN,69888023,RA,SWASTA,Kec. Cibodas,286111,Kota Tangerang,286100,Prov. Banten,280000,0,0,0,0,0,0,0,0,,
MAS AMANATUL HUDA,20623288,MA,SWASTA,Kec. Ciledug,286101,Kota Tangerang,286100,Prov. Banten,280000,0,0,0,0,0,0,0,0,,
MAS AZIZIYYAH,69963562,MA,SWASTA,Kec. Ciledug,286101,Kota Tangerang,286100,Prov. Banten,280000,0,0,0,0,0,0,0,0,,
MTS AZIZIYYAH,69984924,MTs,SWASTA,Kec. Ciledug,286101,Kota Tangerang,286100,Prov. Banten,280000,0,0,0,0,0,0,0,0,,
MTSS AL-HUSNA RAHMAT,70006558,MTs,SWASTA,Kec. Ciledug,286101,Kota Tangerang,286100,Prov. Banten,280000,0,0,0,0,0,0,0,0,,
MTSS AL-ISLAMIYAH,20622952,MTs,SWASTA,Kec. Ciledug,286101,Kota Tangerang,286100,Prov. Banten,280000,0,0,0,0,0,0,0,0,,
MTSS AMANATUL HUDA,20622954,MTs,SWASTA,Kec. Ciledug,286101,Kota Tangerang,286100,Prov. Banten,280000,0,0,0,0,0,0,0,0,,
MTSS NURUL YAQIIN,20622953,MTs,SWASTA,Kec. Ciledug,286101,Kota Tangerang,286100,Prov. Banten,280000,0,0,0,0,0,0,0,0,,
MIS AL HUSNA,69727522,MI,SWASTA,Kec. Ciledug,286101,Kota Tangerang,286100,Prov. Banten,280000,0,0,0,0,0,0,0,0,,
MIS JAMIATUL KHAIR,69886370,MI,SWASTA,Kec. Ciledug,286101,Kota Tangerang,286100,Prov. Banten,280000,0,0,0,0,0,0,0,0,,
MIS MAZROATUL ULUM,69727521,MI,SWASTA,Kec. Ciledug,286101,Kota Tangerang,286100,Prov. Banten,280000,0,0,0,0,0,0,0,0,,
MIS NURUL IMAN,69727520,MI,SWASTA,Kec. Ciledug,286101,Kota Tangerang,286100,Prov. Banten,280000,0,0,0,0,0,0,0,0,,
MIS NURUL YAQIIN,69755379,MI,SWASTA,Kec. Ciledug,286101,Kota Tangerang,286100,Prov. Banten,280000,0,0,0,0,0,0,0,0,,
MIS PLUS FATAHILLAH,69886369,MI,SWASTA,Kec. Ciledug,286101,Kota Tangerang,286100,Prov. Banten,280000,0,0,0,0,0,0,0,0,,
ASY SYAAKIRIIN,69898410,RA,SWASTA,Kec. Ciledug,286101,Kota Tangerang,286100,Prov. Banten,280000,0,0,0,0,0,0,0,0,,
BAITUL HUDA,69898403,RA,SWASTA,Kec. Ciledug,286101,Kota Tangerang,286100,Prov. Banten,280000,0,0,0,0,0,0,0,0,,
AL AS AD,69898409,RA,SWASTA,Kec. Ciledug,286101,Kota Tangerang,286100,Prov. Banten,280000,0,0,0,0,0,0,0,0,,
AL HIJRAH,69898408,RA,SWASTA,Kec. Ciledug,286101,Kota Tangerang,286100,Prov. Banten,280000,0,0,0,0,0,0,0,0,,
AL HIKMAH,69898411,RA,SWASTA,Kec. Ciledug,286101,Kota Tangerang,286100,Prov. Banten,280000,0,0,0,0,0,0,0,0,,
AN NUR,69898407,RA,SWASTA,Kec. Ciledug,286101,Kota Tangerang,286100,Prov. Banten,280000,0,0,0,0,0,0,0,0,,
MAZRO ATUL ULUM,69898405,RA,SWASTA,Kec. Ciledug,286101,Kota Tangerang,286100,Prov. Banten,280000,0,0,0,0,0,0,0,0,,
NURUL IMAN,69898406,RA,SWASTA,Kec. Ciledug,286101,Kota Tangerang,286100,Prov. Banten,280000,0,0,0,0,0,0,0,0,,
RA ALIF,69898404,RA,SWASTA,Kec. Ciledug,286101,Kota Tangerang,286100,Prov. Banten,280000,0,0,0,0,0,0,0,0,,
RA AN NASHIRIYYAH,69888043,RA,SWASTA,Kec. Ciledug,286101,Kota Tangerang,286100,Prov. Banten,280000,0,0,0,0,0,0,0,0,,
RA BAITUL ATIQ,70026131,RA,SWASTA,Kec. Ciledug,286101,Kota Tangerang,286100,Prov. Banten,280000,0,0,0,0,0,0,0,0,,
RA DAARUT TAQWA,69888039,RA,SWASTA,Kec. Ciledug,286101,Kota Tangerang,286100,Prov. Banten,280000,0,0,0,0,0,0,0,0,,
RA NURUL AMIN,69888037,RA,SWASTA,Kec. Ciledug,286101,Kota Tangerang,286100,Prov. Banten,280000,0,0,0,0,0,0,0,0,,
RA. AL BAIDHO,69888036,RA,SWASTA,Kec. Ciledug,286101,Kota Tangerang,286100,Prov. Banten,280000,0,0,0,0,0,0,0,0,,
RA. AL HUSNA,69888033,RA,SWASTA,Kec. Ciledug,286101,Kota Tangerang,286100,Prov. Banten,280000,0,0,0,0,0,0,0,0,,
RA. AL ITTIHAAD,69888041,RA,SWASTA,Kec. Ciledug,286101,Kota Tangerang,286100,Prov. Banten,280000,0,0,0,0,0,0,0,0,,
RA. AL KAROMAH,69888031,RA,SWASTA,Kec. Ciledug,286101,Kota Tangerang,286100,Prov. Banten,280000,0,0,0,0,0,0,0,0,,
RA. AMALI,69888032,RA,SWASTA,Kec. Ciledug,286101,Kota Tangerang,286100,Prov. Banten,280000,0,0,0,0,0,0,0,0,,
RA. JAMIATUL KHAIR,69888035,RA,SWASTA,Kec. Ciledug,286101,Kota Tangerang,286100,Prov. Banten,280000,0,0,0,0,0,0,0,0,,
RA. MULIA AZ ZAHRA,69888034,RA,SWASTA,Kec. Ciledug,286101,Kota Tangerang,286100,Prov. Banten,280000,0,0,0,0,0,0,0,0,,
RA. NURUL HUDA,69888038,RA,SWASTA,Kec. Ciledug,286101,Kota Tangerang,286100,Prov. Banten,280000,0,0,0,0,0,0,0,0,,
RA. RAHMATUL HUDA,69888040,RA,SWASTA,Kec. Ciledug,286101,Kota Tangerang,286100,Prov. Banten,280000,0,0,0,0,0,0,0,0,,
RA. TSANIA,69888042,RA,SWASTA,Kec. Ciledug,286101,Kota Tangerang,286100,Prov. Banten,280000,0,0,0,0,0,0,0,0,,
AL BAYYINAH,69898498,RA,SWASTA,Kec. Larangan,286107,Kota Tangerang,286100,Prov. Banten,280000,0,0,0,0,0,0,0,0,,
AL-FATH,69898497,RA,SWASTA,Kec. Larangan,286107,Kota Tangerang,286100,Prov. Banten,280000,0,0,0,0,0,0,0,0,,
AL-IKHWAN,69898496,RA,SWASTA,Kec. Larangan,286107,Kota Tangerang,286100,Prov. Banten,280000,0,0,0,0,0,0,0,0,,
AN-NABA PRE SCHOOL,69898495,RA,SWASTA,Kec. Larangan,286107,Kota Tangerang,286100,Prov. Banten,280000,0,0,0,0,0,0,0,0,,
ASY SYAHIDAH,69898491,RA,SWASTA,Kec. Larangan,286107,Kota Tangerang,286100,Prov. Banten,280000,0,0,0,0,0,0,0,0,,
DZULFIKAR,69898492,RA,SWASTA,Kec. Larangan,286107,Kota Tangerang,286100,Prov. Banten,280000,0,0,0,0,0,0,0,0,,
RA DAARUL ULUM,69898494,RA,SWASTA,Kec. Larangan,286107,Kota Tangerang,286100,Prov. Banten,280000,0,0,0,0,0,0,0,0,,
RA QUR`ANIYAH AMIR HAMZAH,69898493,RA,SWASTA,Kec. Larangan,286107,Kota Tangerang,286100,Prov. Banten,280000,0,0,0,0,0,0,0,0,,
RA. AL-HUSNA,69888092,RA,SWASTA,Kec. Larangan,286107,Kota Tangerang,286100,Prov. Banten,280000,0,0,0,0,0,0,0,0,,
RA. ALIATUS SHOLIHIN,69888091,RA,SWASTA,Kec. Larangan,286107,Kota Tangerang,286100,Prov. Banten,280000,0,0,0,0,0,0,0,0,,
RA. AN-NUR,69888096,RA,SWASTA,Kec. Larangan,286107,Kota Tangerang,286100,Prov. Banten,280000,0,0,0,0,0,0,0,0,,
RA. AR RISALAH,69888097,RA,SWASTA,Kec. Larangan,286107,Kota Tangerang,286100,Prov. Banten,280000,0,0,0,0,0,0,0,0,,
RA. AS-SYIFA`,69888095,RA,SWASTA,Kec. Larangan,286107,Kota Tangerang,286100,Prov. Banten,280000,0,0,0,0,0,0,0,0,,
RA. NURUS SA`ADAH,69888093,RA,SWASTA,Kec. Larangan,286107,Kota Tangerang,286100,Prov. Banten,280000,0,0,0,0,0,0,0,0,,
RA. UMMUL ARQAM,69888094,RA,SWASTA,Kec. Larangan,286107,Kota Tangerang,286100,Prov. Banten,280000,0,0,0,0,0,0,0,0,,
MTSS AL MUNAWWAROH,20622971,MTs,SWASTA,Kec. Larangan,286107,Kota Tangerang,286100,Prov. Banten,280000,0,0,0,0,0,0,0,0,,
MTSS AL-MA`MUR,20622972,MTs,SWASTA,Kec. Larangan,286107,Kota Tangerang,286100,Prov. Banten,280000,0,0,0,0,0,0,0,0,,
MTSS MANBA`UL KHAIR,20622973,MTs,SWASTA,Kec. Larangan,286107,Kota Tangerang,286100,Prov. Banten,280000,0,0,0,0,0,0,0,0,,
MIS AL IKHLAS,69755402,MI,SWASTA,Kec. Larangan,286107,Kota Tangerang,286100,Prov. Banten,280000,0,0,0,0,0,0,0,0,,
MIS AL MAMUR,69755404,MI,SWASTA,Kec. Larangan,286107,Kota Tangerang,286100,Prov. Banten,280000,0,0,0,0,0,0,0,0,,
MIS AL MUNAWWAROH,69755407,MI,SWASTA,Kec. Larangan,286107,Kota Tangerang,286100,Prov. Banten,280000,0,0,0,0,0,0,0,0,,
MIS JAMIYATU ASY-SYAFI`IYAH,69755405,MI,SWASTA,Kec. Larangan,286107,Kota Tangerang,286100,Prov. Banten,280000,0,0,0,0,0,0,0,0,,
MIS MANBAUL KHAIR,69755403,MI,SWASTA,Kec. Larangan,286107,Kota Tangerang,286100,Prov. Banten,280000,0,0,0,0,0,0,0,0,,
MIS ROUDHOTUL JANNAH,69755406,MI,SWASTA,Kec. Larangan,286107,Kota Tangerang,286100,Prov. Banten,280000,0,0,0,0,0,0,0,0,,
MAS AL MA`MUR,20623298,MA,SWASTA,Kec. Larangan,286107,Kota Tangerang,286100,Prov. Banten,280000,0,0,0,0,0,0,0,0,,
MAS MANBAUL KHAIR,20623299,MA,SWASTA,Kec. Larangan,286107,Kota Tangerang,286100,Prov. Banten,280000,0,0,0,0,0,0,0,0,,
MTSS DAARUL FALAH,69728645,MTs,SWASTA,Kec. Karang Tengah,286108,Kota Tangerang,286100,Prov. Banten,280000,0,0,0,0,0,0,0,0,,
MTSS DARUL KHOSYI`IN,20622968,MTs,SWASTA,Kec. Karang Tengah,286108,Kota Tangerang,286100,Prov. Banten,280000,0,0,0,0,0,0,0,0,,
AL-AZKAR,69898458,RA,SWASTA,Kec. Karang Tengah,286108,Kota Tangerang,286100,Prov. Banten,280000,0,0,0,0,0,0,0,0,,
AL-BAROKAH,69898461,RA,SWASTA,Kec. Karang Tengah,286108,Kota Tangerang,286100,Prov. Banten,280000,0,0,0,0,0,0,0,0,,
AL-FURQON,69898457,RA,SWASTA,Kec. Karang Tengah,286108,Kota Tangerang,286100,Prov. Banten,280000,0,0,0,0,0,0,0,0,,
AN-NUR,69898462,RA,SWASTA,Kec. Karang Tengah,286108,Kota Tangerang,286100,Prov. Banten,280000,0,0,0,0,0,0,0,0,,
AR - RAHMAH,69898460,RA,SWASTA,Kec. Karang Tengah,286108,Kota Tangerang,286100,Prov. Banten,280000,0,0,0,0,0,0,0,0,,
DAAREL SAFA,69898459,RA,SWASTA,Kec. Karang Tengah,286108,Kota Tangerang,286100,Prov. Banten,280000,0,0,0,0,0,0,0,0,,
MADINATUL HUDA,69898464,RA,SWASTA,Kec. Karang Tengah,286108,Kota Tangerang,286100,Prov. Banten,280000,0,0,0,0,0,0,0,0,,
MARIFATULLAH,69898465,RA,SWASTA,Kec. Karang Tengah,286108,Kota Tangerang,286100,Prov. Banten,280000,0,0,0,0,0,0,0,0,,
MIFTAHUL HASANAH,69898456,RA,SWASTA,Kec. Karang Tengah,286108,Kota Tangerang,286100,Prov. Banten,280000,0,0,0,0,0,0,0,0,,
NIHLATURRAHMAN,69898463,RA,SWASTA,Kec. Karang Tengah,286108,Kota Tangerang,286100,Prov. Banten,280000,0,0,0,0,0,0,0,0,,
RA FADILATUN NIDA,69898466,RA,SWASTA,Kec. Karang Tengah,286108,Kota Tangerang,286100,Prov. Banten,280000,0,0,0,0,0,0,0,0,,
RA NURUL FALAH,69958197,RA,SWASTA,Kec. Karang Tengah,286108,Kota Tangerang,286100,Prov. Banten,280000,0,0,0,0,0,0,0,0,,
RA. AL-AMANAH,69888072,RA,SWASTA,Kec. Karang Tengah,286108,Kota Tangerang,286100,Prov. Banten,280000,0,0,0,0,0,0,0,0,,
RA. AL-HIKMAH,69888073,RA,SWASTA,Kec. Karang Tengah,286108,Kota Tangerang,286100,Prov. Banten,280000,0,0,0,0,0,0,0,0,,
RA. AL-MUHAJIRIN,69888076,RA,SWASTA,Kec. Karang Tengah,286108,Kota Tangerang,286100,Prov. Banten,280000,0,0,0,0,0,0,0,0,,
RA. MISBAHUN NASYIIN,69888075,RA,SWASTA,Kec. Karang Tengah,286108,Kota Tangerang,286100,Prov. Banten,280000,0,0,0,0,0,0,0,0,,
RA. TABILA JAYA,69888074,RA,SWASTA,Kec. Karang Tengah,286108,Kota Tangerang,286100,Prov. Banten,280000,0,0,0,0,0,0,0,0,,
RAUDHATUL JANNAH,69898467,RA,SWASTA,Kec. Karang Tengah,286108,Kota Tangerang,286100,Prov. Banten,280000,0,0,0,0,0,0,0,0,,
MI DAARUSSHOFA,69993596,MI,SWASTA,Kec. Karang Tengah,286108,Kota Tangerang,286100,Prov. Banten,280000,0,0,0,0,0,0,0,0,,
MI PLUS KAMPONG PONDOKS,70014145,MI,SWASTA,Kec. Karang Tengah,286108,Kota Tangerang,286100,Prov. Banten,280000,0,0,0,0,0,0,0,0,,
MIS AINUL YAQIIN,69755411,MI,SWASTA,Kec. Karang Tengah,286108,Kota Tangerang,286100,Prov. Banten,280000,0,0,0,0,0,0,0,0,,
MIS AL IRSYAD,69755410,MI,SWASTA,Kec. Karang Tengah,286108,Kota Tangerang,286100,Prov. Banten,280000,0,0,0,0,0,0,0,0,,
MIS ARROBIATUL ADAWIYAH,69755413,MI,SWASTA,Kec. Karang Tengah,286108,Kota Tangerang,286100,Prov. Banten,280000,0,0,0,0,0,0,0,0,,
MIS DAARUL FALAH,69755408,MI,SWASTA,Kec. Karang Tengah,286108,Kota Tangerang,286100,Prov. Banten,280000,0,0,0,0,0,0,0,0,,
MIS MISBAHUN NASYIIN,69755409,MI,SWASTA,Kec. Karang Tengah,286108,Kota Tangerang,286100,Prov. Banten,280000,0,0,0,0,0,0,0,0,,
AL MADANI,69898377,RA,SWASTA,Kec. Batuceper,286105,Kota Tangerang,286100,Prov. Banten,280000,0,0,0,0,0,0,0,0,,
AN-NAJWAH,69898381,RA,SWASTA,Kec. Batuceper,286105,Kota Tangerang,286100,Prov. Banten,280000,0,0,0,0,0,0,0,0,,
AN-NISA,69898387,RA,SWASTA,Kec. Batuceper,286105,Kota Tangerang,286100,Prov. Banten,280000,0,0,0,0,0,0,0,0,,
ANWARUL  ULUM,69898378,RA,SWASTA,Kec. Batuceper,286105,Kota Tangerang,286100,Prov. Banten,280000,0,0,0,0,0,0,0,0,,
BAITURROHMI,69898384,RA,SWASTA,Kec. Batuceper,286105,Kota Tangerang,286100,Prov. Banten,280000,0,0,0,0,0,0,0,0,,
CITA INSANI,69898382,RA,SWASTA,Kec. Batuceper,286105,Kota Tangerang,286100,Prov. Banten,280000,0,0,0,0,0,0,0,0,,
HAYA BINA INSANI,69898385,RA,SWASTA,Kec. Batuceper,286105,Kota Tangerang,286100,Prov. Banten,280000,0,0,0,0,0,0,0,0,,
MADARIZUL ULUM,69898380,RA,SWASTA,Kec. Batuceper,286105,Kota Tangerang,286100,Prov. Banten,280000,0,0,0,0,0,0,0,0,,
RA AL KARIM,69898375,RA,SWASTA,Kec. Batuceper,286105,Kota Tangerang,286100,Prov. Banten,280000,0,0,0,0,0,0,0,0,,
RA AL-ARIFIN,69898383,RA,SWASTA,Kec. Batuceper,286105,Kota Tangerang,286100,Prov. Banten,280000,0,0,0,0,0,0,0,0,,
RA MARIA ULFAH,69898379,RA,SWASTA,Kec. Batuceper,286105,Kota Tangerang,286100,Prov. Banten,280000,0,0,0,0,0,0,0,0,,
RA NURUL YAQIN,69898376,RA,SWASTA,Kec. Batuceper,286105,Kota Tangerang,286100,Prov. Banten,280000,0,0,0,0,0,0,0,0,,
RA ULUL AZMI,69977974,RA,SWASTA,Kec. Batuceper,286105,Kota Tangerang,286100,Prov. Banten,280000,0,0,0,0,0,0,0,0,,
RA. ADINDA,69887999,RA,SWASTA,Kec. Batuceper,286105,Kota Tangerang,286100,Prov. Banten,280000,0,0,0,0,0,0,0,0,,
RA. AL FUAD,69887983,RA,SWASTA,Kec. Batuceper,286105,Kota Tangerang,286100,Prov. Banten,280000,0,0,0,0,0,0,0,0,,
RA. AL KHOIRIYAH,69887995,RA,SWASTA,Kec. Batuceper,286105,Kota Tangerang,286100,Prov. Banten,280000,0,0,0,0,0,0,0,0,,
RA. AL-FAJAR,69887993,RA,SWASTA,Kec. Batuceper,286105,Kota Tangerang,286100,Prov. Banten,280000,0,0,0,0,0,0,0,0,,
RA. AL-IMRON,69887987,RA,SWASTA,Kec. Batuceper,286105,Kota Tangerang,286100,Prov. Banten,280000,0,0,0,0,0,0,0,0,,
RA. AL-IRNUSIYAH,69887989,RA,SWASTA,Kec. Batuceper,286105,Kota Tangerang,286100,Prov. Banten,280000,0,0,0,0,0,0,0,0,,
RA. AL-KAUTSAR,69888002,RA,SWASTA,Kec. Batuceper,286105,Kota Tangerang,286100,Prov. Banten,280000,0,0,0,0,0,0,0,0,,
RA. AL-MUBAYYINAT,69887985,RA,SWASTA,Kec. Batuceper,286105,Kota Tangerang,286100,Prov. Banten,280000,0,0,0,0,0,0,0,0,,
RA. AL-MUKHLISIN,69887988,RA,SWASTA,Kec. Batuceper,286105,Kota Tangerang,286100,Prov. Banten,280000,0,0,0,0,0,0,0,0,,
RA. AN NASIR,69888000,RA,SWASTA,Kec. Batuceper,286105,Kota Tangerang,286100,Prov. Banten,280000,0,0,0,0,0,0,0,0,,
RA. ANANDA,69887980,RA,SWASTA,Kec. Batuceper,286105,Kota Tangerang,286100,Prov. Banten,280000,0,0,0,0,0,0,0,0,,
RA. ARRIYADHUL JANNAH,69887992,RA,SWASTA,Kec. Batuceper,286105,Kota Tangerang,286100,Prov. Banten,280000,0,0,0,0,0,0,0,0,,
RA. ARROHMAN,69887984,RA,SWASTA,Kec. Batuceper,286105,Kota Tangerang,286100,Prov. Banten,280000,0,0,0,0,0,0,0,0,,
RA. ASSHIDIQIYYAH,69887991,RA,SWASTA,Kec. Batuceper,286105,Kota Tangerang,286100,Prov. Banten,280000,0,0,0,0,0,0,0,0,,
RA. AULIATUL FITRI,69887997,RA,SWASTA,Kec. Batuceper,286105,Kota Tangerang,286100,Prov. Banten,280000,0,0,0,0,0,0,0,0,,
RA. AZ-ZAHRA,69887998,RA,SWASTA,Kec. Batuceper,286105,Kota Tangerang,286100,Prov. Banten,280000,0,0,0,0,0,0,0,0,,
RA. DARUL IRSYAD,69887986,RA,SWASTA,Kec. Batuceper,286105,Kota Tangerang,286100,Prov. Banten,280000,0,0,0,0,0,0,0,0,,
RA. IBADURRAHMAN,69887994,RA,SWASTA,Kec. Batuceper,286105,Kota Tangerang,286100,Prov. Banten,280000,0,0,0,0,0,0,0,0,,
RA. KARUNIA IBU,69887982,RA,SWASTA,Kec. Batuceper,286105,Kota Tangerang,286100,Prov. Banten,280000,0,0,0,0,0,0,0,0,,
RA. NURUL MUBIN,69887996,RA,SWASTA,Kec. Batuceper,286105,Kota Tangerang,286100,Prov. Banten,280000,0,0,0,0,0,0,0,0,,
RA. RIDHOATUL ULUM,69887981,RA,SWASTA,Kec. Batuceper,286105,Kota Tangerang,286100,Prov. Banten,280000,0,0,0,0,0,0,0,0,,
RA. ROBIATUL ADAWIYAH,69887990,RA,SWASTA,Kec. Batuceper,286105,Kota Tangerang,286100,Prov. Banten,280000,0,0,0,0,0,0,0,0,,
MAS PLUS PERADABAN INSANI,69883294,MA,SWASTA,Kec. Batuceper,286105,Kota Tangerang,286100,Prov. Banten,280000,0,0,0,0,0,0,0,0,,
MTSS AL MU`IN,20622949,MTs,SWASTA,Kec. Batuceper,286105,Kota Tangerang,286100,Prov. Banten,280000,0,0,0,0,0,0,0,0,,
MTSS DARUSSALAM,69728642,MTs,SWASTA,Kec. Batuceper,286105,Kota Tangerang,286100,Prov. Banten,280000,0,0,0,0,0,0,0,0,,
MTSS MANBAUL ULUM,20622950,MTs,SWASTA,Kec. Batuceper,286105,Kota Tangerang,286100,Prov. Banten,280000,0,0,0,0,0,0,0,0,,
MTSS TAKHASSUS GRHA AL-MUMTAAZ,70009635,MTs,SWASTA,Kec. Batuceper,286105,Kota Tangerang,286100,Prov. Banten,280000,0,0,0,0,0,0,0,0,,
MI PLUS AL-MADANI,70033067,MI,SWASTA,Kec. Batuceper,286105,Kota Tangerang,286100,Prov. Banten,280000,0,0,0,0,0,0,0,0,,
MIS AL FUAD,69727517,MI,SWASTA,Kec. Batuceper,286105,Kota Tangerang,286100,Prov. Banten,280000,0,0,0,0,0,0,0,0,,
MIS AL HIDAYAH,69727509,MI,SWASTA,Kec. Batuceper,286105,Kota Tangerang,286100,Prov. Banten,280000,0,0,0,0,0,0,0,0,,
MIS AL ISTIQOMAH,69727515,MI,SWASTA,Kec. Batuceper,286105,Kota Tangerang,286100,Prov. Banten,280000,0,0,0,0,0,0,0,0,,
MIS AL KARIM,69727518,MI,SWASTA,Kec. Batuceper,286105,Kota Tangerang,286100,Prov. Banten,280000,0,0,0,0,0,0,0,0,,
MIS ARROHMAN,69727516,MI,SWASTA,Kec. Batuceper,286105,Kota Tangerang,286100,Prov. Banten,280000,0,0,0,0,0,0,0,0,,
MIS BIRRUL WALIDAIN,69727514,MI,SWASTA,Kec. Batuceper,286105,Kota Tangerang,286100,Prov. Banten,280000,0,0,0,0,0,0,0,0,,
MIS DARUSSALAM I,69727511,MI,SWASTA,Kec. Batuceper,286105,Kota Tangerang,286100,Prov. Banten,280000,0,0,0,0,0,0,0,0,,
MIS DARUSSALAM II,69727512,MI,SWASTA,Kec. Batuceper,286105,Kota Tangerang,286100,Prov. Banten,280000,0,0,0,0,0,0,0,0,,
MIS NURURROHMAN,69727513,MI,SWASTA,Kec. Batuceper,286105,Kota Tangerang,286100,Prov. Banten,280000,0,0,0,0,0,0,0,0,,
MIS ROUDHOTUL ISLAMIYAH,69727508,MI,SWASTA,Kec. Batuceper,286105,Kota Tangerang,286100,Prov. Banten,280000,0,0,0,0,0,0,0,0,,
MAS AL-IRFAN NUSANTARA,70042016,MA,SWASTA,Kec. Neglasari,286113,Kota Tangerang,286100,Prov. Banten,280000,0,0,0,0,0,0,0,0,,
MAS DARUL ULUM,20623300,MA,SWASTA,Kec. Neglasari,286113,Kota Tangerang,286100,Prov. Banten,280000,0,0,0,0,0,0,0,0,,
MTSS AL IRFAN NUSANTARA,69886440,MTs,SWASTA,Kec. Neglasari,286113,Kota Tangerang,286100,Prov. Banten,280000,0,0,0,0,0,0,0,0,,
MTSS ARRAHMAN,20622974,MTs,SWASTA,Kec. Neglasari,286113,Kota Tangerang,286100,Prov. Banten,280000,0,0,0,0,0,0,0,0,,
MTSS DARUL ULUM,69886439,MTs,SWASTA,Kec. Neglasari,286113,Kota Tangerang,286100,Prov. Banten,280000,0,0,0,0,0,0,0,0,,
MIS AL BARKAH,69755394,MI,SWASTA,Kec. Neglasari,286113,Kota Tangerang,286100,Prov. Banten,280000,0,0,0,0,0,0,0,0,,
MIS AL HUSNA GLOBAL,69755391,MI,SWASTA,Kec. Neglasari,286113,Kota Tangerang,286100,Prov. Banten,280000,0,0,0,0,0,0,0,0,,
MIS AL ISTIQOMAH,69755392,MI,SWASTA,Kec. Neglasari,286113,Kota Tangerang,286100,Prov. Banten,280000,0,0,0,0,0,0,0,0,,
MIS ARROHMAN,69755383,MI,SWASTA,Kec. Neglasari,286113,Kota Tangerang,286100,Prov. Banten,280000,0,0,0,0,0,0,0,0,,
MIS DAARUL HIKMAH,69755384,MI,SWASTA,Kec. Neglasari,286113,Kota Tangerang,286100,Prov. Banten,280000,0,0,0,0,0,0,0,0,,
MIS NURUL FALAH,69755385,MI,SWASTA,Kec. Neglasari,286113,Kota Tangerang,286100,Prov. Banten,280000,0,0,0,0,0,0,0,0,,
MIS NURUL ISLAM,69755390,MI,SWASTA,Kec. Neglasari,286113,Kota Tangerang,286100,Prov. Banten,280000,0,0,0,0,0,0,0,0,,
MIS NURUL JIHAD,69755389,MI,SWASTA,Kec. Neglasari,286113,Kota Tangerang,286100,Prov. Banten,280000,0,0,0,0,0,0,0,0,,
ASSAIRIYAH,69898508,RA,SWASTA,Kec. Neglasari,286113,Kota Tangerang,286100,Prov. Banten,280000,0,0,0,0,0,0,0,0,,
DARUL ULUM,69898501,RA,SWASTA,Kec. Neglasari,286113,Kota Tangerang,286100,Prov. Banten,280000,0,0,0,0,0,0,0,0,,
MANBAUL ULUM,69898502,RA,SWASTA,Kec. Neglasari,286113,Kota Tangerang,286100,Prov. Banten,280000,0,0,0,0,0,0,0,0,,
RA AL HIDAYAH,69898504,RA,SWASTA,Kec. Neglasari,286113,Kota Tangerang,286100,Prov. Banten,280000,0,0,0,0,0,0,0,0,,
RA AL MUNAWAH,69898506,RA,SWASTA,Kec. Neglasari,286113,Kota Tangerang,286100,Prov. Banten,280000,0,0,0,0,0,0,0,0,,
RA INSAN CENDIKIA,69898503,RA,SWASTA,Kec. Neglasari,286113,Kota Tangerang,286100,Prov. Banten,280000,0,0,0,0,0,0,0,0,,
RA NURUL HIDAYAH,69898507,RA,SWASTA,Kec. Neglasari,286113,Kota Tangerang,286100,Prov. Banten,280000,0,0,0,0,0,0,0,0,,
RA NURUL IMAN,69898505,RA,SWASTA,Kec. Neglasari,286113,Kota Tangerang,286100,Prov. Banten,280000,0,0,0,0,0,0,0,0,,
RA NURUL JANNAH,69941210,RA,SWASTA,Kec. Neglasari,286113,Kota Tangerang,286100,Prov. Banten,280000,0,0,0,0,0,0,0,0,,
RA NURUL JIHAD,69898499,RA,SWASTA,Kec. Neglasari,286113,Kota Tangerang,286100,Prov. Banten,280000,0,0,0,0,0,0,0,0,,
RA. AL HASYIMIYYAH,69888098,RA,SWASTA,Kec. Neglasari,286113,Kota Tangerang,286100,Prov. Banten,280000,0,0,0,0,0,0,0,0,,
RA. BAITURRAHMAH,69888001,RA,SWASTA,Kec. Neglasari,286113,Kota Tangerang,286100,Prov. Banten,280000,0,0,0,0,0,0,0,0,,
RA. NURUL HUDA,69888099,RA,SWASTA,Kec. Neglasari,286113,Kota Tangerang,286100,Prov. Banten,280000,0,0,0,0,0,0,0,0,,
MAS AL - KAMIL,69895949,MA,SWASTA,Kec. Jati uwung,286104,Kota Tangerang,286100,Prov. Banten,280000,0,0,0,0,0,0,0,0,,
MAS DAARUSSA`ADAH,20623294,MA,SWASTA,Kec. Jati uwung,286104,Kota Tangerang,286100,Prov. Banten,280000,0,0,0,0,0,0,0,0,,
UMMUL RODHIYAH,69955754,MA,SWASTA,Kec. Jati uwung,286104,Kota Tangerang,286100,Prov. Banten,280000,0,0,0,0,0,0,0,0,,
AL-BAROKAH,69894738,MI,SWASTA,Kec. Jati uwung,286104,Kota Tangerang,286100,Prov. Banten,280000,0,0,0,0,0,0,0,0,,
MIS AL ISHLAHAT,69886374,MI,SWASTA,Kec. Jati uwung,286104,Kota Tangerang,286100,Prov. Banten,280000,0,0,0,0,0,0,0,0,,
MIS AL KAMIL,60721429,MI,SWASTA,Kec. Jati uwung,286104,Kota Tangerang,286100,Prov. Banten,280000,0,0,0,0,0,0,0,0,,
MIS AL-ISTIQOMAH,69883418,MI,SWASTA,Kec. Jati uwung,286104,Kota Tangerang,286100,Prov. Banten,280000,0,0,0,0,0,0,0,0,,
MIS AL-MAGHFIROH,60721430,MI,SWASTA,Kec. Jati uwung,286104,Kota Tangerang,286100,Prov. Banten,280000,0,0,0,0,0,0,0,0,,
MIS DAARUSSAADAH,69755380,MI,SWASTA,Kec. Jati uwung,286104,Kota Tangerang,286100,Prov. Banten,280000,0,0,0,0,0,0,0,0,,
MIS MIFTAHUL KHAIR,69901987,MI,SWASTA,Kec. Jati uwung,286104,Kota Tangerang,286100,Prov. Banten,280000,0,0,0,0,0,0,0,0,,
AL-BAROKAH,69895230,MTs,SWASTA,Kec. Jati uwung,286104,Kota Tangerang,286100,Prov. Banten,280000,0,0,0,0,0,0,0,0,,
MTSS AL KAMIL,69752239,MTs,SWASTA,Kec. Jati uwung,286104,Kota Tangerang,286100,Prov. Banten,280000,0,0,0,0,0,0,0,0,,
MTSS AL-ISHLAHAT,20622966,MTs,SWASTA,Kec. Jati uwung,286104,Kota Tangerang,286100,Prov. Banten,280000,0,0,0,0,0,0,0,0,,
MTSS AL-MAGHFIROH,20622965,MTs,SWASTA,Kec. Jati uwung,286104,Kota Tangerang,286100,Prov. Banten,280000,0,0,0,0,0,0,0,0,,
MTSS DAARUSSA`ADAH,20622967,MTs,SWASTA,Kec. Jati uwung,286104,Kota Tangerang,286100,Prov. Banten,280000,0,0,0,0,0,0,0,0,,
MTSS MATHLA UL ANWAR,69883358,MTs,SWASTA,Kec. Jati uwung,286104,Kota Tangerang,286100,Prov. Banten,280000,0,0,0,0,0,0,0,0,,
AL ANAM,69898452,RA,SWASTA,Kec. Jati uwung,286104,Kota Tangerang,286100,Prov. Banten,280000,0,0,0,0,0,0,0,0,,
AT TAUFIQ,69898453,RA,SWASTA,Kec. Jati uwung,286104,Kota Tangerang,286100,Prov. Banten,280000,0,0,0,0,0,0,0,0,,
CHAIRUNNUFUS,69898454,RA,SWASTA,Kec. Jati uwung,286104,Kota Tangerang,286100,Prov. Banten,280000,0,0,0,0,0,0,0,0,,
NURUL HUDA,69898451,RA,SWASTA,Kec. Jati uwung,286104,Kota Tangerang,286100,Prov. Banten,280000,0,0,0,0,0,0,0,0,,
RA  AL-MAGHFIROH,69750048,RA,SWASTA,Kec. Jati uwung,286104,Kota Tangerang,286100,Prov. Banten,280000,0,0,0,0,0,0,0,0,,
RA AR RASIKHUN,69941209,RA,SWASTA,Kec. Jati uwung,286104,Kota Tangerang,286100,Prov. Banten,280000,0,0,0,0,0,0,0,0,,
RA DAARUL IHSAN,69898455,RA,SWASTA,Kec. Jati uwung,286104,Kota Tangerang,286100,Prov. Banten,280000,0,0,0,0,0,0,0,0,,
RA. AL BAROKAH,69888065,RA,SWASTA,Kec. Jati uwung,286104,Kota Tangerang,286100,Prov. Banten,280000,0,0,0,0,0,0,0,0,,
RA. AL-KAMIL,69888070,RA,SWASTA,Kec. Jati uwung,286104,Kota Tangerang,286100,Prov. Banten,280000,0,0,0,0,0,0,0,0,,
RA. ALFALAHIYYAH,69888068,RA,SWASTA,Kec. Jati uwung,286104,Kota Tangerang,286100,Prov. Banten,280000,0,0,0,0,0,0,0,0,,
RA. AR RIZQY,69888063,RA,SWASTA,Kec. Jati uwung,286104,Kota Tangerang,286100,Prov. Banten,280000,0,0,0,0,0,0,0,0,,
RA. AR ROFI`IYYAH,69888071,RA,SWASTA,Kec. Jati uwung,286104,Kota Tangerang,286100,Prov. Banten,280000,0,0,0,0,0,0,0,0,,
RA. AR-RISYAD,69888066,RA,SWASTA,Kec. Jati uwung,286104,Kota Tangerang,286100,Prov. Banten,280000,0,0,0,0,0,0,0,0,,
RA. MATHLAUL ANWAR,69888062,RA,SWASTA,Kec. Jati uwung,286104,Kota Tangerang,286100,Prov. Banten,280000,0,0,0,0,0,0,0,0,,
RA. MIFTAHUL HUDA,69888064,RA,SWASTA,Kec. Jati uwung,286104,Kota Tangerang,286100,Prov. Banten,280000,0,0,0,0,0,0,0,0,,
RA. NURUL HUDA AS SAADAH,69888069,RA,SWASTA,Kec. Jati uwung,286104,Kota Tangerang,286100,Prov. Banten,280000,0,0,0,0,0,0,0,0,,
RA. QURROTA AYUNIN,69888067,RA,SWASTA,Kec. Jati uwung,286104,Kota Tangerang,286100,Prov. Banten,280000,0,0,0,0,0,0,0,0,,
MAS ATTAQWA,69895948,MA,SWASTA,Kec. Benda,286106,Kota Tangerang,286100,Prov. Banten,280000,0,0,0,0,0,0,0,0,,
MAS TARBIYAH ISLAMIYAH,20623287,MA,SWASTA,Kec. Benda,286106,Kota Tangerang,286100,Prov. Banten,280000,0,0,0,0,0,0,0,0,,
MI AL-FADHILIYAH,69977976,MI,SWASTA,Kec. Benda,286106,Kota Tangerang,286100,Prov. Banten,280000,0,0,0,0,0,0,0,0,,
MIS AL ISLAHUDDINIYAH,69727526,MI,SWASTA,Kec. Benda,286106,Kota Tangerang,286100,Prov. Banten,280000,0,0,0,0,0,0,0,0,,
MIS AL MUHAJIRIN,69727529,MI,SWASTA,Kec. Benda,286106,Kota Tangerang,286100,Prov. Banten,280000,0,0,0,0,0,0,0,0,,
MIS AL MUJAHIDIN,69727524,MI,SWASTA,Kec. Benda,286106,Kota Tangerang,286100,Prov. Banten,280000,0,0,0,0,0,0,0,0,,
MIS AL MUKHLISIN,69727525,MI,SWASTA,Kec. Benda,286106,Kota Tangerang,286100,Prov. Banten,280000,0,0,0,0,0,0,0,0,,
MIS AL-BARKAH,69727510,MI,SWASTA,Kec. Benda,286106,Kota Tangerang,286100,Prov. Banten,280000,0,0,0,0,0,0,0,0,,
MIS AT-TAQWA I,69886211,MI,SWASTA,Kec. Benda,286106,Kota Tangerang,286100,Prov. Banten,280000,0,0,0,0,0,0,0,0,,
MIS AT-TAQWA II,60721428,MI,SWASTA,Kec. Benda,286106,Kota Tangerang,286100,Prov. Banten,280000,0,0,0,0,0,0,0,0,,
MIS KHOIROTUL HUDA,69727528,MI,SWASTA,Kec. Benda,286106,Kota Tangerang,286100,Prov. Banten,280000,0,0,0,0,0,0,0,0,,
MIS NURUL HIKMAH,69727530,MI,SWASTA,Kec. Benda,286106,Kota Tangerang,286100,Prov. Banten,280000,0,0,0,0,0,0,0,0,,
MIS NURUL KHAIRAT,69727527,MI,SWASTA,Kec. Benda,286106,Kota Tangerang,286100,Prov. Banten,280000,0,0,0,0,0,0,0,0,,
MIS TARBIYAH ISLAMIYAH,69727523,MI,SWASTA,Kec. Benda,286106,Kota Tangerang,286100,Prov. Banten,280000,0,0,0,0,0,0,0,0,,
AL-MUKHLISIN,69898389,RA,SWASTA,Kec. Benda,286106,Kota Tangerang,286100,Prov. Banten,280000,0,0,0,0,0,0,0,0,,
AMANAH HANDAYANI,69958196,RA,SWASTA,Kec. Benda,286106,Kota Tangerang,286100,Prov. Banten,280000,0,0,0,0,0,0,0,0,,
AN NABIL,69898393,RA,SWASTA,Kec. Benda,286106,Kota Tangerang,286100,Prov. Banten,280000,0,0,0,0,0,0,0,0,,
AR-RUYAH,69898511,RA,SWASTA,Kec. Benda,286106,Kota Tangerang,286100,Prov. Banten,280000,0,0,0,0,0,0,0,0,,
DAARUL FIKRY,69898388,RA,SWASTA,Kec. Benda,286106,Kota Tangerang,286100,Prov. Banten,280000,0,0,0,0,0,0,0,0,,
DINA SAKINAH,69898394,RA,SWASTA,Kec. Benda,286106,Kota Tangerang,286100,Prov. Banten,280000,0,0,0,0,0,0,0,0,,
IBNU SABIL,69898396,RA,SWASTA,Kec. Benda,286106,Kota Tangerang,286100,Prov. Banten,280000,0,0,0,0,0,0,0,0,,
NURUL FALAH,69898391,RA,SWASTA,Kec. Benda,286106,Kota Tangerang,286100,Prov. Banten,280000,0,0,0,0,0,0,0,0,,
RA AKMALIAH,69898395,RA,SWASTA,Kec. Benda,286106,Kota Tangerang,286100,Prov. Banten,280000,0,0,0,0,0,0,0,0,,
RA AL HIDAYAH,69898390,RA,SWASTA,Kec. Benda,286106,Kota Tangerang,286100,Prov. Banten,280000,0,0,0,0,0,0,0,0,,
RA AL-IKHSAN,70026076,RA,SWASTA,Kec. Benda,286106,Kota Tangerang,286100,Prov. Banten,280000,0,0,0,0,0,0,0,0,,
RA NURUL ISHLAH,69898397,RA,SWASTA,Kec. Benda,286106,Kota Tangerang,286100,Prov. Banten,280000,0,0,0,0,0,0,0,0,,
RA RAMADHANI,69958195,RA,SWASTA,Kec. Benda,286106,Kota Tangerang,286100,Prov. Banten,280000,0,0,0,0,0,0,0,0,,
RA SALSABILA,69898392,RA,SWASTA,Kec. Benda,286106,Kota Tangerang,286100,Prov. Banten,280000,0,0,0,0,0,0,0,0,,
RA. AL ISTIQLALIYYAH,69888018,RA,SWASTA,Kec. Benda,286106,Kota Tangerang,286100,Prov. Banten,280000,0,0,0,0,0,0,0,0,,
RA. AL-KAUTSAR,69888005,RA,SWASTA,Kec. Benda,286106,Kota Tangerang,286100,Prov. Banten,280000,0,0,0,0,0,0,0,0,,
RA. AL-MUJAHIDAT,69888010,RA,SWASTA,Kec. Benda,286106,Kota Tangerang,286100,Prov. Banten,280000,0,0,0,0,0,0,0,0,,
RA. AL-MUSYAROFAH,69888011,RA,SWASTA,Kec. Benda,286106,Kota Tangerang,286100,Prov. Banten,280000,0,0,0,0,0,0,0,0,,
RA. ALHIKMAH,69888014,RA,SWASTA,Kec. Benda,286106,Kota Tangerang,286100,Prov. Banten,280000,0,0,0,0,0,0,0,0,,
RA. AMANAH,69888003,RA,SWASTA,Kec. Benda,286106,Kota Tangerang,286100,Prov. Banten,280000,0,0,0,0,0,0,0,0,,
RA. ARRAHMAN,69888008,RA,SWASTA,Kec. Benda,286106,Kota Tangerang,286100,Prov. Banten,280000,0,0,0,0,0,0,0,0,,
RA. AS-SHOLIHAT,69888015,RA,SWASTA,Kec. Benda,286106,Kota Tangerang,286100,Prov. Banten,280000,0,0,0,0,0,0,0,0,,
RA. ASSUDAISI,69888006,RA,SWASTA,Kec. Benda,286106,Kota Tangerang,286100,Prov. Banten,280000,0,0,0,0,0,0,0,0,,
RA. AT-TAISIR,69888012,RA,SWASTA,Kec. Benda,286106,Kota Tangerang,286100,Prov. Banten,280000,0,0,0,0,0,0,0,0,,
RA. AVICENA,69888017,RA,SWASTA,Kec. Benda,286106,Kota Tangerang,286100,Prov. Banten,280000,0,0,0,0,0,0,0,0,,
RA. AZ-ZAHRA,69888004,RA,SWASTA,Kec. Benda,286106,Kota Tangerang,286100,Prov. Banten,280000,0,0,0,0,0,0,0,0,,
RA. DAARUL MUNIR,69888007,RA,SWASTA,Kec. Benda,286106,Kota Tangerang,286100,Prov. Banten,280000,0,0,0,0,0,0,0,0,,
RA. NURUL YAQIN,69888009,RA,SWASTA,Kec. Benda,286106,Kota Tangerang,286100,Prov. Banten,280000,0,0,0,0,0,0,0,0,,
RA. ROBIATUL ADAWIYAH,69888016,RA,SWASTA,Kec. Benda,286106,Kota Tangerang,286100,Prov. Banten,280000,0,0,0,0,0,0,0,0,,
RA. USWATUN HASANAH,69888013,RA,SWASTA,Kec. Benda,286106,Kota Tangerang,286100,Prov. Banten,280000,0,0,0,0,0,0,0,0,,
MTS RIYADLOTUL `UQUL,70032997,MTs,SWASTA,Kec. Benda,286106,Kota Tangerang,286100,Prov. Banten,280000,0,0,0,0,0,0,0,0,,
MTSN 3 KOTA TANGERANG,20622951,MTs,NEGERI,Kec. Benda,286106,Kota Tangerang,286100,Prov. Banten,280000,0,0,0,0,0,0,0,0,,
MTSS ATTAQWA,20606967,MTs,SWASTA,Kec. Benda,286106,Kota Tangerang,286100,Prov. Banten,280000,0,0,0,0,0,0,0,0,,
MTSS NURUL KHAIRAT,69728643,MTs,SWASTA,Kec. Benda,286106,Kota Tangerang,286100,Prov. Banten,280000,0,0,0,0,0,0,0,0,,
MA AL AMANAR,70059062,MA,SWASTA,Kec. Pondok Aren,286304,Kota Tangerang Selatan,286300,Prov. Banten,280000,0,0,0,0,0,0,0,0,,
MAS AL IKHWANIYAH,20623310,MA,SWASTA,Kec. Pondok Aren,286304,Kota Tangerang Selatan,286300,Prov. Banten,280000,0,0,0,0,0,0,0,0,,
MAS AL-AMANAH AL-GONTORY,20623312,MA,SWASTA,Kec. Pondok Aren,286304,Kota Tangerang Selatan,286300,Prov. Banten,280000,0,0,0,0,0,0,0,0,,
MAS DARUSSALAM,20623311,MA,SWASTA,Kec. Pondok Aren,286304,Kota Tangerang Selatan,286300,Prov. Banten,280000,0,0,0,0,0,0,0,0,,
MAS JAMIYYAH ISLAMIYYAH,20623313,MA,SWASTA,Kec. Pondok Aren,286304,Kota Tangerang Selatan,286300,Prov. Banten,280000,0,0,0,0,0,0,0,0,,
NUR NAZMI,69898609,RA,SWASTA,Kec. Pondok Aren,286304,Kota Tangerang Selatan,286300,Prov. Banten,280000,0,0,0,0,0,0,0,0,,
RA GURU MUSLICH,69941226,RA,SWASTA,Kec. Pondok Aren,286304,Kota Tangerang Selatan,286300,Prov. Banten,280000,0,0,0,0,0,0,0,0,,
RA. AL HIDAYAH,69885633,RA,SWASTA,Kec. Pondok Aren,286304,Kota Tangerang Selatan,286300,Prov. Banten,280000,0,0,0,0,0,0,0,0,,
RA. AL HIKAM,69885643,RA,SWASTA,Kec. Pondok Aren,286304,Kota Tangerang Selatan,286300,Prov. Banten,280000,0,0,0,0,0,0,0,0,,
RA. AL HUSNA,69885647,RA,SWASTA,Kec. Pondok Aren,286304,Kota Tangerang Selatan,286300,Prov. Banten,280000,0,0,0,0,0,0,0,0,,
RA. AL IKHLAS,69885632,RA,SWASTA,Kec. Pondok Aren,286304,Kota Tangerang Selatan,286300,Prov. Banten,280000,0,0,0,0,0,0,0,0,,
RA. AL MUJADDID MAHARTA,69885625,RA,SWASTA,Kec. Pondok Aren,286304,Kota Tangerang Selatan,286300,Prov. Banten,280000,0,0,0,0,0,0,0,0,,
RA. AL-INAYAH,69885639,RA,SWASTA,Kec. Pondok Aren,286304,Kota Tangerang Selatan,286300,Prov. Banten,280000,0,0,0,0,0,0,0,0,,
RA. AL-ISTIQOMAH,69885638,RA,SWASTA,Kec. Pondok Aren,286304,Kota Tangerang Selatan,286300,Prov. Banten,280000,0,0,0,0,0,0,0,0,,
RA. AL-KHOIR,69885641,RA,SWASTA,Kec. Pondok Aren,286304,Kota Tangerang Selatan,286300,Prov. Banten,280000,0,0,0,0,0,0,0,0,,
RA. ALFHIRA,69885637,RA,SWASTA,Kec. Pondok Aren,286304,Kota Tangerang Selatan,286300,Prov. Banten,280000,0,0,0,0,0,0,0,0,,
RA. AN-NASHR,69885645,RA,SWASTA,Kec. Pondok Aren,286304,Kota Tangerang Selatan,286300,Prov. Banten,280000,0,0,0,0,0,0,0,0,,
RA. ANNUR,69885636,RA,SWASTA,Kec. Pondok Aren,286304,Kota Tangerang Selatan,286300,Prov. Banten,280000,0,0,0,0,0,0,0,0,,
RA. AR-RAHMA,69885644,RA,SWASTA,Kec. Pondok Aren,286304,Kota Tangerang Selatan,286300,Prov. Banten,280000,0,0,0,0,0,0,0,0,,
RA. AR-RAHMAH,69885642,RA,SWASTA,Kec. Pondok Aren,286304,Kota Tangerang Selatan,286300,Prov. Banten,280000,0,0,0,0,0,0,0,0,,
RA. BAITUL MAAL,69885623,RA,SWASTA,Kec. Pondok Aren,286304,Kota Tangerang Selatan,286300,Prov. Banten,280000,0,0,0,0,0,0,0,0,,
RA. BINA INSANI,69885646,RA,SWASTA,Kec. Pondok Aren,286304,Kota Tangerang Selatan,286300,Prov. Banten,280000,0,0,0,0,0,0,0,0,,
RA. HIDAYATULLAH,69885628,RA,SWASTA,Kec. Pondok Aren,286304,Kota Tangerang Selatan,286300,Prov. Banten,280000,0,0,0,0,0,0,0,0,,
RA. JAMIYYAH ISLAMIYYAH,69885626,RA,SWASTA,Kec. Pondok Aren,286304,Kota Tangerang Selatan,286300,Prov. Banten,280000,0,0,0,0,0,0,0,0,,
RA. MIFTAH AS SAADAH,69885627,RA,SWASTA,Kec. Pondok Aren,286304,Kota Tangerang Selatan,286300,Prov. Banten,280000,0,0,0,0,0,0,0,0,,
RA. MUMA 05,69885624,RA,SWASTA,Kec. Pondok Aren,286304,Kota Tangerang Selatan,286300,Prov. Banten,280000,0,0,0,0,0,0,0,0,,
RA. NURUL BADRIYAH,69885631,RA,SWASTA,Kec. Pondok Aren,286304,Kota Tangerang Selatan,286300,Prov. Banten,280000,0,0,0,0,0,0,0,0,,
RA. NURUL FALAH,69885630,RA,SWASTA,Kec. Pondok Aren,286304,Kota Tangerang Selatan,286300,Prov. Banten,280000,0,0,0,0,0,0,0,0,,
RA. NURUL HUDA,69885622,RA,SWASTA,Kec. Pondok Aren,286304,Kota Tangerang Selatan,286300,Prov. Banten,280000,0,0,0,0,0,0,0,0,,
RA. NURUL HUDA BINTARO,69885640,RA,SWASTA,Kec. Pondok Aren,286304,Kota Tangerang Selatan,286300,Prov. Banten,280000,0,0,0,0,0,0,0,0,,
RA. NURUL MUMININ,69885635,RA,SWASTA,Kec. Pondok Aren,286304,Kota Tangerang Selatan,286300,Prov. Banten,280000,0,0,0,0,0,0,0,0,,
RA. NURUNNISA,69885629,RA,SWASTA,Kec. Pondok Aren,286304,Kota Tangerang Selatan,286300,Prov. Banten,280000,0,0,0,0,0,0,0,0,,
RA. UNWAANUL FALAH,69885634,RA,SWASTA,Kec. Pondok Aren,286304,Kota Tangerang Selatan,286300,Prov. Banten,280000,0,0,0,0,0,0,0,0,,
MI AL-HAMIDIYYAH,70013713,MI,SWASTA,Kec. Pondok Aren,286304,Kota Tangerang Selatan,286300,Prov. Banten,280000,0,0,0,0,0,0,0,0,,
MI KHOIRUL UMMI,70026132,MI,SWASTA,Kec. Pondok Aren,286304,Kota Tangerang Selatan,286300,Prov. Banten,280000,0,0,0,0,0,0,0,0,,
MIS AL HIDAYAH,60721481,MI,SWASTA,Kec. Pondok Aren,286304,Kota Tangerang Selatan,286300,Prov. Banten,280000,0,0,0,0,0,0,0,0,,
MIS AL HUSNA,60721497,MI,SWASTA,Kec. Pondok Aren,286304,Kota Tangerang Selatan,286300,Prov. Banten,280000,0,0,0,0,0,0,0,0,,
MIS AL IKHWANIYAH,60721492,MI,SWASTA,Kec. Pondok Aren,286304,Kota Tangerang Selatan,286300,Prov. Banten,280000,0,0,0,0,0,0,0,0,,
MIS AL MUQRIYAH,69819495,MI,SWASTA,Kec. Pondok Aren,286304,Kota Tangerang Selatan,286300,Prov. Banten,280000,0,0,0,0,0,0,0,0,,
MIS AL-ISLAMIYAH,60721501,MI,SWASTA,Kec. Pondok Aren,286304,Kota Tangerang Selatan,286300,Prov. Banten,280000,0,0,0,0,0,0,0,0,,
MIS AN NAJIYAH,60721494,MI,SWASTA,Kec. Pondok Aren,286304,Kota Tangerang Selatan,286300,Prov. Banten,280000,0,0,0,0,0,0,0,0,,
MIS ATTAQWA,60721496,MI,SWASTA,Kec. Pondok Aren,286304,Kota Tangerang Selatan,286300,Prov. Banten,280000,0,0,0,0,0,0,0,0,,
MIS BAITURRAHIM,60721495,MI,SWASTA,Kec. Pondok Aren,286304,Kota Tangerang Selatan,286300,Prov. Banten,280000,0,0,0,0,0,0,0,0,,
MIS DARUSSALAM,60721482,MI,SWASTA,Kec. Pondok Aren,286304,Kota Tangerang Selatan,286300,Prov. Banten,280000,0,0,0,0,0,0,0,0,,
MIS HADIQOTUNNASYIIN,60721490,MI,SWASTA,Kec. Pondok Aren,286304,Kota Tangerang Selatan,286300,Prov. Banten,280000,0,0,0,0,0,0,0,0,,
MIS HIKMATUSH SHOFWAH,69941384,MI,SWASTA,Kec. Pondok Aren,286304,Kota Tangerang Selatan,286300,Prov. Banten,280000,0,0,0,0,0,0,0,0,,
MIS ISHLAHUDDINIYYAH,60721485,MI,SWASTA,Kec. Pondok Aren,286304,Kota Tangerang Selatan,286300,Prov. Banten,280000,0,0,0,0,0,0,0,0,,
MIS JAMIYYAH ISLAMIYYAH,60721499,MI,SWASTA,Kec. Pondok Aren,286304,Kota Tangerang Selatan,286300,Prov. Banten,280000,0,0,0,0,0,0,0,0,,
MIS MAROQIL FALAH,60721493,MI,SWASTA,Kec. Pondok Aren,286304,Kota Tangerang Selatan,286300,Prov. Banten,280000,0,0,0,0,0,0,0,0,,
MIS MIFTAH ASSAADAH,60721488,MI,SWASTA,Kec. Pondok Aren,286304,Kota Tangerang Selatan,286300,Prov. Banten,280000,0,0,0,0,0,0,0,0,,
MIS NURUL FALAH,60721483,MI,SWASTA,Kec. Pondok Aren,286304,Kota Tangerang Selatan,286300,Prov. Banten,280000,0,0,0,0,0,0,0,0,,
MIS NURUL HIKMAH,60721486,MI,SWASTA,Kec. Pondok Aren,286304,Kota Tangerang Selatan,286300,Prov. Banten,280000,0,0,0,0,0,0,0,0,,
MIS NURUL HUDA 1,60721491,MI,SWASTA,Kec. Pondok Aren,286304,Kota Tangerang Selatan,286300,Prov. Banten,280000,0,0,0,0,0,0,0,0,,
MIS NURUL HUDA PONDOK JAYA,60721484,MI,SWASTA,Kec. Pondok Aren,286304,Kota Tangerang Selatan,286300,Prov. Banten,280000,0,0,0,0,0,0,0,0,,
MIS NURUL IMAN,60721500,MI,SWASTA,Kec. Pondok Aren,286304,Kota Tangerang Selatan,286300,Prov. Banten,280000,0,0,0,0,0,0,0,0,,
MIS NURUSSAADAH,60721489,MI,SWASTA,Kec. Pondok Aren,286304,Kota Tangerang Selatan,286300,Prov. Banten,280000,0,0,0,0,0,0,0,0,,
MIS TARBIYAH ISLAMIYAH,60721487,MI,SWASTA,Kec. Pondok Aren,286304,Kota Tangerang Selatan,286300,Prov. Banten,280000,0,0,0,0,0,0,0,0,,
MIS UNWAANUL FALAH,60721498,MI,SWASTA,Kec. Pondok Aren,286304,Kota Tangerang Selatan,286300,Prov. Banten,280000,0,0,0,0,0,0,0,0,,
MIS UNWAANUNNAJAH,60721480,MI,SWASTA,Kec. Pondok Aren,286304,Kota Tangerang Selatan,286300,Prov. Banten,280000,0,0,0,0,0,0,0,0,,
MTSS AL MUQRIYAH,20623042,MTs,SWASTA,Kec. Pondok Aren,286304,Kota Tangerang Selatan,286300,Prov. Banten,280000,0,0,0,0,0,0,0,0,,
MTSS AL-AMANAH AL-GONTORY,20623043,MTs,SWASTA,Kec. Pondok Aren,286304,Kota Tangerang Selatan,286300,Prov. Banten,280000,0,0,0,0,0,0,0,0,,
MTSS AL-IKHWANIYAH,20623046,MTs,SWASTA,Kec. Pondok Aren,286304,Kota Tangerang Selatan,286300,Prov. Banten,280000,0,0,0,0,0,0,0,0,,
MTSS AL-SAADAH,20623048,MTs,SWASTA,Kec. Pondok Aren,286304,Kota Tangerang Selatan,286300,Prov. Banten,280000,0,0,0,0,0,0,0,0,,
MTSS DARUSSALAM,20623049,MTs,SWASTA,Kec. Pondok Aren,286304,Kota Tangerang Selatan,286300,Prov. Banten,280000,0,0,0,0,0,0,0,0,,
MTSS ISHLAHUDDINIYYAH,20623040,MTs,SWASTA,Kec. Pondok Aren,286304,Kota Tangerang Selatan,286300,Prov. Banten,280000,0,0,0,0,0,0,0,0,,
MTSS JAM`IYYAH ISLAMIYAH,20623045,MTs,SWASTA,Kec. Pondok Aren,286304,Kota Tangerang Selatan,286300,Prov. Banten,280000,0,0,0,0,0,0,0,0,,
MTSS MIFTAH ASSAADAH,20623039,MTs,SWASTA,Kec. Pondok Aren,286304,Kota Tangerang Selatan,286300,Prov. Banten,280000,0,0,0,0,0,0,0,0,,
MTSS NURUL FALAH,60730312,MTs,SWASTA,Kec. Pondok Aren,286304,Kota Tangerang Selatan,286300,Prov. Banten,280000,0,0,0,0,0,0,0,0,,
MTSS NURUL HIKMAH,20623044,MTs,SWASTA,Kec. Pondok Aren,286304,Kota Tangerang Selatan,286300,Prov. Banten,280000,0,0,0,0,0,0,0,0,,
MTSS NURUL HUDA,20623041,MTs,SWASTA,Kec. Pondok Aren,286304,Kota Tangerang Selatan,286300,Prov. Banten,280000,0,0,0,0,0,0,0,0,,
MTSS UNWAANUNNAJAH,20623047,MTs,SWASTA,Kec. Pondok Aren,286304,Kota Tangerang Selatan,286300,Prov. Banten,280000,0,0,0,0,0,0,0,0,,
MAS DAARUL HIKMAH,20623307,MA,SWASTA,Kec. Pamulang,286303,Kota Tangerang Selatan,286300,Prov. Banten,280000,0,0,0,0,0,0,0,0,,
MAS DARUNNAJAH 9,69788188,MA,SWASTA,Kec. Pamulang,286303,Kota Tangerang Selatan,286300,Prov. Banten,280000,0,0,0,0,0,0,0,0,,
MAS KHAZANAH KEBAJIKAN,20623309,MA,SWASTA,Kec. Pamulang,286303,Kota Tangerang Selatan,286300,Prov. Banten,280000,0,0,0,0,0,0,0,0,,
MAS UMMUL QURA,20623308,MA,SWASTA,Kec. Pamulang,286303,Kota Tangerang Selatan,286300,Prov. Banten,280000,0,0,0,0,0,0,0,0,,
MI MUSLIM ASIA AFRIKA,69827719,MI,SWASTA,Kec. Pamulang,286303,Kota Tangerang Selatan,286300,Prov. Banten,280000,0,0,0,0,0,0,0,0,,
MI SA`ADATUL MAHABBAH,69827717,MI,SWASTA,Kec. Pamulang,286303,Kota Tangerang Selatan,286300,Prov. Banten,280000,0,0,0,0,0,0,0,0,,
MI UMMUL QURA,69995342,MI,SWASTA,Kec. Pamulang,286303,Kota Tangerang Selatan,286300,Prov. Banten,280000,0,0,0,0,0,0,0,0,,
MIS AL - I TISHAAM,69881959,MI,SWASTA,Kec. Pamulang,286303,Kota Tangerang Selatan,286300,Prov. Banten,280000,0,0,0,0,0,0,0,0,,
MIS AL IHSAN PAMULANG,60721472,MI,SWASTA,Kec. Pamulang,286303,Kota Tangerang Selatan,286300,Prov. Banten,280000,0,0,0,0,0,0,0,0,,
MIS AL MURSYIDIYYAH,60721467,MI,SWASTA,Kec. Pamulang,286303,Kota Tangerang Selatan,286300,Prov. Banten,280000,0,0,0,0,0,0,0,0,,
MIS AL WARDAH,60721475,MI,SWASTA,Kec. Pamulang,286303,Kota Tangerang Selatan,286300,Prov. Banten,280000,0,0,0,0,0,0,0,0,,
MIS AS SALAAMAH,60721474,MI,SWASTA,Kec. Pamulang,286303,Kota Tangerang Selatan,286300,Prov. Banten,280000,0,0,0,0,0,0,0,0,,
MIS ASSA ADATUDDARAIN I,69888503,MI,SWASTA,Kec. Pamulang,286303,Kota Tangerang Selatan,286300,Prov. Banten,280000,0,0,0,0,0,0,0,0,,
MIS ASSAADATUD DAWAM,60721469,MI,SWASTA,Kec. Pamulang,286303,Kota Tangerang Selatan,286300,Prov. Banten,280000,0,0,0,0,0,0,0,0,,
MIS ASY-SYIFA,60721471,MI,SWASTA,Kec. Pamulang,286303,Kota Tangerang Selatan,286300,Prov. Banten,280000,0,0,0,0,0,0,0,0,,
MIS MATHLAUL ANWAR,60721470,MI,SWASTA,Kec. Pamulang,286303,Kota Tangerang Selatan,286300,Prov. Banten,280000,0,0,0,0,0,0,0,0,,
MIS MUMTAZA,60721478,MI,SWASTA,Kec. Pamulang,286303,Kota Tangerang Selatan,286300,Prov. Banten,280000,0,0,0,0,0,0,0,0,,
MIS NURUL AKHYAR,60721479,MI,SWASTA,Kec. Pamulang,286303,Kota Tangerang Selatan,286300,Prov. Banten,280000,0,0,0,0,0,0,0,0,,
MIS NURUL HIDAYAH,60721476,MI,SWASTA,Kec. Pamulang,286303,Kota Tangerang Selatan,286300,Prov. Banten,280000,0,0,0,0,0,0,0,0,,
MIS RAUDLATUL HIKMAH,60721473,MI,SWASTA,Kec. Pamulang,286303,Kota Tangerang Selatan,286300,Prov. Banten,280000,0,0,0,0,0,0,0,0,,
MIS SAADATUDDARAIN II,60721468,MI,SWASTA,Kec. Pamulang,286303,Kota Tangerang Selatan,286300,Prov. Banten,280000,0,0,0,0,0,0,0,0,,
MIS YASISKA,60721477,MI,SWASTA,Kec. Pamulang,286303,Kota Tangerang Selatan,286300,Prov. Banten,280000,0,0,0,0,0,0,0,0,,
MTSN 1 KOTA TANGERANG SELATAN,20623031,MTs,NEGERI,Kec. Pamulang,286303,Kota Tangerang Selatan,286300,Prov. Banten,280000,0,0,0,0,0,0,0,0,,
MTSS AL ADZKAR,69726357,MTs,SWASTA,Kec. Pamulang,286303,Kota Tangerang Selatan,286300,Prov. Banten,280000,0,0,0,0,0,0,0,0,,
MTSS AL IHSAN PAMULANG,20623032,MTs,SWASTA,Kec. Pamulang,286303,Kota Tangerang Selatan,286300,Prov. Banten,280000,0,0,0,0,0,0,0,0,,
MTSS AL MURSYIDIYYAH,20623037,MTs,SWASTA,Kec. Pamulang,286303,Kota Tangerang Selatan,286300,Prov. Banten,280000,0,0,0,0,0,0,0,0,,
MTSS DAARUL HIKMAH,20623034,MTs,SWASTA,Kec. Pamulang,286303,Kota Tangerang Selatan,286300,Prov. Banten,280000,0,0,0,0,0,0,0,0,,
MTSS DARUL ISHLAH,70006964,MTs,SWASTA,Kec. Pamulang,286303,Kota Tangerang Selatan,286300,Prov. Banten,280000,0,0,0,0,0,0,0,0,,
MTSS KHAZANAH KEBAJIKAN,20623035,MTs,SWASTA,Kec. Pamulang,286303,Kota Tangerang Selatan,286300,Prov. Banten,280000,0,0,0,0,0,0,0,0,,
MTSS MATHLAUL ANWAR,69726356,MTs,SWASTA,Kec. Pamulang,286303,Kota Tangerang Selatan,286300,Prov. Banten,280000,0,0,0,0,0,0,0,0,,
MTSS SA`ADATUL MAHABBAH,20623033,MTs,SWASTA,Kec. Pamulang,286303,Kota Tangerang Selatan,286300,Prov. Banten,280000,0,0,0,0,0,0,0,0,,
MTSS UMMUL QURO,69726759,MTs,SWASTA,Kec. Pamulang,286303,Kota Tangerang Selatan,286300,Prov. Banten,280000,0,0,0,0,0,0,0,0,,
MTSS YASISKA,20623038,MTs,SWASTA,Kec. Pamulang,286303,Kota Tangerang Selatan,286300,Prov. Banten,280000,0,0,0,0,0,0,0,0,,
RA AL-AMANAH,69994504,RA,SWASTA,Kec. Pamulang,286303,Kota Tangerang Selatan,286300,Prov. Banten,280000,0,0,0,0,0,0,0,0,,
RA AL-IKHLAS,70028394,RA,SWASTA,Kec. Pamulang,286303,Kota Tangerang Selatan,286300,Prov. Banten,280000,0,0,0,0,0,0,0,0,,
RA LABSCHOOL IIQ,70024918,RA,SWASTA,Kec. Pamulang,286303,Kota Tangerang Selatan,286300,Prov. Banten,280000,0,0,0,0,0,0,0,0,,
RA YASISKA,70060624,RA,SWASTA,Kec. Pamulang,286303,Kota Tangerang Selatan,286300,Prov. Banten,280000,0,0,0,0,0,0,0,0,,
RA. AL QURANIYAH,69885615,RA,SWASTA,Kec. Pamulang,286303,Kota Tangerang Selatan,286300,Prov. Banten,280000,0,0,0,0,0,0,0,0,,
RA. AL-BAROKAH,69885606,RA,SWASTA,Kec. Pamulang,286303,Kota Tangerang Selatan,286300,Prov. Banten,280000,0,0,0,0,0,0,0,0,,
RA. AL-GHIFARY,69885600,RA,SWASTA,Kec. Pamulang,286303,Kota Tangerang Selatan,286300,Prov. Banten,280000,0,0,0,0,0,0,0,0,,
RA. AL-JABBAR,69885607,RA,SWASTA,Kec. Pamulang,286303,Kota Tangerang Selatan,286300,Prov. Banten,280000,0,0,0,0,0,0,0,0,,
RA. AL-MURSYIDIYYAH,69885601,RA,SWASTA,Kec. Pamulang,286303,Kota Tangerang Selatan,286300,Prov. Banten,280000,0,0,0,0,0,0,0,0,,
RA. ALIFAH,69885619,RA,SWASTA,Kec. Pamulang,286303,Kota Tangerang Selatan,286300,Prov. Banten,280000,0,0,0,0,0,0,0,0,,
RA. AMANAH,69885599,RA,SWASTA,Kec. Pamulang,286303,Kota Tangerang Selatan,286300,Prov. Banten,280000,0,0,0,0,0,0,0,0,,
RA. AN-NIDA,69885617,RA,SWASTA,Kec. Pamulang,286303,Kota Tangerang Selatan,286300,Prov. Banten,280000,0,0,0,0,0,0,0,0,,
RA. ARRAHMAN,69885621,RA,SWASTA,Kec. Pamulang,286303,Kota Tangerang Selatan,286300,Prov. Banten,280000,0,0,0,0,0,0,0,0,,
RA. AS SALAAMAH,69885597,RA,SWASTA,Kec. Pamulang,286303,Kota Tangerang Selatan,286300,Prov. Banten,280000,0,0,0,0,0,0,0,0,,
RA. ASSAADAH,69885608,RA,SWASTA,Kec. Pamulang,286303,Kota Tangerang Selatan,286300,Prov. Banten,280000,0,0,0,0,0,0,0,0,,
RA. ASSAADATUDDAWAM,69885602,RA,SWASTA,Kec. Pamulang,286303,Kota Tangerang Selatan,286300,Prov. Banten,280000,0,0,0,0,0,0,0,0,,
RA. BAITUSSALAM,69885620,RA,SWASTA,Kec. Pamulang,286303,Kota Tangerang Selatan,286300,Prov. Banten,280000,0,0,0,0,0,0,0,0,,
RA. KHAIRUL UMMAH,69885613,RA,SWASTA,Kec. Pamulang,286303,Kota Tangerang Selatan,286300,Prov. Banten,280000,0,0,0,0,0,0,0,0,,
RA. MUSLIM ASIA AFRIKA,69885603,RA,SWASTA,Kec. Pamulang,286303,Kota Tangerang Selatan,286300,Prov. Banten,280000,0,0,0,0,0,0,0,0,,
RA. MUTIARA PERTIWI,69885611,RA,SWASTA,Kec. Pamulang,286303,Kota Tangerang Selatan,286300,Prov. Banten,280000,0,0,0,0,0,0,0,0,,
RA. NURUL FALAH,69885612,RA,SWASTA,Kec. Pamulang,286303,Kota Tangerang Selatan,286300,Prov. Banten,280000,0,0,0,0,0,0,0,0,,
RA. NURUL HIDAYAH AL-IHSAN,69885610,RA,SWASTA,Kec. Pamulang,286303,Kota Tangerang Selatan,286300,Prov. Banten,280000,0,0,0,0,0,0,0,0,,
RA. RAUDLATUL HIKMAH,69885605,RA,SWASTA,Kec. Pamulang,286303,Kota Tangerang Selatan,286300,Prov. Banten,280000,0,0,0,0,0,0,0,0,,
RA. RAUSHAN FIKR,69885618,RA,SWASTA,Kec. Pamulang,286303,Kota Tangerang Selatan,286300,Prov. Banten,280000,0,0,0,0,0,0,0,0,,
RA. RIZQI,69885604,RA,SWASTA,Kec. Pamulang,286303,Kota Tangerang Selatan,286300,Prov. Banten,280000,0,0,0,0,0,0,0,0,,
RA. TUNAS CENDEKIA,69885616,RA,SWASTA,Kec. Pamulang,286303,Kota Tangerang Selatan,286300,Prov. Banten,280000,0,0,0,0,0,0,0,0,,
RA. YASMIN,69885614,RA,SWASTA,Kec. Pamulang,286303,Kota Tangerang Selatan,286300,Prov. Banten,280000,0,0,0,0,0,0,0,0,,
TAHFIZH VILA INTI PERSADA,69898608,RA,SWASTA,Kec. Pamulang,286303,Kota Tangerang Selatan,286300,Prov. Banten,280000,0,0,0,0,0,0,0,0,,
RA AISYAH,70030913,RA,SWASTA,Kec. Serpong,286305,Kota Tangerang Selatan,286300,Prov. Banten,280000,0,0,0,0,0,0,0,0,,
RA. AL AMANAH,69885649,RA,SWASTA,Kec. Serpong,286305,Kota Tangerang Selatan,286300,Prov. Banten,280000,0,0,0,0,0,0,0,0,,
RA. AL FALAH,69885657,RA,SWASTA,Kec. Serpong,286305,Kota Tangerang Selatan,286300,Prov. Banten,280000,0,0,0,0,0,0,0,0,,
RA. AL IKHLAS,69885648,RA,SWASTA,Kec. Serpong,286305,Kota Tangerang Selatan,286300,Prov. Banten,280000,0,0,0,0,0,0,0,0,,
RA. AL-LATIEF,69885653,RA,SWASTA,Kec. Serpong,286305,Kota Tangerang Selatan,286300,Prov. Banten,280000,0,0,0,0,0,0,0,0,,
RA. BAITUL AKBAR PARABEK,69885654,RA,SWASTA,Kec. Serpong,286305,Kota Tangerang Selatan,286300,Prov. Banten,280000,0,0,0,0,0,0,0,0,,
RA. INTAN PERMATA,69885658,RA,SWASTA,Kec. Serpong,286305,Kota Tangerang Selatan,286300,Prov. Banten,280000,0,0,0,0,0,0,0,0,,
RA. NURUL FALAH,69885655,RA,SWASTA,Kec. Serpong,286305,Kota Tangerang Selatan,286300,Prov. Banten,280000,0,0,0,0,0,0,0,0,,
RA. NURUL HUDA,69885652,RA,SWASTA,Kec. Serpong,286305,Kota Tangerang Selatan,286300,Prov. Banten,280000,0,0,0,0,0,0,0,0,,
RA. NURUL IMAN,69885650,RA,SWASTA,Kec. Serpong,286305,Kota Tangerang Selatan,286300,Prov. Banten,280000,0,0,0,0,0,0,0,0,,
RA. PERMATA,69885651,RA,SWASTA,Kec. Serpong,286305,Kota Tangerang Selatan,286300,Prov. Banten,280000,0,0,0,0,0,0,0,0,,
RA. RAHMANIA ISLAMIC SCHOOL,69885659,RA,SWASTA,Kec. Serpong,286305,Kota Tangerang Selatan,286300,Prov. Banten,280000,0,0,0,0,0,0,0,0,,
RA. RAUDHOTUL MUBTADIIN,69885656,RA,SWASTA,Kec. Serpong,286305,Kota Tangerang Selatan,286300,Prov. Banten,280000,0,0,0,0,0,0,0,0,,
MAN INSAN CENDEKIA SERPONG,20623314,MA,NEGERI,Kec. Serpong,286305,Kota Tangerang Selatan,286300,Prov. Banten,280000,0,0,0,0,0,0,0,0,,
MAS NUR AS-SHOLIHAT,20623315,MA,SWASTA,Kec. Serpong,286305,Kota Tangerang Selatan,286300,Prov. Banten,280000,0,0,0,0,0,0,0,0,,
MAS NURUL FALAH CIATER,20623316,MA,SWASTA,Kec. Serpong,286305,Kota Tangerang Selatan,286300,Prov. Banten,280000,0,0,0,0,0,0,0,0,,
MIS MODERN AL MISBAH,69881961,MI,SWASTA,Kec. Serpong,286305,Kota Tangerang Selatan,286300,Prov. Banten,280000,0,0,0,0,0,0,0,0,,
MIS NUR AS-SHOLIHAT,60721511,MI,SWASTA,Kec. Serpong,286305,Kota Tangerang Selatan,286300,Prov. Banten,280000,0,0,0,0,0,0,0,0,,
MIS NURUL FALAH CIATER,60721504,MI,SWASTA,Kec. Serpong,286305,Kota Tangerang Selatan,286300,Prov. Banten,280000,0,0,0,0,0,0,0,0,,
MIS NURUL FALAH LENGKONG GUDANG,60721502,MI,SWASTA,Kec. Serpong,286305,Kota Tangerang Selatan,286300,Prov. Banten,280000,0,0,0,0,0,0,0,0,,
MIS NURUL FALAH RAWA MEKAR JAYA,60721503,MI,SWASTA,Kec. Serpong,286305,Kota Tangerang Selatan,286300,Prov. Banten,280000,0,0,0,0,0,0,0,0,,
MIS RAHMANIA ISLAMIC SCHOOL,60721510,MI,SWASTA,Kec. Serpong,286305,Kota Tangerang Selatan,286300,Prov. Banten,280000,0,0,0,0,0,0,0,0,,
MIS RAUDHATUL ATHFAL,60721505,MI,SWASTA,Kec. Serpong,286305,Kota Tangerang Selatan,286300,Prov. Banten,280000,0,0,0,0,0,0,0,0,,
MIS RAUDHATUL MUTA ALIMIN,69881960,MI,SWASTA,Kec. Serpong,286305,Kota Tangerang Selatan,286300,Prov. Banten,280000,0,0,0,0,0,0,0,0,,
MIS ROUDHOTUL MUBTADIIN,60721507,MI,SWASTA,Kec. Serpong,286305,Kota Tangerang Selatan,286300,Prov. Banten,280000,0,0,0,0,0,0,0,0,,
MIS TARBIYATUL ATHFAL,60721506,MI,SWASTA,Kec. Serpong,286305,Kota Tangerang Selatan,286300,Prov. Banten,280000,0,0,0,0,0,0,0,0,,
MIS TARBIYATUL ISLAMIYAH,60721508,MI,SWASTA,Kec. Serpong,286305,Kota Tangerang Selatan,286300,Prov. Banten,280000,0,0,0,0,0,0,0,0,,
MTSS NUR AS-SHOLIHAT,20623051,MTs,SWASTA,Kec. Serpong,286305,Kota Tangerang Selatan,286300,Prov. Banten,280000,0,0,0,0,0,0,0,0,,
MTSS NURUL FALAH,20623050,MTs,SWASTA,Kec. Serpong,286305,Kota Tangerang Selatan,286300,Prov. Banten,280000,0,0,0,0,0,0,0,0,,
MTSS NURUL FALAH,20623052,MTs,SWASTA,Kec. Serpong,286305,Kota Tangerang Selatan,286300,Prov. Banten,280000,0,0,0,0,0,0,0,0,,
MTSS RAHMANIA ISLAMIC SCHOOL,69941517,MTs,SWASTA,Kec. Serpong,286305,Kota Tangerang Selatan,286300,Prov. Banten,280000,0,0,0,0,0,0,0,0,,
MTSS SERPONG,20623053,MTs,SWASTA,Kec. Serpong,286305,Kota Tangerang Selatan,286300,Prov. Banten,280000,0,0,0,0,0,0,0,0,,
MTS AL HANIF,69977989,MTs,SWASTA,Kec. Ciputat,286301,Kota Tangerang Selatan,286300,Prov. Banten,280000,0,0,0,0,0,0,0,0,,
MTS BAITURRAHMAN,70014411,MTs,SWASTA,Kec. Ciputat,286301,Kota Tangerang Selatan,286300,Prov. Banten,280000,0,0,0,0,0,0,0,0,,
MTSS AL-FALAH,20623026,MTs,SWASTA,Kec. Ciputat,286301,Kota Tangerang Selatan,286300,Prov. Banten,280000,0,0,0,0,0,0,0,0,,
MTSS AL-KAUTSAR,20623020,MTs,SWASTA,Kec. Ciputat,286301,Kota Tangerang Selatan,286300,Prov. Banten,280000,0,0,0,0,0,0,0,0,,
MTSS BAITIS SALMAH,20623019,MTs,SWASTA,Kec. Ciputat,286301,Kota Tangerang Selatan,286300,Prov. Banten,280000,0,0,0,0,0,0,0,0,,
MTSS ISLAMIYAH CIPUTAT,20623024,MTs,SWASTA,Kec. Ciputat,286301,Kota Tangerang Selatan,286300,Prov. Banten,280000,0,0,0,0,0,0,0,0,,
MTSS MADINATUNNAJAH,20623022,MTs,SWASTA,Kec. Ciputat,286301,Kota Tangerang Selatan,286300,Prov. Banten,280000,0,0,0,0,0,0,0,0,,
MTSS MIFTAHUL HUDA,20623027,MTs,SWASTA,Kec. Ciputat,286301,Kota Tangerang Selatan,286300,Prov. Banten,280000,0,0,0,0,0,0,0,0,,
MTSS MUHAMMADIYAH 1 CIPUTAT,20623025,MTs,SWASTA,Kec. Ciputat,286301,Kota Tangerang Selatan,286300,Prov. Banten,280000,0,0,0,0,0,0,0,0,,
MTSS SOEBONO MANTOFANI,20623023,MTs,SWASTA,Kec. Ciputat,286301,Kota Tangerang Selatan,286300,Prov. Banten,280000,0,0,0,0,0,0,0,0,,
MTSS WALI SONGO ASY SYIRBAANY,70041803,MTs,SWASTA,Kec. Ciputat,286301,Kota Tangerang Selatan,286300,Prov. Banten,280000,0,0,0,0,0,0,0,0,,
MA AL HANIF,69977990,MA,SWASTA,Kec. Ciputat,286301,Kota Tangerang Selatan,286300,Prov. Banten,280000,0,0,0,0,0,0,0,0,,
MAS ISLAMIYAH,20623305,MA,SWASTA,Kec. Ciputat,286301,Kota Tangerang Selatan,286300,Prov. Banten,280000,0,0,0,0,0,0,0,0,,
MAS MADINATUNNAJAH,20623304,MA,SWASTA,Kec. Ciputat,286301,Kota Tangerang Selatan,286300,Prov. Banten,280000,0,0,0,0,0,0,0,0,,
MAS SOEBONO MANTOFANI,20623303,MA,SWASTA,Kec. Ciputat,286301,Kota Tangerang Selatan,286300,Prov. Banten,280000,0,0,0,0,0,0,0,0,,
MI AL JIHAD,70051011,MI,SWASTA,Kec. Ciputat,286301,Kota Tangerang Selatan,286300,Prov. Banten,280000,0,0,0,0,0,0,0,0,,
MI MAHIRA ISLAMIC SCHOOL,70031941,MI,SWASTA,Kec. Ciputat,286301,Kota Tangerang Selatan,286300,Prov. Banten,280000,0,0,0,0,0,0,0,0,,
MIN 1 KOTA TANGERANG SELATAN,60721448,MI,NEGERI,Kec. Ciputat,286301,Kota Tangerang Selatan,286300,Prov. Banten,280000,0,0,0,0,0,0,0,0,,
MIN 3 TANGERANG SELATAN,69988068,MI,NEGERI,Kec. Ciputat,286301,Kota Tangerang Selatan,286300,Prov. Banten,280000,0,0,0,0,0,0,0,0,,
MIS AD DIYANAH,60721450,MI,SWASTA,Kec. Ciputat,286301,Kota Tangerang Selatan,286300,Prov. Banten,280000,0,0,0,0,0,0,0,0,,
MIS AL FALAH,20603730,MI,SWASTA,Kec. Ciputat,286301,Kota Tangerang Selatan,286300,Prov. Banten,280000,0,0,0,0,0,0,0,0,,
MIS AL HUDA SAKTI,60721456,MI,SWASTA,Kec. Ciputat,286301,Kota Tangerang Selatan,286300,Prov. Banten,280000,0,0,0,0,0,0,0,0,,
MIS ASYIROTUL UMARU,60721457,MI,SWASTA,Kec. Ciputat,286301,Kota Tangerang Selatan,286300,Prov. Banten,280000,0,0,0,0,0,0,0,0,,
MIS BAITIS SALMAH,60721452,MI,SWASTA,Kec. Ciputat,286301,Kota Tangerang Selatan,286300,Prov. Banten,280000,0,0,0,0,0,0,0,0,,
MIS BAITURRAHMAN,69881956,MI,SWASTA,Kec. Ciputat,286301,Kota Tangerang Selatan,286300,Prov. Banten,280000,0,0,0,0,0,0,0,0,,
MIS MADINATUNNAJAH,60721455,MI,SWASTA,Kec. Ciputat,286301,Kota Tangerang Selatan,286300,Prov. Banten,280000,0,0,0,0,0,0,0,0,,
MIS MIFTAHUL HUDA,60721449,MI,SWASTA,Kec. Ciputat,286301,Kota Tangerang Selatan,286300,Prov. Banten,280000,0,0,0,0,0,0,0,0,,
MIS MIFTAHUL HUDA SAWAH,60721453,MI,SWASTA,Kec. Ciputat,286301,Kota Tangerang Selatan,286300,Prov. Banten,280000,0,0,0,0,0,0,0,0,,
MIS NURUL FALAH,60721454,MI,SWASTA,Kec. Ciputat,286301,Kota Tangerang Selatan,286300,Prov. Banten,280000,0,0,0,0,0,0,0,0,,
MIS NURUL HIKMAH,69819646,MI,SWASTA,Kec. Ciputat,286301,Kota Tangerang Selatan,286300,Prov. Banten,280000,0,0,0,0,0,0,0,0,,
MIS SOEBONO MANTOFANI,60721458,MI,SWASTA,Kec. Ciputat,286301,Kota Tangerang Selatan,286300,Prov. Banten,280000,0,0,0,0,0,0,0,0,,
MIS WALI SONGO ASY-SYIRBAANY,69881957,MI,SWASTA,Kec. Ciputat,286301,Kota Tangerang Selatan,286300,Prov. Banten,280000,0,0,0,0,0,0,0,0,,
RA AL-HASANAH,69994502,RA,SWASTA,Kec. Ciputat,286301,Kota Tangerang Selatan,286300,Prov. Banten,280000,0,0,0,0,0,0,0,0,,
RA TAKHASSUS QUR`AN AL-BUGHYAH,69994503,RA,SWASTA,Kec. Ciputat,286301,Kota Tangerang Selatan,286300,Prov. Banten,280000,0,0,0,0,0,0,0,0,,
RA WALI SONGO ASY SYIRBAANY,70031250,RA,SWASTA,Kec. Ciputat,286301,Kota Tangerang Selatan,286300,Prov. Banten,280000,0,0,0,0,0,0,0,0,,
RA. ADZKIYA,69885672,RA,SWASTA,Kec. Ciputat,286301,Kota Tangerang Selatan,286300,Prov. Banten,280000,0,0,0,0,0,0,0,0,,
RA. AL-FATTAH,69885673,RA,SWASTA,Kec. Ciputat,286301,Kota Tangerang Selatan,286300,Prov. Banten,280000,0,0,0,0,0,0,0,0,,
RA. ASSYIFA,69885589,RA,SWASTA,Kec. Ciputat,286301,Kota Tangerang Selatan,286300,Prov. Banten,280000,0,0,0,0,0,0,0,0,,
RA. BAITISSALMAH,69885583,RA,SWASTA,Kec. Ciputat,286301,Kota Tangerang Selatan,286300,Prov. Banten,280000,0,0,0,0,0,0,0,0,,
RA. BAITURRAHMAN,69885588,RA,SWASTA,Kec. Ciputat,286301,Kota Tangerang Selatan,286300,Prov. Banten,280000,0,0,0,0,0,0,0,0,,
RA. MADINATUNNAJAH,69885585,RA,SWASTA,Kec. Ciputat,286301,Kota Tangerang Selatan,286300,Prov. Banten,280000,0,0,0,0,0,0,0,0,,
RA. MIFTAHUL HUDA,69885582,RA,SWASTA,Kec. Ciputat,286301,Kota Tangerang Selatan,286300,Prov. Banten,280000,0,0,0,0,0,0,0,0,,
RA. NURUL FALAH,69885584,RA,SWASTA,Kec. Ciputat,286301,Kota Tangerang Selatan,286300,Prov. Banten,280000,0,0,0,0,0,0,0,0,,
RA. SAKILA,69885587,RA,SWASTA,Kec. Ciputat,286301,Kota Tangerang Selatan,286300,Prov. Banten,280000,0,0,0,0,0,0,0,0,,
RA AL MUKHLASHIN,69941225,RA,SWASTA,Kec. Ciputat Timur,286302,Kota Tangerang Selatan,286300,Prov. Banten,280000,0,0,0,0,0,0,0,0,,
RA MELATI,69898606,RA,SWASTA,Kec. Ciputat Timur,286302,Kota Tangerang Selatan,286300,Prov. Banten,280000,0,0,0,0,0,0,0,0,,
RA TUNAS BANGSA,69885598,RA,SWASTA,Kec. Ciputat Timur,286302,Kota Tangerang Selatan,286300,Prov. Banten,280000,0,0,0,0,0,0,0,0,,
RA. AL-HIDAYAH,69885595,RA,SWASTA,Kec. Ciputat Timur,286302,Kota Tangerang Selatan,286300,Prov. Banten,280000,0,0,0,0,0,0,0,0,,
RA. BAIT QURANY AT-TAFKIR,69885596,RA,SWASTA,Kec. Ciputat Timur,286302,Kota Tangerang Selatan,286300,Prov. Banten,280000,0,0,0,0,0,0,0,0,,
RA. MENTARI,69885591,RA,SWASTA,Kec. Ciputat Timur,286302,Kota Tangerang Selatan,286300,Prov. Banten,280000,0,0,0,0,0,0,0,0,,
RA. MUMTAZA ISLAMIC SCHOOL,69885594,RA,SWASTA,Kec. Ciputat Timur,286302,Kota Tangerang Selatan,286300,Prov. Banten,280000,0,0,0,0,0,0,0,0,,
RA. PERMATA,69885592,RA,SWASTA,Kec. Ciputat Timur,286302,Kota Tangerang Selatan,286300,Prov. Banten,280000,0,0,0,0,0,0,0,0,,
RA. RAUDHATUL IRFAN,69885593,RA,SWASTA,Kec. Ciputat Timur,286302,Kota Tangerang Selatan,286300,Prov. Banten,280000,0,0,0,0,0,0,0,0,,
MTS DAAR EL HIKAM,70027530,MTs,SWASTA,Kec. Ciputat Timur,286302,Kota Tangerang Selatan,286300,Prov. Banten,280000,0,0,0,0,0,0,0,0,,
MTSS JAM`IYYATUL KHAIR,20623029,MTs,SWASTA,Kec. Ciputat Timur,286302,Kota Tangerang Selatan,286300,Prov. Banten,280000,0,0,0,0,0,0,0,0,,
MTSS NUR ASY-SYAFIIYAH,20623028,MTs,SWASTA,Kec. Ciputat Timur,286302,Kota Tangerang Selatan,286300,Prov. Banten,280000,0,0,0,0,0,0,0,0,,
MTSS NURUL FALAH PONDOK RANJI,20623062,MTs,SWASTA,Kec. Ciputat Timur,286302,Kota Tangerang Selatan,286300,Prov. Banten,280000,0,0,0,0,0,0,0,0,,
MTSS SUNANUL HUSNA,20623030,MTs,SWASTA,Kec. Ciputat Timur,286302,Kota Tangerang Selatan,286300,Prov. Banten,280000,0,0,0,0,0,0,0,0,,
MI NURUN NAJAH II,69827718,MI,SWASTA,Kec. Ciputat Timur,286302,Kota Tangerang Selatan,286300,Prov. Banten,280000,0,0,0,0,0,0,0,0,,
MIN 2 KOTA TANGERANG SELATAN,60721459,MI,NEGERI,Kec. Ciputat Timur,286302,Kota Tangerang Selatan,286300,Prov. Banten,280000,0,0,0,0,0,0,0,0,,
MIS BAIT QURANY,69819496,MI,SWASTA,Kec. Ciputat Timur,286302,Kota Tangerang Selatan,286300,Prov. Banten,280000,0,0,0,0,0,0,0,0,,
MIS JAM`IYYATUL KHAIR,60721466,MI,SWASTA,Kec. Ciputat Timur,286302,Kota Tangerang Selatan,286300,Prov. Banten,280000,0,0,0,0,0,0,0,0,,
MIS MUHAMMADIYAH,60721465,MI,SWASTA,Kec. Ciputat Timur,286302,Kota Tangerang Selatan,286300,Prov. Banten,280000,0,0,0,0,0,0,0,0,,
MIS NURUL FALAH,60721461,MI,SWASTA,Kec. Ciputat Timur,286302,Kota Tangerang Selatan,286300,Prov. Banten,280000,0,0,0,0,0,0,0,0,,
MIS NURUL GHOSYIYAH,60721460,MI,SWASTA,Kec. Ciputat Timur,286302,Kota Tangerang Selatan,286300,Prov. Banten,280000,0,0,0,0,0,0,0,0,,
MIS NURUL HIDAYAH,69894741,MI,SWASTA,Kec. Ciputat Timur,286302,Kota Tangerang Selatan,286300,Prov. Banten,280000,0,0,0,0,0,0,0,0,,
MIS NURUL ISLAM,60721463,MI,SWASTA,Kec. Ciputat Timur,286302,Kota Tangerang Selatan,286300,Prov. Banten,280000,0,0,0,0,0,0,0,0,,
MIS NURUN NAJAH I,60721462,MI,SWASTA,Kec. Ciputat Timur,286302,Kota Tangerang Selatan,286300,Prov. Banten,280000,0,0,0,0,0,0,0,0,,
MIS RAUDHATUL ISLAM,60721464,MI,SWASTA,Kec. Ciputat Timur,286302,Kota Tangerang Selatan,286300,Prov. Banten,280000,0,0,0,0,0,0,0,0,,
MIS SUNANUL HUSNA,69941383,MI,SWASTA,Kec. Ciputat Timur,286302,Kota Tangerang Selatan,286300,Prov. Banten,280000,0,0,0,0,0,0,0,0,,
MA DAAR EL HIKAM,70014173,MA,SWASTA,Kec. Ciputat Timur,286302,Kota Tangerang Selatan,286300,Prov. Banten,280000,0,0,0,0,0,0,0,0,,
MAS SUNANUL HUSNA,20623306,MA,SWASTA,Kec. Ciputat Timur,286302,Kota Tangerang Selatan,286300,Prov. Banten,280000,0,0,0,0,0,0,0,0,,
RA. AL IKHLAS,69885666,RA,SWASTA,Kec. Serpong Utara,286306,Kota Tangerang Selatan,286300,Prov. Banten,280000,0,0,0,0,0,0,0,0,,
RA. AL MUTHMAINNAH,69885665,RA,SWASTA,Kec. Serpong Utara,286306,Kota Tangerang Selatan,286300,Prov. Banten,280000,0,0,0,0,0,0,0,0,,
RA. AR RAHMANIYAH,69885660,RA,SWASTA,Kec. Serpong Utara,286306,Kota Tangerang Selatan,286300,Prov. Banten,280000,0,0,0,0,0,0,0,0,,
RA. ATH THOHAROH,69885662,RA,SWASTA,Kec. Serpong Utara,286306,Kota Tangerang Selatan,286300,Prov. Banten,280000,0,0,0,0,0,0,0,0,,
RA. JAMI ASSALAM,69885663,RA,SWASTA,Kec. Serpong Utara,286306,Kota Tangerang Selatan,286300,Prov. Banten,280000,0,0,0,0,0,0,0,0,,
RA. MANSYAUR RAHMAH,69885667,RA,SWASTA,Kec. Serpong Utara,286306,Kota Tangerang Selatan,286300,Prov. Banten,280000,0,0,0,0,0,0,0,0,,
RA. NURUL HIDAYAH,69885664,RA,SWASTA,Kec. Serpong Utara,286306,Kota Tangerang Selatan,286300,Prov. Banten,280000,0,0,0,0,0,0,0,0,,
RA. NURUL HIDAYAH,69885661,RA,SWASTA,Kec. Serpong Utara,286306,Kota Tangerang Selatan,286300,Prov. Banten,280000,0,0,0,0,0,0,0,0,,
MTSS AR-RAHMANIYAH,20623054,MTs,SWASTA,Kec. Serpong Utara,286306,Kota Tangerang Selatan,286300,Prov. Banten,280000,0,0,0,0,0,0,0,0,,
MIS IANATUL HUDA,69881962,MI,SWASTA,Kec. Serpong Utara,286306,Kota Tangerang Selatan,286300,Prov. Banten,280000,0,0,0,0,0,0,0,0,,
MIS MIFTAHUL ULUM,60721509,MI,SWASTA,Kec. Serpong Utara,286306,Kota Tangerang Selatan,286300,Prov. Banten,280000,0,0,0,0,0,0,0,0,,
MIS RAUDHATUL JANNAH,60721512,MI,SWASTA,Kec. Serpong Utara,286306,Kota Tangerang Selatan,286300,Prov. Banten,280000,0,0,0,0,0,0,0,0,,
MIS YASPITA,60721513,MI,SWASTA,Kec. Serpong Utara,286306,Kota Tangerang Selatan,286300,Prov. Banten,280000,0,0,0,0,0,0,0,0,,
MAN 1 KOTA TANGERANG SELATAN,20623317,MA,NEGERI,Kec. Setu,286307,Kota Tangerang Selatan,286300,Prov. Banten,280000,0,0,0,0,0,0,0,0,,
MAS MANBAUL ULUM,69788189,MA,SWASTA,Kec. Setu,286307,Kota Tangerang Selatan,286300,Prov. Banten,280000,0,0,0,0,0,0,0,0,,
MAS MUHAMMADIYAH 1 CIPUTAT,69815308,MA,SWASTA,Kec. Setu,286307,Kota Tangerang Selatan,286300,Prov. Banten,280000,0,0,0,0,0,0,0,0,,
RA. AL AMANAH,69885670,RA,SWASTA,Kec. Setu,286307,Kota Tangerang Selatan,286300,Prov. Banten,280000,0,0,0,0,0,0,0,0,,
RA. DZARRATUL MUTHMAINNAH,69885668,RA,SWASTA,Kec. Setu,286307,Kota Tangerang Selatan,286300,Prov. Banten,280000,0,0,0,0,0,0,0,0,,
RA. MADINATUL ULUM,69885669,RA,SWASTA,Kec. Setu,286307,Kota Tangerang Selatan,286300,Prov. Banten,280000,0,0,0,0,0,0,0,0,,
RA. PELANGI,69885671,RA,SWASTA,Kec. Setu,286307,Kota Tangerang Selatan,286300,Prov. Banten,280000,0,0,0,0,0,0,0,0,,
MTSS AN-NASHIHIN,20623055,MTs,SWASTA,Kec. Setu,286307,Kota Tangerang Selatan,286300,Prov. Banten,280000,0,0,0,0,0,0,0,0,,
MTSS MANBAUL ULUM,20623057,MTs,SWASTA,Kec. Setu,286307,Kota Tangerang Selatan,286300,Prov. Banten,280000,0,0,0,0,0,0,0,0,,
MTSS PEMBANGUNAN NURUL ISLAM,20623056,MTs,SWASTA,Kec. Setu,286307,Kota Tangerang Selatan,286300,Prov. Banten,280000,0,0,0,0,0,0,0,0,,
MIS AL-KHAERIYAH,69881964,MI,SWASTA,Kec. Setu,286307,Kota Tangerang Selatan,286300,Prov. Banten,280000,0,0,0,0,0,0,0,0,,
MIS MATHLA UL ANWAR KADEMANGAN,69881963,MI,SWASTA,Kec. Setu,286307,Kota Tangerang Selatan,286300,Prov. Banten,280000,0,0,0,0,0,0,0,0,,
MIS NURUL FALAH MUNCUL,69881965,MI,SWASTA,Kec. Setu,286307,Kota Tangerang Selatan,286300,Prov. Banten,280000,0,0,0,0,0,0,0,0,,
MIS TAHDZIBUL ATHFAL,60721514,MI,SWASTA,Kec. Setu,286307,Kota Tangerang Selatan,286300,Prov. Banten,280000,0,0,0,0,0,0,0,0,,
MTS AL - MUSHOFFA,69993467,MTs,SWASTA,Kec. Serang,286207,Kota Serang,286200,Prov. Banten,280000,0,0,0,0,0,0,0,0,,
MTS AL-HUDA KELANGGARAN,69977954,MTs,SWASTA,Kec. Serang,286207,Kota Serang,286200,Prov. Banten,280000,0,0,0,0,0,0,0,0,,
MTS DAARUL AQIL,70033023,MTs,SWASTA,Kec. Serang,286207,Kota Serang,286200,Prov. Banten,280000,0,0,0,0,0,0,0,0,,
MTSN 1 KOTA SERANG,20623069,MTs,NEGERI,Kec. Serang,286207,Kota Serang,286200,Prov. Banten,280000,0,0,0,0,0,0,0,0,,
MTSS AL IHSAN,69788435,MTs,SWASTA,Kec. Serang,286207,Kota Serang,286200,Prov. Banten,280000,0,0,0,0,0,0,0,0,,
MTSS AL MUBAROK SERANG,20605738,MTs,SWASTA,Kec. Serang,286207,Kota Serang,286200,Prov. Banten,280000,0,0,0,0,0,0,0,0,,
MTSS AL-AZIZ,20623073,MTs,SWASTA,Kec. Serang,286207,Kota Serang,286200,Prov. Banten,280000,0,0,0,0,0,0,0,0,,
MTSS AL-AZIZIYAH,69895747,MTs,SWASTA,Kec. Serang,286207,Kota Serang,286200,Prov. Banten,280000,0,0,0,0,0,0,0,0,,
MTSS ARRASYADIYYAH,20623074,MTs,SWASTA,Kec. Serang,286207,Kota Serang,286200,Prov. Banten,280000,0,0,0,0,0,0,0,0,,
MTSS AT TAQWA,20623072,MTs,SWASTA,Kec. Serang,286207,Kota Serang,286200,Prov. Banten,280000,0,0,0,0,0,0,0,0,,
MTSS ATTAUHIDIYAH,69941515,MTs,SWASTA,Kec. Serang,286207,Kota Serang,286200,Prov. Banten,280000,0,0,0,0,0,0,0,0,,
MTSS DAAR AL ILMI,20623070,MTs,SWASTA,Kec. Serang,286207,Kota Serang,286200,Prov. Banten,280000,0,0,0,0,0,0,0,0,,
MTSS FAHMIL QURAN,20623071,MTs,SWASTA,Kec. Serang,286207,Kota Serang,286200,Prov. Banten,280000,0,0,0,0,0,0,0,0,,
MTSS IHSANIYAH,69881730,MTs,SWASTA,Kec. Serang,286207,Kota Serang,286200,Prov. Banten,280000,0,0,0,0,0,0,0,0,,
MTSS NURUL ISLAM,20623075,MTs,SWASTA,Kec. Serang,286207,Kota Serang,286200,Prov. Banten,280000,0,0,0,0,0,0,0,0,,
MTSS PERSATUAN ISLAM,20623076,MTs,SWASTA,Kec. Serang,286207,Kota Serang,286200,Prov. Banten,280000,0,0,0,0,0,0,0,0,,
RA AL - MUTTAQIN,69994864,RA,SWASTA,Kec. Serang,286207,Kota Serang,286200,Prov. Banten,280000,0,0,0,0,0,0,0,0,,
RA AL ALIF,70027719,RA,SWASTA,Kec. Serang,286207,Kota Serang,286200,Prov. Banten,280000,0,0,0,0,0,0,0,0,,
RA AL AZIZ,69750105,RA,SWASTA,Kec. Serang,286207,Kota Serang,286200,Prov. Banten,280000,0,0,0,0,0,0,0,0,,
RA AL IRFAN,69750107,RA,SWASTA,Kec. Serang,286207,Kota Serang,286200,Prov. Banten,280000,0,0,0,0,0,0,0,0,,
RA AL ISTIQOMAH,69750108,RA,SWASTA,Kec. Serang,286207,Kota Serang,286200,Prov. Banten,280000,0,0,0,0,0,0,0,0,,
RA AL IZZAH,69898584,RA,SWASTA,Kec. Serang,286207,Kota Serang,286200,Prov. Banten,280000,0,0,0,0,0,0,0,0,,
RA AL JAUHAROTUNNAQIYAH,69750109,RA,SWASTA,Kec. Serang,286207,Kota Serang,286200,Prov. Banten,280000,0,0,0,0,0,0,0,0,,
RA AL KAROMAH,69750110,RA,SWASTA,Kec. Serang,286207,Kota Serang,286200,Prov. Banten,280000,0,0,0,0,0,0,0,0,,
RA AL-HIKMAH UNYUR,69994862,RA,SWASTA,Kec. Serang,286207,Kota Serang,286200,Prov. Banten,280000,0,0,0,0,0,0,0,0,,
RA AL-HUDA KELANGGARAN,70029183,RA,SWASTA,Kec. Serang,286207,Kota Serang,286200,Prov. Banten,280000,0,0,0,0,0,0,0,0,,
RA AL-ISTIQOMAH BAP 2,70031370,RA,SWASTA,Kec. Serang,286207,Kota Serang,286200,Prov. Banten,280000,0,0,0,0,0,0,0,0,,
RA AL-MAU`IDZOH,69958200,RA,SWASTA,Kec. Serang,286207,Kota Serang,286200,Prov. Banten,280000,0,0,0,0,0,0,0,0,,
RA AL-MU`IN,70013082,RA,SWASTA,Kec. Serang,286207,Kota Serang,286200,Prov. Banten,280000,0,0,0,0,0,0,0,0,,
RA AR-ROHMAH,69941221,RA,SWASTA,Kec. Serang,286207,Kota Serang,286200,Prov. Banten,280000,0,0,0,0,0,0,0,0,,
RA AS SYARIFAH,69750112,RA,SWASTA,Kec. Serang,286207,Kota Serang,286200,Prov. Banten,280000,0,0,0,0,0,0,0,0,,
RA ASSAKINAH,69898591,RA,SWASTA,Kec. Serang,286207,Kota Serang,286200,Prov. Banten,280000,0,0,0,0,0,0,0,0,,
RA AT-THAUHIRIYAH,69993481,RA,SWASTA,Kec. Serang,286207,Kota Serang,286200,Prov. Banten,280000,0,0,0,0,0,0,0,0,,
RA BAITURRAHIM,69941219,RA,SWASTA,Kec. Serang,286207,Kota Serang,286200,Prov. Banten,280000,0,0,0,0,0,0,0,0,,
RA BIMANTARA,69750114,RA,SWASTA,Kec. Serang,286207,Kota Serang,286200,Prov. Banten,280000,0,0,0,0,0,0,0,0,,
RA BINA UMAT,69750115,RA,SWASTA,Kec. Serang,286207,Kota Serang,286200,Prov. Banten,280000,0,0,0,0,0,0,0,0,,
RA BINA WANITA BAHAGIA,69941220,RA,SWASTA,Kec. Serang,286207,Kota Serang,286200,Prov. Banten,280000,0,0,0,0,0,0,0,0,,
RA BINA WARGA,69750116,RA,SWASTA,Kec. Serang,286207,Kota Serang,286200,Prov. Banten,280000,0,0,0,0,0,0,0,0,,
RA BIRRUL WALIDAIN,69898592,RA,SWASTA,Kec. Serang,286207,Kota Serang,286200,Prov. Banten,280000,0,0,0,0,0,0,0,0,,
RA DAAR EL RAHMAH,69750117,RA,SWASTA,Kec. Serang,286207,Kota Serang,286200,Prov. Banten,280000,0,0,0,0,0,0,0,0,,
RA FIRDAUS 1,69898587,RA,SWASTA,Kec. Serang,286207,Kota Serang,286200,Prov. Banten,280000,0,0,0,0,0,0,0,0,,
RA HUSNUL HUDA,69750118,RA,SWASTA,Kec. Serang,286207,Kota Serang,286200,Prov. Banten,280000,0,0,0,0,0,0,0,0,,
RA IKHSAN AULIA,69977948,RA,SWASTA,Kec. Serang,286207,Kota Serang,286200,Prov. Banten,280000,0,0,0,0,0,0,0,0,,
RA MIFTACHUNNUR,69750119,RA,SWASTA,Kec. Serang,286207,Kota Serang,286200,Prov. Banten,280000,0,0,0,0,0,0,0,0,,
RA NURUL IHSAN,69750120,RA,SWASTA,Kec. Serang,286207,Kota Serang,286200,Prov. Banten,280000,0,0,0,0,0,0,0,0,,
RA NURUL IMAN,69854688,RA,SWASTA,Kec. Serang,286207,Kota Serang,286200,Prov. Banten,280000,0,0,0,0,0,0,0,0,,
RA RAUDLATUL JANNAH,69750121,RA,SWASTA,Kec. Serang,286207,Kota Serang,286200,Prov. Banten,280000,0,0,0,0,0,0,0,0,,
RA SBB CAHAYA ILAHI,69750122,RA,SWASTA,Kec. Serang,286207,Kota Serang,286200,Prov. Banten,280000,0,0,0,0,0,0,0,0,,
RA TARBIYATUL AULAD II,69898588,RA,SWASTA,Kec. Serang,286207,Kota Serang,286200,Prov. Banten,280000,0,0,0,0,0,0,0,0,,
RA TERPADU AULIA,69750123,RA,SWASTA,Kec. Serang,286207,Kota Serang,286200,Prov. Banten,280000,0,0,0,0,0,0,0,0,,
MI ATS-TSAUROH,69977952,MI,SWASTA,Kec. Serang,286207,Kota Serang,286200,Prov. Banten,280000,0,0,0,0,0,0,0,0,,
MI BINA UMAT,70030485,MI,SWASTA,Kec. Serang,286207,Kota Serang,286200,Prov. Banten,280000,0,0,0,0,0,0,0,0,,
MIS FAHMIL QURAN,60721521,MI,SWASTA,Kec. Serang,286207,Kota Serang,286200,Prov. Banten,280000,0,0,0,0,0,0,0,0,,
MIS MODEL DAAR EL RAHMAH,70036949,MI,SWASTA,Kec. Serang,286207,Kota Serang,286200,Prov. Banten,280000,0,0,0,0,0,0,0,0,,
MA AL-MUSHOFFA,70028141,MA,SWASTA,Kec. Serang,286207,Kota Serang,286200,Prov. Banten,280000,0,0,0,0,0,0,0,0,,
MA ASSYAMSURIYYAH,70058898,MA,SWASTA,Kec. Serang,286207,Kota Serang,286200,Prov. Banten,280000,0,0,0,0,0,0,0,0,,
MA SALAFIYAH AT-THAHIRIYAH,69994501,MA,SWASTA,Kec. Serang,286207,Kota Serang,286200,Prov. Banten,280000,0,0,0,0,0,0,0,0,,
MAN 1 KOTA SERANG,20623274,MA,NEGERI,Kec. Serang,286207,Kota Serang,286200,Prov. Banten,280000,0,0,0,0,0,0,0,0,,
MAN 2 KOTA SERANG,20623275,MA,NEGERI,Kec. Serang,286207,Kota Serang,286200,Prov. Banten,280000,0,0,0,0,0,0,0,0,,
MAS DAAR AL ISTIQOMAH,20623279,MA,SWASTA,Kec. Serang,286207,Kota Serang,286200,Prov. Banten,280000,0,0,0,0,0,0,0,0,,
MAS DAAR AL-ILMI,20623280,MA,SWASTA,Kec. Serang,286207,Kota Serang,286200,Prov. Banten,280000,0,0,0,0,0,0,0,0,,
MAS DAARUL FALAH,20623276,MA,SWASTA,Kec. Serang,286207,Kota Serang,286200,Prov. Banten,280000,0,0,0,0,0,0,0,0,,
MAS DARUL ARQAM,70037207,MA,SWASTA,Kec. Serang,286207,Kota Serang,286200,Prov. Banten,280000,0,0,0,0,0,0,0,0,,
MAS IHSANIYAH,20623277,MA,SWASTA,Kec. Serang,286207,Kota Serang,286200,Prov. Banten,280000,0,0,0,0,0,0,0,0,,
MAS MADANI,69941781,MA,SWASTA,Kec. Serang,286207,Kota Serang,286200,Prov. Banten,280000,0,0,0,0,0,0,0,0,,
MAS ULUMUL QUR`AN,20623278,MA,SWASTA,Kec. Serang,286207,Kota Serang,286200,Prov. Banten,280000,0,0,0,0,0,0,0,0,,
MI TARBIYATUL QUR`AN,70030179,MI,SWASTA,Kec. Cipocok Jaya,286201,Kota Serang,286200,Prov. Banten,280000,0,0,0,0,0,0,0,0,,
MIS ISLAMIYAH,60721515,MI,SWASTA,Kec. Cipocok Jaya,286201,Kota Serang,286200,Prov. Banten,280000,0,0,0,0,0,0,0,0,,
RA AL BAROKAH,69977951,RA,SWASTA,Kec. Cipocok Jaya,286201,Kota Serang,286200,Prov. Banten,280000,0,0,0,0,0,0,0,0,,
RA AR-RAYYAN,70006349,RA,SWASTA,Kec. Cipocok Jaya,286201,Kota Serang,286200,Prov. Banten,280000,0,0,0,0,0,0,0,0,,
RA CAHAYA MUSLIMAT NU,69898579,RA,SWASTA,Kec. Cipocok Jaya,286201,Kota Serang,286200,Prov. Banten,280000,0,0,0,0,0,0,0,0,,
RA DARUL IRFAN,69941218,RA,SWASTA,Kec. Cipocok Jaya,286201,Kota Serang,286200,Prov. Banten,280000,0,0,0,0,0,0,0,0,,
RA FIRDAUS II,69941217,RA,SWASTA,Kec. Cipocok Jaya,286201,Kota Serang,286200,Prov. Banten,280000,0,0,0,0,0,0,0,0,,
RA MIRQOUTUL ULUM,70013425,RA,SWASTA,Kec. Cipocok Jaya,286201,Kota Serang,286200,Prov. Banten,280000,0,0,0,0,0,0,0,0,,
RA. CERIA,69898581,RA,SWASTA,Kec. Cipocok Jaya,286201,Kota Serang,286200,Prov. Banten,280000,0,0,0,0,0,0,0,0,,
MA AL ULYA AL MUBAROK,70025986,MA,SWASTA,Kec. Cipocok Jaya,286201,Kota Serang,286200,Prov. Banten,280000,0,0,0,0,0,0,0,0,,
MAS AL FATHANIYAH,20623271,MA,SWASTA,Kec. Cipocok Jaya,286201,Kota Serang,286200,Prov. Banten,280000,0,0,0,0,0,0,0,0,,
MAS DAARUL YAQIIN,69827799,MA,SWASTA,Kec. Cipocok Jaya,286201,Kota Serang,286200,Prov. Banten,280000,0,0,0,0,0,0,0,0,,
MAS DARUL IRFAN,69827800,MA,SWASTA,Kec. Cipocok Jaya,286201,Kota Serang,286200,Prov. Banten,280000,0,0,0,0,0,0,0,0,,
MAS PONDOK PESANTREN AL ISLAM,20623272,MA,SWASTA,Kec. Cipocok Jaya,286201,Kota Serang,286200,Prov. Banten,280000,0,0,0,0,0,0,0,0,,
MTSS AL FATHANIYAH,20623058,MTs,SWASTA,Kec. Cipocok Jaya,286201,Kota Serang,286200,Prov. Banten,280000,0,0,0,0,0,0,0,0,,
MTSS AL ISLAM TEGAL DUREN,20605716,MTs,SWASTA,Kec. Cipocok Jaya,286201,Kota Serang,286200,Prov. Banten,280000,0,0,0,0,0,0,0,0,,
MTSS AL ISTAM,20623059,MTs,SWASTA,Kec. Cipocok Jaya,286201,Kota Serang,286200,Prov. Banten,280000,0,0,0,0,0,0,0,0,,
MTSS AL ULYA AL MUBAROK,69757138,MTs,SWASTA,Kec. Cipocok Jaya,286201,Kota Serang,286200,Prov. Banten,280000,0,0,0,0,0,0,0,0,,
MTSS DARUL IRFAN,20623060,MTs,SWASTA,Kec. Cipocok Jaya,286201,Kota Serang,286200,Prov. Banten,280000,0,0,0,0,0,0,0,0,,
MTSS JAUHAROTUSSALAM,20623061,MTs,SWASTA,Kec. Cipocok Jaya,286201,Kota Serang,286200,Prov. Banten,280000,0,0,0,0,0,0,0,0,,
MAS AL DZIKRI,70028074,MA,SWASTA,Kec. Taktakan,286205,Kota Serang,286200,Prov. Banten,280000,0,0,0,0,0,0,0,0,,
MAS ARDANIAH,20623283,MA,SWASTA,Kec. Taktakan,286205,Kota Serang,286200,Prov. Banten,280000,0,0,0,0,0,0,0,0,,
MAS ATTAUFIQIYAH,69963564,MA,SWASTA,Kec. Taktakan,286205,Kota Serang,286200,Prov. Banten,280000,0,0,0,0,0,0,0,0,,
MAS DARUNNAJAH,20623281,MA,SWASTA,Kec. Taktakan,286205,Kota Serang,286200,Prov. Banten,280000,0,0,0,0,0,0,0,0,,
MAS HIDAYATUT THALIBIN,20623282,MA,SWASTA,Kec. Taktakan,286205,Kota Serang,286200,Prov. Banten,280000,0,0,0,0,0,0,0,0,,
MAS LALAHWA,70010841,MA,SWASTA,Kec. Taktakan,286205,Kota Serang,286200,Prov. Banten,280000,0,0,0,0,0,0,0,0,,
MAS MADARIJUL ULUM,20622228,MA,SWASTA,Kec. Taktakan,286205,Kota Serang,286200,Prov. Banten,280000,0,0,0,0,0,0,0,0,,
MAS TUNAS ULAMA MA`HAD AL ABQARY,69963563,MA,SWASTA,Kec. Taktakan,286205,Kota Serang,286200,Prov. Banten,280000,0,0,0,0,0,0,0,0,,
MI ARDANIAH,70030693,MI,SWASTA,Kec. Taktakan,286205,Kota Serang,286200,Prov. Banten,280000,0,0,0,0,0,0,0,0,,
MIS ANNAHWA,69963429,MI,SWASTA,Kec. Taktakan,286205,Kota Serang,286200,Prov. Banten,280000,0,0,0,0,0,0,0,0,,
MIS HIDAYATUL ATHFAL,60721524,MI,SWASTA,Kec. Taktakan,286205,Kota Serang,286200,Prov. Banten,280000,0,0,0,0,0,0,0,0,,
MIS INSAN MADANI,69894739,MI,SWASTA,Kec. Taktakan,286205,Kota Serang,286200,Prov. Banten,280000,0,0,0,0,0,0,0,0,,
MIS MATHLAUL HUDA,60721523,MI,SWASTA,Kec. Taktakan,286205,Kota Serang,286200,Prov. Banten,280000,0,0,0,0,0,0,0,0,,
MIS NURUL FALAH,60721522,MI,SWASTA,Kec. Taktakan,286205,Kota Serang,286200,Prov. Banten,280000,0,0,0,0,0,0,0,0,,
MTSS AL-ABQARY,69941516,MTs,SWASTA,Kec. Taktakan,286205,Kota Serang,286200,Prov. Banten,280000,0,0,0,0,0,0,0,0,,
MTSS AL-BATTANI,20623077,MTs,SWASTA,Kec. Taktakan,286205,Kota Serang,286200,Prov. Banten,280000,0,0,0,0,0,0,0,0,,
MTSS AL-DZIKRI,69788434,MTs,SWASTA,Kec. Taktakan,286205,Kota Serang,286200,Prov. Banten,280000,0,0,0,0,0,0,0,0,,
MTSS ANNAHL,69963502,MTs,SWASTA,Kec. Taktakan,286205,Kota Serang,286200,Prov. Banten,280000,0,0,0,0,0,0,0,0,,
MTSS ARDANIAH,69822456,MTs,SWASTA,Kec. Taktakan,286205,Kota Serang,286200,Prov. Banten,280000,0,0,0,0,0,0,0,0,,
MTSS ATTAUFIQIYAH,69963503,MTs,SWASTA,Kec. Taktakan,286205,Kota Serang,286200,Prov. Banten,280000,0,0,0,0,0,0,0,0,,
MTSS BANI ADUNG,69756679,MTs,SWASTA,Kec. Taktakan,286205,Kota Serang,286200,Prov. Banten,280000,0,0,0,0,0,0,0,0,,
MTSS DAARUL MASYUROH,69881731,MTs,SWASTA,Kec. Taktakan,286205,Kota Serang,286200,Prov. Banten,280000,0,0,0,0,0,0,0,0,,
MTSS HIDAYATUT THOLIBIN,20614107,MTs,SWASTA,Kec. Taktakan,286205,Kota Serang,286200,Prov. Banten,280000,0,0,0,0,0,0,0,0,,
MTSS MADARIJUL ULUM,69816298,MTs,SWASTA,Kec. Taktakan,286205,Kota Serang,286200,Prov. Banten,280000,0,0,0,0,0,0,0,0,,
MTSS MIFTAHUL JANNAH,69788436,MTs,SWASTA,Kec. Taktakan,286205,Kota Serang,286200,Prov. Banten,280000,0,0,0,0,0,0,0,0,,
MTSS NURUL IKHLAS,69816299,MTs,SWASTA,Kec. Taktakan,286205,Kota Serang,286200,Prov. Banten,280000,0,0,0,0,0,0,0,0,,
MTSS SA HIDAYATUL ATHFAL,69881732,MTs,SWASTA,Kec. Taktakan,286205,Kota Serang,286200,Prov. Banten,280000,0,0,0,0,0,0,0,0,,
RA AIDA SEJAHTERA,69750124,RA,SWASTA,Kec. Taktakan,286205,Kota Serang,286200,Prov. Banten,280000,0,0,0,0,0,0,0,0,,
RA AL AMIN,69750125,RA,SWASTA,Kec. Taktakan,286205,Kota Serang,286200,Prov. Banten,280000,0,0,0,0,0,0,0,0,,
RA AL FADILAH,69898597,RA,SWASTA,Kec. Taktakan,286205,Kota Serang,286200,Prov. Banten,280000,0,0,0,0,0,0,0,0,,
RA AL-HIDAYAH TAKTAKAN,69977947,RA,SWASTA,Kec. Taktakan,286205,Kota Serang,286200,Prov. Banten,280000,0,0,0,0,0,0,0,0,,
RA AL-ISHLAH,70059196,RA,SWASTA,Kec. Taktakan,286205,Kota Serang,286200,Prov. Banten,280000,0,0,0,0,0,0,0,0,,
RA AR RIF AH,69941222,RA,SWASTA,Kec. Taktakan,286205,Kota Serang,286200,Prov. Banten,280000,0,0,0,0,0,0,0,0,,
RA ASSALAM,69941223,RA,SWASTA,Kec. Taktakan,286205,Kota Serang,286200,Prov. Banten,280000,0,0,0,0,0,0,0,0,,
RA ASSYUKRON,69750126,RA,SWASTA,Kec. Taktakan,286205,Kota Serang,286200,Prov. Banten,280000,0,0,0,0,0,0,0,0,,
RA CAHAYA,69898599,RA,SWASTA,Kec. Taktakan,286205,Kota Serang,286200,Prov. Banten,280000,0,0,0,0,0,0,0,0,,
RA DAARUL ANWAR,69750127,RA,SWASTA,Kec. Taktakan,286205,Kota Serang,286200,Prov. Banten,280000,0,0,0,0,0,0,0,0,,
RA DARUL MUSTAKIM,69898596,RA,SWASTA,Kec. Taktakan,286205,Kota Serang,286200,Prov. Banten,280000,0,0,0,0,0,0,0,0,,
RA INSAN KAMIL AL BANA,69898594,RA,SWASTA,Kec. Taktakan,286205,Kota Serang,286200,Prov. Banten,280000,0,0,0,0,0,0,0,0,,
RA MADINATUL QUR`AN,70025951,RA,SWASTA,Kec. Taktakan,286205,Kota Serang,286200,Prov. Banten,280000,0,0,0,0,0,0,0,0,,
RA MANBAUL IRVANI WAL HIKMAH,70026087,RA,SWASTA,Kec. Taktakan,286205,Kota Serang,286200,Prov. Banten,280000,0,0,0,0,0,0,0,0,,
RA NURUL IKHLAS,69750128,RA,SWASTA,Kec. Taktakan,286205,Kota Serang,286200,Prov. Banten,280000,0,0,0,0,0,0,0,0,,
RA NURURROHMAN,69750129,RA,SWASTA,Kec. Taktakan,286205,Kota Serang,286200,Prov. Banten,280000,0,0,0,0,0,0,0,0,,
RA PERCONTOHAN METODE QURANI,69898600,RA,SWASTA,Kec. Taktakan,286205,Kota Serang,286200,Prov. Banten,280000,0,0,0,0,0,0,0,0,,
MI TAHFIDZUL QURAN SABILURRAHMAN,69994586,MI,SWASTA,Kec. Walantaka,286206,Kota Serang,286200,Prov. Banten,280000,0,0,0,0,0,0,0,0,,
MIS AL IKHSAN,60721528,MI,SWASTA,Kec. Walantaka,286206,Kota Serang,286200,Prov. Banten,280000,0,0,0,0,0,0,0,0,,
MIS AL KHAERIYAH PENGAMPELAN,60721525,MI,SWASTA,Kec. Walantaka,286206,Kota Serang,286200,Prov. Banten,280000,0,0,0,0,0,0,0,0,,
MIS AL KHAIRIYAH PIPITAN,60721527,MI,SWASTA,Kec. Walantaka,286206,Kota Serang,286200,Prov. Banten,280000,0,0,0,0,0,0,0,0,,
MIS AN-NUR,69894740,MI,SWASTA,Kec. Walantaka,286206,Kota Serang,286200,Prov. Banten,280000,0,0,0,0,0,0,0,0,,
MIS ATTHAHIRIYAH,60721526,MI,SWASTA,Kec. Walantaka,286206,Kota Serang,286200,Prov. Banten,280000,0,0,0,0,0,0,0,0,,
MIS NURUL AMAL,69819644,MI,SWASTA,Kec. Walantaka,286206,Kota Serang,286200,Prov. Banten,280000,0,0,0,0,0,0,0,0,,
MA AZKIA,70058939,MA,SWASTA,Kec. Walantaka,286206,Kota Serang,286200,Prov. Banten,280000,0,0,0,0,0,0,0,0,,
MA SABILURRAHMAN,69994585,MA,SWASTA,Kec. Walantaka,286206,Kota Serang,286200,Prov. Banten,280000,0,0,0,0,0,0,0,0,,
MAS AL AZKIA,69827801,MA,SWASTA,Kec. Walantaka,286206,Kota Serang,286200,Prov. Banten,280000,0,0,0,0,0,0,0,0,,
MAS AL-KHAIRIYAH PIPITAN,20623284,MA,SWASTA,Kec. Walantaka,286206,Kota Serang,286200,Prov. Banten,280000,0,0,0,0,0,0,0,0,,
MAS AL-RAHMAH,20622286,MA,SWASTA,Kec. Walantaka,286206,Kota Serang,286200,Prov. Banten,280000,0,0,0,0,0,0,0,0,,
MAS DARUL IHSAN,20623285,MA,SWASTA,Kec. Walantaka,286206,Kota Serang,286200,Prov. Banten,280000,0,0,0,0,0,0,0,0,,
RA AL AZKIA,69898585,RA,SWASTA,Kec. Walantaka,286206,Kota Serang,286200,Prov. Banten,280000,0,0,0,0,0,0,0,0,,
RA AL HIDAYAH,69898602,RA,SWASTA,Kec. Walantaka,286206,Kota Serang,286200,Prov. Banten,280000,0,0,0,0,0,0,0,0,,
RA AN NAJIHAH,69898604,RA,SWASTA,Kec. Walantaka,286206,Kota Serang,286200,Prov. Banten,280000,0,0,0,0,0,0,0,0,,
RA ANNIDA,69750130,RA,SWASTA,Kec. Walantaka,286206,Kota Serang,286200,Prov. Banten,280000,0,0,0,0,0,0,0,0,,
RA AZ ZAHRA,69750131,RA,SWASTA,Kec. Walantaka,286206,Kota Serang,286200,Prov. Banten,280000,0,0,0,0,0,0,0,0,,
RA DAARUN NAJAH WALANTAKA,69993690,RA,SWASTA,Kec. Walantaka,286206,Kota Serang,286200,Prov. Banten,280000,0,0,0,0,0,0,0,0,,
RA EL FATAH PERSADA BANTEN,69750132,RA,SWASTA,Kec. Walantaka,286206,Kota Serang,286200,Prov. Banten,280000,0,0,0,0,0,0,0,0,,
RA INSAN AMALIYAH,70030364,RA,SWASTA,Kec. Walantaka,286206,Kota Serang,286200,Prov. Banten,280000,0,0,0,0,0,0,0,0,,
RA MATHLAUL ANWAR,69750133,RA,SWASTA,Kec. Walantaka,286206,Kota Serang,286200,Prov. Banten,280000,0,0,0,0,0,0,0,0,,
RA TAHFIDZ AL - FATIH,70033207,RA,SWASTA,Kec. Walantaka,286206,Kota Serang,286200,Prov. Banten,280000,0,0,0,0,0,0,0,0,,
RA TARBIYATUL AULAD,69898603,RA,SWASTA,Kec. Walantaka,286206,Kota Serang,286200,Prov. Banten,280000,0,0,0,0,0,0,0,0,,
RA WIHDATUL UMMAH,69898601,RA,SWASTA,Kec. Walantaka,286206,Kota Serang,286200,Prov. Banten,280000,0,0,0,0,0,0,0,0,,
MTS DAARUL QORI`IN,69993655,MTs,SWASTA,Kec. Walantaka,286206,Kota Serang,286200,Prov. Banten,280000,0,0,0,0,0,0,0,0,,
MTS SABILURRAHMAN,69977953,MTs,SWASTA,Kec. Walantaka,286206,Kota Serang,286200,Prov. Banten,280000,0,0,0,0,0,0,0,0,,
MTSS AL HIDAYAH NUFUS SIMANGU,69881734,MTs,SWASTA,Kec. Walantaka,286206,Kota Serang,286200,Prov. Banten,280000,0,0,0,0,0,0,0,0,,
MTSS AL KHAERIYAH PIPITAN,20623078,MTs,SWASTA,Kec. Walantaka,286206,Kota Serang,286200,Prov. Banten,280000,0,0,0,0,0,0,0,0,,
MTSS AL KHAIRIYAH KALODRAN,20623081,MTs,SWASTA,Kec. Walantaka,286206,Kota Serang,286200,Prov. Banten,280000,0,0,0,0,0,0,0,0,,
MTSS AL RAHMAH LEBAKWANGI,69895235,MTs,SWASTA,Kec. Walantaka,286206,Kota Serang,286200,Prov. Banten,280000,0,0,0,0,0,0,0,0,,
MTSS AL-KHAIRIYAH PABUARAN PENGAMPELAN,20623080,MTs,SWASTA,Kec. Walantaka,286206,Kota Serang,286200,Prov. Banten,280000,0,0,0,0,0,0,0,0,,
MTSS AT THAHIRIYAH CIROGOL,69895236,MTs,SWASTA,Kec. Walantaka,286206,Kota Serang,286200,Prov. Banten,280000,0,0,0,0,0,0,0,0,,
MTSS DAARUN NAJAH WALANTAKA,70044172,MTs,SWASTA,Kec. Walantaka,286206,Kota Serang,286200,Prov. Banten,280000,0,0,0,0,0,0,0,0,,
MTSS INSAN AZKIA,69895233,MTs,SWASTA,Kec. Walantaka,286206,Kota Serang,286200,Prov. Banten,280000,0,0,0,0,0,0,0,0,,
MTSS MATHLA`UL ANWAR BANGKALOK,20623079,MTs,SWASTA,Kec. Walantaka,286206,Kota Serang,286200,Prov. Banten,280000,0,0,0,0,0,0,0,0,,
MTSS MATHLAUL ANWAR CIGOONG,69895234,MTs,SWASTA,Kec. Walantaka,286206,Kota Serang,286200,Prov. Banten,280000,0,0,0,0,0,0,0,0,,
MIS AL KHAERIYAH BADAMUSALAM,60721518,MI,SWASTA,Kec. Kasemen,286203,Kota Serang,286200,Prov. Banten,280000,0,0,0,0,0,0,0,0,,
MIS MASARRATUL MUTA`ALLIMIN,69895477,MI,SWASTA,Kec. Kasemen,286203,Kota Serang,286200,Prov. Banten,280000,0,0,0,0,0,0,0,0,,
MTS CAHAYA ASMAUL HUSNA,70060967,MTs,SWASTA,Kec. Kasemen,286203,Kota Serang,286200,Prov. Banten,280000,0,0,0,0,0,0,0,0,,
MTSS AL KHAERIYAH BADAMUSALAM,20623068,MTs,SWASTA,Kec. Kasemen,286203,Kota Serang,286200,Prov. Banten,280000,0,0,0,0,0,0,0,0,,
MTSS KHOIRUL FALAH,69895232,MTs,SWASTA,Kec. Kasemen,286203,Kota Serang,286200,Prov. Banten,280000,0,0,0,0,0,0,0,0,,
MTSS MASARRATUL MUTA`ALLIMIN BANTEN,20623067,MTs,SWASTA,Kec. Kasemen,286203,Kota Serang,286200,Prov. Banten,280000,0,0,0,0,0,0,0,0,,
MAS MASARRATUL MUTA`ALLIMIN,20623273,MA,SWASTA,Kec. Kasemen,286203,Kota Serang,286200,Prov. Banten,280000,0,0,0,0,0,0,0,0,,
RA AHZAN,70013272,RA,SWASTA,Kec. Kasemen,286203,Kota Serang,286200,Prov. Banten,280000,0,0,0,0,0,0,0,0,,
RA AL AZMI,69750106,RA,SWASTA,Kec. Kasemen,286203,Kota Serang,286200,Prov. Banten,280000,0,0,0,0,0,0,0,0,,
RA AL-MAA`UN,70014301,RA,SWASTA,Kec. Kasemen,286203,Kota Serang,286200,Prov. Banten,280000,0,0,0,0,0,0,0,0,,
RA AN NAZLA,69750102,RA,SWASTA,Kec. Kasemen,286203,Kota Serang,286200,Prov. Banten,280000,0,0,0,0,0,0,0,0,,
RA ASSHOBIROH,69977946,RA,SWASTA,Kec. Kasemen,286203,Kota Serang,286200,Prov. Banten,280000,0,0,0,0,0,0,0,0,,
RA BAABUL FAATIHAH,69994869,RA,SWASTA,Kec. Kasemen,286203,Kota Serang,286200,Prov. Banten,280000,0,0,0,0,0,0,0,0,,
RA DARUL FAWAID,69750103,RA,SWASTA,Kec. Kasemen,286203,Kota Serang,286200,Prov. Banten,280000,0,0,0,0,0,0,0,0,,
RA HIDAYATUL MUTAALIMIN,69750104,RA,SWASTA,Kec. Kasemen,286203,Kota Serang,286200,Prov. Banten,280000,0,0,0,0,0,0,0,0,,
RA NURUL IMAN KASEMEN,69898586,RA,SWASTA,Kec. Kasemen,286203,Kota Serang,286200,Prov. Banten,280000,0,0,0,0,0,0,0,0,,
MTS DARUL ARQAM MUHAMMADIYAH,69994700,MTs,SWASTA,Kec. Curug,286202,Kota Serang,286200,Prov. Banten,280000,0,0,0,0,0,0,0,0,,
MTSN 2 KOTA SERANG,20623063,MTs,NEGERI,Kec. Curug,286202,Kota Serang,286200,Prov. Banten,280000,0,0,0,0,0,0,0,0,,
MTSS AL-FALAH KEBONJATI,20623066,MTs,SWASTA,Kec. Curug,286202,Kota Serang,286200,Prov. Banten,280000,0,0,0,0,0,0,0,0,,
MTSS AL-KAUTSAR,20623065,MTs,SWASTA,Kec. Curug,286202,Kota Serang,286200,Prov. Banten,280000,0,0,0,0,0,0,0,0,,
MTSS AR RAHMAN CURUG,20622285,MTs,SWASTA,Kec. Curug,286202,Kota Serang,286200,Prov. Banten,280000,0,0,0,0,0,0,0,0,,
MTSS ARRAHMAN,69757459,MTs,SWASTA,Kec. Curug,286202,Kota Serang,286200,Prov. Banten,280000,0,0,0,0,0,0,0,0,,
MTSS DAAR EL FIKRI,70042028,MTs,SWASTA,Kec. Curug,286202,Kota Serang,286200,Prov. Banten,280000,0,0,0,0,0,0,0,0,,
MTSS FADILATUL ILMI,69895746,MTs,SWASTA,Kec. Curug,286202,Kota Serang,286200,Prov. Banten,280000,0,0,0,0,0,0,0,0,,
MTSS JARIYATUL ISLAMIYAH,69816300,MTs,SWASTA,Kec. Curug,286202,Kota Serang,286200,Prov. Banten,280000,0,0,0,0,0,0,0,0,,
MTSS MANBAUL HIKAM,20623064,MTs,SWASTA,Kec. Curug,286202,Kota Serang,286200,Prov. Banten,280000,0,0,0,0,0,0,0,0,,
MTSS NUR EL-WASHID,70050926,MTs,SWASTA,Kec. Curug,286202,Kota Serang,286200,Prov. Banten,280000,0,0,0,0,0,0,0,0,,
MTSS NURUL HIDAYAH,69881729,MTs,SWASTA,Kec. Curug,286202,Kota Serang,286200,Prov. Banten,280000,0,0,0,0,0,0,0,0,,
MA AT TAUHIDIYAH,69994753,MA,SWASTA,Kec. Curug,286202,Kota Serang,286200,Prov. Banten,280000,0,0,0,0,0,0,0,0,,
MAS ARRAHMAN CIDADAP,69941780,MA,SWASTA,Kec. Curug,286202,Kota Serang,286200,Prov. Banten,280000,0,0,0,0,0,0,0,0,,
MIS AL MADANI DARUSALAM,60721516,MI,SWASTA,Kec. Curug,286202,Kota Serang,286200,Prov. Banten,280000,0,0,0,0,0,0,0,0,,
MIS AL-FALAH ANDAMUI,69881958,MI,SWASTA,Kec. Curug,286202,Kota Serang,286200,Prov. Banten,280000,0,0,0,0,0,0,0,0,,
MIS DAAR EL FIKRI,69941382,MI,SWASTA,Kec. Curug,286202,Kota Serang,286200,Prov. Banten,280000,0,0,0,0,0,0,0,0,,
MIS NURUL HIDAYAH,60721517,MI,SWASTA,Kec. Curug,286202,Kota Serang,286200,Prov. Banten,280000,0,0,0,0,0,0,0,0,,
BANI DAUD ISLAMI,69898582,RA,SWASTA,Kec. Curug,286202,Kota Serang,286200,Prov. Banten,280000,0,0,0,0,0,0,0,0,,
RA AL - HIKMAH,69994863,RA,SWASTA,Kec. Curug,286202,Kota Serang,286200,Prov. Banten,280000,0,0,0,0,0,0,0,0,,
RA AT TAUHIDIYAH,69994752,RA,SWASTA,Kec. Curug,286202,Kota Serang,286200,Prov. Banten,280000,0,0,0,0,0,0,0,0,,
RA BUSTANUL WILDAN,70028076,RA,SWASTA,Kec. Curug,286202,Kota Serang,286200,Prov. Banten,280000,0,0,0,0,0,0,0,0,,
RA CAHAYA CEMERLANG,69750100,RA,SWASTA,Kec. Curug,286202,Kota Serang,286200,Prov. Banten,280000,0,0,0,0,0,0,0,0,,
RA DAAR EL FIKRI,70032995,RA,SWASTA,Kec. Curug,286202,Kota Serang,286200,Prov. Banten,280000,0,0,0,0,0,0,0,0,,
RA DAARUL MAHIDIN,69977950,RA,SWASTA,Kec. Curug,286202,Kota Serang,286200,Prov. Banten,280000,0,0,0,0,0,0,0,0,,
RA MANBAUL HIKAM,69898583,RA,SWASTA,Kec. Curug,286202,Kota Serang,286200,Prov. Banten,280000,0,0,0,0,0,0,0,0,,
RA NURUL HIDAYAH CURUG,69995170,RA,SWASTA,Kec. Curug,286202,Kota Serang,286200,Prov. Banten,280000,0,0,0,0,0,0,0,0,,
RA THORIQUL JANNAH,69994861,RA,SWASTA,Kec. Curug,286202,Kota Serang,286200,Prov. Banten,280000,0,0,0,0,0,0,0,0,,
MAS AN-NIDOMIYAH,20623267,MA,SWASTA,Kec. Jombang,286007,Kota Cilegon,286000,Prov. Banten,280000,0,0,0,0,0,0,0,0,,
RA/BA/TA AL HIKMAH,69750089,RA,SWASTA,Kec. Jombang,286007,Kota Cilegon,286000,Prov. Banten,280000,0,0,0,0,0,0,0,0,,
RA/BA/TA AL-AMANAH,69750088,RA,SWASTA,Kec. Jombang,286007,Kota Cilegon,286000,Prov. Banten,280000,0,0,0,0,0,0,0,0,,
RA/BA/TA AN - NIDA,69750090,RA,SWASTA,Kec. Jombang,286007,Kota Cilegon,286000,Prov. Banten,280000,0,0,0,0,0,0,0,0,,
RA/BA/TA DARUL MUTAQIEN,69750091,RA,SWASTA,Kec. Jombang,286007,Kota Cilegon,286000,Prov. Banten,280000,0,0,0,0,0,0,0,0,,
RA/BA/TA HIDAYATULLAH,69750092,RA,SWASTA,Kec. Jombang,286007,Kota Cilegon,286000,Prov. Banten,280000,0,0,0,0,0,0,0,0,,
RA/BA/TA LANTABUUR,69750093,RA,SWASTA,Kec. Jombang,286007,Kota Cilegon,286000,Prov. Banten,280000,0,0,0,0,0,0,0,0,,
RA/BA/TA NURUL A`LA,69750094,RA,SWASTA,Kec. Jombang,286007,Kota Cilegon,286000,Prov. Banten,280000,0,0,0,0,0,0,0,0,,
RA/BA/TA YPIC,69750095,RA,SWASTA,Kec. Jombang,286007,Kota Cilegon,286000,Prov. Banten,280000,0,0,0,0,0,0,0,0,,
MTS RIHLATUL UMMAH,69857754,MTs,SWASTA,Kec. Jombang,286007,Kota Cilegon,286000,Prov. Banten,280000,0,0,0,0,0,0,0,0,,
MTSS MIFTAHUL HUDA,20623012,MTs,SWASTA,Kec. Jombang,286007,Kota Cilegon,286000,Prov. Banten,280000,0,0,0,0,0,0,0,0,,
MIS AL JAUHAROTUNNAQIYYAH PRIUK,60721444,MI,SWASTA,Kec. Jombang,286007,Kota Cilegon,286000,Prov. Banten,280000,0,0,0,0,0,0,0,0,,
MIS NURUL A LA,69881955,MI,SWASTA,Kec. Jombang,286007,Kota Cilegon,286000,Prov. Banten,280000,0,0,0,0,0,0,0,0,,
MI NURHIDAYAH,70030378,MI,SWASTA,Kec. Citangkil,286008,Kota Cilegon,286000,Prov. Banten,280000,0,0,0,0,0,0,0,0,,
MIS AL KHAERIYAH LEBAK KELAPA,60721440,MI,SWASTA,Kec. Citangkil,286008,Kota Cilegon,286000,Prov. Banten,280000,0,0,0,0,0,0,0,0,,
MIS AL-KHAERIYAH PEKALONGAN,60721441,MI,SWASTA,Kec. Citangkil,286008,Kota Cilegon,286000,Prov. Banten,280000,0,0,0,0,0,0,0,0,,
MIS MATHLA UL HUDA,69881954,MI,SWASTA,Kec. Citangkil,286008,Kota Cilegon,286000,Prov. Banten,280000,0,0,0,0,0,0,0,0,,
MTSN 2 KOTA CILEGON,20622991,MTs,NEGERI,Kec. Citangkil,286008,Kota Cilegon,286000,Prov. Banten,280000,0,0,0,0,0,0,0,0,,
MTSS AL-FURQON,20622992,MTs,SWASTA,Kec. Citangkil,286008,Kota Cilegon,286000,Prov. Banten,280000,0,0,0,0,0,0,0,0,,
MTSS AL-HIDAYAH,20622996,MTs,SWASTA,Kec. Citangkil,286008,Kota Cilegon,286000,Prov. Banten,280000,0,0,0,0,0,0,0,0,,
MTSS AL-KHAIRIYAH CITANGKIL,20622993,MTs,SWASTA,Kec. Citangkil,286008,Kota Cilegon,286000,Prov. Banten,280000,0,0,0,0,0,0,0,0,,
MTSS AL-KHAIRIYAH DELINGSENG,20622994,MTs,SWASTA,Kec. Citangkil,286008,Kota Cilegon,286000,Prov. Banten,280000,0,0,0,0,0,0,0,0,,
MTSS AL-KHAIRIYAH PEKALONGAN,20622995,MTs,SWASTA,Kec. Citangkil,286008,Kota Cilegon,286000,Prov. Banten,280000,0,0,0,0,0,0,0,0,,
MTSS ALFATH,60727325,MTs,SWASTA,Kec. Citangkil,286008,Kota Cilegon,286000,Prov. Banten,280000,0,0,0,0,0,0,0,0,,
MTSS NURUL KALAM,20622997,MTs,SWASTA,Kec. Citangkil,286008,Kota Cilegon,286000,Prov. Banten,280000,0,0,0,0,0,0,0,0,,
RA AL-KHAIRIYAH GESING,70032996,RA,SWASTA,Kec. Citangkil,286008,Kota Cilegon,286000,Prov. Banten,280000,0,0,0,0,0,0,0,0,,
RA IBNU AKIL,69977885,RA,SWASTA,Kec. Citangkil,286008,Kota Cilegon,286000,Prov. Banten,280000,0,0,0,0,0,0,0,0,,
RA MADARIJUL ULUM AL MUMTAZ,70042840,RA,SWASTA,Kec. Citangkil,286008,Kota Cilegon,286000,Prov. Banten,280000,0,0,0,0,0,0,0,0,,
RA. AL IZZAH,69885579,RA,SWASTA,Kec. Citangkil,286008,Kota Cilegon,286000,Prov. Banten,280000,0,0,0,0,0,0,0,0,,
RA. DAARUSSALAM,69885578,RA,SWASTA,Kec. Citangkil,286008,Kota Cilegon,286000,Prov. Banten,280000,0,0,0,0,0,0,0,0,,
RA/BA/TA AL AMIN,69750070,RA,SWASTA,Kec. Citangkil,286008,Kota Cilegon,286000,Prov. Banten,280000,0,0,0,0,0,0,0,0,,
RA/BA/TA AL-A`RAF,69750066,RA,SWASTA,Kec. Citangkil,286008,Kota Cilegon,286000,Prov. Banten,280000,0,0,0,0,0,0,0,0,,
RA/BA/TA AL-FATH,69750067,RA,SWASTA,Kec. Citangkil,286008,Kota Cilegon,286000,Prov. Banten,280000,0,0,0,0,0,0,0,0,,
RA/BA/TA AL-FURQON,69750068,RA,SWASTA,Kec. Citangkil,286008,Kota Cilegon,286000,Prov. Banten,280000,0,0,0,0,0,0,0,0,,
RA/BA/TA AL-HIDAYAH,69750075,RA,SWASTA,Kec. Citangkil,286008,Kota Cilegon,286000,Prov. Banten,280000,0,0,0,0,0,0,0,0,,
RA/BA/TA AL-ITTIHAD,69750069,RA,SWASTA,Kec. Citangkil,286008,Kota Cilegon,286000,Prov. Banten,280000,0,0,0,0,0,0,0,0,,
RA/BA/TA NURUL AMAL,69750072,RA,SWASTA,Kec. Citangkil,286008,Kota Cilegon,286000,Prov. Banten,280000,0,0,0,0,0,0,0,0,,
RA/BA/TA NURUL FALAAH,69750073,RA,SWASTA,Kec. Citangkil,286008,Kota Cilegon,286000,Prov. Banten,280000,0,0,0,0,0,0,0,0,,
RA/BA/TA NURUL HUDA,69750074,RA,SWASTA,Kec. Citangkil,286008,Kota Cilegon,286000,Prov. Banten,280000,0,0,0,0,0,0,0,0,,
MA AL-KHAIRIYAH PEKALONGAN,69827798,MA,SWASTA,Kec. Citangkil,286008,Kota Cilegon,286000,Prov. Banten,280000,0,0,0,0,0,0,0,0,,
MAN 1 KOTA CILEGON,20623253,MA,NEGERI,Kec. Citangkil,286008,Kota Cilegon,286000,Prov. Banten,280000,0,0,0,0,0,0,0,0,,
MAS AL FURQON,20623257,MA,SWASTA,Kec. Citangkil,286008,Kota Cilegon,286000,Prov. Banten,280000,0,0,0,0,0,0,0,0,,
MAS AL-HIDAYAH,20623255,MA,SWASTA,Kec. Citangkil,286008,Kota Cilegon,286000,Prov. Banten,280000,0,0,0,0,0,0,0,0,,
MAS AL-KHAIRIYAH CITANGKIL,20623254,MA,SWASTA,Kec. Citangkil,286008,Kota Cilegon,286000,Prov. Banten,280000,0,0,0,0,0,0,0,0,,
MAS AL-KHAIRIYAH DELINGSENG,20623256,MA,SWASTA,Kec. Citangkil,286008,Kota Cilegon,286000,Prov. Banten,280000,0,0,0,0,0,0,0,0,,
MTS AL-JAUHAROTUNNAQIYYAH BENTOLA,70014234,MTs,SWASTA,Kec. Cibeber,286004,Kota Cilegon,286000,Prov. Banten,280000,0,0,0,0,0,0,0,0,,
MTS RAUDHATUL JANNAH,70060656,MTs,SWASTA,Kec. Cibeber,286004,Kota Cilegon,286000,Prov. Banten,280000,0,0,0,0,0,0,0,0,,
MTSS AL JAUHAROTUNNAQIYYAH PASIR ANGIN,20622988,MTs,SWASTA,Kec. Cibeber,286004,Kota Cilegon,286000,Prov. Banten,280000,0,0,0,0,0,0,0,0,,
MTSS AL-INAYAH JERANG ILIR,20622987,MTs,SWASTA,Kec. Cibeber,286004,Kota Cilegon,286000,Prov. Banten,280000,0,0,0,0,0,0,0,0,,
MTSS AL-INSAN KROTEK,20622983,MTs,SWASTA,Kec. Cibeber,286004,Kota Cilegon,286000,Prov. Banten,280000,0,0,0,0,0,0,0,0,,
MTSS AL-JAUHAROTUNNAQIYYAH CIBEBER,20622984,MTs,SWASTA,Kec. Cibeber,286004,Kota Cilegon,286000,Prov. Banten,280000,0,0,0,0,0,0,0,0,,
MTSS AL-JAUHAROTUNNAQIYYAH CIBERKO,20622985,MTs,SWASTA,Kec. Cibeber,286004,Kota Cilegon,286000,Prov. Banten,280000,0,0,0,0,0,0,0,0,,
MTSS AL-JAUHAROTUNNAQIYYAH JERANG BARAT,20622986,MTs,SWASTA,Kec. Cibeber,286004,Kota Cilegon,286000,Prov. Banten,280000,0,0,0,0,0,0,0,0,,
MAS AL-INAYAH JERANG ILIR,60205628,MA,SWASTA,Kec. Cibeber,286004,Kota Cilegon,286000,Prov. Banten,280000,0,0,0,0,0,0,0,0,,
MAS AL-JAUHAROTUNNAQIYYAH CIBEBER,60205629,MA,SWASTA,Kec. Cibeber,286004,Kota Cilegon,286000,Prov. Banten,280000,0,0,0,0,0,0,0,0,,
MAS AL-JAUHAROTUNNAQIYYAH JERANG BARAT,60205630,MA,SWASTA,Kec. Cibeber,286004,Kota Cilegon,286000,Prov. Banten,280000,0,0,0,0,0,0,0,0,,
RA AL-FIKRI CILEGON,69977884,RA,SWASTA,Kec. Cibeber,286004,Kota Cilegon,286000,Prov. Banten,280000,0,0,0,0,0,0,0,0,,
RA AL-INAYAH,70010164,RA,SWASTA,Kec. Cibeber,286004,Kota Cilegon,286000,Prov. Banten,280000,0,0,0,0,0,0,0,0,,
RA AR-RIFA,69941213,RA,SWASTA,Kec. Cibeber,286004,Kota Cilegon,286000,Prov. Banten,280000,0,0,0,0,0,0,0,0,,
RA ASSAKINAH,70025929,RA,SWASTA,Kec. Cibeber,286004,Kota Cilegon,286000,Prov. Banten,280000,0,0,0,0,0,0,0,0,,
RA BANY SALIM,69993592,RA,SWASTA,Kec. Cibeber,286004,Kota Cilegon,286000,Prov. Banten,280000,0,0,0,0,0,0,0,0,,
RA DAARUL MUKHLISIN,69977883,RA,SWASTA,Kec. Cibeber,286004,Kota Cilegon,286000,Prov. Banten,280000,0,0,0,0,0,0,0,0,,
RA. AN-NADWAH,69885574,RA,SWASTA,Kec. Cibeber,286004,Kota Cilegon,286000,Prov. Banten,280000,0,0,0,0,0,0,0,0,,
RA. AR RAHMAN,69885575,RA,SWASTA,Kec. Cibeber,286004,Kota Cilegon,286000,Prov. Banten,280000,0,0,0,0,0,0,0,0,,
RA/BA/TA AL INAYAH I,69750051,RA,SWASTA,Kec. Cibeber,286004,Kota Cilegon,286000,Prov. Banten,280000,0,0,0,0,0,0,0,0,,
RA/BA/TA AL-HANIF,69750056,RA,SWASTA,Kec. Cibeber,286004,Kota Cilegon,286000,Prov. Banten,280000,0,0,0,0,0,0,0,0,,
RA/BA/TA AL-HUSNAYAIN,69750050,RA,SWASTA,Kec. Cibeber,286004,Kota Cilegon,286000,Prov. Banten,280000,0,0,0,0,0,0,0,0,,
RA/BA/TA ANNISA,69750053,RA,SWASTA,Kec. Cibeber,286004,Kota Cilegon,286000,Prov. Banten,280000,0,0,0,0,0,0,0,0,,
RA/BA/TA AR-ROHMAH,69750054,RA,SWASTA,Kec. Cibeber,286004,Kota Cilegon,286000,Prov. Banten,280000,0,0,0,0,0,0,0,0,,
RA/BA/TA BABUL HIDAYAH,69750055,RA,SWASTA,Kec. Cibeber,286004,Kota Cilegon,286000,Prov. Banten,280000,0,0,0,0,0,0,0,0,,
SEMAI BENIH BANGSA,69958199,RA,SWASTA,Kec. Cibeber,286004,Kota Cilegon,286000,Prov. Banten,280000,0,0,0,0,0,0,0,0,,
MIS AL-JAUHAROTUNNAQIYYAH CIKERUT,60721437,MI,SWASTA,Kec. Cibeber,286004,Kota Cilegon,286000,Prov. Banten,280000,0,0,0,0,0,0,0,0,,
MAS  AL-ITMAM,69881514,MA,SWASTA,Kec. Ciwandan,286001,Kota Cilegon,286000,Prov. Banten,280000,0,0,0,0,0,0,0,0,,
MAS AL- I`ANAH,20623252,MA,SWASTA,Kec. Ciwandan,286001,Kota Cilegon,286000,Prov. Banten,280000,0,0,0,0,0,0,0,0,,
MAS AL-HASYIMIYAH,20623259,MA,SWASTA,Kec. Ciwandan,286001,Kota Cilegon,286000,Prov. Banten,280000,0,0,0,0,0,0,0,0,,
MAS AL-KHAIRIYAH TEGAL BUNTU,20623258,MA,SWASTA,Kec. Ciwandan,286001,Kota Cilegon,286000,Prov. Banten,280000,0,0,0,0,0,0,0,0,,
MAS BANY NAWAWY GELERENG,20623260,MA,SWASTA,Kec. Ciwandan,286001,Kota Cilegon,286000,Prov. Banten,280000,0,0,0,0,0,0,0,0,,
MAS RAUDLATUL ULUM KALI SAK-SAK,20623261,MA,SWASTA,Kec. Ciwandan,286001,Kota Cilegon,286000,Prov. Banten,280000,0,0,0,0,0,0,0,0,,
MIS AL-MUTIYAH TUBA,70010149,MI,SWASTA,Kec. Ciwandan,286001,Kota Cilegon,286000,Prov. Banten,280000,0,0,0,0,0,0,0,0,,
MIS RAUDLATUL ULUM,60721442,MI,SWASTA,Kec. Ciwandan,286001,Kota Cilegon,286000,Prov. Banten,280000,0,0,0,0,0,0,0,0,,
RA AL LATIEF SURALAYA,69941211,RA,SWASTA,Kec. Ciwandan,286001,Kota Cilegon,286000,Prov. Banten,280000,0,0,0,0,0,0,0,0,,
RA BAITUL FIKRI,70010153,RA,SWASTA,Kec. Ciwandan,286001,Kota Cilegon,286000,Prov. Banten,280000,0,0,0,0,0,0,0,0,,
RA NURUL ISTIQOMAH,70033994,RA,SWASTA,Kec. Ciwandan,286001,Kota Cilegon,286000,Prov. Banten,280000,0,0,0,0,0,0,0,0,,
RA. RAUDLATUL ULUM,69885580,RA,SWASTA,Kec. Ciwandan,286001,Kota Cilegon,286000,Prov. Banten,280000,0,0,0,0,0,0,0,0,,
RA/BA/TA AL-ANWAR,69750081,RA,SWASTA,Kec. Ciwandan,286001,Kota Cilegon,286000,Prov. Banten,280000,0,0,0,0,0,0,0,0,,
RA/BA/TA ASH-SHAFFA,69750076,RA,SWASTA,Kec. Ciwandan,286001,Kota Cilegon,286000,Prov. Banten,280000,0,0,0,0,0,0,0,0,,
RA/BA/TA HAYATAN TOYIBAH,69750077,RA,SWASTA,Kec. Ciwandan,286001,Kota Cilegon,286000,Prov. Banten,280000,0,0,0,0,0,0,0,0,,
RA/BA/TA NUR ASY-SYIFA,69750078,RA,SWASTA,Kec. Ciwandan,286001,Kota Cilegon,286000,Prov. Banten,280000,0,0,0,0,0,0,0,0,,
RA/BA/TA NURUL ISLAM,69750079,RA,SWASTA,Kec. Ciwandan,286001,Kota Cilegon,286000,Prov. Banten,280000,0,0,0,0,0,0,0,0,,
RA/BA/TA RAUDHATUS SHIBYAN,69750082,RA,SWASTA,Kec. Ciwandan,286001,Kota Cilegon,286000,Prov. Banten,280000,0,0,0,0,0,0,0,0,,
MTSS AL- KHAIRIYAH KARANG JETAK,20622981,MTs,SWASTA,Kec. Ciwandan,286001,Kota Cilegon,286000,Prov. Banten,280000,0,0,0,0,0,0,0,0,,
MTSS AL- KHAIRIYAH KRACAK,20622998,MTs,SWASTA,Kec. Ciwandan,286001,Kota Cilegon,286000,Prov. Banten,280000,0,0,0,0,0,0,0,0,,
MTSS AL-HASYIMIYAH,20623006,MTs,SWASTA,Kec. Ciwandan,286001,Kota Cilegon,286000,Prov. Banten,280000,0,0,0,0,0,0,0,0,,
MTSS AL-I`ANAH,20623004,MTs,SWASTA,Kec. Ciwandan,286001,Kota Cilegon,286000,Prov. Banten,280000,0,0,0,0,0,0,0,0,,
MTSS AL-ITMAM,20623003,MTs,SWASTA,Kec. Ciwandan,286001,Kota Cilegon,286000,Prov. Banten,280000,0,0,0,0,0,0,0,0,,
MTSS AL-KHAIRIYAH KUBANGSARI,20622982,MTs,SWASTA,Kec. Ciwandan,286001,Kota Cilegon,286000,Prov. Banten,280000,0,0,0,0,0,0,0,0,,
MTSS AL-KHAIRIYAH TEGALBUNTU,20623005,MTs,SWASTA,Kec. Ciwandan,286001,Kota Cilegon,286000,Prov. Banten,280000,0,0,0,0,0,0,0,0,,
MTSS BANY NAWAWY GELERENG,20623002,MTs,SWASTA,Kec. Ciwandan,286001,Kota Cilegon,286000,Prov. Banten,280000,0,0,0,0,0,0,0,0,,
MTSS KMI PEMATANG CILURAH,20623001,MTs,SWASTA,Kec. Ciwandan,286001,Kota Cilegon,286000,Prov. Banten,280000,0,0,0,0,0,0,0,0,,
MTSS NURUSSA ADAH,69881728,MTs,SWASTA,Kec. Ciwandan,286001,Kota Cilegon,286000,Prov. Banten,280000,0,0,0,0,0,0,0,0,,
MTSS RAUDLATUL ULUM,20623000,MTs,SWASTA,Kec. Ciwandan,286001,Kota Cilegon,286000,Prov. Banten,280000,0,0,0,0,0,0,0,0,,
MTSS YP HIKMATUL `ULUM,20622999,MTs,SWASTA,Kec. Ciwandan,286001,Kota Cilegon,286000,Prov. Banten,280000,0,0,0,0,0,0,0,0,,
MTS IBNU SYAM,70059796,MTs,SWASTA,Kec. Purwakarta,286006,Kota Cilegon,286000,Prov. Banten,280000,0,0,0,0,0,0,0,0,,
MTSN 1 KOTA CILEGON,20623015,MTs,NEGERI,Kec. Purwakarta,286006,Kota Cilegon,286000,Prov. Banten,280000,0,0,0,0,0,0,0,0,,
MTSS AL-JAUHAROTUNNAQIYYAH DALIRAN,20623016,MTs,SWASTA,Kec. Purwakarta,286006,Kota Cilegon,286000,Prov. Banten,280000,0,0,0,0,0,0,0,0,,
MTSS AL-KHAIRIYAH KARANGTENGAH,20623017,MTs,SWASTA,Kec. Purwakarta,286006,Kota Cilegon,286000,Prov. Banten,280000,0,0,0,0,0,0,0,0,,
MTSS NASYRUL ULUM,20623018,MTs,SWASTA,Kec. Purwakarta,286006,Kota Cilegon,286000,Prov. Banten,280000,0,0,0,0,0,0,0,0,,
MA IBNU SYAM,70059293,MA,SWASTA,Kec. Purwakarta,286006,Kota Cilegon,286000,Prov. Banten,280000,0,0,0,0,0,0,0,0,,
MAS AL-KHAIRIYAH KARANGTENGAH,20623269,MA,SWASTA,Kec. Purwakarta,286006,Kota Cilegon,286000,Prov. Banten,280000,0,0,0,0,0,0,0,0,,
MAS NASYRUL ULUM BANI SHALEH,20623270,MA,SWASTA,Kec. Purwakarta,286006,Kota Cilegon,286000,Prov. Banten,280000,0,0,0,0,0,0,0,0,,
RA AL BAROKAH,69941215,RA,SWASTA,Kec. Purwakarta,286006,Kota Cilegon,286000,Prov. Banten,280000,0,0,0,0,0,0,0,0,,
RA/BA/TA AL ASRI,69750096,RA,SWASTA,Kec. Purwakarta,286006,Kota Cilegon,286000,Prov. Banten,280000,0,0,0,0,0,0,0,0,,
RA/BA/TA AS-SYARIEF,69750097,RA,SWASTA,Kec. Purwakarta,286006,Kota Cilegon,286000,Prov. Banten,280000,0,0,0,0,0,0,0,0,,
MIS AL-KHAIRIYAH PABEAN,60721447,MI,SWASTA,Kec. Purwakarta,286006,Kota Cilegon,286000,Prov. Banten,280000,0,0,0,0,0,0,0,0,,
MIS AS-SYARIEF,69857905,MI,SWASTA,Kec. Purwakarta,286006,Kota Cilegon,286000,Prov. Banten,280000,0,0,0,0,0,0,0,0,,
MTSS AL-FATHU,20623013,MTs,SWASTA,Kec. Pulomerak,286002,Kota Cilegon,286000,Prov. Banten,280000,0,0,0,0,0,0,0,0,,
MTSS AL-MUMTAAZ FLORIDA,20623014,MTs,SWASTA,Kec. Pulomerak,286002,Kota Cilegon,286000,Prov. Banten,280000,0,0,0,0,0,0,0,0,,
MIN 1 KOTA CILEGON,60721445,MI,NEGERI,Kec. Pulomerak,286002,Kota Cilegon,286000,Prov. Banten,280000,0,0,0,0,0,0,0,0,,
RA SUY AL-KAHFI,69994500,RA,SWASTA,Kec. Pulomerak,286002,Kota Cilegon,286000,Prov. Banten,280000,0,0,0,0,0,0,0,0,,
RA AL ISTIQOMATUSSHALEH,70010138,RA,SWASTA,Kec. Cilegon,286003,Kota Cilegon,286000,Prov. Banten,280000,0,0,0,0,0,0,0,0,,
RA AL-FATAH,70006658,RA,SWASTA,Kec. Cilegon,286003,Kota Cilegon,286000,Prov. Banten,280000,0,0,0,0,0,0,0,0,,
RA KHAIRATUL JANNAH,69941212,RA,SWASTA,Kec. Cilegon,286003,Kota Cilegon,286000,Prov. Banten,280000,0,0,0,0,0,0,0,0,,
RA.  AL-BUSTANIYAH,69885576,RA,SWASTA,Kec. Cilegon,286003,Kota Cilegon,286000,Prov. Banten,280000,0,0,0,0,0,0,0,0,,
RA. ALBINA,69885577,RA,SWASTA,Kec. Cilegon,286003,Kota Cilegon,286000,Prov. Banten,280000,0,0,0,0,0,0,0,0,,
RA/BA/TA AL ISTIQOMAH,69750059,RA,SWASTA,Kec. Cilegon,286003,Kota Cilegon,286000,Prov. Banten,280000,0,0,0,0,0,0,0,0,,
RA/BA/TA AL-IJTIMAIYAH,69750057,RA,SWASTA,Kec. Cilegon,286003,Kota Cilegon,286000,Prov. Banten,280000,0,0,0,0,0,0,0,0,,
RA/BA/TA AL-JAUHAROTUNNAQIYYAH,69750058,RA,SWASTA,Kec. Cilegon,286003,Kota Cilegon,286000,Prov. Banten,280000,0,0,0,0,0,0,0,0,,
RA/BA/TA AR-ROFIDAH,69750060,RA,SWASTA,Kec. Cilegon,286003,Kota Cilegon,286000,Prov. Banten,280000,0,0,0,0,0,0,0,0,,
RA/BA/TA ASSHOHAABAH,69750061,RA,SWASTA,Kec. Cilegon,286003,Kota Cilegon,286000,Prov. Banten,280000,0,0,0,0,0,0,0,0,,
RA/BA/TA ASY-SYIFA,69750062,RA,SWASTA,Kec. Cilegon,286003,Kota Cilegon,286000,Prov. Banten,280000,0,0,0,0,0,0,0,0,,
RA/BA/TA ASY-SYUHADA,69750063,RA,SWASTA,Kec. Cilegon,286003,Kota Cilegon,286000,Prov. Banten,280000,0,0,0,0,0,0,0,0,,
RA/BA/TA BANY SYAFI I,69750064,RA,SWASTA,Kec. Cilegon,286003,Kota Cilegon,286000,Prov. Banten,280000,0,0,0,0,0,0,0,0,,
RA/BA/TA BINA INSAN KAMIL,69750065,RA,SWASTA,Kec. Cilegon,286003,Kota Cilegon,286000,Prov. Banten,280000,0,0,0,0,0,0,0,0,,
MIS AL-BUSTANIYAH,60721438,MI,SWASTA,Kec. Cilegon,286003,Kota Cilegon,286000,Prov. Banten,280000,0,0,0,0,0,0,0,0,,
MIS AL-JAUHAROTUNNAQIYYAH CIDUNAK,60721439,MI,SWASTA,Kec. Cilegon,286003,Kota Cilegon,286000,Prov. Banten,280000,0,0,0,0,0,0,0,0,,
MAS AL-BUSTANIYAH,60205631,MA,SWASTA,Kec. Cilegon,286003,Kota Cilegon,286000,Prov. Banten,280000,0,0,0,0,0,0,0,0,,
MAS AL-JAUHAROTUNNAQIYYAH PALAS,20623251,MA,SWASTA,Kec. Cilegon,286003,Kota Cilegon,286000,Prov. Banten,280000,0,0,0,0,0,0,0,0,,
MTSS AL-BUSTANIYAH CURUG,20622989,MTs,SWASTA,Kec. Cilegon,286003,Kota Cilegon,286000,Prov. Banten,280000,0,0,0,0,0,0,0,0,,
MTSS AL-JAUHAROTUNNAQIYYAH PALAS,20622990,MTs,SWASTA,Kec. Cilegon,286003,Kota Cilegon,286000,Prov. Banten,280000,0,0,0,0,0,0,0,0,,
MI UNGGULAN AL-IMTIYAZ,70059376,MI,SWASTA,Kec. Grogol,286005,Kota Cilegon,286000,Prov. Banten,280000,0,0,0,0,0,0,0,0,,
MIS AL-KHAIRIYAH GEREM V,60721443,MI,SWASTA,Kec. Grogol,286005,Kota Cilegon,286000,Prov. Banten,280000,0,0,0,0,0,0,0,0,,
RA AL-IMTIYAZ,69941216,RA,SWASTA,Kec. Grogol,286005,Kota Cilegon,286000,Prov. Banten,280000,0,0,0,0,0,0,0,0,,
RA. IBNU QAYYIM AL-JAUZIYAH,69885581,RA,SWASTA,Kec. Grogol,286005,Kota Cilegon,286000,Prov. Banten,280000,0,0,0,0,0,0,0,0,,
RA/BA/TA AL-HUJJAJ,69750083,RA,SWASTA,Kec. Grogol,286005,Kota Cilegon,286000,Prov. Banten,280000,0,0,0,0,0,0,0,0,,
RA/BA/TA AL-KAUTSAR,69750084,RA,SWASTA,Kec. Grogol,286005,Kota Cilegon,286000,Prov. Banten,280000,0,0,0,0,0,0,0,0,,
RA/BA/TA AL-KHAIRIYAH GEREM I,69750085,RA,SWASTA,Kec. Grogol,286005,Kota Cilegon,286000,Prov. Banten,280000,0,0,0,0,0,0,0,0,,
RA/BA/TA AL-KHAIRIYAH PABUARAN,69750086,RA,SWASTA,Kec. Grogol,286005,Kota Cilegon,286000,Prov. Banten,280000,0,0,0,0,0,0,0,0,,
RA/BA/TA DAARUL MUTA`ALLIMIN,69750087,RA,SWASTA,Kec. Grogol,286005,Kota Cilegon,286000,Prov. Banten,280000,0,0,0,0,0,0,0,0,,
MAN 2 KOTA CILEGON,20623263,MA,NEGERI,Kec. Grogol,286005,Kota Cilegon,286000,Prov. Banten,280000,0,0,0,0,0,0,0,0,,
MAS AL-KHAIRIYAH PABUARAN,20623265,MA,SWASTA,Kec. Grogol,286005,Kota Cilegon,286000,Prov. Banten,280000,0,0,0,0,0,0,0,0,,
MTSN 3 KOTA CILEGON,20623007,MTs,NEGERI,Kec. Grogol,286005,Kota Cilegon,286000,Prov. Banten,280000,0,0,0,0,0,0,0,0,,
MTSS AL-KHAIRIYAH KOTASARI,20623009,MTs,SWASTA,Kec. Grogol,286005,Kota Cilegon,286000,Prov. Banten,280000,0,0,0,0,0,0,0,0,,
MTSS AL-KHAIRIYAH PABUARAN,20623010,MTs,SWASTA,Kec. Grogol,286005,Kota Cilegon,286000,Prov. Banten,280000,0,0,0,0,0,0,0,0,,
MTSS AL-KHAIRIYAH RAWAARUM,20623011,MTs,SWASTA,Kec. Grogol,286005,Kota Cilegon,286000,Prov. Banten,280000,0,0,0,0,0,0,0,0,,
MTSS AL-MUNAWWAROH,20623008,MTs,SWASTA,Kec. Grogol,286005,Kota Cilegon,286000,Prov. Banten,280000,0,0,0,0,0,0,0,0,,
