nama_sekolah,npsn,bentuk_pendidikan,status_sekolah,kecamatan,kode_kecamatan,kabupaten,kode_kabupaten,provinsi,kode_provinsi,jumlah_guru_ptk,jumlah_pegawai,jumlah_peserta_didik,jumlah_rombel,jumlah_ruang_kelas,jumlah_lab,jumlah_perpustakaan,jumlah_kirim_sinkron,sinkron_terakhir,sekolah_id_enkrip
SD NEGERI 111 HALMAHERA SELATAN,60201406,SD,Negeri,Kec. Bacan,270504,Kab. Halmahera Selatan,270500,Prov. Maluku Utara,270000,9,1,113,6,6,0,1,11,17 Mar 2026 00:34:48,5A2E58C25BC078936545
SD NEGERI 115 HALMAHERA SELATAN,60201448,SD,Negeri,Kec. Bacan,270504,Kab. Halmahera Selatan,270500,Prov. Maluku Utara,270000,16,2,392,12,12,0,1,44,14 Apr 2026 21:22:01,E3A7B91A156997A97483
SD NEGERI 12 HALMAHERA SELATAN,60201459,SD,Negeri,Kec. Bacan,270504,Kab. Halmahera Selatan,270500,Prov. Maluku Utara,270000,7,3,175,6,9,0,1,16,14 Apr 2026 18:35:49,3030FCA73F4E905E5661
SD NEGERI 120 HALMAHERA SELATAN,60201508,SD,Negeri,Kec. Bacan,270504,Kab. Halmahera Selatan,270500,Prov. Maluku Utara,270000,9,1,106,6,6,0,1,11,10 Apr 2026 08:45:34,9037397D35DA2073DB13
SD NEGERI 128 HALMAHERA SELATAN,60201400,SD,Negeri,Kec. Bacan,270504,Kab. Halmahera Selatan,270500,Prov. Maluku Utara,270000,9,2,91,6,6,0,1,33,23 Apr 2026 12:28:27,A6B7A7DBFCDB9C3A0E65
SD NEGERI 161 HALMAHERA SELATAN,60201387,SD,Negeri,Kec. Bacan,270504,Kab. Halmahera Selatan,270500,Prov. Maluku Utara,270000,11,2,144,8,7,0,1,16,30 Apr 2026 05:39:08,AA2B9BC6D75ABD48B345
SD NEGERI 167 HALMAHERA SELATAN,60201379,SD,Negeri,Kec. Bacan,270504,Kab. Halmahera Selatan,270500,Prov. Maluku Utara,270000,7,1,136,6,6,1,1,28,29 Apr 2026 17:47:37,DA5D59CB411C14C1C9CC
SD NEGERI 185 HALMAHERA SELATAN,60201539,SD,Negeri,Kec. Bacan,270504,Kab. Halmahera Selatan,270500,Prov. Maluku Utara,270000,7,2,61,6,9,0,2,18,06 Apr 2026 17:53:25,86FBE2FA19B8AB1E71C0
SD NEGERI 205 HALMAHERA SELATAN,60201471,SD,Negeri,Kec. Bacan,270504,Kab. Halmahera Selatan,270500,Prov. Maluku Utara,270000,8,1,105,6,6,0,1,13,04 Apr 2026 04:58:10,AF69480A1D30948A0299
SD NEGERI 213 HALMAHERA SELATAN,60201468,SD,Negeri,Kec. Bacan,270504,Kab. Halmahera Selatan,270500,Prov. Maluku Utara,270000,8,2,105,6,6,0,1,12,03 Apr 2026 10:14:58,912700AECB21155EAD24
SD NEGERI 250 HALMAHERA SELATAN,60201599,SD,Negeri,Kec. Bacan,270504,Kab. Halmahera Selatan,270500,Prov. Maluku Utara,270000,17,0,229,12,13,0,1,37,15 Apr 2026 10:09:52,9C49EDC53D39E0F85B0D
SD NEGERI 39 HALMAHERA SELATAN,60201465,SD,Negeri,Kec. Bacan,270504,Kab. Halmahera Selatan,270500,Prov. Maluku Utara,270000,12,3,248,12,12,0,1,29,13 Apr 2026 17:17:59,67BAFC9ED2308B0CE50E
SD NEGERI 68 HALMAHERA SELATAN,60201473,SD,Negeri,Kec. Bacan,270504,Kab. Halmahera Selatan,270500,Prov. Maluku Utara,270000,16,1,239,11,11,0,1,35,16 Apr 2026 09:29:11,C48A2F4EDB12EFD40FF3
SD NEGERI 70 HALMAHERA SELATAN,60201560,SD,Negeri,Kec. Bacan,270504,Kab. Halmahera Selatan,270500,Prov. Maluku Utara,270000,11,0,123,6,5,0,1,60,25 Apr 2026 07:13:11,06D7FEF5A217266B4B93
SD NEGERI 8 HALMAHERA SELATAN,60201462,SD,Negeri,Kec. Bacan,270504,Kab. Halmahera Selatan,270500,Prov. Maluku Utara,270000,23,2,421,17,14,0,1,27,28 Apr 2026 07:24:05,FD3ACE551D1C113808FC
SD ALKHAIRAAT LABUHA,60201586,SD,Swasta,Kec. Bacan,270504,Kab. Halmahera Selatan,270500,Prov. Maluku Utara,270000,15,3,237,11,11,0,1,21,23 Apr 2026 09:10:39,1C30E6B812DEEAD0B0DE
SD AS-SUNNAH MULTAZAM ARROHMAH,70056821,SD,Swasta,Kec. Bacan,270504,Kab. Halmahera Selatan,270500,Prov. Maluku Utara,270000,2,3,0,0,0,0,0,0,,44F4DD8FB93BD5CB3E54
SD MISBAHULAULAD BACAN,60203030,SD,Swasta,Kec. Bacan,270504,Kab. Halmahera Selatan,270500,Prov. Maluku Utara,270000,4,2,56,6,5,0,1,22,05 Apr 2026 09:47:55,63DCEF0517B6EFAB56D4
SD MUHAMMADIYAH UNGGULAN 1 BACAN,70008090,SD,Swasta,Kec. Bacan,270504,Kab. Halmahera Selatan,270500,Prov. Maluku Utara,270000,5,0,46,6,3,0,0,7,23 Apr 2026 19:57:08,7D528ED4E3C3BC68C00F
SD SWASTA NASKAT LABUHA,60201601,SD,Swasta,Kec. Bacan,270504,Kab. Halmahera Selatan,270500,Prov. Maluku Utara,270000,7,2,90,6,6,0,1,9,04 Mar 2026 06:34:09,9A9BCB91D532D10CD94C
SD TAHFIZH GENERASI GEMILANG ISTIQOMAH,70032379,SD,Swasta,Kec. Bacan,270504,Kab. Halmahera Selatan,270500,Prov. Maluku Utara,270000,4,1,38,4,4,0,1,3,02 Feb 2026 08:25:31,277447237EB1D50688E4
SD WANSA SCHOOL,70009809,SD,Swasta,Kec. Bacan,270504,Kab. Halmahera Selatan,270500,Prov. Maluku Utara,270000,8,2,49,6,6,0,0,22,24 Apr 2026 10:15:04,2C3E688242D9905ACC79
SDIT INSAN KAMIL LABUHA,60203029,SD,Swasta,Kec. Bacan,270504,Kab. Halmahera Selatan,270500,Prov. Maluku Utara,270000,24,3,431,18,18,1,1,23,17 Apr 2026 07:37:12,9899E1CDD0156955245B
SMP NEGERI 1 HALMAHERA SELATAN,60203265,SMP,Negeri,Kec. Bacan,270504,Kab. Halmahera Selatan,270500,Prov. Maluku Utara,270000,27,3,440,14,14,3,1,115,29 Apr 2026 18:57:35,276CFA7B4FFBABF9D2DF
SMP NEGERI 69 SATAP HALMAHERA SELATAN,69734329,SMP,Negeri,Kec. Bacan,270504,Kab. Halmahera Selatan,270500,Prov. Maluku Utara,270000,14,2,98,4,2,2,1,78,28 Apr 2026 13:06:48,E9F94AF1B5DB1C1D2EB8
SMP Negeri Unggulan Saruma,70054808,SMP,Negeri,Kec. Bacan,270504,Kab. Halmahera Selatan,270500,Prov. Maluku Utara,270000,7,0,101,4,4,1,1,24,14 Mar 2026 11:06:34,7708063D89DF04C89FCF
SMP ALKHAIRAAT LABUHA,60201639,SMP,Swasta,Kec. Bacan,270504,Kab. Halmahera Selatan,270500,Prov. Maluku Utara,270000,10,1,200,8,9,1,1,39,30 Apr 2026 07:47:55,430D96357CA9A8C31531
SMP ALKHAIRAAT SUMA TINGGI,69976700,SMP,Swasta,Kec. Bacan,270504,Kab. Halmahera Selatan,270500,Prov. Maluku Utara,270000,6,1,32,3,3,0,0,8,28 Feb 2026 01:43:49,EE63DB2C093305DA1E7F
SMP HARAPAN BANGSA,69873589,SMP,Swasta,Kec. Bacan,270504,Kab. Halmahera Selatan,270500,Prov. Maluku Utara,270000,6,1,57,3,3,0,1,7,01 Mar 2026 18:59:37,FB766D0177B55E3EAE1B
SMP ISLAM MISBAHUL AULAD,69851443,SMP,Swasta,Kec. Bacan,270504,Kab. Halmahera Selatan,270500,Prov. Maluku Utara,270000,9,1,61,3,3,1,1,11,16 Apr 2026 01:51:15,4122A0112DBB230446E0
SMP ISLAM SAMARGALILA LABUHA,60203255,SMP,Swasta,Kec. Bacan,270504,Kab. Halmahera Selatan,270500,Prov. Maluku Utara,270000,9,1,96,4,7,1,1,63,17 Apr 2026 17:00:30,EA26FC539643F39BC795
SMP ISLAM TERPADU INSAN KAMIL,69756855,SMP,Swasta,Kec. Bacan,270504,Kab. Halmahera Selatan,270500,Prov. Maluku Utara,270000,22,1,314,11,11,2,1,32,23 Apr 2026 09:16:00,3A934F2E53489BB1C996
SMP MUHAMMADIYAH 1 BACAN,69878680,SMP,Swasta,Kec. Bacan,270504,Kab. Halmahera Selatan,270500,Prov. Maluku Utara,270000,7,0,82,3,3,1,1,21,17 Apr 2026 19:16:57,61C0AA79916D18F1E764
SMA NEGERI 1 HALMAHERA SELATAN,60201658,SMA,Negeri,Kec. Bacan,270504,Kab. Halmahera Selatan,270500,Prov. Maluku Utara,270000,49,5,1003,27,24,4,1,43,24 Apr 2026 18:19:18,B2D57436038D90DF61EF
SMA ALKHAIRAAT LABUHA,60201671,SMA,Swasta,Kec. Bacan,270504,Kab. Halmahera Selatan,270500,Prov. Maluku Utara,270000,24,4,462,14,13,3,1,67,01 May 2026 22:04:28,2184670145D52FBF78E4
SMA ISLAM MISBAHUL AULAD BACAN,69851434,SMA,Swasta,Kec. Bacan,270504,Kab. Halmahera Selatan,270500,Prov. Maluku Utara,270000,10,1,118,5,6,2,1,59,02 May 2026 03:52:52,0115DA48BB26DF12BDFE
SMA IT INSAN KAMIL,69989239,SMA,Swasta,Kec. Bacan,270504,Kab. Halmahera Selatan,270500,Prov. Maluku Utara,270000,10,1,81,3,4,3,1,93,01 May 2026 14:19:53,A561656295A32A544946
SMK INFORMATIKA MUHAMMADIYAH BACAN,60205825,SMK,Swasta,Kec. Bacan,270504,Kab. Halmahera Selatan,270500,Prov. Maluku Utara,270000,7,2,84,9,9,4,1,71,30 Apr 2026 09:51:39,70418E8A42E113CFA6E2
SMK MISBAHUL AULAD LABUHA,60203363,SMK,Swasta,Kec. Bacan,270504,Kab. Halmahera Selatan,270500,Prov. Maluku Utara,270000,28,4,442,18,9,2,1,205,01 May 2026 17:51:08,AC8F203953270FDA3D24
SD NEGERI 104 HALMAHERA SELATAN,60201301,SD,Negeri,Kec. Obi,270505,Kab. Halmahera Selatan,270500,Prov. Maluku Utara,270000,15,2,269,12,6,0,1,65,23 Apr 2026 18:01:35,85A34B4DADE7EFEFD604
SD NEGERI 113 HALMAHERA SELATAN,60201407,SD,Negeri,Kec. Obi,270505,Kab. Halmahera Selatan,270500,Prov. Maluku Utara,270000,7,2,181,7,7,0,1,17,23 Apr 2026 18:46:50,523FF0E55C0D22DD97E5
SD NEGERI 132 HALMAHERA SELATAN,60201380,SD,Negeri,Kec. Obi,270505,Kab. Halmahera Selatan,270500,Prov. Maluku Utara,270000,7,2,186,8,9,0,2,43,28 Apr 2026 19:32:04,D1D86C5D5414E4521237
SD NEGERI 180 HALMAHERA SELATAN,60201399,SD,Negeri,Kec. Obi,270505,Kab. Halmahera Selatan,270500,Prov. Maluku Utara,270000,10,2,213,8,8,0,0,12,23 Feb 2026 09:02:23,AA33A5DDE83FC54A3835
SD NEGERI 187 HALMAHERA SELATAN,60201398,SD,Negeri,Kec. Obi,270505,Kab. Halmahera Selatan,270500,Prov. Maluku Utara,270000,13,3,272,11,10,0,2,47,05 Apr 2026 03:51:10,8B8D6915ABAB38C51799
SD NEGERI 191 HALMAHERA SELATAN,60201469,SD,Negeri,Kec. Obi,270505,Kab. Halmahera Selatan,270500,Prov. Maluku Utara,270000,9,6,192,7,6,1,1,62,29 Apr 2026 09:34:34,DB49378E822C718040A1
SD NEGERI 217 HALMAHERA SELATAN,60203099,SD,Negeri,Kec. Obi,270505,Kab. Halmahera Selatan,270500,Prov. Maluku Utara,270000,13,1,351,14,6,0,1,57,28 Apr 2026 07:43:01,6790FC743C881979A01F
SD NEGERI 253 HALMAHERA SELATAN,60203049,SD,Negeri,Kec. Obi,270505,Kab. Halmahera Selatan,270500,Prov. Maluku Utara,270000,6,1,101,6,10,0,1,24,17 Apr 2026 08:59:45,44DD240E38A99F50CB2E
SD NEGERI 265 HALMAHERA SELATAN,60203203,SD,Negeri,Kec. Obi,270505,Kab. Halmahera Selatan,270500,Prov. Maluku Utara,270000,5,0,54,6,6,0,0,22,29 Apr 2026 07:12:45,9A1F06229ABB705BB9FA
SD NEGERI 90 HALMAHERA SELATAN,60201463,SD,Negeri,Kec. Obi,270505,Kab. Halmahera Selatan,270500,Prov. Maluku Utara,270000,12,1,112,6,6,0,1,30,17 Apr 2026 04:44:17,69C115964EC9C8983F6C
SD PEDULI BANGSA,60203835,SD,Swasta,Kec. Obi,270505,Kab. Halmahera Selatan,270500,Prov. Maluku Utara,270000,9,1,146,6,6,0,1,7,23 Feb 2026 18:08:30,7E5E2842D975A2DC213A
SD PEDULI BANGSA ANGGAI,69859693,SD,Swasta,Kec. Obi,270505,Kab. Halmahera Selatan,270500,Prov. Maluku Utara,270000,1,1,77,6,6,0,1,10,30 Apr 2026 20:46:10,056DEF75DB116DF1AB19
SD PEDULI BANGSA TABUJI,60203805,SD,Swasta,Kec. Obi,270505,Kab. Halmahera Selatan,270500,Prov. Maluku Utara,270000,3,1,71,7,2,0,0,7,20 Apr 2026 10:19:45,142BFC34F7D2A681436F
SDIT GERBANG MAS OBI,69899514,SD,Swasta,Kec. Obi,270505,Kab. Halmahera Selatan,270500,Prov. Maluku Utara,270000,6,0,133,6,6,0,0,22,29 Apr 2026 13:51:21,5F7A536D5E0B96912D96
SMP NEGERI 13 HALMAHERA SELATAN,60203284,SMP,Negeri,Kec. Obi,270505,Kab. Halmahera Selatan,270500,Prov. Maluku Utara,270000,14,3,179,7,10,3,1,50,15 Apr 2026 00:50:14,FBFDABF169F0D68CF90B
SMP NEGERI 4 HALMAHERA SELATAN,60203274,SMP,Negeri,Kec. Obi,270505,Kab. Halmahera Selatan,270500,Prov. Maluku Utara,270000,19,4,307,11,12,1,1,40,26 Apr 2026 14:49:21,19160289F2F968CE1DFA
SMP OBI MAYOR,69947664,SMP,Swasta,Kec. Obi,270505,Kab. Halmahera Selatan,270500,Prov. Maluku Utara,270000,9,3,88,5,3,0,0,28,04 Apr 2026 20:23:22,87518B7BA09521077E93
SMP PEDULI BANGSA ANGGAI-SAMBIKI,60203328,SMP,Swasta,Kec. Obi,270505,Kab. Halmahera Selatan,270500,Prov. Maluku Utara,270000,9,2,221,7,11,1,0,15,30 Apr 2026 20:30:15,FB7706CEE85F71923268
SMP PEDULI BANGSA TABUJI,69926918,SMP,Swasta,Kec. Obi,270505,Kab. Halmahera Selatan,270500,Prov. Maluku Utara,270000,3,1,19,3,2,0,0,9,26 Feb 2026 12:46:50,9A2A5B637C810AC7B1B3
SMP SWASTA LOJI PERMAI KAWASI,60203802,SMP,Swasta,Kec. Obi,270505,Kab. Halmahera Selatan,270500,Prov. Maluku Utara,270000,6,1,74,5,3,1,0,13,14 Apr 2026 06:03:53,BCDA7D5CAD54046923DB
SMP-IT GLOBAL NUSANTARA ANGGAI,70009050,SMP,Swasta,Kec. Obi,270505,Kab. Halmahera Selatan,270500,Prov. Maluku Utara,270000,0,0,89,4,3,0,0,11,19 Feb 2026 18:51:49,F6103B9A4E48E1BDD60F
SMPIT GERBANG MAS OBI,70028307,SMP,Swasta,Kec. Obi,270505,Kab. Halmahera Selatan,270500,Prov. Maluku Utara,270000,3,2,24,3,3,0,0,8,12 Apr 2026 15:00:59,215DBF96BCCB5350E0FE
SMA NEGERI 22 HALMAHERA SELATAN,60202431,SMA,Negeri,Kec. Obi,270505,Kab. Halmahera Selatan,270500,Prov. Maluku Utara,270000,21,1,234,8,10,3,1,26,01 May 2026 14:32:53,D2713CB4E71C1227E217
SMA NEGERI 6 HALMAHERA SELATAN,60201662,SMA,Negeri,Kec. Obi,270505,Kab. Halmahera Selatan,270500,Prov. Maluku Utara,270000,31,9,459,15,16,3,1,60,30 Apr 2026 10:31:51,5D91F0606FDF21B42CE7
SMA NURUL HASAN SAMBIKI,69903978,SMA,Swasta,Kec. Obi,270505,Kab. Halmahera Selatan,270500,Prov. Maluku Utara,270000,9,4,65,3,3,1,1,60,26 Apr 2026 12:42:06,03941AB1C53DC4AB42DA
SMA TUNAS MUDA KAWASI,69879772,SMA,Swasta,Kec. Obi,270505,Kab. Halmahera Selatan,270500,Prov. Maluku Utara,270000,2,1,77,3,3,0,1,16,16 Apr 2026 20:00:22,7B111513EB14E4D567E7
SMK GLOBAL PRATAMA OBI,69925469,SMK,Swasta,Kec. Obi,270505,Kab. Halmahera Selatan,270500,Prov. Maluku Utara,270000,11,2,55,6,8,1,1,33,07 Mar 2026 19:31:11,A31EFCB12ED6727F5FCF
SMK NUSANTARA 3,69965130,SMK,Swasta,Kec. Obi,270505,Kab. Halmahera Selatan,270500,Prov. Maluku Utara,270000,7,1,48,3,3,1,1,28,01 May 2026 06:00:48,36D6D96CDA8E33980EC6
SMK PEDULI BANGSA,60205824,SMK,Swasta,Kec. Obi,270505,Kab. Halmahera Selatan,270500,Prov. Maluku Utara,270000,4,0,58,3,6,3,2,38,30 Apr 2026 15:01:50,984E7F8093FA0B1F6BB4
SMK TEKNOLOGI OBI,60729100,SMK,Swasta,Kec. Obi,270505,Kab. Halmahera Selatan,270500,Prov. Maluku Utara,270000,18,3,95,6,6,1,1,146,27 Apr 2026 06:27:31,5D3780AC35AFB4B1953D
SD NEGERI 118 HALMAHERA SELATAN,60203087,SD,Negeri,Kec. Bacan Timur,270502,Kab. Halmahera Selatan,270500,Prov. Maluku Utara,270000,8,2,102,6,6,0,0,43,29 Apr 2026 18:27:20,C84F438FB9AAC7696F02
SD NEGERI 125 HALMAHERA SELATAN,60201382,SD,Negeri,Kec. Bacan Timur,270502,Kab. Halmahera Selatan,270500,Prov. Maluku Utara,270000,19,1,280,12,6,0,1,78,07 Apr 2026 20:35:19,8706AC3B87FCFEB183EF
SD NEGERI 168 HALMAHERA SELATAN,60201477,SD,Negeri,Kec. Bacan Timur,270502,Kab. Halmahera Selatan,270500,Prov. Maluku Utara,270000,13,1,241,10,6,0,1,24,01 May 2026 21:01:34,508D72CA61DA41845C12
SD NEGERI 171 HALMAHERA SELATAN,60201452,SD,Negeri,Kec. Bacan Timur,270502,Kab. Halmahera Selatan,270500,Prov. Maluku Utara,270000,8,6,90,6,6,0,0,13,25 Apr 2026 07:55:06,FD3DD33E38D8F279C462
SD NEGERI 192 HALMAHERA SELATAN,60201493,SD,Negeri,Kec. Bacan Timur,270502,Kab. Halmahera Selatan,270500,Prov. Maluku Utara,270000,7,2,40,6,6,0,0,46,08 Apr 2026 00:56:13,E7CAAF722847399BEAD8
SD NEGERI 215 HALMAHERA SELATAN,60201553,SD,Negeri,Kec. Bacan Timur,270502,Kab. Halmahera Selatan,270500,Prov. Maluku Utara,270000,9,0,17,6,6,0,0,22,27 Apr 2026 20:28:59,777AEBB7380A1622127B
SD NEGERI 219 HALMAHERA SELATAN,60201550,SD,Negeri,Kec. Bacan Timur,270502,Kab. Halmahera Selatan,270500,Prov. Maluku Utara,270000,5,5,116,6,6,0,1,84,29 Apr 2026 11:13:03,BEC6AB47158629AB38A8
SD NEGERI 247 HALMAHERA SELATAN,60203215,SD,Negeri,Kec. Bacan Timur,270502,Kab. Halmahera Selatan,270500,Prov. Maluku Utara,270000,9,4,29,6,5,0,0,18,20 Apr 2026 10:11:06,6BA2D31C280FF9E9AAC2
SD NEGERI 251 HALMAHERA SELATAN,60203204,SD,Negeri,Kec. Bacan Timur,270502,Kab. Halmahera Selatan,270500,Prov. Maluku Utara,270000,7,4,45,6,6,0,1,17,26 Apr 2026 09:53:49,3B7D2CF41352BC6D8738
SD NEGERI 258 HALMAHERA SELATAN,60201554,SD,Negeri,Kec. Bacan Timur,270502,Kab. Halmahera Selatan,270500,Prov. Maluku Utara,270000,9,2,153,6,6,0,0,14,28 Apr 2026 17:18:15,349BECBAB2CF59816244
SD NEGERI 61 HALMAHERA SELATAN,60201491,SD,Negeri,Kec. Bacan Timur,270502,Kab. Halmahera Selatan,270500,Prov. Maluku Utara,270000,11,1,80,6,7,0,1,20,03 Apr 2026 18:47:14,1967FDF76CABF1CEA86D
SD ALKHAIRAAT BABANG,69726009,SD,Swasta,Kec. Bacan Timur,270502,Kab. Halmahera Selatan,270500,Prov. Maluku Utara,270000,5,2,143,6,6,0,1,52,01 May 2026 11:04:50,8195075ED0F1AC832016
SD BUKIT SERE SUNGAI RA,70000072,SD,Swasta,Kec. Bacan Timur,270502,Kab. Halmahera Selatan,270500,Prov. Maluku Utara,270000,3,0,57,6,4,0,0,31,08 Apr 2026 20:28:32,FCE3047BC303DAE6F80F
SD ISLAM TERPADU ALKHAIRAAT WAYAMIGA,69867907,SD,Swasta,Kec. Bacan Timur,270502,Kab. Halmahera Selatan,270500,Prov. Maluku Utara,270000,6,1,103,6,4,0,0,12,27 Apr 2026 19:37:43,7DD914FF87D74A91C366
SD NURUL HASAN BORI,69888746,SD,Swasta,Kec. Bacan Timur,270502,Kab. Halmahera Selatan,270500,Prov. Maluku Utara,270000,1,0,61,6,3,0,0,8,12 Feb 2026 22:32:48,E7A26FC1775BE5A0D1C4
SMP NEGERI 22 HALMAHERA SELATAN,60203267,SMP,Negeri,Kec. Bacan Timur,270502,Kab. Halmahera Selatan,270500,Prov. Maluku Utara,270000,10,4,56,3,6,1,1,26,16 Apr 2026 22:27:24,48821EDE8ED9D79F4EA8
SMP NEGERI 24 SATAP HALMAHERA SELATAN,60203306,SMP,Negeri,Kec. Bacan Timur,270502,Kab. Halmahera Selatan,270500,Prov. Maluku Utara,270000,8,3,66,3,5,1,1,66,26 Apr 2026 19:21:56,9CF0D6BB4107C32D70B2
SMP NEGERI 35 HALMAHERA SELATAN,60201648,SMP,Negeri,Kec. Bacan Timur,270502,Kab. Halmahera Selatan,270500,Prov. Maluku Utara,270000,12,3,54,3,3,1,1,22,26 Apr 2026 20:35:55,2411E7A88BB4D25EA315
SMP ISLAM SAMARGALILA 2 BABANG,60203256,SMP,Swasta,Kec. Bacan Timur,270502,Kab. Halmahera Selatan,270500,Prov. Maluku Utara,270000,7,1,105,4,9,0,2,52,28 Mar 2026 09:41:00,C7BFA1B8C11353202FC6
SMP OIKUMENE BACAN,60203635,SMP,Swasta,Kec. Bacan Timur,270502,Kab. Halmahera Selatan,270500,Prov. Maluku Utara,270000,3,0,97,4,3,0,0,32,02 May 2026 16:30:51,2108C557EABACBE7988C
SMP SWASTA NUR AIN KAIREU,69995776,SMP,Swasta,Kec. Bacan Timur,270502,Kab. Halmahera Selatan,270500,Prov. Maluku Utara,270000,3,3,31,3,2,0,0,13,03 Mar 2026 16:10:37,FA778D2D0A374353F53E
SMA NEGERI 14 HALMAHERA SELATAN,60201680,SMA,Negeri,Kec. Bacan Timur,270502,Kab. Halmahera Selatan,270500,Prov. Maluku Utara,270000,11,3,79,3,6,3,1,55,27 Apr 2026 06:42:54,F39600918EA6A64A124E
SMA NEGERI 8 HALMAHERA SELATAN,60201659,SMA,Negeri,Kec. Bacan Timur,270502,Kab. Halmahera Selatan,270500,Prov. Maluku Utara,270000,29,2,362,12,15,5,2,48,02 May 2026 10:04:13,07286D39EAFED3F97DED
SMK KESEHATAN NURUL HASAN BACAN,69851442,SMK,Swasta,Kec. Bacan Timur,270502,Kab. Halmahera Selatan,270500,Prov. Maluku Utara,270000,0,1,23,3,6,0,0,13,08 Apr 2026 20:51:55,3B9047FD2DA506FB4219
SMK PERKEBUNAN BORI,60205822,SMK,Swasta,Kec. Bacan Timur,270502,Kab. Halmahera Selatan,270500,Prov. Maluku Utara,270000,9,2,64,3,3,0,1,87,27 Apr 2026 10:03:14,3B27E0DAC3517FD90B9D
SMK YKM PARIWISATA HALMAHERA SELATAN,69985577,SMK,Swasta,Kec. Bacan Timur,270502,Kab. Halmahera Selatan,270500,Prov. Maluku Utara,270000,5,1,61,3,2,0,0,66,23 Apr 2026 08:57:50,309E764E68C88962E8ED
SD NEGERI 137 HALMAHERA SELATAN,60201449,SD,Negeri,Kec. Bacan Selatan,270516,Kab. Halmahera Selatan,270500,Prov. Maluku Utara,270000,9,1,218,8,6,0,1,25,20 Apr 2026 11:51:02,F3829557CEC579B4039B
SD NEGERI 146 HALMAHERA SELATAN,60201424,SD,Negeri,Kec. Bacan Selatan,270516,Kab. Halmahera Selatan,270500,Prov. Maluku Utara,270000,13,2,82,6,5,0,2,13,17 Apr 2026 05:17:21,7E13D4B7F7AA7F7016D3
SD NEGERI 160 HALMAHERA SELATAN,60201415,SD,Negeri,Kec. Bacan Selatan,270516,Kab. Halmahera Selatan,270500,Prov. Maluku Utara,270000,16,2,339,13,12,0,1,11,03 Apr 2026 10:52:32,ED8D2C87D37C15D53A34
SD NEGERI 197 HALMAHERA SELATAN,60201388,SD,Negeri,Kec. Bacan Selatan,270516,Kab. Halmahera Selatan,270500,Prov. Maluku Utara,270000,11,1,186,7,8,1,1,42,09 Apr 2026 07:31:02,24172B843F01CB296F2C
SD NEGERI 21 HALMAHERA SELATAN,60201501,SD,Negeri,Kec. Bacan Selatan,270516,Kab. Halmahera Selatan,270500,Prov. Maluku Utara,270000,12,2,212,9,7,0,1,27,13 Apr 2026 02:08:09,0EC7E1C1F0AE0936EDC7
SD NEGERI 245 HALMAHERA SELATAN,60202387,SD,Negeri,Kec. Bacan Selatan,270516,Kab. Halmahera Selatan,270500,Prov. Maluku Utara,270000,8,1,122,6,6,0,1,14,01 May 2026 09:27:21,8EE0D716C53CD7CAEF50
SD NEGERI 256 HALMAHERA SELATAN,60201542,SD,Negeri,Kec. Bacan Selatan,270516,Kab. Halmahera Selatan,270500,Prov. Maluku Utara,270000,9,3,79,6,7,0,1,21,02 May 2026 01:08:56,25ADD024FD2387311A25
SD NEGERI 73 HALMAHERA SELATAN,60201512,SD,Negeri,Kec. Bacan Selatan,270516,Kab. Halmahera Selatan,270500,Prov. Maluku Utara,270000,14,3,241,12,6,0,2,52,25 Apr 2026 08:04:05,CFA52BF8777115A2721F
SD NEGERI 80 HALMAHERA SELATAN,60201518,SD,Negeri,Kec. Bacan Selatan,270516,Kab. Halmahera Selatan,270500,Prov. Maluku Utara,270000,16,3,290,12,8,0,1,40,02 May 2026 19:42:22,E0BFB32C6069FFE26A5A
SD Islam Terpadu Al-Mujaddid,69989358,SD,Swasta,Kec. Bacan Selatan,270516,Kab. Halmahera Selatan,270500,Prov. Maluku Utara,270000,12,2,173,9,10,0,0,7,04 Feb 2026 03:53:56,D9F161A4932858FE5A6F
SD NASKAT PANAMBUANG,60201602,SD,Swasta,Kec. Bacan Selatan,270516,Kab. Halmahera Selatan,270500,Prov. Maluku Utara,270000,9,1,115,6,6,0,1,10,13 Apr 2026 08:11:46,842896108CB01F749C98
SMP NEGERI 14 HALMAHERA SELATAN,60203287,SMP,Negeri,Kec. Bacan Selatan,270516,Kab. Halmahera Selatan,270500,Prov. Maluku Utara,270000,17,6,224,8,13,2,1,54,24 Apr 2026 15:25:28,2A30FB1E24C1C24B6026
SMP NEGERI 59 HALMAHERA SELATAN,60203808,SMP,Negeri,Kec. Bacan Selatan,270516,Kab. Halmahera Selatan,270500,Prov. Maluku Utara,270000,14,1,89,4,5,1,2,26,29 Apr 2026 09:32:35,D2371D036D436670AE93
SMP NEGERI 6 HALMAHERA SELATAN,60203277,SMP,Negeri,Kec. Bacan Selatan,270516,Kab. Halmahera Selatan,270500,Prov. Maluku Utara,270000,49,1,831,24,25,1,0,40,29 Apr 2026 07:26:47,E8301B6F4F73434415D6
SMP IT RAUDHATUL JANNAH,70058232,SMP,Swasta,Kec. Bacan Selatan,270516,Kab. Halmahera Selatan,270500,Prov. Maluku Utara,270000,2,1,8,1,1,0,0,18,08 Apr 2026 15:21:00,DE9D24100201D8B32B3F
SMP TAHFIZH DARUSALAM BACAN,70058312,SMP,Swasta,Kec. Bacan Selatan,270516,Kab. Halmahera Selatan,270500,Prov. Maluku Utara,270000,3,1,30,3,3,0,1,17,26 Feb 2026 16:42:43,B3C518BBA651E78DC816
SMA NEGERI 7 HALMAHERA SELATAN,60201664,SMA,Negeri,Kec. Bacan Selatan,270516,Kab. Halmahera Selatan,270500,Prov. Maluku Utara,270000,42,5,854,24,21,5,1,118,02 May 2026 02:59:37,EF275E3DF7B6F059B8B0
SMAS ISLAM PLUS AZZAHRA HALMAHERA SELATAN,70036994,SMA,Swasta,Kec. Bacan Selatan,270516,Kab. Halmahera Selatan,270500,Prov. Maluku Utara,270000,4,2,39,3,3,0,0,67,28 Apr 2026 05:54:44,B21400789A9DF3744035
SMK NEGERI 1 HALMAHERA SELATAN,60203364,SMK,Negeri,Kec. Bacan Selatan,270516,Kab. Halmahera Selatan,270500,Prov. Maluku Utara,270000,27,3,192,16,15,4,1,23,22 Apr 2026 19:15:28,28E3CFDC3F43522122CF
SD NEGERI 11 HALMAHERA SELATAN,60201531,SD,Negeri,Kec. Gane Timur,270507,Kab. Halmahera Selatan,270500,Prov. Maluku Utara,270000,8,2,159,7,9,0,1,16,13 Mar 2026 05:50:38,13A28B62693BA33FE69D
SD NEGERI 147 HALMAHERA SELATAN,60201510,SD,Negeri,Kec. Gane Timur,270507,Kab. Halmahera Selatan,270500,Prov. Maluku Utara,270000,6,1,62,6,6,0,1,8,28 Apr 2026 22:18:08,2F87078EF6AD2424C235
SD NEGERI 149 HALMAHERA SELATAN,60201386,SD,Negeri,Kec. Gane Timur,270507,Kab. Halmahera Selatan,270500,Prov. Maluku Utara,270000,6,3,82,6,5,0,0,12,07 Apr 2026 07:39:39,0D20FBB172E9A1EAF2D1
SD NEGERI 151 HALMAHERA SELATAN,60201378,SD,Negeri,Kec. Gane Timur,270507,Kab. Halmahera Selatan,270500,Prov. Maluku Utara,270000,5,1,28,6,5,0,1,8,02 Mar 2026 22:48:56,71CAB565A72CBAA2897F
SD NEGERI 154 HALMAHERA SELATAN,60201441,SD,Negeri,Kec. Gane Timur,270507,Kab. Halmahera Selatan,270500,Prov. Maluku Utara,270000,5,3,64,6,7,0,0,12,21 Apr 2026 17:26:13,DCEEBBCC244542AB088D
SD NEGERI 227 HALMAHERA SELATAN,60201434,SD,Negeri,Kec. Gane Timur,270507,Kab. Halmahera Selatan,270500,Prov. Maluku Utara,270000,2,1,51,6,6,0,0,4,31 Jan 2026 05:02:47,8E35D1FF46E23EF018CC
SD NEGERI 230 HALMAHERA SELATAN,60201954,SD,Negeri,Kec. Gane Timur,270507,Kab. Halmahera Selatan,270500,Prov. Maluku Utara,270000,5,1,32,6,5,0,0,6,11 Feb 2026 06:36:52,E9D5802DACF754A1984A
SD NEGERI 231 HALMAHERA SELATAN,60201438,SD,Negeri,Kec. Gane Timur,270507,Kab. Halmahera Selatan,270500,Prov. Maluku Utara,270000,6,2,70,6,6,0,1,11,02 Feb 2026 07:49:58,D3DB142DDC4299594877
SD NEGERI 233 HALMAHERA SELATAN,60201433,SD,Negeri,Kec. Gane Timur,270507,Kab. Halmahera Selatan,270500,Prov. Maluku Utara,270000,4,3,23,6,5,0,0,11,16 Feb 2026 20:10:21,1F6521F857289D7F70F2
SD NEGERI 237 HALMAHERA SELATAN,60201436,SD,Negeri,Kec. Gane Timur,270507,Kab. Halmahera Selatan,270500,Prov. Maluku Utara,270000,6,1,29,6,10,0,1,10,03 Mar 2026 13:10:07,12BE387D15E696592D7A
SD NEGERI 259 HALMAHERA SELATAN,60202396,SD,Negeri,Kec. Gane Timur,270507,Kab. Halmahera Selatan,270500,Prov. Maluku Utara,270000,4,1,23,6,6,0,0,8,03 Mar 2026 09:16:44,7FE72F723830E7699589
SD NEGERI 30 HALMAHERA SELATAN,60201497,SD,Negeri,Kec. Gane Timur,270507,Kab. Halmahera Selatan,270500,Prov. Maluku Utara,270000,5,1,71,6,6,0,0,21,29 Apr 2026 06:58:05,B766AB28C762C6012ADB
SD NEGERI 51 HALMAHERA SELATAN,60201582,SD,Negeri,Kec. Gane Timur,270507,Kab. Halmahera Selatan,270500,Prov. Maluku Utara,270000,6,1,126,6,7,0,0,26,29 Apr 2026 22:52:52,560E303AF26EA3D6320F
SD NEGERI 60 HALMAHERA SELATAN,60201521,SD,Negeri,Kec. Gane Timur,270507,Kab. Halmahera Selatan,270500,Prov. Maluku Utara,270000,6,1,96,6,7,0,1,5,31 Jan 2026 20:18:23,D569B1F7EEB0402F7667
SD NEGERI 91 HALMAHERA SELATAN,60201404,SD,Negeri,Kec. Gane Timur,270507,Kab. Halmahera Selatan,270500,Prov. Maluku Utara,270000,7,2,92,6,6,0,0,36,14 Feb 2026 08:45:27,B0813D46CE001A5F5163
SD NEGERI 93 HALMAHERA SELATAN,60203073,SD,Negeri,Kec. Gane Timur,270507,Kab. Halmahera Selatan,270500,Prov. Maluku Utara,270000,6,1,142,6,6,0,1,7,10 Apr 2026 08:59:19,C4BE0F2C2EA4FACA262A
SD NEGERI 94 HALMAHERA SELATAN,60202395,SD,Negeri,Kec. Gane Timur,270507,Kab. Halmahera Selatan,270500,Prov. Maluku Utara,270000,8,1,111,6,9,0,1,13,03 Mar 2026 20:52:05,4C87C32BDD00EB75A96F
SMP NEGERI 18 HALMAHERA SELATAN,60201636,SMP,Negeri,Kec. Gane Timur,270507,Kab. Halmahera Selatan,270500,Prov. Maluku Utara,270000,6,3,32,3,6,0,0,27,03 Mar 2026 21:00:34,5D0F5B9D48C50F8DFFDC
SMP NEGERI 33 HALMAHERA SELATAN,60201655,SMP,Negeri,Kec. Gane Timur,270507,Kab. Halmahera Selatan,270500,Prov. Maluku Utara,270000,8,4,75,3,4,0,1,55,02 May 2026 14:22:57,2A204709B68BB985398E
SMP NEGERI 51 SATAP HALMAHERA SELATAN,60203317,SMP,Negeri,Kec. Gane Timur,270507,Kab. Halmahera Selatan,270500,Prov. Maluku Utara,270000,10,2,147,6,6,0,1,30,01 Apr 2026 05:27:54,C955F5F4D4A9B93E2A10
SMP NEGERI 68 HALMAHERA SELATAN,60203633,SMP,Negeri,Kec. Gane Timur,270507,Kab. Halmahera Selatan,270500,Prov. Maluku Utara,270000,10,0,93,4,4,1,1,57,20 Apr 2026 23:45:33,E5E5BD9ABEE969B37EA7
SMP NEGERI 7 HALMAHERA SELATAN,60203269,SMP,Negeri,Kec. Gane Timur,270507,Kab. Halmahera Selatan,270500,Prov. Maluku Utara,270000,9,3,105,4,9,1,1,36,01 May 2026 08:31:03,E0E192B4EA5A595811D8
SMP MEFENG,60203264,SMP,Swasta,Kec. Gane Timur,270507,Kab. Halmahera Selatan,270500,Prov. Maluku Utara,270000,1,1,33,3,2,0,0,9,03 Mar 2026 20:41:17,480595A4B24D9DB3C1E7
SMA NEGERI 4 HALMAHERA SELATAN,60202426,SMA,Negeri,Kec. Gane Timur,270507,Kab. Halmahera Selatan,270500,Prov. Maluku Utara,270000,17,6,213,8,9,5,1,26,28 Apr 2026 04:39:28,9E3950BA4F4E0BA46A05
SMA LIMA NEGERI,60729099,SMA,Swasta,Kec. Gane Timur,270507,Kab. Halmahera Selatan,270500,Prov. Maluku Utara,270000,7,0,82,3,2,1,0,22,20 Apr 2026 18:39:48,FF51A8B489298E336098
SD NEGERI 106 HALMAHERA SELATAN,60201402,SD,Negeri,Kec. Kayoa,270508,Kab. Halmahera Selatan,270500,Prov. Maluku Utara,270000,10,2,40,6,7,0,1,12,03 Mar 2026 00:28:47,CDC6D0CDCBB6CAD03BFF
SD NEGERI 112 HALMAHERA SELATAN,60201557,SD,Negeri,Kec. Kayoa,270508,Kab. Halmahera Selatan,270500,Prov. Maluku Utara,270000,7,3,55,6,6,0,1,8,30 Apr 2026 05:49:02,F2C5FDE82F031F8787F2
SD NEGERI 117 HALMAHERA SELATAN,60201384,SD,Negeri,Kec. Kayoa,270508,Kab. Halmahera Selatan,270500,Prov. Maluku Utara,270000,14,2,118,6,8,0,1,11,09 Apr 2026 05:45:43,88094044CAF0A73C427A
SD NEGERI 18 HALMAHERA SELATAN,60201484,SD,Negeri,Kec. Kayoa,270508,Kab. Halmahera Selatan,270500,Prov. Maluku Utara,270000,7,4,43,6,6,0,0,34,28 Apr 2026 06:33:24,35588BE12F078326D475
SD NEGERI 190 HALMAHERA SELATAN,60201524,SD,Negeri,Kec. Kayoa,270508,Kab. Halmahera Selatan,270500,Prov. Maluku Utara,270000,8,5,66,6,8,0,1,32,20 Apr 2026 08:10:38,F82E871C203A6305B665
SD NEGERI 203 HALMAHERA SELATAN,60201472,SD,Negeri,Kec. Kayoa,270508,Kab. Halmahera Selatan,270500,Prov. Maluku Utara,270000,7,1,73,6,8,0,1,11,03 Apr 2026 09:44:02,4D9278FD4ACA7D2E13D7
SD NEGERI 32 HALMAHERA SELATAN,60201564,SD,Negeri,Kec. Kayoa,270508,Kab. Halmahera Selatan,270500,Prov. Maluku Utara,270000,7,1,97,6,7,0,1,16,19 Apr 2026 11:18:56,14C377BBAC50D7D5D077
SD NEGERI 4 HALMAHERA SELATAN,60201461,SD,Negeri,Kec. Kayoa,270508,Kab. Halmahera Selatan,270500,Prov. Maluku Utara,270000,10,8,111,6,6,0,1,16,23 Apr 2026 09:33:37,CE6822291A8A3CB57960
SD NEGERI 46 HALMAHERA SELATAN,60201467,SD,Negeri,Kec. Kayoa,270508,Kab. Halmahera Selatan,270500,Prov. Maluku Utara,270000,9,4,88,6,9,1,1,9,09 Apr 2026 16:50:45,5DC677B3EEA08B614023
SD NEGERI 47 HALMAHERA SELATAN,60201528,SD,Negeri,Kec. Kayoa,270508,Kab. Halmahera Selatan,270500,Prov. Maluku Utara,270000,5,3,19,6,8,0,0,7,29 Jan 2026 15:54:18,B301E1299AB596F74A85
SD NEGERI 52 HALMAHERA SELATAN,60201516,SD,Negeri,Kec. Kayoa,270508,Kab. Halmahera Selatan,270500,Prov. Maluku Utara,270000,6,2,27,6,4,0,0,29,24 Apr 2026 18:31:33,9EBA38B229A838EC40DF
SD NEGERI 55 HALMAHERA SELATAN,60201520,SD,Negeri,Kec. Kayoa,270508,Kab. Halmahera Selatan,270500,Prov. Maluku Utara,270000,8,2,35,6,6,0,1,45,11 Apr 2026 21:43:16,4D69358E59BC1E671AA7
SD NEGERI 59 HALMAHERA SELATAN,60201506,SD,Negeri,Kec. Kayoa,270508,Kab. Halmahera Selatan,270500,Prov. Maluku Utara,270000,9,1,65,6,7,0,0,11,08 Mar 2026 06:30:52,CBB72446D129414539F3
SD NEGERI 63 HALMAHERA SELATAN,60201498,SD,Negeri,Kec. Kayoa,270508,Kab. Halmahera Selatan,270500,Prov. Maluku Utara,270000,6,3,38,6,6,0,1,14,29 Apr 2026 13:13:04,4906B0BFDA96D7ACE9C2
SD NEGERI 89 HALMAHERA SELATAN,60201513,SD,Negeri,Kec. Kayoa,270508,Kab. Halmahera Selatan,270500,Prov. Maluku Utara,270000,8,4,29,6,6,1,1,18,02 May 2026 13:30:08,6659E0319F58BE9AF4BC
SD NEGERI 95 HALMAHERA SELATAN,60201489,SD,Negeri,Kec. Kayoa,270508,Kab. Halmahera Selatan,270500,Prov. Maluku Utara,270000,6,3,26,6,4,0,0,7,03 Mar 2026 17:09:41,5C65DCAD8A15572BBC0C
SMP NEGERI 27 HALMAHERA SELATAN,60203270,SMP,Negeri,Kec. Kayoa,270508,Kab. Halmahera Selatan,270500,Prov. Maluku Utara,270000,7,2,37,3,3,1,1,9,02 May 2026 00:58:17,F82065FF1A02010454FC
SMP NEGERI 3 HALMAHERA SELATAN,60203271,SMP,Negeri,Kec. Kayoa,270508,Kab. Halmahera Selatan,270500,Prov. Maluku Utara,270000,13,3,97,5,16,1,1,58,27 Apr 2026 09:17:10,C2321DA84479585763FD
SMP BANGKIT BANGSA BULI,69883265,SMP,Swasta,Kec. Kayoa,270508,Kab. Halmahera Selatan,270500,Prov. Maluku Utara,270000,3,0,12,3,3,0,0,7,06 Feb 2026 06:43:49,1C49B8A3941ACEEF2300
SMP NURUL HASAN BAJO,69966331,SMP,Swasta,Kec. Kayoa,270508,Kab. Halmahera Selatan,270500,Prov. Maluku Utara,270000,3,0,53,3,3,0,0,8,10 Mar 2026 20:05:14,37485F19A26D680B230D
SMP NURUL HASAN GUNANGE,69897200,SMP,Swasta,Kec. Kayoa,270508,Kab. Halmahera Selatan,270500,Prov. Maluku Utara,270000,1,1,41,3,3,0,0,5,28 Jan 2026 20:56:36,2923231A723C5B2FD8F5
SMP NURUL HASAN KIE RURU,69965119,SMP,Swasta,Kec. Kayoa,270508,Kab. Halmahera Selatan,270500,Prov. Maluku Utara,270000,4,0,58,3,3,0,0,9,04 Feb 2026 23:01:08,D473B75A7B87EC5DDA5A
SMA NEGERI 18 HALMAHERA SELATAN,60201679,SMA,Negeri,Kec. Kayoa,270508,Kab. Halmahera Selatan,270500,Prov. Maluku Utara,270000,13,1,43,3,5,1,1,26,11 Mar 2026 10:03:57,FE1B54421425897C6512
SMA NEGERI 2 HALMAHERA SELATAN,60201661,SMA,Negeri,Kec. Kayoa,270508,Kab. Halmahera Selatan,270500,Prov. Maluku Utara,270000,20,9,246,8,13,2,1,27,10 Apr 2026 05:38:19,A03C3A2C071C17500A83
SMK NEGERI 4 HALMAHERA SELATAN,60203366,SMK,Negeri,Kec. Kayoa,270508,Kab. Halmahera Selatan,270500,Prov. Maluku Utara,270000,13,2,65,3,5,5,1,84,29 Apr 2026 09:45:31,46FFFADF4A427D52AC54
SD NEGERI 139 HALMAHERA SELATAN,60201451,SD,Negeri,Kec. Obi Selatan,270510,Kab. Halmahera Selatan,270500,Prov. Maluku Utara,270000,9,2,133,6,6,0,1,63,01 May 2026 20:29:52,781BA6C10B81E24C1227
SD NEGERI 148 HALMAHERA SELATAN,60201429,SD,Negeri,Kec. Obi Selatan,270510,Kab. Halmahera Selatan,270500,Prov. Maluku Utara,270000,9,5,251,9,9,0,0,20,20 Apr 2026 13:50:43,300508B22301CE679BF9
SD NEGERI 164 HALMAHERA SELATAN,60201420,SD,Negeri,Kec. Obi Selatan,270510,Kab. Halmahera Selatan,270500,Prov. Maluku Utara,270000,3,2,101,6,6,0,0,6,04 Feb 2026 08:20:31,FB07000272A89AC4C0F2
SD NEGERI 201 HALMAHERA SELATAN,60201500,SD,Negeri,Kec. Obi Selatan,270510,Kab. Halmahera Selatan,270500,Prov. Maluku Utara,270000,7,1,113,6,8,0,0,12,24 Apr 2026 09:01:11,1DD729EB4DDCA9F9D724
SD NEGERI 216 HALMAHERA SELATAN,60201466,SD,Negeri,Kec. Obi Selatan,270510,Kab. Halmahera Selatan,270500,Prov. Maluku Utara,270000,4,2,90,6,6,0,1,17,24 Apr 2026 11:02:20,312C5965DF0EDEF30068
SD NEGERI 22 HALMAHERA SELATAN,60201496,SD,Negeri,Kec. Obi Selatan,270510,Kab. Halmahera Selatan,270500,Prov. Maluku Utara,270000,5,4,122,6,6,0,0,28,01 May 2026 02:36:11,3DF3F9D335316ABB86C6
SD NEGERI 228 HALMAHERA SELATAN,60201412,SD,Negeri,Kec. Obi Selatan,270510,Kab. Halmahera Selatan,270500,Prov. Maluku Utara,270000,8,2,90,6,6,0,0,19,04 Mar 2026 06:36:57,2C56243FBF7AEDF6E578
SD NEGERI 240 HALMAHERA SELATAN,60201460,SD,Negeri,Kec. Obi Selatan,270510,Kab. Halmahera Selatan,270500,Prov. Maluku Utara,270000,5,0,82,6,6,0,1,23,18 Apr 2026 19:56:36,7C005C0810B9A1D3B113
SD NEGERI 262 HALMAHERA SELATAN,60203699,SD,Negeri,Kec. Obi Selatan,270510,Kab. Halmahera Selatan,270500,Prov. Maluku Utara,270000,7,0,40,6,3,0,1,7,24 Feb 2026 12:18:03,01FC700F1614975ADE4E
SD NEGERI 264 HALMAHERA SELATAN,60203005,SD,Negeri,Kec. Obi Selatan,270510,Kab. Halmahera Selatan,270500,Prov. Maluku Utara,270000,8,3,191,6,5,0,0,9,29 Apr 2026 06:14:04,7132CF904A2831E7960D
SD NEGERI 97 HALMAHERA SELATAN,60201532,SD,Negeri,Kec. Obi Selatan,270510,Kab. Halmahera Selatan,270500,Prov. Maluku Utara,270000,10,2,180,7,10,0,1,9,27 Apr 2026 10:47:44,06DAA4D093CF8BCFAE72
SD SWASTA GPM WAYALOAR,60201591,SD,Swasta,Kec. Obi Selatan,270510,Kab. Halmahera Selatan,270500,Prov. Maluku Utara,270000,4,1,177,7,11,0,2,15,30 Apr 2026 21:01:39,C1B050E16D77CFA4B5D9
SMP NEGERI 19 HALMAHERA SELATAN,60201620,SMP,Negeri,Kec. Obi Selatan,270510,Kab. Halmahera Selatan,270500,Prov. Maluku Utara,270000,5,2,94,4,9,1,1,4,06 Apr 2026 07:49:50,428002FC6E9A2C8037A5
SMP NEGERI 20 HALMAHERA SELATAN,60201642,SMP,Negeri,Kec. Obi Selatan,270510,Kab. Halmahera Selatan,270500,Prov. Maluku Utara,270000,5,2,80,4,5,1,0,30,14 Apr 2026 03:36:35,E37C50DE7C52B2DA4FCE
SMP NEGERI 39 HALMAHERA SELATAN,60203293,SMP,Negeri,Kec. Obi Selatan,270510,Kab. Halmahera Selatan,270500,Prov. Maluku Utara,270000,16,0,162,6,9,2,1,26,02 May 2026 07:28:25,BF497ADD0BE4FDC19153
SMP NEGERI 71 HALMAHERA SELATAN,69908028,SMP,Negeri,Kec. Obi Selatan,270510,Kab. Halmahera Selatan,270500,Prov. Maluku Utara,270000,8,2,42,3,3,0,0,31,09 Apr 2026 10:02:09,797069EC809AB3972AE1
SMP NEGERI 9 HALMAHERA SELATAN,60201614,SMP,Negeri,Kec. Obi Selatan,270510,Kab. Halmahera Selatan,270500,Prov. Maluku Utara,270000,16,5,153,6,9,1,1,58,17 Apr 2026 05:11:37,F790FD92349E8A4D14CE
SMP KRISTEN WAYALOAR,69900163,SMP,Swasta,Kec. Obi Selatan,270510,Kab. Halmahera Selatan,270500,Prov. Maluku Utara,270000,2,1,17,3,3,0,0,11,10 Feb 2026 09:07:44,1B5AF307673936077BE1
SMP LPM MANO,70057532,SMP,Swasta,Kec. Obi Selatan,270510,Kab. Halmahera Selatan,270500,Prov. Maluku Utara,270000,7,0,30,3,3,0,0,39,15 Apr 2026 03:00:15,E556F7422394D5A0F546
SMP PEDULI BANGSA OCIMALOLEO,69851444,SMP,Swasta,Kec. Obi Selatan,270510,Kab. Halmahera Selatan,270500,Prov. Maluku Utara,270000,3,2,51,3,3,0,0,6,16 Feb 2026 21:40:27,FC5FBE97529D5A544252
SMA NEGERI 30 HALMAHERA SELATAN,60201663,SMA,Negeri,Kec. Obi Selatan,270510,Kab. Halmahera Selatan,270500,Prov. Maluku Utara,270000,22,2,116,6,5,6,1,22,20 Apr 2026 17:03:11,5F345799F0197BE95C79
SMA NEGERI 35 HALMAHERA SELATAN,60203677,SMA,Negeri,Kec. Obi Selatan,270510,Kab. Halmahera Selatan,270500,Prov. Maluku Utara,270000,18,4,191,7,9,4,1,45,16 Apr 2026 21:06:49,F10C8EB6B36642EF6722
SMA NEGERI 9 HALMAHERA SELATAN,60202432,SMA,Negeri,Kec. Obi Selatan,270510,Kab. Halmahera Selatan,270500,Prov. Maluku Utara,270000,15,3,169,6,8,2,2,63,27 Apr 2026 18:41:54,D34E81C8C59CABE75552
SMA DARUL FATAH FLUK,69903986,SMA,Swasta,Kec. Obi Selatan,270510,Kab. Halmahera Selatan,270500,Prov. Maluku Utara,270000,0,1,45,3,4,0,0,42,02 May 2026 04:24:47,9ECA484E94DF2DA8042C
SMK PEDULI BANGSA BOBO,69903969,SMK,Swasta,Kec. Obi Selatan,270510,Kab. Halmahera Selatan,270500,Prov. Maluku Utara,270000,3,0,55,3,3,0,0,13,28 Apr 2026 14:27:51,4BD9EFD2592289089984
SD NEGERI 1 HALMAHERA SELATAN,60703038,SD,Negeri,Kec. Pulau Makian,270509,Kab. Halmahera Selatan,270500,Prov. Maluku Utara,270000,7,2,67,6,6,0,1,15,02 Apr 2026 07:01:55,4E379DBDA7B14DE062FE
SD NEGERI 13 HALMAHERA SELATAN,60202413,SD,Negeri,Kec. Pulau Makian,270509,Kab. Halmahera Selatan,270500,Prov. Maluku Utara,270000,7,1,109,6,6,1,1,19,29 Apr 2026 11:11:43,7CA8698A8F928AC2BED1
SD NEGERI 19 HALMAHERA SELATAN,60202412,SD,Negeri,Kec. Pulau Makian,270509,Kab. Halmahera Selatan,270500,Prov. Maluku Utara,270000,8,2,66,6,7,0,1,65,30 Apr 2026 08:42:43,2F35659573072388EB9D
SD NEGERI 2 HALMAHERA SELATAN,60202408,SD,Negeri,Kec. Pulau Makian,270509,Kab. Halmahera Selatan,270500,Prov. Maluku Utara,270000,5,3,63,6,6,0,1,20,28 Apr 2026 09:58:46,6B1D6BAA7D78E69FA389
SD NEGERI 244 HALMAHERA SELATAN,60202410,SD,Negeri,Kec. Pulau Makian,270509,Kab. Halmahera Selatan,270500,Prov. Maluku Utara,270000,8,2,61,6,13,0,2,7,28 Feb 2026 22:34:16,6326A27F7E533C481B8D
SD NEGERI 31 HALMAHERA SELATAN,60202414,SD,Negeri,Kec. Pulau Makian,270509,Kab. Halmahera Selatan,270500,Prov. Maluku Utara,270000,8,1,102,6,7,0,1,38,02 May 2026 09:50:56,C4941B86AAE50BEFBF89
SD NEGERI 38 HALMAHERA SELATAN,60202415,SD,Negeri,Kec. Pulau Makian,270509,Kab. Halmahera Selatan,270500,Prov. Maluku Utara,270000,6,1,37,6,7,0,1,9,10 Apr 2026 01:13:38,1210FCA490EE04391B9A
SD NEGERI 42 HALMAHERA SELATAN,60202417,SD,Negeri,Kec. Pulau Makian,270509,Kab. Halmahera Selatan,270500,Prov. Maluku Utara,270000,8,1,68,6,9,0,1,20,05 Apr 2026 14:47:52,AF0B16C62758555A522D
SD NEGERI 48 HALMAHERA SELATAN,60203165,SD,Negeri,Kec. Pulau Makian,270509,Kab. Halmahera Selatan,270500,Prov. Maluku Utara,270000,13,1,73,6,7,0,1,21,01 May 2026 08:42:58,892A1768CD3D969D617D
SD NEGERI 5 HALMAHERA SELATAN,60202409,SD,Negeri,Kec. Pulau Makian,270509,Kab. Halmahera Selatan,270500,Prov. Maluku Utara,270000,10,1,63,6,7,0,1,33,01 May 2026 08:45:44,9E88DEEF81B233776D6E
SD NEGERI 6 HALMAHERA SELATAN,60202416,SD,Negeri,Kec. Pulau Makian,270509,Kab. Halmahera Selatan,270500,Prov. Maluku Utara,270000,7,4,68,6,6,0,1,27,05 Apr 2026 21:19:20,634D6C8075E30764C507
SD NEGERI 74 HALMAHERA SELATAN,60202411,SD,Negeri,Kec. Pulau Makian,270509,Kab. Halmahera Selatan,270500,Prov. Maluku Utara,270000,8,1,99,6,6,0,1,9,08 Apr 2026 05:28:20,DB65F1994122F5F0886E
SMP NEGERI 2 HALMAHERA SELATAN,60203276,SMP,Negeri,Kec. Pulau Makian,270509,Kab. Halmahera Selatan,270500,Prov. Maluku Utara,270000,17,2,128,6,9,1,1,33,29 Apr 2026 09:15:45,0BB7D561CD4E4635B013
SMP NEGERI 21 HALMAHERA SELATAN,60203302,SMP,Negeri,Kec. Pulau Makian,270509,Kab. Halmahera Selatan,270500,Prov. Maluku Utara,270000,14,1,92,5,7,1,1,33,24 Apr 2026 06:04:35,4A5F4F2DA240252C1C08
SMP NEGERI 28 HALMAHERA SELATAN,60203309,SMP,Negeri,Kec. Pulau Makian,270509,Kab. Halmahera Selatan,270500,Prov. Maluku Utara,270000,10,2,53,3,5,0,1,33,22 Apr 2026 09:08:10,1F7EFDC7008F8CCE58B9
SMP NEGERI 40 HALMAHERA SELATAN,60203321,SMP,Negeri,Kec. Pulau Makian,270509,Kab. Halmahera Selatan,270500,Prov. Maluku Utara,270000,10,2,37,3,3,1,1,17,18 Apr 2026 05:47:19,32E0E20538559D1974D0
SMP NEGERI 49 HALMAHERA SELATAN,60203322,SMP,Negeri,Kec. Pulau Makian,270509,Kab. Halmahera Selatan,270500,Prov. Maluku Utara,270000,8,1,57,3,5,1,2,39,23 Apr 2026 22:59:53,8EAD03631944307B08CE
SMA NEGERI 16 HALMAHERA SELATAN,60201676,SMA,Negeri,Kec. Pulau Makian,270509,Kab. Halmahera Selatan,270500,Prov. Maluku Utara,270000,14,1,45,3,3,4,1,46,22 Apr 2026 17:48:58,C9DE62461E4D342A54E8
SMA NEGERI 3 HALMAHERA SELATAN,60202429,SMA,Negeri,Kec. Pulau Makian,270509,Kab. Halmahera Selatan,270500,Prov. Maluku Utara,270000,20,5,183,6,13,2,1,23,30 Apr 2026 09:13:01,0D291D6F4E3571175247
SMA BINA KARYA,69822810,SMA,Swasta,Kec. Pulau Makian,270509,Kab. Halmahera Selatan,270500,Prov. Maluku Utara,270000,1,0,55,3,4,5,1,11,20 Apr 2026 11:58:01,65A699714AD17E13EB6F
SMK NEGERI 2 HALMAHERA SELATAN,60203367,SMK,Negeri,Kec. Pulau Makian,270509,Kab. Halmahera Selatan,270500,Prov. Maluku Utara,270000,21,5,98,6,14,3,2,89,30 Apr 2026 08:09:15,B308225CCD14D215BA3E
SD NEGERI 100 HALMAHERA SELATAN,60201541,SD,Negeri,Kec. Gane Barat,270506,Kab. Halmahera Selatan,270500,Prov. Maluku Utara,270000,8,1,114,6,6,0,1,15,30 Apr 2026 08:48:04,938F82179226D3BACC9E
SD NEGERI 101 HALMAHERA SELATAN,60201450,SD,Negeri,Kec. Gane Barat,270506,Kab. Halmahera Selatan,270500,Prov. Maluku Utara,270000,9,2,124,6,8,0,1,12,26 Mar 2026 20:02:11,FC667353D946BA780887
SD NEGERI 103 HALMAHERA SELATAN,60201385,SD,Negeri,Kec. Gane Barat,270506,Kab. Halmahera Selatan,270500,Prov. Maluku Utara,270000,8,4,94,6,8,0,0,10,24 Feb 2026 22:37:03,D1E78112F90796EF9192
SD NEGERI 144 HALMAHERA SELATAN,60201403,SD,Negeri,Kec. Gane Barat,270506,Kab. Halmahera Selatan,270500,Prov. Maluku Utara,270000,9,3,150,6,6,0,0,19,27 Apr 2026 17:50:43,3FDDFBB0C3D98A96C891
SD NEGERI 16 HALMAHERA SELATAN,60201552,SD,Negeri,Kec. Gane Barat,270506,Kab. Halmahera Selatan,270500,Prov. Maluku Utara,270000,7,3,126,6,9,0,2,7,30 Jan 2026 08:46:10,66C73AD3FAC5D5E77A73
SD NEGERI 188 HALMAHERA SELATAN,60202390,SD,Negeri,Kec. Gane Barat,270506,Kab. Halmahera Selatan,270500,Prov. Maluku Utara,270000,6,3,63,6,6,0,0,8,21 Apr 2026 12:05:17,621E8BAD52FE47DAB344
SD NEGERI 198 HALMAHERA SELATAN,60201443,SD,Negeri,Kec. Gane Barat,270506,Kab. Halmahera Selatan,270500,Prov. Maluku Utara,270000,7,1,25,5,6,0,0,34,29 Apr 2026 13:26:21,C8977EE054AF41C3A67D
SD NEGERI 226 HALMAHERA SELATAN,60201416,SD,Negeri,Kec. Gane Barat,270506,Kab. Halmahera Selatan,270500,Prov. Maluku Utara,270000,4,3,39,6,6,0,1,16,19 Feb 2026 11:30:19,AFA877DCB098DB41CAAC
SD NEGERI 232 HALMAHERA SELATAN,60201514,SD,Negeri,Kec. Gane Barat,270506,Kab. Halmahera Selatan,270500,Prov. Maluku Utara,270000,7,2,27,6,4,0,0,13,15 Apr 2026 16:47:25,47FA812399E542681D90
SD NEGERI 33 HALMAHERA SELATAN,60201540,SD,Negeri,Kec. Gane Barat,270506,Kab. Halmahera Selatan,270500,Prov. Maluku Utara,270000,7,2,97,6,6,0,1,10,23 Apr 2026 04:35:30,50F5A438FE002D4629FE
SD NEGERI 65 HALMAHERA SELATAN,60201488,SD,Negeri,Kec. Gane Barat,270506,Kab. Halmahera Selatan,270500,Prov. Maluku Utara,270000,7,1,86,6,6,0,0,10,01 Mar 2026 21:02:45,C943D026F8D5D53CBAB5
SD NEGERI 75 HALMAHERA SELATAN,60203072,SD,Negeri,Kec. Gane Barat,270506,Kab. Halmahera Selatan,270500,Prov. Maluku Utara,270000,6,2,95,6,8,0,1,16,15 Apr 2026 21:44:20,E932C5A4F7B051245B09
SD NEGERI 82 HALMAHERA SELATAN,60201525,SD,Negeri,Kec. Gane Barat,270506,Kab. Halmahera Selatan,270500,Prov. Maluku Utara,270000,8,2,72,6,6,0,0,33,25 Apr 2026 06:38:11,488F4C2D62C9ABD5E7E3
SMP NEGERI 5 HALMAHERA SELATAN,60203268,SMP,Negeri,Kec. Gane Barat,270506,Kab. Halmahera Selatan,270500,Prov. Maluku Utara,270000,19,3,255,9,9,3,1,44,29 Apr 2026 14:03:26,84BA90746BA2A043A22D
SMP NEGERI 50 HALMAHERA SELATAN,60203319,SMP,Negeri,Kec. Gane Barat,270506,Kab. Halmahera Selatan,270500,Prov. Maluku Utara,270000,8,2,37,3,4,0,1,19,25 Apr 2026 21:59:25,A434461FF31D28D002A6
SMP NEGERI 64 HALMAHERA SELATAN,69787386,SMP,Negeri,Kec. Gane Barat,270506,Kab. Halmahera Selatan,270500,Prov. Maluku Utara,270000,11,5,136,6,4,0,0,39,18 Apr 2026 12:13:16,44724841A2C6CE0E811D
SMP NURUL HASAN LEMO-LEMO,69861163,SMP,Swasta,Kec. Gane Barat,270506,Kab. Halmahera Selatan,270500,Prov. Maluku Utara,270000,5,2,35,3,3,0,0,20,16 Apr 2026 11:01:55,43A7078728B61284AEAC
SMA NEGERI 5 HALMAHERA SELATAN,60201660,SMA,Negeri,Kec. Gane Barat,270506,Kab. Halmahera Selatan,270500,Prov. Maluku Utara,270000,20,4,242,9,8,4,1,32,28 Apr 2026 08:00:58,2CA3F4A5BCE123C15194
SMA LPM KOITITI,60205821,SMA,Swasta,Kec. Gane Barat,270506,Kab. Halmahera Selatan,270500,Prov. Maluku Utara,270000,5,2,92,3,3,0,0,17,20 Apr 2026 16:25:40,DE2C4F00ED2700BBA5F6
SD NEGERI 122 HALMAHERA SELATAN,60201453,SD,Negeri,Kec. Bacan Timur Selatan,270518,Kab. Halmahera Selatan,270500,Prov. Maluku Utara,270000,9,1,163,7,6,0,3,42,29 Apr 2026 17:48:08,EB187FFDF041C6C53036
SD NEGERI 134 HALMAHERA SELATAN,60201526,SD,Negeri,Kec. Bacan Timur Selatan,270518,Kab. Halmahera Selatan,270500,Prov. Maluku Utara,270000,8,2,166,6,6,0,0,31,01 May 2026 19:19:17,21DAEC2DC9AE2FC212D4
SD NEGERI 140 HALMAHERA SELATAN,60201442,SD,Negeri,Kec. Bacan Timur Selatan,270518,Kab. Halmahera Selatan,270500,Prov. Maluku Utara,270000,9,2,47,6,7,0,1,12,11 Apr 2026 04:44:31,4C3C2F45C0A046DB9F28
SD NEGERI 194 HALMAHERA SELATAN,60201494,SD,Negeri,Kec. Bacan Timur Selatan,270518,Kab. Halmahera Selatan,270500,Prov. Maluku Utara,270000,7,1,62,6,6,0,0,39,22 Apr 2026 10:10:24,DED491D4B571B3FC8B16
SD NEGERI 220 HALMAHERA SELATAN,60202388,SD,Negeri,Kec. Bacan Timur Selatan,270518,Kab. Halmahera Selatan,270500,Prov. Maluku Utara,270000,9,0,89,6,7,0,1,29,14 Apr 2026 21:33:26,841304FE73B7A04527EC
SD NEGERI 78 HALMAHERA SELATAN,60201546,SD,Negeri,Kec. Bacan Timur Selatan,270518,Kab. Halmahera Selatan,270500,Prov. Maluku Utara,270000,8,3,197,8,8,0,0,27,02 May 2026 12:58:46,6189DCA9AC284A2DB976
SD NEGERI 96 HALMAHERA SELATAN,60201558,SD,Negeri,Kec. Bacan Timur Selatan,270518,Kab. Halmahera Selatan,270500,Prov. Maluku Utara,270000,6,3,132,6,6,0,1,14,25 Apr 2026 22:20:56,63D70C59DBD6EFAF58F7
SD ALKHAIRAT WAYAUA,60203199,SD,Swasta,Kec. Bacan Timur Selatan,270518,Kab. Halmahera Selatan,270500,Prov. Maluku Utara,270000,8,2,96,6,8,0,0,40,27 Apr 2026 13:36:29,5D4E9DFB8FAB98CE0593
SD KRISTEN WAYAUA,60203206,SD,Swasta,Kec. Bacan Timur Selatan,270518,Kab. Halmahera Selatan,270500,Prov. Maluku Utara,270000,4,3,136,6,6,0,1,34,20 Apr 2026 07:56:35,C6E3A82523FBBCCF4201
SMP NEGERI 46 HALMAHERA SELATAN,60203289,SMP,Negeri,Kec. Bacan Timur Selatan,270518,Kab. Halmahera Selatan,270500,Prov. Maluku Utara,270000,8,5,98,4,4,1,1,42,29 Apr 2026 11:25:06,162B8747799A81C16CFC
SMP NEGERI 47 HALMAHERA SELATAN,60203296,SMP,Negeri,Kec. Bacan Timur Selatan,270518,Kab. Halmahera Selatan,270500,Prov. Maluku Utara,270000,12,2,81,4,3,2,1,30,23 Apr 2026 12:01:03,D04E913B401A983E7EDE
SMP NEGERI 61 HALMAHERA SELATAN,60203709,SMP,Negeri,Kec. Bacan Timur Selatan,270518,Kab. Halmahera Selatan,270500,Prov. Maluku Utara,270000,12,3,69,3,3,2,1,50,30 Apr 2026 23:15:05,AC664EC7A15F3682C595
SMP ALKHAIRAAT WAYAUA,60203254,SMP,Swasta,Kec. Bacan Timur Selatan,270518,Kab. Halmahera Selatan,270500,Prov. Maluku Utara,270000,10,2,100,4,7,1,0,24,02 May 2026 17:43:57,658B9CB03178647BE5A2
SMP NURUL HASAN LIARO,69895444,SMP,Swasta,Kec. Bacan Timur Selatan,270518,Kab. Halmahera Selatan,270500,Prov. Maluku Utara,270000,3,0,82,3,3,0,0,27,30 Apr 2026 19:25:30,7686A5704511C08A57A3
SMA NEGERI 17 HALMAHERA SELATAN,60201665,SMA,Negeri,Kec. Bacan Timur Selatan,270518,Kab. Halmahera Selatan,270500,Prov. Maluku Utara,270000,21,5,212,8,10,4,1,197,23 Apr 2026 09:08:45,956D52636B9A2C52D47C
SMA ALKHAIRAAT WAYAUA,69851416,SMA,Swasta,Kec. Bacan Timur Selatan,270518,Kab. Halmahera Selatan,270500,Prov. Maluku Utara,270000,13,1,109,4,6,6,2,299,01 May 2026 10:14:08,AA81A849EC343E952C97
SMA NURUL HASAN PIGARAJA,69964606,SMA,Swasta,Kec. Bacan Timur Selatan,270518,Kab. Halmahera Selatan,270500,Prov. Maluku Utara,270000,10,1,120,4,3,0,1,101,26 Apr 2026 15:08:07,1BFE4A89006D195AD771
SMAS AZ ZAHRA CITRA BANGSA LIARO,70053341,SMA,Swasta,Kec. Bacan Timur Selatan,270518,Kab. Halmahera Selatan,270500,Prov. Maluku Utara,270000,10,0,73,3,2,0,0,56,14 Apr 2026 19:22:03,5D27D4C5AFEE3084DAFD
SD NEGERI 124 HALMAHERA SELATAN,60202980,SD,Negeri,Kec. Gane Barat Utara,270591,Kab. Halmahera Selatan,270500,Prov. Maluku Utara,270000,7,2,61,6,10,0,0,12,02 May 2026 12:33:04,DA3D4770901237477A35
SD NEGERI 14 HALMAHERA SELATAN,60202319,SD,Negeri,Kec. Gane Barat Utara,270591,Kab. Halmahera Selatan,270500,Prov. Maluku Utara,270000,6,2,59,5,6,0,0,7,09 Apr 2026 20:12:14,329CCEA5048D9EB67266
SD NEGERI 166 HALMAHERA SELATAN,60201392,SD,Negeri,Kec. Gane Barat Utara,270591,Kab. Halmahera Selatan,270500,Prov. Maluku Utara,270000,8,1,47,6,6,0,1,11,03 Mar 2026 16:32:06,F9F013FC1614CB06BB3A
SD NEGERI 177 HALMAHERA SELATAN,60202394,SD,Negeri,Kec. Gane Barat Utara,270591,Kab. Halmahera Selatan,270500,Prov. Maluku Utara,270000,10,5,87,6,6,0,1,42,16 Apr 2026 08:09:41,7256D2413515D96131D7
SD NEGERI 183 HALMAHERA SELATAN,60201390,SD,Negeri,Kec. Gane Barat Utara,270591,Kab. Halmahera Selatan,270500,Prov. Maluku Utara,270000,10,3,70,6,5,0,1,24,10 Apr 2026 18:10:52,349EF6409AFFCB53CBAA
SD NEGERI 200 HALMAHERA SELATAN,60201422,SD,Negeri,Kec. Gane Barat Utara,270591,Kab. Halmahera Selatan,270500,Prov. Maluku Utara,270000,4,2,44,6,6,0,1,17,29 Apr 2026 20:33:14,2C11B6693CEDC83A11A9
SD NEGERI 208 HALMAHERA SELATAN,60202326,SD,Negeri,Kec. Gane Barat Utara,270591,Kab. Halmahera Selatan,270500,Prov. Maluku Utara,270000,7,1,69,6,6,0,1,10,04 Mar 2026 20:16:39,3BB8013FFA532BB5FDAE
SD NEGERI 239 HALMAHERA SELATAN,60201391,SD,Negeri,Kec. Gane Barat Utara,270591,Kab. Halmahera Selatan,270500,Prov. Maluku Utara,270000,5,1,35,6,6,0,1,8,28 Apr 2026 09:03:39,D622A06559C8DF89B9FC
SD NEGERI 242 HALMAHERA SELATAN,60201571,SD,Negeri,Kec. Gane Barat Utara,270591,Kab. Halmahera Selatan,270500,Prov. Maluku Utara,270000,7,2,32,6,5,0,0,10,11 Mar 2026 14:08:35,E18354B884C48C01F2DF
SD NEGERI 54 HALMAHERA SELATAN,60202331,SD,Negeri,Kec. Gane Barat Utara,270591,Kab. Halmahera Selatan,270500,Prov. Maluku Utara,270000,4,1,52,6,6,0,1,10,05 Mar 2026 19:07:23,F429B9892B5A8C3C958E
SD NEGERI 57 HALMAHERA SELATAN,60201570,SD,Negeri,Kec. Gane Barat Utara,270591,Kab. Halmahera Selatan,270500,Prov. Maluku Utara,270000,5,3,117,6,6,0,0,23,01 May 2026 07:46:26,38E0EEF70F7D39031C41
SD NEGERI 58 HALMAHERA SELATAN,60201483,SD,Negeri,Kec. Gane Barat Utara,270591,Kab. Halmahera Selatan,270500,Prov. Maluku Utara,270000,6,1,65,6,6,0,0,23,29 Apr 2026 19:19:40,BF79E8F35368CF820946
SD NEGERI 81 HALMAHERA SELATAN,60202393,SD,Negeri,Kec. Gane Barat Utara,270591,Kab. Halmahera Selatan,270500,Prov. Maluku Utara,270000,7,2,85,6,6,0,0,6,11 Apr 2026 09:54:28,2E92C48049BEE0E12ADB
SMP NEGERI 30 HALMAHERA SELATAN,60202368,SMP,Negeri,Kec. Gane Barat Utara,270591,Kab. Halmahera Selatan,270500,Prov. Maluku Utara,270000,7,1,79,4,4,1,1,13,30 Apr 2026 12:39:34,3F428467CADA0B183CEB
SMP NEGERI 56 SATAP HALMAHERA SELATAN,60203316,SMP,Negeri,Kec. Gane Barat Utara,270591,Kab. Halmahera Selatan,270500,Prov. Maluku Utara,270000,9,3,76,3,5,1,0,36,01 May 2026 07:40:29,154189A2D9825A0257E9
SMP NEGERI 62 HALMAHERA SELATAN,60203324,SMP,Negeri,Kec. Gane Barat Utara,270591,Kab. Halmahera Selatan,270500,Prov. Maluku Utara,270000,10,1,48,3,3,0,1,28,12 Apr 2026 00:49:26,B7B8645DC0C0C61FF04A
SMP ALKHAERAAT DOLIK,60202367,SMP,Swasta,Kec. Gane Barat Utara,270591,Kab. Halmahera Selatan,270500,Prov. Maluku Utara,270000,0,2,102,3,8,0,1,40,21 Apr 2026 10:12:11,BE6CA1B00E6F0EA88462
SMP GMIH BOSSO,69858806,SMP,Swasta,Kec. Gane Barat Utara,270591,Kab. Halmahera Selatan,270500,Prov. Maluku Utara,270000,4,2,41,3,3,0,0,6,15 Apr 2026 12:26:55,91255B7F6ECC601EED58
SMA NEGERI 13 HALMAHERA SELATAN,60201667,SMA,Negeri,Kec. Gane Barat Utara,270591,Kab. Halmahera Selatan,270500,Prov. Maluku Utara,270000,15,3,168,6,7,2,1,62,01 May 2026 17:29:43,62E5F556D90740AE5E5A
SMA NEGERI 32 HALMAHERA SELATAN,60203780,SMA,Negeri,Kec. Gane Barat Utara,270591,Kab. Halmahera Selatan,270500,Prov. Maluku Utara,270000,8,2,48,3,4,2,1,33,30 Apr 2026 10:01:46,3F61D9F958A3BBF0363D
SMK NEGERI 3 HALMAHERA SELATAN,60201684,SMK,Negeri,Kec. Gane Barat Utara,270591,Kab. Halmahera Selatan,270500,Prov. Maluku Utara,270000,12,4,43,3,8,2,1,56,23 Apr 2026 21:04:38,094F1290484050E284ED
SD NEGERI 196 HALMAHERA SELATAN,60201396,SD,Negeri,Kec. Gane Barat Selatan,270590,Kab. Halmahera Selatan,270500,Prov. Maluku Utara,270000,9,3,43,6,6,0,0,29,01 May 2026 22:08:47,14CE266AA3CB5FB0931E
SD NEGERI 204 HALMAHERA SELATAN,60202942,SD,Negeri,Kec. Gane Barat Selatan,270590,Kab. Halmahera Selatan,270500,Prov. Maluku Utara,270000,6,3,66,6,6,0,0,19,27 Apr 2026 21:11:05,068743212FFF1E8701A2
SD NEGERI 236 HALMAHERA SELATAN,60202392,SD,Negeri,Kec. Gane Barat Selatan,270590,Kab. Halmahera Selatan,270500,Prov. Maluku Utara,270000,6,2,58,6,8,0,1,10,03 Mar 2026 22:34:31,7233B2D1CDA4A95C329B
SD NEGERI 28 HALMAHERA SELATAN,60201490,SD,Negeri,Kec. Gane Barat Selatan,270590,Kab. Halmahera Selatan,270500,Prov. Maluku Utara,270000,10,1,183,8,8,0,1,51,27 Apr 2026 20:10:26,D117139CFCBEA9EA34E4
SD NEGERI 7 HALMAHERA SELATAN,60201502,SD,Negeri,Kec. Gane Barat Selatan,270590,Kab. Halmahera Selatan,270500,Prov. Maluku Utara,270000,8,1,148,6,9,0,0,14,17 Apr 2026 01:00:15,FAB0ADCC3AA51329CEBB
SD NEGERI 71 HALMAHERA SELATAN,60201565,SD,Negeri,Kec. Gane Barat Selatan,270590,Kab. Halmahera Selatan,270500,Prov. Maluku Utara,270000,6,3,63,6,6,0,0,39,01 May 2026 23:03:41,93A40523F642639D64D1
SD NEGERI 72 HALMAHERA SELATAN,60203002,SD,Negeri,Kec. Gane Barat Selatan,270590,Kab. Halmahera Selatan,270500,Prov. Maluku Utara,270000,6,2,123,6,6,0,0,24,17 Apr 2026 10:04:20,EC993928F294EDC5F4D8
SD NEGERI 83 HALMAHERA SELATAN,60201544,SD,Negeri,Kec. Gane Barat Selatan,270590,Kab. Halmahera Selatan,270500,Prov. Maluku Utara,270000,5,5,139,6,6,0,1,20,20 Feb 2026 21:00:48,B1DC12759FA37E736385
SMP NEGERI 11 HALMAHERA SELATAN,60203280,SMP,Negeri,Kec. Gane Barat Selatan,270590,Kab. Halmahera Selatan,270500,Prov. Maluku Utara,270000,9,3,102,4,10,1,1,29,25 Apr 2026 09:14:38,A3A58CD550682D3D5476
SMP NEGERI 26 HALMAHERA SELATAN,60203297,SMP,Negeri,Kec. Gane Barat Selatan,270590,Kab. Halmahera Selatan,270500,Prov. Maluku Utara,270000,10,2,97,3,6,1,1,56,28 Apr 2026 18:40:14,E2979BB2994BD1BBA48C
SMP NEGERI 44 SATAP HALMAHERA SELATAN,60203323,SMP,Negeri,Kec. Gane Barat Selatan,270590,Kab. Halmahera Selatan,270500,Prov. Maluku Utara,270000,3,3,73,3,7,1,1,26,18 Apr 2026 11:40:19,27A3E774A66B9FFD16AE
SMP NEGERI 70 HALMAHERA SELATAN,60202370,SMP,Negeri,Kec. Gane Barat Selatan,270590,Kab. Halmahera Selatan,270500,Prov. Maluku Utara,270000,6,1,87,4,5,1,1,27,27 Jan 2026 22:08:38,68B5BD58910026D7823A
SMA NEGERI 27 HALMAHERA SELATAN,60203360,SMA,Negeri,Kec. Gane Barat Selatan,270590,Kab. Halmahera Selatan,270500,Prov. Maluku Utara,270000,11,4,97,4,6,3,1,26,11 Apr 2026 18:54:30,AC8D5D4EB9F862E67B33
SMA NEGERI 33 HALMAHERA SELATAN,60203632,SMA,Negeri,Kec. Gane Barat Selatan,270590,Kab. Halmahera Selatan,270500,Prov. Maluku Utara,270000,13,3,92,3,9,2,1,22,22 Apr 2026 20:42:10,A02EF30DA5C1C602E7CF
SMA MAKAMALONGAK TABALEMA,70005864,SMA,Swasta,Kec. Gane Barat Selatan,270590,Kab. Halmahera Selatan,270500,Prov. Maluku Utara,270000,5,1,57,3,3,0,0,81,30 Apr 2026 23:36:09,3AA9720AB4EDB1404B81
SMA NURUL HASAN SEKELY,69853504,SMA,Swasta,Kec. Gane Barat Selatan,270590,Kab. Halmahera Selatan,270500,Prov. Maluku Utara,270000,5,2,82,3,3,1,0,21,30 Apr 2026 23:29:38,A71D4055B5F70B70FCA3
SMK-P TERPADU GLOBAL PRATAMA,69903981,SMK,Swasta,Kec. Gane Barat Selatan,270590,Kab. Halmahera Selatan,270500,Prov. Maluku Utara,270000,5,2,66,3,3,0,0,18,27 Apr 2026 10:23:26,11939867516BEFFF32AA
SD NEGERI 10 HALMAHERA SELATAN,60201522,SD,Negeri,Kec. Kayoa Selatan,270524,Kab. Halmahera Selatan,270500,Prov. Maluku Utara,270000,10,3,81,5,8,0,1,18,30 Apr 2026 18:22:59,4ABA99A248BC25B2CB10
SD NEGERI 130 HALMAHERA SELATAN,60201408,SD,Negeri,Kec. Kayoa Selatan,270524,Kab. Halmahera Selatan,270500,Prov. Maluku Utara,270000,14,3,103,6,9,0,1,68,25 Apr 2026 00:50:59,CBD39B3158CD745FD144
SD NEGERI 138 HALMAHERA SELATAN,60202403,SD,Negeri,Kec. Kayoa Selatan,270524,Kab. Halmahera Selatan,270500,Prov. Maluku Utara,270000,9,2,90,6,6,1,1,48,04 Mar 2026 23:31:39,E715956F36C5417D5DA3
SD NEGERI 202 HALMAHERA SELATAN,60201537,SD,Negeri,Kec. Kayoa Selatan,270524,Kab. Halmahera Selatan,270500,Prov. Maluku Utara,270000,8,3,58,6,6,0,0,13,24 Apr 2026 09:30:56,4EE628B552671CAC17AC
SD NEGERI 34 HALMAHERA SELATAN,60203135,SD,Negeri,Kec. Kayoa Selatan,270524,Kab. Halmahera Selatan,270500,Prov. Maluku Utara,270000,10,2,85,6,6,0,1,39,23 Apr 2026 22:46:10,4F910769FC6324F29BAF
SD NEGERI 37 HALMAHERA SELATAN,60202401,SD,Negeri,Kec. Kayoa Selatan,270524,Kab. Halmahera Selatan,270500,Prov. Maluku Utara,270000,13,3,193,8,9,0,0,8,29 Apr 2026 07:08:29,F3A76F5BA3FCA851728B
SD NEGERI 76 HALMAHERA SELATAN,60201545,SD,Negeri,Kec. Kayoa Selatan,270524,Kab. Halmahera Selatan,270500,Prov. Maluku Utara,270000,13,3,48,6,6,0,1,13,04 Mar 2026 11:47:20,784902DE223D4C7D3025
SD NEGERI 84 HALMAHERA SELATAN,60202402,SD,Negeri,Kec. Kayoa Selatan,270524,Kab. Halmahera Selatan,270500,Prov. Maluku Utara,270000,7,3,57,6,6,0,0,21,04 Mar 2026 23:12:08,B432C3FB55D7C3AAFF93
SMP NEGERI 12 HALMAHERA SELATAN,60203292,SMP,Negeri,Kec. Kayoa Selatan,270524,Kab. Halmahera Selatan,270500,Prov. Maluku Utara,270000,13,3,104,5,6,0,1,26,17 Apr 2026 08:59:25,82BE5756AB3EF037EED1
SMP NEGERI 42 HALMAHERA SELATAN,60203299,SMP,Negeri,Kec. Kayoa Selatan,270524,Kab. Halmahera Selatan,270500,Prov. Maluku Utara,270000,5,3,75,3,5,0,1,24,19 Apr 2026 09:43:53,341620409F5A1B01F790
SMP NEGERI 57 HALMAHERA SELATAN,60203783,SMP,Negeri,Kec. Kayoa Selatan,270524,Kab. Halmahera Selatan,270500,Prov. Maluku Utara,270000,9,3,49,3,3,1,1,12,10 Mar 2026 19:02:41,E7E4840015C3F278BB6E
SMP NURUL ILMI POSI-POSI,60203809,SMP,Swasta,Kec. Kayoa Selatan,270524,Kab. Halmahera Selatan,270500,Prov. Maluku Utara,270000,4,2,91,3,4,0,0,12,10 Feb 2026 00:14:36,0707B2160C6FABCAC6C0
SMA NEGERI 10 HALMAHERA SELATAN,60202428,SMA,Negeri,Kec. Kayoa Selatan,270524,Kab. Halmahera Selatan,270500,Prov. Maluku Utara,270000,12,1,196,6,9,4,0,60,28 Apr 2026 08:53:00,BD1AD6C1136FB50D99A4
SMA NEGERI 24 HALMAHERA SELATAN,60203357,SMA,Negeri,Kec. Kayoa Selatan,270524,Kab. Halmahera Selatan,270500,Prov. Maluku Utara,270000,9,2,63,3,3,3,1,10,11 Mar 2026 10:26:28,45B59C76BEE1F5D85181
SEKOLAH MENENGAH KEJURUAN (SMK) GLOBAL NUSANTARA,69970038,SMK,Swasta,Kec. Kayoa Selatan,270524,Kab. Halmahera Selatan,270500,Prov. Maluku Utara,270000,4,1,61,3,3,0,0,69,23 Apr 2026 19:10:55,7879DCE22C86408868EB
SMK GLOBAL NUSANTARA SAGAWELE,69980314,SMK,Swasta,Kec. Kayoa Selatan,270524,Kab. Halmahera Selatan,270500,Prov. Maluku Utara,270000,5,1,33,3,3,0,0,20,27 Apr 2026 23:13:06,C3FDB5CD8AE97570BCAC
SD NEGERI 114 HALMAHERA SELATAN,60202330,SD,Negeri,Kec. Mandioli Selatan,270514,Kab. Halmahera Selatan,270500,Prov. Maluku Utara,270000,6,3,113,6,6,0,1,12,05 Apr 2026 08:37:55,77F246E2B84AE168D3ED
SD NEGERI 123 HALMAHERA SELATAN,60201393,SD,Negeri,Kec. Mandioli Selatan,270514,Kab. Halmahera Selatan,270500,Prov. Maluku Utara,270000,8,1,195,11,9,0,0,31,02 May 2026 11:57:05,554ACFE28073BE320C99
SD NEGERI 178 HALMAHERA SELATAN,60201383,SD,Negeri,Kec. Mandioli Selatan,270514,Kab. Halmahera Selatan,270500,Prov. Maluku Utara,270000,8,3,159,7,6,0,1,13,05 Apr 2026 10:47:35,4FEEE5C3C11FD54DDB19
SD NEGERI 209 HALMAHERA SELATAN,60201458,SD,Negeri,Kec. Mandioli Selatan,270514,Kab. Halmahera Selatan,270500,Prov. Maluku Utara,270000,6,0,89,6,6,0,0,6,03 Feb 2026 08:56:39,51B76F233DAD315911AE
SD NEGERI 211 HALMAHERA SELATAN,60202332,SD,Negeri,Kec. Mandioli Selatan,270514,Kab. Halmahera Selatan,270500,Prov. Maluku Utara,270000,7,0,41,6,6,0,0,25,06 Mar 2026 07:48:55,81C919C720B4194684EE
SD NEGERI 214 HALMAHERA SELATAN,60201562,SD,Negeri,Kec. Mandioli Selatan,270514,Kab. Halmahera Selatan,270500,Prov. Maluku Utara,270000,7,1,26,6,6,0,0,14,01 May 2026 04:33:56,EA0B4025A87C34ADA01F
SD NEGERI 25 HALMAHERA SELATAN,60201492,SD,Negeri,Kec. Mandioli Selatan,270514,Kab. Halmahera Selatan,270500,Prov. Maluku Utara,270000,8,1,155,6,6,0,1,22,10 Mar 2026 21:06:26,7E5F5BD5391486BC6295
SD SWASTA GARUNG-GARUNG GALALA,69851448,SD,Swasta,Kec. Mandioli Selatan,270514,Kab. Halmahera Selatan,270500,Prov. Maluku Utara,270000,3,1,65,6,3,0,0,15,02 Apr 2026 20:24:24,D8A39C23B665E10EAC81
SD SWASTA JIKO,69851449,SD,Swasta,Kec. Mandioli Selatan,270514,Kab. Halmahera Selatan,270500,Prov. Maluku Utara,270000,2,1,43,6,6,0,0,8,03 Apr 2026 13:46:36,7D7FCCB6BEE1E12DA776
SMP NEGERI 65 HALMAHERA SELATAN,60203260,SMP,Negeri,Kec. Mandioli Selatan,270514,Kab. Halmahera Selatan,270500,Prov. Maluku Utara,270000,12,1,134,6,6,0,1,14,19 Apr 2026 19:05:42,B9972F51344A99F682EF
SMP NEGERI 66 HALMAHERA SELATAN,60203273,SMP,Negeri,Kec. Mandioli Selatan,270514,Kab. Halmahera Selatan,270500,Prov. Maluku Utara,270000,9,3,136,6,7,1,1,22,26 Feb 2026 21:29:52,39B208189E41724B0C69
SMP NEGERI 72 HALMAHERA SELATAN,69851420,SMP,Negeri,Kec. Mandioli Selatan,270514,Kab. Halmahera Selatan,270500,Prov. Maluku Utara,270000,9,1,38,3,3,0,0,17,13 Apr 2026 14:21:51,2AC0E06A34FE4CA8757C
SMA NEGERI 28 HALMAHERA SELATAN,60202430,SMA,Negeri,Kec. Mandioli Selatan,270514,Kab. Halmahera Selatan,270500,Prov. Maluku Utara,270000,16,2,156,6,6,4,1,36,24 Apr 2026 17:16:43,E88ABCB64A60F2AE2C9C
SMA NEGERI 36 HALMAHERA SELATAN,60203679,SMA,Negeri,Kec. Mandioli Selatan,270514,Kab. Halmahera Selatan,270500,Prov. Maluku Utara,270000,12,2,117,5,5,4,1,33,01 May 2026 00:41:07,7E36A4769FA75D18C14D
SD NEGERI 105 HALMAHERA SELATAN,60201572,SD,Negeri,Kec. Bacan Timur Tengah,270519,Kab. Halmahera Selatan,270500,Prov. Maluku Utara,270000,10,1,83,6,8,0,1,49,30 Apr 2026 18:24:43,A666F904796ABEF1866A
SD NEGERI 127 HALMAHERA SELATAN,60201431,SD,Negeri,Kec. Bacan Timur Tengah,270519,Kab. Halmahera Selatan,270500,Prov. Maluku Utara,270000,11,4,177,6,8,0,1,26,13 Apr 2026 14:45:01,D1A02E6A3B2A93398C81
SD NEGERI 142 HALMAHERA SELATAN,60201576,SD,Negeri,Kec. Bacan Timur Tengah,270519,Kab. Halmahera Selatan,270500,Prov. Maluku Utara,270000,5,2,51,6,6,0,1,19,15 Apr 2026 12:33:26,647BE900D183B00E1E3F
SD NEGERI 182 HALMAHERA SELATAN,60201580,SD,Negeri,Kec. Bacan Timur Tengah,270519,Kab. Halmahera Selatan,270500,Prov. Maluku Utara,270000,8,1,34,6,6,0,1,12,09 Apr 2026 22:44:55,F27D890EBAC831BCA364
SD NEGERI 193 HALMAHERA SELATAN,60201432,SD,Negeri,Kec. Bacan Timur Tengah,270519,Kab. Halmahera Selatan,270500,Prov. Maluku Utara,270000,9,3,121,6,7,0,0,22,28 Apr 2026 19:05:34,6F9DA8C79DB4282E18F7
SD NEGERI 27 HALMAHERA SELATAN,60201479,SD,Negeri,Kec. Bacan Timur Tengah,270519,Kab. Halmahera Selatan,270500,Prov. Maluku Utara,270000,8,2,72,6,6,0,1,9,12 Apr 2026 09:27:17,0582EE13D1CBB5D7B6DE
SD NEGERI 99 HALMAHERA SELATAN,60201563,SD,Negeri,Kec. Bacan Timur Tengah,270519,Kab. Halmahera Selatan,270500,Prov. Maluku Utara,270000,6,4,45,6,6,0,1,15,27 Apr 2026 21:47:56,CF31841B6A8EE3B35860
SD LPM BIBINOI,69870682,SD,Swasta,Kec. Bacan Timur Tengah,270519,Kab. Halmahera Selatan,270500,Prov. Maluku Utara,270000,0,1,46,6,3,0,0,3,02 Mar 2026 08:33:44,B59CB06EA0A7EBB198F7
SMP NEGERI 23 HALMAHERA SELATAN,60201616,SMP,Negeri,Kec. Bacan Timur Tengah,270519,Kab. Halmahera Selatan,270500,Prov. Maluku Utara,270000,12,3,55,3,3,1,1,22,20 Apr 2026 14:22:37,A5B9F3B0081759D7FE96
SMP NEGERI 41 HALMAHERA SELATAN,60203318,SMP,Negeri,Kec. Bacan Timur Tengah,270519,Kab. Halmahera Selatan,270500,Prov. Maluku Utara,270000,12,1,68,3,4,1,1,75,20 Apr 2026 20:21:21,FB865307DA9B0F57A237
SMP NEGERI 55 HALMAHERA SELATAN,60203312,SMP,Negeri,Kec. Bacan Timur Tengah,270519,Kab. Halmahera Selatan,270500,Prov. Maluku Utara,270000,9,2,42,3,3,3,1,67,27 Apr 2026 07:56:47,6F4DF320FA8495DA0B87
SMP NURUL HASAN TAWA,69883309,SMP,Swasta,Kec. Bacan Timur Tengah,270519,Kab. Halmahera Selatan,270500,Prov. Maluku Utara,270000,4,1,75,3,3,0,0,2,03 Feb 2026 05:19:04,18F4EEA9E88AEBD7F715
SMA NEGERI 15 HALMAHERA SELATAN,60201672,SMA,Negeri,Kec. Bacan Timur Tengah,270519,Kab. Halmahera Selatan,270500,Prov. Maluku Utara,270000,11,5,88,5,6,1,1,57,20 Apr 2026 11:17:48,5E97FEECF22BC92B26FA
SMA NURUL HASAN TAWA,69991225,SMA,Swasta,Kec. Bacan Timur Tengah,270519,Kab. Halmahera Selatan,270500,Prov. Maluku Utara,270000,6,3,123,4,3,0,0,37,16 Apr 2026 11:20:51,82F2E72D21F8E44F7C42
SMK BPD TOMARA,60205826,SMK,Swasta,Kec. Bacan Timur Tengah,270519,Kab. Halmahera Selatan,270500,Prov. Maluku Utara,270000,5,1,77,3,3,0,0,88,30 Apr 2026 18:04:31,9A1B686945A1A9223F72
SD NEGERI 141 HALMAHERA SELATAN,60201427,SD,Negeri,Kec. Kasiruta Barat,270520,Kab. Halmahera Selatan,270500,Prov. Maluku Utara,270000,6,1,29,6,6,0,1,25,10 Apr 2026 20:30:48,2C3B32160496830722A2
SD NEGERI 145 HALMAHERA SELATAN,60201410,SD,Negeri,Kec. Kasiruta Barat,270520,Kab. Halmahera Selatan,270500,Prov. Maluku Utara,270000,6,1,137,6,5,0,0,67,05 Mar 2026 14:00:36,B3A02B3A8F487687F1D0
SD NEGERI 162 HALMAHERA SELATAN,60201381,SD,Negeri,Kec. Kasiruta Barat,270520,Kab. Halmahera Selatan,270500,Prov. Maluku Utara,270000,5,2,99,6,6,1,1,20,16 Apr 2026 21:03:01,B6F176CF3634D1145B1C
SD NEGERI 163 HALMAHERA SELATAN,60203068,SD,Negeri,Kec. Kasiruta Barat,270520,Kab. Halmahera Selatan,270500,Prov. Maluku Utara,270000,9,3,135,6,4,0,1,14,23 Apr 2026 09:23:05,A58A75C0928D949ED892
SD NEGERI 169 HALMAHERA SELATAN,60201428,SD,Negeri,Kec. Kasiruta Barat,270520,Kab. Halmahera Selatan,270500,Prov. Maluku Utara,270000,6,1,87,6,6,0,0,20,01 Apr 2026 00:09:15,49CD55831812AA15BA73
SD NEGERI 170 HALMAHERA SELATAN,60201480,SD,Negeri,Kec. Kasiruta Barat,270520,Kab. Halmahera Selatan,270500,Prov. Maluku Utara,270000,4,2,102,6,6,0,0,15,24 Apr 2026 11:28:54,427BA534397BA2807637
SD NEGERI 184 HALMAHERA SELATAN,60201421,SD,Negeri,Kec. Kasiruta Barat,270520,Kab. Halmahera Selatan,270500,Prov. Maluku Utara,270000,5,3,116,6,6,0,0,9,26 Feb 2026 09:42:01,9448CECBD9C85F7754FA
SD NEGERI 221 HALMAHERA SELATAN,60201577,SD,Negeri,Kec. Kasiruta Barat,270520,Kab. Halmahera Selatan,270500,Prov. Maluku Utara,270000,3,4,52,6,6,0,0,11,03 Apr 2026 09:35:39,21724F5C2E02B46291FB
SD NEGERI 229 HALMAHERA SELATAN,69872345,SD,Negeri,Kec. Kasiruta Barat,270520,Kab. Halmahera Selatan,270500,Prov. Maluku Utara,270000,5,3,26,6,5,0,0,13,16 Apr 2026 21:14:48,C40AC20FAA68DCCDE17F
SD NEGERI 234 HALMAHERA SELATAN,60201533,SD,Negeri,Kec. Kasiruta Barat,270520,Kab. Halmahera Selatan,270500,Prov. Maluku Utara,270000,6,1,31,6,6,0,1,12,03 Mar 2026 17:31:02,C18CE2EE8D8E587967F8
SD NEGERI 260 HALMAHERA SELATAN,60203161,SD,Negeri,Kec. Kasiruta Barat,270520,Kab. Halmahera Selatan,270500,Prov. Maluku Utara,270000,3,1,36,6,3,0,1,23,09 Apr 2026 09:15:05,1F99FE2873225560D1AB
SMP NEGERI 52 SATAP HALMAHERA SELATAN,60203288,SMP,Negeri,Kec. Kasiruta Barat,270520,Kab. Halmahera Selatan,270500,Prov. Maluku Utara,270000,7,2,39,3,3,0,1,65,23 Apr 2026 11:21:25,B44427C9B7F8FA9082C6
SMP NEGERI 53 SATAP HALMAHERA SELATAN,60203303,SMP,Negeri,Kec. Kasiruta Barat,270520,Kab. Halmahera Selatan,270500,Prov. Maluku Utara,270000,10,2,50,3,8,0,0,16,02 Apr 2026 20:35:06,EFDE4EB7C78065A386A0
SMP NEGERI 67 HALMAHERA SELATAN,60203782,SMP,Negeri,Kec. Kasiruta Barat,270520,Kab. Halmahera Selatan,270500,Prov. Maluku Utara,270000,9,3,65,3,3,0,1,21,22 Apr 2026 07:58:25,CF220BC8667C264F0420
SMP ISLAM AL-MAWAARID DOKO,69979551,SMP,Swasta,Kec. Kasiruta Barat,270520,Kab. Halmahera Selatan,270500,Prov. Maluku Utara,270000,3,1,31,3,3,0,0,10,01 May 2026 22:40:05,F4DDF17ACE4CD6151715
SMP LPM SENGGA BARU,69851437,SMP,Swasta,Kec. Kasiruta Barat,270520,Kab. Halmahera Selatan,270500,Prov. Maluku Utara,270000,1,0,26,3,2,0,0,6,04 Apr 2026 19:34:25,0C766679F799B6461F6D
SMPS LPM PEMBANGUNAN BISORI,69856225,SMP,Swasta,Kec. Kasiruta Barat,270520,Kab. Halmahera Selatan,270500,Prov. Maluku Utara,270000,0,1,57,3,2,0,0,12,03 Mar 2026 21:59:09,21752C921D334C76B5F4
SMA NUSA BANGSA LATA-LATA,69990689,SMA,Swasta,Kec. Kasiruta Barat,270520,Kab. Halmahera Selatan,270500,Prov. Maluku Utara,270000,1,1,53,3,4,0,0,32,21 Apr 2026 19:03:09,9203B423FC2D46F7A10F
SD NEGERI 181 HALMAHERA SELATAN,60201457,SD,Negeri,Kec. Kepulauan Joronga,270529,Kab. Halmahera Selatan,270500,Prov. Maluku Utara,270000,5,2,75,6,6,0,1,20,27 Apr 2026 22:25:17,3840344652C2D666BDC2
SD NEGERI 222 HALMAHERA SELATAN,60201527,SD,Negeri,Kec. Kepulauan Joronga,270529,Kab. Halmahera Selatan,270500,Prov. Maluku Utara,270000,7,0,74,6,6,0,0,30,28 Apr 2026 17:03:22,2296AB0872523285CE5C
SD NEGERI 235 HALMAHERA SELATAN,60202405,SD,Negeri,Kec. Kepulauan Joronga,270529,Kab. Halmahera Selatan,270500,Prov. Maluku Utara,270000,5,1,117,6,6,0,1,26,09 Apr 2026 19:18:47,132A5F9166E50807695E
SD NEGERI 24 HALMAHERA SELATAN,60201568,SD,Negeri,Kec. Kepulauan Joronga,270529,Kab. Halmahera Selatan,270500,Prov. Maluku Utara,270000,7,3,128,6,8,0,0,15,26 Apr 2026 11:36:36,DBA3EFCD2AB18DF131CF
SD NEGERI 53 HALMAHERA SELATAN,60201548,SD,Negeri,Kec. Kepulauan Joronga,270529,Kab. Halmahera Selatan,270500,Prov. Maluku Utara,270000,9,1,113,6,8,0,0,12,09 Mar 2026 19:42:45,2FB5F982FEDA3B6F956A
SD NEGERI 62 HALMAHERA SELATAN,60202406,SD,Negeri,Kec. Kepulauan Joronga,270529,Kab. Halmahera Selatan,270500,Prov. Maluku Utara,270000,8,1,51,6,6,0,1,28,30 Apr 2026 09:09:05,2133D725DF7FFD320E08
SD NEGERI 66 HALMAHERA SELATAN,60201517,SD,Negeri,Kec. Kepulauan Joronga,270529,Kab. Halmahera Selatan,270500,Prov. Maluku Utara,270000,5,2,130,6,8,0,1,14,30 Apr 2026 09:53:15,F8A49948F7A8D475F859
SMP NEGERI 43 SATAP HALMAHERA SELATAN,60203310,SMP,Negeri,Kec. Kepulauan Joronga,270529,Kab. Halmahera Selatan,270500,Prov. Maluku Utara,270000,8,2,71,3,4,0,0,30,09 Apr 2026 18:19:59,82A6F63326E9DDEA2ACB
SMP CIPTA BANGSA,69937336,SMP,Swasta,Kec. Kepulauan Joronga,270529,Kab. Halmahera Selatan,270500,Prov. Maluku Utara,270000,6,2,61,3,3,0,1,24,29 Apr 2026 08:46:49,D1DBFA19B5C370D1B8BE
SMP FATHUR RAHMAN,69900235,SMP,Swasta,Kec. Kepulauan Joronga,270529,Kab. Halmahera Selatan,270500,Prov. Maluku Utara,270000,6,0,58,3,3,0,0,20,29 Apr 2026 17:20:51,11AF2C95C039C72E2BA3
SMP NURUL HASAN GONONE,69959428,SMP,Swasta,Kec. Kepulauan Joronga,270529,Kab. Halmahera Selatan,270500,Prov. Maluku Utara,270000,4,1,24,3,3,0,1,31,23 Apr 2026 10:24:05,69684735A89700650DE2
SMP NURUL HASAN YOMEN,69859736,SMP,Swasta,Kec. Kepulauan Joronga,270529,Kab. Halmahera Selatan,270500,Prov. Maluku Utara,270000,2,3,47,3,3,0,0,11,26 Feb 2026 09:56:45,B64E8504F90DDDE6B2AF
SMP PULAU DAMAR,69982080,SMP,Swasta,Kec. Kepulauan Joronga,270529,Kab. Halmahera Selatan,270500,Prov. Maluku Utara,270000,5,1,97,4,3,0,1,15,25 Apr 2026 18:52:45,BFE473EB204E98268D00
SMA MUTIARA BANGSA,69903974,SMA,Swasta,Kec. Kepulauan Joronga,270529,Kab. Halmahera Selatan,270500,Prov. Maluku Utara,270000,7,2,69,3,3,1,0,19,07 Apr 2026 23:28:35,1F2E0342FA2C0AE3A12F
SMK NEGERI 5 HALMAHERA SELATAN,60203803,SMK,Negeri,Kec. Kepulauan Joronga,270529,Kab. Halmahera Selatan,270500,Prov. Maluku Utara,270000,6,2,67,3,3,1,1,46,23 Apr 2026 05:58:26,598990B8E46169E3F418
SD NEGERI 135 HALMAHERA SELATAN,60201425,SD,Negeri,Kec. Kepulauan Botang Lomang,270517,Kab. Halmahera Selatan,270500,Prov. Maluku Utara,270000,8,2,55,6,6,0,0,31,18 Mar 2026 10:15:17,695F27B6EF685447562A
SD NEGERI 172 HALMAHERA SELATAN,60202334,SD,Negeri,Kec. Kepulauan Botang Lomang,270517,Kab. Halmahera Selatan,270500,Prov. Maluku Utara,270000,6,3,65,6,6,0,1,5,20 Apr 2026 15:20:05,F4B3CAB9111F0D298F84
SD NEGERI 261 HALMAHERA SELATAN,60201573,SD,Negeri,Kec. Kepulauan Botang Lomang,270517,Kab. Halmahera Selatan,270500,Prov. Maluku Utara,270000,11,2,111,6,8,0,0,9,30 Apr 2026 10:37:42,E7EE30615B7B007F7A0E
SD NEGERI 36 HALMAHERA SELATAN,60201543,SD,Negeri,Kec. Kepulauan Botang Lomang,270517,Kab. Halmahera Selatan,270500,Prov. Maluku Utara,270000,11,1,142,8,9,0,1,24,02 Apr 2026 15:17:09,29CAD3E433253F304E7B
SD NEGERI 45 HALMAHERA SELATAN,60201569,SD,Negeri,Kec. Kepulauan Botang Lomang,270517,Kab. Halmahera Selatan,270500,Prov. Maluku Utara,270000,9,1,70,6,6,0,0,18,28 Apr 2026 06:51:49,2AE189692FA78CE1D193
SD NEGERI 49 HALMAHERA SELATAN,60201547,SD,Negeri,Kec. Kepulauan Botang Lomang,270517,Kab. Halmahera Selatan,270500,Prov. Maluku Utara,270000,7,1,104,6,6,0,1,58,14 Feb 2026 12:56:50,930CECE3CC4BBF72A5F6
SD NEGERI 9 HALMAHERA SELATAN,60201478,SD,Negeri,Kec. Kepulauan Botang Lomang,270517,Kab. Halmahera Selatan,270500,Prov. Maluku Utara,270000,12,5,161,6,6,0,1,45,02 May 2026 08:10:16,0C7FFE3C5B682B0B20E6
SMP NEGERI 16 HALMAHERA SELATAN,60201628,SMP,Negeri,Kec. Kepulauan Botang Lomang,270517,Kab. Halmahera Selatan,270500,Prov. Maluku Utara,270000,17,4,153,6,13,1,1,6,27 Feb 2026 22:38:56,03A45CF7AD6F2683C7ED
SMP BATU RAA TOIN,60203804,SMP,Swasta,Kec. Kepulauan Botang Lomang,270517,Kab. Halmahera Selatan,270500,Prov. Maluku Utara,270000,1,1,37,3,3,0,0,6,03 Mar 2026 16:44:44,44EC4C1901BC7595F24E
SMP LPM PRAPAKANDA,60203628,SMP,Swasta,Kec. Kepulauan Botang Lomang,270517,Kab. Halmahera Selatan,270500,Prov. Maluku Utara,270000,5,0,58,3,3,0,1,19,01 May 2026 13:18:16,74A22755B564F9BB7067
SMA NEGERI 21 HALMAHERA SELATAN,60201670,SMA,Negeri,Kec. Kepulauan Botang Lomang,270517,Kab. Halmahera Selatan,270500,Prov. Maluku Utara,270000,24,4,169,6,10,5,1,51,22 Apr 2026 08:39:39,304517A37C0CC8FFC4ED
SD NEGERI 109 HALMAHERA SELATAN,60201376,SD,Negeri,Kec. Obi Utara,270513,Kab. Halmahera Selatan,270500,Prov. Maluku Utara,270000,8,1,126,6,6,0,0,27,16 Apr 2026 15:08:33,0D697B264DE20356873F
SD NEGERI 126 HALMAHERA SELATAN,60203077,SD,Negeri,Kec. Obi Utara,270513,Kab. Halmahera Selatan,270500,Prov. Maluku Utara,270000,6,1,89,6,8,0,0,16,29 Apr 2026 18:32:08,384700F07D6A93E1DCB1
SD NEGERI 186 HALMAHERA SELATAN,60201556,SD,Negeri,Kec. Obi Utara,270513,Kab. Halmahera Selatan,270500,Prov. Maluku Utara,270000,16,3,150,7,6,0,1,6,05 Apr 2026 12:22:26,3407BDDE52E3BB04BA6B
SD NEGERI 195 HALMAHERA SELATAN,60201485,SD,Negeri,Kec. Obi Utara,270513,Kab. Halmahera Selatan,270500,Prov. Maluku Utara,270000,8,6,140,6,6,0,0,13,17 Apr 2026 17:53:15,F836C01244265276529C
SD NEGERI 206 HALMAHERA SELATAN,60201470,SD,Negeri,Kec. Obi Utara,270513,Kab. Halmahera Selatan,270500,Prov. Maluku Utara,270000,16,1,167,9,6,0,0,19,21 Apr 2026 16:56:30,7EB68C2EAF39B2964F8A
SD NEGERI 207 HALMAHERA SELATAN,60201377,SD,Negeri,Kec. Obi Utara,270513,Kab. Halmahera Selatan,270500,Prov. Maluku Utara,270000,14,1,133,8,6,0,0,17,30 Apr 2026 12:51:57,9CB3A2F8588CCEEA3821
SD NEGERI 41 HALMAHERA SELATAN,60201464,SD,Negeri,Kec. Obi Utara,270513,Kab. Halmahera Selatan,270500,Prov. Maluku Utara,270000,17,2,230,11,13,0,1,35,19 Apr 2026 00:33:53,874D36F01049EDCC4FDC
SD Islam Terpadu Madapolo,69974815,SD,Swasta,Kec. Obi Utara,270513,Kab. Halmahera Selatan,270500,Prov. Maluku Utara,270000,10,2,66,6,3,0,0,31,16 Apr 2026 04:07:01,3EEE5369C494AFF56BD6
SMP NEGERI 15 HALMAHERA SELATAN,60201626,SMP,Negeri,Kec. Obi Utara,270513,Kab. Halmahera Selatan,270500,Prov. Maluku Utara,270000,21,4,242,9,13,1,1,39,29 Apr 2026 23:33:35,771DB0A014D7CE9240D1
SMP NEGERI 45 HALMAHERA SELATAN,60203313,SMP,Negeri,Kec. Obi Utara,270513,Kab. Halmahera Selatan,270500,Prov. Maluku Utara,270000,10,4,99,5,5,0,1,72,12 Apr 2026 19:27:35,6758ECF4A7511E10D5FD
SMA NEGERI 37 HALMAHERA SELATAN,69903966,SMA,Negeri,Kec. Obi Utara,270513,Kab. Halmahera Selatan,270500,Prov. Maluku Utara,270000,16,2,124,5,6,5,1,70,17 Apr 2026 05:42:37,C4DE2EFC726CAE9BF28E
SMA MUHAMMADIYAH OBI,60201681,SMA,Swasta,Kec. Obi Utara,270513,Kab. Halmahera Selatan,270500,Prov. Maluku Utara,270000,15,2,117,5,9,3,1,17,27 Apr 2026 09:25:57,970F6810E4560E66C07B
SMA PEDULI BANGSA WARINGI,69915725,SMA,Swasta,Kec. Obi Utara,270513,Kab. Halmahera Selatan,270500,Prov. Maluku Utara,270000,3,2,41,3,3,2,0,12,24 Mar 2026 12:31:29,569622E30676C4390A9D
SMK ARRAHMAN,69851441,SMK,Swasta,Kec. Obi Utara,270513,Kab. Halmahera Selatan,270500,Prov. Maluku Utara,270000,4,1,0,0,0,0,0,0,,793C63620E84D54E62EB
SMK GERBANG MAS OBI CAP,70007751,SMK,Swasta,Kec. Obi Utara,270513,Kab. Halmahera Selatan,270500,Prov. Maluku Utara,270000,4,1,36,3,3,0,0,17,25 Apr 2026 05:28:29,81E57A242B5A2EAF4676
SD NEGERI 110 HALMAHERA SELATAN,60201417,SD,Negeri,Kec. Gane Timur Tengah,270530,Kab. Halmahera Selatan,270500,Prov. Maluku Utara,270000,5,2,94,6,6,0,1,7,02 Apr 2026 10:58:40,3EC8883A84B6D4F2A7B4
SD NEGERI 153 HALMAHERA SELATAN,60201430,SD,Negeri,Kec. Gane Timur Tengah,270530,Kab. Halmahera Selatan,270500,Prov. Maluku Utara,270000,9,1,98,6,6,0,0,21,01 May 2026 06:21:12,E5F6BBA6826EDE13F46D
SD NEGERI 210 HALMAHERA SELATAN,60201445,SD,Negeri,Kec. Gane Timur Tengah,270530,Kab. Halmahera Selatan,270500,Prov. Maluku Utara,270000,5,3,59,6,5,0,1,28,11 Apr 2026 13:08:48,D5A1D80F4BEFF35C6E0F
SD NEGERI 212 HALMAHERA SELATAN,60201561,SD,Negeri,Kec. Gane Timur Tengah,270530,Kab. Halmahera Selatan,270500,Prov. Maluku Utara,270000,7,1,24,6,5,0,0,6,30 Apr 2026 08:04:34,7341DAEF52B63B05FEC9
SD NEGERI 248 HALMAHERA SELATAN,60202399,SD,Negeri,Kec. Gane Timur Tengah,270530,Kab. Halmahera Selatan,270500,Prov. Maluku Utara,270000,5,2,73,6,7,0,0,8,03 Mar 2026 08:47:26,C1903E3B54676797190F
SD NEGERI 252 HALMAHERA SELATAN,60203031,SD,Negeri,Kec. Gane Timur Tengah,270530,Kab. Halmahera Selatan,270500,Prov. Maluku Utara,270000,7,3,43,6,9,0,0,17,30 Apr 2026 08:26:14,5E4D8088F96181EBD3A4
SD NEGERI 255 HALMAHERA SELATAN,60201597,SD,Negeri,Kec. Gane Timur Tengah,270530,Kab. Halmahera Selatan,270500,Prov. Maluku Utara,270000,5,2,64,6,6,0,1,11,24 Apr 2026 10:35:55,D443C0EDDC6049965A79
SD NEGERI 64 HALMAHERA SELATAN,60201481,SD,Negeri,Kec. Gane Timur Tengah,270530,Kab. Halmahera Selatan,270500,Prov. Maluku Utara,270000,7,3,135,7,6,0,1,45,08 Apr 2026 09:41:54,F5344485EDDBD04A2B56
SMP NEGERI 10 HALMAHERA SELATAN,60203291,SMP,Negeri,Kec. Gane Timur Tengah,270530,Kab. Halmahera Selatan,270500,Prov. Maluku Utara,270000,11,2,96,5,6,0,0,16,18 Feb 2026 10:06:11,ABA375DD4F6598936CEA
SMP NEGERI 36 HALMAHERA SELATAN,60203298,SMP,Negeri,Kec. Gane Timur Tengah,270530,Kab. Halmahera Selatan,270500,Prov. Maluku Utara,270000,10,3,126,4,5,1,1,15,25 Apr 2026 13:31:17,0B17CB068BAA27B73A3F
SMP ANAK NEGERI,69900626,SMP,Swasta,Kec. Gane Timur Tengah,270530,Kab. Halmahera Selatan,270500,Prov. Maluku Utara,270000,0,0,46,3,2,0,0,14,20 Feb 2026 21:19:26,BDD525D919E5F2BB9362
SMA NEGERI 23 HALMAHERA SELATAN,60201674,SMA,Negeri,Kec. Gane Timur Tengah,270530,Kab. Halmahera Selatan,270500,Prov. Maluku Utara,270000,13,2,67,4,2,2,1,26,22 Apr 2026 09:18:45,309BBC61405A90FDA54C
SMK BHINEKA TUNGGAL IKA GANE TIMUR,60205823,SMK,Swasta,Kec. Gane Timur Tengah,270530,Kab. Halmahera Selatan,270500,Prov. Maluku Utara,270000,7,1,62,3,3,0,0,8,21 Apr 2026 21:04:19,1A9CFDCEF3938D23F057
SD NEGERI 225 HALMAHERA SELATAN,60202423,SD,Negeri,Kec. Makian Barat,270526,Kab. Halmahera Selatan,270500,Prov. Maluku Utara,270000,9,1,71,6,7,0,1,21,18 Apr 2026 04:48:38,929BB1AE06A5C69914A3
SD NEGERI 29 HALMAHERA SELATAN,60202421,SD,Negeri,Kec. Makian Barat,270526,Kab. Halmahera Selatan,270500,Prov. Maluku Utara,270000,7,1,69,6,6,0,1,9,09 Apr 2026 07:24:50,0608E50FF33F5357B9B2
SD NEGERI 3 HALMAHERA SELATAN,60202422,SD,Negeri,Kec. Makian Barat,270526,Kab. Halmahera Selatan,270500,Prov. Maluku Utara,270000,8,2,47,6,8,0,1,23,18 Apr 2026 05:10:34,E48CA564794B3E5266EC
SD NEGERI 40 HALMAHERA SELATAN,60202419,SD,Negeri,Kec. Makian Barat,270526,Kab. Halmahera Selatan,270500,Prov. Maluku Utara,270000,7,1,45,6,6,0,0,12,13 Apr 2026 08:16:18,0BEF03293253B2096A9F
SD NEGERI 43 HALMAHERA SELATAN,60202418,SD,Negeri,Kec. Makian Barat,270526,Kab. Halmahera Selatan,270500,Prov. Maluku Utara,270000,9,1,81,6,7,0,0,12,12 Apr 2026 11:23:47,ECA46483BE0974521A60
SD NEGERI 50 HALMAHERA SELATAN,60202420,SD,Negeri,Kec. Makian Barat,270526,Kab. Halmahera Selatan,270500,Prov. Maluku Utara,270000,7,1,27,6,6,0,0,18,21 Apr 2026 21:42:41,C3DF44166A14385549F0
SMP NEGERI 17 HALMAHERA SELATAN,60203286,SMP,Negeri,Kec. Makian Barat,270526,Kab. Halmahera Selatan,270500,Prov. Maluku Utara,270000,13,3,42,3,5,0,1,13,23 Apr 2026 19:24:21,7AA3126E30335065C9A1
SMP NEGERI 37 HALMAHERA SELATAN,60203294,SMP,Negeri,Kec. Makian Barat,270526,Kab. Halmahera Selatan,270500,Prov. Maluku Utara,270000,10,4,47,3,5,2,1,12,23 Apr 2026 19:34:47,3D8C795C26B1859DD9BA
SMP NEGERI 58 HALMAHERA SELATAN,60203314,SMP,Negeri,Kec. Makian Barat,270526,Kab. Halmahera Selatan,270500,Prov. Maluku Utara,270000,12,3,80,3,5,1,1,22,29 Apr 2026 11:20:53,162113FC9526AA88457D
SMA NEGERI 11 HALMAHERA SELATAN,60201669,SMA,Negeri,Kec. Makian Barat,270526,Kab. Halmahera Selatan,270500,Prov. Maluku Utara,270000,20,6,114,5,10,2,1,29,18 Apr 2026 04:37:50,3E141C065942C145A85E
SMA NEGERI 25 HALMAHERA SELATAN,60201677,SMA,Negeri,Kec. Makian Barat,270526,Kab. Halmahera Selatan,270500,Prov. Maluku Utara,270000,24,5,58,6,6,1,1,13,20 Apr 2026 10:06:15,4AE1A296727BE82A2202
SD NEGERI 159 HALMAHERA SELATAN,60201395,SD,Negeri,Kec. Bacan Barat Utara,270522,Kab. Halmahera Selatan,270500,Prov. Maluku Utara,270000,9,1,82,6,6,0,0,16,22 Apr 2026 12:01:08,310A1D4EA319B0EDB3AA
SD NEGERI 17 HALMAHERA SELATAN,60201529,SD,Negeri,Kec. Bacan Barat Utara,270522,Kab. Halmahera Selatan,270500,Prov. Maluku Utara,270000,6,2,73,6,6,0,0,19,08 Mar 2026 10:25:46,A2086D7DFD05877FAD0D
SD NEGERI 174 HALMAHERA SELATAN,60201455,SD,Negeri,Kec. Bacan Barat Utara,270522,Kab. Halmahera Selatan,270500,Prov. Maluku Utara,270000,6,3,95,6,6,0,0,18,16 Apr 2026 17:58:56,B3AE068318B583B264FD
SD NEGERI 199 HALMAHERA SELATAN,60201511,SD,Negeri,Kec. Bacan Barat Utara,270522,Kab. Halmahera Selatan,270500,Prov. Maluku Utara,270000,8,2,92,6,5,0,1,22,02 May 2026 14:37:28,56AC5C4591E1FF3ACF1A
SD NEGERI 223 HALMAHERA SELATAN,60201504,SD,Negeri,Kec. Bacan Barat Utara,270522,Kab. Halmahera Selatan,270500,Prov. Maluku Utara,270000,3,4,42,6,6,0,0,13,03 Mar 2026 23:07:53,ABA1747BE0D5C73EE88D
SD NEGERI 246 HALMAHERA SELATAN,60203085,SD,Negeri,Kec. Bacan Barat Utara,270522,Kab. Halmahera Selatan,270500,Prov. Maluku Utara,270000,5,3,53,6,5,0,1,17,02 May 2026 18:48:09,ED1820A86DDBDA1309AB
SD NEGERI 263 HALMAHERA SELATAN,60203205,SD,Negeri,Kec. Bacan Barat Utara,270522,Kab. Halmahera Selatan,270500,Prov. Maluku Utara,270000,5,1,28,6,6,0,0,27,11 Apr 2026 03:45:11,EF442CF6E3D3DBFA661D
SD NEGERI 88 HALMAHERA SELATAN,60201538,SD,Negeri,Kec. Bacan Barat Utara,270522,Kab. Halmahera Selatan,270500,Prov. Maluku Utara,270000,3,1,71,6,6,0,1,12,06 Feb 2026 07:37:42,88269968CCD111FA60AB
SMP NEGERI 34 HALMAHERA SELATAN,60201615,SMP,Negeri,Kec. Bacan Barat Utara,270522,Kab. Halmahera Selatan,270500,Prov. Maluku Utara,270000,8,2,80,3,3,1,1,27,02 May 2026 19:20:03,C7997D713FF5DD411F9C
SMP NEGERI 60 HALMAHERA SELATAN,60203305,SMP,Negeri,Kec. Bacan Barat Utara,270522,Kab. Halmahera Selatan,270500,Prov. Maluku Utara,270000,10,2,108,5,3,1,1,33,29 Apr 2026 22:59:24,2BFB6ECEEF9E78BC598F
SMK CERDAS BANGSA,69786552,SMK,Swasta,Kec. Bacan Barat Utara,270522,Kab. Halmahera Selatan,270500,Prov. Maluku Utara,270000,6,3,45,3,3,0,1,151,01 May 2026 17:48:22,6235F8084ACA1FA450F3
SD NEGERI 116 HALMAHERA SELATAN,60201476,SD,Negeri,Kec. Mandioli Utara,270515,Kab. Halmahera Selatan,270500,Prov. Maluku Utara,270000,8,2,107,6,6,0,1,11,11 Apr 2026 08:11:31,45747F5284D5D33E17EB
SD NEGERI 131 HALMAHERA SELATAN,60201474,SD,Negeri,Kec. Mandioli Utara,270515,Kab. Halmahera Selatan,270500,Prov. Maluku Utara,270000,3,2,30,6,6,0,0,22,02 May 2026 10:09:52,F4710CC3CA7FDBF239F0
SD NEGERI 133 HALMAHERA SELATAN,60201530,SD,Negeri,Kec. Mandioli Utara,270515,Kab. Halmahera Selatan,270500,Prov. Maluku Utara,270000,7,3,44,6,6,0,0,33,04 Apr 2026 09:44:56,F018884EDB97AC5C74DE
SD NEGERI 20 HALMAHERA SELATAN,60201509,SD,Negeri,Kec. Mandioli Utara,270515,Kab. Halmahera Selatan,270500,Prov. Maluku Utara,270000,8,1,106,6,6,0,1,9,02 Mar 2026 14:21:35,2434352734B2002A7EF5
SD NEGERI 98 HALMAHERA SELATAN,60201578,SD,Negeri,Kec. Mandioli Utara,270515,Kab. Halmahera Selatan,270500,Prov. Maluku Utara,270000,5,1,100,6,6,0,1,13,08 Mar 2026 23:32:53,05005FDD8137A1A70859
SD LPM BOBO,69734100,SD,Swasta,Kec. Mandioli Utara,270515,Kab. Halmahera Selatan,270500,Prov. Maluku Utara,270000,3,1,28,6,6,0,1,11,26 Apr 2026 04:10:51,240049CF1934F116E87B
SMP NEGERI 29 HALMAHERA SELATAN,60203304,SMP,Negeri,Kec. Mandioli Utara,270515,Kab. Halmahera Selatan,270500,Prov. Maluku Utara,270000,10,1,62,3,4,0,1,30,24 Apr 2026 16:21:47,E05C659D26DA259F1A7A
SMP NEGERI 32 SATAP HALMAHERA SELATAN,60203315,SMP,Negeri,Kec. Mandioli Utara,270515,Kab. Halmahera Selatan,270500,Prov. Maluku Utara,270000,10,2,62,3,6,1,0,21,17 Apr 2026 03:23:23,3A7E4C9DB9E2CEC65D5B
SMA NEGERI 26 HALMAHERA SELATAN,60203361,SMA,Negeri,Kec. Mandioli Utara,270515,Kab. Halmahera Selatan,270500,Prov. Maluku Utara,270000,13,1,55,3,3,1,1,30,01 May 2026 13:07:43,C3CBCB6D008FFE1B2ACC
SMK NEGERI 6 HALMAHERA SELATAN,60203781,SMK,Negeri,Kec. Mandioli Utara,270515,Kab. Halmahera Selatan,270500,Prov. Maluku Utara,270000,6,3,55,4,3,1,1,24,08 Apr 2026 05:05:06,FD89F9EDC3DADE39D7D7
SD NEGERI 136 HALMAHERA SELATAN,60201397,SD,Negeri,Kec. Obi Barat,270511,Kab. Halmahera Selatan,270500,Prov. Maluku Utara,270000,19,2,268,12,8,0,1,25,29 Apr 2026 07:31:21,6ED60A55BF8E6ECE1DEB
SD NEGERI 158 HALMAHERA SELATAN,60201414,SD,Negeri,Kec. Obi Barat,270511,Kab. Halmahera Selatan,270500,Prov. Maluku Utara,270000,8,1,216,8,5,0,1,10,02 May 2026 08:40:39,81D402CC50F969FA73F9
SD NEGERI 165 HALMAHERA SELATAN,60201446,SD,Negeri,Kec. Obi Barat,270511,Kab. Halmahera Selatan,270500,Prov. Maluku Utara,270000,2,1,69,6,6,0,1,8,04 Mar 2026 20:35:33,4952FA03D1A6740AE008
SD NEGERI 176 HALMAHERA SELATAN,60203213,SD,Negeri,Kec. Obi Barat,270511,Kab. Halmahera Selatan,270500,Prov. Maluku Utara,270000,6,1,108,6,6,0,0,19,06 Apr 2026 21:33:57,6BEAD4E4B3CDF8D8DCFA
SD NEGERI 224 HALMAHERA SELATAN,60203197,SD,Negeri,Kec. Obi Barat,270511,Kab. Halmahera Selatan,270500,Prov. Maluku Utara,270000,5,1,138,6,5,0,0,26,13 Apr 2026 10:52:06,9AADB4300412B94B6AF6
SD NEGERI 254 HALMAHERA SELATAN,60201584,SD,Negeri,Kec. Obi Barat,270511,Kab. Halmahera Selatan,270500,Prov. Maluku Utara,270000,4,1,29,6,6,0,0,2,18 Jan 2026 05:54:51,85E4F95B5683C164F23D
SMP NEGERI 38 HALMAHERA SELATAN,60203301,SMP,Negeri,Kec. Obi Barat,270511,Kab. Halmahera Selatan,270500,Prov. Maluku Utara,270000,10,2,122,6,6,1,1,22,29 Apr 2026 12:52:25,8ED1F3C476B114765096
SMP LPM SOASANGAJI,69883244,SMP,Swasta,Kec. Obi Barat,270511,Kab. Halmahera Selatan,270500,Prov. Maluku Utara,270000,1,1,64,3,3,0,0,17,12 Feb 2026 09:03:22,DDB9E94FEC55F5CFF30F
SMA NEGERI 34 HALMAHERA SELATAN,60203644,SMA,Negeri,Kec. Obi Barat,270511,Kab. Halmahera Selatan,270500,Prov. Maluku Utara,270000,15,2,89,3,4,4,1,31,28 Apr 2026 07:34:34,40287B452A1878E152B7
SMA PEDULI BANGSA MANATAHAN,69928455,SMA,Swasta,Kec. Obi Barat,270511,Kab. Halmahera Selatan,270500,Prov. Maluku Utara,270000,12,0,80,3,2,2,1,46,23 Apr 2026 06:45:00,A23CAAF27BC358D595F6
SD NEGERI 155 HALMAHERA SELATAN,60203024,SD,Negeri,Kec. Obi Timur,270512,Kab. Halmahera Selatan,270500,Prov. Maluku Utara,270000,9,1,74,6,6,0,0,6,03 Mar 2026 17:41:41,94C6AD0BBD1909B6787B
SD NEGERI 156 HALMAHERA SELATAN,60201440,SD,Negeri,Kec. Obi Timur,270512,Kab. Halmahera Selatan,270500,Prov. Maluku Utara,270000,3,3,123,6,6,0,0,20,04 Mar 2026 20:58:12,5632ED568C6C29A7DFB1
SD NEGERI 175 HALMAHERA SELATAN,60201559,SD,Negeri,Kec. Obi Timur,270512,Kab. Halmahera Selatan,270500,Prov. Maluku Utara,270000,6,1,32,6,6,0,1,18,27 Apr 2026 19:49:43,8516C3AEFFCC7F539E15
SD NEGERI 189 HALMAHERA SELATAN,60201515,SD,Negeri,Kec. Obi Timur,270512,Kab. Halmahera Selatan,270500,Prov. Maluku Utara,270000,6,0,101,6,6,0,1,12,14 Apr 2026 20:25:43,0A705D70FC286DBA67CE
SD KRISTEN WOOI,60203687,SD,Swasta,Kec. Obi Timur,270512,Kab. Halmahera Selatan,270500,Prov. Maluku Utara,270000,5,1,134,6,6,0,1,58,02 May 2026 16:24:12,AC9F5BCAA786CF2061F4
SDS GPM SUM,60203201,SD,Swasta,Kec. Obi Timur,270512,Kab. Halmahera Selatan,270500,Prov. Maluku Utara,270000,4,1,94,6,9,0,0,21,09 Apr 2026 23:46:10,F9E9E57A427AE38A77AD
SMP NEGERI 48 HALMAHERA SELATAN,60201654,SMP,Negeri,Kec. Obi Timur,270512,Kab. Halmahera Selatan,270500,Prov. Maluku Utara,270000,9,2,96,4,4,0,1,38,01 May 2026 18:54:15,9E87E996AE815CC926A9
SMP LPM KELO,60203703,SMP,Swasta,Kec. Obi Timur,270512,Kab. Halmahera Selatan,270500,Prov. Maluku Utara,270000,5,1,38,3,4,0,0,20,11 Feb 2026 17:59:20,4070F8CC1B1C0A5B770B
SMP PEDULI BANGSA WOOI,60203340,SMP,Swasta,Kec. Obi Timur,270512,Kab. Halmahera Selatan,270500,Prov. Maluku Utara,270000,2,1,90,3,3,0,1,8,24 Apr 2026 08:24:24,38A39F629A4D9E8DB35D
SMA NEGERI 31 HALMAHERA SELATAN,60203779,SMA,Negeri,Kec. Obi Timur,270512,Kab. Halmahera Selatan,270500,Prov. Maluku Utara,270000,13,2,105,3,7,4,1,29,30 Apr 2026 16:01:01,53F643CD96975DFD6AB4
SMA PEDULI BANGSA WOOI,69879001,SMA,Swasta,Kec. Obi Timur,270512,Kab. Halmahera Selatan,270500,Prov. Maluku Utara,270000,8,1,95,4,3,0,0,108,01 May 2026 12:47:45,6E1F5AECE314934D7381
SD NEGERI 108 HALMAHERA SELATAN,60201475,SD,Negeri,Kec. Kayoa Utara,270525,Kab. Halmahera Selatan,270500,Prov. Maluku Utara,270000,6,2,44,6,6,0,0,12,28 Apr 2026 17:44:02,38D095AA3122A1AF2A42
SD NEGERI 152 HALMAHERA SELATAN,60201394,SD,Negeri,Kec. Kayoa Utara,270525,Kab. Halmahera Selatan,270500,Prov. Maluku Utara,270000,9,2,71,6,6,0,0,7,01 May 2026 08:55:05,BC687236D78D83B9F1C9
SD NEGERI 23 HALMAHERA SELATAN,60201579,SD,Negeri,Kec. Kayoa Utara,270525,Kab. Halmahera Selatan,270500,Prov. Maluku Utara,270000,6,1,34,6,6,0,1,22,02 May 2026 11:40:58,711AAF6CBD88C2CC142E
SD NEGERI 44 HALMAHERA SELATAN,60201523,SD,Negeri,Kec. Kayoa Utara,270525,Kab. Halmahera Selatan,270500,Prov. Maluku Utara,270000,6,3,71,6,6,0,1,11,05 Mar 2026 04:38:24,64912C2F0B72B3C46E69
SD NEGERI 56 HALMAHERA SELATAN,60202404,SD,Negeri,Kec. Kayoa Utara,270525,Kab. Halmahera Selatan,270500,Prov. Maluku Utara,270000,7,1,78,6,6,0,1,10,03 Mar 2026 12:41:05,FF18BCB10B712FD63D47
SD NEGERI 87 HALMAHERA SELATAN,60203132,SD,Negeri,Kec. Kayoa Utara,270525,Kab. Halmahera Selatan,270500,Prov. Maluku Utara,270000,8,1,49,6,8,0,1,14,01 May 2026 13:22:43,BF4109D26B86C6654E16
SMP NEGERI 63 HALMAHERA SELATAN,60203272,SMP,Negeri,Kec. Kayoa Utara,270525,Kab. Halmahera Selatan,270500,Prov. Maluku Utara,270000,9,1,36,3,6,0,0,8,05 Mar 2026 04:51:34,9B163F1FBD5FAB15A445
SMP ALBINARI,69867674,SMP,Swasta,Kec. Kayoa Utara,270525,Kab. Halmahera Selatan,270500,Prov. Maluku Utara,270000,0,1,17,3,3,0,0,25,16 Apr 2026 07:05:45,FCB0422EEFCBB1F1DBDB
SMA NEGERI 29 HALMAHERA SELATAN,60203684,SMA,Negeri,Kec. Kayoa Utara,270525,Kab. Halmahera Selatan,270500,Prov. Maluku Utara,270000,15,2,70,3,6,1,1,30,16 Apr 2026 06:43:37,0F45B9CC8F3989F178C5
SMK PERTANIAN MODAYAMA,69851418,SMK,Swasta,Kec. Kayoa Utara,270525,Kab. Halmahera Selatan,270500,Prov. Maluku Utara,270000,8,2,40,3,3,0,0,43,23 Apr 2026 06:48:19,7CD25C1B7328DC181364
SD NEGERI 143 HALMAHERA SELATAN,60201411,SD,Negeri,Kec. Gane Timur Selatan,270531,Kab. Halmahera Selatan,270500,Prov. Maluku Utara,270000,0,0,0,0,0,0,0,0,,7A84FF197E4F683D7C21
SD NEGERI 150 HALMAHERA SELATAN,60201405,SD,Negeri,Kec. Gane Timur Selatan,270531,Kab. Halmahera Selatan,270500,Prov. Maluku Utara,270000,0,0,0,0,0,0,0,0,,D1BF43D280B224CD1662
SD NEGERI 249 HALMAHERA SELATAN,60203076,SD,Negeri,Kec. Gane Timur Selatan,270531,Kab. Halmahera Selatan,270500,Prov. Maluku Utara,270000,0,0,0,0,0,0,0,0,,A4AC66D907E68C3C558D
SD NEGERI 257 HALMAHERA SELATAN,60203208,SD,Negeri,Kec. Gane Timur Selatan,270531,Kab. Halmahera Selatan,270500,Prov. Maluku Utara,270000,0,0,0,0,0,0,0,0,,A41EE82C904A79400D75
SD NEGERI 26 HALMAHERA SELATAN,60201503,SD,Negeri,Kec. Gane Timur Selatan,270531,Kab. Halmahera Selatan,270500,Prov. Maluku Utara,270000,0,0,0,0,0,0,0,0,,6F0E2C344F00F3ED4655
SD NEGERI 79 HALMAHERA SELATAN,60201549,SD,Negeri,Kec. Gane Timur Selatan,270531,Kab. Halmahera Selatan,270500,Prov. Maluku Utara,270000,0,0,0,0,0,0,0,0,,68B0F0D3F06CD1410FB0
SMP NEGERI 31 HALMAHERA SELATAN,60201618,SMP,Negeri,Kec. Gane Timur Selatan,270531,Kab. Halmahera Selatan,270500,Prov. Maluku Utara,270000,0,0,0,0,0,0,0,0,,C253957ED5C273BCB983
SMP SWASTA GANE RAYA,60203784,SMP,Swasta,Kec. Gane Timur Selatan,270531,Kab. Halmahera Selatan,270500,Prov. Maluku Utara,270000,0,0,0,0,0,0,0,0,,1C25327EB3B7D6DC60A1
SMA NEGERI 19 HALMAHERA SELATAN,60203698,SMA,Negeri,Kec. Gane Timur Selatan,270531,Kab. Halmahera Selatan,270500,Prov. Maluku Utara,270000,0,0,0,0,0,0,0,0,,6841F8B2D24779573C3D
SD NEGERI 119 HALMAHERA SELATAN,60201413,SD,Negeri,Kec. Kasiruta Timur,270521,Kab. Halmahera Selatan,270500,Prov. Maluku Utara,270000,7,1,136,6,8,0,1,17,29 Apr 2026 18:25:55,F8FB628EFF70C9C9539C
SD NEGERI 173 HALMAHERA SELATAN,60201401,SD,Negeri,Kec. Kasiruta Timur,270521,Kab. Halmahera Selatan,270500,Prov. Maluku Utara,270000,4,1,66,6,6,0,0,5,06 Mar 2026 23:05:26,45E780CC07BF7393DD35
SD NEGERI 179 HALMAHERA SELATAN,60201574,SD,Negeri,Kec. Kasiruta Timur,270521,Kab. Halmahera Selatan,270500,Prov. Maluku Utara,270000,6,2,15,6,6,0,0,22,20 Apr 2026 19:40:03,1B414B5E8A95A259034A
SD NEGERI 218 HALMAHERA SELATAN,60201575,SD,Negeri,Kec. Kasiruta Timur,270521,Kab. Halmahera Selatan,270500,Prov. Maluku Utara,270000,2,1,46,6,6,0,0,6,10 Mar 2026 20:49:19,2FECC7A299B7ED80C546
SD NEGERI 241 HALMAHERA SELATAN,60203055,SD,Negeri,Kec. Kasiruta Timur,270521,Kab. Halmahera Selatan,270500,Prov. Maluku Utara,270000,6,1,97,6,6,0,0,33,28 Apr 2026 03:49:52,9B69EBA74DA5FCAF53DD
SD NEGERI 243 HALMAHERA SELATAN,60203095,SD,Negeri,Kec. Kasiruta Timur,270521,Kab. Halmahera Selatan,270500,Prov. Maluku Utara,270000,5,3,60,6,4,0,0,9,11 Apr 2026 14:29:46,2E3EC3AB093E80E30239
SD NEGERI 86 HALMAHERA SELATAN,60201534,SD,Negeri,Kec. Kasiruta Timur,270521,Kab. Halmahera Selatan,270500,Prov. Maluku Utara,270000,2,1,100,6,6,0,0,15,05 Mar 2026 09:58:15,81EDE3721DDE8AA8FD1A
SD NEGERI 92 HALMAHERA SELATAN,60203175,SD,Negeri,Kec. Kasiruta Timur,270521,Kab. Halmahera Selatan,270500,Prov. Maluku Utara,270000,7,1,46,6,6,0,0,17,24 Apr 2026 18:39:14,09766252D2C895A0BB49
SMP NURUL HASAN MARITUSO,69929783,SMP,Swasta,Kec. Kasiruta Timur,270521,Kab. Halmahera Selatan,270500,Prov. Maluku Utara,270000,3,2,81,3,3,0,0,100,26 Apr 2026 19:51:09,3FDA5ECF964BC1E7914D
SD NEGERI 107 HALMAHERA SELATAN,60201389,SD,Negeri,Kec. Kayoa Barat,270523,Kab. Halmahera Selatan,270500,Prov. Maluku Utara,270000,6,1,73,6,6,1,1,34,25 Feb 2026 22:17:28,70280D44BA52C2BA8E50
SD NEGERI 121 HALMAHERA SELATAN,60201409,SD,Negeri,Kec. Kayoa Barat,270523,Kab. Halmahera Selatan,270500,Prov. Maluku Utara,270000,7,1,34,6,5,0,0,7,06 Mar 2026 22:40:40,5DA0E9545799A37AA503
SD NEGERI 35 HALMAHERA SELATAN,60201535,SD,Negeri,Kec. Kayoa Barat,270523,Kab. Halmahera Selatan,270500,Prov. Maluku Utara,270000,8,1,134,6,6,0,1,9,24 Apr 2026 10:01:41,EF83B3C0BD4A8A766C7A
SD NEGERI 67 HALMAHERA SELATAN,60201482,SD,Negeri,Kec. Kayoa Barat,270523,Kab. Halmahera Selatan,270500,Prov. Maluku Utara,270000,7,2,102,6,6,0,0,9,28 Apr 2026 14:46:40,96A9C31A539C25EFC9B1
SD NEGERI 69 HALMAHERA SELATAN,60201507,SD,Negeri,Kec. Kayoa Barat,270523,Kab. Halmahera Selatan,270500,Prov. Maluku Utara,270000,7,2,88,7,6,0,0,11,13 Apr 2026 16:52:44,6C1B1BC678EBB3CD3AB3
SMP NEGERI 54 SATAP HALMAHERA SELATAN,60203311,SMP,Negeri,Kec. Kayoa Barat,270523,Kab. Halmahera Selatan,270500,Prov. Maluku Utara,270000,7,1,45,3,2,1,1,11,14 Apr 2026 14:50:50,82368FF13DC190A18CEE
SMP NEGERI 8 HALMAHERA SELATAN,60203283,SMP,Negeri,Kec. Kayoa Barat,270523,Kab. Halmahera Selatan,270500,Prov. Maluku Utara,270000,15,1,149,6,14,1,1,34,02 Mar 2026 13:17:42,55FBE1B953C3DADCAED6
SMA NEGERI 12 HALMAHERA SELATAN,60201668,SMA,Negeri,Kec. Kayoa Barat,270523,Kab. Halmahera Selatan,270500,Prov. Maluku Utara,270000,15,2,120,6,6,2,1,43,03 Mar 2026 04:38:06,B7C05DB46FD70B16B529
SD NEGERI 102 HALMAHERA SELATAN,60202983,SD,Negeri,Kec. Bacan Barat,270503,Kab. Halmahera Selatan,270500,Prov. Maluku Utara,270000,9,1,81,6,6,0,0,6,21 Jan 2026 19:09:44,B3B3E5293C9621935016
SD NEGERI 129 HALMAHERA SELATAN,60201419,SD,Negeri,Kec. Bacan Barat,270503,Kab. Halmahera Selatan,270500,Prov. Maluku Utara,270000,5,4,96,6,7,0,1,20,06 Mar 2026 23:28:00,9535F1942F4DF0F1622B
SD NEGERI 15 HALMAHERA SELATAN,60203194,SD,Negeri,Kec. Bacan Barat,270503,Kab. Halmahera Selatan,270500,Prov. Maluku Utara,270000,6,1,31,6,6,0,0,29,02 May 2026 19:22:18,8C77AC7B5D138B9B73D4
SD NEGERI 157 HALMAHERA SELATAN,60202328,SD,Negeri,Kec. Bacan Barat,270503,Kab. Halmahera Selatan,270500,Prov. Maluku Utara,270000,6,2,58,6,6,0,1,21,23 Apr 2026 08:14:55,B3846A7EECF5F87ACAEC
SD NEGERI 77 HALMAHERA SELATAN,60202329,SD,Negeri,Kec. Bacan Barat,270503,Kab. Halmahera Selatan,270500,Prov. Maluku Utara,270000,7,2,60,6,6,0,1,16,19 Apr 2026 06:07:18,CE707D65C6ED9DD6631E
SD NEGERI 85 HALMAHERA SELATAN,60201519,SD,Negeri,Kec. Bacan Barat,270503,Kab. Halmahera Selatan,270500,Prov. Maluku Utara,270000,9,2,80,6,6,0,0,24,01 May 2026 07:27:25,592FC2A1EA505542675B
SMP NEGERI 25 HALMAHERA SELATAN,60203266,SMP,Negeri,Kec. Bacan Barat,270503,Kab. Halmahera Selatan,270500,Prov. Maluku Utara,270000,12,2,53,3,6,1,1,18,29 Apr 2026 10:31:00,DC5D09034015A638CB2A
SMP ISLAM OMPU ASAL,69726016,SMP,Swasta,Kec. Bacan Barat,270503,Kab. Halmahera Selatan,270500,Prov. Maluku Utara,270000,3,2,55,3,3,0,0,3,22 Jan 2026 21:51:36,66D84F3585E5A8F7639D
SMA NEGERI 20 HALMAHERA SELATAN,60203358,SMA,Negeri,Kec. Bacan Barat,270503,Kab. Halmahera Selatan,270500,Prov. Maluku Utara,270000,15,1,39,3,5,3,1,37,28 Apr 2026 16:15:59,85E12E5A2F3E59F36565
SD INPRES 1 TOBELO,60201765,SD,Negeri,Kec. Tobelo,270401,Kab. halmahera Utara,270400,Prov. Maluku Utara,270000,18,2,227,12,11,1,1,36,30 Apr 2026 06:58:42,2B409AAC03F815A72BAA
SD INPRES BERTINGKAT,60201770,SD,Negeri,Kec. Tobelo,270401,Kab. halmahera Utara,270400,Prov. Maluku Utara,270000,15,2,205,9,7,0,1,17,20 Apr 2026 22:37:10,F2FD01F74A9092DAE929
SD INPRES GAMSUNGI,60201779,SD,Negeri,Kec. Tobelo,270401,Kab. halmahera Utara,270400,Prov. Maluku Utara,270000,16,1,297,12,10,0,1,17,28 Apr 2026 22:56:34,95C93F4A12EF44BE9EBD
SD INPRES WARI,60201816,SD,Negeri,Kec. Tobelo,270401,Kab. halmahera Utara,270400,Prov. Maluku Utara,270000,10,1,166,8,9,0,1,8,28 Apr 2026 04:29:38,F8C438183597EF5AFAD5
SD NEGERI 1 TOBELO,60201835,SD,Negeri,Kec. Tobelo,270401,Kab. halmahera Utara,270400,Prov. Maluku Utara,270000,23,1,325,12,12,0,1,16,25 Feb 2026 09:58:20,49EB7185A83B86641C97
SD NEGERI 2 TOBELO,60201837,SD,Negeri,Kec. Tobelo,270401,Kab. halmahera Utara,270400,Prov. Maluku Utara,270000,12,1,89,6,7,2,1,8,16 Mar 2026 06:41:44,5702E12CE5C43AD40841
SD NEGERI 3 TOBELO,60201838,SD,Negeri,Kec. Tobelo,270401,Kab. halmahera Utara,270400,Prov. Maluku Utara,270000,10,1,152,7,4,0,1,18,13 Mar 2026 09:11:50,9824B14853E038E73715
SD NEGERI 4 TOBELO,60203642,SD,Negeri,Kec. Tobelo,270401,Kab. halmahera Utara,270400,Prov. Maluku Utara,270000,17,1,272,12,12,0,1,18,14 Apr 2026 14:54:38,49DB3DB580D5A8B220AA
SD NEGERI 5 TOBELO,69903912,SD,Negeri,Kec. Tobelo,270401,Kab. halmahera Utara,270400,Prov. Maluku Utara,270000,8,2,23,6,6,0,0,29,10 Mar 2026 07:27:50,97AA9568708C11AF58E2
SD NEGERI TAGALAYA,60201855,SD,Negeri,Kec. Tobelo,270401,Kab. halmahera Utara,270400,Prov. Maluku Utara,270000,9,1,55,6,6,0,1,19,27 Apr 2026 22:06:42,345A39E0664209ACC62B
SD ADVENT PUNE,69787397,SD,Swasta,Kec. Tobelo,270401,Kab. halmahera Utara,270400,Prov. Maluku Utara,270000,5,2,113,6,6,0,0,26,27 Apr 2026 08:10:53,E7869F4EB40D31472FA6
SD AL KHAIRAAT TOBELO,60201712,SD,Swasta,Kec. Tobelo,270401,Kab. halmahera Utara,270400,Prov. Maluku Utara,270000,5,1,219,8,7,0,0,24,30 Apr 2026 10:38:43,8BD7C220D615FF21374E
SD ALKHAIRAAT 2 TOBELO,60202844,SD,Swasta,Kec. Tobelo,270401,Kab. halmahera Utara,270400,Prov. Maluku Utara,270000,4,3,147,6,3,0,0,53,10 Apr 2026 02:53:10,9564C861DCE5F3E8CDDE
SD AN NUR GURA,60201715,SD,Swasta,Kec. Tobelo,270401,Kab. halmahera Utara,270400,Prov. Maluku Utara,270000,7,2,193,6,7,0,1,16,04 Mar 2026 09:11:35,8ECF7C677DD2AEFD22D7
SD GMIH 1 TOBELO,60201717,SD,Swasta,Kec. Tobelo,270401,Kab. halmahera Utara,270400,Prov. Maluku Utara,270000,5,1,69,6,6,0,1,9,12 Mar 2026 05:51:55,BFEE9D4DCC988942178C
SD GMIH 2 TOBELO,60201718,SD,Swasta,Kec. Tobelo,270401,Kab. halmahera Utara,270400,Prov. Maluku Utara,270000,6,1,101,6,6,0,1,24,11 Apr 2026 13:34:36,59AF61D7D8ED257FC3C1
SD GMIH 3 TOBELO,60201719,SD,Swasta,Kec. Tobelo,270401,Kab. halmahera Utara,270400,Prov. Maluku Utara,270000,7,1,187,11,7,0,1,38,30 Apr 2026 10:00:39,FBCDB8C06318EE39A241
SD GMIH 4 TOBELO,60201720,SD,Swasta,Kec. Tobelo,270401,Kab. halmahera Utara,270400,Prov. Maluku Utara,270000,16,1,310,13,13,0,1,30,08 Apr 2026 11:45:59,BB66D9D9DBCFBDE1973D
SD GMIH KAKARA A,60201738,SD,Swasta,Kec. Tobelo,270401,Kab. halmahera Utara,270400,Prov. Maluku Utara,270000,7,1,101,6,6,0,1,25,02 May 2026 16:28:54,3CCEB166B233CB405F85
SD GMIH KUMO,60201741,SD,Swasta,Kec. Tobelo,270401,Kab. halmahera Utara,270400,Prov. Maluku Utara,270000,2,1,31,6,6,0,1,11,07 Feb 2026 12:19:51,F9F5B57E27595A6391A5
SD HEIN NAMOTEMO,69916422,SD,Swasta,Kec. Tobelo,270401,Kab. halmahera Utara,270400,Prov. Maluku Utara,270000,6,2,101,6,6,1,1,22,01 May 2026 18:11:09,8CC0CC63A2431520FEF6
SD ISLAM TERPADU AL-KHAIRAAT TOBELO,70040475,SD,Swasta,Kec. Tobelo,270401,Kab. halmahera Utara,270400,Prov. Maluku Utara,270000,0,1,40,4,3,0,0,30,10 Apr 2026 15:35:22,CE0FB4E94026532689F4
SD ISLAMIYAH 1 TOBELO,60201829,SD,Swasta,Kec. Tobelo,270401,Kab. halmahera Utara,270400,Prov. Maluku Utara,270000,11,1,204,8,17,0,1,72,22 Apr 2026 15:34:38,927C88E84BD9BAE30FAD
SD KRISTEN TUNAS ANUGERAH TOBELO,69880554,SD,Swasta,Kec. Tobelo,270401,Kab. halmahera Utara,270400,Prov. Maluku Utara,270000,5,1,86,6,6,0,1,22,20 Apr 2026 21:41:19,823192D47136CDAB07B4
SD NASKAT B. T. 1 TOBELO,60200258,SD,Swasta,Kec. Tobelo,270401,Kab. halmahera Utara,270400,Prov. Maluku Utara,270000,2,2,44,6,6,0,1,14,01 May 2026 08:48:33,6E1DCC8B4057EA031C39
SD NASKAT B. T. 2 TOBELO,60201862,SD,Swasta,Kec. Tobelo,270401,Kab. halmahera Utara,270400,Prov. Maluku Utara,270000,6,1,130,6,6,1,1,14,04 Mar 2026 06:24:54,96D00AD7DA101DFF74F6
SD NASKAT B. T. 3 TOBELO,60202856,SD,Swasta,Kec. Tobelo,270401,Kab. halmahera Utara,270400,Prov. Maluku Utara,270000,6,1,88,6,6,0,0,16,23 Apr 2026 13:00:49,EBF1384DDE4865B4BF08
SDS MANGGALA PERKASA,69762742,SD,Swasta,Kec. Tobelo,270401,Kab. halmahera Utara,270400,Prov. Maluku Utara,270000,10,2,198,10,11,0,1,18,02 Apr 2026 10:18:22,65D2EDEA628FB566A890
Sekolah Rakyat Menengah Pertama 32 Halmahera Utara,70055414,SMP,Negeri,Kec. Tobelo,270401,Kab. halmahera Utara,270400,Prov. Maluku Utara,270000,6,2,45,2,2,1,1,20,14 Apr 2026 05:21:50,165B5823120CCB1AD5F5
SMP NEGERI 1 HALMAHERA UTARA,60200276,SMP,Negeri,Kec. Tobelo,270401,Kab. halmahera Utara,270400,Prov. Maluku Utara,270000,72,6,1040,30,30,2,1,40,21 Apr 2026 21:20:32,72353961B651A61250FB
SMP NEGERI 29 HALMAHERA UTARA,60201914,SMP,Negeri,Kec. Tobelo,270401,Kab. halmahera Utara,270400,Prov. Maluku Utara,270000,7,1,41,3,6,1,1,22,03 Mar 2026 04:10:38,878143594355CACAC7FE
SMP NEGERI 6 SATU ATAP KAKARA,60202871,SMP,Negeri,Kec. Tobelo,270401,Kab. halmahera Utara,270400,Prov. Maluku Utara,270000,16,3,60,3,4,3,1,11,03 Mar 2026 11:31:17,F8E6DAB6654F0EF6B9AD
SMP ADVENT TOBELO,69787398,SMP,Swasta,Kec. Tobelo,270401,Kab. halmahera Utara,270400,Prov. Maluku Utara,270000,5,1,99,5,3,1,1,16,14 Apr 2026 07:51:46,7A47D05A0453ACDCD5FE
SMP ALEGAN TOBELO,69994953,SMP,Swasta,Kec. Tobelo,270401,Kab. halmahera Utara,270400,Prov. Maluku Utara,270000,5,2,68,3,4,0,1,17,10 Apr 2026 07:58:13,9291C5BDC8A85BB2809B
SMP BINTANG LAUT TOBELO,60201891,SMP,Swasta,Kec. Tobelo,270401,Kab. halmahera Utara,270400,Prov. Maluku Utara,270000,3,1,75,3,4,2,1,24,24 Apr 2026 15:20:15,D1DF2A9EDE26992360C9
SMP GOTONG ROYONG TOBELO,60202868,SMP,Swasta,Kec. Tobelo,270401,Kab. halmahera Utara,270400,Prov. Maluku Utara,270000,0,1,69,4,3,1,0,13,22 Apr 2026 12:05:50,BB205BEAB9568379BAC4
SMP HEIN NAMOTEMO,69916427,SMP,Swasta,Kec. Tobelo,270401,Kab. halmahera Utara,270400,Prov. Maluku Utara,270000,6,0,53,3,3,0,0,14,06 Apr 2026 18:43:03,7BC38A658001AF02F088
SMP ISLAM TOBELO,60201894,SMP,Swasta,Kec. Tobelo,270401,Kab. halmahera Utara,270400,Prov. Maluku Utara,270000,4,1,42,3,5,1,1,10,30 Apr 2026 12:04:48,50BEA475811AE5A408B4
SMP KRISTEN TOBELO,60201900,SMP,Swasta,Kec. Tobelo,270401,Kab. halmahera Utara,270400,Prov. Maluku Utara,270000,10,3,304,10,12,2,1,23,24 Mar 2026 07:38:56,4AF976AE5408026099E6
SMP MANGGALA PERKASA,69954508,SMP,Swasta,Kec. Tobelo,270401,Kab. halmahera Utara,270400,Prov. Maluku Utara,270000,4,2,129,5,5,1,1,27,23 Apr 2026 19:08:38,9060FEF4125234DCBE17
SMP MAREN TOBELO,70008699,SMP,Swasta,Kec. Tobelo,270401,Kab. halmahera Utara,270400,Prov. Maluku Utara,270000,0,0,0,0,0,0,0,0,,566C20345FCC710667E2
SMP MUHAMMADYAH TOBELO,60201903,SMP,Swasta,Kec. Tobelo,270401,Kab. halmahera Utara,270400,Prov. Maluku Utara,270000,4,0,35,3,6,2,1,24,27 Apr 2026 12:25:06,C5ECED5ED55EFF46D67F
SMP NUSANTARA TOBELO,60203707,SMP,Swasta,Kec. Tobelo,270401,Kab. halmahera Utara,270400,Prov. Maluku Utara,270000,1,0,73,3,3,2,1,42,02 May 2026 10:55:40,316BA254ACC9C6B9DAF3
SMPS LABORATORIUM UNIERA,69762734,SMP,Swasta,Kec. Tobelo,270401,Kab. halmahera Utara,270400,Prov. Maluku Utara,270000,8,1,71,3,3,0,0,22,02 May 2026 05:44:54,D07DE285CEA17CD6F458
SMA NEGERI 1 HALMAHERA UTARA,60200296,SMA,Negeri,Kec. Tobelo,270401,Kab. halmahera Utara,270400,Prov. Maluku Utara,270000,43,9,1110,31,29,2,1,158,30 Apr 2026 03:56:32,CBBA3A5FCE8065FF97F1
SMA NEGERI 6 HALMAHERA UTARA,60201918,SMA,Negeri,Kec. Tobelo,270401,Kab. halmahera Utara,270400,Prov. Maluku Utara,270000,48,7,1056,29,34,5,1,95,25 Apr 2026 10:34:11,85DC2E652D738FA3B1A2
SMAS KRISTEN TOBELO,60201922,SMA,Swasta,Kec. Tobelo,270401,Kab. halmahera Utara,270400,Prov. Maluku Utara,270000,28,5,556,17,20,4,1,76,30 Apr 2026 10:39:30,5A5B37275DCEF1722D0C
SMAS MUHAMMADIYAH TOBELO,60201925,SMA,Swasta,Kec. Tobelo,270401,Kab. halmahera Utara,270400,Prov. Maluku Utara,270000,9,1,60,6,6,3,1,22,27 Apr 2026 12:43:04,104792E8CB00C867B635
SMK NEGERI 1 HALMAHERA UTARA,60201933,SMK,Negeri,Kec. Tobelo,270401,Kab. halmahera Utara,270400,Prov. Maluku Utara,270000,33,8,165,10,19,3,1,66,30 Apr 2026 16:36:12,2AE0FF39042C575C33EE
SMK ASIMA RAHIM HAMID,69900192,SMK,Swasta,Kec. Tobelo,270401,Kab. halmahera Utara,270400,Prov. Maluku Utara,270000,8,2,87,6,2,1,0,43,24 Apr 2026 18:59:42,7F280EF8D2BFD4560846
SMK HEIN NAMOTEMO,69918596,SMK,Swasta,Kec. Tobelo,270401,Kab. halmahera Utara,270400,Prov. Maluku Utara,270000,4,2,57,3,2,0,0,12,16 Apr 2026 06:05:38,68411C14A9A010ABC124
SMK MAKARIWO TOBELO,69986569,SMK,Swasta,Kec. Tobelo,270401,Kab. halmahera Utara,270400,Prov. Maluku Utara,270000,5,1,31,6,6,0,0,16,02 Apr 2026 02:29:27,184DEE486503D79D91BA
SMK MAREN GALELA,69945337,SMK,Swasta,Kec. Tobelo,270401,Kab. halmahera Utara,270400,Prov. Maluku Utara,270000,4,3,32,3,8,0,0,13,25 Jan 2026 14:39:28,9C3152974996ABA17A4C
SMKS AL KHAIRAAT TOBELO,60201932,SMK,Swasta,Kec. Tobelo,270401,Kab. halmahera Utara,270400,Prov. Maluku Utara,270000,5,1,123,3,8,4,0,20,22 Apr 2026 16:01:37,64D9CF86F6163DC22BE1
SMKS GOTONG ROYONG TOBELO,60201931,SMK,Swasta,Kec. Tobelo,270401,Kab. halmahera Utara,270400,Prov. Maluku Utara,270000,5,1,146,9,13,2,1,37,23 Apr 2026 09:23:47,844E306ED9343A490C1F
SMKS ISLAM TOBELO,69759141,SMK,Swasta,Kec. Tobelo,270401,Kab. halmahera Utara,270400,Prov. Maluku Utara,270000,9,3,78,3,3,1,1,22,30 Apr 2026 17:07:41,5E19851644FD8FB85535
SMKS NUSANTARA TOBELO,60201934,SMK,Swasta,Kec. Tobelo,270401,Kab. halmahera Utara,270400,Prov. Maluku Utara,270000,22,2,612,21,19,1,0,51,30 Apr 2026 05:57:08,9C6113E20DDBB9FF2CF2
SMKS PELAYARAN MEGA BAHARI,69990859,SMK,Swasta,Kec. Tobelo,270401,Kab. halmahera Utara,270400,Prov. Maluku Utara,270000,4,2,21,5,7,0,0,13,30 Apr 2026 08:34:28,EC00E0F68B0033D360AE
SMKS PENABUR TOBELO,69762739,SMK,Swasta,Kec. Tobelo,270401,Kab. halmahera Utara,270400,Prov. Maluku Utara,270000,7,1,44,5,3,1,1,33,30 Apr 2026 19:27:18,DBCD0A545C1C20940303
SMKS PERCIS HALMAHERA,60203708,SMK,Swasta,Kec. Tobelo,270401,Kab. halmahera Utara,270400,Prov. Maluku Utara,270000,4,1,122,4,4,3,1,47,27 Apr 2026 07:54:51,A22F635B72ED981C6EEF
SD INPRES PEDIWANG,60200373,SD,Negeri,Kec. Kao Utara,270420,Kab. halmahera Utara,270400,Prov. Maluku Utara,270000,6,1,98,6,6,0,0,9,23 Apr 2026 18:47:27,AA2C7318874571C1ADEF
SD INPRES TUNUO,60200246,SD,Negeri,Kec. Kao Utara,270420,Kab. halmahera Utara,270400,Prov. Maluku Utara,270000,7,1,127,6,6,0,1,10,05 Mar 2026 08:11:48,ECD0A135ADDE7E420A7C
SD INPRES WATETO,60200343,SD,Negeri,Kec. Kao Utara,270420,Kab. halmahera Utara,270400,Prov. Maluku Utara,270000,10,1,126,6,7,0,1,9,14 Mar 2026 08:09:13,56FF2BCD53D0CC4F11FC
SD NEGERI BORI,60203062,SD,Negeri,Kec. Kao Utara,270420,Kab. halmahera Utara,270400,Prov. Maluku Utara,270000,8,1,91,6,6,0,1,8,29 Apr 2026 06:44:45,5A0DC0D78C8834586501
SD NEGERI BOULAMO,69733867,SD,Negeri,Kec. Kao Utara,270420,Kab. halmahera Utara,270400,Prov. Maluku Utara,270000,9,1,42,6,5,0,1,13,13 Apr 2026 18:45:00,F4A1A2F03F287AE3A571
SD Negeri Daru,69909675,SD,Negeri,Kec. Kao Utara,270420,Kab. halmahera Utara,270400,Prov. Maluku Utara,270000,16,1,70,6,3,0,0,24,22 Apr 2026 15:10:06,54E2CF2894C71DE3774E
SD NEGERI DORO,70042685,SD,Negeri,Kec. Kao Utara,270420,Kab. halmahera Utara,270400,Prov. Maluku Utara,270000,4,1,27,3,3,0,0,8,22 Mar 2026 13:54:25,E2552B57553D9A2AF9C9
SD NEGERI DOWONGIMAITI,60200264,SD,Negeri,Kec. Kao Utara,270420,Kab. halmahera Utara,270400,Prov. Maluku Utara,270000,7,1,51,6,6,0,0,7,04 Mar 2026 19:18:00,81E345CFB2B93A6F2C5F
SD NEGERI GULO,60200267,SD,Negeri,Kec. Kao Utara,270420,Kab. halmahera Utara,270400,Prov. Maluku Utara,270000,6,1,136,6,6,0,0,18,02 May 2026 18:03:08,22F934CA46DB5EEB6CEF
SD NEGERI WARUDU,60202864,SD,Negeri,Kec. Kao Utara,270420,Kab. halmahera Utara,270400,Prov. Maluku Utara,270000,9,1,41,6,4,0,0,24,27 Apr 2026 20:52:08,1AD98BC7F410563CBD2B
SD ADVENT BORI,69984541,SD,Swasta,Kec. Kao Utara,270420,Kab. halmahera Utara,270400,Prov. Maluku Utara,270000,6,2,129,6,6,0,0,24,31 Mar 2026 19:06:48,AE7FDC77AF0BBED43F4D
SD GMIH BOBALE,60201724,SD,Swasta,Kec. Kao Utara,270420,Kab. halmahera Utara,270400,Prov. Maluku Utara,270000,4,1,77,6,6,0,1,31,20 Apr 2026 09:44:43,CB37D3430E98671EF924
SD GMIH DARU,60200253,SD,Swasta,Kec. Kao Utara,270420,Kab. halmahera Utara,270400,Prov. Maluku Utara,270000,4,1,158,6,8,0,1,17,02 Mar 2026 08:15:35,BA0A39F0E1A5D8D465C4
SD GMIH DORO,60200254,SD,Swasta,Kec. Kao Utara,270420,Kab. halmahera Utara,270400,Prov. Maluku Utara,270000,4,1,161,6,10,0,1,32,24 Apr 2026 09:31:47,256D2E1C1B57EBFC04A7
SD GMIH GAMLAHA,60200255,SD,Swasta,Kec. Kao Utara,270420,Kab. halmahera Utara,270400,Prov. Maluku Utara,270000,2,1,140,6,6,0,0,24,02 May 2026 18:25:27,5D96EAF0D11829FC3ABD
SD GMIH PEDIWANG,60201748,SD,Swasta,Kec. Kao Utara,270420,Kab. halmahera Utara,270400,Prov. Maluku Utara,270000,3,1,99,6,6,0,0,8,24 Feb 2026 18:44:24,2E4C2657B537C5AC10D0
SMP NEGERI 16 HALMAHERA UTARA,60200283,SMP,Negeri,Kec. Kao Utara,270420,Kab. halmahera Utara,270400,Prov. Maluku Utara,270000,16,4,252,9,10,3,3,23,27 Apr 2026 09:19:37,01BD5A028AE1320E6CCD
SMP NEGERI SATU ATAP BOBALE,70007527,SMP,Negeri,Kec. Kao Utara,270420,Kab. halmahera Utara,270400,Prov. Maluku Utara,270000,12,2,60,3,2,0,0,50,28 Apr 2026 07:06:31,05B0F28AE22250DA74F6
SMP ADVENT BORI,70040007,SMP,Swasta,Kec. Kao Utara,270420,Kab. halmahera Utara,270400,Prov. Maluku Utara,270000,4,1,81,3,3,0,0,14,31 Mar 2026 19:19:35,FED3230F95A8103BCC6D
SMP KRISTEN GEORGE RORIWO,70034146,SMP,Swasta,Kec. Kao Utara,270420,Kab. halmahera Utara,270400,Prov. Maluku Utara,270000,8,1,74,3,3,0,0,28,31 Mar 2026 19:30:24,7CC2E41920786FA666BB
SMP KRISTEN PEDIWANG,60201898,SMP,Swasta,Kec. Kao Utara,270420,Kab. halmahera Utara,270400,Prov. Maluku Utara,270000,7,1,176,7,9,2,0,16,10 Mar 2026 08:05:08,D7F9C97A2B890DD89731
SMA NEGERI 11 HALMAHERA UTARA,60202874,SMA,Negeri,Kec. Kao Utara,270420,Kab. halmahera Utara,270400,Prov. Maluku Utara,270000,20,5,259,9,11,4,1,115,02 May 2026 05:18:38,34C1A382500746BDEF21
SMK BINA TALENTA HALMAHERA UTARA,69903920,SMK,Swasta,Kec. Kao Utara,270420,Kab. halmahera Utara,270400,Prov. Maluku Utara,270000,8,1,63,6,3,3,0,17,22 Apr 2026 13:06:04,C22DD80B308D8CBC009A
SD INPRES LELESENG,60200377,SD,Negeri,Kec. Kao Barat,270421,Kab. halmahera Utara,270400,Prov. Maluku Utara,270000,11,1,62,7,4,0,0,17,27 Mar 2026 17:41:02,9BA2BC79EA976F9156D0
SD INPRES TOLIWANG A,60200355,SD,Negeri,Kec. Kao Barat,270421,Kab. halmahera Utara,270400,Prov. Maluku Utara,270000,5,2,98,7,6,1,0,23,27 Apr 2026 11:16:10,8A6A9AC16A48802B7B36
SD INPRES TOLIWANG B,60200356,SD,Negeri,Kec. Kao Barat,270421,Kab. halmahera Utara,270400,Prov. Maluku Utara,270000,5,2,25,6,5,0,1,19,03 Apr 2026 21:15:31,FCA4C21670E5DC01BF25
SD INPRES TOLIWANG C,60200357,SD,Negeri,Kec. Kao Barat,270421,Kab. halmahera Utara,270400,Prov. Maluku Utara,270000,10,1,85,6,9,0,1,26,18 Apr 2026 08:55:39,68B40EBD724CFDC6CDE9
SD INPRES TOLIWANG D,60200358,SD,Negeri,Kec. Kao Barat,270421,Kab. halmahera Utara,270400,Prov. Maluku Utara,270000,7,3,67,6,6,0,1,11,06 Mar 2026 21:42:07,EED728149FF80A5732F4
SD INPRES TOLIWANG E,60200354,SD,Negeri,Kec. Kao Barat,270421,Kab. halmahera Utara,270400,Prov. Maluku Utara,270000,7,1,39,6,6,0,1,7,12 Mar 2026 12:42:10,568296AB9E29F03C0331
SD NEGERI BAILENGIT,60200260,SD,Negeri,Kec. Kao Barat,270421,Kab. halmahera Utara,270400,Prov. Maluku Utara,270000,12,1,135,8,6,0,1,51,21 Apr 2026 17:43:25,EC99BF417967CAD07DA2
SD NEGERI KAI,69895854,SD,Negeri,Kec. Kao Barat,270421,Kab. halmahera Utara,270400,Prov. Maluku Utara,270000,7,1,69,6,6,0,1,30,26 Apr 2026 16:49:25,6EDA8E0A73850BEDEFF6
SD NEGERI NGOALI,60200237,SD,Negeri,Kec. Kao Barat,270421,Kab. halmahera Utara,270400,Prov. Maluku Utara,270000,11,1,113,9,6,0,0,29,28 Mar 2026 09:20:43,47BFF391CA580C14610E
SD NEGERI PITAGO,60200235,SD,Negeri,Kec. Kao Barat,270421,Kab. halmahera Utara,270400,Prov. Maluku Utara,270000,8,1,70,6,6,0,1,17,11 Mar 2026 16:28:04,5BED3E96A98F2A3A3D03
SD NEGERI TAKIMO,60203787,SD,Negeri,Kec. Kao Barat,270421,Kab. halmahera Utara,270400,Prov. Maluku Utara,270000,7,1,38,6,6,0,1,13,04 Mar 2026 13:02:44,95018484EFA24E57C551
SD NEGERI TOBOULAMO,60200243,SD,Negeri,Kec. Kao Barat,270421,Kab. halmahera Utara,270400,Prov. Maluku Utara,270000,8,1,45,6,6,0,0,24,27 Mar 2026 13:44:52,77519899E81939B0F452
SD NEGERI TOLABIT,60200244,SD,Negeri,Kec. Kao Barat,270421,Kab. halmahera Utara,270400,Prov. Maluku Utara,270000,8,1,47,6,6,0,0,15,11 Mar 2026 12:48:40,F947571BDC7846F8A122
SD NEGERI TOLIWANG,69787391,SD,Negeri,Kec. Kao Barat,270421,Kab. halmahera Utara,270400,Prov. Maluku Utara,270000,9,0,84,7,6,0,1,70,27 Apr 2026 10:57:09,C7E7FD464A089AC15DB9
SD NEGERI TUGUIS PARSEBA,60200245,SD,Negeri,Kec. Kao Barat,270421,Kab. halmahera Utara,270400,Prov. Maluku Utara,270000,13,1,95,6,5,0,1,10,25 Apr 2026 09:37:44,FAAB73757759077191C1
SD GMIH KAI,60201735,SD,Swasta,Kec. Kao Barat,270421,Kab. halmahera Utara,270400,Prov. Maluku Utara,270000,2,1,0,0,0,0,0,0,,A509F809BB8FDC2A3BA9
SD GMIH LELESENG,60202847,SD,Swasta,Kec. Kao Barat,270421,Kab. halmahera Utara,270400,Prov. Maluku Utara,270000,4,1,71,6,4,0,0,39,10 Apr 2026 15:55:39,A7E54BD4F97C10CAAD22
SD GMIH SOAMAETEK,60200316,SD,Swasta,Kec. Kao Barat,270421,Kab. halmahera Utara,270400,Prov. Maluku Utara,270000,2,1,74,6,8,0,1,22,29 Apr 2026 13:12:04,5F69941D92DAD9B72690
SMP NEGERI 22 HALMAHERA UTARA,69967311,SMP,Negeri,Kec. Kao Barat,270421,Kab. halmahera Utara,270400,Prov. Maluku Utara,270000,11,1,123,6,6,2,0,159,02 May 2026 17:51:22,AC2D70AD3EA2BEE03F01
SMP NEGERI 4 SATU ATAP TOLIWANG,60201910,SMP,Negeri,Kec. Kao Barat,270421,Kab. halmahera Utara,270400,Prov. Maluku Utara,270000,13,3,83,3,6,0,0,36,01 May 2026 06:02:36,114BCB26AAF4A5EE74D0
SMP NEGERI 9 HALMAHERA UTARA,60200278,SMP,Negeri,Kec. Kao Barat,270421,Kab. halmahera Utara,270400,Prov. Maluku Utara,270000,13,3,109,6,4,2,1,32,25 Mar 2026 15:22:21,E1E2F2175B0DC135FBE7
SMP NEGERI SATU ATAP NGOALI,69882381,SMP,Negeri,Kec. Kao Barat,270421,Kab. halmahera Utara,270400,Prov. Maluku Utara,270000,10,4,47,3,3,0,1,30,11 Apr 2026 06:30:55,7841263D75134C14F044
SMP NEGERI SATU ATAP TOBOULAMO,69900193,SMP,Negeri,Kec. Kao Barat,270421,Kab. halmahera Utara,270400,Prov. Maluku Utara,270000,11,3,43,3,3,1,0,28,22 Apr 2026 08:37:04,1E157E0280C414B1CCDE
SMP KRISTEN SOAMAETEK,60201896,SMP,Swasta,Kec. Kao Barat,270421,Kab. halmahera Utara,270400,Prov. Maluku Utara,270000,5,1,53,3,6,1,0,19,29 Apr 2026 13:45:01,B0A9A32963335FB17B76
SMA NEGERI 12 HALMAHERA UTARA,69893375,SMA,Negeri,Kec. Kao Barat,270421,Kab. halmahera Utara,270400,Prov. Maluku Utara,270000,16,1,142,6,6,3,1,79,30 Apr 2026 14:32:46,595CBC9DE3B321CA9869
SMA PADORA,69880555,SMA,Swasta,Kec. Kao Barat,270421,Kab. halmahera Utara,270400,Prov. Maluku Utara,270000,10,1,149,6,1,6,0,35,25 Apr 2026 04:26:09,DB4D0CF462D3F24BFC1F
SMKS BINA INSANI,60724612,SMK,Swasta,Kec. Kao Barat,270421,Kab. halmahera Utara,270400,Prov. Maluku Utara,270000,12,3,117,5,5,0,1,63,25 Apr 2026 08:34:06,2D2BD27A20F81360CA09
SD INPRES GAMHOKU,60201778,SD,Negeri,Kec. Tobelo Selatan,270402,Kab. halmahera Utara,270400,Prov. Maluku Utara,270000,12,1,161,10,12,1,1,14,15 Apr 2026 14:04:07,0FF85A7E0CF87386C66A
SD INPRES KUPA-KUPA,60201782,SD,Negeri,Kec. Tobelo Selatan,270402,Kab. halmahera Utara,270400,Prov. Maluku Utara,270000,11,1,160,8,10,0,3,13,10 Apr 2026 06:43:18,972D40D2BA8B6095F7D2
SD INPRES LELEOTO,60201784,SD,Negeri,Kec. Tobelo Selatan,270402,Kab. halmahera Utara,270400,Prov. Maluku Utara,270000,9,1,113,6,6,0,1,18,08 Apr 2026 06:27:43,FA9FA7DDB9D6E8AAEC8D
SD INPRES TALAGA PACA,60201806,SD,Negeri,Kec. Tobelo Selatan,270402,Kab. halmahera Utara,270400,Prov. Maluku Utara,270000,10,1,72,6,6,0,0,49,27 Apr 2026 22:56:49,8794D47E5654AE58CDD0
SD NEGERI LEMAHINO,69900195,SD,Negeri,Kec. Tobelo Selatan,270402,Kab. halmahera Utara,270400,Prov. Maluku Utara,270000,9,1,70,6,6,0,0,12,11 Mar 2026 07:48:22,2FAEC6DB011C2B3C97E7
SD NEGERI PACA,70006133,SD,Negeri,Kec. Tobelo Selatan,270402,Kab. halmahera Utara,270400,Prov. Maluku Utara,270000,8,1,119,5,6,0,1,9,24 Apr 2026 08:13:00,49C2003CC82622AAAE6D
SD NEGERI TIOUA,69899117,SD,Negeri,Kec. Tobelo Selatan,270402,Kab. halmahera Utara,270400,Prov. Maluku Utara,270000,8,1,63,6,6,0,0,26,29 Apr 2026 08:10:24,A1CAA5B68174F7C9D880
SD NEGERI TOMAHALU,60201857,SD,Negeri,Kec. Tobelo Selatan,270402,Kab. halmahera Utara,270400,Prov. Maluku Utara,270000,11,1,107,6,3,0,1,17,14 Apr 2026 05:43:08,879D0746F59FB8B641BD
SD GMIH EFI-EFI,60201731,SD,Swasta,Kec. Tobelo Selatan,270402,Kab. halmahera Utara,270400,Prov. Maluku Utara,270000,6,1,177,6,9,0,1,15,17 Apr 2026 03:06:35,12C365BB1FDFCBD3C3D2
SD GMIH GAMHOKU,60201732,SD,Swasta,Kec. Tobelo Selatan,270402,Kab. halmahera Utara,270400,Prov. Maluku Utara,270000,4,1,93,6,5,0,1,21,24 Apr 2026 12:00:51,273F266422E0C5E2A077
SD GMIH KAKARA B,60201737,SD,Swasta,Kec. Tobelo Selatan,270402,Kab. halmahera Utara,270400,Prov. Maluku Utara,270000,3,1,65,6,6,0,1,16,28 Apr 2026 16:09:01,9D37FEE0A82F66B3E4D2
SD GMIH KUPA-KUPA,60201742,SD,Swasta,Kec. Tobelo Selatan,270402,Kab. halmahera Utara,270400,Prov. Maluku Utara,270000,6,1,134,6,6,0,1,11,09 Apr 2026 08:05:31,AFA51667B012EEF57EB7
SD GMIH PACA,60201746,SD,Swasta,Kec. Tobelo Selatan,270402,Kab. halmahera Utara,270400,Prov. Maluku Utara,270000,4,1,102,6,6,0,1,16,17 Apr 2026 06:16:22,BC097B01C02EBBB13FE6
SD GMIH TOBE,60201762,SD,Swasta,Kec. Tobelo Selatan,270402,Kab. halmahera Utara,270400,Prov. Maluku Utara,270000,7,1,58,6,6,0,1,24,15 Apr 2026 11:58:44,ECC72FE46CE4C0682296
SD KGBI LELEOTO,60201830,SD,Swasta,Kec. Tobelo Selatan,270402,Kab. halmahera Utara,270400,Prov. Maluku Utara,270000,4,1,30,6,6,0,0,17,07 Apr 2026 18:56:26,77DA67C4E0EC3B7AD21F
SMP NEGERI 11 HALMAHERA UTARA,60201908,SMP,Negeri,Kec. Tobelo Selatan,270402,Kab. halmahera Utara,270400,Prov. Maluku Utara,270000,18,3,256,9,9,3,2,31,25 Apr 2026 06:24:38,C6CA74D906E8153B8EDD
SMP NEGERI 23 HALMAHERA UTARA,69965156,SMP,Negeri,Kec. Tobelo Selatan,270402,Kab. halmahera Utara,270400,Prov. Maluku Utara,270000,15,3,127,6,6,0,1,20,15 Apr 2026 08:06:03,E0A859AEEC0944AE9788
SMP NEGERI 7 HALMAHERA UTARA,60201905,SMP,Negeri,Kec. Tobelo Selatan,270402,Kab. halmahera Utara,270400,Prov. Maluku Utara,270000,23,6,376,14,13,2,1,38,23 Apr 2026 08:04:36,44678EF627BB8BEAF7BC
SMA NEGERI 5 HALMAHERA UTARA,60201927,SMA,Negeri,Kec. Tobelo Selatan,270402,Kab. halmahera Utara,270400,Prov. Maluku Utara,270000,36,4,524,16,18,3,1,67,28 Apr 2026 11:08:32,1EAFFFB3A54E424863BD
SMAS BPD TOBELO SELATAN,60724613,SMA,Swasta,Kec. Tobelo Selatan,270402,Kab. halmahera Utara,270400,Prov. Maluku Utara,270000,3,1,112,4,6,5,1,18,25 Apr 2026 05:44:34,A0ED5F874C5879584FE7
SMK VICTORY HALMAHERA,69882351,SMK,Swasta,Kec. Tobelo Selatan,270402,Kab. halmahera Utara,270400,Prov. Maluku Utara,270000,4,2,63,3,6,1,1,62,29 Apr 2026 18:42:07,38ECA8578E4A33469EA8
SD INPRES APULEA,60201767,SD,Negeri,Kec. Loloda Utara,270408,Kab. halmahera Utara,270400,Prov. Maluku Utara,270000,9,1,34,6,6,0,1,19,07 Apr 2026 10:20:56,9BDB74802C2571858C20
SD INPRES DOITIA,60201776,SD,Negeri,Kec. Loloda Utara,270408,Kab. halmahera Utara,270400,Prov. Maluku Utara,270000,8,1,76,6,6,0,0,11,22 Apr 2026 11:32:09,10C8E0A9D4EE33142FA5
SD INPRES MAMOJIU,60201786,SD,Negeri,Kec. Loloda Utara,270408,Kab. halmahera Utara,270400,Prov. Maluku Utara,270000,7,1,37,6,4,0,0,10,06 Mar 2026 11:02:40,0A08038EE1266B65D187
SD INPRES NGAJAM,60201792,SD,Negeri,Kec. Loloda Utara,270408,Kab. halmahera Utara,270400,Prov. Maluku Utara,270000,7,1,93,6,7,0,1,12,27 Mar 2026 10:09:03,DB16A78F601D9EE77ED5
SD INPRES POSI-POSI,60201797,SD,Negeri,Kec. Loloda Utara,270408,Kab. halmahera Utara,270400,Prov. Maluku Utara,270000,6,1,65,6,6,0,1,12,31 Mar 2026 08:01:45,EEEB6BB1CB850BA77064
SD INPRES TATE,60201808,SD,Negeri,Kec. Loloda Utara,270408,Kab. halmahera Utara,270400,Prov. Maluku Utara,270000,9,0,68,6,8,0,1,23,01 May 2026 20:29:16,1962BD97E57D1EE64719
SD INPRES TERU TERU,60201809,SD,Negeri,Kec. Loloda Utara,270408,Kab. halmahera Utara,270400,Prov. Maluku Utara,270000,12,1,44,6,6,1,1,16,15 Apr 2026 11:37:00,42B2EFADA7361FBAFF7A
SD NEGERI GISI,60201845,SD,Negeri,Kec. Loloda Utara,270408,Kab. halmahera Utara,270400,Prov. Maluku Utara,270000,13,1,68,6,6,0,1,24,29 Apr 2026 19:33:54,A94C471DF3385D8D7C07
SD NEGERI PACAO,60201852,SD,Negeri,Kec. Loloda Utara,270408,Kab. halmahera Utara,270400,Prov. Maluku Utara,270000,12,2,101,6,5,0,1,9,17 Feb 2026 06:40:54,02331CCC7E6D5F466E08
SD GMIH ASIMIRO,60201721,SD,Swasta,Kec. Loloda Utara,270408,Kab. halmahera Utara,270400,Prov. Maluku Utara,270000,2,1,58,6,6,0,0,18,11 Apr 2026 13:22:33,9DC3BB98574041DC8905
SD GMIH DORUME,60201728,SD,Swasta,Kec. Loloda Utara,270408,Kab. halmahera Utara,270400,Prov. Maluku Utara,270000,5,1,61,6,6,0,1,17,06 Mar 2026 01:16:52,7605C02EAFE0506C5F88
SD GMIH IGO,60201734,SD,Swasta,Kec. Loloda Utara,270408,Kab. halmahera Utara,270400,Prov. Maluku Utara,270000,4,1,80,6,4,0,2,7,03 Mar 2026 20:06:32,BA7DBF002966F7F2400E
SD GMIH KAILUPA,60201736,SD,Swasta,Kec. Loloda Utara,270408,Kab. halmahera Utara,270400,Prov. Maluku Utara,270000,4,2,50,6,6,0,1,11,07 Mar 2026 16:12:07,9454C045326FB58B5D35
SD GMIH KAPA KAPA,60201739,SD,Swasta,Kec. Loloda Utara,270408,Kab. halmahera Utara,270400,Prov. Maluku Utara,270000,6,1,82,6,6,0,1,13,07 Mar 2026 21:15:10,222448317432D02D5A8D
SD GMIH POSI POSI,60201750,SD,Swasta,Kec. Loloda Utara,270408,Kab. halmahera Utara,270400,Prov. Maluku Utara,270000,1,1,53,6,2,0,1,5,27 Feb 2026 08:09:24,6F61D5601CBFE02D0E3B
SD GMIH SUPU,60201761,SD,Swasta,Kec. Loloda Utara,270408,Kab. halmahera Utara,270400,Prov. Maluku Utara,270000,5,0,56,6,6,0,1,62,25 Apr 2026 12:03:52,565C9D2F9B26EAF53107
SD ISLAMIYAH 2 GALAO,60201828,SD,Swasta,Kec. Loloda Utara,270408,Kab. halmahera Utara,270400,Prov. Maluku Utara,270000,2,1,66,6,6,0,0,11,25 Apr 2026 22:41:39,5029D108695C7F552165
SD ISLAMIYAH ALFI ALFIYAH WORIMOI,70054096,SD,Swasta,Kec. Loloda Utara,270408,Kab. halmahera Utara,270400,Prov. Maluku Utara,270000,6,1,27,5,5,0,0,13,02 May 2026 09:25:17,6E3FAAC72349E8650BF0
SMP NEGERI 18 HALMAHERA UTARA,60203788,SMP,Negeri,Kec. Loloda Utara,270408,Kab. halmahera Utara,270400,Prov. Maluku Utara,270000,11,1,56,3,3,1,1,24,27 Apr 2026 14:39:39,29A5A2459C7BC353DA41
SMP NEGERI 19 HALMAHERA UTARA,69787395,SMP,Negeri,Kec. Loloda Utara,270408,Kab. halmahera Utara,270400,Prov. Maluku Utara,270000,14,1,79,3,6,1,1,25,29 Apr 2026 20:21:45,1E0CDFDC197E51618F49
SMP NEGERI 24 HALMAHERA UTARA,69980793,SMP,Negeri,Kec. Loloda Utara,270408,Kab. halmahera Utara,270400,Prov. Maluku Utara,270000,10,1,47,3,4,0,0,36,26 Apr 2026 20:08:18,0880F2114B2EBF6702B7
SMP NEGERI 8 HALMAHERA UTARA,60201912,SMP,Negeri,Kec. Loloda Utara,270408,Kab. halmahera Utara,270400,Prov. Maluku Utara,270000,14,2,65,3,7,1,1,43,27 Apr 2026 07:15:49,F7BCFE730FF5A60F45B2
SMP AL BASYIRIAH GALAO,70028097,SMP,Swasta,Kec. Loloda Utara,270408,Kab. halmahera Utara,270400,Prov. Maluku Utara,270000,1,0,65,3,3,0,0,13,24 Apr 2026 22:09:28,DA5E2265C854DEBEED34
SMP AL BASYIRIAH TATE,70051837,SMP,Swasta,Kec. Loloda Utara,270408,Kab. halmahera Utara,270400,Prov. Maluku Utara,270000,0,1,0,0,0,0,0,0,,49B817AD2A431CFEB34F
SMP ALIMAN GALAO GISI,60203790,SMP,Swasta,Kec. Loloda Utara,270408,Kab. halmahera Utara,270400,Prov. Maluku Utara,270000,3,1,25,3,5,0,0,38,01 May 2026 20:00:46,B663D40C646115F69F3E
SMP KRISTEN DORUME,60201897,SMP,Swasta,Kec. Loloda Utara,270408,Kab. halmahera Utara,270400,Prov. Maluku Utara,270000,1,1,31,3,4,0,0,16,21 Apr 2026 07:34:38,DBA9D1D9F21214A5DAF1
SMKS PERIKANAN NURUL YAQIN,70003314,SMK,Swasta,Kec. Loloda Utara,270408,Kab. halmahera Utara,270400,Prov. Maluku Utara,270000,0,0,30,3,3,0,0,20,25 Apr 2026 06:07:32,950EDF11E5AEC3EB9352
SMKS PERTANIAN WOMATEKEKOMOTEKE,60724610,SMK,Swasta,Kec. Loloda Utara,270408,Kab. halmahera Utara,270400,Prov. Maluku Utara,270000,4,1,96,3,3,2,0,20,30 Apr 2026 18:42:22,5D9EF8FC1BAD7EA9F5FD
SD INPRES 1 NGOFAKIAHA,60200319,SD,Negeri,Kec. Malifut,270409,Kab. halmahera Utara,270400,Prov. Maluku Utara,270000,7,1,98,6,9,0,1,20,30 Apr 2026 09:47:07,CE6F49F24E477674D747
SD INPRES BALISOSANG,60200252,SD,Negeri,Kec. Malifut,270409,Kab. halmahera Utara,270400,Prov. Maluku Utara,270000,9,1,49,6,6,0,1,27,13 Mar 2026 09:01:51,22D8385526154F956EBD
SD INPRES MAILOA,60200375,SD,Negeri,Kec. Malifut,270409,Kab. halmahera Utara,270400,Prov. Maluku Utara,270000,8,1,71,6,8,0,0,32,25 Apr 2026 07:39:33,EC8E8810A640D2E6E291
SD INPRES NGAIMADODERA,60201822,SD,Negeri,Kec. Malifut,270409,Kab. halmahera Utara,270400,Prov. Maluku Utara,270000,9,1,193,9,8,0,1,16,13 Apr 2026 04:25:24,41EF35182DCC9CEA8B9E
SD INPRES PELERI,60200372,SD,Negeri,Kec. Malifut,270409,Kab. halmahera Utara,270400,Prov. Maluku Utara,270000,9,1,83,6,6,0,4,30,30 Apr 2026 10:30:34,98E4EF680C37FFE202BC
SD INPRES SAMSUMA,60200344,SD,Negeri,Kec. Malifut,270409,Kab. halmahera Utara,270400,Prov. Maluku Utara,270000,8,1,65,6,8,0,1,14,13 Apr 2026 06:56:21,85EA8BBAF66979ACD267
SD INPRES SENTER MALIFUT,60200347,SD,Negeri,Kec. Malifut,270409,Kab. halmahera Utara,270400,Prov. Maluku Utara,270000,8,2,104,6,10,0,1,13,16 Apr 2026 10:50:02,5B8E16637B09615BC54E
SD INPRES TAFASOHO,60200349,SD,Negeri,Kec. Malifut,270409,Kab. halmahera Utara,270400,Prov. Maluku Utara,270000,10,1,61,6,6,0,1,6,04 Mar 2026 21:25:57,0A686E251A241E472C19
SD INPRES TAGONO,60200350,SD,Negeri,Kec. Malifut,270409,Kab. halmahera Utara,270400,Prov. Maluku Utara,270000,9,2,60,6,8,0,1,72,21 Apr 2026 07:31:01,59639801A96CBAA9F306
SD INPRES TAHANE,60201824,SD,Negeri,Kec. Malifut,270409,Kab. halmahera Utara,270400,Prov. Maluku Utara,270000,10,1,90,6,8,0,1,22,22 Apr 2026 07:09:50,9FDA74974C5743731C07
SD INPRES TOMABARU BOBAWA,60200318,SD,Negeri,Kec. Malifut,270409,Kab. halmahera Utara,270400,Prov. Maluku Utara,270000,9,1,86,6,6,0,1,10,14 Apr 2026 08:07:12,CEF126A708E5B97D121A
SD NEGERI BERINGIN GOSOWONG,69893489,SD,Negeri,Kec. Malifut,270409,Kab. halmahera Utara,270400,Prov. Maluku Utara,270000,8,2,97,6,6,0,1,28,13 Apr 2026 21:37:52,F44976F48D14BA47BF7B
SD NEGERI GAYOK,60200265,SD,Negeri,Kec. Malifut,270409,Kab. halmahera Utara,270400,Prov. Maluku Utara,270000,8,2,53,6,6,0,1,13,25 Apr 2026 10:23:51,94E0ED2AE132F280E2FD
SD NEGERI SOSOL,60200242,SD,Negeri,Kec. Malifut,270409,Kab. halmahera Utara,270400,Prov. Maluku Utara,270000,9,1,116,6,6,0,1,46,30 Apr 2026 10:48:25,CDEEE51CD0D41A7C55D8
SD NEGERI WANGEOTAK,60200248,SD,Negeri,Kec. Malifut,270409,Kab. halmahera Utara,270400,Prov. Maluku Utara,270000,5,1,89,6,7,1,1,13,23 Apr 2026 06:58:48,B9DD7B20A6C611B52A26
SMP NEGERI 27 HALMAHERA UTARA,70050382,SMP,Negeri,Kec. Malifut,270409,Kab. halmahera Utara,270400,Prov. Maluku Utara,270000,6,1,22,3,3,1,0,70,30 Apr 2026 17:59:19,E530542776493859413E
SMP NEGERI 28 HALMAHERA UTARA,69762735,SMP,Negeri,Kec. Malifut,270409,Kab. halmahera Utara,270400,Prov. Maluku Utara,270000,4,1,60,3,6,2,1,26,15 Apr 2026 09:40:38,F7F58C31993CDEF18C09
SMP NEGERI 4 HALMAHERA UTARA,60200273,SMP,Negeri,Kec. Malifut,270409,Kab. halmahera Utara,270400,Prov. Maluku Utara,270000,34,8,413,15,16,3,1,29,15 Apr 2026 17:02:58,37486A3EEECC676EFA15
SMA NEGERI 4 HALMAHERA UTARA,60201926,SMA,Negeri,Kec. Malifut,270409,Kab. halmahera Utara,270400,Prov. Maluku Utara,270000,29,7,354,12,20,4,1,60,29 Apr 2026 04:52:25,9A0D2D815E08761F98D2
SMK NEGERI 2 HALMAHERA UTARA,60200299,SMK,Negeri,Kec. Malifut,270409,Kab. halmahera Utara,270400,Prov. Maluku Utara,270000,22,5,140,9,18,1,1,49,23 Apr 2026 07:49:25,8A2C84EBFACB6E8A1D41
SMKS TEKNOLOGI  MALIFUT,70005892,SMK,Swasta,Kec. Malifut,270409,Kab. halmahera Utara,270400,Prov. Maluku Utara,270000,4,3,12,2,3,0,0,2,11 Apr 2026 16:17:31,614188603437CC0F9324
SD INPRES BIANG A,60200364,SD,Negeri,Kec. Kao,270403,Kab. halmahera Utara,270400,Prov. Maluku Utara,270000,8,1,77,6,6,0,0,10,08 Apr 2026 06:43:48,B9501C20781CCBF57C32
SD INPRES BIANG B,60200365,SD,Negeri,Kec. Kao,270403,Kab. halmahera Utara,270400,Prov. Maluku Utara,270000,5,1,54,6,6,0,1,14,16 Mar 2026 10:05:49,AEE8F6066305E224EB94
SD INPRES KAO,60200369,SD,Negeri,Kec. Kao,270403,Kab. halmahera Utara,270400,Prov. Maluku Utara,270000,7,1,128,6,6,0,1,16,04 Apr 2026 10:24:56,8D81DC78E3641FB4FE8E
SD INPRES KUKUMUTUK,60200370,SD,Negeri,Kec. Kao,270403,Kab. halmahera Utara,270400,Prov. Maluku Utara,270000,9,0,55,6,6,0,1,17,04 Mar 2026 16:28:03,5F5E32D1D66CE0BB54BE
SD INPRES KUSU,60200371,SD,Negeri,Kec. Kao,270403,Kab. halmahera Utara,270400,Prov. Maluku Utara,270000,5,1,90,6,6,0,1,9,12 Mar 2026 15:30:58,5A6AF1BE23F46125F821
SD INPRES POPON,60200362,SD,Negeri,Kec. Kao,270403,Kab. halmahera Utara,270400,Prov. Maluku Utara,270000,5,1,62,6,6,0,1,15,04 Mar 2026 10:09:10,15E7700428DDFD723311
SD INPRES SASUR,60200346,SD,Negeri,Kec. Kao,270403,Kab. halmahera Utara,270400,Prov. Maluku Utara,270000,7,2,52,6,6,0,1,14,24 Apr 2026 05:24:21,DA585FDD83096EAC119C
SD NEGERI KAO,60200250,SD,Negeri,Kec. Kao,270403,Kab. halmahera Utara,270400,Prov. Maluku Utara,270000,11,1,93,6,6,0,0,23,19 Apr 2026 12:35:19,B84E2AD18122B84E72F7
SD NEGERI KUSU LOVRA,69953569,SD,Negeri,Kec. Kao,270403,Kab. halmahera Utara,270400,Prov. Maluku Utara,270000,8,1,49,6,3,0,0,22,29 Apr 2026 18:42:21,C57338294252D9F944E8
SD NEGERI PATANG,60200236,SD,Negeri,Kec. Kao,270403,Kab. halmahera Utara,270400,Prov. Maluku Utara,270000,8,1,80,6,8,0,1,23,28 Apr 2026 11:47:40,76191EA07D089AD13EF8
SD NEGERI WARINGIN LELEWI,70006178,SD,Negeri,Kec. Kao,270403,Kab. halmahera Utara,270400,Prov. Maluku Utara,270000,2,1,46,6,2,0,0,10,23 Apr 2026 09:46:40,F105E8D52D7CB3923C75
SD ALKHAIRAAT KAO,60200314,SD,Swasta,Kec. Kao,270403,Kab. halmahera Utara,270400,Prov. Maluku Utara,270000,4,1,65,6,6,0,0,31,24 Apr 2026 03:53:55,C8462F20CF36C43BE593
SD GMIH BIANG,60201722,SD,Swasta,Kec. Kao,270403,Kab. halmahera Utara,270400,Prov. Maluku Utara,270000,2,1,74,6,6,0,1,17,05 Mar 2026 12:30:52,CED45293B5527966325C
SD GMIH SOASANGAJI DIM DIM,60201727,SD,Swasta,Kec. Kao,270403,Kab. halmahera Utara,270400,Prov. Maluku Utara,270000,2,1,61,6,6,0,1,5,23 Jan 2026 18:07:09,F5083B49125C88C44291
SMP NEGERI 20 HALMAHERA UTARA,69900194,SMP,Negeri,Kec. Kao,270403,Kab. halmahera Utara,270400,Prov. Maluku Utara,270000,11,2,101,5,5,1,1,21,21 Apr 2026 09:35:25,39BB3CC3830DDA46F003
SMP NEGERI 3 HALMAHERA UTARA,60200272,SMP,Negeri,Kec. Kao,270403,Kab. halmahera Utara,270400,Prov. Maluku Utara,270000,26,3,386,13,16,1,1,41,24 Apr 2026 06:06:22,323A05BC72B8CEE4407A
SMP MUH. WARINGIN LAMO,60201902,SMP,Swasta,Kec. Kao,270403,Kab. halmahera Utara,270400,Prov. Maluku Utara,270000,5,1,92,4,5,0,1,10,20 Apr 2026 11:08:43,7462D13006C06941402B
SMA NEGERI 3 HALMAHERA UTARA,60200293,SMA,Negeri,Kec. Kao,270403,Kab. halmahera Utara,270400,Prov. Maluku Utara,270000,24,8,369,12,14,4,1,121,28 Apr 2026 08:34:30,11B818615D32FC4288F1
SMK NEGERI 5 HALMAHERA UTARA,60724606,SMK,Negeri,Kec. Kao,270403,Kab. halmahera Utara,270400,Prov. Maluku Utara,270000,24,3,193,13,9,0,0,32,26 Apr 2026 10:26:40,C484672D962C71A36483
SMK NUSANTARA 2 KAO,69968451,SMK,Swasta,Kec. Kao,270403,Kab. halmahera Utara,270400,Prov. Maluku Utara,270000,5,3,8,3,3,0,0,44,06 Mar 2026 08:45:54,BCBDEA7CBB4E067C70F3
SMK PLUS HALMAHERA UTARA,69965736,SMK,Swasta,Kec. Kao,270403,Kab. halmahera Utara,270400,Prov. Maluku Utara,270000,5,2,64,3,5,0,0,6,03 Mar 2026 04:25:52,BA5B5FEC80DC64ABEF0A
SMK S Amina Ali Rahim (ALIR) Kao,69991803,SMK,Swasta,Kec. Kao,270403,Kab. halmahera Utara,270400,Prov. Maluku Utara,270000,13,2,99,6,6,0,0,22,20 Apr 2026 11:44:03,E459B5366CCB9AF05890
SD INPRES 3 WOSIA,60203682,SD,Negeri,Kec. Tobelo Tengah,270411,Kab. halmahera Utara,270400,Prov. Maluku Utara,270000,15,2,198,12,8,0,0,28,02 May 2026 14:23:17,3249CA18CCA06B04A9C2
SD INPRES UPA,60201814,SD,Negeri,Kec. Tobelo Tengah,270411,Kab. halmahera Utara,270400,Prov. Maluku Utara,270000,8,1,138,6,8,0,1,23,20 Apr 2026 13:00:47,BF1F34E064AC5FFD3AF4
SD INPRES WOSIA,60201817,SD,Negeri,Kec. Tobelo Tengah,270411,Kab. halmahera Utara,270400,Prov. Maluku Utara,270000,9,1,167,9,9,1,1,25,01 May 2026 17:43:44,1AAE9870FEFB460587D7
SD NEGERI KUSUMA KALIPITU,60201847,SD,Negeri,Kec. Tobelo Tengah,270411,Kab. halmahera Utara,270400,Prov. Maluku Utara,270000,10,1,111,6,6,0,1,35,02 May 2026 10:35:01,80DBA2A7CD0A2BA382A0
SD GMIH LINA INO,60203681,SD,Swasta,Kec. Tobelo Tengah,270411,Kab. halmahera Utara,270400,Prov. Maluku Utara,270000,10,1,197,8,8,0,1,123,19 Apr 2026 12:21:32,9B5DC47BBBF370B4BE4F
SD GMIH MAHIA,69733866,SD,Swasta,Kec. Tobelo Tengah,270411,Kab. halmahera Utara,270400,Prov. Maluku Utara,270000,7,1,100,6,6,0,0,22,13 Mar 2026 18:01:13,539BBCE6DD1401E4DEAC
SD GMIH PITU,60201749,SD,Swasta,Kec. Tobelo Tengah,270411,Kab. halmahera Utara,270400,Prov. Maluku Utara,270000,7,1,142,6,8,0,1,23,11 Apr 2026 18:23:00,1C8B9FA2E478AFCBC430
SD GMIH WKO,60201878,SD,Swasta,Kec. Tobelo Tengah,270411,Kab. halmahera Utara,270400,Prov. Maluku Utara,270000,8,1,131,6,6,1,1,13,20 Apr 2026 19:49:49,344D3B4E6EC41BF7DAC4
SD GMIH WOSIA,60201764,SD,Swasta,Kec. Tobelo Tengah,270411,Kab. halmahera Utara,270400,Prov. Maluku Utara,270000,7,1,148,8,8,0,1,61,28 Mar 2026 14:28:12,C123840BC34624C3EE51
SD RAJAWALI,70040332,SD,Swasta,Kec. Tobelo Tengah,270411,Kab. halmahera Utara,270400,Prov. Maluku Utara,270000,4,1,45,3,3,0,0,3,25 Feb 2026 06:30:43,3B6C9F9006B2C0482786
SMP NEGERI 6 HALMAHERA UTARA,60200282,SMP,Negeri,Kec. Tobelo Tengah,270411,Kab. halmahera Utara,270400,Prov. Maluku Utara,270000,29,5,530,18,19,3,1,37,01 May 2026 16:42:01,8DCA57696FA13DFB4EA9
SMP BINA KARYA TOBELO,60203806,SMP,Swasta,Kec. Tobelo Tengah,270411,Kab. halmahera Utara,270400,Prov. Maluku Utara,270000,8,2,259,9,9,1,0,65,22 Apr 2026 07:29:42,64DE703172D3C4F6C2ED
SMA PETRAND HALMAHERA,69973611,SMA,Swasta,Kec. Tobelo Tengah,270411,Kab. halmahera Utara,270400,Prov. Maluku Utara,270000,5,1,144,5,6,3,1,101,27 Apr 2026 13:08:46,EC26370E9D20414B395E
SMAS BINA KARYA,70006142,SMA,Swasta,Kec. Tobelo Tengah,270411,Kab. halmahera Utara,270400,Prov. Maluku Utara,270000,2,1,54,3,3,0,0,28,08 Apr 2026 05:03:03,124B850D39B93F28CFBF
SMKS BINA KARYA 2 TOBELO,69759142,SMK,Swasta,Kec. Tobelo Tengah,270411,Kab. halmahera Utara,270400,Prov. Maluku Utara,270000,3,3,123,6,4,1,1,58,29 Apr 2026 05:55:54,478C0EF57A3BEFEBC9F9
SMKS BINA KARYA TOBELO,60702876,SMK,Swasta,Kec. Tobelo Tengah,270411,Kab. halmahera Utara,270400,Prov. Maluku Utara,270000,9,2,210,8,13,1,1,106,27 Apr 2026 17:35:26,1869F509C06E811675A0
SMKS PARIWISATA MANGGALA PERKASA,70012820,SMK,Swasta,Kec. Tobelo Tengah,270411,Kab. halmahera Utara,270400,Prov. Maluku Utara,270000,3,1,72,5,2,0,0,18,30 Apr 2026 12:52:17,FD3AA2AE183F2DD9BE3A
SD INPRES CERA,60201772,SD,Negeri,Kec. Loloda Kepulauan,270419,Kab. halmahera Utara,270400,Prov. Maluku Utara,270000,7,1,49,6,5,0,1,24,30 Apr 2026 16:01:27,0459A45AC825DC83D31C
SD INPRES JIKOLAMO,60201818,SD,Negeri,Kec. Loloda Kepulauan,270419,Kab. halmahera Utara,270400,Prov. Maluku Utara,270000,8,2,31,6,4,0,0,26,01 May 2026 22:26:29,7F99DE73CBAF5D63E6D3
SD NEGERI DAGASULI,60201864,SD,Negeri,Kec. Loloda Kepulauan,270419,Kab. halmahera Utara,270400,Prov. Maluku Utara,270000,6,1,88,6,6,0,1,27,24 Apr 2026 20:56:25,C0E0B4087930EBC646EE
SD NEGERI DAMA,60201865,SD,Negeri,Kec. Loloda Kepulauan,270419,Kab. halmahera Utara,270400,Prov. Maluku Utara,270000,10,2,176,8,8,0,1,26,14 Apr 2026 06:56:55,0A0E030DF3396B2EB23D
SD NEGERI DEDETA,60201866,SD,Negeri,Kec. Loloda Kepulauan,270419,Kab. halmahera Utara,270400,Prov. Maluku Utara,270000,8,0,81,6,6,0,1,27,09 Apr 2026 05:00:11,1506BD57ADE6C41DB4B0
SD NEGERI FITAKO,60201867,SD,Negeri,Kec. Loloda Kepulauan,270419,Kab. halmahera Utara,270400,Prov. Maluku Utara,270000,9,2,64,6,7,0,1,22,27 Apr 2026 22:10:34,C84FC781E936620EBC0C
SD NEGERI SALUBE,60201869,SD,Negeri,Kec. Loloda Kepulauan,270419,Kab. halmahera Utara,270400,Prov. Maluku Utara,270000,11,1,251,10,10,1,1,20,13 Apr 2026 15:00:55,A39B2358E86A3FCBDFE8
SD NEGERI TOBO TOBO,60201871,SD,Negeri,Kec. Loloda Kepulauan,270419,Kab. halmahera Utara,270400,Prov. Maluku Utara,270000,10,1,89,6,6,0,0,27,29 Apr 2026 16:47:10,9103B9056F87D470F7CF
SD NEGERI TUAKARA,60202216,SD,Negeri,Kec. Loloda Kepulauan,270419,Kab. halmahera Utara,270400,Prov. Maluku Utara,270000,5,1,56,6,6,0,1,36,24 Apr 2026 21:24:40,C4467EA84162C4AEB136
SD GMIH DOWONGGILA,60201729,SD,Swasta,Kec. Loloda Kepulauan,270419,Kab. halmahera Utara,270400,Prov. Maluku Utara,270000,1,2,49,6,4,0,1,6,26 Jan 2026 17:52:35,87521CCA0F44E206A697
SMP NEGERI 10 HALMAHERA UTARA,69787392,SMP,Negeri,Kec. Loloda Kepulauan,270419,Kab. halmahera Utara,270400,Prov. Maluku Utara,270000,12,2,159,6,8,2,1,13,22 Apr 2026 12:50:08,68CCED72CF23307A5C8C
SMP NEGERI 25 HALMAHERA UTARA,69768230,SMP,Negeri,Kec. Loloda Kepulauan,270419,Kab. halmahera Utara,270400,Prov. Maluku Utara,270000,7,5,32,3,3,1,1,26,26 Apr 2026 19:52:53,580CA67831C0DAF79C87
SMP NEGERI 26 HALMAHERA UTARA,70050330,SMP,Negeri,Kec. Loloda Kepulauan,270419,Kab. halmahera Utara,270400,Prov. Maluku Utara,270000,7,4,54,3,3,0,1,41,29 Apr 2026 17:35:24,43407917EDC8F1C9B052
SMP NEGERI SATAP TOBO TOBO,69787393,SMP,Negeri,Kec. Loloda Kepulauan,270419,Kab. halmahera Utara,270400,Prov. Maluku Utara,270000,12,1,62,4,3,1,1,29,03 Apr 2026 20:50:57,1EEB74D02A2730D658FD
SMP NEGERI SATU ATAP CERA,70042444,SMP,Negeri,Kec. Loloda Kepulauan,270419,Kab. halmahera Utara,270400,Prov. Maluku Utara,270000,9,1,25,3,1,0,0,14,14 Apr 2026 06:09:19,BA3BF9E77D9E2D71E8A5
SMP NEGERI SATU ATAP FITAKO,69917089,SMP,Negeri,Kec. Loloda Kepulauan,270419,Kab. halmahera Utara,270400,Prov. Maluku Utara,270000,7,1,26,3,3,0,0,15,29 Apr 2026 10:47:27,77ECFFEBFA381A3B3BC2
SMP BINA TALENTA DOWONGGILA,69933731,SMP,Swasta,Kec. Loloda Kepulauan,270419,Kab. halmahera Utara,270400,Prov. Maluku Utara,270000,0,1,2,1,5,0,0,1,07 Feb 2026 21:20:28,DB7E36FD4F84BCD3E9BE
SMP ISLAM DAGASULI,60201893,SMP,Swasta,Kec. Loloda Kepulauan,270419,Kab. halmahera Utara,270400,Prov. Maluku Utara,270000,0,1,30,3,4,0,1,13,15 Feb 2026 20:34:53,1B9F589466C68DDB3A0F
SMA NEGERI 10 HALMAHERA UTARA,60202875,SMA,Negeri,Kec. Loloda Kepulauan,270419,Kab. halmahera Utara,270400,Prov. Maluku Utara,270000,13,3,93,4,5,0,0,171,01 May 2026 17:54:56,6A3B29F270695E9905B9
SMA NEGERI 8 HALMAHERA UTARA,69822815,SMA,Negeri,Kec. Loloda Kepulauan,270419,Kab. halmahera Utara,270400,Prov. Maluku Utara,270000,18,4,146,6,6,2,1,52,22 Apr 2026 19:34:28,D80F64EA04725C371C16
SMAS MAREN,70011075,SMA,Swasta,Kec. Loloda Kepulauan,270419,Kab. halmahera Utara,270400,Prov. Maluku Utara,270000,1,1,0,0,0,0,0,0,,2035D785A79E2431BC51
SD INPRES DODOWO,60201775,SD,Negeri,Kec. Galela Utara,270416,Kab. halmahera Utara,270400,Prov. Maluku Utara,270000,12,4,72,6,6,0,1,21,05 Mar 2026 19:41:18,6ACA0FB03B633ED52A6F
SD INPRES PELITA,60201795,SD,Negeri,Kec. Galela Utara,270416,Kab. halmahera Utara,270400,Prov. Maluku Utara,270000,5,1,72,6,6,0,0,36,15 Apr 2026 07:59:53,B9050996E6BCF6721627
SD INPRES SALIMULI,60201798,SD,Negeri,Kec. Galela Utara,270416,Kab. halmahera Utara,270400,Prov. Maluku Utara,270000,9,1,141,6,7,0,1,17,26 Apr 2026 20:48:19,48346D18A82E956B6EA1
SD INPRES TAPE JERE,60201807,SD,Negeri,Kec. Galela Utara,270416,Kab. halmahera Utara,270400,Prov. Maluku Utara,270000,8,1,101,6,6,0,1,9,23 Apr 2026 06:31:31,86D34996C94F3319AB3D
SD NEGERI BERINGIN JAYA,60201841,SD,Negeri,Kec. Galela Utara,270416,Kab. halmahera Utara,270400,Prov. Maluku Utara,270000,6,2,42,6,6,0,1,6,13 Apr 2026 10:54:28,8E88BB0228CF08D14EF5
SD NEGERI BOBISINGO,60201843,SD,Negeri,Kec. Galela Utara,270416,Kab. halmahera Utara,270400,Prov. Maluku Utara,270000,14,1,64,6,6,0,0,7,20 Apr 2026 10:12:50,E0B88DD5864B8494450F
SD NEGERI LALONGA,60201848,SD,Negeri,Kec. Galela Utara,270416,Kab. halmahera Utara,270400,Prov. Maluku Utara,270000,10,1,69,6,6,0,0,21,30 Apr 2026 17:33:08,DC8393EE7298556E1DB5
SD NEGERI LIMAU,60201849,SD,Negeri,Kec. Galela Utara,270416,Kab. halmahera Utara,270400,Prov. Maluku Utara,270000,8,1,111,6,6,0,1,35,27 Apr 2026 18:39:21,189BFD8D25E33C1334CF
SD NEGERI SALUTA,60201853,SD,Negeri,Kec. Galela Utara,270416,Kab. halmahera Utara,270400,Prov. Maluku Utara,270000,7,1,96,6,6,0,1,9,21 Feb 2026 13:56:53,A732B481E49AE6F5C5A9
SD NEGERI TOGASA,60201856,SD,Negeri,Kec. Galela Utara,270416,Kab. halmahera Utara,270400,Prov. Maluku Utara,270000,8,1,71,6,6,0,1,18,23 Apr 2026 19:34:59,84A0E5BF9D4268DD9E29
SD NEGERI TUTUMALOLEO,60201859,SD,Negeri,Kec. Galela Utara,270416,Kab. halmahera Utara,270400,Prov. Maluku Utara,270000,12,2,119,6,6,0,1,14,03 Apr 2026 08:33:12,74E055B5EF0349FEA536
SMP NEGERI 14 HALMAHERA UTARA,60201886,SMP,Negeri,Kec. Galela Utara,270416,Kab. halmahera Utara,270400,Prov. Maluku Utara,270000,23,2,118,6,6,2,1,39,02 May 2026 13:40:44,1CA7BF0FD61F97BA2369
SMP NEGERI 5 SATU ATAP LALONGA,60201887,SMP,Negeri,Kec. Galela Utara,270416,Kab. halmahera Utara,270400,Prov. Maluku Utara,270000,17,2,117,6,7,2,1,60,01 May 2026 16:21:34,FAA29FA5E50874D171C2
SMP CINTA DAMAI,70001873,SMP,Swasta,Kec. Galela Utara,270416,Kab. halmahera Utara,270400,Prov. Maluku Utara,270000,3,1,73,3,3,0,1,16,17 Mar 2026 04:12:12,64C6E20FD35C057F2D91
SMA NEGERI 7 HALMAHERA UTARA,60724601,SMA,Negeri,Kec. Galela Utara,270416,Kab. halmahera Utara,270400,Prov. Maluku Utara,270000,16,2,162,6,8,2,1,53,30 Apr 2026 18:59:31,B5B2DD27C9494057DF04
SMAS ARIF RAHMAN HAKIM,70032147,SMA,Swasta,Kec. Galela Utara,270416,Kab. halmahera Utara,270400,Prov. Maluku Utara,270000,0,1,59,3,2,0,0,18,23 Apr 2026 03:38:04,4A14DD405E8DA5160A1E
SMK NASIONAL GALELA UTARA,69909680,SMK,Swasta,Kec. Galela Utara,270416,Kab. halmahera Utara,270400,Prov. Maluku Utara,270000,10,0,62,3,4,1,0,18,24 Apr 2026 07:55:45,86D31A9FFB6B75AF99F7
SD INPRES GORUA,60201821,SD,Negeri,Kec. Tobelo Utara,270410,Kab. halmahera Utara,270400,Prov. Maluku Utara,270000,12,2,117,6,6,0,1,9,30 Apr 2026 09:32:57,95DA47619C7B729B2EE4
SD INPRES TOLONUO,60201813,SD,Negeri,Kec. Tobelo Utara,270410,Kab. halmahera Utara,270400,Prov. Maluku Utara,270000,8,1,113,6,7,0,1,14,29 Apr 2026 14:26:54,CA24A3567F670FE201D7
SD NEGERI LUARI,60201868,SD,Negeri,Kec. Tobelo Utara,270410,Kab. halmahera Utara,270400,Prov. Maluku Utara,270000,8,2,134,6,10,0,0,81,23 Apr 2026 06:30:12,FA301B2BFD7B25EDDC20
SD NEGERI MEDE,60202861,SD,Negeri,Kec. Tobelo Utara,270410,Kab. halmahera Utara,270400,Prov. Maluku Utara,270000,7,1,45,6,6,0,0,16,05 Apr 2026 13:30:58,409A236A44361BE9E449
SD NEGERI POPILO,60201875,SD,Negeri,Kec. Tobelo Utara,270410,Kab. halmahera Utara,270400,Prov. Maluku Utara,270000,15,1,167,10,7,0,1,67,27 Apr 2026 11:50:51,A2FB959473EE4792067B
SD GMIH GORUA,60201733,SD,Swasta,Kec. Tobelo Utara,270410,Kab. halmahera Utara,270400,Prov. Maluku Utara,270000,6,1,42,6,8,0,1,14,24 Apr 2026 09:07:25,A0A6DA4D37908D90080C
SD GMIH RUKO,60201753,SD,Swasta,Kec. Tobelo Utara,270410,Kab. halmahera Utara,270400,Prov. Maluku Utara,270000,8,1,208,8,7,0,0,91,27 Apr 2026 11:55:53,5A541A33532070663A1A
SD MUHAMMADIYAH TOLONUO,70015674,SD,Swasta,Kec. Tobelo Utara,270410,Kab. halmahera Utara,270400,Prov. Maluku Utara,270000,4,1,51,6,3,0,0,14,19 Apr 2026 09:32:40,2A4E2DD2AC7D92A3E12D
SMP NEGERI 13 HALMAHERA UTARA,60200284,SMP,Negeri,Kec. Tobelo Utara,270410,Kab. halmahera Utara,270400,Prov. Maluku Utara,270000,14,4,37,3,8,1,1,27,16 Apr 2026 12:44:40,8841F02E7509D6798486
SMP NEGERI 17 HALMAHERA UTARA,60201911,SMP,Negeri,Kec. Tobelo Utara,270410,Kab. halmahera Utara,270400,Prov. Maluku Utara,270000,15,2,88,4,6,2,1,73,29 Apr 2026 20:55:31,AB2506810AE846CEAE6D
SMP NEGERI 5 SATU ATAP TOLONUO,60202872,SMP,Negeri,Kec. Tobelo Utara,270410,Kab. halmahera Utara,270400,Prov. Maluku Utara,270000,10,1,101,4,4,1,1,13,20 Feb 2026 20:45:55,1383E88FA2D1DE96098A
SMP ALKHAIRAAT TOBELO,60202865,SMP,Swasta,Kec. Tobelo Utara,270410,Kab. halmahera Utara,270400,Prov. Maluku Utara,270000,5,1,73,3,7,3,1,39,24 Apr 2026 05:13:46,5F2D63F3C4B684FF6673
SMP GLOBAL PASIFIC,69927097,SMP,Swasta,Kec. Tobelo Utara,270410,Kab. halmahera Utara,270400,Prov. Maluku Utara,270000,4,1,23,3,3,0,0,19,01 Mar 2026 19:55:23,0B6DE26922A08A9AF1C4
SMP ISLAM TERPADU ALKHAIRAAT LUARI,70008495,SMP,Swasta,Kec. Tobelo Utara,270410,Kab. halmahera Utara,270400,Prov. Maluku Utara,270000,6,0,42,3,3,0,0,23,09 Apr 2026 19:14:12,03BFF5C15885328EC2CD
SMA NEGERI 9 HALMAHERA UTARA,60201930,SMA,Negeri,Kec. Tobelo Utara,270410,Kab. halmahera Utara,270400,Prov. Maluku Utara,270000,17,3,98,4,9,2,1,11,21 Apr 2026 10:16:08,36D83FCAE252D4CDC7DC
SMAS KARTINI LUARI,70003266,SMA,Swasta,Kec. Tobelo Utara,270410,Kab. halmahera Utara,270400,Prov. Maluku Utara,270000,5,0,79,4,7,1,1,43,23 Apr 2026 08:00:49,D17F0E551BE1555435F4
SMK MIA BATO TOBELO UTARA,69880480,SMK,Swasta,Kec. Tobelo Utara,270410,Kab. halmahera Utara,270400,Prov. Maluku Utara,270000,6,3,106,6,7,4,1,20,23 Feb 2026 08:59:02,52E556B4113F5D2E2935
SMKS GLOBAL PASIFIK,60202877,SMK,Swasta,Kec. Tobelo Utara,270410,Kab. halmahera Utara,270400,Prov. Maluku Utara,270000,12,1,103,9,8,1,0,72,01 May 2026 18:26:10,228E4A19BDDABF226237
SMKS SINAR KASIH KOKOTA JAYA,70014849,SMK,Swasta,Kec. Tobelo Utara,270410,Kab. halmahera Utara,270400,Prov. Maluku Utara,270000,2,1,65,3,3,0,0,9,31 Jan 2026 16:27:14,37FF108D7821FD15C700
SD INPRES GOTALAMO,60201846,SD,Negeri,Kec. Galela Barat,270414,Kab. halmahera Utara,270400,Prov. Maluku Utara,270000,7,1,90,6,6,0,1,8,14 Apr 2026 18:40:32,4C58C394F9528E4FE635
SD INPRES MAKETE,60201850,SD,Negeri,Kec. Galela Barat,270414,Kab. halmahera Utara,270400,Prov. Maluku Utara,270000,8,3,43,6,6,0,0,45,17 Apr 2026 05:56:09,92460B3A4CE434D44CF1
SD NEGERI NGIDIHO,60201851,SD,Negeri,Kec. Galela Barat,270414,Kab. halmahera Utara,270400,Prov. Maluku Utara,270000,11,0,122,7,6,0,1,12,29 Apr 2026 09:42:55,C44999F7C59B0BAC5D5F
SD GMIH DOKULAMO,60201716,SD,Swasta,Kec. Galela Barat,270414,Kab. halmahera Utara,270400,Prov. Maluku Utara,270000,4,2,109,6,6,0,1,11,16 Apr 2026 17:14:25,82D9C061F3ADB1B08C06
SD GMIH DUMA,60201730,SD,Swasta,Kec. Galela Barat,270414,Kab. halmahera Utara,270400,Prov. Maluku Utara,270000,2,1,143,9,10,0,1,11,15 Apr 2026 09:30:07,7445B1CAADD14EAA6FE2
SD GMIH ROKO,60201752,SD,Swasta,Kec. Galela Barat,270414,Kab. halmahera Utara,270400,Prov. Maluku Utara,270000,7,1,155,6,6,0,1,6,04 Apr 2026 22:40:09,ACAD2D6EF3A475FC0051
SD GMIH SAMUDA,60201757,SD,Swasta,Kec. Galela Barat,270414,Kab. halmahera Utara,270400,Prov. Maluku Utara,270000,2,1,129,6,6,0,0,11,29 Apr 2026 20:52:54,9D241FB2953108FA836D
SD GMIH SOATABARU,60201759,SD,Swasta,Kec. Galela Barat,270414,Kab. halmahera Utara,270400,Prov. Maluku Utara,270000,5,1,141,6,6,0,1,11,27 Apr 2026 06:48:09,6F020E26023749336653
SMP NEGERI 15 HALMAHERA UTARA,60201909,SMP,Negeri,Kec. Galela Barat,270414,Kab. halmahera Utara,270400,Prov. Maluku Utara,270000,25,3,109,4,4,1,1,20,02 May 2026 09:44:26,45971B663A21F9EDFC26
SMP BINA TALENTA ROKO,69882333,SMP,Swasta,Kec. Galela Barat,270414,Kab. halmahera Utara,270400,Prov. Maluku Utara,270000,2,1,57,3,3,0,0,1,01 May 2026 13:16:55,25E5181A1A4213A624F6
SMP KRISTEN GALELA,60201895,SMP,Swasta,Kec. Galela Barat,270414,Kab. halmahera Utara,270400,Prov. Maluku Utara,270000,7,1,150,6,13,1,1,15,20 Apr 2026 08:24:20,16895E77F8957C9B20B5
SMAS BINA TALENTA,70012452,SMA,Swasta,Kec. Galela Barat,270414,Kab. halmahera Utara,270400,Prov. Maluku Utara,270000,2,1,65,3,3,0,0,20,30 Apr 2026 08:37:13,91CA665182E6478E2CA4
SMAS KRISTEN NEHEMIA GALELA,60201921,SMA,Swasta,Kec. Galela Barat,270414,Kab. halmahera Utara,270400,Prov. Maluku Utara,270000,10,0,147,6,7,1,1,28,30 Apr 2026 08:49:46,2D921871B015315A05C5
SMAS MERAH PUTIH,60201923,SMA,Swasta,Kec. Galela Barat,270414,Kab. halmahera Utara,270400,Prov. Maluku Utara,270000,7,1,81,3,6,4,1,23,20 Apr 2026 08:59:39,E32AC94FCD20BCA830B8
SMK CAWARO,69989977,SMK,Swasta,Kec. Galela Barat,270414,Kab. halmahera Utara,270400,Prov. Maluku Utara,270000,0,1,64,6,6,0,0,35,26 Apr 2026 10:07:34,687F4766751E2C6EAD03
SMKS GALELANO,60724605,SMK,Swasta,Kec. Galela Barat,270414,Kab. halmahera Utara,270400,Prov. Maluku Utara,270000,10,1,95,6,2,3,1,23,27 Apr 2026 09:42:44,06F23831A40FCFF2652B
SD INPRES BALE,60201768,SD,Negeri,Kec. Galela Selatan,270415,Kab. halmahera Utara,270400,Prov. Maluku Utara,270000,10,1,76,6,6,0,1,24,23 Apr 2026 16:42:18,4DCF8C1C024B2864FD5A
SD INPRES SOAKONORA,60201802,SD,Negeri,Kec. Galela Selatan,270415,Kab. halmahera Utara,270400,Prov. Maluku Utara,270000,17,6,73,6,6,0,0,6,06 Apr 2026 20:15:11,C41249ADC7F949C2F8E4
SD INPRES TOGAWA,60201811,SD,Negeri,Kec. Galela Selatan,270415,Kab. halmahera Utara,270400,Prov. Maluku Utara,270000,16,3,91,6,6,0,1,24,14 Apr 2026 22:35:58,1DA751323CFA0E46445A
SD NEGERI SEKI,60201870,SD,Negeri,Kec. Galela Selatan,270415,Kab. halmahera Utara,270400,Prov. Maluku Utara,270000,11,2,83,6,6,0,1,12,25 Apr 2026 00:34:53,0034CF41BEC5BDDF1653
SD GMIH SOAKONORA,60201758,SD,Swasta,Kec. Galela Selatan,270415,Kab. halmahera Utara,270400,Prov. Maluku Utara,270000,2,1,54,6,6,0,1,6,08 Apr 2026 10:17:27,2EC1D880CAA0CCD5628B
SD ISLAM ABU BAKAR ASH-SHIDDIQ,70060001,SD,Swasta,Kec. Galela Selatan,270415,Kab. halmahera Utara,270400,Prov. Maluku Utara,270000,2,1,0,0,0,0,0,0,,E8084C7560A0DD910F92
SD MUHAMMADIYAH 1 IGOBULA,60201831,SD,Swasta,Kec. Galela Selatan,270415,Kab. halmahera Utara,270400,Prov. Maluku Utara,270000,5,2,125,6,6,0,1,15,07 Mar 2026 20:58:58,0D4EFD33838A832C7274
SD MUHAMMADIYAH 2 IGOBULA,60201832,SD,Swasta,Kec. Galela Selatan,270415,Kab. halmahera Utara,270400,Prov. Maluku Utara,270000,3,1,93,6,6,0,1,24,17 Mar 2026 13:13:55,0EEF13688C1AE01F37CD
SD MUHAMMADIYAH 3 TOGAWA,60201833,SD,Swasta,Kec. Galela Selatan,270415,Kab. halmahera Utara,270400,Prov. Maluku Utara,270000,5,1,90,6,6,0,1,23,02 May 2026 19:32:37,B605E991FB2CF558B0F6
SMP NEGERI 2 HALMAHERA UTARA,60200271,SMP,Negeri,Kec. Galela Selatan,270415,Kab. halmahera Utara,270400,Prov. Maluku Utara,270000,19,3,304,11,13,2,1,61,09 Apr 2026 08:13:14,465C8E6BB03BDB33B728
SMP MUHAMMADIYAH GALELA,60201901,SMP,Swasta,Kec. Galela Selatan,270415,Kab. halmahera Utara,270400,Prov. Maluku Utara,270000,3,0,40,3,7,0,0,10,02 May 2026 14:18:14,CBE5B2EC8BA200BEC028
SMP NASIONAL GALELA SELATAN,60200301,SMP,Swasta,Kec. Galela Selatan,270415,Kab. halmahera Utara,270400,Prov. Maluku Utara,270000,6,1,60,3,6,1,0,41,27 Apr 2026 20:50:07,85C144317B0EB71F24E3
SMKS TEKNOLOGI GALELA SELATAN,60202879,SMK,Swasta,Kec. Galela Selatan,270415,Kab. halmahera Utara,270400,Prov. Maluku Utara,270000,18,4,172,15,17,1,1,74,28 Apr 2026 08:26:57,31512399C76CD5E2DDBA
SD INPRES 3 NGOFAKIAHA,60200321,SD,Negeri,Kec. Kao Teluk,270422,Kab. halmahera Utara,270400,Prov. Maluku Utara,270000,8,1,78,6,6,0,1,30,16 Apr 2026 13:48:08,718DD276FB5B2D6355C2
SD INPRES AKESAHU,60200341,SD,Negeri,Kec. Kao Teluk,270422,Kab. halmahera Utara,270400,Prov. Maluku Utara,270000,12,1,45,6,6,0,1,73,28 Apr 2026 10:04:04,3E3C50297C16E7AE71D2
SD INPRES DUM DUM SAMAT,60200368,SD,Negeri,Kec. Kao Teluk,270422,Kab. halmahera Utara,270400,Prov. Maluku Utara,270000,6,1,33,6,6,0,1,41,16 Mar 2026 21:25:49,1FC049629D7D5D0189BB
SD INPRES LAINOMA,60200378,SD,Negeri,Kec. Kao Teluk,270422,Kab. halmahera Utara,270400,Prov. Maluku Utara,270000,6,1,66,6,6,0,1,38,10 Apr 2026 03:04:50,1961EBC1915B26B82CF8
SD INPRES TAKOME GAMLAMO,60200352,SD,Negeri,Kec. Kao Teluk,270422,Kab. halmahera Utara,270400,Prov. Maluku Utara,270000,7,0,28,6,6,0,1,25,27 Apr 2026 20:23:52,3F8850048DBEA4D38CFC
SD NEGERI AKELAMO CIBOK,69893373,SD,Negeri,Kec. Kao Teluk,270422,Kab. halmahera Utara,270400,Prov. Maluku Utara,270000,4,1,24,6,3,0,0,12,04 Feb 2026 23:58:34,32818C6B149C0F86DD79
SD NEGERI BOBANEIGO,69979557,SD,Negeri,Kec. Kao Teluk,270422,Kab. halmahera Utara,270400,Prov. Maluku Utara,270000,4,2,34,6,6,1,1,31,02 May 2026 14:36:57,C20D2F7891D47414E6F8
SD NEGERI DUM-DUM PANTAI,60201873,SD,Negeri,Kec. Kao Teluk,270422,Kab. halmahera Utara,270400,Prov. Maluku Utara,270000,7,0,79,6,6,0,1,63,23 Apr 2026 21:14:31,F751BA03E599161CC804
SD NEGERI KOBOK PAPAKA,70050596,SD,Negeri,Kec. Kao Teluk,270422,Kab. halmahera Utara,270400,Prov. Maluku Utara,270000,2,0,21,4,4,0,0,32,23 Apr 2026 20:20:57,3A4EA22FC4CECFAA1634
SDN INPRES DUM DUM GOTA,60200351,SD,Negeri,Kec. Kao Teluk,270422,Kab. halmahera Utara,270400,Prov. Maluku Utara,270000,7,1,61,6,6,0,0,29,03 Mar 2026 06:00:55,891C06651252F7439CBE
SMP NEGERI 12 HALMAHERA UTARA,60200279,SMP,Negeri,Kec. Kao Teluk,270422,Kab. halmahera Utara,270400,Prov. Maluku Utara,270000,16,2,161,6,11,2,1,22,12 Apr 2026 13:46:14,20F217D1ADE6CA985B47
SMP NEGERI SATU ATAP BOBANEIGO,69980792,SMP,Negeri,Kec. Kao Teluk,270422,Kab. halmahera Utara,270400,Prov. Maluku Utara,270000,9,3,45,3,3,1,1,25,05 Apr 2026 15:45:50,9DCCCCBE0B09B1DA1C68
SMP BPD NGEBA PASIR PUTIH,69893380,SMP,Swasta,Kec. Kao Teluk,270422,Kab. halmahera Utara,270400,Prov. Maluku Utara,270000,3,1,0,0,0,0,0,0,,3425ECA41939383D21AD
SMK NEGERI 3 HALMAHERA UTARA,60203691,SMK,Negeri,Kec. Kao Teluk,270422,Kab. halmahera Utara,270400,Prov. Maluku Utara,270000,25,4,202,10,10,1,0,108,01 May 2026 07:23:49,2712ACBCF81B5660A4BE
SD INPRES GAMSUNGI 2,60202855,SD,Negeri,Kec. Tobelo Barat,270413,Kab. halmahera Utara,270400,Prov. Maluku Utara,270000,9,3,40,6,4,0,0,9,28 Apr 2026 19:24:42,D3DE90F1FC6F76CB9E62
SD INPRES KUSURI,60201783,SD,Negeri,Kec. Tobelo Barat,270413,Kab. halmahera Utara,270400,Prov. Maluku Utara,270000,13,2,198,8,10,0,1,15,29 Apr 2026 10:12:04,E3E2763F0601D0061ABC
SD INPRES SUKAMAJU,60201805,SD,Negeri,Kec. Tobelo Barat,270413,Kab. halmahera Utara,270400,Prov. Maluku Utara,270000,11,3,65,6,6,1,1,16,20 Apr 2026 20:04:22,E62330976DC844F742BA
SD INPRES TOGOLIUA,60201812,SD,Negeri,Kec. Tobelo Barat,270413,Kab. halmahera Utara,270400,Prov. Maluku Utara,270000,9,5,151,7,7,0,1,11,22 Apr 2026 19:57:36,BD744981023EFA989204
SD INPRES UPT TOGOLIUA,60201815,SD,Negeri,Kec. Tobelo Barat,270413,Kab. halmahera Utara,270400,Prov. Maluku Utara,270000,9,1,63,6,6,0,1,15,13 Apr 2026 16:47:46,C45D3691967F8EC6274B
SD NEGERI BIRINOA,60201842,SD,Negeri,Kec. Tobelo Barat,270413,Kab. halmahera Utara,270400,Prov. Maluku Utara,270000,8,1,57,6,6,0,1,7,03 Mar 2026 21:46:53,F218C8B46D7E706B2368
SD NEGERI KEKE,69882342,SD,Negeri,Kec. Tobelo Barat,270413,Kab. halmahera Utara,270400,Prov. Maluku Utara,270000,8,1,37,6,5,0,0,17,23 Apr 2026 19:58:19,7FDD467170638C538ADF
SD NEGERI TOGIHORO,60202863,SD,Negeri,Kec. Tobelo Barat,270413,Kab. halmahera Utara,270400,Prov. Maluku Utara,270000,9,1,46,6,4,0,1,15,08 Apr 2026 05:39:13,FA4925372B4580F75A54
SD NEGERI WANGONGIRA,60201860,SD,Negeri,Kec. Tobelo Barat,270413,Kab. halmahera Utara,270400,Prov. Maluku Utara,270000,12,1,54,6,6,0,1,11,03 Mar 2026 21:53:50,25705B08A8322BE54DD6
SD RAHAI,69762741,SD,Swasta,Kec. Tobelo Barat,270413,Kab. halmahera Utara,270400,Prov. Maluku Utara,270000,4,1,97,6,6,1,1,10,09 Mar 2026 12:06:53,C2E6D3D7E3BB46044988
SMP NEGERI SATU ATAP KUSURI,60201904,SMP,Negeri,Kec. Tobelo Barat,270413,Kab. halmahera Utara,270400,Prov. Maluku Utara,270000,19,1,237,9,9,2,1,109,23 Apr 2026 21:09:33,A6C251F774ECDC9204EB
SMP RAHAI,69980797,SMP,Swasta,Kec. Tobelo Barat,270413,Kab. halmahera Utara,270400,Prov. Maluku Utara,270000,5,1,51,3,3,1,1,7,23 Apr 2026 12:08:51,35403DD1752F9797A259
SMA ALHIDAYAH,69960851,SMA,Swasta,Kec. Tobelo Barat,270413,Kab. halmahera Utara,270400,Prov. Maluku Utara,270000,6,1,71,3,3,2,0,34,22 Apr 2026 12:09:49,5B1875930D24577F20B2
SMAS HOHIDIAI TOBELO,70032647,SMA,Swasta,Kec. Tobelo Barat,270413,Kab. halmahera Utara,270400,Prov. Maluku Utara,270000,5,1,33,3,3,1,1,7,11 Mar 2026 19:29:47,BCAEA8FC20A3BC412639
SMKS DIAN HALMAHERA,69762738,SMK,Swasta,Kec. Tobelo Barat,270413,Kab. halmahera Utara,270400,Prov. Maluku Utara,270000,6,1,56,3,3,0,0,45,19 Apr 2026 21:08:06,1DAB3CFE2F641D67124F
SD INPRES GONGA,60201780,SD,Negeri,Kec. Tobelo Timur,270412,Kab. halmahera Utara,270400,Prov. Maluku Utara,270000,10,1,63,6,4,0,0,28,30 Apr 2026 15:45:51,27BAD2F679D8BDA9BDAD
SD INPRES MAWEA,60201788,SD,Negeri,Kec. Tobelo Timur,270412,Kab. halmahera Utara,270400,Prov. Maluku Utara,270000,15,1,112,6,6,0,1,42,28 Apr 2026 06:44:42,3C78D999F141048AB68E
SD INPRES METI,60201790,SD,Negeri,Kec. Tobelo Timur,270412,Kab. halmahera Utara,270400,Prov. Maluku Utara,270000,8,1,66,6,6,0,1,45,30 Mar 2026 19:41:49,FC1D5161D346EE021126
SD INPRES YARO,60201819,SD,Negeri,Kec. Tobelo Timur,270412,Kab. halmahera Utara,270400,Prov. Maluku Utara,270000,13,1,163,8,9,0,1,35,30 Apr 2026 07:09:40,5CC80FF26826BD3E41B0
SD NEGERI GONGA PANTE,60202857,SD,Negeri,Kec. Tobelo Timur,270412,Kab. halmahera Utara,270400,Prov. Maluku Utara,270000,7,1,33,6,2,0,3,42,16 Apr 2026 10:47:24,D14BF9EC3C7B40FA877C
SD NEGERI RANGO-RANGO,69733868,SD,Negeri,Kec. Tobelo Timur,270412,Kab. halmahera Utara,270400,Prov. Maluku Utara,270000,7,1,19,6,6,0,0,18,05 Apr 2026 23:01:05,CA7B7831925E2FADB973
SD GMIH KATANA,60201740,SD,Swasta,Kec. Tobelo Timur,270412,Kab. halmahera Utara,270400,Prov. Maluku Utara,270000,6,1,70,5,7,0,0,9,19 Feb 2026 08:32:36,8A436CC20C9041C0871F
SD GMIH MAWEA,60201744,SD,Swasta,Kec. Tobelo Timur,270412,Kab. halmahera Utara,270400,Prov. Maluku Utara,270000,5,1,80,6,6,0,2,23,09 Apr 2026 22:53:43,90A174213768C9B46B1F
SD GMIH METI,60201745,SD,Swasta,Kec. Tobelo Timur,270412,Kab. halmahera Utara,270400,Prov. Maluku Utara,270000,10,1,77,6,6,0,0,25,07 Apr 2026 19:48:33,D3BDC69FF5C773F0FE31
SMP NEGERI SATU ATAP METI,69965215,SMP,Negeri,Kec. Tobelo Timur,270412,Kab. halmahera Utara,270400,Prov. Maluku Utara,270000,16,1,84,3,3,1,1,38,30 Apr 2026 22:02:12,0605C581DEDA38B04DAB
SMP TUNAS BANGSA HORIMOI,60724599,SMP,Swasta,Kec. Tobelo Timur,270412,Kab. halmahera Utara,270400,Prov. Maluku Utara,270000,16,2,193,6,6,0,1,25,16 Mar 2026 08:01:38,8056F418D4DAA855833A
SMK NEGERI 4 HALMAHERA UTARA,60724608,SMK,Negeri,Kec. Tobelo Timur,270412,Kab. halmahera Utara,270400,Prov. Maluku Utara,270000,19,1,92,6,4,6,0,44,29 Apr 2026 07:55:54,DD97D1B66AD073441279
SD INPRES MAMUYA,60201787,SD,Negeri,Kec. Galela,270404,Kab. halmahera Utara,270400,Prov. Maluku Utara,270000,23,2,231,12,11,0,1,12,07 Mar 2026 18:16:17,1B756DA64993EB3AAAC7
SD INPRES SIMAU,60201801,SD,Negeri,Kec. Galela,270404,Kab. halmahera Utara,270400,Prov. Maluku Utara,270000,13,2,122,7,7,0,1,48,22 Apr 2026 20:34:44,999606E2EA381AD84EA0
SD INPRES SOASIO,69786651,SD,Negeri,Kec. Galela,270404,Kab. halmahera Utara,270400,Prov. Maluku Utara,270000,12,4,151,6,6,1,1,26,22 Apr 2026 23:55:54,1602639B376AB52945AA
SD NEGERI SOASIO,60201854,SD,Negeri,Kec. Galela,270404,Kab. halmahera Utara,270400,Prov. Maluku Utara,270000,11,5,97,6,6,0,1,36,08 Mar 2026 08:09:52,E5A4B6574A0DC78D3FEC
SD GMIH MAMUYA,60201743,SD,Swasta,Kec. Galela,270404,Kab. halmahera Utara,270400,Prov. Maluku Utara,270000,4,1,99,6,6,0,1,15,20 Apr 2026 10:51:11,3AA09CE477A877E5AF72
SMP NEGERI 5 HALMAHERA UTARA,60200277,SMP,Negeri,Kec. Galela,270404,Kab. halmahera Utara,270400,Prov. Maluku Utara,270000,27,5,268,10,12,2,1,60,30 Apr 2026 11:44:31,E5E092473C537EE469D0
SMP HAWA DJURUMUDI HARUM,70053519,SMP,Swasta,Kec. Galela,270404,Kab. halmahera Utara,270400,Prov. Maluku Utara,270000,0,0,0,0,0,0,0,0,,814D6BA930314688364B
SMA NEGERI 2 HALMAHERA UTARA,60200292,SMA,Negeri,Kec. Galela,270404,Kab. halmahera Utara,270400,Prov. Maluku Utara,270000,37,4,383,12,15,4,1,31,29 Apr 2026 06:12:56,CFCA69B878514BA169EE
SMAS MUHAMMADIYAH GALELA,60201924,SMA,Swasta,Kec. Galela,270404,Kab. halmahera Utara,270400,Prov. Maluku Utara,270000,10,1,26,3,2,2,0,12,17 Apr 2026 17:22:51,A20F842BFC7BD767C0BF
SMK ARH 2 HALUT,69982209,SMK,Swasta,Kec. Galela,270404,Kab. halmahera Utara,270400,Prov. Maluku Utara,270000,11,2,80,3,3,2,1,23,02 May 2026 07:52:26,55C9E419B85B6C40D9B1
SMK BINA MITRA,69945606,SMK,Swasta,Kec. Galela,270404,Kab. halmahera Utara,270400,Prov. Maluku Utara,270000,3,1,46,3,3,0,0,22,22 Apr 2026 12:34:25,F644FE4C041AC98C975D
SMKS TARAKANI GALELA,60202878,SMK,Swasta,Kec. Galela,270404,Kab. halmahera Utara,270400,Prov. Maluku Utara,270000,7,2,154,8,9,1,1,52,28 Apr 2026 11:41:21,EA0204FE6F1013E5C971
SD INPRES 1 HALMAHERA BARAT,60201940,SD,Negeri,Kec. Jailolo,270306,Kab. Halmahera Barat,270300,Prov. Maluku Utara,270000,9,2,92,6,6,1,1,25,22 Apr 2026 18:31:51,2977D0C6C7A9902370B8
SD INPRES 10 HALMAHERA BARAT,60200106,SD,Negeri,Kec. Jailolo,270306,Kab. Halmahera Barat,270300,Prov. Maluku Utara,270000,11,6,58,6,6,1,1,15,01 May 2026 20:29:23,61BD4BF2273657DF692F
SD INPRES 11 HALMAHERA BARAT,60202671,SD,Negeri,Kec. Jailolo,270306,Kab. Halmahera Barat,270300,Prov. Maluku Utara,270000,9,1,114,6,7,0,1,25,02 Apr 2026 06:51:37,92F7D457E84EE27E7CD5
SD INPRES 2 HALMAHERA BARAT,60200153,SD,Negeri,Kec. Jailolo,270306,Kab. Halmahera Barat,270300,Prov. Maluku Utara,270000,16,4,261,11,13,1,1,24,25 Apr 2026 10:51:51,4CDB7EC6294139671EEA
SD INPRES 3 HALMAHERA BARAT,60201942,SD,Negeri,Kec. Jailolo,270306,Kab. Halmahera Barat,270300,Prov. Maluku Utara,270000,13,4,93,6,6,0,1,20,09 Apr 2026 04:12:12,CD5643A10027CDF709AB
SD INPRES 4 HALMAHERA BARAT,60200154,SD,Negeri,Kec. Jailolo,270306,Kab. Halmahera Barat,270300,Prov. Maluku Utara,270000,9,2,94,6,9,0,1,18,18 Apr 2026 04:37:54,73B74A520C212E584E9A
SD INPRES 5 HALMAHERA BARAT,60201939,SD,Negeri,Kec. Jailolo,270306,Kab. Halmahera Barat,270300,Prov. Maluku Utara,270000,12,2,100,6,6,0,2,11,07 Apr 2026 07:02:10,023794F7077D6B7BAA21
SD INPRES 6 HALMAHERA BARAT,60202655,SD,Negeri,Kec. Jailolo,270306,Kab. Halmahera Barat,270300,Prov. Maluku Utara,270000,9,1,104,6,6,0,1,15,16 Apr 2026 21:08:38,09A84157C94E61221460
SD INPRES 7 HALMAHERA BARAT,60202171,SD,Negeri,Kec. Jailolo,270306,Kab. Halmahera Barat,270300,Prov. Maluku Utara,270000,10,4,136,7,8,1,1,11,15 Apr 2026 07:01:08,2B13DB4F429F3EF7FF6A
SD INPRES 8 HALMAHERA BARAT,60201943,SD,Negeri,Kec. Jailolo,270306,Kab. Halmahera Barat,270300,Prov. Maluku Utara,270000,13,2,121,8,7,0,1,20,08 Apr 2026 07:13:26,6FC7CE316347F4C9C683
SD INPRES 9 HALMAHERA BARAT,60201944,SD,Negeri,Kec. Jailolo,270306,Kab. Halmahera Barat,270300,Prov. Maluku Utara,270000,10,2,41,6,6,0,1,9,05 Apr 2026 16:59:49,B872713D6673C540A058
SD NEGERI 1 HALMAHERA BARAT,60201947,SD,Negeri,Kec. Jailolo,270306,Kab. Halmahera Barat,270300,Prov. Maluku Utara,270000,21,2,265,12,12,2,1,21,02 May 2026 16:54:01,3EC93B48F745ADF241F0
SD NEGERI 10 HALMAHERA BARAT,60202733,SD,Negeri,Kec. Jailolo,270306,Kab. Halmahera Barat,270300,Prov. Maluku Utara,270000,11,5,93,6,6,0,1,36,26 Apr 2026 18:09:36,7561BF0829A3F3F82B52
SD NEGERI 11 HALMAHERA BARAT,60202715,SD,Negeri,Kec. Jailolo,270306,Kab. Halmahera Barat,270300,Prov. Maluku Utara,270000,9,2,76,6,6,0,1,12,08 Apr 2026 09:15:07,9791BF251232495C0E93
SD NEGERI 12 HALMAHERA BARAT,60201952,SD,Negeri,Kec. Jailolo,270306,Kab. Halmahera Barat,270300,Prov. Maluku Utara,270000,10,2,26,6,6,0,0,11,22 Apr 2026 19:14:52,ADDF3F9D56B917822C78
SD NEGERI 13 HALMAHERA BARAT,60201946,SD,Negeri,Kec. Jailolo,270306,Kab. Halmahera Barat,270300,Prov. Maluku Utara,270000,9,4,97,6,6,0,1,20,02 May 2026 19:02:11,FAF9FE8E5006710F2872
SD NEGERI 14 HALMAHERA BARAT,69786659,SD,Negeri,Kec. Jailolo,270306,Kab. Halmahera Barat,270300,Prov. Maluku Utara,270000,10,2,23,6,4,0,0,7,13 Apr 2026 12:54:02,1E779FBA4CEB5E5BAF45
SD NEGERI 15 HALMAHERA BARAT,60202320,SD,Negeri,Kec. Jailolo,270306,Kab. Halmahera Barat,270300,Prov. Maluku Utara,270000,10,1,44,6,6,0,1,14,07 Apr 2026 17:01:57,6AFE4FF6C455B0027A08
SD NEGERI 2 HALMAHERA BARAT,60202698,SD,Negeri,Kec. Jailolo,270306,Kab. Halmahera Barat,270300,Prov. Maluku Utara,270000,14,1,190,10,11,1,1,18,10 Apr 2026 16:43:21,AB6DA19E15BC0EE22179
SD NEGERI 3 HALMAHERA BARAT,60201950,SD,Negeri,Kec. Jailolo,270306,Kab. Halmahera Barat,270300,Prov. Maluku Utara,270000,10,4,83,6,6,0,1,24,28 Apr 2026 07:35:17,A34D2F645BF4C7B38316
SD NEGERI 4 HALMAHERA BARAT,60202709,SD,Negeri,Kec. Jailolo,270306,Kab. Halmahera Barat,270300,Prov. Maluku Utara,270000,13,8,94,6,7,0,1,24,25 Apr 2026 08:07:44,8FC7F23E086F875054B1
SD NEGERI 5 HALMAHERA BARAT,60200152,SD,Negeri,Kec. Jailolo,270306,Kab. Halmahera Barat,270300,Prov. Maluku Utara,270000,9,2,67,6,6,0,1,9,20 Apr 2026 19:12:37,0D959313035060A8CD42
SD NEGERI 6 HALMAHERA BARAT,60202699,SD,Negeri,Kec. Jailolo,270306,Kab. Halmahera Barat,270300,Prov. Maluku Utara,270000,12,2,75,6,6,0,1,12,29 Apr 2026 07:27:13,377D6D9B6940433B5749
SD NEGERI 64 HALMAHERA BARAT,69932659,SD,Negeri,Kec. Jailolo,270306,Kab. Halmahera Barat,270300,Prov. Maluku Utara,270000,10,4,109,6,8,0,0,28,14 Apr 2026 06:57:55,167E6C4B9AD85513A245
SD NEGERI 68 HALMAHERA BARAT,69962138,SD,Negeri,Kec. Jailolo,270306,Kab. Halmahera Barat,270300,Prov. Maluku Utara,270000,8,2,21,6,3,0,0,15,04 Apr 2026 04:12:00,42555AC3EA8C6705A253
SD NEGERI 7 HALMAHERA BARAT,60200151,SD,Negeri,Kec. Jailolo,270306,Kab. Halmahera Barat,270300,Prov. Maluku Utara,270000,9,2,57,6,6,0,1,17,12 Mar 2026 17:44:09,7466F192301068C53F16
SD NEGERI 8 HALMAHERA BARAT,60200147,SD,Negeri,Kec. Jailolo,270306,Kab. Halmahera Barat,270300,Prov. Maluku Utara,270000,15,3,119,6,6,0,1,27,29 Apr 2026 03:20:20,7D94E7D97601371825A3
SD NEGERI 9 HALMAHERA BARAT,60202732,SD,Negeri,Kec. Jailolo,270306,Kab. Halmahera Barat,270300,Prov. Maluku Utara,270000,11,4,94,6,6,1,1,35,29 Apr 2026 19:14:26,E9D53510B835EE0E2B89
SD ADVENT AKEDIRI,60201937,SD,Swasta,Kec. Jailolo,270306,Kab. Halmahera Barat,270300,Prov. Maluku Utara,270000,6,2,165,7,11,0,0,19,12 Apr 2026 21:31:44,8FD68C177D7D5C626829
SD DIAN LOLORI,60202641,SD,Swasta,Kec. Jailolo,270306,Kab. Halmahera Barat,270300,Prov. Maluku Utara,270000,7,1,52,6,6,0,1,16,02 Apr 2026 16:33:48,18C572C558A5427B59D1
SD GMIH BUKUMATITI,60201935,SD,Swasta,Kec. Jailolo,270306,Kab. Halmahera Barat,270300,Prov. Maluku Utara,270000,7,1,115,6,6,0,1,19,13 Apr 2026 06:57:46,D290EF8FDF4EDF074A66
SD GMIH IDAMDEHE,60202113,SD,Swasta,Kec. Jailolo,270306,Kab. Halmahera Barat,270300,Prov. Maluku Utara,270000,6,4,55,6,6,0,1,8,01 Apr 2026 01:23:55,C1007F4F9253CFF53282
SD GMIH JAILOLO,60201938,SD,Swasta,Kec. Jailolo,270306,Kab. Halmahera Barat,270300,Prov. Maluku Utara,270000,8,2,57,6,6,0,1,12,13 Apr 2026 13:52:01,6918BB98EF1F13554350
SD GMIH TABOSO,60202120,SD,Swasta,Kec. Jailolo,270306,Kab. Halmahera Barat,270300,Prov. Maluku Utara,270000,8,1,81,6,6,0,1,31,12 Feb 2026 06:29:19,DCB592489EADE4A16007
SD GMIH TEDENG,60200146,SD,Swasta,Kec. Jailolo,270306,Kab. Halmahera Barat,270300,Prov. Maluku Utara,270000,6,2,187,6,6,1,1,22,21 Apr 2026 08:54:45,9A21EA66C20CE625A4C3
SD ISLAM TERPADU AL-UKHUWAH,69758485,SD,Swasta,Kec. Jailolo,270306,Kab. Halmahera Barat,270300,Prov. Maluku Utara,270000,14,3,225,11,12,0,0,54,30 Apr 2026 07:06:00,F4977E8645D5A96C671D
SMP NEGERI 1 HALMAHERA BARAT,60202773,SMP,Negeri,Kec. Jailolo,270306,Kab. Halmahera Barat,270300,Prov. Maluku Utara,270000,32,4,513,16,16,2,1,21,28 Apr 2026 12:50:12,74A0587264985221207E
SMP NEGERI 10 HALMAHERA BARAT,60200117,SMP,Negeri,Kec. Jailolo,270306,Kab. Halmahera Barat,270300,Prov. Maluku Utara,270000,14,4,80,3,9,1,2,17,01 May 2026 20:21:37,EE5620944342A1C4B171
SMP NEGERI 11 HALMAHERA BARAT,60201961,SMP,Negeri,Kec. Jailolo,270306,Kab. Halmahera Barat,270300,Prov. Maluku Utara,270000,11,3,76,3,6,2,2,31,01 May 2026 04:31:32,FE3EAD413EE27D188F50
SMP NEGERI 15 HALMAHERA BARAT,60202322,SMP,Negeri,Kec. Jailolo,270306,Kab. Halmahera Barat,270300,Prov. Maluku Utara,270000,12,6,78,3,3,2,1,13,29 Mar 2026 19:59:22,43E3ED77DDD5688DF71C
SMP NEGERI 2 HALMAHERA BARAT,60202778,SMP,Negeri,Kec. Jailolo,270306,Kab. Halmahera Barat,270300,Prov. Maluku Utara,270000,33,8,519,17,17,1,4,40,27 Apr 2026 08:25:27,688D0765C707F5C1826E
SMP NEGERI 31 HALMAHERA BARAT,69768227,SMP,Negeri,Kec. Jailolo,270306,Kab. Halmahera Barat,270300,Prov. Maluku Utara,270000,11,2,31,3,2,2,0,25,02 Apr 2026 06:49:43,DD0ABCB4D83CC22F796E
SMP NEGERI 45 HALMAHERA BARAT,60202765,SMP,Negeri,Kec. Jailolo,270306,Kab. Halmahera Barat,270300,Prov. Maluku Utara,270000,14,3,46,3,5,2,1,31,21 Apr 2026 07:49:57,42A7D5C16B13771FAC61
SMP ADVENT AKEDIRI,60201958,SMP,Swasta,Kec. Jailolo,270306,Kab. Halmahera Barat,270300,Prov. Maluku Utara,270000,6,6,184,7,9,0,0,15,12 Apr 2026 20:52:31,51837AB6AD1649E42377
SMP DIAN BUKUMATITI,60201966,SMP,Swasta,Kec. Jailolo,270306,Kab. Halmahera Barat,270300,Prov. Maluku Utara,270000,5,1,37,3,3,2,1,11,16 Apr 2026 05:21:51,3B1CBF4208F32C135430
SMP DIAN ULO,60201971,SMP,Swasta,Kec. Jailolo,270306,Kab. Halmahera Barat,270300,Prov. Maluku Utara,270000,4,4,20,3,1,0,0,21,23 Apr 2026 10:44:10,54C6E5EA33FEBDDACB6D
SMP ISLAM JAILOLO,60601959,SMP,Swasta,Kec. Jailolo,270306,Kab. Halmahera Barat,270300,Prov. Maluku Utara,270000,10,2,148,6,7,2,1,22,01 May 2026 12:00:24,638C265710CF3953AB68
SMP KRISTEN JAILOLO,60201960,SMP,Swasta,Kec. Jailolo,270306,Kab. Halmahera Barat,270300,Prov. Maluku Utara,270000,7,2,67,3,6,2,1,12,14 Apr 2026 09:17:25,E103D802C5B0D675502E
SMP MUHAMMADIYAH ACANGO,60200116,SMP,Swasta,Kec. Jailolo,270306,Kab. Halmahera Barat,270300,Prov. Maluku Utara,270000,6,1,41,3,3,1,1,48,01 May 2026 17:47:54,AF47EF6BB4636B54789E
SMA NEGERI 1 HALMAHERA BARAT,60202793,SMA,Negeri,Kec. Jailolo,270306,Kab. Halmahera Barat,270300,Prov. Maluku Utara,270000,50,8,847,22,29,5,1,69,01 May 2026 14:39:27,01B183EC2981A29545B2
SMAS ADVENT PIONEER AKEDIRI,70000259,SMA,Swasta,Kec. Jailolo,270306,Kab. Halmahera Barat,270300,Prov. Maluku Utara,270000,8,2,67,3,3,0,0,24,30 Apr 2026 13:59:42,2E97729E6335FB707F45
SMAS ISLAM HALMAHERA BARAT,60202787,SMA,Swasta,Kec. Jailolo,270306,Kab. Halmahera Barat,270300,Prov. Maluku Utara,270000,15,2,179,7,8,2,1,78,25 Apr 2026 19:22:49,1481738189895ED8C77A
SMAS NUSANTARA,60203630,SMA,Swasta,Kec. Jailolo,270306,Kab. Halmahera Barat,270300,Prov. Maluku Utara,270000,8,1,89,5,6,2,0,48,26 Apr 2026 08:22:54,D272A5788AF0889A58A7
SMK NEGERI 1 HALMAHERA BARAT,60202318,SMK,Negeri,Kec. Jailolo,270306,Kab. Halmahera Barat,270300,Prov. Maluku Utara,270000,29,7,99,14,8,3,1,82,28 Apr 2026 10:43:43,13314E6AF60007A4296C
SMK BINA INSANI JAILOLO,69888744,SMK,Swasta,Kec. Jailolo,270306,Kab. Halmahera Barat,270300,Prov. Maluku Utara,270000,12,1,199,9,5,3,1,103,30 Apr 2026 08:46:25,DC0326F6F6148683FD86
SMK MUHAMMADIYAH HALMAHERA BARAT,69828774,SMK,Swasta,Kec. Jailolo,270306,Kab. Halmahera Barat,270300,Prov. Maluku Utara,270000,16,4,161,12,12,1,1,29,29 Apr 2026 20:58:53,1F919131C65381444F44
SMKS BHAKTI PERSADA,60202325,SMK,Swasta,Kec. Jailolo,270306,Kab. Halmahera Barat,270300,Prov. Maluku Utara,270000,2,2,0,0,0,0,0,0,,6FBC47190052915F094D
SMKS EKLESIA AKEDIRI,60202797,SMK,Swasta,Kec. Jailolo,270306,Kab. Halmahera Barat,270300,Prov. Maluku Utara,270000,11,2,211,9,11,4,1,40,28 Apr 2026 16:07:55,E2350E6BA1A1A3FCB51D
SD INPRES 41 HALMAHERA BARAT,60202179,SD,Negeri,Kec. Jailolo Selatan,270305,Kab. Halmahera Barat,270300,Prov. Maluku Utara,270000,10,1,37,6,6,0,1,21,16 Apr 2026 19:45:22,2CF37A778CACF3300900
SD INPRES 42 HALMAHERA BARAT,60202707,SD,Negeri,Kec. Jailolo Selatan,270305,Kab. Halmahera Barat,270300,Prov. Maluku Utara,270000,10,3,62,6,7,0,1,17,22 Apr 2026 02:41:00,6CA43A2FDC573215AF07
SD INPRES 43 HALMAHERA BARAT,60202189,SD,Negeri,Kec. Jailolo Selatan,270305,Kab. Halmahera Barat,270300,Prov. Maluku Utara,270000,10,6,117,6,6,1,1,20,15 Apr 2026 08:48:34,52A93902FA7456784ED4
SD INPRES 44 HALMAHERA BARAT,60200155,SD,Negeri,Kec. Jailolo Selatan,270305,Kab. Halmahera Barat,270300,Prov. Maluku Utara,270000,8,1,101,6,6,0,1,16,02 Mar 2026 20:51:09,97C44043F7BCBF979D62
SD INPRES 45 HALMAHERA BARAT,60202729,SD,Negeri,Kec. Jailolo Selatan,270305,Kab. Halmahera Barat,270300,Prov. Maluku Utara,270000,7,1,45,6,6,0,0,25,26 Apr 2026 20:07:06,C72DD4A71BE1597208FD
SD INPRES 46 HALMAHERA BARAT,60202211,SD,Negeri,Kec. Jailolo Selatan,270305,Kab. Halmahera Barat,270300,Prov. Maluku Utara,270000,10,2,80,6,6,0,1,25,25 Apr 2026 12:32:01,08F03EF0825FD201EA81
SD NEGERI 29 HALMAHERA BARAT,60202175,SD,Negeri,Kec. Jailolo Selatan,270305,Kab. Halmahera Barat,270300,Prov. Maluku Utara,270000,10,3,101,6,2,0,1,28,29 Apr 2026 05:46:29,170CBF5ED0B70C81D5B3
SD NEGERI 30 HALMAHERA BARAT,60202176,SD,Negeri,Kec. Jailolo Selatan,270305,Kab. Halmahera Barat,270300,Prov. Maluku Utara,270000,8,1,119,6,6,0,3,41,02 May 2026 17:23:28,54A57453B7389CA55717
SD NEGERI 31 HALMAHERA BARAT,60202177,SD,Negeri,Kec. Jailolo Selatan,270305,Kab. Halmahera Barat,270300,Prov. Maluku Utara,270000,8,2,94,6,6,1,1,28,27 Apr 2026 17:21:49,A77D25D909B52E88E01E
SD NEGERI 32 HALMAHERA BARAT,60202178,SD,Negeri,Kec. Jailolo Selatan,270305,Kab. Halmahera Barat,270300,Prov. Maluku Utara,270000,8,3,71,6,7,0,1,32,30 Apr 2026 12:11:59,CDCCBE7DCAEFAB2202C3
SD NEGERI 33 HALMAHERA BARAT,60202705,SD,Negeri,Kec. Jailolo Selatan,270305,Kab. Halmahera Barat,270300,Prov. Maluku Utara,270000,8,1,43,6,6,0,1,38,02 May 2026 17:53:22,7ACA569A4E139AB55B5D
SD NEGERI 34 HALMAHERA BARAT,60202185,SD,Negeri,Kec. Jailolo Selatan,270305,Kab. Halmahera Barat,270300,Prov. Maluku Utara,270000,9,1,42,6,6,0,1,23,17 Apr 2026 10:16:13,51FBB1D738DECBD59EAE
SD NEGERI 35 HALMAHERA BARAT,60202188,SD,Negeri,Kec. Jailolo Selatan,270305,Kab. Halmahera Barat,270300,Prov. Maluku Utara,270000,8,4,126,6,6,0,1,14,07 Apr 2026 13:30:03,8D2A45BDA288700BDDF2
SD NEGERI 36 HALMAHERA BARAT,60202197,SD,Negeri,Kec. Jailolo Selatan,270305,Kab. Halmahera Barat,270300,Prov. Maluku Utara,270000,9,1,39,6,8,0,1,36,01 May 2026 04:27:10,064BE787FA35446F6BD3
SD NEGERI 37 HALMAHERA BARAT,60202198,SD,Negeri,Kec. Jailolo Selatan,270305,Kab. Halmahera Barat,270300,Prov. Maluku Utara,270000,9,6,88,6,6,0,1,16,11 Apr 2026 13:29:19,50F6B1E0700D4FF2CB89
SD NEGERI 38 HALMAHERA BARAT,60202150,SD,Negeri,Kec. Jailolo Selatan,270305,Kab. Halmahera Barat,270300,Prov. Maluku Utara,270000,7,1,41,6,6,0,0,25,25 Apr 2026 20:56:39,3187995D723CA9E513ED
SD NEGERI 39 HALMAHERA BARAT,60202204,SD,Negeri,Kec. Jailolo Selatan,270305,Kab. Halmahera Barat,270300,Prov. Maluku Utara,270000,12,1,120,6,6,0,0,24,17 Apr 2026 15:25:26,1517A812AB1F54C3E53B
SD NEGERI 40 HALMAHERA BARAT,60202719,SD,Negeri,Kec. Jailolo Selatan,270305,Kab. Halmahera Barat,270300,Prov. Maluku Utara,270000,8,1,28,6,6,1,1,19,01 May 2026 04:51:11,8B3BE12A3FA4701455AB
SD NEGERI 41 HALMAHERA BARAT,60202208,SD,Negeri,Kec. Jailolo Selatan,270305,Kab. Halmahera Barat,270300,Prov. Maluku Utara,270000,8,2,92,6,6,0,1,20,28 Apr 2026 09:50:22,9F8958CEA0D48C52527C
SD NEGERI 42 HALMAHERA BARAT,60202215,SD,Negeri,Kec. Jailolo Selatan,270305,Kab. Halmahera Barat,270300,Prov. Maluku Utara,270000,8,1,119,6,6,0,1,34,11 Apr 2026 09:38:12,A490A7119134B6EECFE7
SD NEGERI 43 HALMAHERA BARAT,60202734,SD,Negeri,Kec. Jailolo Selatan,270305,Kab. Halmahera Barat,270300,Prov. Maluku Utara,270000,9,2,63,6,6,0,1,15,27 Apr 2026 07:16:02,3A79810E540E167645A2
SD NEGERI 44 HALMAHERA BARAT,60200103,SD,Negeri,Kec. Jailolo Selatan,270305,Kab. Halmahera Barat,270300,Prov. Maluku Utara,270000,12,2,83,6,6,0,1,39,02 May 2026 17:41:46,3964F5D13A853695C19C
SD NEGERI 52 HALMAHERA BARAT,60202184,SD,Negeri,Kec. Jailolo Selatan,270305,Kab. Halmahera Barat,270300,Prov. Maluku Utara,270000,10,4,78,6,6,0,1,18,29 Apr 2026 11:29:41,75F27D05F1BAE7CA155F
SD NEGERI 53 HALMAHERA BARAT,60202209,SD,Negeri,Kec. Jailolo Selatan,270305,Kab. Halmahera Barat,270300,Prov. Maluku Utara,270000,6,4,107,6,6,0,1,33,01 May 2026 01:45:48,932E8BFD001822759BAB
SD NEGERI 54 HALMAHERA BARAT,60202181,SD,Negeri,Kec. Jailolo Selatan,270305,Kab. Halmahera Barat,270300,Prov. Maluku Utara,270000,6,1,12,6,6,0,1,14,29 Apr 2026 03:41:40,D42F4F6212F1BCF79A35
SD NEGERI 72 HALMAHERA BARAT,60202218,SD,Negeri,Kec. Jailolo Selatan,270305,Kab. Halmahera Barat,270300,Prov. Maluku Utara,270000,9,3,58,6,6,0,1,49,01 May 2026 04:22:14,C037E76FF6CC93E20318
SD ADVENT BIAMAAHI,60202106,SD,Swasta,Kec. Jailolo Selatan,270305,Kab. Halmahera Barat,270300,Prov. Maluku Utara,270000,3,1,33,6,6,0,0,10,04 Apr 2026 18:50:35,FA98290BFDBA10F1DBDA
SD BOBANE DANO,60202695,SD,Swasta,Kec. Jailolo Selatan,270305,Kab. Halmahera Barat,270300,Prov. Maluku Utara,270000,4,1,31,6,3,0,0,18,17 Apr 2026 21:30:24,D86D32E6FFDEE11EC14D
SD GMIH PASIR PUTIH,60200145,SD,Swasta,Kec. Jailolo Selatan,270305,Kab. Halmahera Barat,270300,Prov. Maluku Utara,270000,3,1,69,6,6,0,1,12,25 Apr 2026 14:18:52,5A6D723A9B90B0D7BBA6
SD LPM JIRI-JIRI,60202697,SD,Swasta,Kec. Jailolo Selatan,270305,Kab. Halmahera Barat,270300,Prov. Maluku Utara,270000,1,1,16,6,1,0,0,9,09 Mar 2026 01:47:42,D8D73B0A3BC819D28377
SD TUNAS BARITO,60202738,SD,Swasta,Kec. Jailolo Selatan,270305,Kab. Halmahera Barat,270300,Prov. Maluku Utara,270000,6,3,41,6,5,0,1,28,25 Apr 2026 03:50:28,BA634D79E9FEB1C3851D
SDTUWOKONA,60200131,SD,Swasta,Kec. Jailolo Selatan,270305,Kab. Halmahera Barat,270300,Prov. Maluku Utara,270000,6,1,30,6,8,0,0,11,16 Apr 2026 15:26:17,1A878EAF105474EE1210
SMP NEGERI 16 HALMAHERA BARAT,60200115,SMP,Negeri,Kec. Jailolo Selatan,270305,Kab. Halmahera Barat,270300,Prov. Maluku Utara,270000,11,1,63,3,3,2,1,22,30 Apr 2026 17:57:33,ADA98446E601A9AD59B6
SMP NEGERI 18 HALMAHERA BARAT,60201980,SMP,Negeri,Kec. Jailolo Selatan,270305,Kab. Halmahera Barat,270300,Prov. Maluku Utara,270000,9,2,81,4,3,1,1,11,23 Apr 2026 06:38:27,A61A31630668CD1A9E41
SMP NEGERI 24 HALMAHERA BARAT,69768228,SMP,Negeri,Kec. Jailolo Selatan,270305,Kab. Halmahera Barat,270300,Prov. Maluku Utara,270000,10,1,26,3,3,1,1,9,21 Apr 2026 07:24:37,CB9F86EB441356B46D48
SMP NEGERI 25 HALMAHERA BARAT,60201979,SMP,Negeri,Kec. Jailolo Selatan,270305,Kab. Halmahera Barat,270300,Prov. Maluku Utara,270000,28,11,189,8,11,2,1,24,09 Apr 2026 06:44:38,E484A82B45F0C9E9E676
SMP NEGERI 29 HALMAHERA BARAT,69727261,SMP,Negeri,Kec. Jailolo Selatan,270305,Kab. Halmahera Barat,270300,Prov. Maluku Utara,270000,13,7,38,3,3,1,1,19,04 Apr 2026 07:41:47,4D6280B6C367E02CAF97
SMP NEGERI 33 HALMAHERA BARAT,69862387,SMP,Negeri,Kec. Jailolo Selatan,270305,Kab. Halmahera Barat,270300,Prov. Maluku Utara,270000,8,1,49,3,3,1,1,15,22 Apr 2026 11:51:34,AD40EB64DD512D9E6EFB
SMP NEGERI 41 HALMAHERA BARAT,60202768,SMP,Negeri,Kec. Jailolo Selatan,270305,Kab. Halmahera Barat,270300,Prov. Maluku Utara,270000,14,5,18,3,3,1,1,21,11 Apr 2026 05:31:06,E65C13FA9394D0581EF4
SMP NEGERI 42 HALMAHERA BARAT,60201965,SMP,Negeri,Kec. Jailolo Selatan,270305,Kab. Halmahera Barat,270300,Prov. Maluku Utara,270000,12,3,45,3,3,0,1,26,21 Apr 2026 06:01:55,E2747E166DEE71CE1B6B
SMP NEGERI 44 HALMAHERA BARAT,60201963,SMP,Negeri,Kec. Jailolo Selatan,270305,Kab. Halmahera Barat,270300,Prov. Maluku Utara,270000,16,5,99,5,6,1,1,20,21 Apr 2026 08:48:40,18387BFEF2FA6978D7E3
SMP NEGERI 46 HALMAHERA BARAT,60202767,SMP,Negeri,Kec. Jailolo Selatan,270305,Kab. Halmahera Barat,270300,Prov. Maluku Utara,270000,10,2,43,3,6,1,1,31,24 Apr 2026 08:18:42,C50C61E78CCFCE51D286
SMP NEGERI 8 HALMAHERA BARAT,60202779,SMP,Negeri,Kec. Jailolo Selatan,270305,Kab. Halmahera Barat,270300,Prov. Maluku Utara,270000,9,1,48,3,3,2,1,13,15 Apr 2026 07:15:08,CC681B1960DAA48C7F30
SMP DIAN GAMLENGE,60202780,SMP,Swasta,Kec. Jailolo Selatan,270305,Kab. Halmahera Barat,270300,Prov. Maluku Utara,270000,4,1,19,3,3,1,0,1,11 Apr 2026 18:47:58,8AD37B47472EE4B7855A
SMP PIONEER BIAMAAHI,60201964,SMP,Swasta,Kec. Jailolo Selatan,270305,Kab. Halmahera Barat,270300,Prov. Maluku Utara,270000,6,1,41,3,3,1,1,26,20 Apr 2026 20:42:15,5ADA384D2B40D3F1FAB2
SMA NEGERI 5 HALMAHERA BARAT,60203640,SMA,Negeri,Kec. Jailolo Selatan,270305,Kab. Halmahera Barat,270300,Prov. Maluku Utara,270000,20,8,184,7,8,4,1,39,02 May 2026 09:58:02,5BAB5B0651F259C2A946
SMA NEGERI 6 HALMAHERA BARAT,60203631,SMA,Negeri,Kec. Jailolo Selatan,270305,Kab. Halmahera Barat,270300,Prov. Maluku Utara,270000,21,4,74,4,7,4,1,28,28 Apr 2026 08:42:45,3A74EB7A56D66E06C0F7
SMA NEGERI 7 HALMAHERA BARAT,60203637,SMA,Negeri,Kec. Jailolo Selatan,270305,Kab. Halmahera Barat,270300,Prov. Maluku Utara,270000,27,2,298,11,12,4,1,58,22 Apr 2026 07:20:26,F1461F189C3279DFF0BE
SMK NEGERI 5 HALMAHERA BARAT,60203638,SMK,Negeri,Kec. Jailolo Selatan,270305,Kab. Halmahera Barat,270300,Prov. Maluku Utara,270000,14,3,68,6,13,1,1,20,30 Apr 2026 05:36:56,F65C82885608CD72C8C9
SMK NEGERI 6 HALMAHERA BARAT,60203639,SMK,Negeri,Kec. Jailolo Selatan,270305,Kab. Halmahera Barat,270300,Prov. Maluku Utara,270000,10,3,41,3,5,1,1,38,25 Apr 2026 23:44:21,0996FC2ECA7D1BD3FFF0
SMK NEGERI 7 HALMAHERA BARAT,60203641,SMK,Negeri,Kec. Jailolo Selatan,270305,Kab. Halmahera Barat,270300,Prov. Maluku Utara,270000,14,3,46,3,2,4,1,23,01 May 2026 19:50:36,584BAD876015A42A37FA
SD INPRES 27 HALMAHERA BARAT,60202144,SD,Negeri,Kec. Loloda,270304,Kab. Halmahera Barat,270300,Prov. Maluku Utara,270000,8,3,51,6,6,0,0,17,29 Apr 2026 20:49:08,B45944AE3D47EE71EF00
SD INPRES 28 HALMAHERA BARAT,60202134,SD,Negeri,Kec. Loloda,270304,Kab. Halmahera Barat,270300,Prov. Maluku Utara,270000,4,5,34,6,6,0,0,16,25 Apr 2026 09:39:16,991D2160065E36E2CC0D
SD INPRES 29 HALMAHERA BARAT,60202664,SD,Negeri,Kec. Loloda,270304,Kab. Halmahera Barat,270300,Prov. Maluku Utara,270000,8,3,47,6,6,0,0,12,06 Apr 2026 04:02:33,A4D53E6873877D07D60B
SD INPRES 30 HALMAHERA BARAT,60202149,SD,Negeri,Kec. Loloda,270304,Kab. Halmahera Barat,270300,Prov. Maluku Utara,270000,5,3,68,6,6,0,0,17,08 Apr 2026 21:38:19,E0937799B05C1848A2F3
SD INPRES 31 HALMAHERA BARAT,60202151,SD,Negeri,Kec. Loloda,270304,Kab. Halmahera Barat,270300,Prov. Maluku Utara,270000,8,2,39,6,6,0,0,10,07 Apr 2026 07:13:07,63985ACF7807CE39E5A0
SD INPRES 32 HALMAHERA BARAT,60202167,SD,Negeri,Kec. Loloda,270304,Kab. Halmahera Barat,270300,Prov. Maluku Utara,270000,8,1,27,6,6,0,0,16,16 Apr 2026 02:52:10,46D5A4631019A023B7F3
SD INPRES 33 HALMAHERA BARAT,60202654,SD,Negeri,Kec. Loloda,270304,Kab. Halmahera Barat,270300,Prov. Maluku Utara,270000,11,1,47,6,7,0,1,16,07 Apr 2026 08:05:34,7ADE55C9B3B4F160CAAC
SD INPRES 34 HALMAHERA BARAT,60202142,SD,Negeri,Kec. Loloda,270304,Kab. Halmahera Barat,270300,Prov. Maluku Utara,270000,5,1,16,6,6,0,1,15,20 Apr 2026 22:22:17,F23AD67870B099DD7BD1
SD INPRES 35 HALMAHERA BARAT,60202131,SD,Negeri,Kec. Loloda,270304,Kab. Halmahera Barat,270300,Prov. Maluku Utara,270000,11,1,68,6,7,0,0,22,30 Apr 2026 12:16:32,E2F39430107581BAEDE2
SD INPRES 36 HALMAHERA BARAT,60202157,SD,Negeri,Kec. Loloda,270304,Kab. Halmahera Barat,270300,Prov. Maluku Utara,270000,6,1,47,6,6,0,0,31,21 Apr 2026 03:33:01,2CB8D27D654747525945
SD INPRES 37 HALMAHERA BARAT,60202164,SD,Negeri,Kec. Loloda,270304,Kab. Halmahera Barat,270300,Prov. Maluku Utara,270000,10,1,41,6,6,0,0,12,06 Apr 2026 04:43:23,D908AB2BD81EBFF62A22
SD INPRES 38 HALMAHERA BARAT,60202130,SD,Negeri,Kec. Loloda,270304,Kab. Halmahera Barat,270300,Prov. Maluku Utara,270000,8,3,28,6,6,0,1,28,25 Apr 2026 08:30:25,FE6D4AD4EB81DEBFF6BC
SD INPRES 39 HALMAHERA BARAT,60202136,SD,Negeri,Kec. Loloda,270304,Kab. Halmahera Barat,270300,Prov. Maluku Utara,270000,5,3,42,6,6,0,1,11,06 Apr 2026 05:08:14,3BEFF2F8CD97772CD533
SD INPRES 40 HALMAHERA BARAT,60202168,SD,Negeri,Kec. Loloda,270304,Kab. Halmahera Barat,270300,Prov. Maluku Utara,270000,3,2,30,6,6,0,0,15,06 Apr 2026 05:37:40,0FB63BE12044229EEF81
SD NEGERI 24 HALMAHERA BARAT,60202187,SD,Negeri,Kec. Loloda,270304,Kab. Halmahera Barat,270300,Prov. Maluku Utara,270000,6,2,116,6,6,0,0,22,20 Apr 2026 22:29:14,35282A05015F7C323848
SD NEGERI 25 HALMAHERA BARAT,60202191,SD,Negeri,Kec. Loloda,270304,Kab. Halmahera Barat,270300,Prov. Maluku Utara,270000,6,2,49,6,6,0,1,17,08 Apr 2026 03:37:18,FBA9CC2EF6EC4C87444D
SD NEGERI 26 HALMAHERA BARAT,60202196,SD,Negeri,Kec. Loloda,270304,Kab. Halmahera Barat,270300,Prov. Maluku Utara,270000,7,1,57,6,6,0,1,28,20 Apr 2026 01:08:40,52918769F6C1838D8BD3
SD NEGERI 28 HALMAHERA BARAT,60200110,SD,Negeri,Kec. Loloda,270304,Kab. Halmahera Barat,270300,Prov. Maluku Utara,270000,6,2,50,6,6,0,0,9,29 Apr 2026 20:07:02,7027A468A5000EA475D3
SD NEGERI 67 HALMAHERA BARAT,60202735,SD,Negeri,Kec. Loloda,270304,Kab. Halmahera Barat,270300,Prov. Maluku Utara,270000,7,2,29,6,6,0,1,12,29 Apr 2026 05:40:33,23F228F7FB37A035B618
SD NEGERI 73  HALMAHERA BARAT,60202174,SD,Negeri,Kec. Loloda,270304,Kab. Halmahera Barat,270300,Prov. Maluku Utara,270000,7,4,40,6,6,0,0,26,01 May 2026 19:11:24,D46107FC39D6EFD381F1
SD NEGERI 76 HALMAHERA BARAT,69768231,SD,Negeri,Kec. Loloda,270304,Kab. Halmahera Barat,270300,Prov. Maluku Utara,270000,6,1,27,6,6,0,1,15,10 Apr 2026 03:16:53,57323A9D55831A79548C
SD NEGERI 77 HALMAHERA BARAT,69758486,SD,Negeri,Kec. Loloda,270304,Kab. Halmahera Barat,270300,Prov. Maluku Utara,270000,6,3,21,6,6,0,1,15,07 Apr 2026 19:58:30,2946426BFEF96C934E95
SD NEGERI 78 HALMAHERA BARAT,60202643,SD,Negeri,Kec. Loloda,270304,Kab. Halmahera Barat,270300,Prov. Maluku Utara,270000,7,3,26,6,6,0,0,15,06 Apr 2026 17:11:44,11C7E1C424EC4BE8961D
SD NEGERI 80 HALMAHERA BARAT,60202736,SD,Negeri,Kec. Loloda,270304,Kab. Halmahera Barat,270300,Prov. Maluku Utara,270000,2,1,23,6,6,0,1,10,29 Apr 2026 05:52:02,49CE908AB1D2FCCE4450
SD GMIH KEDI,60202115,SD,Swasta,Kec. Loloda,270304,Kab. Halmahera Barat,270300,Prov. Maluku Utara,270000,1,1,53,6,6,0,1,10,18 Apr 2026 08:33:53,71D7711889382B62CC5F
SD GMIH LABA BESAR,60202117,SD,Swasta,Kec. Loloda,270304,Kab. Halmahera Barat,270300,Prov. Maluku Utara,270000,2,1,61,6,6,0,0,8,06 Apr 2026 03:18:40,375618DECA60EDAD8B49
SD GMIH TOTALA,60202126,SD,Swasta,Kec. Loloda,270304,Kab. Halmahera Barat,270300,Prov. Maluku Utara,270000,3,1,32,6,6,0,0,14,07 Apr 2026 04:43:01,4D6C60F86278750AC122
SD GMIH TUGUIS,60200156,SD,Swasta,Kec. Loloda,270304,Kab. Halmahera Barat,270300,Prov. Maluku Utara,270000,5,2,93,6,7,0,0,16,08 Apr 2026 02:46:14,01E97C6FFF468E37E0CF
SMP NEGERI 26 HALMAHERA BARAT,60202775,SMP,Negeri,Kec. Loloda,270304,Kab. Halmahera Barat,270300,Prov. Maluku Utara,270000,11,2,41,3,4,1,1,17,10 Apr 2026 08:25:49,771AEBFFF3EA35391402
SMP NEGERI 28 HALMAHERA BARAT,60200139,SMP,Negeri,Kec. Loloda,270304,Kab. Halmahera Barat,270300,Prov. Maluku Utara,270000,5,4,45,3,4,2,1,9,14 Apr 2026 23:23:39,934EC61D8CE3DE00ADF8
SMP NEGERI 35 HALMAHERA BARAT,69768232,SMP,Negeri,Kec. Loloda,270304,Kab. Halmahera Barat,270300,Prov. Maluku Utara,270000,7,1,27,3,2,0,0,28,01 May 2026 19:20:40,28E1D61A740F4890FD9E
SMP NEGERI 37 HALMAHERA BARAT,69768233,SMP,Negeri,Kec. Loloda,270304,Kab. Halmahera Barat,270300,Prov. Maluku Utara,270000,11,2,85,3,3,1,0,26,29 Apr 2026 21:39:58,2DADFB1991047324BDA6
SMP NEGERI 38 HALMAHERA BARAT,60202769,SMP,Negeri,Kec. Loloda,270304,Kab. Halmahera Barat,270300,Prov. Maluku Utara,270000,10,4,28,3,5,1,1,6,28 Apr 2026 09:53:59,639D513AD2736531A1A3
SMP NEGERI 4 HALMAHERA BARAT,60201978,SMP,Negeri,Kec. Loloda,270304,Kab. Halmahera Barat,270300,Prov. Maluku Utara,270000,9,9,117,6,6,1,1,19,08 Apr 2026 04:49:23,EBB69E2B6C61653193BE
SMP NEGERI 47 HALMAHERA BARAT,60201986,SMP,Negeri,Kec. Loloda,270304,Kab. Halmahera Barat,270300,Prov. Maluku Utara,270000,7,1,29,3,3,0,1,20,29 Apr 2026 21:14:15,4A4F158006C957312EC5
SMP NEGERI SATU ATAP 1 HALMAHERA BARAT,69954568,SMP,Negeri,Kec. Loloda,270304,Kab. Halmahera Barat,270300,Prov. Maluku Utara,270000,11,1,61,3,3,0,0,23,08 Apr 2026 03:50:19,72E667B36F3350D8BF38
SMP GOTONG ROYONG,60201969,SMP,Swasta,Kec. Loloda,270304,Kab. Halmahera Barat,270300,Prov. Maluku Utara,270000,4,2,42,3,4,0,1,11,08 Apr 2026 03:35:30,D9247CCC3BD242D85413
SMA NEGERI 4 HALMAHERA BARAT,60201994,SMA,Negeri,Kec. Loloda,270304,Kab. Halmahera Barat,270300,Prov. Maluku Utara,270000,14,3,122,6,6,2,1,21,11 Mar 2026 10:01:13,9F56C3612F8CAA8195F5
SMAS KRISTEN BERKAT ANUGERAH DESA BUO,69988632,SMA,Swasta,Kec. Loloda,270304,Kab. Halmahera Barat,270300,Prov. Maluku Utara,270000,2,1,0,0,0,0,0,0,,0092A6D03E3730722563
SMK 1 NGARA MABENO,70060289,SMK,Swasta,Kec. Loloda,270304,Kab. Halmahera Barat,270300,Prov. Maluku Utara,270000,0,0,0,0,0,0,0,0,,0F656CD37A0176C1298F
SD INPRES 54 HALMAHERA BARAT,60202127,SD,Negeri,Kec. Ibu Selatan,270308,Kab. Halmahera Barat,270300,Prov. Maluku Utara,270000,8,2,125,6,7,1,1,17,29 Apr 2026 19:32:32,F1359344D077C28D0B2D
SD INPRES 55 HALMAHERA BARAT,60202152,SD,Negeri,Kec. Ibu Selatan,270308,Kab. Halmahera Barat,270300,Prov. Maluku Utara,270000,9,2,91,6,6,0,2,20,08 Apr 2026 01:06:02,70BEE67BA2E18F9835A1
SD INPRES 56 HALMAHERA BARAT,60202160,SD,Negeri,Kec. Ibu Selatan,270308,Kab. Halmahera Barat,270300,Prov. Maluku Utara,270000,9,3,57,6,6,0,4,33,30 Apr 2026 13:57:48,BCB8DD9054BC9ABA7945
SD NEGERI 46 HALMAHERA BARAT,60202182,SD,Negeri,Kec. Ibu Selatan,270308,Kab. Halmahera Barat,270300,Prov. Maluku Utara,270000,8,1,116,6,8,0,1,10,18 Apr 2026 16:44:37,3E0629E062E4027632A7
SD NEGERI 47 HALMAHERA BARAT,60202192,SD,Negeri,Kec. Ibu Selatan,270308,Kab. Halmahera Barat,270300,Prov. Maluku Utara,270000,7,3,72,6,10,0,0,10,16 Apr 2026 13:08:31,6675DD41D2028AB340F9
SD NEGERI 48 HALMAHERA BARAT,60202193,SD,Negeri,Kec. Ibu Selatan,270308,Kab. Halmahera Barat,270300,Prov. Maluku Utara,270000,9,2,62,6,6,0,1,17,09 Apr 2026 06:21:29,60AC5DCF725BDBC7B06E
SD NEGERI 49 HALMAHERA BARAT,60202199,SD,Negeri,Kec. Ibu Selatan,270308,Kab. Halmahera Barat,270300,Prov. Maluku Utara,270000,8,2,64,6,6,0,1,36,01 May 2026 10:40:57,40F29D0D49BEBEA0E8C9
SD NEGERI 50 HALMAHERA BARAT,60202205,SD,Negeri,Kec. Ibu Selatan,270308,Kab. Halmahera Barat,270300,Prov. Maluku Utara,270000,10,4,62,6,6,0,1,9,07 Apr 2026 18:46:55,E68AE654A82925CE12A2
SD NEGERI 51 HALMAHERA BARAT,60202206,SD,Negeri,Kec. Ibu Selatan,270308,Kab. Halmahera Barat,270300,Prov. Maluku Utara,270000,7,6,76,6,7,0,1,15,28 Apr 2026 17:25:40,97EAE893ED750496F693
SD NEGERI 69 HALMAHERA BARAT,69754491,SD,Negeri,Kec. Ibu Selatan,270308,Kab. Halmahera Barat,270300,Prov. Maluku Utara,270000,9,3,77,6,6,0,1,9,14 Apr 2026 20:04:45,D29A53CFC110CAC96356
SD NEGERI 70  HALMAHERA BARAT,60202219,SD,Negeri,Kec. Ibu Selatan,270308,Kab. Halmahera Barat,270300,Prov. Maluku Utara,270000,7,2,115,6,9,0,0,18,09 Apr 2026 17:40:12,A9E27E8FBF587EACAB18
SD NEGERI 71 HALMAHERA BARAT,60202737,SD,Negeri,Kec. Ibu Selatan,270308,Kab. Halmahera Barat,270300,Prov. Maluku Utara,270000,8,2,64,6,6,0,1,16,29 Apr 2026 18:29:07,90780F90EA6BDF663B0C
SD NEGERI 75 HALMAHERA BARAT,69768225,SD,Negeri,Kec. Ibu Selatan,270308,Kab. Halmahera Barat,270300,Prov. Maluku Utara,270000,8,2,90,6,6,0,1,13,08 Apr 2026 01:27:29,666746E102861D7BF282
SD NEGERI 79 HALMAHERA BARAT,69754492,SD,Negeri,Kec. Ibu Selatan,270308,Kab. Halmahera Barat,270300,Prov. Maluku Utara,270000,6,2,62,6,4,0,2,11,02 Apr 2026 04:52:05,1A53F97AED2F2A0D5F2E
SD NEGERI 81 HALMAHERA BARAT,60200102,SD,Negeri,Kec. Ibu Selatan,270308,Kab. Halmahera Barat,270300,Prov. Maluku Utara,270000,4,1,62,6,6,0,0,11,19 Apr 2026 09:40:31,06FE4EA4A22D2C645AB3
SD GMIH BARU,60202110,SD,Swasta,Kec. Ibu Selatan,270308,Kab. Halmahera Barat,270300,Prov. Maluku Utara,270000,1,1,150,6,5,0,0,11,02 Apr 2026 06:02:22,C4887A05530A28D75B1C
SD GMIH TOSOA,60202125,SD,Swasta,Kec. Ibu Selatan,270308,Kab. Halmahera Barat,270300,Prov. Maluku Utara,270000,7,2,86,6,7,0,1,33,02 May 2026 17:33:22,7E1E5EF449A67B387B74
SMP NEGERI 19 HALMAHERA BARAT,60202772,SMP,Negeri,Kec. Ibu Selatan,270308,Kab. Halmahera Barat,270300,Prov. Maluku Utara,270000,11,2,103,5,6,2,1,26,02 May 2026 13:04:35,F07DE0547A38A327D6DB
SMP NEGERI 23 HALMAHERA BARAT,60201983,SMP,Negeri,Kec. Ibu Selatan,270308,Kab. Halmahera Barat,270300,Prov. Maluku Utara,270000,9,1,42,3,3,0,0,32,21 Apr 2026 05:20:41,E9E6BDDB7FF831E1A827
SMP NEGERI 27 HALMAHERA BARAT,60201962,SMP,Negeri,Kec. Ibu Selatan,270308,Kab. Halmahera Barat,270300,Prov. Maluku Utara,270000,11,3,79,3,3,1,2,26,23 Apr 2026 09:04:51,ED315393431B662F5B02
SMP NEGERI 39 HALMAHERA BARAT,60202781,SMP,Negeri,Kec. Ibu Selatan,270308,Kab. Halmahera Barat,270300,Prov. Maluku Utara,270000,16,3,174,6,8,2,1,133,27 Apr 2026 07:25:47,29A1F87ECBC97C9D17F8
SMP NEGERI 5 HALMAHERA BARAT,60202776,SMP,Negeri,Kec. Ibu Selatan,270308,Kab. Halmahera Barat,270300,Prov. Maluku Utara,270000,15,4,133,6,9,2,1,34,20 Apr 2026 21:14:43,5BBA9636CEEB180AB282
SMA NEGERI 11 HALMAHERA BARAT,60201989,SMA,Negeri,Kec. Ibu Selatan,270308,Kab. Halmahera Barat,270300,Prov. Maluku Utara,270000,22,4,143,6,8,3,1,50,22 Apr 2026 12:32:28,FF718827B9EF07628687
SMA NEGERI 8 HALMAHERA BARAT,60201993,SMA,Negeri,Kec. Ibu Selatan,270308,Kab. Halmahera Barat,270300,Prov. Maluku Utara,270000,18,3,150,6,8,1,2,54,23 Apr 2026 15:04:54,4A691E9769FAC728B2D8
SMKS GAWALITTA,70011074,SMK,Swasta,Kec. Ibu Selatan,270308,Kab. Halmahera Barat,270300,Prov. Maluku Utara,270000,13,3,62,6,3,0,0,32,22 Apr 2026 22:39:00,DE9C14AE60DDA79E0D99
SD INPRES 47 HALMAHERA BARAT,60202170,SD,Negeri,Kec. Sahu Timur,270307,Kab. Halmahera Barat,270300,Prov. Maluku Utara,270000,9,3,83,6,6,1,1,14,01 Apr 2026 01:35:21,5E4A5C2F6E00951E8C14
SD INPRES 48 HALMAHERA BARAT,60202137,SD,Negeri,Kec. Sahu Timur,270307,Kab. Halmahera Barat,270300,Prov. Maluku Utara,270000,7,4,50,6,6,0,1,9,02 Apr 2026 07:41:06,6648508136E3FEC66A7E
SD INPRES 49 HALMAHERA BARAT,60202158,SD,Negeri,Kec. Sahu Timur,270307,Kab. Halmahera Barat,270300,Prov. Maluku Utara,270000,11,2,60,6,6,1,1,20,29 Apr 2026 22:15:33,64BA8A13AE39215EC341
SD INPRES 50 HALMAHERA BARAT,60202128,SD,Negeri,Kec. Sahu Timur,270307,Kab. Halmahera Barat,270300,Prov. Maluku Utara,270000,11,3,90,6,6,0,1,32,13 Apr 2026 20:04:50,20AF96EAE6DD883BB6D7
SD INPRES 51 HALMAHERA BARAT,60202139,SD,Negeri,Kec. Sahu Timur,270307,Kab. Halmahera Barat,270300,Prov. Maluku Utara,270000,9,1,73,6,6,0,1,15,04 Apr 2026 03:57:42,8263F67B5BB507FF346F
SD INPRES 52 HALMAHERA BARAT,60202169,SD,Negeri,Kec. Sahu Timur,270307,Kab. Halmahera Barat,270300,Prov. Maluku Utara,270000,11,5,91,6,6,0,1,23,04 Apr 2026 21:48:12,2447D388B5396AE986D6
SD INPRES 53 HALMAHERA BARAT,60202140,SD,Negeri,Kec. Sahu Timur,270307,Kab. Halmahera Barat,270300,Prov. Maluku Utara,270000,13,2,36,6,6,1,1,27,01 May 2026 19:17:21,C02553900AD410BFAE19
SD NEGERI 45 HALMAHERA BARAT,60202194,SD,Negeri,Kec. Sahu Timur,270307,Kab. Halmahera Barat,270300,Prov. Maluku Utara,270000,11,3,46,6,9,0,1,31,27 Apr 2026 06:46:37,1E93484FEC01E3D176F9
SD NEGERI 65 HALMAHERA BARAT,60200150,SD,Negeri,Kec. Sahu Timur,270307,Kab. Halmahera Barat,270300,Prov. Maluku Utara,270000,10,2,41,6,6,0,1,1,21 Apr 2026 09:11:13,6B58B317649E3B2C4232
SD NEGERI 66 HALMAHERA BARAT,60202640,SD,Negeri,Kec. Sahu Timur,270307,Kab. Halmahera Barat,270300,Prov. Maluku Utara,270000,8,2,60,6,6,0,2,14,24 Apr 2026 15:06:20,344882DE0876E23EED28
SD GMIH AKELAMO,60202108,SD,Swasta,Kec. Sahu Timur,270307,Kab. Halmahera Barat,270300,Prov. Maluku Utara,270000,9,1,84,6,9,0,1,20,27 Apr 2026 10:36:12,4D1B93F9C25DDCF4ADE2
SD GMIH IDAMGAMLAMO,60202114,SD,Swasta,Kec. Sahu Timur,270307,Kab. Halmahera Barat,270300,Prov. Maluku Utara,270000,8,1,52,6,6,1,1,1,08 Apr 2026 21:14:20,78D3F71CDA3A8F4BC72E
SD GMIH TIBOBO,60202121,SD,Swasta,Kec. Sahu Timur,270307,Kab. Halmahera Barat,270300,Prov. Maluku Utara,270000,7,1,100,6,6,0,1,16,21 Apr 2026 17:44:18,29CCB8F1B5D713612435
SD OIKUMENE MAHANAIM,60202642,SD,Swasta,Kec. Sahu Timur,270307,Kab. Halmahera Barat,270300,Prov. Maluku Utara,270000,5,2,49,6,6,0,1,8,16 Apr 2026 20:29:23,B119804B9B986E37351A
SMP NEGERI 43 HALMAHERA BARAT,60201967,SMP,Negeri,Kec. Sahu Timur,270307,Kab. Halmahera Barat,270300,Prov. Maluku Utara,270000,20,6,98,4,4,1,1,20,30 Apr 2026 16:59:46,625FDC70D189D68B4701
SMP NEGERI 7 HALMAHERA BARAT,60201985,SMP,Negeri,Kec. Sahu Timur,270307,Kab. Halmahera Barat,270300,Prov. Maluku Utara,270000,20,4,123,6,7,1,1,18,30 Apr 2026 09:28:05,2025C1A9206D79512261
SMP GMIH TIBOBO,60201968,SMP,Swasta,Kec. Sahu Timur,270307,Kab. Halmahera Barat,270300,Prov. Maluku Utara,270000,4,3,58,3,5,1,1,24,23 Apr 2026 12:08:34,DF0CAFA0D03ED8A75C72
SMP KRISTEN IDAMGAMLAMO,60201970,SMP,Swasta,Kec. Sahu Timur,270307,Kab. Halmahera Barat,270300,Prov. Maluku Utara,270000,9,3,135,6,7,2,1,34,17 Apr 2026 08:11:09,F9CF54DF0E074F1FB29B
SMP OIKUMENE MAHANAIM,60201982,SMP,Swasta,Kec. Sahu Timur,270307,Kab. Halmahera Barat,270300,Prov. Maluku Utara,270000,5,1,100,5,6,2,1,34,27 Apr 2026 19:22:46,8F556A7024DC5BD2DA54
SMAS AGAPE,60201988,SMA,Swasta,Kec. Sahu Timur,270307,Kab. Halmahera Barat,270300,Prov. Maluku Utara,270000,5,1,25,3,6,1,1,1,16 Apr 2026 13:53:08,D4DC34BD18C9B09251D4
SMAS KRISTEN DIAN HALMAHERA,60202788,SMA,Swasta,Kec. Sahu Timur,270307,Kab. Halmahera Barat,270300,Prov. Maluku Utara,270000,24,3,535,17,19,3,1,54,30 Apr 2026 15:15:01,3500A94068308A5311B5
SMAS MAHANAIM,60202791,SMA,Swasta,Kec. Sahu Timur,270307,Kab. Halmahera Barat,270300,Prov. Maluku Utara,270000,8,1,57,3,7,3,1,12,30 Apr 2026 03:42:38,E12F5ED3294B2148BCB6
SMK NEGERI 2 HALMAHERA BARAT,60201997,SMK,Negeri,Kec. Sahu Timur,270307,Kab. Halmahera Barat,270300,Prov. Maluku Utara,270000,25,3,84,9,9,2,1,85,27 Apr 2026 08:21:33,A7F1F83AEA7E49DB7C03
SMK NEGERI 4 HALMAHERA BARAT,60201996,SMK,Negeri,Kec. Sahu Timur,270307,Kab. Halmahera Barat,270300,Prov. Maluku Utara,270000,22,11,64,12,10,4,1,52,24 Apr 2026 07:15:30,012FE56D168CC5A9854B
SMKS INDOTEKNO MALUKU UTARA,70028584,SMK,Swasta,Kec. Sahu Timur,270307,Kab. Halmahera Barat,270300,Prov. Maluku Utara,270000,10,1,80,3,4,2,1,34,01 May 2026 14:44:10,349B94C08980F5AB25E6
SD INPRES 18 HALMAHERA BARAT,60202648,SD,Negeri,Kec. Ibu,270303,Kab. Halmahera Barat,270300,Prov. Maluku Utara,270000,8,1,81,6,6,0,1,8,09 Apr 2026 02:15:54,C0CAAD25041AE88B43AE
SD INPRES 19 HALMAHERA BARAT,60200108,SD,Negeri,Kec. Ibu,270303,Kab. Halmahera Barat,270300,Prov. Maluku Utara,270000,10,3,102,6,6,1,1,34,03 Apr 2026 04:10:47,7D64E2A0DF156F9DBFE1
SD INPRES 20 HALMAHERA BARAT,60202141,SD,Negeri,Kec. Ibu,270303,Kab. Halmahera Barat,270300,Prov. Maluku Utara,270000,6,2,62,6,6,0,1,18,27 Apr 2026 09:55:58,D9DA507612062A5B589A
SD INPRES 21 HALMAHERA BARAT,60202147,SD,Negeri,Kec. Ibu,270303,Kab. Halmahera Barat,270300,Prov. Maluku Utara,270000,6,3,72,6,6,1,1,12,10 Apr 2026 02:47:30,C8187ACCC95BD0763A8F
SD INPRES 22 HALMAHERA BARAT,60202155,SD,Negeri,Kec. Ibu,270303,Kab. Halmahera Barat,270300,Prov. Maluku Utara,270000,7,3,58,6,6,0,1,35,03 Apr 2026 02:49:58,4EEB12B7D5AF278335B2
SD INPRES 23 HALMAHERA BARAT,60202159,SD,Negeri,Kec. Ibu,270303,Kab. Halmahera Barat,270300,Prov. Maluku Utara,270000,6,3,102,6,6,1,1,31,03 Apr 2026 05:03:04,673CA1F044216C1400B4
SD INPRES 24 HALMAHERA BARAT,60202161,SD,Negeri,Kec. Ibu,270303,Kab. Halmahera Barat,270300,Prov. Maluku Utara,270000,8,2,79,6,6,0,1,16,14 Apr 2026 17:50:09,049A47114712921C5A16
SD INPRES 25 HALMAHERA BARAT,60202165,SD,Negeri,Kec. Ibu,270303,Kab. Halmahera Barat,270300,Prov. Maluku Utara,270000,11,2,96,6,9,0,1,28,10 Apr 2026 07:12:23,1C827B9187A280E8AF4F
SD INPRES 26 HALMAHERA BARAT,60202166,SD,Negeri,Kec. Ibu,270303,Kab. Halmahera Barat,270300,Prov. Maluku Utara,270000,11,2,59,6,6,0,1,93,02 May 2026 18:50:46,9EE4EE39051743557C14
SD NEGERI 21 HALMAHERA BARAT,60202214,SD,Negeri,Kec. Ibu,270303,Kab. Halmahera Barat,270300,Prov. Maluku Utara,270000,8,1,141,6,6,0,1,21,05 Apr 2026 03:59:10,8BC9EB450368944659D3
SD NEGERI 22 HALMAHERA BARAT,60202212,SD,Negeri,Kec. Ibu,270303,Kab. Halmahera Barat,270300,Prov. Maluku Utara,270000,7,2,55,6,6,0,1,10,18 Apr 2026 09:20:46,8851F4D9F88C62F036B5
SD NEGERI 74 HALMAHERA BARAT,60202173,SD,Negeri,Kec. Ibu,270303,Kab. Halmahera Barat,270300,Prov. Maluku Utara,270000,9,1,103,6,6,0,0,27,03 Apr 2026 02:10:45,D1D09E33E4D7AAE4589C
SD ADVENT TONGUTE GOIN,60202107,SD,Swasta,Kec. Ibu,270303,Kab. Halmahera Barat,270300,Prov. Maluku Utara,270000,5,1,142,6,6,0,1,10,06 Mar 2026 10:35:14,AA8A0668CFA07992200A
SD GMIH KIE ICI,60202116,SD,Swasta,Kec. Ibu,270303,Kab. Halmahera Barat,270300,Prov. Maluku Utara,270000,6,1,90,6,6,0,1,16,01 May 2026 08:54:13,16BD61C492CCFFF946A7
SD GMIH TONGUTE SUNGI,60202124,SD,Swasta,Kec. Ibu,270303,Kab. Halmahera Barat,270300,Prov. Maluku Utara,270000,5,1,46,6,6,0,1,17,01 May 2026 07:17:56,E5C91BE842AF133CAB37
SMP NEGERI 12 HALMAHERA BARAT,60202763,SMP,Negeri,Kec. Ibu,270303,Kab. Halmahera Barat,270300,Prov. Maluku Utara,270000,13,4,55,3,6,1,1,37,27 Apr 2026 10:51:14,FAB96483ADB397AF56C4
SMP NEGERI 14 HALMAHERA BARAT,60201975,SMP,Negeri,Kec. Ibu,270303,Kab. Halmahera Barat,270300,Prov. Maluku Utara,270000,12,2,87,4,5,2,1,18,23 Apr 2026 09:23:51,8738AFF8D071249DF9D2
SMP NEGERI 3 HALMAHERA BARAT,60201977,SMP,Negeri,Kec. Ibu,270303,Kab. Halmahera Barat,270300,Prov. Maluku Utara,270000,28,3,254,9,12,2,1,65,29 Apr 2026 17:51:15,5419E2CCC53F127AD453
SMP NEGERI 30 HALMAHERA BARAT,60202774,SMP,Negeri,Kec. Ibu,270303,Kab. Halmahera Barat,270300,Prov. Maluku Utara,270000,11,1,54,3,3,1,1,18,01 May 2026 07:59:27,F433255D5843C9F24BE0
SMP ADVENT TONGUTE GOIN,69981204,SMP,Swasta,Kec. Ibu,270303,Kab. Halmahera Barat,270300,Prov. Maluku Utara,270000,7,1,164,6,7,0,0,19,28 Apr 2026 19:44:21,2AF12593198149BC4163
SMA NEGERI 10 HALMAHERA BARAT,60202786,SMA,Negeri,Kec. Ibu,270303,Kab. Halmahera Barat,270300,Prov. Maluku Utara,270000,18,3,65,3,2,3,0,68,29 Apr 2026 20:57:33,16DF5176FC27BA06AC2B
SMA NEGERI 2 HALMAHERA BARAT,60202792,SMA,Negeri,Kec. Ibu,270303,Kab. Halmahera Barat,270300,Prov. Maluku Utara,270000,41,8,494,16,18,3,1,79,28 Apr 2026 09:59:18,0EC65766060D0B9C27FD
SMKS ADVENT TONGUTE GOIN,70032666,SMK,Swasta,Kec. Ibu,270303,Kab. Halmahera Barat,270300,Prov. Maluku Utara,270000,5,1,83,3,3,0,0,11,29 Apr 2026 17:26:35,C68B1EFEF415326407AF
SMKS ANAK NEGERI,69768260,SMK,Swasta,Kec. Ibu,270303,Kab. Halmahera Barat,270300,Prov. Maluku Utara,270000,13,2,98,6,4,4,0,356,01 May 2026 12:44:13,6C024DB3B5BCF09DDDF7
SD INPRES 12 HALMAHERA BARAT,60202133,SD,Negeri,Kec. Sahu,270302,Kab. Halmahera Barat,270300,Prov. Maluku Utara,270000,11,2,68,6,6,0,1,14,29 Apr 2026 03:02:15,33932D7E130BBA04D7B0
SD INPRES 13 HALMAHERA BARAT,60202156,SD,Negeri,Kec. Sahu,270302,Kab. Halmahera Barat,270300,Prov. Maluku Utara,270000,11,1,41,6,6,0,1,15,29 Apr 2026 22:59:01,C1D697D4273754BA95F1
SD INPRES 14 HALMAHERA BARAT,60202132,SD,Negeri,Kec. Sahu,270302,Kab. Halmahera Barat,270300,Prov. Maluku Utara,270000,6,4,34,6,6,0,1,13,29 Apr 2026 22:38:13,C896CE58AF7D525E0C5C
SD INPRES 15 HALMAHERA BARAT,60202145,SD,Negeri,Kec. Sahu,270302,Kab. Halmahera Barat,270300,Prov. Maluku Utara,270000,9,2,84,6,7,0,1,20,28 Apr 2026 07:11:54,BBD9183FF7CA0897F2BE
SD INPRES 16 HALMAHERA BARAT,60202154,SD,Negeri,Kec. Sahu,270302,Kab. Halmahera Barat,270300,Prov. Maluku Utara,270000,9,2,66,6,7,0,1,19,29 Apr 2026 03:31:39,B570A6319E747988DF83
SD INPRES 17 HALMAHERA BARAT,60202153,SD,Negeri,Kec. Sahu,270302,Kab. Halmahera Barat,270300,Prov. Maluku Utara,270000,2,2,1,1,6,0,1,10,08 Apr 2026 04:54:27,87492C853D3B37FFB3F7
SD NEGERI 16 HALMAHERA BARAT,60202203,SD,Negeri,Kec. Sahu,270302,Kab. Halmahera Barat,270300,Prov. Maluku Utara,270000,11,2,116,6,6,0,1,19,06 Apr 2026 22:11:38,38A5B5429F51D74E1859
SD NEGERI 17 HALMAHERA BARAT,60202207,SD,Negeri,Kec. Sahu,270302,Kab. Halmahera Barat,270300,Prov. Maluku Utara,270000,14,3,133,6,6,0,1,20,07 Apr 2026 10:34:45,7859C4BBC978EE6A2151
SD NEGERI 18 HALMAHERA BARAT,60202195,SD,Negeri,Kec. Sahu,270302,Kab. Halmahera Barat,270300,Prov. Maluku Utara,270000,15,2,86,6,6,0,0,17,26 Apr 2026 15:13:01,460F49E6483F2E83A62E
SD NEGERI 19 HALMAHERA BARAT,60202739,SD,Negeri,Kec. Sahu,270302,Kab. Halmahera Barat,270300,Prov. Maluku Utara,270000,10,3,34,6,6,0,1,11,10 Apr 2026 23:58:08,BFE26C33360704DEFFF5
SD NEGERI 20 HALMAHERA BARAT,60202201,SD,Negeri,Kec. Sahu,270302,Kab. Halmahera Barat,270300,Prov. Maluku Utara,270000,11,3,87,6,6,1,1,11,29 Apr 2026 21:53:06,22D2ADAF840A50B14F5F
SD GMIH BALISOAN,60202109,SD,Swasta,Kec. Sahu,270302,Kab. Halmahera Barat,270300,Prov. Maluku Utara,270000,7,1,99,6,6,1,1,11,29 Apr 2026 22:47:36,96D02D0AB44BCFBB7739
SD GMIH SASUR,60202118,SD,Swasta,Kec. Sahu,270302,Kab. Halmahera Barat,270300,Prov. Maluku Utara,270000,9,2,136,6,7,0,1,34,27 Apr 2026 14:33:39,3B10AA5EB79FF9BCEF23
SD GMIH TODAHE,60202122,SD,Swasta,Kec. Sahu,270302,Kab. Halmahera Barat,270300,Prov. Maluku Utara,270000,7,1,113,6,6,0,0,14,20 Apr 2026 22:15:41,E7C8AF5773EB542D6E71
SD NASKAT GOLO,60202172,SD,Swasta,Kec. Sahu,270302,Kab. Halmahera Barat,270300,Prov. Maluku Utara,270000,8,2,83,6,7,0,1,23,24 Apr 2026 06:53:17,078F1DDE825A16509764
SMP NEGERI 17 HALMAHERA BARAT,60202323,SMP,Negeri,Kec. Sahu,270302,Kab. Halmahera Barat,270300,Prov. Maluku Utara,270000,11,3,67,3,3,1,1,26,24 Apr 2026 09:02:24,014D751D23B42919FCA2
SMP NEGERI 21 HALMAHERA BARAT,60202782,SMP,Negeri,Kec. Sahu,270302,Kab. Halmahera Barat,270300,Prov. Maluku Utara,270000,15,3,38,3,3,1,1,9,20 Apr 2026 21:28:40,7F93B998924516F80E4F
SMP NEGERI 6 HALMAHERA BARAT,60201976,SMP,Negeri,Kec. Sahu,270302,Kab. Halmahera Barat,270300,Prov. Maluku Utara,270000,22,5,111,6,10,2,2,30,17 Apr 2026 15:25:17,C605CD1521410324F8B7
SMP NEGERI 9 HALMAHERA BARAT,60201972,SMP,Negeri,Kec. Sahu,270302,Kab. Halmahera Barat,270300,Prov. Maluku Utara,270000,14,3,32,3,3,1,2,16,28 Apr 2026 13:19:21,E5BA6238C1824D4F3D12
SMP LPM SASUR,60202766,SMP,Swasta,Kec. Sahu,270302,Kab. Halmahera Barat,270300,Prov. Maluku Utara,270000,8,2,69,3,3,0,1,20,10 Apr 2026 03:46:31,6A2194B4FE6953ED1B7C
SMPS DIAN TODAHE,60202764,SMP,Swasta,Kec. Sahu,270302,Kab. Halmahera Barat,270300,Prov. Maluku Utara,270000,7,1,42,3,3,1,1,8,28 Apr 2026 09:39:51,28A67B456541D568F1B9
SMA NEGERI 3 HALMAHERA BARAT,60201995,SMA,Negeri,Kec. Sahu,270302,Kab. Halmahera Barat,270300,Prov. Maluku Utara,270000,31,5,246,8,8,3,1,44,27 Apr 2026 08:15:46,7C83C9AF51BCCEA81013
SMA NEGERI 9 HALMAHERA BARAT,69944710,SMA,Negeri,Kec. Sahu,270302,Kab. Halmahera Barat,270300,Prov. Maluku Utara,270000,20,2,53,3,4,3,1,35,15 Apr 2026 05:52:42,3838952AF683F09CD8C9
SMA BINA SATYA TIMUR,70049010,SMA,Swasta,Kec. Sahu,270302,Kab. Halmahera Barat,270300,Prov. Maluku Utara,270000,5,1,63,3,3,0,0,54,30 Apr 2026 09:41:00,8B85DE4FB5FAF02F2A7C
SMKS FOMARIMOI,60205565,SMK,Swasta,Kec. Sahu,270302,Kab. Halmahera Barat,270300,Prov. Maluku Utara,270000,12,2,94,9,6,0,1,28,30 Apr 2026 08:36:02,19CD79778FB218EC0E70
SD INPRES 58 HALMAHERA BARAT,69733959,SD,Negeri,Kec. Ibu Utara,270309,Kab. Halmahera Barat,270300,Prov. Maluku Utara,270000,14,3,77,6,6,0,1,22,27 Apr 2026 21:32:07,321CF60DFB2E6BC054AB
SD INPRES 59 HALMAHERA BARAT,60202163,SD,Negeri,Kec. Ibu Utara,270309,Kab. Halmahera Barat,270300,Prov. Maluku Utara,270000,10,1,72,6,6,0,0,15,14 Apr 2026 08:45:08,47499A733323CBB38861
SD INPRES 60 HALMAHERA BARAT,69733958,SD,Negeri,Kec. Ibu Utara,270309,Kab. Halmahera Barat,270300,Prov. Maluku Utara,270000,10,1,72,6,6,0,1,18,24 Apr 2026 19:21:50,FF4883671057F079926F
SD INPRES 61 HALMAHERA BARAT,60202162,SD,Negeri,Kec. Ibu Utara,270309,Kab. Halmahera Barat,270300,Prov. Maluku Utara,270000,10,4,103,6,7,0,1,13,21 Apr 2026 13:54:37,6372CBF8191D7C03B63B
SD NEGERI 56 HALMAHERA BARAT,60202755,SD,Negeri,Kec. Ibu Utara,270309,Kab. Halmahera Barat,270300,Prov. Maluku Utara,270000,11,4,64,6,6,0,1,12,24 Apr 2026 19:47:11,245AA01701A870E6D189
SD NEGERI 57 HALMAHERA BARAT,60200101,SD,Negeri,Kec. Ibu Utara,270309,Kab. Halmahera Barat,270300,Prov. Maluku Utara,270000,10,2,42,6,6,0,1,22,21 Apr 2026 10:01:41,5E50033AFF6DCC223525
SD NEGERI 58 HALMAHERA BARAT,69829533,SD,Negeri,Kec. Ibu Utara,270309,Kab. Halmahera Barat,270300,Prov. Maluku Utara,270000,12,4,83,6,6,0,1,14,11 Apr 2026 22:04:31,0EC1F2205765CC808DC9
SD NEGERI 59 HALMAHERA BARAT,69786660,SD,Negeri,Kec. Ibu Utara,270309,Kab. Halmahera Barat,270300,Prov. Maluku Utara,270000,9,5,87,6,6,0,1,17,06 Apr 2026 14:26:17,330EF5A51628EC924992
SD NEGERI 60 HALMAHERA BARAT,69733957,SD,Negeri,Kec. Ibu Utara,270309,Kab. Halmahera Barat,270300,Prov. Maluku Utara,270000,14,3,86,6,6,0,1,13,22 Apr 2026 19:52:59,2DFB5FA31AD7077B8370
SD NEGERI 61 HALMAHERA BARAT,60202186,SD,Negeri,Kec. Ibu Utara,270309,Kab. Halmahera Barat,270300,Prov. Maluku Utara,270000,14,3,77,6,6,0,1,16,23 Apr 2026 08:23:53,57B325D45BADEC48236F
SD NEGERI 62 HALMAHERA BARAT,69786652,SD,Negeri,Kec. Ibu Utara,270309,Kab. Halmahera Barat,270300,Prov. Maluku Utara,270000,6,1,40,6,5,0,1,18,21 Apr 2026 05:00:47,2E888ECB58682EF43A1C
SD NEGERI 63 HALMAHERA BARAT,69829532,SD,Negeri,Kec. Ibu Utara,270309,Kab. Halmahera Barat,270300,Prov. Maluku Utara,270000,6,1,21,6,6,0,1,10,02 Apr 2026 21:38:35,F8858F8564CBE0F6CAAD
SD GMIH DUONO,60202112,SD,Swasta,Kec. Ibu Utara,270309,Kab. Halmahera Barat,270300,Prov. Maluku Utara,270000,4,1,118,6,9,0,0,16,21 Apr 2026 21:31:53,F9F1AEEE177485CCB75F
SD GMIH SOASANGAJI,60202119,SD,Swasta,Kec. Ibu Utara,270309,Kab. Halmahera Barat,270300,Prov. Maluku Utara,270000,4,3,74,6,6,0,1,20,01 May 2026 17:31:21,A2E7BC5C831C0B36ABC1
SMP NEGERI 13 HALMAHERA BARAT,60202433,SMP,Negeri,Kec. Ibu Utara,270309,Kab. Halmahera Barat,270300,Prov. Maluku Utara,270000,23,1,75,4,5,2,1,31,27 Apr 2026 08:54:19,B4215127ADB2C9D71136
SMP NEGERI 20 HALMAHERA BARAT,60201984,SMP,Negeri,Kec. Ibu Utara,270309,Kab. Halmahera Barat,270300,Prov. Maluku Utara,270000,20,1,58,3,3,5,3,50,01 May 2026 11:32:37,A28164926183087B6FB5
SMP NEGERI 22 HALMAHERA BARAT,60201974,SMP,Negeri,Kec. Ibu Utara,270309,Kab. Halmahera Barat,270300,Prov. Maluku Utara,270000,22,3,56,3,4,0,1,25,16 Apr 2026 11:00:44,06FA46367D41CB179767
SMP NEGERI 32 HALMAHERA BARAT,69786653,SMP,Negeri,Kec. Ibu Utara,270309,Kab. Halmahera Barat,270300,Prov. Maluku Utara,270000,26,4,62,3,4,1,1,23,21 Apr 2026 23:18:24,ED1DB81D5FC241ADB04C
SMP KRISTEN ELIM IBU,60202770,SMP,Swasta,Kec. Ibu Utara,270309,Kab. Halmahera Barat,270300,Prov. Maluku Utara,270000,5,2,72,3,6,1,1,31,01 May 2026 08:33:23,51F84064F947315F548D
SMAS EBEN HAEZER,60202790,SMA,Swasta,Kec. Ibu Utara,270309,Kab. Halmahera Barat,270300,Prov. Maluku Utara,270000,3,2,309,10,12,5,1,14,24 Apr 2026 22:30:38,4D2D8F5E8CE29876DF6F
SMK NEGERI 3 HALMAHERA BARAT,60203686,SMK,Negeri,Kec. Ibu Utara,270309,Kab. Halmahera Barat,270300,Prov. Maluku Utara,270000,15,1,42,6,9,2,1,53,30 Apr 2026 15:22:13,E5349EF6AB8096323579
SD INPRES 57 HALMAHERA BARAT,60202138,SD,Negeri,Kec. Jailolo Timur,270310,Kab. Halmahera Barat,270300,Prov. Maluku Utara,270000,6,2,59,6,6,0,1,14,07 Mar 2026 06:15:32,6E3BA06E824AD6A20232
SMP NEGERI 40 HALMAHERA BARAT,60201973,SMP,Negeri,Kec. Jailolo Timur,270310,Kab. Halmahera Barat,270300,Prov. Maluku Utara,270000,9,3,24,3,6,2,1,12,29 Apr 2026 20:30:08,DEEB712E68F045D17A32
SD NEGERI 23 HALMAHERA BARAT,60200133,SD,Negeri,Kec. Loloda Tengah,270312,Kab. Halmahera Barat,270300,Prov. Maluku Utara,270000,8,2,80,6,6,0,1,15,13 Apr 2026 05:54:33,076508A2C8564D2053B9
SD INPRES FALAHU,60200624,SD,Negeri,Kec. Sanana,270701,Kab. Kepulauan Sula,270700,Prov. Maluku Utara,270000,14,3,148,8,6,0,1,14,19 Apr 2026 03:35:04,47FF788AD2B6F02F4263
SD INPRES FOGI,60200623,SD,Negeri,Kec. Sanana,270701,Kab. Kepulauan Sula,270700,Prov. Maluku Utara,270000,19,3,252,12,12,0,1,15,18 Apr 2026 06:16:51,2E4195884D2374D10352
SD INPRES WAIHAMA,60200617,SD,Negeri,Kec. Sanana,270701,Kab. Kepulauan Sula,270700,Prov. Maluku Utara,270000,17,3,182,9,7,0,1,16,26 Apr 2026 11:19:52,FC0F468ABC325C281D37
SD INPRES WAILAU,60200604,SD,Negeri,Kec. Sanana,270701,Kab. Kepulauan Sula,270700,Prov. Maluku Utara,270000,11,1,98,6,6,0,1,27,09 Apr 2026 06:49:16,18CF8632E75E6F8CA97B
SD NEGERI 1 SANANA,60200597,SD,Negeri,Kec. Sanana,270701,Kab. Kepulauan Sula,270700,Prov. Maluku Utara,270000,11,4,202,7,7,0,1,28,22 Apr 2026 01:02:44,6AE46496686AF3B6D42B
SD NEGERI 1 WAI IPA,60200503,SD,Negeri,Kec. Sanana,270701,Kab. Kepulauan Sula,270700,Prov. Maluku Utara,270000,13,4,155,6,8,1,1,46,25 Apr 2026 12:37:34,4A7C152970D4775CBDE0
SD NEGERI 2 SANANA,60200601,SD,Negeri,Kec. Sanana,270701,Kab. Kepulauan Sula,270700,Prov. Maluku Utara,270000,16,5,243,11,10,0,1,18,09 Apr 2026 07:06:20,CF684DD1B41355744560
SD NEGERI 2 WAI IPA,60200499,SD,Negeri,Kec. Sanana,270701,Kab. Kepulauan Sula,270700,Prov. Maluku Utara,270000,17,6,163,7,7,0,1,26,14 Apr 2026 13:22:09,8B1660CD1988DD0F9F48
SD NEGERI 3 SANANA,60200498,SD,Negeri,Kec. Sanana,270701,Kab. Kepulauan Sula,270700,Prov. Maluku Utara,270000,19,3,223,11,12,1,1,26,25 Apr 2026 05:10:51,CCC3685DB9956540FC18
SD NEGERI 4 SANANA,60200600,SD,Negeri,Kec. Sanana,270701,Kab. Kepulauan Sula,270700,Prov. Maluku Utara,270000,14,2,219,9,5,0,2,14,28 Apr 2026 09:31:02,4368329F7A34B28DA4A1
SD NEGERI 5 SANANA,60200497,SD,Negeri,Kec. Sanana,270701,Kab. Kepulauan Sula,270700,Prov. Maluku Utara,270000,12,4,216,8,8,0,1,14,30 Apr 2026 06:40:23,408765C25A67424F8E82
SD NEGERI 6 SANANA,60200560,SD,Negeri,Kec. Sanana,270701,Kab. Kepulauan Sula,270700,Prov. Maluku Utara,270000,12,4,63,6,7,0,1,24,16 Apr 2026 03:47:41,0360519B3AA7FE91B84A
SD NEGERI PASTINA,60200562,SD,Negeri,Kec. Sanana,270701,Kab. Kepulauan Sula,270700,Prov. Maluku Utara,270000,18,6,129,7,6,0,0,42,01 May 2026 20:49:24,5EBA11148D0AF6225D3B
SD NEGERI UMALOYA,60200559,SD,Negeri,Kec. Sanana,270701,Kab. Kepulauan Sula,270700,Prov. Maluku Utara,270000,14,2,117,7,7,1,1,49,29 Apr 2026 11:49:17,6C38134877D7E8BE1FF0
SD NEGERI WAIBAU,60200558,SD,Negeri,Kec. Sanana,270701,Kab. Kepulauan Sula,270700,Prov. Maluku Utara,270000,16,7,118,6,6,0,1,15,24 Apr 2026 19:11:49,E559945E0B7A282201DF
SD NEGERI WAILAU,60200488,SD,Negeri,Kec. Sanana,270701,Kab. Kepulauan Sula,270700,Prov. Maluku Utara,270000,12,3,141,6,7,0,1,39,25 Apr 2026 08:44:43,9B62ADEB60BF6FEA22B2
SD ALKHAIRAT SANANA,60200565,SD,Swasta,Kec. Sanana,270701,Kab. Kepulauan Sula,270700,Prov. Maluku Utara,270000,10,2,157,6,6,0,1,19,20 Apr 2026 20:22:31,B5E7D2D087F3A9ACCEAD
SD Islam Terpadu Tunas Permata Sanana,69988413,SD,Swasta,Kec. Sanana,270701,Kab. Kepulauan Sula,270700,Prov. Maluku Utara,270000,6,1,196,10,4,0,1,13,18 Apr 2026 23:36:00,05F582F98E7C2E4219A0
SMP NEGERI 1 SANANA,60200522,SMP,Negeri,Kec. Sanana,270701,Kab. Kepulauan Sula,270700,Prov. Maluku Utara,270000,35,9,526,18,20,2,1,26,29 Apr 2026 09:19:06,B5F6F5580C0517AE3A06
SMP NEGERI 2 SANANA,60202063,SMP,Negeri,Kec. Sanana,270701,Kab. Kepulauan Sula,270700,Prov. Maluku Utara,270000,19,6,108,5,7,2,1,49,09 Apr 2026 19:43:04,60C288D020A9DBFE073A
SMP NEGERI 3 SANANA,60202288,SMP,Negeri,Kec. Sanana,270701,Kab. Kepulauan Sula,270700,Prov. Maluku Utara,270000,16,13,84,4,4,2,1,19,24 Apr 2026 17:26:52,97025732F33C0BBB13D8
SMP NEGERI 4 SANANA,60202065,SMP,Negeri,Kec. Sanana,270701,Kab. Kepulauan Sula,270700,Prov. Maluku Utara,270000,18,9,128,6,6,2,1,29,20 Apr 2026 11:24:57,7F11FA6C851E6F7998B2
SMP NEGERI 5 SATU ATAP SANANA,60202066,SMP,Negeri,Kec. Sanana,270701,Kab. Kepulauan Sula,270700,Prov. Maluku Utara,270000,17,8,88,4,9,1,1,37,17 Apr 2026 20:00:39,D36464E4F917F514CE40
SMP NEGERI 6 SANANA,60203611,SMP,Negeri,Kec. Sanana,270701,Kab. Kepulauan Sula,270700,Prov. Maluku Utara,270000,19,7,120,6,6,2,1,19,21 Apr 2026 08:24:28,74ECA6864A7777CCA848
SMPIT TUNAS PERMATA SANANA,70048688,SMP,Swasta,Kec. Sanana,270701,Kab. Kepulauan Sula,270700,Prov. Maluku Utara,270000,5,1,11,3,2,0,1,10,12 Apr 2026 18:22:18,50D8FF82CA3F36046B33
SMA NEGERI 1 KEPULAUAN SULA,60200544,SMA,Negeri,Kec. Sanana,270701,Kab. Kepulauan Sula,270700,Prov. Maluku Utara,270000,49,14,1037,29,28,5,1,108,01 May 2026 20:12:00,66D78966159D93F9EFE2
SMAS ALHILAAL SANANA,60200542,SMA,Swasta,Kec. Sanana,270701,Kab. Kepulauan Sula,270700,Prov. Maluku Utara,270000,14,4,123,5,6,3,1,42,29 Apr 2026 09:47:41,20738D11643F18059A73
SMK NEGERI 1 KEPULAUAN SULA,60200552,SMK,Negeri,Kec. Sanana,270701,Kab. Kepulauan Sula,270700,Prov. Maluku Utara,270000,29,6,334,14,13,3,0,31,22 Apr 2026 07:51:22,ECB90F36B35EA31241DE
SMK NEGERI 8 KEPULAUAN SULA,60202449,SMK,Negeri,Kec. Sanana,270701,Kab. Kepulauan Sula,270700,Prov. Maluku Utara,270000,18,10,41,8,9,1,1,66,16 Apr 2026 21:31:31,1E2CBB82735DE412A649
SMK BAKTI KEPULAUAN SULA,69900118,SMK,Swasta,Kec. Sanana,270701,Kab. Kepulauan Sula,270700,Prov. Maluku Utara,270000,15,1,65,8,6,2,1,17,29 Apr 2026 09:05:28,A6EDB95477CD8FA1CF30
SD INPRES 1 FALABISAHAYA,60202020,SD,Negeri,Kec. Mangoli Utara,270711,Kab. Kepulauan Sula,270700,Prov. Maluku Utara,270000,11,4,81,6,7,0,0,14,22 Feb 2026 17:23:03,ABB49026542972B96861
SD INPRES 2 FALABISAHAYA,60202022,SD,Negeri,Kec. Mangoli Utara,270711,Kab. Kepulauan Sula,270700,Prov. Maluku Utara,270000,8,3,71,6,7,0,1,22,07 Apr 2026 09:23:13,821827E203DB4787C763
SD INPRES MINALULI,60202365,SD,Negeri,Kec. Mangoli Utara,270711,Kab. Kepulauan Sula,270700,Prov. Maluku Utara,270000,11,2,53,6,6,0,1,50,22 Apr 2026 16:06:07,8F4B604C932DCA1FE0A5
SD INPRES MODAPIA,60202028,SD,Negeri,Kec. Mangoli Utara,270711,Kab. Kepulauan Sula,270700,Prov. Maluku Utara,270000,10,1,65,6,6,0,1,44,03 Mar 2026 19:44:33,69E001D1EABAE463E7EF
SD INPRES PASTABULU,60200635,SD,Negeri,Kec. Mangoli Utara,270711,Kab. Kepulauan Sula,270700,Prov. Maluku Utara,270000,9,3,98,6,6,0,1,20,07 Apr 2026 23:32:40,4292FE18A8B7896EFFAE
SD INPRES SANIAHAYA,60202054,SD,Negeri,Kec. Mangoli Utara,270711,Kab. Kepulauan Sula,270700,Prov. Maluku Utara,270000,8,4,52,6,6,0,1,82,15 Apr 2026 02:47:51,1582CC41C69673965E0B
SD INPRES UPT HTI MANGOLI,60202011,SD,Negeri,Kec. Mangoli Utara,270711,Kab. Kepulauan Sula,270700,Prov. Maluku Utara,270000,8,3,43,6,7,0,0,44,19 Apr 2026 13:28:37,C98A286AF634FE9AA53B
SD INPRES WAILEL,60202031,SD,Negeri,Kec. Mangoli Utara,270711,Kab. Kepulauan Sula,270700,Prov. Maluku Utara,270000,11,1,15,4,6,0,0,28,28 Feb 2026 20:32:02,4F885A97A20235E924E6
SD NEGERI 1 FALABISAHAYA,60202043,SD,Negeri,Kec. Mangoli Utara,270711,Kab. Kepulauan Sula,270700,Prov. Maluku Utara,270000,10,5,180,7,7,0,1,62,27 Apr 2026 06:58:21,FD826B51799C06F4B90B
SD NEGERI MODAPUHI,60202008,SD,Negeri,Kec. Mangoli Utara,270711,Kab. Kepulauan Sula,270700,Prov. Maluku Utara,270000,9,4,51,6,6,0,0,15,27 Apr 2026 19:13:09,8D6FBE9904E9AECB2B96
SD ADVENT FALABISAHAYA,60202005,SD,Swasta,Kec. Mangoli Utara,270711,Kab. Kepulauan Sula,270700,Prov. Maluku Utara,270000,4,1,52,6,6,0,0,34,29 Apr 2026 19:54:57,4A195A05B84E3F35140E
SD NASKAT FALABISAHAYA,60202034,SD,Swasta,Kec. Mangoli Utara,270711,Kab. Kepulauan Sula,270700,Prov. Maluku Utara,270000,5,1,33,6,7,1,1,6,07 Mar 2026 09:34:54,896C0F8EBE76F6BAE8A5
SMP NEGERI 1 MANGOLI UTARA,60202086,SMP,Negeri,Kec. Mangoli Utara,270711,Kab. Kepulauan Sula,270700,Prov. Maluku Utara,270000,16,5,181,6,9,2,1,50,29 Apr 2026 14:32:02,8EB0E5E49804C3EB8167
SMP NEGERI 2 MANGOLI UTARA,60202085,SMP,Negeri,Kec. Mangoli Utara,270711,Kab. Kepulauan Sula,270700,Prov. Maluku Utara,270000,15,3,52,3,7,1,1,9,09 Apr 2026 21:02:19,07FBD717D3A528A53867
SMP NEGERI 3 SATU ATAP MANGOLI UTARA,60202560,SMP,Negeri,Kec. Mangoli Utara,270711,Kab. Kepulauan Sula,270700,Prov. Maluku Utara,270000,17,1,70,3,5,1,1,20,20 Apr 2026 09:13:58,CA9C851D43A66DFD42CD
SMP NEGERI 4 SATU ATAP MANGOLI UTARA,60202561,SMP,Negeri,Kec. Mangoli Utara,270711,Kab. Kepulauan Sula,270700,Prov. Maluku Utara,270000,11,2,31,3,3,1,1,30,30 Apr 2026 17:50:01,8ADD07A1D91EF8BDCF49
SMP ADVENT FALABISAHAYA,60202081,SMP,Swasta,Kec. Mangoli Utara,270711,Kab. Kepulauan Sula,270700,Prov. Maluku Utara,270000,3,1,54,3,3,0,0,34,22 Apr 2026 10:05:38,992E9EE8E07E95E324F9
SMP BINTANG PASIFIK,60202082,SMP,Swasta,Kec. Mangoli Utara,270711,Kab. Kepulauan Sula,270700,Prov. Maluku Utara,270000,2,1,22,3,3,0,1,6,30 Apr 2026 21:06:16,88B9F52A3642026701DD
SMP KRISTEN FALABISAHAYA,60202083,SMP,Swasta,Kec. Mangoli Utara,270711,Kab. Kepulauan Sula,270700,Prov. Maluku Utara,270000,5,1,14,3,3,1,1,51,18 Apr 2026 08:38:57,B5F97997DD1751808D2A
SMP MUJAAHIDIN FALABISAHAYA,60202084,SMP,Swasta,Kec. Mangoli Utara,270711,Kab. Kepulauan Sula,270700,Prov. Maluku Utara,270000,8,2,26,3,4,2,1,50,14 Apr 2026 04:52:49,BC080EFCC4828EECECCA
SMA NEGERI 4 KEPULAUAN SULA,60202241,SMA,Negeri,Kec. Mangoli Utara,270711,Kab. Kepulauan Sula,270700,Prov. Maluku Utara,270000,17,7,276,9,11,4,1,24,31 Mar 2026 06:25:48,06AE9BDED03585E7A681
SMAS KRISTEN FALABISAHAYA,60202237,SMA,Swasta,Kec. Mangoli Utara,270711,Kab. Kepulauan Sula,270700,Prov. Maluku Utara,270000,8,2,33,3,3,0,1,63,28 Apr 2026 05:58:20,7B4C9E71C1C25ABFC649
SMAS MUHAMMADIYAH FALABISAHAYA,60202238,SMA,Swasta,Kec. Mangoli Utara,270711,Kab. Kepulauan Sula,270700,Prov. Maluku Utara,270000,11,1,69,3,7,1,1,24,18 Apr 2026 18:22:37,9F2EBD8CB40DF725B399
SMK NEGERI 13 KEPULAUAN SULA,69976587,SMK,Negeri,Kec. Mangoli Utara,270711,Kab. Kepulauan Sula,270700,Prov. Maluku Utara,270000,6,2,44,3,3,1,1,31,24 Apr 2026 22:58:17,7EED7A043BD653074330
SMK NEGERI 14 KEPULAUAN SULA,69965397,SMK,Negeri,Kec. Mangoli Utara,270711,Kab. Kepulauan Sula,270700,Prov. Maluku Utara,270000,11,3,28,3,7,0,0,26,13 Apr 2026 21:24:14,E53A8E55D638B6D5AC66
SMK NUSANTARA FALABISAHAYA,69989011,SMK,Swasta,Kec. Mangoli Utara,270711,Kab. Kepulauan Sula,270700,Prov. Maluku Utara,270000,6,2,26,6,6,0,0,16,28 Apr 2026 10:33:07,C03671BD4409DE17421E
SD INPRES MANGOLI,60202015,SD,Negeri,Kec. Mangoli Tengah,270709,Kab. Kepulauan Sula,270700,Prov. Maluku Utara,270000,12,3,71,6,6,1,1,23,25 Apr 2026 10:46:39,2E9D499727E633C78F72
SD INPRES WAILOBA,60202017,SD,Negeri,Kec. Mangoli Tengah,270709,Kab. Kepulauan Sula,270700,Prov. Maluku Utara,270000,9,1,69,6,6,0,1,15,10 Apr 2026 21:23:00,0AB1A3E33BBA376A13AA
SD INPRES WAITULIA,60202019,SD,Negeri,Kec. Mangoli Tengah,270709,Kab. Kepulauan Sula,270700,Prov. Maluku Utara,270000,10,6,62,6,6,0,1,25,02 May 2026 19:06:13,76768B301E92382BED9D
SD NEGERI 1 CAPALULU,60202254,SD,Negeri,Kec. Mangoli Tengah,270709,Kab. Kepulauan Sula,270700,Prov. Maluku Utara,270000,14,3,65,6,6,0,1,46,24 Apr 2026 07:03:45,6FDFC0D373BB5C5E3DBC
SD NEGERI 2 CAPALULU,60202230,SD,Negeri,Kec. Mangoli Tengah,270709,Kab. Kepulauan Sula,270700,Prov. Maluku Utara,270000,19,4,99,6,6,0,1,23,10 Apr 2026 17:12:11,A80B1D79E6B123AD32E4
SD NEGERI BARUAKOL,60202037,SD,Negeri,Kec. Mangoli Tengah,270709,Kab. Kepulauan Sula,270700,Prov. Maluku Utara,270000,11,6,123,6,8,0,1,26,18 Apr 2026 08:05:04,277DFDB7BFBB321127F4
SD NEGERI MANGOLI,60202231,SD,Negeri,Kec. Mangoli Tengah,270709,Kab. Kepulauan Sula,270700,Prov. Maluku Utara,270000,14,3,114,6,6,0,1,23,29 Apr 2026 08:54:08,66B1B8E6620AECD168B1
SD NEGERI ORIFOLA,60202232,SD,Negeri,Kec. Mangoli Tengah,270709,Kab. Kepulauan Sula,270700,Prov. Maluku Utara,270000,12,2,45,6,6,1,1,12,05 Mar 2026 09:18:56,86180CB63EB9C73AA464
SD NEGERI PASLAL,60202004,SD,Negeri,Kec. Mangoli Tengah,270709,Kab. Kepulauan Sula,270700,Prov. Maluku Utara,270000,11,2,42,6,8,1,1,43,30 Apr 2026 21:33:36,CCF6E2D66F4BFF3ACD5A
SD NEGERI WAI U,60202464,SD,Negeri,Kec. Mangoli Tengah,270709,Kab. Kepulauan Sula,270700,Prov. Maluku Utara,270000,15,3,40,6,6,0,1,24,05 Apr 2026 06:46:11,876CDF73FCDC534833A3
SD NEGERI WAINANAS,60202507,SD,Negeri,Kec. Mangoli Tengah,270709,Kab. Kepulauan Sula,270700,Prov. Maluku Utara,270000,9,2,35,6,2,0,1,13,11 Apr 2026 17:06:20,3F25F29064702822E471
SMP NEGERI 1 MANGOLI TENGAH,60202503,SMP,Negeri,Kec. Mangoli Tengah,270709,Kab. Kepulauan Sula,270700,Prov. Maluku Utara,270000,17,4,125,6,6,2,1,21,30 Apr 2026 20:10:20,C126933C606B0A122B15
SMP NEGERI 2 MANGOLI TENGAH,60202062,SMP,Negeri,Kec. Mangoli Tengah,270709,Kab. Kepulauan Sula,270700,Prov. Maluku Utara,270000,15,5,100,5,6,1,1,25,12 Mar 2026 11:01:54,0C42F0123E2AF264F5A7
SMP NEGERI 3 SATU ATAP MANGOLI TENGAH,60202557,SMP,Negeri,Kec. Mangoli Tengah,270709,Kab. Kepulauan Sula,270700,Prov. Maluku Utara,270000,16,2,47,3,3,0,1,23,04 Mar 2026 19:42:34,29517EA4417AEC9393B6
SMP NEGERI 4 SATU ATAP MANGOLI TENGAH,60203621,SMP,Negeri,Kec. Mangoli Tengah,270709,Kab. Kepulauan Sula,270700,Prov. Maluku Utara,270000,13,4,49,3,3,1,0,15,06 Apr 2026 17:47:46,9597B3B47D6C90640F0A
SMA NEGERI 5 KEPULAUAN SULA,60202240,SMA,Negeri,Kec. Mangoli Tengah,270709,Kab. Kepulauan Sula,270700,Prov. Maluku Utara,270000,17,3,170,6,10,3,1,30,01 May 2026 04:18:55,26537131F9E2EA3920FC
SMK NEGERI 9 KEPULAUAN SULA,60202463,SMK,Negeri,Kec. Mangoli Tengah,270709,Kab. Kepulauan Sula,270700,Prov. Maluku Utara,270000,19,9,89,3,9,3,1,32,23 Apr 2026 03:18:13,A9A9595E3732928E3112
SD INPRES BAJO,60200569,SD,Negeri,Kec. Sanana Utara,270716,Kab. Kepulauan Sula,270700,Prov. Maluku Utara,270000,20,7,224,11,7,0,1,78,29 Apr 2026 11:17:29,ABC0AC1A5A3F5BD3321C
SD INPRES FOKALIK,60200622,SD,Negeri,Kec. Sanana Utara,270716,Kab. Kepulauan Sula,270700,Prov. Maluku Utara,270000,12,9,42,6,6,0,1,38,28 Apr 2026 18:32:33,C9BFBF643BB19FD8D8B0
SD INPRES MAN GEGA,60200626,SD,Negeri,Kec. Sanana Utara,270716,Kab. Kepulauan Sula,270700,Prov. Maluku Utara,270000,12,1,130,7,7,0,1,40,25 Apr 2026 09:14:29,0398791CA005FCF7D5B8
SD NEGERI FUKWEU,60200511,SD,Negeri,Kec. Sanana Utara,270716,Kab. Kepulauan Sula,270700,Prov. Maluku Utara,270000,14,4,111,6,6,0,1,43,01 May 2026 09:46:41,BB6C59456989807AF8A9
SD NEGERI MALBUFA,60200508,SD,Negeri,Kec. Sanana Utara,270716,Kab. Kepulauan Sula,270700,Prov. Maluku Utara,270000,14,3,99,6,6,0,1,61,28 Apr 2026 10:37:03,74DCAAB45FF7F28DFAFF
SD NEGERI POHEA,60200479,SD,Negeri,Kec. Sanana Utara,270716,Kab. Kepulauan Sula,270700,Prov. Maluku Utara,270000,13,3,97,6,7,0,1,40,18 Apr 2026 13:10:20,D19165BE8A837DAF64C0
SD NEGERI WAININ,60200557,SD,Negeri,Kec. Sanana Utara,270716,Kab. Kepulauan Sula,270700,Prov. Maluku Utara,270000,12,12,72,6,6,0,1,28,01 May 2026 12:45:16,FB4B29BE852352701093
SDIT INSAN CENDEKIA,69991787,SD,Swasta,Kec. Sanana Utara,270716,Kab. Kepulauan Sula,270700,Prov. Maluku Utara,270000,14,1,80,6,6,0,0,13,28 Apr 2026 07:41:06,1504540EC1695C9D4241
SMP NEGERI 1 SANANA UTARA,60202279,SMP,Negeri,Kec. Sanana Utara,270716,Kab. Kepulauan Sula,270700,Prov. Maluku Utara,270000,17,3,94,5,5,1,1,30,22 Apr 2026 13:42:09,098ED0FD22FA1F65612B
SMP NEGERI 2 SANANA UTARA,60202064,SMP,Negeri,Kec. Sanana Utara,270716,Kab. Kepulauan Sula,270700,Prov. Maluku Utara,270000,14,3,32,3,6,1,1,16,22 Apr 2026 07:00:06,BB65160065DFA170FF29
SMP NEGERI 3 SATU ATAP SANANA UTARA,60202554,SMP,Negeri,Kec. Sanana Utara,270716,Kab. Kepulauan Sula,270700,Prov. Maluku Utara,270000,18,3,30,3,4,0,0,34,27 Apr 2026 14:42:42,67BD3E803CA9E3E5CCBF
SMP NEGERI 4 SANANA UTARA,69787402,SMP,Negeri,Kec. Sanana Utara,270716,Kab. Kepulauan Sula,270700,Prov. Maluku Utara,270000,12,8,83,3,4,1,1,83,28 Apr 2026 07:52:57,D0671107F6B13AD4A47B
SMP NEGERI 5 SANANA UTARA,69769382,SMP,Negeri,Kec. Sanana Utara,270716,Kab. Kepulauan Sula,270700,Prov. Maluku Utara,270000,12,2,30,3,3,2,1,30,05 Apr 2026 13:46:57,762D0920BCFE834C8D32
SMP MUHAMMADIYAH 1 KEPULAUAN SULA,70059983,SMP,Swasta,Kec. Sanana Utara,270716,Kab. Kepulauan Sula,270700,Prov. Maluku Utara,270000,0,0,0,0,0,0,0,0,,91DB6FE7DC354C3FA5E8
SMK NEGERI 10 KEPULAUAN SULA,60203612,SMK,Negeri,Kec. Sanana Utara,270716,Kab. Kepulauan Sula,270700,Prov. Maluku Utara,270000,7,4,59,3,7,2,2,9,31 Jan 2026 17:03:08,D0DF6C653AA63A548763
SMK NEGERI 2 KEPULAUAN SULA,60200551,SMK,Negeri,Kec. Sanana Utara,270716,Kab. Kepulauan Sula,270700,Prov. Maluku Utara,270000,24,8,69,10,13,2,0,18,14 Apr 2026 14:09:34,A207B41A5A74DA77D6D2
SD INPRES DOFA,60202025,SD,Negeri,Kec. Mangoli Barat,270706,Kab. Kepulauan Sula,270700,Prov. Maluku Utara,270000,9,5,145,7,7,0,2,34,04 Mar 2026 03:13:24,1D6F0E11484D093A8EB0
SD INPRES LEKO KADAI,60202049,SD,Negeri,Kec. Mangoli Barat,270706,Kab. Kepulauan Sula,270700,Prov. Maluku Utara,270000,11,6,142,6,7,0,0,78,30 Apr 2026 07:15:17,9C3CC9085D0C08321145
SD INPRES PELITA,60202030,SD,Negeri,Kec. Mangoli Barat,270706,Kab. Kepulauan Sula,270700,Prov. Maluku Utara,270000,7,3,131,6,6,0,2,9,21 Apr 2026 04:58:37,CF9563C176D8039E81FB
SD LKMD JOHOR,60202033,SD,Negeri,Kec. Mangoli Barat,270706,Kab. Kepulauan Sula,270700,Prov. Maluku Utara,270000,9,2,26,6,6,0,0,13,04 Mar 2026 20:53:01,41D817C1F23186AC0AF8
SD NEGERI 1 PAS IPA,60202044,SD,Negeri,Kec. Mangoli Barat,270706,Kab. Kepulauan Sula,270700,Prov. Maluku Utara,270000,6,7,65,6,6,0,1,31,28 Apr 2026 04:07:57,559CA6EF2DC9DAB1E1DB
SD NEGERI 2 PAS IPA,60202046,SD,Negeri,Kec. Mangoli Barat,270706,Kab. Kepulauan Sula,270700,Prov. Maluku Utara,270000,12,1,55,6,6,0,1,21,23 Apr 2026 20:55:29,9BEB78035CDAF29CED67
SD NEGERI DOFA,60202047,SD,Negeri,Kec. Mangoli Barat,270706,Kab. Kepulauan Sula,270700,Prov. Maluku Utara,270000,11,3,104,6,7,0,1,4,25 Jan 2026 15:46:48,46985435BB8046AB63D1
SD NEGERI LEKO SULA,60202050,SD,Negeri,Kec. Mangoli Barat,270706,Kab. Kepulauan Sula,270700,Prov. Maluku Utara,270000,11,2,73,6,7,0,1,28,07 Apr 2026 08:34:29,65DE38C3705CAC5854D0
SD NEGERI LELYABA,60202051,SD,Negeri,Kec. Mangoli Barat,270706,Kab. Kepulauan Sula,270700,Prov. Maluku Utara,270000,8,2,23,6,6,0,0,17,06 Mar 2026 20:17:55,0ACBF852C5527CC0ED34
SMP NEGERI 1 MANGOLI BARAT,60202059,SMP,Negeri,Kec. Mangoli Barat,270706,Kab. Kepulauan Sula,270700,Prov. Maluku Utara,270000,17,4,129,6,9,1,1,41,14 Apr 2026 21:37:15,D0FBC342397B5105BFBE
SMP NEGERI 2 MANGOLI BARAT,60202061,SMP,Negeri,Kec. Mangoli Barat,270706,Kab. Kepulauan Sula,270700,Prov. Maluku Utara,270000,14,7,68,3,6,1,1,18,03 Mar 2026 01:10:00,AB1C92A0C4C8E9ED36DC
SMP NEGERI 3 SATU ATAP MANGOLI BARAT,60202559,SMP,Negeri,Kec. Mangoli Barat,270706,Kab. Kepulauan Sula,270700,Prov. Maluku Utara,270000,14,2,78,3,3,1,1,13,01 May 2026 13:21:15,6C408BD06D6636FD743A
SMP NEGERI 4 SATU ATAP MANGOLI BARAT,69950828,SMP,Negeri,Kec. Mangoli Barat,270706,Kab. Kepulauan Sula,270700,Prov. Maluku Utara,270000,9,2,28,3,3,1,0,36,13 Mar 2026 13:38:21,879BED61A2D47A2AC8B8
SMA NEGERI 12 KEPULAUAN SULA,69969963,SMA,Negeri,Kec. Mangoli Barat,270706,Kab. Kepulauan Sula,270700,Prov. Maluku Utara,270000,19,2,86,4,3,2,1,40,22 Apr 2026 09:53:30,1C1B2C6F8F2C84139A3E
SMA NEGERI 2 KEPULAUAN SULA,60202239,SMA,Negeri,Kec. Mangoli Barat,270706,Kab. Kepulauan Sula,270700,Prov. Maluku Utara,270000,17,4,112,5,7,6,0,44,30 Apr 2026 22:57:03,EF697B75CAADDBFD4E6F
SMK NEGERI 11 KEPULAUAN SULA,69769381,SMK,Negeri,Kec. Mangoli Barat,270706,Kab. Kepulauan Sula,270700,Prov. Maluku Utara,270000,16,5,61,6,6,1,0,39,20 Apr 2026 22:13:21,BE847AD8EBB699F8BA15
SMK NEGERI 3 KEPULAUAN SULA,60202245,SMK,Negeri,Kec. Mangoli Barat,270706,Kab. Kepulauan Sula,270700,Prov. Maluku Utara,270000,11,3,44,3,7,2,1,165,28 Apr 2026 07:23:43,F5883BDAEA437956F0C5
SD INPRES WAIBOGA,60200629,SD,Negeri,Kec. Sula Besi Tengah,270707,Kab. Kepulauan Sula,270700,Prov. Maluku Utara,270000,16,2,86,6,8,0,1,29,01 May 2026 19:48:54,9B3BEB2E63D0859AE67A
SD NEGERI 1 BEGA,60200505,SD,Negeri,Kec. Sula Besi Tengah,270707,Kab. Kepulauan Sula,270700,Prov. Maluku Utara,270000,11,4,61,6,6,0,1,27,13 Apr 2026 20:35:48,448552BCF628D75959D2
SD NEGERI 2 BEGA,60202552,SD,Negeri,Kec. Sula Besi Tengah,270707,Kab. Kepulauan Sula,270700,Prov. Maluku Utara,270000,13,4,54,6,6,0,1,30,28 Apr 2026 15:47:33,40434BCA888778E7A442
SD NEGERI 2 WAIBOGA,60202553,SD,Negeri,Kec. Sula Besi Tengah,270707,Kab. Kepulauan Sula,270700,Prov. Maluku Utara,270000,15,2,79,6,6,1,1,48,18 Apr 2026 07:32:24,C4E7A145AA4E12DEAB71
SD NEGERI FAT IBA,60200513,SD,Negeri,Kec. Sula Besi Tengah,270707,Kab. Kepulauan Sula,270700,Prov. Maluku Utara,270000,12,5,107,6,7,1,1,52,12 Mar 2026 15:32:02,70F4C704815B2B47A917
SD NEGERI MANAF,60200564,SD,Negeri,Kec. Sula Besi Tengah,270707,Kab. Kepulauan Sula,270700,Prov. Maluku Utara,270000,10,3,29,6,6,0,0,44,13 Mar 2026 10:05:52,D20CB1352223C36FB49C
SD NEGERI SOAMOLE,60200475,SD,Negeri,Kec. Sula Besi Tengah,270707,Kab. Kepulauan Sula,270700,Prov. Maluku Utara,270000,12,2,66,6,7,0,1,26,04 Apr 2026 23:03:20,42059E675CF60E489F0E
SD NEGERI WAIBOGA,60200490,SD,Negeri,Kec. Sula Besi Tengah,270707,Kab. Kepulauan Sula,270700,Prov. Maluku Utara,270000,17,2,104,6,6,0,1,31,01 Apr 2026 06:02:47,8DA080809FE8C2D2C9A1
SD NEGERI WAIMAN,60200486,SD,Negeri,Kec. Sula Besi Tengah,270707,Kab. Kepulauan Sula,270700,Prov. Maluku Utara,270000,15,5,117,7,6,0,1,19,04 Mar 2026 22:06:45,EA3B5F63BA1489363C87
SMP NEGERI 1 SULABESI TENGAH,60202278,SMP,Negeri,Kec. Sula Besi Tengah,270707,Kab. Kepulauan Sula,270700,Prov. Maluku Utara,270000,28,5,115,6,9,2,3,54,02 May 2026 12:57:10,545FBB82D0389C59830D
SMP NEGERI 2 SULABESI TENGAH,60202285,SMP,Negeri,Kec. Sula Besi Tengah,270707,Kab. Kepulauan Sula,270700,Prov. Maluku Utara,270000,13,3,69,3,6,2,1,32,29 Apr 2026 09:10:48,9E8E7303DEB1D7896586
SMP NEGERI 3 SULABESI TENGAH,60202534,SMP,Negeri,Kec. Sula Besi Tengah,270707,Kab. Kepulauan Sula,270700,Prov. Maluku Utara,270000,16,4,67,3,5,1,1,66,01 May 2026 11:18:52,4613FCC46E3EECE7451D
SMA NEGERI 11 KEPULAUAN SULA,69970000,SMA,Negeri,Kec. Sula Besi Tengah,270707,Kab. Kepulauan Sula,270700,Prov. Maluku Utara,270000,16,4,54,3,5,2,1,13,06 Feb 2026 18:29:25,6B93937DCF3F4D03A283
SMA NEGERI 6 KEPULAUAN SULA,60202289,SMA,Negeri,Kec. Sula Besi Tengah,270707,Kab. Kepulauan Sula,270700,Prov. Maluku Utara,270000,31,6,190,7,11,2,2,22,23 Apr 2026 07:34:11,08BCB0CB93DAF9B31896
SMK NEGERI 7 KEPULAUAN SULA,60202450,SMK,Negeri,Kec. Sula Besi Tengah,270707,Kab. Kepulauan Sula,270700,Prov. Maluku Utara,270000,14,3,65,6,9,3,1,35,29 Apr 2026 19:29:35,F8783670C0835EE5A402
SD INPRES KABAU DARAT,60200619,SD,Negeri,Kec. Sula Besi Barat,270702,Kab. Kepulauan Sula,270700,Prov. Maluku Utara,270000,11,4,56,6,6,0,1,68,25 Apr 2026 10:49:03,398AD7BDBCDF81A8E66E
SD NEGERI KABAU,60200510,SD,Negeri,Kec. Sula Besi Barat,270702,Kab. Kepulauan Sula,270700,Prov. Maluku Utara,270000,9,3,135,6,7,0,1,7,30 Apr 2026 17:24:12,1EFCA11081CBA48FA732
SD NEGERI NAHI,60200506,SD,Negeri,Kec. Sula Besi Barat,270702,Kab. Kepulauan Sula,270700,Prov. Maluku Utara,270000,14,8,102,6,6,0,1,40,22 Apr 2026 19:59:41,1956851C1B73073A8AD2
SD NEGERI ONA,60200495,SD,Negeri,Kec. Sula Besi Barat,270702,Kab. Kepulauan Sula,270700,Prov. Maluku Utara,270000,11,2,89,6,6,0,1,11,16 Mar 2026 20:05:59,C7C35897A0FDCD6BDC7B
SD NEGERI PARATINA,60202294,SD,Negeri,Kec. Sula Besi Barat,270702,Kab. Kepulauan Sula,270700,Prov. Maluku Utara,270000,8,4,33,6,6,0,1,11,08 Feb 2026 11:50:39,AC96AC1CFFE7185E2D7F
SD NEGERI WAI INA,60200493,SD,Negeri,Kec. Sula Besi Barat,270702,Kab. Kepulauan Sula,270700,Prov. Maluku Utara,270000,11,8,80,6,6,0,0,53,28 Apr 2026 06:43:59,FC6D0CE3C06C6523ED9A
SMP NEGERI 1 SULABESI BARAT,60200521,SMP,Negeri,Kec. Sula Besi Barat,270702,Kab. Kepulauan Sula,270700,Prov. Maluku Utara,270000,16,3,98,4,6,1,1,16,15 Apr 2026 00:08:02,5F292D5DB95892656BCC
SMP NEGERI 2 SULABESI BARAT,60200518,SMP,Negeri,Kec. Sula Besi Barat,270702,Kab. Kepulauan Sula,270700,Prov. Maluku Utara,270000,13,4,48,3,6,2,1,53,01 May 2026 15:47:40,9C8DE2B6C72AAC34D8D8
SMA NEGERI 10 KEPULAUAN SULA,69946219,SMA,Negeri,Kec. Sula Besi Barat,270702,Kab. Kepulauan Sula,270700,Prov. Maluku Utara,270000,15,4,71,4,4,1,1,21,27 Apr 2026 08:38:09,C944E0A3F55D9309B096
SMA NEGERI 13 KEPULAUAN SULA,69984097,SMA,Negeri,Kec. Sula Besi Barat,270702,Kab. Kepulauan Sula,270700,Prov. Maluku Utara,270000,18,4,58,3,3,1,1,55,16 Apr 2026 18:17:50,A151D7747868C0E6717E
SMA NEGERI 7 KEPULAUAN SULA,60202466,SMA,Negeri,Kec. Sula Besi Barat,270702,Kab. Kepulauan Sula,270700,Prov. Maluku Utara,270000,13,2,99,4,6,5,1,14,02 Feb 2026 23:58:27,F7FD76BB9CF76EF43F44
SMK NEGERI 12 KEPULAUAN SULA,69786185,SMK,Negeri,Kec. Sula Besi Barat,270702,Kab. Kepulauan Sula,270700,Prov. Maluku Utara,270000,11,2,55,3,3,2,1,27,15 Apr 2026 09:20:13,3A13D1220999793AF650
SD INPRES AUPONHIA,60202023,SD,Negeri,Kec. Mangoli Selatan,270712,Kab. Kepulauan Sula,270700,Prov. Maluku Utara,270000,12,3,67,6,6,0,1,22,04 Mar 2026 00:00:45,77160EDA39C5D6B8F78E
SD NEGERI 1 BUYA,60202042,SD,Negeri,Kec. Mangoli Selatan,270712,Kab. Kepulauan Sula,270700,Prov. Maluku Utara,270000,11,5,82,6,6,0,1,12,29 Apr 2026 07:04:32,7633C94226BE44ED13CC
SD NEGERI 2 BUYA,60202003,SD,Negeri,Kec. Mangoli Selatan,270712,Kab. Kepulauan Sula,270700,Prov. Maluku Utara,270000,14,4,76,6,6,0,1,18,07 Apr 2026 04:24:05,86671FDA081A1C3C8A52
SD NEGERI KAPORO,60202007,SD,Negeri,Kec. Mangoli Selatan,270712,Kab. Kepulauan Sula,270700,Prov. Maluku Utara,270000,12,2,90,6,6,0,1,23,25 Apr 2026 13:26:51,9DC27F3917CF62004380
SD NEGERI WAIKAFIA,60202057,SD,Negeri,Kec. Mangoli Selatan,270712,Kab. Kepulauan Sula,270700,Prov. Maluku Utara,270000,13,3,133,6,6,0,1,9,03 Apr 2026 13:26:44,85059E0A991DD4E26CDA
SD NEGERI WAILAB,60202009,SD,Negeri,Kec. Mangoli Selatan,270712,Kab. Kepulauan Sula,270700,Prov. Maluku Utara,270000,10,3,100,6,6,0,1,64,25 Apr 2026 15:41:56,AA8785FAB12AB9E2FD11
SMP NEGERI 1 MANGOLI SELATAN,60202465,SMP,Negeri,Kec. Mangoli Selatan,270712,Kab. Kepulauan Sula,270700,Prov. Maluku Utara,270000,16,3,60,3,3,1,0,51,24 Apr 2026 20:57:00,A03024EFE780F21C8B42
SMP NEGERI 2 MANGOLI SELATAN,60202089,SMP,Negeri,Kec. Mangoli Selatan,270712,Kab. Kepulauan Sula,270700,Prov. Maluku Utara,270000,25,5,41,3,6,2,1,39,27 Apr 2026 21:42:10,102BFE672C0C083944A7
SMP NEGERI 3 SATU ATAP MANGOLI SELATAN,60202562,SMP,Negeri,Kec. Mangoli Selatan,270712,Kab. Kepulauan Sula,270700,Prov. Maluku Utara,270000,8,4,74,3,3,2,1,31,29 Apr 2026 09:51:01,91A2B0D075221E4AF984
SMP NEGERI 4 MANGOLI SELATAN,60203614,SMP,Negeri,Kec. Mangoli Selatan,270712,Kab. Kepulauan Sula,270700,Prov. Maluku Utara,270000,16,3,42,3,6,1,1,21,25 Apr 2026 08:50:42,769DF28309136668CE40
SMP NEGERI 5 SATU ATAP MANGOLI SELATAN,69851377,SMP,Negeri,Kec. Mangoli Selatan,270712,Kab. Kepulauan Sula,270700,Prov. Maluku Utara,270000,13,3,57,3,3,1,1,20,01 May 2026 09:07:06,2F67D8911659BE6050D5
SMK NEGERI 4 KEPULAUAN SULA,60202243,SMK,Negeri,Kec. Mangoli Selatan,270712,Kab. Kepulauan Sula,270700,Prov. Maluku Utara,270000,14,2,80,6,6,3,1,21,21 Feb 2026 04:56:47,9ADC9AF3B4BC142B78A8
SMK NEGERI 5 KEPULAUAN SULA,60202244,SMK,Negeri,Kec. Mangoli Selatan,270712,Kab. Kepulauan Sula,270700,Prov. Maluku Utara,270000,11,3,78,3,6,1,1,13,03 Apr 2026 08:56:53,2383A3745864993219A3
SD INPRES KARAMAT TITDOY,60202014,SD,Negeri,Kec. Mangoli Timur,270703,Kab. Kepulauan Sula,270700,Prov. Maluku Utara,270000,10,3,54,6,6,0,1,25,07 Mar 2026 10:26:00,E9F36E4676D9E32199AA
SD NEGERI 1 WAITINA,60202035,SD,Negeri,Kec. Mangoli Timur,270703,Kab. Kepulauan Sula,270700,Prov. Maluku Utara,270000,13,7,122,6,6,0,1,35,24 Apr 2026 07:21:36,E132712230C10CA22871
SD NEGERI 2 WAITINA,60202036,SD,Negeri,Kec. Mangoli Timur,270703,Kab. Kepulauan Sula,270700,Prov. Maluku Utara,270000,12,4,105,6,6,0,1,30,19 Apr 2026 07:01:16,F3475FE7988F93602ACB
SD NEGERI KOU,60202039,SD,Negeri,Kec. Mangoli Timur,270703,Kab. Kepulauan Sula,270700,Prov. Maluku Utara,270000,16,11,107,6,6,0,1,45,28 Apr 2026 19:29:16,3E66125F224EAC9DB83C
SD NEGERI NAFLO,60202256,SD,Negeri,Kec. Mangoli Timur,270703,Kab. Kepulauan Sula,270700,Prov. Maluku Utara,270000,9,9,55,6,6,0,1,43,30 Apr 2026 22:42:56,45F89F30A633D1EBFAF2
SD NEGERI WAITAMELA,60202233,SD,Negeri,Kec. Mangoli Timur,270703,Kab. Kepulauan Sula,270700,Prov. Maluku Utara,270000,10,3,78,6,6,0,1,56,29 Apr 2026 18:24:35,AC2B462F721083907AC8
SMP NEGERI 1 MANGOLI TIMUR,60202060,SMP,Negeri,Kec. Mangoli Timur,270703,Kab. Kepulauan Sula,270700,Prov. Maluku Utara,270000,12,6,62,3,5,1,1,25,18 Apr 2026 09:15:21,772A4EEAC42C540FDDA0
SMP NEGERI 2 SATU ATAP MANGOLI TIMUR,60202556,SMP,Negeri,Kec. Mangoli Timur,270703,Kab. Kepulauan Sula,270700,Prov. Maluku Utara,270000,14,2,28,3,3,0,0,28,22 Apr 2026 12:37:11,85927E7E68FAFF55BDFB
SMP NEGERI 3 SATU ATAP MANGOLI TIMUR,60205574,SMP,Negeri,Kec. Mangoli Timur,270703,Kab. Kepulauan Sula,270700,Prov. Maluku Utara,270000,12,4,43,3,4,2,1,21,03 Mar 2026 15:19:41,1F5D218CB6120D3E5771
SMP NEGERI 4 SATU ATAP MANGOLI TIMUR,69851376,SMP,Negeri,Kec. Mangoli Timur,270703,Kab. Kepulauan Sula,270700,Prov. Maluku Utara,270000,16,4,48,3,3,0,1,16,11 Feb 2026 13:57:55,FE7370A9670CDA3EAB97
SMA NEGERI 3 KEPULAUAN SULA,60202101,SMA,Negeri,Kec. Mangoli Timur,270703,Kab. Kepulauan Sula,270700,Prov. Maluku Utara,270000,16,9,158,6,10,4,1,22,27 Apr 2026 08:04:48,6F41BCA5674DD97A3345
SD INPRES SAMA,60200633,SD,Negeri,Kec. Sula Besi Timur,270708,Kab. Kepulauan Sula,270700,Prov. Maluku Utara,270000,8,3,59,6,7,0,1,13,06 Apr 2026 04:20:28,4526649306E0DD435E1C
SD NEGERI BALEHA,60200504,SD,Negeri,Kec. Sula Besi Timur,270708,Kab. Kepulauan Sula,270700,Prov. Maluku Utara,270000,9,7,60,6,6,0,1,15,28 Apr 2026 11:36:53,C4A4B76217730EEAA4C7
SD NEGERI FATKAUYON,60200512,SD,Negeri,Kec. Sula Besi Timur,270708,Kab. Kepulauan Sula,270700,Prov. Maluku Utara,270000,5,3,73,6,8,0,0,10,18 Apr 2026 13:28:30,AB6573B7FAF8A5D93738
SD NEGERI WAIGOIYOFA,60200489,SD,Negeri,Kec. Sula Besi Timur,270708,Kab. Kepulauan Sula,270700,Prov. Maluku Utara,270000,9,2,68,6,6,0,1,28,23 Apr 2026 06:26:20,1A9FC3DD8C213972DDB6
SD NEGERI WAILIA,60200613,SD,Negeri,Kec. Sula Besi Timur,270708,Kab. Kepulauan Sula,270700,Prov. Maluku Utara,270000,9,3,64,6,6,0,1,11,02 May 2026 09:50:25,CBE152BB0BEA77937A20
SD NEGERI WAISEPA,60200491,SD,Negeri,Kec. Sula Besi Timur,270708,Kab. Kepulauan Sula,270700,Prov. Maluku Utara,270000,9,7,16,6,6,0,1,39,24 Apr 2026 18:50:33,A20404ED1C75673FD08C
SMP NEGERI 1 SULABESI TIMUR,60202080,SMP,Negeri,Kec. Sula Besi Timur,270708,Kab. Kepulauan Sula,270700,Prov. Maluku Utara,270000,14,7,71,3,7,2,1,42,02 May 2026 19:54:43,5BFF4FE12FB4E38F7CBC
SMP NEGERI 2 SATU ATAP SULABESI TIMUR,60202283,SMP,Negeri,Kec. Sula Besi Timur,270708,Kab. Kepulauan Sula,270700,Prov. Maluku Utara,270000,11,4,44,3,4,1,0,37,21 Apr 2026 13:39:07,CF90F399B4C9D8394433
SMP NEGERI 3 SATU ATAP SULABESI TIMUR,60202460,SMP,Negeri,Kec. Sula Besi Timur,270708,Kab. Kepulauan Sula,270700,Prov. Maluku Utara,270000,12,3,34,3,3,1,1,29,02 May 2026 17:31:08,627F8E2944515ED429A0
SMA NEGERI 9 KEPULAUAN SULA,60202102,SMA,Negeri,Kec. Sula Besi Timur,270708,Kab. Kepulauan Sula,270700,Prov. Maluku Utara,270000,15,6,122,5,6,4,1,44,16 Apr 2026 09:18:27,D90C4DAC092FFFD4AD9B
SD NEGERI 1 GAY,60200610,SD,Negeri,Kec. Sula Besi Selatan,270715,Kab. Kepulauan Sula,270700,Prov. Maluku Utara,270000,10,3,101,6,6,0,1,20,02 May 2026 19:20:29,FFA03B0D4670C0EC1295
SD NEGERI 2 GAY,60200501,SD,Negeri,Kec. Sula Besi Selatan,270715,Kab. Kepulauan Sula,270700,Prov. Maluku Utara,270000,8,2,51,6,6,0,1,16,31 Jan 2026 20:33:21,218F9E79CA113C13ECE9
SD NEGERI SEKOM,60200476,SD,Negeri,Kec. Sula Besi Selatan,270715,Kab. Kepulauan Sula,270700,Prov. Maluku Utara,270000,13,3,114,6,6,0,1,18,14 Apr 2026 05:00:37,1829D18D757E068EBD83
SD NEGERI WAIGAY,60200492,SD,Negeri,Kec. Sula Besi Selatan,270715,Kab. Kepulauan Sula,270700,Prov. Maluku Utara,270000,13,3,170,8,8,0,1,61,17 Apr 2026 19:57:20,7CAD0B09ACA42A6D239E
SD NEGERI WAINIB,60200515,SD,Negeri,Kec. Sula Besi Selatan,270715,Kab. Kepulauan Sula,270700,Prov. Maluku Utara,270000,11,3,122,6,8,0,1,25,03 Mar 2026 07:52:54,8428B2B0755005FDA6BD
SMP NEGERI 1 SULABESI SELATAN,60202277,SMP,Negeri,Kec. Sula Besi Selatan,270715,Kab. Kepulauan Sula,270700,Prov. Maluku Utara,270000,13,2,113,6,6,1,1,49,23 Apr 2026 20:30:00,A1E1BF0E6DB87FB49C0F
SMP NEGERI 2 SATU ATAP SULABESI SELATAN,60202058,SMP,Negeri,Kec. Sula Besi Selatan,270715,Kab. Kepulauan Sula,270700,Prov. Maluku Utara,270000,11,2,57,3,3,1,1,39,02 May 2026 08:27:39,BA1D43C7C0E2DFDED80B
SMP NEGERI 3 SULABESI SELATAN,69864710,SMP,Negeri,Kec. Sula Besi Selatan,270715,Kab. Kepulauan Sula,270700,Prov. Maluku Utara,270000,11,3,88,4,4,0,1,34,26 Apr 2026 18:33:08,FE4F643D68FD46B46293
SMA NEGERI 8 KEPULAUAN SULA,69822816,SMA,Negeri,Kec. Sula Besi Selatan,270715,Kab. Kepulauan Sula,270700,Prov. Maluku Utara,270000,16,5,137,5,7,3,1,71,26 Apr 2026 17:16:47,59B563B7F4F1B77E99BF
SMAS NURUL HIDAYAH SEKOM,70006153,SMA,Swasta,Kec. Sula Besi Selatan,270715,Kab. Kepulauan Sula,270700,Prov. Maluku Utara,270000,7,2,47,4,4,0,0,47,26 Apr 2026 09:13:20,4C9B8A318022669DD6BF
SD INPRES KAWATA,60202013,SD,Negeri,Kec. Mangoli Utara Timur,270710,Kab. Kepulauan Sula,270700,Prov. Maluku Utara,270000,12,3,62,6,7,0,1,25,22 Apr 2026 20:02:02,2F200D1D8677B214A225
SD INPRES KOBO,60202366,SD,Negeri,Kec. Mangoli Utara Timur,270710,Kab. Kepulauan Sula,270700,Prov. Maluku Utara,270000,12,2,68,6,6,1,1,15,24 Apr 2026 19:13:31,D644B9B82203270B344B
SD INPRES WAISUM,60202018,SD,Negeri,Kec. Mangoli Utara Timur,270710,Kab. Kepulauan Sula,270700,Prov. Maluku Utara,270000,10,6,62,6,6,0,1,16,26 Mar 2026 17:51:58,E1A08C4F920FD6A174E2
SD NEGERI KAWATA,60202038,SD,Negeri,Kec. Mangoli Utara Timur,270710,Kab. Kepulauan Sula,270700,Prov. Maluku Utara,270000,10,4,124,7,7,0,1,11,14 Apr 2026 18:17:12,CAA01FDE267E24582362
SD NEGERI PANCORAN KUM,60202040,SD,Negeri,Kec. Mangoli Utara Timur,270710,Kab. Kepulauan Sula,270700,Prov. Maluku Utara,270000,7,5,21,6,5,0,0,12,12 Apr 2026 08:20:09,C576CCB9D7590891545F
SD NEGERI WAISAKAI,60202041,SD,Negeri,Kec. Mangoli Utara Timur,270710,Kab. Kepulauan Sula,270700,Prov. Maluku Utara,270000,12,3,96,6,7,0,1,90,05 Apr 2026 06:44:52,7E91EFCD304CFC76593D
SMP NEGERI 1 MANGOLI UTARA TIMUR,60202079,SMP,Negeri,Kec. Mangoli Utara Timur,270710,Kab. Kepulauan Sula,270700,Prov. Maluku Utara,270000,9,3,83,4,6,2,1,21,03 Mar 2026 07:18:51,58B9800BB2933A8E82EA
SMP NEGERI 2 MANGOLI UTARA TIMUR,60202483,SMP,Negeri,Kec. Mangoli Utara Timur,270710,Kab. Kepulauan Sula,270700,Prov. Maluku Utara,270000,16,4,76,3,7,2,1,35,27 Apr 2026 10:28:15,34C528BBE6E856EDBDC7
SMP NEGERI 3 SATU ATAP MANGOLI UTARA TIMUR,60202558,SMP,Negeri,Kec. Mangoli Utara Timur,270710,Kab. Kepulauan Sula,270700,Prov. Maluku Utara,270000,12,3,36,3,4,2,1,23,27 Apr 2026 10:37:29,4E02FD80332AF6412CB2
SMP NEGERI 4 SATU ATAP MANGOLI UTARA TIMUR,60203617,SMP,Negeri,Kec. Mangoli Utara Timur,270710,Kab. Kepulauan Sula,270700,Prov. Maluku Utara,270000,11,4,47,3,4,2,1,12,09 Apr 2026 23:53:46,0D4117F9748717312434
SMK NEGERI 6 KEPULAUAN SULA,60202246,SMK,Negeri,Kec. Mangoli Utara Timur,270710,Kab. Kepulauan Sula,270700,Prov. Maluku Utara,270000,18,4,92,6,6,2,1,36,22 Apr 2026 07:51:02,D8D3984164EED9CA49E7
SD NEGERI 1 BUKIT DURIAN,60201104,SD,Negeri,Kec. Oba Utara,276105,Kota Tidore Kepulauan,276100,Prov. Maluku Utara,270000,11,1,211,8,10,1,1,35,27 Apr 2026 10:03:10,5163D00889467C20C582
SD NEGERI 1 GURAPING,60201026,SD,Negeri,Kec. Oba Utara,276105,Kota Tidore Kepulauan,276100,Prov. Maluku Utara,270000,8,2,71,6,6,1,1,27,30 Apr 2026 03:49:03,FA013673E9910F4CA08E
SD NEGERI 2 BUKIT DURIAN,60201084,SD,Negeri,Kec. Oba Utara,276105,Kota Tidore Kepulauan,276100,Prov. Maluku Utara,270000,8,4,155,7,9,0,1,50,30 Apr 2026 06:24:27,35F4CF5C3338516CEDEC
SD NEGERI 2 GURAPING,60201095,SD,Negeri,Kec. Oba Utara,276105,Kota Tidore Kepulauan,276100,Prov. Maluku Utara,270000,8,2,152,6,9,0,1,26,25 Apr 2026 21:27:01,F6709040BD3AD96343ED
SD NEGERI 3 GURAPING,60201101,SD,Negeri,Kec. Oba Utara,276105,Kota Tidore Kepulauan,276100,Prov. Maluku Utara,270000,9,1,128,6,6,1,1,10,26 Apr 2026 22:22:25,AC021A38E34F34CA45D9
SD NEGERI AKEKOLANO,60201070,SD,Negeri,Kec. Oba Utara,276105,Kota Tidore Kepulauan,276100,Prov. Maluku Utara,270000,10,1,131,6,12,1,1,12,05 Apr 2026 10:46:35,56FE204530474AA5E25C
SD NEGERI AMPERA,60201063,SD,Negeri,Kec. Oba Utara,276105,Kota Tidore Kepulauan,276100,Prov. Maluku Utara,270000,8,3,95,6,8,0,1,12,27 Apr 2026 10:01:48,EE374FC8D2C0A062B4C8
SD NEGERI BALBAR,60201062,SD,Negeri,Kec. Oba Utara,276105,Kota Tidore Kepulauan,276100,Prov. Maluku Utara,270000,10,0,207,9,7,1,1,15,05 Mar 2026 03:09:24,D3788441111902B537D0
SD NEGERI GALALA,60201099,SD,Negeri,Kec. Oba Utara,276105,Kota Tidore Kepulauan,276100,Prov. Maluku Utara,270000,19,2,354,13,12,0,1,27,22 Apr 2026 06:31:30,18C06D7BA5F0E81A00FC
SD NEGERI GAROJOU,60201073,SD,Negeri,Kec. Oba Utara,276105,Kota Tidore Kepulauan,276100,Prov. Maluku Utara,270000,8,1,128,6,10,1,1,9,24 Apr 2026 06:29:00,5A52956CE28AEA7544B2
SD NEGERI GOSALE,60201107,SD,Negeri,Kec. Oba Utara,276105,Kota Tidore Kepulauan,276100,Prov. Maluku Utara,270000,9,1,64,6,8,1,1,21,08 Apr 2026 04:54:48,C921082734EF8A0C1E89
SD NEGERI KAIYASA,60200935,SD,Negeri,Kec. Oba Utara,276105,Kota Tidore Kepulauan,276100,Prov. Maluku Utara,270000,7,1,81,6,8,0,1,36,11 Apr 2026 03:13:05,FF74287F7542C1540211
SD NEGERI KUSU,60200931,SD,Negeri,Kec. Oba Utara,276105,Kota Tidore Kepulauan,276100,Prov. Maluku Utara,270000,11,1,128,6,6,1,1,19,06 Apr 2026 08:55:01,70CFF6BF480B3CE048B4
SD NEGERI OBA,60200912,SD,Negeri,Kec. Oba Utara,276105,Kota Tidore Kepulauan,276100,Prov. Maluku Utara,270000,7,2,77,6,7,0,1,7,15 Apr 2026 21:43:38,072F6F927D20FE3583F4
SD NEGERI SOFIFI,60201020,SD,Negeri,Kec. Oba Utara,276105,Kota Tidore Kepulauan,276100,Prov. Maluku Utara,270000,16,2,282,12,12,0,1,12,06 Apr 2026 08:36:49,DE8E2E0C94A030E0D2B3
SD NEGERI SOMAHODE,60200980,SD,Negeri,Kec. Oba Utara,276105,Kota Tidore Kepulauan,276100,Prov. Maluku Utara,270000,8,1,75,6,9,0,2,18,05 Apr 2026 11:16:28,76348179C44A28D6410E
Sekolah Rakyat Dasar 7 Tidore Kepulauan,70058367,SD,Negeri,Kec. Oba Utara,276105,Kota Tidore Kepulauan,276100,Prov. Maluku Utara,270000,3,2,66,6,3,0,1,86,28 Apr 2026 08:04:06,FB20763D55E673633B80
SD IT NURUL HASAN,70034910,SD,Swasta,Kec. Oba Utara,276105,Kota Tidore Kepulauan,276100,Prov. Maluku Utara,270000,19,1,175,9,10,0,0,23,23 Apr 2026 04:31:46,BB0627A869F783E0FD0E
SMP NEGERI 11 TIDORE KEPULAUAN,60200959,SMP,Negeri,Kec. Oba Utara,276105,Kota Tidore Kepulauan,276100,Prov. Maluku Utara,270000,17,7,179,6,11,1,1,43,30 Apr 2026 08:31:13,C0273DE28C6F5FD34BED
SMP NEGERI 26 TIDORE KEPULAUAN,60202271,SMP,Negeri,Kec. Oba Utara,276105,Kota Tidore Kepulauan,276100,Prov. Maluku Utara,270000,17,5,191,8,9,2,1,36,22 Apr 2026 18:59:59,3D806029483AD91D38B0
SMP NEGERI 27 TIDORE KEPULAUAN,60200944,SMP,Negeri,Kec. Oba Utara,276105,Kota Tidore Kepulauan,276100,Prov. Maluku Utara,270000,12,1,78,3,5,0,1,36,21 Apr 2026 09:21:07,93A65713103185B95B8F
SMP NEGERI 5 TIDORE KEPULAUAN,60200968,SMP,Negeri,Kec. Oba Utara,276105,Kota Tidore Kepulauan,276100,Prov. Maluku Utara,270000,25,9,283,11,17,2,1,46,25 Apr 2026 14:19:07,4EFB95A44DA0239B67D3
SMP AL- IZZAH,70036565,SMP,Swasta,Kec. Oba Utara,276105,Kota Tidore Kepulauan,276100,Prov. Maluku Utara,270000,4,1,59,3,3,0,0,21,21 Apr 2026 19:27:30,ADF9221EF2667A66FC7A
SMP ISLAM TERPADU NURUL HASAN SOFIFI,70034909,SMP,Swasta,Kec. Oba Utara,276105,Kota Tidore Kepulauan,276100,Prov. Maluku Utara,270000,12,3,108,5,7,0,0,16,09 Apr 2026 19:33:00,D6715792B096C1FCC49C
SMP MUHAMMADIYAH 4 TIDORE KEPULAUAN,60202261,SMP,Swasta,Kec. Oba Utara,276105,Kota Tidore Kepulauan,276100,Prov. Maluku Utara,270000,7,3,85,3,3,2,1,42,29 Apr 2026 07:53:49,A4B55A3EE5AD587D68C8
SMP SITI AISYAH BUKULASA,60202272,SMP,Swasta,Kec. Oba Utara,276105,Kota Tidore Kepulauan,276100,Prov. Maluku Utara,270000,7,3,61,3,6,1,1,14,23 Apr 2026 10:50:06,F699A131FD49EAD776BA
Sekolah Rakyat Menengah Atas 28 Tidore Kepulauan,70055442,SMA,Negeri,Kec. Oba Utara,276105,Kota Tidore Kepulauan,276100,Prov. Maluku Utara,270000,9,10,50,2,2,2,0,21,14 Apr 2026 09:06:39,2D533B9030A0187C7FB0
SMA NEGERI 11 KOTA TIDORE KEPULAUAN,60203598,SMA,Negeri,Kec. Oba Utara,276105,Kota Tidore Kepulauan,276100,Prov. Maluku Utara,270000,19,3,82,3,7,4,1,30,21 Apr 2026 11:21:35,5574362C36D6506484BC
SMA NEGERI 5 KOTA TIDORE KEPULAUAN,60202073,SMA,Negeri,Kec. Oba Utara,276105,Kota Tidore Kepulauan,276100,Prov. Maluku Utara,270000,36,8,529,15,16,4,1,34,22 Apr 2026 06:42:34,10B83016DD3BF564055A
SMA NEGERI 8 KOTA TIDORE KEPULAUAN,60202075,SMA,Negeri,Kec. Oba Utara,276105,Kota Tidore Kepulauan,276100,Prov. Maluku Utara,270000,22,3,229,8,12,3,2,80,02 May 2026 18:14:51,6B0BABFCD237F913EE72
SMA NEGERI KHUSUS OLAHRAGA  (SMANKOR) MALUKU UTARA,69988131,SMA,Negeri,Kec. Oba Utara,276105,Kota Tidore Kepulauan,276100,Prov. Maluku Utara,270000,18,6,91,3,6,1,1,161,27 Apr 2026 10:28:31,B50F3DC3A4D439A65D2E
SMA IT SHAFFUL KHAIRAAT SOFIFI,70060214,SMA,Swasta,Kec. Oba Utara,276105,Kota Tidore Kepulauan,276100,Prov. Maluku Utara,270000,2,2,0,0,0,0,0,0,,169E9DFC900BA19AD56E
SMA S AL-KHAZANAH,69963723,SMA,Swasta,Kec. Oba Utara,276105,Kota Tidore Kepulauan,276100,Prov. Maluku Utara,270000,8,3,27,3,3,1,1,24,10 Apr 2026 10:14:50,D6ABDAA612C469AB5304
SMAS AL IZZAH,70039886,SMA,Swasta,Kec. Oba Utara,276105,Kota Tidore Kepulauan,276100,Prov. Maluku Utara,270000,6,2,41,3,3,0,0,11,04 Apr 2026 08:34:53,29399ED862EFEFB0E427
SMAS SITI AISYAH BUKULASA,60202363,SMA,Swasta,Kec. Oba Utara,276105,Kota Tidore Kepulauan,276100,Prov. Maluku Utara,270000,10,3,14,3,4,2,1,17,04 Apr 2026 06:37:15,FB5252767B2729383409
SMAS YASMU SOFIFI,60203599,SMA,Swasta,Kec. Oba Utara,276105,Kota Tidore Kepulauan,276100,Prov. Maluku Utara,270000,5,2,21,3,5,1,1,5,24 Jan 2026 07:32:20,5ED061526FF18A189FAD
SMK NEGERI 5 KOTA TIDORE KEPULAUAN,60203601,SMK,Negeri,Kec. Oba Utara,276105,Kota Tidore Kepulauan,276100,Prov. Maluku Utara,270000,27,2,228,13,12,2,1,34,29 Apr 2026 20:40:21,F5B9311B814ACD603791
SMKS MUHAMMADIYAH KOTA TIDORE KEPULAUAN,60202077,SMK,Swasta,Kec. Oba Utara,276105,Kota Tidore Kepulauan,276100,Prov. Maluku Utara,270000,10,1,42,7,9,5,1,34,29 Apr 2026 12:01:41,88986CEE46178C888BFB
SD NEGERI 1 AKEDOTILOU,60200899,SD,Negeri,Kec. Oba Tengah,276106,Kota Tidore Kepulauan,276100,Prov. Maluku Utara,270000,9,1,86,6,8,1,1,7,28 Apr 2026 09:38:28,28B95A958CEA260DCDAB
SD NEGERI 1 AKEGURACI,60200978,SD,Negeri,Kec. Oba Tengah,276106,Kota Tidore Kepulauan,276100,Prov. Maluku Utara,270000,7,1,65,6,8,0,1,16,02 Mar 2026 01:52:57,BD44E99A81191001EB22
SD NEGERI 1 AKESAI,60200901,SD,Negeri,Kec. Oba Tengah,276106,Kota Tidore Kepulauan,276100,Prov. Maluku Utara,270000,7,1,56,6,6,0,1,3,03 Mar 2026 05:53:34,6460272D132B4911C31B
SD NEGERI 1 TOGEME,60200897,SD,Negeri,Kec. Oba Tengah,276106,Kota Tidore Kepulauan,276100,Prov. Maluku Utara,270000,9,1,79,6,6,1,1,20,01 May 2026 04:09:54,E2117CB5DFE37D13AF9A
SD NEGERI 2 AKEDOTILOU,60201083,SD,Negeri,Kec. Oba Tengah,276106,Kota Tidore Kepulauan,276100,Prov. Maluku Utara,270000,11,1,71,6,7,0,1,28,07 Mar 2026 19:19:27,C9B52EA44B1590086254
SD NEGERI 2 AKEGURACI,60201077,SD,Negeri,Kec. Oba Tengah,276106,Kota Tidore Kepulauan,276100,Prov. Maluku Utara,270000,6,2,64,6,7,0,1,5,06 Feb 2026 09:25:27,CD742BC06DB18B0E78AD
SD NEGERI 2 AKESAI,60203590,SD,Negeri,Kec. Oba Tengah,276106,Kota Tidore Kepulauan,276100,Prov. Maluku Utara,270000,7,1,45,6,7,0,1,7,06 Mar 2026 20:24:44,E8F2860C77B809880610
SD NEGERI 2 Aketobatu,60205740,SD,Negeri,Kec. Oba Tengah,276106,Kota Tidore Kepulauan,276100,Prov. Maluku Utara,270000,7,1,54,6,6,0,1,7,04 Mar 2026 03:53:27,18E6E0F13B038E6345BC
SD NEGERI 2 TOGEME,60200954,SD,Negeri,Kec. Oba Tengah,276106,Kota Tidore Kepulauan,276100,Prov. Maluku Utara,270000,8,1,62,6,6,0,1,17,29 Apr 2026 08:45:13,7F8280D1F52B8FFC09DC
SD NEGERI AKELAMO,60201068,SD,Negeri,Kec. Oba Tengah,276106,Kota Tidore Kepulauan,276100,Prov. Maluku Utara,270000,10,2,84,6,7,0,1,7,09 Apr 2026 09:52:11,379D3DB9464A910F41C1
SD NEGERI AKETOBATU,60200909,SD,Negeri,Kec. Oba Tengah,276106,Kota Tidore Kepulauan,276100,Prov. Maluku Utara,270000,7,1,50,6,6,0,1,6,13 Apr 2026 12:14:22,2F456FE7180DCAFBCDF7
SD NEGERI AKETOBOLOLO,60200981,SD,Negeri,Kec. Oba Tengah,276106,Kota Tidore Kepulauan,276100,Prov. Maluku Utara,270000,9,1,109,6,7,0,1,19,04 Mar 2026 07:41:13,7F1DB9306CE83FE12D9C
SD NEGERI BERINGIN JAYA,60201071,SD,Negeri,Kec. Oba Tengah,276106,Kota Tidore Kepulauan,276100,Prov. Maluku Utara,270000,8,1,76,6,8,0,1,8,02 Mar 2026 23:32:02,4AC0E050EF254CDEE7BD
SD NEGERI LOLA,60200895,SD,Negeri,Kec. Oba Tengah,276106,Kota Tidore Kepulauan,276100,Prov. Maluku Utara,270000,6,1,79,6,6,0,1,23,25 Apr 2026 00:10:06,ED0F2FB18F09821B0278
SD NEGERI TADUPI,60200969,SD,Negeri,Kec. Oba Tengah,276106,Kota Tidore Kepulauan,276100,Prov. Maluku Utara,270000,8,1,48,6,7,0,1,6,07 Mar 2026 07:57:46,90130D0E4E4C7519CB8A
SD NEGERI TAUNO,60200984,SD,Negeri,Kec. Oba Tengah,276106,Kota Tidore Kepulauan,276100,Prov. Maluku Utara,270000,9,1,56,6,7,0,1,12,05 Apr 2026 16:31:15,D10BF9D217443FFFE235
SMP NEGERI 18 TIDORE KEPULAUAN,60202269,SMP,Negeri,Kec. Oba Tengah,276106,Kota Tidore Kepulauan,276100,Prov. Maluku Utara,270000,10,3,49,3,3,1,1,11,17 Apr 2026 15:48:10,B05C4BE4322948CD393E
SMP NEGERI 20 TIDORE KEPULAUAN,60202260,SMP,Negeri,Kec. Oba Tengah,276106,Kota Tidore Kepulauan,276100,Prov. Maluku Utara,270000,13,2,36,3,3,1,1,31,30 Apr 2026 08:40:35,8453EA21E940EB2361DD
SMP NEGERI 21 TIDORE KEPULAUAN,60202455,SMP,Negeri,Kec. Oba Tengah,276106,Kota Tidore Kepulauan,276100,Prov. Maluku Utara,270000,11,2,41,3,3,1,1,20,21 Apr 2026 08:15:38,2064D19272D958939690
SMP NEGERI 28 TIDORE KEPULAUAN,60203636,SMP,Negeri,Kec. Oba Tengah,276106,Kota Tidore Kepulauan,276100,Prov. Maluku Utara,270000,10,2,64,3,3,1,1,18,20 Apr 2026 07:19:17,AA6F8685338FDD804B2B
SMP NEGERI 8 TIDORE KEPULAUAN,60200729,SMP,Negeri,Kec. Oba Tengah,276106,Kota Tidore Kepulauan,276100,Prov. Maluku Utara,270000,17,3,157,7,10,5,4,12,11 Apr 2026 06:09:54,F02EAD7196D4D71AACBD
SMP MUHAMMADIYAH 2 TIDORE KEPULAUAN,60202263,SMP,Swasta,Kec. Oba Tengah,276106,Kota Tidore Kepulauan,276100,Prov. Maluku Utara,270000,7,2,90,4,5,1,1,14,30 Apr 2026 21:03:00,9204C370452352B6E3D3
SMA NEGERI 13 KOTA TIDORE KEPULAUAN,60203706,SMA,Negeri,Kec. Oba Tengah,276106,Kota Tidore Kepulauan,276100,Prov. Maluku Utara,270000,17,0,98,4,6,4,1,45,02 May 2026 12:52:24,F95A59661090B1FB6531
SMAS MUHAMMADIYAH 1 TIDORE KEPULAUAN,60202072,SMA,Swasta,Kec. Oba Tengah,276106,Kota Tidore Kepulauan,276100,Prov. Maluku Utara,270000,9,1,116,5,8,3,1,41,01 May 2026 07:16:44,93DAE1839A4721A2539F
SMAS MUHAMMADIYAH 4 TIDORE KEPULAUAN,60203597,SMA,Swasta,Kec. Oba Tengah,276106,Kota Tidore Kepulauan,276100,Prov. Maluku Utara,270000,8,3,97,4,6,2,1,24,19 Apr 2026 11:20:11,02A49667A9C4907014F8
SMK NEGERI 6 KOTA TIDORE KEPULAUAN,69786335,SMK,Negeri,Kec. Oba Tengah,276106,Kota Tidore Kepulauan,276100,Prov. Maluku Utara,270000,19,2,98,7,7,5,1,35,30 Apr 2026 09:58:30,407B7427AD2404EEAF19
SD NEGERI 1 GAMTUFKANGE,60201075,SD,Negeri,Kec. Tidore,276108,Kota Tidore Kepulauan,276100,Prov. Maluku Utara,270000,9,2,68,6,8,0,1,9,08 Apr 2026 17:40:29,E69E2939E8D7D0CBDC12
SD NEGERI 1 INDONESIANA,60200921,SD,Negeri,Kec. Tidore,276108,Kota Tidore Kepulauan,276100,Prov. Maluku Utara,270000,17,3,247,12,12,0,1,16,23 Apr 2026 10:18:06,C131BF5598D5CB095C7B
SD NEGERI 2 GAMTUFKANGE,60201087,SD,Negeri,Kec. Tidore,276108,Kota Tidore Kepulauan,276100,Prov. Maluku Utara,270000,10,2,121,6,7,0,1,8,31 Mar 2026 07:19:02,AFB52E08FFD3B5191A82
SD NEGERI 2 INDONESIANA,60200920,SD,Negeri,Kec. Tidore,276108,Kota Tidore Kepulauan,276100,Prov. Maluku Utara,270000,16,2,265,12,12,1,1,29,30 Apr 2026 13:49:41,618EEC598BFDD1FB295E
SD NEGERI FOLARORA,60201097,SD,Negeri,Kec. Tidore,276108,Kota Tidore Kepulauan,276100,Prov. Maluku Utara,270000,9,1,88,6,6,0,1,11,20 Apr 2026 11:59:20,C31AF5ECD569E8D84B97
SD NEGERI GOTO,60202069,SD,Negeri,Kec. Tidore,276108,Kota Tidore Kepulauan,276100,Prov. Maluku Utara,270000,9,1,117,6,7,1,1,9,05 Apr 2026 04:19:32,7D48959AD6B65470F6C7
SD NEGERI GURABUNGA,60200925,SD,Negeri,Kec. Tidore,276108,Kota Tidore Kepulauan,276100,Prov. Maluku Utara,270000,8,2,62,6,6,0,1,28,11 Apr 2026 20:51:54,00EB9FC9E7146EF227A0
SD NEGERI SOADARA,60200997,SD,Negeri,Kec. Tidore,276108,Kota Tidore Kepulauan,276100,Prov. Maluku Utara,270000,9,1,63,6,6,0,1,4,13 Apr 2026 09:07:54,F9ABF85A8B137507F00D
SD NEGERI SOASIO,60200913,SD,Negeri,Kec. Tidore,276108,Kota Tidore Kepulauan,276100,Prov. Maluku Utara,270000,9,2,95,6,6,1,1,17,06 Apr 2026 06:30:47,11DBE25A515025E787B0
SD NEGERI TAMBULA,60201108,SD,Negeri,Kec. Tidore,276108,Kota Tidore Kepulauan,276100,Prov. Maluku Utara,270000,11,1,77,6,6,1,1,22,27 Apr 2026 08:59:42,95C00DD8DBB2DA532BA6
SD NEGERI TOMAGOBA,60200994,SD,Negeri,Kec. Tidore,276108,Kota Tidore Kepulauan,276100,Prov. Maluku Utara,270000,13,1,164,9,10,0,1,16,08 Apr 2026 19:22:47,164497BB0A0026B0A7B6
SD NEGERI TOPO,60201001,SD,Negeri,Kec. Tidore,276108,Kota Tidore Kepulauan,276100,Prov. Maluku Utara,270000,9,2,122,6,11,0,1,23,28 Apr 2026 07:52:44,E9BED4DEAEB67B4BB25F
SD NEGERI TOPO TIGA,69770474,SD,Negeri,Kec. Tidore,276108,Kota Tidore Kepulauan,276100,Prov. Maluku Utara,270000,9,1,50,6,8,0,1,9,28 Apr 2026 08:11:24,FBEBA56B380AA03A0DF0
SD IT CITRA UMMAT,60202631,SD,Swasta,Kec. Tidore,276108,Kota Tidore Kepulauan,276100,Prov. Maluku Utara,270000,17,2,251,11,13,0,1,31,14 Apr 2026 17:40:23,385B85B6E8C9089D1F8D
SD MUHAMMADIYAH INDONESIANA,69770475,SD,Swasta,Kec. Tidore,276108,Kota Tidore Kepulauan,276100,Prov. Maluku Utara,270000,15,1,272,12,12,1,1,24,29 Apr 2026 07:55:50,4E2BFCBCE53673755B72
SMP NEGERI 1 TIDORE KEPULAUAN,60203622,SMP,Negeri,Kec. Tidore,276108,Kota Tidore Kepulauan,276100,Prov. Maluku Utara,270000,31,9,534,18,19,3,1,32,20 Apr 2026 11:16:35,7C2B7E605D05DDF1E8B9
SMP NEGERI 6 TIDORE KEPULAUAN,60200962,SMP,Negeri,Kec. Tidore,276108,Kota Tidore Kepulauan,276100,Prov. Maluku Utara,270000,25,7,269,10,11,3,1,41,20 Apr 2026 09:40:46,79DFDFA1DF6E40B92CB5
SMP MUHAMMADIYAH 1 TIDORE KEPULAUAN,60200946,SMP,Swasta,Kec. Tidore,276108,Kota Tidore Kepulauan,276100,Prov. Maluku Utara,270000,19,3,142,6,12,3,1,25,28 Apr 2026 09:14:03,924C029B087674D331D5
SMPIT Citra Ummat,69770476,SMP,Swasta,Kec. Tidore,276108,Kota Tidore Kepulauan,276100,Prov. Maluku Utara,270000,14,2,131,5,6,2,1,15,03 Mar 2026 09:11:42,5D6AF6B933DB48375808
SMA NEGERI 1 KOTA TIDORE KEPULAUAN,60200951,SMA,Negeri,Kec. Tidore,276108,Kota Tidore Kepulauan,276100,Prov. Maluku Utara,270000,46,8,751,22,22,5,1,27,29 Apr 2026 08:27:38,A2BF4E83308DBB7E262A
SMA NEGERI 3 KOTA TIDORE KEPULAUAN,60200949,SMA,Negeri,Kec. Tidore,276108,Kota Tidore Kepulauan,276100,Prov. Maluku Utara,270000,28,5,291,10,18,6,1,20,01 May 2026 06:25:07,25C31EBB3081BEB8EE4D
SMA S IT CITRA UMMAT,69991115,SMA,Swasta,Kec. Tidore,276108,Kota Tidore Kepulauan,276100,Prov. Maluku Utara,270000,11,1,11,3,3,1,1,34,07 Apr 2026 13:12:17,D33F8FA91F07FC41D15F
SMAS MUHAMMADIYAH 3 TIDORE KEPULAUAN,60203596,SMA,Swasta,Kec. Tidore,276108,Kota Tidore Kepulauan,276100,Prov. Maluku Utara,270000,7,2,15,3,6,3,1,20,28 Apr 2026 06:40:07,B00C274BB5F35EC1D823
SMK NEGERI 1 KOTA TIDORE KEPULAUAN,60200947,SMK,Negeri,Kec. Tidore,276108,Kota Tidore Kepulauan,276100,Prov. Maluku Utara,270000,66,5,449,27,29,1,1,40,02 May 2026 10:25:53,0BDFE47D8A038D0A1E8A
SD NEGERI 1 AFA-AFA,60201085,SD,Negeri,Kec. Tidore Utara,276103,Kota Tidore Kepulauan,276100,Prov. Maluku Utara,270000,13,1,69,6,6,0,1,14,08 Apr 2026 06:39:15,CF14B032081B0214E9C4
SD NEGERI 1 GUBUKUSUMA,60201090,SD,Negeri,Kec. Tidore Utara,276103,Kota Tidore Kepulauan,276100,Prov. Maluku Utara,270000,9,1,39,6,7,0,1,10,09 Apr 2026 09:20:10,8179C088C04D8DB48438
SD NEGERI 1 MAITARA,60200891,SD,Negeri,Kec. Tidore Utara,276103,Kota Tidore Kepulauan,276100,Prov. Maluku Utara,270000,13,2,136,8,11,0,2,20,28 Apr 2026 08:47:47,0105B1D72E1F042AF472
SD NEGERI 1 MAREKU,60201023,SD,Negeri,Kec. Tidore Utara,276103,Kota Tidore Kepulauan,276100,Prov. Maluku Utara,270000,10,1,78,6,7,0,1,9,29 Apr 2026 05:52:57,B56388265D7022CB1565
SD NEGERI 2 AFA-AFA,60201120,SD,Negeri,Kec. Tidore Utara,276103,Kota Tidore Kepulauan,276100,Prov. Maluku Utara,270000,8,1,60,6,6,0,1,6,03 Mar 2026 22:32:46,36926260272CB1AC805C
SD NEGERI 2 GUBUKUSUMA,60201072,SD,Negeri,Kec. Tidore Utara,276103,Kota Tidore Kepulauan,276100,Prov. Maluku Utara,270000,9,2,48,6,6,0,1,9,06 Apr 2026 07:48:10,752ED7B574BBDE766398
SD NEGERI 2 MAITARA,60201092,SD,Negeri,Kec. Tidore Utara,276103,Kota Tidore Kepulauan,276100,Prov. Maluku Utara,270000,8,2,60,6,9,0,1,16,12 Feb 2026 09:03:23,ED9C304D47311B731BAA
SD NEGERI 2 MAREKU,60201091,SD,Negeri,Kec. Tidore Utara,276103,Kota Tidore Kepulauan,276100,Prov. Maluku Utara,270000,8,1,60,6,6,0,1,11,04 Apr 2026 08:22:12,9B23462CA43712266E01
SD NEGERI BALIBUNGA,60201060,SD,Negeri,Kec. Tidore Utara,276103,Kota Tidore Kepulauan,276100,Prov. Maluku Utara,270000,12,0,75,6,9,0,1,8,10 Apr 2026 06:45:47,47D32DF60CD7C58CD751
SD NEGERI JAYA,60200936,SD,Negeri,Kec. Tidore Utara,276103,Kota Tidore Kepulauan,276100,Prov. Maluku Utara,270000,9,1,48,6,8,0,1,25,11 Apr 2026 08:52:56,E02E9BAF4407022A8D05
SD NEGERI OME,60201022,SD,Negeri,Kec. Tidore Utara,276103,Kota Tidore Kepulauan,276100,Prov. Maluku Utara,270000,9,2,131,6,14,0,1,11,05 Mar 2026 08:44:47,2DAF0D2749214EEDEC0F
SD NEGERI RUM,60200906,SD,Negeri,Kec. Tidore Utara,276103,Kota Tidore Kepulauan,276100,Prov. Maluku Utara,270000,17,1,198,11,12,0,1,23,09 Apr 2026 01:27:56,67F2221037EEBD706EBB
SD NEGERI SIRONGO FOLARAHA,60201086,SD,Negeri,Kec. Tidore Utara,276103,Kota Tidore Kepulauan,276100,Prov. Maluku Utara,270000,11,3,94,6,6,0,1,6,23 Apr 2026 06:41:04,815EF357E41D58EB75C2
SD NEGERI TAHUA,60200976,SD,Negeri,Kec. Tidore Utara,276103,Kota Tidore Kepulauan,276100,Prov. Maluku Utara,270000,8,1,34,6,6,0,1,7,10 Apr 2026 15:06:35,1AAC4C3C46B42C69A248
SD NEGERI TALAGA PUNCAK,60200974,SD,Negeri,Kec. Tidore Utara,276103,Kota Tidore Kepulauan,276100,Prov. Maluku Utara,270000,10,1,18,6,6,0,1,9,09 Feb 2026 06:38:06,25C6B8ECBFF4A0E5FB69
SMP NEGERI 16 TIDORE KEPULAUAN,60202266,SMP,Negeri,Kec. Tidore Utara,276103,Kota Tidore Kepulauan,276100,Prov. Maluku Utara,270000,11,3,27,3,3,0,2,12,09 Apr 2026 06:19:27,FA74EC3073CD8F83F941
SMP NEGERI 17 TIDORE KEPULAUAN,60202267,SMP,Negeri,Kec. Tidore Utara,276103,Kota Tidore Kepulauan,276100,Prov. Maluku Utara,270000,14,5,108,5,7,5,3,54,06 Apr 2026 18:51:52,0772E2CE2C48C7D607A3
SMP NEGERI 2 TIDORE KEPULAUAN,60200966,SMP,Negeri,Kec. Tidore Utara,276103,Kota Tidore Kepulauan,276100,Prov. Maluku Utara,270000,21,9,181,7,29,6,1,26,24 Apr 2026 23:40:26,B45A243D06E249707CEC
SMP NEGERI 7 TIDORE KEPULAUAN,60200961,SMP,Negeri,Kec. Tidore Utara,276103,Kota Tidore Kepulauan,276100,Prov. Maluku Utara,270000,27,5,186,7,20,1,2,19,22 Apr 2026 07:04:35,E10C3849CCF23BC9EF7E
SMP MUHAMMADIYAH 3 TIDORE KEPULAUAN,60202262,SMP,Swasta,Kec. Tidore Utara,276103,Kota Tidore Kepulauan,276100,Prov. Maluku Utara,270000,8,2,37,3,3,1,1,12,04 Mar 2026 08:28:06,35AFC8D5F948D750AFBA
SMA NEGERI 10 KOTA TIDORE KEPULAUAN,60202076,SMA,Negeri,Kec. Tidore Utara,276103,Kota Tidore Kepulauan,276100,Prov. Maluku Utara,270000,28,6,347,12,16,4,2,1,02 May 2026 18:05:36,4413FA8EB8104D789EA8
SMA NEGERI 6 KOTA TIDORE KEPULAUAN,60202074,SMA,Negeri,Kec. Tidore Utara,276103,Kota Tidore Kepulauan,276100,Prov. Maluku Utara,270000,19,5,128,5,12,4,1,28,08 Apr 2026 11:37:25,024CB42AF4ABF2DD39D9
SMAS TODODARA,69942873,SMA,Swasta,Kec. Tidore Utara,276103,Kota Tidore Kepulauan,276100,Prov. Maluku Utara,270000,14,1,95,3,3,6,1,49,22 Apr 2026 10:31:15,BAEB16CCD97174D8133C
SD NEGERI 1 PAYAHE,60201045,SD,Negeri,Kec. Oba,276104,Kota Tidore Kepulauan,276100,Prov. Maluku Utara,270000,10,2,212,7,9,0,1,6,17 Feb 2026 09:15:40,7580571D0820F5C174DE
SD NEGERI 2 PAYAHE,60201030,SD,Negeri,Kec. Oba,276104,Kota Tidore Kepulauan,276100,Prov. Maluku Utara,270000,11,2,108,6,6,0,1,18,19 Apr 2026 13:59:44,104D3B5DB5F3D146EFB7
SD NEGERI AKETALAGA,60201066,SD,Negeri,Kec. Oba,276104,Kota Tidore Kepulauan,276100,Prov. Maluku Utara,270000,11,1,174,9,9,0,1,4,12 Feb 2026 09:19:31,79105A2797A6B8B1D228
SD NEGERI BALE,60201061,SD,Negeri,Kec. Oba,276104,Kota Tidore Kepulauan,276100,Prov. Maluku Utara,270000,15,1,190,10,6,0,1,20,01 Apr 2026 03:49:58,23047C49AD6A26691B68
SD NEGERI GITA,60201058,SD,Negeri,Kec. Oba,276104,Kota Tidore Kepulauan,276100,Prov. Maluku Utara,270000,12,2,159,8,8,2,1,10,24 Apr 2026 20:28:31,A5D8545DFC6A71FA5985
SD NEGERI KOLI,60200933,SD,Negeri,Kec. Oba,276104,Kota Tidore Kepulauan,276100,Prov. Maluku Utara,270000,7,2,63,6,6,1,1,13,06 Apr 2026 13:51:23,34A1C1E73E1BCE2DB96B
SD NEGERI KOSA,60200932,SD,Negeri,Kec. Oba,276104,Kota Tidore Kepulauan,276100,Prov. Maluku Utara,270000,12,3,95,6,6,1,1,23,30 Apr 2026 20:50:07,047F72CD91499B3E52D7
SD NEGERI KUSUSINOPA,60200930,SD,Negeri,Kec. Oba,276104,Kota Tidore Kepulauan,276100,Prov. Maluku Utara,270000,8,1,105,6,6,0,1,9,07 Mar 2026 09:21:12,487784B79727CD00EE1F
SD NEGERI SIGELA,60200902,SD,Negeri,Kec. Oba,276104,Kota Tidore Kepulauan,276100,Prov. Maluku Utara,270000,8,2,41,6,6,0,1,43,30 Apr 2026 10:10:00,34FDC519D3C2328917D8
SD NEGERI TALASI,60200973,SD,Negeri,Kec. Oba,276104,Kota Tidore Kepulauan,276100,Prov. Maluku Utara,270000,8,1,31,6,6,0,1,41,22 Apr 2026 21:04:40,8128BA80A789730C8C41
SD NEGERI TAYAWI,60203591,SD,Negeri,Kec. Oba,276104,Kota Tidore Kepulauan,276100,Prov. Maluku Utara,270000,9,1,92,6,6,1,1,26,11 Apr 2026 07:53:51,BD7294B48BE7B410B796
SD NEGERI TODAPA,60200996,SD,Negeri,Kec. Oba,276104,Kota Tidore Kepulauan,276100,Prov. Maluku Utara,270000,8,1,60,6,6,0,1,42,20 Apr 2026 06:12:31,DB44940B5DC0FBCE7E99
SD NEGERI TOSEHO,60200986,SD,Negeri,Kec. Oba,276104,Kota Tidore Kepulauan,276100,Prov. Maluku Utara,270000,6,3,117,6,6,1,1,20,08 Apr 2026 18:42:09,7D7C16981A31880306D6
SD IT RAUDHATUL HIDAYAH,70036398,SD,Swasta,Kec. Oba,276104,Kota Tidore Kepulauan,276100,Prov. Maluku Utara,270000,3,1,70,6,6,0,0,13,05 Mar 2026 16:41:36,141E24166240A4D3D1A1
SMP NEGERI 10 TIDORE KEPULAUAN,60200960,SMP,Negeri,Kec. Oba,276104,Kota Tidore Kepulauan,276100,Prov. Maluku Utara,270000,14,2,147,6,7,2,1,43,24 Apr 2026 17:33:05,05B89E6914232DD0EF77
SMP NEGERI 13 TIDORE KEPULAUAN,60200957,SMP,Negeri,Kec. Oba,276104,Kota Tidore Kepulauan,276100,Prov. Maluku Utara,270000,13,7,101,6,9,2,1,34,28 Apr 2026 22:39:29,47F6387E1B77805B8940
SMP NEGERI 14 TIDORE KEPULAUAN,60202268,SMP,Negeri,Kec. Oba,276104,Kota Tidore Kepulauan,276100,Prov. Maluku Utara,270000,10,6,71,3,3,3,1,10,28 Feb 2026 22:59:50,80202A45ADAF5351AE21
SMP NEGERI 22 TIDORE KEPULAUAN,60202457,SMP,Negeri,Kec. Oba,276104,Kota Tidore Kepulauan,276100,Prov. Maluku Utara,270000,9,2,55,3,5,1,1,41,25 Apr 2026 12:04:42,1A3F51458EE0307C32BD
SMP NEGERI 25 TIDORE KEPULAUAN,60203624,SMP,Negeri,Kec. Oba,276104,Kota Tidore Kepulauan,276100,Prov. Maluku Utara,270000,11,2,49,3,4,1,1,22,07 Apr 2026 17:38:59,0A01D6C2810CC0407249
SMP NEGERI 4 TIDORE KEPULAUAN,60200956,SMP,Negeri,Kec. Oba,276104,Kota Tidore Kepulauan,276100,Prov. Maluku Utara,270000,15,2,140,6,7,1,1,13,08 Apr 2026 05:44:53,11D8AC979373302627FD
SMP MUHAMMADIYAH 5 TIDORE KEPULAUAN,69759266,SMP,Swasta,Kec. Oba,276104,Kota Tidore Kepulauan,276100,Prov. Maluku Utara,270000,6,2,46,3,3,1,1,35,28 Apr 2026 07:15:44,79D37558A2C7478CEF57
SMA NEGERI 12 KOTA TIDORE KEPULAUAN,60203675,SMA,Negeri,Kec. Oba,276104,Kota Tidore Kepulauan,276100,Prov. Maluku Utara,270000,19,5,114,6,7,3,1,57,20 Apr 2026 22:19:39,BD9D16F026B471308362
SMA NEGERI 4 KOTA TIDORE KEPULAUAN,60200952,SMA,Negeri,Kec. Oba,276104,Kota Tidore Kepulauan,276100,Prov. Maluku Utara,270000,20,5,222,8,9,4,1,83,25 Apr 2026 11:12:19,427099E38282A4083220
SMA TAMANSISWA OBA,69962299,SMA,Swasta,Kec. Oba,276104,Kota Tidore Kepulauan,276100,Prov. Maluku Utara,270000,11,1,49,3,6,0,0,26,22 Apr 2026 19:35:54,0BFCEBF00180C02A6A11
SMK NEGERI 4 KOTA TIDORE KEPULAUAN,60202364,SMK,Negeri,Kec. Oba,276104,Kota Tidore Kepulauan,276100,Prov. Maluku Utara,270000,21,2,93,8,11,8,1,58,14 Mar 2026 20:00:34,C8019290EC0AB364706D
SD NEGERI 1 GURABATI,60201027,SD,Negeri,Kec. Tidore Selatan,276102,Kota Tidore Kepulauan,276100,Prov. Maluku Utara,270000,9,2,85,6,10,1,1,23,22 Apr 2026 18:52:09,4296B13A89FBF9F56BCF
SD NEGERI 1 TOLOA,60201018,SD,Negeri,Kec. Tidore Selatan,276102,Kota Tidore Kepulauan,276100,Prov. Maluku Utara,270000,10,6,120,6,9,0,2,13,25 Apr 2026 06:39:39,9A76379977E479D81D83
SD NEGERI 1 TOMALOU,60201017,SD,Negeri,Kec. Tidore Selatan,276102,Kota Tidore Kepulauan,276100,Prov. Maluku Utara,270000,8,2,59,6,10,0,1,11,16 Apr 2026 10:45:03,4AF16F1C04FE42A85223
SD NEGERI 2 GURABATI,60201096,SD,Negeri,Kec. Tidore Selatan,276102,Kota Tidore Kepulauan,276100,Prov. Maluku Utara,270000,10,2,132,6,8,0,1,8,09 Apr 2026 08:41:43,A0CECC55D36D47494D9D
SD NEGERI 2 TOLOA,60201100,SD,Negeri,Kec. Tidore Selatan,276102,Kota Tidore Kepulauan,276100,Prov. Maluku Utara,270000,14,2,78,6,8,0,1,18,24 Feb 2026 13:02:00,9337202FA2C47C17B6E8
SD NEGERI 2 TOMALOU,60201122,SD,Negeri,Kec. Tidore Selatan,276102,Kota Tidore Kepulauan,276100,Prov. Maluku Utara,270000,8,2,84,6,9,0,1,11,06 Apr 2026 06:10:19,A15E934932D27DFD4268
SD NEGERI MAREGAM,60200887,SD,Negeri,Kec. Tidore Selatan,276102,Kota Tidore Kepulauan,276100,Prov. Maluku Utara,270000,7,2,33,6,6,0,1,11,02 May 2026 10:37:12,22A96C06DD386AAFCF11
SD NEGERI MAREKOFO,60200649,SD,Negeri,Kec. Tidore Selatan,276102,Kota Tidore Kepulauan,276100,Prov. Maluku Utara,270000,10,1,48,6,6,0,1,9,04 Apr 2026 02:56:02,21562DBBA285B3938BEB
SD NEGERI TONGOWAI,60200990,SD,Negeri,Kec. Tidore Selatan,276102,Kota Tidore Kepulauan,276100,Prov. Maluku Utara,270000,8,4,69,6,8,0,1,32,28 Apr 2026 12:17:58,C81559616631D3470B50
SD NEGERI TUGUIHA,60200985,SD,Negeri,Kec. Tidore Selatan,276102,Kota Tidore Kepulauan,276100,Prov. Maluku Utara,270000,9,2,112,6,7,1,1,8,03 Mar 2026 03:44:17,87F6D16C56A37C86A62F
SMP NEGERI 15 TIDORE KEPULAUAN,60202265,SMP,Negeri,Kec. Tidore Selatan,276102,Kota Tidore Kepulauan,276100,Prov. Maluku Utara,270000,10,2,20,3,3,1,1,15,07 Apr 2026 20:02:22,1FE20FF5A6F6626AB69A
SMP NEGERI 24 Tidore Kepulauan,60203623,SMP,Negeri,Kec. Tidore Selatan,276102,Kota Tidore Kepulauan,276100,Prov. Maluku Utara,270000,10,1,21,3,3,1,1,18,27 Apr 2026 05:53:55,A10FB0C090C6C386DEEE
SMP NEGERI 3 TIDORE KEPULAUAN,60202264,SMP,Negeri,Kec. Tidore Selatan,276102,Kota Tidore Kepulauan,276100,Prov. Maluku Utara,270000,22,4,219,9,14,5,3,26,27 Apr 2026 19:37:49,E4E0F23BABA97E9E298A
SMPIT NURUL IHSAN,69938262,SMP,Swasta,Kec. Tidore Selatan,276102,Kota Tidore Kepulauan,276100,Prov. Maluku Utara,270000,10,4,87,4,4,1,1,4,03 Apr 2026 21:27:31,088308D8CEBF17E21837
SMA NEGERI 2 KOTA TIDORE KEPULAUAN,60200950,SMA,Negeri,Kec. Tidore Selatan,276102,Kota Tidore Kepulauan,276100,Prov. Maluku Utara,270000,21,3,118,5,10,4,1,51,02 May 2026 10:36:16,A9FF90356230E24B93AF
SMK NEGERI 2 KOTA TIDORE KEPULAUAN,60202078,SMK,Negeri,Kec. Tidore Selatan,276102,Kota Tidore Kepulauan,276100,Prov. Maluku Utara,270000,22,3,93,12,11,3,3,45,01 May 2026 23:17:51,081EDB315AB64308B79A
SD NEGERI 1 MAIDI,60200892,SD,Negeri,Kec. Oba Selatan,276107,Kota Tidore Kepulauan,276100,Prov. Maluku Utara,270000,11,1,82,6,6,0,1,8,28 Apr 2026 20:43:35,B775D21EB7C7AA3805B5
SD NEGERI 2 MAIDI,60205739,SD,Negeri,Kec. Oba Selatan,276107,Kota Tidore Kepulauan,276100,Prov. Maluku Utara,270000,8,3,18,6,6,0,1,4,03 Mar 2026 21:45:10,B3FDF9F0BA878267FE67
SD NEGERI 2 WAMA,69889058,SD,Negeri,Kec. Oba Selatan,276107,Kota Tidore Kepulauan,276100,Prov. Maluku Utara,270000,10,2,71,6,6,0,1,16,13 Apr 2026 17:56:54,F6EF0E6C266EC30916B7
SD NEGERI BERINGIN,69759267,SD,Negeri,Kec. Oba Selatan,276107,Kota Tidore Kepulauan,276100,Prov. Maluku Utara,270000,7,1,39,6,6,0,1,10,20 Apr 2026 18:42:33,B95A9C5FBED29B153AF7
SD NEGERI HAGER,60200923,SD,Negeri,Kec. Oba Selatan,276107,Kota Tidore Kepulauan,276100,Prov. Maluku Utara,270000,9,1,77,6,6,0,1,1,06 Mar 2026 14:05:12,2EE3E43EB018ADFD5BEE
SD NEGERI LIFOFA,60200898,SD,Negeri,Kec. Oba Selatan,276107,Kota Tidore Kepulauan,276100,Prov. Maluku Utara,270000,8,2,131,6,12,0,2,13,08 Apr 2026 17:58:49,F259053EAE7DDE277049
SD NEGERI NUKU,60200900,SD,Negeri,Kec. Oba Selatan,276107,Kota Tidore Kepulauan,276100,Prov. Maluku Utara,270000,7,2,74,6,7,0,1,13,18 Apr 2026 11:57:27,6BB327D0EE1EA8E371E7
SD NEGERI SELAMALOFO,60200905,SD,Negeri,Kec. Oba Selatan,276107,Kota Tidore Kepulauan,276100,Prov. Maluku Utara,270000,6,1,60,6,6,0,1,10,23 Apr 2026 06:56:48,9C19DF33BFD5758CDD06
SD NEGERI TAGALAYA,60200977,SD,Negeri,Kec. Oba Selatan,276107,Kota Tidore Kepulauan,276100,Prov. Maluku Utara,270000,9,1,53,6,6,1,1,7,03 Mar 2026 14:28:33,D72410FD552040644FB2
SD NEGERI WAMA,60200970,SD,Negeri,Kec. Oba Selatan,276107,Kota Tidore Kepulauan,276100,Prov. Maluku Utara,270000,9,1,87,6,6,1,1,27,11 Mar 2026 17:29:26,9C5FD32C72749A673656
SMP NEGERI 19 TIDORE KEPULAUAN,60202270,SMP,Negeri,Kec. Oba Selatan,276107,Kota Tidore Kepulauan,276100,Prov. Maluku Utara,270000,11,3,85,3,3,2,1,37,16 Apr 2026 08:33:49,6BDAD20369BF1B79ED8D
SMP NEGERI 23 TIDORE KEPULAUAN,60202458,SMP,Negeri,Kec. Oba Selatan,276107,Kota Tidore Kepulauan,276100,Prov. Maluku Utara,270000,7,1,25,3,3,1,1,10,05 Mar 2026 16:17:20,D4F50BE7775C325B21CD
SMP NEGERI 9 TIDORE KEPULAUAN,60200965,SMP,Negeri,Kec. Oba Selatan,276107,Kota Tidore Kepulauan,276100,Prov. Maluku Utara,270000,11,4,98,4,6,2,1,29,02 Mar 2026 20:25:34,B769C8D1CD14F250AFB9
SMP MUHAMMADIYAH 6 TIDORE KEPULAUAN,69770477,SMP,Swasta,Kec. Oba Selatan,276107,Kota Tidore Kepulauan,276100,Prov. Maluku Utara,270000,9,1,34,3,3,2,1,36,07 Apr 2026 22:47:01,394FD85C6E815C5FF4C6
SMA NEGERI 14 KOTA TIDORE KEPULAUAN,69830665,SMA,Negeri,Kec. Oba Selatan,276107,Kota Tidore Kepulauan,276100,Prov. Maluku Utara,270000,13,3,72,3,4,4,1,70,20 Apr 2026 07:44:28,62FC101A608B2CD22CCC
SMA NEGERI 7 KOTA TIDORE KEPULAUAN,60202071,SMA,Negeri,Kec. Oba Selatan,276107,Kota Tidore Kepulauan,276100,Prov. Maluku Utara,270000,17,7,135,6,6,2,1,44,02 May 2026 03:42:27,8D6B4D8977223C32A7DA
SD NEGERI COBODOE,60201080,SD,Negeri,Kec. Tidore Timur,276109,Kota Tidore Kepulauan,276100,Prov. Maluku Utara,270000,9,2,105,6,6,2,1,21,13 Apr 2026 06:00:12,46142DABD781AC5A23E0
SD NEGERI DOWORA,60201078,SD,Negeri,Kec. Tidore Timur,276109,Kota Tidore Kepulauan,276100,Prov. Maluku Utara,270000,9,1,73,6,9,0,1,8,02 May 2026 06:46:01,17347AC26F014655E0A4
SD NEGERI DOYADO,60200975,SD,Negeri,Kec. Tidore Timur,276109,Kota Tidore Kepulauan,276100,Prov. Maluku Utara,270000,8,2,84,6,6,1,1,16,25 Apr 2026 03:27:30,B6BB98DD29ECE18159C7
SD NEGERI ITOKICI,60200937,SD,Negeri,Kec. Tidore Timur,276109,Kota Tidore Kepulauan,276100,Prov. Maluku Utara,270000,8,2,53,6,6,0,1,13,07 Apr 2026 04:27:48,F7EB532D4FE4D9C6839E
SD NEGERI KALAODI,60200934,SD,Negeri,Kec. Tidore Timur,276109,Kota Tidore Kepulauan,276100,Prov. Maluku Utara,270000,9,1,50,6,6,0,1,12,23 Apr 2026 07:22:47,65C43662BD8A0B54B985
SD NEGERI MAFUTUTU,60200893,SD,Negeri,Kec. Tidore Timur,276109,Kota Tidore Kepulauan,276100,Prov. Maluku Utara,270000,11,2,152,8,11,0,1,12,24 Apr 2026 10:09:29,97F1B4C7FA51B6E57643
SDIT INSANTAMA TIDORE,70060686,SD,Swasta,Kec. Tidore Timur,276109,Kota Tidore Kepulauan,276100,Prov. Maluku Utara,270000,0,0,0,0,0,0,0,0,,20E3C4E03D1D4E7F9396
SMP NEGERI 12 TIDORE KEPULAUAN,60200958,SMP,Negeri,Kec. Tidore Timur,276109,Kota Tidore Kepulauan,276100,Prov. Maluku Utara,270000,14,7,127,5,10,2,1,11,15 Apr 2026 02:56:06,EF5F1F7D7EAA025D593D
SMA NEGERI 9 KOTA TIDORE KEPULAUAN,60200953,SMA,Negeri,Kec. Tidore Timur,276109,Kota Tidore Kepulauan,276100,Prov. Maluku Utara,270000,17,2,126,5,7,3,1,16,28 Apr 2026 18:13:09,8978EAA805EAD978B279
SMK NEGERI 3 KOTA TIDORE KEPULAUAN,60200948,SMK,Negeri,Kec. Tidore Timur,276109,Kota Tidore Kepulauan,276100,Prov. Maluku Utara,270000,25,4,69,9,9,2,1,208,02 May 2026 11:02:57,DD0B29247C3C25A00A8C
SD INPRES 1 TIKONG,60200514,SD,Negeri,Kec. Taliabu Utara,270104,Kab. Pulau Taliabu,270100,Prov. Maluku Utara,270000,17,2,312,13,13,1,2,28,30 Apr 2026 19:36:43,5C5DF09AF1553F9330AD
SD INPRES 2 TIKONG,60200570,SD,Negeri,Kec. Taliabu Utara,270104,Kab. Pulau Taliabu,270100,Prov. Maluku Utara,270000,10,2,80,6,6,1,0,28,18 Apr 2026 09:09:42,8F8182C5A21E36726C64
SD INPRES HAIBARU DEGE,60200621,SD,Negeri,Kec. Taliabu Utara,270104,Kab. Pulau Taliabu,270100,Prov. Maluku Utara,270000,11,1,48,6,9,0,0,66,18 Apr 2026 07:44:40,B86D003475804917B7A1
SD INPRES MANANGA,60200627,SD,Negeri,Kec. Taliabu Utara,270104,Kab. Pulau Taliabu,270100,Prov. Maluku Utara,270000,5,6,84,6,6,0,0,66,08 Apr 2026 06:59:30,9B0411FC03336102C18E
SD INPRES MINTON,60200628,SD,Negeri,Kec. Taliabu Utara,270104,Kab. Pulau Taliabu,270100,Prov. Maluku Utara,270000,9,5,113,6,7,0,2,35,23 Apr 2026 15:34:39,CBF5FE2827901C94D6BC
SD INPRES NATANG KUNING,60200636,SD,Negeri,Kec. Taliabu Utara,270104,Kab. Pulau Taliabu,270100,Prov. Maluku Utara,270000,12,5,31,6,6,0,0,20,30 Apr 2026 18:42:40,BB4A23803092147A31D4
SD INPRES PADANG,60202029,SD,Negeri,Kec. Taliabu Utara,270104,Kab. Pulau Taliabu,270100,Prov. Maluku Utara,270000,8,1,46,6,6,0,1,23,10 Apr 2026 04:54:08,D4843E611EE60F16F64E
SD INPRES TANJUNG UNA,60200631,SD,Negeri,Kec. Taliabu Utara,270104,Kab. Pulau Taliabu,270100,Prov. Maluku Utara,270000,7,2,211,9,9,0,1,86,27 Apr 2026 06:38:42,2163EEEEA6DE88DB2B60
SD NASKAT NUNCA,60200602,SD,Negeri,Kec. Taliabu Utara,270104,Kab. Pulau Taliabu,270100,Prov. Maluku Utara,270000,9,3,89,7,7,0,0,15,28 Apr 2026 10:38:21,FA6E9981E4203714E72A
SD NEGERI 1 GELA,60200609,SD,Negeri,Kec. Taliabu Utara,270104,Kab. Pulau Taliabu,270100,Prov. Maluku Utara,270000,7,5,61,6,6,0,1,49,28 Apr 2026 19:38:33,176B6B9D1B603BBA7858
SD NEGERI 1 JORJOGA,60200588,SD,Negeri,Kec. Taliabu Utara,270104,Kab. Pulau Taliabu,270100,Prov. Maluku Utara,270000,10,1,130,6,6,0,1,39,09 Apr 2026 06:37:23,68B9DA37469C4293E2D6
SD NEGERI 1 SAHU,60200478,SD,Negeri,Kec. Taliabu Utara,270104,Kab. Pulau Taliabu,270100,Prov. Maluku Utara,270000,9,1,152,7,6,0,3,48,24 Feb 2026 13:29:54,887A7CB0BA806AFA5EF1
SD NEGERI 2 GELA,60200500,SD,Negeri,Kec. Taliabu Utara,270104,Kab. Pulau Taliabu,270100,Prov. Maluku Utara,270000,12,1,98,6,6,1,1,29,18 Apr 2026 21:49:16,9E36B32B59E6385DD305
SD NEGERI AIR BULAN,60200496,SD,Negeri,Kec. Taliabu Utara,270104,Kab. Pulau Taliabu,270100,Prov. Maluku Utara,270000,8,2,45,6,6,0,1,27,13 Apr 2026 07:15:30,C9955083F2F4DF104B9F
SD NEGERI AIR KALIMAT,60202448,SD,Negeri,Kec. Taliabu Utara,270104,Kab. Pulau Taliabu,270100,Prov. Maluku Utara,270000,10,2,26,6,6,0,0,85,10 Apr 2026 00:21:46,EC2FA67954BCDDE62B2F
SD NEGERI AIR NABI,69786338,SD,Negeri,Kec. Taliabu Utara,270104,Kab. Pulau Taliabu,270100,Prov. Maluku Utara,270000,11,2,53,6,6,0,0,23,22 Apr 2026 06:56:13,00B2431DDA7008CD126A
SD NEGERI BEHI,69861200,SD,Negeri,Kec. Taliabu Utara,270104,Kab. Pulau Taliabu,270100,Prov. Maluku Utara,270000,7,2,40,6,2,0,0,26,03 Mar 2026 01:03:12,D9B29D875B9C3B6A527B
SD NEGERI BUA MBONO,60202446,SD,Negeri,Kec. Taliabu Utara,270104,Kab. Pulau Taliabu,270100,Prov. Maluku Utara,270000,10,4,40,6,6,0,1,46,03 Mar 2026 00:56:57,BF2EAE408FA5A33910D4
SD NEGERI BUING,69920998,SD,Negeri,Kec. Taliabu Utara,270104,Kab. Pulau Taliabu,270100,Prov. Maluku Utara,270000,11,1,12,6,2,0,0,25,06 Apr 2026 07:45:15,B1CFED999ADF7603A627
SD NEGERI HAI,60202447,SD,Negeri,Kec. Taliabu Utara,270104,Kab. Pulau Taliabu,270100,Prov. Maluku Utara,270000,6,2,36,6,3,0,0,21,11 Apr 2026 08:35:55,3E58A533A2E90DB20C2C
SD NEGERI RUMAH EMPAT,69921002,SD,Negeri,Kec. Taliabu Utara,270104,Kab. Pulau Taliabu,270100,Prov. Maluku Utara,270000,6,1,5,4,6,0,0,29,23 Apr 2026 08:02:18,00C618F38DAAE2E53544
SD NEGERI TANJUNG PASTURI,69920996,SD,Negeri,Kec. Taliabu Utara,270104,Kab. Pulau Taliabu,270100,Prov. Maluku Utara,270000,11,0,22,6,4,0,0,27,27 Apr 2026 19:21:08,A2CE6C30091719352FC4
SD NEGERI UFUNG,60205569,SD,Negeri,Kec. Taliabu Utara,270104,Kab. Pulau Taliabu,270100,Prov. Maluku Utara,270000,10,4,50,6,5,0,0,18,26 Apr 2026 10:53:30,F9DCBACE1B25451EE015
SD NEGERI WAHE,60202055,SD,Negeri,Kec. Taliabu Utara,270104,Kab. Pulau Taliabu,270100,Prov. Maluku Utara,270000,8,1,38,6,12,0,1,20,05 Mar 2026 10:40:59,FE6C20E441F4C78D2C33
SMP NEGERI 1 TALIABU UTARA,60202282,SMP,Negeri,Kec. Taliabu Utara,270104,Kab. Pulau Taliabu,270100,Prov. Maluku Utara,270000,12,1,112,6,6,3,2,29,17 Apr 2026 20:39:36,26F440219A80CE79DA9B
SMP NEGERI 2 TALIABU UTARA,60202287,SMP,Negeri,Kec. Taliabu Utara,270104,Kab. Pulau Taliabu,270100,Prov. Maluku Utara,270000,22,1,138,7,11,3,1,14,14 Mar 2026 22:12:41,DEF9ADE08DE62A619983
SMP NEGERI 3 TALIABU UTARA,60202461,SMP,Negeri,Kec. Taliabu Utara,270104,Kab. Pulau Taliabu,270100,Prov. Maluku Utara,270000,27,0,203,9,10,2,1,22,22 Apr 2026 20:33:35,218C9E14951706940E6E
SMP NEGERI 4 TALIABU UTARA,60202459,SMP,Negeri,Kec. Taliabu Utara,270104,Kab. Pulau Taliabu,270100,Prov. Maluku Utara,270000,21,2,125,6,10,2,1,153,29 Apr 2026 07:33:20,12F02D3744A6344210ED
SMP NEGERI 5 SATU ATAP TALIABU UTARA,69786342,SMP,Negeri,Kec. Taliabu Utara,270104,Kab. Pulau Taliabu,270100,Prov. Maluku Utara,270000,11,0,51,3,3,1,1,14,21 Apr 2026 06:12:34,02948C7A45566F2FF928
SMP NEGERI 6 TALIABU UTARA,69861203,SMP,Negeri,Kec. Taliabu Utara,270104,Kab. Pulau Taliabu,270100,Prov. Maluku Utara,270000,17,2,94,4,3,1,1,79,12 Apr 2026 20:28:08,A6D77400FCAD475A276D
SMP NEGERI 7 TALIABU UTARA,69937680,SMP,Negeri,Kec. Taliabu Utara,270104,Kab. Pulau Taliabu,270100,Prov. Maluku Utara,270000,10,3,25,3,3,2,1,28,15 Apr 2026 03:05:25,93FB2E4BF752159C4605
SMP NEGERI 8 TALIABU UTARA,70032000,SMP,Negeri,Kec. Taliabu Utara,270104,Kab. Pulau Taliabu,270100,Prov. Maluku Utara,270000,20,1,31,3,3,2,1,33,15 Apr 2026 10:20:49,DBC9F7CC8A4793F43471
SMP NEGERI 9 TALIABU UTARA,70032463,SMP,Negeri,Kec. Taliabu Utara,270104,Kab. Pulau Taliabu,270100,Prov. Maluku Utara,270000,11,1,74,3,3,1,1,120,01 May 2026 05:24:14,2FAFFF29037085393B4A
SMA NEGERI 12 PULAU TALIABU,69980312,SMA,Negeri,Kec. Taliabu Utara,270104,Kab. Pulau Taliabu,270100,Prov. Maluku Utara,270000,20,4,81,4,4,4,1,129,30 Apr 2026 19:47:38,0F1AC703F1545932675D
SMA NEGERI 3 PULAU TALIABU,60202302,SMA,Negeri,Kec. Taliabu Utara,270104,Kab. Pulau Taliabu,270100,Prov. Maluku Utara,270000,16,4,113,5,11,4,1,9,15 Mar 2026 17:29:12,61658AA638D75F6DE39A
SMA NEGERI 7 PULAU TALIABU,69921012,SMA,Negeri,Kec. Taliabu Utara,270104,Kab. Pulau Taliabu,270100,Prov. Maluku Utara,270000,22,5,210,7,6,4,1,39,21 Apr 2026 18:18:44,8DB294F9A9D89EAE80CE
SMK NEGERI 3 PULAU TALIABU,60202482,SMK,Negeri,Kec. Taliabu Utara,270104,Kab. Pulau Taliabu,270100,Prov. Maluku Utara,270000,23,4,168,9,11,5,1,36,01 May 2026 08:41:18,2588FF3128359682A39E
SD INPRES 1 KRAMAT,60200566,SD,Negeri,Kec. Taliabu Barat,270101,Kab. Pulau Taliabu,270100,Prov. Maluku Utara,270000,15,3,108,6,6,1,1,12,21 Apr 2026 13:40:11,18C6A4562A3CD0F3C361
SD INPRES 2 KRAMAT,60200573,SD,Negeri,Kec. Taliabu Barat,270101,Kab. Pulau Taliabu,270100,Prov. Maluku Utara,270000,10,4,128,6,6,1,1,11,12 Mar 2026 11:20:47,710B2D2093A834D9525F
SD INPRES BEHALOBU,60200568,SD,Negeri,Kec. Taliabu Barat,270101,Kab. Pulau Taliabu,270100,Prov. Maluku Utara,270000,8,2,45,6,6,1,1,37,07 Apr 2026 07:46:14,D66FB4762064214F3BE7
SD INPRES BOBONG,60200625,SD,Negeri,Kec. Taliabu Barat,270101,Kab. Pulau Taliabu,270100,Prov. Maluku Utara,270000,29,4,542,21,12,1,1,90,30 Apr 2026 17:59:37,D25B54A40FDE7D93B915
SD INPRES HOLBOTA,60200620,SD,Negeri,Kec. Taliabu Barat,270101,Kab. Pulau Taliabu,270100,Prov. Maluku Utara,270000,8,1,45,6,6,0,1,16,23 Apr 2026 04:06:33,D35CFC2F97C7BCCE82C0
SD INPRES TALO,60200632,SD,Negeri,Kec. Taliabu Barat,270101,Kab. Pulau Taliabu,270100,Prov. Maluku Utara,270000,14,2,122,6,8,0,0,42,06 Apr 2026 16:12:13,445BCCF55FACB915BE79
SD NEGERI 1 KILONG,60200485,SD,Negeri,Kec. Taliabu Barat,270101,Kab. Pulau Taliabu,270100,Prov. Maluku Utara,270000,10,3,61,6,9,1,1,34,04 Mar 2026 09:55:45,DF10C9471538C3FEAF45
SD NEGERI AIR FOFA,69987682,SD,Negeri,Kec. Taliabu Barat,270101,Kab. Pulau Taliabu,270100,Prov. Maluku Utara,270000,10,3,40,6,12,0,0,29,17 Apr 2026 18:55:59,6F52C7EB9454C23F6DB5
SD NEGERI BOBONG,60200589,SD,Negeri,Kec. Taliabu Barat,270101,Kab. Pulau Taliabu,270100,Prov. Maluku Utara,270000,17,2,305,14,7,0,0,56,24 Apr 2026 12:38:24,D59FD6630CA2F7BDF089
SD NEGERI BUSA,69987683,SD,Negeri,Kec. Taliabu Barat,270101,Kab. Pulau Taliabu,270100,Prov. Maluku Utara,270000,5,1,12,3,1,0,0,48,27 Apr 2026 21:51:25,D378515C5E9874BC20FF
SD NEGERI DUFO,69921001,SD,Negeri,Kec. Taliabu Barat,270101,Kab. Pulau Taliabu,270100,Prov. Maluku Utara,270000,10,1,32,6,3,0,1,37,13 Mar 2026 12:40:25,9C31640057C3BD567931
SD NEGERI KAWALO,60202048,SD,Negeri,Kec. Taliabu Barat,270101,Kab. Pulau Taliabu,270100,Prov. Maluku Utara,270000,11,6,174,9,11,0,2,28,06 Apr 2026 20:20:13,EB93139B1087F229DE40
SD NEGERI LANGKUBA,69786336,SD,Negeri,Kec. Taliabu Barat,270101,Kab. Pulau Taliabu,270100,Prov. Maluku Utara,270000,9,2,53,6,6,0,1,27,13 Apr 2026 22:36:24,D8CC8FD9991BA3721F5A
SD NEGERI LIMBO,60202052,SD,Negeri,Kec. Taliabu Barat,270101,Kab. Pulau Taliabu,270100,Prov. Maluku Utara,270000,21,2,178,10,9,0,0,18,29 Apr 2026 05:31:58,560B4B55106E9DC2816C
SD NEGERI PANCORAN,60200494,SD,Negeri,Kec. Taliabu Barat,270101,Kab. Pulau Taliabu,270100,Prov. Maluku Utara,270000,12,1,87,6,6,0,1,21,16 Apr 2026 11:15:29,E47309B6B61E51CDCD00
SD NEGERI PANDASAN,60200482,SD,Negeri,Kec. Taliabu Barat,270101,Kab. Pulau Taliabu,270100,Prov. Maluku Utara,270000,12,3,80,6,7,0,1,30,23 Apr 2026 08:31:20,51E2D6FDED4179592C99
SD NEGERI SAMPE,69861201,SD,Negeri,Kec. Taliabu Barat,270101,Kab. Pulau Taliabu,270100,Prov. Maluku Utara,270000,8,3,53,3,3,0,0,26,13 Apr 2026 13:05:49,27BC1B16545055234915
SMP NEGERI 1 TALIABU BARAT,60202536,SMP,Negeri,Kec. Taliabu Barat,270101,Kab. Pulau Taliabu,270100,Prov. Maluku Utara,270000,28,3,328,12,15,5,2,47,16 Apr 2026 10:00:29,6218B33A198E03A9B55F
SMP NEGERI 2 SATU ATAP TALIABU BARAT,60202099,SMP,Negeri,Kec. Taliabu Barat,270101,Kab. Pulau Taliabu,270100,Prov. Maluku Utara,270000,11,3,80,4,7,2,1,16,17 Apr 2026 05:02:22,0C26500586F97B98BA7D
SMP NEGERI 3 SATU ATAP TALIABU BARAT,60202566,SMP,Negeri,Kec. Taliabu Barat,270101,Kab. Pulau Taliabu,270100,Prov. Maluku Utara,270000,19,3,98,5,7,1,0,62,30 Apr 2026 19:52:39,C0B334A75B62BB2426CE
SMP NEGERI 4 SATU ATAP TALIABU BARAT,60202568,SMP,Negeri,Kec. Taliabu Barat,270101,Kab. Pulau Taliabu,270100,Prov. Maluku Utara,270000,11,2,48,3,4,1,1,30,24 Apr 2026 19:39:46,F261A21EDC0EDDE10FD0
SMP NEGERI 5 TALIABU BARAT,69786341,SMP,Negeri,Kec. Taliabu Barat,270101,Kab. Pulau Taliabu,270100,Prov. Maluku Utara,270000,11,2,67,4,7,1,1,40,27 Apr 2026 17:12:57,A47223CE11A9F22F26BE
SMP NEGERI 6 TALIABU BARAT,69786938,SMP,Negeri,Kec. Taliabu Barat,270101,Kab. Pulau Taliabu,270100,Prov. Maluku Utara,270000,12,0,63,3,3,2,1,14,14 Mar 2026 03:46:02,7061B92433FBC40282A5
SMP NEGERI 7 SATU ATAP TALIABU BARAT,70009375,SMP,Negeri,Kec. Taliabu Barat,270101,Kab. Pulau Taliabu,270100,Prov. Maluku Utara,270000,16,1,25,3,3,1,1,14,24 Feb 2026 08:33:25,D90DCB9EAF7B98C92F2E
SMP NEGERI 8 TALIABU BARAT,70026725,SMP,Negeri,Kec. Taliabu Barat,270101,Kab. Pulau Taliabu,270100,Prov. Maluku Utara,270000,16,0,25,3,3,1,1,49,27 Apr 2026 05:33:57,6DE73C4C3B02DAE54E21
SMP NEGERI 9 TALIABU BARAT,70042274,SMP,Negeri,Kec. Taliabu Barat,270101,Kab. Pulau Taliabu,270100,Prov. Maluku Utara,270000,13,1,45,3,3,1,1,53,20 Apr 2026 00:06:22,B9AED47329B3043D6475
SMA NEGERI 1 PULAU TALIABU,60200545,SMA,Negeri,Kec. Taliabu Barat,270101,Kab. Pulau Taliabu,270100,Prov. Maluku Utara,270000,34,5,356,11,13,6,1,36,29 Apr 2026 16:10:46,CD8110D1012CAAF57EC0
SMA NEGERI 9 PULAU TALIABU,69921011,SMA,Negeri,Kec. Taliabu Barat,270101,Kab. Pulau Taliabu,270100,Prov. Maluku Utara,270000,19,3,105,5,5,5,2,65,02 May 2026 04:52:55,2B142916108045C68005
SMK NEGERI 1 PULAU TALIABU,60202481,SMK,Negeri,Kec. Taliabu Barat,270101,Kab. Pulau Taliabu,270100,Prov. Maluku Utara,270000,25,5,195,12,10,3,1,50,28 Apr 2026 04:33:17,4C0020D55401C6AD8D1E
SMK NEGERI 6 PULAU TALIABU,69786936,SMK,Negeri,Kec. Taliabu Barat,270101,Kab. Pulau Taliabu,270100,Prov. Maluku Utara,270000,12,1,53,3,4,0,1,75,19 Apr 2026 23:00:51,D60C64C39424087E2AA6
SD INPRES PENCADO,60200634,SD,Negeri,Kec. Taliabu Selatan,270107,Kab. Pulau Taliabu,270100,Prov. Maluku Utara,270000,10,3,123,6,9,0,1,27,09 Apr 2026 00:37:32,AE48FF59B153A066A33D
SD NASKAT BAHU,60200603,SD,Negeri,Kec. Taliabu Selatan,270107,Kab. Pulau Taliabu,270100,Prov. Maluku Utara,270000,10,1,142,7,7,0,0,28,24 Apr 2026 06:49:18,F23D0D3EDFE9B76FE2F7
SD NEGERI 1 BAPENU,60200611,SD,Negeri,Kec. Taliabu Selatan,270107,Kab. Pulau Taliabu,270100,Prov. Maluku Utara,270000,18,1,126,7,6,0,1,72,25 Apr 2026 08:59:04,815D09A1B9524F257DDE
SD NEGERI 2 BAPENU,60200502,SD,Negeri,Kec. Taliabu Selatan,270107,Kab. Pulau Taliabu,270100,Prov. Maluku Utara,270000,14,0,114,6,6,0,0,38,09 Apr 2026 20:31:03,8F3B9ED255E444B72BAA
SD NEGERI GOLI,60205567,SD,Negeri,Kec. Taliabu Selatan,270107,Kab. Pulau Taliabu,270100,Prov. Maluku Utara,270000,9,6,63,6,6,1,1,19,12 Apr 2026 00:02:45,4FA89D3C20EF8BBA7D2D
SD NEGERI KILO DELAPAN,60202508,SD,Negeri,Kec. Taliabu Selatan,270107,Kab. Pulau Taliabu,270100,Prov. Maluku Utara,270000,6,2,38,6,6,0,0,6,14 Feb 2026 22:21:51,B9C0FDC3501DAE9F86C8
SD NEGERI NGGAKI,60202053,SD,Negeri,Kec. Taliabu Selatan,270107,Kab. Pulau Taliabu,270100,Prov. Maluku Utara,270000,7,2,75,6,8,0,1,24,20 Apr 2026 18:23:09,DF65C5EC0BD09BB67B98
SD NEGERI WAYOKODING,60205566,SD,Negeri,Kec. Taliabu Selatan,270107,Kab. Pulau Taliabu,270100,Prov. Maluku Utara,270000,5,1,28,6,4,0,0,27,15 Apr 2026 20:58:27,39CEB232FEAAAEB68447
SD GPM KILO,60202010,SD,Swasta,Kec. Taliabu Selatan,270107,Kab. Pulau Taliabu,270100,Prov. Maluku Utara,270000,5,0,100,6,6,1,1,28,16 Apr 2026 15:46:15,247F9D62843DAC2A84DF
SD KRISTEN GETSEMANI WAYOMIHA,60202032,SD,Swasta,Kec. Taliabu Selatan,270107,Kab. Pulau Taliabu,270100,Prov. Maluku Utara,270000,6,1,189,7,7,0,1,7,08 Apr 2026 18:09:10,A9B24BA8CDEEC142CFAD
SD NASKAT PENCADO,60200612,SD,Swasta,Kec. Taliabu Selatan,270107,Kab. Pulau Taliabu,270100,Prov. Maluku Utara,270000,3,1,85,6,6,0,0,13,30 Apr 2026 07:44:41,C54965D4E06B356B694C
SMP NEGERI 1 TALIABU SELATAN,60202281,SMP,Negeri,Kec. Taliabu Selatan,270107,Kab. Pulau Taliabu,270100,Prov. Maluku Utara,270000,17,2,117,5,9,2,1,34,04 Apr 2026 02:56:38,FDDD8EBBA177F5A06482
SMP NEGERI 2 TALIABU SELATAN,60200546,SMP,Negeri,Kec. Taliabu Selatan,270107,Kab. Pulau Taliabu,270100,Prov. Maluku Utara,270000,17,1,128,6,9,2,2,105,23 Apr 2026 19:05:04,DEB9C7B1D211B45CF36B
SMP NEGERI 3 SATU ATAP TALIABU SELATAN,69786943,SMP,Negeri,Kec. Taliabu Selatan,270107,Kab. Pulau Taliabu,270100,Prov. Maluku Utara,270000,9,7,91,4,4,1,1,31,25 Apr 2026 11:54:33,B26D15A2A68E6F3825C6
SMP NEGERI 4 SATU ATAP TALIABU SELATAN,69969909,SMP,Negeri,Kec. Taliabu Selatan,270107,Kab. Pulau Taliabu,270100,Prov. Maluku Utara,270000,12,0,48,3,4,0,0,54,27 Apr 2026 23:49:44,00F19A175A42B6699A91
SMP NEGERI 5 TALIABU SELATAN,70015824,SMP,Negeri,Kec. Taliabu Selatan,270107,Kab. Pulau Taliabu,270100,Prov. Maluku Utara,270000,15,1,48,3,3,1,1,14,07 Apr 2026 08:26:21,FA9CD476B704C6426A7E
SMA NEGERI 5 PULAU TALIABU,69787080,SMA,Negeri,Kec. Taliabu Selatan,270107,Kab. Pulau Taliabu,270100,Prov. Maluku Utara,270000,17,3,181,6,8,4,1,35,25 Apr 2026 10:14:34,5E2EC8925F735A035126
SMK NEGERI 2 PULAU TALIABU,60202247,SMK,Negeri,Kec. Taliabu Selatan,270107,Kab. Pulau Taliabu,270100,Prov. Maluku Utara,270000,17,4,100,8,10,3,1,18,23 Apr 2026 08:46:53,4D6772FB9A930072332C
SD INPRES BELO,60200596,SD,Negeri,Kec. Taliabu Timur Selatan,270106,Kab. Pulau Taliabu,270100,Prov. Maluku Utara,270000,8,1,44,6,6,0,0,35,01 May 2026 10:59:21,93CE4116CCEF5015DDCE
SD INPRES WAIKADAI,60200616,SD,Negeri,Kec. Taliabu Timur Selatan,270106,Kab. Pulau Taliabu,270100,Prov. Maluku Utara,270000,13,1,99,6,6,1,1,42,14 Apr 2026 13:21:40,2FF5DAF7CABCB5696E4F
SD INPRES WAIKOKA,60200605,SD,Negeri,Kec. Taliabu Timur Selatan,270106,Kab. Pulau Taliabu,270100,Prov. Maluku Utara,270000,8,1,62,6,6,0,0,25,10 Apr 2026 12:20:25,A8CE4A23F5E7F2604BC4
SD NEGERI KAMAYA,60200577,SD,Negeri,Kec. Taliabu Timur Selatan,270106,Kab. Pulau Taliabu,270100,Prov. Maluku Utara,270000,9,2,49,6,6,0,0,17,09 Apr 2026 21:14:36,B9F152D6D713DC172790
SD NEGERI KAWADANG,60200509,SD,Negeri,Kec. Taliabu Timur Selatan,270106,Kab. Pulau Taliabu,270100,Prov. Maluku Utara,270000,13,1,126,6,6,0,1,37,24 Apr 2026 07:29:05,0D16BEE06CDFB31F12E8
SD NEGERI LOSSENG,60200576,SD,Negeri,Kec. Taliabu Timur Selatan,270106,Kab. Pulau Taliabu,270100,Prov. Maluku Utara,270000,14,1,114,6,6,0,1,26,28 Apr 2026 19:09:46,45DA60B45B05D293A8EE
SD NEGERI MANTARARA,60200507,SD,Negeri,Kec. Taliabu Timur Selatan,270106,Kab. Pulau Taliabu,270100,Prov. Maluku Utara,270000,4,4,64,6,7,0,0,7,05 Mar 2026 13:05:11,D6CD9433024E22A4209C
SD NEGERI SOFAN,60200483,SD,Negeri,Kec. Taliabu Timur Selatan,270106,Kab. Pulau Taliabu,270100,Prov. Maluku Utara,270000,9,1,110,6,6,0,0,27,30 Apr 2026 12:37:40,AF9BCDF0AAF9A54F1530
SD NEGERI WAIKADAI SULA,60202056,SD,Negeri,Kec. Taliabu Timur Selatan,270106,Kab. Pulau Taliabu,270100,Prov. Maluku Utara,270000,7,4,50,6,5,0,1,52,14 Apr 2026 18:20:37,BC10C11FD6C29CE94DC9
SMP NEGERI 1 TALIABU TIMUR SELATAN,60202088,SMP,Negeri,Kec. Taliabu Timur Selatan,270106,Kab. Pulau Taliabu,270100,Prov. Maluku Utara,270000,13,2,69,3,6,2,1,75,19 Apr 2026 18:03:01,A2CE8243594874D2B209
SMP NEGERI 2 SATU ATAP TALIABU TIMUR SELATAN,60202284,SMP,Negeri,Kec. Taliabu Timur Selatan,270106,Kab. Pulau Taliabu,270100,Prov. Maluku Utara,270000,14,2,62,3,5,2,1,28,11 Apr 2026 19:55:58,5EB9B3F7228015AC820A
SMP NEGERI 3 TALIABU TIMUR SELATAN,60202563,SMP,Negeri,Kec. Taliabu Timur Selatan,270106,Kab. Pulau Taliabu,270100,Prov. Maluku Utara,270000,16,0,50,3,3,1,1,19,15 Apr 2026 12:31:16,BD07CDF2224413B0B342
SMP NEGERI 4 SATU ATAP TALIABU TIMUR SELATAN,60202564,SMP,Negeri,Kec. Taliabu Timur Selatan,270106,Kab. Pulau Taliabu,270100,Prov. Maluku Utara,270000,11,1,77,3,11,4,2,41,02 May 2026 07:20:02,EDE1DD33A695D4F7CAF1
SMP NEGERI 5 SATU ATAP TALIABU TIMUR SELATAN,69987685,SMP,Negeri,Kec. Taliabu Timur Selatan,270106,Kab. Pulau Taliabu,270100,Prov. Maluku Utara,270000,12,0,20,3,2,1,1,42,23 Apr 2026 15:16:08,ABC8931883AFF41C7C01
SMA NEGERI 4 PULAU TALIABU,60202467,SMA,Negeri,Kec. Taliabu Timur Selatan,270106,Kab. Pulau Taliabu,270100,Prov. Maluku Utara,270000,14,3,103,4,11,4,1,40,21 Apr 2026 08:24:16,BD3F255466A91E52746E
SMA NEGERI 8 PULAU TALIABU,69937679,SMA,Negeri,Kec. Taliabu Timur Selatan,270106,Kab. Pulau Taliabu,270100,Prov. Maluku Utara,270000,12,1,75,3,6,2,0,20,20 Mar 2026 10:21:51,C789B0D7391E356AD0AE
SD INPRES 1 LEDE,60200575,SD,Negeri,Kec. Lede,270103,Kab. Pulau Taliabu,270100,Prov. Maluku Utara,270000,18,5,201,10,8,0,1,23,03 Mar 2026 09:09:54,AD5B89B609599F7FA269
SD INPRES 2 LEDE,60200572,SD,Negeri,Kec. Lede,270103,Kab. Pulau Taliabu,270100,Prov. Maluku Utara,270000,18,3,185,8,8,0,1,27,21 Apr 2026 09:13:20,44365FF8EED1958E9EFD
SD INPRES TOLONG,60200630,SD,Negeri,Kec. Lede,270103,Kab. Pulau Taliabu,270100,Prov. Maluku Utara,270000,14,2,121,6,5,0,1,49,31 Mar 2026 17:29:45,138ABE111F0FF2E734B0
SD NEGERI 1 LEDE,60200592,SD,Negeri,Kec. Lede,270103,Kab. Pulau Taliabu,270100,Prov. Maluku Utara,270000,6,1,84,6,6,1,1,23,30 Apr 2026 18:04:18,88025AC2406C4103EC9E
SD NEGERI 2 LEDE,60200590,SD,Negeri,Kec. Lede,270103,Kab. Pulau Taliabu,270100,Prov. Maluku Utara,270000,11,1,81,6,6,0,0,29,11 Apr 2026 08:46:48,5E8BBFD479C3318B8F3E
SD NEGERI BALOHANG,60202506,SD,Negeri,Kec. Lede,270103,Kab. Pulau Taliabu,270100,Prov. Maluku Utara,270000,10,1,26,6,8,0,0,18,08 Mar 2026 15:02:50,1E0983F6CB87A9E1964D
SD NEGERI HIWONG,69987684,SD,Negeri,Kec. Lede,270103,Kab. Pulau Taliabu,270100,Prov. Maluku Utara,270000,11,4,67,6,3,0,0,30,22 Apr 2026 10:44:11,B3C5AE7D3655F96E743D
SD NEGERI TODOLI,60200484,SD,Negeri,Kec. Lede,270103,Kab. Pulau Taliabu,270100,Prov. Maluku Utara,270000,22,2,131,6,9,1,1,24,12 Apr 2026 11:03:09,420405CC5174DC1F4880
SMP NEGERI 1 LEDE,60202280,SMP,Negeri,Kec. Lede,270103,Kab. Pulau Taliabu,270100,Prov. Maluku Utara,270000,28,2,230,10,13,1,1,49,21 Apr 2026 12:33:30,03D6A7897B5894FF242D
SMP NEGERI 2 LEDE,60203613,SMP,Negeri,Kec. Lede,270103,Kab. Pulau Taliabu,270100,Prov. Maluku Utara,270000,15,1,56,3,3,2,1,34,06 Mar 2026 09:19:43,058EC067B51396408376
SMP NEGERI 3 LEDE,70040562,SMP,Negeri,Kec. Lede,270103,Kab. Pulau Taliabu,270100,Prov. Maluku Utara,270000,15,0,50,3,3,0,0,46,23 Apr 2026 21:11:08,466B93D777B06FC32C7E
SMA NEGERI 10 PULAU TALIABU,69966496,SMA,Negeri,Kec. Lede,270103,Kab. Pulau Taliabu,270100,Prov. Maluku Utara,270000,15,2,116,6,6,3,1,62,16 Apr 2026 23:14:21,C5E2C02FDF2121AF44AD
SMA NEGERI 2 PULAU TALIABU,60202274,SMA,Negeri,Kec. Lede,270103,Kab. Pulau Taliabu,270100,Prov. Maluku Utara,270000,19,3,178,6,9,5,1,43,14 Apr 2026 03:26:37,818187D11CB8BCCBE651
SD INPRES 1 NGGELE,60200574,SD,Negeri,Kec. Taliabu Barat Laut,270102,Kab. Pulau Taliabu,270100,Prov. Maluku Utara,270000,14,5,140,7,7,0,1,39,16 Apr 2026 07:28:54,4A973496630E1713BF7D
SD INPRES 2 NGGELE,60200571,SD,Negeri,Kec. Taliabu Barat Laut,270102,Kab. Pulau Taliabu,270100,Prov. Maluku Utara,270000,11,2,133,6,6,0,1,21,17 Apr 2026 16:54:46,ABF4D19040C802540B0E
SD INPRES BERINGIN JAYA,60202024,SD,Negeri,Kec. Taliabu Barat Laut,270102,Kab. Pulau Taliabu,270100,Prov. Maluku Utara,270000,13,3,70,6,6,0,2,29,01 May 2026 11:44:38,9851D4D9E37A4C3FC83D
SD INPRES KASANGO,60200618,SD,Negeri,Kec. Taliabu Barat Laut,270102,Kab. Pulau Taliabu,270100,Prov. Maluku Utara,270000,17,1,71,6,6,0,1,25,11 Apr 2026 06:33:15,6E7D34F32D359B468272
SD NEGERI BAWANG,69786337,SD,Negeri,Kec. Taliabu Barat Laut,270102,Kab. Pulau Taliabu,270100,Prov. Maluku Utara,270000,13,3,45,6,3,1,1,16,13 Apr 2026 20:19:01,349B5030DE04A730D7B5
SD NEGERI SALATI,60200561,SD,Negeri,Kec. Taliabu Barat Laut,270102,Kab. Pulau Taliabu,270100,Prov. Maluku Utara,270000,12,6,65,6,8,1,1,24,04 Apr 2026 08:22:15,8CFEEEEAA99C6709FB5A
SMP NEGERI 1 TALIABU BARAT LAUT,60202511,SMP,Negeri,Kec. Taliabu Barat Laut,270102,Kab. Pulau Taliabu,270100,Prov. Maluku Utara,270000,14,0,38,3,7,4,2,32,09 Apr 2026 06:32:14,AD183A2C5CC988AA3443
SMP NEGERI 2 SATU ATAP TALIABU BARAT LAUT,69987686,SMP,Negeri,Kec. Taliabu Barat Laut,270102,Kab. Pulau Taliabu,270100,Prov. Maluku Utara,270000,14,1,35,3,3,1,1,28,14 Mar 2026 11:35:13,ADADBF1E223DEB2D20BD
SMP NEGERI 3 TALIABU BARAT LAUT,70015825,SMP,Negeri,Kec. Taliabu Barat Laut,270102,Kab. Pulau Taliabu,270100,Prov. Maluku Utara,270000,12,0,30,3,3,1,1,71,30 Apr 2026 11:13:20,112ED75F6B5724331597
SMP NEGERI 4 TALIABU BARAT LAUT,70039594,SMP,Negeri,Kec. Taliabu Barat Laut,270102,Kab. Pulau Taliabu,270100,Prov. Maluku Utara,270000,15,1,23,3,2,0,0,72,01 May 2026 06:22:28,B479AC89892DA10F1787
SMA NEGERI 6 PULAU TALIABU,69861202,SMA,Negeri,Kec. Taliabu Barat Laut,270102,Kab. Pulau Taliabu,270100,Prov. Maluku Utara,270000,21,2,72,3,6,6,2,20,09 Mar 2026 22:13:23,97B3CBD5DB774CE62946
SMK TEKNOLOGI TALIABU,69989824,SMK,Swasta,Kec. Taliabu Barat Laut,270102,Kab. Pulau Taliabu,270100,Prov. Maluku Utara,270000,7,0,46,3,6,1,1,9,21 Apr 2026 08:18:44,6170FDD40187A5CBD405
SD INPRES FAYAU,60202026,SD,Negeri,Kec. Tabona,270108,Kab. Pulau Taliabu,270100,Prov. Maluku Utara,270000,7,0,49,6,7,0,0,21,15 Feb 2026 17:01:05,379DF2477269F2C6D25B
SD INPRES KABUNO,69862410,SD,Negeri,Kec. Tabona,270108,Kab. Pulau Taliabu,270100,Prov. Maluku Utara,270000,7,1,64,6,6,0,1,19,03 Mar 2026 07:19:33,D228E0815A99588A0315
SD NEGERI 1 TABONA,60200591,SD,Negeri,Kec. Tabona,270108,Kab. Pulau Taliabu,270100,Prov. Maluku Utara,270000,9,5,94,6,6,0,1,19,04 Mar 2026 22:59:11,953102484C3551C23AB0
SD NEGERI 2 TABONA,60202006,SD,Negeri,Kec. Tabona,270108,Kab. Pulau Taliabu,270100,Prov. Maluku Utara,270000,7,2,68,6,8,1,1,24,23 Apr 2026 12:07:10,B16D70EFA5E5858D5A1D
SD NEGERI HABUNUHA,60205568,SD,Negeri,Kec. Tabona,270108,Kab. Pulau Taliabu,270100,Prov. Maluku Utara,270000,8,6,66,6,6,0,0,54,17 Apr 2026 07:46:08,5EEF8CA007C3CE83D1A4
SD NEGERI KATAGA,60203609,SD,Negeri,Kec. Tabona,270108,Kab. Pulau Taliabu,270100,Prov. Maluku Utara,270000,4,4,36,6,6,1,1,14,05 Mar 2026 09:55:58,BC3C7155117C67C00620
SD NEGERI PELENG PADODONG,60203619,SD,Negeri,Kec. Tabona,270108,Kab. Pulau Taliabu,270100,Prov. Maluku Utara,270000,9,3,32,6,6,0,0,32,21 Apr 2026 19:34:13,C5E8616B68B5E5CA74A9
SMP NEGERI 1 TABONA,60202286,SMP,Negeri,Kec. Tabona,270108,Kab. Pulau Taliabu,270100,Prov. Maluku Utara,270000,12,2,127,6,14,2,1,34,01 May 2026 05:55:24,CB135AE3E740342FD91A
SMP NEGERI 2 SATU ATAP TABONA,60205570,SMP,Negeri,Kec. Tabona,270108,Kab. Pulau Taliabu,270100,Prov. Maluku Utara,270000,4,0,22,3,3,1,1,14,27 Apr 2026 18:21:12,97E50CABE82689B12378
SMP NEGERI 3 SATU ATAP TABONA,69921013,SMP,Negeri,Kec. Tabona,270108,Kab. Pulau Taliabu,270100,Prov. Maluku Utara,270000,10,0,30,3,4,2,1,75,02 May 2026 18:26:25,7694D42B772FA6803344
SMP NEGERI 4 TABONA,70042273,SMP,Negeri,Kec. Tabona,270108,Kab. Pulau Taliabu,270100,Prov. Maluku Utara,270000,10,0,13,3,5,0,0,24,10 Apr 2026 21:57:36,ED234F61E03EE28774CD
SMK NEGERI 5 PULAU TALIABU,69786942,SMK,Negeri,Kec. Tabona,270108,Kab. Pulau Taliabu,270100,Prov. Maluku Utara,270000,16,4,108,6,9,3,1,32,26 Apr 2026 15:14:15,61602DB4D8E5367C2C84
SD INPRES SAMUYA,60202486,SD,Negeri,Kec. Taliabu Timur,270105,Kab. Pulau Taliabu,270100,Prov. Maluku Utara,270000,11,1,126,6,7,0,0,25,17 Apr 2026 18:28:57,1619B7D9C160C8656AEE
SD NEGERI FAGO,69786340,SD,Negeri,Kec. Taliabu Timur,270105,Kab. Pulau Taliabu,270100,Prov. Maluku Utara,270000,7,1,10,4,6,0,0,13,14 Mar 2026 15:15:20,A5D6DF2943A5EEBA4524
SD NEGERI MEANG,69786339,SD,Negeri,Kec. Taliabu Timur,270105,Kab. Pulau Taliabu,270100,Prov. Maluku Utara,270000,7,0,26,6,6,0,0,42,05 Mar 2026 18:10:25,37FF213A399AB2493670
SD NEGERI PARIGI,60200563,SD,Negeri,Kec. Taliabu Timur,270105,Kab. Pulau Taliabu,270100,Prov. Maluku Utara,270000,10,2,96,6,6,1,1,36,02 May 2026 17:13:22,2187F6E7FD7816E1D042
SD NEGERI PENU,60200480,SD,Negeri,Kec. Taliabu Timur,270105,Kab. Pulau Taliabu,270100,Prov. Maluku Utara,270000,10,4,118,6,6,1,1,53,10 Apr 2026 06:44:36,191566034342FFC10837
SD NEGERI TUBANG,60200615,SD,Negeri,Kec. Taliabu Timur,270105,Kab. Pulau Taliabu,270100,Prov. Maluku Utara,270000,6,2,38,6,8,0,0,50,24 Apr 2026 22:11:08,4DDEAC7DF52C89549B19
SMP NEGERI 1 TALIABU TIMUR,60202087,SMP,Negeri,Kec. Taliabu Timur,270105,Kab. Pulau Taliabu,270100,Prov. Maluku Utara,270000,12,1,51,3,3,1,1,32,04 Apr 2026 18:08:38,C06A9C68ED84F1C84EC2
SMP NEGERI 2 SATU ATAP TALIABU TIMUR,60202090,SMP,Negeri,Kec. Taliabu Timur,270105,Kab. Pulau Taliabu,270100,Prov. Maluku Utara,270000,16,2,67,3,3,1,1,16,16 Apr 2026 04:42:03,61D798D175B9B82BBCDB
SMP NEGERI 3 SATU ATAP TALIABU TIMUR,60202565,SMP,Negeri,Kec. Taliabu Timur,270105,Kab. Pulau Taliabu,270100,Prov. Maluku Utara,270000,12,0,14,3,3,1,1,14,06 Mar 2026 22:21:40,F4851443DA1BD31A257A
SMP NEGERI 4 SATU ATAP TALIABU TIMUR,69786343,SMP,Negeri,Kec. Taliabu Timur,270105,Kab. Pulau Taliabu,270100,Prov. Maluku Utara,270000,12,2,57,3,3,2,1,21,05 Mar 2026 12:02:26,5FB0C1CBC734B9D0BA3C
SMA NEGERI 11 PULAU TALIABU,69965064,SMA,Negeri,Kec. Taliabu Timur,270105,Kab. Pulau Taliabu,270100,Prov. Maluku Utara,270000,15,2,48,3,3,2,1,17,29 Apr 2026 20:12:50,F6287476035E12CE4C1F
SMK NEGERI 4 PULAU TALIABU,60203626,SMK,Negeri,Kec. Taliabu Timur,270105,Kab. Pulau Taliabu,270100,Prov. Maluku Utara,270000,12,0,49,3,6,4,1,41,26 Apr 2026 19:07:04,93695125A426C2C6A5DC
SD INPRES 1 BINAGARA,60201168,SD,Negeri,Kec. Wasile Selatan,270602,Kab. Halmahera Timur,270600,Prov. Maluku Utara,270000,7,2,59,6,7,0,1,30,19 Apr 2026 17:51:24,D1AB6B2902FA166A6303
SD INPRES 2 BINAGARA,60201151,SD,Negeri,Kec. Wasile Selatan,270602,Kab. Halmahera Timur,270600,Prov. Maluku Utara,270000,8,2,61,6,8,1,2,32,05 Mar 2026 02:58:19,7653EA031E545D9A54FD
SD INPRES NANAS,60200681,SD,Negeri,Kec. Wasile Selatan,270602,Kab. Halmahera Timur,270600,Prov. Maluku Utara,270000,8,2,67,6,7,1,1,17,09 Apr 2026 14:44:13,03478769BC40EC850F8D
SD INPRES SAOLAT,60201187,SD,Negeri,Kec. Wasile Selatan,270602,Kab. Halmahera Timur,270600,Prov. Maluku Utara,270000,8,3,78,6,6,0,1,36,14 Apr 2026 23:03:30,CB6789F64862CD2494FA
SD INPRES TABANALOU,60200680,SD,Negeri,Kec. Wasile Selatan,270602,Kab. Halmahera Timur,270600,Prov. Maluku Utara,270000,8,2,32,6,8,1,1,43,30 Apr 2026 09:35:21,9A4B3AE76799976C2E48
SD INPRES TOMARES,60201322,SD,Negeri,Kec. Wasile Selatan,270602,Kab. Halmahera Timur,270600,Prov. Maluku Utara,270000,9,1,80,6,6,1,1,37,28 Apr 2026 09:54:11,BE9E8508661A937841F1
SD Negeri Ekor,60200648,SD,Negeri,Kec. Wasile Selatan,270602,Kab. Halmahera Timur,270600,Prov. Maluku Utara,270000,8,2,71,6,6,1,1,39,17 Apr 2026 08:09:16,E49381434812C0EF7074
SD NEGERI FAYAUL,60201300,SD,Negeri,Kec. Wasile Selatan,270602,Kab. Halmahera Timur,270600,Prov. Maluku Utara,270000,10,3,120,6,6,0,1,27,10 Apr 2026 07:35:12,929B6DB9EDC39971DBD9
SD NEGERI INO JAYA,69961274,SD,Negeri,Kec. Wasile Selatan,270602,Kab. Halmahera Timur,270600,Prov. Maluku Utara,270000,10,5,71,6,6,0,1,40,28 Apr 2026 08:09:26,0BFDD9405CB7CB187A28
SD NEGERI LOLEBA,60201308,SD,Negeri,Kec. Wasile Selatan,270602,Kab. Halmahera Timur,270600,Prov. Maluku Utara,270000,9,3,99,6,6,0,1,97,15 Mar 2026 13:06:20,0BEB62E76F2B82EA39CE
SD NEGERI MINAMIN,60201312,SD,Negeri,Kec. Wasile Selatan,270602,Kab. Halmahera Timur,270600,Prov. Maluku Utara,270000,9,2,94,6,8,0,0,44,10 Apr 2026 06:33:43,5FCA205E993D88A52101
SD NEGERI NUSA AMBU,60200690,SD,Negeri,Kec. Wasile Selatan,270602,Kab. Halmahera Timur,270600,Prov. Maluku Utara,270000,14,5,94,6,8,1,1,12,14 Apr 2026 21:51:54,9A3B65BEB70A723A2F67
SD NEGERI NUSA JAYA,60200647,SD,Negeri,Kec. Wasile Selatan,270602,Kab. Halmahera Timur,270600,Prov. Maluku Utara,270000,10,2,147,6,8,0,1,56,14 Apr 2026 10:24:40,FDE381130D54F1A3832A
SD NEGERI PINTATU,60200645,SD,Negeri,Kec. Wasile Selatan,270602,Kab. Halmahera Timur,270600,Prov. Maluku Utara,270000,9,3,118,6,6,0,1,52,29 Apr 2026 06:10:55,FE647B2B2449944B75B5
SD NEGERI SARAMAAKE,60200638,SD,Negeri,Kec. Wasile Selatan,270602,Kab. Halmahera Timur,270600,Prov. Maluku Utara,270000,12,2,116,6,6,1,1,16,18 Apr 2026 07:55:25,A8CEDE83AF33F546B23D
SD NEGERI SONDO SONDO,60203403,SD,Negeri,Kec. Wasile Selatan,270602,Kab. Halmahera Timur,270600,Prov. Maluku Utara,270000,12,3,80,6,6,0,1,28,24 Apr 2026 08:32:35,184F0CBDB43A245411CB
SD NEGERI TANURE,69787389,SD,Negeri,Kec. Wasile Selatan,270602,Kab. Halmahera Timur,270600,Prov. Maluku Utara,270000,10,1,73,6,5,0,1,18,06 Mar 2026 20:38:52,5A3AD2453C57905F1095
SD NEGERI WAIJOI,60201199,SD,Negeri,Kec. Wasile Selatan,270602,Kab. Halmahera Timur,270600,Prov. Maluku Utara,270000,9,3,180,7,9,0,0,37,12 Mar 2026 19:22:52,49A6F124389B114FBD1D
SD NEGERI WASILE,60201326,SD,Negeri,Kec. Wasile Selatan,270602,Kab. Halmahera Timur,270600,Prov. Maluku Utara,270000,10,1,82,6,9,0,1,22,05 Mar 2026 10:35:40,CEC203E388873D21870F
SD NEGERI YAWAL,69961595,SD,Negeri,Kec. Wasile Selatan,270602,Kab. Halmahera Timur,270600,Prov. Maluku Utara,270000,7,2,24,6,4,0,0,70,03 Apr 2026 02:21:38,D988B69E48C11176ECED
SMP N 1 SATAP WASILE,60203423,SMP,Negeri,Kec. Wasile Selatan,270602,Kab. Halmahera Timur,270600,Prov. Maluku Utara,270000,7,2,62,3,6,2,3,19,29 Apr 2026 05:47:42,55484D767DFC5B1ACDEA
SMP N 10 WASILE,69728575,SMP,Negeri,Kec. Wasile Selatan,270602,Kab. Halmahera Timur,270600,Prov. Maluku Utara,270000,12,2,92,3,3,1,2,13,10 Apr 2026 22:19:06,4119C31FDA83FDD8D4A4
SMP N 2 SATAP WASILE,60201339,SMP,Negeri,Kec. Wasile Selatan,270602,Kab. Halmahera Timur,270600,Prov. Maluku Utara,270000,9,3,85,3,4,1,1,38,09 Apr 2026 19:17:40,EB13335DF142FBEE49ED
SMP N 4 SATAP WASILE,60203432,SMP,Negeri,Kec. Wasile Selatan,270602,Kab. Halmahera Timur,270600,Prov. Maluku Utara,270000,10,3,49,3,7,0,1,55,30 Apr 2026 09:13:50,7BFEA4914196E702B455
SMP N 6 SATAP WASILE,60203425,SMP,Negeri,Kec. Wasile Selatan,270602,Kab. Halmahera Timur,270600,Prov. Maluku Utara,270000,8,2,43,3,3,0,1,63,28 Apr 2026 05:19:56,4145B0F50B9F1E876BCE
SMP N 7 WASILE,60203437,SMP,Negeri,Kec. Wasile Selatan,270602,Kab. Halmahera Timur,270600,Prov. Maluku Utara,270000,13,2,45,3,4,1,1,64,26 Apr 2026 05:11:34,A93F73DE7FDA0B192F43
SMP N 9 WASILE,69787390,SMP,Negeri,Kec. Wasile Selatan,270602,Kab. Halmahera Timur,270600,Prov. Maluku Utara,270000,9,1,72,3,3,0,1,55,30 Apr 2026 05:50:13,4BCD6F86A709B2C14703
SMP NEGERI 13 WASILE,69979242,SMP,Negeri,Kec. Wasile Selatan,270602,Kab. Halmahera Timur,270600,Prov. Maluku Utara,270000,7,3,82,3,3,0,0,27,24 Apr 2026 08:30:39,3BB56CEEA1F519EF6551
SMP NEGERI 3 WASILE,60201347,SMP,Negeri,Kec. Wasile Selatan,270602,Kab. Halmahera Timur,270600,Prov. Maluku Utara,270000,14,2,100,5,11,2,1,51,21 Apr 2026 08:20:22,CE21D79485AFB9ADAAA2
SMP NEGERI 5 WASILE,60200672,SMP,Negeri,Kec. Wasile Selatan,270602,Kab. Halmahera Timur,270600,Prov. Maluku Utara,270000,11,2,101,5,5,2,1,44,29 Apr 2026 20:48:28,2FA225D7EBEE0CF6D852
SMP PEMERHATI SARAMAAKE,70058398,SMP,Swasta,Kec. Wasile Selatan,270602,Kab. Halmahera Timur,270600,Prov. Maluku Utara,270000,0,0,0,0,0,0,0,0,,C34E5ECCF12890AD5A9F
SMA NEGERI 4 HALMAHERA TIMUR,60201365,SMA,Negeri,Kec. Wasile Selatan,270602,Kab. Halmahera Timur,270600,Prov. Maluku Utara,270000,29,11,239,9,9,4,1,48,01 May 2026 07:45:35,A8FA3A51659AD87EFF57
SMA MAFUTURU FAYAUL,69958910,SMA,Swasta,Kec. Wasile Selatan,270602,Kab. Halmahera Timur,270600,Prov. Maluku Utara,270000,6,1,109,4,1,2,0,14,17 Mar 2026 20:34:30,BC73637ECA21A4BB11AF
SMA SWASTA CYRUS,69982116,SMA,Swasta,Kec. Wasile Selatan,270602,Kab. Halmahera Timur,270600,Prov. Maluku Utara,270000,4,0,33,3,3,0,0,16,28 Apr 2026 15:26:59,35F431C9ACA0AC10C966
SMAS TAMAN SISWA HALTIM,69973627,SMA,Swasta,Kec. Wasile Selatan,270602,Kab. Halmahera Timur,270600,Prov. Maluku Utara,270000,8,1,46,3,3,2,1,18,04 Mar 2026 10:46:37,F5D48126F8812B3008F7
SMK NEGERI 2 HALMAHERA TIMUR,69773557,SMK,Negeri,Kec. Wasile Selatan,270602,Kab. Halmahera Timur,270600,Prov. Maluku Utara,270000,20,4,139,10,10,2,1,38,29 Apr 2026 16:21:45,7218E2EC1285F841D358
SMKS TEKNOLOGI PERIKANAN,60203442,SMK,Swasta,Kec. Wasile Selatan,270602,Kab. Halmahera Timur,270600,Prov. Maluku Utara,270000,10,3,24,3,3,1,1,37,30 Apr 2026 19:39:04,7026E744ED6631269DB6
SD Inp. Akedaga 1,60201161,SD,Negeri,Kec. Wasile Timur,270607,Kab. Halmahera Timur,270600,Prov. Maluku Utara,270000,8,5,101,6,7,0,1,12,11 Apr 2026 05:55:54,8E62116BE89598E7ABC8
SD Inp. Akedaga 2,60201162,SD,Negeri,Kec. Wasile Timur,270607,Kab. Halmahera Timur,270600,Prov. Maluku Utara,270000,10,2,154,7,7,0,1,13,20 Apr 2026 07:25:03,9B1EE3FA23F88A2BD6EE
SD Inp. Dakaino 2,60201160,SD,Negeri,Kec. Wasile Timur,270607,Kab. Halmahera Timur,270600,Prov. Maluku Utara,270000,11,1,77,6,7,0,1,49,10 Apr 2026 06:11:48,7A435105924F6B8F919C
SD Inpres Dakaino 1,60201159,SD,Negeri,Kec. Wasile Timur,270607,Kab. Halmahera Timur,270600,Prov. Maluku Utara,270000,8,2,164,6,6,1,1,32,27 Apr 2026 05:55:31,795A486B388922139876
SD Inpres Toboino,60200698,SD,Negeri,Kec. Wasile Timur,270607,Kab. Halmahera Timur,270600,Prov. Maluku Utara,270000,8,3,125,6,8,1,1,9,08 Apr 2026 07:48:41,6771FB8744AF884F1758
SD INPRES TUTULING JAYA,60201164,SD,Negeri,Kec. Wasile Timur,270607,Kab. Halmahera Timur,270600,Prov. Maluku Utara,270000,12,3,157,9,9,0,2,31,14 Apr 2026 08:16:22,1A7C3FC8A9D6B3768C0B
SD Inpres Wokajaya,60200697,SD,Negeri,Kec. Wasile Timur,270607,Kab. Halmahera Timur,270600,Prov. Maluku Utara,270000,10,3,129,6,6,1,1,57,15 Apr 2026 12:02:05,BE5DAC56CA0B625DA7E9
SD NEGERI DODAGA,60201197,SD,Negeri,Kec. Wasile Timur,270607,Kab. Halmahera Timur,270600,Prov. Maluku Utara,270000,8,3,184,6,7,0,1,27,30 Apr 2026 06:25:08,712D707215BE9FF59B10
SD NEGERI TITIPA,69971752,SD,Negeri,Kec. Wasile Timur,270607,Kab. Halmahera Timur,270600,Prov. Maluku Utara,270000,11,2,27,6,4,0,0,22,12 Apr 2026 18:25:53,0CA9EE98BB510075A0E9
SD NEGERI TUKUR-TUKUR,60200671,SD,Negeri,Kec. Wasile Timur,270607,Kab. Halmahera Timur,270600,Prov. Maluku Utara,270000,8,3,29,6,7,0,1,23,20 Apr 2026 19:53:20,3AF0B6C41A2A935DEFB9
SDN BERINGIN JAYA,69787083,SD,Negeri,Kec. Wasile Timur,270607,Kab. Halmahera Timur,270600,Prov. Maluku Utara,270000,10,2,51,6,5,0,1,44,10 Apr 2026 07:23:45,C261FB926A6ED014076C
SMP NEGERI 4 WASILE,60201349,SMP,Negeri,Kec. Wasile Timur,270607,Kab. Halmahera Timur,270600,Prov. Maluku Utara,270000,18,2,145,6,14,5,1,107,28 Apr 2026 08:15:49,09575946A32FBFBC4D08
SMP NEGERI 6 WASILE,60203424,SMP,Negeri,Kec. Wasile Timur,270607,Kab. Halmahera Timur,270600,Prov. Maluku Utara,270000,11,2,110,5,7,2,1,30,06 Apr 2026 20:42:05,1D1D7B94698B7F2225C4
SMPN 12 WASILE,69958908,SMP,Negeri,Kec. Wasile Timur,270607,Kab. Halmahera Timur,270600,Prov. Maluku Utara,270000,14,1,131,5,6,1,1,54,30 Apr 2026 09:19:55,5F15A586FF2F73685F08
SMP MUHAMMADIYAH SUBAIM,60203411,SMP,Swasta,Kec. Wasile Timur,270607,Kab. Halmahera Timur,270600,Prov. Maluku Utara,270000,13,5,101,5,12,0,1,62,21 Apr 2026 09:40:56,4CC210EB52390EF6C03F
SMA NEGERI 10 HALMAHERA TIMUR,69958905,SMA,Negeri,Kec. Wasile Timur,270607,Kab. Halmahera Timur,270600,Prov. Maluku Utara,270000,18,4,101,3,4,4,1,40,25 Apr 2026 09:04:12,24E18CB376EB25563377
SMAS MUHAMMADIYAH SUBAIM,60201361,SMA,Swasta,Kec. Wasile Timur,270607,Kab. Halmahera Timur,270600,Prov. Maluku Utara,270000,11,2,170,6,8,3,1,16,17 Apr 2026 06:16:34,9E9088797D17003F7756
SMKS MUHAMMDIYAH SUBAIM,60200658,SMK,Swasta,Kec. Wasile Timur,270607,Kab. Halmahera Timur,270600,Prov. Maluku Utara,270000,13,2,169,8,8,2,1,17,20 Apr 2026 10:55:47,CAF952636DD23731E5A2
SD INP Waleino,60728498,SD,Negeri,Kec. Maba Utara,270609,Kab. Halmahera Timur,270600,Prov. Maluku Utara,270000,6,1,46,6,6,0,0,20,27 Apr 2026 11:06:16,90E68C8ED72B42D83392
SD Inp. SP I Akelamo,69774620,SD,Negeri,Kec. Maba Utara,270609,Kab. Halmahera Timur,270600,Prov. Maluku Utara,270000,5,5,35,6,6,0,1,45,27 Apr 2026 11:07:22,F61D2A44AD83D6133F4E
SD INP.SP II Akelamo,69774621,SD,Negeri,Kec. Maba Utara,270609,Kab. Halmahera Timur,270600,Prov. Maluku Utara,270000,5,2,33,6,5,0,1,28,16 Apr 2026 07:37:28,FF4ADD930886F284E3D9
SD INPRES JARA-JARA,60201174,SD,Negeri,Kec. Maba Utara,270609,Kab. Halmahera Timur,270600,Prov. Maluku Utara,270000,9,2,146,6,6,0,1,52,30 Apr 2026 03:44:08,51C6AE1566AB8578298E
SD Inpres Lili,60201176,SD,Negeri,Kec. Maba Utara,270609,Kab. Halmahera Timur,270600,Prov. Maluku Utara,270000,5,1,72,6,6,0,1,39,02 May 2026 12:02:57,CD48FE16B28283C8DF28
SD INPRES LOLASITA,60201193,SD,Negeri,Kec. Maba Utara,270609,Kab. Halmahera Timur,270600,Prov. Maluku Utara,270000,6,5,155,7,7,0,1,89,22 Apr 2026 12:16:06,3FA0FFE7F241560A160F
SD INPRES PUMLANGA,60201186,SD,Negeri,Kec. Maba Utara,270609,Kab. Halmahera Timur,270600,Prov. Maluku Utara,270000,8,1,74,6,6,0,1,104,02 May 2026 10:18:15,F189967D9D09DDF783E0
SD INPRES SOSOLAT,60201188,SD,Negeri,Kec. Maba Utara,270609,Kab. Halmahera Timur,270600,Prov. Maluku Utara,270000,7,4,108,6,6,1,1,21,22 Apr 2026 18:23:15,36F13775AAB021E5648D
SD INPRES SP. V AKELAMO,69960006,SD,Negeri,Kec. Maba Utara,270609,Kab. Halmahera Timur,270600,Prov. Maluku Utara,270000,10,3,101,6,8,1,1,143,16 Apr 2026 16:41:34,9B0588E70191EA7149A3
SD Negeri Dorosagu,60201198,SD,Negeri,Kec. Maba Utara,270609,Kab. Halmahera Timur,270600,Prov. Maluku Utara,270000,9,2,149,9,9,0,1,36,03 Feb 2026 23:03:44,8BB66E6B953D9D5D8805
SD NEGERI PATLEAN,60201315,SD,Negeri,Kec. Maba Utara,270609,Kab. Halmahera Timur,270600,Prov. Maluku Utara,270000,5,3,70,6,6,0,1,115,11 Feb 2026 00:00:18,21BEDB84C71B630AD58E
SD NEGERI WASILEO,60201327,SD,Negeri,Kec. Maba Utara,270609,Kab. Halmahera Timur,270600,Prov. Maluku Utara,270000,7,3,83,6,8,0,2,160,02 May 2026 12:51:37,C20CCBCC16991080B176
SDN SP IV AKELAMO,69787084,SD,Negeri,Kec. Maba Utara,270609,Kab. Halmahera Timur,270600,Prov. Maluku Utara,270000,7,4,41,6,5,0,1,31,10 Apr 2026 08:34:37,F82E285E1B279C2E3D06
SMP N 3 SATAP MABA,60201338,SMP,Negeri,Kec. Maba Utara,270609,Kab. Halmahera Timur,270600,Prov. Maluku Utara,270000,8,2,85,3,6,0,1,20,31 Mar 2026 06:53:01,E3520871FBD1C0B7B5DD
SMP N 5 SATAP MABA,60728478,SMP,Negeri,Kec. Maba Utara,270609,Kab. Halmahera Timur,270600,Prov. Maluku Utara,270000,8,2,51,3,3,1,1,13,27 Apr 2026 07:01:01,8BB6ABC2B821D24FF981
SMP N 6 SATAP MABA,60728481,SMP,Negeri,Kec. Maba Utara,270609,Kab. Halmahera Timur,270600,Prov. Maluku Utara,270000,8,1,62,3,3,1,1,67,25 Apr 2026 13:09:50,15D9AF4EF414964FA86D
SMP NEGERI 4 MABA,60201348,SMP,Negeri,Kec. Maba Utara,270609,Kab. Halmahera Timur,270600,Prov. Maluku Utara,270000,10,4,87,4,7,2,1,181,25 Apr 2026 08:12:01,C05D1E9D84C5650B72AE
SMP NEGERI 5 MABA,60201350,SMP,Negeri,Kec. Maba Utara,270609,Kab. Halmahera Timur,270600,Prov. Maluku Utara,270000,11,1,48,3,3,1,1,126,27 Apr 2026 10:53:48,211E51133E54081E22B8
SMPN 10 MABA,69968016,SMP,Negeri,Kec. Maba Utara,270609,Kab. Halmahera Timur,270600,Prov. Maluku Utara,270000,9,1,53,3,3,0,1,69,15 Apr 2026 08:15:54,A6DE4945E9A29A682FB4
SMPN 14 MABA,70011325,SMP,Negeri,Kec. Maba Utara,270609,Kab. Halmahera Timur,270600,Prov. Maluku Utara,270000,8,1,63,3,4,1,1,38,20 Apr 2026 10:03:21,146783D82DF75A93C787
SMA NEGERI 11 HALMAHERA TIMUR,69958909,SMA,Negeri,Kec. Maba Utara,270609,Kab. Halmahera Timur,270600,Prov. Maluku Utara,270000,9,3,93,3,4,4,1,26,16 Apr 2026 22:24:28,C51C889111005FD2E7E2
SMA NEGERI 9 HALMAHERA TIMUR,60205562,SMA,Negeri,Kec. Maba Utara,270609,Kab. Halmahera Timur,270600,Prov. Maluku Utara,270000,15,1,70,3,6,2,1,35,19 Apr 2026 08:39:15,0BC824DCCC2255052AD6
SMAS GLOBAL SAINS HALMAHERA TIMUR,70038448,SMA,Swasta,Kec. Maba Utara,270609,Kab. Halmahera Timur,270600,Prov. Maluku Utara,270000,0,1,45,3,3,0,0,10,04 Apr 2026 20:54:54,4FC86D3261ED5BE7A55D
SD INPRES BICOLI,60201167,SD,Negeri,Kec. Maba Selatan,270601,Kab. Halmahera Timur,270600,Prov. Maluku Utara,270000,11,4,161,8,9,0,1,96,26 Apr 2026 17:14:25,6E2AEA684EE9B9068A59
SD INPRES LOLEOLAMO,60201177,SD,Negeri,Kec. Maba Selatan,270601,Kab. Halmahera Timur,270600,Prov. Maluku Utara,270000,9,1,49,6,7,0,1,39,30 Apr 2026 07:12:11,CA972F6EAAFB3D4DDF3E
SD INPRES PETELEY,60201185,SD,Negeri,Kec. Maba Selatan,270601,Kab. Halmahera Timur,270600,Prov. Maluku Utara,270000,8,4,100,6,6,0,1,81,02 May 2026 07:21:47,0468B95497D560EF809D
SD NEGERI BICOLI,60201194,SD,Negeri,Kec. Maba Selatan,270601,Kab. Halmahera Timur,270600,Prov. Maluku Utara,270000,11,2,126,6,7,0,1,73,30 Apr 2026 07:15:56,2E4679EBC40AB6B27B45
SD NEGERI GOTOWASI,60201303,SD,Negeri,Kec. Maba Selatan,270601,Kab. Halmahera Timur,270600,Prov. Maluku Utara,270000,12,2,162,8,8,0,1,39,10 Apr 2026 05:59:12,80A7132159C5C3BAD970
SD NEGERI LAKODA,70011443,SD,Negeri,Kec. Maba Selatan,270601,Kab. Halmahera Timur,270600,Prov. Maluku Utara,270000,9,4,25,5,5,0,0,70,01 May 2026 13:34:21,94E7DBACEEA2613D2EBB
SD Negeri Sil,60728492,SD,Negeri,Kec. Maba Selatan,270601,Kab. Halmahera Timur,270600,Prov. Maluku Utara,270000,8,3,72,6,8,0,1,34,13 Apr 2026 07:34:22,994E524E22094071BE03
SD Negeri Sowoli,69787388,SD,Negeri,Kec. Maba Selatan,270601,Kab. Halmahera Timur,270600,Prov. Maluku Utara,270000,11,2,57,6,6,0,2,70,01 May 2026 18:13:35,67500E6D5D1B977365D0
SD NEGERI SYAHNAMLI,69960008,SD,Negeri,Kec. Maba Selatan,270601,Kab. Halmahera Timur,270600,Prov. Maluku Utara,270000,6,4,12,6,4,0,0,25,14 Apr 2026 08:46:47,A61C0059FA3D3E406245
SD NEGERI WACI,60200664,SD,Negeri,Kec. Maba Selatan,270601,Kab. Halmahera Timur,270600,Prov. Maluku Utara,270000,8,4,100,6,10,0,1,20,05 Mar 2026 20:45:19,0406AAF6DB149295CB14
SMP NEGERI 12 MABA,70002296,SMP,Negeri,Kec. Maba Selatan,270601,Kab. Halmahera Timur,270600,Prov. Maluku Utara,270000,7,1,28,3,3,0,0,45,30 Apr 2026 09:46:21,05EB03BFA183EBDAB79E
SMP NEGERI 2 MABA,60201343,SMP,Negeri,Kec. Maba Selatan,270601,Kab. Halmahera Timur,270600,Prov. Maluku Utara,270000,14,6,129,6,11,3,1,137,30 Apr 2026 11:29:01,AAF82DDE0EBB0C036481
SMP NEGERI 6 MABA,60203438,SMP,Negeri,Kec. Maba Selatan,270601,Kab. Halmahera Timur,270600,Prov. Maluku Utara,270000,13,5,71,3,7,0,1,66,22 Apr 2026 12:09:29,95EEC161AE0893DDF985
SMPN 13 MABA,70011138,SMP,Negeri,Kec. Maba Selatan,270601,Kab. Halmahera Timur,270600,Prov. Maluku Utara,270000,9,3,40,3,4,0,0,194,26 Apr 2026 11:32:59,9975E464BAED636D99FD
SMA NEGERI 3 HALMAHERA TIMUR,60201364,SMA,Negeri,Kec. Maba Selatan,270601,Kab. Halmahera Timur,270600,Prov. Maluku Utara,270000,24,2,293,9,12,4,1,90,02 May 2026 16:50:39,A2E8A6C2BDA979042545
SMK PERIKANAN DAN KELAUTAN CUT MUTIA,69991594,SMK,Swasta,Kec. Maba Selatan,270601,Kab. Halmahera Timur,270600,Prov. Maluku Utara,270000,4,0,17,3,3,0,0,53,28 Apr 2026 18:48:27,DDEE16A00BA7F7A56E5A
SD INPRES MABA,60201179,SD,Negeri,Kec. Kota Maba,270610,Kab. Halmahera Timur,270600,Prov. Maluku Utara,270000,10,1,185,7,8,1,1,12,21 Apr 2026 09:50:35,3437AF4588916CC28FC4
SD Inpres Mabapura,60201180,SD,Negeri,Kec. Kota Maba,270610,Kab. Halmahera Timur,270600,Prov. Maluku Utara,270000,11,2,130,6,8,0,1,22,01 May 2026 17:33:16,A16E546993033FDDA5DB
SD INPRES TEWIL,60201190,SD,Negeri,Kec. Kota Maba,270610,Kab. Halmahera Timur,270600,Prov. Maluku Utara,270000,10,3,80,6,6,0,1,40,02 May 2026 08:09:35,A7C419BDDEBFAEF2BCEF
SD NEGERI 2 MABA,69979462,SD,Negeri,Kec. Kota Maba,270610,Kab. Halmahera Timur,270600,Prov. Maluku Utara,270000,10,3,135,8,8,1,1,33,28 Apr 2026 10:19:26,043F0CF6D47B4EEFDEAB
SD NEGERI MABA,60200651,SD,Negeri,Kec. Kota Maba,270610,Kab. Halmahera Timur,270600,Prov. Maluku Utara,270000,17,2,213,12,12,0,1,59,27 Apr 2026 22:56:57,C052ED0A2C29CB2789F2
SD NEGERI WAILUKUM,60201325,SD,Negeri,Kec. Kota Maba,270610,Kab. Halmahera Timur,270600,Prov. Maluku Utara,270000,11,2,162,7,7,0,1,54,24 Apr 2026 12:07:05,87B74BEB7A22DD33A048
SD MUHAMMADIYAH KOTA MABA,70003385,SD,Swasta,Kec. Kota Maba,270610,Kab. Halmahera Timur,270600,Prov. Maluku Utara,270000,8,2,66,6,6,0,0,35,27 Apr 2026 08:38:50,841280E1E4CCF0CC24AD
SMP N 1 SATAP MABA,60201352,SMP,Negeri,Kec. Kota Maba,270610,Kab. Halmahera Timur,270600,Prov. Maluku Utara,270000,13,3,100,5,7,2,1,126,22 Apr 2026 07:10:00,429242C6FCEF73DC2BEE
SMP N 4 SATAP MABA,60203435,SMP,Negeri,Kec. Kota Maba,270610,Kab. Halmahera Timur,270600,Prov. Maluku Utara,270000,10,1,78,3,3,1,1,23,20 Apr 2026 06:55:19,32D67CA5860C4593348D
SMP NEGERI 3 MABA,60201346,SMP,Negeri,Kec. Kota Maba,270610,Kab. Halmahera Timur,270600,Prov. Maluku Utara,270000,20,1,298,10,12,2,1,46,22 Apr 2026 09:12:26,946EDC59BF1A007B0996
SMP ISLAM AL ABROR MABA,69986398,SMP,Swasta,Kec. Kota Maba,270610,Kab. Halmahera Timur,270600,Prov. Maluku Utara,270000,8,3,54,3,3,0,0,13,16 Apr 2026 07:31:18,2E3F2B0C29E7FACBE6FF
SMP MUHAMMADIYAH KOTA MABA,69979238,SMP,Swasta,Kec. Kota Maba,270610,Kab. Halmahera Timur,270600,Prov. Maluku Utara,270000,8,2,59,3,6,2,1,12,28 Apr 2026 13:48:54,4ECA7A0A1C9C20477D1A
SMA NEGERI 12 HALMAHERA TIMUR,69852840,SMA,Negeri,Kec. Kota Maba,270610,Kab. Halmahera Timur,270600,Prov. Maluku Utara,270000,14,5,85,3,6,3,1,23,19 Apr 2026 12:04:15,61E699025CE4FE8CC2D3
SMA NEGERI 5 HALMAHERA TIMUR,60203440,SMA,Negeri,Kec. Kota Maba,270610,Kab. Halmahera Timur,270600,Prov. Maluku Utara,270000,21,3,251,9,10,4,1,64,28 Apr 2026 09:49:32,480EB358622984531E4C
SMK NEGERI 1 HALMAHERA TIMUR,60200659,SMK,Negeri,Kec. Kota Maba,270610,Kab. Halmahera Timur,270600,Prov. Maluku Utara,270000,17,2,178,9,10,5,1,16,16 Apr 2026 09:46:56,EAEE3D2E9AE430C3CC7E
SD INPRES BULI,60201169,SD,Negeri,Kec. Maba,270604,Kab. Halmahera Timur,270600,Prov. Maluku Utara,270000,24,3,436,18,18,0,1,273,23 Apr 2026 13:36:24,7AA631078B90FE6B147A
SD Inpres Geltoli,60201165,SD,Negeri,Kec. Maba,270604,Kab. Halmahera Timur,270600,Prov. Maluku Utara,270000,10,1,69,6,6,0,2,43,08 Apr 2026 20:31:43,B078E1781486C76420F5
SD INPRES PEKAULANG,60201316,SD,Negeri,Kec. Maba,270604,Kab. Halmahera Timur,270600,Prov. Maluku Utara,270000,9,5,96,6,6,1,2,168,24 Apr 2026 07:42:09,3D6EDD87DE290761412E
SD NEGERI BABURINO,70058512,SD,Negeri,Kec. Maba,270604,Kab. Halmahera Timur,270600,Prov. Maluku Utara,270000,1,1,9,1,1,0,0,15,31 Jan 2026 21:42:06,B63CF47DE65CB470E84C
SD Negeri Buli Asal,60201196,SD,Negeri,Kec. Maba,270604,Kab. Halmahera Timur,270600,Prov. Maluku Utara,270000,11,4,172,7,8,0,1,182,02 May 2026 06:03:10,64320E464941EC5FC2F4
SD Negeri Gamesan,60201302,SD,Negeri,Kec. Maba,270604,Kab. Halmahera Timur,270600,Prov. Maluku Utara,270000,9,2,91,6,6,0,1,32,01 May 2026 07:28:37,29E40C7FF16F55A0D89B
SD Negeri Geltoli,60203401,SD,Negeri,Kec. Maba,270604,Kab. Halmahera Timur,270600,Prov. Maluku Utara,270000,12,2,205,9,9,1,1,67,29 Apr 2026 07:52:52,C7FF0D4AA3A3185D1EEC
SD GMIH Buli,60201153,SD,Swasta,Kec. Maba,270604,Kab. Halmahera Timur,270600,Prov. Maluku Utara,270000,16,4,288,12,12,1,1,29,24 Apr 2026 09:37:27,DA799ADC253BA39CCF7F
SMP N 2 SATAP MABA,60201337,SMP,Negeri,Kec. Maba,270604,Kab. Halmahera Timur,270600,Prov. Maluku Utara,270000,12,4,93,4,3,1,1,131,02 May 2026 19:51:19,FD86D0F85E41DFE35FDB
SMP NEGERI 1 MABA,60201341,SMP,Negeri,Kec. Maba,270604,Kab. Halmahera Timur,270600,Prov. Maluku Utara,270000,25,7,400,13,18,2,1,43,28 Apr 2026 07:34:03,72EAE02BE3902187CBDD
SMPN 11 MABA,69989185,SMP,Negeri,Kec. Maba,270604,Kab. Halmahera Timur,270600,Prov. Maluku Utara,270000,9,2,44,3,3,0,1,121,10 Apr 2026 00:19:23,133B403BC733291B85FD
SMP GMIH BULI,69966475,SMP,Swasta,Kec. Maba,270604,Kab. Halmahera Timur,270600,Prov. Maluku Utara,270000,9,1,109,3,3,0,0,51,24 Apr 2026 11:53:38,FC84CD66B555A0F963A7
SMA NEGERI 1 HALMAHERA TIMUR,60201362,SMA,Negeri,Kec. Maba,270604,Kab. Halmahera Timur,270600,Prov. Maluku Utara,270000,31,4,516,15,15,5,1,71,01 May 2026 14:16:02,EF389B8831F2340C5FD5
SMK TEKNOLOGI KRISTEN HALMAHERA TIMUR,70050534,SMK,Swasta,Kec. Maba,270604,Kab. Halmahera Timur,270600,Prov. Maluku Utara,270000,4,1,34,6,3,0,0,33,30 Apr 2026 09:15:36,4FAC763F26487D46D67A
SMKS PERTAMBANGAN BULI,60203441,SMK,Swasta,Kec. Maba,270604,Kab. Halmahera Timur,270600,Prov. Maluku Utara,270000,17,2,212,10,12,1,1,25,30 Apr 2026 20:59:01,144C698BAD8F77C417AF
SD INPRES KAKARAINO,60201175,SD,Negeri,Kec. Wasile Tengah,270605,Kab. Halmahera Timur,270600,Prov. Maluku Utara,270000,10,2,51,6,6,0,1,12,13 Mar 2026 20:32:43,D6D398A7F2F99A31501A
SD INPRES LOLOBATA,60201178,SD,Negeri,Kec. Wasile Tengah,270605,Kab. Halmahera Timur,270600,Prov. Maluku Utara,270000,9,3,71,6,6,0,1,80,23 Apr 2026 06:54:29,5EBBB5D84DABF36D3FF7
SD INPRES NYAOLAKO,60201184,SD,Negeri,Kec. Wasile Tengah,270605,Kab. Halmahera Timur,270600,Prov. Maluku Utara,270000,8,2,42,6,6,0,0,86,30 Apr 2026 13:30:09,5E9705C662D2C00529BD
SD NEGERI FOLY,60200704,SD,Negeri,Kec. Wasile Tengah,270605,Kab. Halmahera Timur,270600,Prov. Maluku Utara,270000,7,2,148,6,8,0,1,65,28 Apr 2026 07:59:38,4FA9DFE91931AFF9EC26
SD NEGERI HATETABAKO,60201305,SD,Negeri,Kec. Wasile Tengah,270605,Kab. Halmahera Timur,270600,Prov. Maluku Utara,270000,8,3,105,6,7,0,1,158,30 Apr 2026 08:37:39,98559ED156A19B15851C
SD NEGERI LOLOBATA,60201309,SD,Negeri,Kec. Wasile Tengah,270605,Kab. Halmahera Timur,270600,Prov. Maluku Utara,270000,9,3,108,6,7,0,1,403,29 Apr 2026 09:26:41,90ECC8EC6721ECB677E2
SD NEGERI PUAO,60200644,SD,Negeri,Kec. Wasile Tengah,270605,Kab. Halmahera Timur,270600,Prov. Maluku Utara,270000,8,3,87,6,9,0,1,30,30 Apr 2026 07:55:19,4B529F9A900EF619FB28
SD NEGERI SILALAYANG,60203402,SD,Negeri,Kec. Wasile Tengah,270605,Kab. Halmahera Timur,270600,Prov. Maluku Utara,270000,9,1,85,6,6,0,1,48,28 Apr 2026 07:43:39,74C1B78795C85618FDD1
SMP NEGERI 1 WASILE,60201342,SMP,Negeri,Kec. Wasile Tengah,270605,Kab. Halmahera Timur,270600,Prov. Maluku Utara,270000,13,3,120,6,7,2,1,66,27 Apr 2026 06:56:30,328D2E675701D8A3A115
SMP NEGERI 8 WASILE,60201353,SMP,Negeri,Kec. Wasile Tengah,270605,Kab. Halmahera Timur,270600,Prov. Maluku Utara,270000,13,4,112,5,6,1,1,142,27 Apr 2026 10:24:21,A715E0AFD33A0799FC28
SMPN 8 SATAP WASILE,69958915,SMP,Negeri,Kec. Wasile Tengah,270605,Kab. Halmahera Timur,270600,Prov. Maluku Utara,270000,10,1,49,3,3,0,0,64,24 Apr 2026 07:11:44,64D610A2D3E0D68740A8
SMA NEGERI 6 HALMAHERA TIMUR,60205559,SMA,Negeri,Kec. Wasile Tengah,270605,Kab. Halmahera Timur,270600,Prov. Maluku Utara,270000,23,5,215,8,11,4,1,63,28 Apr 2026 07:41:05,483C0B878E93522CC4DA
SMKS MARHAEN HALTIM,69975123,SMK,Swasta,Kec. Wasile Tengah,270605,Kab. Halmahera Timur,270600,Prov. Maluku Utara,270000,16,3,78,3,3,2,1,26,07 Apr 2026 04:24:54,0D3D64AC91E4E1837660
SD Inp. Bumirestu,60201155,SD,Negeri,Kec. Wasile,270603,Kab. Halmahera Timur,270600,Prov. Maluku Utara,270000,12,2,184,9,10,0,1,64,28 Apr 2026 19:34:22,B1BDD7F22DCCF1F1DBDA
SD Inp. Cemara Jaya,60201157,SD,Negeri,Kec. Wasile,270603,Kab. Halmahera Timur,270600,Prov. Maluku Utara,270000,9,3,65,6,6,1,1,23,15 Apr 2026 05:08:25,05D709A3B0DD99053403
SD Inp. Mekarsari,60201156,SD,Negeri,Kec. Wasile,270603,Kab. Halmahera Timur,270600,Prov. Maluku Utara,270000,16,2,159,9,13,0,1,38,29 Apr 2026 06:54:08,CEF605ACB7FFBD33424F
SD Inpres Baturaja,60201158,SD,Negeri,Kec. Wasile,270603,Kab. Halmahera Timur,270600,Prov. Maluku Utara,270000,15,4,216,11,12,0,1,24,27 Apr 2026 20:08:53,3F97B9C550C3A34B4310
SD Negeri Gula Papo,60201304,SD,Negeri,Kec. Wasile,270603,Kab. Halmahera Timur,270600,Prov. Maluku Utara,270000,8,4,69,6,6,0,1,26,04 Apr 2026 08:17:43,3935C4DE0A593AA19E1A
SD NEGERI SUBAIM 1,60200643,SD,Negeri,Kec. Wasile,270603,Kab. Halmahera Timur,270600,Prov. Maluku Utara,270000,12,2,111,6,8,0,1,19,21 Apr 2026 21:01:18,B6596BD92FF269BA5FC2
SD Negeri Subaim 2,60203404,SD,Negeri,Kec. Wasile,270603,Kab. Halmahera Timur,270600,Prov. Maluku Utara,270000,8,2,84,6,8,0,1,39,18 Apr 2026 06:58:46,E40FEB4E3C434C3BFC1A
SMP N 5 SATAP WASILE,60201335,SMP,Negeri,Kec. Wasile,270603,Kab. Halmahera Timur,270600,Prov. Maluku Utara,270000,18,4,147,6,12,1,1,38,01 May 2026 23:14:24,6848DC59649EB8A586FF
SMP NEGERI 2 WASILE,60200656,SMP,Negeri,Kec. Wasile,270603,Kab. Halmahera Timur,270600,Prov. Maluku Utara,270000,15,7,141,6,14,2,1,47,17 Apr 2026 07:58:42,C5DD4A26B2D175031FAF
SMP INTEGRAL BINA SALAM,70053356,SMP,Swasta,Kec. Wasile,270603,Kab. Halmahera Timur,270600,Prov. Maluku Utara,270000,5,2,27,2,2,0,0,11,28 Jan 2026 06:36:46,69F2FBB3E3032DD38FAE
SMA NEGERI 2 HALMAHERA TIMUR,60201363,SMA,Negeri,Kec. Wasile,270603,Kab. Halmahera Timur,270600,Prov. Maluku Utara,270000,31,12,513,16,17,5,2,46,29 Apr 2026 11:30:54,BD3603CE7E9DCC1DF01B
SMK MARITIM MUHAMMADIYAH HALTIM,69962439,SMK,Swasta,Kec. Wasile,270603,Kab. Halmahera Timur,270600,Prov. Maluku Utara,270000,9,3,85,7,8,2,1,14,02 May 2026 15:30:04,7F6EC9E6E77BC0FA4FF7
SD INPRES BOLOLO,60201195,SD,Negeri,Kec. Wasile Utara,270606,Kab. Halmahera Timur,270600,Prov. Maluku Utara,270000,8,3,126,6,6,0,1,22,28 Apr 2026 19:10:09,B53599C5246A947944FA
SD INPRES MARIMOI,60201182,SD,Negeri,Kec. Wasile Utara,270606,Kab. Halmahera Timur,270600,Prov. Maluku Utara,270000,6,3,60,6,6,0,1,50,17 Apr 2026 05:00:23,A7005F848F3D5A2F4C93
SD Inpres Tatam,69862389,SD,Negeri,Kec. Wasile Utara,270606,Kab. Halmahera Timur,270600,Prov. Maluku Utara,270000,9,2,83,6,6,0,0,25,30 Apr 2026 03:38:16,2008BA83608BF6FB5265
SD NEGERI HELAITETOR,60201154,SD,Negeri,Kec. Wasile Utara,270606,Kab. Halmahera Timur,270600,Prov. Maluku Utara,270000,9,2,92,6,6,0,0,20,30 Apr 2026 06:26:37,CDC181624A90F275304D
SD NEGERI IGA,60201306,SD,Negeri,Kec. Wasile Utara,270606,Kab. Halmahera Timur,270600,Prov. Maluku Utara,270000,11,2,156,8,8,1,1,13,24 Apr 2026 12:17:39,43BF9814B5BAA109D166
SD NEGERI LABI-LABI,60201307,SD,Negeri,Kec. Wasile Utara,270606,Kab. Halmahera Timur,270600,Prov. Maluku Utara,270000,11,2,129,6,6,0,1,26,22 Apr 2026 22:07:37,F3A6DA04F56FE2F173E1
SD NEGERI TATAM,69759253,SD,Negeri,Kec. Wasile Utara,270606,Kab. Halmahera Timur,270600,Prov. Maluku Utara,270000,9,2,62,6,6,0,1,27,19 Apr 2026 21:04:32,006513268372721BD894
SD NEGERI WAYA,70058399,SD,Negeri,Kec. Wasile Utara,270606,Kab. Halmahera Timur,270600,Prov. Maluku Utara,270000,0,1,10,1,1,0,0,29,29 Apr 2026 16:48:12,8F1FFA335E0F863B667C
SMP N 3 SATAP WASILE,60201336,SMP,Negeri,Kec. Wasile Utara,270606,Kab. Halmahera Timur,270600,Prov. Maluku Utara,270000,6,3,46,3,4,1,1,16,29 Apr 2026 09:53:28,19491D1FE378E3137E82
SMP N 7 SATAP WASILE,60728486,SMP,Negeri,Kec. Wasile Utara,270606,Kab. Halmahera Timur,270600,Prov. Maluku Utara,270000,9,3,59,3,5,0,1,17,28 Apr 2026 12:21:21,BC6070B5D5A0A6F88EF8
SMP NEGERI 11 WASILE,69728577,SMP,Negeri,Kec. Wasile Utara,270606,Kab. Halmahera Timur,270600,Prov. Maluku Utara,270000,15,5,88,3,8,2,1,20,30 Apr 2026 06:48:03,5AF9CB30929F73ABEF4F
SMP NEGERI 14 WASILE,70046125,SMP,Negeri,Kec. Wasile Utara,270606,Kab. Halmahera Timur,270600,Prov. Maluku Utara,270000,6,1,48,3,3,0,0,77,01 May 2026 19:46:13,4B94E111A9221479D936
SMP NEGERI 15 WASILE,70058043,SMP,Negeri,Kec. Wasile Utara,270606,Kab. Halmahera Timur,270600,Prov. Maluku Utara,270000,2,3,15,2,3,0,0,52,23 Apr 2026 14:28:08,365DC2B48840D04E99ED
SMA NEGERI 8 HALMAHERA TIMUR,60205561,SMA,Negeri,Kec. Wasile Utara,270606,Kab. Halmahera Timur,270600,Prov. Maluku Utara,270000,15,2,92,4,8,7,1,17,07 Mar 2026 06:14:14,9CDC1EB808166749E26C
SD INPRES BEBSILI,60201166,SD,Negeri,Kec. Maba Tengah,270608,Kab. Halmahera Timur,270600,Prov. Maluku Utara,270000,7,1,29,6,6,0,1,51,23 Apr 2026 13:30:50,EFABEB5A603383043EB2
SD INPRES DOROLAMO 2,60201171,SD,Negeri,Kec. Maba Tengah,270608,Kab. Halmahera Timur,270600,Prov. Maluku Utara,270000,8,1,26,6,6,0,1,48,16 Mar 2026 05:11:58,FD9B25A09406436B4E5C
SD INPRES DOROLAMO I,60201170,SD,Negeri,Kec. Maba Tengah,270608,Kab. Halmahera Timur,270600,Prov. Maluku Utara,270000,8,3,105,6,9,0,1,62,09 Apr 2026 07:11:56,1D28596A0A2DFECD7CF5
SD INPRES GAIFOLI,60201173,SD,Negeri,Kec. Maba Tengah,270608,Kab. Halmahera Timur,270600,Prov. Maluku Utara,270000,7,2,57,6,6,0,1,34,26 Apr 2026 16:36:57,D35661F6EF9AC9EC357F
SD INPRES MARASIPNO,60201181,SD,Negeri,Kec. Maba Tengah,270608,Kab. Halmahera Timur,270600,Prov. Maluku Utara,270000,8,2,47,6,6,0,1,81,13 Apr 2026 07:11:43,9A0EAF29C1C761439A58
SD INPRES MIAF,60201311,SD,Negeri,Kec. Maba Tengah,270608,Kab. Halmahera Timur,270600,Prov. Maluku Utara,270000,5,1,50,6,6,0,1,12,02 Feb 2026 21:22:58,6B09F068E29E79B8E0AE
SD INPRES TELUK BULI 1,60200692,SD,Negeri,Kec. Maba Tengah,270608,Kab. Halmahera Timur,270600,Prov. Maluku Utara,270000,11,3,153,6,7,0,1,51,16 Apr 2026 16:48:32,378E2E50CC61418568C1
SD INPRES TELUK BULI 2,60201192,SD,Negeri,Kec. Maba Tengah,270608,Kab. Halmahera Timur,270600,Prov. Maluku Utara,270000,8,3,40,6,6,0,1,26,03 Mar 2026 11:11:49,FDC3E0FD7A15BD10ED48
SD Negeri Watan,60728494,SD,Negeri,Kec. Maba Tengah,270608,Kab. Halmahera Timur,270600,Prov. Maluku Utara,270000,3,2,30,6,6,0,0,25,27 Mar 2026 15:23:35,1A05166B575327C2F383
SD NEGERI WAYAMLI,60201328,SD,Negeri,Kec. Maba Tengah,270608,Kab. Halmahera Timur,270600,Prov. Maluku Utara,270000,8,3,202,7,7,0,1,33,30 Mar 2026 07:22:09,D3D0ADF8C6D38A34D0E9
SDN  TATANGAPU,69787082,SD,Negeri,Kec. Maba Tengah,270608,Kab. Halmahera Timur,270600,Prov. Maluku Utara,270000,6,4,44,6,6,0,1,95,30 Apr 2026 07:51:19,6A49345435F77EDAFBBC
SMP N 7 MABA,60728483,SMP,Negeri,Kec. Maba Tengah,270608,Kab. Halmahera Timur,270600,Prov. Maluku Utara,270000,11,2,106,5,6,1,1,31,10 Apr 2026 05:33:04,D1AADF242E763F312108
SMPN 8 MABA,60201356,SMP,Negeri,Kec. Maba Tengah,270608,Kab. Halmahera Timur,270600,Prov. Maluku Utara,270000,11,3,72,3,6,0,0,48,23 Apr 2026 08:39:05,3E63865B315FEDEC2108
SMPN 9 MABA,60201355,SMP,Negeri,Kec. Maba Tengah,270608,Kab. Halmahera Timur,270600,Prov. Maluku Utara,270000,10,1,80,3,3,1,1,60,07 Mar 2026 11:21:06,B31929EECD8F16E4E4F2
SMAN 7 HALMAHERA TIMUR,60205564,SMA,Negeri,Kec. Maba Tengah,270608,Kab. Halmahera Timur,270600,Prov. Maluku Utara,270000,16,2,113,5,7,4,1,71,27 Apr 2026 07:18:54,591D05C7A7D37BA5A2F2
SMAS WIDYALOKA,70043694,SMA,Swasta,Kec. Maba Tengah,270608,Kab. Halmahera Timur,270600,Prov. Maluku Utara,270000,0,3,25,3,3,0,0,5,03 Feb 2026 08:17:54,EB77E4F8AF458339B013
SD NEGERI 20 KOTA TERNATE,60200877,SD,Negeri,Kec. Ternate Selatan,276002,Kota Ternate,276000,Prov. Maluku Utara,270000,8,1,110,6,6,0,1,63,27 Apr 2026 07:48:20,D8CA05DF06EA3BBAD1E1
SD NEGERI 21 KOTA TERNATE,60200799,SD,Negeri,Kec. Ternate Selatan,276002,Kota Ternate,276000,Prov. Maluku Utara,270000,22,0,338,12,10,0,1,20,14 Apr 2026 01:21:17,967C1121A8246138FF31
SD NEGERI 22 KOTA TERNATE,60200812,SD,Negeri,Kec. Ternate Selatan,276002,Kota Ternate,276000,Prov. Maluku Utara,270000,15,5,212,8,7,0,1,37,29 Apr 2026 08:06:50,820002A6FBAC6E1BCCF8
SD NEGERI 23 KOTA TERNATE,60200817,SD,Negeri,Kec. Ternate Selatan,276002,Kota Ternate,276000,Prov. Maluku Utara,270000,12,3,140,8,10,0,1,78,23 Apr 2026 10:29:53,D97ED92D1B26B0F10642
SD NEGERI 24 KOTA TERNATE,60200816,SD,Negeri,Kec. Ternate Selatan,276002,Kota Ternate,276000,Prov. Maluku Utara,270000,11,4,151,6,5,0,1,27,26 Apr 2026 20:39:28,5DA4E743415CFFF4C1EB
SD NEGERI 25 KOTA TERNATE,60200864,SD,Negeri,Kec. Ternate Selatan,276002,Kota Ternate,276000,Prov. Maluku Utara,270000,22,5,333,12,10,0,1,57,30 Apr 2026 10:57:41,8300BAB47029A2932F4D
SD NEGERI 26 KOTA TERNATE,60200808,SD,Negeri,Kec. Ternate Selatan,276002,Kota Ternate,276000,Prov. Maluku Utara,270000,10,4,124,6,6,1,1,46,22 Apr 2026 22:02:53,03F718C0DAD803A48D15
SD NEGERI 27 KOTA TERNATE,60200876,SD,Negeri,Kec. Ternate Selatan,276002,Kota Ternate,276000,Prov. Maluku Utara,270000,14,3,138,6,6,0,1,1,01 May 2026 00:02:58,E34E1E473BADE8E5876C
SD NEGERI 28 KOTA TERNATE,60202452,SD,Negeri,Kec. Ternate Selatan,276002,Kota Ternate,276000,Prov. Maluku Utara,270000,9,2,115,7,6,0,1,24,13 Apr 2026 23:19:38,DFAFB0F2BA0AB75B09BE
SD NEGERI 29 KOTA TERNATE,60200859,SD,Negeri,Kec. Ternate Selatan,276002,Kota Ternate,276000,Prov. Maluku Utara,270000,9,6,153,7,8,0,1,54,13 Apr 2026 19:41:21,18C45082F63217314C17
SD NEGERI 30 KOTA TERNATE,60200883,SD,Negeri,Kec. Ternate Selatan,276002,Kota Ternate,276000,Prov. Maluku Utara,270000,18,5,265,10,6,0,1,26,24 Apr 2026 08:27:21,6492CB561FA3DD55101F
SD NEGERI 31 KOTA TERNATE,60200881,SD,Negeri,Kec. Ternate Selatan,276002,Kota Ternate,276000,Prov. Maluku Utara,270000,19,2,301,12,12,0,1,16,24 Apr 2026 09:06:42,8C138256DD8D2B78DF20
SD NEGERI 32 KOTA TERNATE,60200850,SD,Negeri,Kec. Ternate Selatan,276002,Kota Ternate,276000,Prov. Maluku Utara,270000,21,3,351,13,6,0,1,58,30 Apr 2026 11:17:27,00FB8AFCC10121FDFB41
SD NEGERI 33 KOTA TERNATE,60200845,SD,Negeri,Kec. Ternate Selatan,276002,Kota Ternate,276000,Prov. Maluku Utara,270000,16,4,304,12,9,0,1,28,12 Apr 2026 01:39:33,C76171CE25BE3F46D183
SD NEGERI 34 KOTA TERNATE,60200809,SD,Negeri,Kec. Ternate Selatan,276002,Kota Ternate,276000,Prov. Maluku Utara,270000,13,5,176,8,6,0,1,15,20 Apr 2026 12:47:04,C592B5A7034933D15D3A
SD NEGERI 35 KOTA TERNATE,60200882,SD,Negeri,Kec. Ternate Selatan,276002,Kota Ternate,276000,Prov. Maluku Utara,270000,11,1,163,6,6,0,1,39,02 May 2026 10:18:01,CA94DA32DEA970458885
SD NEGERI 36 KOTA TERNATE,60200880,SD,Negeri,Kec. Ternate Selatan,276002,Kota Ternate,276000,Prov. Maluku Utara,270000,11,2,147,7,7,0,1,15,17 Mar 2026 19:57:52,752541C12B1F117EE98B
SD NEGERI 37 KOTA TERNATE,60200862,SD,Negeri,Kec. Ternate Selatan,276002,Kota Ternate,276000,Prov. Maluku Utara,270000,13,3,133,6,6,0,1,24,23 Apr 2026 08:07:24,DAFB028F1105550968A1
Sekolah Rakyat Dasar 8 Ternate,70058368,SD,Negeri,Kec. Ternate Selatan,276002,Kota Ternate,276000,Prov. Maluku Utara,270000,4,3,22,6,4,0,1,77,20 Apr 2026 08:05:09,42A8285FE25890A2E1D6
SD AL IRSYAD KOTA TERNATE,60202314,SD,Swasta,Kec. Ternate Selatan,276002,Kota Ternate,276000,Prov. Maluku Utara,270000,10,3,78,6,6,1,1,20,09 Apr 2026 09:18:17,C506DE70240F438C48CB
SD AL KHAIRAAT 02 KOTA TERNATE,60202316,SD,Swasta,Kec. Ternate Selatan,276002,Kota Ternate,276000,Prov. Maluku Utara,270000,9,2,171,6,7,0,1,57,24 Apr 2026 06:50:01,16F0835ACC94637ACDC2
SD ALAM MADANI KOTA TERNATE,70014388,SD,Swasta,Kec. Ternate Selatan,276002,Kota Ternate,276000,Prov. Maluku Utara,270000,3,1,32,6,3,0,0,58,30 Apr 2026 06:02:40,BD7C0EB5ACBC9E2C18B3
SD ALKHAIRAAT 05 KOTA TERNATE,70032369,SD,Swasta,Kec. Ternate Selatan,276002,Kota Ternate,276000,Prov. Maluku Utara,270000,10,3,150,5,5,0,0,9,27 Jan 2026 20:50:35,328ECD66874ED0262CE8
SD ISLAM SAHABAT CENDIKIA KOTA TERNATE,69953080,SD,Swasta,Kec. Ternate Selatan,276002,Kota Ternate,276000,Prov. Maluku Utara,270000,10,1,126,6,3,1,1,28,28 Apr 2026 08:15:38,AA11ABF29A5776F67A9E
SD ISLAMIYAH 2 KOTA TERNATE,60200818,SD,Swasta,Kec. Ternate Selatan,276002,Kota Ternate,276000,Prov. Maluku Utara,270000,12,2,204,6,7,0,1,19,15 Apr 2026 21:07:45,27B8655080559292FACD
SD ISLAMIYAH 5 KOTA TERNATE,60200805,SD,Swasta,Kec. Ternate Selatan,276002,Kota Ternate,276000,Prov. Maluku Utara,270000,10,1,157,6,7,0,1,37,01 May 2026 20:55:09,4488D2DF6895798FB059
SD IT ALBINA KOTA TERNATE,60202315,SD,Swasta,Kec. Ternate Selatan,276002,Kota Ternate,276000,Prov. Maluku Utara,270000,28,2,351,15,18,1,1,21,27 Apr 2026 10:20:01,9B566EDC081E97A775DB
SD IT NURUL HASAN KOTA TERNATE,69769425,SD,Swasta,Kec. Ternate Selatan,276002,Kota Ternate,276000,Prov. Maluku Utara,270000,22,2,450,13,15,0,0,51,02 May 2026 19:37:53,B8373623856EDE7DD5D3
SD IT VELLYA KOTA TERNATE,69925045,SD,Swasta,Kec. Ternate Selatan,276002,Kota Ternate,276000,Prov. Maluku Utara,270000,1,1,0,0,0,0,0,0,,07959A17D73F100FD730
SD LUKMANUL HAKIM KOTA TERNATE,70060708,SD,Swasta,Kec. Ternate Selatan,276002,Kota Ternate,276000,Prov. Maluku Utara,270000,0,0,0,0,0,0,0,0,,4844EACEFE1BBCEB8E01
SD MUHAMMADIYAH KOTA TERNATE,60202351,SD,Swasta,Kec. Ternate Selatan,276002,Kota Ternate,276000,Prov. Maluku Utara,270000,6,2,44,6,6,0,0,27,21 Apr 2026 08:06:27,8E7A32E23299131EE068
SD RUNYS SCHOOL KOTA TERNATE,69926289,SD,Swasta,Kec. Ternate Selatan,276002,Kota Ternate,276000,Prov. Maluku Utara,270000,16,2,224,11,11,0,1,21,07 Mar 2026 04:37:18,BF3BE5B0E9D3BCBC0E8B
Sekolah Rakyat Menengah Pertama 26 Ternate,70055408,SMP,Negeri,Kec. Ternate Selatan,276002,Kota Ternate,276000,Prov. Maluku Utara,270000,8,2,49,2,2,1,0,13,14 Apr 2026 06:42:53,78C68EEBEB470E6311E3
SMP NEGERI 3 KOTA TERNATE,60200771,SMP,Negeri,Kec. Ternate Selatan,276002,Kota Ternate,276000,Prov. Maluku Utara,270000,46,9,525,18,18,2,1,44,30 Apr 2026 21:12:14,1A33A900B538E4E050D2
SMP NEGERI 4 KOTA TERNATE,60200770,SMP,Negeri,Kec. Ternate Selatan,276002,Kota Ternate,276000,Prov. Maluku Utara,270000,62,11,893,29,21,3,1,33,30 Apr 2026 14:28:17,07CAED8EACA76B845979
SMP AL IRSYAD KOTA TERNATE,60200786,SMP,Swasta,Kec. Ternate Selatan,276002,Kota Ternate,276000,Prov. Maluku Utara,270000,10,3,56,3,4,1,1,45,27 Apr 2026 20:38:29,B2B0F4CF083AABE70573
SMP AL-QURAN PUTRA BAHARI KOTA TERNATE,69975061,SMP,Swasta,Kec. Ternate Selatan,276002,Kota Ternate,276000,Prov. Maluku Utara,270000,12,0,168,6,6,1,0,81,29 Apr 2026 15:11:32,D109628A51EB79A98316
SMP IT ALBINA KOTA TERNATE,60200756,SMP,Swasta,Kec. Ternate Selatan,276002,Kota Ternate,276000,Prov. Maluku Utara,270000,13,1,121,6,6,2,1,8,02 Apr 2026 13:57:23,84A33A3B2F25DC134D09
SMP IT NURUL HASAN KOTA TERNATE,60202067,SMP,Swasta,Kec. Ternate Selatan,276002,Kota Ternate,276000,Prov. Maluku Utara,270000,30,2,371,13,13,1,0,38,30 Apr 2026 07:40:10,C1076B91B9728800693D
SMP LUKMANUL HAKIM KOTA TERNATE,70050983,SMP,Swasta,Kec. Ternate Selatan,276002,Kota Ternate,276000,Prov. Maluku Utara,270000,7,1,106,5,3,0,0,10,13 Apr 2026 11:32:00,6F4A2854E21B2CC75EA4
SMP MUHAMMADIYAH 1 KOTA TERNATE,60200788,SMP,Swasta,Kec. Ternate Selatan,276002,Kota Ternate,276000,Prov. Maluku Utara,270000,20,2,317,11,12,2,1,19,15 Apr 2026 21:29:28,57DD2E49DF3357719136
SMP NASIONAL BANAU KOTA TERNATE,60200757,SMP,Swasta,Kec. Ternate Selatan,276002,Kota Ternate,276000,Prov. Maluku Utara,270000,8,3,72,3,5,2,1,21,14 Apr 2026 17:33:57,862DB8D8A3F0BEDDF4BA
SMP ULUL ALBAAB KOTA TERNATE,60200793,SMP,Swasta,Kec. Ternate Selatan,276002,Kota Ternate,276000,Prov. Maluku Utara,270000,12,4,112,5,7,2,1,54,15 Apr 2026 22:14:43,07D14679BD25BBF22344
SMA NEGERI 2 KOTA TERNATE,60200722,SMA,Negeri,Kec. Ternate Selatan,276002,Kota Ternate,276000,Prov. Maluku Utara,270000,66,14,1416,36,36,5,1,18,28 Apr 2026 12:21:39,EF72654D68E20A77EB15
SMA NEGERI 3 KOTA TERNATE,60200721,SMA,Negeri,Kec. Ternate Selatan,276002,Kota Ternate,276000,Prov. Maluku Utara,270000,44,11,853,24,21,4,1,42,23 Apr 2026 09:02:38,57B5EAF5E5BAA4E57ECE
SMA LUKMANUL HAKIM,69981695,SMA,Swasta,Kec. Ternate Selatan,276002,Kota Ternate,276000,Prov. Maluku Utara,270000,3,2,116,5,6,0,1,37,01 May 2026 19:00:11,6CD2EED9D455A2542C33
SMAS AL IRSYAD KOTA TERNATE,60203813,SMA,Swasta,Kec. Ternate Selatan,276002,Kota Ternate,276000,Prov. Maluku Utara,270000,22,2,121,6,6,1,1,112,01 May 2026 04:46:13,8F5255F17EBF75BD1F6F
SMAS IT ALBINA KOTA TERNATE,60203607,SMA,Swasta,Kec. Ternate Selatan,276002,Kota Ternate,276000,Prov. Maluku Utara,270000,10,2,61,3,6,1,1,93,28 Apr 2026 20:41:56,FA94F5C599552327F56F
SMAS IT NURUL HASAN KOTA TERNATE,60202572,SMA,Swasta,Kec. Ternate Selatan,276002,Kota Ternate,276000,Prov. Maluku Utara,270000,9,2,87,4,6,3,1,41,30 Apr 2026 16:09:29,1F5E3821C333FA8CFF13
SMAS MUHAMMADIYAH KOTA TERNATE,60200728,SMA,Swasta,Kec. Ternate Selatan,276002,Kota Ternate,276000,Prov. Maluku Utara,270000,12,5,84,5,7,3,1,14,14 Apr 2026 15:42:07,43CB89761EBA87DB0DCE
SMKS PEMBANGUNAN KOTA TERNATE,60202338,SMK,Swasta,Kec. Ternate Selatan,276002,Kota Ternate,276000,Prov. Maluku Utara,270000,13,1,86,9,10,1,1,7,20 Feb 2026 08:59:46,2B780D384EBD6D141FD0
SMKS PUTRA BAHARI TERNATE,60200775,SMK,Swasta,Kec. Ternate Selatan,276002,Kota Ternate,276000,Prov. Maluku Utara,270000,16,1,329,16,19,4,1,33,12 Apr 2026 04:30:10,3D5724FEAE9E83E07958
SD NEGERI 1 KOTA TERNATE,60200813,SD,Negeri,Kec. Ternate Tengah,276006,Kota Ternate,276000,Prov. Maluku Utara,270000,23,5,417,14,12,0,1,14,20 Apr 2026 14:21:28,288F5C608F9F08B03AD3
SD NEGERI 10 KOTA TERNATE,60200855,SD,Negeri,Kec. Ternate Tengah,276006,Kota Ternate,276000,Prov. Maluku Utara,270000,9,3,148,7,6,0,1,14,29 Apr 2026 08:24:44,95C0D86AEB3B84C6581A
SD NEGERI 11 KOTA TERNATE,60200849,SD,Negeri,Kec. Ternate Tengah,276006,Kota Ternate,276000,Prov. Maluku Utara,270000,14,1,152,8,7,1,1,26,02 May 2026 19:07:57,E9304FB73D37D9D1993B
SD NEGERI 12 KOTA TERNATE,60200848,SD,Negeri,Kec. Ternate Tengah,276006,Kota Ternate,276000,Prov. Maluku Utara,270000,13,5,220,9,6,0,1,18,06 Apr 2026 18:42:57,A0E9D7D1E24EF3E98743
SD NEGERI 13 KOTA TERNATE,60200717,SD,Negeri,Kec. Ternate Tengah,276006,Kota Ternate,276000,Prov. Maluku Utara,270000,12,0,175,6,6,0,1,54,02 May 2026 15:54:05,5087D0205042E185C3BD
SD NEGERI 14 KOTA TERNATE,60200716,SD,Negeri,Kec. Ternate Tengah,276006,Kota Ternate,276000,Prov. Maluku Utara,270000,9,3,89,6,6,0,1,15,17 Apr 2026 12:52:50,4033821CEF86A7CE255D
SD NEGERI 15 KOTA TERNATE,60200879,SD,Negeri,Kec. Ternate Tengah,276006,Kota Ternate,276000,Prov. Maluku Utara,270000,10,2,130,6,6,0,1,20,13 Apr 2026 07:42:41,0F402D1362EC153876AF
SD NEGERI 16 KOTA TERNATE,60200844,SD,Negeri,Kec. Ternate Tengah,276006,Kota Ternate,276000,Prov. Maluku Utara,270000,19,7,252,12,10,0,1,26,12 Apr 2026 11:15:35,A60462640C3A1398D76B
SD NEGERI 17 KOTA TERNATE,60200735,SD,Negeri,Kec. Ternate Tengah,276006,Kota Ternate,276000,Prov. Maluku Utara,270000,10,3,127,6,6,0,1,50,21 Apr 2026 20:20:46,E2B11369473C46E4F9F9
SD NEGERI 18 KOTA TERNATE,60200739,SD,Negeri,Kec. Ternate Tengah,276006,Kota Ternate,276000,Prov. Maluku Utara,270000,7,4,181,6,6,0,1,9,16 Feb 2026 10:09:37,FAD4C290244993A8548C
SD NEGERI 19 KOTA TERNATE,60200815,SD,Negeri,Kec. Ternate Tengah,276006,Kota Ternate,276000,Prov. Maluku Utara,270000,9,3,86,6,6,0,1,17,07 Apr 2026 12:42:40,2715B718304311991F53
SD NEGERI 2 KOTA TERNATE,60200872,SD,Negeri,Kec. Ternate Tengah,276006,Kota Ternate,276000,Prov. Maluku Utara,270000,21,4,452,14,12,0,1,42,20 Apr 2026 08:49:01,8C13D90068B35CE8150B
SD NEGERI 3 KOTA TERNATE,60200736,SD,Negeri,Kec. Ternate Tengah,276006,Kota Ternate,276000,Prov. Maluku Utara,270000,20,3,296,12,7,0,1,36,23 Apr 2026 09:17:47,98DFA31F509A3BC7F770
SD NEGERI 4 KOTA TERNATE,60200738,SD,Negeri,Kec. Ternate Tengah,276006,Kota Ternate,276000,Prov. Maluku Utara,270000,13,3,210,7,7,0,1,10,15 Apr 2026 22:55:55,E739C2327CA45ACEE9A2
SD NEGERI 5 KOTA TERNATE,60200810,SD,Negeri,Kec. Ternate Tengah,276006,Kota Ternate,276000,Prov. Maluku Utara,270000,19,3,267,12,7,0,1,18,17 Apr 2026 06:49:20,51EEF3D8248CD6B6C7FA
SD NEGERI 6 KOTA TERNATE,60200734,SD,Negeri,Kec. Ternate Tengah,276006,Kota Ternate,276000,Prov. Maluku Utara,270000,20,3,406,15,12,0,1,36,02 May 2026 15:46:06,15FF0D40A9017BC85B86
SD NEGERI 7 KOTA TERNATE,60200858,SD,Negeri,Kec. Ternate Tengah,276006,Kota Ternate,276000,Prov. Maluku Utara,270000,13,1,275,10,9,0,1,15,16 Apr 2026 16:51:14,75C4F286906977F348BE
SD NEGERI 8 KOTA TERNATE,60200857,SD,Negeri,Kec. Ternate Tengah,276006,Kota Ternate,276000,Prov. Maluku Utara,270000,19,2,278,11,6,0,1,20,27 Apr 2026 20:33:01,EA1C1E1B797397DA2F8F
SD NEGERI 84 KOTA TERNATE,60200733,SD,Negeri,Kec. Ternate Tengah,276006,Kota Ternate,276000,Prov. Maluku Utara,270000,12,1,208,7,8,0,0,7,06 Mar 2026 10:47:46,6341B90E116A0A095EC8
SD NEGERI 85 KOTA TERNATE,60200732,SD,Negeri,Kec. Ternate Tengah,276006,Kota Ternate,276000,Prov. Maluku Utara,270000,10,1,136,7,6,0,1,1,24 Apr 2026 07:45:33,B323D1D20A3283D0BAFA
SD NEGERI 9 KOTA TERNATE,60200856,SD,Negeri,Kec. Ternate Tengah,276006,Kota Ternate,276000,Prov. Maluku Utara,270000,10,2,244,10,9,0,1,24,16 Apr 2026 04:56:07,B6395B293D5561894506
SD AL KHAIRAAT 01 KOTA TERNATE,60200835,SD,Swasta,Kec. Ternate Tengah,276006,Kota Ternate,276000,Prov. Maluku Utara,270000,14,2,242,6,6,0,0,17,23 Apr 2026 12:57:38,B956B1DEE98620DC90DA
SD AL KHAIRAAT 03 KOTA TERNATE,60203528,SD,Swasta,Kec. Ternate Tengah,276006,Kota Ternate,276000,Prov. Maluku Utara,270000,10,5,160,6,6,0,0,18,22 Apr 2026 13:19:35,B2C9BDB178810F1C31FE
SD AL KHAIRAAT 04 KOTA TERNATE,60203530,SD,Swasta,Kec. Ternate Tengah,276006,Kota Ternate,276000,Prov. Maluku Utara,270000,10,3,215,6,6,0,0,25,29 Apr 2026 12:53:06,F13BE202720A27A2E55E
SD ISLAMIYAH 1 KOTA TERNATE,60202339,SD,Swasta,Kec. Ternate Tengah,276006,Kota Ternate,276000,Prov. Maluku Utara,270000,14,2,263,11,5,0,0,22,26 Apr 2026 20:40:54,C1BE151AFBB371C9DF21
SD ISLAMIYAH 4 KOTA TERNATE,60200806,SD,Swasta,Kec. Ternate Tengah,276006,Kota Ternate,276000,Prov. Maluku Utara,270000,10,1,186,6,5,1,1,12,13 Apr 2026 09:08:56,4B7D8C27E60131DF3714
SD ISLAMIYAH 7 KOTA TERNATE,60200803,SD,Swasta,Kec. Ternate Tengah,276006,Kota Ternate,276000,Prov. Maluku Utara,270000,8,1,120,6,6,0,0,10,02 May 2026 19:30:08,914A769161CA6AAA4F3F
SD KATOLIK SANTA THERESIA KOTA TERNATE,60202354,SD,Swasta,Kec. Ternate Tengah,276006,Kota Ternate,276000,Prov. Maluku Utara,270000,10,2,152,7,6,0,1,13,14 Apr 2026 18:56:38,0F193F54DF5CA93F7341
SD KRISTEN KOTA TERNATE,69953354,SD,Swasta,Kec. Ternate Tengah,276006,Kota Ternate,276000,Prov. Maluku Utara,270000,5,1,62,6,6,0,0,26,02 Mar 2026 09:53:31,D31956671F8888267378
SMP NEGERI 1 KOTA TERNATE,60200755,SMP,Negeri,Kec. Ternate Tengah,276006,Kota Ternate,276000,Prov. Maluku Utara,270000,61,9,1302,33,27,3,1,77,24 Apr 2026 07:35:33,58DC1096848BDD86AD6A
SMP NEGERI 6 KOTA TERNATE,60200767,SMP,Negeri,Kec. Ternate Tengah,276006,Kota Ternate,276000,Prov. Maluku Utara,270000,42,11,561,18,20,4,1,36,30 Apr 2026 14:57:03,86003F502FD1542F9CA0
SMP NEGERI 7 KOTA TERNATE,60200766,SMP,Negeri,Kec. Ternate Tengah,276006,Kota Ternate,276000,Prov. Maluku Utara,270000,65,7,1167,32,23,2,1,41,20 Apr 2026 05:30:22,72AD2B7412BC7C310C78
SMP ALKHAIRAAT KOTA TERNATE,60200795,SMP,Swasta,Kec. Ternate Tengah,276006,Kota Ternate,276000,Prov. Maluku Utara,270000,22,2,396,12,12,2,1,42,18 Apr 2026 11:53:13,979A34466181ED5E8634
SMP BINA INFORMATIKA KOTA TERNATE,69974110,SMP,Swasta,Kec. Ternate Tengah,276006,Kota Ternate,276000,Prov. Maluku Utara,270000,2,1,26,3,4,1,1,20,12 Apr 2026 10:10:44,98F24A74C3EB9C60AA86
SMP ISLAM 1 KOTA TERNATE,60200791,SMP,Swasta,Kec. Ternate Tengah,276006,Kota Ternate,276000,Prov. Maluku Utara,270000,33,4,555,18,21,2,1,47,25 Apr 2026 20:50:38,D37F61B164032059116F
SMP IT ALKHAIRAAT KOTA TERNATE,70006395,SMP,Swasta,Kec. Ternate Tengah,276006,Kota Ternate,276000,Prov. Maluku Utara,270000,7,2,64,3,6,2,1,24,20 Apr 2026 09:16:46,950FFF33B2110EFE3C0A
SMP KHATOLIK BINTANG LAUT KOTA TERNATE,60202630,SMP,Swasta,Kec. Ternate Tengah,276006,Kota Ternate,276000,Prov. Maluku Utara,270000,9,2,143,6,4,3,1,32,23 Apr 2026 07:56:10,E5F7908500EB0FDCA055
SMA NEGERI 1 KOTA TERNATE,60200723,SMA,Negeri,Kec. Ternate Tengah,276006,Kota Ternate,276000,Prov. Maluku Utara,270000,67,16,1293,36,36,7,1,91,02 May 2026 10:09:05,F4D7ED4C39D344E3CBB1
SMA NEGERI 10 KOTA TERNATE,60200727,SMA,Negeri,Kec. Ternate Tengah,276006,Kota Ternate,276000,Prov. Maluku Utara,270000,49,6,887,24,18,4,1,42,29 Apr 2026 09:46:11,5D217F2960375B90DB8E
SMAS ISLAM KOTA TERNATE,60200709,SMA,Swasta,Kec. Ternate Tengah,276006,Kota Ternate,276000,Prov. Maluku Utara,270000,14,4,233,7,11,4,0,55,22 Apr 2026 10:56:01,83169F1E6AB1138FF712
SMAS KATOLIK BINTANG LAUT KOTA TERNATE,69759245,SMA,Swasta,Kec. Ternate Tengah,276006,Kota Ternate,276000,Prov. Maluku Utara,270000,6,1,59,3,8,2,1,11,10 Apr 2026 06:08:11,3BFC71C498D388C3AB9E
SMK NEGERI 1 KOTA TERNATE,60200780,SMK,Negeri,Kec. Ternate Tengah,276006,Kota Ternate,276000,Prov. Maluku Utara,270000,53,10,926,29,28,1,1,68,11 Mar 2026 10:04:13,8ACE5523D5BBC2675418
SMK NEGERI 5 KOTA TERNATE,60200784,SMK,Negeri,Kec. Ternate Tengah,276006,Kota Ternate,276000,Prov. Maluku Utara,270000,25,7,346,12,11,3,1,46,23 Apr 2026 19:17:10,09B1D273B51FF7044123
SMKS BINA INFORMATIKA,60203653,SMK,Swasta,Kec. Ternate Tengah,276006,Kota Ternate,276000,Prov. Maluku Utara,270000,9,5,163,9,12,2,2,57,01 May 2026 14:37:17,039ACB000877893C82EF
SMKS NUKILA KOTA TERNATE,69786504,SMK,Swasta,Kec. Ternate Tengah,276006,Kota Ternate,276000,Prov. Maluku Utara,270000,11,3,34,3,3,1,1,13,25 Apr 2026 11:32:57,D3ED038164B4F922EAD4
SD NEGERI 38 KOTA TERNATE,60200741,SD,Negeri,Kec. Ternate Utara,276003,Kota Ternate,276000,Prov. Maluku Utara,270000,19,7,430,13,12,1,1,27,21 Apr 2026 08:15:29,031607AC54F4328C3033
SD NEGERI 39 KOTA TERNATE,60200742,SD,Negeri,Kec. Ternate Utara,276003,Kota Ternate,276000,Prov. Maluku Utara,270000,9,1,35,6,6,0,0,7,23 Apr 2026 09:51:14,AEBFAAAAACD204E3C1B1
SD NEGERI 40 KOTA TERNATE,60200750,SD,Negeri,Kec. Ternate Utara,276003,Kota Ternate,276000,Prov. Maluku Utara,270000,14,2,233,7,6,0,0,131,30 Apr 2026 06:22:28,63088006AE5B3D4DCE53
SD NEGERI 41 KOTA TERNATE,60200851,SD,Negeri,Kec. Ternate Utara,276003,Kota Ternate,276000,Prov. Maluku Utara,270000,9,5,103,6,6,0,1,179,25 Apr 2026 09:29:02,5DA0B218AAD622651384
SD NEGERI 42 KOTA TERNATE,60200852,SD,Negeri,Kec. Ternate Utara,276003,Kota Ternate,276000,Prov. Maluku Utara,270000,8,3,106,6,6,0,1,23,24 Apr 2026 08:32:24,D128263F690224DB6D0D
SD NEGERI 43 KOTA TERNATE,60200861,SD,Negeri,Kec. Ternate Utara,276003,Kota Ternate,276000,Prov. Maluku Utara,270000,10,2,159,6,6,0,1,10,13 Apr 2026 05:45:08,805C41C99F67BF7225AB
SD NEGERI 44 KOTA TERNATE,60200869,SD,Negeri,Kec. Ternate Utara,276003,Kota Ternate,276000,Prov. Maluku Utara,270000,21,2,456,14,13,0,1,74,01 May 2026 20:40:24,36A5F0BEB963D69CD182
SD NEGERI 45 KOTA TERNATE,60200868,SD,Negeri,Kec. Ternate Utara,276003,Kota Ternate,276000,Prov. Maluku Utara,270000,13,4,241,9,8,0,1,27,25 Apr 2026 08:46:56,5BB860FBF23BFDADB6AB
SD NEGERI 46 KOTA TERNATE,60200867,SD,Negeri,Kec. Ternate Utara,276003,Kota Ternate,276000,Prov. Maluku Utara,270000,17,3,290,12,9,0,1,31,22 Apr 2026 09:13:28,CA3266896A8018CC8AD0
SD NEGERI 47 KOTA TERNATE,60200866,SD,Negeri,Kec. Ternate Utara,276003,Kota Ternate,276000,Prov. Maluku Utara,270000,14,6,190,9,8,0,1,51,02 May 2026 16:53:10,BAD2950330DC5139147B
SD NEGERI 48 KOTA TERNATE,60200814,SD,Negeri,Kec. Ternate Utara,276003,Kota Ternate,276000,Prov. Maluku Utara,270000,17,3,240,11,6,0,1,31,16 Apr 2026 10:37:31,244B1152BD1DBCC6CE86
SD NEGERI 49 KOTA TERNATE,60200744,SD,Negeri,Kec. Ternate Utara,276003,Kota Ternate,276000,Prov. Maluku Utara,270000,15,4,191,10,9,1,1,14,09 Apr 2026 08:38:38,1D66FDA86363677639C5
SD NEGERI 50 KOTA TERNATE,60200743,SD,Negeri,Kec. Ternate Utara,276003,Kota Ternate,276000,Prov. Maluku Utara,270000,18,4,222,12,12,0,1,45,11 Apr 2026 10:18:08,84763BD931EBB41CD3B0
SD NEGERI 51 KOTA TERNATE,60202353,SD,Negeri,Kec. Ternate Utara,276003,Kota Ternate,276000,Prov. Maluku Utara,270000,8,5,93,6,6,0,1,22,17 Apr 2026 07:56:37,17654C21BF10229E61FB
SD NEGERI 52 KOTA TERNATE,60200797,SD,Negeri,Kec. Ternate Utara,276003,Kota Ternate,276000,Prov. Maluku Utara,270000,10,4,135,6,6,0,1,26,22 Apr 2026 08:49:28,B5BED638811A7ADE7C8F
SD NEGERI 53 KOTA TERNATE,60200833,SD,Negeri,Kec. Ternate Utara,276003,Kota Ternate,276000,Prov. Maluku Utara,270000,7,3,107,6,6,0,1,71,18 Apr 2026 08:17:12,07FB71BF30C157ABF0AE
SD NEGERI 54 KOTA TERNATE,60200832,SD,Negeri,Kec. Ternate Utara,276003,Kota Ternate,276000,Prov. Maluku Utara,270000,8,3,142,6,6,0,1,16,25 Apr 2026 13:48:46,94D457815D9D7711D99A
SD NEGERI 55 KOTA TERNATE,60200747,SD,Negeri,Kec. Ternate Utara,276003,Kota Ternate,276000,Prov. Maluku Utara,270000,11,3,140,6,6,0,1,12,29 Apr 2026 14:57:58,152F573E5BFB3ECD9C28
SD NEGERI 56 KOTA TERNATE,60200819,SD,Negeri,Kec. Ternate Utara,276003,Kota Ternate,276000,Prov. Maluku Utara,270000,19,4,297,11,7,1,1,29,24 Apr 2026 08:39:37,830D7385C04BA1CBE501
SD NEGERI 57 KOTA TERNATE,60200834,SD,Negeri,Kec. Ternate Utara,276003,Kota Ternate,276000,Prov. Maluku Utara,270000,10,4,142,6,6,0,1,17,16 Apr 2026 06:27:54,5ABD0C031C4CC5248596
SD ISLAMIYAH 3 KOTA TERNATE,60202350,SD,Swasta,Kec. Ternate Utara,276003,Kota Ternate,276000,Prov. Maluku Utara,270000,9,1,118,6,6,0,1,31,27 Apr 2026 13:58:20,C49509CAB75A9778FF2A
SD ISLAMIYAH 6 KOTA TERNATE,60200804,SD,Swasta,Kec. Ternate Utara,276003,Kota Ternate,276000,Prov. Maluku Utara,270000,9,3,82,6,6,0,1,23,30 Apr 2026 12:38:30,AFD40C3A30D9DA64AD33
SD IT AS SAADAH KOTA TERNATE,70033506,SD,Swasta,Kec. Ternate Utara,276003,Kota Ternate,276000,Prov. Maluku Utara,270000,7,1,55,5,5,0,0,21,30 Apr 2026 04:34:25,7CF21C3B1DAF206B4903
SD IT INSANTAMA KOTA TERNATE,69976649,SD,Swasta,Kec. Ternate Utara,276003,Kota Ternate,276000,Prov. Maluku Utara,270000,6,2,77,6,6,0,0,4,01 Feb 2026 21:52:32,89E2FD24402171BE7833
SD IT WAHDAH ISLAMIYAH KOTA TERNATE,70002769,SD,Swasta,Kec. Ternate Utara,276003,Kota Ternate,276000,Prov. Maluku Utara,270000,16,3,240,12,10,0,0,19,14 Apr 2026 01:36:14,35F11D682588046C0093
SD NUKILA KOTA TERNATE,69901939,SD,Swasta,Kec. Ternate Utara,276003,Kota Ternate,276000,Prov. Maluku Utara,270000,8,2,57,6,6,0,0,18,10 Mar 2026 20:10:31,06BB81838DB2D89F0B57
SMP NEGERI 2 KOTA TERNATE,60200763,SMP,Negeri,Kec. Ternate Utara,276003,Kota Ternate,276000,Prov. Maluku Utara,270000,67,10,1069,33,33,3,1,21,16 Apr 2026 12:14:20,AA8B004FC71B047AD29B
SMP NEGERI 5 KOTA TERNATE,60200769,SMP,Negeri,Kec. Ternate Utara,276003,Kota Ternate,276000,Prov. Maluku Utara,270000,39,10,371,14,16,5,1,21,30 Apr 2026 12:30:00,F5991A88DE896E5C4482
SMP IT INSANTAMA KOTA TERNATE,70045653,SMP,Swasta,Kec. Ternate Utara,276003,Kota Ternate,276000,Prov. Maluku Utara,270000,3,1,20,3,3,0,0,8,06 Apr 2026 17:36:00,D1BB359AB035B4073A8B
SMA NEGERI 4 KOTA TERNATE,60200720,SMA,Negeri,Kec. Ternate Utara,276003,Kota Ternate,276000,Prov. Maluku Utara,270000,56,15,1095,32,31,6,1,102,01 May 2026 13:36:57,C5B5C413E448C45AF9F1
SMA NEGERI 5 KOTA TERNATE,60200796,SMA,Negeri,Kec. Ternate Utara,276003,Kota Ternate,276000,Prov. Maluku Utara,270000,53,11,841,26,28,3,1,138,30 Apr 2026 07:53:12,FC7C80F2EBEEA3918C84
SMA NEGERI 8 KOTA TERNATE,60202317,SMA,Negeri,Kec. Ternate Utara,276003,Kota Ternate,276000,Prov. Maluku Utara,270000,39,11,811,21,23,6,1,47,30 Apr 2026 06:11:55,00B19836D76919B37E61
SMAS AL KHAIRAAT KOTA TERNATE,60200711,SMA,Swasta,Kec. Ternate Utara,276003,Kota Ternate,276000,Prov. Maluku Utara,270000,11,2,54,3,11,3,1,13,22 Apr 2026 08:36:30,7988E3EE420A519D6A3E
SMK NEGERI 2 KOTA TERNATE,60200779,SMK,Negeri,Kec. Ternate Utara,276003,Kota Ternate,276000,Prov. Maluku Utara,270000,86,17,963,43,30,2,2,59,30 Apr 2026 10:58:19,85039348084D9C10BDEC
SMK NEGERI 3 KOTA TERNATE,60200778,SMK,Negeri,Kec. Ternate Utara,276003,Kota Ternate,276000,Prov. Maluku Utara,270000,26,4,64,16,6,2,1,33,01 May 2026 08:44:19,81ABA0BDC0DA50D2359D
SD NEGERI 71 KOTA TERNATE,60200737,SD,Negeri,KEC. MOTI,276004,Kota Ternate,276000,Prov. Maluku Utara,270000,11,4,95,6,6,1,1,20,17 Apr 2026 06:02:59,8A3FE280223434F83532
SD NEGERI 72 KOTA TERNATE,60200745,SD,Negeri,KEC. MOTI,276004,Kota Ternate,276000,Prov. Maluku Utara,270000,12,3,96,6,6,0,1,13,29 Apr 2026 11:21:17,C6E72A8AFDC76D3ECF4D
SD NEGERI 73 KOTA TERNATE,60200731,SD,Negeri,KEC. MOTI,276004,Kota Ternate,276000,Prov. Maluku Utara,270000,11,3,65,6,6,1,1,19,21 Apr 2026 15:34:45,07FBA25BA7731D14C889
SD NEGERI 74 KOTA TERNATE,60200746,SD,Negeri,KEC. MOTI,276004,Kota Ternate,276000,Prov. Maluku Utara,270000,10,4,61,6,6,0,1,28,29 Apr 2026 10:13:25,AD6C8D2ED1CD716C04D7
SD NEGERI 75 KOTA TERNATE,60200749,SD,Negeri,KEC. MOTI,276004,Kota Ternate,276000,Prov. Maluku Utara,270000,12,2,27,6,6,0,1,32,12 Apr 2026 09:58:51,2EB31DCDF73C5BC1CC3A
SMP NEGERI 12 KOTA TERNATE,60200754,SMP,Negeri,KEC. MOTI,276004,Kota Ternate,276000,Prov. Maluku Utara,270000,18,5,51,3,3,2,1,15,27 Apr 2026 22:48:33,7FB28B50CD52F102575E
SMP NEGERI 15 KOTA TERNATE,60202504,SMP,Negeri,KEC. MOTI,276004,Kota Ternate,276000,Prov. Maluku Utara,270000,12,2,47,3,3,1,1,35,28 Apr 2026 08:57:55,E97B78F157EDD22B34BA
SMP NEGERI 9 KOTA TERNATE,60200765,SMP,Negeri,KEC. MOTI,276004,Kota Ternate,276000,Prov. Maluku Utara,270000,15,3,96,4,6,1,1,48,19 Apr 2026 23:22:56,067716DE8940B809319B
SMA NEGERI 7 KOTA TERNATE,60200782,SMA,Negeri,KEC. MOTI,276004,Kota Ternate,276000,Prov. Maluku Utara,270000,18,8,120,6,10,4,1,51,28 Apr 2026 08:53:58,3DAF24F8FEF90B3BD8A3
SMA NEGERI 9 KOTA TERNATE,60202502,SMA,Negeri,KEC. MOTI,276004,Kota Ternate,276000,Prov. Maluku Utara,270000,15,2,65,4,4,2,1,66,04 Mar 2026 21:26:55,C5579306DAC8233CFB1C
SD NEGERI 60 KOTA TERNATE,60200748,SD,Negeri,Kec. Ternate Barat,276008,Kota Ternate,276000,Prov. Maluku Utara,270000,12,4,170,8,7,1,1,70,28 Apr 2026 06:08:20,1FCA74E59B2A2CC50F2C
SD NEGERI 62 KOTA TERNATE,60200730,SD,Negeri,Kec. Ternate Barat,276008,Kota Ternate,276000,Prov. Maluku Utara,270000,8,6,89,6,6,0,1,23,20 Apr 2026 13:16:25,09D9F80F00FDEBC1600A
SD NEGERI 63 KOTA TERNATE,60200715,SD,Negeri,Kec. Ternate Barat,276008,Kota Ternate,276000,Prov. Maluku Utara,270000,13,5,155,8,7,1,1,59,19 Apr 2026 16:59:33,9D363BA650347F936A7A
SD NEGERI 64 KOTA TERNATE,60200751,SD,Negeri,Kec. Ternate Barat,276008,Kota Ternate,276000,Prov. Maluku Utara,270000,10,3,54,6,6,0,1,70,19 Apr 2026 19:12:11,9E29C8DBAB55007959BE
SD NEGERI 68 KOTA TERNATE,60200798,SD,Negeri,Kec. Ternate Barat,276008,Kota Ternate,276000,Prov. Maluku Utara,270000,9,5,70,6,6,1,1,36,27 Apr 2026 15:55:07,6E6E6E171C2794315672
SD NEGERI 69 KOTA TERNATE,60200854,SD,Negeri,Kec. Ternate Barat,276008,Kota Ternate,276000,Prov. Maluku Utara,270000,10,5,139,6,6,0,1,18,04 Mar 2026 07:30:06,50273515D342543009C3
SD NEGERI 70 KOTA TERNATE,60202337,SD,Negeri,Kec. Ternate Barat,276008,Kota Ternate,276000,Prov. Maluku Utara,270000,9,3,80,6,6,0,1,59,15 Apr 2026 13:25:03,7BFF0FB80DE006FEAE87
SMP NEGERI 13 KOTA TERNATE,60200753,SMP,Negeri,Kec. Ternate Barat,276008,Kota Ternate,276000,Prov. Maluku Utara,270000,20,3,105,5,6,2,1,71,14 Apr 2026 16:39:22,8243CCB0E9CAB2862C2C
SMP MUHAMMADIYAH 2 KOTA TERNATE,60200787,SMP,Swasta,Kec. Ternate Barat,276008,Kota Ternate,276000,Prov. Maluku Utara,270000,9,1,49,3,6,1,1,154,28 Apr 2026 20:36:54,5FA8BB8702C9A9F7D589
SMA NEGERI 6 KOTA TERNATE,60200783,SMA,Negeri,Kec. Ternate Barat,276008,Kota Ternate,276000,Prov. Maluku Utara,270000,25,7,94,4,10,3,1,45,29 Apr 2026 11:51:17,557AF5DBEC05C3BF5877
SD NEGERI 76 KOTA TERNATE,60200853,SD,Negeri,KEC. PULAU BATANG DUA,276005,Kota Ternate,276000,Prov. Maluku Utara,270000,8,1,37,6,6,0,1,15,01 May 2026 20:39:48,668EBF3A87846691364F
SD NEGERI 77 KOTA TERNATE,60200811,SD,Negeri,KEC. PULAU BATANG DUA,276005,Kota Ternate,276000,Prov. Maluku Utara,270000,8,4,48,6,6,0,1,8,14 Apr 2026 13:42:40,B7BEEED6A9607887D9CE
SD NEGERI 78 KOTA TERNATE,60200863,SD,Negeri,KEC. PULAU BATANG DUA,276005,Kota Ternate,276000,Prov. Maluku Utara,270000,9,5,55,6,6,1,1,23,02 May 2026 15:36:17,F240A50F2B7EE18B794C
SD NEGERI 79 KOTA TERNATE,60200820,SD,Negeri,KEC. PULAU BATANG DUA,276005,Kota Ternate,276000,Prov. Maluku Utara,270000,6,2,52,6,6,0,1,4,14 Apr 2026 08:07:34,03EA53ED6CB56C2347FB
SD GPM MAYAU KOTA TERNATE,60200873,SD,Swasta,KEC. PULAU BATANG DUA,276005,Kota Ternate,276000,Prov. Maluku Utara,270000,6,3,49,6,6,0,1,29,01 May 2026 21:54:23,A3219FC3EC0D9EE67050
SD GPM TIFURE KOTA TERNATE,60200874,SD,Swasta,KEC. PULAU BATANG DUA,276005,Kota Ternate,276000,Prov. Maluku Utara,270000,7,1,28,6,6,0,1,1,15 Apr 2026 19:02:23,E10D9DF1A93421123797
SMP NEGERI 14 KOTA TERNATE,60202479,SMP,Negeri,KEC. PULAU BATANG DUA,276005,Kota Ternate,276000,Prov. Maluku Utara,270000,10,7,43,3,3,2,1,31,01 May 2026 17:31:38,0C7CEDD8FB47A627BD28
SMP NEGERI 8 KOTA TERNATE,60200768,SMP,Negeri,KEC. PULAU BATANG DUA,276005,Kota Ternate,276000,Prov. Maluku Utara,270000,11,6,99,3,6,2,1,28,28 Apr 2026 09:29:50,1B848990350D6FC91D1D
SMA NEGERI 11 KOTA TERNATE,60202499,SMA,Negeri,KEC. PULAU BATANG DUA,276005,Kota Ternate,276000,Prov. Maluku Utara,270000,17,5,98,4,6,4,1,21,20 Mar 2026 12:03:42,E7F384EE5D1FB37C3F01
SD NEGERI 58 KOTA TERNATE,60200860,SD,Negeri,Kec. Pulau Ternate,276001,Kota Ternate,276000,Prov. Maluku Utara,270000,11,6,125,6,6,0,1,22,26 Apr 2026 22:29:25,66A6C5400F3D9F3D24FF
SD NEGERI 59 KOTA TERNATE,60200865,SD,Negeri,Kec. Pulau Ternate,276001,Kota Ternate,276000,Prov. Maluku Utara,270000,12,2,110,6,6,0,1,20,16 Apr 2026 09:46:30,BEC7258EFF05D24EA7D2
SD NEGERI 61 KOTA TERNATE,60202336,SD,Negeri,Kec. Pulau Ternate,276001,Kota Ternate,276000,Prov. Maluku Utara,270000,10,5,90,6,6,0,0,14,21 Apr 2026 07:20:33,C5D1335A927FCCA5B848
SD NEGERI 65 KOTA TERNATE,60200843,SD,Negeri,Kec. Pulau Ternate,276001,Kota Ternate,276000,Prov. Maluku Utara,270000,16,6,215,12,10,0,1,26,20 Apr 2026 08:18:47,A0C83715E40BC51A2203
SD NEGERI 66 KOTA TERNATE,60200740,SD,Negeri,Kec. Pulau Ternate,276001,Kota Ternate,276000,Prov. Maluku Utara,270000,8,5,86,6,6,1,1,13,27 Apr 2026 20:37:58,A942EF670EBF3D1516F5
SD NEGERI 67 KOTA TERNATE,60200871,SD,Negeri,Kec. Pulau Ternate,276001,Kota Ternate,276000,Prov. Maluku Utara,270000,8,4,76,6,6,0,1,20,28 Apr 2026 06:35:52,3D830D9DBF63DAA4EE1B
SMP NEGERI 11 KOTA TERNATE,60200761,SMP,Negeri,Kec. Pulau Ternate,276001,Kota Ternate,276000,Prov. Maluku Utara,270000,15,7,75,3,3,2,1,67,30 Apr 2026 18:53:57,8A69B11D50BBD18451B0
SMP ISLAM 2 KOTA TERNATE,60200792,SMP,Swasta,Kec. Pulau Ternate,276001,Kota Ternate,276000,Prov. Maluku Utara,270000,13,4,127,5,6,2,1,42,28 Apr 2026 07:40:34,0EFC73BDC66E6C285C12
SMK NEGERI 4 KOTA TERNATE,60200776,SMK,Negeri,Kec. Pulau Ternate,276001,Kota Ternate,276000,Prov. Maluku Utara,270000,31,5,99,15,17,1,1,27,29 Apr 2026 09:20:17,07A550AD0272175EFFFF
SD NEGERI 80 KOTA TERNATE,60200714,SD,Negeri,Kec. Pulau Hiri,276007,Kota Ternate,276000,Prov. Maluku Utara,270000,8,3,68,6,6,0,1,40,22 Apr 2026 07:55:09,9A7A10F3C18CEC1B29F5
SD NEGERI 81 KOTA TERNATE,60200870,SD,Negeri,Kec. Pulau Hiri,276007,Kota Ternate,276000,Prov. Maluku Utara,270000,9,3,98,6,6,0,1,33,01 May 2026 09:17:38,E0D55278DA0071381753
SD NEGERI 82 KOTA TERNATE,60202335,SD,Negeri,Kec. Pulau Hiri,276007,Kota Ternate,276000,Prov. Maluku Utara,270000,10,3,59,6,6,1,1,25,18 Apr 2026 11:01:40,9A5EFF0924329B1C9F69
SD NEGERI 83 KOTA TERNATE,60200713,SD,Negeri,Kec. Pulau Hiri,276007,Kota Ternate,276000,Prov. Maluku Utara,270000,10,2,49,6,6,0,1,11,04 Mar 2026 19:23:23,A2DC9A363F3B6EF0E038
SMP NEGERI 10 KOTA TERNATE,60200762,SMP,Negeri,Kec. Pulau Hiri,276007,Kota Ternate,276000,Prov. Maluku Utara,270000,15,5,125,6,6,2,1,18,21 Apr 2026 20:33:10,1350A4CDB453BA36E85E
SMAS MAFAKATI KOTA TERNATE,69786503,SMA,Swasta,Kec. Pulau Hiri,276007,Kota Ternate,276000,Prov. Maluku Utara,270000,10,1,87,3,4,2,1,20,28 Apr 2026 09:53:32,15161F51E39C43190344
SD  NEGERI 14 PULAU MOROTAI,70054255,SD,Negeri,Kec. Morotai Selatan,270802,Kab. Pulau Morotai,270800,Prov. Maluku Utara,270000,9,1,35,6,6,0,0,27,18 Apr 2026 22:34:15,2BA8A4FA5EC1D8F6F7BB
SD NEGERI 1 PULAU MOROTAI,60200259,SD,Negeri,Kec. Morotai Selatan,270802,Kab. Pulau Morotai,270800,Prov. Maluku Utara,270000,37,11,628,24,29,1,1,29,02 May 2026 08:37:20,A7788C1C71EFB47F90FB
SD NEGERI 10 PULAU MOROTAI,60201774,SD,Negeri,Kec. Morotai Selatan,270802,Kab. Pulau Morotai,270800,Prov. Maluku Utara,270000,16,2,126,7,13,2,0,37,13 Apr 2026 18:37:45,F705F2587361751FF338
SD NEGERI 11 PULAU MOROTAI,69922241,SD,Negeri,Kec. Morotai Selatan,270802,Kab. Pulau Morotai,270800,Prov. Maluku Utara,270000,10,1,21,6,4,0,0,28,18 Apr 2026 20:11:54,53258512E33945D0E666
SD NEGERI 12 PULAU MOROTAI,60201877,SD,Negeri,Kec. Morotai Selatan,270802,Kab. Pulau Morotai,270800,Prov. Maluku Utara,270000,10,0,82,6,6,0,1,21,07 Apr 2026 22:12:11,3423B9957D87A9B1C66C
SD NEGERI 13 PULAU MOROTAI,70054256,SD,Negeri,Kec. Morotai Selatan,270802,Kab. Pulau Morotai,270800,Prov. Maluku Utara,270000,9,0,52,6,6,0,0,34,27 Apr 2026 07:50:54,8550CFAB30A819431E00
SD NEGERI 15 PULAU MOROTAI,70054283,SD,Negeri,Kec. Morotai Selatan,270802,Kab. Pulau Morotai,270800,Prov. Maluku Utara,270000,9,0,107,6,6,0,0,25,04 Mar 2026 08:20:51,48913DEDDE8E63521F69
SD NEGERI 16 PULAU MOROTAI,60201781,SD,Negeri,Kec. Morotai Selatan,270802,Kab. Pulau Morotai,270800,Prov. Maluku Utara,270000,8,0,67,6,6,0,1,8,21 Apr 2026 07:05:56,E45245A4636288D1C908
SD NEGERI 17 PULAU MOROTAI,60201844,SD,Negeri,Kec. Morotai Selatan,270802,Kab. Pulau Morotai,270800,Prov. Maluku Utara,270000,10,1,64,6,6,1,1,11,23 Feb 2026 20:14:12,CDB3169A0925FF5F72F9
SD NEGERI 2 PULAU MOROTAI,60201793,SD,Negeri,Kec. Morotai Selatan,270802,Kab. Pulau Morotai,270800,Prov. Maluku Utara,270000,10,1,132,6,6,1,1,18,21 Apr 2026 09:06:19,CCF7304A9079B6B84732
SD NEGERI 3 PULAU MOROTAI,60201861,SD,Negeri,Kec. Morotai Selatan,270802,Kab. Pulau Morotai,270800,Prov. Maluku Utara,270000,18,0,209,12,24,1,1,67,30 Apr 2026 06:29:43,C4C329E2CE1E0161A8B3
SD NEGERI 4 PULAU MOROTAI,60201858,SD,Negeri,Kec. Morotai Selatan,270802,Kab. Pulau Morotai,270800,Prov. Maluku Utara,270000,17,3,226,11,12,1,2,33,14 Apr 2026 19:39:52,16957C428279A5E7CF5C
SD NEGERI 5 PULAU MOROTAI,60201791,SD,Negeri,Kec. Morotai Selatan,270802,Kab. Pulau Morotai,270800,Prov. Maluku Utara,270000,12,2,82,6,6,0,1,18,23 Apr 2026 04:26:19,73CBC14D47769956089F
SD NEGERI 6 PULAU MOROTAI,60200233,SD,Negeri,Kec. Morotai Selatan,270802,Kab. Pulau Morotai,270800,Prov. Maluku Utara,270000,13,2,156,7,6,0,1,19,07 Apr 2026 20:36:48,483D186D034D2B85B96C
SD NEGERI 7 PULAU MOROTAI,60200251,SD,Negeri,Kec. Morotai Selatan,270802,Kab. Pulau Morotai,270800,Prov. Maluku Utara,270000,9,3,163,6,9,2,0,32,02 May 2026 19:04:35,2B3D8E9ECD04BCF65E87
SD NEGERI 8 PULAU MOROTAI,60724662,SD,Negeri,Kec. Morotai Selatan,270802,Kab. Pulau Morotai,270800,Prov. Maluku Utara,270000,7,0,29,6,6,0,0,9,02 Apr 2026 17:54:48,B66824A96371E886E0EC
SD NEGERI 9 PULAU MOROTAI,60201876,SD,Negeri,Kec. Morotai Selatan,270802,Kab. Pulau Morotai,270800,Prov. Maluku Utara,270000,8,0,75,6,6,0,0,27,24 Apr 2026 19:54:23,6FEC0C32C8D3E2D13860
SD AISYIYAH 1 PULAU MOROTAI,70047865,SD,Swasta,Kec. Morotai Selatan,270802,Kab. Pulau Morotai,270800,Prov. Maluku Utara,270000,0,0,0,0,0,0,0,0,,E4D15F288B6D9C48A84B
SD GMIH DAEO,60202845,SD,Swasta,Kec. Morotai Selatan,270802,Kab. Pulau Morotai,270800,Prov. Maluku Utara,270000,8,2,43,6,5,0,1,15,23 Jan 2026 11:59:06,F2571CCD70E019F0B4A4
SD GMIH LOC,60202846,SD,Swasta,Kec. Morotai Selatan,270802,Kab. Pulau Morotai,270800,Prov. Maluku Utara,270000,10,1,140,9,6,0,0,13,25 Feb 2026 07:27:31,97CC0956684683BCBFF1
SD GMIH SABATAI BARU,60201754,SD,Swasta,Kec. Morotai Selatan,270802,Kab. Pulau Morotai,270800,Prov. Maluku Utara,270000,7,1,83,6,6,0,1,28,14 Apr 2026 11:29:22,3CD2B028C9AC42E25226
SD IT WIHDATUL UMMAH MOROTAI,70060355,SD,Swasta,Kec. Morotai Selatan,270802,Kab. Pulau Morotai,270800,Prov. Maluku Utara,270000,0,0,0,0,0,0,0,0,,A0B6F470AEB0388E356D
SD MUHAMMADIYAH 1 GOTALAMO,69787399,SD,Swasta,Kec. Morotai Selatan,270802,Kab. Pulau Morotai,270800,Prov. Maluku Utara,270000,12,1,135,7,3,0,0,38,13 Mar 2026 22:34:45,4B1D81F78BB7CDE4ACF0
SDS MUHAMMADIYAH 4 PULAU MOROTAI,69815349,SD,Swasta,Kec. Morotai Selatan,270802,Kab. Pulau Morotai,270800,Prov. Maluku Utara,270000,3,1,36,6,2,0,0,8,12 Apr 2026 21:59:50,1596BC23068D8E536C35
SMP NEGERI 1 PULAU MOROTAI,60200274,SMP,Negeri,Kec. Morotai Selatan,270802,Kab. Pulau Morotai,270800,Prov. Maluku Utara,270000,35,12,579,20,22,2,1,35,28 Apr 2026 09:00:18,E8F67D4FDC1F465D9AA8
SMP NEGERI 2 PULAU MOROTAI,60200280,SMP,Negeri,Kec. Morotai Selatan,270802,Kab. Pulau Morotai,270800,Prov. Maluku Utara,270000,20,3,137,6,11,2,2,35,25 Apr 2026 07:01:00,9D4C0A3A769A136161AC
SMP NEGERI 3 PULAU MOROTAI,60201913,SMP,Negeri,Kec. Morotai Selatan,270802,Kab. Pulau Morotai,270800,Prov. Maluku Utara,270000,15,4,161,6,6,4,1,56,18 Apr 2026 07:52:40,8CB6119B20976CB54808
SMP NEGERI 4 PULAU MOROTAI,70048965,SMP,Negeri,Kec. Morotai Selatan,270802,Kab. Pulau Morotai,270800,Prov. Maluku Utara,270000,19,0,56,3,3,1,1,18,10 Apr 2026 07:21:10,2CBEB152967187A94D8D
SMP IT ICBB 29 ABBASHID MOROTAI,70056969,SMP,Swasta,Kec. Morotai Selatan,270802,Kab. Pulau Morotai,270800,Prov. Maluku Utara,270000,0,1,11,3,3,0,0,5,12 Feb 2026 05:48:32,3EABB18D944A1FCC96A2
SMP KRISTEN DARUBA,69768155,SMP,Swasta,Kec. Morotai Selatan,270802,Kab. Pulau Morotai,270800,Prov. Maluku Utara,270000,8,1,37,3,3,1,1,12,12 Apr 2026 21:21:14,C72CFB8AA7217348B71D
SMP Muhammadiyah 2 Pulau Morotai,69787400,SMP,Swasta,Kec. Morotai Selatan,270802,Kab. Pulau Morotai,270800,Prov. Maluku Utara,270000,8,1,50,3,3,1,1,23,02 May 2026 08:34:57,F512F41DA7F15509921B
SMP MUHAMMADIYAH 3 PULAU MOROTAI,69879003,SMP,Swasta,Kec. Morotai Selatan,270802,Kab. Pulau Morotai,270800,Prov. Maluku Utara,270000,4,2,22,3,3,0,0,17,28 Apr 2026 18:32:41,2B68F55BB03CB52FDF4B
SMA NEGERI 1 PULAU MOROTAI,60200294,SMA,Negeri,Kec. Morotai Selatan,270802,Kab. Pulau Morotai,270800,Prov. Maluku Utara,270000,35,4,697,21,22,3,1,46,30 Apr 2026 09:19:02,FB5994C8357087BCB0EA
SMA NEGERI 2 PULAU MOROTAI,60201929,SMA,Negeri,Kec. Morotai Selatan,270802,Kab. Pulau Morotai,270800,Prov. Maluku Utara,270000,19,4,112,5,11,5,1,56,25 Apr 2026 23:15:29,B5A2AD595A7D7E55ED8D
SMA NEGERI 5 PULAU MOROTAI,69905484,SMA,Negeri,Kec. Morotai Selatan,270802,Kab. Pulau Morotai,270800,Prov. Maluku Utara,270000,25,5,114,6,6,4,1,93,02 May 2026 10:12:01,2B53923AAA2189C4F491
SMA SWASTA PASIFIK,69973533,SMA,Swasta,Kec. Morotai Selatan,270802,Kab. Pulau Morotai,270800,Prov. Maluku Utara,270000,4,1,49,3,1,2,1,78,28 Apr 2026 09:22:57,23D02C7D945459F9C087
SMAS MUHAMMADIYAH 1 PULAU MOROTAI,60200290,SMA,Swasta,Kec. Morotai Selatan,270802,Kab. Pulau Morotai,270800,Prov. Maluku Utara,270000,13,2,125,6,11,4,0,43,28 Apr 2026 10:40:15,6E7191CB9C7DDC45FA76
SMAS MUHAMMADIYAH 2 PULAU MOROTAI,60205578,SMA,Swasta,Kec. Morotai Selatan,270802,Kab. Pulau Morotai,270800,Prov. Maluku Utara,270000,9,1,70,3,4,2,1,20,08 Apr 2026 07:39:09,30D2D3381422B7D6D0C2
SMK AMBASADOR,69888888,SMK,Swasta,Kec. Morotai Selatan,270802,Kab. Pulau Morotai,270800,Prov. Maluku Utara,270000,6,3,40,7,3,2,1,15,01 May 2026 07:16:42,4C19E15582237D8CFE5A
SMK BUMI MORO,60205558,SMK,Swasta,Kec. Morotai Selatan,270802,Kab. Pulau Morotai,270800,Prov. Maluku Utara,270000,4,5,41,3,7,1,1,12,24 Feb 2026 20:57:53,BB7A259926500CDEE042
SMK PARIWISATA ASIMA,69967190,SMK,Swasta,Kec. Morotai Selatan,270802,Kab. Pulau Morotai,270800,Prov. Maluku Utara,270000,13,1,98,6,6,0,1,11,30 Apr 2026 09:18:39,9C2F36AFDBFA28939AC7
SMKS KESEHATAN AL-KHAIRAAT,69830396,SMK,Swasta,Kec. Morotai Selatan,270802,Kab. Pulau Morotai,270800,Prov. Maluku Utara,270000,8,1,55,3,6,2,1,24,19 Apr 2026 05:05:47,D0F40BC285E42ABAA9FD
SMKS NUSANTARA PULAU MOROTAI,70006138,SMK,Swasta,Kec. Morotai Selatan,270802,Kab. Pulau Morotai,270800,Prov. Maluku Utara,270000,3,1,15,3,2,0,0,7,27 Apr 2026 19:01:33,FCA847068A17E1C7240A
SD NEGERI 18 PULAU MOROTAI,60200249,SD,Negeri,Kec. Morotai Selatan Barat,270801,Kab. Pulau Morotai,270800,Prov. Maluku Utara,270000,7,2,82,6,5,0,1,22,15 Apr 2026 09:28:57,CE95261E384C8B52242D
SD NEGERI 19 PULAU MOROTAI,60200363,SD,Negeri,Kec. Morotai Selatan Barat,270801,Kab. Pulau Morotai,270800,Prov. Maluku Utara,270000,9,1,37,6,6,0,2,15,25 Apr 2026 09:11:10,19E8FCB79CDF4CFE9344
SD NEGERI 20 PULAU MOROTAI,60200367,SD,Negeri,Kec. Morotai Selatan Barat,270801,Kab. Pulau Morotai,270800,Prov. Maluku Utara,270000,12,1,70,6,6,0,0,14,31 Jan 2026 11:47:55,5E4992F0299ACE7B413E
SD NEGERI 21 PULAU MOROTAI,60200359,SD,Negeri,Kec. Morotai Selatan Barat,270801,Kab. Pulau Morotai,270800,Prov. Maluku Utara,270000,10,0,44,6,6,0,1,77,20 Apr 2026 21:10:10,AB9ED52AE8985A8A70AB
SD NEGERI 22 PULAU MOROTAI,60200238,SD,Negeri,Kec. Morotai Selatan Barat,270801,Kab. Pulau Morotai,270800,Prov. Maluku Utara,270000,7,2,107,6,6,1,1,7,31 Jan 2026 06:29:26,0C6E0DA17BE2D672FCE0
SD NEGERI 24 PULAU MOROTAI,60200360,SD,Negeri,Kec. Morotai Selatan Barat,270801,Kab. Pulau Morotai,270800,Prov. Maluku Utara,270000,9,2,100,6,6,0,1,27,11 Apr 2026 12:11:18,7F882F13AD77D70C5884
SD NEGERI 25 PULAU MOROTAI,60200305,SD,Negeri,Kec. Morotai Selatan Barat,270801,Kab. Pulau Morotai,270800,Prov. Maluku Utara,270000,10,1,120,6,6,0,1,21,27 Apr 2026 16:45:46,F0ED7CD6D1083DAFB1DF
SD NEGERI 26 PULAU MOROTAI,60200247,SD,Negeri,Kec. Morotai Selatan Barat,270801,Kab. Pulau Morotai,270800,Prov. Maluku Utara,270000,11,2,94,6,6,0,1,43,10 Apr 2026 08:42:35,C90D2B4D0552890E2A59
SD NEGERI 27 PULAU MOROTAI,60200263,SD,Negeri,Kec. Morotai Selatan Barat,270801,Kab. Pulau Morotai,270800,Prov. Maluku Utara,270000,9,1,58,6,4,0,1,19,06 Mar 2026 09:30:15,0A5F0FDA99A250790E98
SD NEGERI 28 PULAU MOROTAI,60200366,SD,Negeri,Kec. Morotai Selatan Barat,270801,Kab. Pulau Morotai,270800,Prov. Maluku Utara,270000,8,1,87,6,6,0,0,17,04 Mar 2026 19:56:12,1402A3621AB64181237A
SD NEGERI 54 PULAU MOROTAI,60200342,SD,Negeri,Kec. Morotai Selatan Barat,270801,Kab. Pulau Morotai,270800,Prov. Maluku Utara,270000,7,0,95,6,6,0,1,6,03 Mar 2026 19:15:48,69EB027F3E36116AAE95
SD NEGERI LEO-LEO RAO,70054777,SD,Negeri,Kec. Morotai Selatan Barat,270801,Kab. Pulau Morotai,270800,Prov. Maluku Utara,270000,7,0,21,2,1,0,0,11,19 Feb 2026 11:12:09,0D16C62D4B453A86A22F
SD NEGERI TILEY PANTAI,70054257,SD,Negeri,Kec. Morotai Selatan Barat,270801,Kab. Pulau Morotai,270800,Prov. Maluku Utara,270000,8,0,58,6,5,0,1,32,16 Apr 2026 21:36:02,48AA6AC7255798E7B715
SD GMIH CIO GERONG,60201726,SD,Swasta,Kec. Morotai Selatan Barat,270801,Kab. Pulau Morotai,270800,Prov. Maluku Utara,270000,4,1,45,6,6,0,1,7,06 Apr 2026 00:51:28,AD2DE607886C5DD987D9
SD GMIH LOUMADORO,60200256,SD,Swasta,Kec. Morotai Selatan Barat,270801,Kab. Pulau Morotai,270800,Prov. Maluku Utara,270000,4,2,91,6,6,0,1,10,21 Apr 2026 07:43:46,83BB350A39462D25223B
SD GMIH WAYABULA,60201763,SD,Swasta,Kec. Morotai Selatan Barat,270801,Kab. Pulau Morotai,270800,Prov. Maluku Utara,270000,6,1,36,6,6,0,0,8,30 Apr 2026 08:31:55,AAA74ECA227411DCCDD2
SD ISLAM TERPADU SAHABAT CENDIKIA,69878999,SD,Swasta,Kec. Morotai Selatan Barat,270801,Kab. Pulau Morotai,270800,Prov. Maluku Utara,270000,8,3,40,6,2,0,1,7,12 Apr 2026 12:35:22,EEBE03B06D51E20B5B77
SMP NEGERI 19 PULAU MOROTAI,60205576,SMP,Negeri,Kec. Morotai Selatan Barat,270801,Kab. Pulau Morotai,270800,Prov. Maluku Utara,270000,10,5,77,3,7,2,1,32,27 Apr 2026 09:08:12,4B2F99655333AD0E34E9
SMP NEGERI 20 PULAU MOROTAI,69961967,SMP,Negeri,Kec. Morotai Selatan Barat,270801,Kab. Pulau Morotai,270800,Prov. Maluku Utara,270000,9,3,54,3,2,1,1,15,03 Mar 2026 19:40:42,9616A01B2838EC1CFF77
SMP NEGERI 5 PULAU MOROTAI,69917753,SMP,Negeri,Kec. Morotai Selatan Barat,270801,Kab. Pulau Morotai,270800,Prov. Maluku Utara,270000,11,2,71,3,3,2,1,61,28 Apr 2026 20:56:33,AC9BA59A611B2F6AEC57
SMP NEGERI 6 PULAU MOROTAI,60205581,SMP,Negeri,Kec. Morotai Selatan Barat,270801,Kab. Pulau Morotai,270800,Prov. Maluku Utara,270000,15,0,78,3,3,1,1,10,30 Apr 2026 03:22:02,8BEC7C47F25D9B923F3F
SMP NEGERI 7 PULAU MOROTAI,69880139,SMP,Negeri,Kec. Morotai Selatan Barat,270801,Kab. Pulau Morotai,270800,Prov. Maluku Utara,270000,14,2,89,3,5,1,2,10,08 Apr 2026 12:05:24,86B6F777D2BAD7902659
SMP NEGERI 8 PULAU MOROTAI,60202870,SMP,Negeri,Kec. Morotai Selatan Barat,270801,Kab. Pulau Morotai,270800,Prov. Maluku Utara,270000,18,0,124,6,6,2,1,34,30 Apr 2026 09:45:34,08A3D37309DFE622DF07
SMP NEGERI 9 PULAU MOROTAI,60200281,SMP,Negeri,Kec. Morotai Selatan Barat,270801,Kab. Pulau Morotai,270800,Prov. Maluku Utara,270000,13,3,85,3,5,1,1,15,10 Feb 2026 03:21:50,78B8A35967ACD1BE05D0
SMP KRISTEN GMIH POSI-POSI RAO,60201899,SMP,Swasta,Kec. Morotai Selatan Barat,270801,Kab. Pulau Morotai,270800,Prov. Maluku Utara,270000,8,3,80,3,8,3,2,32,18 Apr 2026 22:20:52,62DDC8C22AC829F85515
SMA NEGERI 3 PULAU MOROTAI,60201917,SMA,Negeri,Kec. Morotai Selatan Barat,270801,Kab. Pulau Morotai,270800,Prov. Maluku Utara,270000,14,2,102,4,6,4,1,15,15 Apr 2026 08:05:06,C7BE99E9B5F8894A0B8B
SMA NEGERI 6 PULAU MOROTAI,69907539,SMA,Negeri,Kec. Morotai Selatan Barat,270801,Kab. Pulau Morotai,270800,Prov. Maluku Utara,270000,13,1,56,3,3,2,1,56,27 Apr 2026 08:37:36,FC561F3711A6EB3CAF4F
SMAS BPD LEO-LEO,70041663,SMA,Swasta,Kec. Morotai Selatan Barat,270801,Kab. Pulau Morotai,270800,Prov. Maluku Utara,270000,6,1,80,3,4,0,0,21,15 Apr 2026 07:35:18,9D4E811ACF922B4A9CAB
SMAS KRISTEN NUSA DAMAI POSI-POSI RAO,69768154,SMA,Swasta,Kec. Morotai Selatan Barat,270801,Kab. Pulau Morotai,270800,Prov. Maluku Utara,270000,2,2,82,3,5,0,0,25,29 Apr 2026 06:02:27,70B9C6E83F080C5C4D50
SMK NEGERI 3 PULAU MOROTAI,69949467,SMK,Negeri,Kec. Morotai Selatan Barat,270801,Kab. Pulau Morotai,270800,Prov. Maluku Utara,270000,13,2,91,3,3,3,1,80,30 Apr 2026 07:08:04,C890756EE769220FDE84
SMKS RAHMAT ALI RAHIM,70005894,SMK,Swasta,Kec. Morotai Selatan Barat,270801,Kab. Pulau Morotai,270800,Prov. Maluku Utara,270000,4,0,77,3,5,0,0,6,14 Apr 2026 21:58:47,C55F590533BDBE8E8D82
SD NEGERI 36 PULAU MOROTAI,60201826,SD,Negeri,Kec. Morotai Utara,270803,Kab. Pulau Morotai,270800,Prov. Maluku Utara,270000,5,1,102,6,7,0,1,11,07 Mar 2026 12:05:51,E72CDE60E8A6AE070B20
SD NEGERI 37 PULAU MOROTAI,60201825,SD,Negeri,Kec. Morotai Utara,270803,Kab. Pulau Morotai,270800,Prov. Maluku Utara,270000,11,1,81,6,6,0,1,22,04 Mar 2026 09:12:33,0A1707D96F192FA4D3B0
SD NEGERI 39 PULAU MOROTAI,60201823,SD,Negeri,Kec. Morotai Utara,270803,Kab. Pulau Morotai,270800,Prov. Maluku Utara,270000,7,0,20,6,6,0,0,14,07 Apr 2026 22:15:58,5261AAA91737222D7D07
SD NEGERI 40 PULAU MOROTAI,70054778,SD,Negeri,Kec. Morotai Utara,270803,Kab. Pulau Morotai,270800,Prov. Maluku Utara,270000,11,0,142,8,6,0,0,33,14 Mar 2026 08:01:05,0948C3FACE4F4500D04C
SD NEGERI 41 PULAU MOROTAI,60201820,SD,Negeri,Kec. Morotai Utara,270803,Kab. Pulau Morotai,270800,Prov. Maluku Utara,270000,9,4,130,6,18,0,1,32,14 Mar 2026 22:15:41,DA47B2BBE4ECAA0A2772
SD NEGERI 42 PULAU MOROTAI,60200266,SD,Negeri,Kec. Morotai Utara,270803,Kab. Pulau Morotai,270800,Prov. Maluku Utara,270000,12,4,133,7,6,0,1,13,20 Apr 2026 09:33:35,CA0EBDFC1F812F89AA0F
SD NEGERI 43 PULAU MOROTAI,60201874,SD,Negeri,Kec. Morotai Utara,270803,Kab. Pulau Morotai,270800,Prov. Maluku Utara,270000,11,1,97,7,6,0,0,19,23 Apr 2026 08:10:51,32D9DC792FDE3971E471
SD NEGERI 44 PULAU MOROTAI,60200240,SD,Negeri,Kec. Morotai Utara,270803,Kab. Pulau Morotai,270800,Prov. Maluku Utara,270000,15,4,215,10,8,0,1,28,11 Apr 2026 02:10:35,6AE1566A319E34F07379
SD NEGERI LOLEO JAYA,70054278,SD,Negeri,Kec. Morotai Utara,270803,Kab. Pulau Morotai,270800,Prov. Maluku Utara,270000,9,3,112,6,6,0,0,12,06 Mar 2026 17:15:13,4DFAF5BFC52FBCADE6E0
SD GMIH BIDO,60201723,SD,Swasta,Kec. Morotai Utara,270803,Kab. Pulau Morotai,270800,Prov. Maluku Utara,270000,2,1,114,5,1,0,1,12,27 Feb 2026 05:17:05,7234F4D4B28DA91EB508
SD GMIH SAKITA,60201755,SD,Swasta,Kec. Morotai Utara,270803,Kab. Pulau Morotai,270800,Prov. Maluku Utara,270000,3,1,80,6,7,0,1,42,28 Apr 2026 18:19:09,2AA4FB9CF2EE5111531E
SD MUHAMMADIYAH 5 PULAU MOROTAI,69888385,SD,Swasta,Kec. Morotai Utara,270803,Kab. Pulau Morotai,270800,Prov. Maluku Utara,270000,6,2,94,6,6,1,1,11,11 Apr 2026 01:24:23,3427DC4F2343074A5065
SMP NEGERI 12 PULAU MOROTAI,60203811,SMP,Negeri,Kec. Morotai Utara,270803,Kab. Pulau Morotai,270800,Prov. Maluku Utara,270000,10,1,51,3,4,1,1,22,30 Apr 2026 06:09:31,6BEA1E5EDF1A123040EE
SMP NEGERI 13 PULAU MOROTAI,60200275,SMP,Negeri,Kec. Morotai Utara,270803,Kab. Pulau Morotai,270800,Prov. Maluku Utara,270000,14,6,106,5,6,4,1,42,01 May 2026 00:26:08,277995E7636725BBAC75
SMP NEGERI 14 PULAU MOROTAI,60202866,SMP,Negeri,Kec. Morotai Utara,270803,Kab. Pulau Morotai,270800,Prov. Maluku Utara,270000,15,3,90,4,7,1,1,39,02 May 2026 19:31:02,2B5E87157C1F7508E225
SMP ALKHAIRAAT BERE-BERE,60201889,SMP,Swasta,Kec. Morotai Utara,270803,Kab. Pulau Morotai,270800,Prov. Maluku Utara,270000,6,5,60,3,6,2,1,77,22 Apr 2026 08:13:22,85150645402BE1407CD3
SMP BPD BIDO,69944875,SMP,Swasta,Kec. Morotai Utara,270803,Kab. Pulau Morotai,270800,Prov. Maluku Utara,270000,6,2,72,3,3,0,0,3,26 Jan 2026 12:28:29,101F7A2A549E61192BBF
SMP Muhammadiyah 4 Pulau Morotai,69896279,SMP,Swasta,Kec. Morotai Utara,270803,Kab. Pulau Morotai,270800,Prov. Maluku Utara,270000,6,6,65,3,3,0,0,45,14 Apr 2026 13:40:26,163B902DE8AAAEEB2140
SMA NEGERI 4 PULAU MOROTAI,60201928,SMA,Negeri,Kec. Morotai Utara,270803,Kab. Pulau Morotai,270800,Prov. Maluku Utara,270000,19,7,185,6,8,4,1,89,01 May 2026 14:29:33,4B23D99E7A4218A81DEB
SMA HOHIDIAI,69982493,SMA,Swasta,Kec. Morotai Utara,270803,Kab. Pulau Morotai,270800,Prov. Maluku Utara,270000,9,1,63,3,4,0,0,5,24 Apr 2026 14:14:18,AFFCC20EEA58BA5D9320
SMAS MUHAMMADIYAH 5 PULAU MOROTAI,70007829,SMA,Swasta,Kec. Morotai Utara,270803,Kab. Pulau Morotai,270800,Prov. Maluku Utara,270000,3,3,59,3,4,0,0,43,23 Apr 2026 20:31:07,CEC8F9A3141EF26AD800
SMK KEMARITIMAN TAMAN SISWA,69965018,SMK,Swasta,Kec. Morotai Utara,270803,Kab. Pulau Morotai,270800,Prov. Maluku Utara,270000,6,0,43,3,6,0,0,20,26 Apr 2026 12:41:26,7B01435CF7735C19DC66
SMKS MINAPOLITAN BERE-BERE,69768156,SMK,Swasta,Kec. Morotai Utara,270803,Kab. Pulau Morotai,270800,Prov. Maluku Utara,270000,5,2,42,6,3,3,1,38,30 Apr 2026 22:38:56,0A255842DC04D3404587
SD NEGERI 45 PULAU MOROTAI,60201794,SD,Negeri,Kec. Morotai Jaya,270804,Kab. Pulau Morotai,270800,Prov. Maluku Utara,270000,10,7,102,7,25,0,0,29,14 Apr 2026 19:51:21,90E8797932ACF31769CF
SD NEGERI 46 PULAU MOROTAI,70054281,SD,Negeri,Kec. Morotai Jaya,270804,Kab. Pulau Morotai,270800,Prov. Maluku Utara,270000,6,1,57,6,6,0,0,54,18 Apr 2026 09:22:46,5B6020B90F34AB910234
SD NEGERI 47 PULAU MOROTAI,60201804,SD,Negeri,Kec. Morotai Jaya,270804,Kab. Pulau Morotai,270800,Prov. Maluku Utara,270000,8,3,118,6,6,0,0,25,13 Apr 2026 06:42:20,20AAED4028564F88DB36
SD NEGERI 48 PULAU MOROTAI,69880452,SD,Negeri,Kec. Morotai Jaya,270804,Kab. Pulau Morotai,270800,Prov. Maluku Utara,270000,9,1,37,6,6,0,0,18,02 Apr 2026 18:07:53,54F11FB1FB1D17237E32
SD NEGERI 49 PULAU MOROTAI,60201769,SD,Negeri,Kec. Morotai Jaya,270804,Kab. Pulau Morotai,270800,Prov. Maluku Utara,270000,11,1,94,6,5,0,1,10,20 Apr 2026 20:01:23,FF4F2AC3092FD1FC1B14
SD NEGERI 50 PULAU MOROTAI,60201810,SD,Negeri,Kec. Morotai Jaya,270804,Kab. Pulau Morotai,270800,Prov. Maluku Utara,270000,9,2,44,6,6,0,1,10,15 Apr 2026 21:08:51,AADA6240574130DCFDA0
SD NEGERI 51 PULAU MOROTAI,60201785,SD,Negeri,Kec. Morotai Jaya,270804,Kab. Pulau Morotai,270800,Prov. Maluku Utara,270000,11,3,109,8,4,0,1,4,30 Apr 2026 09:07:51,BC82BBAA79178FB1968C
SD ALKHAIRAAT SOPI,60201713,SD,Swasta,Kec. Morotai Jaya,270804,Kab. Pulau Morotai,270800,Prov. Maluku Utara,270000,4,2,117,6,6,0,1,17,28 Apr 2026 07:53:17,68809238C9596CD29D54
SD GMIH PANGEO,60201747,SD,Swasta,Kec. Morotai Jaya,270804,Kab. Pulau Morotai,270800,Prov. Maluku Utara,270000,7,1,106,6,6,0,0,9,01 May 2026 07:48:23,05B590ED2BF354FD9645
SD GMIH SOPI,60201760,SD,Swasta,Kec. Morotai Jaya,270804,Kab. Pulau Morotai,270800,Prov. Maluku Utara,270000,6,1,117,6,6,0,0,14,23 Feb 2026 14:27:39,E97968BEE363B8BCB867
SD MUHAMMADIYAH 6 PULAU MOROTAI,69880223,SD,Swasta,Kec. Morotai Jaya,270804,Kab. Pulau Morotai,270800,Prov. Maluku Utara,270000,7,3,116,6,6,1,1,22,24 Apr 2026 10:38:44,897AE48814808601E308
SD MUHAMMADIYAH 8 PULAU MOROTAI,70061053,SD,Swasta,Kec. Morotai Jaya,270804,Kab. Pulau Morotai,270800,Prov. Maluku Utara,270000,2,4,0,0,0,0,0,0,,4CBC1ACFB2061CBA1B01
SD NASKAT CENDANA,60201863,SD,Swasta,Kec. Morotai Jaya,270804,Kab. Pulau Morotai,270800,Prov. Maluku Utara,270000,1,1,94,6,6,0,0,6,27 Mar 2026 07:53:22,3DA691D816E34158B19E
SMP NEGERI 15 PULAU MOROTAI,70054279,SMP,Negeri,Kec. Morotai Jaya,270804,Kab. Pulau Morotai,270800,Prov. Maluku Utara,270000,9,1,121,6,6,1,0,33,16 Apr 2026 11:15:00,F4665983C4B730B5CBB7
SMP NEGERI 16 PULAU MOROTAI,69880747,SMP,Negeri,Kec. Morotai Jaya,270804,Kab. Pulau Morotai,270800,Prov. Maluku Utara,270000,12,5,88,4,11,2,1,32,30 Apr 2026 14:27:43,5BCC7AD6D165564E823E
SMP NEGERI 17 PULAU MOROTAI,60202869,SMP,Negeri,Kec. Morotai Jaya,270804,Kab. Pulau Morotai,270800,Prov. Maluku Utara,270000,12,2,106,5,5,1,1,58,22 Apr 2026 21:30:12,DCAB59F32BEBABE34F84
SMP NEGERI 18 PULAU MOROTAI,69880135,SMP,Negeri,Kec. Morotai Jaya,270804,Kab. Pulau Morotai,270800,Prov. Maluku Utara,270000,9,2,68,3,4,1,1,29,17 Apr 2026 20:29:40,826D45FCB9B648B80B7D
SMP NEGERI 21 PULAU MOROTAI,70047902,SMP,Negeri,Kec. Morotai Jaya,270804,Kab. Pulau Morotai,270800,Prov. Maluku Utara,270000,2,0,56,3,1,0,0,6,15 Apr 2026 14:49:43,07B5A580A22FDD2BD447
SMA BPD SOPI,60724661,SMA,Swasta,Kec. Morotai Jaya,270804,Kab. Pulau Morotai,270800,Prov. Maluku Utara,270000,4,1,105,4,2,2,1,9,29 Apr 2026 12:05:35,70705F1821C504ED30E7
SMAS MUHAMMADIYAH 4 PULAU MOROTAI,69878679,SMA,Swasta,Kec. Morotai Jaya,270804,Kab. Pulau Morotai,270800,Prov. Maluku Utara,270000,13,2,118,5,5,0,1,61,29 Apr 2026 07:08:44,A1C4F9C6FDF6037CC417
SMKS MOROTAI CERDAS,70025701,SMK,Swasta,Kec. Morotai Jaya,270804,Kab. Pulau Morotai,270800,Prov. Maluku Utara,270000,2,1,60,3,3,0,0,1,25 Apr 2026 15:04:41,81905728B13AAFFCD312
SD NEGERI  35 PULAU MOROTAI,60202859,SD,Negeri,Kec. Morotai Timur,270805,Kab. Pulau Morotai,270800,Prov. Maluku Utara,270000,8,0,37,6,6,0,0,11,16 Apr 2026 08:10:47,88654CE7D481E5C5799F
SD NEGERI 29 PULAU MOROTAI,70054280,SD,Negeri,Kec. Morotai Timur,270805,Kab. Pulau Morotai,270800,Prov. Maluku Utara,270000,8,0,115,6,6,0,0,21,06 Mar 2026 19:34:42,B8D2CF1568D899D23DC4
SD NEGERI 30 PULAU MOROTAI,60201800,SD,Negeri,Kec. Morotai Timur,270805,Kab. Pulau Morotai,270800,Prov. Maluku Utara,270000,20,4,164,8,13,0,0,18,29 Apr 2026 08:40:18,2A6F6024747AD125E1D5
SD NEGERI 31 PULAU MOROTAI,70054282,SD,Negeri,Kec. Morotai Timur,270805,Kab. Pulau Morotai,270800,Prov. Maluku Utara,270000,4,0,12,3,1,0,0,26,11 Apr 2026 17:40:32,77E0EDA1C2E2E7A22780
SD NEGERI 32 PULAU MOROTAI,60200239,SD,Negeri,Kec. Morotai Timur,270805,Kab. Pulau Morotai,270800,Prov. Maluku Utara,270000,11,1,88,6,4,0,1,45,11 Apr 2026 06:55:00,3F5EBA43E94FFF0FB178
SD NEGERI 33 PULAU MOROTAI,60200269,SD,Negeri,Kec. Morotai Timur,270805,Kab. Pulau Morotai,270800,Prov. Maluku Utara,270000,10,2,93,6,6,0,1,12,25 Apr 2026 07:31:34,4ED72140A188F0F26257
SD NEGERI 34 PULAU MOROTAI,60201771,SD,Negeri,Kec. Morotai Timur,270805,Kab. Pulau Morotai,270800,Prov. Maluku Utara,270000,12,0,87,6,6,0,1,10,22 Apr 2026 08:45:04,7E7CA187E90ABEAE7D15
SD GMIH BUHO-BUHO,60201725,SD,Swasta,Kec. Morotai Timur,270805,Kab. Pulau Morotai,270800,Prov. Maluku Utara,270000,3,1,156,6,6,0,0,13,04 Mar 2026 05:51:17,AD18E74190A528280CAB
SD GMIH SAMBIKI BARU,60201756,SD,Swasta,Kec. Morotai Timur,270805,Kab. Pulau Morotai,270800,Prov. Maluku Utara,270000,4,4,131,6,6,1,1,7,17 Mar 2026 11:29:12,EB8EA9A8C90F87476F7F
SD GMIH SANGOWO,60202849,SD,Swasta,Kec. Morotai Timur,270805,Kab. Pulau Morotai,270800,Prov. Maluku Utara,270000,5,2,16,6,6,0,1,14,05 Mar 2026 07:09:54,5091544DFC955D5A16C6
SD MUHAMMADIYAH 7 MARHABAN,69969699,SD,Swasta,Kec. Morotai Timur,270805,Kab. Pulau Morotai,270800,Prov. Maluku Utara,270000,10,5,35,6,1,1,1,34,09 Mar 2026 13:22:21,4D087229AB7FFDD4D845
SD MUHAMMADIYAH MIRA,60201834,SD,Swasta,Kec. Morotai Timur,270805,Kab. Pulau Morotai,270800,Prov. Maluku Utara,270000,7,3,101,6,6,0,2,15,03 Mar 2026 00:04:28,3555A4741026989FCCDC
SD MUHAMMADIYAH WEWEMO,60205575,SD,Swasta,Kec. Morotai Timur,270805,Kab. Pulau Morotai,270800,Prov. Maluku Utara,270000,7,3,52,6,6,0,1,18,08 Feb 2026 20:04:05,041F8C62A89281EE4172
SMP NEGERI 10 PULAU MOROTAI,60201892,SMP,Negeri,Kec. Morotai Timur,270805,Kab. Pulau Morotai,270800,Prov. Maluku Utara,270000,15,4,116,6,6,1,1,97,20 Apr 2026 16:01:17,EAE1632BE391829A8788
SMP NEGERI 11 PULAU MOROTAI,69879002,SMP,Negeri,Kec. Morotai Timur,270805,Kab. Pulau Morotai,270800,Prov. Maluku Utara,270000,15,2,154,6,8,2,1,26,20 Apr 2026 20:00:20,5901797B96E5E11491AD
SMP Muhammadiyah 1 Pulau morotai,60205577,SMP,Swasta,Kec. Morotai Timur,270805,Kab. Pulau Morotai,270800,Prov. Maluku Utara,270000,5,3,69,3,3,2,1,33,01 May 2026 07:19:36,AAEC086378473C945415
SMAS MUHAMMADIYAH 3  PULAU MOROTAI,69830397,SMA,Swasta,Kec. Morotai Timur,270805,Kab. Pulau Morotai,270800,Prov. Maluku Utara,270000,3,3,57,3,4,0,0,4,28 Apr 2026 15:04:39,11EF69DBDC2E651E1F35
SMK NEGERI 1 PULAU MOROTAI,60205580,SMK,Negeri,Kec. Morotai Timur,270805,Kab. Pulau Morotai,270800,Prov. Maluku Utara,270000,13,6,167,10,11,1,1,43,20 Apr 2026 04:58:36,38E40509627A788E9B23
SMK NEGERI 2 PULAU MOROTAI,69949359,SMK,Negeri,Kec. Morotai Timur,270805,Kab. Pulau Morotai,270800,Prov. Maluku Utara,270000,6,5,78,6,6,3,1,56,23 Apr 2026 10:34:36,AD4C60111FE1AC61EE62
SD NEGERI  52 PULAU MOROTAI,60200361,SD,Negeri,Kec. Pulau Rao,270806,Kab. Pulau Morotai,270800,Prov. Maluku Utara,270000,11,1,99,6,6,1,1,16,30 Apr 2026 08:22:47,20E9E3A07F7C6FE9D768
SD NEGERI 55 PULAU MOROTAI,60200241,SD,Negeri,Kec. Pulau Rao,270806,Kab. Pulau Morotai,270800,Prov. Maluku Utara,270000,6,0,46,6,6,0,0,56,29 Apr 2026 22:00:00,F67857D82107127EBD0F
SD GMIH LEO-LEO RAO,60202848,SD,Swasta,Kec. Pulau Rao,270806,Kab. Pulau Morotai,270800,Prov. Maluku Utara,270000,5,1,108,6,6,0,0,41,02 May 2026 09:00:16,0EC3589EB384518972A6
SD GMIH POSI-POSI,60201751,SD,Swasta,Kec. Pulau Rao,270806,Kab. Pulau Morotai,270800,Prov. Maluku Utara,270000,4,1,46,6,6,0,1,34,19 Apr 2026 17:55:03,ADD5D63D6834DBDFCE29
SD INPRES GOENG,60200219,SD,Negeri,Kec. Weda,270203,Kab. Halmahera Tengah,270200,Prov. Maluku Utara,270000,10,1,66,6,7,1,0,13,14 Apr 2026 05:07:23,754D79F0CAB411B52F33
SD INPRES NUSLIKO,60200217,SD,Negeri,Kec. Weda,270203,Kab. Halmahera Tengah,270200,Prov. Maluku Utara,270000,14,3,67,6,6,0,1,24,22 Apr 2026 17:31:08,0FC911ED6ABCDD02E9B0
SD INPRES SIDANGA,60203004,SD,Negeri,Kec. Weda,270203,Kab. Halmahera Tengah,270200,Prov. Maluku Utara,270000,12,1,97,7,6,0,1,23,29 Apr 2026 10:18:45,941D98ABD53C57485407
SD NEGERI 1 WEDA,60200212,SD,Negeri,Kec. Weda,270203,Kab. Halmahera Tengah,270200,Prov. Maluku Utara,270000,24,1,355,16,18,0,1,55,30 Apr 2026 11:16:12,69DBE3ACA2809F6C031D
SD NEGERI 2 WEDA,60200199,SD,Negeri,Kec. Weda,270203,Kab. Halmahera Tengah,270200,Prov. Maluku Utara,270000,26,1,427,17,10,0,0,50,22 Apr 2026 07:42:31,BF687E91256280D31C95
SD NEGERI 3 WEDA,60202307,SD,Negeri,Kec. Weda,270203,Kab. Halmahera Tengah,270200,Prov. Maluku Utara,270000,23,2,304,13,14,1,1,37,30 Apr 2026 11:34:36,5A8C329161C2F0C1B1BD
SD NEGERI 4 WEDA,60202578,SD,Negeri,Kec. Weda,270203,Kab. Halmahera Tengah,270200,Prov. Maluku Utara,270000,17,2,213,11,11,0,1,39,29 Apr 2026 07:57:31,E7248DA16628864B76FB
SDIT DARUL HUNAFA,70010450,SD,Swasta,Kec. Weda,270203,Kab. Halmahera Tengah,270200,Prov. Maluku Utara,270000,7,3,114,6,4,0,0,6,29 Apr 2026 09:38:38,B92B3A7A99B720C01149
SMP NEGERI 1 HALMAHERA TENGAH,60200179,SMP,Negeri,Kec. Weda,270203,Kab. Halmahera Tengah,270200,Prov. Maluku Utara,270000,26,3,255,9,12,1,1,37,23 Apr 2026 12:28:04,7736D70F059DDDDB0801
SMP NEGERI 21 HALMAHERA TENGAH,60202509,SMP,Negeri,Kec. Weda,270203,Kab. Halmahera Tengah,270200,Prov. Maluku Utara,270000,16,2,35,3,6,1,2,22,25 Apr 2026 17:35:22,1EBA6A0519159BA7566E
SMP NEGERI 25 HALMAHERA TENGAH,60203604,SMP,Negeri,Kec. Weda,270203,Kab. Halmahera Tengah,270200,Prov. Maluku Utara,270000,17,3,98,5,6,1,1,19,05 Apr 2026 14:11:03,7A61C8DF4642B27C37F7
SMA NEGERI 1 HALMAHERA TENGAH,60201143,SMA,Negeri,Kec. Weda,270203,Kab. Halmahera Tengah,270200,Prov. Maluku Utara,270000,24,1,442,13,17,4,1,39,30 Apr 2026 10:32:16,CEAE5B12EAE0DB067AE5
SMK NEGERI 8 HALMAHERA TENGAH,69816339,SMK,Negeri,Kec. Weda,270203,Kab. Halmahera Tengah,270200,Prov. Maluku Utara,270000,22,6,97,15,13,1,1,12,01 May 2026 21:05:52,0D3F5BF1EF83A1FABED5
SMK NUSANTARA 5 WEDA,69990281,SMK,Swasta,Kec. Weda,270203,Kab. Halmahera Tengah,270200,Prov. Maluku Utara,270000,0,1,30,6,6,1,1,7,30 Jan 2026 22:52:23,D86468989A4ADB6E56A1
SD INPRES TILOPE,60202312,SD,Negeri,Kec. Weda Selatan,270208,Kab. Halmahera Tengah,270200,Prov. Maluku Utara,270000,11,1,61,6,6,0,1,26,03 Mar 2026 22:30:34,0C03F18A4F96A25E2A02
SD NEGERI 1 KLUTING JAYA,60202295,SD,Negeri,Kec. Weda Selatan,270208,Kab. Halmahera Tengah,270200,Prov. Maluku Utara,270000,11,1,106,6,8,0,1,11,28 Apr 2026 06:29:21,F41822419B003FD73898
SD NEGERI 1 WAIRORO INDAH,60200196,SD,Negeri,Kec. Weda Selatan,270208,Kab. Halmahera Tengah,270200,Prov. Maluku Utara,270000,8,1,79,6,6,0,1,11,09 Apr 2026 21:02:00,6CCFA16ADC86B88227A4
SD NEGERI 2 KLUTING JAYA,60202311,SD,Negeri,Kec. Weda Selatan,270208,Kab. Halmahera Tengah,270200,Prov. Maluku Utara,270000,7,2,90,6,7,0,1,17,11 Apr 2026 12:10:13,331AF04EF3CE64AFE924
SD NEGERI 2 LOLEO,60203606,SD,Negeri,Kec. Weda Selatan,270208,Kab. Halmahera Tengah,270200,Prov. Maluku Utara,270000,10,3,79,6,6,0,0,18,27 Apr 2026 06:32:27,324FAC4B766949A61C5A
SD NEGERI 2 WAIRORO INDAH,60202308,SD,Negeri,Kec. Weda Selatan,270208,Kab. Halmahera Tengah,270200,Prov. Maluku Utara,270000,13,4,169,8,12,1,1,54,30 Apr 2026 14:50:27,DA6C7ADFFFD3C61A5F56
SD NEGERI LOLEO,60202304,SD,Negeri,Kec. Weda Selatan,270208,Kab. Halmahera Tengah,270200,Prov. Maluku Utara,270000,13,3,152,8,10,0,1,22,16 Apr 2026 11:46:35,29664459A8351205DDBB
SD NEGERI SOSOWOMO,60202293,SD,Negeri,Kec. Weda Selatan,270208,Kab. Halmahera Tengah,270200,Prov. Maluku Utara,270000,9,2,97,6,6,0,1,23,30 Jan 2026 20:56:19,E534C0B363F1453FEECD
SMP NEGERI 10 HALMAHERA TENGAH,60202310,SMP,Negeri,Kec. Weda Selatan,270208,Kab. Halmahera Tengah,270200,Prov. Maluku Utara,270000,20,5,170,6,9,2,1,34,30 Apr 2026 09:09:40,8A40FF52D02803EB9C9A
SMP NEGERI 16 HALMAHERA TENGAH,60201139,SMP,Negeri,Kec. Weda Selatan,270208,Kab. Halmahera Tengah,270200,Prov. Maluku Utara,270000,11,3,33,3,4,1,1,21,20 Apr 2026 06:31:35,72A8344F7984FDDC4890
SMP NEGERI 5 HALMAHERA TENGAH,60201132,SMP,Negeri,Kec. Weda Selatan,270208,Kab. Halmahera Tengah,270200,Prov. Maluku Utara,270000,17,4,112,6,6,1,1,26,29 Apr 2026 07:13:23,99DD1B24C122882BF97B
SMA NEGERI 4 HALMAHERA TENGAH,60200185,SMA,Negeri,Kec. Weda Selatan,270208,Kab. Halmahera Tengah,270200,Prov. Maluku Utara,270000,17,3,160,7,8,3,1,25,20 Apr 2026 14:22:38,03F36DDD3D5873DAE500
SMK NEGERI 1 HALMAHERA TENGAH,60201148,SMK,Negeri,Kec. Weda Selatan,270208,Kab. Halmahera Tengah,270200,Prov. Maluku Utara,270000,17,3,166,11,12,2,1,39,21 Apr 2026 08:56:20,CA3228A3333FA20E0F57
SMK NEGERI 5 HALMAHERA TENGAH,60201147,SMK,Negeri,Kec. Weda Selatan,270208,Kab. Halmahera Tengah,270200,Prov. Maluku Utara,270000,12,3,82,6,7,5,1,21,28 Apr 2026 10:45:38,949180CA7FB81D98382E
SD GMIH LELILEF,60200221,SD,Negeri,Kec. Weda Tengah,270210,Kab. Halmahera Tengah,270200,Prov. Maluku Utara,270000,20,2,499,14,14,0,1,73,29 Apr 2026 08:47:22,E70C3512F5BC9928FA27
SD INPRES KOBEKULO,60200167,SD,Negeri,Kec. Weda Tengah,270210,Kab. Halmahera Tengah,270200,Prov. Maluku Utara,270000,7,2,45,6,7,0,1,38,06 Apr 2026 19:46:06,3C31DDD931F669B7DAFC
SD INPRES LELILEF,60200166,SD,Negeri,Kec. Weda Tengah,270210,Kab. Halmahera Tengah,270200,Prov. Maluku Utara,270000,19,3,440,15,18,0,1,151,28 Apr 2026 07:31:35,D9EC2F567497A0B9546E
SD INPRES PEPLIS,60200216,SD,Negeri,Kec. Weda Tengah,270210,Kab. Halmahera Tengah,270200,Prov. Maluku Utara,270000,9,1,125,6,6,0,1,10,30 Apr 2026 13:16:53,A63230B30D516AB9E015
SD NEGERI KOBE,60200168,SD,Negeri,Kec. Weda Tengah,270210,Kab. Halmahera Tengah,270200,Prov. Maluku Utara,270000,11,1,92,6,6,0,0,25,15 Apr 2026 05:28:17,4C6F27D4BB112F229FBF
SD NEGERI KOBE KULO SP4,60202577,SD,Negeri,Kec. Weda Tengah,270210,Kab. Halmahera Tengah,270200,Prov. Maluku Utara,270000,13,5,94,6,7,0,0,86,29 Apr 2026 17:25:46,2DA8A8BEF464A3C27461
SD NEGERI LUKULAMO,60200164,SD,Negeri,Kec. Weda Tengah,270210,Kab. Halmahera Tengah,270200,Prov. Maluku Utara,270000,15,1,334,12,13,0,1,24,29 Apr 2026 06:27:30,3EC4342B70C76D1B6370
SD NEGERI SP3 KOBEKULO,60200201,SD,Negeri,Kec. Weda Tengah,270210,Kab. Halmahera Tengah,270200,Prov. Maluku Utara,270000,8,3,36,6,6,0,1,50,10 Apr 2026 21:06:51,2C6312B41D9BEB24C7EA
SD NEGERI WOEJERANA,69774803,SD,Negeri,Kec. Weda Tengah,270210,Kab. Halmahera Tengah,270200,Prov. Maluku Utara,270000,10,2,133,7,6,0,0,16,30 Apr 2026 19:30:30,D5065529C4F7BFA810F3
SD WAIBULAN,70044037,SD,Negeri,Kec. Weda Tengah,270210,Kab. Halmahera Tengah,270200,Prov. Maluku Utara,270000,8,3,166,6,6,0,0,109,30 Apr 2026 07:35:17,534E18D78AB05344ED08
SMP NEGERI 13 HALMAHERA TENGAH,60201136,SMP,Negeri,Kec. Weda Tengah,270210,Kab. Halmahera Tengah,270200,Prov. Maluku Utara,270000,19,4,143,6,5,1,1,67,29 Apr 2026 08:55:42,D8FE945BAC3E6ADBC3B4
SMP NEGERI 17 HALMAHERA TENGAH,60201140,SMP,Negeri,Kec. Weda Tengah,270210,Kab. Halmahera Tengah,270200,Prov. Maluku Utara,270000,15,3,89,4,3,1,1,13,05 Apr 2026 20:23:07,0C3BD761B8A60478ED41
SMP NEGERI 9 HALMAHERA TENGAH,60201134,SMP,Negeri,Kec. Weda Tengah,270210,Kab. Halmahera Tengah,270200,Prov. Maluku Utara,270000,18,2,323,11,11,1,1,79,29 Apr 2026 09:56:24,905488948B077E21224F
SMAS INSAN KHARISMA,70032101,SMA,Swasta,Kec. Weda Tengah,270210,Kab. Halmahera Tengah,270200,Prov. Maluku Utara,270000,2,1,59,3,3,0,0,20,20 Feb 2026 09:45:36,7E4D57BD99716F661A9D
SMK NEGERI 2 HALMAHERA TENGAH,60202472,SMK,Negeri,Kec. Weda Tengah,270210,Kab. Halmahera Tengah,270200,Prov. Maluku Utara,270000,15,1,353,13,11,6,1,36,27 Apr 2026 09:19:34,3BDAF7F4F3E9FF44AC6A
SD INPRES WAILEGI,60200173,SD,Negeri,Kec. Patani,270206,Kab. Halmahera Tengah,270200,Prov. Maluku Utara,270000,12,4,116,6,6,0,1,44,28 Apr 2026 12:19:50,3CA5EE383B40FD645492
SD INPRES YEISOWO,60200172,SD,Negeri,Kec. Patani,270206,Kab. Halmahera Tengah,270200,Prov. Maluku Utara,270000,15,2,140,6,8,0,1,26,15 Apr 2026 08:23:59,EE5B4B74F6611A169213
SD NEGERI KIPAI,60202494,SD,Negeri,Kec. Patani,270206,Kab. Halmahera Tengah,270200,Prov. Maluku Utara,270000,18,4,154,6,6,0,1,100,30 Apr 2026 00:11:25,29ADD505268A04696C7B
SD NEGERI PATANI,60200160,SD,Negeri,Kec. Patani,270206,Kab. Halmahera Tengah,270200,Prov. Maluku Utara,270000,12,4,160,6,9,0,1,64,01 May 2026 21:08:58,E1EBBF5DB0E29AF8BA54
SD NEGERI SIF,60200200,SD,Negeri,Kec. Patani,270206,Kab. Halmahera Tengah,270200,Prov. Maluku Utara,270000,10,4,61,6,6,0,1,133,29 Apr 2026 06:11:42,51D031DF3AED4F4CD75C
SD NEGERI YEISOWO,60200188,SD,Negeri,Kec. Patani,270206,Kab. Halmahera Tengah,270200,Prov. Maluku Utara,270000,19,2,133,6,6,0,1,97,01 May 2026 15:59:00,505B4E6BE630BADD086C
SMP NEGERI 19 HALMAHERA TENGAH,60201126,SMP,Negeri,Kec. Patani,270206,Kab. Halmahera Tengah,270200,Prov. Maluku Utara,270000,19,4,103,6,6,2,1,34,29 Apr 2026 11:51:32,3364B669EF484594828A
SMP NEGERI 2 HALMAHERA TENGAH,60201128,SMP,Negeri,Kec. Patani,270206,Kab. Halmahera Tengah,270200,Prov. Maluku Utara,270000,22,5,128,6,6,2,1,28,17 Apr 2026 10:00:16,6058798DC7C7B59BDD96
SMP MUHAMMADIYAH 1 HALMAHERA TENGAH,69963857,SMP,Swasta,Kec. Patani,270206,Kab. Halmahera Tengah,270200,Prov. Maluku Utara,270000,3,1,16,2,3,0,0,6,28 Jan 2026 08:04:26,0BE3CC4119FF03C3C194
SMA NEGERI 2 HALMAHERA TENGAH,60200183,SMA,Negeri,Kec. Patani,270206,Kab. Halmahera Tengah,270200,Prov. Maluku Utara,270000,16,5,137,6,7,2,1,49,13 Mar 2026 17:59:52,1BBFBD2CF5415CF8DC4F
SMAN 5 HALMAHERA TENGAH,60202296,SMA,Negeri,Kec. Patani,270206,Kab. Halmahera Tengah,270200,Prov. Maluku Utara,270000,15,0,124,5,6,3,1,20,02 May 2026 19:14:08,151F21951E17AC957E82
SMK NEGERI 7 HALMAHERA TENGAH,60202632,SMK,Negeri,Kec. Patani,270206,Kab. Halmahera Tengah,270200,Prov. Maluku Utara,270000,10,4,85,9,7,1,0,57,02 May 2026 00:05:27,5DE873DE9C0FAD401E4E
SMK NEGERI 9 HALMAHERA TENGAH,69899866,SMK,Negeri,Kec. Patani,270206,Kab. Halmahera Tengah,270200,Prov. Maluku Utara,270000,10,0,107,7,3,2,1,24,30 Apr 2026 06:32:27,7B568607C2919F79C179
SD INPRES TEPELEO,60200175,SD,Negeri,Kec. Patani Utara,270209,Kab. Halmahera Tengah,270200,Prov. Maluku Utara,270000,11,3,94,6,8,0,1,27,22 Apr 2026 13:36:52,3BD338D70D278AF33919
SD NEGERI 1 GEMIA,60200223,SD,Negeri,Kec. Patani Utara,270209,Kab. Halmahera Tengah,270200,Prov. Maluku Utara,270000,15,1,94,6,6,0,1,10,18 Apr 2026 12:57:57,328C2B160D40F34192A9
SD NEGERI 1 TEPELEO,60200197,SD,Negeri,Kec. Patani Utara,270209,Kab. Halmahera Tengah,270200,Prov. Maluku Utara,270000,14,3,94,6,6,0,0,15,01 Apr 2026 05:31:35,4B54B686922BEAC29045
SD NEGERI 2 GEMIA,60200227,SD,Negeri,Kec. Patani Utara,270209,Kab. Halmahera Tengah,270200,Prov. Maluku Utara,270000,17,1,209,11,11,0,0,20,13 Apr 2026 14:46:33,F4222994CB7B90B82C02
SD NEGERI 2 TEPELEO,60200230,SD,Negeri,Kec. Patani Utara,270209,Kab. Halmahera Tengah,270200,Prov. Maluku Utara,270000,15,4,95,6,8,0,1,43,30 Apr 2026 21:03:00,6E2E2F9E6FE303CA7D97
SD NEGERI 3 GEMIA,60202493,SD,Negeri,Kec. Patani Utara,270209,Kab. Halmahera Tengah,270200,Prov. Maluku Utara,270000,13,2,77,6,6,0,1,24,21 Apr 2026 14:41:22,DCFC78FDEB328A5B3A5D
SDN AMSUNG,60200169,SD,Negeri,Kec. Patani Utara,270209,Kab. Halmahera Tengah,270200,Prov. Maluku Utara,270000,15,1,85,6,6,1,1,15,24 Apr 2026 08:59:21,F1F97F7258174E1CD287
SMP NEGERI 12 HALMAHERA TENGAH,60202297,SMP,Negeri,Kec. Patani Utara,270209,Kab. Halmahera Tengah,270200,Prov. Maluku Utara,270000,27,4,200,7,9,1,1,70,30 Apr 2026 12:22:37,8FB1E5AB1A0049B088CF
SMP NEGERI 15 HALMAHERA TENGAH,60201137,SMP,Negeri,Kec. Patani Utara,270209,Kab. Halmahera Tengah,270200,Prov. Maluku Utara,270000,19,3,72,3,4,2,1,34,17 Apr 2026 20:57:56,396E4242974BA8853F49
SMP NEGERI 7 HALMAHERA TENGAH,60201131,SMP,Negeri,Kec. Patani Utara,270209,Kab. Halmahera Tengah,270200,Prov. Maluku Utara,270000,21,5,171,6,6,1,1,92,01 May 2026 20:21:27,AF83D7587F821AE20EAE
SMA NEGERI 8 HALMAHERA TENGAH,60202575,SMA,Negeri,Kec. Patani Utara,270209,Kab. Halmahera Tengah,270200,Prov. Maluku Utara,270000,19,4,142,6,8,2,1,24,12 Apr 2026 04:58:44,A36B1665A870AD3B6A7B
SMAN 6 HALMAHERA TENGAH,60201145,SMA,Negeri,Kec. Patani Utara,270209,Kab. Halmahera Tengah,270200,Prov. Maluku Utara,270000,16,3,210,7,11,1,1,34,23 Apr 2026 16:06:53,1C433976C75B0E51782F
SMK NEGERI 4 HALMAHERA TENGAH,60201150,SMK,Negeri,Kec. Patani Utara,270209,Kab. Halmahera Tengah,270200,Prov. Maluku Utara,270000,17,4,112,5,9,1,0,18,25 Apr 2026 19:40:03,44F45055046F7572105F
SD INPRES KAPALEO,60202252,SD,Negeri,Kec. Pulau Gebe,270204,Kab. Halmahera Tengah,270200,Prov. Maluku Utara,270000,10,2,198,9,12,1,1,26,11 Apr 2026 08:12:52,E9984B846CD68AD7C5BE
SD INPRES SANAFI,60202251,SD,Negeri,Kec. Pulau Gebe,270204,Kab. Halmahera Tengah,270200,Prov. Maluku Utara,270000,7,4,59,6,8,0,1,17,15 Apr 2026 05:26:17,198D13EAA940DFB1D84E
SD NEGERI KACEPI,60200171,SD,Negeri,Kec. Pulau Gebe,270204,Kab. Halmahera Tengah,270200,Prov. Maluku Utara,270000,6,2,138,6,8,0,1,20,21 Apr 2026 17:24:17,47A553B8B2D27AEF4CAC
SD NEGERI KAPALEO,60202306,SD,Negeri,Kec. Pulau Gebe,270204,Kab. Halmahera Tengah,270200,Prov. Maluku Utara,270000,9,5,193,8,9,0,1,8,14 Feb 2026 11:39:37,1B231CEBD150616281D8
SD NEGERI SANAFI,60200163,SD,Negeri,Kec. Pulau Gebe,270204,Kab. Halmahera Tengah,270200,Prov. Maluku Utara,270000,9,3,62,6,8,1,1,10,31 Jan 2026 05:16:54,C6174CD6C619175CCE88
SD NEGERI UMERA,60200176,SD,Negeri,Kec. Pulau Gebe,270204,Kab. Halmahera Tengah,270200,Prov. Maluku Utara,270000,12,1,99,6,8,0,1,15,09 Apr 2026 14:06:36,6B11C36B75D63DDE192E
SD NEGERI UMIYAL,60202291,SD,Negeri,Kec. Pulau Gebe,270204,Kab. Halmahera Tengah,270200,Prov. Maluku Utara,270000,11,1,70,6,6,0,0,9,21 Apr 2026 14:36:16,6F3348C9C953C3093CB2
SMP NEGERI 18 HALMAHERA TENGAH,60201129,SMP,Negeri,Kec. Pulau Gebe,270204,Kab. Halmahera Tengah,270200,Prov. Maluku Utara,270000,10,3,42,3,2,2,2,13,28 Apr 2026 18:10:19,B9D5D7FF6F6454BBE9BD
SMP NEGERI 22 HALMAHERA TENGAH,60202510,SMP,Negeri,Kec. Pulau Gebe,270204,Kab. Halmahera Tengah,270200,Prov. Maluku Utara,270000,14,2,43,3,5,4,0,23,13 Apr 2026 17:50:04,9A17CDFACEB7D7FD68B3
SMP NEGERI 26 HALMAHERA TENGAH,70040780,SMP,Negeri,Kec. Pulau Gebe,270204,Kab. Halmahera Tengah,270200,Prov. Maluku Utara,270000,11,2,54,3,4,0,1,33,28 Apr 2026 11:09:07,C7B32F40E32736221696
SMP NEGERI 3 HALMAHERA TENGAH,60200180,SMP,Negeri,Kec. Pulau Gebe,270204,Kab. Halmahera Tengah,270200,Prov. Maluku Utara,270000,14,3,159,6,8,1,1,21,08 Apr 2026 11:13:23,6123BDD9EA504CF1C43F
SMA NEGERI 3 HALMAHERA TENGAH,60200184,SMA,Negeri,Kec. Pulau Gebe,270204,Kab. Halmahera Tengah,270200,Prov. Maluku Utara,270000,16,5,153,5,10,2,2,58,30 Apr 2026 21:16:04,9CB3092AEE9923A1BB51
SMK NEGERI 3 HALMAHERA TENGAH,60202576,SMK,Negeri,Kec. Pulau Gebe,270204,Kab. Halmahera Tengah,270200,Prov. Maluku Utara,270000,7,2,122,8,5,3,1,25,02 May 2026 03:07:44,3E461BFFF68E2DC75609
SD INPRES FRITU,60200220,SD,Negeri,Kec. Weda Utara,270207,Kab. Halmahera Tengah,270200,Prov. Maluku Utara,270000,10,1,89,6,6,0,1,22,20 Apr 2026 14:53:46,16C1C501F4F54C1FCFE1
SD NEGERI 1 SAGEA,60200202,SD,Negeri,Kec. Weda Utara,270207,Kab. Halmahera Tengah,270200,Prov. Maluku Utara,270000,12,2,226,11,12,0,1,49,28 Apr 2026 21:37:53,AEA829AFAD88294E4560
SD NEGERI 1 TRANS WALEH,60202580,SD,Negeri,Kec. Weda Utara,270207,Kab. Halmahera Tengah,270200,Prov. Maluku Utara,270000,12,1,50,6,6,0,1,11,21 Apr 2026 22:50:04,510691E5F9D0BBB8AD92
SD NEGERI 2 SAGEA,60202491,SD,Negeri,Kec. Weda Utara,270207,Kab. Halmahera Tengah,270200,Prov. Maluku Utara,270000,10,2,128,7,7,1,1,15,29 Apr 2026 18:21:49,CEF67C1D7EE0F2F8C589
SD NEGERI GEMAF,60200224,SD,Negeri,Kec. Weda Utara,270207,Kab. Halmahera Tengah,270200,Prov. Maluku Utara,270000,15,1,240,12,6,0,1,48,29 Apr 2026 07:04:07,89493519CA7230225F91
SD NEGERI SARONO,69786646,SD,Negeri,Kec. Weda Utara,270207,Kab. Halmahera Tengah,270200,Prov. Maluku Utara,270000,12,2,60,6,7,0,0,18,15 Apr 2026 05:23:50,37B05B68653FDDD5161C
SD BINSUS JOSHUA GENERATION,70052942,SD,Swasta,Kec. Weda Utara,270207,Kab. Halmahera Tengah,270200,Prov. Maluku Utara,270000,4,1,41,4,3,0,0,16,26 Feb 2026 10:37:11,5D07039F67E3AC740FD1
SMP N SATAP GEMAF,69943143,SMP,Negeri,Kec. Weda Utara,270207,Kab. Halmahera Tengah,270200,Prov. Maluku Utara,270000,18,1,118,5,6,2,1,42,21 Apr 2026 09:57:57,23C7A50C1D2A3E6CFA8B
SMP NEGERI 24 HALMAHERA TENGAH,60202573,SMP,Negeri,Kec. Weda Utara,270207,Kab. Halmahera Tengah,270200,Prov. Maluku Utara,270000,14,1,52,3,3,1,1,14,21 Apr 2026 22:39:08,A28F361464BED513B80A
SMP NEGERI 4 HALMAHERA TENGAH,60200178,SMP,Negeri,Kec. Weda Utara,270207,Kab. Halmahera Tengah,270200,Prov. Maluku Utara,270000,22,3,226,9,10,2,1,22,20 Apr 2026 13:42:49,60D7187A5E5E4596EFF2
SMA NEGERI 7 HALMAHERA TENGAH,60201146,SMA,Negeri,Kec. Weda Utara,270207,Kab. Halmahera Tengah,270200,Prov. Maluku Utara,270000,18,2,208,7,9,4,1,107,30 Apr 2026 13:57:19,900D289886E641C69F47
SMK MUHAMMADIYAH 1 HALMAHERA TENGAH,69956714,SMK,Swasta,Kec. Weda Utara,270207,Kab. Halmahera Tengah,270200,Prov. Maluku Utara,270000,5,1,57,3,3,3,1,4,28 Feb 2026 11:26:39,14BB5AAB9E1E0CB2DCA5
SD INPRES SAKAM,60202292,SD,Negeri,Kec. Patani Timur,270213,Kab. Halmahera Tengah,270200,Prov. Maluku Utara,270000,19,2,192,8,10,0,1,24,24 Apr 2026 14:25:49,155E44AFE4FCE8506256
SD Negeri 1 Peniti,60200161,SD,Negeri,Kec. Patani Timur,270213,Kab. Halmahera Tengah,270200,Prov. Maluku Utara,270000,17,4,129,6,6,1,1,20,29 Apr 2026 05:48:03,26E2B6D879B3A6AE8421
SD NEGERI 2 PENITI,60202249,SD,Negeri,Kec. Patani Timur,270213,Kab. Halmahera Tengah,270200,Prov. Maluku Utara,270000,18,1,81,6,6,0,1,15,07 Mar 2026 13:40:16,58E5663293D18A68FB9B
SD NEGERI MADOLAFI,69947209,SD,Negeri,Kec. Patani Timur,270213,Kab. Halmahera Tengah,270200,Prov. Maluku Utara,270000,13,3,39,6,6,0,0,14,30 Apr 2026 17:16:17,9F3E8B24B4F5EC179F92
SD NEGERI PALO,60200203,SD,Negeri,Kec. Patani Timur,270213,Kab. Halmahera Tengah,270200,Prov. Maluku Utara,270000,11,5,49,6,6,0,1,10,11 Feb 2026 07:36:56,DE3B79EF4290A3185074
SMP NEGERI 20 HALMAHERA TENGAH,60202298,SMP,Negeri,Kec. Patani Timur,270213,Kab. Halmahera Tengah,270200,Prov. Maluku Utara,270000,20,2,76,3,3,2,1,22,26 Apr 2026 08:34:49,D04047688D338E44557C
SMP NEGERI 8 HALMAHERA TENGAH,60201133,SMP,Negeri,Kec. Patani Timur,270213,Kab. Halmahera Tengah,270200,Prov. Maluku Utara,270000,22,5,118,6,6,2,1,22,29 Apr 2026 22:07:15,EB7747911A11A819F8A6
SMP NURUL SYAH FITRI,70055086,SMP,Swasta,Kec. Patani Timur,270213,Kab. Halmahera Tengah,270200,Prov. Maluku Utara,270000,0,0,0,0,0,0,0,0,,95D63B0C57807BEDDB00
SMA NEGERI 10 HALMAHERA TENGAH,69774801,SMA,Negeri,Kec. Patani Timur,270213,Kab. Halmahera Tengah,270200,Prov. Maluku Utara,270000,11,3,66,3,4,2,0,64,02 May 2026 02:39:35,147DD88FEA22C9065811
SMK NEGERI 6 HALMAHERA TENGAH,60200211,SMK,Negeri,Kec. Patani Timur,270213,Kab. Halmahera Tengah,270200,Prov. Maluku Utara,270000,15,2,72,5,6,1,1,42,24 Apr 2026 07:06:06,D6B844885F20CA24B6A1
SD NEGERI 2 MESSA,60202492,SD,Negeri,Kec. Weda Timur,270212,Kab. Halmahera Tengah,270200,Prov. Maluku Utara,270000,12,3,87,6,6,0,1,12,08 Mar 2026 03:48:47,531C42792A9D7F7CD01A
SD NEGERI DOTTE,60202313,SD,Negeri,Kec. Weda Timur,270212,Kab. Halmahera Tengah,270200,Prov. Maluku Utara,270000,15,4,126,7,8,0,0,16,02 May 2026 18:24:54,AD7C9439658F5550DF1B
SD NEGERI MESSA,60200157,SD,Negeri,Kec. Weda Timur,270212,Kab. Halmahera Tengah,270200,Prov. Maluku Utara,270000,18,1,67,6,6,1,1,34,01 May 2026 21:33:41,5E8B8AD25C7E4E201488
SD NEGERI SP2 TRANS WALEH,69786645,SD,Negeri,Kec. Weda Timur,270212,Kab. Halmahera Tengah,270200,Prov. Maluku Utara,270000,16,3,26,6,6,0,0,25,15 Apr 2026 03:32:48,8EA844928AB9B514490F
SD NEGERI YEKE,60200187,SD,Negeri,Kec. Weda Timur,270212,Kab. Halmahera Tengah,270200,Prov. Maluku Utara,270000,14,2,78,6,7,0,0,25,06 Feb 2026 10:29:07,9C96167B1AC9F1073315
SMP NEGERI 11 HALMAHERA TENGAH,60201138,SMP,Negeri,Kec. Weda Timur,270212,Kab. Halmahera Tengah,270200,Prov. Maluku Utara,270000,15,3,83,4,4,2,1,20,22 Apr 2026 06:29:09,11E46D041B75C40B37BD
SMP NEGERI 27 HALMAHERA TENGAH,69765026,SMP,Negeri,Kec. Weda Timur,270212,Kab. Halmahera Tengah,270200,Prov. Maluku Utara,270000,15,3,53,3,3,1,1,37,15 Apr 2026 06:32:47,66CF5F3804CFFCB6B4A5
SMP YEKE,70012574,SMP,Negeri,Kec. Weda Timur,270212,Kab. Halmahera Tengah,270200,Prov. Maluku Utara,270000,14,2,46,3,4,1,0,64,28 Apr 2026 12:35:13,898204215176134219E6
SMA NEGERI 9 HALMAHERA TENGAH,60203605,SMA,Negeri,Kec. Weda Timur,270212,Kab. Halmahera Tengah,270200,Prov. Maluku Utara,270000,16,2,80,3,7,4,1,41,14 Apr 2026 00:43:18,E718FECB243D07325539
SMAS IT FAGOGORU,69964236,SMA,Swasta,Kec. Weda Timur,270212,Kab. Halmahera Tengah,270200,Prov. Maluku Utara,270000,2,1,53,3,3,0,0,10,20 Apr 2026 18:25:38,349E3CBE9AF4155F17B5
SD INPRES SIBENPOPO,60200174,SD,Negeri,Kec. Patani Barat,270211,Kab. Halmahera Tengah,270200,Prov. Maluku Utara,270000,14,1,74,6,6,0,1,54,29 Apr 2026 20:14:44,D6256FEFF5962BA3F50D
SD NEGERI 1 BANEMO,60202303,SD,Negeri,Kec. Patani Barat,270211,Kab. Halmahera Tengah,270200,Prov. Maluku Utara,270000,15,4,105,6,7,0,1,13,21 Feb 2026 20:31:17,B1EB5485709FEE99DD0C
SD NEGERI 2 BANEMO,60200226,SD,Negeri,Kec. Patani Barat,270211,Kab. Halmahera Tengah,270200,Prov. Maluku Utara,270000,12,2,121,6,6,0,1,32,27 Apr 2026 22:55:21,9471CF7190521A6D198E
SD NEGERI 3 BANEMO,60200232,SD,Negeri,Kec. Patani Barat,270211,Kab. Halmahera Tengah,270200,Prov. Maluku Utara,270000,24,2,103,6,9,0,1,21,29 Apr 2026 11:48:00,19AF4CD3DD02AC800918
SD NEGERI MOREALA,60200158,SD,Negeri,Kec. Patani Barat,270211,Kab. Halmahera Tengah,270200,Prov. Maluku Utara,270000,20,2,139,6,7,0,1,38,22 Apr 2026 07:06:37,5BB780B3DAB9AB8282FC
SMP NEGERI 14 HALMAHERA TENGAH,60201135,SMP,Negeri,Kec. Patani Barat,270211,Kab. Halmahera Tengah,270200,Prov. Maluku Utara,270000,27,3,77,3,3,1,1,101,25 Apr 2026 10:03:41,068B4835DB35F2792772
SMP NEGERI 23 HALMAHERA TENGAH,60202490,SMP,Negeri,Kec. Patani Barat,270211,Kab. Halmahera Tengah,270200,Prov. Maluku Utara,270000,25,1,70,3,4,1,1,21,01 May 2026 18:37:13,0F39352B9320E702C11B
SMP NEGERI 6 HALMAHERA TENGAH,60201130,SMP,Negeri,Kec. Patani Barat,270211,Kab. Halmahera Tengah,270200,Prov. Maluku Utara,270000,22,1,51,3,3,2,1,37,22 Apr 2026 09:11:43,036B3A1E430005C9A0DE
