nama_sekolah,npsn,bentuk_pendidikan,status_sekolah,kecamatan,kode_kecamatan,kabupaten,kode_kabupaten,provinsi,kode_provinsi,jumlah_guru_ptk,jumlah_pegawai,jumlah_peserta_didik,jumlah_rombel,jumlah_ruang_kelas,jumlah_lab,jumlah_perpustakaan,jumlah_kirim_sinkron,sinkron_terakhir,sekolah_id_enkrip
SD NEGERI 001 CAMPALAGIAN,40600877,SD,Negeri,Kec. Campalagian,330303,Kab. Polewali Mandar,330300,Prov. Sulawesi Barat,330000,18,4,233,12,12,0,1,21,06 Apr 2026 22:31:15,F944C6CE2C6C54EFD2EF
SD NEGERI 002 CAMPALAGIAN,40600868,SD,Negeri,Kec. Campalagian,330303,Kab. Polewali Mandar,330300,Prov. Sulawesi Barat,330000,8,1,87,6,6,0,1,9,05 Apr 2026 08:15:11,26A748AB077A8D295828
SD NEGERI 003 CAMPALAGIAN,40601874,SD,Negeri,Kec. Campalagian,330303,Kab. Polewali Mandar,330300,Prov. Sulawesi Barat,330000,10,2,106,6,7,1,1,28,04 Apr 2026 12:10:13,3CFE7081F967108FC4F5
SD NEGERI 004 UJUNG,40600915,SD,Negeri,Kec. Campalagian,330303,Kab. Polewali Mandar,330300,Prov. Sulawesi Barat,330000,9,2,77,6,6,0,1,15,20 Apr 2026 10:30:00,02E5BFEF53510E8AAC21
SD NEGERI 005 LAPEO,40600916,SD,Negeri,Kec. Campalagian,330303,Kab. Polewali Mandar,330300,Prov. Sulawesi Barat,330000,15,3,185,9,9,0,1,34,24 Feb 2026 05:24:34,B7A20EB4AFD6FBB5138B
SD NEGERI 006 LABUANG,40600894,SD,Negeri,Kec. Campalagian,330303,Kab. Polewali Mandar,330300,Prov. Sulawesi Barat,330000,8,1,76,6,4,0,0,15,11 Apr 2026 04:53:17,B1F0D172E7C2B6E4F158
SD NEGERI 007 PARAPPE,40600902,SD,Negeri,Kec. Campalagian,330303,Kab. Polewali Mandar,330300,Prov. Sulawesi Barat,330000,10,4,84,6,6,0,1,23,27 Apr 2026 11:20:50,BCA1B38167F28279AD86
SD NEGERI 008 PANYAMPA,40600577,SD,Negeri,Kec. Campalagian,330303,Kab. Polewali Mandar,330300,Prov. Sulawesi Barat,330000,6,3,160,7,7,1,1,15,03 Mar 2026 20:06:39,A70CC0714C3A026BDA34
SD NEGERI 009 KATUMBANGAN,40600596,SD,Negeri,Kec. Campalagian,330303,Kab. Polewali Mandar,330300,Prov. Sulawesi Barat,330000,13,2,139,6,6,0,1,22,06 Apr 2026 15:40:56,B792A2F795D55E563D03
SD NEGERI 010 KATUMBANGAN,40600601,SD,Negeri,Kec. Campalagian,330303,Kab. Polewali Mandar,330300,Prov. Sulawesi Barat,330000,9,4,172,7,7,1,1,28,28 Apr 2026 07:46:24,71F2A14546EA4AFD80C6
SD NEGERI 011 RAPPOGADING,40600591,SD,Negeri,Kec. Campalagian,330303,Kab. Polewali Mandar,330300,Prov. Sulawesi Barat,330000,18,2,295,12,9,0,0,19,13 Apr 2026 08:27:19,B511BFE2183564056722
SD NEGERI 012 GATTUNGAN,40600581,SD,Negeri,Kec. Campalagian,330303,Kab. Polewali Mandar,330300,Prov. Sulawesi Barat,330000,9,1,32,6,5,0,0,7,03 Mar 2026 18:29:44,E0A974C420946751E3A8
SD NEGERI 013 BOTTO,40600586,SD,Negeri,Kec. Campalagian,330303,Kab. Polewali Mandar,330300,Prov. Sulawesi Barat,330000,9,2,134,7,6,0,1,33,10 Apr 2026 12:08:31,457F3D9775DDB62E62BD
SD NEGERI 014 SUMARANG,40600605,SD,Negeri,Kec. Campalagian,330303,Kab. Polewali Mandar,330300,Prov. Sulawesi Barat,330000,9,4,31,6,6,0,0,24,13 Mar 2026 10:53:57,91F95B1D040BB86AEA13
SD NEGERI 015 BERU-BERU,40600622,SD,Negeri,Kec. Campalagian,330303,Kab. Polewali Mandar,330300,Prov. Sulawesi Barat,330000,9,2,48,6,6,0,1,15,07 Apr 2026 06:36:31,39C39019A48F92C9AB73
SD NEGERI 016 BUTTU,40600626,SD,Negeri,Kec. Campalagian,330303,Kab. Polewali Mandar,330300,Prov. Sulawesi Barat,330000,10,5,51,6,5,0,1,16,15 Apr 2026 09:02:40,F046A58B661532CDB4DA
SD NEGERI 026 BANUA BARU,40602481,SD,Negeri,Kec. Campalagian,330303,Kab. Polewali Mandar,330300,Prov. Sulawesi Barat,330000,8,3,147,6,6,0,1,14,24 Apr 2026 06:56:52,BFB06AA8B87677561D57
SD NEGERI 027 LABUANG,40600793,SD,Negeri,Kec. Campalagian,330303,Kab. Polewali Mandar,330300,Prov. Sulawesi Barat,330000,16,1,217,11,6,0,1,10,02 Apr 2026 08:52:56,ECE341B6F8C310F597BE
SD NEGERI 028 LAPEO,40600795,SD,Negeri,Kec. Campalagian,330303,Kab. Polewali Mandar,330300,Prov. Sulawesi Barat,330000,13,3,208,9,6,0,1,30,29 Apr 2026 07:47:55,8782B1BC23ACE0ED8466
SD NEGERI 029 BOTTO,40600566,SD,Negeri,Kec. Campalagian,330303,Kab. Polewali Mandar,330300,Prov. Sulawesi Barat,330000,14,1,304,12,12,1,1,15,09 Apr 2026 09:11:09,FE18F83FC01ECDBB2F7E
SD NEGERI 030 ONGKO,40600797,SD,Negeri,Kec. Campalagian,330303,Kab. Polewali Mandar,330300,Prov. Sulawesi Barat,330000,9,1,105,6,6,0,1,18,04 Mar 2026 11:55:41,E492DD047F8119554415
SD NEGERI 031 KATUMBANGAN,40600800,SD,Negeri,Kec. Campalagian,330303,Kab. Polewali Mandar,330300,Prov. Sulawesi Barat,330000,9,4,135,6,6,0,1,13,13 Apr 2026 20:00:39,8A53B602BC2A530F1A04
SD NEGERI 032 SUMARANG,40600804,SD,Negeri,Kec. Campalagian,330303,Kab. Polewali Mandar,330300,Prov. Sulawesi Barat,330000,13,2,145,9,8,0,1,9,10 Apr 2026 17:05:04,3365E6C39C00B2F1965F
SD NEGERI 033 SURUANG,40600791,SD,Negeri,Kec. Campalagian,330303,Kab. Polewali Mandar,330300,Prov. Sulawesi Barat,330000,10,4,162,8,6,0,1,27,28 Apr 2026 10:28:27,3D435897AF19FF90BF96
SD NEGERI 036 BONDE,40600784,SD,Negeri,Kec. Campalagian,330303,Kab. Polewali Mandar,330300,Prov. Sulawesi Barat,330000,16,1,265,12,10,0,1,28,28 Apr 2026 19:22:44,9C4EC11BCFCBA354980A
SD NEGERI 037 LALIKO,40600786,SD,Negeri,Kec. Campalagian,330303,Kab. Polewali Mandar,330300,Prov. Sulawesi Barat,330000,13,2,178,9,6,0,1,7,08 Apr 2026 17:57:19,72191C107E0D52DA04A2
SD NEGERI 038 PANGESORAN,40600575,SD,Negeri,Kec. Campalagian,330303,Kab. Polewali Mandar,330300,Prov. Sulawesi Barat,330000,10,2,99,6,6,1,1,12,01 Apr 2026 06:16:59,CFE14871C1CF4FB2359C
SD NEGERI 039 PANGGALO,40600709,SD,Negeri,Kec. Campalagian,330303,Kab. Polewali Mandar,330300,Prov. Sulawesi Barat,330000,18,3,225,12,8,0,2,35,17 Apr 2026 10:26:24,8A6674A79FBA4574DFAE
SD NEGERI 040 PALLUDAI,40600937,SD,Negeri,Kec. Campalagian,330303,Kab. Polewali Mandar,330300,Prov. Sulawesi Barat,330000,9,3,207,6,7,0,2,12,18 Apr 2026 09:15:28,560EC4938C272617EA93
SD NEGERI 042 PADANG DESA,40600942,SD,Negeri,Kec. Campalagian,330303,Kab. Polewali Mandar,330300,Prov. Sulawesi Barat,330000,7,1,78,6,6,1,1,7,27 Apr 2026 09:37:59,B349A3BFECA36725FC28
SD NEGERI 043 POMBUTTU,40601893,SD,Negeri,Kec. Campalagian,330303,Kab. Polewali Mandar,330300,Prov. Sulawesi Barat,330000,8,3,119,6,6,0,0,25,08 Apr 2026 12:33:46,98525A49B44768A4642B
SD NEGERI 045 BERU-BERU,40601536,SD,Negeri,Kec. Campalagian,330303,Kab. Polewali Mandar,330300,Prov. Sulawesi Barat,330000,9,2,53,6,6,0,0,37,25 Apr 2026 10:49:12,0995B532903F52E7D501
SD NEGERI 047 BAURUNG,40601538,SD,Negeri,Kec. Campalagian,330303,Kab. Polewali Mandar,330300,Prov. Sulawesi Barat,330000,14,5,187,9,10,0,1,7,09 Mar 2026 08:34:03,985F3CE89A70FDD962CE
SD NEGERI 048 PESSUNAN,40600928,SD,Negeri,Kec. Campalagian,330303,Kab. Polewali Mandar,330300,Prov. Sulawesi Barat,330000,14,3,161,13,10,0,1,38,27 Apr 2026 14:10:10,718E36DCD58D05186454
SD NEGERI 050 PAPPANG,40600933,SD,Negeri,Kec. Campalagian,330303,Kab. Polewali Mandar,330300,Prov. Sulawesi Barat,330000,8,2,144,6,10,0,1,10,04 Apr 2026 08:41:50,D107F39D695402AE803F
SD NEGERI 051 LAMPOKO,40600949,SD,Negeri,Kec. Campalagian,330303,Kab. Polewali Mandar,330300,Prov. Sulawesi Barat,330000,14,2,214,9,6,0,0,19,02 Apr 2026 19:05:03,56D18BF83BB4EE05A676
SD NEGERI 054 UJUNG GALUNG,69762750,SD,Negeri,Kec. Campalagian,330303,Kab. Polewali Mandar,330300,Prov. Sulawesi Barat,330000,8,4,61,6,6,1,1,9,09 Apr 2026 18:59:14,497367093D21CF658E22
SD NEGERI 055 PASSAIRANG,40600972,SD,Negeri,Kec. Campalagian,330303,Kab. Polewali Mandar,330300,Prov. Sulawesi Barat,330000,11,1,128,6,6,0,1,28,13 Apr 2026 07:48:01,7282BD988D5F053F9568
SD NEGERI 056 LELUPANG,40600976,SD,Negeri,Kec. Campalagian,330303,Kab. Polewali Mandar,330300,Prov. Sulawesi Barat,330000,11,3,59,6,6,0,1,47,18 Apr 2026 21:24:12,4CD78D5F5F82B4346412
SD NEGERI 058 PARAPPE,40600963,SD,Negeri,Kec. Campalagian,330303,Kab. Polewali Mandar,330300,Prov. Sulawesi Barat,330000,7,3,122,6,6,0,1,20,11 Apr 2026 07:07:31,F534C7A4172FB7D50E47
SD NEGERI 059 KAMPUNG LANU,40600744,SD,Negeri,Kec. Campalagian,330303,Kab. Polewali Mandar,330300,Prov. Sulawesi Barat,330000,10,1,51,6,6,0,1,16,27 Apr 2026 23:19:33,1143FF10BEF591110B31
SD NEGERI 063 LAGIAGI,40600921,SD,Negeri,Kec. Campalagian,330303,Kab. Polewali Mandar,330300,Prov. Sulawesi Barat,330000,13,1,185,9,7,0,1,14,26 Apr 2026 19:59:25,F3CBE3792A190ADC9351
SD NEGERI 064 LIMBORO,40600879,SD,Negeri,Kec. Campalagian,330303,Kab. Polewali Mandar,330300,Prov. Sulawesi Barat,330000,9,2,19,6,3,0,1,13,03 Mar 2026 20:27:30,1817F0E98C971E134F46
SMP NEGERI 1 CAMPALAGIAN,40600642,SMP,Negeri,Kec. Campalagian,330303,Kab. Polewali Mandar,330300,Prov. Sulawesi Barat,330000,48,8,715,23,30,2,1,35,25 Apr 2026 10:01:55,82559CE86988476C618E
SMP NEGERI 4 CAMPALAGIAN,40600688,SMP,Negeri,Kec. Campalagian,330303,Kab. Polewali Mandar,330300,Prov. Sulawesi Barat,330000,14,2,210,9,9,2,1,25,29 Apr 2026 10:32:08,7B54C1FC206A02CCCA7F
SMP NEGERI 5 CAMPALAGIAN,40604383,SMP,Negeri,Kec. Campalagian,330303,Kab. Polewali Mandar,330300,Prov. Sulawesi Barat,330000,12,5,103,5,6,2,1,18,21 Apr 2026 07:04:39,D7D8F25AFDEA4FCF5AE5
SMP NEGERI 6 CAMPALAGIAN,40605037,SMP,Negeri,Kec. Campalagian,330303,Kab. Polewali Mandar,330300,Prov. Sulawesi Barat,330000,16,4,183,7,7,1,1,32,07 Apr 2026 07:42:24,D52C6ABF9BC116BAA430
SMP NEGERI 7 CAMPALAGIAN-SURUANG,40605038,SMP,Negeri,Kec. Campalagian,330303,Kab. Polewali Mandar,330300,Prov. Sulawesi Barat,330000,9,5,58,3,3,1,1,17,05 Mar 2026 08:23:03,4837E751D68ED77B92EC
SMP NEGERI KATUMBANGAN LEMO,40600670,SMP,Negeri,Kec. Campalagian,330303,Kab. Polewali Mandar,330300,Prov. Sulawesi Barat,330000,29,6,322,12,13,3,1,29,24 Apr 2026 16:33:27,C9E3AA06F1784FE263D4
SMP NEGERI SATAP KATUMBANGAN,69858475,SMP,Negeri,Kec. Campalagian,330303,Kab. Polewali Mandar,330300,Prov. Sulawesi Barat,330000,14,4,172,6,4,2,0,16,24 Apr 2026 21:12:38,7DFD4CCCCFFC6A3A1C4C
SMP NEGERI SATAP PANYAMPA,69909539,SMP,Negeri,Kec. Campalagian,330303,Kab. Polewali Mandar,330300,Prov. Sulawesi Barat,330000,12,5,80,3,3,2,0,22,23 Apr 2026 12:21:13,AD7125536F915CDCE1C5
SMP NEGERI SATAP POMBUTTU,69788003,SMP,Negeri,Kec. Campalagian,330303,Kab. Polewali Mandar,330300,Prov. Sulawesi Barat,330000,12,2,50,3,3,0,0,18,16 Apr 2026 14:02:36,F4556632CDBDD868AEBC
SMP IT AL-IRWAN PANGGALO,70051603,SMP,Swasta,Kec. Campalagian,330303,Kab. Polewali Mandar,330300,Prov. Sulawesi Barat,330000,11,2,29,3,3,0,0,20,29 Apr 2026 10:39:15,454E87DC0280F3AD4619
SMPS PPM AL IKHLASH,40600640,SMP,Swasta,Kec. Campalagian,330303,Kab. Polewali Mandar,330300,Prov. Sulawesi Barat,330000,15,2,170,7,8,2,1,16,07 Mar 2026 15:56:00,10C97A5703D4397FF0AA
UPTD SMA NEGERI 2 CAMPALAGIAN,69950235,SMA,Negeri,Kec. Campalagian,330303,Kab. Polewali Mandar,330300,Prov. Sulawesi Barat,330000,37,12,278,10,11,4,1,22,23 Apr 2026 10:10:43,EEFDD9C09099EA8E2B27
UPTD SMAN 1 CAMPALAGIAN,40600649,SMA,Negeri,Kec. Campalagian,330303,Kab. Polewali Mandar,330300,Prov. Sulawesi Barat,330000,74,11,1130,33,34,5,1,53,30 Apr 2026 09:46:04,6868E1C07C9BC881E751
SMAS PPM AL IKHLAS,40600747,SMA,Swasta,Kec. Campalagian,330303,Kab. Polewali Mandar,330300,Prov. Sulawesi Barat,330000,19,5,195,7,8,1,1,26,28 Apr 2026 11:20:26,A1A8E517D974C92E9AF0
UPTD SMKN LABUANG,40604382,SMK,Negeri,Kec. Campalagian,330303,Kab. Polewali Mandar,330300,Prov. Sulawesi Barat,330000,50,9,473,23,23,4,1,68,02 May 2026 16:10:24,70003030F2C95CB74861
SMKS MADANI MANDAR,69949537,SMK,Swasta,Kec. Campalagian,330303,Kab. Polewali Mandar,330300,Prov. Sulawesi Barat,330000,8,3,34,3,3,1,1,22,17 Apr 2026 08:50:32,9F5E7781C69EB94F3523
SMKS PESANTREN AL IKHLASH,40605152,SMK,Swasta,Kec. Campalagian,330303,Kab. Polewali Mandar,330300,Prov. Sulawesi Barat,330000,2,0,0,0,0,0,0,0,,0B8A42D003D313D9A288
SD NEGERI 001 POLEWALI,40600865,SD,Negeri,Kec. Polewali,330305,Kab. Polewali Mandar,330300,Prov. Sulawesi Barat,330000,28,4,632,21,17,0,1,25,14 Apr 2026 09:41:35,9670FC24E482BFD6584E
SD NEGERI 002 POLEWALI,40600870,SD,Negeri,Kec. Polewali,330305,Kab. Polewali Mandar,330300,Prov. Sulawesi Barat,330000,15,5,179,10,9,0,1,7,22 Apr 2026 09:56:36,4A58E6ADC7A6BCE96794
SD NEGERI 003 POLEWALI,40602459,SD,Negeri,Kec. Polewali,330305,Kab. Polewali Mandar,330300,Prov. Sulawesi Barat,330000,11,3,102,6,6,0,1,25,15 Apr 2026 20:06:35,92EADC10AF905D060A3D
SD NEGERI 004 POLEWALI,40600913,SD,Negeri,Kec. Polewali,330305,Kab. Polewali Mandar,330300,Prov. Sulawesi Barat,330000,8,3,65,6,6,0,1,24,27 Apr 2026 19:13:03,C967B4BF8791CC473B5E
SD NEGERI 005 POLEWALI,40600919,SD,Negeri,Kec. Polewali,330305,Kab. Polewali Mandar,330300,Prov. Sulawesi Barat,330000,8,1,120,6,6,0,0,26,26 Apr 2026 04:46:45,0664B7920608F95B12E7
SD NEGERI 006 POLEWALI,40600896,SD,Negeri,Kec. Polewali,330305,Kab. Polewali Mandar,330300,Prov. Sulawesi Barat,330000,9,1,152,6,6,0,0,28,10 Apr 2026 11:25:13,23ABB8F89BD50E2FEC08
SD NEGERI 007 LANTORA,40600901,SD,Negeri,Kec. Polewali,330305,Kab. Polewali Mandar,330300,Prov. Sulawesi Barat,330000,19,4,330,12,12,0,0,26,01 May 2026 09:43:53,21776AB5D238344664A9
SD NEGERI 008 SULEWATANG,40600593,SD,Negeri,Kec. Polewali,330305,Kab. Polewali Mandar,330300,Prov. Sulawesi Barat,330000,17,4,207,12,12,0,1,25,04 Apr 2026 16:54:59,2CEBDDBAE935126D4C88
SD NEGERI 009 TAKATIDUNG,40600597,SD,Negeri,Kec. Polewali,330305,Kab. Polewali Mandar,330300,Prov. Sulawesi Barat,330000,12,3,110,6,6,0,1,27,16 Apr 2026 11:04:34,18E1D7FF02759730E973
SD NEGERI 017 MANDING,40600618,SD,Negeri,Kec. Polewali,330305,Kab. Polewali Mandar,330300,Prov. Sulawesi Barat,330000,24,4,398,17,9,1,1,22,30 Mar 2026 12:41:35,1DDE5AFE5F610A7171AE
SD NEGERI 018 MANDING,40600610,SD,Negeri,Kec. Polewali,330305,Kab. Polewali Mandar,330300,Prov. Sulawesi Barat,330000,19,3,286,13,8,0,1,129,30 Apr 2026 21:42:19,16C8CE8028AC8454DF4C
SD NEGERI 019 MANDING,40600614,SD,Negeri,Kec. Polewali,330305,Kab. Polewali Mandar,330300,Prov. Sulawesi Barat,330000,18,3,260,12,12,0,1,34,17 Apr 2026 10:01:12,96C4725A3FA3E4B21BAC
SD NEGERI 023 DARA,40600542,SD,Negeri,Kec. Polewali,330305,Kab. Polewali Mandar,330300,Prov. Sulawesi Barat,330000,8,3,138,6,8,0,1,13,06 Apr 2026 10:36:32,D20DE1BBFFF1F1DF4CB9
SD NEGERI 026 LANTORA,40600776,SD,Negeri,Kec. Polewali,330305,Kab. Polewali Mandar,330300,Prov. Sulawesi Barat,330000,10,4,120,6,6,1,1,25,13 Apr 2026 11:19:29,4DE5256E1E5F63972856
SD NEGERI 027 TAKATIDUNG,40600529,SD,Negeri,Kec. Polewali,330305,Kab. Polewali Mandar,330300,Prov. Sulawesi Barat,330000,18,2,272,12,12,0,1,24,16 Apr 2026 10:37:12,EAB2E5C6A10A6252320A
SD NEGERI 028 PEKKABATA,40600563,SD,Negeri,Kec. Polewali,330305,Kab. Polewali Mandar,330300,Prov. Sulawesi Barat,330000,25,3,401,18,17,1,1,27,30 Apr 2026 19:38:33,0AA639A284C20700B86D
SD NEGERI 029 TANRO,40600571,SD,Negeri,Kec. Polewali,330305,Kab. Polewali Mandar,330300,Prov. Sulawesi Barat,330000,9,3,65,6,9,1,1,29,14 Apr 2026 07:51:41,D9D87E00823B2492AFC6
SD NEGERI 033 DARMA,40602484,SD,Negeri,Kec. Polewali,330305,Kab. Polewali Mandar,330300,Prov. Sulawesi Barat,330000,16,1,231,12,11,0,1,60,27 Apr 2026 11:49:49,686F80AA6A956B4996CC
SD NEGERI 034 POLEWALI,40600551,SD,Negeri,Kec. Polewali,330305,Kab. Polewali Mandar,330300,Prov. Sulawesi Barat,330000,9,2,82,6,6,0,1,17,16 Apr 2026 19:29:49,3E9356FC09F71DCD9384
SD NEGERI 039 MANDING,40600708,SD,Negeri,Kec. Polewali,330305,Kab. Polewali Mandar,330300,Prov. Sulawesi Barat,330000,16,5,294,12,5,0,1,36,15 Apr 2026 06:01:53,BA0B3AC2436BA3561005
SD NEGERI 042 SULEWATANG,40600715,SD,Negeri,Kec. Polewali,330305,Kab. Polewali Mandar,330300,Prov. Sulawesi Barat,330000,10,1,119,6,6,0,1,39,29 Apr 2026 07:49:00,87E8064BF808A3FE4CCE
SD NEGERI 048 MAMBULILLING,40600700,SD,Negeri,Kec. Polewali,330305,Kab. Polewali Mandar,330300,Prov. Sulawesi Barat,330000,11,4,158,7,7,0,1,10,11 Feb 2026 13:48:30,97DA51D795DE2FBA8353
SD NEGERI 050 MANDING,40600728,SD,Negeri,Kec. Polewali,330305,Kab. Polewali Mandar,330300,Prov. Sulawesi Barat,330000,8,3,103,6,7,0,1,14,30 Apr 2026 20:58:59,45C980868624AA219150
SD NEGERI 060 PEKKABATA,40600745,SD,Negeri,Kec. Polewali,330305,Kab. Polewali Mandar,330300,Prov. Sulawesi Barat,330000,26,3,522,19,15,0,1,18,05 Mar 2026 11:26:33,F561AF009F7AEB84A61E
SD NEGERI 066 PEKKABATA,40600723,SD,Negeri,Kec. Polewali,330305,Kab. Polewali Mandar,330300,Prov. Sulawesi Barat,330000,28,5,593,21,21,0,1,89,27 Apr 2026 10:48:39,9C15AFF9E76F851A776E
SD NEGERI 067 MALAQBI,69964908,SD,Negeri,Kec. Polewali,330305,Kab. Polewali Mandar,330300,Prov. Sulawesi Barat,330000,8,2,140,6,6,0,0,9,15 Apr 2026 12:12:28,B29B24A2F55E4A4BAB47
SD AL-QURAN WAHDAH ISLAMIYAH,70009847,SD,Swasta,Kec. Polewali,330305,Kab. Polewali Mandar,330300,Prov. Sulawesi Barat,330000,16,5,333,13,13,0,1,43,25 Apr 2026 06:50:39,FC2E853DC6CE2957CD25
SD DDI POLEWALI,40605147,SD,Swasta,Kec. Polewali,330305,Kab. Polewali Mandar,330300,Prov. Sulawesi Barat,330000,8,2,41,6,6,0,1,18,23 Apr 2026 14:37:33,44B68D8546B43DE8857C
SD ISLAM TERPADU POLEWALI,69972710,SD,Swasta,Kec. Polewali,330305,Kab. Polewali Mandar,330300,Prov. Sulawesi Barat,330000,8,1,167,7,6,0,1,14,14 Apr 2026 15:46:16,79BD9DAEF8AFBCDAC469
SMP NEGERI 1 POLEWALI,40600643,SMP,Negeri,Kec. Polewali,330305,Kab. Polewali Mandar,330300,Prov. Sulawesi Barat,330000,44,9,626,21,25,3,1,23,30 Apr 2026 08:32:36,15A4FE7378BD3743C17D
SMP NEGERI 2 POLEWALI,40600679,SMP,Negeri,Kec. Polewali,330305,Kab. Polewali Mandar,330300,Prov. Sulawesi Barat,330000,43,7,600,21,21,2,1,99,22 Apr 2026 08:53:46,EDE6F034E4DF3D0A179F
SMP NEGERI 3 POLEWALI,40600684,SMP,Negeri,Kec. Polewali,330305,Kab. Polewali Mandar,330300,Prov. Sulawesi Barat,330000,50,10,876,28,28,4,1,20,24 Apr 2026 17:57:20,5BE8F061946732028C60
SMP NEGERI 4 POLEWALI,40600689,SMP,Negeri,Kec. Polewali,330305,Kab. Polewali Mandar,330300,Prov. Sulawesi Barat,330000,49,7,782,25,26,2,1,42,24 Apr 2026 16:02:29,BD7FBB5DC207E795BD8C
SMP NEGERI 6 POLEWALI,40600665,SMP,Negeri,Kec. Polewali,330305,Kab. Polewali Mandar,330300,Prov. Sulawesi Barat,330000,16,5,207,8,11,2,1,29,02 May 2026 19:13:42,22F6D4D8973978D47083
SMPS DDI POLEWALI,40605039,SMP,Swasta,Kec. Polewali,330305,Kab. Polewali Mandar,330300,Prov. Sulawesi Barat,330000,9,2,116,5,7,0,1,69,16 Apr 2026 14:00:31,0A46D20CF4E2994072E2
UPTD SMAN 1 POLEWALI,40600650,SMA,Negeri,Kec. Polewali,330305,Kab. Polewali Mandar,330300,Prov. Sulawesi Barat,330000,72,24,1244,34,34,5,1,30,30 Apr 2026 13:03:45,1D325FF01AB4D38FE1CF
UPTD SMAN 2 POLEWALI,40600653,SMA,Negeri,Kec. Polewali,330305,Kab. Polewali Mandar,330300,Prov. Sulawesi Barat,330000,57,12,954,28,32,4,1,62,27 Apr 2026 07:26:53,A69CAA23A7DE9BEEBEC3
UPTD SMAN 3 POLEWALI,40600654,SMA,Negeri,Kec. Polewali,330305,Kab. Polewali Mandar,330300,Prov. Sulawesi Barat,330000,84,17,1141,33,32,6,1,65,30 Apr 2026 10:10:26,4C5AA8D60F4A4D6886F1
UPTD SMAN 4 POLEWALI,69760850,SMA,Negeri,Kec. Polewali,330305,Kab. Polewali Mandar,330300,Prov. Sulawesi Barat,330000,18,6,141,5,6,4,1,36,29 Apr 2026 09:59:15,582ADA080C5FE044EB7A
UPTD SMKN 1 POLEWALI,40600656,SMK,Negeri,Kec. Polewali,330305,Kab. Polewali Mandar,330300,Prov. Sulawesi Barat,330000,76,18,1057,33,34,2,1,123,28 Apr 2026 13:22:17,24A5FAA6E25CDF5C8CBC
UPTD SMKN 2 POLEWALI,69760852,SMK,Negeri,Kec. Polewali,330305,Kab. Polewali Mandar,330300,Prov. Sulawesi Barat,330000,22,4,79,9,11,0,0,35,27 Apr 2026 09:40:08,D83C2F143B8CDC6B7244
SMK SURYA HUSADA,69895794,SMK,Swasta,Kec. Polewali,330305,Kab. Polewali Mandar,330300,Prov. Sulawesi Barat,330000,6,1,47,3,3,1,1,20,30 Apr 2026 13:41:41,5610D729E4A24A493CEA
SMKS DDI POLEWALI,40605150,SMK,Swasta,Kec. Polewali,330305,Kab. Polewali Mandar,330300,Prov. Sulawesi Barat,330000,13,1,63,4,9,1,1,49,04 Mar 2026 07:30:50,E04011269D85D13DC666
SMKS MA ARIF HUSNUL KHATIMAH,40605749,SMK,Swasta,Kec. Polewali,330305,Kab. Polewali Mandar,330300,Prov. Sulawesi Barat,330000,27,6,154,13,9,1,1,32,21 Apr 2026 07:16:13,D81E8C2E7368712961E7
SD NEGERI 005 SIDODADI,40600907,SD,Negeri,Kec. Wonomulyo,330304,Kab. Polewali Mandar,330300,Prov. Sulawesi Barat,330000,9,1,67,6,6,1,1,7,20 Apr 2026 20:05:48,12393D5A17CF97394702
SD NEGERI 006 SIDODADI,40600898,SD,Negeri,Kec. Wonomulyo,330304,Kab. Polewali Mandar,330300,Prov. Sulawesi Barat,330000,16,1,212,11,11,0,0,27,17 Apr 2026 07:26:12,C23380C4444F3C020A61
SD NEGERI 007 SIDODADI,40600904,SD,Negeri,Kec. Wonomulyo,330304,Kab. Polewali Mandar,330300,Prov. Sulawesi Barat,330000,21,3,325,14,15,1,1,31,30 Apr 2026 07:28:20,CD5448B113DB44B397ED
SD NEGERI 008 SIDODADI,40600592,SD,Negeri,Kec. Wonomulyo,330304,Kab. Polewali Mandar,330300,Prov. Sulawesi Barat,330000,9,3,124,6,14,0,1,24,04 Apr 2026 07:07:28,9B4704B17276C0C8B920
SD NEGERI 011 TUMPILING,40600580,SD,Negeri,Kec. Wonomulyo,330304,Kab. Polewali Mandar,330300,Prov. Sulawesi Barat,330000,9,2,99,6,6,0,1,15,31 Mar 2026 05:58:41,D68D4A96C4105749300F
SD NEGERI 012 GALESO,40602465,SD,Negeri,Kec. Wonomulyo,330304,Kab. Polewali Mandar,330300,Prov. Sulawesi Barat,330000,12,2,148,6,6,0,1,28,22 Apr 2026 09:38:15,F2FDD239C1EF4345A86A
SD NEGERI 013 SUMBERJO,40602466,SD,Negeri,Kec. Wonomulyo,330304,Kab. Polewali Mandar,330300,Prov. Sulawesi Barat,330000,9,3,97,6,7,0,1,28,13 Apr 2026 08:39:56,84D13F30E267FA048D9D
SD NEGERI 014 SUMBERJO,40600620,SD,Negeri,Kec. Wonomulyo,330304,Kab. Polewali Mandar,330300,Prov. Sulawesi Barat,330000,10,2,184,9,8,0,1,13,06 Apr 2026 20:44:46,CA009426AB6491DCEB78
SD NEGERI 015 SUMBERJO,40600624,SD,Negeri,Kec. Wonomulyo,330304,Kab. Polewali Mandar,330300,Prov. Sulawesi Barat,330000,14,5,202,10,9,0,1,20,30 Apr 2026 07:39:38,4FF4DE37F5E795DE8347
SD NEGERI 017 SIDOREJO,40600607,SD,Negeri,Kec. Wonomulyo,330304,Kab. Polewali Mandar,330300,Prov. Sulawesi Barat,330000,18,3,208,11,12,0,1,24,14 Apr 2026 06:20:20,AD6AD878AB171CC00C4A
SD NEGERI 020 KEBUNSARI,40600632,SD,Negeri,Kec. Wonomulyo,330304,Kab. Polewali Mandar,330300,Prov. Sulawesi Barat,330000,9,4,124,6,6,1,1,7,10 Apr 2026 10:25:52,E3F58B437A559F8893F3
SD NEGERI 022 KEBUNSARI,40600539,SD,Negeri,Kec. Wonomulyo,330304,Kab. Polewali Mandar,330300,Prov. Sulawesi Barat,330000,9,1,80,6,6,0,1,13,06 Apr 2026 11:33:33,2A0BD6ADE3A2DC25C56A
SD NEGERI 023 KEBUNSARI,40600544,SD,Negeri,Kec. Wonomulyo,330304,Kab. Polewali Mandar,330300,Prov. Sulawesi Barat,330000,9,3,95,6,6,0,1,21,10 Mar 2026 09:33:27,4A1F5CA8EDE9FE3A99E5
SD NEGERI 029 SUMBERJO,40600570,SD,Negeri,Kec. Wonomulyo,330304,Kab. Polewali Mandar,330300,Prov. Sulawesi Barat,330000,15,2,314,12,11,1,1,35,29 Apr 2026 06:22:16,604F37FAEB9A771472AD
SD NEGERI 031 TUMPILING,40600801,SD,Negeri,Kec. Wonomulyo,330304,Kab. Polewali Mandar,330300,Prov. Sulawesi Barat,330000,11,3,164,8,8,0,1,6,03 Mar 2026 12:43:15,96883456D5EEF93BB4CB
SD NEGERI 032 KEBUNSARI,40600802,SD,Negeri,Kec. Wonomulyo,330304,Kab. Polewali Mandar,330300,Prov. Sulawesi Barat,330000,10,3,145,6,6,0,1,13,04 Apr 2026 07:42:40,20065C9B9AFB352606B4
SD NEGERI 036 PUCCEDA,40600785,SD,Negeri,Kec. Wonomulyo,330304,Kab. Polewali Mandar,330300,Prov. Sulawesi Barat,330000,13,2,171,9,7,0,1,34,14 Apr 2026 07:38:32,0A6D6B8639E406C0A1D1
SD NEGERI 037 BUTTU DAKKA,40600557,SD,Negeri,Kec. Wonomulyo,330304,Kab. Polewali Mandar,330300,Prov. Sulawesi Barat,330000,10,2,126,6,6,0,1,7,14 Apr 2026 10:17:35,94B5D6F569837C6C84DE
SD NEGERI 043 KEBUN DALAM,40600945,SD,Negeri,Kec. Wonomulyo,330304,Kab. Polewali Mandar,330300,Prov. Sulawesi Barat,330000,8,2,64,6,6,0,1,167,02 May 2026 07:35:54,34B835624F63669D9375
SD NEGERI 045 SIDODADI,40600694,SD,Negeri,Kec. Wonomulyo,330304,Kab. Polewali Mandar,330300,Prov. Sulawesi Barat,330000,9,2,134,6,7,0,1,14,01 May 2026 07:43:34,8C596ABB551B0236FF70
SD NEGERI 046 SIDOREJO,40600698,SD,Negeri,Kec. Wonomulyo,330304,Kab. Polewali Mandar,330300,Prov. Sulawesi Barat,330000,10,3,54,6,6,0,1,27,13 Apr 2026 19:41:44,7724AB5BB6D0D23DFEE4
SD NEGERI 052 GALESO,40600966,SD,Negeri,Kec. Wonomulyo,330304,Kab. Polewali Mandar,330300,Prov. Sulawesi Barat,330000,10,2,113,6,6,0,1,12,10 Apr 2026 17:25:28,5554B42A29F998FDBBFD
SD NEGERI 053 POHAYAM,40600970,SD,Negeri,Kec. Wonomulyo,330304,Kab. Polewali Mandar,330300,Prov. Sulawesi Barat,330000,9,3,93,6,6,0,1,20,28 Apr 2026 08:14:21,80794B61D6CFB5D15551
SD NEGERI 055 MAGELANG,40600737,SD,Negeri,Kec. Wonomulyo,330304,Kab. Polewali Mandar,330300,Prov. Sulawesi Barat,330000,8,2,33,6,6,0,1,1,13 Mar 2026 09:09:07,BDF88BC286E27763808D
SD NEGERI 060 MAMPIE,40600954,SD,Negeri,Kec. Wonomulyo,330304,Kab. Polewali Mandar,330300,Prov. Sulawesi Barat,330000,10,2,116,6,6,0,1,18,18 Apr 2026 10:30:02,4D64AF9D941E78B1A371
SD NEGERI 063 BAKKA-BAKKA,40602511,SD,Negeri,Kec. Wonomulyo,330304,Kab. Polewali Mandar,330300,Prov. Sulawesi Barat,330000,10,2,101,6,6,0,1,22,30 Mar 2026 08:37:04,0F0C84BEF4DDD8A87F9B
SD NEGERI 069 LANRAE,40600887,SD,Negeri,Kec. Wonomulyo,330304,Kab. Polewali Mandar,330300,Prov. Sulawesi Barat,330000,8,4,144,6,6,0,1,14,10 Apr 2026 19:58:16,BC9303610920B3E774A4
SD NEGERI BANUA BARU,40605727,SD,Negeri,Kec. Wonomulyo,330304,Kab. Polewali Mandar,330300,Prov. Sulawesi Barat,330000,11,3,154,7,6,0,1,45,11 Apr 2026 09:32:43,4926FF6488846E97A308
SD NEGERI KAMPUNO,40605728,SD,Negeri,Kec. Wonomulyo,330304,Kab. Polewali Mandar,330300,Prov. Sulawesi Barat,330000,10,1,40,6,3,0,0,24,14 Mar 2026 08:51:29,30C1224DED712F4EE826
SD AISYIYAH 1 WONOMULYO,69959591,SD,Swasta,Kec. Wonomulyo,330304,Kab. Polewali Mandar,330300,Prov. Sulawesi Barat,330000,11,4,130,7,6,0,1,15,07 Mar 2026 14:15:15,BCEFCFD57FCA2ABE3A24
SD IT AL-MUNAWWARAH WAHDAH ISLAMIYAH,69985883,SD,Swasta,Kec. Wonomulyo,330304,Kab. Polewali Mandar,330300,Prov. Sulawesi Barat,330000,27,3,409,17,19,0,0,19,01 Apr 2026 23:23:29,8C842B4460E893A519EB
SMP NEGERI 1 WONOMULYO,40600660,SMP,Negeri,Kec. Wonomulyo,330304,Kab. Polewali Mandar,330300,Prov. Sulawesi Barat,330000,49,11,721,24,24,2,1,34,29 Apr 2026 10:08:56,AC0E05615243723CDB56
SMP NEGERI 2 WONOMULYO,40600682,SMP,Negeri,Kec. Wonomulyo,330304,Kab. Polewali Mandar,330300,Prov. Sulawesi Barat,330000,31,5,469,17,29,2,1,47,29 Apr 2026 08:48:54,7AD3D7215658C8A24985
SMP NEGERI 3 WONOMULYO,40600687,SMP,Negeri,Kec. Wonomulyo,330304,Kab. Polewali Mandar,330300,Prov. Sulawesi Barat,330000,30,3,457,16,18,3,1,29,25 Apr 2026 11:23:56,78F9B72D98CBC54ECD08
SMP NEGERI 5 WONOMULYO,40600664,SMP,Negeri,Kec. Wonomulyo,330304,Kab. Polewali Mandar,330300,Prov. Sulawesi Barat,330000,21,11,237,9,14,2,1,32,27 Apr 2026 10:25:27,228C81F411CB771A69B8
SMP NEGERI 7 WONOMULYO,40602543,SMP,Negeri,Kec. Wonomulyo,330304,Kab. Polewali Mandar,330300,Prov. Sulawesi Barat,330000,16,7,172,6,6,3,1,18,28 Apr 2026 12:07:30,CACF4A4F43D23EE483EC
SMPS MUHAMMADIYAH,40600638,SMP,Swasta,Kec. Wonomulyo,330304,Kab. Polewali Mandar,330300,Prov. Sulawesi Barat,330000,10,2,50,3,5,0,1,17,25 Apr 2026 14:14:30,A0454B41CF1A29A76C52
UPTD SMAN 1 WONOMULYO,40600652,SMA,Negeri,Kec. Wonomulyo,330304,Kab. Polewali Mandar,330300,Prov. Sulawesi Barat,330000,65,23,1085,30,30,3,1,62,29 Apr 2026 13:16:47,DAE1515E3FC12104365F
SMAS YPPP WONOMULYO,40600633,SMA,Swasta,Kec. Wonomulyo,330304,Kab. Polewali Mandar,330300,Prov. Sulawesi Barat,330000,13,3,185,6,8,2,1,60,19 Apr 2026 18:42:08,5E00B02A98E068F2502B
SMKS DARUL HASANAH,69760851,SMK,Swasta,Kec. Wonomulyo,330304,Kab. Polewali Mandar,330300,Prov. Sulawesi Barat,330000,13,4,87,6,7,0,1,32,28 Apr 2026 12:24:41,9336A4BCCCF372A67B90
SMKS MUHAMMADIYAH WONOMULYO,40600657,SMK,Swasta,Kec. Wonomulyo,330304,Kab. Polewali Mandar,330300,Prov. Sulawesi Barat,330000,18,6,270,9,12,3,1,40,28 Apr 2026 09:42:20,37CFCA8094ADDBAE892C
SMKS SUPARMAN WONOMULYO,40600659,SMK,Swasta,Kec. Wonomulyo,330304,Kab. Polewali Mandar,330300,Prov. Sulawesi Barat,330000,15,3,126,8,19,4,1,14,20 Apr 2026 08:21:48,AED0C8EA44491BE390CA
SMKS YPPP WONOMULYO,40600635,SMK,Swasta,Kec. Wonomulyo,330304,Kab. Polewali Mandar,330300,Prov. Sulawesi Barat,330000,54,12,899,31,31,6,1,29,13 Apr 2026 08:24:37,08F52B0F9E6F8E50E77F
SD NEGERI 017 BONRA,40600631,SD,Negeri,Kec. Luyo,330308,Kab. Polewali Mandar,330300,Prov. Sulawesi Barat,330000,12,4,175,9,8,0,1,57,30 Apr 2026 11:12:18,DD6F9DD2065DF59BA3C5
SD NEGERI 018 BONRA,40600608,SD,Negeri,Kec. Luyo,330308,Kab. Polewali Mandar,330300,Prov. Sulawesi Barat,330000,10,3,145,7,8,0,1,20,09 Apr 2026 05:55:34,ACF33AC7957E49BC2756
SD NEGERI 019 MAMBU,40600613,SD,Negeri,Kec. Luyo,330308,Kab. Polewali Mandar,330300,Prov. Sulawesi Barat,330000,10,4,231,8,8,0,1,41,04 Apr 2026 09:18:54,0D34B1D007F43AD2A649
SD NEGERI 020 GALUNG,40600617,SD,Negeri,Kec. Luyo,330308,Kab. Polewali Mandar,330300,Prov. Sulawesi Barat,330000,10,2,48,6,6,0,1,12,10 Apr 2026 04:59:34,B4974A86CD53146938FA
SD NEGERI 021 LENA,40600536,SD,Negeri,Kec. Luyo,330308,Kab. Polewali Mandar,330300,Prov. Sulawesi Barat,330000,10,2,145,8,6,0,2,13,17 Apr 2026 09:25:23,82013200153F4629FA82
SD NEGERI 022 PALLEMBONGAN,40600541,SD,Negeri,Kec. Luyo,330308,Kab. Polewali Mandar,330300,Prov. Sulawesi Barat,330000,8,4,132,6,7,0,1,36,23 Apr 2026 07:09:17,D1049178F662A651D39F
SD NEGERI 023 KAMPUNG BARU,40600543,SD,Negeri,Kec. Luyo,330308,Kab. Polewali Mandar,330300,Prov. Sulawesi Barat,330000,12,3,168,9,9,1,1,25,14 Apr 2026 07:39:47,09E7EE70047B94EF7127
SD NEGERI 024 KAROKE,40600530,SD,Negeri,Kec. Luyo,330308,Kab. Polewali Mandar,330300,Prov. Sulawesi Barat,330000,9,4,151,6,6,1,1,5,13 Mar 2026 11:43:40,A7FD6FE42E4E657B9FB1
SD NEGERI 025 PUSSUI,40600524,SD,Negeri,Kec. Luyo,330308,Kab. Polewali Mandar,330300,Prov. Sulawesi Barat,330000,9,5,79,6,6,0,1,22,24 Apr 2026 12:42:35,1CFCC15FCBE623D8CB5A
SD NEGERI 035 BARU I,40600781,SD,Negeri,Kec. Luyo,330308,Kab. Polewali Mandar,330300,Prov. Sulawesi Barat,330000,7,2,73,6,6,0,0,11,04 Apr 2026 07:53:49,E1B604C76F5897846BED
SD NEGERI 041 PUCCADI,40600939,SD,Negeri,Kec. Luyo,330308,Kab. Polewali Mandar,330300,Prov. Sulawesi Barat,330000,8,3,103,6,6,0,1,37,21 Apr 2026 08:18:27,53F725E9851E9DE40248
SD NEGERI 044 PUKKADUNDUNG,40600948,SD,Negeri,Kec. Luyo,330308,Kab. Polewali Mandar,330300,Prov. Sulawesi Barat,330000,10,5,86,6,6,0,1,31,25 Apr 2026 09:06:33,50774B198CE2F9FD96FD
SD NEGERI 046 BARU II,40600924,SD,Negeri,Kec. Luyo,330308,Kab. Polewali Mandar,330300,Prov. Sulawesi Barat,330000,9,4,133,6,7,0,1,19,20 Apr 2026 07:48:32,F59348522BFFFEB0A3DC
SD NEGERI 049 LENA,40600931,SD,Negeri,Kec. Luyo,330308,Kab. Polewali Mandar,330300,Prov. Sulawesi Barat,330000,9,5,161,7,7,0,1,79,20 Apr 2026 09:53:00,B7164CC1E3F4077D2F07
SD NEGERI 052 MAMBU,40600968,SD,Negeri,Kec. Luyo,330308,Kab. Polewali Mandar,330300,Prov. Sulawesi Barat,330000,10,3,162,8,8,0,1,20,18 Apr 2026 09:20:35,D7710525B1F066A59873
SD NEGERI 053 PARIANGAN,40600969,SD,Negeri,Kec. Luyo,330308,Kab. Polewali Mandar,330300,Prov. Sulawesi Barat,330000,10,2,90,6,6,0,2,35,16 Mar 2026 05:19:01,4750FE589FF4A2867EAF
SD NEGERI 057 SIRATUANG,40600973,SD,Negeri,Kec. Luyo,330308,Kab. Polewali Mandar,330300,Prov. Sulawesi Barat,330000,9,4,104,6,6,0,0,15,14 Apr 2026 23:35:47,D25EEA72A4A3FB38AE9E
SD NEGERI 060 MANUMANUKANG,40600955,SD,Negeri,Kec. Luyo,330308,Kab. Polewali Mandar,330300,Prov. Sulawesi Barat,330000,10,3,163,6,6,0,0,15,23 Apr 2026 09:43:04,B106CD0FD6ADD76CD6D5
SD NEGERI 061 KAKKANGAN,40600956,SD,Negeri,Kec. Luyo,330308,Kab. Polewali Mandar,330300,Prov. Sulawesi Barat,330000,11,1,182,9,6,0,1,21,30 Apr 2026 11:21:05,EDC75AC5FF587FDCF552
SD NEGERI 062 PALLEMBONGAN,40600960,SD,Negeri,Kec. Luyo,330308,Kab. Polewali Mandar,330300,Prov. Sulawesi Barat,330000,11,1,75,6,6,0,1,28,07 Mar 2026 09:24:07,A5D15A406B1531124836
SD NEGERI 065 PULILALI,40600881,SD,Negeri,Kec. Luyo,330308,Kab. Polewali Mandar,330300,Prov. Sulawesi Barat,330000,9,3,75,6,6,1,1,23,14 Apr 2026 05:20:09,B8D5BB9C86F231DFA36D
SD NEGERI PUNCAK LANDI BARU,70045709,SD,Negeri,Kec. Luyo,330308,Kab. Polewali Mandar,330300,Prov. Sulawesi Barat,330000,12,0,60,6,5,0,0,25,05 Mar 2026 10:27:22,DB715EB195A2FEF7B4D7
SMP NEGERI 2 CAMPALAGIAN,40600661,SMP,Negeri,Kec. Luyo,330308,Kab. Polewali Mandar,330300,Prov. Sulawesi Barat,330000,35,6,404,15,19,2,1,17,25 Apr 2026 08:34:13,74CF5CCE6669D047B6F1
SMP NEGERI 3 CAMPALAGIAN,40600683,SMP,Negeri,Kec. Luyo,330308,Kab. Polewali Mandar,330300,Prov. Sulawesi Barat,330000,12,5,166,7,10,2,1,28,29 Apr 2026 21:34:17,4C739A60B66ECFA431D7
SMP NEGERI 4 LUYO,69762751,SMP,Negeri,Kec. Luyo,330308,Kab. Polewali Mandar,330300,Prov. Sulawesi Barat,330000,13,3,60,3,5,2,1,28,18 Mar 2026 05:59:58,2DD04206CFEB7DADEDEC
SMP NEGERI LUYO,40602547,SMP,Negeri,Kec. Luyo,330308,Kab. Polewali Mandar,330300,Prov. Sulawesi Barat,330000,11,1,72,3,4,2,1,20,16 Apr 2026 15:07:54,38A5B0AB3E1FEFD751C8
SMP NEGERI SATU ATAP LUYO,40602552,SMP,Negeri,Kec. Luyo,330308,Kab. Polewali Mandar,330300,Prov. Sulawesi Barat,330000,12,5,96,3,5,2,1,29,18 Apr 2026 18:45:13,C71DE2C0C2DB3E44BE7E
UPTD SMKN CAMPALAGIAN,40600658,SMK,Negeri,Kec. Luyo,330308,Kab. Polewali Mandar,330300,Prov. Sulawesi Barat,330000,57,12,756,25,16,3,1,168,30 Apr 2026 12:35:00,2BE31C344C2E6CB760D7
UPTD SMKN LUYO,40602557,SMK,Negeri,Kec. Luyo,330308,Kab. Polewali Mandar,330300,Prov. Sulawesi Barat,330000,29,6,186,9,12,2,1,31,02 May 2026 10:21:29,8D0E07880D19C64986F7
SMKS 02 RAHMAT TOMAKAKA,69974220,SMK,Swasta,Kec. Luyo,330308,Kab. Polewali Mandar,330300,Prov. Sulawesi Barat,330000,1,2,38,3,4,0,0,3,22 Feb 2026 01:19:15,D325D52A1DB174A0B69D
SD NEGERI 002 PUMBEJAGI,40600871,SD,Negeri,Kec. Tubbitaramanu,330317,Kab. Polewali Mandar,330300,Prov. Sulawesi Barat,330000,5,2,44,6,5,0,0,12,11 Apr 2026 22:28:02,C96ED2F485E5FEEDE37D
SD NEGERI 007 BULO-BULO,40600900,SD,Negeri,Kec. Tubbitaramanu,330317,Kab. Polewali Mandar,330300,Prov. Sulawesi Barat,330000,8,2,97,6,6,0,2,14,30 Mar 2026 16:14:42,C417A90BA3A76CD17B8A
SD NEGERI 008 TARAMANU,40600595,SD,Negeri,Kec. Tubbitaramanu,330317,Kab. Polewali Mandar,330300,Prov. Sulawesi Barat,330000,7,2,99,6,5,0,0,44,24 Apr 2026 23:25:41,977E5D69607EE89C6A9D
SD NEGERI 009 LOMBOK,40602461,SD,Negeri,Kec. Tubbitaramanu,330317,Kab. Polewali Mandar,330300,Prov. Sulawesi Barat,330000,8,3,102,6,5,0,0,41,22 Apr 2026 09:16:18,CD4EF3C47456B4138CE0
SD NEGERI 010 AMBOPADANG,40600599,SD,Negeri,Kec. Tubbitaramanu,330317,Kab. Polewali Mandar,330300,Prov. Sulawesi Barat,330000,9,1,96,6,6,0,1,7,15 Apr 2026 09:57:42,D96B252E0425C6F81DC9
SD NEGERI 011 RATTEKALLANG,40600590,SD,Negeri,Kec. Tubbitaramanu,330317,Kab. Polewali Mandar,330300,Prov. Sulawesi Barat,330000,9,2,182,8,7,0,1,9,07 Mar 2026 02:15:32,839780728452B441BF35
SD NEGERI 012 TUBBI,40600584,SD,Negeri,Kec. Tubbitaramanu,330317,Kab. Polewali Mandar,330300,Prov. Sulawesi Barat,330000,10,1,119,6,6,1,1,18,30 Jan 2026 14:21:17,2794A88545E5AA49084B
SD NEGERI 015 PUMBEJAGI,40600623,SD,Negeri,Kec. Tubbitaramanu,330317,Kab. Polewali Mandar,330300,Prov. Sulawesi Barat,330000,11,2,139,7,6,0,1,20,14 Apr 2026 13:41:11,361259C00CB64F303866
SD NEGERI 016 PATULANG,40600627,SD,Negeri,Kec. Tubbitaramanu,330317,Kab. Polewali Mandar,330300,Prov. Sulawesi Barat,330000,8,2,90,6,6,0,1,6,17 Jan 2026 20:58:15,4495ADF411BB4C9CF699
SD NEGERI 021 RATTE,40600537,SD,Negeri,Kec. Tubbitaramanu,330317,Kab. Polewali Mandar,330300,Prov. Sulawesi Barat,330000,11,3,121,7,8,0,1,21,14 Apr 2026 08:29:57,4AE5FC36B0623EB171F8
SD NEGERI 022 PIRIANG,40602474,SD,Negeri,Kec. Tubbitaramanu,330317,Kab. Polewali Mandar,330300,Prov. Sulawesi Barat,330000,11,1,103,11,10,1,1,17,07 Mar 2026 04:28:00,CBFA1DCCAECAAB746357
SD NEGERI 024 TAPPARANG,40602479,SD,Negeri,Kec. Tubbitaramanu,330317,Kab. Polewali Mandar,330300,Prov. Sulawesi Barat,330000,10,0,101,6,6,1,1,22,03 Mar 2026 13:26:05,A5C38679BF84D2ABD352
SD NEGERI 025 KAWELAAN,40600521,SD,Negeri,Kec. Tubbitaramanu,330317,Kab. Polewali Mandar,330300,Prov. Sulawesi Barat,330000,7,2,167,6,6,1,1,9,29 Mar 2026 19:08:51,2359D6853DB5F254C6B8
SD NEGERI 026 KAMANDE,40602483,SD,Negeri,Kec. Tubbitaramanu,330317,Kab. Polewali Mandar,330300,Prov. Sulawesi Barat,330000,8,4,126,6,6,0,1,10,10 Mar 2026 21:57:08,6FDB1B7B14178EC71B4C
SD NEGERI 028 LULLUNG,40600562,SD,Negeri,Kec. Tubbitaramanu,330317,Kab. Polewali Mandar,330300,Prov. Sulawesi Barat,330000,9,1,51,6,6,0,1,22,22 Apr 2026 09:41:17,44058EEA37F9D592CDDF
SD NEGERI 029 BESOANGIN,40600565,SD,Negeri,Kec. Tubbitaramanu,330317,Kab. Polewali Mandar,330300,Prov. Sulawesi Barat,330000,10,0,75,6,2,0,1,21,25 Apr 2026 08:42:41,0D4FAB29A2B99866B5B4
SD NEGERI 032 AMBOPADANG,40600547,SD,Negeri,Kec. Tubbitaramanu,330317,Kab. Polewali Mandar,330300,Prov. Sulawesi Barat,330000,9,1,114,6,6,0,1,9,29 Apr 2026 10:58:24,8F8CF9636C44C409D41D
SD NEGERI 036 PODA-PODA,40600556,SD,Negeri,Kec. Tubbitaramanu,330317,Kab. Polewali Mandar,330300,Prov. Sulawesi Barat,330000,8,0,87,6,6,1,0,79,09 Apr 2026 00:19:56,AB2613A768687927861E
SD NEGERI 038 TIBUNG,40600707,SD,Negeri,Kec. Tubbitaramanu,330317,Kab. Polewali Mandar,330300,Prov. Sulawesi Barat,330000,10,2,131,7,6,0,0,16,12 Apr 2026 19:08:37,8275858C814A543F0A3C
SD NEGERI 040 BUNU,40600711,SD,Negeri,Kec. Tubbitaramanu,330317,Kab. Polewali Mandar,330300,Prov. Sulawesi Barat,330000,13,2,86,12,9,0,0,19,02 May 2026 10:37:26,DFD0A4730B7D6E5726F4
SD NEGERI 041 PUNDAMBU,40600713,SD,Negeri,Kec. Tubbitaramanu,330317,Kab. Polewali Mandar,330300,Prov. Sulawesi Barat,330000,8,1,94,6,6,0,1,32,23 Apr 2026 19:05:29,574BE0E046F1EC03DDB4
SD NEGERI 042 LOMBANG,40600714,SD,Negeri,Kec. Tubbitaramanu,330317,Kab. Polewali Mandar,330300,Prov. Sulawesi Barat,330000,8,1,63,6,6,0,1,9,26 Feb 2026 09:00:52,82DD1A3A2920CA9A0C64
SD NEGERI 046 ARABUA,40600695,SD,Negeri,Kec. Tubbitaramanu,330317,Kab. Polewali Mandar,330300,Prov. Sulawesi Barat,330000,8,2,81,6,6,0,1,19,23 Apr 2026 18:28:39,E2973246AD914AD43FAB
SD NEGERI ROBOANG,40605610,SD,Negeri,Kec. Tubbitaramanu,330317,Kab. Polewali Mandar,330300,Prov. Sulawesi Barat,330000,6,2,59,6,6,0,0,10,14 Apr 2026 20:30:52,1E6D657F7B9A5A852AEA
SMP NEGERI 2 TUTALLU,40600681,SMP,Negeri,Kec. Tubbitaramanu,330317,Kab. Polewali Mandar,330300,Prov. Sulawesi Barat,330000,12,2,100,4,6,1,1,9,21 Apr 2026 21:01:07,7BCF86C1042A2EAE2BFF
SMP NEGERI 4 TUTAR,40605043,SMP,Negeri,Kec. Tubbitaramanu,330317,Kab. Polewali Mandar,330300,Prov. Sulawesi Barat,330000,14,2,68,3,4,1,1,18,29 Apr 2026 10:42:33,F361B6F044701BEEE20A
SMP NEGERI 5 TUTAR,40605042,SMP,Negeri,Kec. Tubbitaramanu,330317,Kab. Polewali Mandar,330300,Prov. Sulawesi Barat,330000,11,2,112,5,3,1,1,12,18 Apr 2026 17:58:22,A74EF2458C03A6C6CD9E
SMP NEGERI 6 TUTAR,69949597,SMP,Negeri,Kec. Tubbitaramanu,330317,Kab. Polewali Mandar,330300,Prov. Sulawesi Barat,330000,15,2,63,3,4,1,1,8,03 Mar 2026 21:24:37,026229BF38A23B2620A9
SMP NEGERI PADANG MAWALLE,40600674,SMP,Negeri,Kec. Tubbitaramanu,330317,Kab. Polewali Mandar,330300,Prov. Sulawesi Barat,330000,14,7,143,6,6,2,1,33,30 Apr 2026 14:34:39,4C13266658076C445E73
SMP NEGERI SATAP BESOANGIN,69960585,SMP,Negeri,Kec. Tubbitaramanu,330317,Kab. Polewali Mandar,330300,Prov. Sulawesi Barat,330000,8,0,32,3,3,1,1,22,06 Mar 2026 04:37:15,2CBE4D035AF6A939CEB0
SMP NEGERI SATAP BUNU,69952861,SMP,Negeri,Kec. Tubbitaramanu,330317,Kab. Polewali Mandar,330300,Prov. Sulawesi Barat,330000,9,1,25,3,3,2,1,21,23 Apr 2026 20:44:37,2D75D7A085DAC679BC87
SMP NEGERI SATAP PIRIANG TAPIKO,40605032,SMP,Negeri,Kec. Tubbitaramanu,330317,Kab. Polewali Mandar,330300,Prov. Sulawesi Barat,330000,8,1,49,3,3,1,0,18,05 Mar 2026 17:21:58,6F720F96444E9E1ADF74
SMP NEGERI SATAP PODA-PODA,40605720,SMP,Negeri,Kec. Tubbitaramanu,330317,Kab. Polewali Mandar,330300,Prov. Sulawesi Barat,330000,8,2,38,3,2,0,1,19,01 May 2026 14:12:14,B28CF32DD9F9DE3EE0BC
SMP NEGERI SATAP RATTE,40605722,SMP,Negeri,Kec. Tubbitaramanu,330317,Kab. Polewali Mandar,330300,Prov. Sulawesi Barat,330000,10,1,33,3,3,0,1,12,23 Apr 2026 04:45:03,A4596022C1FB9E6939A7
SMP NEGERI SATAP TAPPARANG,40605724,SMP,Negeri,Kec. Tubbitaramanu,330317,Kab. Polewali Mandar,330300,Prov. Sulawesi Barat,330000,9,1,43,3,3,0,1,43,07 Mar 2026 09:24:38,270F91DDA529277D361D
SMP NEGERI SATAP TARAMANU,40605723,SMP,Negeri,Kec. Tubbitaramanu,330317,Kab. Polewali Mandar,330300,Prov. Sulawesi Barat,330000,10,2,47,3,3,1,1,28,24 Apr 2026 17:57:12,7210BE23DC1F7AA4ADEF
SMP NEGERI TUBBI,40600690,SMP,Negeri,Kec. Tubbitaramanu,330317,Kab. Polewali Mandar,330300,Prov. Sulawesi Barat,330000,11,4,59,3,4,3,1,36,01 May 2026 07:49:27,F147344CC47C6CA43E3A
UPTD SMA NEGERI 1 TUBBI TARAMANU,69950236,SMA,Negeri,Kec. Tubbitaramanu,330317,Kab. Polewali Mandar,330300,Prov. Sulawesi Barat,330000,17,2,95,4,6,2,1,9,06 Mar 2026 10:54:37,8164306F42F0BD4C7061
UPTD SMK NEGERI 1 TUTAR,40604724,SMK,Negeri,Kec. Tubbitaramanu,330317,Kab. Polewali Mandar,330300,Prov. Sulawesi Barat,330000,25,6,157,9,9,1,1,34,20 Apr 2026 09:01:06,F915F7AC2D29EF4F3F2C
SMKS BINA GENERASI MANDIRI,69939407,SMK,Swasta,Kec. Tubbitaramanu,330317,Kab. Polewali Mandar,330300,Prov. Sulawesi Barat,330000,6,1,93,4,3,0,0,29,22 Apr 2026 22:14:51,F5999857A3147A36511C
SD NEGERI 001 MATAKALI,40600876,SD,Negeri,Kec. Matakali,330311,Kab. Polewali Mandar,330300,Prov. Sulawesi Barat,330000,20,4,300,13,13,0,1,20,04 Apr 2026 13:04:14,28356208940878252E47
SD NEGERI 009 INDOMAKKOMBONG,40602462,SD,Negeri,Kec. Matakali,330311,Kab. Polewali Mandar,330300,Prov. Sulawesi Barat,330000,18,2,229,12,12,1,1,22,05 Mar 2026 20:36:30,3AC2E26E05A1960F9DFD
SD NEGERI 020 REA BARAT,40600534,SD,Negeri,Kec. Matakali,330311,Kab. Polewali Mandar,330300,Prov. Sulawesi Barat,330000,19,2,364,14,14,0,1,20,16 Apr 2026 10:51:59,CE7CF9F6E8F02CC9F7BF
SD NEGERI 021 BUNGA-BUNGA,40600535,SD,Negeri,Kec. Matakali,330311,Kab. Polewali Mandar,330300,Prov. Sulawesi Barat,330000,10,2,141,6,7,0,1,20,27 Apr 2026 11:28:15,4E25503D7E4CF797BB49
SD NEGERI 040 LABASANG,40600805,SD,Negeri,Kec. Matakali,330311,Kab. Polewali Mandar,330300,Prov. Sulawesi Barat,330000,11,3,151,7,6,0,1,25,15 Apr 2026 22:14:42,88B935F02D2912081C76
SD NEGERI 041 LEMOGAMBA,40600938,SD,Negeri,Kec. Matakali,330311,Kab. Polewali Mandar,330300,Prov. Sulawesi Barat,330000,11,1,185,8,8,0,1,13,24 Apr 2026 15:14:42,A70A0AFDD26A9DF895EF
SD NEGERI 043 BULUBAWANG,40600716,SD,Negeri,Kec. Matakali,330311,Kab. Polewali Mandar,330300,Prov. Sulawesi Barat,330000,15,3,186,10,10,0,1,5,05 Mar 2026 16:38:46,DCF109E4E94D9518E665
SD NEGERI 044 BUTTU LAMBA,40600718,SD,Negeri,Kec. Matakali,330311,Kab. Polewali Mandar,330300,Prov. Sulawesi Barat,330000,16,4,217,10,7,0,1,19,04 Apr 2026 08:19:06,3A20FC6329A93F13A529
SD NEGERI 048 MATAKALI,40600927,SD,Negeri,Kec. Matakali,330311,Kab. Polewali Mandar,330300,Prov. Sulawesi Barat,330000,10,3,106,6,6,0,1,69,29 Apr 2026 14:58:42,4CFD1094FDDDDC7E9B6B
SD NEGERI 049 LEMO,40600930,SD,Negeri,Kec. Matakali,330311,Kab. Polewali Mandar,330300,Prov. Sulawesi Barat,330000,8,4,117,6,6,0,1,8,18 Apr 2026 08:30:03,73B537AA7069692EC71F
SD NEGERI 062 TABONE,40600959,SD,Negeri,Kec. Matakali,330311,Kab. Polewali Mandar,330300,Prov. Sulawesi Barat,330000,10,2,170,7,7,0,1,27,29 Apr 2026 15:08:21,4D6B9493FB6B39CC88BA
SD NEGERI 066 CAPPEGO,40600882,SD,Negeri,Kec. Matakali,330311,Kab. Polewali Mandar,330300,Prov. Sulawesi Barat,330000,14,2,72,7,14,0,1,32,29 Apr 2026 10:27:53,BD2D57CAF11B8428E5A0
SD NEGERI MAKKOMBONG TIMUR,70052722,SD,Negeri,Kec. Matakali,330311,Kab. Polewali Mandar,330300,Prov. Sulawesi Barat,330000,7,1,84,5,7,0,0,26,02 May 2026 11:07:01,79CC60128AF01050A3C5
SD NEGERI SEPPONG,40605737,SD,Negeri,Kec. Matakali,330311,Kab. Polewali Mandar,330300,Prov. Sulawesi Barat,330000,8,1,110,6,6,0,1,18,29 Apr 2026 06:55:53,36A54C4C1E70D5DC57E4
SMP NEGERI 5 POLEWALI,40600662,SMP,Negeri,Kec. Matakali,330311,Kab. Polewali Mandar,330300,Prov. Sulawesi Barat,330000,19,4,140,6,12,1,1,15,06 Apr 2026 07:01:04,F16997AE0468A34DED57
SMP NEGERI MATAKALI,40600673,SMP,Negeri,Kec. Matakali,330311,Kab. Polewali Mandar,330300,Prov. Sulawesi Barat,330000,23,4,316,11,11,1,1,32,22 Apr 2026 20:44:03,F17A248D9E1F65CDECE2
SMP SWASTA ISLAM TERPADU MATAKALI,40605726,SMP,Swasta,Kec. Matakali,330311,Kab. Polewali Mandar,330300,Prov. Sulawesi Barat,330000,11,1,114,5,6,1,1,22,30 Apr 2026 09:43:09,C7060F77FA3F907D0E6B
UPTD SMAN MATAKALI,69822830,SMA,Negeri,Kec. Matakali,330311,Kab. Polewali Mandar,330300,Prov. Sulawesi Barat,330000,19,5,187,7,8,4,1,29,08 Apr 2026 09:13:07,5F2167D6A756935EDBEF
SMA IT WAHDAH ISLAMIYAH,69894294,SMA,Swasta,Kec. Matakali,330311,Kab. Polewali Mandar,330300,Prov. Sulawesi Barat,330000,5,1,64,3,3,0,1,18,29 Apr 2026 16:33:32,D201A3709FA19B900F6E
SD NEGERI 002 MAPILLI,40600869,SD,Negeri,Kec. Mapili,330310,Kab. Polewali Mandar,330300,Prov. Sulawesi Barat,330000,11,3,149,8,8,1,1,71,08 Apr 2026 06:44:31,056F7DBB24028B1318A7
SD NEGERI 003 LAMPA,40600892,SD,Negeri,Kec. Mapili,330310,Kab. Polewali Mandar,330300,Prov. Sulawesi Barat,330000,19,4,270,12,11,0,1,19,20 Apr 2026 10:12:43,8BE9EE7BC5903BF99E58
SD NEGERI 004 BUKU,40600910,SD,Negeri,Kec. Mapili,330310,Kab. Polewali Mandar,330300,Prov. Sulawesi Barat,330000,10,3,166,7,8,0,1,19,24 Apr 2026 09:39:55,A741435E818068384247
SD NEGERI 016 UGI BARU,40600630,SD,Negeri,Kec. Mapili,330310,Kab. Polewali Mandar,330300,Prov. Sulawesi Barat,330000,9,2,171,6,6,0,1,23,21 Apr 2026 09:42:17,1FF63250DF0F06A783AA
SD NEGERI 018 RUMPA,40600611,SD,Negeri,Kec. Mapili,330310,Kab. Polewali Mandar,330300,Prov. Sulawesi Barat,330000,11,2,139,6,6,0,1,16,17 Apr 2026 21:40:14,2FEACCA263BF43D1E16C
SD NEGERI 019 SILA-SILA,40600616,SD,Negeri,Kec. Mapili,330310,Kab. Polewali Mandar,330300,Prov. Sulawesi Barat,330000,8,3,116,6,7,1,1,17,02 Apr 2026 10:03:23,E275B20AFB5A8D8AF486
SD NEGERI 028 UGI BARU,40600796,SD,Negeri,Kec. Mapili,330310,Kab. Polewali Mandar,330300,Prov. Sulawesi Barat,330000,7,1,81,6,6,0,1,24,18 Mar 2026 09:55:57,BB45264DDCCA9EE10191
SD NEGERI 034 RAPPANG,40600780,SD,Negeri,Kec. Mapili,330310,Kab. Polewali Mandar,330300,Prov. Sulawesi Barat,330000,15,2,242,11,10,0,1,23,14 Apr 2026 08:22:32,592DFAD13AF8C810EFE0
SD NEGERI 039 LAMPA TOA,40600790,SD,Negeri,Kec. Mapili,330310,Kab. Polewali Mandar,330300,Prov. Sulawesi Barat,330000,9,1,113,6,6,0,0,27,13 Apr 2026 02:14:48,9DD7377600B89EDD9B59
SD NEGERI 042 BUKU,40600941,SD,Negeri,Kec. Mapili,330310,Kab. Polewali Mandar,330300,Prov. Sulawesi Barat,330000,9,1,122,6,8,0,1,14,23 Apr 2026 10:11:14,0B4CB1FCCF520CDC46F8
SD NEGERI 047 BANUA BARU,40600925,SD,Negeri,Kec. Mapili,330310,Kab. Polewali Mandar,330300,Prov. Sulawesi Barat,330000,9,1,74,6,6,0,0,9,03 Mar 2026 18:56:08,C1AD8DF59CD2569A1F0A
SD NEGERI 051 LAMPA,40600934,SD,Negeri,Kec. Mapili,330310,Kab. Polewali Mandar,330300,Prov. Sulawesi Barat,330000,10,1,130,6,6,0,1,26,15 Apr 2026 08:30:39,F4AFD5FB242A830010BA
SD NEGERI 054 PAREDEANG,40600719,SD,Negeri,Kec. Mapili,330310,Kab. Polewali Mandar,330300,Prov. Sulawesi Barat,330000,9,3,108,6,6,1,1,13,09 Apr 2026 12:33:58,C865F74598DEDB7F5EC8
SD NEGERI 058 BEROANGIN,40600964,SD,Negeri,Kec. Mapili,330310,Kab. Polewali Mandar,330300,Prov. Sulawesi Barat,330000,10,4,134,6,6,0,1,12,16 Feb 2026 09:47:58,2A1DA7AF1CB0A615CE80
SD NEGERI 061 TAPPARANG,40600957,SD,Negeri,Kec. Mapili,330310,Kab. Polewali Mandar,330300,Prov. Sulawesi Barat,330000,8,3,58,6,6,0,1,18,15 Apr 2026 06:33:49,670EE195526E99451035
SD NEGERI 065 KURMA,40600721,SD,Negeri,Kec. Mapili,330310,Kab. Polewali Mandar,330300,Prov. Sulawesi Barat,330000,9,4,137,6,6,0,1,36,29 Apr 2026 08:05:55,C1C3A5DB9D799D8C434F
SD NEGERI 068 SATTOKO,40600886,SD,Negeri,Kec. Mapili,330310,Kab. Polewali Mandar,330300,Prov. Sulawesi Barat,330000,8,4,61,6,6,0,1,9,08 Apr 2026 12:15:52,244659B3CAC66943FB4D
SD NEGERI SIKKA,69895411,SD,Negeri,Kec. Mapili,330310,Kab. Polewali Mandar,330300,Prov. Sulawesi Barat,330000,9,1,39,6,6,0,1,11,07 Mar 2026 17:00:37,7319B592CC609A7404A1
SMP NEGERI 2 MAPILLI,40605040,SMP,Negeri,Kec. Mapili,330310,Kab. Polewali Mandar,330300,Prov. Sulawesi Barat,330000,13,3,57,3,3,1,1,19,20 Apr 2026 14:05:52,D4DAA15B82269718AA40
SMP NEGERI 3 MAPILLI,40605718,SMP,Negeri,Kec. Mapili,330310,Kab. Polewali Mandar,330300,Prov. Sulawesi Barat,330000,16,4,114,6,6,1,1,21,17 Apr 2026 10:03:35,27C09CC7077291117DC4
SMP Negeri Mapilli,40600672,SMP,Negeri,Kec. Mapili,330310,Kab. Polewali Mandar,330300,Prov. Sulawesi Barat,330000,20,5,239,9,11,2,1,22,20 Apr 2026 08:54:17,3AF97493C0FC6EA4C55F
SMP SWASTA ISLAM TERPADU AS ADIYAH,69955260,SMP,Swasta,Kec. Mapili,330310,Kab. Polewali Mandar,330300,Prov. Sulawesi Barat,330000,7,2,64,3,3,1,0,16,23 Apr 2026 17:03:49,55A5B22BCCEED7FD3F12
SMAS DHI MAPILI,40605005,SMA,Swasta,Kec. Mapili,330310,Kab. Polewali Mandar,330300,Prov. Sulawesi Barat,330000,8,7,179,7,7,3,1,32,25 Apr 2026 08:17:31,D0C092F4027E0FF1F898
SMK SWASTA CIPTA INSANI NUSANTARA,69962881,SMK,Swasta,Kec. Mapili,330310,Kab. Polewali Mandar,330300,Prov. Sulawesi Barat,330000,15,2,171,6,1,0,0,59,02 May 2026 09:29:46,2D407D2FE9622D69818F
SD NEGERI 005 PAMBUSUANG,40600917,SD,Negeri,Kec. Balanipa,330307,Kab. Polewali Mandar,330300,Prov. Sulawesi Barat,330000,12,3,244,10,8,0,1,17,24 Apr 2026 08:46:18,A53680755EABD75E768F
SD NEGERI 006 PAMBUSUANG,40600895,SD,Negeri,Kec. Balanipa,330307,Kab. Polewali Mandar,330300,Prov. Sulawesi Barat,330000,9,3,148,7,6,1,1,18,04 Mar 2026 04:04:15,8EE0395D2EE55B7AED1D
SD NEGERI 007 SABANG SUBIK,40600903,SD,Negeri,Kec. Balanipa,330307,Kab. Polewali Mandar,330300,Prov. Sulawesi Barat,330000,14,3,231,11,7,0,0,14,28 Apr 2026 12:29:49,1D6F73BE86EB99EC8D17
SD NEGERI 019 BALANIPA,40600612,SD,Negeri,Kec. Balanipa,330307,Kab. Polewali Mandar,330300,Prov. Sulawesi Barat,330000,10,2,56,6,6,0,1,40,04 Mar 2026 12:52:49,33DDCB2A80B9F411800B
SD NEGERI 020 PALLIS,40600576,SD,Negeri,Kec. Balanipa,330307,Kab. Polewali Mandar,330300,Prov. Sulawesi Barat,330000,9,3,30,6,6,0,1,10,11 Mar 2026 11:32:58,C52CA5642E9A2503F60B
SD NEGERI 021 TAMMANGALLE,40601523,SD,Negeri,Kec. Balanipa,330307,Kab. Polewali Mandar,330300,Prov. Sulawesi Barat,330000,7,4,97,6,6,0,1,4,31 Jan 2026 08:24:40,A0D75D2E6100E6825FE6
SD NEGERI 022 LAMBANAN,40600540,SD,Negeri,Kec. Balanipa,330307,Kab. Polewali Mandar,330300,Prov. Sulawesi Barat,330000,7,3,68,6,6,0,1,37,04 Mar 2026 08:09:28,8A8913154EAA63D1A7B1
SD NEGERI 025 MOSSO,40600523,SD,Negeri,Kec. Balanipa,330307,Kab. Polewali Mandar,330300,Prov. Sulawesi Barat,330000,8,3,41,6,6,0,1,9,05 Mar 2026 03:54:38,1BF76EC16435096B084B
SD NEGERI 032 PAMBUSUANG,40600803,SD,Negeri,Kec. Balanipa,330307,Kab. Polewali Mandar,330300,Prov. Sulawesi Barat,330000,17,3,243,12,6,0,0,12,13 Feb 2026 09:51:25,EB254434494BFDD7D779
SD NEGERI 033 TAMMANGALLE,40600778,SD,Negeri,Kec. Balanipa,330307,Kab. Polewali Mandar,330300,Prov. Sulawesi Barat,330000,10,3,172,6,6,0,1,5,05 Mar 2026 18:37:45,069EB93D9B17D0768A01
SD NEGERI 042 PANGALLOANG,40600943,SD,Negeri,Kec. Balanipa,330307,Kab. Polewali Mandar,330300,Prov. Sulawesi Barat,330000,7,3,21,6,4,0,0,15,06 Mar 2026 08:31:55,C761F0AEB3873508A47C
SD NEGERI 044 KAMPUNG BARU SUBIK,40602492,SD,Negeri,Kec. Balanipa,330307,Kab. Polewali Mandar,330300,Prov. Sulawesi Barat,330000,9,2,194,8,6,0,0,15,18 Apr 2026 22:19:28,AEBEBBF5F313998BDA4A
SD NEGERI 046 BARU PARAPPE,40602497,SD,Negeri,Kec. Balanipa,330307,Kab. Polewali Mandar,330300,Prov. Sulawesi Barat,330000,14,4,240,12,6,0,1,8,29 Apr 2026 08:36:55,F2FCF0538388CC7973CA
SD NEGERI 050 PANDEWULAWANG,40600932,SD,Negeri,Kec. Balanipa,330307,Kab. Polewali Mandar,330300,Prov. Sulawesi Barat,330000,9,1,43,6,6,0,1,23,07 Mar 2026 07:43:24,40FC98A6137E9F051411
SD NEGERI 056 LAMASARIANG,40600977,SD,Negeri,Kec. Balanipa,330307,Kab. Polewali Mandar,330300,Prov. Sulawesi Barat,330000,9,3,157,6,10,0,1,26,30 Apr 2026 11:08:35,0E19C4BF3AFE8538FC48
SD NEGERI 057 LAMBEPADA,40600974,SD,Negeri,Kec. Balanipa,330307,Kab. Polewali Mandar,330300,Prov. Sulawesi Barat,330000,8,3,94,6,6,0,1,22,18 Apr 2026 07:00:14,87135CE9AA9886806AEF
SD NEGERI 058 GALUNG LEGO,40600741,SD,Negeri,Kec. Balanipa,330307,Kab. Polewali Mandar,330300,Prov. Sulawesi Barat,330000,7,3,146,6,6,0,1,7,09 Apr 2026 18:40:10,C6599F25E06EE5A8D164
SD NEGERI 063 SAWANG,40600863,SD,Negeri,Kec. Balanipa,330307,Kab. Polewali Mandar,330300,Prov. Sulawesi Barat,330000,8,3,132,7,6,0,1,7,10 Feb 2026 11:57:18,4DF083760C83457E8D10
SD NEGERI 064 KAMPUNG TULU,40600878,SD,Negeri,Kec. Balanipa,330307,Kab. Polewali Mandar,330300,Prov. Sulawesi Barat,330000,15,4,215,10,7,0,1,9,18 Apr 2026 09:50:18,68974EABC572A28FCBFF
SD NEGERI 065 BALA,40600880,SD,Negeri,Kec. Balanipa,330307,Kab. Polewali Mandar,330300,Prov. Sulawesi Barat,330000,12,4,220,10,7,0,1,28,21 Apr 2026 09:06:59,CC9D069D57525C8464A5
SD NEGERI 069 TAMMEJARRA,40600725,SD,Negeri,Kec. Balanipa,330307,Kab. Polewali Mandar,330300,Prov. Sulawesi Barat,330000,8,4,118,6,6,1,1,4,30 Jan 2026 09:54:36,4B3616CE6A739125C828
SD NEGERI 070 TONDO,40605145,SD,Negeri,Kec. Balanipa,330307,Kab. Polewali Mandar,330300,Prov. Sulawesi Barat,330000,9,1,22,6,3,0,0,13,06 Mar 2026 20:37:56,279819AA1221E5D0A653
SMP NEGERI 2 BALANIPA,40605035,SMP,Negeri,Kec. Balanipa,330307,Kab. Polewali Mandar,330300,Prov. Sulawesi Barat,330000,12,5,116,5,6,1,2,9,23 Apr 2026 05:40:23,FBEC15F94F4CBD207E8D
SMP NEGERI 2 TINAMBUNG,40600680,SMP,Negeri,Kec. Balanipa,330307,Kab. Polewali Mandar,330300,Prov. Sulawesi Barat,330000,36,6,520,18,20,4,1,20,29 Apr 2026 20:49:02,C7E43959ED2BBC510E5D
UPTD SMAN 1 TINAMBUNG,40600651,SMA,Negeri,Kec. Balanipa,330307,Kab. Polewali Mandar,330300,Prov. Sulawesi Barat,330000,70,23,1015,29,29,5,1,70,28 Apr 2026 11:48:59,10FA6BECFD24BF3102E6
UPTD SMKN BALANIPA,40605523,SMK,Negeri,Kec. Balanipa,330307,Kab. Polewali Mandar,330300,Prov. Sulawesi Barat,330000,23,14,278,13,15,2,1,34,30 Apr 2026 11:47:35,979958C0A0199046AEE8
SD NEGERI 010 PAKU,40600730,SD,Negeri,Kec. Binuang,330312,Kab. Polewali Mandar,330300,Prov. Sulawesi Barat,330000,8,2,97,6,6,0,1,26,06 Mar 2026 23:26:05,DC467D83E3994A2E1179
SD NEGERI 012 KANANG,40600582,SD,Negeri,Kec. Binuang,330312,Kab. Polewali Mandar,330300,Prov. Sulawesi Barat,330000,12,2,199,9,9,0,1,15,24 Apr 2026 05:46:40,D0D4B0A68467A7AF9E57
SD NEGERI 013 KALEOK,40600587,SD,Negeri,Kec. Binuang,330312,Kab. Polewali Mandar,330300,Prov. Sulawesi Barat,330000,7,1,27,6,1,0,0,16,06 Apr 2026 13:08:12,DF06D415FD80B7349B8B
SD NEGERI 014 PULAU BATTOA,40602469,SD,Negeri,Kec. Binuang,330312,Kab. Polewali Mandar,330300,Prov. Sulawesi Barat,330000,9,2,126,6,5,0,1,34,28 Apr 2026 20:06:21,706129C70D7983587AC7
SD NEGERI 015 TONYAMAN,40600731,SD,Negeri,Kec. Binuang,330312,Kab. Polewali Mandar,330300,Prov. Sulawesi Barat,330000,20,2,241,12,8,0,1,49,30 Apr 2026 08:51:55,C1BC52C5E8E1BC0EB6EB
SD NEGERI 016 SARAMPU,40600628,SD,Negeri,Kec. Binuang,330312,Kab. Polewali Mandar,330300,Prov. Sulawesi Barat,330000,11,4,178,6,6,1,1,27,24 Apr 2026 15:30:15,9C655664D477386380BA
SD NEGERI 030 BINUANG,40600572,SD,Negeri,Kec. Binuang,330312,Kab. Polewali Mandar,330300,Prov. Sulawesi Barat,330000,16,2,165,10,6,0,1,39,13 Apr 2026 22:02:11,5206D0F800430C58729B
SD NEGERI 031 MIRRING,40600561,SD,Negeri,Kec. Binuang,330312,Kab. Polewali Mandar,330300,Prov. Sulawesi Barat,330000,11,2,127,7,8,1,1,45,30 Apr 2026 11:43:35,F2D1229BF375CAC22023
SD NEGERI 035 PAKU,40600554,SD,Negeri,Kec. Binuang,330312,Kab. Polewali Mandar,330300,Prov. Sulawesi Barat,330000,9,2,87,6,6,1,1,22,13 Apr 2026 18:50:23,0FCE48C9AEF8ECA4699D
SD NEGERI 038 PENANIANG,40600692,SD,Negeri,Kec. Binuang,330312,Kab. Polewali Mandar,330300,Prov. Sulawesi Barat,330000,9,1,42,6,6,0,1,16,09 Apr 2026 08:37:18,FE87366DA31292745494
SD NEGERI 041 LEMO,40600712,SD,Negeri,Kec. Binuang,330312,Kab. Polewali Mandar,330300,Prov. Sulawesi Barat,330000,9,4,105,6,6,0,1,10,25 Apr 2026 09:24:44,B132C75229634EC87E08
SD NEGERI 047 KALEOK,40602500,SD,Negeri,Kec. Binuang,330312,Kab. Polewali Mandar,330300,Prov. Sulawesi Barat,330000,9,1,45,6,3,0,0,17,02 Mar 2026 21:30:49,D12CF9D40C4DF67DEF30
SD NEGERI 049 REA TIMUR,40600701,SD,Negeri,Kec. Binuang,330312,Kab. Polewali Mandar,330300,Prov. Sulawesi Barat,330000,10,2,63,6,6,1,1,23,04 Mar 2026 08:10:16,0B23D39C20D6C6CB4A70
SD NEGERI 052 MAMMI,40602507,SD,Negeri,Kec. Binuang,330312,Kab. Polewali Mandar,330300,Prov. Sulawesi Barat,330000,9,4,187,7,7,0,1,14,02 Apr 2026 07:59:25,1D6CF98B4A67D83489A0
SD NEGERI 053 SARAMPU,40600704,SD,Negeri,Kec. Binuang,330312,Kab. Polewali Mandar,330300,Prov. Sulawesi Barat,330000,7,2,144,6,6,0,1,14,02 May 2026 18:59:49,F804DF543224E49A13B6
SD NEGERI 054 RAPPOANG,40600720,SD,Negeri,Kec. Binuang,330312,Kab. Polewali Mandar,330300,Prov. Sulawesi Barat,330000,9,2,39,6,6,0,1,27,22 Apr 2026 09:32:40,593C59103A25E956B8A9
SD NEGERI 055 BAJOE,40600735,SD,Negeri,Kec. Binuang,330312,Kab. Polewali Mandar,330300,Prov. Sulawesi Barat,330000,9,2,105,6,6,0,1,23,23 Apr 2026 23:19:54,8F9E547F0000EAEA1AA8
SD NEGERI 058 TETE,40600742,SD,Negeri,Kec. Binuang,330312,Kab. Polewali Mandar,330300,Prov. Sulawesi Barat,330000,9,1,106,6,6,0,1,18,01 May 2026 14:15:19,71DB7AA213071CE20B1B
SD NEGERI 059 AMOLA,40606743,SD,Negeri,Kec. Binuang,330312,Kab. Polewali Mandar,330300,Prov. Sulawesi Barat,330000,8,2,85,6,6,0,1,18,29 Apr 2026 10:00:26,ECD4F4CE5B2F90E57209
SD NEGERI 061 MACERA,40600746,SD,Negeri,Kec. Binuang,330312,Kab. Polewali Mandar,330300,Prov. Sulawesi Barat,330000,8,2,48,6,4,0,1,31,23 Apr 2026 20:33:32,ACFB96BB98B284BFCB6A
SD NEGERI BINUANG,69949592,SD,Negeri,Kec. Binuang,330312,Kab. Polewali Mandar,330300,Prov. Sulawesi Barat,330000,11,1,33,6,6,0,0,16,28 Apr 2026 09:59:33,1EB325D2BED2AAC79E79
SD NEGERI PADANG KULA,40605738,SD,Negeri,Kec. Binuang,330312,Kab. Polewali Mandar,330300,Prov. Sulawesi Barat,330000,8,0,41,6,3,0,0,23,02 May 2026 09:23:45,CE8FD938C9F6F473F993
SD NEGERI PAMUTTU,69762753,SD,Negeri,Kec. Binuang,330312,Kab. Polewali Mandar,330300,Prov. Sulawesi Barat,330000,10,0,18,6,3,0,0,19,02 May 2026 19:22:33,BF30CA11A0EDDF30F877
Sekolah Rakyat Menengah Pertama Terintegrasi 22 Polewali Mandar,70055504,SMP,Negeri,Kec. Binuang,330312,Kab. Polewali Mandar,330300,Prov. Sulawesi Barat,330000,2,0,46,2,2,0,0,17,23 Apr 2026 15:02:16,5FD859FA355BEE8619D8
SMP NEGERI 7 POLEWALI,40600668,SMP,Negeri,Kec. Binuang,330312,Kab. Polewali Mandar,330300,Prov. Sulawesi Barat,330000,16,4,195,8,9,2,1,50,01 May 2026 09:26:36,95AE8D056AB4776241AE
SMP NEGERI BINUANG,40605627,SMP,Negeri,Kec. Binuang,330312,Kab. Polewali Mandar,330300,Prov. Sulawesi Barat,330000,11,3,127,6,6,1,1,28,16 Apr 2026 22:59:10,E3F44554C6DC5063931A
SMP NEGERI PASANG,40601562,SMP,Negeri,Kec. Binuang,330312,Kab. Polewali Mandar,330300,Prov. Sulawesi Barat,330000,12,3,87,3,8,3,1,121,26 Apr 2026 20:52:59,FCDC335742EB1EEC5248
SMP NEGERI SATAP PULO BATTOA,40605648,SMP,Negeri,Kec. Binuang,330312,Kab. Polewali Mandar,330300,Prov. Sulawesi Barat,330000,10,2,58,3,3,1,1,19,02 May 2026 04:26:41,678A9A6DD55A62F15FA9
SMP NEGERI SATU ATAP KALEOK,40605030,SMP,Negeri,Kec. Binuang,330312,Kab. Polewali Mandar,330300,Prov. Sulawesi Barat,330000,8,2,11,3,3,1,1,52,27 Apr 2026 07:35:13,94370AA9D0E45D36930F
Sekolah Rakyat Menengah Atas Terintegrasi 22 Polewali Mandar,70055505,SMA,Negeri,Kec. Binuang,330312,Kab. Polewali Mandar,330300,Prov. Sulawesi Barat,330000,11,2,48,2,2,0,0,16,27 Feb 2026 14:47:28,EED31516D4E8EE410B3C
UPTD SMKN PAKU,40600646,SMK,Negeri,Kec. Binuang,330312,Kab. Polewali Mandar,330300,Prov. Sulawesi Barat,330000,28,6,196,12,12,4,1,28,21 Apr 2026 19:23:35,BED07FA1165F19EC7CF2
UPTD SMKN REA TIMUR / SPPN POLMAN,40602562,SMK,Negeri,Kec. Binuang,330312,Kab. Polewali Mandar,330300,Prov. Sulawesi Barat,330000,42,13,187,17,19,1,2,32,30 Apr 2026 09:39:28,D393CAA52DE0BFDEC509
SD NEGERI 001 TINAMBUNG,40600867,SD,Negeri,Kec. Tinambung,330301,Kab. Polewali Mandar,330300,Prov. Sulawesi Barat,330000,17,3,230,12,13,0,1,19,12 Apr 2026 14:33:37,FB8D955B27D5C4AEDF11
SD NEGERI 003 KANDEAPI,40600875,SD,Negeri,Kec. Tinambung,330301,Kab. Polewali Mandar,330300,Prov. Sulawesi Barat,330000,12,4,130,6,6,0,0,18,13 Apr 2026 11:18:02,60DB3D56685DB5851EEB
SD NEGERI 004 KANDEMENG,40600911,SD,Negeri,Kec. Tinambung,330301,Kab. Polewali Mandar,330300,Prov. Sulawesi Barat,330000,11,3,89,6,6,0,1,11,21 Apr 2026 13:07:45,F373F432EAB7B3739639
SD NEGERI 012 KARAMA,40600583,SD,Negeri,Kec. Tinambung,330301,Kab. Polewali Mandar,330300,Prov. Sulawesi Barat,330000,9,4,145,6,7,1,1,11,09 Apr 2026 09:25:54,243990439C763063C808
SD NEGERI 013 MOJOPAHIT,40600589,SD,Negeri,Kec. Tinambung,330301,Kab. Polewali Mandar,330300,Prov. Sulawesi Barat,330000,10,4,81,6,6,1,1,16,03 Mar 2026 11:36:50,497536432AFF9B69FDB1
SD NEGERI 014 TANGNGA-TANGNGA,40600621,SD,Negeri,Kec. Tinambung,330301,Kab. Polewali Mandar,330300,Prov. Sulawesi Barat,330000,11,5,71,6,6,0,1,22,28 Apr 2026 07:24:46,63A509FDAD055BEF3009
SD NEGERI 015 TANDUNG,40600625,SD,Negeri,Kec. Tinambung,330301,Kab. Polewali Mandar,330300,Prov. Sulawesi Barat,330000,10,2,122,6,6,0,1,13,14 Apr 2026 09:31:49,1E53D5AF55937C94F49E
SD NEGERI 016 TANDUNG,40600629,SD,Negeri,Kec. Tinambung,330301,Kab. Polewali Mandar,330300,Prov. Sulawesi Barat,330000,11,3,119,7,6,0,1,2,20 Jan 2026 16:27:45,018A11F80C5C9F523ECA
SD NEGERI 018 LOMBOK,40600609,SD,Negeri,Kec. Tinambung,330301,Kab. Polewali Mandar,330300,Prov. Sulawesi Barat,330000,14,2,153,8,8,1,1,9,02 Apr 2026 11:17:08,EE30A66406DD8468A92C
SD NEGERI 029 PALUPPUNG,40600569,SD,Negeri,Kec. Tinambung,330301,Kab. Polewali Mandar,330300,Prov. Sulawesi Barat,330000,8,4,67,6,6,0,1,7,07 Apr 2026 15:49:26,5163BFA87D71DD265E3E
SD NEGERI 037 LEKOPADIS,40600787,SD,Negeri,Kec. Tinambung,330301,Kab. Polewali Mandar,330300,Prov. Sulawesi Barat,330000,9,2,60,6,6,0,1,9,10 Apr 2026 11:08:45,1450957D422E0C69BE71
SD NEGERI 038 KARAMA,40600788,SD,Negeri,Kec. Tinambung,330301,Kab. Polewali Mandar,330300,Prov. Sulawesi Barat,330000,6,0,104,6,6,0,1,5,06 Apr 2026 20:41:18,CF2B556E5D5B15A2786B
SD NEGERI 047 TANDUNG,40600926,SD,Negeri,Kec. Tinambung,330301,Kab. Polewali Mandar,330300,Prov. Sulawesi Barat,330000,8,4,70,6,6,0,1,12,10 Apr 2026 07:40:26,A7CCC2151DF414B3D2C6
SD NEGERI 048 PUPENGA,40600929,SD,Negeri,Kec. Tinambung,330301,Kab. Polewali Mandar,330300,Prov. Sulawesi Barat,330000,9,3,21,6,4,0,0,24,29 Apr 2026 06:54:41,82D6A76EF5E2A10C5015
SD NEGERI 052 JEMARANG,40600967,SD,Negeri,Kec. Tinambung,330301,Kab. Polewali Mandar,330300,Prov. Sulawesi Barat,330000,9,1,139,6,6,0,1,17,04 Mar 2026 20:01:43,50ED711D39417BB94D86
SD NEGERI 055 KANDEAPI,40600736,SD,Negeri,Kec. Tinambung,330301,Kab. Polewali Mandar,330300,Prov. Sulawesi Barat,330000,7,3,132,6,6,1,1,24,02 May 2026 10:37:22,B1AE4C5C688F6CD503E1
SD NEGERI 061 TIGAS,40600958,SD,Negeri,Kec. Tinambung,330301,Kab. Polewali Mandar,330300,Prov. Sulawesi Barat,330000,11,6,141,7,6,0,1,18,22 Apr 2026 18:15:02,897C7EA395936659FAB1
SD NEGERI 062 SANDANGAN,40600962,SD,Negeri,Kec. Tinambung,330301,Kab. Polewali Mandar,330300,Prov. Sulawesi Barat,330000,11,4,177,8,10,0,1,6,15 Apr 2026 18:42:17,B0FDA888556D0CFFED5A
SD NEGERI 067 LAMBE,40600884,SD,Negeri,Kec. Tinambung,330301,Kab. Polewali Mandar,330300,Prov. Sulawesi Barat,330000,10,3,124,7,6,0,1,21,25 Apr 2026 07:29:18,83EE63F7A2866CEDD21C
SD NEGERI 068 MARANNU,40600885,SD,Negeri,Kec. Tinambung,330301,Kab. Polewali Mandar,330300,Prov. Sulawesi Barat,330000,8,2,30,6,6,0,1,25,03 Mar 2026 15:43:38,9AB561913C9210A4A0EB
SMP NEGERI 1 TINAMBUNG,40600644,SMP,Negeri,Kec. Tinambung,330301,Kab. Polewali Mandar,330300,Prov. Sulawesi Barat,330000,28,6,360,12,14,2,1,46,27 Apr 2026 13:13:59,E3ADAAF15CD31D5E2717
SMP NEGERI 4 TINAMBUNG,40600676,SMP,Negeri,Kec. Tinambung,330301,Kab. Polewali Mandar,330300,Prov. Sulawesi Barat,330000,17,10,234,9,8,3,1,15,18 Apr 2026 09:03:38,990011AF72F61BF5FDEA
SMP NEGERI 5 TINAMBUNG,40600663,SMP,Negeri,Kec. Tinambung,330301,Kab. Polewali Mandar,330300,Prov. Sulawesi Barat,330000,21,14,227,9,11,3,1,9,14 Apr 2026 09:59:48,8620C0D2F699DCABA941
SMP NEGERI 6 TINAMBUNG,40602545,SMP,Negeri,Kec. Tinambung,330301,Kab. Polewali Mandar,330300,Prov. Sulawesi Barat,330000,11,10,83,3,5,4,3,19,30 Apr 2026 09:42:31,71880A851597C5F9FE0A
UPTD SMKN 1 TINAMBUNG,40600655,SMK,Negeri,Kec. Tinambung,330301,Kab. Polewali Mandar,330300,Prov. Sulawesi Barat,330000,62,24,733,27,20,3,1,51,28 Apr 2026 09:54:12,BDD1BCCDD5E0C5553856
SD NEGERI 010 BATU,40600600,SD,Negeri,Kec. Tapango,330314,Kab. Polewali Mandar,330300,Prov. Sulawesi Barat,330000,9,2,91,6,6,1,1,11,07 Mar 2026 15:45:58,274B72035EC412724490
SD NEGERI 024 PELITAKAN,40600519,SD,Negeri,Kec. Tapango,330314,Kab. Polewali Mandar,330300,Prov. Sulawesi Barat,330000,14,3,258,12,10,0,1,22,09 Apr 2026 03:16:18,C81156788669BA795DFF
SD NEGERI 025 RAPPANG,40600525,SD,Negeri,Kec. Tapango,330314,Kab. Polewali Mandar,330300,Prov. Sulawesi Barat,330000,17,2,263,12,12,1,1,15,27 Apr 2026 10:44:49,AEB8FADB48462FCBB549
SD NEGERI 026 KURRAK,40600775,SD,Negeri,Kec. Tapango,330314,Kab. Polewali Mandar,330300,Prov. Sulawesi Barat,330000,8,1,64,6,6,0,1,27,30 Apr 2026 08:10:59,A42AFAFC6BA41CAF9FB4
SD NEGERI 027 TAPANGO,40600545,SD,Negeri,Kec. Tapango,330314,Kab. Polewali Mandar,330300,Prov. Sulawesi Barat,330000,9,3,184,7,6,0,1,9,06 Mar 2026 20:50:10,1E141418CF91834E1335
SD NEGERI 030 TAPANGO,40600799,SD,Negeri,Kec. Tapango,330314,Kab. Polewali Mandar,330300,Prov. Sulawesi Barat,330000,16,1,309,12,15,1,1,16,07 Apr 2026 20:21:26,F0154628734084B7203D
SD NEGERI 033 PELITAKAN,40600792,SD,Negeri,Kec. Tapango,330314,Kab. Polewali Mandar,330300,Prov. Sulawesi Barat,330000,9,3,111,6,6,0,1,16,27 Apr 2026 02:40:38,630DCE9EA9AA0DF8056D
SD NEGERI 035 BUSSU,40600782,SD,Negeri,Kec. Tapango,330314,Kab. Polewali Mandar,330300,Prov. Sulawesi Barat,330000,10,2,157,7,6,0,1,25,05 Apr 2026 04:54:34,7F1360EAC0C873C7AEA5
SD NEGERI 044 RISO,40600936,SD,Negeri,Kec. Tapango,330314,Kab. Polewali Mandar,330300,Prov. Sulawesi Barat,330000,17,3,277,15,13,0,1,33,01 Apr 2026 22:24:07,A8C23A6333BD63561CFF
SD NEGERI 050 KATAPANG,40600702,SD,Negeri,Kec. Tapango,330314,Kab. Polewali Mandar,330300,Prov. Sulawesi Barat,330000,8,3,61,6,6,1,1,25,13 Apr 2026 11:07:28,5B5142CE43215CD7A91A
SD NEGERI 056 WONOSARI,40600975,SD,Negeri,Kec. Tapango,330314,Kab. Polewali Mandar,330300,Prov. Sulawesi Barat,330000,9,1,113,6,6,0,1,17,06 Apr 2026 11:38:11,D48A36A50B6C0891BBD4
SD NEGERI 062 PELITAKAN,40600961,SD,Negeri,Kec. Tapango,330314,Kab. Polewali Mandar,330300,Prov. Sulawesi Barat,330000,9,3,164,6,6,0,1,18,07 Apr 2026 07:35:38,3B2CC017A06CDB97E381
SD NEGERI 064 JAMBUMALEA,40602512,SD,Negeri,Kec. Tapango,330314,Kab. Polewali Mandar,330300,Prov. Sulawesi Barat,330000,11,2,92,6,7,1,1,24,16 Apr 2026 17:54:24,60A5DFA19C7C281187FE
SD NEGERI 067 SIMBALATU,40600724,SD,Negeri,Kec. Tapango,330314,Kab. Polewali Mandar,330300,Prov. Sulawesi Barat,330000,8,3,55,6,6,0,1,26,27 Apr 2026 15:29:36,E26F7E2C9CCDAED0904C
SMP NEGERI 3 TAPANGO,40605041,SMP,Negeri,Kec. Tapango,330314,Kab. Polewali Mandar,330300,Prov. Sulawesi Barat,330000,17,4,195,7,9,3,1,17,19 Apr 2026 13:27:57,1B8D57BD6716A3AED64D
SMP NEGERI 4 WONOMULYO,40600675,SMP,Negeri,Kec. Tapango,330314,Kab. Polewali Mandar,330300,Prov. Sulawesi Barat,330000,31,7,389,14,18,2,1,18,24 Apr 2026 08:20:07,FA104BE76A8E85A6FE70
SMP NEGERI BATU,40600641,SMP,Negeri,Kec. Tapango,330314,Kab. Polewali Mandar,330300,Prov. Sulawesi Barat,330000,12,4,110,6,6,2,1,33,29 Apr 2026 18:04:24,47C66121FB2049C50703
SMP NEGERI RAPPANG TAPANGO,40605031,SMP,Negeri,Kec. Tapango,330314,Kab. Polewali Mandar,330300,Prov. Sulawesi Barat,330000,16,4,209,8,9,2,1,29,02 May 2026 16:37:44,C6239AD3F4843BA6C12D
UPTD SMA NEGERI 1 TAPANGO,69958933,SMA,Negeri,Kec. Tapango,330314,Kab. Polewali Mandar,330300,Prov. Sulawesi Barat,330000,27,3,195,7,8,1,1,38,29 Apr 2026 13:32:38,C6CA0CF3EE4B21EBE19D
UPTD SMKN TAPANGO,40600634,SMK,Negeri,Kec. Tapango,330314,Kab. Polewali Mandar,330300,Prov. Sulawesi Barat,330000,38,8,445,18,19,1,1,41,20 Apr 2026 10:50:57,D57B0D3A083294556C1B
SMK SWASTA ARMIDA ABDULLADIN,69956618,SMK,Swasta,Kec. Tapango,330314,Kab. Polewali Mandar,330300,Prov. Sulawesi Barat,330000,9,5,77,5,6,2,1,19,29 Apr 2026 21:04:20,746EB45560FF087C8786
SD NEGERI 008 CAMBA-CAMBA,40600905,SD,Negeri,Kec. Limboro,330306,Kab. Polewali Mandar,330300,Prov. Sulawesi Barat,330000,7,2,142,6,6,0,0,42,13 Apr 2026 08:10:06,F15A9D1EB194A2BAD9B9
SD NEGERI 010 PALECE,40600602,SD,Negeri,Kec. Limboro,330306,Kab. Polewali Mandar,330300,Prov. Sulawesi Barat,330000,11,3,136,7,7,0,1,15,30 Mar 2026 07:26:33,8F4EBBE604BBB77D67AE
SD NEGERI 011 TEPPO,40600579,SD,Negeri,Kec. Limboro,330306,Kab. Polewali Mandar,330300,Prov. Sulawesi Barat,330000,11,4,69,6,6,0,1,10,25 Apr 2026 09:55:07,697C94838AB964838B42
SD NEGERI 017 NAPO,40600606,SD,Negeri,Kec. Limboro,330306,Kab. Polewali Mandar,330300,Prov. Sulawesi Barat,330000,9,3,61,6,7,0,1,8,07 Apr 2026 06:24:19,47B172A270862ECD6E47
SD NEGERI 023 TODANG-TODANG,40600531,SD,Negeri,Kec. Limboro,330306,Kab. Polewali Mandar,330300,Prov. Sulawesi Barat,330000,8,2,21,6,3,0,0,13,23 Apr 2026 12:46:14,1F2BCD42408DB88A96BE
SD NEGERI 024 TABANG LELEANG,40602477,SD,Negeri,Kec. Limboro,330306,Kab. Polewali Mandar,330300,Prov. Sulawesi Barat,330000,6,1,10,6,6,0,0,16,04 Mar 2026 20:32:11,0270CE0D769CF6B9F198
SD NEGERI 026 SAMASUNDU,40600527,SD,Negeri,Kec. Limboro,330306,Kab. Polewali Mandar,330300,Prov. Sulawesi Barat,330000,10,4,70,6,6,0,0,8,22 Apr 2026 07:24:20,C5BDABC12F31C2948848
SD NEGERI 027 RENGGEANG,40600528,SD,Negeri,Kec. Limboro,330306,Kab. Polewali Mandar,330300,Prov. Sulawesi Barat,330000,7,4,137,6,6,0,1,29,10 Apr 2026 14:45:29,15120F4D850FA8DEB839
SD NEGERI 028 TANDASSURA,40600564,SD,Negeri,Kec. Limboro,330306,Kab. Polewali Mandar,330300,Prov. Sulawesi Barat,330000,9,1,99,6,7,0,1,9,02 Apr 2026 12:16:09,0B051651F3FCDF7FE40C
SD NEGERI 030 LEMBANG-LEMBANG,40600573,SD,Negeri,Kec. Limboro,330306,Kab. Polewali Mandar,330300,Prov. Sulawesi Barat,330000,13,4,61,6,6,0,1,27,15 Apr 2026 11:52:09,19AF1B5CEF0889C2FD11
SD NEGERI 031 BANU-BANUA,40600574,SD,Negeri,Kec. Limboro,330306,Kab. Polewali Mandar,330300,Prov. Sulawesi Barat,330000,10,1,104,6,6,0,0,14,24 Apr 2026 09:22:10,8BB7D53CE459AC851F7A
SD NEGERI 034 NAPO,40600779,SD,Negeri,Kec. Limboro,330306,Kab. Polewali Mandar,330300,Prov. Sulawesi Barat,330000,8,3,113,6,7,0,1,17,22 Apr 2026 15:45:16,C0ECF042D06C1F0606E5
SD NEGERI 035 LIMBORO,40600783,SD,Negeri,Kec. Limboro,330306,Kab. Polewali Mandar,330300,Prov. Sulawesi Barat,330000,9,5,48,6,6,0,1,11,05 Apr 2026 14:02:43,D368DF8E009AB42B1B75
SD NEGERI 040 LEMBANG-LEMBANG,40600922,SD,Negeri,Kec. Limboro,330306,Kab. Polewali Mandar,330300,Prov. Sulawesi Barat,330000,12,1,99,6,6,0,1,28,28 Apr 2026 22:06:41,2F66C090C5D738543CAD
SD NEGERI 041 TANDASSURA,40600940,SD,Negeri,Kec. Limboro,330306,Kab. Polewali Mandar,330300,Prov. Sulawesi Barat,330000,9,3,110,6,6,0,1,31,21 Apr 2026 21:23:24,C928E155BAD73EC8A13F
SD NEGERI 043 KAIDA,40600944,SD,Negeri,Kec. Limboro,330306,Kab. Polewali Mandar,330300,Prov. Sulawesi Barat,330000,9,3,13,6,2,0,1,22,01 May 2026 17:43:06,A81B189746483D8D931C
SD NEGERI 045 SALARRI,40600923,SD,Negeri,Kec. Limboro,330306,Kab. Polewali Mandar,330300,Prov. Sulawesi Barat,330000,8,4,115,6,6,0,1,12,10 Feb 2026 11:55:42,3EEA055332DF20B7BF58
SD NEGERI 051 LITAPUTE,40600965,SD,Negeri,Kec. Limboro,330306,Kab. Polewali Mandar,330300,Prov. Sulawesi Barat,330000,9,3,67,6,6,0,0,39,29 Apr 2026 09:24:23,8F19DEAF93642CFFD7BE
SD NEGERI 054 PENDULANGAN,40600971,SD,Negeri,Kec. Limboro,330306,Kab. Polewali Mandar,330300,Prov. Sulawesi Barat,330000,8,1,21,6,3,0,1,2,22 Jan 2026 21:21:41,B6A021910A8AF7D8AE41
SD NEGERI 059 SUMAEL,40600951,SD,Negeri,Kec. Limboro,330306,Kab. Polewali Mandar,330300,Prov. Sulawesi Barat,330000,11,2,59,6,6,0,1,11,04 Mar 2026 07:56:09,DA7008FFD3980967F98B
SD NEGERI 060 LOLLE,10200610,SD,Negeri,Kec. Limboro,330306,Kab. Polewali Mandar,330300,Prov. Sulawesi Barat,330000,9,5,55,6,6,0,1,6,25 Feb 2026 13:12:08,3EAA776D69FEABF61ACD
SD NEGERI 066 MADAN,40602515,SD,Negeri,Kec. Limboro,330306,Kab. Polewali Mandar,330300,Prov. Sulawesi Barat,330000,7,0,18,6,3,0,1,12,14 Apr 2026 21:18:01,FD4BEC1169AC8708AADB
SD NEGERI 071 JATI,40600889,SD,Negeri,Kec. Limboro,330306,Kab. Polewali Mandar,330300,Prov. Sulawesi Barat,330000,9,3,59,6,5,0,0,11,28 Feb 2026 04:05:15,A91FDC5D9725EEF58209
SMP NEGERI 3 TINAMBUNG,40600686,SMP,Negeri,Kec. Limboro,330306,Kab. Polewali Mandar,330300,Prov. Sulawesi Barat,330000,21,11,178,7,13,2,1,38,09 Apr 2026 19:39:48,74CBD7FC7244C0C7B668
SMP NEGERI LIMBORO,40600671,SMP,Negeri,Kec. Limboro,330306,Kab. Polewali Mandar,330300,Prov. Sulawesi Barat,330000,17,7,204,9,8,1,1,40,28 Apr 2026 08:03:53,E4F18DCEC02B001A08AD
SMP NEGERI SATAP JATI,69909540,SMP,Negeri,Kec. Limboro,330306,Kab. Polewali Mandar,330300,Prov. Sulawesi Barat,330000,8,2,15,3,3,0,0,22,28 Apr 2026 14:14:12,0714AA440B895FB8B23A
SMP NEGERI SATAP PENDULANGAN,40605650,SMP,Negeri,Kec. Limboro,330306,Kab. Polewali Mandar,330300,Prov. Sulawesi Barat,330000,8,1,13,3,2,0,1,11,25 Apr 2026 15:22:33,1593FC47ADB2922959A3
SMP NEGERI SATAP TANDASSURA,69858476,SMP,Negeri,Kec. Limboro,330306,Kab. Polewali Mandar,330300,Prov. Sulawesi Barat,330000,10,3,64,3,3,0,0,21,21 Apr 2026 22:22:39,D67713CB2AFF12C86D1B
SMPN SATAP SALARRI,69857930,SMP,Negeri,Kec. Limboro,330306,Kab. Polewali Mandar,330300,Prov. Sulawesi Barat,330000,10,4,40,3,3,1,1,6,03 Mar 2026 23:48:47,36415100D833E60FAA37
UPTD SMKN LIMBORO,40600647,SMK,Negeri,Kec. Limboro,330306,Kab. Polewali Mandar,330300,Prov. Sulawesi Barat,330000,32,12,306,13,7,2,1,30,01 May 2026 10:43:09,47A00FF85431E1D5BB91
SD NEGERI 001 PETOOSANG,40600864,SD,Negeri,Kec. Alu,330309,Kab. Polewali Mandar,330300,Prov. Sulawesi Barat,330000,8,5,97,6,6,1,2,11,30 Apr 2026 10:10:15,48AA6BECE14969E32A7C
SD NEGERI 003 SOSSO,40600893,SD,Negeri,Kec. Alu,330309,Kab. Polewali Mandar,330300,Prov. Sulawesi Barat,330000,9,3,49,6,6,0,1,17,05 Apr 2026 22:28:08,DF4774B32230F7511F2A
SD NEGERI 004 MOMBI,40600912,SD,Negeri,Kec. Alu,330309,Kab. Polewali Mandar,330300,Prov. Sulawesi Barat,330000,10,2,136,7,6,0,0,20,17 Apr 2026 08:34:52,94971405B6477ECD12C8
SD NEGERI 005 PAO-PAO,40600918,SD,Negeri,Kec. Alu,330309,Kab. Polewali Mandar,330300,Prov. Sulawesi Barat,330000,9,4,45,6,3,0,1,12,12 Feb 2026 22:10:07,3EFE0F864F0E4A7F00C8
SD NEGERI 006 PUPPURING,40600897,SD,Negeri,Kec. Alu,330309,Kab. Polewali Mandar,330300,Prov. Sulawesi Barat,330000,10,4,170,9,6,0,1,15,24 Apr 2026 21:25:48,E54802DE3B3725915B8B
SD NEGERI 014 PETOOSANG,69949594,SD,Negeri,Kec. Alu,330309,Kab. Polewali Mandar,330300,Prov. Sulawesi Barat,330000,8,2,104,6,7,0,0,16,04 Mar 2026 15:44:52,23A727932DFB687D5F9A
SD NEGERI 017 BUNG,40600619,SD,Negeri,Kec. Alu,330309,Kab. Polewali Mandar,330300,Prov. Sulawesi Barat,330000,8,3,50,6,6,0,1,18,06 Mar 2026 07:17:10,09AC96B123C5487F79AB
SD NEGERI 018 BALA,69947847,SD,Negeri,Kec. Alu,330309,Kab. Polewali Mandar,330300,Prov. Sulawesi Barat,330000,6,1,21,6,3,0,0,6,27 Feb 2026 10:36:12,8B67C0FC05F77636BFF3
SD NEGERI 019 PAROPO,40600615,SD,Negeri,Kec. Alu,330309,Kab. Polewali Mandar,330300,Prov. Sulawesi Barat,330000,9,3,72,6,6,1,1,6,28 Jan 2026 07:48:00,E8FE175C6E552DC356C6
SD NEGERI 020 PUSU,40600533,SD,Negeri,Kec. Alu,330309,Kab. Polewali Mandar,330300,Prov. Sulawesi Barat,330000,9,1,48,6,6,0,1,23,08 Apr 2026 19:19:33,C520941AA7AA0193801A
SD NEGERI 023 SAYOANG,40600532,SD,Negeri,Kec. Alu,330309,Kab. Polewali Mandar,330300,Prov. Sulawesi Barat,330000,8,4,37,6,6,0,1,11,02 May 2026 18:13:38,2EB541D5E2F99E18F1BA
SD NEGERI 027 RATTEMATAMA,40600794,SD,Negeri,Kec. Alu,330309,Kab. Polewali Mandar,330300,Prov. Sulawesi Barat,330000,10,3,86,6,5,0,1,4,26 Jan 2026 14:26:38,123C52000738642BAAAA
SD NEGERI 030 TANASE,46800798,SD,Negeri,Kec. Alu,330309,Kab. Polewali Mandar,330300,Prov. Sulawesi Barat,330000,9,3,38,6,6,0,1,11,07 Mar 2026 10:32:11,7AC8E44579AE6432DA6B
SD NEGERI 031 SUMARRANG,40600560,SD,Negeri,Kec. Alu,330309,Kab. Polewali Mandar,330300,Prov. Sulawesi Barat,330000,8,4,92,6,6,0,1,32,05 Mar 2026 21:32:27,0752AC59BDE5A0BE1B59
SD NEGERI 033 MALIMBUNG,40600549,SD,Negeri,Kec. Alu,330309,Kab. Polewali Mandar,330300,Prov. Sulawesi Barat,330000,9,2,71,6,6,0,1,24,20 Apr 2026 20:21:29,3B422EBC3624BD65D1DF
SD NEGERI 034 ALLU,40600550,SD,Negeri,Kec. Alu,330309,Kab. Polewali Mandar,330300,Prov. Sulawesi Barat,330000,9,3,107,6,7,0,1,18,30 Apr 2026 10:45:36,8279F21621A257737372
SD NEGERI 035 LUTANG,40600553,SD,Negeri,Kec. Alu,330309,Kab. Polewali Mandar,330300,Prov. Sulawesi Barat,330000,9,3,66,6,7,0,0,13,29 Apr 2026 12:33:06,0DEEAA3E265810DD487D
SD NEGERI 037 TOLOGO,40600558,SD,Negeri,Kec. Alu,330309,Kab. Polewali Mandar,330300,Prov. Sulawesi Barat,330000,8,0,72,6,3,0,0,7,30 Apr 2026 21:46:42,E7C0385B680FACD77F5E
SD NEGERI 043 BUMBUNG,40600717,SD,Negeri,Kec. Alu,330309,Kab. Polewali Mandar,330300,Prov. Sulawesi Barat,330000,8,3,28,6,6,0,1,23,15 Apr 2026 09:10:07,8126E4C3C8F19BCA8FF2
SD NEGERI 044 LALODO,40600706,SD,Negeri,Kec. Alu,330309,Kab. Polewali Mandar,330300,Prov. Sulawesi Barat,330000,8,3,47,6,6,0,1,15,05 Apr 2026 12:57:29,C882F7C3F5CAC12E8867
SD NEGERI 045 BAULU,40600045,SD,Negeri,Kec. Alu,330309,Kab. Polewali Mandar,330300,Prov. Sulawesi Barat,330000,8,3,27,6,3,0,1,18,10 Apr 2026 18:50:41,3A29C88E3840CFC6EF16
SD NEGERI RURA,69949596,SD,Negeri,Kec. Alu,330309,Kab. Polewali Mandar,330300,Prov. Sulawesi Barat,330000,9,3,46,6,6,0,1,28,16 Apr 2026 18:59:32,9F9923457046DE45C07A
SMP NEGERI 1 TUTALLU,40600645,SMP,Negeri,Kec. Alu,330309,Kab. Polewali Mandar,330300,Prov. Sulawesi Barat,330000,18,11,189,8,12,2,1,66,14 Mar 2026 15:59:15,0E994FB1E487FCE230DE
SMP NEGERI 2 ALU,40605034,SMP,Negeri,Kec. Alu,330309,Kab. Polewali Mandar,330300,Prov. Sulawesi Barat,330000,11,2,60,3,3,1,1,50,17 Apr 2026 10:20:01,0AB97952AFDDAF68AB6F
SMP NEGERI 3 ALU,69762749,SMP,Negeri,Kec. Alu,330309,Kab. Polewali Mandar,330300,Prov. Sulawesi Barat,330000,14,3,54,3,3,1,1,36,03 Mar 2026 12:42:25,0ED4B2B86D37EEE2192E
SMP NEGERI SATAP BUNG,69858474,SMP,Negeri,Kec. Alu,330309,Kab. Polewali Mandar,330300,Prov. Sulawesi Barat,330000,11,1,73,3,3,0,1,16,27 Apr 2026 21:44:39,C5A5EFEB5C2D0A51031E
SMP NEGERI SATU ATAP PUPPURING,69788001,SMP,Negeri,Kec. Alu,330309,Kab. Polewali Mandar,330300,Prov. Sulawesi Barat,330000,9,1,60,3,3,0,1,31,23 Apr 2026 05:32:49,A038447AFFB35C0E72D3
SMP NEGERI SATU ATAP RATTEMATAMA,40602551,SMP,Negeri,Kec. Alu,330309,Kab. Polewali Mandar,330300,Prov. Sulawesi Barat,330000,10,3,82,3,3,0,0,34,01 May 2026 17:58:52,AB5F3A67B8BAA56859E4
UPTD SMAN 1 ALU,40600648,SMA,Negeri,Kec. Alu,330309,Kab. Polewali Mandar,330300,Prov. Sulawesi Barat,330000,31,9,275,9,12,2,1,47,28 Apr 2026 08:27:04,B5A196DEC352F5AEEE3A
UPTD SMK NEGERI ALU,69857919,SMK,Negeri,Kec. Alu,330309,Kab. Polewali Mandar,330300,Prov. Sulawesi Barat,330000,22,7,88,9,9,2,1,20,07 Mar 2026 23:32:58,0830FEB5A743D7F484E7
SD NEGERI 026 BULO,40600526,SD,Negeri,Kec. Bulo,330316,Kab. Polewali Mandar,330300,Prov. Sulawesi Barat,330000,15,2,129,12,12,1,1,60,25 Apr 2026 08:30:21,1F70F2EE116EB68D55F8
SD NEGERI 038 KANUSUANG,40600559,SD,Negeri,Kec. Bulo,330316,Kab. Polewali Mandar,330300,Prov. Sulawesi Barat,330000,16,2,277,13,13,1,1,41,10 Mar 2026 10:35:38,B8B3C8BA873C5F5C6EFF
SD NEGERI 057 PULLIWA,40600740,SD,Negeri,Kec. Bulo,330316,Kab. Polewali Mandar,330300,Prov. Sulawesi Barat,330000,8,1,129,6,7,0,1,26,10 Apr 2026 05:31:39,2FA5771EDE0353740892
SD NEGERI 059 SABURA,40600952,SD,Negeri,Kec. Bulo,330316,Kab. Polewali Mandar,330300,Prov. Sulawesi Barat,330000,8,3,134,6,6,0,1,28,16 Apr 2026 10:23:07,2E023C996041EF5FD3DD
SD NEGERI 070 KAROMBANG,40602516,SD,Negeri,Kec. Bulo,330316,Kab. Polewali Mandar,330300,Prov. Sulawesi Barat,330000,9,2,104,6,6,0,1,15,11 Apr 2026 21:52:51,F9B793F0645ED8B8B3B1
SD NEGERI 071 LENGGO,40602518,SD,Negeri,Kec. Bulo,330316,Kab. Polewali Mandar,330300,Prov. Sulawesi Barat,330000,14,2,110,12,12,0,0,28,25 Apr 2026 18:42:08,1A4FD4264D6751BF9487
SD NEGERI 072 DAALA,40600727,SD,Negeri,Kec. Bulo,330316,Kab. Polewali Mandar,330300,Prov. Sulawesi Barat,330000,8,2,28,6,4,0,1,8,05 Mar 2026 12:53:38,99478B12B3EA71C98A43
SD NEGERI GALU GALUNG,69961685,SD,Negeri,Kec. Bulo,330316,Kab. Polewali Mandar,330300,Prov. Sulawesi Barat,330000,8,1,49,6,6,0,1,28,20 Apr 2026 11:16:53,839F8D1BB52BF9959BCC
SD NEGERI TALANGGA,40605733,SD,Negeri,Kec. Bulo,330316,Kab. Polewali Mandar,330300,Prov. Sulawesi Barat,330000,9,4,87,6,5,0,1,26,13 Apr 2026 19:41:03,4C492FF1645E7DADCF88
SD NEGERI TRANSMIGRASI PATAMBANUA,40604486,SD,Negeri,Kec. Bulo,330316,Kab. Polewali Mandar,330300,Prov. Sulawesi Barat,330000,8,2,56,6,4,1,1,15,29 Apr 2026 20:17:15,6215C30BA6C255C894D6
SD DDI TOPPONG,40602684,SD,Swasta,Kec. Bulo,330316,Kab. Polewali Mandar,330300,Prov. Sulawesi Barat,330000,5,1,41,6,3,0,0,14,07 Apr 2026 06:50:10,A314A6A2D8D754B4578C
SMP NEGERI 6 WONOMULYO,40600667,SMP,Negeri,Kec. Bulo,330316,Kab. Polewali Mandar,330300,Prov. Sulawesi Barat,330000,18,4,256,10,11,2,1,49,25 Apr 2026 09:51:27,F4313DAA6CC1D8B0264A
SMP NEGERI BULO,40605036,SMP,Negeri,Kec. Bulo,330316,Kab. Polewali Mandar,330300,Prov. Sulawesi Barat,330000,12,4,95,5,6,2,1,110,02 May 2026 11:34:43,34417D2D5CA627E6D044
SMP NEGERI SATAP DAALA TIMUR,40605719,SMP,Negeri,Kec. Bulo,330316,Kab. Polewali Mandar,330300,Prov. Sulawesi Barat,330000,12,1,72,3,3,0,0,16,05 Apr 2026 15:31:13,42C31337B58F8EB5690D
SMP NEGERI SATAP LENGGO,40605522,SMP,Negeri,Kec. Bulo,330316,Kab. Polewali Mandar,330300,Prov. Sulawesi Barat,330000,11,0,37,3,3,0,1,17,10 Apr 2026 10:22:04,5BC8C58E415428C3099D
SMP NEGERI SATAP SABURA,69894352,SMP,Negeri,Kec. Bulo,330316,Kab. Polewali Mandar,330300,Prov. Sulawesi Barat,330000,9,5,31,3,3,0,0,10,16 Mar 2026 09:11:03,2316B8824E843F17AF50
UPTD SMKN BULO,40605505,SMK,Negeri,Kec. Bulo,330316,Kab. Polewali Mandar,330300,Prov. Sulawesi Barat,330000,33,6,297,13,11,5,1,63,01 May 2026 19:44:18,57E43A2C35F5318B1C62
SD NEGERI 022 BASSEANG,40602473,SD,Negeri,Kec. Anreapi,330313,Kab. Polewali Mandar,330300,Prov. Sulawesi Barat,330000,11,2,177,8,7,1,1,15,03 Mar 2026 21:25:08,94DADFC454ACEC2988DF
SD NEGERI 024 KUNYI,40600518,SD,Negeri,Kec. Anreapi,330313,Kab. Polewali Mandar,330300,Prov. Sulawesi Barat,330000,8,3,86,6,6,0,1,12,11 Feb 2026 12:08:43,1A0778546404E52F92CF
SD NEGERI 025 KELAPA DUA,40600522,SD,Negeri,Kec. Anreapi,330313,Kab. Polewali Mandar,330300,Prov. Sulawesi Barat,330000,9,3,71,6,6,0,1,9,08 Apr 2026 08:29:31,0AF9A37BA633311F7DB9
SD NEGERI 032 KUNYI,40600548,SD,Negeri,Kec. Anreapi,330313,Kab. Polewali Mandar,330300,Prov. Sulawesi Barat,330000,10,1,83,6,6,0,1,18,21 Apr 2026 06:59:15,959C725C76D4AA90BB7E
SD NEGERI 040 BELUAK,40600710,SD,Negeri,Kec. Anreapi,330313,Kab. Polewali Mandar,330300,Prov. Sulawesi Barat,330000,9,3,126,6,6,0,1,31,26 Apr 2026 19:04:48,FC552CFCFF4FF6B55B34
SD NEGERI 042 KUNYI,69966731,SD,Negeri,Kec. Anreapi,330313,Kab. Polewali Mandar,330300,Prov. Sulawesi Barat,330000,10,3,75,6,2,0,0,40,25 Apr 2026 10:48:43,2A3921EAC81AA51E9C70
SD NEGERI 045 LEPPANG,40600693,SD,Negeri,Kec. Anreapi,330313,Kab. Polewali Mandar,330300,Prov. Sulawesi Barat,330000,7,3,99,6,6,0,1,20,06 Apr 2026 12:47:15,BC56423D57903BC207FD
SD NEGERI 046 PARATTEAN,40600697,SD,Negeri,Kec. Anreapi,330313,Kab. Polewali Mandar,330300,Prov. Sulawesi Barat,330000,10,3,44,6,6,0,1,40,01 May 2026 06:20:54,FFDA6B7A7E3F5DF56436
SD NEGERI 056 BASSEANG,40600738,SD,Negeri,Kec. Anreapi,330313,Kab. Polewali Mandar,330300,Prov. Sulawesi Barat,330000,7,1,50,6,6,0,1,20,29 Apr 2026 19:50:39,5DB809EB0A05039C1D21
SD NEGERI 057 PAPPANDANGAN,40600739,SD,Negeri,Kec. Anreapi,330313,Kab. Polewali Mandar,330300,Prov. Sulawesi Barat,330000,9,2,71,6,6,0,1,25,16 Apr 2026 20:06:35,E349616194C89DB250C9
SD NEGERI 063 BATU,40600950,SD,Negeri,Kec. Anreapi,330313,Kab. Polewali Mandar,330300,Prov. Sulawesi Barat,330000,9,1,91,6,6,0,1,16,23 Apr 2026 11:37:30,20852C17E3C1543137F4
SMP NEGERI ANREAPI,40600669,SMP,Negeri,Kec. Anreapi,330313,Kab. Polewali Mandar,330300,Prov. Sulawesi Barat,330000,17,6,254,9,9,2,1,44,20 Apr 2026 11:22:20,78A2E0CB09C730D72233
SMP NEGERI SATAP KUNYI,40605721,SMP,Negeri,Kec. Anreapi,330313,Kab. Polewali Mandar,330300,Prov. Sulawesi Barat,330000,12,3,32,3,2,1,1,31,06 Apr 2026 19:01:30,A26DAA89A34819C4CB3D
SD NEGERI 008 MATANGNGA,40600920,SD,Negeri,Kec. Matangnga,330315,Kab. Polewali Mandar,330300,Prov. Sulawesi Barat,330000,9,2,43,6,6,0,0,24,24 Apr 2026 14:02:14,4255EF7544F7D6E0B630
SD NEGERI 009 TAPUA,40600598,SD,Negeri,Kec. Matangnga,330315,Kab. Polewali Mandar,330300,Prov. Sulawesi Barat,330000,10,3,56,6,6,0,1,17,02 Apr 2026 12:44:46,700D4424488AA8007603
SD NEGERI 013 MATANGNGA,40600588,SD,Negeri,Kec. Matangnga,330315,Kab. Polewali Mandar,330300,Prov. Sulawesi Barat,330000,8,3,131,6,6,1,1,31,30 Apr 2026 20:24:29,B3D240BEF13D1E0EAD80
SD NEGERI 017 TAPUA,40600758,SD,Negeri,Kec. Matangnga,330315,Kab. Polewali Mandar,330300,Prov. Sulawesi Barat,330000,8,3,94,6,6,0,1,9,16 Apr 2026 08:16:29,63403112506C7C34F75A
SD NEGERI 021 PAMOMBONG,40600759,SD,Negeri,Kec. Matangnga,330315,Kab. Polewali Mandar,330300,Prov. Sulawesi Barat,330000,11,0,37,6,6,0,0,28,25 Apr 2026 10:42:08,13485A39ADFC80D49AD2
SD NEGERI 028 LILLI,40600546,SD,Negeri,Kec. Matangnga,330315,Kab. Polewali Mandar,330300,Prov. Sulawesi Barat,330000,9,1,32,6,6,0,1,20,16 Apr 2026 19:57:46,7618027E45CD4D6F5769
SD NEGERI 034 RINGINAN,40600552,SD,Negeri,Kec. Matangnga,330315,Kab. Polewali Mandar,330300,Prov. Sulawesi Barat,330000,11,0,45,6,6,0,0,22,11 Apr 2026 20:07:06,BD00C972E8C5E897444B
SMP NEGERI 2 MATANGNGA,69788005,SMP,Negeri,Kec. Matangnga,330315,Kab. Polewali Mandar,330300,Prov. Sulawesi Barat,330000,12,2,67,3,5,1,1,21,30 Mar 2026 21:28:56,5452DBE5455A0690B50E
SMP NEGERI 3 SUMARORONG,40605716,SMP,Negeri,Kec. Matangnga,330315,Kab. Polewali Mandar,330300,Prov. Sulawesi Barat,330000,12,7,108,6,6,1,1,31,25 Apr 2026 00:44:49,26AEAF04268C4CAE446C
SMP NEGERI SATU ATAP LILLI,40605725,SMP,Negeri,Kec. Matangnga,330315,Kab. Polewali Mandar,330300,Prov. Sulawesi Barat,330000,10,2,32,3,2,0,1,37,01 May 2026 23:13:49,0387DABFC8F755CCAB54
UPTD SMA NEGERI 1 MATANGNGA,69976960,SMA,Negeri,Kec. Matangnga,330315,Kab. Polewali Mandar,330300,Prov. Sulawesi Barat,330000,12,3,83,3,3,1,1,18,23 Apr 2026 19:12:09,49B44E645EB4B9CA5362
SD K. 015 PEBASSIAN,40602604,SD,Negeri,Kec. Mamasa,330403,Kab. Mamasa,330400,Prov. Sulawesi Barat,330000,7,2,43,6,6,0,2,5,30 Apr 2026 07:54:35,CB69AE2349E46CEB801D
SD N. 006 RAMBUSARATU,40601137,SD,Negeri,Kec. Mamasa,330403,Kab. Mamasa,330400,Prov. Sulawesi Barat,330000,22,12,155,9,6,0,1,39,21 Apr 2026 15:43:42,D723016827F625FD7436
SD N. 013 PENA,40602640,SD,Negeri,Kec. Mamasa,330403,Kab. Mamasa,330400,Prov. Sulawesi Barat,330000,12,2,138,8,8,0,1,9,31 Jan 2026 17:38:46,9D16C8883CC92EE34652
SD N. 014 LOKO,40600981,SD,Negeri,Kec. Mamasa,330403,Kab. Mamasa,330400,Prov. Sulawesi Barat,330000,10,3,83,6,6,0,1,16,14 Apr 2026 20:02:53,976537E38DF067EF4781
SD NEGERI 001 Mamasa,40601083,SD,Negeri,Kec. Mamasa,330403,Kab. Mamasa,330400,Prov. Sulawesi Barat,330000,41,3,636,24,18,0,0,60,30 Apr 2026 11:14:42,F37B916436F1C724D8AB
SD NEGERI 002 MAMASA,40601151,SD,Negeri,Kec. Mamasa,330403,Kab. Mamasa,330400,Prov. Sulawesi Barat,330000,33,18,528,22,14,1,1,140,01 May 2026 06:48:05,FCA3CFDF96539B7BE64A
SD NEGERI 003 OSANGO,40601164,SD,Negeri,Kec. Mamasa,330403,Kab. Mamasa,330400,Prov. Sulawesi Barat,330000,13,4,115,6,8,0,5,22,15 Apr 2026 01:52:10,36D9A3BA6712CAE45A93
SD NEGERI 005 RANTEBUDA,40601133,SD,Negeri,Kec. Mamasa,330403,Kab. Mamasa,330400,Prov. Sulawesi Barat,330000,11,4,94,6,6,0,1,11,19 Apr 2026 20:52:25,3EC0FDCA80AA9570A2D6
SD NEGERI 008 BUNTUBUDA,40601004,SD,Negeri,Kec. Mamasa,330403,Kab. Mamasa,330400,Prov. Sulawesi Barat,330000,12,3,109,6,6,0,1,37,24 Apr 2026 07:59:09,674E1FA653C6151735FB
SD NEGERI 011 TATOA,40601015,SD,Negeri,Kec. Mamasa,330403,Kab. Mamasa,330400,Prov. Sulawesi Barat,330000,20,12,169,9,8,1,1,48,02 May 2026 16:09:44,7854162D1B7FE621570E
SD NEGERI 012 BARRA-BARRA,40601002,SD,Negeri,Kec. Mamasa,330403,Kab. Mamasa,330400,Prov. Sulawesi Barat,330000,10,14,96,6,7,0,1,20,24 Apr 2026 09:09:57,47FF0CAD59E0540D2D42
SD NEGERI 10 PAKKASSASAN,40601379,SD,Negeri,Kec. Mamasa,330403,Kab. Mamasa,330400,Prov. Sulawesi Barat,330000,19,3,96,6,7,1,1,25,08 Apr 2026 13:29:22,74FFD67CDED3C9CA1C44
SDK 016 RANTEPONGKO,40602605,SD,Negeri,Kec. Mamasa,330403,Kab. Mamasa,330400,Prov. Sulawesi Barat,330000,14,6,53,6,6,0,1,20,25 Apr 2026 07:09:41,0523E0DF30C94017B481
SDK 017 NEKE,40605495,SD,Negeri,Kec. Mamasa,330403,Kab. Mamasa,330400,Prov. Sulawesi Barat,330000,9,2,32,6,5,0,0,10,03 Mar 2026 12:56:02,AAAD8340AE689ACAF24C
SDK 020 BUNTUKASISI,69946263,SD,Negeri,Kec. Mamasa,330403,Kab. Mamasa,330400,Prov. Sulawesi Barat,330000,8,2,90,6,6,1,0,7,10 Apr 2026 07:59:26,D3D1E3DED3FEB6274395
SDK NEGERI 019 RANTEKEPAK,69895480,SD,Negeri,Kec. Mamasa,330403,Kab. Mamasa,330400,Prov. Sulawesi Barat,330000,7,2,48,6,3,0,0,6,12 Mar 2026 16:08:07,B268D9E5FFB98D81551C
SDK. 018 RANTE DAMA,69754233,SD,Negeri,Kec. Mamasa,330403,Kab. Mamasa,330400,Prov. Sulawesi Barat,330000,11,1,54,6,4,0,1,21,21 Apr 2026 07:35:45,CCF749CA6276F045CE52
SDN 004 LUMBATU,40601143,SD,Negeri,Kec. Mamasa,330403,Kab. Mamasa,330400,Prov. Sulawesi Barat,330000,9,7,136,6,9,0,1,66,27 Apr 2026 09:34:16,3F0D69FC0C8D6C5EFF2C
SDN 009 LOMBOK,40602634,SD,Negeri,Kec. Mamasa,330403,Kab. Mamasa,330400,Prov. Sulawesi Barat,330000,8,6,41,6,6,0,1,9,05 Mar 2026 08:06:30,2F6B0F2411CC24563FE9
SDN. 007 TAUPE,40601006,SD,Negeri,Kec. Mamasa,330403,Kab. Mamasa,330400,Prov. Sulawesi Barat,330000,9,3,85,6,6,0,1,45,12 Apr 2026 19:28:10,97FC5290538C62501545
SDS NUSA BANGSA,40605521,SD,Swasta,Kec. Mamasa,330403,Kab. Mamasa,330400,Prov. Sulawesi Barat,330000,5,1,19,5,6,0,0,6,29 Apr 2026 10:43:45,772488BA76FC34F84F5F
SMP N. 5 MAMASA,40605524,SMP,Negeri,Kec. Mamasa,330403,Kab. Mamasa,330400,Prov. Sulawesi Barat,330000,15,3,145,6,7,2,1,34,18 Apr 2026 09:57:08,A2A661D181922C84B121
SMP NEGERI 1 MAMASA,40601047,SMP,Negeri,Kec. Mamasa,330403,Kab. Mamasa,330400,Prov. Sulawesi Barat,330000,47,10,731,24,26,2,1,36,30 Apr 2026 16:11:32,4A0106822FC99AFD006E
SMPN 003 MAMASA,40602667,SMP,Negeri,Kec. Mamasa,330403,Kab. Mamasa,330400,Prov. Sulawesi Barat,330000,15,8,97,4,7,1,1,19,06 Mar 2026 10:13:03,ACC7359FDDA23610D38E
SMPN 4 MAMASA,40604266,SMP,Negeri,Kec. Mamasa,330403,Kab. Mamasa,330400,Prov. Sulawesi Barat,330000,14,6,52,3,3,2,1,90,07 Apr 2026 20:00:30,B23B0F54D9B54DA7C96F
SMPN. 2 MAMASA,40601038,SMP,Negeri,Kec. Mamasa,330403,Kab. Mamasa,330400,Prov. Sulawesi Barat,330000,16,10,132,6,6,2,1,22,28 Apr 2026 07:21:31,DEDDE5D86101424CB00C
SMPS FRATER MAMASA,40601057,SMP,Swasta,Kec. Mamasa,330403,Kab. Mamasa,330400,Prov. Sulawesi Barat,330000,25,7,361,12,12,2,1,34,29 Apr 2026 08:15:55,E2325972A77F6DE967BC
SMPS. ILMIAH BANGSA,40605544,SMP,Swasta,Kec. Mamasa,330403,Kab. Mamasa,330400,Prov. Sulawesi Barat,330000,7,0,22,3,5,1,1,16,29 Apr 2026 10:28:42,0EF1E5BC322D1E4E6B7C
UPTD SMAN 1 MAMASA,40601024,SMA,Negeri,Kec. Mamasa,330403,Kab. Mamasa,330400,Prov. Sulawesi Barat,330000,58,11,1097,32,33,4,1,65,02 May 2026 08:51:52,7FABCDE6F8A9A9BD5CCD
UPTD SMK NEGERI LAMBANAN,69852826,SMK,Negeri,Kec. Mamasa,330403,Kab. Mamasa,330400,Prov. Sulawesi Barat,330000,25,7,77,11,5,5,1,32,02 Apr 2026 09:59:05,8DCA032A82033FB2DAEA
UPTD SMK NEGERI PARIWISATA MAMASA,69949488,SMK,Negeri,Kec. Mamasa,330403,Kab. Mamasa,330400,Prov. Sulawesi Barat,330000,22,9,98,9,10,2,1,46,24 Apr 2026 19:42:21,540ED5E7C88473E704D2
UPTD SMKN 1 MAMASA,40601052,SMK,Negeri,Kec. Mamasa,330403,Kab. Mamasa,330400,Prov. Sulawesi Barat,330000,51,6,660,24,23,1,1,103,01 May 2026 15:08:21,E7476430918DFAF92624
SMKS KEHUTANAN MAMASA,69786289,SMK,Swasta,Kec. Mamasa,330403,Kab. Mamasa,330400,Prov. Sulawesi Barat,330000,1,1,0,0,0,0,0,0,,417A254B74615F0DFCF8
SMKS KEMILAU BANGSA,69787167,SMK,Swasta,Kec. Mamasa,330403,Kab. Mamasa,330400,Prov. Sulawesi Barat,330000,4,3,23,3,3,0,0,13,23 Apr 2026 10:02:27,33491280E43C4B120585
SMKS KOMPUTER KIPRAH BANGSA,40604267,SMK,Swasta,Kec. Mamasa,330403,Kab. Mamasa,330400,Prov. Sulawesi Barat,330000,2,4,41,3,3,1,0,4,04 Feb 2026 23:09:10,90005CF4A66E65B644C4
SMKS TALENTA,40602682,SMK,Swasta,Kec. Mamasa,330403,Kab. Mamasa,330400,Prov. Sulawesi Barat,330000,13,2,45,8,12,0,1,25,29 Apr 2026 20:21:57,25F82EDF8B3FFCB5E3C0
SMKS YPK MAMASA,40601025,SMK,Swasta,Kec. Mamasa,330403,Kab. Mamasa,330400,Prov. Sulawesi Barat,330000,14,1,38,3,6,1,0,27,25 Apr 2026 07:39:04,D7DF4D5C0831914A826F
SD N. 001 SALULEANG,40602612,SD,Negeri,Kec. Tabulahan,330405,Kab. Mamasa,330400,Prov. Sulawesi Barat,330000,11,2,31,6,6,0,0,21,15 Apr 2026 20:02:37,F1344780F962794B58B2
SD N. 003 SALULOSSA,40602655,SD,Negeri,Kec. Tabulahan,330405,Kab. Mamasa,330400,Prov. Sulawesi Barat,330000,8,3,33,6,6,0,1,9,03 Mar 2026 21:12:21,BCA817D29BCA7DCB61F5
SD NEGERI 002 BURANA,40602614,SD,Negeri,Kec. Tabulahan,330405,Kab. Mamasa,330400,Prov. Sulawesi Barat,330000,20,2,101,6,10,0,0,12,04 Mar 2026 07:44:49,6E6BB5CD59262493D66A
SD NEGERI 007 SALUBAKKA,40602639,SD,Negeri,Kec. Tabulahan,330405,Kab. Mamasa,330400,Prov. Sulawesi Barat,330000,12,2,58,6,7,0,1,16,09 Mar 2026 21:04:06,1C45525BAC118D948D93
SD NEGERI 010 TIMORO,40602645,SD,Negeri,Kec. Tabulahan,330405,Kab. Mamasa,330400,Prov. Sulawesi Barat,330000,15,3,187,7,7,0,1,37,24 Apr 2026 18:45:24,C27719424CD2E869E586
SD NEGERI 017 PEPATIAN,40602652,SD,Negeri,Kec. Tabulahan,330405,Kab. Mamasa,330400,Prov. Sulawesi Barat,330000,12,0,27,6,6,0,0,10,16 Apr 2026 03:49:43,6D800EA6D3ED3013CEF8
SD NEGERI 018 PEU,40602653,SD,Negeri,Kec. Tabulahan,330405,Kab. Mamasa,330400,Prov. Sulawesi Barat,330000,13,1,31,6,3,0,1,25,15 Apr 2026 21:17:09,2D4690A29C44D9322D3F
SD NEGERI 020 PEREANGAN,40602623,SD,Negeri,Kec. Tabulahan,330405,Kab. Mamasa,330400,Prov. Sulawesi Barat,330000,13,2,31,5,4,0,0,32,07 Mar 2026 21:28:19,4CE983662F715F396281
SDK 019 SALUNATA,40605161,SD,Negeri,Kec. Tabulahan,330405,Kab. Mamasa,330400,Prov. Sulawesi Barat,330000,12,4,47,6,7,0,1,27,12 Feb 2026 14:01:39,6FD22E5ECAED5FA8A1C5
SDK Negeri 025 Salubulung,69888995,SD,Negeri,Kec. Tabulahan,330405,Kab. Mamasa,330400,Prov. Sulawesi Barat,330000,8,1,21,6,6,0,0,7,04 Mar 2026 12:39:42,7CC46BDDCE5ABCD40C35
SDK. 020 TUNAS BARU ULULAKAHANG,40605318,SD,Negeri,Kec. Tabulahan,330405,Kab. Mamasa,330400,Prov. Sulawesi Barat,330000,10,1,52,6,4,0,1,6,06 Mar 2026 10:40:48,E27A5948401951FED267
SDK. 023 RANDUK MELLOLO RANTE,40605498,SD,Negeri,Kec. Tabulahan,330405,Kab. Mamasa,330400,Prov. Sulawesi Barat,330000,9,2,59,6,8,0,1,12,15 Apr 2026 15:51:08,CBDB83E1641D6E2886C4
SDK. 024 PALADAN,69787981,SD,Negeri,Kec. Tabulahan,330405,Kab. Mamasa,330400,Prov. Sulawesi Barat,330000,8,2,28,6,3,0,0,23,22 Apr 2026 20:26:58,98F5FEE98ADD8B658292
SDN 006 SALUDADEKO,40602629,SD,Negeri,Kec. Tabulahan,330405,Kab. Mamasa,330400,Prov. Sulawesi Barat,330000,10,2,33,6,6,0,1,33,30 Apr 2026 19:10:48,296FD8C22C26B1508CA0
SDN 008 PANGANDARAN,40602642,SD,Negeri,Kec. Tabulahan,330405,Kab. Mamasa,330400,Prov. Sulawesi Barat,330000,8,5,36,5,6,0,0,13,22 Apr 2026 19:50:57,9449FECAD22F9B1261E8
SDN 011 LAKAHANG,40602646,SD,Negeri,Kec. Tabulahan,330405,Kab. Mamasa,330400,Prov. Sulawesi Barat,330000,11,5,92,6,6,1,1,27,02 May 2026 11:40:28,26BC520C05E7BA0883F6
SDN 013 PALLIABU,40602651,SD,Negeri,Kec. Tabulahan,330405,Kab. Mamasa,330400,Prov. Sulawesi Barat,330000,11,1,38,6,6,0,1,23,11 Apr 2026 08:03:25,0C0618DA6F8C446C02C7
SDN 013 SALUTABONGAN,40602656,SD,Negeri,Kec. Tabulahan,330405,Kab. Mamasa,330400,Prov. Sulawesi Barat,330000,8,1,52,6,6,0,1,12,28 Apr 2026 15:15:38,B6707FEA4268B804EE6F
SDN 014 TARINDING,40602661,SD,Negeri,Kec. Tabulahan,330405,Kab. Mamasa,330400,Prov. Sulawesi Barat,330000,11,1,36,6,6,0,1,12,28 Apr 2026 13:14:09,4A9CA51C49B9566CA155
SDN 016 BAKENG,40602650,SD,Negeri,Kec. Tabulahan,330405,Kab. Mamasa,330400,Prov. Sulawesi Barat,330000,10,1,79,7,6,0,0,21,16 Apr 2026 20:03:40,94E5D03CEA7D0F1B1D5B
SDN 017 SIARRA,40602658,SD,Negeri,Kec. Tabulahan,330405,Kab. Mamasa,330400,Prov. Sulawesi Barat,330000,7,2,16,5,3,0,0,9,08 Apr 2026 13:17:21,B684E7EC67309844FD76
SDN. 005 KALLANG,40602625,SD,Negeri,Kec. Tabulahan,330405,Kab. Mamasa,330400,Prov. Sulawesi Barat,330000,8,1,11,5,6,0,0,14,04 Mar 2026 05:45:15,90C4ADC1AE9F37BADB30
SDN. 009 TABULAHAN,40602643,SD,Negeri,Kec. Tabulahan,330405,Kab. Mamasa,330400,Prov. Sulawesi Barat,330000,5,2,37,6,2,0,0,10,12 Feb 2026 21:15:35,F94C6C9E6CBFA27BE84D
SDNK 022 SALUMAROA,40605324,SD,Negeri,Kec. Tabulahan,330405,Kab. Mamasa,330400,Prov. Sulawesi Barat,330000,8,5,18,6,3,0,0,22,11 Apr 2026 10:05:47,81DFEEA1262C6FC59322
SDS SINAR JAYA PARANDANGAN,69757505,SD,Swasta,Kec. Tabulahan,330405,Kab. Mamasa,330400,Prov. Sulawesi Barat,330000,9,0,52,6,6,0,0,8,11 Mar 2026 20:55:14,1F2BE59C4DEDAB71BC0F
SMP NEGERI 003 SATAP TABULAHAN,40605581,SMP,Negeri,Kec. Tabulahan,330405,Kab. Mamasa,330400,Prov. Sulawesi Barat,330000,10,0,18,3,4,1,1,19,06 Mar 2026 21:04:44,D962725DADB23A519D1F
SMP NEGERI 1 TABULAHAN,40604653,SMP,Negeri,Kec. Tabulahan,330405,Kab. Mamasa,330400,Prov. Sulawesi Barat,330000,13,1,127,5,8,2,1,46,16 Apr 2026 18:13:01,9533F4DD317E739B0290
SMP NEGERI 2 SATAP TABULAHAN,40605507,SMP,Negeri,Kec. Tabulahan,330405,Kab. Mamasa,330400,Prov. Sulawesi Barat,330000,11,4,21,3,3,1,1,10,05 Mar 2026 18:03:29,AD8647B2C2514ED0945E
SMP NEGERI 4 TABULAHAN,40602665,SMP,Negeri,Kec. Tabulahan,330405,Kab. Mamasa,330400,Prov. Sulawesi Barat,330000,13,1,59,3,2,1,2,47,17 Apr 2026 10:14:07,0EE5C8871119AF8104FA
SMP NEGERI 6 TABULAHAN,69960918,SMP,Negeri,Kec. Tabulahan,330405,Kab. Mamasa,330400,Prov. Sulawesi Barat,330000,13,4,117,5,5,1,1,16,23 Apr 2026 07:39:10,05E6C22BAE6668C1E5A1
SMPN SATAP 5 TABULAHAN,69892764,SMP,Negeri,Kec. Tabulahan,330405,Kab. Mamasa,330400,Prov. Sulawesi Barat,330000,11,1,15,3,4,0,1,18,27 Apr 2026 17:21:18,3EC19DCDED0FFB430300
SMP S. SALUBAKKA,40604624,SMP,Swasta,Kec. Tabulahan,330405,Kab. Mamasa,330400,Prov. Sulawesi Barat,330000,8,1,24,3,3,0,1,32,05 Apr 2026 20:19:57,9BFFA670F75BB1A3524A
SMP SWASTA SALUDADEKO UTAMA,69950671,SMP,Swasta,Kec. Tabulahan,330405,Kab. Mamasa,330400,Prov. Sulawesi Barat,330000,14,1,42,3,3,0,1,74,01 May 2026 06:39:01,B16E3C68D22DF10DA91B
SMP SWASTA SALUTABONGAN,40602671,SMP,Swasta,Kec. Tabulahan,330405,Kab. Mamasa,330400,Prov. Sulawesi Barat,330000,1,1,0,0,0,0,0,0,,09C1F3DF7174AFFBF942
SMP TUNAS BHAKTI BAKENG,40604621,SMP,Swasta,Kec. Tabulahan,330405,Kab. Mamasa,330400,Prov. Sulawesi Barat,330000,4,1,11,2,5,1,1,6,20 Mar 2026 12:34:55,2DD80EF9BFFDECCDC6DB
SMP TUNAS HARAPAN BURANA,40602674,SMP,Swasta,Kec. Tabulahan,330405,Kab. Mamasa,330400,Prov. Sulawesi Barat,330000,12,2,53,3,4,0,1,36,05 Apr 2026 14:44:23,1828DC0F80FABF4187F0
SMPS BINA BANGSA,69961925,SMP,Swasta,Kec. Tabulahan,330405,Kab. Mamasa,330400,Prov. Sulawesi Barat,330000,3,1,18,3,3,0,0,2,24 Feb 2026 21:05:14,27E971E603F8AD7E3F13
SMPS. PANDANGAN JAYA,40602669,SMP,Swasta,Kec. Tabulahan,330405,Kab. Mamasa,330400,Prov. Sulawesi Barat,330000,11,0,102,4,5,1,1,32,26 Apr 2026 21:17:24,C80F11A378EB79941599
UPTD SMAN 1 TABULAHAN,69954846,SMA,Negeri,Kec. Tabulahan,330405,Kab. Mamasa,330400,Prov. Sulawesi Barat,330000,19,1,224,8,9,4,1,26,23 Apr 2026 07:26:19,D83DE261E6AE868808C8
SMAS NUSA BANGSA,40602680,SMA,Swasta,Kec. Tabulahan,330405,Kab. Mamasa,330400,Prov. Sulawesi Barat,330000,10,2,182,6,6,1,1,34,26 Apr 2026 10:45:37,E84AFA4ED0FA26103185
UPTD SMKN 1 TABULAHAN,69760704,SMK,Negeri,Kec. Tabulahan,330405,Kab. Mamasa,330400,Prov. Sulawesi Barat,330000,14,5,103,7,9,2,1,14,29 Apr 2026 08:12:58,BC63DEE318FE4B541226
SMK TORY JENE PONGKAPADANG,69822482,SMK,Swasta,Kec. Tabulahan,330405,Kab. Mamasa,330400,Prov. Sulawesi Barat,330000,1,1,11,3,3,0,0,10,29 Apr 2026 19:14:04,33E1A96F88C783E437A7
SMKS PERTANIAN MALATIRO,69758198,SMK,Swasta,Kec. Tabulahan,330405,Kab. Mamasa,330400,Prov. Sulawesi Barat,330000,9,2,28,3,3,1,1,21,01 May 2026 19:10:12,0F2E699B23AD86DC530C
SMKS SALURANTE,40604622,SMK,Swasta,Kec. Tabulahan,330405,Kab. Mamasa,330400,Prov. Sulawesi Barat,330000,4,1,26,3,3,0,0,9,11 Apr 2026 15:21:39,0A8D9C6A1988C13124A3
SMKS TUNAS BHAKTI,69954841,SMK,Swasta,Kec. Tabulahan,330405,Kab. Mamasa,330400,Prov. Sulawesi Barat,330000,8,3,36,3,6,0,1,31,06 Mar 2026 09:36:17,CFA00AAD25B6801BD87E
SD NEGERI 004 SALUMAKA,40604882,SD,Negeri,Kec. Mambi,330404,Kab. Mamasa,330400,Prov. Sulawesi Barat,330000,25,6,40,6,6,0,0,52,24 Apr 2026 07:21:49,86859ABF380CD9492BFE
SD NEGERI 005 MAMBI,40604692,SD,Negeri,Kec. Mambi,330404,Kab. Mamasa,330400,Prov. Sulawesi Barat,330000,22,2,219,12,12,0,1,22,12 Apr 2026 12:24:13,1599298FD4C6526199DA
SD NEGERI 006 RANTEBULAHAN,40604667,SD,Negeri,Kec. Mambi,330404,Kab. Mamasa,330400,Prov. Sulawesi Barat,330000,20,2,70,6,6,0,0,17,17 Apr 2026 19:57:00,F810A31D6240816426F0
SD NEGERI 007 SALUBULUNG,40601130,SD,Negeri,Kec. Mambi,330404,Kab. Mamasa,330400,Prov. Sulawesi Barat,330000,18,3,57,6,6,0,1,26,16 Apr 2026 12:02:26,91004F73DED2A783E308
SD NEGERI 008 LOKA,40602644,SD,Negeri,Kec. Mambi,330404,Kab. Mamasa,330400,Prov. Sulawesi Barat,330000,20,1,63,6,7,0,1,19,16 Apr 2026 19:22:59,E91E8830149214BBDCE4
SD NEGERI 011 MAMBI,40602609,SD,Negeri,Kec. Mambi,330404,Kab. Mamasa,330400,Prov. Sulawesi Barat,330000,7,8,24,6,4,0,0,19,21 Apr 2026 06:22:39,EA683DDE068B7527F2F9
SD NEGERI 017 KAMPUNG BARU,40605492,SD,Negeri,Kec. Mambi,330404,Kab. Mamasa,330400,Prov. Sulawesi Barat,330000,14,0,32,6,3,0,0,23,12 Mar 2026 13:01:29,C66CE55C94C9A971E4B6
SDK 015 BUJUNG MANURUNG,40605560,SD,Negeri,Kec. Mambi,330404,Kab. Mamasa,330400,Prov. Sulawesi Barat,330000,13,2,33,6,4,0,0,36,16 Apr 2026 19:34:04,51009F863864B6020FD5
SDK 016 SALUBUA,40602660,SD,Negeri,Kec. Mambi,330404,Kab. Mamasa,330400,Prov. Sulawesi Barat,330000,13,2,12,6,2,0,0,7,28 Apr 2026 15:53:52,AF293713A15F2D893B50
SDN 001 Center Mambi,40604836,SD,Negeri,Kec. Mambi,330404,Kab. Mamasa,330400,Prov. Sulawesi Barat,330000,15,1,195,11,7,0,1,24,07 Apr 2026 07:29:36,BBF1A3C7D4214C0C69B9
SDN 002 SALUDURIAN,40602611,SD,Negeri,Kec. Mambi,330404,Kab. Mamasa,330400,Prov. Sulawesi Barat,330000,16,1,75,9,11,0,1,94,27 Apr 2026 17:49:08,CE771EEE034135757F81
SDN 009 SALUBANUA,40600979,SD,Negeri,Kec. Mambi,330404,Kab. Mamasa,330400,Prov. Sulawesi Barat,330000,10,2,41,6,6,0,1,29,22 Apr 2026 10:06:45,8369BA071D442ED803E9
SDN 010 SALUANG,40602647,SD,Negeri,Kec. Mambi,330404,Kab. Mamasa,330400,Prov. Sulawesi Barat,330000,14,1,30,6,6,0,1,16,17 Apr 2026 05:45:40,C9A9341889D0D3BC07DF
SDN 014 SALUANG,40604841,SD,Negeri,Kec. Mambi,330404,Kab. Mamasa,330400,Prov. Sulawesi Barat,330000,8,2,31,6,3,0,0,9,19 Apr 2026 17:52:47,7056C9B8A1ABF60082F1
SDN. 003 MAERANG,40602619,SD,Negeri,Kec. Mambi,330404,Kab. Mamasa,330400,Prov. Sulawesi Barat,330000,14,2,38,6,6,0,0,27,29 Apr 2026 11:00:06,DC4DF9E9CB9607645230
SDN. 012 BULO,40602620,SD,Negeri,Kec. Mambi,330404,Kab. Mamasa,330400,Prov. Sulawesi Barat,330000,20,3,41,6,6,0,0,18,09 Apr 2026 11:22:20,C4A927D929EE3E915E63
SDS INDOBANUA,40601085,SD,Swasta,Kec. Mambi,330404,Kab. Mamasa,330400,Prov. Sulawesi Barat,330000,9,1,15,6,3,0,0,30,28 Apr 2026 21:09:35,FE0E5BF87BE6FE0E1F0C
SMP N. 1 MAMBI,40604842,SMP,Negeri,Kec. Mambi,330404,Kab. Mamasa,330400,Prov. Sulawesi Barat,330000,29,5,196,8,13,1,1,25,21 Apr 2026 10:57:28,D43E5E26E5D2D22D1964
SMP NEGERI 4 MAMBI,69758299,SMP,Negeri,Kec. Mambi,330404,Kab. Mamasa,330400,Prov. Sulawesi Barat,330000,17,9,64,3,3,1,1,27,10 Mar 2026 18:13:08,2D063F4AFB0F7477FD34
SMPN 3 MAMBI,69754229,SMP,Negeri,Kec. Mambi,330404,Kab. Mamasa,330400,Prov. Sulawesi Barat,330000,14,4,24,3,3,2,1,30,27 Apr 2026 14:30:51,BA6D514D56BDB1517BF5
SMP 001 UNGGULAN INDOLEMBANG,69967477,SMP,Swasta,Kec. Mambi,330404,Kab. Mamasa,330400,Prov. Sulawesi Barat,330000,12,1,54,3,3,1,1,52,28 Apr 2026 19:43:13,BF9A7E2702689711FA21
SMP INDOLEMBANG PEDOU,70024117,SMP,Swasta,Kec. Mambi,330404,Kab. Mamasa,330400,Prov. Sulawesi Barat,330000,10,1,13,3,3,0,0,42,28 Apr 2026 18:59:27,CBC782076B30A0E788BE
SMP ISLAM TERPADU BAHAGIA BUAHATI SULBAR,70062054,SMP,Swasta,Kec. Mambi,330404,Kab. Mamasa,330400,Prov. Sulawesi Barat,330000,0,0,0,0,0,0,0,0,,A6D05BCFC912B30020A6
SMP SWASTA TALIPPUKI,40605519,SMP,Swasta,Kec. Mambi,330404,Kab. Mamasa,330400,Prov. Sulawesi Barat,330000,7,1,63,3,3,1,2,30,30 Apr 2026 05:40:28,1F47159150BF7DF838B7
SMP UNGGULAN TAPALINNA,69964101,SMP,Swasta,Kec. Mambi,330404,Kab. Mamasa,330400,Prov. Sulawesi Barat,330000,10,1,38,3,3,1,1,37,28 Apr 2026 21:00:56,1AA5CC20887830FCB18B
SMPS HARMALA RANTEBULAHAN,70003801,SMP,Swasta,Kec. Mambi,330404,Kab. Mamasa,330400,Prov. Sulawesi Barat,330000,9,3,49,3,3,0,1,22,30 Apr 2026 16:09:47,512E7E724C723846013C
UPTD SMAN 1 MAMBI,40604671,SMA,Negeri,Kec. Mambi,330404,Kab. Mamasa,330400,Prov. Sulawesi Barat,330000,27,9,238,9,10,3,1,35,01 May 2026 10:16:25,A17F8CF66791F1798D88
SMK HARAPAN,69893698,SMK,Swasta,Kec. Mambi,330404,Kab. Mamasa,330400,Prov. Sulawesi Barat,330000,11,3,99,6,3,1,1,57,30 Apr 2026 10:23:24,BA2007230AD0F6F04DD7
SD N. 009 UHAILANU,40604693,SD,Negeri,Kec. Aralle,330410,Kab. Mamasa,330400,Prov. Sulawesi Barat,330000,23,7,70,6,6,0,1,18,07 Apr 2026 09:15:37,B1AD985C3F46C89DDCE4
SD NEGERI 001 ARALLE,40601084,SD,Negeri,Kec. Aralle,330410,Kab. Mamasa,330400,Prov. Sulawesi Barat,330000,8,7,48,6,3,0,1,34,30 Apr 2026 20:38:09,C3853063B3DB3F598890
SD NEGERI 002 ARALLE,40604945,SD,Negeri,Kec. Aralle,330410,Kab. Mamasa,330400,Prov. Sulawesi Barat,330000,11,0,112,6,6,0,1,99,26 Apr 2026 18:01:35,456C0A8DDB3820FFDA35
SD NEGERI 006 KALA BE,40601106,SD,Negeri,Kec. Aralle,330410,Kab. Mamasa,330400,Prov. Sulawesi Barat,330000,11,1,44,6,5,0,1,12,29 Apr 2026 20:43:29,FC26CACCFD7790DC957E
SD NEGERI 008 UHAILANU,40601087,SD,Negeri,Kec. Aralle,330410,Kab. Mamasa,330400,Prov. Sulawesi Barat,330000,18,2,40,6,6,0,1,25,30 Apr 2026 10:18:25,D78A93874B74A46C0713
SDK 012 KASITAMBANGAN,40605490,SD,Negeri,Kec. Aralle,330410,Kab. Mamasa,330400,Prov. Sulawesi Barat,330000,8,3,9,5,5,0,0,14,01 May 2026 19:41:43,6E74B9619F51EA5AC4C9
SDK 013 RALLEANAK UTARA,40604948,SD,Negeri,Kec. Aralle,330410,Kab. Mamasa,330400,Prov. Sulawesi Barat,330000,13,3,40,6,6,1,1,17,01 May 2026 18:32:33,30CED1253ABF9702E246
SDK NEGERI LAMBU,69816264,SD,Negeri,Kec. Aralle,330410,Kab. Mamasa,330400,Prov. Sulawesi Barat,330000,7,1,10,4,6,0,0,11,17 Mar 2026 08:13:38,216A792A7B0C6E872385
SDK SALU KAIYANG,69830469,SD,Negeri,Kec. Aralle,330410,Kab. Mamasa,330400,Prov. Sulawesi Barat,330000,15,1,30,6,3,0,0,49,08 Apr 2026 22:37:53,6BB1EF8AFE3EF8742373
SDK TAPANAMBANG,69872352,SD,Negeri,Kec. Aralle,330410,Kab. Mamasa,330400,Prov. Sulawesi Barat,330000,13,2,55,6,4,0,0,30,27 Apr 2026 08:18:17,1C22E428FF618BC21D7A
SDN 003 RALLEANAK,40600980,SD,Negeri,Kec. Aralle,330410,Kab. Mamasa,330400,Prov. Sulawesi Barat,330000,18,1,47,6,5,0,1,12,28 Apr 2026 08:12:29,696D82C7BFCF04213FEB
SDN 004 RALLEANAK,40604668,SD,Negeri,Kec. Aralle,330410,Kab. Mamasa,330400,Prov. Sulawesi Barat,330000,18,3,61,6,6,0,1,39,02 May 2026 12:10:06,21372045B3E9153C44EF
SDN 005 ARALLE,40601077,SD,Negeri,Kec. Aralle,330410,Kab. Mamasa,330400,Prov. Sulawesi Barat,330000,12,2,42,6,6,0,1,24,14 Apr 2026 09:56:04,BCEC776D0BA343AA76C5
SDN 007 PANETEAN,40604947,SD,Negeri,Kec. Aralle,330410,Kab. Mamasa,330400,Prov. Sulawesi Barat,330000,11,12,61,6,6,1,1,16,08 Apr 2026 10:11:08,9BC8E9AB44F58AE6B7CF
SDN 010 BARURU,40601073,SD,Negeri,Kec. Aralle,330410,Kab. Mamasa,330400,Prov. Sulawesi Barat,330000,12,1,54,6,7,0,1,12,22 Apr 2026 08:22:03,BA47499A50DA25CBAF1F
SDN 011 PAMOSEANG,40600982,SD,Negeri,Kec. Aralle,330410,Kab. Mamasa,330400,Prov. Sulawesi Barat,330000,15,1,53,6,6,0,1,44,25 Apr 2026 09:10:13,80E9716D47E179850FEE
SDS UHAIDAO,69929789,SD,Swasta,Kec. Aralle,330410,Kab. Mamasa,330400,Prov. Sulawesi Barat,330000,9,1,30,6,2,0,0,20,21 Apr 2026 11:32:00,4E761E8268ABC433E386
SDSALUBIRU,40601141,SD,Swasta,Kec. Aralle,330410,Kab. Mamasa,330400,Prov. Sulawesi Barat,330000,8,1,27,6,6,0,1,7,28 Jan 2026 17:39:32,08AF6D32632A1A151E67
SMP N. 2 ARALLE,40601060,SMP,Negeri,Kec. Aralle,330410,Kab. Mamasa,330400,Prov. Sulawesi Barat,330000,8,9,45,3,3,1,1,58,23 Mar 2026 22:20:05,CAF6B2D82C9215E3BA00
SMP NEGERI 4 ARALLE,40604681,SMP,Negeri,Kec. Aralle,330410,Kab. Mamasa,330400,Prov. Sulawesi Barat,330000,10,2,27,3,3,1,0,37,20 Apr 2026 14:53:43,9F5046082BE337B395FA
SMPN 1 ARALLE,40601035,SMP,Negeri,Kec. Aralle,330410,Kab. Mamasa,330400,Prov. Sulawesi Barat,330000,21,6,117,6,9,3,1,107,29 Apr 2026 13:23:21,FE4B55F40772198CB3C6
SMP HARMALA UHAILANU,40604955,SMP,Swasta,Kec. Aralle,330410,Kab. Mamasa,330400,Prov. Sulawesi Barat,330000,11,2,42,3,6,0,1,42,29 Apr 2026 05:08:57,FDC62D3C7C2316F88AF4
UPTD SMAN 1 ARALLE,40604617,SMA,Negeri,Kec. Aralle,330410,Kab. Mamasa,330400,Prov. Sulawesi Barat,330000,20,6,197,7,9,4,1,36,28 Apr 2026 09:40:05,6108C63B529701A3EDA9
UPTD SMKN 1 ARALLE,69758234,SMK,Negeri,Kec. Aralle,330410,Kab. Mamasa,330400,Prov. Sulawesi Barat,330000,19,6,78,6,5,2,1,19,28 Mar 2026 22:50:04,539A0455C89A1C1E801E
SMKS AWARA ARALLE,69759072,SMK,Swasta,Kec. Aralle,330410,Kab. Mamasa,330400,Prov. Sulawesi Barat,330000,8,0,53,5,5,1,0,52,12 Apr 2026 04:47:15,DC55CC21FCF6536167E2
SD N. 006 TONDAK SALUKEPOPO,40605486,SD,Negeri,Kec. Bambang,330412,Kab. Mamasa,330400,Prov. Sulawesi Barat,330000,11,1,19,6,6,0,0,38,29 Apr 2026 19:24:50,AB77259B57D3F8F565F3
SD N. 011 SALUKEPOPO,40601380,SD,Negeri,Kec. Bambang,330412,Kab. Mamasa,330400,Prov. Sulawesi Barat,330000,15,2,61,6,6,0,1,40,02 Feb 2026 17:55:05,E1EF40FD6C044C9F9FE8
SD NEGERI 001 RANTELEMO,40602608,SD,Negeri,Kec. Bambang,330412,Kab. Mamasa,330400,Prov. Sulawesi Barat,330000,6,2,81,6,7,0,1,18,17 Mar 2026 12:22:03,02462641FD07C5761043
SD NEGERI 002 SALUDENGEN,40601147,SD,Negeri,Kec. Bambang,330412,Kab. Mamasa,330400,Prov. Sulawesi Barat,330000,9,15,21,6,6,0,1,21,22 Apr 2026 08:12:42,944B0ED1F5ADEA13E4E5
SD NEGERI 007 SALUASSING,40601136,SD,Negeri,Kec. Bambang,330412,Kab. Mamasa,330400,Prov. Sulawesi Barat,330000,28,12,52,6,6,0,1,32,01 May 2026 20:41:54,61D18A37E1F80D6A7803
SD NEGERI 008 RANTELEMO,40601382,SD,Negeri,Kec. Bambang,330412,Kab. Mamasa,330400,Prov. Sulawesi Barat,330000,11,5,44,6,10,0,0,14,29 Apr 2026 17:27:26,A5E7E8DFC4870EDE1B07
SDK 014 SALUBULO,40601378,SD,Negeri,Kec. Bambang,330412,Kab. Mamasa,330400,Prov. Sulawesi Barat,330000,11,4,48,6,7,0,1,25,25 Apr 2026 07:31:28,A343DE2AFD0283E864DB
SDK 015 BOMBA,40605174,SD,Negeri,Kec. Bambang,330412,Kab. Mamasa,330400,Prov. Sulawesi Barat,330000,8,1,37,6,5,0,1,4,23 Apr 2026 11:23:37,350BEEBFFD4C272F5C1F
SDK LEMO,69820127,SD,Negeri,Kec. Bambang,330412,Kab. Mamasa,330400,Prov. Sulawesi Barat,330000,12,7,28,6,3,0,0,11,11 Mar 2026 11:57:58,5382854B3DF7A4F5D528
SDK MINANGA,69966057,SD,Negeri,Kec. Bambang,330412,Kab. Mamasa,330400,Prov. Sulawesi Barat,330000,9,6,46,6,5,0,0,17,24 Apr 2026 03:09:35,EEAEC94091C080341200
SDK RANTETARIMA,69824837,SD,Negeri,Kec. Bambang,330412,Kab. Mamasa,330400,Prov. Sulawesi Barat,330000,9,7,17,5,6,0,1,15,03 Mar 2026 11:53:35,BA43E8C6E5F6C9A0EDF7
SDK SIKAMASE,40605313,SD,Negeri,Kec. Bambang,330412,Kab. Mamasa,330400,Prov. Sulawesi Barat,330000,10,2,43,6,5,0,1,18,29 Mar 2026 21:05:05,E9B5C2E434FF98E870C9
SDK. 013 TANETE TOMBA,40602606,SD,Negeri,Kec. Bambang,330412,Kab. Mamasa,330400,Prov. Sulawesi Barat,330000,17,4,67,6,6,0,0,25,26 Apr 2026 13:25:18,51A51CC9A98E67CD6405
SDN 003 RANTEPALADO,40601076,SD,Negeri,Kec. Bambang,330412,Kab. Mamasa,330400,Prov. Sulawesi Barat,330000,16,7,115,6,6,0,1,22,24 Apr 2026 07:03:56,FFE048FED20E9C918711
SDN 010 SALUTABANG,40601381,SD,Negeri,Kec. Bambang,330412,Kab. Mamasa,330400,Prov. Sulawesi Barat,330000,14,10,52,6,6,0,1,11,13 Feb 2026 09:03:49,3A4CD6E82E9E029992D0
SDN 012 LIMBA,40601384,SD,Negeri,Kec. Bambang,330412,Kab. Mamasa,330400,Prov. Sulawesi Barat,330000,15,2,51,6,7,0,0,25,21 Apr 2026 06:59:45,8BE2A8789DB901406222
SDN 017 SALUKADI,40602654,SD,Negeri,Kec. Bambang,330412,Kab. Mamasa,330400,Prov. Sulawesi Barat,330000,15,2,41,6,6,0,0,12,05 Mar 2026 03:53:17,8B797D39907D27351F9F
SDN NO. 009 TOMBA,40601013,SD,Negeri,Kec. Bambang,330412,Kab. Mamasa,330400,Prov. Sulawesi Barat,330000,11,2,75,6,6,0,0,22,24 Apr 2026 09:28:57,852AB8EBF3499E64686B
SDN. 004 KARAKEAN,40602615,SD,Negeri,Kec. Bambang,330412,Kab. Mamasa,330400,Prov. Sulawesi Barat,330000,11,5,74,6,6,0,1,16,16 Apr 2026 04:11:30,94724345C2C68968C862
SDN. 005 MASOSO,40601125,SD,Negeri,Kec. Bambang,330412,Kab. Mamasa,330400,Prov. Sulawesi Barat,330000,11,6,32,6,6,0,1,15,03 Mar 2026 09:26:44,01449D759B57FBF57F08
SMP Negeri 05 Bambang,40605584,SMP,Negeri,Kec. Bambang,330412,Kab. Mamasa,330400,Prov. Sulawesi Barat,330000,19,8,84,3,3,1,1,14,30 Apr 2026 20:57:31,1E395F85D993CA31D164
SMP NEGERI 4 BAMBANG,40604679,SMP,Negeri,Kec. Bambang,330412,Kab. Mamasa,330400,Prov. Sulawesi Barat,330000,16,1,28,3,6,2,3,24,21 Apr 2026 17:14:53,84F0B83F71B38834EB79
SMP NEGERI 6 BAMBANG,69754230,SMP,Negeri,Kec. Bambang,330412,Kab. Mamasa,330400,Prov. Sulawesi Barat,330000,13,8,44,3,3,1,1,17,29 Apr 2026 08:53:15,7B2A18089FE300FF31FC
SMP Negeri 7 Bambang,40601066,SMP,Negeri,Kec. Bambang,330412,Kab. Mamasa,330400,Prov. Sulawesi Barat,330000,15,9,30,3,5,2,1,19,19 Apr 2026 18:18:06,FA7D61A08B68FEC6D98B
SMP NEGERI 8 BAMBANG,40602675,SMP,Negeri,Kec. Bambang,330412,Kab. Mamasa,330400,Prov. Sulawesi Barat,330000,12,8,42,3,3,1,1,36,01 May 2026 19:50:01,0478B8CCFBF3BDDDD8A2
SMPN. 1 BAMBANG,40601046,SMP,Negeri,Kec. Bambang,330412,Kab. Mamasa,330400,Prov. Sulawesi Barat,330000,13,11,60,3,9,1,1,21,17 Mar 2026 17:37:53,C4B8EA61C6399480B717
SMPN. 2 BAMBANG,40601040,SMP,Negeri,Kec. Bambang,330412,Kab. Mamasa,330400,Prov. Sulawesi Barat,330000,15,22,75,3,6,2,2,14,11 Apr 2026 09:49:17,1A293C89DCC21B4F463A
SMPN. 3 BAMBANG,40604682,SMP,Negeri,Kec. Bambang,330412,Kab. Mamasa,330400,Prov. Sulawesi Barat,330000,12,3,59,3,7,2,1,29,20 Apr 2026 13:58:22,B292F346B8BB33CEC100
SMPS SALUKEPOPO,69816274,SMP,Swasta,Kec. Bambang,330412,Kab. Mamasa,330400,Prov. Sulawesi Barat,330000,2,3,32,3,4,0,1,22,07 Mar 2026 18:25:09,9D4627B4DA4E14CB1EE7
UPTD SMA NEGERI 2 BAMBANG,69852839,SMA,Negeri,Kec. Bambang,330412,Kab. Mamasa,330400,Prov. Sulawesi Barat,330000,17,9,82,3,3,1,1,21,02 May 2026 12:42:42,04636409A2207887764D
UPTD SMA NEGERI 3 BAMBANG,69953566,SMA,Negeri,Kec. Bambang,330412,Kab. Mamasa,330400,Prov. Sulawesi Barat,330000,16,1,47,3,3,1,0,34,17 Apr 2026 18:38:29,848DDD807982EE73FF61
UPTD SMAN 1 BAMBANG,40602679,SMA,Negeri,Kec. Bambang,330412,Kab. Mamasa,330400,Prov. Sulawesi Barat,330000,16,3,139,6,13,3,2,20,27 Apr 2026 07:25:11,ECFF29EB3AC8A964B235
UPTD SMK NEGERI 1 BAMBANG,69829179,SMK,Negeri,Kec. Bambang,330412,Kab. Mamasa,330400,Prov. Sulawesi Barat,330000,22,8,94,6,9,1,1,40,30 Apr 2026 09:45:31,307EF0098803C6CC0CB5
SMKS MITRA NUSANTARA,69824838,SMK,Swasta,Kec. Bambang,330412,Kab. Mamasa,330400,Prov. Sulawesi Barat,330000,10,6,29,6,5,0,0,27,22 Apr 2026 09:44:17,762BD8F3D1577CE360A1
SMKS PEMBANGUNAN ULUMAMBI,69754227,SMK,Swasta,Kec. Bambang,330412,Kab. Mamasa,330400,Prov. Sulawesi Barat,330000,5,5,73,6,5,0,0,12,22 Apr 2026 20:52:11,FA4EE7BB38916C1622EC
SD N. 011 TALIMBUNG,40601019,SD,Negeri,Kec. Tandukalua,330409,Kab. Mamasa,330400,Prov. Sulawesi Barat,330000,10,4,48,6,5,0,1,14,24 Apr 2026 20:39:10,C908F7DD58B6A8C6D0B8
SD NEGERI 001 MALABO,40601154,SD,Negeri,Kec. Tandukalua,330409,Kab. Mamasa,330400,Prov. Sulawesi Barat,330000,14,6,151,7,7,0,1,22,14 Apr 2026 17:42:53,4CBAFC66D91897B381A3
SD NEGERI 007 TAMALANTIK,40601010,SD,Negeri,Kec. Tandukalua,330409,Kab. Mamasa,330400,Prov. Sulawesi Barat,330000,31,10,97,6,10,0,1,19,21 Apr 2026 17:29:34,A5C89BA2A56BB3179EBD
SD NEGERI 013 SALURANO,40604675,SD,Negeri,Kec. Tandukalua,330409,Kab. Mamasa,330400,Prov. Sulawesi Barat,330000,17,3,28,6,4,0,1,14,17 Mar 2026 12:20:37,94CFD1335511DD1D63D7
SDK KANAN,69852837,SD,Negeri,Kec. Tandukalua,330409,Kab. Mamasa,330400,Prov. Sulawesi Barat,330000,10,8,43,6,6,0,0,33,26 Apr 2026 15:41:51,87E11321635017669EBE
SDN 002 MANNABABA,40601155,SD,Negeri,Kec. Tandukalua,330409,Kab. Mamasa,330400,Prov. Sulawesi Barat,330000,12,2,49,6,6,0,1,16,04 Mar 2026 15:24:54,95F21111BE984C46D312
SDN 003 MESAKADA,40604618,SD,Negeri,Kec. Tandukalua,330409,Kab. Mamasa,330400,Prov. Sulawesi Barat,330000,15,2,72,6,6,0,0,29,05 Mar 2026 22:35:38,7B894C9CF3F3E538C3C5
SDN 006 PARONDOBULAWAN,40601140,SD,Negeri,Kec. Tandukalua,330409,Kab. Mamasa,330400,Prov. Sulawesi Barat,330000,13,5,92,6,6,0,1,6,21 Jan 2026 16:48:31,193A221793454C115197
SDN 008 BALABATU,40601007,SD,Negeri,Kec. Tandukalua,330409,Kab. Mamasa,330400,Prov. Sulawesi Barat,330000,11,4,125,6,6,0,1,7,08 Apr 2026 07:36:12,57810EB45647FB267B82
SDN 009 BALAMBANG,40602641,SD,Negeri,Kec. Tandukalua,330409,Kab. Mamasa,330400,Prov. Sulawesi Barat,330000,12,1,37,6,6,0,0,64,20 Apr 2026 18:51:59,FA3000C2F63376B11304
SDN 010 TONDOKBAKARU,40601014,SD,Negeri,Kec. Tandukalua,330409,Kab. Mamasa,330400,Prov. Sulawesi Barat,330000,17,4,104,6,7,0,1,19,26 Apr 2026 21:49:41,9BF65F9C02D45EA3BE0A
SDN 012 SALULEDO,40600986,SD,Negeri,Kec. Tandukalua,330409,Kab. Mamasa,330400,Prov. Sulawesi Barat,330000,8,1,39,6,6,0,0,19,06 Mar 2026 17:04:10,A498A9E6E6AC813B3306
SDN. 004 MALAPANAK,40601159,SD,Negeri,Kec. Tandukalua,330409,Kab. Mamasa,330400,Prov. Sulawesi Barat,330000,12,4,21,6,6,0,0,2,24 Jan 2026 17:40:05,76BF3DDEA150728CEDF1
SDN. 005 PAMBE,40601126,SD,Negeri,Kec. Tandukalua,330409,Kab. Mamasa,330400,Prov. Sulawesi Barat,330000,11,13,123,6,8,0,1,27,08 Apr 2026 19:34:14,5DF004F7F102894F6939
SMP N. 2 TANDUKKALUA,40601039,SMP,Negeri,Kec. Tandukalua,330409,Kab. Mamasa,330400,Prov. Sulawesi Barat,330000,19,10,106,5,9,1,1,24,08 Apr 2026 08:06:18,2C428EF7C1D1E1B43402
SMP NEGERI 001 TANDUK KALUA,40601034,SMP,Negeri,Kec. Tandukalua,330409,Kab. Mamasa,330400,Prov. Sulawesi Barat,330000,16,12,178,7,11,1,1,18,15 Apr 2026 12:16:11,3B2098207754C8D10F7C
SMP NEGERI 03TANDUKKALUA,40604262,SMP,Negeri,Kec. Tandukalua,330409,Kab. Mamasa,330400,Prov. Sulawesi Barat,330000,9,8,82,3,6,2,1,34,31 Mar 2026 17:58:40,24F5E513E06BAA3A5C94
SMPN 4 TANDUKKALUA,70003964,SMP,Negeri,Kec. Tandukalua,330409,Kab. Mamasa,330400,Prov. Sulawesi Barat,330000,26,8,49,3,3,0,0,35,03 Apr 2026 23:23:37,19675BDE08DD945A1FA6
SMAS PERINTIS SINDAGAMANIK,40600989,SMA,Swasta,Kec. Tandukalua,330409,Kab. Mamasa,330400,Prov. Sulawesi Barat,330000,2,0,90,4,6,4,1,8,27 Apr 2026 11:39:43,2473B29C42489910D201
UPTD SMK Negeri 1 Tanduk Kalua,69854729,SMK,Negeri,Kec. Tandukalua,330409,Kab. Mamasa,330400,Prov. Sulawesi Barat,330000,16,6,70,6,2,1,1,32,30 Apr 2026 08:23:03,D521EEDDE01ACF1169DB
SMKS ARMAJAYA,69815428,SMK,Swasta,Kec. Tandukalua,330409,Kab. Mamasa,330400,Prov. Sulawesi Barat,330000,7,2,31,3,3,1,1,17,02 May 2026 19:27:17,AA2E5F18B7D2F4A93CCC
SD NEGERI 001 SUMARORONG,40602607,SD,Negeri,Kec. Sumarorong,330401,Kab. Mamasa,330400,Prov. Sulawesi Barat,330000,14,1,68,6,6,0,0,35,22 Apr 2026 20:58:14,D1F0DA540C2125B23D9B
SD NEGERI 003 SIBANAWA,40601161,SD,Negeri,Kec. Sumarorong,330401,Kab. Mamasa,330400,Prov. Sulawesi Barat,330000,12,1,69,6,6,1,1,43,02 May 2026 13:03:05,488396417BDC0B84B966
SD NEGERI 005 SUMARORONG,40601017,SD,Negeri,Kec. Sumarorong,330401,Kab. Mamasa,330400,Prov. Sulawesi Barat,330000,16,3,164,6,7,0,1,46,21 Apr 2026 19:16:56,CD596014B87BA104C8EC
SD NEGERI 006 TABONE,40601101,SD,Negeri,Kec. Sumarorong,330401,Kab. Mamasa,330400,Prov. Sulawesi Barat,330000,19,2,321,12,13,0,1,14,09 Apr 2026 07:06:59,6704D864F498E1B84C9B
SD NEGERI 008 BUSSU,40602621,SD,Negeri,Kec. Sumarorong,330401,Kab. Mamasa,330400,Prov. Sulawesi Barat,330000,9,3,23,6,7,0,0,59,29 Apr 2026 11:29:23,DDB957F1CC00C269B400
SD NEGERI 009 RATTE,40601090,SD,Negeri,Kec. Sumarorong,330401,Kab. Mamasa,330400,Prov. Sulawesi Barat,330000,8,3,60,6,9,1,1,16,11 Feb 2026 21:28:17,81985D688C9993DB7B6C
SD NEGERI 010 KABANIRAN,40601021,SD,Negeri,Kec. Sumarorong,330401,Kab. Mamasa,330400,Prov. Sulawesi Barat,330000,11,4,61,6,6,0,1,49,22 Apr 2026 20:10:40,C3AE32B69C162EB2ED57
SD NEGERI 012 RANTELIWA,40600998,SD,Negeri,Kec. Sumarorong,330401,Kab. Mamasa,330400,Prov. Sulawesi Barat,330000,9,3,58,6,6,0,0,26,05 Mar 2026 19:39:42,DE65C4F01C4A44638668
SD NEGERI 013 SAPAN,40602602,SD,Negeri,Kec. Sumarorong,330401,Kab. Mamasa,330400,Prov. Sulawesi Barat,330000,14,2,74,6,6,0,1,52,14 Apr 2026 11:39:36,6234CF344B95A13AC84A
SDK. 015 TELLOBARU,69754231,SD,Negeri,Kec. Sumarorong,330401,Kab. Mamasa,330400,Prov. Sulawesi Barat,330000,9,1,19,6,6,0,1,28,03 Mar 2026 23:07:31,F3526B2113D66E48CB25
SDN 014 SALUBASSI,40604663,SD,Negeri,Kec. Sumarorong,330401,Kab. Mamasa,330400,Prov. Sulawesi Barat,330000,11,2,28,6,3,0,1,39,01 May 2026 15:51:00,D01FEB1AE9B7B820CF74
SDN 016 KAYUMEA,69980922,SD,Negeri,Kec. Sumarorong,330401,Kab. Mamasa,330400,Prov. Sulawesi Barat,330000,17,2,73,6,6,0,0,42,26 Apr 2026 16:21:53,2C56207DDD18BA8CC8A5
SDN NO. 011 SALULOMBE,40602601,SD,Negeri,Kec. Sumarorong,330401,Kab. Mamasa,330400,Prov. Sulawesi Barat,330000,6,2,13,6,6,0,0,19,27 Apr 2026 17:43:18,5256D0C03F9D724E6342
SDN. 002 TABONE,40601146,SD,Negeri,Kec. Sumarorong,330401,Kab. Mamasa,330400,Prov. Sulawesi Barat,330000,10,7,119,6,9,0,0,12,30 Mar 2026 18:55:27,B79FB401B741E385191A
SDN. 004 BATANGURU,40601145,SD,Negeri,Kec. Sumarorong,330401,Kab. Mamasa,330400,Prov. Sulawesi Barat,330000,11,2,64,6,9,0,1,23,05 Mar 2026 10:56:21,3A933A317D818BCF720A
SD SATRIA RANTEKAMASE,40602657,SD,Swasta,Kec. Sumarorong,330401,Kab. Mamasa,330400,Prov. Sulawesi Barat,330000,9,2,19,6,4,0,1,48,16 Apr 2026 12:33:53,B0C7206893932355C8DA
SMP NEGERI 1 SUMARORONG,40601031,SMP,Negeri,Kec. Sumarorong,330401,Kab. Mamasa,330400,Prov. Sulawesi Barat,330000,25,4,396,14,13,2,1,70,29 Apr 2026 09:03:42,A1CD64E337FADCCA4CF3
SMP NEGERI 2 SUMARORONG,40601042,SMP,Negeri,Kec. Sumarorong,330401,Kab. Mamasa,330400,Prov. Sulawesi Barat,330000,13,6,124,6,10,2,1,28,08 Apr 2026 20:08:48,A6D7C507EF92CC60A57F
SMP NEGERI 3 SATAP SUMARORONG,40604263,SMP,Negeri,Kec. Sumarorong,330401,Kab. Mamasa,330400,Prov. Sulawesi Barat,330000,9,2,70,3,4,1,1,54,23 Apr 2026 19:34:14,2329397107676DF6783A
SMPN SATAP SAPAN,69819432,SMP,Negeri,Kec. Sumarorong,330401,Kab. Mamasa,330400,Prov. Sulawesi Barat,330000,14,1,38,3,3,1,1,65,29 Apr 2026 21:02:48,F7C2E654108844511FCA
SMPS. SATRIA RANTEKAMASE,40602672,SMP,Swasta,Kec. Sumarorong,330401,Kab. Mamasa,330400,Prov. Sulawesi Barat,330000,10,2,39,3,3,0,1,60,24 Apr 2026 18:11:18,2D5B723CA9C5F1AFF5D8
UPTD SMAN 1 SUMARORONG,40601053,SMA,Negeri,Kec. Sumarorong,330401,Kab. Mamasa,330400,Prov. Sulawesi Barat,330000,29,6,288,11,16,4,1,50,27 Apr 2026 12:12:02,2D097359778B3577DE53
UPTD SMKN 1 SUMARORONG,40601049,SMK,Negeri,Kec. Sumarorong,330401,Kab. Mamasa,330400,Prov. Sulawesi Barat,330000,50,16,445,23,26,2,1,24,23 Apr 2026 09:06:25,DE82B418658C71E7A065
SMK  MITRA BANGSA,69963880,SMK,Swasta,Kec. Sumarorong,330401,Kab. Mamasa,330400,Prov. Sulawesi Barat,330000,1,0,59,6,6,3,1,10,23 Apr 2026 06:30:28,C498F15AE7EC6EF52347
SD INPRES 006 SODANGAN,40601089,SD,Negeri,Kec. Buntumalangka,330416,Kab. Mamasa,330400,Prov. Sulawesi Barat,330000,14,5,66,6,6,0,1,19,31 Mar 2026 18:49:01,30E8FD1B6A5A04734DC6
SD N. 005 TAORA,40602636,SD,Negeri,Kec. Buntumalangka,330416,Kab. Mamasa,330400,Prov. Sulawesi Barat,330000,10,0,25,6,6,0,1,28,02 May 2026 15:21:39,E3CF73CF9CB62C3AF3DF
SD NEGERI 002 SALUNASE,40600978,SD,Negeri,Kec. Buntumalangka,330416,Kab. Mamasa,330400,Prov. Sulawesi Barat,330000,14,4,100,6,7,0,1,47,27 Apr 2026 12:16:52,60F7F295C3DC3E50377C
SD NEGERI 003 SALUTAMBUN,40601134,SD,Negeri,Kec. Buntumalangka,330416,Kab. Mamasa,330400,Prov. Sulawesi Barat,330000,16,3,97,6,7,0,1,22,18 Apr 2026 19:50:03,6BCB207AC3B87AEE75C4
SD NEGERI 004 SUMUA,40601122,SD,Negeri,Kec. Buntumalangka,330416,Kab. Mamasa,330400,Prov. Sulawesi Barat,330000,8,2,80,6,6,1,0,7,25 Feb 2026 08:23:05,87BC1F98E328DEDF992D
SD NEGERI 009 KABAE,40600985,SD,Negeri,Kec. Buntumalangka,330416,Kab. Mamasa,330400,Prov. Sulawesi Barat,330000,12,3,42,6,6,0,1,13,17 Apr 2026 08:22:56,87A52ED25245EEB11DEF
SDK 010 GARONGGONG,40604662,SD,Negeri,Kec. Buntumalangka,330416,Kab. Mamasa,330400,Prov. Sulawesi Barat,330000,7,3,40,6,6,0,1,7,17 Apr 2026 19:08:08,CE62F848D7561F7B51FC
SDK. 011 KEBANGA,40604722,SD,Negeri,Kec. Buntumalangka,330416,Kab. Mamasa,330400,Prov. Sulawesi Barat,330000,13,0,76,6,6,0,1,19,30 Apr 2026 13:42:46,A32107F01B272DA4189C
SDN. 001 SALURINDU,40601109,SD,Negeri,Kec. Buntumalangka,330416,Kab. Mamasa,330400,Prov. Sulawesi Barat,330000,14,1,53,6,6,0,1,24,05 Mar 2026 21:32:43,0E32754D0BAC8ED12823
SDN. 008 MAKULA,40601001,SD,Negeri,Kec. Buntumalangka,330416,Kab. Mamasa,330400,Prov. Sulawesi Barat,330000,12,2,24,6,6,0,1,27,16 Apr 2026 17:48:16,02D4C3C20A56949EAC5D
SDS. PANDANGAN JAYA,40601129,SD,Swasta,Kec. Buntumalangka,330416,Kab. Mamasa,330400,Prov. Sulawesi Barat,330000,9,4,60,6,6,0,1,42,21 Apr 2026 08:50:57,CF363CD0D37B6FCAD25E
SMP N. 005 BUNTU MALANGKA,69759291,SMP,Negeri,Kec. Buntumalangka,330416,Kab. Mamasa,330400,Prov. Sulawesi Barat,330000,11,3,24,3,7,1,1,43,25 Apr 2026 07:46:06,1E0A5D6E912F78160D87
SMP NEGERI 002 BUNTU MALANGKA,40604620,SMP,Negeri,Kec. Buntumalangka,330416,Kab. Mamasa,330400,Prov. Sulawesi Barat,330000,13,5,47,3,7,2,1,7,11 Mar 2026 18:18:29,0BA06CB4EF846E4CEDAA
SMP NEGERI 003 BUNTUMALANGKA,40605496,SMP,Negeri,Kec. Buntumalangka,330416,Kab. Mamasa,330400,Prov. Sulawesi Barat,330000,13,2,33,3,3,1,1,23,29 Apr 2026 16:56:43,031CB990CDA0E826A7AE
SMP NEGERI 004 SATAP BUNTU MALANGKA,40605580,SMP,Negeri,Kec. Buntumalangka,330416,Kab. Mamasa,330400,Prov. Sulawesi Barat,330000,16,3,19,3,3,1,1,28,21 Apr 2026 11:54:00,32409D1C0E27E4AAB86E
SMP NEGERI 6 BUNTUMALANGKA,70004321,SMP,Negeri,Kec. Buntumalangka,330416,Kab. Mamasa,330400,Prov. Sulawesi Barat,330000,7,1,27,3,3,0,1,12,07 Mar 2026 00:18:47,A560468DD601A191967B
SMPN 1 BUNTU MALANGKA,40601029,SMP,Negeri,Kec. Buntumalangka,330416,Kab. Mamasa,330400,Prov. Sulawesi Barat,330000,12,4,16,3,3,2,1,11,01 May 2026 17:10:43,C5E7EF65C8C163506FD8
SMP SWASTA PENATANGAN,40605171,SMP,Swasta,Kec. Buntumalangka,330416,Kab. Mamasa,330400,Prov. Sulawesi Barat,330000,13,3,44,3,4,1,1,123,01 May 2026 16:51:53,0173A998A42CC976970F
SMP TALLUSIKAMBIK,40601062,SMP,Swasta,Kec. Buntumalangka,330416,Kab. Mamasa,330400,Prov. Sulawesi Barat,330000,8,1,78,3,6,1,1,31,27 Apr 2026 12:33:59,2B71CF5A4C31525750C6
SMPS PUNCAK SUMUA,69953869,SMP,Swasta,Kec. Buntumalangka,330416,Kab. Mamasa,330400,Prov. Sulawesi Barat,330000,6,4,37,3,4,1,1,26,22 Apr 2026 13:09:53,224D59D4E313816FBC2E
SMPS Ranteberang,69859751,SMP,Swasta,Kec. Buntumalangka,330416,Kab. Mamasa,330400,Prov. Sulawesi Barat,330000,13,3,48,3,3,0,1,60,28 Apr 2026 22:43:34,5EFC74DD906812FF6DE7
UPTD SMAN 1 BUNTUMALANGKA,69822829,SMA,Negeri,Kec. Buntumalangka,330416,Kab. Mamasa,330400,Prov. Sulawesi Barat,330000,20,8,56,3,9,1,1,19,20 Apr 2026 13:18:51,048C4FB445B59CAFE7C0
UPTD SMAN 2 BUNTU MALANGKA,69757502,SMA,Negeri,Kec. Buntumalangka,330416,Kab. Mamasa,330400,Prov. Sulawesi Barat,330000,16,2,84,3,6,2,1,15,30 Mar 2026 15:20:32,A2EDA03D973951299609
UPTD SMK Negeri 1 Buntu Malangka,69854728,SMK,Negeri,Kec. Buntumalangka,330416,Kab. Mamasa,330400,Prov. Sulawesi Barat,330000,15,4,44,9,3,0,1,37,01 May 2026 18:56:24,4A86E9D615BAED4A37BF
SMK AL-MARA (AL-GUNA DARMA NUSANTARA),69857913,SMK,Swasta,Kec. Buntumalangka,330416,Kab. Mamasa,330400,Prov. Sulawesi Barat,330000,4,1,51,4,4,1,0,7,21 Apr 2026 17:09:00,687CC0E00BF837D0F20F
SMKS SALU SIAMPEK,40605539,SMK,Swasta,Kec. Buntumalangka,330416,Kab. Mamasa,330400,Prov. Sulawesi Barat,330000,22,4,94,6,5,1,1,82,09 Apr 2026 03:44:10,602AA00CE9DEFA26E9EE
SD NEGERI 001 UEKATA,40601158,SD,Negeri,Kec. Sesenapadang,330408,Kab. Mamasa,330400,Prov. Sulawesi Barat,330000,14,2,51,6,6,0,0,37,29 Apr 2026 10:48:55,275ACBE744EEF1C2130B
SD NEGERI 004 SATANETEAN,40601135,SD,Negeri,Kec. Sesenapadang,330408,Kab. Mamasa,330400,Prov. Sulawesi Barat,330000,11,9,38,6,6,0,1,24,11 Apr 2026 09:50:16,E8F0DCA33C6FCCB792CF
SD NEGERI 006 OROBUA,40601105,SD,Negeri,Kec. Sesenapadang,330408,Kab. Mamasa,330400,Prov. Sulawesi Barat,330000,21,8,196,9,7,0,1,63,24 Apr 2026 06:44:22,F6D6EDA021012CB32F31
SD NEGERI 007 PALADAN,40601132,SD,Negeri,Kec. Sesenapadang,330408,Kab. Mamasa,330400,Prov. Sulawesi Barat,330000,10,14,77,6,6,0,1,22,21 Apr 2026 10:03:03,D8785AEE0C109094B19D
SD NEGERI 009 SALUDALLE,40601069,SD,Negeri,Kec. Sesenapadang,330408,Kab. Mamasa,330400,Prov. Sulawesi Barat,330000,6,4,16,6,6,0,1,12,05 Mar 2026 11:02:21,5027EA70AD6833924C5B
SDK 013 TALODO,40604658,SD,Negeri,Kec. Sesenapadang,330408,Kab. Mamasa,330400,Prov. Sulawesi Barat,330000,12,0,36,6,6,0,0,18,14 Mar 2026 10:17:18,0532CA8282D9B150037E
SDK 015 LISUAN ADA,40605542,SD,Negeri,Kec. Sesenapadang,330408,Kab. Mamasa,330400,Prov. Sulawesi Barat,330000,14,1,14,5,6,0,1,26,10 Apr 2026 04:54:08,4504A476C2666DC0BB71
SDK 016 SEPPONNAKEPA,40605543,SD,Negeri,Kec. Sesenapadang,330408,Kab. Mamasa,330400,Prov. Sulawesi Barat,330000,12,5,19,5,6,0,0,38,20 Apr 2026 17:09:07,C14E86327B40FF61EB66
SDK. 010 PARAK,40604412,SD,Negeri,Kec. Sesenapadang,330408,Kab. Mamasa,330400,Prov. Sulawesi Barat,330000,9,6,81,6,6,0,1,6,06 Mar 2026 20:51:47,8B96D1AF68376ECDC11A
SDK. 011 MALIMBONG,40604413,SD,Negeri,Kec. Sesenapadang,330408,Kab. Mamasa,330400,Prov. Sulawesi Barat,330000,10,6,25,6,7,0,1,29,04 Mar 2026 10:18:54,52B346CB2921730E0173
SDK. 014 SOKBOK,40604659,SD,Negeri,Kec. Sesenapadang,330408,Kab. Mamasa,330400,Prov. Sulawesi Barat,330000,9,2,11,5,6,0,1,15,10 Apr 2026 18:38:35,2B139D413B3BB33EFB64
SDN 003 TANDIALLO,40600984,SD,Negeri,Kec. Sesenapadang,330408,Kab. Mamasa,330400,Prov. Sulawesi Barat,330000,9,5,42,6,6,0,1,8,09 Feb 2026 11:57:41,382BD69C9530F41F880D
SDN 005 PAMBE,40601008,SD,Negeri,Kec. Sesenapadang,330408,Kab. Mamasa,330400,Prov. Sulawesi Barat,330000,11,9,59,6,6,2,1,11,10 Apr 2026 08:14:17,AB7E028103198C950C69
SDN 012 MARAMPAN,40604414,SD,Negeri,Kec. Sesenapadang,330408,Kab. Mamasa,330400,Prov. Sulawesi Barat,330000,9,8,31,6,6,0,0,15,13 Apr 2026 08:55:07,A24496A173B61F0CA4B3
SDN. 002 LEPPANGAN,40602616,SD,Negeri,Kec. Sesenapadang,330408,Kab. Mamasa,330400,Prov. Sulawesi Barat,330000,8,8,23,5,6,0,1,12,04 Mar 2026 09:58:59,75E0A8C831EA88C74B89
SDN. 008 PONGKO,40601075,SD,Negeri,Kec. Sesenapadang,330408,Kab. Mamasa,330400,Prov. Sulawesi Barat,330000,8,5,27,6,8,0,1,16,24 Jan 2026 09:04:41,05570E244C9AD197E0FE
smp 2 sesenapadang,40601044,SMP,Negeri,Kec. Sesenapadang,330408,Kab. Mamasa,330400,Prov. Sulawesi Barat,330000,12,16,55,3,8,1,1,31,22 Apr 2026 10:03:36,D4C09D741487A79A645B
SMP NEGERI 1 SESENAPADANG,40601030,SMP,Negeri,Kec. Sesenapadang,330408,Kab. Mamasa,330400,Prov. Sulawesi Barat,330000,21,18,229,9,9,3,1,19,12 Mar 2026 09:46:18,88173CEABD9B2F14F2E5
SMP NEGERI 5 SESENAPADANG,69964557,SMP,Negeri,Kec. Sesenapadang,330408,Kab. Mamasa,330400,Prov. Sulawesi Barat,330000,15,19,42,3,4,1,1,26,08 Feb 2026 16:52:42,E5ED01C75F3EB71CA04B
SMP NEGERI SATU ATAP SALUMADALLE,40604680,SMP,Negeri,Kec. Sesenapadang,330408,Kab. Mamasa,330400,Prov. Sulawesi Barat,330000,15,7,8,3,3,1,1,35,24 Apr 2026 11:55:22,8C853E4011B512FA2C0D
SMPN 4 SESENAPADANG,69758935,SMP,Negeri,Kec. Sesenapadang,330408,Kab. Mamasa,330400,Prov. Sulawesi Barat,330000,12,8,26,3,4,1,0,18,09 Apr 2026 21:19:47,5EAC647D6A64540DD9B5
SMPS CAHAYA CLARA,69978925,SMP,Swasta,Kec. Sesenapadang,330408,Kab. Mamasa,330400,Prov. Sulawesi Barat,330000,27,3,52,3,3,1,1,54,30 Apr 2026 23:21:51,E6C82A8808A808C828F6
UPTD SMAN 1 SESENA PADANG,40601054,SMA,Negeri,Kec. Sesenapadang,330408,Kab. Mamasa,330400,Prov. Sulawesi Barat,330000,18,4,120,6,6,2,1,45,01 May 2026 14:52:59,002E206C78A42DF780B5
UPTD SMKN 1 SESENAPADANG,40601037,SMK,Negeri,Kec. Sesenapadang,330408,Kab. Mamasa,330400,Prov. Sulawesi Barat,330000,36,9,129,15,14,1,1,28,06 Apr 2026 18:13:01,F28F09243E56638E5A01
SD N. 002 SALULEMO,40602626,SD,Negeri,Kec. Rantebulahan Timur,330415,Kab. Mamasa,330400,Prov. Sulawesi Barat,330000,11,1,41,6,6,0,1,8,13 Feb 2026 22:53:33,339AA17995E994EFA85A
SD N. 004 BAMBANG BUDA,40601102,SD,Negeri,Kec. Rantebulahan Timur,330415,Kab. Mamasa,330400,Prov. Sulawesi Barat,330000,22,5,81,6,11,1,1,32,28 Apr 2026 07:51:27,3F8311DE5C190D72E131
SD N. 008 RANTETANETE,40600987,SD,Negeri,Kec. Rantebulahan Timur,330415,Kab. Mamasa,330400,Prov. Sulawesi Barat,330000,12,3,50,12,9,0,1,9,29 Mar 2026 21:24:48,E8BEB440469A76CBDAF1
SD NEGERI 009 SIKA,40600996,SD,Negeri,Kec. Rantebulahan Timur,330415,Kab. Mamasa,330400,Prov. Sulawesi Barat,330000,15,6,20,6,6,0,1,66,02 May 2026 19:17:02,61C0FB3F5E9BDCAFE276
SDK LINDU,69787979,SD,Negeri,Kec. Rantebulahan Timur,330415,Kab. Mamasa,330400,Prov. Sulawesi Barat,330000,12,3,29,6,3,0,1,25,04 Mar 2026 06:40:27,324B315B71A82F8C3A04
SDK NEGERI 013 SALU BELA,69971973,SD,Negeri,Kec. Rantebulahan Timur,330415,Kab. Mamasa,330400,Prov. Sulawesi Barat,330000,10,7,24,6,6,0,1,17,27 Apr 2026 11:23:03,353F49F693868C3184B1
SDK RANTE,69787980,SD,Negeri,Kec. Rantebulahan Timur,330415,Kab. Mamasa,330400,Prov. Sulawesi Barat,330000,12,0,10,5,6,0,0,11,10 Feb 2026 17:40:57,28AF91EA40C8CD76F98E
SDN 003 KIRAK,40602630,SD,Negeri,Kec. Rantebulahan Timur,330415,Kab. Mamasa,330400,Prov. Sulawesi Barat,330000,17,4,80,6,6,0,1,4,07 Feb 2026 11:50:31,52A804F56567D4301198
SDN 005 LEKO,40600994,SD,Negeri,Kec. Rantebulahan Timur,330415,Kab. Mamasa,330400,Prov. Sulawesi Barat,330000,13,6,30,6,6,0,1,19,27 Apr 2026 09:31:52,65EBE1C75244CBAFC4F6
SDN 006 GALUNG,40601020,SD,Negeri,Kec. Rantebulahan Timur,330415,Kab. Mamasa,330400,Prov. Sulawesi Barat,330000,14,2,55,6,6,0,1,41,24 Apr 2026 20:15:51,B6D18F3C97DF786E4FD1
SDN 010 BUANGIN,40600995,SD,Negeri,Kec. Rantebulahan Timur,330415,Kab. Mamasa,330400,Prov. Sulawesi Barat,330000,11,6,58,6,6,0,0,19,16 Apr 2026 10:37:18,7F1B68B62780114503B1
SDN. 001 SALUMAYANG,40600993,SD,Negeri,Kec. Rantebulahan Timur,330415,Kab. Mamasa,330400,Prov. Sulawesi Barat,330000,12,3,48,6,7,0,1,16,26 Apr 2026 17:37:02,E12F09C539B21AA717A6
SDN. 007 SAMPALE,40604664,SD,Negeri,Kec. Rantebulahan Timur,330415,Kab. Mamasa,330400,Prov. Sulawesi Barat,330000,13,7,33,6,6,0,1,12,10 Apr 2026 07:40:13,7738E753175C04F6215C
SMP N. 2 RANTEBULAHAN TIMUR,40604676,SMP,Negeri,Kec. Rantebulahan Timur,330415,Kab. Mamasa,330400,Prov. Sulawesi Barat,330000,11,8,54,3,7,1,1,16,08 Apr 2026 21:41:51,6538793BAE050207FDC8
SMP NEGERI 1 RANTEBULAHAN TIMUR,40602668,SMP,Negeri,Kec. Rantebulahan Timur,330415,Kab. Mamasa,330400,Prov. Sulawesi Barat,330000,13,10,67,3,9,2,1,18,08 Apr 2026 03:16:04,2D97A99E8D4327A1413E
SMP NEGERI 3 BUANGIN,40605712,SMP,Negeri,Kec. Rantebulahan Timur,330415,Kab. Mamasa,330400,Prov. Sulawesi Barat,330000,13,5,55,3,3,0,1,35,16 Apr 2026 09:24:06,ACC7644C6A8706B8C753
SMPN 4 SATAP RANTEBULAHAN TIMUR,40605713,SMP,Negeri,Kec. Rantebulahan Timur,330415,Kab. Mamasa,330400,Prov. Sulawesi Barat,330000,13,4,50,3,3,0,1,11,02 May 2026 08:23:54,F475C864373AA02B5445
SMP KONDO SAPATA RANTE LEMO,40602664,SMP,Swasta,Kec. Rantebulahan Timur,330415,Kab. Mamasa,330400,Prov. Sulawesi Barat,330000,10,1,26,3,3,1,1,25,02 May 2026 03:25:49,40DB17643E6BEB4D443A
UPTD SMA NEGERI 1 RANTEBULAHAN TIMUR,69947840,SMA,Negeri,Kec. Rantebulahan Timur,330415,Kab. Mamasa,330400,Prov. Sulawesi Barat,330000,16,6,76,3,3,1,0,31,01 May 2026 17:53:59,2DE31BAE51560F47EBF2
UPTD SMK NEGERI 1 RANTEBULAHAN TIMUR,69759071,SMK,Negeri,Kec. Rantebulahan Timur,330415,Kab. Mamasa,330400,Prov. Sulawesi Barat,330000,14,1,75,7,4,1,1,48,28 Apr 2026 06:49:57,6FEBB149312C73AD1196
SD N. 003 PALADANG SEPANG,40601163,SD,Negeri,Kec. Messawa,330407,Kab. Mamasa,330400,Prov. Sulawesi Barat,330000,9,0,34,6,6,0,1,11,04 Mar 2026 20:40:10,15DD4B7DBC014D47EF52
SD N. 007 BETING,40601108,SD,Negeri,Kec. Messawa,330407,Kab. Mamasa,330400,Prov. Sulawesi Barat,330000,8,4,42,6,6,0,1,56,30 Apr 2026 17:44:51,4D006CA313BD01A45E20
SD N. 009 KONDO,40601103,SD,Negeri,Kec. Messawa,330407,Kab. Mamasa,330400,Prov. Sulawesi Barat,330000,9,1,24,6,7,0,0,25,27 Apr 2026 13:03:28,97749DC5E42DEE088244
SD N. 014 ATO DADEKO,40600983,SD,Negeri,Kec. Messawa,330407,Kab. Mamasa,330400,Prov. Sulawesi Barat,330000,4,3,18,6,8,0,0,19,29 Apr 2026 17:01:57,B47419E59EC31741A111
SD NEGERI 001 MESSAWA,40601082,SD,Negeri,Kec. Messawa,330407,Kab. Mamasa,330400,Prov. Sulawesi Barat,330000,9,1,119,6,7,1,1,18,20 Apr 2026 14:39:40,7108093DC603C8A11C98
SD NEGERI 002 TONDOK SALU,40601165,SD,Negeri,Kec. Messawa,330407,Kab. Mamasa,330400,Prov. Sulawesi Barat,330000,9,2,43,6,9,0,1,19,11 Mar 2026 18:20:16,CC711D79E543CE0876D3
SD NEGERI 004 SEPANG,40601128,SD,Negeri,Kec. Messawa,330407,Kab. Mamasa,330400,Prov. Sulawesi Barat,330000,5,1,31,6,6,0,1,15,06 Mar 2026 08:26:19,799692A915FB8C2E87C2
SD NEGERI 005 SEPANG,40601091,SD,Negeri,Kec. Messawa,330407,Kab. Mamasa,330400,Prov. Sulawesi Barat,330000,8,4,70,6,6,0,1,25,05 Mar 2026 09:25:37,AC803B8AD4B91A75AD4C
SD NEGERI 013 TALLANGBALO,40602637,SD,Negeri,Kec. Messawa,330407,Kab. Mamasa,330400,Prov. Sulawesi Barat,330000,8,1,31,6,6,0,1,7,14 Apr 2026 04:46:53,EE360E70F531936F40E7
SD NEGERI 016 KALOSI-LOSI,40604261,SD,Negeri,Kec. Messawa,330407,Kab. Mamasa,330400,Prov. Sulawesi Barat,330000,5,1,19,5,10,0,1,11,07 Mar 2026 18:01:31,BC537EC94FF7A7E1FC84
SDN 008 PASAPA,40601104,SD,Negeri,Kec. Messawa,330407,Kab. Mamasa,330400,Prov. Sulawesi Barat,330000,8,1,33,6,8,0,1,22,16 Apr 2026 09:54:36,72829B72D2F8C2F9E8E8
SDN 010 SALUBALO,40602627,SD,Negeri,Kec. Messawa,330407,Kab. Mamasa,330400,Prov. Sulawesi Barat,330000,7,7,42,6,6,0,1,16,21 Apr 2026 08:10:49,22C24D435BD167BDD1EE
SDN 011 SALUKEMBA,40601074,SD,Negeri,Kec. Messawa,330407,Kab. Mamasa,330400,Prov. Sulawesi Barat,330000,10,0,39,6,6,0,0,26,05 Mar 2026 21:31:11,87B7615390BE0347C131
SDN 015 RATTEDAONAN,40600988,SD,Negeri,Kec. Messawa,330407,Kab. Mamasa,330400,Prov. Sulawesi Barat,330000,9,1,29,6,10,0,1,12,27 Jan 2026 08:21:19,6472F0BA4594E726FB4C
SDN. 006 SIKUKU,40601100,SD,Negeri,Kec. Messawa,330407,Kab. Mamasa,330400,Prov. Sulawesi Barat,330000,9,1,68,6,6,0,1,32,27 Apr 2026 13:12:01,77D1CB147A24C4D30F10
SDN. 012 SIPAI,40601070,SD,Negeri,Kec. Messawa,330407,Kab. Mamasa,330400,Prov. Sulawesi Barat,330000,10,2,49,6,6,0,0,11,15 Mar 2026 17:23:35,56744E3DE96CD7A6ADFA
SMP NEGERI 1 MESSAWA,40601045,SMP,Negeri,Kec. Messawa,330407,Kab. Mamasa,330400,Prov. Sulawesi Barat,330000,12,5,67,3,8,2,1,36,07 Mar 2026 11:31:39,82E74A3C110077A6ED5D
SMP NEGERI 2 SATAP MESSAWA,40604265,SMP,Negeri,Kec. Messawa,330407,Kab. Mamasa,330400,Prov. Sulawesi Barat,330000,11,4,74,3,3,1,2,11,09 Apr 2026 09:08:19,FC0C83EFAFA860F4E9E2
SMP NEGERI 4 MESSAWA,70027977,SMP,Negeri,Kec. Messawa,330407,Kab. Mamasa,330400,Prov. Sulawesi Barat,330000,12,1,47,3,3,1,1,31,12 Mar 2026 22:01:54,0730ACE58F3B56FB53FE
SMPN. 3 MESSAWA,40604677,SMP,Negeri,Kec. Messawa,330407,Kab. Mamasa,330400,Prov. Sulawesi Barat,330000,9,3,58,3,3,1,1,30,29 Apr 2026 16:45:12,835A51CE8EFCB0EAE05E
SMPS. KATOLIK MESSAWA,40601058,SMP,Swasta,Kec. Messawa,330407,Kab. Mamasa,330400,Prov. Sulawesi Barat,330000,5,2,81,3,7,2,1,17,22 Apr 2026 09:05:24,75D66A58C7F8FB20995C
UPTD SMAN 1 MESSAWA,69950666,SMA,Negeri,Kec. Messawa,330407,Kab. Mamasa,330400,Prov. Sulawesi Barat,330000,17,4,83,4,5,2,1,29,31 Mar 2026 18:31:07,22C1D40FF8C6499158A3
SMAS KATOLIK MESSAWA,40602676,SMA,Swasta,Kec. Messawa,330407,Kab. Mamasa,330400,Prov. Sulawesi Barat,330000,3,4,80,3,7,2,1,30,30 Apr 2026 07:04:16,6FE4AA27B63C499E7198
UPTD SMKN 1 MESSAWA,69979153,SMK,Negeri,Kec. Messawa,330407,Kab. Mamasa,330400,Prov. Sulawesi Barat,330000,19,4,99,9,9,0,1,38,29 Apr 2026 09:31:28,162DFBA3FD16F4607DD3
SMK BUNTU MASAKKE,69899154,SMK,Swasta,Kec. Messawa,330407,Kab. Mamasa,330400,Prov. Sulawesi Barat,330000,8,1,39,3,3,2,1,15,29 Apr 2026 08:22:39,8C15558C4AFA7278DF4D
SD N. 003 ULUSALU,40601157,SD,Negeri,Kec. Pana,330402,Kab. Mamasa,330400,Prov. Sulawesi Barat,330000,12,6,49,6,6,0,0,5,02 May 2026 18:38:27,6F050EDB7AB2709D4496
SD N. 006 MANIPI,40601138,SD,Negeri,Kec. Pana,330402,Kab. Mamasa,330400,Prov. Sulawesi Barat,330000,8,5,53,6,6,0,0,12,24 Apr 2026 07:29:44,4EFD1E002A341917E277
SD N. 009 PUANG,40602622,SD,Negeri,Kec. Pana,330402,Kab. Mamasa,330400,Prov. Sulawesi Barat,330000,10,0,20,5,2,0,0,23,30 Apr 2026 11:13:39,BC3AE97622B8CE205058
SD NEGERI 001 PANA,40601080,SD,Negeri,Kec. Pana,330402,Kab. Mamasa,330400,Prov. Sulawesi Barat,330000,10,3,60,6,9,0,1,27,17 Apr 2026 10:38:44,4634974C68110F02CF31
SD NEGERI 002 PAKEN,40601148,SD,Negeri,Kec. Pana,330402,Kab. Mamasa,330400,Prov. Sulawesi Barat,330000,8,3,80,6,8,0,0,7,16 Feb 2026 01:45:24,E9246E0E2AEC21427F58
SD NEGERI 005 PANA,40601124,SD,Negeri,Kec. Pana,330402,Kab. Mamasa,330400,Prov. Sulawesi Barat,330000,8,4,106,6,7,0,1,18,07 Apr 2026 08:03:39,5D4E111AD9944C8A7C31
SD NEGERI 007 ULUSALU,69872350,SD,Negeri,Kec. Pana,330402,Kab. Mamasa,330400,Prov. Sulawesi Barat,330000,5,10,42,6,7,0,1,10,04 Mar 2026 20:06:46,7C7B949BF811350DDB4E
SD NEGERI 010 BULO,40601022,SD,Negeri,Kec. Pana,330402,Kab. Mamasa,330400,Prov. Sulawesi Barat,330000,7,8,19,6,3,0,1,34,23 Apr 2026 12:35:07,95BF0D6AE16526A4B481
SD NEGERI 011 TANETE,40601016,SD,Negeri,Kec. Pana,330402,Kab. Mamasa,330400,Prov. Sulawesi Barat,330000,7,5,58,6,6,0,0,16,09 Apr 2026 07:21:40,03D760834B0C4624B7BB
SDK AWO,69964118,SD,Negeri,Kec. Pana,330402,Kab. Mamasa,330400,Prov. Sulawesi Barat,330000,6,2,29,6,3,0,0,21,05 Apr 2026 18:52:42,27E2C351EA613976D48E
SDK BARANA,69872351,SD,Negeri,Kec. Pana,330402,Kab. Mamasa,330400,Prov. Sulawesi Barat,330000,8,2,20,6,2,0,0,8,30 Mar 2026 12:10:46,AAD2A237E35412CAD8B2
SDK NEGERI TETANG RATTE,69838654,SD,Negeri,Kec. Pana,330402,Kab. Mamasa,330400,Prov. Sulawesi Barat,330000,8,3,52,6,6,0,0,8,05 Mar 2026 04:17:04,8100591E36F369825303
SDK PATONGLOAN,69965654,SD,Negeri,Kec. Pana,330402,Kab. Mamasa,330400,Prov. Sulawesi Barat,330000,4,0,12,6,6,0,0,7,04 Mar 2026 09:11:17,776D50EA54FF1570C950
SDK. 014 TALLANG BULAWAN,40605508,SD,Negeri,Kec. Pana,330402,Kab. Mamasa,330400,Prov. Sulawesi Barat,330000,9,4,27,6,6,0,0,60,13 Mar 2026 16:35:26,3FA4462FF3DF23AF9FCE
SDK. 015 SALU WAI MANUK,69754234,SD,Negeri,Kec. Pana,330402,Kab. Mamasa,330400,Prov. Sulawesi Barat,330000,6,5,41,6,4,0,0,9,04 Mar 2026 20:40:44,26D879FE7E66A3D2F750
SDN 008 KARAKA,40601003,SD,Negeri,Kec. Pana,330402,Kab. Mamasa,330400,Prov. Sulawesi Barat,330000,12,1,54,6,5,0,0,33,17 Mar 2026 18:49:53,80694ED95C03E7EF0ACA
SDN 020 SALOAN,69987360,SD,Negeri,Kec. Pana,330402,Kab. Mamasa,330400,Prov. Sulawesi Barat,330000,12,6,39,6,3,0,0,13,04 Mar 2026 13:03:28,D47CBB13586640CE905D
SDN. 004 PEONAN,40601131,SD,Negeri,Kec. Pana,330402,Kab. Mamasa,330400,Prov. Sulawesi Barat,330000,7,2,74,6,8,0,1,12,22 Apr 2026 08:52:46,F2E50A5272C1359772D3
SDN. 012 PASAPA,40602617,SD,Negeri,Kec. Pana,330402,Kab. Mamasa,330400,Prov. Sulawesi Barat,330000,9,12,15,5,3,0,0,32,18 Apr 2026 16:41:04,1201C0D9DB46822FB5F8
SDN. 013 TOMBANGLEA,40604260,SD,Negeri,Kec. Pana,330402,Kab. Mamasa,330400,Prov. Sulawesi Barat,330000,8,5,41,6,6,0,1,65,01 May 2026 13:47:01,1BCBA44C8F7220829F8D
SMP NEGERI 02 SATAP PANA,40604962,SMP,Negeri,Kec. Pana,330402,Kab. Mamasa,330400,Prov. Sulawesi Barat,330000,12,7,32,3,4,0,1,47,15 Apr 2026 22:08:09,143A86F8DC236954F0E5
SMP NEGERI 1 PANA,40601032,SMP,Negeri,Kec. Pana,330402,Kab. Mamasa,330400,Prov. Sulawesi Barat,330000,15,7,149,6,19,1,1,60,22 Apr 2026 14:12:42,0AAC3D47738AB8112770
SMP NEGERI 3 PANA,69908989,SMP,Negeri,Kec. Pana,330402,Kab. Mamasa,330400,Prov. Sulawesi Barat,330000,12,9,56,3,3,1,1,32,02 May 2026 17:52:26,6005FC36B9FDA2FAC648
SMP NEGERI 5 TANETE,69982485,SMP,Negeri,Kec. Pana,330402,Kab. Mamasa,330400,Prov. Sulawesi Barat,330000,12,2,28,3,3,0,0,14,08 Apr 2026 11:11:50,23B41B3284667A759305
SMPN 4 DATUBARINGAN,69965390,SMP,Negeri,Kec. Pana,330402,Kab. Mamasa,330400,Prov. Sulawesi Barat,330000,11,3,58,3,4,0,0,10,10 Apr 2026 18:47:40,766E09E183797C86C237
SMPN 6 PANA,40601063,SMP,Negeri,Kec. Pana,330402,Kab. Mamasa,330400,Prov. Sulawesi Barat,330000,15,9,27,2,3,0,1,35,16 Apr 2026 16:24:13,CA34AA8C37B39C43AAC6
SMPS. YPM ULUSALU,40601061,SMP,Swasta,Kec. Pana,330402,Kab. Mamasa,330400,Prov. Sulawesi Barat,330000,2,1,35,3,4,0,1,23,07 Apr 2026 18:39:10,123816CE91E5DA6E63F9
UPTD SMA Negeri 1 Pana,70027751,SMA,Negeri,Kec. Pana,330402,Kab. Mamasa,330400,Prov. Sulawesi Barat,330000,8,0,20,3,3,1,1,14,30 Apr 2026 15:19:16,86B78FC44F5779A6449E
UPTD SMKN 1 PANA,40601050,SMK,Negeri,Kec. Pana,330402,Kab. Mamasa,330400,Prov. Sulawesi Barat,330000,17,6,92,9,12,3,1,33,30 Apr 2026 05:53:54,FDF7C30FE7DD8E9BCB84
SD N. 007 BOTTENG,40604940,SD,Negeri,Kec. Mehalaan,330417,Kab. Mamasa,330400,Prov. Sulawesi Barat,330000,10,0,23,5,6,0,1,14,20 Apr 2026 08:02:37,1887DE23A0707E6FAE13
SD NEGERI 001 MEHALAAN,40601149,SD,Negeri,Kec. Mehalaan,330417,Kab. Mamasa,330400,Prov. Sulawesi Barat,330000,19,1,30,6,3,0,0,23,08 Apr 2026 21:38:43,6C0E02F51D1A33D3FFA5
SD NEGERI 004 KIRAK,40604840,SD,Negeri,Kec. Mehalaan,330417,Kab. Mamasa,330400,Prov. Sulawesi Barat,330000,13,4,24,6,3,0,1,14,04 Mar 2026 13:35:19,A50406535DFD08FCC0AB
SD NEGERI 006 BOTTENG,40600997,SD,Negeri,Kec. Mehalaan,330417,Kab. Mamasa,330400,Prov. Sulawesi Barat,330000,11,2,22,6,5,0,1,26,08 Apr 2026 09:26:16,B33CE7E0A9371177C7EB
SDN 002 KONDO,40601139,SD,Negeri,Kec. Mehalaan,330417,Kab. Mamasa,330400,Prov. Sulawesi Barat,330000,12,0,35,6,5,0,1,8,17 Apr 2026 20:51:01,D935C0749B31093648F5
SDN 003 KONDO,40604839,SD,Negeri,Kec. Mehalaan,330417,Kab. Mamasa,330400,Prov. Sulawesi Barat,330000,11,2,21,5,5,0,1,26,15 Mar 2026 10:31:05,B64C73910E4202E0EE0E
SDN 009 Rano,69972885,SD,Negeri,Kec. Mehalaan,330417,Kab. Mamasa,330400,Prov. Sulawesi Barat,330000,19,2,41,6,3,0,0,12,13 Mar 2026 20:20:44,4284E58FB7940D02A6F9
SDN. 005 MEHALAAN,40601071,SD,Negeri,Kec. Mehalaan,330417,Kab. Mamasa,330400,Prov. Sulawesi Barat,330000,15,11,92,6,6,0,1,19,16 Apr 2026 08:31:47,7674C2511776CADA9B96
SDN. 008 SALUKONTA,40602648,SD,Negeri,Kec. Mehalaan,330417,Kab. Mamasa,330400,Prov. Sulawesi Barat,330000,13,2,72,6,6,0,0,16,03 Mar 2026 20:22:57,EE101A121B2174792501
SMP NEGERI 002 SATAP MEHALAAN,40605579,SMP,Negeri,Kec. Mehalaan,330417,Kab. Mamasa,330400,Prov. Sulawesi Barat,330000,10,1,34,3,2,1,0,35,15 Apr 2026 11:12:39,B5AF53B68767762088CE
SMPN. 1 MEHALAAN,40601043,SMP,Negeri,Kec. Mehalaan,330417,Kab. Mamasa,330400,Prov. Sulawesi Barat,330000,9,3,55,3,8,2,1,40,22 Apr 2026 07:28:53,4D984312F1F51DBEA7A5
SMPN. 3 MEHALAAN,69787971,SMP,Negeri,Kec. Mehalaan,330417,Kab. Mamasa,330400,Prov. Sulawesi Barat,330000,10,5,50,3,3,1,1,89,24 Apr 2026 19:06:02,56580C90D35BCFC84109
UPTD SMAN 1 MEHALAAN,69947005,SMA,Negeri,Kec. Mehalaan,330417,Kab. Mamasa,330400,Prov. Sulawesi Barat,330000,18,2,56,3,3,1,1,28,29 Apr 2026 18:48:26,3E2A01F710278BDEA916
UPTD SMKN 1 MEHALAAN,40601056,SMK,Negeri,Kec. Mehalaan,330417,Kab. Mamasa,330400,Prov. Sulawesi Barat,330000,17,3,65,3,7,4,1,38,01 May 2026 18:27:36,DE9E7461386AC84580EE
SD N. 003 TAWALIAN,40602624,SD,Negeri,Kec. Tawalian,330414,Kab. Mamasa,330400,Prov. Sulawesi Barat,330000,10,2,119,6,6,0,2,7,23 Feb 2026 09:38:01,80ACDCA6883FD8EAC63E
SD NEGERI 001 KARIANGO,40601088,SD,Negeri,Kec. Tawalian,330414,Kab. Mamasa,330400,Prov. Sulawesi Barat,330000,17,5,180,9,6,0,1,35,10 Apr 2026 21:55:59,08449588F4E1E81CDAFA
SDK 005 RANTE DAMBU,40604619,SD,Negeri,Kec. Tawalian,330414,Kab. Mamasa,330400,Prov. Sulawesi Barat,330000,11,1,48,6,6,0,0,18,08 Apr 2026 06:06:57,4CEED2F265EBB28EF71A
SDK 009 KATOAN,69862426,SD,Negeri,Kec. Tawalian,330414,Kab. Mamasa,330400,Prov. Sulawesi Barat,330000,9,2,44,6,6,0,1,9,07 Apr 2026 07:57:09,FD0DABE1C015DAD8A378
SDK 010 BEANG TATALE,69922564,SD,Negeri,Kec. Tawalian,330414,Kab. Mamasa,330400,Prov. Sulawesi Barat,330000,8,5,35,6,7,0,0,18,02 May 2026 19:09:27,AB3A07BEEDC265EACA6B
SDK. 006 SALULOTONG,40604652,SD,Negeri,Kec. Tawalian,330414,Kab. Mamasa,330400,Prov. Sulawesi Barat,330000,14,5,47,6,6,0,0,35,12 Apr 2026 16:39:52,A900C2273CC133B9AE18
SDN 002 TATALE,40601107,SD,Negeri,Kec. Tawalian,330414,Kab. Mamasa,330400,Prov. Sulawesi Barat,330000,10,4,89,6,7,0,1,15,19 Apr 2026 20:45:05,4FFD3138E5B926B80114
SDN 004 PALLU,40601072,SD,Negeri,Kec. Tawalian,330414,Kab. Mamasa,330400,Prov. Sulawesi Barat,330000,10,7,46,6,6,0,0,19,14 Apr 2026 14:08:19,8BAEDB2F104AD0857CEE
SDN 008 TALAMBAI,40602659,SD,Negeri,Kec. Tawalian,330414,Kab. Mamasa,330400,Prov. Sulawesi Barat,330000,9,4,52,6,6,0,1,30,14 Apr 2026 13:05:13,1E9C597A5401494F62EE
SDN. 007 LOMBONAN,40604661,SD,Negeri,Kec. Tawalian,330414,Kab. Mamasa,330400,Prov. Sulawesi Barat,330000,13,6,32,6,5,0,0,21,30 Apr 2026 16:41:27,3DE4642C5B2B8DAE0AA5
SMP NEGERI 1 TAWALIAN,40604649,SMP,Negeri,Kec. Tawalian,330414,Kab. Mamasa,330400,Prov. Sulawesi Barat,330000,17,16,133,6,9,2,1,23,28 Apr 2026 19:28:11,E6D913EC9A3CB7788A23
SMPN. 2 TAWALIAN,40604683,SMP,Negeri,Kec. Tawalian,330414,Kab. Mamasa,330400,Prov. Sulawesi Barat,330000,7,7,24,3,2,1,1,27,05 Mar 2026 09:26:20,0B7A19ECF3B3C5C34211
SMP SALUMADALLE,40601064,SMP,Swasta,Kec. Tawalian,330414,Kab. Mamasa,330400,Prov. Sulawesi Barat,330000,7,1,80,3,8,0,0,21,07 Apr 2026 07:48:31,7DF98936FA4A13C61E86
SMP SWASTA BERBUDI KOPIAN,40605711,SMP,Swasta,Kec. Tawalian,330414,Kab. Mamasa,330400,Prov. Sulawesi Barat,330000,10,1,59,4,4,1,2,47,22 Apr 2026 21:07:47,747FBE40608A08B832A0
SD N. 005 TABANG,40601142,SD,Negeri,Kec. Tabang,330406,Kab. Mamasa,330400,Prov. Sulawesi Barat,330000,8,2,111,6,6,1,1,13,11 Apr 2026 09:02:31,2116B683F7952FFA3BC5
SD N. 006 KALAMA,40601023,SD,Negeri,Kec. Tabang,330406,Kab. Mamasa,330400,Prov. Sulawesi Barat,330000,12,10,84,6,6,0,1,16,28 Apr 2026 09:48:25,89F9F1A1B7D4CD5C4F1D
SD N. 008 BUTTU BUTTU,40602632,SD,Negeri,Kec. Tabang,330406,Kab. Mamasa,330400,Prov. Sulawesi Barat,330000,10,2,57,6,6,0,1,19,04 Mar 2026 20:51:52,43F7A6D0DE58E126B97E
SD NEGERI 002 TANDUNG,40602613,SD,Negeri,Kec. Tabang,330406,Kab. Mamasa,330400,Prov. Sulawesi Barat,330000,18,1,48,6,6,0,1,9,14 Apr 2026 17:58:09,DFE8836C11CE41CFB1D3
SD NEGERI 011 RARUNAN,69754235,SD,Negeri,Kec. Tabang,330406,Kab. Mamasa,330400,Prov. Sulawesi Barat,330000,12,0,37,6,4,0,1,40,24 Apr 2026 07:36:37,3C6C508AEC2DA5C4CFE3
SDK 010 TINUA TONDON TALODO,40604835,SD,Negeri,Kec. Tabang,330406,Kab. Mamasa,330400,Prov. Sulawesi Barat,330000,8,6,17,6,3,0,0,12,23 Apr 2026 09:21:59,8419A9932C43F704341B
SDK 012 BUTTU DEWATA,69758936,SD,Negeri,Kec. Tabang,330406,Kab. Mamasa,330400,Prov. Sulawesi Barat,330000,12,4,43,6,6,0,0,11,04 Mar 2026 12:52:46,AB6313775828EBE0E98A
SDK. 009 RATTEBAKARU,40604834,SD,Negeri,Kec. Tabang,330406,Kab. Mamasa,330400,Prov. Sulawesi Barat,330000,11,2,40,6,3,0,0,34,01 May 2026 18:26:25,FE3534842C8FD60B39FE
SDN 003 MAWA,40601160,SD,Negeri,Kec. Tabang,330406,Kab. Mamasa,330400,Prov. Sulawesi Barat,330000,11,3,59,6,7,0,0,46,10 Apr 2026 09:03:46,61CE15C93035A02B26DB
SDN 004 LAMBA,40601127,SD,Negeri,Kec. Tabang,330406,Kab. Mamasa,330400,Prov. Sulawesi Barat,330000,6,7,77,6,8,0,0,8,09 Feb 2026 19:28:11,1C34322AF7E9BE45694F
SDN 013 TULLU,69947841,SD,Negeri,Kec. Tabang,330406,Kab. Mamasa,330400,Prov. Sulawesi Barat,330000,12,4,53,6,4,0,0,12,08 Apr 2026 20:48:38,C20F5B02D2CF523632BB
SDN. 001 LIMBONG,40601121,SD,Negeri,Kec. Tabang,330406,Kab. Mamasa,330400,Prov. Sulawesi Barat,330000,13,4,49,6,6,0,1,8,06 Feb 2026 18:59:28,06937FCBFE5E6F9DA25E
SDN. 007 TIMBAAN,40602631,SD,Negeri,Kec. Tabang,330406,Kab. Mamasa,330400,Prov. Sulawesi Barat,330000,14,4,58,6,6,0,1,21,10 Mar 2026 20:26:49,6E11783CCF0B9C4FE592
SMP NEGERI 003 SATAPTABANG,40605582,SMP,Negeri,Kec. Tabang,330406,Kab. Mamasa,330400,Prov. Sulawesi Barat,330000,11,0,34,3,2,0,0,41,27 Apr 2026 09:00:32,42F3FA6DA11D57071109
SMP NEGERI 004 SATAP TABANG,40605583,SMP,Negeri,Kec. Tabang,330406,Kab. Mamasa,330400,Prov. Sulawesi Barat,330000,14,4,80,3,4,0,1,31,24 Apr 2026 18:29:57,93F36CC55A61A7BEF49A
SMPN 1 TABANG,40601036,SMP,Negeri,Kec. Tabang,330406,Kab. Mamasa,330400,Prov. Sulawesi Barat,330000,13,7,136,6,7,2,2,16,02 May 2026 10:05:14,58157AFE24F30E77A9CB
SMPN SATAP KALAMA,69819422,SMP,Negeri,Kec. Tabang,330406,Kab. Mamasa,330400,Prov. Sulawesi Barat,330000,10,9,45,3,3,1,1,44,15 Apr 2026 22:27:00,C3E02A37851343602AA5
SMPN. 2 SATAP TABANG,40604264,SMP,Negeri,Kec. Tabang,330406,Kab. Mamasa,330400,Prov. Sulawesi Barat,330000,12,9,39,3,3,2,1,56,30 Apr 2026 18:21:01,1EFBE1B799F7602B1C2F
SMKS PELITA HARAPAN,69786288,SMK,Swasta,Kec. Tabang,330406,Kab. Mamasa,330400,Prov. Sulawesi Barat,330000,9,1,45,3,3,2,0,6,22 Apr 2026 17:44:47,555B9CBEB9228FD27568
SDK NEGERI 009 NEAMBA,69974989,SD,Negeri,Kec. Balla,330413,Kab. Mamasa,330400,Prov. Sulawesi Barat,330000,12,5,17,6,3,0,0,28,29 Apr 2026 20:49:59,E4B5F7BC58989E0A95DD
SDK PENANIAN,69787958,SD,Negeri,Kec. Balla,330413,Kab. Mamasa,330400,Prov. Sulawesi Barat,330000,7,8,56,6,4,0,0,16,14 Apr 2026 07:12:09,DE75AD05EFC1630F8976
SDK. 007 LANGKEA,40605312,SD,Negeri,Kec. Balla,330413,Kab. Mamasa,330400,Prov. Sulawesi Barat,330000,7,1,29,6,4,0,2,11,02 May 2026 08:44:51,6987EF80921516D1BC9C
SDN 002 BALLAPEU,40601152,SD,Negeri,Kec. Balla,330413,Kab. Mamasa,330400,Prov. Sulawesi Barat,330000,12,1,94,6,6,0,1,11,09 Apr 2026 15:37:35,054940BDE30DF8E4C7D1
SDN 003 BALLA,40602649,SD,Negeri,Kec. Balla,330413,Kab. Mamasa,330400,Prov. Sulawesi Barat,330000,10,2,134,7,7,0,0,13,31 Mar 2026 13:49:37,A4DE7197DA11A70F1589
SDN 004 BULO,40601144,SD,Negeri,Kec. Balla,330413,Kab. Mamasa,330400,Prov. Sulawesi Barat,330000,13,1,52,6,6,0,1,14,13 Mar 2026 10:54:22,B64FB7E1CE14ABF0138E
SDN 006 KOKI,40602603,SD,Negeri,Kec. Balla,330413,Kab. Mamasa,330400,Prov. Sulawesi Barat,330000,19,35,102,6,8,0,1,55,30 Apr 2026 10:51:11,1607AB31A9A2E8DB2647
SDN. 001 RANTELIANG,40601068,SD,Negeri,Kec. Balla,330413,Kab. Mamasa,330400,Prov. Sulawesi Barat,330000,9,5,80,6,6,0,1,10,21 Apr 2026 10:13:50,F1DD17B2178F79BF0C7A
SDN. 005 TAMBUN,40602638,SD,Negeri,Kec. Balla,330413,Kab. Mamasa,330400,Prov. Sulawesi Barat,330000,9,3,49,6,6,0,1,5,08 Apr 2026 04:51:06,AFF9A00B74671F21F00A
SMP NEGERI 3 BALLA,69987982,SMP,Negeri,Kec. Balla,330413,Kab. Mamasa,330400,Prov. Sulawesi Barat,330000,12,3,19,3,3,2,1,21,28 Apr 2026 11:02:11,43D325F197FB2C9E93A2
SMPN 1 BALLA,40601041,SMP,Negeri,Kec. Balla,330413,Kab. Mamasa,330400,Prov. Sulawesi Barat,330000,23,6,188,8,10,3,1,31,27 Apr 2026 07:05:33,4F4AB473EC330AB5D2AF
SMPN 2 SATAP BALLA,40605578,SMP,Negeri,Kec. Balla,330413,Kab. Mamasa,330400,Prov. Sulawesi Barat,330000,17,8,39,3,4,0,1,39,22 Apr 2026 07:55:34,B744F5BC770208F27384
UPTD SMAN 1 BALLA,40600990,SMA,Negeri,Kec. Balla,330413,Kab. Mamasa,330400,Prov. Sulawesi Barat,330000,18,8,142,6,6,4,1,26,21 Apr 2026 09:00:49,67AC884733DC66712B75
SMA KRISTEN ETHNOS,70051341,SMA,Swasta,Kec. Balla,330413,Kab. Mamasa,330400,Prov. Sulawesi Barat,330000,9,3,109,4,7,1,1,47,30 Apr 2026 08:28:49,009C6BD7AFEE20D9DAA3
SMKS ADSKAR BALLA,40604651,SMK,Swasta,Kec. Balla,330413,Kab. Mamasa,330400,Prov. Sulawesi Barat,330000,6,5,95,5,7,1,1,23,29 Apr 2026 12:22:52,052964907972ED158054
SD NEGERI 007 TANDIALLO,40602628,SD,Negeri,Kec. Nosu,330411,Kab. Mamasa,330400,Prov. Sulawesi Barat,330000,9,2,61,6,6,0,0,13,29 Apr 2026 06:19:54,33E08DF708A2FBFCEC88
SD NEGERI 012 RATTE,69787973,SD,Negeri,Kec. Nosu,330411,Kab. Mamasa,330400,Prov. Sulawesi Barat,330000,10,2,52,6,3,0,0,21,22 Apr 2026 16:11:50,572486696156CDCC5394
SDK 008 MIARANG,40602635,SD,Negeri,Kec. Nosu,330411,Kab. Mamasa,330400,Prov. Sulawesi Barat,330000,7,2,16,6,3,0,0,11,12 Mar 2026 18:27:37,1E2060C333613AB2BBC6
SDK 009 KANAN SIWI,40605545,SD,Negeri,Kec. Nosu,330411,Kab. Mamasa,330400,Prov. Sulawesi Barat,330000,10,4,19,6,2,0,0,36,14 Apr 2026 19:31:04,0335B020C955331D3AD5
SDK 011 PARINDING,69787975,SD,Negeri,Kec. Nosu,330411,Kab. Mamasa,330400,Prov. Sulawesi Barat,330000,7,2,36,6,4,0,0,24,04 Feb 2026 14:32:37,DD7ED16AA96EF05D51FB
SDK 012 BOTTIK,69787977,SD,Negeri,Kec. Nosu,330411,Kab. Mamasa,330400,Prov. Sulawesi Barat,330000,7,0,26,6,3,0,0,66,30 Mar 2026 17:04:06,7F8F97AE5AC6370162C3
SDN 001 NOSU,40601081,SD,Negeri,Kec. Nosu,330411,Kab. Mamasa,330400,Prov. Sulawesi Barat,330000,9,3,19,6,6,0,1,56,15 Apr 2026 12:43:17,6B0E11FAE4C2C116D046
SDN 002 MASEWE,40601150,SD,Negeri,Kec. Nosu,330411,Kab. Mamasa,330400,Prov. Sulawesi Barat,330000,11,0,93,6,7,0,0,15,22 Apr 2026 16:30:32,61623BB30E61E80C874E
SDN 003 NOSU,40601094,SD,Negeri,Kec. Nosu,330411,Kab. Mamasa,330400,Prov. Sulawesi Barat,330000,10,4,66,6,6,0,1,7,04 Mar 2026 17:55:35,98964D89098D64E3367E
SDN 004 BATUPAPAN,40601093,SD,Negeri,Kec. Nosu,330411,Kab. Mamasa,330400,Prov. Sulawesi Barat,330000,11,4,74,6,6,0,1,14,29 Apr 2026 06:52:02,41E88A44B51C5BA2DB70
SDN 005 LEKKONG,40601092,SD,Negeri,Kec. Nosu,330411,Kab. Mamasa,330400,Prov. Sulawesi Barat,330000,8,1,20,6,6,0,1,23,09 Apr 2026 07:25:21,C78152389E6FF400268C
SDN 006 RANDELANGI,40601099,SD,Negeri,Kec. Nosu,330411,Kab. Mamasa,330400,Prov. Sulawesi Barat,330000,7,12,27,6,6,0,0,3,23 Jan 2026 21:14:26,C17196AE1B2C51CA70B9
SMP NEGERI 1 NOSU,40601033,SMP,Negeri,Kec. Nosu,330411,Kab. Mamasa,330400,Prov. Sulawesi Barat,330000,15,10,139,6,9,2,0,56,30 Apr 2026 15:49:45,0C387F8B6B9660ED2841
SMP Negeri 2 Nosu,40605158,SMP,Negeri,Kec. Nosu,330411,Kab. Mamasa,330400,Prov. Sulawesi Barat,330000,11,9,66,3,4,1,2,35,05 Mar 2026 19:16:30,0BBD00B531ED03506835
SMPN 3 SATAP NOSU,69922864,SMP,Negeri,Kec. Nosu,330411,Kab. Mamasa,330400,Prov. Sulawesi Barat,330000,13,2,55,3,3,0,0,60,16 Apr 2026 11:07:34,0146A62C1A655F78F9D9
UPTD SMA NEGERI MASEWE,69954843,SMA,Negeri,Kec. Nosu,330411,Kab. Mamasa,330400,Prov. Sulawesi Barat,330000,22,9,76,5,9,3,1,14,15 Apr 2026 20:28:18,A23DA4F102FFE427E442
UPTD SMAN 1 NOSU,40601055,SMA,Negeri,Kec. Nosu,330411,Kab. Mamasa,330400,Prov. Sulawesi Barat,330000,26,8,217,9,10,4,1,23,29 Apr 2026 12:06:14,AC6048EC4CC8783E5645
SD INP TASIU II,40600421,SD,Negeri,Kec. Kalukku,330103,Kab. Mamuju,330100,Prov. Sulawesi Barat,330000,12,3,157,8,7,1,1,28,21 Apr 2026 11:01:22,5D242021207A4AD1CBFD
SD INPRES AHUNI,40600395,SD,Negeri,Kec. Kalukku,330103,Kab. Mamuju,330100,Prov. Sulawesi Barat,330000,11,1,153,8,7,0,1,15,06 Apr 2026 20:03:08,6065574263D580594581
SD INPRES BAKENGKENG,40600362,SD,Negeri,Kec. Kalukku,330103,Kab. Mamuju,330100,Prov. Sulawesi Barat,330000,11,3,159,6,6,1,1,14,27 Apr 2026 19:17:12,188983AE6043BA028168
SD INPRES BERU-BERU,40600334,SD,Negeri,Kec. Kalukku,330103,Kab. Mamuju,330100,Prov. Sulawesi Barat,330000,14,4,233,11,8,0,1,9,20 Apr 2026 03:54:32,31B07EEC4FD113691853
SD INPRES GENTUNGAN,40600315,SD,Negeri,Kec. Kalukku,330103,Kab. Mamuju,330100,Prov. Sulawesi Barat,330000,8,5,161,6,6,0,1,28,02 May 2026 09:04:06,13B27E2F108C509835EF
SD INPRES LENGKE,40600349,SD,Negeri,Kec. Kalukku,330103,Kab. Mamuju,330100,Prov. Sulawesi Barat,330000,10,0,84,6,6,0,1,13,01 May 2026 17:41:49,3B4AC109D193D2F5AC91
SD INPRES LOMBANG-LOMBANG,40600339,SD,Negeri,Kec. Kalukku,330103,Kab. Mamuju,330100,Prov. Sulawesi Barat,330000,17,4,297,13,13,0,1,33,02 May 2026 08:25:09,4928CADA013DEA962C88
SD INPRES MALOLO,40600343,SD,Negeri,Kec. Kalukku,330103,Kab. Mamuju,330100,Prov. Sulawesi Barat,330000,12,1,106,6,6,0,1,14,26 Apr 2026 09:59:35,B30790AE84E84B4B70F9
SD INPRES PURE,40600489,SD,Negeri,Kec. Kalukku,330103,Kab. Mamuju,330100,Prov. Sulawesi Barat,330000,13,6,187,9,10,0,1,23,09 Apr 2026 19:52:34,F8318CD75A3FEE548796
SD INPRES SALUKAHA,40604284,SD,Negeri,Kec. Kalukku,330103,Kab. Mamuju,330100,Prov. Sulawesi Barat,330000,9,3,116,6,6,0,1,36,23 Apr 2026 07:37:59,7A583DD951A00AF6B731
SD INPRES TAMPAPADANG,40600414,SD,Negeri,Kec. Kalukku,330103,Kab. Mamuju,330100,Prov. Sulawesi Barat,330000,19,4,259,12,12,0,1,39,27 Apr 2026 21:08:50,B17EF42267BBFAE8FA3D
SD INPRES TASIU I,40600420,SD,Negeri,Kec. Kalukku,330103,Kab. Mamuju,330100,Prov. Sulawesi Barat,330000,21,5,343,15,16,0,1,32,30 Apr 2026 10:48:12,B9F1752E734CD9C0B2E5
SD NEG. GALUNG,40600177,SD,Negeri,Kec. Kalukku,330103,Kab. Mamuju,330100,Prov. Sulawesi Barat,330000,8,3,68,6,6,0,1,8,03 Mar 2026 03:07:49,EEF887658F614FF8471D
SD NEGERI BABALALANG,40600441,SD,Negeri,Kec. Kalukku,330103,Kab. Mamuju,330100,Prov. Sulawesi Barat,330000,9,2,139,6,6,0,1,9,24 Apr 2026 15:14:20,84D67CC0948960437B98
SD NEGERI BALATEDONG,40600442,SD,Negeri,Kec. Kalukku,330103,Kab. Mamuju,330100,Prov. Sulawesi Barat,330000,9,3,111,6,6,0,1,11,29 Apr 2026 14:12:30,88318C66457D9467606C
SD NEGERI BARANG BARANG,40604299,SD,Negeri,Kec. Kalukku,330103,Kab. Mamuju,330100,Prov. Sulawesi Barat,330000,9,7,147,6,6,0,0,8,12 Apr 2026 20:53:22,088A70F8F9B481112FED
SD NEGERI GALUNG LEMO,40600178,SD,Negeri,Kec. Kalukku,330103,Kab. Mamuju,330100,Prov. Sulawesi Barat,330000,10,2,141,6,6,1,1,12,27 Mar 2026 11:28:02,EBD10F63969B7148247E
SD NEGERI KABULOANG,40600183,SD,Negeri,Kec. Kalukku,330103,Kab. Mamuju,330100,Prov. Sulawesi Barat,330000,11,7,168,9,9,0,1,13,30 Apr 2026 09:08:16,3F5AE6A6D3109588F058
SD NEGERI KALUKKU,40600186,SD,Negeri,Kec. Kalukku,330103,Kab. Mamuju,330100,Prov. Sulawesi Barat,330000,8,1,124,6,7,0,1,11,03 Apr 2026 05:37:25,942CE4EDF77802C596E0
SD NEGERI KAMP. BARU,40600163,SD,Negeri,Kec. Kalukku,330103,Kab. Mamuju,330100,Prov. Sulawesi Barat,330000,11,5,221,8,7,0,2,36,02 Apr 2026 13:19:45,71A18E602F0ACB0A541B
SD Negeri Kanang-Kanang,40600200,SD,Negeri,Kec. Kalukku,330103,Kab. Mamuju,330100,Prov. Sulawesi Barat,330000,9,1,66,6,6,0,0,14,01 May 2026 23:20:43,78F56EDF53B3ADFDF3D8
SD NEGERI KASSA,40605427,SD,Negeri,Kec. Kalukku,330103,Kab. Mamuju,330100,Prov. Sulawesi Barat,330000,9,3,98,6,6,0,0,5,30 Mar 2026 22:00:15,D57A8F5AD5B978453487
SD NEGERI KAYULUNE,40600203,SD,Negeri,Kec. Kalukku,330103,Kab. Mamuju,330100,Prov. Sulawesi Barat,330000,10,1,112,6,6,0,1,23,30 Apr 2026 21:59:55,781BB2CA08E951D5C41A
SD NEGERI LABUANG,40604719,SD,Negeri,Kec. Kalukku,330103,Kab. Mamuju,330100,Prov. Sulawesi Barat,330000,10,2,148,6,6,0,1,6,11 Apr 2026 09:26:45,431BCCEE2B7097106BC2
SD NEGERI PAMULUKANG,40600187,SD,Negeri,Kec. Kalukku,330103,Kab. Mamuju,330100,Prov. Sulawesi Barat,330000,11,2,114,6,6,0,2,18,05 Mar 2026 23:13:00,59F75C4FE22DB72EF850
SD NEGERI PANAMBA,40600278,SD,Negeri,Kec. Kalukku,330103,Kab. Mamuju,330100,Prov. Sulawesi Barat,330000,18,1,277,13,9,0,1,19,27 Apr 2026 19:57:10,8559D379167AFB2C7D9C
SD NEGERI PANAO,40604558,SD,Negeri,Kec. Kalukku,330103,Kab. Mamuju,330100,Prov. Sulawesi Barat,330000,9,1,103,6,5,1,1,42,30 Apr 2026 15:13:11,32CDB4179B140EDF72CF
SD NEGERI PEUWEAN,40604298,SD,Negeri,Kec. Kalukku,330103,Kab. Mamuju,330100,Prov. Sulawesi Barat,330000,7,2,29,6,5,0,0,16,01 May 2026 21:22:45,C02E2B91A0A488D95BCE
SD NEGERI RANTEDANGO,40600265,SD,Negeri,Kec. Kalukku,330103,Kab. Mamuju,330100,Prov. Sulawesi Barat,330000,10,2,138,7,7,0,0,37,22 Apr 2026 19:21:31,F57E2FFD4CAA6BCEC1E0
SD NEGERI REA,40600268,SD,Negeri,Kec. Kalukku,330103,Kab. Mamuju,330100,Prov. Sulawesi Barat,330000,8,2,115,6,6,0,1,11,20 Apr 2026 08:43:12,BF5C7C74D7F2A26165C2
SD NEGERI SALUPOMPONG,40600300,SD,Negeri,Kec. Kalukku,330103,Kab. Mamuju,330100,Prov. Sulawesi Barat,330000,9,4,111,6,6,0,1,8,05 Mar 2026 14:14:28,22E86C2ED2A76D9E71B1
SD NEGERI SAMAK,69930680,SD,Negeri,Kec. Kalukku,330103,Kab. Mamuju,330100,Prov. Sulawesi Barat,330000,8,2,64,6,6,0,0,16,02 Apr 2026 18:14:58,B46401D1832988B7D177
SD NEGERI SAMPAKARA,40600132,SD,Negeri,Kec. Kalukku,330103,Kab. Mamuju,330100,Prov. Sulawesi Barat,330000,10,2,132,6,6,1,1,14,01 May 2026 18:43:03,7ED1DB8F8488FF3E2029
SD NEGERI SAMPOANG,40600301,SD,Negeri,Kec. Kalukku,330103,Kab. Mamuju,330100,Prov. Sulawesi Barat,330000,13,1,89,6,6,0,1,4,09 Apr 2026 16:28:38,BF37424EDC3E7D6BC6D2
SD NEGERI SAPPALA,40604311,SD,Negeri,Kec. Kalukku,330103,Kab. Mamuju,330100,Prov. Sulawesi Barat,330000,9,2,75,6,6,0,1,11,16 Apr 2026 16:20:23,EBE9527F9F38F48ECC78
SD NEGERI TALABA,40600104,SD,Negeri,Kec. Kalukku,330103,Kab. Mamuju,330100,Prov. Sulawesi Barat,330000,8,1,109,6,6,1,0,6,27 Mar 2026 16:07:42,BE4E93942AABE3874CFC
SD NEGERI TAMPA LAMBAGU,40600109,SD,Negeri,Kec. Kalukku,330103,Kab. Mamuju,330100,Prov. Sulawesi Barat,330000,9,4,70,6,6,0,1,13,07 Mar 2026 19:28:12,381D73E2819D1B64650F
SD NEGERI TAPPARANG,40600135,SD,Negeri,Kec. Kalukku,330103,Kab. Mamuju,330100,Prov. Sulawesi Barat,330000,17,1,209,10,8,0,1,44,23 Apr 2026 08:36:52,3A63ABE5DF4C5EB7E654
SD Negeri Transmigrasi Marano,40605485,SD,Negeri,Kec. Kalukku,330103,Kab. Mamuju,330100,Prov. Sulawesi Barat,330000,7,3,27,6,6,0,0,95,12 Apr 2026 16:15:02,8318B8A87DAB3C380C5F
SD NEGERI UHAIMATE,40600296,SD,Negeri,Kec. Kalukku,330103,Kab. Mamuju,330100,Prov. Sulawesi Barat,330000,7,3,58,6,6,0,1,26,28 Apr 2026 21:21:07,EAB685608791501403BC
SD.INP.Belang-Belang,40600330,SD,Negeri,Kec. Kalukku,330103,Kab. Mamuju,330100,Prov. Sulawesi Barat,330000,10,7,161,8,12,0,1,11,01 May 2026 10:06:42,F0AF6DDB4E44116AAF2D
SD.INP.Lekbeng,40600350,SD,Negeri,Kec. Kalukku,330103,Kab. Mamuju,330100,Prov. Sulawesi Barat,330000,12,5,144,7,9,0,1,22,24 Apr 2026 13:46:06,5CA85D9241C6216AD8DD
SD.INP.Manaiman,40600346,SD,Negeri,Kec. Kalukku,330103,Kab. Mamuju,330100,Prov. Sulawesi Barat,330000,13,4,202,10,6,0,1,13,25 Apr 2026 13:10:23,B781977679CFD5152C52
SDN Rumbia Apo,40600149,SD,Negeri,Kec. Kalukku,330103,Kab. Mamuju,330100,Prov. Sulawesi Barat,330000,10,2,70,6,6,0,0,11,03 Apr 2026 00:59:16,303DB8E6AEE851508EC1
SDN. Kalilung,40605254,SD,Negeri,Kec. Kalukku,330103,Kab. Mamuju,330100,Prov. Sulawesi Barat,330000,8,3,50,6,6,0,0,19,23 Apr 2026 09:54:42,EC36673D3F0CD7F7E59E
SDN. Kaluku-Luku,69774900,SD,Negeri,Kec. Kalukku,330103,Kab. Mamuju,330100,Prov. Sulawesi Barat,330000,7,2,17,6,2,0,0,15,06 Mar 2026 06:00:10,27F20D1B3EFAD103CC92
SDN. Kassa Utama,40605256,SD,Negeri,Kec. Kalukku,330103,Kab. Mamuju,330100,Prov. Sulawesi Barat,330000,4,1,14,6,6,0,0,18,05 Mar 2026 20:03:11,C4E96BA0B7E0568471DC
SDN. Kombiling,69774901,SD,Negeri,Kec. Kalukku,330103,Kab. Mamuju,330100,Prov. Sulawesi Barat,330000,7,4,118,6,6,0,1,10,17 Apr 2026 22:00:03,9C2E87259B683C6060C5
SDN. Kona Kaiyang,40605257,SD,Negeri,Kec. Kalukku,330103,Kab. Mamuju,330100,Prov. Sulawesi Barat,330000,8,3,38,6,6,0,0,18,05 Apr 2026 13:54:03,F0BF4B898961B3A774C0
SDN. Palado,40605261,SD,Negeri,Kec. Kalukku,330103,Kab. Mamuju,330100,Prov. Sulawesi Barat,330000,3,1,11,5,3,0,1,12,16 Apr 2026 22:43:15,2FB6FE1F6084F08CECEE
SDN. Pambutungan,40605262,SD,Negeri,Kec. Kalukku,330103,Kab. Mamuju,330100,Prov. Sulawesi Barat,330000,10,4,63,6,6,0,1,14,08 Apr 2026 13:38:49,B9D93F4B7E82EBD2C821
SDN. TABELO,69830627,SD,Negeri,Kec. Kalukku,330103,Kab. Mamuju,330100,Prov. Sulawesi Barat,330000,10,0,9,5,3,0,0,19,04 Mar 2026 20:59:40,5D09AA4B681E6B3B8D33
SDN. Taboko Pure Timur,40605332,SD,Negeri,Kec. Kalukku,330103,Kab. Mamuju,330100,Prov. Sulawesi Barat,330000,11,1,48,6,6,0,1,12,28 Apr 2026 13:44:37,314917AE984315C0191D
SDN. Talaki,40605446,SD,Negeri,Kec. Kalukku,330103,Kab. Mamuju,330100,Prov. Sulawesi Barat,330000,7,1,89,6,3,0,0,23,05 Mar 2026 20:11:56,14B4A59FF4D2B349871E
SDN. Tobanga,40605447,SD,Negeri,Kec. Kalukku,330103,Kab. Mamuju,330100,Prov. Sulawesi Barat,330000,5,1,12,4,3,0,0,28,28 Jan 2026 08:14:29,663B5715BC1239E0FB8D
SDN.. Puncak Indah,40605436,SD,Negeri,Kec. Kalukku,330103,Kab. Mamuju,330100,Prov. Sulawesi Barat,330000,7,3,43,6,6,0,0,14,01 May 2026 21:37:37,B8E0C694863487755B03
SDN.Keang,40604325,SD,Negeri,Kec. Kalukku,330103,Kab. Mamuju,330100,Prov. Sulawesi Barat,330000,13,4,173,9,8,0,1,20,13 Apr 2026 07:38:40,7CD3860CF32FF13E861E
Sekolah Rakyat Dasar Terintegrasi 72 Mamuju,70058872,SD,Negeri,Kec. Kalukku,330103,Kab. Mamuju,330100,Prov. Sulawesi Barat,330000,2,0,43,4,2,2,1,39,28 Apr 2026 06:34:58,12A621D27849D18B7A5D
Sekolah Rakyat Menengah Pertama Terintegrasi 21 Mamuju,70055502,SMP,Negeri,Kec. Kalukku,330103,Kab. Mamuju,330100,Prov. Sulawesi Barat,330000,3,0,49,2,4,2,1,12,22 Apr 2026 17:26:27,3D9C8B23B7ED9BB19C75
Sekolah Rakyat Menengah Pertama Terintegrasi 72 Mamuju,70058873,SMP,Negeri,Kec. Kalukku,330103,Kab. Mamuju,330100,Prov. Sulawesi Barat,330000,10,1,48,3,2,2,1,40,22 Apr 2026 08:09:17,E8129A1B4B307B78A2F8
SMP NEGERI 1 KALUKKU,40600251,SMP,Negeri,Kec. Kalukku,330103,Kab. Mamuju,330100,Prov. Sulawesi Barat,330000,35,10,557,20,30,1,2,42,28 Apr 2026 12:55:03,1C26AE3E98EDA5CE5605
SMP NEGERI 2 KALUKKU,40600242,SMP,Negeri,Kec. Kalukku,330103,Kab. Mamuju,330100,Prov. Sulawesi Barat,330000,24,10,358,13,16,2,1,20,15 Apr 2026 11:02:16,19AFB419FD7C8A1A99C2
SMP NEGERI 3 KALUKKU,40600245,SMP,Negeri,Kec. Kalukku,330103,Kab. Mamuju,330100,Prov. Sulawesi Barat,330000,20,14,235,9,12,2,1,1,23 Apr 2026 10:14:49,9B7CD3C9728B9D4FD3C1
SMP NEGERI 4 KALUKKU,40604826,SMP,Negeri,Kec. Kalukku,330103,Kab. Mamuju,330100,Prov. Sulawesi Barat,330000,9,5,69,3,3,0,0,16,07 Mar 2026 18:43:57,AC0A1C06FB6C58EB3607
SMP NEGERI 5 KALUKKU,69859688,SMP,Negeri,Kec. Kalukku,330103,Kab. Mamuju,330100,Prov. Sulawesi Barat,330000,12,6,170,6,9,1,0,13,02 Apr 2026 08:15:33,8C2DA853C2E229CE3FD3
SMPN 7 KALUKKU,69774906,SMP,Negeri,Kec. Kalukku,330103,Kab. Mamuju,330100,Prov. Sulawesi Barat,330000,8,2,25,3,4,0,1,12,28 Apr 2026 10:30:51,53C6CA95EEE84FBC549F
SMPN NEGERI 6 KALUKKU,60728415,SMP,Negeri,Kec. Kalukku,330103,Kab. Mamuju,330100,Prov. Sulawesi Barat,330000,22,8,246,9,10,2,1,33,01 May 2026 16:11:56,D1676AD0BF57B04F2D34
SMP S BUDI MULYA TASIU,40600213,SMP,Swasta,Kec. Kalukku,330103,Kab. Mamuju,330100,Prov. Sulawesi Barat,330000,14,2,269,9,12,2,1,43,01 May 2026 15:22:44,6C1AD2EA81695823C240
Sekolah Rakyat Menengah Atas Terintegrasi 21 Mamuju,70055503,SMA,Negeri,Kec. Kalukku,330103,Kab. Mamuju,330100,Prov. Sulawesi Barat,330000,10,5,49,2,4,2,1,24,13 Apr 2026 12:23:40,23F7D04931643C010A87
UPTD SMAN 1 KALUKKU,40600226,SMA,Negeri,Kec. Kalukku,330103,Kab. Mamuju,330100,Prov. Sulawesi Barat,330000,67,19,1159,34,35,4,1,71,25 Apr 2026 18:18:44,A293C0B2F7273372B986
UPTD SMAN 2 KALUKKU,40605302,SMA,Negeri,Kec. Kalukku,330103,Kab. Mamuju,330100,Prov. Sulawesi Barat,330000,25,14,287,10,12,4,1,83,16 Apr 2026 11:42:49,EA398A0A443966D0CC02
UPTD SMAN 3 KALUKKU,69830629,SMA,Negeri,Kec. Kalukku,330103,Kab. Mamuju,330100,Prov. Sulawesi Barat,330000,15,7,149,6,9,6,1,52,22 Apr 2026 07:37:13,0E2DAFC4ABB189C79697
SMAS BUDI MULIA,40600210,SMA,Swasta,Kec. Kalukku,330103,Kab. Mamuju,330100,Prov. Sulawesi Barat,330000,0,0,59,3,9,2,1,11,30 Apr 2026 23:46:57,E06203D802792AD57BE6
SMAS Darul Ilmi Sampoang,69965180,SMA,Swasta,Kec. Kalukku,330103,Kab. Mamuju,330100,Prov. Sulawesi Barat,330000,13,2,65,3,3,1,0,12,20 Apr 2026 07:11:22,2E4BE679792D6D966B78
UPTD SMK NEGERI SULBAR,69931900,SMK,Negeri,Kec. Kalukku,330103,Kab. Mamuju,330100,Prov. Sulawesi Barat,330000,22,6,127,7,10,3,1,39,27 Apr 2026 07:50:47,48831EA319DAC85A31DE
SMK NURUL MUKMININ KALUKKU,69950249,SMK,Swasta,Kec. Kalukku,330103,Kab. Mamuju,330100,Prov. Sulawesi Barat,330000,11,5,53,4,6,5,1,32,17 Apr 2026 09:22:16,784FBB31CA572647FC36
SMKS BINA BAKTI,69774922,SMK,Swasta,Kec. Kalukku,330103,Kab. Mamuju,330100,Prov. Sulawesi Barat,330000,7,6,52,3,3,3,1,13,02 Apr 2026 20:21:32,7CD2D03022307F59892A
SMKS BUDI MULYA KALUKKU,40604360,SMK,Swasta,Kec. Kalukku,330103,Kab. Mamuju,330100,Prov. Sulawesi Barat,330000,8,5,51,3,11,1,1,30,25 Apr 2026 13:38:02,D29847D9D5C5DA20280F
SMKS DARUL QURAN WAL-HADITS NW,69774921,SMK,Swasta,Kec. Kalukku,330103,Kab. Mamuju,330100,Prov. Sulawesi Barat,330000,9,2,72,3,4,1,1,14,26 Apr 2026 07:23:45,C37C819DEF552333C523
SMKS PUNGGAWA MALOLO,69774915,SMK,Swasta,Kec. Kalukku,330103,Kab. Mamuju,330100,Prov. Sulawesi Barat,330000,14,5,156,7,6,1,1,14,08 Apr 2026 17:21:25,D297F2040F3573BB861A
SD INPRES BAOBATU,40600325,SD,Negeri,Kec. Mamuju,330102,Kab. Mamuju,330100,Prov. Sulawesi Barat,330000,18,5,217,11,11,0,1,42,23 Apr 2026 08:44:00,3598811B8964EEBA61F5
SD INPRES BINANGA I,40600323,SD,Negeri,Kec. Mamuju,330102,Kab. Mamuju,330100,Prov. Sulawesi Barat,330000,14,4,277,12,10,0,1,48,29 Apr 2026 17:14:41,4D312D6673A7484CC01D
SD INPRES BINANGA II,40600322,SD,Negeri,Kec. Mamuju,330102,Kab. Mamuju,330100,Prov. Sulawesi Barat,330000,19,4,222,12,6,0,1,15,29 Apr 2026 22:49:29,05DEF109CA479C65D4FD
SD INPRES BINANGA. III,40604286,SD,Negeri,Kec. Mamuju,330102,Kab. Mamuju,330100,Prov. Sulawesi Barat,330000,19,5,350,16,15,0,1,46,29 Apr 2026 12:35:21,C7E6374FA13D1AA09707
SD INPRES KARAMPUANG,40600352,SD,Negeri,Kec. Mamuju,330102,Kab. Mamuju,330100,Prov. Sulawesi Barat,330000,10,4,170,7,8,0,1,6,07 Apr 2026 21:38:03,248622DF69436EDB1AE1
SD INPRES PADANG PANGA,40600484,SD,Negeri,Kec. Mamuju,330102,Kab. Mamuju,330100,Prov. Sulawesi Barat,330000,9,5,133,6,8,1,1,17,28 Apr 2026 12:47:10,6E77F84CC8A98E3244D4
SD INPRES PUNCAK,40600488,SD,Negeri,Kec. Mamuju,330102,Kab. Mamuju,330100,Prov. Sulawesi Barat,330000,15,3,277,12,6,0,0,32,17 Apr 2026 09:10:24,11EA7E027F2BBF518C85
SD INPRES RIMUKU,40600506,SD,Negeri,Kec. Mamuju,330102,Kab. Mamuju,330100,Prov. Sulawesi Barat,330000,31,5,691,24,20,0,1,44,29 Apr 2026 09:43:22,A97C33D9A50998D55F9E
SD INPRES SALUTALAWAR,40600495,SD,Negeri,Kec. Mamuju,330102,Kab. Mamuju,330100,Prov. Sulawesi Barat,330000,10,8,156,7,7,1,1,21,02 Apr 2026 12:06:07,7B1CEB6F0CD1A4C6FE5B
SD NEGERI 1 MAMUJU,40600275,SD,Negeri,Kec. Mamuju,330102,Kab. Mamuju,330100,Prov. Sulawesi Barat,330000,32,6,702,24,24,1,1,39,30 Apr 2026 09:18:29,4C75727DB2E192BB750A
SD NEGERI 3 MAMUJU,40600146,SD,Negeri,Kec. Mamuju,330102,Kab. Mamuju,330100,Prov. Sulawesi Barat,330000,11,3,159,7,7,1,1,21,06 Mar 2026 22:15:29,98957FB39EF0E07F8F91
SD NEGERI 5 MAMUJU,40600262,SD,Negeri,Kec. Mamuju,330102,Kab. Mamuju,330100,Prov. Sulawesi Barat,330000,12,1,163,8,9,0,0,27,02 May 2026 09:09:09,C405995A220C0E681502
SD NEGERI BAYOR-BAYOR,40600448,SD,Negeri,Kec. Mamuju,330102,Kab. Mamuju,330100,Prov. Sulawesi Barat,330000,10,1,164,7,6,0,1,27,29 Apr 2026 06:16:13,AD3C997E6C9D7C308821
SD NEGERI BONE-BONE,40600462,SD,Negeri,Kec. Mamuju,330102,Kab. Mamuju,330100,Prov. Sulawesi Barat,330000,14,6,226,10,13,0,1,14,02 May 2026 04:42:41,CED80282E4F4D86A115D
SD NEGERI INPRES TAMASAPI,40600182,SD,Negeri,Kec. Mamuju,330102,Kab. Mamuju,330100,Prov. Sulawesi Barat,330000,10,4,124,7,6,0,1,20,02 May 2026 12:26:35,D801C19A9E6E3C2C9562
SD NEGERI KARAEANG,40600164,SD,Negeri,Kec. Mamuju,330102,Kab. Mamuju,330100,Prov. Sulawesi Barat,330000,9,1,101,6,6,0,1,31,25 Apr 2026 09:03:31,63425A9FBB1859DABF7F
SD NEGERI NO. 4 MAMUJU,40600159,SD,Negeri,Kec. Mamuju,330102,Kab. Mamuju,330100,Prov. Sulawesi Barat,330000,19,2,301,12,11,1,0,34,30 Apr 2026 10:17:19,02B1FEF0D3DB29DF43E8
SD NEGERI PADANG BAKA,40600277,SD,Negeri,Kec. Mamuju,330102,Kab. Mamuju,330100,Prov. Sulawesi Barat,330000,8,6,148,6,6,1,1,20,04 Apr 2026 08:20:37,18E8A1259F44F864E118
SD NEGERI SEPANG,40600305,SD,Negeri,Kec. Mamuju,330102,Kab. Mamuju,330100,Prov. Sulawesi Barat,330000,7,1,100,6,6,0,1,11,28 Jan 2026 06:58:51,E15758D71E58A9DC0179
SD NEGERI TADUI,69867989,SD,Negeri,Kec. Mamuju,330102,Kab. Mamuju,330100,Prov. Sulawesi Barat,330000,8,1,79,6,7,0,0,1,03 Mar 2026 07:50:43,35E93F5C6DFC6F45D6DC
SDN LALAWANG,69774898,SD,Negeri,Kec. Mamuju,330102,Kab. Mamuju,330100,Prov. Sulawesi Barat,330000,10,1,66,6,6,0,0,19,25 Mar 2026 15:08:34,6FA7835CDD5495A0DF7F
SDN. ANJORO PITU,40600166,SD,Negeri,Kec. Mamuju,330102,Kab. Mamuju,330100,Prov. Sulawesi Barat,330000,7,10,67,6,6,0,0,6,06 Apr 2026 19:40:55,C21EDC6923A8DF9C3BC5
SDN. BATU PANNU,40604969,SD,Negeri,Kec. Mamuju,330102,Kab. Mamuju,330100,Prov. Sulawesi Barat,330000,9,1,27,6,6,0,0,34,19 Apr 2026 22:57:12,95188D831380FAC1846D
SDN. KURUNGAN BASSI,40600438,SD,Negeri,Kec. Mamuju,330102,Kab. Mamuju,330100,Prov. Sulawesi Barat,330000,8,1,21,6,5,0,0,6,10 Apr 2026 21:17:57,C2D642E944324C5A54CB
SDN. NO. 2 MAMUJU,40605450,SD,Negeri,Kec. Mamuju,330102,Kab. Mamuju,330100,Prov. Sulawesi Barat,330000,29,5,566,21,12,1,1,76,30 Apr 2026 15:43:37,ABDD425AA87B073EBA70
SDN. TAHAYAHAYA,40604697,SD,Negeri,Kec. Mamuju,330102,Kab. Mamuju,330100,Prov. Sulawesi Barat,330000,8,1,71,6,6,0,0,29,02 Apr 2026 11:18:48,873B91240AAA0823030E
SDN.INP. MANALISSE,40600344,SD,Negeri,Kec. Mamuju,330102,Kab. Mamuju,330100,Prov. Sulawesi Barat,330000,10,3,102,6,6,0,1,13,12 Apr 2026 20:03:18,69D54151EF7226F39130
SDN.INP. SALULAYANG,40600500,SD,Negeri,Kec. Mamuju,330102,Kab. Mamuju,330100,Prov. Sulawesi Barat,330000,8,2,122,6,7,0,1,19,29 Apr 2026 19:32:40,FC265862000303FED51B
SDN.INP. SANGKURIO,40600498,SD,Negeri,Kec. Mamuju,330102,Kab. Mamuju,330100,Prov. Sulawesi Barat,330000,9,2,71,6,6,0,0,12,08 Apr 2026 22:07:46,15954C9DDBF4F0055C21
SD INTEGRAL AL FURQAN,40605412,SD,Swasta,Kec. Mamuju,330102,Kab. Mamuju,330100,Prov. Sulawesi Barat,330000,20,3,360,15,18,0,1,74,28 Apr 2026 16:05:20,F17D1779D0E5D17FC88A
SD KATOLIK SANTA CLARA,70039025,SD,Swasta,Kec. Mamuju,330102,Kab. Mamuju,330100,Prov. Sulawesi Barat,330000,10,3,123,6,12,0,1,50,11 Apr 2026 10:27:54,33C07F974F9B2845838D
SDIT BUAHATI ISLAMIC SCHOOL 4 MAMUJU,69985879,SD,Swasta,Kec. Mamuju,330102,Kab. Mamuju,330100,Prov. Sulawesi Barat,330000,22,2,268,12,12,1,1,37,30 Apr 2026 07:16:59,66DEDDF111D7B325F6AE
SDS ISLAM TERPADU WILDAN,69788606,SD,Swasta,Kec. Mamuju,330102,Kab. Mamuju,330100,Prov. Sulawesi Barat,330000,49,5,783,32,31,0,1,25,23 Apr 2026 21:18:48,24A922D66D1E615F0683
SDS MUHAMMADIYAH MAMUJU,69830628,SD,Swasta,Kec. Mamuju,330102,Kab. Mamuju,330100,Prov. Sulawesi Barat,330000,16,1,274,12,12,0,1,29,10 Apr 2026 12:42:06,9537C25F157D835D51F6
SMP NEGERI 1 MAMUJU,40600253,SMP,Negeri,Kec. Mamuju,330102,Kab. Mamuju,330100,Prov. Sulawesi Barat,330000,32,13,573,19,22,2,1,47,24 Apr 2026 09:33:51,D5022CFFDC4E407CE42F
SMP NEGERI 2 MAMUJU,40600257,SMP,Negeri,Kec. Mamuju,330102,Kab. Mamuju,330100,Prov. Sulawesi Barat,330000,53,11,1009,33,33,2,1,42,30 Apr 2026 13:05:26,4FB874C468560F9D0236
SMP NEGERI 3 MAMUJU,40600248,SMP,Negeri,Kec. Mamuju,330102,Kab. Mamuju,330100,Prov. Sulawesi Barat,330000,22,9,371,13,14,1,1,18,02 May 2026 05:12:40,12A4A84D917411900601
SMP NEGERI 4 MAMUJU,40604694,SMP,Negeri,Kec. Mamuju,330102,Kab. Mamuju,330100,Prov. Sulawesi Barat,330000,18,8,222,8,9,1,1,89,28 Apr 2026 08:28:57,4DA6C501154B79F1657A
SMP NEGERI 6 MAMUJU,69896983,SMP,Negeri,Kec. Mamuju,330102,Kab. Mamuju,330100,Prov. Sulawesi Barat,330000,13,8,105,4,3,1,1,23,20 Apr 2026 20:42:42,5C3A020973F76247977A
SMPN 5 MAMUJU,40604638,SMP,Negeri,Kec. Mamuju,330102,Kab. Mamuju,330100,Prov. Sulawesi Barat,330000,9,6,126,6,6,2,1,45,30 Apr 2026 15:40:14,7070F0EEBE2AC7AB468F
SMP ISLAM TERPADU WILDAN,69980159,SMP,Swasta,Kec. Mamuju,330102,Kab. Mamuju,330100,Prov. Sulawesi Barat,330000,17,2,263,10,10,0,1,14,29 Apr 2026 21:22:34,BD92FC2F0A79DA07E21D
SMP MUHAMMADIYAH MAMUJU,40605454,SMP,Swasta,Kec. Mamuju,330102,Kab. Mamuju,330100,Prov. Sulawesi Barat,330000,9,2,105,5,5,2,1,12,23 Apr 2026 09:34:15,7004F083A0ACD834D12B
SMP S AL FURQAN,40605176,SMP,Swasta,Kec. Mamuju,330102,Kab. Mamuju,330100,Prov. Sulawesi Barat,330000,10,1,79,4,5,1,1,15,07 Mar 2026 20:43:10,79C7AB675BD130024D74
SMPIT BUAHATI ISLAMIC SCHOOL 3 MAMUJU,69985880,SMP,Swasta,Kec. Mamuju,330102,Kab. Mamuju,330100,Prov. Sulawesi Barat,330000,6,1,81,4,4,1,1,35,15 Apr 2026 12:12:52,025982AAD772DC187FA6
UPTD SMAN 1 MAMUJU,40600227,SMA,Negeri,Kec. Mamuju,330102,Kab. Mamuju,330100,Prov. Sulawesi Barat,330000,63,17,1253,35,35,4,1,77,25 Apr 2026 09:31:54,684E9CE827070438201C
UPTD SMAN 2 MAMUJU,40600229,SMA,Negeri,Kec. Mamuju,330102,Kab. Mamuju,330100,Prov. Sulawesi Barat,330000,51,14,884,26,31,3,1,86,30 Apr 2026 10:41:39,65DC05766C055691D655
UPTD SMAN 3 MAMUJU,40604655,SMA,Negeri,Kec. Mamuju,330102,Kab. Mamuju,330100,Prov. Sulawesi Barat,330000,22,12,193,6,12,4,1,33,28 Apr 2026 11:55:01,C1FBCD11277AC266D416
SMA MUHAMMADIYAH MAMUJU,70014908,SMA,Swasta,Kec. Mamuju,330102,Kab. Mamuju,330100,Prov. Sulawesi Barat,330000,9,2,29,3,3,0,1,12,14 Apr 2026 07:38:00,DC0609200E8651BAADFE
SMAIT BUAHATI ISLAMIC SCHOOL MAMUJU,70030608,SMA,Swasta,Kec. Mamuju,330102,Kab. Mamuju,330100,Prov. Sulawesi Barat,330000,7,4,40,3,3,0,0,38,14 Apr 2026 16:46:09,54AE8F190D5022A9B63D
SMAIT WILDAN WAHDAH ISLAMIYAH MAMUJU,70055528,SMA,Swasta,Kec. Mamuju,330102,Kab. Mamuju,330100,Prov. Sulawesi Barat,330000,8,3,35,2,2,0,0,49,24 Apr 2026 17:59:36,765C93BAFEAF09E619BB
UPTD SMK NEGERI 1 MAMUJU,69859684,SMK,Negeri,Kec. Mamuju,330102,Kab. Mamuju,330100,Prov. Sulawesi Barat,330000,58,18,809,27,28,2,1,77,02 May 2026 18:48:36,2B81292E63097B441F53
SMK MUHAMMADIYAH MAMUJU,69859685,SMK,Swasta,Kec. Mamuju,330102,Kab. Mamuju,330100,Prov. Sulawesi Barat,330000,5,2,14,3,3,0,1,4,15 Apr 2026 06:17:08,DE5BEF8701BDEF90A6D3
SMKS KEPERAWATAN ST. FATIMAH,69774917,SMK,Swasta,Kec. Mamuju,330102,Kab. Mamuju,330100,Prov. Sulawesi Barat,330000,11,6,72,4,6,0,0,49,28 Apr 2026 10:58:19,814942F71E669A8D2B72
SMKS KOMPUTER TIWIK RAMA,40600233,SMK,Swasta,Kec. Mamuju,330102,Kab. Mamuju,330100,Prov. Sulawesi Barat,330000,5,2,40,3,7,2,1,18,27 Apr 2026 08:24:39,BE8C89C31932A840704C
SMKS PELAYARAN SAMUDRA MAMUJU,40600212,SMK,Swasta,Kec. Mamuju,330102,Kab. Mamuju,330100,Prov. Sulawesi Barat,330000,8,5,66,8,3,2,1,1,30 Jan 2026 00:02:06,9AF76F8350BF37AEDD11
SD Inp. Tommo VI,40600454,SD,Negeri,Kec. Tommo,330110,Kab. Mamuju,330100,Prov. Sulawesi Barat,330000,7,1,93,6,6,0,1,25,13 Mar 2026 21:33:51,3A3C15DD17A3E98021D8
SD INPRES KABE,40600316,SD,Negeri,Kec. Tommo,330110,Kab. Mamuju,330100,Prov. Sulawesi Barat,330000,7,1,73,6,6,1,1,34,15 Mar 2026 10:47:50,5823A9D0AB6067C66F47
SD INPRES KALEPU,40600319,SD,Negeri,Kec. Tommo,330110,Kab. Mamuju,330100,Prov. Sulawesi Barat,330000,6,2,91,6,9,0,1,16,06 Apr 2026 14:50:18,1CBAEEA0325D243319F1
SD INPRES SWAKARSA TOMMO III,40600431,SD,Negeri,Kec. Tommo,330110,Kab. Mamuju,330100,Prov. Sulawesi Barat,330000,9,3,92,6,6,0,1,15,21 Apr 2026 07:44:58,DF1CF95BA6DE7D0BD585
SD INPRES SWAKARSA TOMMO V,40604544,SD,Negeri,Kec. Tommo,330110,Kab. Mamuju,330100,Prov. Sulawesi Barat,330000,11,2,94,6,6,0,1,25,30 Apr 2026 09:59:34,7274D9E84033514BCC77
SD INPRES TOMMO I,40600437,SD,Negeri,Kec. Tommo,330110,Kab. Mamuju,330100,Prov. Sulawesi Barat,330000,10,2,149,8,7,0,1,16,10 Apr 2026 07:27:17,3F1E39DC04CFB9ABC0B2
SD INPRES TOMMO II,40600451,SD,Negeri,Kec. Tommo,330110,Kab. Mamuju,330100,Prov. Sulawesi Barat,330000,9,4,131,7,6,1,1,13,17 Apr 2026 18:02:43,01A2E576AC82FA28711C
SD INPRES TOMMO III,40600452,SD,Negeri,Kec. Tommo,330110,Kab. Mamuju,330100,Prov. Sulawesi Barat,330000,9,3,101,6,6,0,1,6,05 Mar 2026 21:38:15,E97E52EB5896A1A69409
SD INPRES TOMMO IV,40600181,SD,Negeri,Kec. Tommo,330110,Kab. Mamuju,330100,Prov. Sulawesi Barat,330000,10,3,183,9,7,1,1,17,01 May 2026 12:27:22,0CBD11B704BAC96BFD70
SD INPRES TOMMO VII,40600455,SD,Negeri,Kec. Tommo,330110,Kab. Mamuju,330100,Prov. Sulawesi Barat,330000,11,3,75,6,6,0,0,17,27 Apr 2026 09:40:30,CDB257492287E7FC1AA3
SD Negeri Baitang,40605169,SD,Negeri,Kec. Tommo,330110,Kab. Mamuju,330100,Prov. Sulawesi Barat,330000,3,1,32,6,6,0,0,9,22 Apr 2026 12:38:22,D8FF1FF04D5674A238EE
SD Negeri Bualomban,40605164,SD,Negeri,Kec. Tommo,330110,Kab. Mamuju,330100,Prov. Sulawesi Barat,330000,4,0,22,6,6,0,0,17,25 Apr 2026 23:26:24,BE050040C860F4BAA323
SD Negeri Buntu Lalong,40605170,SD,Negeri,Kec. Tommo,330110,Kab. Mamuju,330100,Prov. Sulawesi Barat,330000,4,3,54,6,6,0,1,17,28 Apr 2026 20:35:56,7F65FC80174642E395DC
SD NEGERI KAMPUNG BARU,40600199,SD,Negeri,Kec. Tommo,330110,Kab. Mamuju,330100,Prov. Sulawesi Barat,330000,7,2,66,6,6,0,0,8,16 Mar 2026 17:18:25,2DB67FD300A03780FC52
SD Negeri Karondang,40605165,SD,Negeri,Kec. Tommo,330110,Kab. Mamuju,330100,Prov. Sulawesi Barat,330000,7,1,72,6,3,0,0,48,28 Apr 2026 07:43:37,AFFBCDE54CF068FC0459
SD NEGERI KILO DUA,40604326,SD,Negeri,Kec. Tommo,330110,Kab. Mamuju,330100,Prov. Sulawesi Barat,330000,7,3,98,6,7,0,0,25,29 Apr 2026 10:10:58,E03D77A269C15894E29F
SD NEGERI LELING,40600156,SD,Negeri,Kec. Tommo,330110,Kab. Mamuju,330100,Prov. Sulawesi Barat,330000,8,1,60,6,6,0,1,10,27 Apr 2026 15:56:28,4E9AA9923F3E3ECF3691
SD Negeri Lewannung,40600205,SD,Negeri,Kec. Tommo,330110,Kab. Mamuju,330100,Prov. Sulawesi Barat,330000,1,4,23,6,6,0,0,6,03 Mar 2026 03:53:00,66F2A8971226557F78FE
SD Negeri Lomban Bulo,40605168,SD,Negeri,Kec. Tommo,330110,Kab. Mamuju,330100,Prov. Sulawesi Barat,330000,6,1,89,6,6,1,0,12,24 Apr 2026 15:19:31,EBEC902F395B6FBACA8B
SD Negeri Lombanbaraba,40600206,SD,Negeri,Kec. Tommo,330110,Kab. Mamuju,330100,Prov. Sulawesi Barat,330000,6,2,70,6,6,0,0,15,30 Apr 2026 16:48:22,6ED32D79DD06C0354EE6
SD NEGERI PANTARAAN,40600281,SD,Negeri,Kec. Tommo,330110,Kab. Mamuju,330100,Prov. Sulawesi Barat,330000,8,2,65,6,6,0,1,19,25 Apr 2026 07:48:26,292AD44955C4AFF87279
SD Negeri Rante Mario,69774905,SD,Negeri,Kec. Tommo,330110,Kab. Mamuju,330100,Prov. Sulawesi Barat,330000,7,4,57,6,6,0,1,24,11 Apr 2026 21:23:19,A6B589587C02D8BC58AF
SD NEGERI SALU MONI,40600114,SD,Negeri,Kec. Tommo,330110,Kab. Mamuju,330100,Prov. Sulawesi Barat,330000,4,3,57,6,6,0,0,31,28 Apr 2026 17:31:12,DDA2158E45C3EAC567CD
SD NEGERI SALUDENGEN,40600117,SD,Negeri,Kec. Tommo,330110,Kab. Mamuju,330100,Prov. Sulawesi Barat,330000,6,3,63,6,7,0,1,17,17 Apr 2026 21:11:49,11CD8302AEC6E280A874
SD Negeri Salulassa,40600119,SD,Negeri,Kec. Tommo,330110,Kab. Mamuju,330100,Prov. Sulawesi Barat,330000,7,1,36,6,5,0,0,10,13 Apr 2026 19:18:55,DEF65A2D22EB4058B491
SD NEGERI SALUMADINGIN,40600130,SD,Negeri,Kec. Tommo,330110,Kab. Mamuju,330100,Prov. Sulawesi Barat,330000,7,1,51,6,6,0,0,26,27 Apr 2026 09:07:16,FAC2B2C303CA4D11A188
SD Negeri Salumanu,40604309,SD,Negeri,Kec. Tommo,330110,Kab. Mamuju,330100,Prov. Sulawesi Barat,330000,4,3,54,6,6,0,0,25,04 Apr 2026 10:00:36,86FE3B646A82DCF148EF
SD Negeri Salupattung,40605166,SD,Negeri,Kec. Tommo,330110,Kab. Mamuju,330100,Prov. Sulawesi Barat,330000,9,1,92,6,6,0,0,34,24 Apr 2026 08:42:56,775A086FAA52304CD591
SD Negeri Salupea,40604704,SD,Negeri,Kec. Tommo,330110,Kab. Mamuju,330100,Prov. Sulawesi Barat,330000,4,2,20,6,6,0,0,16,18 Apr 2026 11:59:39,4DC9100FC67E7E725DBB
SD NEGERI SANDANA,40600302,SD,Negeri,Kec. Tommo,330110,Kab. Mamuju,330100,Prov. Sulawesi Barat,330000,11,3,180,9,6,0,1,27,01 May 2026 11:52:44,93E71ADB89E0E137DE45
SD Negeri Sandana Baru,40600133,SD,Negeri,Kec. Tommo,330110,Kab. Mamuju,330100,Prov. Sulawesi Barat,330000,8,2,104,6,9,1,1,28,21 Apr 2026 09:36:37,87B3C82AEC5CC59D464D
SD Negeri Sukamaju,40605167,SD,Negeri,Kec. Tommo,330110,Kab. Mamuju,330100,Prov. Sulawesi Barat,330000,5,1,26,6,5,0,0,5,04 Apr 2026 11:04:50,B39BD006BA264E2E81D4
SD NEGERI TAMEMONGGA,40600108,SD,Negeri,Kec. Tommo,330110,Kab. Mamuju,330100,Prov. Sulawesi Barat,330000,7,5,33,6,6,0,0,7,24 Apr 2026 10:48:05,55B77DDA68E6D5FB729A
SD. Inp Kakulassan,40600318,SD,Negeri,Kec. Tommo,330110,Kab. Mamuju,330100,Prov. Sulawesi Barat,330000,14,4,191,10,11,0,3,15,08 Apr 2026 06:38:28,861EF5EB6EE4620721D0
SD. Inp Salumanarang,40600490,SD,Negeri,Kec. Tommo,330110,Kab. Mamuju,330100,Prov. Sulawesi Barat,330000,7,1,30,6,6,0,0,20,04 Apr 2026 10:08:16,A3853DE2060EB6671CAD
SD. Inp Tommo V,40600453,SD,Negeri,Kec. Tommo,330110,Kab. Mamuju,330100,Prov. Sulawesi Barat,330000,11,4,173,7,10,0,1,8,08 Apr 2026 20:13:59,9ABF44FEDA4439DF8F73
SMP N 2 TOMMO,40600244,SMP,Negeri,Kec. Tommo,330110,Kab. Mamuju,330100,Prov. Sulawesi Barat,330000,14,4,276,9,10,1,1,17,07 Apr 2026 07:03:21,C3AC88BDBF58C2CC3C54
SMP NEGERI 1 TOMMO,40600249,SMP,Negeri,Kec. Tommo,330110,Kab. Mamuju,330100,Prov. Sulawesi Barat,330000,16,4,155,6,9,2,1,30,25 Apr 2026 07:22:49,971C9959D0EC41071B87
SMP NEGERI 3 TOMMO,40604640,SMP,Negeri,Kec. Tommo,330110,Kab. Mamuju,330100,Prov. Sulawesi Barat,330000,12,5,204,8,8,1,1,17,29 Apr 2026 09:37:49,2AC9699D2C640F14F802
SMPN 4 TOMMO,40604504,SMP,Negeri,Kec. Tommo,330110,Kab. Mamuju,330100,Prov. Sulawesi Barat,330000,16,1,118,6,6,1,1,27,14 Apr 2026 03:57:49,E4C0EF135FAB78E0ABC9
SMPN 5 Tommo,40605177,SMP,Negeri,Kec. Tommo,330110,Kab. Mamuju,330100,Prov. Sulawesi Barat,330000,10,2,82,3,5,1,1,16,21 Apr 2026 10:12:40,5F0F9C23C4BEAF4BD70D
SMPN 6 Tommo,40605293,SMP,Negeri,Kec. Tommo,330110,Kab. Mamuju,330100,Prov. Sulawesi Barat,330000,7,2,52,3,6,1,0,9,18 Apr 2026 22:34:33,2632A163B4FE11D7065F
SMPN 7 Tommo,40605503,SMP,Negeri,Kec. Tommo,330110,Kab. Mamuju,330100,Prov. Sulawesi Barat,330000,9,3,103,5,3,1,1,35,06 Mar 2026 09:12:46,9896B1939CC3BCDEC807
SMPN 8 Tommo,60728407,SMP,Negeri,Kec. Tommo,330110,Kab. Mamuju,330100,Prov. Sulawesi Barat,330000,7,2,54,3,4,1,1,33,27 Apr 2026 09:43:02,22BF01C427BA9A258397
UPTD SMAN 1 TOMMO,40604642,SMA,Negeri,Kec. Tommo,330110,Kab. Mamuju,330100,Prov. Sulawesi Barat,330000,17,1,248,9,12,5,1,30,01 May 2026 20:03:30,C869616439CDE536619A
UPTD SMAN 2 TOMMO,69774910,SMA,Negeri,Kec. Tommo,330110,Kab. Mamuju,330100,Prov. Sulawesi Barat,330000,14,3,109,4,6,4,1,27,30 Apr 2026 10:19:07,B2B37E2986266CE0E63F
UPTD SMK NEGERI 1 TOMMO,69774912,SMK,Negeri,Kec. Tommo,330110,Kab. Mamuju,330100,Prov. Sulawesi Barat,330000,12,5,95,7,7,4,1,44,29 Apr 2026 09:41:55,053F8F1B32269F4BAB44
SMKS TRANS PRIMA TOMMO,69774918,SMK,Swasta,Kec. Tommo,330110,Kab. Mamuju,330100,Prov. Sulawesi Barat,330000,1,3,10,2,2,0,1,5,23 Jan 2026 15:19:26,5D12923BFB552E802923
SD INP. TAMPA PANGALE Kec. Simboro,40600413,SD,Negeri,Kec. Simboro,330115,Kab. Mamuju,330100,Prov. Sulawesi Barat,330000,7,2,73,6,6,0,0,22,06 Mar 2026 22:41:48,ACE0EFF2FD47A2128578
SD INP. TAPANDULLU Kec. Simboro,40600417,SD,Negeri,Kec. Simboro,330115,Kab. Mamuju,330100,Prov. Sulawesi Barat,330000,8,3,74,6,6,0,1,11,25 Feb 2026 15:40:14,91570F2C14D0F64A712B
SD INPRES KAREMA,40600353,SD,Negeri,Kec. Simboro,330115,Kab. Mamuju,330100,Prov. Sulawesi Barat,330000,30,6,618,23,12,1,1,110,29 Apr 2026 11:45:16,34D7CC6A45FA7DC69EFB
SD INPRES PASADA,40600466,SD,Negeri,Kec. Simboro,330115,Kab. Mamuju,330100,Prov. Sulawesi Barat,330000,7,5,135,6,3,0,0,5,25 Jan 2026 01:25:36,4AE4795C3904EB7DD66D
SD INPRES RANGAS,40600504,SD,Negeri,Kec. Simboro,330115,Kab. Mamuju,330100,Prov. Sulawesi Barat,330000,13,5,193,9,9,1,1,17,24 Apr 2026 09:39:05,89F133D62AFC0D8A9415
SD INPRES SALLETO,40600507,SD,Negeri,Kec. Simboro,330115,Kab. Mamuju,330100,Prov. Sulawesi Barat,330000,7,7,172,6,9,1,1,9,04 Apr 2026 17:38:42,015BDA7CFCFFE502AE18
SD INPRES SALUPANGI,40600492,SD,Negeri,Kec. Simboro,330115,Kab. Mamuju,330100,Prov. Sulawesi Barat,330000,9,2,146,6,5,0,1,49,08 Apr 2026 10:28:55,425C03043EDD71EC24A7
SD INPRES SIMBORO,40600425,SD,Negeri,Kec. Simboro,330115,Kab. Mamuju,330100,Prov. Sulawesi Barat,330000,18,3,257,12,12,0,2,23,14 Apr 2026 09:37:23,DA8D62A5867BDADAC88B
SD INPRES SUMARE,40600428,SD,Negeri,Kec. Simboro,330115,Kab. Mamuju,330100,Prov. Sulawesi Barat,330000,11,5,212,8,8,0,1,7,03 Apr 2026 04:35:56,636E857CD0CA7008DD00
SD INPRES TALUDU,40600424,SD,Negeri,Kec. Simboro,330115,Kab. Mamuju,330100,Prov. Sulawesi Barat,330000,14,5,253,11,9,1,0,30,14 Apr 2026 12:15:23,D08FDE466E4BA625C32C
SD NEGERI  PAHLAWAN,40600198,SD,Negeri,Kec. Simboro,330115,Kab. Mamuju,330100,Prov. Sulawesi Barat,330000,9,2,78,6,5,0,0,15,28 Apr 2026 18:59:58,7E888DC15E51A6BB9C81
SD NEGERI  SALUNANGKA,40600131,SD,Negeri,Kec. Simboro,330115,Kab. Mamuju,330100,Prov. Sulawesi Barat,330000,7,3,56,6,6,0,0,17,09 Apr 2026 21:08:11,D486F0292740E0B246AB
SD NEGERI  TAMBAYAKO,40600106,SD,Negeri,Kec. Simboro,330115,Kab. Mamuju,330100,Prov. Sulawesi Barat,330000,16,4,218,11,9,1,1,23,15 Apr 2026 08:06:12,BA42F6D76A80A940F1B7
SD NEGERI BULU TAKKANG,40600175,SD,Negeri,Kec. Simboro,330115,Kab. Mamuju,330100,Prov. Sulawesi Barat,330000,8,3,93,6,6,0,1,14,18 Feb 2026 14:57:35,CA0358D5411368FE0DFC
SD NEGERI GANNO,40600179,SD,Negeri,Kec. Simboro,330115,Kab. Mamuju,330100,Prov. Sulawesi Barat,330000,9,4,145,6,6,0,1,23,07 Apr 2026 14:10:50,EA9B69FDE209FDEB8036
SD Negeri KASSA,40604970,SD,Negeri,Kec. Simboro,330115,Kab. Mamuju,330100,Prov. Sulawesi Barat,330000,8,5,29,6,6,0,0,11,27 Feb 2026 19:16:21,3423329D05F8BD79AE48
SD Negeri LIMBONG BASSI Kec. Simboro,40604303,SD,Negeri,Kec. Simboro,330115,Kab. Mamuju,330100,Prov. Sulawesi Barat,330000,7,4,52,6,3,0,0,7,21 Feb 2026 21:49:24,BB35CE75D1EBABB163E6
SD NEGERI MALAUWA,69883426,SD,Negeri,Kec. Simboro,330115,Kab. Mamuju,330100,Prov. Sulawesi Barat,330000,9,5,28,6,6,0,0,17,16 Apr 2026 15:14:32,1A78869B8A7BA5419A99
SD Negeri MOLLO,40605431,SD,Negeri,Kec. Simboro,330115,Kab. Mamuju,330100,Prov. Sulawesi Barat,330000,8,0,36,6,6,0,0,8,25 Feb 2026 22:13:47,ACD37E35565E9EA6CE54
SD NEGERI NO 2. KAREMA,40600143,SD,Negeri,Kec. Simboro,330115,Kab. Mamuju,330100,Prov. Sulawesi Barat,330000,18,2,358,14,12,0,1,31,23 Apr 2026 13:32:40,36162D2C1DC3097E9271
SD NEGERI PONAGA,40604972,SD,Negeri,Kec. Simboro,330115,Kab. Mamuju,330100,Prov. Sulawesi Barat,330000,7,5,19,6,6,0,0,29,17 Apr 2026 10:18:33,E7D4745A82751C30BA55
SD Negeri SALU ROMBIA,40605280,SD,Negeri,Kec. Simboro,330115,Kab. Mamuju,330100,Prov. Sulawesi Barat,330000,8,4,55,6,1,0,0,21,18 Apr 2026 19:48:17,0DB65D91DFDAEA62B5F8
SD NEGERI SALUPALLI,40600115,SD,Negeri,Kec. Simboro,330115,Kab. Mamuju,330100,Prov. Sulawesi Barat,330000,10,1,110,6,6,0,0,27,27 Apr 2026 10:15:52,10265B1EA1147B64D15D
SD NEGERI SESE,40600306,SD,Negeri,Kec. Simboro,330115,Kab. Mamuju,330100,Prov. Sulawesi Barat,330000,15,5,178,8,10,0,1,24,29 Apr 2026 19:47:58,B02EC78E1C670A07975C
SD Negeri SIMBUANG II Kec. Simboro,40604312,SD,Negeri,Kec. Simboro,330115,Kab. Mamuju,330100,Prov. Sulawesi Barat,330000,10,2,52,6,8,0,1,30,26 Apr 2026 21:54:17,DFC9C1E7765EC0BB3C6E
SD Negeri TABUNIAH,40604973,SD,Negeri,Kec. Simboro,330115,Kab. Mamuju,330100,Prov. Sulawesi Barat,330000,8,1,41,6,6,0,0,17,16 Mar 2026 11:57:27,C58E92DCF54A520CD6D1
SD NEGERI TANDE-TANDE,40600110,SD,Negeri,Kec. Simboro,330115,Kab. Mamuju,330100,Prov. Sulawesi Barat,330000,6,3,65,6,6,0,0,5,27 Jan 2026 20:48:28,77BE9E77870A30E3E2B5
SD NEGERI TEBONG,40604317,SD,Negeri,Kec. Simboro,330115,Kab. Mamuju,330100,Prov. Sulawesi Barat,330000,9,2,31,6,5,0,0,17,06 Mar 2026 22:27:58,18F3CFBC1EDDF3470004
SD Negeri TRANSMIGRASI BOTTENG I,40604974,SD,Negeri,Kec. Simboro,330115,Kab. Mamuju,330100,Prov. Sulawesi Barat,330000,7,1,7,6,6,0,0,11,14 Mar 2026 18:11:54,66DBD24965554A04CDD3
SDN NO. 3 SIMBORO,69901594,SD,Negeri,Kec. Simboro,330115,Kab. Mamuju,330100,Prov. Sulawesi Barat,330000,8,4,92,6,6,0,1,9,27 Apr 2026 19:29:24,A093FCCB4472AF95CECB
SDIT ASSUNNAH MAMUJU,70038034,SD,Swasta,Kec. Simboro,330115,Kab. Mamuju,330100,Prov. Sulawesi Barat,330000,7,6,204,12,5,0,0,27,29 Apr 2026 16:26:54,1FC81A0A30A3CF166E7B
SEKOLAH DASAR IT AL SIRAJ,70054711,SD,Swasta,Kec. Simboro,330115,Kab. Mamuju,330100,Prov. Sulawesi Barat,330000,3,1,0,0,0,0,0,0,,CD06424D60DC0B66A714
SMPN 1 Simboro Kec. Simboro,40604646,SMP,Negeri,Kec. Simboro,330115,Kab. Mamuju,330100,Prov. Sulawesi Barat,330000,16,6,243,9,11,1,1,26,30 Apr 2026 10:55:29,2F34D06AF07155DBF890
SMPN 2 Simboro,40605497,SMP,Negeri,Kec. Simboro,330115,Kab. Mamuju,330100,Prov. Sulawesi Barat,330000,14,2,167,6,6,1,1,26,20 Apr 2026 09:48:45,2B20AA0AD5940DEC20E8
SMPN 3 SIMBORO,69774907,SMP,Negeri,Kec. Simboro,330115,Kab. Mamuju,330100,Prov. Sulawesi Barat,330000,9,7,76,3,3,0,1,36,02 Apr 2026 14:10:59,03E2951B3AFB07E1B1F6
SMPN 4 SIMBORO,69965245,SMP,Negeri,Kec. Simboro,330115,Kab. Mamuju,330100,Prov. Sulawesi Barat,330000,9,4,105,6,5,1,0,10,20 Apr 2026 07:56:02,ABE096BDE58AB68ABA52
SMPIT ASSUNNAH MAMUJU,70058951,SMP,Swasta,Kec. Simboro,330115,Kab. Mamuju,330100,Prov. Sulawesi Barat,330000,2,1,8,1,1,0,0,15,19 Apr 2026 20:10:08,6B1FCFAF21D490CD4927
SMPS YAPIZ MAMUJU,69950607,SMP,Swasta,Kec. Simboro,330115,Kab. Mamuju,330100,Prov. Sulawesi Barat,330000,2,1,16,3,4,0,0,15,27 Apr 2026 14:15:54,13B36CAF2736EA224CA8
UPTD SMAN 1 SIMBORO,60728432,SMA,Negeri,Kec. Simboro,330115,Kab. Mamuju,330100,Prov. Sulawesi Barat,330000,17,5,123,5,6,1,1,26,02 May 2026 10:44:42,F4D0D9579CCA23720E11
UPTD SMKN 1 RANGAS,40600221,SMK,Negeri,Kec. Simboro,330115,Kab. Mamuju,330100,Prov. Sulawesi Barat,330000,71,25,948,36,38,2,1,80,29 Apr 2026 14:56:39,28DFD6665850286E20A6
SMK S YAPIZ,69900168,SMK,Swasta,Kec. Simboro,330115,Kab. Mamuju,330100,Prov. Sulawesi Barat,330000,8,2,59,3,2,2,1,8,25 Apr 2026 08:30:08,BB535DAD5DA6F5DB06FA
SMK YAPMA SULBAR,69961932,SMK,Swasta,Kec. Simboro,330115,Kab. Mamuju,330100,Prov. Sulawesi Barat,330000,3,3,58,6,3,0,0,9,24 Apr 2026 08:10:29,28F4D54AFA3258DC9551
SD INPRES BELA,40604285,SD,Negeri,Kec. Tapalang,330101,Kab. Mamuju,330100,Prov. Sulawesi Barat,330000,10,2,55,6,6,0,0,10,14 Apr 2026 06:16:00,BABE97AAEF6EC3B120E1
SD INPRES BONE-BONE,40600312,SD,Negeri,Kec. Tapalang,330101,Kab. Mamuju,330100,Prov. Sulawesi Barat,330000,9,1,77,6,6,0,1,5,08 Mar 2026 19:43:49,A2879736DB567B05847B
SD INPRES GALUNG,40604287,SD,Negeri,Kec. Tapalang,330101,Kab. Mamuju,330100,Prov. Sulawesi Barat,330000,9,3,112,6,8,0,1,12,27 Feb 2026 20:33:11,5ED507956B53FC65B0FE
SD INPRES KASAMBANG,40604288,SD,Negeri,Kec. Tapalang,330101,Kab. Mamuju,330100,Prov. Sulawesi Barat,330000,13,5,147,9,8,0,1,13,06 Apr 2026 17:39:09,4CF3791F6C86919E9555
SD INPRES LIMBENG,40600338,SD,Negeri,Kec. Tapalang,330101,Kab. Mamuju,330100,Prov. Sulawesi Barat,330000,10,4,107,6,6,0,1,32,03 Mar 2026 05:42:19,576B6539C7181F98504A
SD INPRES PETTAKEAN,40600470,SD,Negeri,Kec. Tapalang,330101,Kab. Mamuju,330100,Prov. Sulawesi Barat,330000,9,3,65,6,6,0,1,13,29 Jan 2026 20:23:35,95133B7077D05602342B
SD INPRES TAJIMANE,40600433,SD,Negeri,Kec. Tapalang,330101,Kab. Mamuju,330100,Prov. Sulawesi Barat,330000,11,0,124,6,6,0,1,17,03 Apr 2026 09:52:49,D0B49F2A3695FE99FDF3
SD NEGERI 2 TAPALANG,40600145,SD,Negeri,Kec. Tapalang,330101,Kab. Mamuju,330100,Prov. Sulawesi Barat,330000,11,3,80,6,6,0,1,6,13 Apr 2026 18:32:22,EC7A29291802CFEFC5F2
SD Negeri Anusu,40605529,SD,Negeri,Kec. Tapalang,330101,Kab. Mamuju,330100,Prov. Sulawesi Barat,330000,13,3,32,6,6,0,0,24,20 Apr 2026 10:10:44,E795302159ED39A917F0
SD Negeri Bettengkata,40600167,SD,Negeri,Kec. Tapalang,330101,Kab. Mamuju,330100,Prov. Sulawesi Barat,330000,9,1,19,6,3,0,0,32,09 Mar 2026 22:05:44,A7108F33DCB132D56FE9
SD NEGERI BULLUNG,40600169,SD,Negeri,Kec. Tapalang,330101,Kab. Mamuju,330100,Prov. Sulawesi Barat,330000,10,1,23,6,6,0,0,5,06 Feb 2026 17:29:01,3DF3FB3B9AD9623839AC
SD NEGERI DAYANGINNA,69922838,SD,Negeri,Kec. Tapalang,330101,Kab. Mamuju,330100,Prov. Sulawesi Barat,330000,9,4,53,6,4,0,0,22,25 Apr 2026 09:25:50,5F980C9F19E141AECA04
SD NEGERI KARANAMU,40604554,SD,Negeri,Kec. Tapalang,330101,Kab. Mamuju,330100,Prov. Sulawesi Barat,330000,8,2,105,6,6,0,1,33,25 Apr 2026 15:36:37,7FC7F200D9A24C46E4D0
SD NEGERI KASAMBANG,40600165,SD,Negeri,Kec. Tapalang,330101,Kab. Mamuju,330100,Prov. Sulawesi Barat,330000,12,3,130,6,12,0,1,22,02 Mar 2026 07:38:59,86E70579B5DF66184F35
SD NEGERI KECIL TALOBA,40605271,SD,Negeri,Kec. Tapalang,330101,Kab. Mamuju,330100,Prov. Sulawesi Barat,330000,12,1,74,6,6,0,1,8,01 Feb 2026 15:31:39,A7BEA7692110AE66DAFD
SD NEGERI KECIL TONIMANA,40600136,SD,Negeri,Kec. Tapalang,330101,Kab. Mamuju,330100,Prov. Sulawesi Barat,330000,9,3,31,6,3,0,0,25,14 Apr 2026 17:43:59,B8EFD0759FDC6B3A704C
SD Negeri Lembang,40605489,SD,Negeri,Kec. Tapalang,330101,Kab. Mamuju,330100,Prov. Sulawesi Barat,330000,12,1,55,6,6,0,1,14,18 Apr 2026 13:59:01,DAEE6CDF21D56B269A26
SD NEGERI LIMBENG,40600157,SD,Negeri,Kec. Tapalang,330101,Kab. Mamuju,330100,Prov. Sulawesi Barat,330000,10,4,110,6,6,0,1,24,05 Apr 2026 01:36:24,44EBEDF8EE7EA5453DAF
SD NEGERI PEBAMBAAN,40600190,SD,Negeri,Kec. Tapalang,330101,Kab. Mamuju,330100,Prov. Sulawesi Barat,330000,7,1,16,6,6,0,0,7,30 Apr 2026 22:14:13,983DAE48A974DD5A0EFB
SD NEGERI RANTE DUNIA,40600160,SD,Negeri,Kec. Tapalang,330101,Kab. Mamuju,330100,Prov. Sulawesi Barat,330000,11,6,31,6,6,0,0,10,05 Mar 2026 07:41:24,EC65FFC75634146F6F95
SD Negeri Rante Mario,69774899,SD,Negeri,Kec. Tapalang,330101,Kab. Mamuju,330100,Prov. Sulawesi Barat,330000,9,1,18,6,9,0,0,10,28 Apr 2026 09:29:19,44ABFB449AB733E902F4
SD NEGERI SALUMAYANG,40604310,SD,Negeri,Kec. Tapalang,330101,Kab. Mamuju,330100,Prov. Sulawesi Barat,330000,8,4,41,6,3,0,0,26,04 Mar 2026 21:16:12,8F0DBE9B6716455D571F
SD NEGERI SANDAUHAI,40600112,SD,Negeri,Kec. Tapalang,330101,Kab. Mamuju,330100,Prov. Sulawesi Barat,330000,8,3,34,6,3,0,1,20,30 Apr 2026 08:26:47,807166F1A249905E6A91
SD NEGERI SERANG,40605423,SD,Negeri,Kec. Tapalang,330101,Kab. Mamuju,330100,Prov. Sulawesi Barat,330000,12,3,81,6,6,0,0,11,08 Apr 2026 22:05:05,9D680598686005693513
SD NEGERI TAAN,40600308,SD,Negeri,Kec. Tapalang,330101,Kab. Mamuju,330100,Prov. Sulawesi Barat,330000,11,3,91,6,6,1,1,28,03 Mar 2026 00:38:55,E13F62631A471BB35CF3
SD NEGERI TAAN GALUNG,40600309,SD,Negeri,Kec. Tapalang,330101,Kab. Mamuju,330100,Prov. Sulawesi Barat,330000,20,5,260,12,12,0,1,24,02 May 2026 06:52:14,5471F65450E22BDFC9F3
SD NEGERI TALANGE,40604727,SD,Negeri,Kec. Tapalang,330101,Kab. Mamuju,330100,Prov. Sulawesi Barat,330000,11,4,60,6,7,0,0,9,11 Feb 2026 14:25:04,76F44C812C1636B84F1D
SD NEGERI TASIPA,40604316,SD,Negeri,Kec. Tapalang,330101,Kab. Mamuju,330100,Prov. Sulawesi Barat,330000,12,2,14,6,3,0,0,8,17 Apr 2026 21:34:38,243EC1744631A53EB84C
SDN Inp. Orobatu,40600482,SD,Negeri,Kec. Tapalang,330101,Kab. Mamuju,330100,Prov. Sulawesi Barat,330000,12,2,89,6,6,0,1,10,18 Apr 2026 13:09:20,3175DF49934F272775F4
SDN Inp. Pempioang,40600469,SD,Negeri,Kec. Tapalang,330101,Kab. Mamuju,330100,Prov. Sulawesi Barat,330000,16,6,110,6,6,0,1,11,10 Apr 2026 16:59:01,4C32CC15F495A509842C
SDN Inp. Takandeang,40600434,SD,Negeri,Kec. Tapalang,330101,Kab. Mamuju,330100,Prov. Sulawesi Barat,330000,10,2,101,6,6,0,1,40,22 Apr 2026 10:59:21,7ECEEEBA09959C69DDCF
SDN Kalimbua,40605574,SD,Negeri,Kec. Tapalang,330101,Kab. Mamuju,330100,Prov. Sulawesi Barat,330000,15,1,45,6,6,0,1,19,28 Apr 2026 20:19:33,01929A2184F9AD929A5E
SMPN 1 Tapalang,40600246,SMP,Negeri,Kec. Tapalang,330101,Kab. Mamuju,330100,Prov. Sulawesi Barat,330000,29,13,491,17,19,2,1,26,30 Apr 2026 18:00:54,912818A9B9464B8155F8
SMPN 2 Tapalang,40604341,SMP,Negeri,Kec. Tapalang,330101,Kab. Mamuju,330100,Prov. Sulawesi Barat,330000,21,13,164,7,10,2,1,58,25 Apr 2026 21:20:13,539B941CE0291FFE6119
SMPN 3 Tapalang,40605642,SMP,Negeri,Kec. Tapalang,330101,Kab. Mamuju,330100,Prov. Sulawesi Barat,330000,14,2,140,6,10,2,1,30,02 Apr 2026 20:10:57,0058CAF83381FA4B1683
SMPN 4 TAPALANG,69775696,SMP,Negeri,Kec. Tapalang,330101,Kab. Mamuju,330100,Prov. Sulawesi Barat,330000,12,1,38,3,1,0,0,34,25 Apr 2026 18:48:34,10ED54AD59C6033E267F
UPTD SMAN 1 TAPALANG,40600228,SMA,Negeri,Kec. Tapalang,330101,Kab. Mamuju,330100,Prov. Sulawesi Barat,330000,38,19,570,18,22,5,1,32,15 Apr 2026 08:28:02,1EE3023CEB58B8351DD7
UPTD SMAN 2 TAPALANG,40605658,SMA,Negeri,Kec. Tapalang,330101,Kab. Mamuju,330100,Prov. Sulawesi Barat,330000,24,18,254,9,12,4,1,37,30 Apr 2026 20:58:09,FBD28AC33D8D113F2CB2
UPTD SMKN 1 TAPALANG,69786951,SMK,Negeri,Kec. Tapalang,330101,Kab. Mamuju,330100,Prov. Sulawesi Barat,330000,28,7,171,15,17,2,1,59,30 Apr 2026 12:11:59,58FCC9B6A367C42CB6EF
SD INPRES BATUISI,40600327,SD,Negeri,Kec. Kalumpang,330104,Kab. Mamuju,330100,Prov. Sulawesi Barat,330000,8,2,42,6,6,0,1,15,27 Apr 2026 08:36:19,08E55C81B672B99D10B7
SD INPRES BULO,40600174,SD,Negeri,Kec. Kalumpang,330104,Kab. Mamuju,330100,Prov. Sulawesi Barat,330000,5,5,40,6,6,0,0,11,27 Apr 2026 09:14:54,2F83D7F3575A0B074351
SD INPRES SALU,40600509,SD,Negeri,Kec. Kalumpang,330104,Kab. Mamuju,330100,Prov. Sulawesi Barat,330000,7,7,94,6,6,0,0,6,04 Mar 2026 10:40:00,16CE656456677228129A
SD INPRES SUMUA,40600429,SD,Negeri,Kec. Kalumpang,330104,Kab. Mamuju,330100,Prov. Sulawesi Barat,330000,5,0,12,4,6,0,0,6,26 Feb 2026 18:40:42,785BB3523EFD45240617
SD INPRES TAMAN,40600423,SD,Negeri,Kec. Kalumpang,330104,Kab. Mamuju,330100,Prov. Sulawesi Barat,330000,7,1,124,6,6,0,1,14,29 Apr 2026 23:37:58,038D7A814A29F39CC05C
SD INPRES TARARANG,40600291,SD,Negeri,Kec. Kalumpang,330104,Kab. Mamuju,330100,Prov. Sulawesi Barat,330000,7,3,45,6,6,0,1,23,03 Mar 2026 22:11:17,4962E662778B2416105E
SD NEGERI BOSOKAN,69895016,SD,Negeri,Kec. Kalumpang,330104,Kab. Mamuju,330100,Prov. Sulawesi Barat,330000,4,1,71,6,6,0,0,18,02 Apr 2026 17:00:30,6F27334B96C9F71B1E3E
SD NEGERI BUALLO,40600161,SD,Negeri,Kec. Kalumpang,330104,Kab. Mamuju,330100,Prov. Sulawesi Barat,330000,7,1,50,6,3,0,1,11,28 Jan 2026 10:39:42,79C860847B832D88094C
SD NEGERI KALUMPANG,40600173,SD,Negeri,Kec. Kalumpang,330104,Kab. Mamuju,330100,Prov. Sulawesi Barat,330000,10,4,68,6,6,0,1,42,08 Apr 2026 22:50:54,BDB4B411F875C5C9F1B0
SD NEGERI MALOLO,40600138,SD,Negeri,Kec. Kalumpang,330104,Kab. Mamuju,330100,Prov. Sulawesi Barat,330000,4,1,8,5,6,0,0,18,27 Apr 2026 21:23:59,6BCC7E370568FB4936BD
SD NEGERI MAPO,40600140,SD,Negeri,Kec. Kalumpang,330104,Kab. Mamuju,330100,Prov. Sulawesi Barat,330000,7,2,43,6,7,0,0,11,11 Apr 2026 22:36:36,DED54235EA01FDBFC776
SD NEGERI MARIRI,40604552,SD,Negeri,Kec. Kalumpang,330104,Kab. Mamuju,330100,Prov. Sulawesi Barat,330000,4,6,16,6,3,0,0,21,17 Apr 2026 06:58:41,1BDAF4B27032A97EBC66
SD NEGERI PANASUAN,40600279,SD,Negeri,Kec. Kalumpang,330104,Kab. Mamuju,330100,Prov. Sulawesi Barat,330000,7,2,62,6,6,1,1,20,27 Apr 2026 18:57:52,934E774A2AAFDFF72690
SD NEGERI PATTUNG,69895017,SD,Negeri,Kec. Kalumpang,330104,Kab. Mamuju,330100,Prov. Sulawesi Barat,330000,5,1,33,6,6,0,0,16,11 Mar 2026 06:46:11,9BEE3F00AFC70651846B
SD NEGERI PATUDAAN,40600283,SD,Negeri,Kec. Kalumpang,330104,Kab. Mamuju,330100,Prov. Sulawesi Barat,330000,7,1,20,6,6,0,0,18,21 Feb 2026 21:19:49,E80952F5127B70F0E8C4
SD NEGERI PEKKARO,40600284,SD,Negeri,Kec. Kalumpang,330104,Kab. Mamuju,330100,Prov. Sulawesi Barat,330000,7,0,50,6,6,0,1,22,16 Apr 2026 20:10:27,414D6B2799C4D8C72687
SD NEGERI RANTEPATA,40600266,SD,Negeri,Kec. Kalumpang,330104,Kab. Mamuju,330100,Prov. Sulawesi Barat,330000,6,3,68,6,6,0,0,10,03 Mar 2026 19:52:01,DD4EBF636AB58F5DA4D1
SD NEGERI RATTEMENANGA,40600267,SD,Negeri,Kec. Kalumpang,330104,Kab. Mamuju,330100,Prov. Sulawesi Barat,330000,8,5,46,6,7,0,1,10,03 Mar 2026 18:16:17,BD463A7DD8F5B02FECD0
SD NEGERI SALUKAYU,40600285,SD,Negeri,Kec. Kalumpang,330104,Kab. Mamuju,330100,Prov. Sulawesi Barat,330000,4,1,31,5,3,0,0,15,02 Mar 2026 23:55:24,F2D550C5E0623B244088
SDN B a u,40600447,SD,Negeri,Kec. Kalumpang,330104,Kab. Mamuju,330100,Prov. Sulawesi Barat,330000,5,2,78,6,6,0,1,18,05 Mar 2026 16:00:44,0D6FFD65CAFF299E28B8
SDN KAHALEANG,69859690,SD,Negeri,Kec. Kalumpang,330104,Kab. Mamuju,330100,Prov. Sulawesi Barat,330000,5,1,19,5,5,0,0,13,07 Mar 2026 13:05:04,CD78D78CCA52FE441522
SDN Lasa,40600152,SD,Negeri,Kec. Kalumpang,330104,Kab. Mamuju,330100,Prov. Sulawesi Barat,330000,3,0,53,6,6,0,0,39,30 Mar 2026 18:17:26,EA06CF48EAE8939619EB
SDN Lebani,40600155,SD,Negeri,Kec. Kalumpang,330104,Kab. Mamuju,330100,Prov. Sulawesi Barat,330000,6,1,22,6,7,0,1,19,02 May 2026 06:54:46,27150A14C6CA24F40E7C
SDN MAKKALIKI,40600207,SD,Negeri,Kec. Kalumpang,330104,Kab. Mamuju,330100,Prov. Sulawesi Barat,330000,6,5,58,6,6,0,1,14,07 Apr 2026 21:53:57,BB7578A9EC25D603D47E
SDN Maliuko,40600137,SD,Negeri,Kec. Kalumpang,330104,Kab. Mamuju,330100,Prov. Sulawesi Barat,330000,4,3,20,6,3,0,0,12,02 Apr 2026 00:24:21,42959E0E1AF6B4645D61
SDN Petangunan,40600273,SD,Negeri,Kec. Kalumpang,330104,Kab. Mamuju,330100,Prov. Sulawesi Barat,330000,8,2,29,6,5,0,0,20,08 Mar 2026 11:06:49,F0CF8C689534A1D3BD56
SDN POLIO,40604305,SD,Negeri,Kec. Kalumpang,330104,Kab. Mamuju,330100,Prov. Sulawesi Barat,330000,6,2,14,5,3,0,0,11,03 Mar 2026 18:26:37,075E66B2052CB61D0D75
SDN Sabamba,40604553,SD,Negeri,Kec. Kalumpang,330104,Kab. Mamuju,330100,Prov. Sulawesi Barat,330000,6,2,26,6,6,0,0,32,13 Apr 2026 17:25:49,3CC0A04FD1762528BA31
SDN SALULEKKE,40600118,SD,Negeri,Kec. Kalumpang,330104,Kab. Mamuju,330100,Prov. Sulawesi Barat,330000,6,2,20,6,6,0,0,32,05 Apr 2026 14:36:33,934B332EC1D1D868B7E4
SDN SANDAPANG,40600113,SD,Negeri,Kec. Kalumpang,330104,Kab. Mamuju,330100,Prov. Sulawesi Barat,330000,5,2,41,6,3,0,0,22,11 Apr 2026 09:14:14,E0825869A4289EDCFF89
SMP NEGERI 1 KALUMPANG,40600252,SMP,Negeri,Kec. Kalumpang,330104,Kab. Mamuju,330100,Prov. Sulawesi Barat,330000,10,6,82,3,8,2,1,22,11 Mar 2026 13:23:40,8C8F6A9A65619BEE2323
SMP NEGERI 2 KALUMPANG,40604546,SMP,Negeri,Kec. Kalumpang,330104,Kab. Mamuju,330100,Prov. Sulawesi Barat,330000,7,3,87,4,3,1,0,23,05 Mar 2026 15:29:15,9AD4381236A3314EED77
SMP NEGERI 5 Kalumpang,60728414,SMP,Negeri,Kec. Kalumpang,330104,Kab. Mamuju,330100,Prov. Sulawesi Barat,330000,7,4,49,3,3,0,1,31,15 Apr 2026 11:08:02,6AE13658226AF156C401
SMP NEGERI 6 KALUMPANG,69897024,SMP,Negeri,Kec. Kalumpang,330104,Kab. Mamuju,330100,Prov. Sulawesi Barat,330000,8,4,26,3,3,0,1,41,22 Apr 2026 05:20:14,9F9D264F0339D8AA843E
SMP NEGERI 7 KALUMPANG,40600218,SMP,Negeri,Kec. Kalumpang,330104,Kab. Mamuju,330100,Prov. Sulawesi Barat,330000,7,3,38,3,3,0,1,24,08 Apr 2026 11:06:04,6CC1EC20A5E7247FA57C
SMPN 3 Kalumpang,40604823,SMP,Negeri,Kec. Kalumpang,330104,Kab. Mamuju,330100,Prov. Sulawesi Barat,330000,12,5,121,6,6,0,1,77,30 Apr 2026 09:08:47,5232A5790AA52A4C2FB6
SMPN 4 KALUMPANG,40605295,SMP,Negeri,Kec. Kalumpang,330104,Kab. Mamuju,330100,Prov. Sulawesi Barat,330000,8,6,65,4,3,1,1,53,10 Apr 2026 23:35:11,A5A2AC7125E9AE066D04
SMPN 8 KALUMPANG,69954361,SMP,Negeri,Kec. Kalumpang,330104,Kab. Mamuju,330100,Prov. Sulawesi Barat,330000,12,5,66,3,1,1,1,99,22 Apr 2026 11:47:20,9D8AA9146276A1884186
SMPN 9 KALUMPANG,69964599,SMP,Negeri,Kec. Kalumpang,330104,Kab. Mamuju,330100,Prov. Sulawesi Barat,330000,5,3,59,4,2,0,0,37,05 Mar 2026 16:18:53,8CC3521D67596D9D5194
UPTD SMAN 1 KALUMPANG,40605303,SMA,Negeri,Kec. Kalumpang,330104,Kab. Mamuju,330100,Prov. Sulawesi Barat,330000,9,2,59,3,8,1,1,11,07 Mar 2026 16:58:58,A2A30111B9D11E4FC0FE
UPTD SMKN KALUMPANG,40604356,SMK,Negeri,Kec. Kalumpang,330104,Kab. Mamuju,330100,Prov. Sulawesi Barat,330000,14,5,31,6,7,1,1,16,29 Apr 2026 20:43:53,6FD294785A9B4C30316B
SD Inp. Salukayu I,40600501,SD,Negeri,Kec. Papalang,330107,Kab. Mamuju,330100,Prov. Sulawesi Barat,330000,7,6,115,6,6,0,1,28,04 Apr 2026 05:01:47,3F68735A16F6E2064E55
SD INPRES KAPAS,40600337,SD,Negeri,Kec. Papalang,330107,Kab. Mamuju,330100,Prov. Sulawesi Barat,330000,12,8,229,9,7,0,1,41,22 Apr 2026 09:17:01,AB87445FE1A3C0A61B75
SD INPRES MANDAR PITU,40600347,SD,Negeri,Kec. Papalang,330107,Kab. Mamuju,330100,Prov. Sulawesi Barat,330000,12,4,199,10,9,0,1,24,02 May 2026 09:07:17,2707C7CD63205F5D140C
SD INPRES SALUKAYU II,40600286,SD,Negeri,Kec. Papalang,330107,Kab. Mamuju,330100,Prov. Sulawesi Barat,330000,7,3,34,6,6,0,0,8,14 Apr 2026 09:41:42,E6A84E9CDC8FE7AE8970
SD INPRES SISANGO,40600427,SD,Negeri,Kec. Papalang,330107,Kab. Mamuju,330100,Prov. Sulawesi Barat,330000,6,4,25,6,6,0,0,6,02 Mar 2026 09:32:35,FC395A0EC8547545BF9F
SD INPRES TOABO I,40600435,SD,Negeri,Kec. Papalang,330107,Kab. Mamuju,330100,Prov. Sulawesi Barat,330000,10,4,129,6,10,0,1,43,25 Apr 2026 20:44:08,6CD0AFBFB4D387B416AB
SD INPRES TOABO II,40600436,SD,Negeri,Kec. Papalang,330107,Kab. Mamuju,330100,Prov. Sulawesi Barat,330000,6,2,29,6,6,0,1,13,02 Apr 2026 06:55:10,8DE95E45B24179E716AA
SD INPRES TOABO III,40604550,SD,Negeri,Kec. Papalang,330107,Kab. Mamuju,330100,Prov. Sulawesi Barat,330000,8,3,115,6,6,0,1,22,20 Apr 2026 12:50:28,5C7CE6B61578BBA8977B
SD NEGERI BATUAMPA,40600445,SD,Negeri,Kec. Papalang,330107,Kab. Mamuju,330100,Prov. Sulawesi Barat,330000,9,5,150,6,6,0,1,13,16 Apr 2026 16:07:23,719612E86B0A35F9E38C
SD NEGERI BATUPAPAN,40600446,SD,Negeri,Kec. Papalang,330107,Kab. Mamuju,330100,Prov. Sulawesi Barat,330000,16,5,284,12,10,0,1,31,26 Apr 2026 07:16:31,4882CCF3873C956B36A6
SD NEGERI BODA-BODA,40604320,SD,Negeri,Kec. Papalang,330107,Kab. Mamuju,330100,Prov. Sulawesi Barat,330000,7,3,131,6,6,0,1,14,09 Mar 2026 08:22:25,BA51DD3D2D0642F3B100
SD NEGERI INPRES PAPALANG,40600282,SD,Negeri,Kec. Papalang,330107,Kab. Mamuju,330100,Prov. Sulawesi Barat,330000,9,7,118,6,6,0,0,12,23 Apr 2026 22:39:44,47CB8EA706D059FE6C37
SD NEGERI LAMPOKO,40604302,SD,Negeri,Kec. Papalang,330107,Kab. Mamuju,330100,Prov. Sulawesi Barat,330000,6,1,50,6,3,0,0,16,07 Apr 2026 07:19:40,4BA5B34273A77B28D223
SD NEGERI LIMBONG TEA,40600158,SD,Negeri,Kec. Papalang,330107,Kab. Mamuju,330100,Prov. Sulawesi Barat,330000,8,4,111,6,7,0,1,7,21 Apr 2026 10:10:15,BE621ABF33F93E3E9E92
SD Negeri Nusantara,40605260,SD,Negeri,Kec. Papalang,330107,Kab. Mamuju,330100,Prov. Sulawesi Barat,330000,11,5,206,8,8,0,1,37,27 Apr 2026 09:23:35,2A2CD19CAC1E08DEE96F
SD NEGERI PANIKI,40600280,SD,Negeri,Kec. Papalang,330107,Kab. Mamuju,330100,Prov. Sulawesi Barat,330000,5,5,52,6,6,0,1,25,25 Apr 2026 09:47:36,A0115EE6D18B42E92E7A
SD NEGERI SAKIO,40600303,SD,Negeri,Kec. Papalang,330107,Kab. Mamuju,330100,Prov. Sulawesi Barat,330000,6,1,32,6,5,0,0,12,04 Mar 2026 10:20:29,7C0DBA9A1762C8C0D460
SD NEGERI SALUBOTTENG,40604308,SD,Negeri,Kec. Papalang,330107,Kab. Mamuju,330100,Prov. Sulawesi Barat,330000,6,2,61,6,3,0,1,15,26 Apr 2026 14:52:04,1BF6385BB6E4FC572946
SD NEGERI SALULEMO,40604549,SD,Negeri,Kec. Papalang,330107,Kab. Mamuju,330100,Prov. Sulawesi Barat,330000,2,0,7,3,4,0,0,8,13 Feb 2026 18:15:39,7BEBAF1BCFCE5AEA3DEA
SD NEGERI SALUMASA,40600100,SD,Negeri,Kec. Papalang,330107,Kab. Mamuju,330100,Prov. Sulawesi Barat,330000,6,3,51,6,6,0,0,25,10 Apr 2026 11:27:50,42779287F84913AB1177
SD NEGERI TAWARO,40600292,SD,Negeri,Kec. Papalang,330107,Kab. Mamuju,330100,Prov. Sulawesi Barat,330000,8,5,71,6,6,0,0,16,30 Apr 2026 07:23:23,3CF4D19F7B005C210ADE
SD NEGERI WONOREJO,40600310,SD,Negeri,Kec. Papalang,330107,Kab. Mamuju,330100,Prov. Sulawesi Barat,330000,7,4,65,6,6,0,1,17,27 Apr 2026 11:57:58,1C62A71A5A46D1057701
SDN MESAKADA,40600439,SD,Negeri,Kec. Papalang,330107,Kab. Mamuju,330100,Prov. Sulawesi Barat,330000,8,2,28,6,6,0,0,22,30 Apr 2026 20:33:32,898A6A035DB195EA654B
SDN. Kapaasang,40600449,SD,Negeri,Kec. Papalang,330107,Kab. Mamuju,330100,Prov. Sulawesi Barat,330000,6,6,122,6,9,0,1,10,03 Apr 2026 17:15:43,2AC17B5FF4267107A1B6
SDN. Salulitti,40604703,SD,Negeri,Kec. Papalang,330107,Kab. Mamuju,330100,Prov. Sulawesi Barat,330000,2,2,39,6,3,0,0,5,08 Apr 2026 15:36:09,DFCF2519220DA965CCEB
SDN. Wai Randang,40605276,SD,Negeri,Kec. Papalang,330107,Kab. Mamuju,330100,Prov. Sulawesi Barat,330000,9,4,150,6,7,0,1,21,30 Apr 2026 10:51:22,94DFA9E7716DA8C664DA
SDN. Wai Sirumpa,40605527,SD,Negeri,Kec. Papalang,330107,Kab. Mamuju,330100,Prov. Sulawesi Barat,330000,4,2,43,6,6,0,0,8,24 Feb 2026 08:09:12,2869637395D2AB388565
SMP NEGERI 1 PAPALANG,40600241,SMP,Negeri,Kec. Papalang,330107,Kab. Mamuju,330100,Prov. Sulawesi Barat,330000,27,13,365,13,18,2,1,35,11 Apr 2026 10:48:32,FC5467998AAB7838E488
SMP NEGERI 2 PAPALANG,40600237,SMP,Negeri,Kec. Papalang,330107,Kab. Mamuju,330100,Prov. Sulawesi Barat,330000,11,8,106,5,6,2,1,13,01 May 2026 09:45:00,6AD6257FEAD1CEAB3DAE
SMP NEGERI 3 PAPALANG,40604701,SMP,Negeri,Kec. Papalang,330107,Kab. Mamuju,330100,Prov. Sulawesi Barat,330000,14,6,137,6,7,2,2,25,27 Apr 2026 10:51:53,E19DE80E637116E6B882
SMPN 4 Papalang,40605292,SMP,Negeri,Kec. Papalang,330107,Kab. Mamuju,330100,Prov. Sulawesi Barat,330000,10,5,105,5,5,1,1,34,07 Apr 2026 21:05:24,A76E15B1D7397E4EBDC9
UPTD SMAN 1 PAPALANG,40605304,SMA,Negeri,Kec. Papalang,330107,Kab. Mamuju,330100,Prov. Sulawesi Barat,330000,25,7,261,9,9,5,1,31,30 Apr 2026 09:03:20,CAFBD469B66E0051DB0F
SMAS PGRI PAPALANG,40600224,SMA,Swasta,Kec. Papalang,330107,Kab. Mamuju,330100,Prov. Sulawesi Barat,330000,7,0,65,3,3,1,1,18,15 Apr 2026 08:25:19,DA673690258F355DE8AB
UPTD SMKN PAPALANG,40604357,SMK,Negeri,Kec. Papalang,330107,Kab. Mamuju,330100,Prov. Sulawesi Barat,330000,77,13,684,30,35,6,1,78,29 Apr 2026 08:44:29,8BB953B93EE8BC0DE95A
SD INPRES KALLAN BARU,40600321,SD,Negeri,Kec. Bonehau,330111,Kab. Mamuju,330100,Prov. Sulawesi Barat,330000,9,2,93,6,6,0,1,23,28 Apr 2026 19:31:59,C4E3D066E120FFF33063
SD INPRES LUMIKA I,40600341,SD,Negeri,Kec. Bonehau,330111,Kab. Mamuju,330100,Prov. Sulawesi Barat,330000,7,3,50,6,6,0,1,20,03 Mar 2026 08:21:58,0021EF51939CE2762F31
SD INPRES MAPPU,40600348,SD,Negeri,Kec. Bonehau,330111,Kab. Mamuju,330100,Prov. Sulawesi Barat,330000,8,1,26,6,6,0,1,14,08 Feb 2026 09:17:25,5834F98FAF0D6AF4EAFB
SD INPRES PABETTENGAN,40600483,SD,Negeri,Kec. Bonehau,330111,Kab. Mamuju,330100,Prov. Sulawesi Barat,330000,6,2,55,6,6,0,1,15,30 Apr 2026 05:33:15,55812B9039654F86CCC9
SD INPRES SALUTIWO I,40600496,SD,Negeri,Kec. Bonehau,330111,Kab. Mamuju,330100,Prov. Sulawesi Barat,330000,5,3,58,6,6,0,0,40,27 Apr 2026 20:03:45,91D2EA018637611EF6A6
SD INPRES SALUTIWO II,40600497,SD,Negeri,Kec. Bonehau,330111,Kab. Mamuju,330100,Prov. Sulawesi Barat,330000,7,2,46,6,7,0,1,12,29 Apr 2026 13:49:19,FC03C3F8113F15DC7D9C
SD INPRES TALONDOK,40604321,SD,Negeri,Kec. Bonehau,330111,Kab. Mamuju,330100,Prov. Sulawesi Barat,330000,8,3,42,6,6,0,1,14,01 May 2026 08:10:42,7DD217B52DFCBD0AE15D
SD NEGERI HINUA,40600180,SD,Negeri,Kec. Bonehau,330111,Kab. Mamuju,330100,Prov. Sulawesi Barat,330000,7,2,49,6,6,0,1,8,04 Mar 2026 13:34:49,ECF1FB4627AB2890BB6D
SD NEGERI KINATANG,40604327,SD,Negeri,Kec. Bonehau,330111,Kab. Mamuju,330100,Prov. Sulawesi Barat,330000,8,2,28,6,6,0,0,31,01 May 2026 21:00:01,76DB5850C2D3C8AA7459
SD NEGERI LUMIKA II,40600148,SD,Negeri,Kec. Bonehau,330111,Kab. Mamuju,330100,Prov. Sulawesi Barat,330000,6,4,24,6,6,0,1,6,06 Feb 2026 04:02:40,308AFE381DDC9BE502F4
SD NEGERI PELOSIAN,40600274,SD,Negeri,Kec. Bonehau,330111,Kab. Mamuju,330100,Prov. Sulawesi Barat,330000,9,0,19,6,6,0,0,9,29 Apr 2026 14:53:10,F568818D9ECF3914FBA3
SD NEGERI SALUENO,40600272,SD,Negeri,Kec. Bonehau,330111,Kab. Mamuju,330100,Prov. Sulawesi Barat,330000,9,2,83,6,6,0,1,23,18 Jan 2026 13:14:02,AC658E5796FB09566E1A
SD NEGERI TALONDO KONDO,40600299,SD,Negeri,Kec. Bonehau,330111,Kab. Mamuju,330100,Prov. Sulawesi Barat,330000,9,2,90,6,6,0,1,21,08 Apr 2026 15:07:03,EA0A5A2BBA9BD57A42DF
SD NEGERI TAMALEA,40600298,SD,Negeri,Kec. Bonehau,330111,Kab. Mamuju,330100,Prov. Sulawesi Barat,330000,8,4,66,6,6,0,1,7,26 Feb 2026 13:06:51,993F0E4243863B80B516
SDN KALABUAN,40604323,SD,Negeri,Kec. Bonehau,330111,Kab. Mamuju,330100,Prov. Sulawesi Barat,330000,5,2,17,6,2,0,0,29,30 Apr 2026 04:28:25,B31F0C504CE79069CA6B
SDN MAO,40600208,SD,Negeri,Kec. Bonehau,330111,Kab. Mamuju,330100,Prov. Sulawesi Barat,330000,10,2,41,6,6,0,0,8,25 Feb 2026 15:14:27,71094ACB5BF2F83A5300
SDN PARAKDANG,40600188,SD,Negeri,Kec. Bonehau,330111,Kab. Mamuju,330100,Prov. Sulawesi Barat,330000,8,3,32,6,4,0,0,12,08 Apr 2026 11:53:27,2191FC1411FAE63F5CDF
SDN PELOKOAN,40600192,SD,Negeri,Kec. Bonehau,330111,Kab. Mamuju,330100,Prov. Sulawesi Barat,330000,7,3,29,6,6,0,0,9,23 Feb 2026 23:49:56,57300C1B8A65EA3B9EA0
SDN SARURAN,40600101,SD,Negeri,Kec. Bonehau,330111,Kab. Mamuju,330100,Prov. Sulawesi Barat,330000,5,1,37,6,2,0,0,10,03 Mar 2026 11:05:00,102659707C09B8B827DC
SDN TAKKESANGA,40605445,SD,Negeri,Kec. Bonehau,330111,Kab. Mamuju,330100,Prov. Sulawesi Barat,330000,7,2,33,6,4,0,0,17,28 Apr 2026 20:28:05,308EE30F490A61AF60EB
SMP NEGERI 1 BONEHAU,40600256,SMP,Negeri,Kec. Bonehau,330111,Kab. Mamuju,330100,Prov. Sulawesi Barat,330000,13,8,102,6,8,1,1,18,30 Apr 2026 19:47:33,16FCAA2C03C762DE8D69
SMP NEGERI 2 BONEHAU,40604641,SMP,Negeri,Kec. Bonehau,330111,Kab. Mamuju,330100,Prov. Sulawesi Barat,330000,9,3,64,3,6,1,1,40,01 May 2026 09:09:37,9F5C34FDEFEB75F91437
SMP NEGERI 6 BONEHAU,69859687,SMP,Negeri,Kec. Bonehau,330111,Kab. Mamuju,330100,Prov. Sulawesi Barat,330000,10,5,51,3,6,1,1,46,30 Apr 2026 07:47:57,6E4E511663671DEED515
SMPN 3 Bonehau,40600217,SMP,Negeri,Kec. Bonehau,330111,Kab. Mamuju,330100,Prov. Sulawesi Barat,330000,11,3,51,3,7,1,1,12,04 Apr 2026 15:28:35,83C0266A63C1E40C8E40
SMPN 4 Bonehau,60728408,SMP,Negeri,Kec. Bonehau,330111,Kab. Mamuju,330100,Prov. Sulawesi Barat,330000,12,8,112,5,7,1,1,45,14 Apr 2026 23:30:39,47A42E568F452BA5E52E
SMPN 5 Bonehau,60728409,SMP,Negeri,Kec. Bonehau,330111,Kab. Mamuju,330100,Prov. Sulawesi Barat,330000,11,5,31,3,4,0,2,22,03 Mar 2026 14:40:52,5694802B98D5536CA993
UPTD SMAN 1 BONEHAU,40604570,SMA,Negeri,Kec. Bonehau,330111,Kab. Mamuju,330100,Prov. Sulawesi Barat,330000,15,7,128,6,10,4,1,71,22 Apr 2026 18:19:58,B78B6FC7B061F730805D
UPTD SMAN 2 BONEHAU,60728431,SMA,Negeri,Kec. Bonehau,330111,Kab. Mamuju,330100,Prov. Sulawesi Barat,330000,9,2,29,3,6,4,1,16,30 Mar 2026 05:47:40,008194AFD5A4A63A6B52
SMAS BUTTUADA SUL-BAR,40605476,SMA,Swasta,Kec. Bonehau,330111,Kab. Mamuju,330100,Prov. Sulawesi Barat,330000,5,1,42,3,3,1,1,65,28 Mar 2026 22:10:24,3300FA34B845FD0F12EC
UPTD SMKN 1 BONEHAU,69774911,SMK,Negeri,Kec. Bonehau,330111,Kab. Mamuju,330100,Prov. Sulawesi Barat,330000,14,6,92,4,6,1,1,14,30 Apr 2026 10:12:25,3E202095AC9FD05FA98B
SD Inp. Lallonggauang,40604304,SD,Negeri,Kec. Tapalang Barat,330106,Kab. Mamuju,330100,Prov. Sulawesi Barat,330000,7,2,72,6,6,0,0,13,04 Apr 2026 03:06:48,09729373C1FF42A541C9
SD Inp. Lebani,40600360,SD,Negeri,Kec. Tapalang Barat,330106,Kab. Mamuju,330100,Prov. Sulawesi Barat,330000,12,0,55,6,6,0,0,15,17 Apr 2026 08:47:00,74E4527AE405F89568AF
SD Inp. Salu-Salu,40600269,SD,Negeri,Kec. Tapalang Barat,330106,Kab. Mamuju,330100,Prov. Sulawesi Barat,330000,10,1,35,6,6,0,0,5,03 Apr 2026 18:23:19,FA9D3ED74A74EA344EE5
SD INPRES AHU,40600394,SD,Negeri,Kec. Tapalang Barat,330106,Kab. Mamuju,330100,Prov. Sulawesi Barat,330000,11,5,108,6,6,0,1,11,15 Apr 2026 22:36:23,4C7D5D254EE346978C8A
SD INPRES MAMBIE,40600139,SD,Negeri,Kec. Tapalang Barat,330106,Kab. Mamuju,330100,Prov. Sulawesi Barat,330000,8,4,36,6,6,0,0,17,17 Apr 2026 19:59:00,8B1B605102CF610E93F8
SD INPRES MEPAANG,40600361,SD,Negeri,Kec. Tapalang Barat,330106,Kab. Mamuju,330100,Prov. Sulawesi Barat,330000,9,2,19,6,6,0,0,5,07 Mar 2026 07:51:54,E9CF7E664D5753D2F532
SD INPRES PANGASAAN,40600476,SD,Negeri,Kec. Tapalang Barat,330106,Kab. Mamuju,330100,Prov. Sulawesi Barat,330000,8,3,54,6,3,0,1,9,03 Mar 2026 14:32:29,80A54668825C803C0B07
SD INPRES PASABU,40600467,SD,Negeri,Kec. Tapalang Barat,330106,Kab. Mamuju,330100,Prov. Sulawesi Barat,330000,11,5,84,6,6,0,1,16,07 Mar 2026 07:49:26,F31A0BE740007FE0FE77
SD INPRES TANETE PAO,40600415,SD,Negeri,Kec. Tapalang Barat,330106,Kab. Mamuju,330100,Prov. Sulawesi Barat,330000,13,1,14,6,3,0,0,17,11 Apr 2026 23:32:16,6BE4587FD2E60AABBA48
SD INPRES TURADU,40600458,SD,Negeri,Kec. Tapalang Barat,330106,Kab. Mamuju,330100,Prov. Sulawesi Barat,330000,8,2,57,6,6,0,1,14,30 Apr 2026 01:21:22,B17C6DA9A2EBDBF30013
SD NEGERI 1 TAPALANG,40600276,SD,Negeri,Kec. Tapalang Barat,330106,Kab. Mamuju,330100,Prov. Sulawesi Barat,330000,10,3,137,6,6,0,1,11,28 Jan 2026 22:45:16,45B5D75DC9BADE162824
SD NEGERI DUNGKAIT,40600176,SD,Negeri,Kec. Tapalang Barat,330106,Kab. Mamuju,330100,Prov. Sulawesi Barat,330000,13,3,161,6,6,0,1,47,17 Mar 2026 03:06:31,F65C42FF2DEA3184CAFB
SD NEGERI NIPA-NIPA,40600141,SD,Negeri,Kec. Tapalang Barat,330106,Kab. Mamuju,330100,Prov. Sulawesi Barat,330000,8,3,78,6,7,0,1,13,02 May 2026 06:09:31,BDB998DFA2A625FB28C6
SD Negeri PANGSEANGAN,40604559,SD,Negeri,Kec. Tapalang Barat,330106,Kab. Mamuju,330100,Prov. Sulawesi Barat,330000,11,1,23,6,6,0,0,32,03 Mar 2026 13:23:48,C7BA481B6DB2C804F1F1
SD NEGERI SALU BIRU,40604307,SD,Negeri,Kec. Tapalang Barat,330106,Kab. Mamuju,330100,Prov. Sulawesi Barat,330000,9,2,115,6,6,0,1,29,27 Apr 2026 16:08:36,C4B0F635C718DCC76623
SD Negeri Salubarani,40605156,SD,Negeri,Kec. Tapalang Barat,330106,Kab. Mamuju,330100,Prov. Sulawesi Barat,330000,8,2,35,6,6,0,0,22,02 May 2026 12:06:16,5021EACAD2DCAD0FECA0
SD Negeri Suri,40604314,SD,Negeri,Kec. Tapalang Barat,330106,Kab. Mamuju,330100,Prov. Sulawesi Barat,330000,8,3,59,6,6,0,0,24,28 Mar 2026 09:12:28,616986013926433511FC
SD NEGERI TANJUNG NGALO,40600289,SD,Negeri,Kec. Tapalang Barat,330106,Kab. Mamuju,330100,Prov. Sulawesi Barat,330000,8,6,84,6,6,0,1,8,24 Feb 2026 09:03:57,B40B347E5EC72E939A98
SD NEGERI TAPANGKANG TIMUR,40604315,SD,Negeri,Kec. Tapalang Barat,330106,Kab. Mamuju,330100,Prov. Sulawesi Barat,330000,9,4,32,6,3,0,0,14,06 Mar 2026 05:07:14,17B17439C3A9653ECA4E
SD NEGERI TINAUNGAN,40600293,SD,Negeri,Kec. Tapalang Barat,330106,Kab. Mamuju,330100,Prov. Sulawesi Barat,330000,8,4,122,6,7,0,1,13,04 Mar 2026 18:31:48,FD412331F524D879D004
SDN Lebani,40600154,SD,Negeri,Kec. Tapalang Barat,330106,Kab. Mamuju,330100,Prov. Sulawesi Barat,330000,9,1,37,6,6,0,1,9,06 Mar 2026 19:07:36,F163B5D929ECBDB9CAE3
SDN Tapangkang,40600290,SD,Negeri,Kec. Tapalang Barat,330106,Kab. Mamuju,330100,Prov. Sulawesi Barat,330000,9,3,83,6,6,0,1,12,19 Feb 2026 16:54:35,8603F6A14FD6B38E395F
SMP NEGERI 1 TAPALANG BARAT,40600258,SMP,Negeri,Kec. Tapalang Barat,330106,Kab. Mamuju,330100,Prov. Sulawesi Barat,330000,16,9,211,8,12,2,1,21,22 Apr 2026 08:01:08,78F5D44A0895D84B9336
SMP NEGERI 2 TAPALANG BARAT,40600247,SMP,Negeri,Kec. Tapalang Barat,330106,Kab. Mamuju,330100,Prov. Sulawesi Barat,330000,12,4,163,6,9,2,1,21,01 May 2026 21:28:44,3213DD4F81D1E28ABC9F
SMPN 3 Tapalang Barat,40605175,SMP,Negeri,Kec. Tapalang Barat,330106,Kab. Mamuju,330100,Prov. Sulawesi Barat,330000,11,4,141,6,6,2,1,29,02 May 2026 17:07:18,A68D837D47C9FD3EAA04
SMPN 4 Tapalang Barat,60728496,SMP,Negeri,Kec. Tapalang Barat,330106,Kab. Mamuju,330100,Prov. Sulawesi Barat,330000,10,1,61,3,3,1,1,27,04 Apr 2026 09:59:32,A93E7A5EBEE87AC90A6B
UPTD SMA NEGERI 1 TAPALANG BARAT,69900176,SMA,Negeri,Kec. Tapalang Barat,330106,Kab. Mamuju,330100,Prov. Sulawesi Barat,330000,15,5,171,6,3,2,1,37,28 Apr 2026 07:42:16,3EBAED8D11176DFC81F8
UPTD SMKN 1 TAPALANG BARAT,40604358,SMK,Negeri,Kec. Tapalang Barat,330106,Kab. Mamuju,330100,Prov. Sulawesi Barat,330000,24,12,197,12,12,2,1,26,24 Apr 2026 07:15:29,C319C1B2F2DE19E1A3EA
SD Inp. Kalonding,40600335,SD,Negeri,Kec. Sampaga,330108,Kab. Mamuju,330100,Prov. Sulawesi Barat,330000,7,4,77,6,6,0,1,13,08 Apr 2026 04:48:40,BD9E539C6866CEE6B8B7
SD INPRES BUNDE,40600313,SD,Negeri,Kec. Sampaga,330108,Kab. Mamuju,330100,Prov. Sulawesi Barat,330000,14,3,248,12,13,0,1,33,02 Apr 2026 11:39:23,35509DF68C53903C4BBF
SD INPRES KUE,40600355,SD,Negeri,Kec. Sampaga,330108,Kab. Mamuju,330100,Prov. Sulawesi Barat,330000,9,1,134,6,6,0,1,31,30 Apr 2026 11:06:47,C1E864B9E6A0B15B4284
SD INPRES LOSSO,40600340,SD,Negeri,Kec. Sampaga,330108,Kab. Mamuju,330100,Prov. Sulawesi Barat,330000,8,2,126,6,6,0,2,10,01 Apr 2026 05:20:33,370A9D14FA665CC54A3E
SD INPRES PANGALOANG,40600486,SD,Negeri,Kec. Sampaga,330108,Kab. Mamuju,330100,Prov. Sulawesi Barat,330000,5,2,44,6,6,0,0,9,08 Apr 2026 19:19:51,F6B51E0DF28DA5D55573
SD INPRES SALUBARANA,40600510,SD,Negeri,Kec. Sampaga,330108,Kab. Mamuju,330100,Prov. Sulawesi Barat,330000,7,4,73,6,6,0,1,24,08 Apr 2026 23:28:57,485C1B69140F92B8D41A
SD INPRES SIDAL,40600463,SD,Negeri,Kec. Sampaga,330108,Kab. Mamuju,330100,Prov. Sulawesi Barat,330000,8,3,148,6,6,0,1,16,04 Apr 2026 08:21:14,F94802418B1C17B553A3
SD INPRES TARAILU,40600419,SD,Negeri,Kec. Sampaga,330108,Kab. Mamuju,330100,Prov. Sulawesi Barat,330000,18,3,329,15,15,0,1,47,17 Apr 2026 07:29:17,27C995F439131E4046F4
SD KECIL SALUMABONGI,40600287,SD,Negeri,Kec. Sampaga,330108,Kab. Mamuju,330100,Prov. Sulawesi Barat,330000,3,2,19,6,6,0,1,16,08 Apr 2026 05:42:33,DF9395421CC6603EB120
SD NEGERI KECIL PEDASI,40600191,SD,Negeri,Kec. Sampaga,330108,Kab. Mamuju,330100,Prov. Sulawesi Barat,330000,4,2,46,6,6,0,1,21,10 Mar 2026 07:39:52,AABE994E93BCA135144C
SD NEGERI KECIL TAKOSAN,40600103,SD,Negeri,Kec. Sampaga,330108,Kab. Mamuju,330100,Prov. Sulawesi Barat,330000,7,4,54,6,6,0,1,5,05 Mar 2026 10:20:55,B722AB3F5E4F860C4660
SD NEGERI TANAMBUAH,40600288,SD,Negeri,Kec. Sampaga,330108,Kab. Mamuju,330100,Prov. Sulawesi Barat,330000,6,3,38,6,6,0,0,12,25 Apr 2026 12:32:12,9A418404E2DB9A634179
SDN Surya,40605268,SD,Negeri,Kec. Sampaga,330108,Kab. Mamuju,330100,Prov. Sulawesi Barat,330000,2,1,44,6,6,0,0,13,08 Apr 2026 21:12:48,B595C8AE6461B7AE6504
SDN. Kecil Dato,40600184,SD,Negeri,Kec. Sampaga,330108,Kab. Mamuju,330100,Prov. Sulawesi Barat,330000,6,1,22,6,6,0,0,8,18 Apr 2026 09:52:08,2699EC74A1A2F5BF422B
SMP NEGERI 1 SAMPAGA,40600255,SMP,Negeri,Kec. Sampaga,330108,Kab. Mamuju,330100,Prov. Sulawesi Barat,330000,17,5,296,11,19,2,1,27,25 Apr 2026 08:38:34,86CF375AE0443BB9EB9A
SMP NEGERI 3 SAMPAGA,69859686,SMP,Negeri,Kec. Sampaga,330108,Kab. Mamuju,330100,Prov. Sulawesi Barat,330000,7,3,88,3,6,1,1,18,22 Apr 2026 09:31:30,3DECB6C5D72619D355DA
SMPN 2 Sampaga,40604820,SMP,Negeri,Kec. Sampaga,330108,Kab. Mamuju,330100,Prov. Sulawesi Barat,330000,9,4,44,3,6,1,1,21,21 Apr 2026 15:50:03,E0210D9C5329A5677C67
SMP S SALUKAYU IV,40600236,SMP,Swasta,Kec. Sampaga,330108,Kab. Mamuju,330100,Prov. Sulawesi Barat,330000,6,2,69,3,8,1,0,16,03 Mar 2026 20:45:45,6941FB7D8C36965B4AD0
SMPS ISLAM NURUL HUDA TARAILU,69897027,SMP,Swasta,Kec. Sampaga,330108,Kab. Mamuju,330100,Prov. Sulawesi Barat,330000,4,1,40,3,4,0,1,23,07 Mar 2026 13:42:45,5029C65767D7294BAF7A
UPTD SMAN 1 SAMPAGA,40604353,SMA,Negeri,Kec. Sampaga,330108,Kab. Mamuju,330100,Prov. Sulawesi Barat,330000,19,5,189,8,14,4,1,14,20 Apr 2026 07:08:08,67E2DFD16A7BE38E9A95
SD INPRES PULAU AMBO,40600487,SD,Negeri,Kec. Kep. Bala Balakang,330116,Kab. Mamuju,330100,Prov. Sulawesi Barat,330000,7,2,68,6,6,0,1,14,01 May 2026 13:25:42,8463ABDD8C729372E4C0
SD NEGERI KECIL PULAU LABIA,40600193,SD,Negeri,Kec. Kep. Bala Balakang,330116,Kab. Mamuju,330100,Prov. Sulawesi Barat,330000,10,2,27,6,6,0,0,19,22 Apr 2026 21:06:33,A11E77FED0896488C0C1
SD NEGERI KECIL PULAU POPOONGAN,40600194,SD,Negeri,Kec. Kep. Bala Balakang,330116,Kab. Mamuju,330100,Prov. Sulawesi Barat,330000,9,1,31,6,6,0,1,5,03 Mar 2026 21:35:50,7093AD02927B1D439089
SD NEGERI KECIL PULAU SABAKKATAN,40600196,SD,Negeri,Kec. Kep. Bala Balakang,330116,Kab. Mamuju,330100,Prov. Sulawesi Barat,330000,9,3,53,6,6,0,0,16,17 Apr 2026 12:51:08,2AA38B47A023D6BAAB76
SD NEGERI KECIL PULAU SALISSINGAN,40604306,SD,Negeri,Kec. Kep. Bala Balakang,330116,Kab. Mamuju,330100,Prov. Sulawesi Barat,330000,8,2,84,6,6,0,0,19,17 Apr 2026 20:44:50,C397817D5483199CC369
SDK. PULAU SABOEANG,40600195,SD,Negeri,Kec. Kep. Bala Balakang,330116,Kab. Mamuju,330100,Prov. Sulawesi Barat,330000,7,3,21,6,6,0,0,22,24 Apr 2026 13:21:01,127DD694DDAD79CA55D1
SDK. PULAU SAMATAHA,40604971,SD,Negeri,Kec. Kep. Bala Balakang,330116,Kab. Mamuju,330100,Prov. Sulawesi Barat,330000,4,0,6,4,7,0,0,11,14 Apr 2026 23:16:31,E7BD3C1EA83FA9CE39D7
SDN KECIL PULAU SELOANG,69775695,SD,Negeri,Kec. Kep. Bala Balakang,330116,Kab. Mamuju,330100,Prov. Sulawesi Barat,330000,5,1,8,5,6,0,0,8,01 May 2026 18:31:42,0CD3434F766B9AD9FBAA
SMPN 1 P. Bala-Balakang,40604639,SMP,Negeri,Kec. Kep. Bala Balakang,330116,Kab. Mamuju,330100,Prov. Sulawesi Barat,330000,10,2,32,3,3,0,1,25,30 Apr 2026 10:05:23,753B17995CCA06876D00
SMPN 2 P. Bala-Balakang,40605532,SMP,Negeri,Kec. Kep. Bala Balakang,330116,Kab. Mamuju,330100,Prov. Sulawesi Barat,330000,9,3,39,3,3,0,1,10,03 Mar 2026 11:46:15,556EAEDBFEC534945660
SD NEGERI 11 BAURUNG,40601182,SD,Negeri,Kec. Banggae Timur,330512,Kab. Majene,330500,Prov. Sulawesi Barat,330000,9,6,108,6,7,0,1,19,30 Apr 2026 18:51:21,A4E28E58433D5E07EE1C
SD NEGERI 12 PANGALE,40601184,SD,Negeri,Kec. Banggae Timur,330512,Kab. Majene,330500,Prov. Sulawesi Barat,330000,15,3,116,6,6,0,1,16,15 Apr 2026 09:52:09,8E17C83247D69BDE93AF
SD NEGERI 14 BARUGA,40601187,SD,Negeri,Kec. Banggae Timur,330512,Kab. Majene,330500,Prov. Sulawesi Barat,330000,9,5,39,5,6,1,1,15,22 Apr 2026 12:51:22,2B98349ACB73F11684DB
SD NEGERI 15 SEGERI,40601398,SD,Negeri,Kec. Banggae Timur,330512,Kab. Majene,330500,Prov. Sulawesi Barat,330000,12,4,48,6,6,0,2,28,27 Apr 2026 08:52:57,B3BA78C2F1F4CD73BF7A
SD NEGERI 2 KAMPUNG BARU,40601178,SD,Negeri,Kec. Banggae Timur,330512,Kab. Majene,330500,Prov. Sulawesi Barat,330000,27,9,518,19,23,0,1,31,16 Apr 2026 10:30:22,200C4E67337B11F68F83
SD NEGERI 28 TAMO,40601412,SD,Negeri,Kec. Banggae Timur,330512,Kab. Majene,330500,Prov. Sulawesi Barat,330000,18,5,248,11,12,0,1,72,23 Apr 2026 16:44:16,C254C35E011F5D92EDB4
SD NEGERI 29 PURRAU,40601414,SD,Negeri,Kec. Banggae Timur,330512,Kab. Majene,330500,Prov. Sulawesi Barat,330000,12,5,59,6,6,0,1,23,15 Apr 2026 07:43:00,11AE13578169667E67E6
SD NEGERI 30 LEMBANG,40601468,SD,Negeri,Kec. Banggae Timur,330512,Kab. Majene,330500,Prov. Sulawesi Barat,330000,8,5,17,6,6,0,1,8,03 Apr 2026 06:52:39,041EAC5672B2EBC3E8D0
SD NEGERI 32 BARANE,40601471,SD,Negeri,Kec. Banggae Timur,330512,Kab. Majene,330500,Prov. Sulawesi Barat,330000,13,4,110,6,6,0,1,14,07 Apr 2026 06:52:35,D92EBF88B6BE745A6EAC
SD NEGERI 36 BARUGA,40601430,SD,Negeri,Kec. Banggae Timur,330512,Kab. Majene,330500,Prov. Sulawesi Barat,330000,7,2,35,6,8,0,1,16,06 Apr 2026 02:51:32,1B6F300B1C9DAAAA5712
SD NEGERI 37 PUAWANG,40601474,SD,Negeri,Kec. Banggae Timur,330512,Kab. Majene,330500,Prov. Sulawesi Barat,330000,11,7,47,6,6,0,1,17,15 Apr 2026 04:57:39,7700293D3B534FF6C378
SD NEGERI 40 PAPPOTA,40601437,SD,Negeri,Kec. Banggae Timur,330512,Kab. Majene,330500,Prov. Sulawesi Barat,330000,14,4,91,6,6,0,1,15,01 May 2026 03:37:35,9390086C754346186ACE
SD NEGERI 56 KAMPUNG BARU,40601482,SD,Negeri,Kec. Banggae Timur,330512,Kab. Majene,330500,Prov. Sulawesi Barat,330000,13,4,98,6,6,0,1,18,15 Apr 2026 10:43:14,C4B8C9743ACF5B0F04C1
SD NEGERI 57 TANGNGA-TANGNGA,40601500,SD,Negeri,Kec. Banggae Timur,330512,Kab. Majene,330500,Prov. Sulawesi Barat,330000,13,4,110,6,6,0,1,19,30 Apr 2026 08:05:06,3673E65BDB7DBE0F63E2
SD NEGERI 58 PANGALE,40601483,SD,Negeri,Kec. Banggae Timur,330512,Kab. Majene,330500,Prov. Sulawesi Barat,330000,12,4,120,6,6,0,1,51,11 Apr 2026 13:53:47,6D2EFA09462501A76F42
SD NEGERI 6 KAMPUNG BARU,40601443,SD,Negeri,Kec. Banggae Timur,330512,Kab. Majene,330500,Prov. Sulawesi Barat,330000,20,6,339,12,12,0,1,15,17 Apr 2026 07:52:18,7E5FD0BD650EA5BC076E
SD NEGERI 60 LEMBANG,40602578,SD,Negeri,Kec. Banggae Timur,330512,Kab. Majene,330500,Prov. Sulawesi Barat,330000,23,6,322,12,12,0,1,31,30 Apr 2026 18:05:01,AA876252C307C48C672D
SD NEGERI 66 SIBUNOANG,69760558,SD,Negeri,Kec. Banggae Timur,330512,Kab. Majene,330500,Prov. Sulawesi Barat,330000,11,6,63,6,6,0,1,21,30 Apr 2026 11:20:14,BEEB66E284F8A0DBF32C
SD NEGERI 8 BUTTU SAMANG,40601174,SD,Negeri,Kec. Banggae Timur,330512,Kab. Majene,330500,Prov. Sulawesi Barat,330000,11,2,25,6,9,0,0,31,30 Apr 2026 20:04:30,CB6658093B50EDEEA620
SD NEGERI 9 TANDE,40601176,SD,Negeri,Kec. Banggae Timur,330512,Kab. Majene,330500,Prov. Sulawesi Barat,330000,11,3,23,6,6,0,1,16,29 Apr 2026 10:23:08,A25061602A85838FF5B8
SD NEGERI NO 4 TANJUNG BATU,40601168,SD,Negeri,Kec. Banggae Timur,330512,Kab. Majene,330500,Prov. Sulawesi Barat,330000,18,8,330,12,12,0,1,14,02 May 2026 09:43:49,A49AFC92A879AF68AB71
SD NEGERI NO. 44 INP. BUTTU,40602572,SD,Negeri,Kec. Banggae Timur,330512,Kab. Majene,330500,Prov. Sulawesi Barat,330000,8,5,63,6,6,0,1,7,22 Apr 2026 07:49:38,0C8E7DC57142E840F7AD
SD NEGERI NO.59 LIMBORO TIMUR,40602577,SD,Negeri,Kec. Banggae Timur,330512,Kab. Majene,330500,Prov. Sulawesi Barat,330000,10,4,36,6,7,0,1,16,30 Mar 2026 10:21:47,3E81BDC73BF22CA14492
SDN NO. 43 INP. BUTTU SAMANG,40602571,SD,Negeri,Kec. Banggae Timur,330512,Kab. Majene,330500,Prov. Sulawesi Barat,330000,10,3,115,6,6,0,1,34,01 May 2026 19:35:37,CB13918B2A7F55081A6D
SD ISLAM TERPADU TAHFIDZUL QUR AN,69989074,SD,Swasta,Kec. Banggae Timur,330512,Kab. Majene,330500,Prov. Sulawesi Barat,330000,27,8,462,18,20,0,0,21,21 Apr 2026 18:07:48,9AD67698608CCC064907
SD MUHAMMADIYAH 1 MAJENE,70061719,SD,Swasta,Kec. Banggae Timur,330512,Kab. Majene,330500,Prov. Sulawesi Barat,330000,0,0,0,0,0,0,0,0,,DDF6EE9F358D31FF3A00
SDIT AT TAUHID MAJENE,70028612,SD,Swasta,Kec. Banggae Timur,330512,Kab. Majene,330500,Prov. Sulawesi Barat,330000,5,2,22,5,5,0,0,5,16 Apr 2026 22:38:50,CCB6DC19F7FCFDCCD7D6
SMP NEGERI 2 MAJENE,40601306,SMP,Negeri,Kec. Banggae Timur,330512,Kab. Majene,330500,Prov. Sulawesi Barat,330000,49,21,481,17,21,3,1,38,15 Apr 2026 12:09:29,2CC91D10761E83169681
SMP NEGERI 3 MAJENE,40601195,SMP,Negeri,Kec. Banggae Timur,330512,Kab. Majene,330500,Prov. Sulawesi Barat,330000,59,15,719,23,23,4,1,70,30 Apr 2026 11:14:01,246FF055F951BA91AA88
SMP NEGERI 4 MAJENE,40601198,SMP,Negeri,Kec. Banggae Timur,330512,Kab. Majene,330500,Prov. Sulawesi Barat,330000,34,15,315,13,17,3,1,41,11 Apr 2026 10:15:05,9815A29214E870F87B3B
SMP NEGERI 5 MAJENE,40601302,SMP,Negeri,Kec. Banggae Timur,330512,Kab. Majene,330500,Prov. Sulawesi Barat,330000,11,10,76,3,6,3,1,14,30 Apr 2026 20:08:22,7BD3FEE2B40108D7DCB4
SMP NEGERI 7 SATU ATAP BAURUNG MAJENE,40604282,SMP,Negeri,Kec. Banggae Timur,330512,Kab. Majene,330500,Prov. Sulawesi Barat,330000,16,8,184,8,8,0,1,27,01 May 2026 11:16:02,9F4829AB6BCF2A05F1C9
SMP NEGERI 8 SATU ATAP SEGERI MAJENE,40605481,SMP,Negeri,Kec. Banggae Timur,330512,Kab. Majene,330500,Prov. Sulawesi Barat,330000,11,10,32,3,3,1,1,32,06 Apr 2026 17:46:14,053AFFA9B4997B62EAA7
SMP AL-QALAM HIDAYATULLAH MAJENE,70046343,SMP,Swasta,Kec. Banggae Timur,330512,Kab. Majene,330500,Prov. Sulawesi Barat,330000,7,2,43,3,3,1,0,12,16 Apr 2026 11:40:05,0F5EC0FC39BA2B390BEC
SMP ISLAM TANDE,40602583,SMP,Swasta,Kec. Banggae Timur,330512,Kab. Majene,330500,Prov. Sulawesi Barat,330000,11,4,94,4,4,0,1,20,09 Feb 2026 09:42:04,42E2EDBF16CA95896267
SMP ISLAM TERPADU TAHFIDZUL QUR AN,70031655,SMP,Swasta,Kec. Banggae Timur,330512,Kab. Majene,330500,Prov. Sulawesi Barat,330000,4,1,43,3,3,0,0,27,16 Apr 2026 20:47:37,DB1A52BEEE7FCADA9941
UPTD SMAN 1 MAJENE,40601308,SMA,Negeri,Kec. Banggae Timur,330512,Kab. Majene,330500,Prov. Sulawesi Barat,330000,58,21,720,21,21,5,1,100,02 May 2026 15:07:50,424A90B8DBA740782102
UPTD SMAN 2 MAJENE,40601311,SMA,Negeri,Kec. Banggae Timur,330512,Kab. Majene,330500,Prov. Sulawesi Barat,330000,60,36,922,26,28,6,1,40,01 May 2026 10:42:44,3C354B1342E825DA0711
UPTD SMAN 3 MAJENE,40602586,SMA,Negeri,Kec. Banggae Timur,330512,Kab. Majene,330500,Prov. Sulawesi Barat,330000,35,28,407,15,17,3,1,27,21 Apr 2026 21:47:51,B95808298B437761337E
UPTD SMKN 1 MAJENE,40601489,SMK,Negeri,Kec. Banggae Timur,330512,Kab. Majene,330500,Prov. Sulawesi Barat,330000,53,24,494,22,23,3,1,58,24 Apr 2026 11:00:51,56368447BB827019E8E2
UPTD SMKN 2 MAJENE,40601315,SMK,Negeri,Kec. Banggae Timur,330512,Kab. Majene,330500,Prov. Sulawesi Barat,330000,84,71,1044,36,28,3,1,94,02 May 2026 13:01:59,EC35C0CB194286A88DD1
SD NEGERI 1 SALEPPA,40601192,SD,Negeri,Kec. Banggae,330509,Kab. Majene,330500,Prov. Sulawesi Barat,330000,23,11,307,12,12,0,1,19,25 Apr 2026 10:25:12,E0C55B5198B4A384D92A
SD NEGERI 10 GALUNG,40601181,SD,Negeri,Kec. Banggae,330509,Kab. Majene,330500,Prov. Sulawesi Barat,330000,10,3,89,6,6,0,1,14,09 Apr 2026 23:52:52,2CE18BB004E4D50915AE
SD NEGERI 16 GAROGO,40601191,SD,Negeri,Kec. Banggae,330509,Kab. Majene,330500,Prov. Sulawesi Barat,330000,24,5,240,12,13,0,1,21,15 Apr 2026 10:35:36,C9CA485F0F5EB5B5F4D4
SD NEGERI 17 CAMBA,40602563,SD,Negeri,Kec. Banggae,330509,Kab. Majene,330500,Prov. Sulawesi Barat,330000,11,4,139,6,6,0,1,25,16 Apr 2026 11:51:54,90CFA2D54D45F3FCE546
SD NEGERI 18 DETENG-DETENG,40602564,SD,Negeri,Kec. Banggae,330509,Kab. Majene,330500,Prov. Sulawesi Barat,330000,12,6,159,6,6,0,1,12,24 Apr 2026 09:04:04,DDBE72BD88AA0EA20065
SD NEGERI 19 RANGAS,40602565,SD,Negeri,Kec. Banggae,330509,Kab. Majene,330500,Prov. Sulawesi Barat,330000,18,8,255,10,10,0,1,12,01 May 2026 20:21:28,73D38A250CC0543C3057
SD NEGERI 20 RANGAS,40601403,SD,Negeri,Kec. Banggae,330509,Kab. Majene,330500,Prov. Sulawesi Barat,330000,18,8,258,12,9,0,2,66,29 Apr 2026 22:43:51,9F46F91B3917CFD04118
SD NEGERI 22 SOREANG,40602568,SD,Negeri,Kec. Banggae,330509,Kab. Majene,330500,Prov. Sulawesi Barat,330000,14,4,150,6,6,0,1,8,21 Apr 2026 09:01:14,E83914B75DE7215550C6
SD NEGERI 23 MANGGE,40602569,SD,Negeri,Kec. Banggae,330509,Kab. Majene,330500,Prov. Sulawesi Barat,330000,12,7,145,6,6,1,1,19,09 Apr 2026 07:58:58,191011F4D1A6DA89A9F9
SD NEGERI 24 SALEPPA,40601463,SD,Negeri,Kec. Banggae,330509,Kab. Majene,330500,Prov. Sulawesi Barat,330000,16,6,179,8,8,0,1,14,13 Apr 2026 10:38:10,FFBB1BC3C0172B094F29
SD NEGERI 26 PAKKOLA,40601408,SD,Negeri,Kec. Banggae,330509,Kab. Majene,330500,Prov. Sulawesi Barat,330000,18,10,220,11,10,0,1,23,02 May 2026 12:37:47,B4033EC23BDE0A766885
SD NEGERI 31 TEPPO,40601470,SD,Negeri,Kec. Banggae,330509,Kab. Majene,330500,Prov. Sulawesi Barat,330000,9,4,153,6,7,0,1,12,01 May 2026 06:18:45,8E569761B5A862A0AF45
SD NEGERI 34 DETENG DETENG,40601426,SD,Negeri,Kec. Banggae,330509,Kab. Majene,330500,Prov. Sulawesi Barat,330000,13,5,137,6,6,0,1,12,22 Apr 2026 08:01:19,F16F744FC78B3A6F6C5F
SD NEGERI 35 PANGGALO,40601429,SD,Negeri,Kec. Banggae,330509,Kab. Majene,330500,Prov. Sulawesi Barat,330000,11,6,130,6,7,0,1,17,16 Apr 2026 08:11:15,3F54EE3BB41652DCF8DF
SD NEGERI 38 KOTA,40601431,SD,Negeri,Kec. Banggae,330509,Kab. Majene,330500,Prov. Sulawesi Barat,330000,11,5,30,6,6,0,1,10,17 Apr 2026 19:26:12,91763D0A90AF3BB9506F
SD NEGERI 39 CILALLANG,40601433,SD,Negeri,Kec. Banggae,330509,Kab. Majene,330500,Prov. Sulawesi Barat,330000,11,3,124,6,10,0,1,24,02 Apr 2026 12:42:19,ED2B8CFCD6B291905A30
SD NEGERI 41 RANGAS,40602570,SD,Negeri,Kec. Banggae,330509,Kab. Majene,330500,Prov. Sulawesi Barat,330000,13,6,161,9,9,0,1,21,24 Apr 2026 08:31:34,48D8AFC56A9B733BD416
SD NEGERI 48 GALUNG,40602573,SD,Negeri,Kec. Banggae,330509,Kab. Majene,330500,Prov. Sulawesi Barat,330000,9,2,82,6,6,1,1,33,07 Apr 2026 09:02:57,2BC1E59C718FBD42B3C0
SD NEGERI 5 PANGALI ALI,40601166,SD,Negeri,Kec. Banggae,330509,Kab. Majene,330500,Prov. Sulawesi Barat,330000,23,3,265,12,12,0,1,26,27 Apr 2026 22:22:12,6F494221B7F782DA5A6E
SD NEGERI 50 INPRES KONJA,40601499,SD,Negeri,Kec. Banggae,330509,Kab. Majene,330500,Prov. Sulawesi Barat,330000,10,5,100,6,6,0,1,18,14 Apr 2026 09:51:59,F8A1E5F18C593A847021
SD NEGERI 51 GALUNG PAARA,40602575,SD,Negeri,Kec. Banggae,330509,Kab. Majene,330500,Prov. Sulawesi Barat,330000,14,6,102,6,6,0,1,26,30 Apr 2026 11:10:54,8463297E745B5DFA9671
SD NEGERI 52 PALIPI,40601480,SD,Negeri,Kec. Banggae,330509,Kab. Majene,330500,Prov. Sulawesi Barat,330000,15,3,86,6,6,0,1,14,03 Apr 2026 19:33:26,FCF7587057915FCC4C51
SD NEGERI 54 INPRES RANGAS,40602576,SD,Negeri,Kec. Banggae,330509,Kab. Majene,330500,Prov. Sulawesi Barat,330000,17,7,197,10,11,0,1,13,29 Apr 2026 11:51:50,7AFBFFB307E694A99C68
SD NEGERI 55 DETENG-DETENG,40601481,SD,Negeri,Kec. Banggae,330509,Kab. Majene,330500,Prov. Sulawesi Barat,330000,10,6,126,6,6,1,1,39,17 Apr 2026 10:19:32,3625F57D205F90E71F9C
SD NEGERI 61 COPALA,40602579,SD,Negeri,Kec. Banggae,330509,Kab. Majene,330500,Prov. Sulawesi Barat,330000,15,4,44,6,6,0,1,24,28 Apr 2026 18:24:00,C683A642F5E6091D2AFF
SD NEGERI 62 SALABOSE,40601484,SD,Negeri,Kec. Banggae,330509,Kab. Majene,330500,Prov. Sulawesi Barat,330000,13,2,60,6,6,0,0,13,07 Apr 2026 07:24:37,D30D7518373607BCAABD
SD NEGERI 63 DETENG-DETENG,40602580,SD,Negeri,Kec. Banggae,330509,Kab. Majene,330500,Prov. Sulawesi Barat,330000,12,5,98,6,6,0,0,19,28 Apr 2026 22:17:58,A7EFF54B425DA45245C6
SD NEGERI 65 GALUNG,40601501,SD,Negeri,Kec. Banggae,330509,Kab. Majene,330500,Prov. Sulawesi Barat,330000,14,3,64,6,6,0,1,25,05 Mar 2026 11:18:44,9440512BEF8FF7209C35
SD NEGERI 7 SALABOSE,40601173,SD,Negeri,Kec. Banggae,330509,Kab. Majene,330500,Prov. Sulawesi Barat,330000,9,5,98,6,6,0,1,11,04 Mar 2026 09:03:41,A6EB09DD1350C5986D05
SD NEGERI NO. 21 PAMBOBORANG,40602566,SD,Negeri,Kec. Banggae,330509,Kab. Majene,330500,Prov. Sulawesi Barat,330000,13,7,78,6,7,0,1,17,21 Apr 2026 15:43:46,5252976BE4FBA6FCAC74
SD NEGERI NO.49 INPRES PASANGGRAHAN,40602574,SD,Negeri,Kec. Banggae,330509,Kab. Majene,330500,Prov. Sulawesi Barat,330000,22,2,211,12,12,0,1,36,23 Apr 2026 08:07:35,0135EC40A9EA0EA784C6
SMP NEGERI 1 MAJENE,40601316,SMP,Negeri,Kec. Banggae,330509,Kab. Majene,330500,Prov. Sulawesi Barat,330000,47,30,527,17,19,2,1,31,30 Apr 2026 11:23:37,1F74D8084D5D36B207EC
SMP NEGERI 6 MAJENE,40601319,SMP,Negeri,Kec. Banggae,330509,Kab. Majene,330500,Prov. Sulawesi Barat,330000,43,20,346,12,18,2,1,27,30 Apr 2026 08:25:54,854668F46F1D12F9FA1D
SMP NEGERI 9 MAJENE,69950503,SMP,Negeri,Kec. Banggae,330509,Kab. Majene,330500,Prov. Sulawesi Barat,330000,22,11,103,4,6,2,1,49,27 Apr 2026 11:17:50,E272D05C8EAA0DF01F36
UPTD SMKN 5 MAJENE,40601491,SMK,Negeri,Kec. Banggae,330509,Kab. Majene,330500,Prov. Sulawesi Barat,330000,51,30,429,23,29,6,1,57,29 Apr 2026 11:48:18,3174F7F7ED7CC15665D7
SMK MEGA LINK MAJENE,69795846,SMK,Swasta,Kec. Banggae,330509,Kab. Majene,330500,Prov. Sulawesi Barat,330000,5,5,79,3,3,0,1,14,16 Apr 2026 10:25:37,D2E81EE148701914FE7E
SD NEGERI NO 1 MOSSO,40601387,SD,Negeri,Kec. Sendana,330510,Kab. Majene,330500,Prov. Sulawesi Barat,330000,14,5,121,6,6,0,1,16,28 Apr 2026 19:39:58,4085E20149C7FE2A1A0B
SD NEGERI NO 10 PALLA PALLANG,40601487,SD,Negeri,Kec. Sendana,330510,Kab. Majene,330500,Prov. Sulawesi Barat,330000,10,5,91,6,9,0,1,14,30 Apr 2026 18:33:44,B47772BD748E3CF0930E
SD NEGERI NO 18 PUTTADA,40601400,SD,Negeri,Kec. Sendana,330510,Kab. Majene,330500,Prov. Sulawesi Barat,330000,13,7,110,6,6,0,1,42,30 Apr 2026 21:46:26,3E5659EDFE83458D3633
SD NEGERI NO 19 LIMBORO,40602085,SD,Negeri,Kec. Sendana,330510,Kab. Majene,330500,Prov. Sulawesi Barat,330000,9,9,153,6,6,0,1,14,23 Apr 2026 10:08:00,C30F48EECCE69F481A7E
SD NEGERI NO 2 APOANG,40601179,SD,Negeri,Kec. Sendana,330510,Kab. Majene,330500,Prov. Sulawesi Barat,330000,13,6,143,7,7,0,1,13,14 Apr 2026 20:41:35,63E692A54A76A456B5A0
SD NEGERI NO 20 SOMBA,40601457,SD,Negeri,Kec. Sendana,330510,Kab. Majene,330500,Prov. Sulawesi Barat,330000,12,8,139,6,6,0,1,16,18 Apr 2026 07:44:45,6AB762D4EEE4A50A6F98
SD NEGERI NO 21 TOTOLISI,40601459,SD,Negeri,Kec. Sendana,330510,Kab. Majene,330500,Prov. Sulawesi Barat,330000,12,10,90,6,6,0,1,39,29 Apr 2026 07:59:20,4EFD5401A11E90ACD485
SD NEGERI NO 25 APOANG,40601355,SD,Negeri,Kec. Sendana,330510,Kab. Majene,330500,Prov. Sulawesi Barat,330000,11,10,76,6,6,0,1,21,27 Apr 2026 08:24:39,259D9B46B7225837D05C
SD NEGERI NO 28 PUTTADA,40601466,SD,Negeri,Kec. Sendana,330510,Kab. Majene,330500,Prov. Sulawesi Barat,330000,11,6,101,6,6,0,1,31,29 Apr 2026 17:57:13,840C2D5BB0A8B4A34041
SD NEGERI NO 29 TOTOLISI,40601170,SD,Negeri,Kec. Sendana,330510,Kab. Majene,330500,Prov. Sulawesi Barat,330000,12,8,90,6,6,0,2,31,23 Apr 2026 08:20:46,5B9438FF0E1EEB0C74D3
SD NEGERI NO 3 SOMBA,40601417,SD,Negeri,Kec. Sendana,330510,Kab. Majene,330500,Prov. Sulawesi Barat,330000,13,7,136,6,10,0,1,37,23 Apr 2026 08:23:11,FD75BEE598E6E2F7ECE6
SD NEGERI NO 35 PUMBALLAR,40602099,SD,Negeri,Kec. Sendana,330510,Kab. Majene,330500,Prov. Sulawesi Barat,330000,14,1,35,6,6,0,1,8,28 Jan 2026 07:41:25,4F5BF4FF98A62B88DD03
SD NEGERI NO 36 SOMBA,40601358,SD,Negeri,Kec. Sendana,330510,Kab. Majene,330500,Prov. Sulawesi Barat,330000,12,8,139,6,7,0,1,15,04 Mar 2026 03:30:20,02920E392D925AE69C0D
SD NEGERI NO 4 LAKKADING,40601435,SD,Negeri,Kec. Sendana,330510,Kab. Majene,330500,Prov. Sulawesi Barat,330000,11,4,123,6,6,0,1,13,30 Apr 2026 21:12:41,76D33915533AAC0FB761
SD NEGERI NO 41 PAMINGGALANG,40601475,SD,Negeri,Kec. Sendana,330510,Kab. Majene,330500,Prov. Sulawesi Barat,330000,12,6,62,6,6,0,0,11,13 Apr 2026 08:53:30,7494191BE7BC6B718296
SD NEGERI NO 42 PALIPI,40601477,SD,Negeri,Kec. Sendana,330510,Kab. Majene,330500,Prov. Sulawesi Barat,330000,11,7,71,6,6,0,1,9,02 May 2026 19:30:26,D8C34921D6F637A75291
SD NEGERI NO 45 PARASSANGAN,40601375,SD,Negeri,Kec. Sendana,330510,Kab. Majene,330500,Prov. Sulawesi Barat,330000,11,4,87,6,6,0,1,15,22 Apr 2026 11:27:59,9B03D6EFE198853E77C2
SD NEGERI NO 47 LABUANG,40601439,SD,Negeri,Kec. Sendana,330510,Kab. Majene,330500,Prov. Sulawesi Barat,330000,20,4,149,7,8,0,1,58,24 Apr 2026 16:14:40,A00B9C3B13D2C389315E
SD NEGERI NO 48 TULLU BULAN,40601167,SD,Negeri,Kec. Sendana,330510,Kab. Majene,330500,Prov. Sulawesi Barat,330000,11,8,100,6,6,0,1,21,02 Mar 2026 22:16:12,C9367AA970126FF72E19
SD NEGERI NO 5 TAPPAGALUNG,40601171,SD,Negeri,Kec. Sendana,330510,Kab. Majene,330500,Prov. Sulawesi Barat,330000,15,10,135,6,7,0,1,34,28 Apr 2026 14:48:53,900D69854241327EB10F
SD NEGERI NO 6 TINGGAS,40601445,SD,Negeri,Kec. Sendana,330510,Kab. Majene,330500,Prov. Sulawesi Barat,330000,12,6,53,6,6,0,1,28,30 Apr 2026 11:50:39,1B77C986C96824CC89D5
SD NEGERI NO 7 BINANGA,40601172,SD,Negeri,Kec. Sendana,330510,Kab. Majene,330500,Prov. Sulawesi Barat,330000,15,6,112,6,6,0,1,60,22 Apr 2026 18:50:19,AD5CD6C9C2829AE233D4
SD NEGERI NO 8 TOTOLISI,40601449,SD,Negeri,Kec. Sendana,330510,Kab. Majene,330500,Prov. Sulawesi Barat,330000,11,5,121,6,6,0,1,47,21 Apr 2026 19:28:43,B3B5038253A505335905
SD NEGERI NO 9 BANUA,40601175,SD,Negeri,Kec. Sendana,330510,Kab. Majene,330500,Prov. Sulawesi Barat,330000,13,3,136,6,7,0,1,38,17 Apr 2026 07:35:39,1B89A871C6853DBC10F2
SD ISLAM DARUL HIKMAH,69962418,SD,Swasta,Kec. Sendana,330510,Kab. Majene,330500,Prov. Sulawesi Barat,330000,4,2,44,6,6,0,0,16,19 Apr 2026 04:27:43,350D4077FCFFEBC08D22
SMP NEGERI 1 SENDANA,40601307,SMP,Negeri,Kec. Sendana,330510,Kab. Majene,330500,Prov. Sulawesi Barat,330000,47,26,518,17,15,3,2,55,30 Apr 2026 09:46:54,4617E69D117B6286FEB4
SMP NEGERI 2 SENDANA,40601194,SMP,Negeri,Kec. Sendana,330510,Kab. Majene,330500,Prov. Sulawesi Barat,330000,27,15,176,7,9,4,1,23,20 Apr 2026 10:46:00,5DF7BF6B8F023773AF51
SMP NEGERI 5 SENDANA,40601304,SMP,Negeri,Kec. Sendana,330510,Kab. Majene,330500,Prov. Sulawesi Barat,330000,16,13,73,3,6,2,1,54,09 Apr 2026 08:06:32,E2C7435C29A03C2C191F
SMP NEGERI 8 SATAP SENDANA,40605157,SMP,Negeri,Kec. Sendana,330510,Kab. Majene,330500,Prov. Sulawesi Barat,330000,12,7,39,3,4,1,1,29,02 Apr 2026 21:02:58,497B05AD13510A2E5A7F
SMP NEGERI 9 SATAP SENDANA,40605534,SMP,Negeri,Kec. Sendana,330510,Kab. Majene,330500,Prov. Sulawesi Barat,330000,11,5,21,3,3,1,1,24,24 Apr 2026 15:05:40,2158509F4D966EEB73AF
SMP ISLAM DARUL HIKMAH,69964079,SMP,Swasta,Kec. Sendana,330510,Kab. Majene,330500,Prov. Sulawesi Barat,330000,7,1,40,3,1,0,1,13,18 Apr 2026 09:10:51,95F723A5E3E94C3FB4CF
UPTD SMAN 1 SENDANA,40601310,SMA,Negeri,Kec. Sendana,330510,Kab. Majene,330500,Prov. Sulawesi Barat,330000,46,26,619,19,22,5,1,60,23 Apr 2026 13:49:01,A9C869EA8E3189068F6E
UPTD SMKN 8 MAJENE,69766213,SMK,Negeri,Kec. Sendana,330510,Kab. Majene,330500,Prov. Sulawesi Barat,330000,40,52,243,17,18,5,1,51,29 Apr 2026 08:18:49,9065B6AC727F9D305841
SMK HARAPAN BANGSA MAJENE,69940165,SMK,Swasta,Kec. Sendana,330510,Kab. Majene,330500,Prov. Sulawesi Barat,330000,6,5,73,3,2,1,1,22,14 Apr 2026 01:46:20,798F22C3A0E80D550835
SMKS  AL-QADRI MAJENE,69970464,SMK,Swasta,Kec. Sendana,330510,Kab. Majene,330500,Prov. Sulawesi Barat,330000,2,2,20,6,6,1,0,4,22 Apr 2026 22:34:32,459597338AEF96B43A0D
SMKS ISLAM  PONIANG,40605310,SMK,Swasta,Kec. Sendana,330510,Kab. Majene,330500,Prov. Sulawesi Barat,330000,21,8,184,7,6,1,1,31,01 May 2026 18:11:43,BE19D75A9174B79FA7B0
SD NEGERI NO 1 LUAOR,40602087,SD,Negeri,Kec. Pamboang,330502,Kab. Majene,330500,Prov. Sulawesi Barat,330000,22,6,248,12,13,0,1,9,19 Jan 2026 09:56:44,988BAB9DA775B1E42377
SD NEGERI NO 10 RATTE,40601388,SD,Negeri,Kec. Pamboang,330502,Kab. Majene,330500,Prov. Sulawesi Barat,330000,11,2,92,6,6,0,1,42,15 Apr 2026 05:19:12,E796CC429614C3E52089
SD NEGERI NO 11 GALUNG,40601390,SD,Negeri,Kec. Pamboang,330502,Kab. Majene,330500,Prov. Sulawesi Barat,330000,11,7,79,6,7,0,1,19,02 May 2026 15:35:51,6A1D3459D8B9ABD29D29
SD NEGERI NO 12 TIMBOGADING,40601393,SD,Negeri,Kec. Pamboang,330502,Kab. Majene,330500,Prov. Sulawesi Barat,330000,12,7,83,6,6,0,1,33,02 Apr 2026 23:16:32,D9490C815863616F7286
SD NEGERI NO 13 PALLARANGAN,40601395,SD,Negeri,Kec. Pamboang,330502,Kab. Majene,330500,Prov. Sulawesi Barat,330000,12,9,43,6,12,0,2,12,08 Apr 2026 05:48:15,6B21898E553D1F709A89
SD NEGERI NO 14 SIMBANG,40601396,SD,Negeri,Kec. Pamboang,330502,Kab. Majene,330500,Prov. Sulawesi Barat,330000,15,5,30,6,6,0,0,16,01 May 2026 17:34:20,D71045128BC3FD8F8DC4
SD NEGERI NO 15 PARALLITANG,40601397,SD,Negeri,Kec. Pamboang,330502,Kab. Majene,330500,Prov. Sulawesi Barat,330000,18,5,50,6,6,0,1,32,30 Apr 2026 08:22:20,B55FC58D101F34C79E3A
SD NEGERI NO 16 PUARE,40602079,SD,Negeri,Kec. Pamboang,330502,Kab. Majene,330500,Prov. Sulawesi Barat,330000,12,2,63,6,6,0,1,15,07 Feb 2026 09:02:16,A7FACA83218C4138C589
SD NEGERI NO 17 GALUNG-GALUNG,40602081,SD,Negeri,Kec. Pamboang,330502,Kab. Majene,330500,Prov. Sulawesi Barat,330000,13,7,126,6,11,1,1,62,28 Apr 2026 14:37:27,D39E469A5361864EA078
SD NEGERI NO 18 BABABULO,40601453,SD,Negeri,Kec. Pamboang,330502,Kab. Majene,330500,Prov. Sulawesi Barat,330000,16,3,142,7,14,0,3,19,11 Apr 2026 09:51:59,13B3E38E67E53BB71C4F
SD NEGERI NO 2 BABABULO,40601401,SD,Negeri,Kec. Pamboang,330502,Kab. Majene,330500,Prov. Sulawesi Barat,330000,19,3,221,12,12,0,0,26,30 Apr 2026 10:04:49,EFF32FF432C4C86816AA
SD NEGERI NO 20 AMBAWE,40601455,SD,Negeri,Kec. Pamboang,330502,Kab. Majene,330500,Prov. Sulawesi Barat,330000,9,4,67,6,6,0,1,4,07 Apr 2026 09:45:36,503ACA6F97DA1FEF5459
SD NEGERI NO 23 SIRINDU,40602093,SD,Negeri,Kec. Pamboang,330502,Kab. Majene,330500,Prov. Sulawesi Barat,330000,14,3,104,6,6,2,1,13,16 Apr 2026 01:08:14,820EEE31D68CDBD55217
SD NEGERI NO 24 LUAOR,40601462,SD,Negeri,Kec. Pamboang,330502,Kab. Majene,330500,Prov. Sulawesi Barat,330000,18,11,204,11,12,0,1,12,08 Apr 2026 20:05:43,36565A6A60BA935C28C4
SD NEGERI NO 26 INPRES ADOLANG,40601465,SD,Negeri,Kec. Pamboang,330502,Kab. Majene,330500,Prov. Sulawesi Barat,330000,13,5,61,6,6,0,1,21,20 Apr 2026 09:51:53,0C7A4FC1F7E6E2CD8C9D
SD NEGERI NO 28 LUAOR,40602098,SD,Negeri,Kec. Pamboang,330502,Kab. Majene,330500,Prov. Sulawesi Barat,330000,24,8,212,11,14,0,1,47,26 Apr 2026 11:39:25,BB84ED2B8BE0EE49D698
SD NEGERI NO 3 TINAMBUNG,40601418,SD,Negeri,Kec. Pamboang,330502,Kab. Majene,330500,Prov. Sulawesi Barat,330000,15,2,167,7,15,0,1,13,15 Apr 2026 15:45:40,F6656E648451956E52F4
SD NEGERI NO 30 INPRES KAIDA,40601420,SD,Negeri,Kec. Pamboang,330502,Kab. Majene,330500,Prov. Sulawesi Barat,330000,10,8,72,6,8,0,2,29,23 Apr 2026 18:42:50,F084E67E01C95E559C3F
SD NEGERI NO 32 INPRES MONGEARE,40601472,SD,Negeri,Kec. Pamboang,330502,Kab. Majene,330500,Prov. Sulawesi Barat,330000,10,5,43,6,6,0,1,39,07 Mar 2026 06:02:23,951FD8AE8C72B52A8F1E
SD NEGERI NO 34 RAWANG,40601427,SD,Negeri,Kec. Pamboang,330502,Kab. Majene,330500,Prov. Sulawesi Barat,330000,13,8,62,6,6,0,1,4,13 Feb 2026 07:27:52,85155DA2BECFD64FD19A
SD NEGERI NO 35 COCI,40604726,SD,Negeri,Kec. Pamboang,330502,Kab. Majene,330500,Prov. Sulawesi Barat,330000,10,3,44,6,6,0,1,18,11 Apr 2026 21:05:30,4B4516EE9ECC093A0BF8
SD NEGERI NO 4 GALUNG GALUNG,40601434,SD,Negeri,Kec. Pamboang,330502,Kab. Majene,330500,Prov. Sulawesi Barat,330000,11,8,98,6,6,0,1,33,02 Apr 2026 18:23:35,624D06831508721181BB
SD NEGERI NO 6 BALOMBONG,40602112,SD,Negeri,Kec. Pamboang,330502,Kab. Majene,330500,Prov. Sulawesi Barat,330000,15,4,145,7,12,0,2,30,02 May 2026 09:53:48,F8FA5E3B34DF35622623
SD NEGERI NO 7 ULU BALOMBONG,40601446,SD,Negeri,Kec. Pamboang,330502,Kab. Majene,330500,Prov. Sulawesi Barat,330000,16,6,120,6,13,0,2,9,03 Mar 2026 10:49:43,A8D0695D7359F4F369CE
SD NEGERI NO 8 SIRINDU,40601448,SD,Negeri,Kec. Pamboang,330502,Kab. Majene,330500,Prov. Sulawesi Barat,330000,13,5,52,6,7,0,1,22,28 Apr 2026 16:59:16,3572799EA4D8781B929A
SD NEGERI NO 9 PESAPOANG,40601450,SD,Negeri,Kec. Pamboang,330502,Kab. Majene,330500,Prov. Sulawesi Barat,330000,13,4,46,6,6,0,1,36,20 Apr 2026 10:05:54,D6D8C1F2B5EAC8B71165
SD NEGERI NO. 19 INPRES LUAOR,40601454,SD,Negeri,Kec. Pamboang,330502,Kab. Majene,330500,Prov. Sulawesi Barat,330000,14,3,123,6,6,0,1,13,30 Apr 2026 08:27:12,3136DB1B88C3490521B9
SD NEGERI No. 36 BELIA,40605162,SD,Negeri,Kec. Pamboang,330502,Kab. Majene,330500,Prov. Sulawesi Barat,330000,15,4,49,6,6,0,1,24,21 Apr 2026 22:29:30,A4B32B19E3D8801FF62E
SMP NEGERI 1 PAMBOANG,40601318,SMP,Negeri,Kec. Pamboang,330502,Kab. Majene,330500,Prov. Sulawesi Barat,330000,28,17,233,11,12,1,1,43,22 Apr 2026 07:59:25,FF2D7C09BB3853721848
SMP NEGERI 2 PAMBOANG,40601305,SMP,Negeri,Kec. Pamboang,330502,Kab. Majene,330500,Prov. Sulawesi Barat,330000,26,15,206,9,10,2,1,48,13 Apr 2026 04:32:16,3BCF1436E0AF442243BD
SMP NEGERI 3 PAMBOANG,40601196,SMP,Negeri,Kec. Pamboang,330502,Kab. Majene,330500,Prov. Sulawesi Barat,330000,18,14,189,7,9,2,1,21,26 Apr 2026 06:33:04,2078F4846C49865D2C0E
SMP NEGERI 4 PAMBOANG,40601300,SMP,Negeri,Kec. Pamboang,330502,Kab. Majene,330500,Prov. Sulawesi Barat,330000,17,7,78,4,7,2,2,20,08 Apr 2026 19:23:37,678046A35B992940B300
SMP NEGERI 5 PAMBOANG,40604372,SMP,Negeri,Kec. Pamboang,330502,Kab. Majene,330500,Prov. Sulawesi Barat,330000,22,20,139,6,6,1,1,12,28 Apr 2026 10:30:45,C3F28FC278181E092711
SMP NEGERI 6 SATAP PAMBOANG,40605626,SMP,Negeri,Kec. Pamboang,330502,Kab. Majene,330500,Prov. Sulawesi Barat,330000,16,12,32,3,3,1,1,41,28 Apr 2026 07:54:37,6D8D664492A50A41C577
SMP NEGERI 7 SATAP PAMBOANG,69772701,SMP,Negeri,Kec. Pamboang,330502,Kab. Majene,330500,Prov. Sulawesi Barat,330000,15,4,36,3,3,1,1,20,01 May 2026 08:42:25,E3F68C8ACDB7FF3CB59B
SMP NEGERI NO. 8 SATAP PAMBOANG,69950500,SMP,Negeri,Kec. Pamboang,330502,Kab. Majene,330500,Prov. Sulawesi Barat,330000,15,2,22,3,3,1,1,18,25 Apr 2026 21:39:15,3BADF081B90B81D2C54A
UPTD SMAN 1 PAMBOANG,40601309,SMA,Negeri,Kec. Pamboang,330502,Kab. Majene,330500,Prov. Sulawesi Barat,330000,39,27,550,17,21,6,1,30,02 May 2026 12:26:49,4F6C64CF36F4E8331A0F
UPTD SMKN 3 MAJENE,40601313,SMK,Negeri,Kec. Pamboang,330502,Kab. Majene,330500,Prov. Sulawesi Barat,330000,37,15,372,19,20,8,1,58,01 May 2026 10:15:47,97010542B8C409509591
SD NEGERI 38 PAO-PAO,69769375,SD,Negeri,Kec. Malunda,330511,Kab. Majene,330500,Prov. Sulawesi Barat,330000,15,3,93,6,7,0,1,22,29 Apr 2026 09:11:26,385EEFC3601A82377C1E
SD NEGERI 39 BATUSUSUN,69760559,SD,Negeri,Kec. Malunda,330511,Kab. Majene,330500,Prov. Sulawesi Barat,330000,12,2,73,6,7,0,1,12,06 Mar 2026 18:23:14,9D38C54099F29E166529
SD NEGERI NO 1 SASENDE,40602088,SD,Negeri,Kec. Malunda,330511,Kab. Majene,330500,Prov. Sulawesi Barat,330000,16,3,275,12,13,1,1,27,24 Apr 2026 09:16:34,FAD2288596EC19889153
SD NEGERI NO 11 INPRES MALIAYA,40601391,SD,Negeri,Kec. Malunda,330511,Kab. Majene,330500,Prov. Sulawesi Barat,330000,20,7,211,12,12,0,1,29,21 Apr 2026 11:04:50,A868D1BD655C7763D92E
SD NEGERI NO 12 INPRES PETTABEANG,40601392,SD,Negeri,Kec. Malunda,330511,Kab. Majene,330500,Prov. Sulawesi Barat,330000,13,5,140,6,6,0,1,19,21 Apr 2026 08:48:17,734F6EEA370FE470555F
SD NEGERI NO 14 BAMBANGAN,40601451,SD,Negeri,Kec. Malunda,330511,Kab. Majene,330500,Prov. Sulawesi Barat,330000,8,3,103,6,6,0,1,34,30 Apr 2026 23:08:07,232CA454C505FF93EFD9
SD NEGERI NO 16 TANISI,40601452,SD,Negeri,Kec. Malunda,330511,Kab. Majene,330500,Prov. Sulawesi Barat,330000,12,7,162,9,9,0,1,14,04 Mar 2026 22:53:03,6D55A2A367E9D613E0A2
SD NEGERI NO 18 BANUA,40602084,SD,Negeri,Kec. Malunda,330511,Kab. Majene,330500,Prov. Sulawesi Barat,330000,9,3,90,6,6,0,1,11,20 Apr 2026 16:19:11,12F48245C96D7CB3523D
SD NEGERI NO 2 DEKING,40601402,SD,Negeri,Kec. Malunda,330511,Kab. Majene,330500,Prov. Sulawesi Barat,330000,20,6,235,12,12,1,1,26,30 Apr 2026 20:33:53,27484430802633EE6E1D
SD NEGERI NO 21 SALUTAHONGAN,40602089,SD,Negeri,Kec. Malunda,330511,Kab. Majene,330500,Prov. Sulawesi Barat,330000,18,0,239,13,12,0,1,17,01 May 2026 22:36:48,54E3F32948EC57B88664
SD NEGERI NO 25 LOMBANG,40601407,SD,Negeri,Kec. Malunda,330511,Kab. Majene,330500,Prov. Sulawesi Barat,330000,10,4,97,6,6,1,1,7,20 Apr 2026 08:53:28,3DB920F20DEFA4EF4626
SD NEGERI NO 28 AHOLEANG,40602097,SD,Negeri,Kec. Malunda,330511,Kab. Majene,330500,Prov. Sulawesi Barat,330000,8,4,95,7,2,0,0,17,22 Apr 2026 12:26:03,6B01BCE19E60BCC0B7B2
SD NEGERI NO 3 MOSSO,40601416,SD,Negeri,Kec. Malunda,330511,Kab. Majene,330500,Prov. Sulawesi Barat,330000,11,6,159,8,9,0,1,43,24 Apr 2026 09:39:10,E1969A9E41A7376D2C79
SD NEGERI NO 31 RATTEPUNAGA,40601422,SD,Negeri,Kec. Malunda,330511,Kab. Majene,330500,Prov. Sulawesi Barat,330000,9,3,72,6,6,0,1,9,18 Apr 2026 09:35:57,09EB4A46EABF88A811C6
SD NEGERI NO 32 KAYUANGIN,40601423,SD,Negeri,Kec. Malunda,330511,Kab. Majene,330500,Prov. Sulawesi Barat,330000,8,5,57,6,7,0,1,14,20 Apr 2026 18:39:39,177FA14374D3BB881BB4
SD NEGERI NO 33 BUTTU TALA,40601424,SD,Negeri,Kec. Malunda,330511,Kab. Majene,330500,Prov. Sulawesi Barat,330000,10,8,43,6,6,0,1,12,16 Apr 2026 10:10:02,5D40C4B4AABEE71DD96E
SD Negeri No 4 Mekkatta,40601436,SD,Negeri,Kec. Malunda,330511,Kab. Majene,330500,Prov. Sulawesi Barat,330000,12,4,144,8,9,0,1,17,23 Apr 2026 08:06:54,1368E56FCEE358314B73
SD NEGERI NO 5 BAMBANGAN,40601494,SD,Negeri,Kec. Malunda,330511,Kab. Majene,330500,Prov. Sulawesi Barat,330000,7,6,91,6,7,0,1,7,08 Apr 2026 21:51:52,1D5B99D0FCB084F17C8D
SD NEGERI NO 9 SASENDE,40601485,SD,Negeri,Kec. Malunda,330511,Kab. Majene,330500,Prov. Sulawesi Barat,330000,21,4,238,12,12,0,1,25,28 Apr 2026 04:31:42,A23CB3C4B3DD94DD99D4
SDN No. 35 JOLENGMEA,40604538,SD,Negeri,Kec. Malunda,330511,Kab. Majene,330500,Prov. Sulawesi Barat,330000,9,5,81,6,6,0,1,16,10 Mar 2026 08:51:08,E6EC5B4DE6402DA13C55
SMP NEGERI 1 MALUNDA,40601317,SMP,Negeri,Kec. Malunda,330511,Kab. Majene,330500,Prov. Sulawesi Barat,330000,37,11,489,16,18,2,1,33,20 Apr 2026 09:52:17,7DC6D45CDD7FEA13881D
SMP NEGERI 3 MALUNDA,40602584,SMP,Negeri,Kec. Malunda,330511,Kab. Majene,330500,Prov. Sulawesi Barat,330000,23,13,265,11,12,2,1,26,24 Apr 2026 08:15:53,0DBA05D80FBF0E467E7C
SMP NEGERI 7 SATU ATAP MALUNDA,40605709,SMP,Negeri,Kec. Malunda,330511,Kab. Majene,330500,Prov. Sulawesi Barat,330000,12,4,78,3,3,1,1,31,29 Apr 2026 10:50:07,0C8E85C556F66CE586B9
SMP NEGERI 8 SATAP LOMBANG MALUNDA,40605537,SMP,Negeri,Kec. Malunda,330511,Kab. Majene,330500,Prov. Sulawesi Barat,330000,16,3,93,4,5,2,1,27,16 Apr 2026 20:17:59,37E9A688206B46E70C3A
SMP ISLAM NURUL FATHIYAH,70040611,SMP,Swasta,Kec. Malunda,330511,Kab. Majene,330500,Prov. Sulawesi Barat,330000,8,3,21,3,3,0,1,11,14 Mar 2026 23:50:55,9F868AE660610EAE623D
UPTD SMAN 1 MALUNDA,40601488,SMA,Negeri,Kec. Malunda,330511,Kab. Majene,330500,Prov. Sulawesi Barat,330000,41,16,608,19,14,6,1,42,20 Apr 2026 12:36:51,6EC7B4FF054A48D7CEC4
UPTD SMKN 6 MAJENE,40604957,SMK,Negeri,Kec. Malunda,330511,Kab. Majene,330500,Prov. Sulawesi Barat,330000,32,13,302,16,16,5,1,25,05 Apr 2026 11:12:07,CF88B2486E43356EF000
SMKS BINA INSANI MALUNDA,70002024,SMK,Swasta,Kec. Malunda,330511,Kab. Majene,330500,Prov. Sulawesi Barat,330000,16,6,80,6,6,0,1,27,23 Apr 2026 07:49:34,EB76265EF2266F6E9623
SMKS BUNGA BANGSA SEJAHTERA,40602587,SMK,Swasta,Kec. Malunda,330511,Kab. Majene,330500,Prov. Sulawesi Barat,330000,1,5,0,0,0,0,0,0,,9F2FC83904B4888E13E0
SD NEGERI 36 POPENGA,40604556,SD,Negeri,Kec. Ulumanda,330505,Kab. Majene,330500,Prov. Sulawesi Barat,330000,12,5,68,6,6,0,1,20,17 Apr 2026 14:12:53,109BE23E15F8ECA4355E
SD NEGERI 37 PELEDOANG,40604782,SD,Negeri,Kec. Ulumanda,330505,Kab. Majene,330500,Prov. Sulawesi Barat,330000,10,9,35,6,6,0,1,23,13 Apr 2026 03:32:18,80AC6112FA49E0752CC7
SD NEGERI NO 10 SALUTAMBUNG,40601389,SD,Negeri,Kec. Ulumanda,330505,Kab. Majene,330500,Prov. Sulawesi Barat,330000,12,5,164,8,9,0,1,8,12 Feb 2026 12:59:04,7EF1F1DC824D6F38E6C5
SD NEGERI NO 13 KABIRAAN,40601394,SD,Negeri,Kec. Ulumanda,330505,Kab. Majene,330500,Prov. Sulawesi Barat,330000,11,3,123,6,8,0,1,9,05 Mar 2026 20:29:16,3585E1155C89B304EB28
SD NEGERI NO 15 ULUMANDA,40602078,SD,Negeri,Kec. Ulumanda,330505,Kab. Majene,330500,Prov. Sulawesi Barat,330000,10,1,91,6,6,0,1,11,21 Apr 2026 12:53:35,E57C76AF8A5094F1149D
SD NEGERI NO 17 KOLEHALANG,40602082,SD,Negeri,Kec. Ulumanda,330505,Kab. Majene,330500,Prov. Sulawesi Barat,330000,15,6,60,6,8,0,0,14,06 Mar 2026 22:22:01,38F0F5EB59AC01C0CA42
SD NEGERI NO 19 TAMMERIMBI,40601180,SD,Negeri,Kec. Ulumanda,330505,Kab. Majene,330500,Prov. Sulawesi Barat,330000,15,4,66,6,6,0,1,4,10 Feb 2026 09:42:57,77082F493531E8681BF8
SD NEGERI NO 20 SAMBABO,40601404,SD,Negeri,Kec. Ulumanda,330505,Kab. Majene,330500,Prov. Sulawesi Barat,330000,13,4,65,6,6,0,1,5,06 Apr 2026 10:51:35,59B5E3B4EDF0ED3306BD
SD NEGERI NO 22 RURA,40601460,SD,Negeri,Kec. Ulumanda,330505,Kab. Majene,330500,Prov. Sulawesi Barat,330000,14,5,50,6,6,0,1,35,21 Apr 2026 19:33:53,75C97C9744C820A21221
SD NEGERI NO 23 TAMAJANNANG,40601461,SD,Negeri,Kec. Ulumanda,330505,Kab. Majene,330500,Prov. Sulawesi Barat,330000,15,2,61,6,6,0,1,32,29 Apr 2026 11:16:39,38F100A4CDA2AA291DAD
SD NEGERI NO 24 PAKU,40602095,SD,Negeri,Kec. Ulumanda,330505,Kab. Majene,330500,Prov. Sulawesi Barat,330000,12,5,60,6,6,0,1,35,19 Apr 2026 20:44:22,3E29503214CCB4F7ED00
SD NEGERI NO 26 PANGGALO,40602096,SD,Negeri,Kec. Ulumanda,330505,Kab. Majene,330500,Prov. Sulawesi Barat,330000,13,4,42,6,6,0,1,39,14 Apr 2026 22:28:14,44DB1111FA6D3876353F
SD NEGERI NO 27 TATIBAJO,40601411,SD,Negeri,Kec. Ulumanda,330505,Kab. Majene,330500,Prov. Sulawesi Barat,330000,14,6,34,6,6,0,1,8,05 Feb 2026 17:57:52,34BDD72F8DB022C3D8E4
SD NEGERI NO 29 KALAUSU,40601413,SD,Negeri,Kec. Ulumanda,330505,Kab. Majene,330500,Prov. Sulawesi Barat,330000,13,10,37,6,6,0,1,18,12 Mar 2026 19:21:29,38D1E1FB7654A1A59AB2
SD NEGERI NO 30 BABA SONDONG,40601419,SD,Negeri,Kec. Ulumanda,330505,Kab. Majene,330500,Prov. Sulawesi Barat,330000,9,5,58,6,8,0,1,9,10 Apr 2026 06:38:31,C83A7505BBAA1B537B95
SD NEGERI NO 6 KABIRAAN,40601442,SD,Negeri,Kec. Ulumanda,330505,Kab. Majene,330500,Prov. Sulawesi Barat,330000,11,6,70,6,6,0,1,3,14 Jan 2026 20:54:39,3D46A3948C437E3F4C86
SD NEGERI NO 7 TAUKONG,40602113,SD,Negeri,Kec. Ulumanda,330505,Kab. Majene,330500,Prov. Sulawesi Barat,330000,15,6,119,8,9,0,1,12,03 Mar 2026 14:24:31,4419ADFEFB345B80EF42
SD NEGERI NO 8 SEPPONG,40602114,SD,Negeri,Kec. Ulumanda,330505,Kab. Majene,330500,Prov. Sulawesi Barat,330000,14,5,46,6,6,0,1,11,25 Apr 2026 16:34:01,B71A5929CDD619DEBFA2
SD NEGERI NO. 34 UDUNG LEMO,40602115,SD,Negeri,Kec. Ulumanda,330505,Kab. Majene,330500,Prov. Sulawesi Barat,330000,15,1,19,6,7,0,1,13,04 Mar 2026 05:17:51,01758CC9BDE18E898619
SD NEGERI NO.40 BABALOMBI,69772700,SD,Negeri,Kec. Ulumanda,330505,Kab. Majene,330500,Prov. Sulawesi Barat,330000,15,4,15,6,6,0,1,16,10 Apr 2026 02:46:50,891D764A5ED6F0781801
SMP NEGERI 4 MALUNDA,40601199,SMP,Negeri,Kec. Ulumanda,330505,Kab. Majene,330500,Prov. Sulawesi Barat,330000,22,11,226,9,15,2,2,95,24 Apr 2026 21:07:02,5930C26A23317B875788
SMP NEGERI 5 MALUNDA,40601303,SMP,Negeri,Kec. Ulumanda,330505,Kab. Majene,330500,Prov. Sulawesi Barat,330000,14,7,52,3,3,1,1,22,24 Apr 2026 09:00:34,59AC44C0FE1421C591B5
SMP NEGERI 6 MALUNDA,40604373,SMP,Negeri,Kec. Ulumanda,330505,Kab. Majene,330500,Prov. Sulawesi Barat,330000,15,7,39,3,9,1,1,34,18 Apr 2026 12:00:23,F8AD7A3D9EF2B62F3785
SMP NEGERI 9 SATAP PANGGALO,40605535,SMP,Negeri,Kec. Ulumanda,330505,Kab. Majene,330500,Prov. Sulawesi Barat,330000,17,7,13,3,2,1,0,18,23 Apr 2026 22:49:12,737AE4E72E0170B28489
SMP NEGERI NO. 10 ULUMANDA,69948645,SMP,Negeri,Kec. Ulumanda,330505,Kab. Majene,330500,Prov. Sulawesi Barat,330000,26,6,55,3,3,1,1,20,21 Apr 2026 20:29:31,CA522538BE660DDC7E53
UPTD SMKN 9 MAJENE,69964199,SMK,Negeri,Kec. Ulumanda,330505,Kab. Majene,330500,Prov. Sulawesi Barat,330000,21,12,72,3,3,0,1,22,26 Apr 2026 22:46:34,FF380CEA9F74B130CD23
SMKS KOTA TINGGI,40605637,SMK,Swasta,Kec. Ulumanda,330505,Kab. Majene,330500,Prov. Sulawesi Barat,330000,11,7,47,3,3,1,1,8,04 Mar 2026 10:18:48,E2F93A590426CB07ED0D
SD NEGERI 51 BUSSU,69972940,SD,Negeri,Kec. Tammerodo Sendana,330506,Kab. Majene,330500,Prov. Sulawesi Barat,330000,11,6,23,6,6,0,0,47,26 Apr 2026 20:04:36,4B6093475961B95DB523
SD NEGERI NO 11 KAREMA,40601183,SD,Negeri,Kec. Tammerodo Sendana,330506,Kab. Majene,330500,Prov. Sulawesi Barat,330000,10,4,51,6,6,0,1,11,10 Apr 2026 08:34:08,4BF22F82545281B84D4B
SD NEGERI NO 12 PELATTOANG,40601185,SD,Negeri,Kec. Tammerodo Sendana,330506,Kab. Majene,330500,Prov. Sulawesi Barat,330000,9,7,84,6,7,0,1,34,28 Apr 2026 17:21:02,D45F80746139595BC804
SD NEGERI NO 13 ULIDANG,40601186,SD,Negeri,Kec. Tammerodo Sendana,330506,Kab. Majene,330500,Prov. Sulawesi Barat,330000,15,10,180,6,6,0,1,1,29 Apr 2026 20:17:00,85C0C897E18460100D59
SD NEGERI NO 22 INPRES PELATTOANG,40601354,SD,Negeri,Kec. Tammerodo Sendana,330506,Kab. Majene,330500,Prov. Sulawesi Barat,330000,10,4,115,6,6,0,1,23,12 Apr 2026 03:00:23,84FEA4B9D43A4BDE5EE2
SD NEGERI NO 23 SEPPONG,40601405,SD,Negeri,Kec. Tammerodo Sendana,330506,Kab. Majene,330500,Prov. Sulawesi Barat,330000,11,4,152,6,6,0,1,8,10 Apr 2026 17:55:19,5DE443ED2540ECB2DE8E
SD NEGERI NO 30 INPRES ULIDANG,40601357,SD,Negeri,Kec. Tammerodo Sendana,330506,Kab. Majene,330500,Prov. Sulawesi Barat,330000,13,7,116,6,9,0,1,22,04 Apr 2026 10:20:22,299F751C2FDC954F0D03
SD NEGERI NO 31 RATTE PADANG,40601469,SD,Negeri,Kec. Tammerodo Sendana,330506,Kab. Majene,330500,Prov. Sulawesi Barat,330000,10,4,59,6,6,0,1,10,09 Apr 2026 15:06:48,5679F67B39B633361BC4
SD NEGERI NO 38 PANGALEROANG,40601432,SD,Negeri,Kec. Tammerodo Sendana,330506,Kab. Majene,330500,Prov. Sulawesi Barat,330000,10,2,126,7,7,0,1,10,06 Mar 2026 20:41:22,153DDE87D3575C922427
SD NEGERI NO 39 MANYAMBA,40601169,SD,Negeri,Kec. Tammerodo Sendana,330506,Kab. Majene,330500,Prov. Sulawesi Barat,330000,12,3,154,8,8,0,1,14,20 Apr 2026 13:12:24,B98D227B1D52825DAA00
SD NEGERI NO 44 LEBA-LEBA,40601438,SD,Negeri,Kec. Tammerodo Sendana,330506,Kab. Majene,330500,Prov. Sulawesi Barat,330000,12,6,133,6,6,0,1,12,02 Apr 2026 06:25:23,FFC0A3C68B4BACD9A1C9
SD NEGERI NO 49 INPRES RATTETARRING,40601498,SD,Negeri,Kec. Tammerodo Sendana,330506,Kab. Majene,330500,Prov. Sulawesi Barat,330000,11,3,31,6,6,0,1,19,30 Apr 2026 09:00:21,FF98E0E11B4E281EBA06
SD NEGERI NO 50 TALONGGA,40601441,SD,Negeri,Kec. Tammerodo Sendana,330506,Kab. Majene,330500,Prov. Sulawesi Barat,330000,10,3,59,6,6,0,1,23,01 Apr 2026 05:12:32,7E514FE149C85DFCEF32
SMP NEGERI 4 SENDANA,40601301,SMP,Negeri,Kec. Tammerodo Sendana,330506,Kab. Majene,330500,Prov. Sulawesi Barat,330000,23,11,217,9,12,2,2,39,24 Apr 2026 19:20:18,B6727882062877552F2A
SMP NEGERI 7 SATU ATAP TALONGGA SENDANA,69787951,SMP,Negeri,Kec. Tammerodo Sendana,330506,Kab. Majene,330500,Prov. Sulawesi Barat,330000,14,8,47,3,3,1,1,26,05 Apr 2026 19:34:19,D6469FFEE33BAAE3358E
UPTD SMA NEGERI 1 TAMMERODO,40601193,SMA,Negeri,Kec. Tammerodo Sendana,330506,Kab. Majene,330500,Prov. Sulawesi Barat,330000,19,5,102,4,4,0,1,23,25 Apr 2026 18:34:40,9C475D0C245EA9ABF082
UPTD SMKN 7 MAJENE,40605754,SMK,Negeri,Kec. Tammerodo Sendana,330506,Kab. Majene,330500,Prov. Sulawesi Barat,330000,49,24,547,20,19,6,1,54,28 Apr 2026 11:54:08,ADC17F6831AEB4185572
SD NEGERI NO 14 SUMAKUYU,40601188,SD,Negeri,Kec. Tubo Sendana,330507,Kab. Majene,330500,Prov. Sulawesi Barat,330000,17,6,202,9,9,0,1,16,09 Apr 2026 18:31:17,DBFC5B455F7A384E5200
SD NEGERI NO 15 BELALANG,40601190,SD,Negeri,Kec. Tubo Sendana,330507,Kab. Majene,330500,Prov. Sulawesi Barat,330000,9,4,86,6,8,0,1,12,01 Mar 2026 02:49:25,339BF993BC848156C95A
SD NEGERI NO 16 BATURORO,40601399,SD,Negeri,Kec. Tubo Sendana,330507,Kab. Majene,330500,Prov. Sulawesi Barat,330000,12,5,150,6,6,0,1,22,30 Apr 2026 10:24:58,0CF92AF83F24B442AB1B
SD NEGERI NO 24 BATUTAKU,40601406,SD,Negeri,Kec. Tubo Sendana,330507,Kab. Majene,330500,Prov. Sulawesi Barat,330000,21,6,167,7,8,0,1,9,05 Mar 2026 15:51:07,A223F57D04E8E8A09C2C
SD NEGERI NO 34 INPRES TARAWEKI,40601428,SD,Negeri,Kec. Tubo Sendana,330507,Kab. Majene,330500,Prov. Sulawesi Barat,330000,8,4,84,6,6,0,1,9,15 Apr 2026 19:11:06,9BD76FF654E054C7786D
SD NEGERI NO 43 INP. KULASI,40601360,SD,Negeri,Kec. Tubo Sendana,330507,Kab. Majene,330500,Prov. Sulawesi Barat,330000,10,4,66,6,6,0,1,9,15 Apr 2026 05:19:41,5726F93D91E2962A58B5
SD NEGERI NO 46 TUBO,40601478,SD,Negeri,Kec. Tubo Sendana,330507,Kab. Majene,330500,Prov. Sulawesi Barat,330000,11,6,139,7,7,0,1,8,08 Apr 2026 21:14:23,0AE12E023773898EE703
SDN 33 RAWANG RAWANG,40601425,SD,Negeri,Kec. Tubo Sendana,330507,Kab. Majene,330500,Prov. Sulawesi Barat,330000,9,6,128,6,6,0,1,8,03 Mar 2026 03:50:06,291EBB12135129196437
SDN NO. 52 PARABAYA,69972942,SD,Negeri,Kec. Tubo Sendana,330507,Kab. Majene,330500,Prov. Sulawesi Barat,330000,10,9,143,6,6,0,1,17,30 Apr 2026 10:24:41,A0F7674AEBA3D02AF6B0
SMP NEGERI 3 SENDANA,40601197,SMP,Negeri,Kec. Tubo Sendana,330507,Kab. Majene,330500,Prov. Sulawesi Barat,330000,15,11,169,7,7,2,1,11,02 Apr 2026 19:45:48,A086C5EEEAC755D6C406
SMP NEGERI 6 SENDANA,40604386,SMP,Negeri,Kec. Tubo Sendana,330507,Kab. Majene,330500,Prov. Sulawesi Barat,330000,19,10,199,8,7,2,2,14,22 Apr 2026 08:40:59,67EB96DA93DB2030D060
UPTD SMKN 4 MAJENE,40601490,SMK,Negeri,Kec. Tubo Sendana,330507,Kab. Majene,330500,Prov. Sulawesi Barat,330000,33,18,199,12,15,3,1,16,11 Apr 2026 17:09:35,ED43E07FD02A98857DC0
SD INPRES AKO,40601632,SD,Negeri,Kec. Pasangkayu,330201,Kab. Pasangkayu,330200,Prov. Sulawesi Barat,330000,21,6,320,13,18,1,1,14,29 Apr 2026 09:46:20,E9AAE70DEE42A7FCDE3D
SD INPRES GUNUNGSARI,40601635,SD,Negeri,Kec. Pasangkayu,330201,Kab. Pasangkayu,330200,Prov. Sulawesi Barat,330000,9,2,118,6,6,1,2,12,29 Apr 2026 09:34:51,B834A2E2EBB9BCC1CBB6
SD INPRES SALUMONI,40601650,SD,Negeri,Kec. Pasangkayu,330201,Kab. Pasangkayu,330200,Prov. Sulawesi Barat,330000,11,2,170,7,11,0,1,1,04 Apr 2026 08:26:16,66BED2B58C2F1423359D
SD INPRES TANJUNG BABIA,40601653,SD,Negeri,Kec. Pasangkayu,330201,Kab. Pasangkayu,330200,Prov. Sulawesi Barat,330000,9,3,150,6,7,1,1,13,07 Apr 2026 08:23:52,99D24ACDAED2AD2EBE53
SD NEGERI 01 PASANGKAYU,40601704,SD,Negeri,Kec. Pasangkayu,330201,Kab. Pasangkayu,330200,Prov. Sulawesi Barat,330000,40,4,668,26,28,0,1,28,02 May 2026 11:30:08,9FA5EA853D3C2DC01235
SD NEGERI 02 PASANGKAYU,69899683,SD,Negeri,Kec. Pasangkayu,330201,Kab. Pasangkayu,330200,Prov. Sulawesi Barat,330000,26,3,397,18,9,1,1,90,30 Apr 2026 22:20:03,87FD490221AF1810BC34
SD NEGERI BAMBA APU,40601718,SD,Negeri,Kec. Pasangkayu,330201,Kab. Pasangkayu,330200,Prov. Sulawesi Barat,330000,10,3,131,6,10,0,1,37,24 Apr 2026 08:18:35,2CB30D800176A1B5163D
SD NEGERI BAMBAMONE,40604629,SD,Negeri,Kec. Pasangkayu,330201,Kab. Pasangkayu,330200,Prov. Sulawesi Barat,330000,10,2,40,6,6,0,1,16,01 May 2026 18:32:03,5DF00F9CF2B99DD9CE2B
SD NEGERI MARAMBEAU,40601750,SD,Negeri,Kec. Pasangkayu,330201,Kab. Pasangkayu,330200,Prov. Sulawesi Barat,330000,10,3,118,7,4,0,0,28,30 Apr 2026 10:15:44,498FF37B8FB8532455D4
SD NEGERI PETUNGGU,40601754,SD,Negeri,Kec. Pasangkayu,330201,Kab. Pasangkayu,330200,Prov. Sulawesi Barat,330000,6,4,70,6,4,0,1,37,13 Apr 2026 16:39:16,8F8227DF2A28620F62E5
SD NEGERI SALU BULU,40604657,SD,Negeri,Kec. Pasangkayu,330201,Kab. Pasangkayu,330200,Prov. Sulawesi Barat,330000,8,2,48,6,3,0,1,18,02 May 2026 14:22:23,BCE8246FF3478C1EF1C7
SD NEGERI SALUNGGADUE,40601713,SD,Negeri,Kec. Pasangkayu,330201,Kab. Pasangkayu,330200,Prov. Sulawesi Barat,330000,9,7,144,6,9,1,1,18,15 Apr 2026 10:13:50,0C80E3C25F69CEFBD7B8
SD NEGERI SULU,40604654,SD,Negeri,Kec. Pasangkayu,330201,Kab. Pasangkayu,330200,Prov. Sulawesi Barat,330000,8,4,85,6,6,1,1,15,13 Apr 2026 22:16:44,AFA36A6CACC0DF2AC09F
SD NEGERI TARANJA,40604628,SD,Negeri,Kec. Pasangkayu,330201,Kab. Pasangkayu,330200,Prov. Sulawesi Barat,330000,9,2,52,6,5,1,1,30,08 Apr 2026 19:12:51,854C9A4CB3667A5B0C31
SD BK BAMBA APU,40601587,SD,Swasta,Kec. Pasangkayu,330201,Kab. Pasangkayu,330200,Prov. Sulawesi Barat,330000,3,2,64,6,4,0,0,54,29 Apr 2026 22:10:26,2698BC721F9BF2A396C3
SD ISLAM TERPADU DARUL HUDA,69971517,SD,Swasta,Kec. Pasangkayu,330201,Kab. Pasangkayu,330200,Prov. Sulawesi Barat,330000,4,3,32,6,4,0,1,12,14 Mar 2026 18:54:39,64B881DBA4A56952C71C
SD IT WALADUN SHOLEH,69967457,SD,Swasta,Kec. Pasangkayu,330201,Kab. Pasangkayu,330200,Prov. Sulawesi Barat,330000,21,3,347,15,15,0,0,20,29 Apr 2026 13:52:21,9E9A430F99BA8463C5AB
SD MUHAMMADIYAH 1 PASANGKAYU,70038157,SD,Swasta,Kec. Pasangkayu,330201,Kab. Pasangkayu,330200,Prov. Sulawesi Barat,330000,10,2,66,5,4,0,0,16,09 Apr 2026 21:40:32,F66E1C9F5F61A7AEAAFA
SD PT. PASANGKAYU,40601762,SD,Swasta,Kec. Pasangkayu,330201,Kab. Pasangkayu,330200,Prov. Sulawesi Barat,330000,22,2,423,15,18,2,2,51,23 Apr 2026 09:38:44,3B5C64699BF291037A26
SMP NEGERI 03 SATAP PASANGKAYU,40605515,SMP,Negeri,Kec. Pasangkayu,330201,Kab. Pasangkayu,330200,Prov. Sulawesi Barat,330000,8,3,55,3,3,0,0,147,30 Apr 2026 13:37:28,30B9AD25DEFB8C3674A2
SMP NEGERI 04 PASANGKAYU,69727433,SMP,Negeri,Kec. Pasangkayu,330201,Kab. Pasangkayu,330200,Prov. Sulawesi Barat,330000,18,3,188,8,8,2,1,21,28 Apr 2026 14:07:28,6E493E6F253BB635C307
SMP NEGERI 1 PASANGKAYU,40601820,SMP,Negeri,Kec. Pasangkayu,330201,Kab. Pasangkayu,330200,Prov. Sulawesi Barat,330000,41,10,574,19,19,1,2,30,30 Apr 2026 19:24:33,BCA76DB849FBC4A208AF
SMP NEGERI 2 PASANGKAYU,40604954,SMP,Negeri,Kec. Pasangkayu,330201,Kab. Pasangkayu,330200,Prov. Sulawesi Barat,330000,15,4,163,6,6,2,1,117,24 Apr 2026 01:02:01,9BE149A916AB035091F7
SMP NEGERI 23 AKO,69898935,SMP,Negeri,Kec. Pasangkayu,330201,Kab. Pasangkayu,330200,Prov. Sulawesi Barat,330000,11,3,67,3,6,1,1,30,26 Apr 2026 11:13:05,570C62F9362536BB2789
SMP ABUHURAERAH,70031995,SMP,Swasta,Kec. Pasangkayu,330201,Kab. Pasangkayu,330200,Prov. Sulawesi Barat,330000,0,1,61,3,3,1,1,13,14 Feb 2026 14:42:08,180755107CEEC33B043A
SMP ISLAM TERPADU ASHABUL KAHFI PASANGKAYU,70003757,SMP,Swasta,Kec. Pasangkayu,330201,Kab. Pasangkayu,330200,Prov. Sulawesi Barat,330000,4,1,102,3,1,0,0,9,28 Apr 2026 16:55:37,8EEC70D3106E000F4B67
SMP ISLAM TERPADU DARUL HUDA,69971478,SMP,Swasta,Kec. Pasangkayu,330201,Kab. Pasangkayu,330200,Prov. Sulawesi Barat,330000,2,5,63,3,3,0,0,20,11 Mar 2026 12:46:45,87B5908FD9A24DE8D68B
SMP IT WALADUN SHOLEH,70044136,SMP,Swasta,Kec. Pasangkayu,330201,Kab. Pasangkayu,330200,Prov. Sulawesi Barat,330000,9,3,117,5,5,0,0,36,09 Apr 2026 15:41:38,C0546B99F28E57D8FD87
SMP PLUS NURUL ILMI PASANGKAYU,70054127,SMP,Swasta,Kec. Pasangkayu,330201,Kab. Pasangkayu,330200,Prov. Sulawesi Barat,330000,4,1,38,2,3,0,0,8,14 Feb 2026 10:20:29,E2948F1DDA57A590122A
SMP PT. PASANGKAYU,40604251,SMP,Swasta,Kec. Pasangkayu,330201,Kab. Pasangkayu,330200,Prov. Sulawesi Barat,330000,13,3,237,9,12,2,1,22,23 Apr 2026 12:27:14,FE100AB90614983C07BB
UPTD SMA NEGERI 2 PASANGKAYU,69833165,SMA,Negeri,Kec. Pasangkayu,330201,Kab. Pasangkayu,330200,Prov. Sulawesi Barat,330000,18,2,102,5,6,6,1,31,30 Apr 2026 11:12:39,EAD441A88733EF321D50
UPTD SMAN 1 PASANGKAYU,40601851,SMA,Negeri,Kec. Pasangkayu,330201,Kab. Pasangkayu,330200,Prov. Sulawesi Barat,330000,52,16,826,24,28,4,1,37,29 Apr 2026 09:59:01,C00BFA99226C607BF33C
UPTD SMKN 1 PASANGKAYU,40602429,SMK,Negeri,Kec. Pasangkayu,330201,Kab. Pasangkayu,330200,Prov. Sulawesi Barat,330000,20,3,172,10,10,5,1,26,20 Mar 2026 19:25:13,5324B3EF110ED0BD8EC4
UPTD SMKN 2 PASANGKAYU,69877308,SMK,Negeri,Kec. Pasangkayu,330201,Kab. Pasangkayu,330200,Prov. Sulawesi Barat,330000,20,4,252,13,2,4,2,23,29 Mar 2026 20:36:00,9D8805F39F1E83529785
SMK Bintang Sembilan,70042868,SMK,Swasta,Kec. Pasangkayu,330201,Kab. Pasangkayu,330200,Prov. Sulawesi Barat,330000,3,1,0,0,0,0,0,0,,EA60B1855640684E99EB
SMKS KARYA BANGSA PASANGKAYU,69755558,SMK,Swasta,Kec. Pasangkayu,330201,Kab. Pasangkayu,330200,Prov. Sulawesi Barat,330000,11,4,86,5,4,4,1,41,02 May 2026 18:07:44,C2C653DD54CF3BDA0D3C
SMKS PEDULI BANGSA PASANGKAYU,69984990,SMK,Swasta,Kec. Pasangkayu,330201,Kab. Pasangkayu,330200,Prov. Sulawesi Barat,330000,17,1,242,9,4,2,1,32,12 Apr 2026 19:47:55,820E20C6F141C7A0651B
SD INPRES KALOLA,40601610,SD,Negeri,Kec. Bambalamutu,330204,Kab. Pasangkayu,330200,Prov. Sulawesi Barat,330000,11,6,205,8,10,1,1,5,05 Mar 2026 07:41:30,2DE99388DD924E5777BD
SD INPRES LELUMPANG,40601622,SD,Negeri,Kec. Bambalamutu,330204,Kab. Pasangkayu,330200,Prov. Sulawesi Barat,330000,8,5,141,6,6,1,1,50,30 Apr 2026 18:40:34,698169B5337435C0723E
SD INPRES RANDOMAYANG,40601628,SD,Negeri,Kec. Bambalamutu,330204,Kab. Pasangkayu,330200,Prov. Sulawesi Barat,330000,10,2,135,7,8,1,1,1,11 Apr 2026 19:16:56,4A844CFEA2E304F0D88B
SD INPRES TOSONDE,40601673,SD,Negeri,Kec. Bambalamutu,330204,Kab. Pasangkayu,330200,Prov. Sulawesi Barat,330000,10,4,145,6,7,0,1,9,05 Mar 2026 07:33:51,0CC1FCDE6C92AF3180A9
SD NEGERI BAMBALAMOTU,40601722,SD,Negeri,Kec. Bambalamutu,330204,Kab. Pasangkayu,330200,Prov. Sulawesi Barat,330000,15,7,315,13,12,1,1,14,22 Apr 2026 00:04:34,121B4DC055333E9112AE
SD NEGERI BENDUNGAN,40602292,SD,Negeri,Kec. Bambalamutu,330204,Kab. Pasangkayu,330200,Prov. Sulawesi Barat,330000,7,3,92,6,7,1,1,1,18 Apr 2026 12:06:43,A229740CC4E9A37C0AEB
SD NEGERI KALIBAMBA,40601741,SD,Negeri,Kec. Bambalamutu,330204,Kab. Pasangkayu,330200,Prov. Sulawesi Barat,330000,8,4,103,6,8,0,1,26,15 Apr 2026 06:11:34,D28DDB02C2D5BF4B6CA4
SD NEGERI KAYUMALOA,40601743,SD,Negeri,Kec. Bambalamutu,330204,Kab. Pasangkayu,330200,Prov. Sulawesi Barat,330000,9,4,164,7,9,0,1,21,28 Apr 2026 10:09:59,EB22DDEF61B5B76E16E7
SD NEGERI PANGIANG,40601760,SD,Negeri,Kec. Bambalamutu,330204,Kab. Pasangkayu,330200,Prov. Sulawesi Barat,330000,11,4,209,10,8,0,1,20,05 Mar 2026 06:02:58,84822E06C8BEC2B1D85A
SD NEGERI RANDOMAYANG,40601766,SD,Negeri,Kec. Bambalamutu,330204,Kab. Pasangkayu,330200,Prov. Sulawesi Barat,330000,10,5,221,10,9,1,1,28,01 May 2026 10:32:23,94ACB5CF9C5836F564F9
SD NEGERI SALULE,40601768,SD,Negeri,Kec. Bambalamutu,330204,Kab. Pasangkayu,330200,Prov. Sulawesi Barat,330000,6,4,88,6,6,0,0,1,19 Apr 2026 20:39:31,41F99B2F595275B43D9D
SD NEGERI SALUNGGALUKU,40601771,SD,Negeri,Kec. Bambalamutu,330204,Kab. Pasangkayu,330200,Prov. Sulawesi Barat,330000,11,5,166,6,8,0,1,16,28 Apr 2026 20:23:28,AC0FF6E500EA2DBF036E
SD NEGERI SALUWU,40604670,SD,Negeri,Kec. Bambalamutu,330204,Kab. Pasangkayu,330200,Prov. Sulawesi Barat,330000,5,0,16,5,4,0,1,13,15 Apr 2026 09:56:11,74C9B1D6861B1E72D8D1
SD NEGERI SAWI,40601775,SD,Negeri,Kec. Bambalamutu,330204,Kab. Pasangkayu,330200,Prov. Sulawesi Barat,330000,8,6,121,6,7,0,1,9,05 Mar 2026 07:49:42,B282C13048A80EEA9F6E
SD NEGERI TAPALILI,40601790,SD,Negeri,Kec. Bambalamutu,330204,Kab. Pasangkayu,330200,Prov. Sulawesi Barat,330000,4,2,48,6,6,0,1,7,20 Apr 2026 12:33:29,DEB53FFC070429D41D7C
SD NEGERI WATU BETE,40604630,SD,Negeri,Kec. Bambalamutu,330204,Kab. Pasangkayu,330200,Prov. Sulawesi Barat,330000,6,7,41,6,6,1,1,20,22 Apr 2026 13:37:23,C27C9DDCED14906053F5
SD NEGERI WIRABUANA,40601783,SD,Negeri,Kec. Bambalamutu,330204,Kab. Pasangkayu,330200,Prov. Sulawesi Barat,330000,3,6,22,6,6,1,1,6,23 Jan 2026 20:27:14,3A9D7914EED1682D4FF2
SDS BK DURIA SULAPA,40601793,SD,Swasta,Kec. Bambalamutu,330204,Kab. Pasangkayu,330200,Prov. Sulawesi Barat,330000,6,2,49,6,6,0,1,13,30 Apr 2026 09:58:07,F241B12065E85509F48B
SDS BK WATUBETE,40602354,SD,Swasta,Kec. Bambalamutu,330204,Kab. Pasangkayu,330200,Prov. Sulawesi Barat,330000,5,1,84,6,2,0,1,7,07 Mar 2026 15:36:55,F6D9C8B43BA0F359E1AD
SDS BK WULAI,40601792,SD,Swasta,Kec. Bambalamutu,330204,Kab. Pasangkayu,330200,Prov. Sulawesi Barat,330000,2,1,27,6,6,0,1,1,02 Apr 2026 09:51:15,0C7DB3402FBF1EE75371
SMP NEGERI 01 BAMBALAMOTU,40601822,SMP,Negeri,Kec. Bambalamutu,330204,Kab. Pasangkayu,330200,Prov. Sulawesi Barat,330000,17,14,254,10,20,3,1,28,27 Apr 2026 13:56:29,023299A6AFED8BF63031
SMP NEGERI 02 BAMBALAMOTU,40601834,SMP,Negeri,Kec. Bambalamutu,330204,Kab. Pasangkayu,330200,Prov. Sulawesi Barat,330000,21,9,211,8,12,2,1,18,30 Apr 2026 09:51:06,B2C50EDAE4984B626700
SMP NEGERI 03 BAMBALAMOTU,40604250,SMP,Negeri,Kec. Bambalamutu,330204,Kab. Pasangkayu,330200,Prov. Sulawesi Barat,330000,11,3,140,6,5,0,0,22,21 Apr 2026 15:00:38,B2297316819705022627
SMP NEGERI 05 SATAP BAMBALAMOTU,40605502,SMP,Negeri,Kec. Bambalamutu,330204,Kab. Pasangkayu,330200,Prov. Sulawesi Barat,330000,15,5,118,6,6,1,1,15,12 Mar 2026 04:03:49,09DEB45A811AC880EC2C
SMP NEGERI 06 SATAP BAMBALAMOTU,69727428,SMP,Negeri,Kec. Bambalamutu,330204,Kab. Pasangkayu,330200,Prov. Sulawesi Barat,330000,5,5,24,3,3,0,0,6,18 Apr 2026 21:12:50,74408687974DCEC9D3E6
SMP NEGERI 4 BAMBALAMOTU,40604247,SMP,Negeri,Kec. Bambalamutu,330204,Kab. Pasangkayu,330200,Prov. Sulawesi Barat,330000,8,4,71,3,5,1,1,15,13 Apr 2026 16:49:45,6957E4FC5C0F2DAE8ACA
SMP NEGERI 7 BAMBALAMOTU,69727435,SMP,Negeri,Kec. Bambalamutu,330204,Kab. Pasangkayu,330200,Prov. Sulawesi Barat,330000,6,4,24,3,3,0,1,14,03 Apr 2026 05:40:11,BBF509F22EA2DBE0B7A6
SMP NEGERI SATAP LELUMPANG,69947119,SMP,Negeri,Kec. Bambalamutu,330204,Kab. Pasangkayu,330200,Prov. Sulawesi Barat,330000,7,1,51,3,3,1,1,20,18 Apr 2026 11:53:30,FBF0A95A748CFBEDFEFE
UPTD SMAN 1 BAMBALAMUTU,40601852,SMA,Negeri,Kec. Bambalamutu,330204,Kab. Pasangkayu,330200,Prov. Sulawesi Barat,330000,44,10,574,18,20,4,2,37,23 Apr 2026 11:51:28,A1FD23AF4ED7303F67EE
UPTD SMKN 1 BAMBALAMUTU,40605630,SMK,Negeri,Kec. Bambalamutu,330204,Kab. Pasangkayu,330200,Prov. Sulawesi Barat,330000,21,5,298,14,17,0,1,31,23 Apr 2026 19:14:51,2426FAB0DA5E861C2FC1
SD INPRES LIMUA,40601624,SD,Negeri,Kec. Dapurang,330205,Kab. Pasangkayu,330200,Prov. Sulawesi Barat,330000,15,3,243,12,10,1,1,21,27 Apr 2026 10:27:04,E11C05415BEC79BCE273
SD INPRES SARUDU IV,40601668,SD,Negeri,Kec. Dapurang,330205,Kab. Pasangkayu,330200,Prov. Sulawesi Barat,330000,15,1,281,12,12,1,1,22,22 Apr 2026 16:09:53,A4833FD037798E0B8B42
SD NEGERI BELAWA RAHMAT,40604385,SD,Negeri,Kec. Dapurang,330205,Kab. Pasangkayu,330200,Prov. Sulawesi Barat,330000,7,2,36,6,6,1,1,27,27 Apr 2026 11:55:25,B944C9EB462AA39C81CD
SD NEGERI BENGGAULU,40604941,SD,Negeri,Kec. Dapurang,330205,Kab. Pasangkayu,330200,Prov. Sulawesi Barat,330000,9,2,179,8,8,1,1,25,29 Apr 2026 08:27:57,3931CA154F9D48E5E974
SD NEGERI BULUBONGGU,40601732,SD,Negeri,Kec. Dapurang,330205,Kab. Pasangkayu,330200,Prov. Sulawesi Barat,330000,12,5,171,9,8,1,1,24,29 Apr 2026 09:14:46,0490A09CBAA7481149B4
SD NEGERI DAPURANG,40601734,SD,Negeri,Kec. Dapurang,330205,Kab. Pasangkayu,330200,Prov. Sulawesi Barat,330000,7,5,123,6,6,0,1,40,23 Apr 2026 16:18:13,A322F4EA432493054356
SD NEGERI FUNJU,40601736,SD,Negeri,Kec. Dapurang,330205,Kab. Pasangkayu,330200,Prov. Sulawesi Barat,330000,14,3,243,11,7,1,1,42,22 Apr 2026 22:16:57,01E3A3411CABCF0C65FD
SD NEGERI KASALAI,40604627,SD,Negeri,Kec. Dapurang,330205,Kab. Pasangkayu,330200,Prov. Sulawesi Barat,330000,8,3,95,6,6,1,0,45,30 Apr 2026 20:20:04,E5CE05F50FE470057483
SD NEGERI PAMANUA,40604645,SD,Negeri,Kec. Dapurang,330205,Kab. Pasangkayu,330200,Prov. Sulawesi Barat,330000,8,1,35,6,6,1,0,12,21 Apr 2026 05:19:32,10CADE2FB0405CFE0484
SD NEGERI RONTOJALI,40604634,SD,Negeri,Kec. Dapurang,330205,Kab. Pasangkayu,330200,Prov. Sulawesi Barat,330000,9,2,76,6,6,0,2,15,22 Apr 2026 11:26:24,F4D73BE73B7620B92C2F
SD NEGERI SILAJA,40604827,SD,Negeri,Kec. Dapurang,330205,Kab. Pasangkayu,330200,Prov. Sulawesi Barat,330000,7,2,52,6,2,1,1,83,03 Mar 2026 16:47:40,68F0B77FF247D351A963
SD NEGERI SULILI JAMBU,40604953,SD,Negeri,Kec. Dapurang,330205,Kab. Pasangkayu,330200,Prov. Sulawesi Barat,330000,8,1,50,6,6,0,0,20,21 Apr 2026 12:52:01,64DA16C2B3C2ACE3C59D
SD NEGERI TABARODEA,40601697,SD,Negeri,Kec. Dapurang,330205,Kab. Pasangkayu,330200,Prov. Sulawesi Barat,330000,7,2,105,6,6,0,1,29,29 Apr 2026 09:38:52,F5B3755CA75CC6C24E5D
SD INTEGRAL DARUL HIJRAH,70059834,SD,Swasta,Kec. Dapurang,330205,Kab. Pasangkayu,330200,Prov. Sulawesi Barat,330000,5,0,21,5,5,0,0,28,22 Apr 2026 16:37:38,1C6D0767B1CB266F685F
SMP NEGERI 01 DAPURANG,40601839,SMP,Negeri,Kec. Dapurang,330205,Kab. Pasangkayu,330200,Prov. Sulawesi Barat,330000,12,4,128,6,8,2,1,39,27 Apr 2026 21:32:45,8015B8E7C86F7DF40743
SMP NEGERI 02 DAPURANG,40604643,SMP,Negeri,Kec. Dapurang,330205,Kab. Pasangkayu,330200,Prov. Sulawesi Barat,330000,19,4,120,6,8,2,1,21,08 Apr 2026 09:25:08,1C1DF7CA0D06014F92E0
SMP NEGERI 03 DAPURANG,40604248,SMP,Negeri,Kec. Dapurang,330205,Kab. Pasangkayu,330200,Prov. Sulawesi Barat,330000,10,3,95,4,4,1,1,33,27 Apr 2026 08:37:03,49204E55DC4455AC1730
SMP NEGERI 04 SATAP DAPURANG,69727432,SMP,Negeri,Kec. Dapurang,330205,Kab. Pasangkayu,330200,Prov. Sulawesi Barat,330000,5,1,12,3,2,0,1,6,05 Mar 2026 14:04:05,CE5D145AB5C313C41A77
SMP NEGERI 21 BULUBONGGU,69774579,SMP,Negeri,Kec. Dapurang,330205,Kab. Pasangkayu,330200,Prov. Sulawesi Barat,330000,14,1,93,4,6,2,1,27,28 Apr 2026 21:15:40,CFEBE07A4227CBB8BF8B
SMP NEGERI 5 DAPURANG,70044390,SMP,Negeri,Kec. Dapurang,330205,Kab. Pasangkayu,330200,Prov. Sulawesi Barat,330000,10,7,91,4,4,1,1,50,28 Apr 2026 10:49:33,13D850D500BEC4C58BFD
SMP INTEGRAL DARUL HIJRAH,69893981,SMP,Swasta,Kec. Dapurang,330205,Kab. Pasangkayu,330200,Prov. Sulawesi Barat,330000,3,2,41,3,3,0,1,17,20 Apr 2026 09:33:42,91275F87096D0772C911
UPTD SMAN 1 DAPURANG,40604958,SMA,Negeri,Kec. Dapurang,330205,Kab. Pasangkayu,330200,Prov. Sulawesi Barat,330000,22,5,314,10,10,2,1,53,28 Apr 2026 09:57:01,D7C2DE0390CE986D88C4
SMA INTEGRAL DARUL HIJRAH,70041179,SMA,Swasta,Kec. Dapurang,330205,Kab. Pasangkayu,330200,Prov. Sulawesi Barat,330000,1,3,75,3,3,0,0,11,24 Apr 2026 13:09:01,F3FFD869BADFE08D0ED1
UPTD SMKN 1 DAPURANG,40605629,SMK,Negeri,Kec. Dapurang,330205,Kab. Pasangkayu,330200,Prov. Sulawesi Barat,330000,12,3,31,4,8,1,1,32,02 Apr 2026 09:18:33,1B58C2E6B342FD2D11B4
SMKS  SMART JAYA,69978089,SMK,Swasta,Kec. Dapurang,330205,Kab. Pasangkayu,330200,Prov. Sulawesi Barat,330000,7,1,78,5,4,1,0,55,30 Apr 2026 13:11:38,072FADC022FA122F6FE7
SD INPRES BALANTI,40601592,SD,Negeri,Kec. Baras,330203,Kab. Pasangkayu,330200,Prov. Sulawesi Barat,330000,14,3,221,10,11,0,3,25,27 Apr 2026 09:19:09,037625DCE9CF29FB5651
SD INPRES BAMBALOKA,40601591,SD,Negeri,Kec. Baras,330203,Kab. Pasangkayu,330200,Prov. Sulawesi Barat,330000,8,2,143,6,8,1,1,16,28 Apr 2026 10:48:45,B101411673ACED32844B
SD INPRES BURIRO,40601590,SD,Negeri,Kec. Baras,330203,Kab. Pasangkayu,330200,Prov. Sulawesi Barat,330000,10,3,155,8,8,1,1,13,21 Apr 2026 13:48:39,16AB390D2CB1DB389255
SD INPRES MOTU,40601595,SD,Negeri,Kec. Baras,330203,Kab. Pasangkayu,330200,Prov. Sulawesi Barat,330000,18,5,293,12,13,0,2,14,01 May 2026 10:00:54,877F97662DC57518CE11
SD NEGERI BULILI,40601685,SD,Negeri,Kec. Baras,330203,Kab. Pasangkayu,330200,Prov. Sulawesi Barat,330000,18,3,301,12,12,0,1,19,27 Apr 2026 12:39:58,8018F3DAD74D26133FA7
SD NEGERI DURI SANGGE,40604951,SD,Negeri,Kec. Baras,330203,Kab. Pasangkayu,330200,Prov. Sulawesi Barat,330000,6,4,74,6,3,0,1,22,03 Apr 2026 21:28:42,99A61DB6D3ACD5B0ABB9
SD NEGERI KAPOHU,40605482,SD,Negeri,Kec. Baras,330203,Kab. Pasangkayu,330200,Prov. Sulawesi Barat,330000,7,2,56,6,4,0,1,23,01 May 2026 20:11:09,D8034B38AFB4F9F98CA6
SD NEGERI MASIMBU,40601703,SD,Negeri,Kec. Baras,330203,Kab. Pasangkayu,330200,Prov. Sulawesi Barat,330000,24,4,362,16,16,1,2,55,12 Apr 2026 22:56:44,7AF8DC45851312663F54
SD NEGERI PANGI,40604269,SD,Negeri,Kec. Baras,330203,Kab. Pasangkayu,330200,Prov. Sulawesi Barat,330000,6,3,32,6,6,0,0,10,16 Apr 2026 22:12:00,236E54595CD59FF941EE
SD NEGERI SALU KAILI,40601693,SD,Negeri,Kec. Baras,330203,Kab. Pasangkayu,330200,Prov. Sulawesi Barat,330000,9,5,144,7,6,0,1,19,25 Apr 2026 08:05:05,20F146FE613355B7E8A3
SD NEGERI TOWONI,40604255,SD,Negeri,Kec. Baras,330203,Kab. Pasangkayu,330200,Prov. Sulawesi Barat,330000,8,2,70,6,7,1,1,19,20 Apr 2026 11:55:54,111B4138A839EEED4EEB
SD ISLAM TERPADU LUKMANUL HAKIM,40604245,SD,Swasta,Kec. Baras,330203,Kab. Pasangkayu,330200,Prov. Sulawesi Barat,330000,10,2,213,11,8,0,0,13,23 Apr 2026 13:02:49,D2BB6CCDF1D3202728B2
SMP NEGERI 01 BARAS,40601824,SMP,Negeri,Kec. Baras,330203,Kab. Pasangkayu,330200,Prov. Sulawesi Barat,330000,19,13,303,11,14,4,1,36,15 Apr 2026 06:02:08,C27983FDDCEA386BEE35
SMP NEGERI 02 BARAS,40601828,SMP,Negeri,Kec. Baras,330203,Kab. Pasangkayu,330200,Prov. Sulawesi Barat,330000,18,6,293,11,13,1,1,13,06 Apr 2026 04:38:19,E6697C6E2D73D0201E16
SMP NEGERI 03 BARAS,69727430,SMP,Negeri,Kec. Baras,330203,Kab. Pasangkayu,330200,Prov. Sulawesi Barat,330000,8,3,31,3,3,0,0,17,06 Mar 2026 21:21:19,1718D9BC268285CEEFEB
SMP ALKHAIRAAT LAMBARA,69968952,SMP,Swasta,Kec. Baras,330203,Kab. Pasangkayu,330200,Prov. Sulawesi Barat,330000,5,5,100,3,3,0,0,23,26 Apr 2026 08:40:54,15051AF60CEDCE6654DA
SMP INTEGRAL LUKMANUL HAKIM,69984673,SMP,Swasta,Kec. Baras,330203,Kab. Pasangkayu,330200,Prov. Sulawesi Barat,330000,6,2,39,3,3,0,0,14,23 Apr 2026 10:49:45,D78A020476CACC8356AA
UPTD SMAN 1 BARAS,40601857,SMA,Negeri,Kec. Baras,330203,Kab. Pasangkayu,330200,Prov. Sulawesi Barat,330000,23,8,233,9,10,6,1,29,08 Apr 2026 08:50:14,4101381DE4D5448CFE31
UPTD SMKN 1 BARAS,40604625,SMK,Negeri,Kec. Baras,330203,Kab. Pasangkayu,330200,Prov. Sulawesi Barat,330000,23,9,212,13,13,4,1,30,25 Apr 2026 11:40:26,6C450E6C6357B17A3CF8
UPTD SMKN 2 BARAS,40604636,SMK,Negeri,Kec. Baras,330203,Kab. Pasangkayu,330200,Prov. Sulawesi Barat,330000,15,3,218,9,10,6,1,47,24 Apr 2026 18:48:30,4DFF70CBE52AC914668A
SMK-ALFALAH,69990259,SMK,Swasta,Kec. Baras,330203,Kab. Pasangkayu,330200,Prov. Sulawesi Barat,330000,4,1,45,3,3,1,1,2,04 Feb 2026 06:24:10,F4F4C66FF5EEE3462731
SD INPRES JENGING,40601638,SD,Negeri,Kec. Tikke Raya,330209,Kab. Pasangkayu,330200,Prov. Sulawesi Barat,330000,14,4,240,10,9,1,1,24,07 Apr 2026 23:37:45,C01B1EA9F890EA9A1A8C
SD INPRES KALUKUMBEO,40601642,SD,Negeri,Kec. Tikke Raya,330209,Kab. Pasangkayu,330200,Prov. Sulawesi Barat,330000,10,2,180,7,7,1,1,27,29 Apr 2026 10:43:50,A7AC031A7685D6699EE7
SD INPRES PIRSUS TIKKE,40601655,SD,Negeri,Kec. Tikke Raya,330209,Kab. Pasangkayu,330200,Prov. Sulawesi Barat,330000,20,5,322,14,15,1,1,26,30 Apr 2026 05:20:04,BB6CAF32D5F1B7501C7C
SD INPRES TIKKE,40601630,SD,Negeri,Kec. Tikke Raya,330209,Kab. Pasangkayu,330200,Prov. Sulawesi Barat,330000,10,6,176,8,6,1,2,32,24 Apr 2026 20:41:59,296CF59426B24CD3350D
SD NEGERI GOLF,40601707,SD,Negeri,Kec. Tikke Raya,330209,Kab. Pasangkayu,330200,Prov. Sulawesi Barat,330000,7,2,136,6,8,1,1,20,20 Apr 2026 20:45:22,EDB857E5AADDA2B48BAF
SD NEGERI KALINDU,40604964,SD,Negeri,Kec. Tikke Raya,330209,Kab. Pasangkayu,330200,Prov. Sulawesi Barat,330000,7,3,47,6,6,1,0,26,06 Apr 2026 17:20:01,7AA374FFEBB339B91270
SD NEGERI LARIANG,40601747,SD,Negeri,Kec. Tikke Raya,330209,Kab. Pasangkayu,330200,Prov. Sulawesi Barat,330000,8,2,105,6,8,0,1,14,22 Apr 2026 09:59:28,CDA17B39AB3F6EC0587F
SD NEGERI MAKMUR JAYA,40601715,SD,Negeri,Kec. Tikke Raya,330209,Kab. Pasangkayu,330200,Prov. Sulawesi Barat,330000,11,5,171,10,8,0,1,27,14 Apr 2026 08:38:45,176790EE09D8F411CE57
SD NEGERI MEKAR TIKKE,40604952,SD,Negeri,Kec. Tikke Raya,330209,Kab. Pasangkayu,330200,Prov. Sulawesi Barat,330000,11,2,132,7,8,0,1,17,02 Apr 2026 20:39:46,D8DE8389BD76E0BADD76
SD NEGERI PAJALELE,40601757,SD,Negeri,Kec. Tikke Raya,330209,Kab. Pasangkayu,330200,Prov. Sulawesi Barat,330000,10,4,150,7,7,1,1,12,10 Mar 2026 07:48:55,16132FFCC92908922244
SD NEGERI PETILO,40601763,SD,Negeri,Kec. Tikke Raya,330209,Kab. Pasangkayu,330200,Prov. Sulawesi Barat,330000,7,2,84,6,6,1,1,19,01 May 2026 12:50:29,3E0707FCB1FEAF6EBE78
SD NEGERI SIPARAPPE,40601712,SD,Negeri,Kec. Tikke Raya,330209,Kab. Pasangkayu,330200,Prov. Sulawesi Barat,330000,9,2,72,6,6,1,1,16,30 Apr 2026 14:08:28,61AE5E63D3FFA41FC8A3
SMP NEGERI 01 TIKKE RAYA,40601814,SMP,Negeri,Kec. Tikke Raya,330209,Kab. Pasangkayu,330200,Prov. Sulawesi Barat,330000,16,7,223,9,10,2,1,17,29 Apr 2026 08:16:25,C1B9D4BA1F0AEC1C313D
SMP NEGERI 02 SATAP TIKKE RAYA,40605591,SMP,Negeri,Kec. Tikke Raya,330209,Kab. Pasangkayu,330200,Prov. Sulawesi Barat,330000,8,4,71,3,3,1,1,64,22 Apr 2026 15:52:17,B3FFC25EC75D40958AAA
SMP ASTRA MAKMUR JAYA,40601808,SMP,Swasta,Kec. Tikke Raya,330209,Kab. Pasangkayu,330200,Prov. Sulawesi Barat,330000,18,3,333,11,14,2,1,21,20 Apr 2026 09:35:50,07F1A63695BBDDFA9DEB
SMP ISLAM TERPADU AL HUZAIFAH,70051137,SMP,Swasta,Kec. Tikke Raya,330209,Kab. Pasangkayu,330200,Prov. Sulawesi Barat,330000,0,0,28,3,6,0,0,17,20 Apr 2026 16:14:13,B02A6317821DB2CD2E2E
UPTD SMAN 1 TIKKE RAYA,40604959,SMA,Negeri,Kec. Tikke Raya,330209,Kab. Pasangkayu,330200,Prov. Sulawesi Barat,330000,26,5,384,12,13,4,1,23,23 Apr 2026 07:49:24,8BCC41D04DC36DA77CDA
UPTD SMKN 1 TIKKE,69877290,SMK,Negeri,Kec. Tikke Raya,330209,Kab. Pasangkayu,330200,Prov. Sulawesi Barat,330000,17,2,93,6,11,3,1,20,28 Apr 2026 17:31:43,8AE0CDB5840FC6D431EB
SD INPRES 008 LILIMORI,40601597,SD,Negeri,Kec. Bulu Taba,330207,Kab. Pasangkayu,330200,Prov. Sulawesi Barat,330000,13,3,205,10,11,0,1,30,26 Apr 2026 13:32:18,5673C236B13DB9DB181C
SD INPRES KARAVE,40601614,SD,Negeri,Kec. Bulu Taba,330207,Kab. Pasangkayu,330200,Prov. Sulawesi Barat,330000,10,2,122,6,9,1,1,16,04 Apr 2026 09:20:25,057BC0C6182C709D392D
SD INPRES KASTA BUANA,40601618,SD,Negeri,Kec. Bulu Taba,330207,Kab. Pasangkayu,330200,Prov. Sulawesi Barat,330000,12,2,162,8,11,1,1,44,29 Apr 2026 09:34:28,C56E342EFED57B53310F
SD INPRES LELEJAE,40601620,SD,Negeri,Kec. Bulu Taba,330207,Kab. Pasangkayu,330200,Prov. Sulawesi Barat,330000,12,3,137,6,8,1,1,9,06 Apr 2026 10:20:52,09FB63C7B1FF03035321
SD NEGERI BIAI,40601689,SD,Negeri,Kec. Bulu Taba,330207,Kab. Pasangkayu,330200,Prov. Sulawesi Barat,330000,10,3,124,6,8,1,1,31,28 Apr 2026 11:08:10,8C85C41287C8BC68B5C8
SD NEGERI DAMPELA,40601687,SD,Negeri,Kec. Bulu Taba,330207,Kab. Pasangkayu,330200,Prov. Sulawesi Barat,330000,12,5,162,7,11,1,1,25,22 Apr 2026 08:14:46,9155DB8573C881B8339B
SD NEGERI HOW,40601681,SD,Negeri,Kec. Bulu Taba,330207,Kab. Pasangkayu,330200,Prov. Sulawesi Barat,330000,7,3,60,6,4,0,0,17,21 Apr 2026 18:58:59,D695AAEDF9A708C58C89
SD NEGERI KAMPUNG BARU,40602235,SD,Negeri,Kec. Bulu Taba,330207,Kab. Pasangkayu,330200,Prov. Sulawesi Barat,330000,8,2,35,6,6,0,1,18,22 Apr 2026 10:55:34,1C98097179453DDB4B2A
SD NEGERI LEMBAH HARAPAN,40604378,SD,Negeri,Kec. Bulu Taba,330207,Kab. Pasangkayu,330200,Prov. Sulawesi Barat,330000,8,3,75,6,6,0,1,11,10 Apr 2026 16:28:08,BB6CA18DE3E46602AE92
SD NEGERI PANGANA,40604268,SD,Negeri,Kec. Bulu Taba,330207,Kab. Pasangkayu,330200,Prov. Sulawesi Barat,330000,6,4,31,5,4,0,0,14,28 Apr 2026 21:51:13,768FA0BD1274ADF572CB
SD NEGERI SUMBER SARI,40601695,SD,Negeri,Kec. Bulu Taba,330207,Kab. Pasangkayu,330200,Prov. Sulawesi Barat,330000,8,4,45,6,7,0,1,31,16 Apr 2026 23:12:52,C2C3047BB301B6B9C649
SD NEGERI TATA,40601679,SD,Negeri,Kec. Bulu Taba,330207,Kab. Pasangkayu,330200,Prov. Sulawesi Barat,330000,7,3,42,6,6,1,0,26,09 Apr 2026 10:36:44,FC44B04480147956ABD0
SMP NEGERI 01 BULUTABA,40601826,SMP,Negeri,Kec. Bulu Taba,330207,Kab. Pasangkayu,330200,Prov. Sulawesi Barat,330000,22,9,318,11,16,3,1,15,20 Apr 2026 13:59:11,8E2D38130936EE496B8F
SMP NEGERI 02 BULUTABA,40604635,SMP,Negeri,Kec. Bulu Taba,330207,Kab. Pasangkayu,330200,Prov. Sulawesi Barat,330000,11,4,66,3,6,2,1,20,23 Apr 2026 14:44:03,5261554B67A4DCDD4C60
SMP NEGERI 03 SATAP BULUTABA,69727431,SMP,Negeri,Kec. Bulu Taba,330207,Kab. Pasangkayu,330200,Prov. Sulawesi Barat,330000,7,2,27,3,2,0,1,19,02 Mar 2026 11:37:48,E61C5BC8D10E66EC497A
UPTD SMAN 1 BULUTABA,40601855,SMA,Negeri,Kec. Bulu Taba,330207,Kab. Pasangkayu,330200,Prov. Sulawesi Barat,330000,28,6,416,13,16,4,2,27,26 Apr 2026 05:28:32,567C9465778F11D5C501
SD INPRES KALUKU NANGKA,40601611,SD,Negeri,Kec. Bambaira,330211,Kab. Pasangkayu,330200,Prov. Sulawesi Barat,330000,9,2,162,7,7,1,1,21,10 Apr 2026 14:04:01,A0FC79368264D967BEB0
SD INPRES KASOLOANG,40601615,SD,Negeri,Kec. Bambaira,330211,Kab. Pasangkayu,330200,Prov. Sulawesi Barat,330000,10,2,145,7,8,1,2,49,25 Apr 2026 01:17:56,AB224EAED901EFA87C39
SD INPRES TAMPAURE,40601672,SD,Negeri,Kec. Bambaira,330211,Kab. Pasangkayu,330200,Prov. Sulawesi Barat,330000,7,6,101,6,8,0,1,24,23 Apr 2026 19:45:01,30E98C0FD17D12AED781
SD NEGERI BAMBAIRA,40601719,SD,Negeri,Kec. Bambaira,330211,Kab. Pasangkayu,330200,Prov. Sulawesi Barat,330000,9,5,141,7,8,1,2,29,02 May 2026 08:59:54,27A7BEDDEB40C57CB394
SD NEGERI BAMBARANO,40601724,SD,Negeri,Kec. Bambaira,330211,Kab. Pasangkayu,330200,Prov. Sulawesi Barat,330000,8,4,88,6,6,0,1,18,22 Apr 2026 19:58:14,D4AF18DBF04271AEBE50
SD NEGERI BANTALAKA,40601726,SD,Negeri,Kec. Bambaira,330211,Kab. Pasangkayu,330200,Prov. Sulawesi Barat,330000,6,3,83,6,6,0,2,18,25 Apr 2026 18:03:13,E3EE4BA189DA0FD6D20C
SD NEGERI BARUGA,40601727,SD,Negeri,Kec. Bambaira,330211,Kab. Pasangkayu,330200,Prov. Sulawesi Barat,330000,6,5,125,6,8,1,1,16,12 Apr 2026 22:53:54,F488D60FCA40BC863C8B
SD NEGERI PEBONDO,40604258,SD,Negeri,Kec. Bambaira,330211,Kab. Pasangkayu,330200,Prov. Sulawesi Barat,330000,8,3,88,6,6,1,2,23,02 May 2026 16:28:13,BCAD97439555F8AD03F1
SD NEGERI PELONTU,40601710,SD,Negeri,Kec. Bambaira,330211,Kab. Pasangkayu,330200,Prov. Sulawesi Barat,330000,10,6,186,7,9,0,1,10,23 Apr 2026 09:57:02,9E0250F77C2FFF31D37B
SD NEGERI SALUWIRA,40601773,SD,Negeri,Kec. Bambaira,330211,Kab. Pasangkayu,330200,Prov. Sulawesi Barat,330000,8,8,72,6,6,0,1,18,22 Apr 2026 07:17:18,F419DCC7FDCA3EF4A007
SD NEGERI TABA,40604257,SD,Negeri,Kec. Bambaira,330211,Kab. Pasangkayu,330200,Prov. Sulawesi Barat,330000,9,2,96,6,6,0,0,23,20 Apr 2026 10:45:14,94F63E71D20985FE4963
SMP NEGERI 01 BAMBAIRA,40601830,SMP,Negeri,Kec. Bambaira,330211,Kab. Pasangkayu,330200,Prov. Sulawesi Barat,330000,17,12,237,8,11,2,1,49,25 Apr 2026 08:20:26,9212621E0B71F650EAB9
SMP NEGERI 02 SATAP BAMBAIRA,40604249,SMP,Negeri,Kec. Bambaira,330211,Kab. Pasangkayu,330200,Prov. Sulawesi Barat,330000,15,3,131,6,6,1,5,33,22 Apr 2026 09:44:52,E2E7E191064D73DDB1E7
SMP ISLAM TERPADU AL-AMANAH,70045732,SMP,Swasta,Kec. Bambaira,330211,Kab. Pasangkayu,330200,Prov. Sulawesi Barat,330000,0,4,26,3,3,0,0,10,02 May 2026 15:23:59,F43C4AA6E717E9EB7688
UPTD SMAN 1 BAMBAIRA,69786226,SMA,Negeri,Kec. Bambaira,330211,Kab. Pasangkayu,330200,Prov. Sulawesi Barat,330000,24,3,242,9,8,2,1,26,23 Apr 2026 08:21:04,69F4D07DC764D22B5F65
SD INPRES DURIPOKU,40601739,SD,Negeri,Kec. Sarudu,330202,Kab. Pasangkayu,330200,Prov. Sulawesi Barat,330000,10,3,111,6,6,0,1,1,02 May 2026 16:19:49,B738C7D958250ABC8B6C
SD INPRES SARUDU I,40601661,SD,Negeri,Kec. Sarudu,330202,Kab. Pasangkayu,330200,Prov. Sulawesi Barat,330000,17,3,230,12,10,1,1,46,02 May 2026 12:15:45,BC20BCB498F055C7ADE6
SD INPRES SARUDU II,40601662,SD,Negeri,Kec. Sarudu,330202,Kab. Pasangkayu,330200,Prov. Sulawesi Barat,330000,10,3,117,6,6,1,1,35,14 Apr 2026 09:40:06,E5807ECAA1E9DAF11BD1
SD NEGERI DODA,40604648,SD,Negeri,Kec. Sarudu,330202,Kab. Pasangkayu,330200,Prov. Sulawesi Barat,330000,10,4,161,7,8,0,1,8,24 Mar 2026 22:08:39,3C2718CFEB63C7D565EA
SD NEGERI KUMA,40604632,SD,Negeri,Kec. Sarudu,330202,Kab. Pasangkayu,330200,Prov. Sulawesi Barat,330000,12,4,178,9,8,1,1,12,28 Apr 2026 14:12:54,6C22E3F316FC764222EC
SD NEGERI MONROWALI,40601702,SD,Negeri,Kec. Sarudu,330202,Kab. Pasangkayu,330200,Prov. Sulawesi Barat,330000,7,3,40,6,5,0,1,14,02 Apr 2026 11:14:49,2A986F025F495C371490
SD NEGERI NUNU,40601756,SD,Negeri,Kec. Sarudu,330202,Kab. Pasangkayu,330200,Prov. Sulawesi Barat,330000,16,4,341,12,11,1,1,25,02 May 2026 07:08:29,748EBEF75DFFF801FFB0
SD NEGERI PATIKA,40601761,SD,Negeri,Kec. Sarudu,330202,Kab. Pasangkayu,330200,Prov. Sulawesi Barat,330000,7,4,101,6,7,1,1,39,28 Apr 2026 07:00:20,624EBB138EA633C2DA12
SD NEGERI TANAMONI,40601698,SD,Negeri,Kec. Sarudu,330202,Kab. Pasangkayu,330200,Prov. Sulawesi Barat,330000,9,4,140,7,8,0,1,16,30 Apr 2026 13:23:25,CBEC9BE4378B0654A649
SD NEGERI TINANGGULI,40601779,SD,Negeri,Kec. Sarudu,330202,Kab. Pasangkayu,330200,Prov. Sulawesi Barat,330000,11,5,149,8,7,0,1,22,28 Apr 2026 08:55:53,2DE50450EAAF00DB8E0F
SMP NEGERI 01 SARUDU,40601818,SMP,Negeri,Kec. Sarudu,330202,Kab. Pasangkayu,330200,Prov. Sulawesi Barat,330000,14,4,198,7,11,2,1,42,30 Apr 2026 18:58:11,D339A28E538BD806E590
SMP NEGERI 02 SARUDU,40604821,SMP,Negeri,Kec. Sarudu,330202,Kab. Pasangkayu,330200,Prov. Sulawesi Barat,330000,11,4,69,3,5,1,1,52,17 Apr 2026 10:57:23,6F02A1DD4B1CAA79AD6E
SMP NEGERI 03 SATAP SARUDU,40605625,SMP,Negeri,Kec. Sarudu,330202,Kab. Pasangkayu,330200,Prov. Sulawesi Barat,330000,10,2,17,3,2,0,1,55,18 Apr 2026 18:41:50,061E3D761B2C008F166E
SMP NEGERI 04 SARUDU,69727434,SMP,Negeri,Kec. Sarudu,330202,Kab. Pasangkayu,330200,Prov. Sulawesi Barat,330000,17,7,207,8,8,2,1,67,22 Apr 2026 08:54:54,2421A5436B56D9DAD45D
SMP NEGERI 20 DODA,69898934,SMP,Negeri,Kec. Sarudu,330202,Kab. Pasangkayu,330200,Prov. Sulawesi Barat,330000,11,5,108,6,6,2,2,48,30 Apr 2026 08:12:34,9339194583EDBAEBE9B2
UPTD SMAN 1 SARUDU,40601859,SMA,Negeri,Kec. Sarudu,330202,Kab. Pasangkayu,330200,Prov. Sulawesi Barat,330000,28,6,333,11,19,3,1,56,27 Apr 2026 08:24:27,FD76F364EB9B17129758
UPTD SMKN 1 SARUDU,40605628,SMK,Negeri,Kec. Sarudu,330202,Kab. Pasangkayu,330200,Prov. Sulawesi Barat,330000,20,4,232,10,10,5,1,47,30 Apr 2026 12:43:29,D43CEAB32D512BCA3732
SD INPRES MAPONU,40601625,SD,Negeri,Kec. Sarjo,330212,Kab. Pasangkayu,330200,Prov. Sulawesi Barat,330000,7,5,67,6,6,1,2,9,22 Apr 2026 15:27:22,A8BCE7E5C09CBAF3D391
SD INPRES SARJO,40601659,SD,Negeri,Kec. Sarjo,330212,Kab. Pasangkayu,330200,Prov. Sulawesi Barat,330000,7,2,73,6,3,1,1,28,23 Apr 2026 09:40:40,E82C595D396CA8345F4C
SD NEGERI BALABONDA,40601706,SD,Negeri,Kec. Sarjo,330212,Kab. Pasangkayu,330200,Prov. Sulawesi Barat,330000,10,4,133,6,14,1,1,17,23 Apr 2026 09:25:30,666A64E995E8B87BA018
SD NEGERI LANTA,69786440,SD,Negeri,Kec. Sarjo,330212,Kab. Pasangkayu,330200,Prov. Sulawesi Barat,330000,8,3,86,6,6,1,1,21,29 Apr 2026 06:59:43,8E02C4FC01A1DC63F5BE
SD NEGERI LETAWA,40601748,SD,Negeri,Kec. Sarjo,330212,Kab. Pasangkayu,330200,Prov. Sulawesi Barat,330000,8,8,144,7,8,0,1,46,25 Apr 2026 10:26:55,7822DC53125E974A0CC2
SD NEGERI MAPONU BARU,40605501,SD,Negeri,Kec. Sarjo,330212,Kab. Pasangkayu,330200,Prov. Sulawesi Barat,330000,7,2,82,6,6,1,1,15,29 Apr 2026 05:19:28,DA24A53EAC976ABD7432
SD NEGERI PAMBUA,69774577,SD,Negeri,Kec. Sarjo,330212,Kab. Pasangkayu,330200,Prov. Sulawesi Barat,330000,8,2,94,6,6,1,1,21,14 Apr 2026 10:45:26,2AD39C223CA37365D8C5
SD NEGERI UJUNG SOLI,40601781,SD,Negeri,Kec. Sarjo,330212,Kab. Pasangkayu,330200,Prov. Sulawesi Barat,330000,8,5,152,6,7,0,1,34,29 Apr 2026 09:55:29,44437A4D12EC9A6EEF70
SMP NEGERI 01 SARJO,40601832,SMP,Negeri,Kec. Sarjo,330212,Kab. Pasangkayu,330200,Prov. Sulawesi Barat,330000,23,5,199,8,8,2,1,19,14 Apr 2026 07:43:24,27539CECBB1B9FD51C17
SMP NEGERI 02 SARJO,40601810,SMP,Negeri,Kec. Sarjo,330212,Kab. Pasangkayu,330200,Prov. Sulawesi Barat,330000,14,8,127,6,7,2,1,19,27 Apr 2026 16:40:51,A96AE86FCCEBC7C6E526
UPTD SMA NEGERI 1 SARJO,69899684,SMA,Negeri,Kec. Sarjo,330212,Kab. Pasangkayu,330200,Prov. Sulawesi Barat,330000,23,5,294,10,13,4,1,44,01 May 2026 23:12:51,96B206E5F45BA145F3D4
UPTD SMKN 1 SARJO,40604626,SMK,Negeri,Kec. Sarjo,330212,Kab. Pasangkayu,330200,Prov. Sulawesi Barat,330000,25,8,252,12,17,4,1,53,27 Apr 2026 10:19:07,814EFED56299D440BA10
SD INPRES BAJAWALI,40601601,SD,Negeri,Kec. Lariang,330208,Kab. Pasangkayu,330200,Prov. Sulawesi Barat,330000,9,3,94,6,6,1,1,16,22 Apr 2026 10:58:50,8CA484BE291812F70A99
SD INPRES GODANG,40601608,SD,Negeri,Kec. Lariang,330208,Kab. Pasangkayu,330200,Prov. Sulawesi Barat,330000,5,6,88,6,7,1,1,10,27 Apr 2026 10:27:07,97D627705F699BB461C3
SD INPRES PARABU,40601599,SD,Negeri,Kec. Lariang,330208,Kab. Pasangkayu,330200,Prov. Sulawesi Barat,330000,9,3,126,6,8,1,1,34,28 Apr 2026 09:10:19,030117C53FB74338528F
SD INPRES SALUPONTU,40601657,SD,Negeri,Kec. Lariang,330208,Kab. Pasangkayu,330200,Prov. Sulawesi Barat,330000,7,3,114,6,7,0,1,30,29 Apr 2026 13:33:02,9FDED3217B2E99267B7C
SD NEGERI KENANGAN,40601709,SD,Negeri,Kec. Lariang,330208,Kab. Pasangkayu,330200,Prov. Sulawesi Barat,330000,8,5,58,6,6,0,1,7,03 Mar 2026 08:22:48,9621D1A9A48E2366540F
SD NEGERI MAJENE,40601603,SD,Negeri,Kec. Lariang,330208,Kab. Pasangkayu,330200,Prov. Sulawesi Barat,330000,9,6,226,10,9,0,1,19,23 Apr 2026 09:34:36,70711C3DE5EFABE89630
SD NEGERI PAHAMPA,40601683,SD,Negeri,Kec. Lariang,330208,Kab. Pasangkayu,330200,Prov. Sulawesi Barat,330000,7,2,73,6,6,0,1,31,11 Apr 2026 15:01:50,29EDD3F399FB5268C4D9
SD NEGERI PELOSU,40601691,SD,Negeri,Kec. Lariang,330208,Kab. Pasangkayu,330200,Prov. Sulawesi Barat,330000,7,2,52,6,6,1,1,18,01 May 2026 20:27:06,F297F7FB12135AD92C52
SD NEGERI RODO,40604633,SD,Negeri,Kec. Lariang,330208,Kab. Pasangkayu,330200,Prov. Sulawesi Barat,330000,6,1,41,6,5,0,0,13,12 Apr 2026 08:48:48,C7AD1E7B052875FD61A2
SMP NEGERI 01 LARIANG,40601816,SMP,Negeri,Kec. Lariang,330208,Kab. Pasangkayu,330200,Prov. Sulawesi Barat,330000,13,8,145,6,6,2,2,22,21 Apr 2026 08:25:35,45611835C5AAE758EC1A
SMP NEGERI 02 LARIANG,69786439,SMP,Negeri,Kec. Lariang,330208,Kab. Pasangkayu,330200,Prov. Sulawesi Barat,330000,15,4,161,6,8,2,1,32,30 Apr 2026 10:31:33,94317AD8FA40B365D247
SMP NEGERI 03 LARIANG,40605734,SMP,Negeri,Kec. Lariang,330208,Kab. Pasangkayu,330200,Prov. Sulawesi Barat,330000,6,2,53,3,4,0,1,35,23 Apr 2026 07:31:01,8B98F4C994AEF7BDFD93
UPTD SMAN 1 LARIANG,69786227,SMA,Negeri,Kec. Lariang,330208,Kab. Pasangkayu,330200,Prov. Sulawesi Barat,330000,17,3,147,6,9,4,1,59,09 Apr 2026 19:12:07,8BA04D753C1FC2E742C3
UPTD SMK NEGERI 1 LARIANG,70027297,SMK,Negeri,Kec. Lariang,330208,Kab. Pasangkayu,330200,Prov. Sulawesi Barat,330000,24,3,78,9,6,0,0,67,27 Apr 2026 08:36:55,6868D418262C877AFE87
SD INPRES SARUDU III,40601665,SD,Negeri,Kec. Duripoku,330206,Kab. Pasangkayu,330200,Prov. Sulawesi Barat,330000,9,4,127,6,6,1,1,22,23 Apr 2026 20:43:15,3E7DBBD33DA6B0286DFE
SD INPRES SARUDU V,40601670,SD,Negeri,Kec. Duripoku,330206,Kab. Pasangkayu,330200,Prov. Sulawesi Barat,330000,18,5,293,12,14,0,2,8,03 Mar 2026 21:23:17,62906CF2376F646FD053
SD NEGERI SIPAKAINGA,40604631,SD,Negeri,Kec. Duripoku,330206,Kab. Pasangkayu,330200,Prov. Sulawesi Barat,330000,8,1,51,6,5,0,1,6,20 Feb 2026 10:39:34,7EF499D8C7E7056B5124
SD NEGERI TARANGGI,40601700,SD,Negeri,Kec. Duripoku,330206,Kab. Pasangkayu,330200,Prov. Sulawesi Barat,330000,9,3,88,6,6,0,1,22,09 Apr 2026 18:29:05,A360CFBDCD9F3C8B2713
SDIT Al-HANIFIYAH,69984258,SD,Swasta,Kec. Duripoku,330206,Kab. Pasangkayu,330200,Prov. Sulawesi Barat,330000,4,17,99,6,6,0,1,11,17 Apr 2026 06:27:20,B8DAA03B452CEEAC56ED
SMP NEGERI 01 DURIPOKU,69774576,SMP,Negeri,Kec. Duripoku,330206,Kab. Pasangkayu,330200,Prov. Sulawesi Barat,330000,10,5,148,6,6,2,1,16,28 Apr 2026 06:43:05,B832E29CA9D11A7FE73D
SMP NEGERI 24 SAPTANAJAYA,69899278,SMP,Negeri,Kec. Duripoku,330206,Kab. Pasangkayu,330200,Prov. Sulawesi Barat,330000,9,7,37,3,6,1,1,40,08 Apr 2026 18:50:40,EFF5825AB4D18750D89E
UPTD SMA NEGERI 1 DURIPOKU,69899277,SMA,Negeri,Kec. Duripoku,330206,Kab. Pasangkayu,330200,Prov. Sulawesi Barat,330000,16,4,164,6,10,3,1,15,28 Apr 2026 19:51:07,B32F1D4665AF9E097FD8
SD INPRES BATUOGE,40601634,SD,Negeri,Kec. Pedongga,330210,Kab. Pasangkayu,330200,Prov. Sulawesi Barat,330000,16,5,244,12,9,1,1,25,24 Apr 2026 08:52:05,868299E2173B6B4D0504
SD INPRES KABUYU,40601640,SD,Negeri,Kec. Pedongga,330210,Kab. Pasangkayu,330200,Prov. Sulawesi Barat,330000,20,3,326,13,20,2,1,11,28 Apr 2026 11:52:30,6FF64B0C426B2103EFAD
SD INPRES MALEI,40601644,SD,Negeri,Kec. Pedongga,330210,Kab. Pasangkayu,330200,Prov. Sulawesi Barat,330000,8,6,110,6,6,1,1,16,01 May 2026 10:11:04,797647301D093E7593CE
SD INPRES PEDANDA,40601645,SD,Negeri,Kec. Pedongga,330210,Kab. Pasangkayu,330200,Prov. Sulawesi Barat,330000,10,2,156,6,6,0,0,25,29 Apr 2026 12:16:34,10896BE0A6292D2DD8C7
SD INPRES PEDONGGA,40601648,SD,Negeri,Kec. Pedongga,330210,Kab. Pasangkayu,330200,Prov. Sulawesi Barat,330000,7,4,105,6,6,1,3,24,28 Apr 2026 12:30:22,3306E20DA887D3696A21
SD ISLAM TERPADU ASH-SHIDDIQ,70055085,SD,Swasta,Kec. Pedongga,330210,Kab. Pasangkayu,330200,Prov. Sulawesi Barat,330000,2,1,0,0,0,0,0,0,,1AD797297D2D359E927C
SMP NEGERI 01 PEDONGGA,40601836,SMP,Negeri,Kec. Pedongga,330210,Kab. Pasangkayu,330200,Prov. Sulawesi Barat,330000,21,9,242,9,10,2,1,10,13 Apr 2026 08:55:01,CDF3BED9DBE4C9CAC0E5
UPTD SD INPRES BAMBAMANURUNG,40600311,SD,Negeri,Kec. Topoyo,330603,Kab. Mamuju Tengah,330600,Prov. Sulawesi Barat,330000,10,1,114,6,6,0,1,12,06 Apr 2026 20:27:08,D6146D596B21A55D98A0
UPTD SD INPRES BAYOR,40600329,SD,Negeri,Kec. Topoyo,330603,Kab. Mamuju Tengah,330600,Prov. Sulawesi Barat,330000,21,3,327,14,14,1,1,64,30 Apr 2026 15:48:28,9E09CD87A527C1AFB32A
UPTD SD INPRES KABUBU,40600317,SD,Negeri,Kec. Topoyo,330603,Kab. Mamuju Tengah,330600,Prov. Sulawesi Barat,330000,11,1,113,6,6,0,0,12,04 Apr 2026 12:04:20,5E8815FF9D8837AAB489
UPTD SD INPRES NGAPABOA,40600481,SD,Negeri,Kec. Topoyo,330603,Kab. Mamuju Tengah,330600,Prov. Sulawesi Barat,330000,34,6,629,24,16,1,0,28,30 Apr 2026 12:06:06,0E1254048CBAA73FA9EA
UPTD SD INPRES PARAILI,40600465,SD,Negeri,Kec. Topoyo,330603,Kab. Mamuju Tengah,330600,Prov. Sulawesi Barat,330000,12,1,181,10,7,0,1,76,07 Apr 2026 19:50:35,BC39F9FDCC37BABB8118
UPTD SD INPRES PATULANA,40600468,SD,Negeri,Kec. Topoyo,330603,Kab. Mamuju Tengah,330600,Prov. Sulawesi Barat,330000,12,3,178,9,9,0,1,15,04 Mar 2026 09:27:09,FBFA275AB1D5619BEDC8
UPTD SD INPRES SALUPANGKANG,40600493,SD,Negeri,Kec. Topoyo,330603,Kab. Mamuju Tengah,330600,Prov. Sulawesi Barat,330000,9,4,166,8,6,1,1,35,02 May 2026 07:39:58,3D45BEB75C62416E713D
UPTD SD INPRES SALUPANGKANG IV,40600494,SD,Negeri,Kec. Topoyo,330603,Kab. Mamuju Tengah,330600,Prov. Sulawesi Barat,330000,11,3,42,6,6,0,1,15,10 Mar 2026 09:32:06,FC8B541AE36D79FFC1B6
UPTD SD INPRES SWAKARSA,40604294,SD,Negeri,Kec. Topoyo,330603,Kab. Mamuju Tengah,330600,Prov. Sulawesi Barat,330000,8,1,45,6,6,0,1,8,09 Mar 2026 03:15:35,145A2BA282C2E5FEC5D0
UPTD SD INPRES TABOLANG,40600432,SD,Negeri,Kec. Topoyo,330603,Kab. Mamuju Tengah,330600,Prov. Sulawesi Barat,330000,10,3,56,6,6,0,1,12,06 Mar 2026 00:39:19,C5F10B2FB1AC56ACC5FD
UPTD SD INPRES TANGKOU,40600416,SD,Negeri,Kec. Topoyo,330603,Kab. Mamuju Tengah,330600,Prov. Sulawesi Barat,330000,16,4,255,12,6,1,1,22,29 Apr 2026 14:16:47,BAEE6B6825DC66131AD0
UPTD SD INPRES TAPPILINA,40600418,SD,Negeri,Kec. Topoyo,330603,Kab. Mamuju Tengah,330600,Prov. Sulawesi Barat,330000,9,2,131,8,6,0,1,33,07 Mar 2026 16:06:35,5455E0F816BFDE75510D
UPTD SD INPRES TUMBU,40600457,SD,Negeri,Kec. Topoyo,330603,Kab. Mamuju Tengah,330600,Prov. Sulawesi Barat,330000,16,2,207,11,8,0,1,15,14 Mar 2026 12:39:54,06CD2E36B12399001EF6
UPTD SD INPRES WAE PUTEH,40600459,SD,Negeri,Kec. Topoyo,330603,Kab. Mamuju Tengah,330600,Prov. Sulawesi Barat,330000,20,1,320,15,13,0,1,16,13 Apr 2026 09:15:58,E5937E49EE272CD20776
UPTD SD KECIL BATU DINDING,40605622,SD,Negeri,Kec. Topoyo,330603,Kab. Mamuju Tengah,330600,Prov. Sulawesi Barat,330000,10,2,63,6,3,0,0,23,02 May 2026 12:47:46,A0F36A10A8AD30EAE346
UPTD SD KECIL GALIANG,40605621,SD,Negeri,Kec. Topoyo,330603,Kab. Mamuju Tengah,330600,Prov. Sulawesi Barat,330000,9,5,31,6,6,0,0,11,07 Mar 2026 20:44:29,608C3B65E92DE5F00CD5
UPTD SD KECIL KAROMANA MUARA,40605426,SD,Negeri,Kec. Topoyo,330603,Kab. Mamuju Tengah,330600,Prov. Sulawesi Barat,330000,8,1,67,6,6,0,1,45,20 Mar 2026 00:37:15,38FBB00307BDF8C41796
UPTD SD KECIL TALODO,40600105,SD,Negeri,Kec. Topoyo,330603,Kab. Mamuju Tengah,330600,Prov. Sulawesi Barat,330000,7,1,50,6,6,1,1,10,18 Apr 2026 09:42:06,E10C8D91FF65343EF491
UPTD SD KECIL TANJUNG LALLERE,40605273,SD,Negeri,Kec. Topoyo,330603,Kab. Mamuju Tengah,330600,Prov. Sulawesi Barat,330000,8,1,33,6,6,0,1,9,21 Apr 2026 19:18:11,307FEB2918301A3EF798
UPTD SD NEGERI KAROMANA,40604301,SD,Negeri,Kec. Topoyo,330603,Kab. Mamuju Tengah,330600,Prov. Sulawesi Barat,330000,8,3,35,6,7,0,0,19,02 Mar 2026 12:41:13,867896F3F6D1FB00D36B
UPTD SD NEGERI KECIL KALANDO,40604300,SD,Negeri,Kec. Topoyo,330603,Kab. Mamuju Tengah,330600,Prov. Sulawesi Barat,330000,7,3,34,6,3,0,1,18,09 Apr 2026 23:32:08,A124BFFF0AAD4B8CBC60
UPTD SD NEGERI KECIL KALUBIBING,40600185,SD,Negeri,Kec. Topoyo,330603,Kab. Mamuju Tengah,330600,Prov. Sulawesi Barat,330000,12,1,147,8,6,0,0,23,04 Apr 2026 09:12:36,B9113CF25CA3A8BC59EB
UPTD SD NEGERI KECIL SALULE BO,40604329,SD,Negeri,Kec. Topoyo,330603,Kab. Mamuju Tengah,330600,Prov. Sulawesi Barat,330000,10,3,122,6,6,1,1,13,08 Apr 2026 23:46:15,206EEBFC0A2A4381699B
UPTD SD NEGERI KECIL SALUNUSU,40604698,SD,Negeri,Kec. Topoyo,330603,Kab. Mamuju Tengah,330600,Prov. Sulawesi Barat,330000,15,4,75,12,10,0,0,31,15 Apr 2026 19:22:12,FE4D35B451EFF05F4C67
UPTD SD NEGERI SINABATTA,40600426,SD,Negeri,Kec. Topoyo,330603,Kab. Mamuju Tengah,330600,Prov. Sulawesi Barat,330000,10,3,150,8,6,1,1,20,30 Apr 2026 10:31:30,46FEFE27B68C66930778
UPTD SD NEGERI TOPOYO,40600295,SD,Negeri,Kec. Topoyo,330603,Kab. Mamuju Tengah,330600,Prov. Sulawesi Barat,330000,12,3,178,9,6,0,1,39,06 Apr 2026 23:15:23,D53AB1D6D004FAB65545
UPTD SD NEGERI WAILOTONG,40600297,SD,Negeri,Kec. Topoyo,330603,Kab. Mamuju Tengah,330600,Prov. Sulawesi Barat,330000,9,2,79,6,6,0,1,18,28 Apr 2026 09:30:53,BFD672F8C6EBE67BFF31
UPTD SD IT WAHDAH ISLAMIYAH 01 TOPOYO,70059827,SD,Swasta,Kec. Topoyo,330603,Kab. Mamuju Tengah,330600,Prov. Sulawesi Barat,330000,5,0,0,0,0,0,0,0,,34C20E7D5294AE7264BF
UPTD SMP NEGERI 1 TOPOYO,40600259,SMP,Negeri,Kec. Topoyo,330603,Kab. Mamuju Tengah,330600,Prov. Sulawesi Barat,330000,12,6,139,6,11,2,1,14,14 Apr 2026 20:11:02,F5C42B2E63B5B49A3884
UPTD SMP NEGERI 2 TOPOYO,40600243,SMP,Negeri,Kec. Topoyo,330603,Kab. Mamuju Tengah,330600,Prov. Sulawesi Barat,330000,9,2,55,3,12,2,1,16,27 Apr 2026 07:51:39,BCCC381C85BE11A5717B
UPTD SMP NEGERI 3 TOPOYO,40605512,SMP,Negeri,Kec. Topoyo,330603,Kab. Mamuju Tengah,330600,Prov. Sulawesi Barat,330000,11,4,73,4,5,3,2,35,02 May 2026 10:46:55,511A6FD2085D7722CA72
UPTD SMP NEGERI 4 TOPOYO,40605645,SMP,Negeri,Kec. Topoyo,330603,Kab. Mamuju Tengah,330600,Prov. Sulawesi Barat,330000,9,2,80,3,6,1,1,45,01 May 2026 21:11:49,D573A91190B9BBA4AD52
UPTD SMP NEGERI 5 TOPOYO,40600216,SMP,Negeri,Kec. Topoyo,330603,Kab. Mamuju Tengah,330600,Prov. Sulawesi Barat,330000,17,1,169,7,9,2,1,18,14 Mar 2026 17:48:57,A2259443DBE5CB9B845D
UPTD SMP NEGERI 6 TOPOYO,60728410,SMP,Negeri,Kec. Topoyo,330603,Kab. Mamuju Tengah,330600,Prov. Sulawesi Barat,330000,32,8,406,14,13,2,1,32,16 Apr 2026 12:22:31,0990B8ED84439ABB67D4
UPTD SMP NEGERI SATU ATAP SALULEBO,69973024,SMP,Negeri,Kec. Topoyo,330603,Kab. Mamuju Tengah,330600,Prov. Sulawesi Barat,330000,12,4,65,3,3,2,1,48,13 Apr 2026 04:48:19,14C88387330542371F28
UPTD SMPS Al-MAARIF TANGKOU,40605298,SMP,Swasta,Kec. Topoyo,330603,Kab. Mamuju Tengah,330600,Prov. Sulawesi Barat,330000,8,1,63,3,3,2,1,13,09 Mar 2026 10:16:15,1D9380381CC64EB8ED36
UPTD SMPS INTEGRASI MUHAMMADIYAH,40604611,SMP,Swasta,Kec. Topoyo,330603,Kab. Mamuju Tengah,330600,Prov. Sulawesi Barat,330000,6,3,15,3,3,0,0,11,25 Apr 2026 15:43:16,CBA4D54CBA89CD45C183
UPTD SMPS ISLAM SINAR ILMU,69955496,SMP,Swasta,Kec. Topoyo,330603,Kab. Mamuju Tengah,330600,Prov. Sulawesi Barat,330000,5,1,46,3,3,0,0,36,20 Apr 2026 07:55:59,FBE9D48290E461D55052
UPTD SMA NEGERI 2 TOPOYO,69905907,SMA,Negeri,Kec. Topoyo,330603,Kab. Mamuju Tengah,330600,Prov. Sulawesi Barat,330000,17,3,124,6,6,2,1,16,30 Apr 2026 09:55:21,7E22D1FC8AC9214A5985
UPTD SMAN 1 TOPOYO,40604355,SMA,Negeri,Kec. Topoyo,330603,Kab. Mamuju Tengah,330600,Prov. Sulawesi Barat,330000,44,7,672,21,23,5,1,50,01 May 2026 13:55:59,B30DB472A68D623A43D5
SMAS AL-MUJABIR NUR,70038703,SMA,Swasta,Kec. Topoyo,330603,Kab. Mamuju Tengah,330600,Prov. Sulawesi Barat,330000,1,0,13,3,3,0,0,4,22 Apr 2026 10:14:33,CFF3F096B95799B89494
UPTD SMKN TOPOYO,40604711,SMK,Negeri,Kec. Topoyo,330603,Kab. Mamuju Tengah,330600,Prov. Sulawesi Barat,330000,41,5,375,18,21,1,1,81,25 Apr 2026 09:14:20,0A69C4763D0331DE8D02
SMKS BINA BANGSA,69774919,SMK,Swasta,Kec. Topoyo,330603,Kab. Mamuju Tengah,330600,Prov. Sulawesi Barat,330000,8,2,59,3,3,1,2,9,14 Feb 2026 06:53:47,3D4D67589BF88C48A417
SMKS KEPERAWATAN ALMUBARAK TOPOYO,40605470,SMK,Swasta,Kec. Topoyo,330603,Kab. Mamuju Tengah,330600,Prov. Sulawesi Barat,330000,17,2,117,6,6,0,0,22,01 May 2026 13:28:41,B98556D9CBF1B2F4345F
SMKS KOMPUTER MUHAMMADIYAH,40605472,SMK,Swasta,Kec. Topoyo,330603,Kab. Mamuju Tengah,330600,Prov. Sulawesi Barat,330000,6,3,26,3,4,0,1,30,03 Apr 2026 15:04:51,54205EF892383132E4F1
SMKS PRIMA KARYA TOPOYO,40604384,SMK,Swasta,Kec. Topoyo,330603,Kab. Mamuju Tengah,330600,Prov. Sulawesi Barat,330000,0,2,16,6,6,1,1,8,29 Apr 2026 05:53:01,3565D21BE73D1B676A03
UPTD SD INPRES BARAKKANG,40600326,SD,Negeri,Kec. Budong-Budong,330601,Kab. Mamuju Tengah,330600,Prov. Sulawesi Barat,330000,13,4,237,11,10,1,2,28,14 Apr 2026 20:17:38,5A8E53E7A4CE8024BBFA
UPTD SD INPRES KIRE,40604297,SD,Negeri,Kec. Budong-Budong,330601,Kab. Mamuju Tengah,330600,Prov. Sulawesi Barat,330000,10,5,136,7,7,0,2,13,09 Apr 2026 21:46:04,5EB0609132EDACA410E9
UPTD SD INPRES PANGGAJOANG,40600475,SD,Negeri,Kec. Budong-Budong,330601,Kab. Mamuju Tengah,330600,Prov. Sulawesi Barat,330000,7,6,120,6,6,0,1,11,16 Apr 2026 13:04:42,1F5FB94BA2202CC75E89
UPTD SD INPRES PIR PONTANAKAYANG,40600461,SD,Negeri,Kec. Budong-Budong,330601,Kab. Mamuju Tengah,330600,Prov. Sulawesi Barat,330000,12,3,181,8,6,1,1,26,14 Apr 2026 08:41:01,AB703FFD691DD45F3AC0
UPTD SD INPRES PONTANAKAYYANG,40600473,SD,Negeri,Kec. Budong-Budong,330601,Kab. Mamuju Tengah,330600,Prov. Sulawesi Barat,330000,9,1,108,6,6,0,1,34,16 Apr 2026 09:39:38,819DF129C922798DC4CA
UPTD SD INPRES PUJI,40600474,SD,Negeri,Kec. Budong-Budong,330601,Kab. Mamuju Tengah,330600,Prov. Sulawesi Barat,330000,10,2,56,6,6,0,1,25,13 Apr 2026 22:38:11,AF1D126513852E36B9C0
UPTD SD INPRES RANTEKOMBILING,40600505,SD,Negeri,Kec. Budong-Budong,330601,Kab. Mamuju Tengah,330600,Prov. Sulawesi Barat,330000,11,1,100,6,6,0,1,36,28 Apr 2026 10:28:02,9805055BA067D505E1CB
UPTD SD INPRES SALUGATTA,40600502,SD,Negeri,Kec. Budong-Budong,330601,Kab. Mamuju Tengah,330600,Prov. Sulawesi Barat,330000,12,2,137,7,10,0,1,15,27 Apr 2026 10:21:10,C5F96BD229C9188E3AAF
UPTD SD INPRES SALUMANURUNG,40600491,SD,Negeri,Kec. Budong-Budong,330601,Kab. Mamuju Tengah,330600,Prov. Sulawesi Barat,330000,10,3,158,8,7,0,1,28,09 Apr 2026 15:05:18,AF0D1BA282D14A35353F
UPTD SD INPRES TINALI,40600422,SD,Negeri,Kec. Budong-Budong,330601,Kab. Mamuju Tengah,330600,Prov. Sulawesi Barat,330000,11,4,167,8,10,0,1,23,15 Apr 2026 10:07:01,65EFEE782BA80748A2A4
UPTD SD NEGERI 2 BUDONG-BUDONG,40600144,SD,Negeri,Kec. Budong-Budong,330601,Kab. Mamuju Tengah,330600,Prov. Sulawesi Barat,330000,17,4,248,12,12,0,1,24,16 Apr 2026 07:59:07,F73CBF3C92F1C48B701B
UPTD SD NEGERI BERINGIN INDAH,40604324,SD,Negeri,Kec. Budong-Budong,330601,Kab. Mamuju Tengah,330600,Prov. Sulawesi Barat,330000,8,2,39,6,3,0,0,14,22 Apr 2026 23:02:03,A8561F578E9DC8FEDF66
UPTD SD NEGERI KAMANSI,40600172,SD,Negeri,Kec. Budong-Budong,330601,Kab. Mamuju Tengah,330600,Prov. Sulawesi Barat,330000,8,5,89,6,6,0,1,7,11 Apr 2026 21:32:53,34FCC0F6AB642F0F13B0
UPTD SD NEGERI KECIL BOJO,40600168,SD,Negeri,Kec. Budong-Budong,330601,Kab. Mamuju Tengah,330600,Prov. Sulawesi Barat,330000,7,3,65,6,6,0,1,10,03 Mar 2026 21:57:32,4B9EA7B573669D482E41
UPTD SD NEGERI KECIL BULUREMBU,40600170,SD,Negeri,Kec. Budong-Budong,330601,Kab. Mamuju Tengah,330600,Prov. Sulawesi Barat,330000,8,4,105,6,6,0,1,16,04 Apr 2026 18:24:23,C36373A67E4B65FE4DF5
UPTD SD NEGERI KECIL BUNGA PADI,40600171,SD,Negeri,Kec. Budong-Budong,330601,Kab. Mamuju Tengah,330600,Prov. Sulawesi Barat,330000,7,2,76,6,6,0,1,25,14 Apr 2026 08:47:23,B9DE551C0B4E4375AAB8
UPTD SD NEGERI KECIL LEMBAH HARAPAN,40600204,SD,Negeri,Kec. Budong-Budong,330601,Kab. Mamuju Tengah,330600,Prov. Sulawesi Barat,330000,11,2,169,7,7,0,1,9,06 Mar 2026 11:00:44,50147D2585B1B5092B1C
UPTD SD NEGERI KECIL SAMPOLOTU,69787985,SD,Negeri,Kec. Budong-Budong,330601,Kab. Mamuju Tengah,330600,Prov. Sulawesi Barat,330000,5,4,24,6,3,0,1,15,27 Apr 2026 14:59:30,767F31239799410BE3E4
UPTD SD NEGERI KECIL SIMBAR ALLO,40600102,SD,Negeri,Kec. Budong-Budong,330601,Kab. Mamuju Tengah,330600,Prov. Sulawesi Barat,330000,9,2,123,6,15,0,1,19,08 Mar 2026 08:29:38,CFE947C4C729D4306D1D
UPTD SD NEGERI LUMU,40600147,SD,Negeri,Kec. Budong-Budong,330601,Kab. Mamuju Tengah,330600,Prov. Sulawesi Barat,330000,10,2,161,8,6,0,1,18,19 Apr 2026 20:42:23,3C8F1D0C80A257B441BC
UPTD SD NEGERI NO 1 BUDONG-BUDONG,40600142,SD,Negeri,Kec. Budong-Budong,330601,Kab. Mamuju Tengah,330600,Prov. Sulawesi Barat,330000,19,6,303,15,15,0,1,18,13 Apr 2026 14:53:15,88D848CEBF7619E7368D
UPTD SD NEGERI PASSAPA,40600189,SD,Negeri,Kec. Budong-Budong,330601,Kab. Mamuju Tengah,330600,Prov. Sulawesi Barat,330000,12,3,83,6,6,0,1,29,10 Apr 2026 18:11:15,B443330100D060E22A88
UPTD SD NEGERI SIKEANG,40600307,SD,Negeri,Kec. Budong-Budong,330601,Kab. Mamuju Tengah,330600,Prov. Sulawesi Barat,330000,9,2,86,6,6,0,1,38,06 Mar 2026 08:01:29,85647329DAADB88E1ECA
UPTD SD NEGERI TANAH MERAH,40605272,SD,Negeri,Kec. Budong-Budong,330601,Kab. Mamuju Tengah,330600,Prov. Sulawesi Barat,330000,10,3,85,6,6,0,0,23,09 Apr 2026 01:58:29,BD30302CB82DB9FB9A28
UPTD SDK RANTE MARIO,40604542,SD,Negeri,Kec. Budong-Budong,330601,Kab. Mamuju Tengah,330600,Prov. Sulawesi Barat,330000,6,1,29,6,8,0,1,16,02 Mar 2026 16:44:00,50E76A7468516383AC0C
UPTD SMP NEGERI  4 BUDONG-BUDONG,40605463,SMP,Negeri,Kec. Budong-Budong,330601,Kab. Mamuju Tengah,330600,Prov. Sulawesi Barat,330000,12,2,60,3,3,1,0,18,07 Mar 2026 18:43:03,1469D1474B7DF0D0A21A
UPTD SMP NEGERI 1 BUDONG-BUDONG,40600250,SMP,Negeri,Kec. Budong-Budong,330601,Kab. Mamuju Tengah,330600,Prov. Sulawesi Barat,330000,18,10,265,9,20,2,1,38,23 Apr 2026 08:00:10,F2F64511475A1A3D45DA
UPTD SMP NEGERI 2 BUDONG-BUDONG,40600238,SMP,Negeri,Kec. Budong-Budong,330601,Kab. Mamuju Tengah,330600,Prov. Sulawesi Barat,330000,14,5,148,6,6,2,1,36,27 Apr 2026 09:44:52,0DCD11F015C96FDCA905
UPTD SMP NEGERI 3 BUDONG-BUDONG,40604334,SMP,Negeri,Kec. Budong-Budong,330601,Kab. Mamuju Tengah,330600,Prov. Sulawesi Barat,330000,12,10,155,6,6,1,1,21,04 Apr 2026 06:38:39,37F93837609D16F506DF
UPTD SMP NEGERI 5 BUDONG-BUDONG,60728406,SMP,Negeri,Kec. Budong-Budong,330601,Kab. Mamuju Tengah,330600,Prov. Sulawesi Barat,330000,13,5,135,6,7,1,1,33,29 Apr 2026 08:29:57,BFCC76FDFB3C23387E35
UPTD SMP NEGERI 6 BUDONG-BUDONG,60728417,SMP,Negeri,Kec. Budong-Budong,330601,Kab. Mamuju Tengah,330600,Prov. Sulawesi Barat,330000,13,5,107,5,6,2,1,27,03 Apr 2026 09:38:09,680993F3F97ADDBAD9CF
UPTD SMP NEGERI 7 BUDONG-BUDONG,60728412,SMP,Negeri,Kec. Budong-Budong,330601,Kab. Mamuju Tengah,330600,Prov. Sulawesi Barat,330000,13,8,69,3,4,1,0,59,26 Apr 2026 20:31:10,B11D94BB6649F1947596
UPTD SMAN 1 BUDONG-BUDONG,40600230,SMA,Negeri,Kec. Budong-Budong,330601,Kab. Mamuju Tengah,330600,Prov. Sulawesi Barat,330000,19,8,282,9,18,4,1,10,09 Apr 2026 09:47:43,B3E057750340831CEDEA
UPTD SMAN 2 BUDONG-BUDONG,60728430,SMA,Negeri,Kec. Budong-Budong,330601,Kab. Mamuju Tengah,330600,Prov. Sulawesi Barat,330000,16,7,142,6,8,5,1,15,14 Apr 2026 15:54:35,D2F0FD79248184698F2E
UPTD SMAN 3 BUDONG-BUDONG,60728421,SMA,Negeri,Kec. Budong-Budong,330601,Kab. Mamuju Tengah,330600,Prov. Sulawesi Barat,330000,17,4,198,7,9,2,1,18,25 Apr 2026 08:47:28,71ADD56C170A8A0389DB
UPTD SMAN 4 BUDONG-BUDONG,70053856,SMA,Negeri,Kec. Budong-Budong,330601,Kab. Mamuju Tengah,330600,Prov. Sulawesi Barat,330000,12,1,47,2,3,1,1,16,27 Apr 2026 20:17:19,F6EC51679CDFD061CB78
UPTD SMKN 1 BUDONG BUDONG,69786950,SMK,Negeri,Kec. Budong-Budong,330601,Kab. Mamuju Tengah,330600,Prov. Sulawesi Barat,330000,18,3,44,6,7,5,1,24,20 Apr 2026 08:24:23,D9A65AC3FCEF714CAB22
SMKS SALUMANURUNG,69774916,SMK,Swasta,Kec. Budong-Budong,330601,Kab. Mamuju Tengah,330600,Prov. Sulawesi Barat,330000,6,1,57,3,3,1,1,10,05 Mar 2026 09:24:09,13315725709AC1A69477
UPTD SD INPRES ANGGALEHA,40600397,SD,Negeri,Kec. Karossa,330602,Kab. Mamuju Tengah,330600,Prov. Sulawesi Barat,330000,11,2,181,9,8,1,1,28,28 Apr 2026 10:21:14,BF2A0D7246D4D7ACC04A
UPTD SD INPRES ANTALILI,40600398,SD,Negeri,Kec. Karossa,330602,Kab. Mamuju Tengah,330600,Prov. Sulawesi Barat,330000,9,1,124,6,6,0,1,12,09 Apr 2026 09:52:49,A892764E9419704D3703
UPTD SD INPRES BENGGAULU,40600331,SD,Negeri,Kec. Karossa,330602,Kab. Mamuju Tengah,330600,Prov. Sulawesi Barat,330000,7,3,83,6,6,0,1,15,04 Mar 2026 08:15:31,97059712B2DBE3DB68FA
UPTD SD INPRES DURI KUMBA,40600314,SD,Negeri,Kec. Karossa,330602,Kab. Mamuju Tengah,330600,Prov. Sulawesi Barat,330000,24,1,479,18,12,0,1,41,29 Apr 2026 21:16:18,4A7E0E15FF7482358D7B
UPTD SD INPRES KALIA,40600320,SD,Negeri,Kec. Karossa,330602,Kab. Mamuju Tengah,330600,Prov. Sulawesi Barat,330000,9,4,78,6,6,0,1,17,30 Apr 2026 08:03:11,3DE00720D976E5A1412E
UPTD SD INPRES KAROSSA,40600354,SD,Negeri,Kec. Karossa,330602,Kab. Mamuju Tengah,330600,Prov. Sulawesi Barat,330000,7,3,71,6,6,0,1,13,08 Apr 2026 18:19:12,46A21A2ABBD5DA0484D3
UPTD SD INPRES LARA I,40600358,SD,Negeri,Kec. Karossa,330602,Kab. Mamuju Tengah,330600,Prov. Sulawesi Barat,330000,8,1,54,6,7,0,1,18,05 Mar 2026 07:35:12,FCEDC82747AA8C5525F9
UPTD SD INPRES LARA II,40600359,SD,Negeri,Kec. Karossa,330602,Kab. Mamuju Tengah,330600,Prov. Sulawesi Barat,330000,9,2,131,7,6,1,1,6,07 Mar 2026 12:35:09,1F096D30E84307907389
UPTD SD INPRES MORA,40600464,SD,Negeri,Kec. Karossa,330602,Kab. Mamuju Tengah,330600,Prov. Sulawesi Barat,330000,18,3,319,13,13,0,1,18,12 Apr 2026 19:13:49,B634686910836A157433
UPTD SD INPRES MORA I,40600477,SD,Negeri,Kec. Karossa,330602,Kab. Mamuju Tengah,330600,Prov. Sulawesi Barat,330000,14,4,203,8,6,1,1,24,14 Apr 2026 09:13:20,001E0B6114A68B53E23B
UPTD SD INPRES MORA II,40600478,SD,Negeri,Kec. Karossa,330602,Kab. Mamuju Tengah,330600,Prov. Sulawesi Barat,330000,11,3,93,6,7,0,1,20,30 Apr 2026 09:03:50,601E5A6A215A10BED054
UPTD SD INPRES MORA III,40600479,SD,Negeri,Kec. Karossa,330602,Kab. Mamuju Tengah,330600,Prov. Sulawesi Barat,330000,6,4,107,6,6,0,1,10,25 Apr 2026 09:51:58,78D1A8EA8D4A357DE376
UPTD SD INPRES MORA IV,40600480,SD,Negeri,Kec. Karossa,330602,Kab. Mamuju Tengah,330600,Prov. Sulawesi Barat,330000,7,2,118,6,6,0,1,9,30 Apr 2026 10:17:58,BE27E5A11E2559480CA3
UPTD SD INPRES SALUBEJAU,40600511,SD,Negeri,Kec. Karossa,330602,Kab. Mamuju Tengah,330600,Prov. Sulawesi Barat,330000,10,3,136,6,6,0,1,25,10 Apr 2026 15:35:02,EFC0CC1FE5351EA00DF5
UPTD SD INPRES SALUBIRO,40600512,SD,Negeri,Kec. Karossa,330602,Kab. Mamuju Tengah,330600,Prov. Sulawesi Barat,330000,9,3,141,6,7,1,1,30,02 Apr 2026 13:46:03,4A38C392926516C6BD07
UPTD SD INPRES SANJANGO,40600499,SD,Negeri,Kec. Karossa,330602,Kab. Mamuju Tengah,330600,Prov. Sulawesi Barat,330000,10,3,53,6,6,0,1,22,28 Apr 2026 09:34:44,3B842381FC3CA1580845
UPTD SD KECIL  BENDUNGAN,40605528,SD,Negeri,Kec. Karossa,330602,Kab. Mamuju Tengah,330600,Prov. Sulawesi Barat,330000,8,1,41,6,3,0,1,31,28 Apr 2026 10:06:05,097214EB45F6C78090FE
UPTD SD KECIL KALIA,40605411,SD,Negeri,Kec. Karossa,330602,Kab. Mamuju Tengah,330600,Prov. Sulawesi Barat,330000,11,2,39,6,3,0,0,15,13 Mar 2026 10:46:45,3ADDD880C61BED851B62
UPTD SD NEGERI KAMBUNONG,40600162,SD,Negeri,Kec. Karossa,330602,Kab. Mamuju Tengah,330600,Prov. Sulawesi Barat,330000,7,3,137,6,6,0,1,18,22 Apr 2026 21:22:32,ED292FCE03C4C056A447
UPTD SD NEGERI KAROSSA,40604362,SD,Negeri,Kec. Karossa,330602,Kab. Mamuju Tengah,330600,Prov. Sulawesi Barat,330000,12,6,199,9,6,0,0,50,28 Apr 2026 17:02:04,C5CF0F59E6F4F31D4138
UPTD SD NEGERI KECIL PULO KAMBUNONG,40600209,SD,Negeri,Kec. Karossa,330602,Kab. Mamuju Tengah,330600,Prov. Sulawesi Barat,330000,7,2,92,6,6,0,1,11,22 Apr 2026 20:55:46,D245F39EE115AFBF24B6
UPTD SD NEGERI KECIL SALUBIA,40600116,SD,Negeri,Kec. Karossa,330602,Kab. Mamuju Tengah,330600,Prov. Sulawesi Barat,330000,7,1,20,6,3,0,0,15,07 Apr 2026 18:42:45,E1C0EA73BF0B34023CC3
UPTD SD NEGERI KECIL TAMBUNG,40600107,SD,Negeri,Kec. Karossa,330602,Kab. Mamuju Tengah,330600,Prov. Sulawesi Barat,330000,7,4,57,6,5,0,1,32,25 Apr 2026 22:56:17,3ADDAB8970F7071E2384
UPTD SD NEGERI KECIL TANETE LETTER,40605590,SD,Negeri,Kec. Karossa,330602,Kab. Mamuju Tengah,330600,Prov. Sulawesi Barat,330000,10,1,35,6,3,0,1,37,18 Apr 2026 09:43:59,850700BF8C3314190653
UPTD SD NEGERI KECIL TOMEMBA,40604318,SD,Negeri,Kec. Karossa,330602,Kab. Mamuju Tengah,330600,Prov. Sulawesi Barat,330000,8,5,126,6,6,0,1,14,21 Apr 2026 19:48:34,44BE75F378072542685D
UPTD SD NEGERI SALUBIRO,40600270,SD,Negeri,Kec. Karossa,330602,Kab. Mamuju Tengah,330600,Prov. Sulawesi Barat,330000,13,4,208,9,6,0,1,53,07 Apr 2026 18:49:35,8A651F7B80E2DC7603FF
UPTD SD NEGERI SANREGE,40604696,SD,Negeri,Kec. Karossa,330602,Kab. Mamuju Tengah,330600,Prov. Sulawesi Barat,330000,9,6,146,6,6,0,1,22,14 Apr 2026 18:44:49,9D2BE59A9B473CC2E492
UPTD SMP NEGERI  5 KAROSSA,40605291,SMP,Negeri,Kec. Karossa,330602,Kab. Mamuju Tengah,330600,Prov. Sulawesi Barat,330000,12,4,94,4,4,1,1,39,29 Apr 2026 09:15:10,C3BDE723C216B014E2A3
UPTD SMP NEGERI  6 KAROSSA,69938351,SMP,Negeri,Kec. Karossa,330602,Kab. Mamuju Tengah,330600,Prov. Sulawesi Barat,330000,11,4,91,4,6,2,1,59,30 Apr 2026 08:33:12,23D1FADBE8282F268DCD
UPTD SMP NEGERI 1 KAROSSA,40600254,SMP,Negeri,Kec. Karossa,330602,Kab. Mamuju Tengah,330600,Prov. Sulawesi Barat,330000,23,7,305,11,14,2,1,16,13 Apr 2026 06:52:25,0EEC26EB22F8770AAFB9
UPTD SMP NEGERI 2 KAROSSA,40604705,SMP,Negeri,Kec. Karossa,330602,Kab. Mamuju Tengah,330600,Prov. Sulawesi Barat,330000,9,2,73,3,5,1,0,14,15 Apr 2026 21:06:09,C6CC347ED454AFF15101
UPTD SMP NEGERI 3 KAROSSA,40604342,SMP,Negeri,Kec. Karossa,330602,Kab. Mamuju Tengah,330600,Prov. Sulawesi Barat,330000,13,3,122,6,9,1,1,23,28 Apr 2026 21:04:46,FFDC9A1B1F3AC328B833
UPTD SMP NEGERI 4 KAROSSA,40605457,SMP,Negeri,Kec. Karossa,330602,Kab. Mamuju Tengah,330600,Prov. Sulawesi Barat,330000,9,1,95,5,3,2,1,9,24 Feb 2026 07:53:37,BF132B4AA10DE4AA1995
UPTD SMP NEGERI 7 KAROSSA,69963678,SMP,Negeri,Kec. Karossa,330602,Kab. Mamuju Tengah,330600,Prov. Sulawesi Barat,330000,11,3,50,3,3,2,1,31,15 Apr 2026 06:13:42,D1723106E5ACDA676764
UPTD SMP-IT ALBIRUNI,69939992,SMP,Swasta,Kec. Karossa,330602,Kab. Mamuju Tengah,330600,Prov. Sulawesi Barat,330000,14,3,144,6,5,2,1,19,01 May 2026 06:31:35,EC10D28B4889D0CF8908
UPTD SMAN 1 KAROSSA,40605623,SMA,Negeri,Kec. Karossa,330602,Kab. Mamuju Tengah,330600,Prov. Sulawesi Barat,330000,26,4,366,11,12,4,1,52,15 Apr 2026 13:09:14,51FAC289098BDFFE3871
UPTD SMAN 2 KAROSSA,60728425,SMA,Negeri,Kec. Karossa,330602,Kab. Mamuju Tengah,330600,Prov. Sulawesi Barat,330000,18,5,160,6,8,5,1,16,25 Apr 2026 15:20:03,D34D102798C51CCEC10E
UPTD SMKN KAROSSA,40600211,SMK,Negeri,Kec. Karossa,330602,Kab. Mamuju Tengah,330600,Prov. Sulawesi Barat,330000,28,4,204,15,18,6,1,41,01 May 2026 07:41:15,3845D45A5CCB40A5524B
SMKS BINA HARAPAN,69940183,SMK,Swasta,Kec. Karossa,330602,Kab. Mamuju Tengah,330600,Prov. Sulawesi Barat,330000,5,5,17,3,5,1,1,14,28 Apr 2026 15:07:43,9EFEF68BC1181FFCEA65
UPTD SD INPRES BAMBADARU,40600324,SD,Negeri,Kec. Tobadak,330604,Kab. Mamuju Tengah,330600,Prov. Sulawesi Barat,330000,11,1,129,6,6,0,1,18,02 Mar 2026 00:10:31,EF0DB718781109EBF226
UPTD SD INPRES BATU PARIGI,40600328,SD,Negeri,Kec. Tobadak,330604,Kab. Mamuju Tengah,330600,Prov. Sulawesi Barat,330000,26,4,391,17,15,1,1,25,21 Apr 2026 10:11:09,536B5F3F08C41CBC0819
UPTD SD INPRES BENTENG,40600332,SD,Negeri,Kec. Tobadak,330604,Kab. Mamuju Tengah,330600,Prov. Sulawesi Barat,330000,19,4,299,13,13,0,1,28,09 Apr 2026 21:38:08,4AC77AC6BBABE5E1F1AB
UPTD SD INPRES MAHAHE,40604359,SD,Negeri,Kec. Tobadak,330604,Kab. Mamuju Tengah,330600,Prov. Sulawesi Barat,330000,17,0,276,12,9,0,1,69,29 Apr 2026 11:20:26,A60840E0CE9E2FB20E9A
UPTD SD INPRES PANDOANDOANG,40604290,SD,Negeri,Kec. Tobadak,330604,Kab. Mamuju Tengah,330600,Prov. Sulawesi Barat,330000,9,2,97,6,6,1,1,12,05 Apr 2026 11:04:07,31D1C9E2563BD2B9181A
UPTD SD INPRES POLONGAAN,40604292,SD,Negeri,Kec. Tobadak,330604,Kab. Mamuju Tengah,330600,Prov. Sulawesi Barat,330000,15,1,232,10,11,0,1,30,10 Apr 2026 21:52:03,7C97BA5D28FD49383812
UPTD SD INPRES SALOADA,40600508,SD,Negeri,Kec. Tobadak,330604,Kab. Mamuju Tengah,330600,Prov. Sulawesi Barat,330000,13,1,166,8,9,0,1,24,06 Apr 2026 20:38:22,C591CFECA071A0F6D745
UPTD SD INPRES SULOBAJA,40604293,SD,Negeri,Kec. Tobadak,330604,Kab. Mamuju Tengah,330600,Prov. Sulawesi Barat,330000,12,1,179,8,7,0,1,38,16 Mar 2026 14:38:07,9F7DE53B56A1B9898A0A
UPTD SD INPRES TASANTUNG,40604295,SD,Negeri,Kec. Tobadak,330604,Kab. Mamuju Tengah,330600,Prov. Sulawesi Barat,330000,9,1,101,6,6,0,1,13,22 Apr 2026 09:23:27,74D4E00C5BC481E42B77
UPTD SD INPRES TOBADAK,40604296,SD,Negeri,Kec. Tobadak,330604,Kab. Mamuju Tengah,330600,Prov. Sulawesi Barat,330000,24,5,373,15,13,0,1,48,01 May 2026 20:22:52,9DEB65E6B1A8902852BD
UPTD SD NEGERI BATU SITANDUK,40600443,SD,Negeri,Kec. Tobadak,330604,Kab. Mamuju Tengah,330600,Prov. Sulawesi Barat,330000,9,1,43,6,4,0,1,14,28 Apr 2026 10:26:52,84E16C9BDAB2F0186273
UPTD SD NEGERI KECIL PATTALASSANG,40604328,SD,Negeri,Kec. Tobadak,330604,Kab. Mamuju Tengah,330600,Prov. Sulawesi Barat,330000,7,2,30,6,6,0,0,21,23 Apr 2026 07:38:27,FF120EE217BC63A69516
UPTD SD NEGERI KECIL SALUANDEAN,40604718,SD,Negeri,Kec. Tobadak,330604,Kab. Mamuju Tengah,330600,Prov. Sulawesi Barat,330000,8,3,82,6,6,1,1,20,02 May 2026 12:42:50,7B14B4D9C27E3D4A1E0C
UPTD SD NEGERI KECIL SALUDALANG,40600271,SD,Negeri,Kec. Tobadak,330604,Kab. Mamuju Tengah,330600,Prov. Sulawesi Barat,330000,10,2,48,6,5,0,1,26,07 Mar 2026 18:26:01,EE713B1F80BF118B282F
UPTD SD NEGERI KECIL TANETE BAHA,40604707,SD,Negeri,Kec. Tobadak,330604,Kab. Mamuju Tengah,330600,Prov. Sulawesi Barat,330000,7,2,38,6,3,0,0,30,09 Apr 2026 08:09:58,FC583E00A0CB796E9B0B
UPTD SD NEGERI KONDOSAPATA,40600151,SD,Negeri,Kec. Tobadak,330604,Kab. Mamuju Tengah,330600,Prov. Sulawesi Barat,330000,17,4,95,12,8,0,1,24,10 Mar 2026 08:42:37,8233D7C58AF72A565AC2
UPTD SD NEGERI SEJATI,40600304,SD,Negeri,Kec. Tobadak,330604,Kab. Mamuju Tengah,330600,Prov. Sulawesi Barat,330000,8,1,102,6,6,0,1,12,04 Feb 2026 06:50:28,6BF6F4461A5ECD69A572
UPTD SD NEGERI SIKAMASE,70061836,SD,Negeri,Kec. Tobadak,330604,Kab. Mamuju Tengah,330600,Prov. Sulawesi Barat,330000,0,0,0,0,0,0,0,0,,F7CB86DE73A454DD692A
UPTD SD NEGERI TERPENCIL SALU TASANTUNG,40604717,SD,Negeri,Kec. Tobadak,330604,Kab. Mamuju Tengah,330600,Prov. Sulawesi Barat,330000,6,1,23,6,3,0,1,18,15 Apr 2026 08:43:01,DB6FF5E0055073ADC348
UPTD SD NEGERI TOBADAK,40600294,SD,Negeri,Kec. Tobadak,330604,Kab. Mamuju Tengah,330600,Prov. Sulawesi Barat,330000,12,3,174,9,6,0,1,41,02 May 2026 12:11:50,2609FEEBDBEFCB26B159
UPTD SD NEGERI TOBADAK TANJUNG,40605289,SD,Negeri,Kec. Tobadak,330604,Kab. Mamuju Tengah,330600,Prov. Sulawesi Barat,330000,8,0,20,6,6,0,2,9,23 Feb 2026 13:29:47,9BB7AD6862F7C8A104FA
UPTD SMP NEGERI 1 TOBADAK,40600240,SMP,Negeri,Kec. Tobadak,330604,Kab. Mamuju Tengah,330600,Prov. Sulawesi Barat,330000,29,7,366,13,19,2,1,30,23 Apr 2026 10:32:50,9DEEC8194C160C837715
UPTD SMP NEGERI 2 TOBADAK,40600260,SMP,Negeri,Kec. Tobadak,330604,Kab. Mamuju Tengah,330600,Prov. Sulawesi Barat,330000,13,6,151,6,8,1,1,12,17 Apr 2026 09:55:00,273F18B1BF2F754C31B1
UPTD SMP NEGERI 3 TOBADAK,40604343,SMP,Negeri,Kec. Tobadak,330604,Kab. Mamuju Tengah,330600,Prov. Sulawesi Barat,330000,22,1,270,10,11,3,1,56,23 Apr 2026 09:09:04,581FC79A181664DC85B7
UPTD SMP NEGERI 4 TOBADAK,60728416,SMP,Negeri,Kec. Tobadak,330604,Kab. Mamuju Tengah,330600,Prov. Sulawesi Barat,330000,13,4,71,4,5,1,1,23,28 Apr 2026 19:24:17,EC1D3A94C91CF91F8EFF
UPTD SMP NEGERI 5 TOBADAK,69973025,SMP,Negeri,Kec. Tobadak,330604,Kab. Mamuju Tengah,330600,Prov. Sulawesi Barat,330000,18,1,137,6,6,1,1,20,30 Apr 2026 08:33:35,479B80CB2DB917BEB3EC
UPTD SMP NEGERI 6 TOBADAK,69979582,SMP,Negeri,Kec. Tobadak,330604,Kab. Mamuju Tengah,330600,Prov. Sulawesi Barat,330000,11,2,33,3,3,0,1,12,01 Apr 2026 23:07:32,DD69113D235CC5F06173
UPTD SMP NEGERI 7 TOBADAK,70000864,SMP,Negeri,Kec. Tobadak,330604,Kab. Mamuju Tengah,330600,Prov. Sulawesi Barat,330000,13,1,105,4,3,0,1,20,09 Apr 2026 18:44:01,CE2ABF1EEDB31DC959FF
UPTD SMP INTEGRAL AL-MADINAH HIDAYATULLAH TOBADAK,70009734,SMP,Swasta,Kec. Tobadak,330604,Kab. Mamuju Tengah,330600,Prov. Sulawesi Barat,330000,4,1,0,0,0,0,0,0,,DE610F6C1445B006BF96
UPTD SMA NEGERI 2 TOBADAK,69905126,SMA,Negeri,Kec. Tobadak,330604,Kab. Mamuju Tengah,330600,Prov. Sulawesi Barat,330000,15,2,153,6,2,3,1,46,02 May 2026 10:14:33,69B0FB9DA448973691B3
UPTD SMAN 1 TOBADAK,40604354,SMA,Negeri,Kec. Tobadak,330604,Kab. Mamuju Tengah,330600,Prov. Sulawesi Barat,330000,34,8,514,16,24,4,1,35,01 May 2026 14:27:15,5C41216725994235BD6C
UPTD SMKN 1 TOBADAK,60728435,SMK,Negeri,Kec. Tobadak,330604,Kab. Mamuju Tengah,330600,Prov. Sulawesi Barat,330000,18,1,107,9,9,0,1,35,27 Apr 2026 09:06:08,24371C61A5D940BD0204
UPTD SD INPRES ALONG-ALONG,40600396,SD,Negeri,Kec. Pangale,330605,Kab. Mamuju Tengah,330600,Prov. Sulawesi Barat,330000,7,3,56,6,6,0,1,9,26 Mar 2026 20:06:44,35DEAF1C63CCCD941AED
UPTD SD INPRES ARGOMULYO,40600411,SD,Negeri,Kec. Pangale,330605,Kab. Mamuju Tengah,330600,Prov. Sulawesi Barat,330000,9,2,129,6,7,0,1,30,28 Apr 2026 08:51:36,DB18F85D86C8B2660AA8
UPTD SD INPRES KAMPUNG BARU,40600336,SD,Negeri,Kec. Pangale,330605,Kab. Mamuju Tengah,330600,Prov. Sulawesi Barat,330000,7,2,81,6,12,0,1,5,17 Apr 2026 05:13:29,621C9EFD29D2DBF3A17B
UPTD SD INPRES KARAMA,40600351,SD,Negeri,Kec. Pangale,330605,Kab. Mamuju Tengah,330600,Prov. Sulawesi Barat,330000,9,4,115,6,6,0,1,28,17 Apr 2026 08:27:41,AAAA6DCDF6194642C08B
UPTD SD INPRES KUO,40600356,SD,Negeri,Kec. Pangale,330605,Kab. Mamuju Tengah,330600,Prov. Sulawesi Barat,330000,10,3,176,8,11,0,2,15,14 Apr 2026 03:10:45,730E7F7D2A36805F0077
UPTD SD INPRES POLO JAJAR,40600471,SD,Negeri,Kec. Pangale,330605,Kab. Mamuju Tengah,330600,Prov. Sulawesi Barat,330000,7,2,30,6,7,0,1,7,12 Mar 2026 03:48:35,00712A753BA83B035D95
UPTD SD INPRES POLO PANGALE,40600472,SD,Negeri,Kec. Pangale,330605,Kab. Mamuju Tengah,330600,Prov. Sulawesi Barat,330000,8,2,173,7,7,0,1,24,25 Apr 2026 08:49:36,8721121FE97C36D9610A
UPTD SD INPRES PURWODADI,40600503,SD,Negeri,Kec. Pangale,330605,Kab. Mamuju Tengah,330600,Prov. Sulawesi Barat,330000,7,2,68,6,6,0,1,13,08 Apr 2026 20:37:12,D2DDF7868EEDAF9F144D
UPTD SD INPRES SARTANAMAJU,40600450,SD,Negeri,Kec. Pangale,330605,Kab. Mamuju Tengah,330600,Prov. Sulawesi Barat,330000,9,1,70,6,6,0,1,9,04 Mar 2026 09:45:09,EF7407CEA0A0C4732501
UPTD SD INPRES SIDOMULYO,40600412,SD,Negeri,Kec. Pangale,330605,Kab. Mamuju Tengah,330600,Prov. Sulawesi Barat,330000,6,3,78,6,7,0,3,8,22 Apr 2026 08:28:03,A273625F8AC6EB849593
UPTD SD INPRES WANASARI,40600460,SD,Negeri,Kec. Pangale,330605,Kab. Mamuju Tengah,330600,Prov. Sulawesi Barat,330000,7,1,80,6,6,0,1,20,27 Apr 2026 09:36:35,A488A8814A8CE1BDFC8C
UPTD SD NEGERI KECIL PALAPI,40600197,SD,Negeri,Kec. Pangale,330605,Kab. Mamuju Tengah,330600,Prov. Sulawesi Barat,330000,7,2,39,6,7,0,1,16,27 Mar 2026 19:35:12,8BCB5633A968754A80E5
UPTD SD NEGERI KOMBILING,40600150,SD,Negeri,Kec. Pangale,330605,Kab. Mamuju Tengah,330600,Prov. Sulawesi Barat,330000,14,6,263,11,12,0,1,17,28 Apr 2026 13:44:20,4B379722501270E2C642
UPTD SD NEGERI LATTIBUNG,40600153,SD,Negeri,Kec. Pangale,330605,Kab. Mamuju Tengah,330600,Prov. Sulawesi Barat,330000,9,3,82,6,6,0,1,11,31 Mar 2026 18:03:32,15C05EDE277B300A8074
UPTD SD NEGERI POLO,40600263,SD,Negeri,Kec. Pangale,330605,Kab. Mamuju Tengah,330600,Prov. Sulawesi Barat,330000,8,2,63,6,6,0,1,24,03 Apr 2026 18:21:02,9E1DEB280814FE7B6107
UPTD SD NEGERI POLO CAMBA,40600264,SD,Negeri,Kec. Pangale,330605,Kab. Mamuju Tengah,330600,Prov. Sulawesi Barat,330000,8,5,80,6,6,0,1,13,05 Mar 2026 07:58:06,137863422351A2ECDCFE
UPTD SMP NEGERI 1 PANGALE,40600239,SMP,Negeri,Kec. Pangale,330605,Kab. Mamuju Tengah,330600,Prov. Sulawesi Barat,330000,12,5,157,6,10,1,1,11,30 Apr 2026 08:18:52,8612BA7315E05C69E76C
UPTD SMP NEGERI 2 PANGALE,40605296,SMP,Negeri,Kec. Pangale,330605,Kab. Mamuju Tengah,330600,Prov. Sulawesi Barat,330000,14,5,127,6,7,2,1,8,03 Mar 2026 09:28:00,7B1E4A0698117FDF1E0A
UPTD SMP NEGERI 3 PANGALE,69902284,SMP,Negeri,Kec. Pangale,330605,Kab. Mamuju Tengah,330600,Prov. Sulawesi Barat,330000,10,3,89,3,3,2,1,19,05 Mar 2026 07:48:23,639C02B876F8F966BCB6
UPTD SMP NEGERI 4 PANGALE,69980153,SMP,Negeri,Kec. Pangale,330605,Kab. Mamuju Tengah,330600,Prov. Sulawesi Barat,330000,9,4,46,3,5,1,1,6,03 Mar 2026 10:17:10,AD0B8A7D86F17A53C863
UPTD SMAN 1 PANGALE,40600231,SMA,Negeri,Kec. Pangale,330605,Kab. Mamuju Tengah,330600,Prov. Sulawesi Barat,330000,26,7,399,12,10,5,1,22,16 Apr 2026 09:14:55,6F9E90577BEBAFD44BFD
SMKS BINA KARYA,69940185,SMK,Swasta,Kec. Pangale,330605,Kab. Mamuju Tengah,330600,Prov. Sulawesi Barat,330000,8,2,103,6,6,1,0,42,30 Apr 2026 11:40:17,2A48A52636B8310D1909
SMKS JUAN PATTAROPURA,69907901,SMK,Swasta,Kec. Pangale,330605,Kab. Mamuju Tengah,330600,Prov. Sulawesi Barat,330000,6,4,82,6,2,1,0,7,22 Jan 2026 20:59:04,5F54B5DFFD538EEDAA0F
