nama_sekolah,npsn,bentuk_pendidikan,status_sekolah,kecamatan,kode_kecamatan,kabupaten,kode_kabupaten,provinsi,kode_provinsi,jumlah_guru_ptk,jumlah_pegawai,jumlah_peserta_didik,jumlah_rombel,jumlah_ruang_kelas,jumlah_lab,jumlah_perpustakaan,jumlah_kirim_sinkron,sinkron_terakhir,sekolah_id_enkrip
SD NEGERI 1 BANJARANYAR,20537719,SD,Negeri,Kec. Tanjunganom,051406,Kab. Nganjuk,051400,Prov. Jawa Timur,050000,7,3,129,6,13,0,1,8,30 Apr 2026 09:20:32,90336D2670D13D3A0C76
SD NEGERI 1 DEMANGAN,20537781,SD,Negeri,Kec. Tanjunganom,051406,Kab. Nganjuk,051400,Prov. Jawa Timur,050000,10,2,157,7,12,0,1,11,02 May 2026 08:27:32,4BEE0A9219CC04E603DE
SD NEGERI 1 GETAS,20537807,SD,Negeri,Kec. Tanjunganom,051406,Kab. Nganjuk,051400,Prov. Jawa Timur,050000,7,3,102,6,6,0,1,9,04 Apr 2026 07:44:20,A4B78E40C8BE42E4BBE1
SD NEGERI 1 JOGOMERTO,20537924,SD,Negeri,Kec. Tanjunganom,051406,Kab. Nganjuk,051400,Prov. Jawa Timur,050000,14,3,199,11,14,0,1,17,02 May 2026 18:43:51,069D09FD7042C0881629
SD NEGERI 1 KAMPUNGBARU,20537939,SD,Negeri,Kec. Tanjunganom,051406,Kab. Nganjuk,051400,Prov. Jawa Timur,050000,12,2,163,7,10,0,1,11,08 Apr 2026 08:29:18,857E08CC1D9C2E591F6C
SD NEGERI 1 KEDUNGOMBO,20537972,SD,Negeri,Kec. Tanjunganom,051406,Kab. Nganjuk,051400,Prov. Jawa Timur,050000,7,2,111,6,7,0,1,19,08 Apr 2026 22:38:08,A1CECEE393CDE8C5C78B
SD NEGERI 1 SIDOHARJO,20538193,SD,Negeri,Kec. Tanjunganom,051406,Kab. Nganjuk,051400,Prov. Jawa Timur,050000,8,4,172,7,9,0,0,8,06 Mar 2026 13:17:27,4DFE6A1989B4A8080B8A
SD NEGERI 1 SUMBERKEPUH,20538238,SD,Negeri,Kec. Tanjunganom,051406,Kab. Nganjuk,051400,Prov. Jawa Timur,050000,17,4,274,12,19,0,0,7,04 Apr 2026 05:00:53,0CFF0258374A30E859A8
SD NEGERI 1 TANJUNGANOM,20538261,SD,Negeri,Kec. Tanjunganom,051406,Kab. Nganjuk,051400,Prov. Jawa Timur,050000,11,2,277,10,9,0,1,17,04 Apr 2026 09:22:03,8F9F87DF422CAEFA1A60
SD NEGERI 1 WARUJAYENG,20538284,SD,Negeri,Kec. Tanjunganom,051406,Kab. Nganjuk,051400,Prov. Jawa Timur,050000,8,3,98,6,6,1,1,14,05 Mar 2026 03:46:44,A7F2D9A200EF15FAA368
SD NEGERI 2 GETAS,20537808,SD,Negeri,Kec. Tanjunganom,051406,Kab. Nganjuk,051400,Prov. Jawa Timur,050000,8,2,70,6,6,0,0,11,17 Apr 2026 07:59:34,58648AAB773417E04591
SD NEGERI 2 KAMPUNGBARU,20537940,SD,Negeri,Kec. Tanjunganom,051406,Kab. Nganjuk,051400,Prov. Jawa Timur,050000,7,4,69,6,6,0,1,11,06 Mar 2026 10:15:07,924DE2A843F62354E6F9
SD NEGERI 2 KEDUNGREJO,20537975,SD,Negeri,Kec. Tanjunganom,051406,Kab. Nganjuk,051400,Prov. Jawa Timur,050000,8,2,74,6,9,0,1,15,04 Mar 2026 02:28:44,F26B3A306A163B3FD558
SD NEGERI 2 MALANGSARI,20538034,SD,Negeri,Kec. Tanjunganom,051406,Kab. Nganjuk,051400,Prov. Jawa Timur,050000,8,1,85,6,6,0,1,20,04 Apr 2026 08:14:45,FFF3714EA3006972B861
SD NEGERI 2 NGADIREJO,20538071,SD,Negeri,Kec. Tanjunganom,051406,Kab. Nganjuk,051400,Prov. Jawa Timur,050000,8,2,66,6,6,0,0,18,01 May 2026 15:52:55,3E8179AA057EB6D5F5F9
SD NEGERI 2 SAMBIREJO,20538170,SD,Negeri,Kec. Tanjunganom,051406,Kab. Nganjuk,051400,Prov. Jawa Timur,050000,7,3,105,6,6,0,1,11,09 Apr 2026 09:36:49,900936480742B9D578B6
SD NEGERI 2 SONOBEKEL,20538211,SD,Negeri,Kec. Tanjunganom,051406,Kab. Nganjuk,051400,Prov. Jawa Timur,050000,13,2,202,12,13,1,1,19,05 Mar 2026 07:49:59,A471AC14BEC6063C5549
SD NEGERI 2 TANJUNGANOM,20538262,SD,Negeri,Kec. Tanjunganom,051406,Kab. Nganjuk,051400,Prov. Jawa Timur,050000,12,3,212,9,12,0,1,1,02 May 2026 08:31:08,F8CD76950271F8897605
SD NEGERI 2 WARUJAYENG,20538285,SD,Negeri,Kec. Tanjunganom,051406,Kab. Nganjuk,051400,Prov. Jawa Timur,050000,18,7,348,14,15,0,0,10,02 Apr 2026 03:27:50,4AE1BA5A5FD616E842C7
SD NEGERI 3 BANJARANYAR,20537720,SD,Negeri,Kec. Tanjunganom,051406,Kab. Nganjuk,051400,Prov. Jawa Timur,050000,8,2,126,6,6,0,1,17,04 Apr 2026 08:11:31,094A84ACCBCC267E5F55
SD NEGERI 3 DEMANGAN,20537783,SD,Negeri,Kec. Tanjunganom,051406,Kab. Nganjuk,051400,Prov. Jawa Timur,050000,7,2,58,6,6,0,0,14,16 Apr 2026 13:45:21,9BBA38A4382785B2DD88
SD NEGERI 3 GETAS,20537809,SD,Negeri,Kec. Tanjunganom,051406,Kab. Nganjuk,051400,Prov. Jawa Timur,050000,6,0,101,6,6,0,0,8,03 Apr 2026 15:02:01,61D7673EB3497C647C67
SD NEGERI 3 JOGOMERTO,20537926,SD,Negeri,Kec. Tanjunganom,051406,Kab. Nganjuk,051400,Prov. Jawa Timur,050000,8,2,52,6,6,0,1,12,24 Apr 2026 09:38:07,B68EC21F2EAEE5DC7DF7
SD NEGERI 3 KEDUNGOMBO,20537973,SD,Negeri,Kec. Tanjunganom,051406,Kab. Nganjuk,051400,Prov. Jawa Timur,050000,8,2,120,6,6,0,0,20,11 Apr 2026 20:51:30,4BF7365637DEF866C2E0
SD NEGERI 3 KEDUNGREJO,20512981,SD,Negeri,Kec. Tanjunganom,051406,Kab. Nganjuk,051400,Prov. Jawa Timur,050000,8,2,81,6,6,0,1,15,03 Mar 2026 11:49:51,8398E89976210D57A74F
SD NEGERI 3 NGADIREJO,20512883,SD,Negeri,Kec. Tanjunganom,051406,Kab. Nganjuk,051400,Prov. Jawa Timur,050000,8,3,137,6,6,0,1,13,13 Mar 2026 08:02:59,80B63B5BAA1F103DD62C
SD NEGERI 3 SAMBIREJO,20538171,SD,Negeri,Kec. Tanjunganom,051406,Kab. Nganjuk,051400,Prov. Jawa Timur,050000,8,3,143,6,6,0,1,8,02 Mar 2026 10:58:00,79811DFF6D9C21694E20
SD NEGERI 3 SONOBEKEL,20513302,SD,Negeri,Kec. Tanjunganom,051406,Kab. Nganjuk,051400,Prov. Jawa Timur,050000,7,1,108,6,6,0,1,16,15 Apr 2026 12:36:17,DB55AD9F445C6F8A8191
SD NEGERI 3 SUMBERKEPUH,20538240,SD,Negeri,Kec. Tanjunganom,051406,Kab. Nganjuk,051400,Prov. Jawa Timur,050000,11,4,223,9,9,0,1,12,04 Apr 2026 08:53:50,8CF2CD6CEDCD5EBAEBE7
SD NEGERI 3 TANJUNGANOM,20538263,SD,Negeri,Kec. Tanjunganom,051406,Kab. Nganjuk,051400,Prov. Jawa Timur,050000,7,2,111,6,6,0,0,13,27 Apr 2026 10:10:10,24AF2BC95C94A5E035B8
SD NEGERI 4 BANJARANYAR,20537721,SD,Negeri,Kec. Tanjunganom,051406,Kab. Nganjuk,051400,Prov. Jawa Timur,050000,7,2,64,6,6,0,1,11,05 Apr 2026 14:01:42,67BDDF9FD2671707C057
SD NEGERI 4 DEMANGAN,20537784,SD,Negeri,Kec. Tanjunganom,051406,Kab. Nganjuk,051400,Prov. Jawa Timur,050000,7,1,66,6,6,0,1,14,22 Apr 2026 09:19:28,914FFB75B7B9CDA25A4D
SD NEGERI 4 GETAS,20537810,SD,Negeri,Kec. Tanjunganom,051406,Kab. Nganjuk,051400,Prov. Jawa Timur,050000,5,2,42,6,6,0,1,16,02 Mar 2026 22:15:03,E0F0C971D5D1D9049514
SD NEGERI 4 KAMPUNGBARU,20537942,SD,Negeri,Kec. Tanjunganom,051406,Kab. Nganjuk,051400,Prov. Jawa Timur,050000,7,2,53,6,7,0,1,19,30 Apr 2026 09:54:25,6C3BE3FA06154D73EE5E
SD NEGERI 4 KEDUNGREJO,20537976,SD,Negeri,Kec. Tanjunganom,051406,Kab. Nganjuk,051400,Prov. Jawa Timur,050000,8,2,160,7,6,0,1,12,07 Apr 2026 10:03:09,DF2C28280D6938D86D0A
SD NEGERI 4 NGADIREJO,20538072,SD,Negeri,Kec. Tanjunganom,051406,Kab. Nganjuk,051400,Prov. Jawa Timur,050000,7,1,125,6,6,1,1,12,06 Apr 2026 09:17:37,E52255D04622718C4B7C
SD NEGERI 4 SIDOHARJO,20538194,SD,Negeri,Kec. Tanjunganom,051406,Kab. Nganjuk,051400,Prov. Jawa Timur,050000,8,1,84,6,6,0,1,21,01 May 2026 14:27:44,7A4E4569324694424D04
SD NEGERI 4 SUMBERKEPUH,20538241,SD,Negeri,Kec. Tanjunganom,051406,Kab. Nganjuk,051400,Prov. Jawa Timur,050000,7,3,84,6,6,0,1,21,29 Apr 2026 12:05:03,E1ACFDA9B30D83F5D308
SD NEGERI 4 TANJUNGANOM,20538264,SD,Negeri,Kec. Tanjunganom,051406,Kab. Nganjuk,051400,Prov. Jawa Timur,050000,7,3,147,7,7,1,1,13,28 Apr 2026 08:13:06,D2125AF5C0A0EED8C227
SD NEGERI 4 WARUJAYENG,20538287,SD,Negeri,Kec. Tanjunganom,051406,Kab. Nganjuk,051400,Prov. Jawa Timur,050000,9,3,135,6,12,0,1,14,08 Apr 2026 09:09:58,98E9C24A6F8A06624B12
SD NEGERI 5 KAMPUNGBARU,20537943,SD,Negeri,Kec. Tanjunganom,051406,Kab. Nganjuk,051400,Prov. Jawa Timur,050000,8,2,82,6,6,0,1,13,07 Apr 2026 10:06:31,6C723FC26BCA28493075
SD NEGERI 5 KEDUNGREJO,20537977,SD,Negeri,Kec. Tanjunganom,051406,Kab. Nganjuk,051400,Prov. Jawa Timur,050000,5,2,68,6,6,0,1,17,30 Apr 2026 11:33:24,FE43BBD56BC690C9BB89
SD NEGERI 5 SIDOHARJO,20538195,SD,Negeri,Kec. Tanjunganom,051406,Kab. Nganjuk,051400,Prov. Jawa Timur,050000,7,4,144,6,6,0,0,11,28 Apr 2026 10:21:06,477A6E29251B83EEF829
SD NEGERI 5 SUMBERKEPUH,20538242,SD,Negeri,Kec. Tanjunganom,051406,Kab. Nganjuk,051400,Prov. Jawa Timur,050000,7,2,115,6,6,0,1,5,24 Jan 2026 08:28:16,89F2815284A667002EE2
SD NEGERI 5 WARUJAYENG,20538288,SD,Negeri,Kec. Tanjunganom,051406,Kab. Nganjuk,051400,Prov. Jawa Timur,050000,7,2,120,6,6,1,1,19,02 May 2026 09:34:32,13C58093461D4FFD1EBA
SD NEGERI 6 SIDOHARJO,20538196,SD,Negeri,Kec. Tanjunganom,051406,Kab. Nganjuk,051400,Prov. Jawa Timur,050000,6,3,94,6,6,0,1,8,10 Apr 2026 18:29:46,4568A5214DA2F1979149
SD NEGERI WATES,20538291,SD,Negeri,Kec. Tanjunganom,051406,Kab. Nganjuk,051400,Prov. Jawa Timur,050000,7,3,66,6,6,0,1,8,03 Mar 2026 19:00:56,B28C26B82E513230E62A
SD ISLAM DARUSH SHOLIHIN,20537628,SD,Swasta,Kec. Tanjunganom,051406,Kab. Nganjuk,051400,Prov. Jawa Timur,050000,12,3,279,13,13,0,1,22,20 Apr 2026 08:58:04,82ACD7FD1713DDC6DC69
SD ISLAM ISTIQLAL,69759301,SD,Swasta,Kec. Tanjunganom,051406,Kab. Nganjuk,051400,Prov. Jawa Timur,050000,14,2,306,13,13,0,0,22,17 Apr 2026 07:58:04,07E7BD2DC929E241D5ED
SD MANBAUL HUDA,70031781,SD,Swasta,Kec. Tanjunganom,051406,Kab. Nganjuk,051400,Prov. Jawa Timur,050000,3,1,39,5,5,1,0,9,10 Feb 2026 21:13:13,71EEE938B13D1E4CA35A
SD POMOSDA,69979163,SD,Swasta,Kec. Tanjunganom,051406,Kab. Nganjuk,051400,Prov. Jawa Timur,050000,5,4,97,6,6,0,1,68,28 Apr 2026 12:37:16,D5734418CAC30077C0E2
SDI Darul Musthofa,69991234,SD,Swasta,Kec. Tanjunganom,051406,Kab. Nganjuk,051400,Prov. Jawa Timur,050000,4,1,56,6,6,0,0,16,06 Mar 2026 16:39:42,C14722C591706914A1DC
SMP NEGERI 1 TANJUNGANOM,20538371,SMP,Negeri,Kec. Tanjunganom,051406,Kab. Nganjuk,051400,Prov. Jawa Timur,050000,57,9,1042,33,36,10,2,34,02 May 2026 08:36:57,0315C7347679A3CF5120
SMP NEGERI 2 TANJUNGANOM,20538314,SMP,Negeri,Kec. Tanjunganom,051406,Kab. Nganjuk,051400,Prov. Jawa Timur,050000,38,13,866,27,27,8,2,25,25 Apr 2026 09:59:20,6AA8A53DD88DFA4445CD
SMP NEGERI 3 TANJUNGANOM,20538316,SMP,Negeri,Kec. Tanjunganom,051406,Kab. Nganjuk,051400,Prov. Jawa Timur,050000,25,6,418,14,18,3,1,20,22 Apr 2026 11:41:55,8392E8442A782DD6CD37
SMP DARUSH SHOLIHIN BOARDING SCHOOL,69979121,SMP,Swasta,Kec. Tanjunganom,051406,Kab. Nganjuk,051400,Prov. Jawa Timur,050000,4,1,12,3,3,0,0,22,13 Apr 2026 10:40:26,A7EC04F8735140B4180C
SMP ISLAM AL FATTAH,69958525,SMP,Swasta,Kec. Tanjunganom,051406,Kab. Nganjuk,051400,Prov. Jawa Timur,050000,8,2,106,6,6,0,0,19,26 Apr 2026 09:02:15,8567A013CE0D10720B04
SMP ISLAM AN-NUR,69830667,SMP,Swasta,Kec. Tanjunganom,051406,Kab. Nganjuk,051400,Prov. Jawa Timur,050000,20,2,287,10,12,2,1,11,20 Apr 2026 09:29:24,4B393781DC2040AD035A
SMP PGRI 2 TANJUNGANOM,20538304,SMP,Swasta,Kec. Tanjunganom,051406,Kab. Nganjuk,051400,Prov. Jawa Timur,050000,7,1,15,3,4,1,1,12,31 Mar 2026 08:24:25,6F4DF0863A91CD31888B
SMP Plus Raden Syahid,70030104,SMP,Swasta,Kec. Tanjunganom,051406,Kab. Nganjuk,051400,Prov. Jawa Timur,050000,3,1,42,3,3,0,0,12,22 Apr 2026 10:18:04,6FB0F181D1089518E87B
SMP POMOSDA TANJUNGANOM,20547271,SMP,Swasta,Kec. Tanjunganom,051406,Kab. Nganjuk,051400,Prov. Jawa Timur,050000,20,2,266,10,13,3,1,22,14 Apr 2026 10:44:16,CF055E94490EABBA9FEE
SMA NEGERI 1 TANJUNGANOM NGANJUK,20538325,SMA,Negeri,Kec. Tanjunganom,051406,Kab. Nganjuk,051400,Prov. Jawa Timur,050000,65,17,1063,30,30,8,1,73,29 Apr 2026 15:07:26,E8B9DE487071B8D36E2B
SMA MUHAMMADIYAH 3 TANJUNGANOM,20538320,SMA,Swasta,Kec. Tanjunganom,051406,Kab. Nganjuk,051400,Prov. Jawa Timur,050000,9,1,165,6,4,3,0,36,27 Apr 2026 12:53:29,F34D9F52B1C0DD08267A
SMA POMOSDA TANJUNGANOM,20536949,SMA,Swasta,Kec. Tanjunganom,051406,Kab. Nganjuk,051400,Prov. Jawa Timur,050000,29,6,274,9,12,5,1,20,01 May 2026 15:32:40,26D7195A0CEA434C3772
SMK NEGERI 1 TANJUNGANOM NGANJUK,20571770,SMK,Negeri,Kec. Tanjunganom,051406,Kab. Nganjuk,051400,Prov. Jawa Timur,050000,78,22,1484,42,23,12,1,53,28 Apr 2026 14:07:15,241EDE60CD8F0C99A35A
SMK INTENSIF BAITUSSALAM TANJUNGANOM,69727423,SMK,Swasta,Kec. Tanjunganom,051406,Kab. Nganjuk,051400,Prov. Jawa Timur,050000,25,3,459,16,16,2,1,18,23 Apr 2026 14:17:59,294B58B79C730DD1D5B5
SMK ISLAM AL-FATTAH TANJUNGANOM,70003593,SMK,Swasta,Kec. Tanjunganom,051406,Kab. Nganjuk,051400,Prov. Jawa Timur,050000,5,1,86,4,5,1,1,16,28 Feb 2026 09:14:15,4937C204F68D030C3090
SMK ISLAM MIFTAHUL ULUM,69965592,SMK,Swasta,Kec. Tanjunganom,051406,Kab. Nganjuk,051400,Prov. Jawa Timur,050000,6,2,64,3,3,1,1,34,06 Mar 2026 19:36:39,99A9D0F447B3CBA2F830
SMK PGRI 1 TANJUNGANOM,69894475,SMK,Swasta,Kec. Tanjunganom,051406,Kab. Nganjuk,051400,Prov. Jawa Timur,050000,1,1,3,1,3,1,1,4,08 Mar 2026 22:29:22,AFB78F3414BF8097B770
SMK PLUS RADEN SYAHID TANJUNGANOM,69979533,SMK,Swasta,Kec. Tanjunganom,051406,Kab. Nganjuk,051400,Prov. Jawa Timur,050000,6,2,40,6,5,1,0,15,20 Apr 2026 22:03:16,EBE79879CA4B25697AF4
SMK PSM WARUJAYENG,20538351,SMK,Swasta,Kec. Tanjunganom,051406,Kab. Nganjuk,051400,Prov. Jawa Timur,050000,20,5,79,9,15,2,1,15,27 Apr 2026 22:21:33,4FE32E62BF1AE3AAB6A4
SMKS KESEHATAN DHERMAJAYA TANJUNGANOM,69775813,SMK,Swasta,Kec. Tanjunganom,051406,Kab. Nganjuk,051400,Prov. Jawa Timur,050000,9,3,21,6,6,1,1,6,09 Apr 2026 10:38:51,98BD43153A739EA6FCC5
SD NEGERI 1 BEGADUNG,20537734,SD,Negeri,Kec. Nganjuk,051414,Kab. Nganjuk,051400,Prov. Jawa Timur,050000,10,3,231,8,8,0,1,15,02 May 2026 10:28:19,23073886770119A31415
SD NEGERI 1 BOGO,20513823,SD,Negeri,Kec. Nganjuk,051414,Kab. Nganjuk,051400,Prov. Jawa Timur,050000,10,2,163,7,8,0,1,30,02 Mar 2026 11:33:52,CE22D4687E7B56E0A930
SD NEGERI 1 GANUNGKIDUL,20537795,SD,Negeri,Kec. Nganjuk,051414,Kab. Nganjuk,051400,Prov. Jawa Timur,050000,21,3,491,17,17,2,1,19,21 Apr 2026 21:04:39,A7764D4AE8C25F23F68D
SD NEGERI 1 JATIREJO,20537914,SD,Negeri,Kec. Nganjuk,051414,Kab. Nganjuk,051400,Prov. Jawa Timur,050000,7,5,191,6,7,0,1,22,11 Apr 2026 09:04:19,0E4BC25E6F6083F045D7
SD NEGERI 1 KARTOHARJO,20537952,SD,Negeri,Kec. Nganjuk,051414,Kab. Nganjuk,051400,Prov. Jawa Timur,050000,10,3,150,7,12,0,2,12,02 Apr 2026 07:58:56,8870237C2CB6E614E33E
SD NEGERI 1 KAUMAN,20537959,SD,Negeri,Kec. Nganjuk,051414,Kab. Nganjuk,051400,Prov. Jawa Timur,050000,8,4,135,6,6,0,1,18,08 Apr 2026 10:34:35,3A5665508700C90F3755
SD NEGERI 1 KRAMAT,20538008,SD,Negeri,Kec. Nganjuk,051414,Kab. Nganjuk,051400,Prov. Jawa Timur,050000,9,2,123,6,6,0,1,15,10 Apr 2026 05:51:20,B171884E490992B25F2B
SD NEGERI 1 MANGUNDIKARAN,20538035,SD,Negeri,Kec. Nganjuk,051414,Kab. Nganjuk,051400,Prov. Jawa Timur,050000,8,3,168,6,6,1,1,18,17 Apr 2026 07:35:32,4C5EDDD1C4DDC8B7CABC
SD NEGERI 1 PAYAMAN,20538131,SD,Negeri,Kec. Nganjuk,051414,Kab. Nganjuk,051400,Prov. Jawa Timur,050000,7,2,75,6,6,1,1,7,15 Apr 2026 17:37:32,B60E5D0AC8E94381067B
SD NEGERI 1 PLOSO,20538144,SD,Negeri,Kec. Nganjuk,051414,Kab. Nganjuk,051400,Prov. Jawa Timur,050000,7,2,118,6,18,1,1,17,06 Apr 2026 19:57:27,4D831C793719EA1F5FF3
SD NEGERI 1 WERUNGOTOK,20538297,SD,Negeri,Kec. Nganjuk,051414,Kab. Nganjuk,051400,Prov. Jawa Timur,050000,8,3,67,6,6,0,1,11,28 Mar 2026 08:58:58,8B4F9D3C4158F27583FC
SD NEGERI 2 BEGADUNG,20537735,SD,Negeri,Kec. Nganjuk,051414,Kab. Nganjuk,051400,Prov. Jawa Timur,050000,7,3,133,6,6,1,1,6,10 Apr 2026 20:23:17,E08C5E9B8543EFFEA375
SD NEGERI 2 GANUNGKIDUL,20537796,SD,Negeri,Kec. Nganjuk,051414,Kab. Nganjuk,051400,Prov. Jawa Timur,050000,8,4,136,6,6,1,1,19,02 May 2026 09:41:37,EE585CA91FAC7328C47D
SD NEGERI 2 JATIREJO,20537915,SD,Negeri,Kec. Nganjuk,051414,Kab. Nganjuk,051400,Prov. Jawa Timur,050000,8,3,178,6,6,0,1,21,18 Apr 2026 20:06:05,54FEDF52A10E2B09F231
SD NEGERI 2 KARTOHARJO,20537953,SD,Negeri,Kec. Nganjuk,051414,Kab. Nganjuk,051400,Prov. Jawa Timur,050000,7,4,87,6,6,1,1,10,08 Apr 2026 10:14:46,AA1B58C1F2F9E6A0E291
SD NEGERI 2 KAUMAN,20537648,SD,Negeri,Kec. Nganjuk,051414,Kab. Nganjuk,051400,Prov. Jawa Timur,050000,8,2,91,6,6,1,1,31,02 Apr 2026 04:54:14,DDD51071360137362409
SD NEGERI 2 KRAMAT,20537653,SD,Negeri,Kec. Nganjuk,051414,Kab. Nganjuk,051400,Prov. Jawa Timur,050000,5,4,81,6,6,0,1,21,07 Mar 2026 08:38:43,31688EB280BFE60D77BF
SD NEGERI 2 MANGUNDIKARAN,20538036,SD,Negeri,Kec. Nganjuk,051414,Kab. Nganjuk,051400,Prov. Jawa Timur,050000,8,2,112,6,6,0,0,6,02 Mar 2026 12:37:20,CC23B41B779CAD6DC164
SD NEGERI 2 PAYAMAN,20538132,SD,Negeri,Kec. Nganjuk,051414,Kab. Nganjuk,051400,Prov. Jawa Timur,050000,7,4,181,6,6,0,1,10,28 Apr 2026 10:38:21,DD7566E8DDC78765698F
SD NEGERI 2 PLOSO,20537672,SD,Negeri,Kec. Nganjuk,051414,Kab. Nganjuk,051400,Prov. Jawa Timur,050000,15,4,292,11,11,0,0,33,29 Apr 2026 11:12:17,20E33D22F8B2BCFF9D54
SD NEGERI 2 WERUNGOTOK,20537687,SD,Negeri,Kec. Nganjuk,051414,Kab. Nganjuk,051400,Prov. Jawa Timur,050000,8,1,149,6,6,0,1,23,20 Apr 2026 07:53:16,EDE6931B3C8ACB704EF9
SD NEGERI 3 KRAMAT,20537654,SD,Negeri,Kec. Nganjuk,051414,Kab. Nganjuk,051400,Prov. Jawa Timur,050000,8,3,87,6,6,0,1,12,02 Apr 2026 06:57:58,FA7DC04A57B2568ECEF3
SD NEGERI 3 MANGUNDIKARAN,20538037,SD,Negeri,Kec. Nganjuk,051414,Kab. Nganjuk,051400,Prov. Jawa Timur,050000,7,2,130,6,6,1,1,29,25 Apr 2026 11:22:05,E975BC21B864CE8B578D
SD NEGERI 3 PAYAMAN,20538133,SD,Negeri,Kec. Nganjuk,051414,Kab. Nganjuk,051400,Prov. Jawa Timur,050000,12,4,302,10,10,0,1,23,02 May 2026 06:24:22,03A3F5A50DC3D71D8235
SD NEGERI 4 BEGADUNG,20537736,SD,Negeri,Kec. Nganjuk,051414,Kab. Nganjuk,051400,Prov. Jawa Timur,050000,8,4,137,6,6,0,1,12,14 Apr 2026 11:46:13,355B3E7585DDAE5BC8B2
SD NEGERI 4 GANUNGKIDUL,20537797,SD,Negeri,Kec. Nganjuk,051414,Kab. Nganjuk,051400,Prov. Jawa Timur,050000,8,3,89,6,7,1,1,26,22 Apr 2026 23:53:13,C65B84135C85D1F17290
SD NEGERI BALONGPACUL,20537709,SD,Negeri,Kec. Nganjuk,051414,Kab. Nganjuk,051400,Prov. Jawa Timur,050000,8,2,126,6,6,1,1,11,04 Apr 2026 08:11:04,C3212D5A3226989941FE
SD NEGERI CANGKRINGAN,20513766,SD,Negeri,Kec. Nganjuk,051414,Kab. Nganjuk,051400,Prov. Jawa Timur,050000,8,4,126,6,7,0,1,13,10 Apr 2026 19:57:30,8D1E9F57BC7F51CFE2E3
SD NEGERI KEDUNGDOWO,20537970,SD,Negeri,Kec. Nganjuk,051414,Kab. Nganjuk,051400,Prov. Jawa Timur,050000,15,3,267,12,12,0,1,80,22 Apr 2026 02:19:35,6D8D34E87DA7A0637A1F
SD NEGERI RINGINANOM,20538160,SD,Negeri,Kec. Nganjuk,051414,Kab. Nganjuk,051400,Prov. Jawa Timur,050000,9,2,149,6,6,0,0,12,25 Apr 2026 07:15:08,8258C1DCAB06B1A705D6
SD AISYIYAH 1,20537627,SD,Swasta,Kec. Nganjuk,051414,Kab. Nganjuk,051400,Prov. Jawa Timur,050000,23,2,545,23,23,1,1,24,29 Apr 2026 10:07:26,7369E2B224F708DA2B53
SD ISLAM MIFTAHUL HUDA,69888523,SD,Swasta,Kec. Nganjuk,051414,Kab. Nganjuk,051400,Prov. Jawa Timur,050000,17,2,424,18,18,0,0,11,02 May 2026 10:05:04,59C888D35ED0BB29CB00
SD KATOLIK BUDI LUHUR,20537630,SD,Swasta,Kec. Nganjuk,051414,Kab. Nganjuk,051400,Prov. Jawa Timur,050000,7,4,127,6,7,1,2,31,24 Apr 2026 08:20:08,6CC3EF8DE788F48CF3F9
SD LUQMAN AL HAKIM,20554813,SD,Swasta,Kec. Nganjuk,051414,Kab. Nganjuk,051400,Prov. Jawa Timur,050000,15,2,355,14,14,2,1,11,27 Apr 2026 08:08:18,2F89AEFEED3AA4A369D5
SD MUHAMMADIYAH NGANJUK,69727389,SD,Swasta,Kec. Nganjuk,051414,Kab. Nganjuk,051400,Prov. Jawa Timur,050000,5,2,141,6,6,2,1,17,21 Apr 2026 22:12:47,FD94DFB32F4C1665244F
SDI PLUS BAITUL  IKHLAS,69881372,SD,Swasta,Kec. Nganjuk,051414,Kab. Nganjuk,051400,Prov. Jawa Timur,050000,8,1,60,6,6,0,1,9,06 Apr 2026 20:55:47,05CB69753F32EABE91A7
SDIP NURUL ULUM,20537629,SD,Swasta,Kec. Nganjuk,051414,Kab. Nganjuk,051400,Prov. Jawa Timur,050000,13,2,256,11,12,0,1,11,04 Apr 2026 07:23:35,CA805D2E96B3106C04ED
SDIT BAITUL IZZAH,20537632,SD,Swasta,Kec. Nganjuk,051414,Kab. Nganjuk,051400,Prov. Jawa Timur,050000,18,2,520,19,19,1,1,10,12 Feb 2026 11:08:02,7F6A06307C2A65F21669
SDIT KHADIJAH,69975000,SD,Swasta,Kec. Nganjuk,051414,Kab. Nganjuk,051400,Prov. Jawa Timur,050000,10,3,267,11,13,0,1,17,28 Apr 2026 09:12:40,2EC7C15D67B8DBE0BA6B
SMP NEGERI 1 NGANJUK,20538364,SMP,Negeri,Kec. Nganjuk,051414,Kab. Nganjuk,051400,Prov. Jawa Timur,050000,42,5,861,27,27,6,1,40,02 May 2026 10:53:25,478191BA4474AB9C855A
SMP NEGERI 2 NGANJUK,20538376,SMP,Negeri,Kec. Nganjuk,051414,Kab. Nganjuk,051400,Prov. Jawa Timur,050000,37,8,875,27,27,6,1,31,30 Apr 2026 10:57:28,6D8685865F7A498B44ED
SMP NEGERI 3 NGANJUK,20538381,SMP,Negeri,Kec. Nganjuk,051414,Kab. Nganjuk,051400,Prov. Jawa Timur,050000,37,11,869,27,27,8,2,35,22 Apr 2026 17:14:59,C4C4E4E2CA783DBCF7EB
SMP NEGERI 4 NGANJUK,20538383,SMP,Negeri,Kec. Nganjuk,051414,Kab. Nganjuk,051400,Prov. Jawa Timur,050000,35,5,878,27,28,6,1,19,30 Apr 2026 19:31:40,FAADE6B30AE7C6AE84D9
SMP NEGERI 5 NGANJUK,20538384,SMP,Negeri,Kec. Nganjuk,051414,Kab. Nganjuk,051400,Prov. Jawa Timur,050000,34,8,861,27,27,5,2,19,10 Apr 2026 08:07:25,2EAF752A04F0404B7A7C
SMP NEGERI 6 NGANJUK,20538385,SMP,Negeri,Kec. Nganjuk,051414,Kab. Nganjuk,051400,Prov. Jawa Timur,050000,35,8,746,24,28,2,1,12,29 Apr 2026 09:06:10,22AD0798A4FD00128DE8
SMP NEGERI 7 NGANJUK,20538386,SMP,Negeri,Kec. Nganjuk,051414,Kab. Nganjuk,051400,Prov. Jawa Timur,050000,38,4,854,27,27,6,1,33,25 Apr 2026 07:21:54,2839B5D39F6B964DE1EA
SMP Islam Baitul Izzah Nganjuk,20557233,SMP,Swasta,Kec. Nganjuk,051414,Kab. Nganjuk,051400,Prov. Jawa Timur,050000,14,3,297,11,13,3,1,16,25 Apr 2026 09:50:59,86CE5984B2769D3C1ADA
SMP KATOLIK BUDI LUHUR NGANJUK,20538353,SMP,Swasta,Kec. Nganjuk,051414,Kab. Nganjuk,051400,Prov. Jawa Timur,050000,7,2,29,3,3,2,1,10,05 Apr 2026 14:07:57,1FA6F01C883810033E34
SMP Muhammadiyah 1 Nganjuk,20513245,SMP,Swasta,Kec. Nganjuk,051414,Kab. Nganjuk,051400,Prov. Jawa Timur,050000,9,1,130,5,3,1,1,34,27 Apr 2026 15:15:31,8B69878142E031F81922
SMP Sains Miftahul Huda,70003331,SMP,Swasta,Kec. Nganjuk,051414,Kab. Nganjuk,051400,Prov. Jawa Timur,050000,12,1,257,9,9,1,1,20,20 Apr 2026 09:00:59,5F9EDEFA48F2A20C435F
SMA NEGERI 1 NGANJUK,20538321,SMA,Negeri,Kec. Nganjuk,051414,Kab. Nganjuk,051400,Prov. Jawa Timur,050000,62,7,1169,33,33,6,1,29,17 Apr 2026 10:21:24,27969D6D076317BBDF49
SMA NEGERI 2 NGANJUK,20538326,SMA,Negeri,Kec. Nganjuk,051414,Kab. Nganjuk,051400,Prov. Jawa Timur,050000,51,18,1121,33,30,9,1,29,30 Apr 2026 16:34:21,BB4CA6B06DE88565CD0B
SMA NEGERI 3 NGANJUK,20538327,SMA,Negeri,Kec. Nganjuk,051414,Kab. Nganjuk,051400,Prov. Jawa Timur,050000,59,18,1176,33,33,4,1,57,12 Mar 2026 13:55:23,1AFAD777D3571481C70B
SMA ISLAM INSAN CENDEKIA BAITUL IZZAH,69830668,SMA,Swasta,Kec. Nganjuk,051414,Kab. Nganjuk,051400,Prov. Jawa Timur,050000,6,3,92,4,6,5,1,25,28 Apr 2026 12:01:37,7F75CF2A70C702B0222E
SMAS DIPONEGORO NGANJUK,20513142,SMA,Swasta,Kec. Nganjuk,051414,Kab. Nganjuk,051400,Prov. Jawa Timur,050000,12,6,104,5,7,3,1,20,17 Apr 2026 07:38:28,139031AD72CE278DF8C0
SMAS MUHAMMADIYAH 1,20538319,SMA,Swasta,Kec. Nganjuk,051414,Kab. Nganjuk,051400,Prov. Jawa Timur,050000,13,8,154,6,13,5,1,30,22 Apr 2026 10:39:10,90E052ACAE3A9CFFFD98
SMK NEGERI 1 NGANJUK,20538342,SMK,Negeri,Kec. Nganjuk,051414,Kab. Nganjuk,051400,Prov. Jawa Timur,050000,86,20,1692,48,45,8,1,59,25 Apr 2026 13:34:58,0675B7A86E39769985C9
SMK NEGERI 2 NGANJUK,20538343,SMK,Negeri,Kec. Nganjuk,051414,Kab. Nganjuk,051400,Prov. Jawa Timur,050000,86,23,1547,45,36,3,1,51,29 Apr 2026 07:29:21,C43909432637F33333FA
SMK MUHAMMADIYAH 1 NGANJUK,20538337,SMK,Swasta,Kec. Nganjuk,051414,Kab. Nganjuk,051400,Prov. Jawa Timur,050000,39,16,513,26,29,3,1,31,28 Apr 2026 07:44:44,4CD2A5090A967E181CE8
SMK MUHAMMADIYAH 2 NGANJUK,20538338,SMK,Swasta,Kec. Nganjuk,051414,Kab. Nganjuk,051400,Prov. Jawa Timur,050000,12,3,128,9,7,3,0,48,28 Apr 2026 15:11:29,1E6CB4594A4E167476F9
SMK MUHAMMADIYAH 3 NGANJUK,20538339,SMK,Swasta,Kec. Nganjuk,051414,Kab. Nganjuk,051400,Prov. Jawa Timur,050000,11,3,105,9,7,2,1,10,10 Apr 2026 07:32:28,593E13483DC48DF1E065
SMK NASIONAL NGANJUK,20513152,SMK,Swasta,Kec. Nganjuk,051414,Kab. Nganjuk,051400,Prov. Jawa Timur,050000,10,2,18,3,4,1,1,7,06 Feb 2026 07:31:20,C243B23E070B6D0047F7
SMK PGRI 1 NGANJUK,20538346,SMK,Swasta,Kec. Nganjuk,051414,Kab. Nganjuk,051400,Prov. Jawa Timur,050000,80,27,2508,70,84,5,2,65,30 Apr 2026 19:29:06,F0597A39A01D55C41328
SMK PGRI 2 NGANJUK,20538348,SMK,Swasta,Kec. Nganjuk,051414,Kab. Nganjuk,051400,Prov. Jawa Timur,050000,15,5,215,8,22,2,1,27,04 Apr 2026 09:39:32,5E06AE65F965D93703DD
SMK PGRI 3 NGANJUK,20538349,SMK,Swasta,Kec. Nganjuk,051414,Kab. Nganjuk,051400,Prov. Jawa Timur,050000,9,3,106,9,13,2,1,27,15 Apr 2026 17:53:13,4371FF969BFA45A18B56
SMK SATRIA BHAKTI NGANJUK,69775814,SMK,Swasta,Kec. Nganjuk,051414,Kab. Nganjuk,051400,Prov. Jawa Timur,050000,22,6,202,10,12,4,1,29,08 Apr 2026 14:04:00,6300EE8FA90167D80DCB
SMKS DR SOETOMO NGANJUK,20538331,SMK,Swasta,Kec. Nganjuk,051414,Kab. Nganjuk,051400,Prov. Jawa Timur,050000,6,6,59,3,3,1,1,23,18 Mar 2026 06:41:13,91EF23985C7D37967CBC
SMKS KOSGORO NGANJUK,20538334,SMK,Swasta,Kec. Nganjuk,051414,Kab. Nganjuk,051400,Prov. Jawa Timur,050000,30,13,411,17,20,3,1,31,30 Apr 2026 12:10:51,427C63788AC09D78317F
SD NEGERI 1 BAJULAN,20537701,SD,Negeri,Kec. Loceret,051404,Kab. Nganjuk,051400,Prov. Jawa Timur,050000,8,2,79,6,7,0,0,12,05 Apr 2026 04:25:38,238DBD13F07A75765C8A
SD NEGERI 1 CANDIREJO,20537639,SD,Negeri,Kec. Loceret,051404,Kab. Nganjuk,051400,Prov. Jawa Timur,050000,7,2,103,6,8,0,1,20,07 Apr 2026 02:00:13,D00BDD4066F00C012DDC
SD NEGERI 1 GENJENG,20537805,SD,Negeri,Kec. Loceret,051404,Kab. Nganjuk,051400,Prov. Jawa Timur,050000,7,2,80,6,6,0,0,1,06 Mar 2026 08:59:15,95BBCD2E9F817FA6BAEB
SD NEGERI 1 GODEAN,20537814,SD,Negeri,Kec. Loceret,051404,Kab. Nganjuk,051400,Prov. Jawa Timur,050000,8,3,113,6,6,0,1,20,07 Apr 2026 18:47:13,8F12C27FD266C1B11AEA
SD NEGERI 1 JATIREJO,20537646,SD,Negeri,Kec. Loceret,051404,Kab. Nganjuk,051400,Prov. Jawa Timur,050000,8,1,52,6,6,0,0,12,03 Apr 2026 09:13:50,3ECB77DF994784B6361C
SD NEGERI 1 KENEP,20537987,SD,Negeri,Kec. Loceret,051404,Kab. Nganjuk,051400,Prov. Jawa Timur,050000,6,2,124,6,6,0,1,21,02 May 2026 00:22:29,109C7350ED046A4FBA22
SD NEGERI 1 KWAGEAN,20538019,SD,Negeri,Kec. Loceret,051404,Kab. Nganjuk,051400,Prov. Jawa Timur,050000,16,5,302,12,12,0,1,14,04 Apr 2026 12:02:53,853FED8FEE39D8E88CF8
SD NEGERI 1 LOCERET,20538025,SD,Negeri,Kec. Loceret,051404,Kab. Nganjuk,051400,Prov. Jawa Timur,050000,7,3,163,6,7,0,1,29,30 Apr 2026 08:09:20,4E423E08E8C106B61F97
SD NEGERI 1 MACANAN,20538032,SD,Negeri,Kec. Loceret,051404,Kab. Nganjuk,051400,Prov. Jawa Timur,050000,10,1,184,8,9,1,1,9,06 Apr 2026 09:53:28,6A968D0ED005FA41878E
SD NEGERI 1 MUNGKUNG,20538061,SD,Negeri,Kec. Loceret,051404,Kab. Nganjuk,051400,Prov. Jawa Timur,050000,7,2,96,6,6,0,1,13,15 Apr 2026 00:57:07,D49C542EF2A751E66B2C
SD NEGERI 1 NGEPEH,20538077,SD,Negeri,Kec. Loceret,051404,Kab. Nganjuk,051400,Prov. Jawa Timur,050000,8,2,113,6,7,0,0,13,04 Apr 2026 08:41:00,F32E7E0744F540F03C4B
SD NEGERI 1 NGLABAN,20538088,SD,Negeri,Kec. Loceret,051404,Kab. Nganjuk,051400,Prov. Jawa Timur,050000,10,1,142,7,11,1,1,15,25 Apr 2026 06:41:32,BBC287ACCC8B67B3FA73
SD NEGERI 1 PATIHAN,20538129,SD,Negeri,Kec. Loceret,051404,Kab. Nganjuk,051400,Prov. Jawa Timur,050000,9,2,127,6,9,0,1,12,10 Apr 2026 11:29:55,30FC5DC919E7F25EA832
SD NEGERI 1 PUTUKREJO,20512897,SD,Negeri,Kec. Loceret,051404,Kab. Nganjuk,051400,Prov. Jawa Timur,050000,7,1,71,6,6,1,1,11,07 Apr 2026 12:21:37,A8FF8349C600704E8EE8
SD NEGERI 1 SEKARAN,20538184,SD,Negeri,Kec. Loceret,051404,Kab. Nganjuk,051400,Prov. Jawa Timur,050000,7,1,132,6,8,0,0,10,05 Apr 2026 05:59:51,16C8E9E26FEE8AFA5441
SD NEGERI 1 TEKENGLAGAHAN,20538273,SD,Negeri,Kec. Loceret,051404,Kab. Nganjuk,051400,Prov. Jawa Timur,050000,14,2,189,10,12,0,1,16,02 May 2026 08:44:30,EB73D0118DFED7871B4C
SD NEGERI 2 BAJULAN,20537634,SD,Negeri,Kec. Loceret,051404,Kab. Nganjuk,051400,Prov. Jawa Timur,050000,7,2,139,6,10,1,1,19,17 Apr 2026 10:47:34,B743FD1E16E748D8D76E
SD NEGERI 2 GEJAGAN,20537642,SD,Negeri,Kec. Loceret,051404,Kab. Nganjuk,051400,Prov. Jawa Timur,050000,7,3,76,6,6,0,1,7,06 Apr 2026 08:47:38,F221A5CD7543291392A7
SD NEGERI 2 GENJENG,20537643,SD,Negeri,Kec. Loceret,051404,Kab. Nganjuk,051400,Prov. Jawa Timur,050000,8,2,56,6,6,1,1,25,02 May 2026 08:38:03,5D1A007B99CFDA3CB00F
SD NEGERI 2 GODEAN,20537645,SD,Negeri,Kec. Loceret,051404,Kab. Nganjuk,051400,Prov. Jawa Timur,050000,8,2,65,6,6,1,1,22,23 Apr 2026 10:51:15,79C588A8ADF3DF23A977
SD NEGERI 2 LOCERET,20537657,SD,Negeri,Kec. Loceret,051404,Kab. Nganjuk,051400,Prov. Jawa Timur,050000,7,2,83,6,6,0,1,11,06 Apr 2026 11:22:45,9613DFE0F5A014CB7BE9
SD NEGERI 2 MACANAN,20537658,SD,Negeri,Kec. Loceret,051404,Kab. Nganjuk,051400,Prov. Jawa Timur,050000,7,2,94,6,6,1,1,10,06 Apr 2026 18:41:29,1EFFFA08C2C020739B94
SD NEGERI 2 MUNGKUNG,20537661,SD,Negeri,Kec. Loceret,051404,Kab. Nganjuk,051400,Prov. Jawa Timur,050000,7,0,83,6,7,0,1,18,04 Apr 2026 22:03:52,170F4EAABC023991B4B6
SD NEGERI 2 NGLABAN,20538089,SD,Negeri,Kec. Loceret,051404,Kab. Nganjuk,051400,Prov. Jawa Timur,050000,7,2,70,6,6,0,0,9,02 Apr 2026 20:24:23,3299C5E72714B2D59BB1
SD NEGERI 2 PUTUKREJO,20537675,SD,Negeri,Kec. Loceret,051404,Kab. Nganjuk,051400,Prov. Jawa Timur,050000,7,1,67,6,6,0,0,14,02 May 2026 09:46:54,1F9B65381E46957A519C
SD NEGERI 3 GENJENG,20537806,SD,Negeri,Kec. Loceret,051404,Kab. Nganjuk,051400,Prov. Jawa Timur,050000,8,1,39,6,3,0,0,12,06 Apr 2026 08:07:15,CF613876D3B908A185D1
SD NEGERI 3 MACANAN,20538030,SD,Negeri,Kec. Loceret,051404,Kab. Nganjuk,051400,Prov. Jawa Timur,050000,8,1,100,6,6,0,1,29,05 Apr 2026 21:22:33,3456201178643AB25DB6
SD NEGERI 3 NGEPEH,20538076,SD,Negeri,Kec. Loceret,051404,Kab. Nganjuk,051400,Prov. Jawa Timur,050000,7,2,77,6,6,0,1,13,04 Apr 2026 09:37:24,34720078D9CB65955750
SD NEGERI 4 BAJULAN,20537700,SD,Negeri,Kec. Loceret,051404,Kab. Nganjuk,051400,Prov. Jawa Timur,050000,8,3,75,6,6,1,1,11,02 Apr 2026 03:29:43,DA43AFF9C6D35BAC6A78
SD NEGERI 4 GENJENG,20537644,SD,Negeri,Kec. Loceret,051404,Kab. Nganjuk,051400,Prov. Jawa Timur,050000,7,2,50,6,3,0,0,13,01 May 2026 20:10:15,E68C2430C8932536CCD4
SD NEGERI 4 MACANAN,20538031,SD,Negeri,Kec. Loceret,051404,Kab. Nganjuk,051400,Prov. Jawa Timur,050000,8,1,106,6,6,0,0,16,07 Apr 2026 09:41:15,633622E1A22EA8BAE632
SD NEGERI 4 NGEPEH,20538078,SD,Negeri,Kec. Loceret,051404,Kab. Nganjuk,051400,Prov. Jawa Timur,050000,7,2,15,6,6,0,0,7,07 Apr 2026 01:11:14,4C7DC4121FCC6CAAF6E9
SD NEGERI KARANGSONO,20537951,SD,Negeri,Kec. Loceret,051404,Kab. Nganjuk,051400,Prov. Jawa Timur,050000,6,2,133,6,6,1,1,16,02 May 2026 13:33:16,0D37EA2DEEE374A089BF
SD NEGERI SOMBRON,20538204,SD,Negeri,Kec. Loceret,051404,Kab. Nganjuk,051400,Prov. Jawa Timur,050000,7,2,63,6,6,0,1,13,28 Apr 2026 20:54:45,C16A6C3636336D95A1D0
SD NEGERI SUKOREJO,20538230,SD,Negeri,Kec. Loceret,051404,Kab. Nganjuk,051400,Prov. Jawa Timur,050000,9,4,195,9,12,0,1,1,01 May 2026 21:31:14,6FC637DEF90D39689507
SD NEGERI TANJUNGREJO,20538266,SD,Negeri,Kec. Loceret,051404,Kab. Nganjuk,051400,Prov. Jawa Timur,050000,6,2,96,6,6,1,1,8,05 Apr 2026 21:10:43,F24DB5CD277F2E4E0ACD
SD NEGERI TEMPELWETAN,20538275,SD,Negeri,Kec. Loceret,051404,Kab. Nganjuk,051400,Prov. Jawa Timur,050000,8,2,74,6,6,0,0,9,02 May 2026 09:05:54,808EF7B6F74A47C3DA14
SDI As Syafiah Loceret,20555646,SD,Swasta,Kec. Loceret,051404,Kab. Nganjuk,051400,Prov. Jawa Timur,050000,24,1,532,22,22,2,1,27,25 Apr 2026 11:44:05,02C4A828DFEFFB1D9DAA
SDI KHADIJAH,69943439,SD,Swasta,Kec. Loceret,051404,Kab. Nganjuk,051400,Prov. Jawa Timur,050000,12,3,267,12,12,0,0,12,07 Apr 2026 05:10:08,5C411BB7553F55DD1715
SDI Salsabila Loceret,20554840,SD,Swasta,Kec. Loceret,051404,Kab. Nganjuk,051400,Prov. Jawa Timur,050000,8,2,198,7,13,0,1,17,20 Apr 2026 12:38:54,D27006A9C6A08A83C56E
SDIT ULUL ALBAB,20554706,SD,Swasta,Kec. Loceret,051404,Kab. Nganjuk,051400,Prov. Jawa Timur,050000,7,2,119,6,6,1,1,13,07 Apr 2026 12:50:47,BA27C3D60EE52A4BB76D
SMP NEGERI 1 LOCERET,20538363,SMP,Negeri,Kec. Loceret,051404,Kab. Nganjuk,051400,Prov. Jawa Timur,050000,38,13,846,27,27,7,2,34,20 Apr 2026 10:06:03,E54FABFB969E03BD4364
SMP NEGERI 2 LOCERET,20538375,SMP,Negeri,Kec. Loceret,051404,Kab. Nganjuk,051400,Prov. Jawa Timur,050000,16,6,264,10,12,5,1,1,23 Apr 2026 05:25:55,46C67BC36E764E9AE0CB
SMP NEGERI SATU ATAP LOCERET,20539801,SMP,Negeri,Kec. Loceret,051404,Kab. Nganjuk,051400,Prov. Jawa Timur,050000,12,5,122,6,6,2,1,9,18 Mar 2026 10:44:09,B83D3A5DACACAF153B4C
SMP ISLAM AL ALA LOCERET,69932560,SMP,Swasta,Kec. Loceret,051404,Kab. Nganjuk,051400,Prov. Jawa Timur,050000,7,5,57,3,3,2,1,16,07 Apr 2026 12:57:09,68FB8BEF66BE73756C4F
SMP ISLAM AS SYAFIAH,69939287,SMP,Swasta,Kec. Loceret,051404,Kab. Nganjuk,051400,Prov. Jawa Timur,050000,27,2,843,28,35,0,0,24,27 Apr 2026 20:01:48,B34B69719426FE1D8BC4
SMP Islam Excellent As Syafiah,70028999,SMP,Swasta,Kec. Loceret,051404,Kab. Nganjuk,051400,Prov. Jawa Timur,050000,21,1,729,24,27,0,0,18,16 Apr 2026 12:51:20,6034FBFBBA45CCCEFDEB
SMP ISLAM HIDAYATUT THOLIBIN,70049392,SMP,Swasta,Kec. Loceret,051404,Kab. Nganjuk,051400,Prov. Jawa Timur,050000,5,1,44,2,3,0,0,34,02 May 2026 09:02:14,2080155340BCFFA27308
SMA NEGERI 1 LOCERET NGANJUK,20538322,SMA,Negeri,Kec. Loceret,051404,Kab. Nganjuk,051400,Prov. Jawa Timur,050000,43,6,708,22,24,5,1,47,16 Apr 2026 11:30:52,275E5597C8FF41C82266
SMA ISLAM ASSYAFIAH,69965840,SMA,Swasta,Kec. Loceret,051404,Kab. Nganjuk,051400,Prov. Jawa Timur,050000,36,1,1037,30,29,5,1,26,27 Apr 2026 07:57:56,5D6CC6E0B5B3F389AFFD
SMK AL BASTHOMI LOCERET,20539813,SMK,Swasta,Kec. Loceret,051404,Kab. Nganjuk,051400,Prov. Jawa Timur,050000,25,3,481,17,21,1,1,17,14 Apr 2026 09:18:06,88AE59519D725BE5AC0A
SMK AL HUSNA,20538332,SMK,Swasta,Kec. Loceret,051404,Kab. Nganjuk,051400,Prov. Jawa Timur,050000,29,1,597,17,15,0,1,17,09 Apr 2026 20:19:58,07F2CB685F4D28DB8694
SD NEGERI 1 BANARAN,20537714,SD,Negeri,Kec. Kertosono,051409,Kab. Nganjuk,051400,Prov. Jawa Timur,050000,13,2,374,13,14,0,1,14,15 Apr 2026 04:04:16,95EB843D576BE0CCDAB4
SD NEGERI 1 BANGSRI,20514014,SD,Negeri,Kec. Kertosono,051409,Kab. Nganjuk,051400,Prov. Jawa Timur,050000,8,1,64,6,7,0,0,16,28 Apr 2026 08:37:55,3077ECCA6DACFB70BD36
SD NEGERI 1 DRENGES,20513771,SD,Negeri,Kec. Kertosono,051409,Kab. Nganjuk,051400,Prov. Jawa Timur,050000,7,1,123,7,11,1,1,8,05 Apr 2026 10:03:42,14A4D69C813D3B16E3F2
SD NEGERI 1 KALIANYAR,20537935,SD,Negeri,Kec. Kertosono,051409,Kab. Nganjuk,051400,Prov. Jawa Timur,050000,8,2,83,6,6,0,1,13,29 Apr 2026 09:27:00,9C8534DCF540D2F50DAA
SD NEGERI 1 KUDU,20538009,SD,Negeri,Kec. Kertosono,051409,Kab. Nganjuk,051400,Prov. Jawa Timur,050000,9,1,45,6,6,0,1,23,02 May 2026 10:29:48,5F13807D90360EB0C9A6
SD NEGERI 1 KUTOREJO,20538015,SD,Negeri,Kec. Kertosono,051409,Kab. Nganjuk,051400,Prov. Jawa Timur,050000,18,2,465,18,14,0,1,17,01 Apr 2026 21:59:51,FAA97EBF3F3904C07DC4
SD NEGERI 1 LAMBANGKUNING,20538020,SD,Negeri,Kec. Kertosono,051409,Kab. Nganjuk,051400,Prov. Jawa Timur,050000,8,3,73,6,6,0,1,18,17 Apr 2026 08:55:06,0DD9E7832A3206B8FBF6
SD NEGERI 1 NGLAWAK,20512854,SD,Negeri,Kec. Kertosono,051409,Kab. Nganjuk,051400,Prov. Jawa Timur,050000,8,2,101,6,5,1,1,1,25 Apr 2026 07:58:12,A29EAB8DA1589ED82121
SD NEGERI 1 PANDANTOYO,20538124,SD,Negeri,Kec. Kertosono,051409,Kab. Nganjuk,051400,Prov. Jawa Timur,050000,7,3,154,6,12,0,0,16,07 Apr 2026 10:27:11,191EABE3F2FE4FEFBA40
SD NEGERI 1 PELEM,20512908,SD,Negeri,Kec. Kertosono,051409,Kab. Nganjuk,051400,Prov. Jawa Timur,050000,7,3,45,6,6,0,1,9,24 Apr 2026 08:19:19,757A312E57FB14D405BE
SD NEGERI 1 TEMBARAK,20538274,SD,Negeri,Kec. Kertosono,051409,Kab. Nganjuk,051400,Prov. Jawa Timur,050000,9,3,176,8,10,0,1,14,29 Apr 2026 10:40:38,6FD70353B9FD3301A567
SD NEGERI 2 BANARAN,20537715,SD,Negeri,Kec. Kertosono,051409,Kab. Nganjuk,051400,Prov. Jawa Timur,050000,8,2,102,6,6,0,1,11,14 Mar 2026 11:17:09,F54FFC3E797A52DF4298
SD NEGERI 2 BANGSRI,20537832,SD,Negeri,Kec. Kertosono,051409,Kab. Nganjuk,051400,Prov. Jawa Timur,050000,8,1,59,6,6,0,0,18,28 Apr 2026 09:53:25,499674C21C942BD7B8EE
SD NEGERI 2 DRENGES,20537785,SD,Negeri,Kec. Kertosono,051409,Kab. Nganjuk,051400,Prov. Jawa Timur,050000,7,2,73,6,6,0,0,10,03 Mar 2026 09:51:46,072255383E32E06F8D9A
SD NEGERI 2 KALIANYAR,20537841,SD,Negeri,Kec. Kertosono,051409,Kab. Nganjuk,051400,Prov. Jawa Timur,050000,7,2,86,6,6,0,1,20,30 Apr 2026 07:50:14,ED5B0A7597D6A0BCAF24
SD NEGERI 2 KUDU,20537852,SD,Negeri,Kec. Kertosono,051409,Kab. Nganjuk,051400,Prov. Jawa Timur,050000,8,2,103,6,6,1,1,34,30 Apr 2026 07:46:34,E8B1011CE422999DACEA
SD NEGERI 2 KUTOREJO,20538016,SD,Negeri,Kec. Kertosono,051409,Kab. Nganjuk,051400,Prov. Jawa Timur,050000,18,3,310,14,17,1,1,15,21 Apr 2026 14:29:31,467B02EC287082457815
SD NEGERI 2 LAMBANGKUNING,20537855,SD,Negeri,Kec. Kertosono,051409,Kab. Nganjuk,051400,Prov. Jawa Timur,050000,8,3,130,6,6,0,1,22,18 Apr 2026 08:37:07,ABC5A9438076D08E496B
SD NEGERI 2 NGLAWAK,20538092,SD,Negeri,Kec. Kertosono,051409,Kab. Nganjuk,051400,Prov. Jawa Timur,050000,10,3,138,7,11,0,1,13,28 Apr 2026 11:16:52,83B74283135E0E25288A
SD NEGERI 2 PELEM,20538135,SD,Negeri,Kec. Kertosono,051409,Kab. Nganjuk,051400,Prov. Jawa Timur,050000,8,2,72,6,6,0,0,25,29 Apr 2026 10:50:38,BABD276076DFB68C0DA5
SD NEGERI 3 BANARAN,20539786,SD,Negeri,Kec. Kertosono,051409,Kab. Nganjuk,051400,Prov. Jawa Timur,050000,7,1,21,6,6,0,0,23,06 Apr 2026 08:48:44,E6909790FE7E883126CB
SD NEGERI 3 PELEM,20512906,SD,Negeri,Kec. Kertosono,051409,Kab. Nganjuk,051400,Prov. Jawa Timur,050000,8,2,121,6,6,1,1,10,08 Apr 2026 04:15:38,D652DAB756A2A486AE6F
SD NEGERI 4 DRENGES,20537835,SD,Negeri,Kec. Kertosono,051409,Kab. Nganjuk,051400,Prov. Jawa Timur,050000,8,1,119,6,6,0,1,33,20 Apr 2026 11:48:57,0185C008A06FFFE044BA
SD NEGERI JUWONO,20537932,SD,Negeri,Kec. Kertosono,051409,Kab. Nganjuk,051400,Prov. Jawa Timur,050000,7,2,88,6,6,0,1,11,04 Apr 2026 21:32:46,EAF0E0356C9A76CF8239
SD NEGERI KEPUH,20512996,SD,Negeri,Kec. Kertosono,051409,Kab. Nganjuk,051400,Prov. Jawa Timur,050000,6,3,98,6,6,0,1,31,02 May 2026 09:35:00,B2636346C4EC77349B02
SD NEGERI TANJUNG,20538255,SD,Negeri,Kec. Kertosono,051409,Kab. Nganjuk,051400,Prov. Jawa Timur,050000,9,2,154,6,6,0,1,9,06 Apr 2026 07:39:38,9BE486107D0618D2AE97
SD AL UBAIDAH,70056773,SD,Swasta,Kec. Kertosono,051409,Kab. Nganjuk,051400,Prov. Jawa Timur,050000,4,3,19,1,1,0,0,13,24 Feb 2026 09:17:43,BA3477E89ED48E57545F
SD AR RAHMAN,20514021,SD,Swasta,Kec. Kertosono,051409,Kab. Nganjuk,051400,Prov. Jawa Timur,050000,3,1,142,6,6,1,1,9,28 Feb 2026 18:44:07,F06DD5F2467C175AF08A
SD ISLAM TERPADU DARUL FALAH,69981697,SD,Swasta,Kec. Kertosono,051409,Kab. Nganjuk,051400,Prov. Jawa Timur,050000,5,2,62,6,6,0,0,11,17 Apr 2026 04:40:03,1A78F07C163D78093F13
SD ISLAM TERPADU ULUL ALBAB,69980053,SD,Swasta,Kec. Kertosono,051409,Kab. Nganjuk,051400,Prov. Jawa Timur,050000,5,3,58,6,6,0,1,19,23 Apr 2026 20:05:39,3C7356A5CE140E481706
SD MUHAMMADIYAH,20537631,SD,Swasta,Kec. Kertosono,051409,Kab. Nganjuk,051400,Prov. Jawa Timur,050000,6,1,22,6,6,1,1,18,13 Apr 2026 20:28:32,D6FFCAC13793433D0760
SDK YOS SUDARSO,20514039,SD,Swasta,Kec. Kertosono,051409,Kab. Nganjuk,051400,Prov. Jawa Timur,050000,7,1,93,6,6,1,0,12,21 Apr 2026 10:25:06,767A743031C4408EC33A
SMP NEGERI 1 KERTOSONO,20538361,SMP,Negeri,Kec. Kertosono,051409,Kab. Nganjuk,051400,Prov. Jawa Timur,050000,44,7,855,27,26,8,1,26,16 Apr 2026 08:36:24,B6CB56B336C54D74E621
SMP NEGERI 2 KERTOSONO,20513205,SMP,Negeri,Kec. Kertosono,051409,Kab. Nganjuk,051400,Prov. Jawa Timur,050000,44,9,854,27,29,8,2,32,30 Apr 2026 05:20:08,577D803F1E9A063583E0
SMP NEGERI 3 KERTOSONO,20538315,SMP,Negeri,Kec. Kertosono,051409,Kab. Nganjuk,051400,Prov. Jawa Timur,050000,37,5,717,24,27,5,2,14,06 Mar 2026 09:16:12,679E1CAC316E0C1476B4
SMP NEGERI 4 KERTOSONO,20538317,SMP,Negeri,Kec. Kertosono,051409,Kab. Nganjuk,051400,Prov. Jawa Timur,050000,37,8,633,21,26,6,1,18,07 Apr 2026 12:20:26,9F220E2D7AFBA50DDB7E
SMP NEGERI 5 KERTOSONO,20538318,SMP,Negeri,Kec. Kertosono,051409,Kab. Nganjuk,051400,Prov. Jawa Timur,050000,6,3,42,3,30,3,1,30,18 Apr 2026 08:26:55,0A6BC9C691100AD76DB0
SMP Islam Al Qodir Kertosono,20568501,SMP,Swasta,Kec. Kertosono,051409,Kab. Nganjuk,051400,Prov. Jawa Timur,050000,6,1,158,6,6,1,1,22,29 Apr 2026 00:01:31,73C6A49791C0F25B702B
SMP ISLAM AR RAHMAN KERTOSONO,69930476,SMP,Swasta,Kec. Kertosono,051409,Kab. Nganjuk,051400,Prov. Jawa Timur,050000,7,2,61,3,4,2,1,29,13 Apr 2026 12:06:41,742686154723E0CB1332
SMP MUHAMMADIYAH 2 KERTOSONO,20538355,SMP,Swasta,Kec. Kertosono,051409,Kab. Nganjuk,051400,Prov. Jawa Timur,050000,5,2,37,3,3,2,1,21,02 May 2026 09:53:45,5CA9EF2BE0C97A4836D4
SMA NEGERI 1 KERTOSONO NGANJUK,20538394,SMA,Negeri,Kec. Kertosono,051409,Kab. Nganjuk,051400,Prov. Jawa Timur,050000,64,14,1176,33,33,9,1,25,20 Apr 2026 10:05:33,316886DDE4295E4B3043
SMA ISLAM AL-QODIR,69881315,SMA,Swasta,Kec. Kertosono,051409,Kab. Nganjuk,051400,Prov. Jawa Timur,050000,7,1,173,6,7,1,1,18,23 Apr 2026 09:58:03,6A39DD8B9CBB5CE2999A
SMA MUHAMMADIYAH 2 KERTOSONO,20513137,SMA,Swasta,Kec. Kertosono,051409,Kab. Nganjuk,051400,Prov. Jawa Timur,050000,7,4,71,3,9,6,1,15,23 Apr 2026 11:44:33,F18ACE41623861C46D23
SMK NEGERI 1 KERTOSONO NGANJUK,20538341,SMK,Negeri,Kec. Kertosono,051409,Kab. Nganjuk,051400,Prov. Jawa Timur,050000,71,20,1293,37,34,7,1,30,26 Apr 2026 11:46:44,A196A1F842E29418F601
SMK AL FATTAH KERTOSONO NGANJUK,20536951,SMK,Swasta,Kec. Kertosono,051409,Kab. Nganjuk,051400,Prov. Jawa Timur,050000,16,3,183,10,10,1,0,24,02 May 2026 09:57:20,C2717104F2BF2816208E
SMK AL KAUTSAR,69727400,SMK,Swasta,Kec. Kertosono,051409,Kab. Nganjuk,051400,Prov. Jawa Timur,050000,14,4,50,6,6,2,1,21,20 Apr 2026 16:47:39,FD1AA94733E0DBCDDE5F
SMK BUDI UTOMO KERTOSONO,69989236,SMK,Swasta,Kec. Kertosono,051409,Kab. Nganjuk,051400,Prov. Jawa Timur,050000,23,7,483,16,18,1,1,37,29 Apr 2026 08:28:41,3AD9EF97A59FF9A760D8
SMK DAWATUL KHOIR KERTOSONO,69968272,SMK,Swasta,Kec. Kertosono,051409,Kab. Nganjuk,051400,Prov. Jawa Timur,050000,7,1,73,4,4,1,1,12,06 Mar 2026 04:24:32,9988AD778C95CE3167EE
SMK KUSUMA NEGARA,69904827,SMK,Swasta,Kec. Kertosono,051409,Kab. Nganjuk,051400,Prov. Jawa Timur,050000,25,4,694,25,30,1,1,25,14 Apr 2026 15:21:27,98B63DE4C4D0DC08E7A4
SMK MUHAMMADIYAH 1 KERTOSONO,20538336,SMK,Swasta,Kec. Kertosono,051409,Kab. Nganjuk,051400,Prov. Jawa Timur,050000,18,5,397,18,14,3,1,22,14 Apr 2026 07:06:26,EBBFB1C7E2FE5127761E
SMK PGRI 2 KERTOSONO,20538347,SMK,Swasta,Kec. Kertosono,051409,Kab. Nganjuk,051400,Prov. Jawa Timur,050000,10,7,232,10,12,1,1,76,29 Apr 2026 10:31:45,ED93DCCAD652477C92FA
SMK TARUNA BAKTI KERTOSONO,20538350,SMK,Swasta,Kec. Kertosono,051409,Kab. Nganjuk,051400,Prov. Jawa Timur,050000,44,16,1151,36,26,3,1,360,30 Apr 2026 19:42:01,9F3110752B75351875E1
SMKS FARMASI KATOLIK WIYATA FARMA KERTOSONO,20570615,SMK,Swasta,Kec. Kertosono,051409,Kab. Nganjuk,051400,Prov. Jawa Timur,050000,3,3,52,3,6,3,1,7,29 Apr 2026 12:34:23,935C143256D2FD41467B
SMKS PGRI 1 KERTOSONO,20538344,SMK,Swasta,Kec. Kertosono,051409,Kab. Nganjuk,051400,Prov. Jawa Timur,050000,10,7,94,9,21,2,1,7,17 Apr 2026 21:43:11,8829779E1DF2D5708396
SD NEGERI 1 BALETURI,20537702,SD,Negeri,Kec. Prambon,051407,Kab. Nganjuk,051400,Prov. Jawa Timur,050000,6,1,98,6,7,0,0,21,02 Apr 2026 18:11:18,32F1D51AE3F452EA5A88
SD NEGERI 1 BANDUNG,20537716,SD,Negeri,Kec. Prambon,051407,Kab. Nganjuk,051400,Prov. Jawa Timur,050000,7,2,115,6,6,0,0,14,28 Apr 2026 07:40:05,FD5D423BBA012C2ED75D
SD NEGERI 1 GONDANGLEGI,20537820,SD,Negeri,Kec. Prambon,051407,Kab. Nganjuk,051400,Prov. Jawa Timur,050000,9,1,172,6,8,0,1,16,09 Apr 2026 00:01:54,58B085F4F96DB4987731
SD NEGERI 1 KURUNGREJO,20538011,SD,Negeri,Kec. Prambon,051407,Kab. Nganjuk,051400,Prov. Jawa Timur,050000,8,3,123,7,10,0,1,12,17 Apr 2026 08:10:44,9CA9C91D43084843FA81
SD NEGERI 1 MOJOAGUNG,20538051,SD,Negeri,Kec. Prambon,051407,Kab. Nganjuk,051400,Prov. Jawa Timur,050000,13,2,188,10,11,0,1,9,06 Apr 2026 06:18:39,0A35F569701F3121CB86
SD NEGERI 1 NGLAWAK,20538091,SD,Negeri,Kec. Prambon,051407,Kab. Nganjuk,051400,Prov. Jawa Timur,050000,6,1,78,6,6,1,1,7,05 Mar 2026 04:06:13,A0D8EAEE28C1B370E3D1
SD NEGERI 1 ROWOHARJO,20538161,SD,Negeri,Kec. Prambon,051407,Kab. Nganjuk,051400,Prov. Jawa Timur,050000,12,1,195,11,12,0,0,9,16 Apr 2026 14:18:46,ED54F766562DC977D24D
SD NEGERI 1 SINGKALANYAR,20538200,SD,Negeri,Kec. Prambon,051407,Kab. Nganjuk,051400,Prov. Jawa Timur,050000,10,2,172,8,10,1,1,22,18 Apr 2026 12:06:52,15589D488BB1E4A775B1
SD NEGERI 1 SONOAGENG,20538207,SD,Negeri,Kec. Prambon,051407,Kab. Nganjuk,051400,Prov. Jawa Timur,050000,5,2,146,6,8,1,1,18,02 May 2026 14:02:48,0B38EA9B243EB32FC302
SD NEGERI 1 SUGIHWARAS,20538219,SD,Negeri,Kec. Prambon,051407,Kab. Nganjuk,051400,Prov. Jawa Timur,050000,13,5,181,9,12,1,1,26,02 May 2026 19:11:44,CB3AD44E8CB91248B24B
SD NEGERI 1 TANJUNGTANI,20538267,SD,Negeri,Kec. Prambon,051407,Kab. Nganjuk,051400,Prov. Jawa Timur,050000,6,2,89,6,6,0,0,8,14 Apr 2026 19:32:01,E4841CBDF1AF5445FD5F
SD NEGERI 1 WATUDANDANG,20538292,SD,Negeri,Kec. Prambon,051407,Kab. Nganjuk,051400,Prov. Jawa Timur,050000,7,3,91,6,6,0,1,27,02 May 2026 07:01:23,744A93EAFE2B08BEC5E6
SD NEGERI 2 BALETURI,20537703,SD,Negeri,Kec. Prambon,051407,Kab. Nganjuk,051400,Prov. Jawa Timur,050000,8,1,82,6,6,1,1,8,06 Apr 2026 04:49:17,6F17A73A8F3184B137B5
SD NEGERI 2 BANDUNG,20537717,SD,Negeri,Kec. Prambon,051407,Kab. Nganjuk,051400,Prov. Jawa Timur,050000,7,1,129,6,6,1,1,20,30 Apr 2026 08:51:14,607E5D27D1611C70258F
SD NEGERI 2 GONDANGLEGI,20537821,SD,Negeri,Kec. Prambon,051407,Kab. Nganjuk,051400,Prov. Jawa Timur,050000,8,1,35,6,6,0,0,15,02 May 2026 07:52:11,F80F4071FFA9B4CD7EEB
SD NEGERI 2 NGLAWAK,20538090,SD,Negeri,Kec. Prambon,051407,Kab. Nganjuk,051400,Prov. Jawa Timur,050000,8,1,106,6,6,0,0,11,25 Apr 2026 09:39:46,926D2D04863CFA5825FC
SD NEGERI 2 SANGGRAHAN,20538177,SD,Negeri,Kec. Prambon,051407,Kab. Nganjuk,051400,Prov. Jawa Timur,050000,6,2,94,6,6,0,1,19,10 Apr 2026 18:35:28,0E2ED68FC2874874C681
SD NEGERI 2 SINGKALANYAR,20538201,SD,Negeri,Kec. Prambon,051407,Kab. Nganjuk,051400,Prov. Jawa Timur,050000,7,1,76,6,6,0,1,17,15 Mar 2026 19:38:07,8D87FE435983BFE5F798
SD NEGERI 2 SONOAGENG,20538208,SD,Negeri,Kec. Prambon,051407,Kab. Nganjuk,051400,Prov. Jawa Timur,050000,7,3,97,6,6,0,0,7,05 Mar 2026 11:50:34,44CD11B313960D3A1936
SD NEGERI 2 WATUDANDANG,20538293,SD,Negeri,Kec. Prambon,051407,Kab. Nganjuk,051400,Prov. Jawa Timur,050000,6,2,87,6,6,0,0,9,02 May 2026 08:48:55,AAEFDCAAC27B719B3C91
SD NEGERI 3 BALETURI,20537704,SD,Negeri,Kec. Prambon,051407,Kab. Nganjuk,051400,Prov. Jawa Timur,050000,7,1,53,6,6,0,1,15,02 Apr 2026 21:47:26,258F769307234D84302C
SD NEGERI 3 KURUNGREJO,20538014,SD,Negeri,Kec. Prambon,051407,Kab. Nganjuk,051400,Prov. Jawa Timur,050000,9,2,87,6,6,0,1,8,09 Apr 2026 07:07:34,BA5869BB1676C2E45B3D
SD NEGERI 3 MOJOAGUNG,20538053,SD,Negeri,Kec. Prambon,051407,Kab. Nganjuk,051400,Prov. Jawa Timur,050000,5,2,106,6,6,0,1,17,01 May 2026 16:17:05,3D29F2734224C9C8D28A
SD NEGERI 3 ROWOHARJO,20538163,SD,Negeri,Kec. Prambon,051407,Kab. Nganjuk,051400,Prov. Jawa Timur,050000,7,2,55,6,6,0,1,10,02 Apr 2026 17:34:47,A3FBFA87946F3E5F087D
SD NEGERI 3 SONOAGENG,20538209,SD,Negeri,Kec. Prambon,051407,Kab. Nganjuk,051400,Prov. Jawa Timur,050000,8,2,86,6,6,0,1,15,08 Apr 2026 10:53:15,F5AA122568C1A7A322C1
SD NEGERI 3 TANJUNGTANI,20538269,SD,Negeri,Kec. Prambon,051407,Kab. Nganjuk,051400,Prov. Jawa Timur,050000,10,0,190,9,10,0,1,14,15 Apr 2026 15:02:23,9D020C3C7879A306104A
SD NEGERI 3 WATUDANDANG,20538294,SD,Negeri,Kec. Prambon,051407,Kab. Nganjuk,051400,Prov. Jawa Timur,050000,6,2,75,6,6,1,1,7,03 Mar 2026 04:26:43,211894A87E923D4B4E37
SD NEGERI 4 SONOAGENG,20538210,SD,Negeri,Kec. Prambon,051407,Kab. Nganjuk,051400,Prov. Jawa Timur,050000,8,0,38,5,6,0,0,7,03 Mar 2026 08:14:37,70208BE9EC9B55480F5C
SD NEGERI 4 SUGIHWARAS,20538221,SD,Negeri,Kec. Prambon,051407,Kab. Nganjuk,051400,Prov. Jawa Timur,050000,7,2,98,6,7,0,1,6,06 Apr 2026 11:54:20,3987415849DE9EB5CF76
SD NEGERI 5 SONOAGENG,20538205,SD,Negeri,Kec. Prambon,051407,Kab. Nganjuk,051400,Prov. Jawa Timur,050000,8,2,48,6,6,0,1,11,25 Apr 2026 08:08:56,D440A7C374568F67DDA4
SD NEGERI 6 SONOAGENG,20538206,SD,Negeri,Kec. Prambon,051407,Kab. Nganjuk,051400,Prov. Jawa Timur,050000,8,2,60,6,7,0,1,14,07 Mar 2026 21:33:20,546AEBE8EE3729A41C7B
SD NEGERI 6 SUGIHWARAS,20538224,SD,Negeri,Kec. Prambon,051407,Kab. Nganjuk,051400,Prov. Jawa Timur,050000,7,2,78,6,6,0,1,13,04 Apr 2026 08:12:54,5F64703A77F946627BA7
SD NEGERI 7 SUGIHWARAS,20538225,SD,Negeri,Kec. Prambon,051407,Kab. Nganjuk,051400,Prov. Jawa Timur,050000,12,2,193,10,10,0,1,20,28 Mar 2026 20:52:41,CFAF7070D07463A83EA3
SD NEGERI TEGARON,20538270,SD,Negeri,Kec. Prambon,051407,Kab. Nganjuk,051400,Prov. Jawa Timur,050000,7,4,78,6,11,0,1,7,03 Mar 2026 10:00:03,1409394970EAF66CD392
SD ISLAM ISYHAR,20554812,SD,Swasta,Kec. Prambon,051407,Kab. Nganjuk,051400,Prov. Jawa Timur,050000,6,2,48,6,6,0,1,10,10 Apr 2026 09:13:49,D37EF6D3AF202799D751
SMP NEGERI 1 PRAMBON,20538306,SMP,Negeri,Kec. Prambon,051407,Kab. Nganjuk,051400,Prov. Jawa Timur,050000,40,5,866,27,28,8,1,35,29 Apr 2026 12:05:57,A86CF4C41DDFF79CA68B
SMP NEGERI 2 PRAMBON,20538313,SMP,Negeri,Kec. Prambon,051407,Kab. Nganjuk,051400,Prov. Jawa Timur,050000,39,8,788,27,27,6,1,35,23 Apr 2026 13:03:34,7F280E9B15CC1CCC32D4
SMP ISLAM ANNUR AL GHOZALI,69980018,SMP,Swasta,Kec. Prambon,051407,Kab. Nganjuk,051400,Prov. Jawa Timur,050000,5,9,77,3,5,1,0,24,25 Apr 2026 09:07:01,DE3D50AC8A071AAFC438
SMP ISLAM GEDONGSARI,69759302,SMP,Swasta,Kec. Prambon,051407,Kab. Nganjuk,051400,Prov. Jawa Timur,050000,4,2,16,3,3,1,1,9,18 Apr 2026 14:21:48,FE51B8976228CFEE0B28
SMP MUHAMMADIYAH 4 PRAMBON,20513243,SMP,Swasta,Kec. Prambon,051407,Kab. Nganjuk,051400,Prov. Jawa Timur,050000,6,2,64,3,3,1,0,18,13 Apr 2026 14:57:42,AD1BE4BC1E9D07405FA8
SMP Plus Isyhar Prambon,20577255,SMP,Swasta,Kec. Prambon,051407,Kab. Nganjuk,051400,Prov. Jawa Timur,050000,6,1,28,3,5,2,1,14,09 Mar 2026 14:00:31,84469CB534BEF048FB39
SMA NEGERI 1 PRAMBON NGANJUK,20538395,SMA,Negeri,Kec. Prambon,051407,Kab. Nganjuk,051400,Prov. Jawa Timur,050000,51,16,1036,30,30,5,1,23,15 Apr 2026 00:55:56,79AF338B20CEDB70E9AC
SMK ISYHAR GROMPOL PRAMBON,69907557,SMK,Swasta,Kec. Prambon,051407,Kab. Nganjuk,051400,Prov. Jawa Timur,050000,10,1,56,3,4,1,1,25,21 Apr 2026 11:46:54,88FE270371B823E93E61
SMK MUHAMMADIYAH 1 PRAMBON,20536953,SMK,Swasta,Kec. Prambon,051407,Kab. Nganjuk,051400,Prov. Jawa Timur,050000,15,3,266,15,10,1,1,21,23 Apr 2026 11:37:45,13AB130A11FCC57CED08
SMK ROUDLOTUL MUSLIMIN,20554588,SMK,Swasta,Kec. Prambon,051407,Kab. Nganjuk,051400,Prov. Jawa Timur,050000,8,2,49,3,3,1,1,19,27 Mar 2026 12:23:08,26302FB46380AD58D04F
SMKS AL ASYARIYAH PRAMBON,20539812,SMK,Swasta,Kec. Prambon,051407,Kab. Nganjuk,051400,Prov. Jawa Timur,050000,26,1,452,19,20,3,1,44,01 May 2026 07:20:41,F68E8532714987022A45
SD NEGERI 1 BENDOASRI,20538283,SD,Negeri,Kec. Rejoso,051417,Kab. Nganjuk,051400,Prov. Jawa Timur,050000,7,2,45,6,6,0,0,8,27 Feb 2026 07:38:29,AF1272C6BE47ACC4E898
SD NEGERI 1 JINTEL,20537922,SD,Negeri,Kec. Rejoso,051417,Kab. Nganjuk,051400,Prov. Jawa Timur,050000,9,1,64,6,6,1,1,8,05 Apr 2026 18:56:20,C10FDA24B4F77D095034
SD NEGERI 1 KEDUNGPADANG,20537969,SD,Negeri,Kec. Rejoso,051417,Kab. Nganjuk,051400,Prov. Jawa Timur,050000,8,1,101,6,6,1,1,9,07 Apr 2026 10:40:21,7FD7281D3315B25563BA
SD NEGERI 1 KLAGEN,20538002,SD,Negeri,Kec. Rejoso,051417,Kab. Nganjuk,051400,Prov. Jawa Timur,050000,8,3,170,6,6,0,0,39,01 May 2026 21:39:04,31ED52267DCA1D23153F
SD NEGERI 1 MLORAH,20538049,SD,Negeri,Kec. Rejoso,051417,Kab. Nganjuk,051400,Prov. Jawa Timur,050000,7,3,139,6,7,1,1,23,24 Apr 2026 11:56:13,ADE4DEBAE4734EF0FA5C
SD NEGERI 1 MOJOREMBUN,20538058,SD,Negeri,Kec. Rejoso,051417,Kab. Nganjuk,051400,Prov. Jawa Timur,050000,8,2,132,6,6,0,2,18,02 Apr 2026 07:30:07,EA1990D2C7EAC8FF89DB
SD NEGERI 1 MUNGKUNG,20538062,SD,Negeri,Kec. Rejoso,051417,Kab. Nganjuk,051400,Prov. Jawa Timur,050000,7,1,53,6,6,0,1,25,17 Apr 2026 03:14:46,1DF349B596B94D01AE47
SD NEGERI 1 MUSIRLOR,20538066,SD,Negeri,Kec. Rejoso,051417,Kab. Nganjuk,051400,Prov. Jawa Timur,050000,8,3,149,6,12,0,0,23,06 Apr 2026 10:40:05,F856CC52F3F467A274CA
SD NEGERI 1 NGADIBOYO,20538067,SD,Negeri,Kec. Rejoso,051417,Kab. Nganjuk,051400,Prov. Jawa Timur,050000,9,2,129,6,6,1,1,15,06 Apr 2026 20:24:05,6E07F3917931B128E3E3
SD NEGERI 1 NGANGKATAN,20512881,SD,Negeri,Kec. Rejoso,051417,Kab. Nganjuk,051400,Prov. Jawa Timur,050000,7,2,131,6,6,1,0,7,23 Apr 2026 15:15:26,332D9D44CD67CE552DD0
SD NEGERI 1 PUHKEREP,20538148,SD,Negeri,Kec. Rejoso,051417,Kab. Nganjuk,051400,Prov. Jawa Timur,050000,9,2,153,7,7,1,1,24,30 Apr 2026 08:25:03,D1FDBE6636521E437BA2
SD NEGERI 1 REJOSO,20538158,SD,Negeri,Kec. Rejoso,051417,Kab. Nganjuk,051400,Prov. Jawa Timur,050000,15,1,365,13,12,1,1,19,22 Apr 2026 18:34:21,03518B4949D835D2915A
SD NEGERI 1 SAMBIKEREP,20538168,SD,Negeri,Kec. Rejoso,051417,Kab. Nganjuk,051400,Prov. Jawa Timur,050000,8,2,66,6,6,0,0,17,27 Apr 2026 07:45:40,5FF3619326456EA8C558
SD NEGERI 1 SIDOKARE,20538197,SD,Negeri,Kec. Rejoso,051417,Kab. Nganjuk,051400,Prov. Jawa Timur,050000,6,2,139,6,6,0,0,13,22 Apr 2026 11:21:51,100A41416F0DD2714927
SD NEGERI 1 SUKOREJO,20538229,SD,Negeri,Kec. Rejoso,051417,Kab. Nganjuk,051400,Prov. Jawa Timur,050000,12,1,134,6,12,0,1,8,08 Mar 2026 14:31:37,B531731189BE3F62B73F
SD NEGERI 1 TRITIK,20538282,SD,Negeri,Kec. Rejoso,051417,Kab. Nganjuk,051400,Prov. Jawa Timur,050000,6,2,80,6,6,0,0,11,04 Apr 2026 14:11:33,66BDA224865ECAF522A1
SD NEGERI 2 JINTEL,20537923,SD,Negeri,Kec. Rejoso,051417,Kab. Nganjuk,051400,Prov. Jawa Timur,050000,8,1,75,6,6,0,0,20,23 Feb 2026 04:13:41,D15BEB09A477C9719063
SD NEGERI 2 MLORAH,20538050,SD,Negeri,Kec. Rejoso,051417,Kab. Nganjuk,051400,Prov. Jawa Timur,050000,7,2,132,6,6,1,2,14,06 Apr 2026 09:44:56,B6096D1827EF1AA92D93
SD NEGERI 2 MOJOREMBUN,20538059,SD,Negeri,Kec. Rejoso,051417,Kab. Nganjuk,051400,Prov. Jawa Timur,050000,7,2,144,6,6,0,1,5,01 Feb 2026 21:40:02,49A7996BFC3D80B33CCF
SD NEGERI 2 MUNGKUNG,20537861,SD,Negeri,Kec. Rejoso,051417,Kab. Nganjuk,051400,Prov. Jawa Timur,050000,6,1,119,6,6,0,1,28,05 Apr 2026 06:27:16,BB8B2D3341713D523890
SD NEGERI 2 NGADIBOYO,20538068,SD,Negeri,Kec. Rejoso,051417,Kab. Nganjuk,051400,Prov. Jawa Timur,050000,7,2,127,6,6,0,0,5,09 Apr 2026 04:53:42,7F0B92E4A7C1EC33CDD8
SD NEGERI 2 PUHKEREP,20538149,SD,Negeri,Kec. Rejoso,051417,Kab. Nganjuk,051400,Prov. Jawa Timur,050000,10,1,148,6,10,1,1,13,15 Apr 2026 21:45:43,3330A92513AD1B8AB1E2
SD NEGERI 2 REJOSO,20538159,SD,Negeri,Kec. Rejoso,051417,Kab. Nganjuk,051400,Prov. Jawa Timur,050000,8,3,105,6,6,0,1,12,02 Apr 2026 07:59:12,45B8F423E14F0BF805A4
SD NEGERI 2 SAMBIKEREP,20538169,SD,Negeri,Kec. Rejoso,051417,Kab. Nganjuk,051400,Prov. Jawa Timur,050000,12,4,156,8,12,1,1,20,30 Apr 2026 08:14:13,764B2EE5A2045A8BE8F2
SD NEGERI 2 SIDOKARE,20537875,SD,Negeri,Kec. Rejoso,051417,Kab. Nganjuk,051400,Prov. Jawa Timur,050000,9,2,76,6,6,0,1,11,04 Mar 2026 07:56:16,B3E30FAC861D3B68317D
SD NEGERI 3 KLAGEN,20537847,SD,Negeri,Kec. Rejoso,051417,Kab. Nganjuk,051400,Prov. Jawa Timur,050000,7,2,86,6,6,0,1,21,12 Mar 2026 00:27:11,29B2CBAB863941432E85
SD NEGERI 3 MLORAH,20537858,SD,Negeri,Kec. Rejoso,051417,Kab. Nganjuk,051400,Prov. Jawa Timur,050000,7,3,121,6,6,0,1,27,24 Apr 2026 13:42:51,B161BE04CC48D00F48CB
SD NEGERI 3 NGADIBOYO,20537863,SD,Negeri,Kec. Rejoso,051417,Kab. Nganjuk,051400,Prov. Jawa Timur,050000,7,3,107,6,6,0,1,9,06 Apr 2026 11:01:23,86E8B95A77BB59385A9C
SD NEGERI 3 REJOSO,29537869,SD,Negeri,Kec. Rejoso,051417,Kab. Nganjuk,051400,Prov. Jawa Timur,050000,8,2,77,6,6,1,1,9,02 Apr 2026 20:30:58,BC511CD60648DDF71C8E
SD NEGERI BANJAREJO,20537833,SD,Negeri,Kec. Rejoso,051417,Kab. Nganjuk,051400,Prov. Jawa Timur,050000,8,2,41,6,6,0,1,12,24 Apr 2026 10:31:09,15632801CD33D79EBCD1
SD NEGERI GEMPOL,20537839,SD,Negeri,Kec. Rejoso,051417,Kab. Nganjuk,051400,Prov. Jawa Timur,050000,8,3,103,6,6,0,1,23,02 Apr 2026 08:29:51,04204C5761C9CBBE1FAD
SD NEGERI JATIREJO,20537912,SD,Negeri,Kec. Rejoso,051417,Kab. Nganjuk,051400,Prov. Jawa Timur,050000,7,2,117,6,6,1,1,6,02 Apr 2026 20:18:39,98CBC222FEF6B46C9136
SD NEGERI MUSIRKIDUL,20538065,SD,Negeri,Kec. Rejoso,051417,Kab. Nganjuk,051400,Prov. Jawa Timur,050000,7,1,105,6,6,0,1,15,02 Apr 2026 10:34:36,BFC692177E9E23AE9BEB
SD NEGERI SETREN,20537874,SD,Negeri,Kec. Rejoso,051417,Kab. Nganjuk,051400,Prov. Jawa Timur,050000,8,1,74,6,6,1,1,12,24 Apr 2026 13:33:44,43EA48755B36913BE9E1
SD NEGERI TALANG,20538253,SD,Negeri,Kec. Rejoso,051417,Kab. Nganjuk,051400,Prov. Jawa Timur,050000,6,2,151,6,6,0,1,11,05 Apr 2026 16:11:32,302869BBB7BE94B3224F
SD NEGERI TALUN,20538254,SD,Negeri,Kec. Rejoso,051417,Kab. Nganjuk,051400,Prov. Jawa Timur,050000,7,2,68,6,6,0,0,24,30 Apr 2026 08:27:10,15FB5C2653702277A343
SD NEGERI WENGKAL,20538296,SD,Negeri,Kec. Rejoso,051417,Kab. Nganjuk,051400,Prov. Jawa Timur,050000,8,3,136,6,6,0,1,13,09 Apr 2026 09:58:10,614B4383F1355835F42A
SD ISLAM MIFTAHUL HUDA REJOSO,70042214,SD,Swasta,Kec. Rejoso,051417,Kab. Nganjuk,051400,Prov. Jawa Timur,050000,3,1,138,6,6,0,0,1,04 Mar 2026 08:28:07,8C598F7F18EA468F0A95
SMP NEGERI 1 REJOSO,20538369,SMP,Negeri,Kec. Rejoso,051417,Kab. Nganjuk,051400,Prov. Jawa Timur,050000,34,10,888,27,27,5,1,49,02 May 2026 16:09:23,41D5D3EF024C81F66621
SMP NEGERI 2 REJOSO,20513236,SMP,Negeri,Kec. Rejoso,051417,Kab. Nganjuk,051400,Prov. Jawa Timur,050000,24,7,295,11,21,2,2,7,09 Apr 2026 22:21:49,83FFDA5B6141B59A836B
SMP NEGERI 3 REJOSO,20538382,SMP,Negeri,Kec. Rejoso,051417,Kab. Nganjuk,051400,Prov. Jawa Timur,050000,33,9,538,18,24,5,1,36,25 Apr 2026 09:40:46,D9828033C8FD0B6F6A9F
SMP NEGERI SATU ATAP REJOSO,20566053,SMP,Negeri,Kec. Rejoso,051417,Kab. Nganjuk,051400,Prov. Jawa Timur,050000,9,5,32,3,3,2,1,7,10 Apr 2026 14:28:36,1F81B5B28242AA568BF2
SMA NEGERI 1 REJOSO NGANJUK,20538396,SMA,Negeri,Kec. Rejoso,051417,Kab. Nganjuk,051400,Prov. Jawa Timur,050000,54,18,909,27,27,6,1,33,08 Apr 2026 23:49:03,37FFF86C5A3E93304E94
SMK PEMBANGUNAN REJOSO,20536954,SMK,Swasta,Kec. Rejoso,051417,Kab. Nganjuk,051400,Prov. Jawa Timur,050000,4,1,49,3,3,1,0,46,28 Apr 2026 21:51:38,E468961727A2825451EF
SD NEGERI 1 BANARAN,20537712,SD,Negeri,Kec. Pace,051405,Kab. Nganjuk,051400,Prov. Jawa Timur,050000,6,3,99,6,6,0,1,18,01 May 2026 22:15:32,0B2E7F42D76A3954CDAB
SD NEGERI 1 BODOR,20537745,SD,Negeri,Kec. Pace,051405,Kab. Nganjuk,051400,Prov. Jawa Timur,050000,7,1,82,6,6,0,1,11,25 Apr 2026 07:40:12,673D6103AE067F963FFB
SD NEGERI 1 CERME,20537763,SD,Negeri,Kec. Pace,051405,Kab. Nganjuk,051400,Prov. Jawa Timur,050000,8,2,134,6,6,0,1,16,06 Apr 2026 10:42:01,B619EBBFFC6875F6192E
SD NEGERI 1 EMBATEMBAT,20537733,SD,Negeri,Kec. Pace,051405,Kab. Nganjuk,051400,Prov. Jawa Timur,050000,7,1,65,6,6,0,0,11,03 Mar 2026 09:56:07,3D28BB59245B6ECF7304
SD NEGERI 1 GEMENGGENG,20537803,SD,Negeri,Kec. Pace,051405,Kab. Nganjuk,051400,Prov. Jawa Timur,050000,7,2,79,6,6,0,1,12,10 Apr 2026 08:52:11,2F8A9BAD47EFD1382528
SD NEGERI 1 JAMPES,20537902,SD,Negeri,Kec. Pace,051405,Kab. Nganjuk,051400,Prov. Jawa Timur,050000,13,1,232,11,12,2,2,18,29 Apr 2026 10:33:04,D6A663D5EE8FC8E46DA7
SD NEGERI 1 JATIGREGES,20537904,SD,Negeri,Kec. Pace,051405,Kab. Nganjuk,051400,Prov. Jawa Timur,050000,7,2,133,6,6,0,1,14,02 May 2026 10:26:18,BFB2C851FBBC9BB8F852
SD NEGERI 1 JETIS,20537920,SD,Negeri,Kec. Pace,051405,Kab. Nganjuk,051400,Prov. Jawa Timur,050000,7,2,98,6,6,1,1,19,01 Apr 2026 22:01:36,77306879FFEDEA7C0EC7
SD NEGERI 1 JOHO,20537927,SD,Negeri,Kec. Pace,051405,Kab. Nganjuk,051400,Prov. Jawa Timur,050000,8,4,127,6,6,0,1,17,01 Apr 2026 22:56:11,A5781F8662E5EB511A22
SD NEGERI 1 KECUBUNG,20537965,SD,Negeri,Kec. Pace,051405,Kab. Nganjuk,051400,Prov. Jawa Timur,050000,8,3,78,6,6,0,1,9,05 Apr 2026 16:44:31,4E11188073C8803E81F4
SD NEGERI 1 KEPANJEN,20537988,SD,Negeri,Kec. Pace,051405,Kab. Nganjuk,051400,Prov. Jawa Timur,050000,8,2,148,6,12,0,1,19,16 Apr 2026 08:11:56,90BEAA4CBE73543DF39F
SD NEGERI 1 MLANDANGAN,20538046,SD,Negeri,Kec. Pace,051405,Kab. Nganjuk,051400,Prov. Jawa Timur,050000,8,1,79,6,6,0,1,7,03 Mar 2026 10:17:33,AEE6790CA9715EFC0B8E
SD NEGERI 1 PACEKULON,20538117,SD,Negeri,Kec. Pace,051405,Kab. Nganjuk,051400,Prov. Jawa Timur,050000,8,2,142,6,6,0,1,16,06 Mar 2026 19:57:01,1ACB5ABDED76E93F20DD
SD NEGERI 1 PACEWETAN,20538119,SD,Negeri,Kec. Pace,051405,Kab. Nganjuk,051400,Prov. Jawa Timur,050000,8,3,76,6,6,0,1,13,03 Mar 2026 09:44:14,FE43216AF9F038818B54
SD NEGERI 1 PLOSOHARJO,20538145,SD,Negeri,Kec. Pace,051405,Kab. Nganjuk,051400,Prov. Jawa Timur,050000,8,3,120,6,6,0,1,16,02 May 2026 09:20:27,16BA03546F4C4F43B85F
SD NEGERI 1 SANAN,20538174,SD,Negeri,Kec. Pace,051405,Kab. Nganjuk,051400,Prov. Jawa Timur,050000,7,2,116,6,7,0,1,29,02 May 2026 09:26:23,22EA4F8871EF558EA1DC
SD NEGERI 2 BANARAN,20537713,SD,Negeri,Kec. Pace,051405,Kab. Nganjuk,051400,Prov. Jawa Timur,050000,8,1,77,6,6,1,1,15,02 May 2026 10:17:09,3CAC62AA75661BE7EC39
SD NEGERI 2 BODOR,20537746,SD,Negeri,Kec. Pace,051405,Kab. Nganjuk,051400,Prov. Jawa Timur,050000,5,2,23,4,6,0,0,27,08 Apr 2026 10:09:33,7C9BB33CA1E70A104504
SD NEGERI 2 CERME,20537764,SD,Negeri,Kec. Pace,051405,Kab. Nganjuk,051400,Prov. Jawa Timur,050000,6,2,77,6,6,0,0,22,02 May 2026 10:03:15,E130C2FFD21E25C3D540
SD NEGERI 2 EMBATEMBAT,20537792,SD,Negeri,Kec. Pace,051405,Kab. Nganjuk,051400,Prov. Jawa Timur,050000,7,2,97,6,7,0,1,6,07 Mar 2026 20:12:31,236A3395C8B572419102
SD NEGERI 2 GEMENGGENG,20537804,SD,Negeri,Kec. Pace,051405,Kab. Nganjuk,051400,Prov. Jawa Timur,050000,5,2,21,6,6,0,1,7,02 May 2026 09:55:34,10B1E72916D8811D8C25
SD NEGERI 2 JATIGREGES,20537905,SD,Negeri,Kec. Pace,051405,Kab. Nganjuk,051400,Prov. Jawa Timur,050000,8,2,46,6,6,0,0,21,29 Apr 2026 08:59:30,A704CBD78BEFB1B92E06
SD NEGERI 2 JETIS,20537921,SD,Negeri,Kec. Pace,051405,Kab. Nganjuk,051400,Prov. Jawa Timur,050000,7,2,63,6,6,0,1,32,04 Apr 2026 22:58:52,9974EF6B79C82FF04935
SD NEGERI 2 JOHO,20537928,SD,Negeri,Kec. Pace,051405,Kab. Nganjuk,051400,Prov. Jawa Timur,050000,7,1,163,6,6,1,1,11,13 Apr 2026 11:37:16,859A54B8769BEE1AD85C
SD NEGERI 2 KECUBUNG,20537966,SD,Negeri,Kec. Pace,051405,Kab. Nganjuk,051400,Prov. Jawa Timur,050000,8,1,131,6,6,0,1,10,02 May 2026 11:07:05,F226AFABD4DC3734090B
SD NEGERI 2 MLANDANGAN,20538047,SD,Negeri,Kec. Pace,051405,Kab. Nganjuk,051400,Prov. Jawa Timur,050000,8,2,90,6,6,0,1,39,02 May 2026 09:31:59,92212F875FB80A0C685A
SD NEGERI 2 PACEKULON,20512967,SD,Negeri,Kec. Pace,051405,Kab. Nganjuk,051400,Prov. Jawa Timur,050000,15,1,180,10,13,0,1,60,05 Apr 2026 21:22:57,323FC8EF1E766FC20BA6
SD NEGERI 2 PACEWETAN,20538120,SD,Negeri,Kec. Pace,051405,Kab. Nganjuk,051400,Prov. Jawa Timur,050000,7,2,78,6,6,1,1,10,11 Apr 2026 17:31:54,D15535C8D8D4C1C43B6E
SD NEGERI 2 PLOSOHARJO,20538147,SD,Negeri,Kec. Pace,051405,Kab. Nganjuk,051400,Prov. Jawa Timur,050000,7,3,87,6,12,0,1,23,16 Apr 2026 10:54:33,EC56DDA0500667CE32A5
SD NEGERI 3 JOHO,20537929,SD,Negeri,Kec. Pace,051405,Kab. Nganjuk,051400,Prov. Jawa Timur,050000,9,1,103,6,6,0,1,13,02 May 2026 12:09:20,C2EFD8EA82C7DECA60A4
SD NEGERI 3 KEPANJEN,20537990,SD,Negeri,Kec. Pace,051405,Kab. Nganjuk,051400,Prov. Jawa Timur,050000,6,1,75,6,6,0,1,22,02 May 2026 09:33:23,568E010CBBC514017CC0
SD NEGERI 4 JATIGREGES,20537907,SD,Negeri,Kec. Pace,051405,Kab. Nganjuk,051400,Prov. Jawa Timur,050000,6,2,33,6,6,0,0,13,30 Apr 2026 10:25:10,CDB71F8407CF87E47C62
SD NEGERI 5 JOHO,20537930,SD,Negeri,Kec. Pace,051405,Kab. Nganjuk,051400,Prov. Jawa Timur,050000,8,1,93,6,6,1,1,26,03 Apr 2026 22:25:40,C4E14CC5405130164D62
SD NEGERI BABADAN,20537690,SD,Negeri,Kec. Pace,051405,Kab. Nganjuk,051400,Prov. Jawa Timur,050000,7,1,106,6,6,1,1,15,03 Apr 2026 14:02:37,220492BA52CF07AC811B
SD NEGERI GONDANG,20537815,SD,Negeri,Kec. Pace,051405,Kab. Nganjuk,051400,Prov. Jawa Timur,050000,7,1,177,6,6,0,1,11,05 Apr 2026 13:48:11,2B77884993F615DE9B70
SD SAINS TERPADU DARUSSA ADAH PACE,70056805,SD,Swasta,Kec. Pace,051405,Kab. Nganjuk,051400,Prov. Jawa Timur,050000,1,2,6,1,1,0,1,8,02 May 2026 07:54:21,40944A55573139857CE0
SDIT AL - ISTIQOMAH,20570144,SD,Swasta,Kec. Pace,051405,Kab. Nganjuk,051400,Prov. Jawa Timur,050000,6,1,85,6,6,1,1,33,02 May 2026 08:34:51,63398143313E9AE7D39A
SMP NEGERI 1 PACE,20538367,SMP,Negeri,Kec. Pace,051405,Kab. Nganjuk,051400,Prov. Jawa Timur,050000,38,9,856,27,26,4,1,35,29 Apr 2026 16:46:25,2ED259D92E18E4EF6ADA
SMP NEGERI 2 PACE,20538303,SMP,Negeri,Kec. Pace,051405,Kab. Nganjuk,051400,Prov. Jawa Timur,050000,31,6,631,21,27,4,1,40,20 Apr 2026 11:46:00,03623573FFE8F9E76380
SMP Sains Terpadu Darussa adah Pace,70040354,SMP,Swasta,Kec. Pace,051405,Kab. Nganjuk,051400,Prov. Jawa Timur,050000,5,1,82,3,3,2,1,11,16 Apr 2026 11:15:27,8C0D1A5AD37609E52F0C
SMA NEGERI 1 PACE NGANJUK,20538323,SMA,Negeri,Kec. Pace,051405,Kab. Nganjuk,051400,Prov. Jawa Timur,050000,48,13,722,21,21,5,1,61,01 May 2026 07:50:09,35960341D6CA77C85C20
SMA PGRI PACE,20538392,SMA,Swasta,Kec. Pace,051405,Kab. Nganjuk,051400,Prov. Jawa Timur,050000,10,1,163,6,12,0,1,13,22 Apr 2026 08:32:08,22A3B2AE571C8B552303
SMK NU PACE,20555647,SMK,Swasta,Kec. Pace,051405,Kab. Nganjuk,051400,Prov. Jawa Timur,050000,29,6,483,17,20,2,2,38,28 Apr 2026 10:18:29,35EA126368CEE47F861F
SD NEGERI 1 BAGORKULON,20537695,SD,Negeri,Kec. Bagor,051415,Kab. Nganjuk,051400,Prov. Jawa Timur,050000,7,2,92,6,6,0,1,20,05 Apr 2026 08:15:32,7432958502B6DB17CA1F
SD NEGERI 1 BALONGREJO,20537638,SD,Negeri,Kec. Bagor,051415,Kab. Nganjuk,051400,Prov. Jawa Timur,050000,7,3,70,6,6,1,1,14,03 Mar 2026 13:34:11,C1455C5025914F1B9C8C
SD NEGERI 1 BANARANKULON,20513997,SD,Negeri,Kec. Bagor,051415,Kab. Nganjuk,051400,Prov. Jawa Timur,050000,8,3,81,6,6,1,1,17,05 Apr 2026 01:03:23,F5E43729339D00BFA78F
SD NEGERI 1 BANARANWETAN,20537636,SD,Negeri,Kec. Bagor,051415,Kab. Nganjuk,051400,Prov. Jawa Timur,050000,13,3,186,10,10,2,1,22,28 Apr 2026 08:41:56,289EF2BCF0D0C97EB73A
SD NEGERI 1 BUDURAN,20537748,SD,Negeri,Kec. Bagor,051415,Kab. Nganjuk,051400,Prov. Jawa Timur,050000,7,3,52,6,6,0,0,20,24 Apr 2026 20:06:40,DAA0F4EB63E83B1B46AD
SD NEGERI 1 GIRIREJO,20537811,SD,Negeri,Kec. Bagor,051415,Kab. Nganjuk,051400,Prov. Jawa Timur,050000,8,3,186,9,6,0,1,25,29 Apr 2026 17:35:27,85D38DB9B245971EE445
SD NEGERI 1 KUTOREJO,20538018,SD,Negeri,Kec. Bagor,051415,Kab. Nganjuk,051400,Prov. Jawa Timur,050000,8,2,73,6,6,0,1,11,02 Apr 2026 21:11:25,96EE9E3B2DCCDA8DD44B
SD NEGERI 1 NGUMPUL,20537669,SD,Negeri,Kec. Bagor,051415,Kab. Nganjuk,051400,Prov. Jawa Timur,050000,7,1,65,6,7,0,0,16,23 Apr 2026 10:22:03,5A4CA1C835C76607F33C
SD NEGERI 1 SELOREJO,20537677,SD,Negeri,Kec. Bagor,051415,Kab. Nganjuk,051400,Prov. Jawa Timur,050000,8,2,94,6,7,0,1,10,04 Mar 2026 20:10:19,9F65539124359E8E95E3
SD NEGERI 2 BAGORKULON,20537698,SD,Negeri,Kec. Bagor,051415,Kab. Nganjuk,051400,Prov. Jawa Timur,050000,7,1,83,6,6,0,0,7,04 Apr 2026 05:02:45,1F1ECC4736747E9CE59D
SD NEGERI 2 BANARANKULON,20513998,SD,Negeri,Kec. Bagor,051415,Kab. Nganjuk,051400,Prov. Jawa Timur,050000,9,2,139,6,6,0,1,26,14 Apr 2026 07:40:53,1CA0495EDE38E3D2347A
SD NEGERI 2 BUDURAN,20537749,SD,Negeri,Kec. Bagor,051415,Kab. Nganjuk,051400,Prov. Jawa Timur,050000,7,3,64,6,6,0,0,15,16 Mar 2026 08:22:21,0174E82BFEB3FE5D7E01
SD NEGERI 2 NGUMPUL,20537667,SD,Negeri,Kec. Bagor,051415,Kab. Nganjuk,051400,Prov. Jawa Timur,050000,7,2,94,6,6,0,1,34,30 Apr 2026 10:31:12,F8F0234CAE132901326B
SD NEGERI 3 BAGORKULON,20537633,SD,Negeri,Kec. Bagor,051415,Kab. Nganjuk,051400,Prov. Jawa Timur,050000,7,1,57,6,6,0,1,14,04 Apr 2026 07:30:05,D5C4A2E6AD4DF8FC1740
SD NEGERI 3 BALONGREJO,20537747,SD,Negeri,Kec. Bagor,051415,Kab. Nganjuk,051400,Prov. Jawa Timur,050000,8,1,117,6,7,0,1,23,30 Apr 2026 09:06:07,8CE5BA65CF2FE22F50E5
SD NEGERI 3 BANARANKULON,20514001,SD,Negeri,Kec. Bagor,051415,Kab. Nganjuk,051400,Prov. Jawa Timur,050000,8,2,109,6,6,1,1,15,05 Apr 2026 09:51:09,FCA0E44C155D44B67FEC
SD NEGERI 3 BANARANWETAN,20513981,SD,Negeri,Kec. Bagor,051415,Kab. Nganjuk,051400,Prov. Jawa Timur,050000,6,2,54,6,6,0,1,1,04 Apr 2026 13:06:41,6EC4EFA9F95C45A0CD8A
SD NEGERI 3 NGUMPUL,20537668,SD,Negeri,Kec. Bagor,051415,Kab. Nganjuk,051400,Prov. Jawa Timur,050000,7,2,125,6,6,0,1,11,05 Apr 2026 20:56:32,A0DD26036BAE5C8A576F
SD NEGERI 3 SELOREJO,20537679,SD,Negeri,Kec. Bagor,051415,Kab. Nganjuk,051400,Prov. Jawa Timur,050000,8,3,149,6,6,0,0,14,17 Apr 2026 08:06:31,06DADF98B8879F3246D5
SD NEGERI GANDU,20537794,SD,Negeri,Kec. Bagor,051415,Kab. Nganjuk,051400,Prov. Jawa Timur,050000,10,2,136,6,7,0,1,23,08 Apr 2026 10:12:16,C76AA09C2A7B6C9E0C0E
SD NEGERI GEMENGGENG,20578023,SD,Negeri,Kec. Bagor,051415,Kab. Nganjuk,051400,Prov. Jawa Timur,050000,5,2,133,6,6,0,1,16,11 Apr 2026 12:19:04,3B392387CEE82433F79C
SD NEGERI GUYANGAN,20537823,SD,Negeri,Kec. Bagor,051415,Kab. Nganjuk,051400,Prov. Jawa Timur,050000,7,2,54,6,6,0,1,16,05 Apr 2026 23:50:01,4643A8BD920342DA79A1
SD NEGERI KARANGTENGAH,20537647,SD,Negeri,Kec. Bagor,051415,Kab. Nganjuk,051400,Prov. Jawa Timur,050000,8,4,73,6,6,0,1,1,07 Apr 2026 11:39:13,543BE26216C92C1B2228
SD NEGERI KEDONDONG,20537967,SD,Negeri,Kec. Bagor,051415,Kab. Nganjuk,051400,Prov. Jawa Timur,050000,7,4,74,6,6,0,1,27,02 Apr 2026 18:35:14,2B022530557012EEB1FC
SD NEGERI KENDALREJO,20537650,SD,Negeri,Kec. Bagor,051415,Kab. Nganjuk,051400,Prov. Jawa Timur,050000,7,1,85,6,6,0,1,11,02 May 2026 08:21:14,C2846F080A83991ED60D
SD NEGERI KEREPKIDUL,20537992,SD,Negeri,Kec. Bagor,051415,Kab. Nganjuk,051400,Prov. Jawa Timur,050000,6,0,145,6,6,0,1,16,03 Apr 2026 14:54:56,EEDF392599022823D5BB
SD NEGERI PARON,20538126,SD,Negeri,Kec. Bagor,051415,Kab. Nganjuk,051400,Prov. Jawa Timur,050000,8,3,135,6,6,0,1,48,04 Apr 2026 05:57:54,7F58EEA05EE6419D46AC
SD NEGERI PESUDUKUH,20538139,SD,Negeri,Kec. Bagor,051415,Kab. Nganjuk,051400,Prov. Jawa Timur,050000,7,2,95,6,6,0,0,16,02 May 2026 10:42:56,495EC41E28F3687477F0
SD NEGERI PETAK,20537671,SD,Negeri,Kec. Bagor,051415,Kab. Nganjuk,051400,Prov. Jawa Timur,050000,8,2,73,6,6,0,1,19,20 Apr 2026 10:05:21,01954091EB794ABED9A0
SD NEGERI SEKARPUTIH,20538185,SD,Negeri,Kec. Bagor,051415,Kab. Nganjuk,051400,Prov. Jawa Timur,050000,7,3,36,6,6,0,0,18,04 Apr 2026 14:38:23,1D463FB8E0E787650AD1
SD NEGERI SUGIHWARAS,20537682,SD,Negeri,Kec. Bagor,051415,Kab. Nganjuk,051400,Prov. Jawa Timur,050000,12,2,173,9,12,0,0,12,03 Apr 2026 21:44:27,9573740C9E3EBEFF0EE2
SDI BAITURRAHMAN BAGOR,69956587,SD,Swasta,Kec. Bagor,051415,Kab. Nganjuk,051400,Prov. Jawa Timur,050000,10,1,204,9,9,0,0,23,28 Mar 2026 10:19:34,C5B2191BD92C8CD8EC12
SMP NEGERI 1 BAGOR,20538357,SMP,Negeri,Kec. Bagor,051415,Kab. Nganjuk,051400,Prov. Jawa Timur,050000,40,9,850,27,27,5,2,43,14 Apr 2026 14:25:22,8BDFF2F5AD5ED2DF3C81
SMP NEGERI 3 BAGOR,20538380,SMP,Negeri,Kec. Bagor,051415,Kab. Nganjuk,051400,Prov. Jawa Timur,050000,9,5,218,8,10,2,1,19,25 Apr 2026 01:42:43,ED3CAE0DA9077AECE38F
SMK NEGERI 1 BAGOR NGANJUK,20538340,SMK,Negeri,Kec. Bagor,051415,Kab. Nganjuk,051400,Prov. Jawa Timur,050000,74,16,1359,39,37,6,1,79,30 Apr 2026 14:25:21,0A4AAC30E9FC87D8FDBB
SMK NEGERI 2 BAGOR NGANJUK,69727424,SMK,Negeri,Kec. Bagor,051415,Kab. Nganjuk,051400,Prov. Jawa Timur,050000,52,15,941,29,32,5,1,43,30 Apr 2026 10:21:08,7A413AC5860658E9D8AE
SMK AINUL YAQIN BAGOR,69918943,SMK,Swasta,Kec. Bagor,051415,Kab. Nganjuk,051400,Prov. Jawa Timur,050000,2,2,10,5,6,1,2,4,04 Apr 2026 08:57:34,D796DE3B12A7AF671A64
SD NEGERI 1 BARON,20537732,SD,Negeri,Kec. Baron,051411,Kab. Nganjuk,051400,Prov. Jawa Timur,050000,7,0,83,6,7,0,1,11,21 Apr 2026 16:12:48,E96E6951AF339D8256FA
SD NEGERI 1 GARU,20537799,SD,Negeri,Kec. Baron,051411,Kab. Nganjuk,051400,Prov. Jawa Timur,050000,7,2,27,6,6,0,0,18,02 May 2026 09:23:01,C1FCA767DCBE22B1841D
SD NEGERI 1 GEBANGKEREP,20513880,SD,Negeri,Kec. Baron,051411,Kab. Nganjuk,051400,Prov. Jawa Timur,050000,8,3,98,6,6,0,1,16,22 Apr 2026 19:54:00,E40D464E2D3D74FE1CA7
SD NEGERI 1 JAMBI,20537901,SD,Negeri,Kec. Baron,051411,Kab. Nganjuk,051400,Prov. Jawa Timur,050000,7,3,97,6,6,0,1,13,06 Apr 2026 10:07:38,BE39A63DC72B79F41611
SD NEGERI 1 JEKEK,20537918,SD,Negeri,Kec. Baron,051411,Kab. Nganjuk,051400,Prov. Jawa Timur,050000,7,2,92,6,6,0,0,24,02 May 2026 11:18:07,5DA1A76DE61BFFB4476E
SD NEGERI 1 KATERBAN,20537956,SD,Negeri,Kec. Baron,051411,Kab. Nganjuk,051400,Prov. Jawa Timur,050000,6,2,46,6,6,0,0,11,30 Apr 2026 09:13:41,1F516053C0E0F006167C
SD NEGERI 1 KEMADUH,20537984,SD,Negeri,Kec. Baron,051411,Kab. Nganjuk,051400,Prov. Jawa Timur,050000,7,2,116,6,6,0,0,10,06 Apr 2026 10:25:58,83E98CCD42511745E013
SD NEGERI 1 KEMLOKOLEGI,20512988,SD,Negeri,Kec. Baron,051411,Kab. Nganjuk,051400,Prov. Jawa Timur,050000,8,1,59,6,6,0,1,34,20 Apr 2026 08:15:28,3CE779AAC47C9F66D31C
SD NEGERI 1 MABUNG,20538029,SD,Negeri,Kec. Baron,051411,Kab. Nganjuk,051400,Prov. Jawa Timur,050000,9,2,144,6,12,1,2,12,27 Apr 2026 08:21:40,68CB8B56F08DBFAD1F36
SD NEGERI 1 SAMBIROTO,20513343,SD,Negeri,Kec. Baron,051411,Kab. Nganjuk,051400,Prov. Jawa Timur,050000,7,2,104,6,6,0,1,11,06 Apr 2026 08:22:07,1B096CFE178A4B552531
SD NEGERI 1 WAUNG,20538295,SD,Negeri,Kec. Baron,051411,Kab. Nganjuk,051400,Prov. Jawa Timur,050000,6,2,111,6,6,0,1,10,02 Apr 2026 11:41:17,5616FE3F0AAD880B17E6
SD NEGERI 2 BARON,20537728,SD,Negeri,Kec. Baron,051411,Kab. Nganjuk,051400,Prov. Jawa Timur,050000,7,2,32,6,6,0,1,9,02 Apr 2026 21:44:02,1D3909AA2150C33C7215
SD NEGERI 2 GEBANGKEREP,20537800,SD,Negeri,Kec. Baron,051411,Kab. Nganjuk,051400,Prov. Jawa Timur,050000,6,2,59,6,6,0,1,26,02 May 2026 09:12:32,DF2180596A648CDE6F73
SD NEGERI 2 JAMBI,20537900,SD,Negeri,Kec. Baron,051411,Kab. Nganjuk,051400,Prov. Jawa Timur,050000,6,1,56,6,6,0,0,11,23 Apr 2026 07:42:50,7D9D0AAFC81E4FD95F60
SD NEGERI 2 KATERBAN,20537957,SD,Negeri,Kec. Baron,051411,Kab. Nganjuk,051400,Prov. Jawa Timur,050000,7,1,102,6,6,0,1,9,07 Apr 2026 21:48:54,16F1D0001C8200E95062
SD NEGERI 2 KEMADUH,20512973,SD,Negeri,Kec. Baron,051411,Kab. Nganjuk,051400,Prov. Jawa Timur,050000,7,3,70,6,6,0,1,19,23 Apr 2026 09:45:48,357B8B8A821396BAFC3D
SD NEGERI 2 KEMLOKOLEGI,20537985,SD,Negeri,Kec. Baron,051411,Kab. Nganjuk,051400,Prov. Jawa Timur,050000,7,3,79,6,6,0,1,12,07 Apr 2026 07:48:23,B13E8BC3F302EA5FF700
SD NEGERI 2 MABUNG,20513058,SD,Negeri,Kec. Baron,051411,Kab. Nganjuk,051400,Prov. Jawa Timur,050000,7,2,173,7,6,0,0,12,02 Apr 2026 23:56:04,D85F7FF1BD41F40BB376
SD NEGERI 2 SAMBIROTO,20538172,SD,Negeri,Kec. Baron,051411,Kab. Nganjuk,051400,Prov. Jawa Timur,050000,8,1,60,6,6,0,0,10,17 Apr 2026 09:52:27,D1D30AE2623348B9EC3F
SD NEGERI 2 WAUNG,20513195,SD,Negeri,Kec. Baron,051411,Kab. Nganjuk,051400,Prov. Jawa Timur,050000,12,2,152,8,14,0,0,45,02 May 2026 12:48:20,12574CFD4EE14806E9AC
SD NEGERI 3 BARON,20537729,SD,Negeri,Kec. Baron,051411,Kab. Nganjuk,051400,Prov. Jawa Timur,050000,8,4,119,6,8,0,1,9,02 Mar 2026 09:45:45,A78A64F34444495C7FC4
SD NEGERI 3 GARU,20537798,SD,Negeri,Kec. Baron,051411,Kab. Nganjuk,051400,Prov. Jawa Timur,050000,7,1,13,5,6,0,0,11,11 Apr 2026 18:36:42,466385CC562CA5D9C340
SD NEGERI 3 JEKEK,20537917,SD,Negeri,Kec. Baron,051411,Kab. Nganjuk,051400,Prov. Jawa Timur,050000,7,1,123,6,7,0,1,11,30 Mar 2026 12:26:07,A7BF61B94E3169EF1A48
SD NEGERI 3 KATERBAN,20537958,SD,Negeri,Kec. Baron,051411,Kab. Nganjuk,051400,Prov. Jawa Timur,050000,8,1,43,6,6,0,1,10,02 May 2026 07:31:24,2AE6406BE106A7810857
SD NEGERI 3 KEMADUH,20537983,SD,Negeri,Kec. Baron,051411,Kab. Nganjuk,051400,Prov. Jawa Timur,050000,8,1,93,6,6,0,1,9,06 Apr 2026 10:06:13,6A02ACF4F99CB559E0C8
SD NEGERI 5 BARON,20537731,SD,Negeri,Kec. Baron,051411,Kab. Nganjuk,051400,Prov. Jawa Timur,050000,6,2,62,6,6,1,1,7,30 Apr 2026 21:47:30,9BCB5B5BCBEAB55ADCAB
SD NEGERI 5 KATERBAN,20537955,SD,Negeri,Kec. Baron,051411,Kab. Nganjuk,051400,Prov. Jawa Timur,050000,8,2,62,6,6,0,1,12,06 Apr 2026 08:07:13,7FBDADD10BA89F8A7218
SD ISLAM TERPADU AL FURQON,69934705,SD,Swasta,Kec. Baron,051411,Kab. Nganjuk,051400,Prov. Jawa Timur,050000,7,2,83,6,6,0,0,16,07 Mar 2026 08:08:10,15AA200349E0ACEBC243
SD VILLA QURAN,70030217,SD,Swasta,Kec. Baron,051411,Kab. Nganjuk,051400,Prov. Jawa Timur,050000,4,1,50,6,6,0,1,26,09 Apr 2026 11:51:26,DE1B0B56C0EDAF3FB61B
SDI DARUL FALAH,69979981,SD,Swasta,Kec. Baron,051411,Kab. Nganjuk,051400,Prov. Jawa Timur,050000,6,1,66,6,6,0,1,6,18 Apr 2026 09:54:48,CB2A635BC605BEEAEA1E
SMP NEGERI 1 BARON,20538305,SMP,Negeri,Kec. Baron,051411,Kab. Nganjuk,051400,Prov. Jawa Timur,050000,38,10,721,24,27,7,2,20,29 Apr 2026 18:24:56,75A1E5142C6BFE18F702
SMP NEGERI 2 BARON,20538308,SMP,Negeri,Kec. Baron,051411,Kab. Nganjuk,051400,Prov. Jawa Timur,050000,21,4,414,15,15,6,1,15,04 Mar 2026 08:41:27,8BECC2254451E35701A7
SMP BINA INSAN MANDIRI BARON,69775812,SMP,Swasta,Kec. Baron,051411,Kab. Nganjuk,051400,Prov. Jawa Timur,050000,16,2,236,9,11,3,1,18,01 May 2026 10:13:49,AEB4C23568B812F5B960
SMP ISLAM AL-FALAH,69933833,SMP,Swasta,Kec. Baron,051411,Kab. Nganjuk,051400,Prov. Jawa Timur,050000,5,1,96,3,4,1,1,31,20 Apr 2026 08:51:54,995C29F8E611FA7C0891
SMP Islam Terpadu Al Furqon,20576744,SMP,Swasta,Kec. Baron,051411,Kab. Nganjuk,051400,Prov. Jawa Timur,050000,6,1,79,3,3,0,1,12,10 Apr 2026 17:30:37,C87AD8EB072EA48D33C2
SMP MUHAMMADYAH 3 BARON,20538302,SMP,Swasta,Kec. Baron,051411,Kab. Nganjuk,051400,Prov. Jawa Timur,050000,4,2,36,3,3,0,1,7,08 Apr 2026 05:40:57,1AEB20F5F3FC389A45D4
SMA BINA INSAN MANDIRI,69880982,SMA,Swasta,Kec. Baron,051411,Kab. Nganjuk,051400,Prov. Jawa Timur,050000,12,2,234,8,9,3,1,9,30 Apr 2026 09:26:35,5C7F582BCC50BFEBDD34
SMK DARUL HIKAM,20577510,SMK,Swasta,Kec. Baron,051411,Kab. Nganjuk,051400,Prov. Jawa Timur,050000,10,1,99,9,9,1,2,22,10 Apr 2026 07:16:57,1A85EDDEB55A5B70767E
SMK HAMALATUL `ILMI,69988485,SMK,Swasta,Kec. Baron,051411,Kab. Nganjuk,051400,Prov. Jawa Timur,050000,8,2,44,3,3,1,1,14,30 Mar 2026 08:38:29,4B07BF8DE7A0D66AF408
SMK MUHAMMADIYAH 1 BARON,20513156,SMK,Swasta,Kec. Baron,051411,Kab. Nganjuk,051400,Prov. Jawa Timur,050000,5,2,28,3,3,1,1,16,20 Apr 2026 17:33:47,B6814226DD9AF1B23B70
SMKS AL KHOIRIYAH,20539814,SMK,Swasta,Kec. Baron,051411,Kab. Nganjuk,051400,Prov. Jawa Timur,050000,26,6,718,24,14,4,1,19,27 Apr 2026 11:37:52,059A21D60929E59BE286
SD NEGERI 1 BALONGGEBANG,20537705,SD,Negeri,Kec. Gondang,051412,Kab. Nganjuk,051400,Prov. Jawa Timur,050000,6,3,85,6,6,0,1,5,07 Apr 2026 20:02:11,AD4D557BCEE34A317367
SD NEGERI 1 CAMPUR,20537755,SD,Negeri,Kec. Gondang,051412,Kab. Nganjuk,051400,Prov. Jawa Timur,050000,7,2,123,6,6,0,1,9,02 Mar 2026 09:09:00,B09AF7D7B46801127139
SD NEGERI 1 GONDANGKULON,20537817,SD,Negeri,Kec. Gondang,051412,Kab. Nganjuk,051400,Prov. Jawa Timur,050000,6,3,144,6,6,0,1,14,03 Feb 2026 09:22:51,9576B7CBA9779D935C7D
SD NEGERI 1 JAAN,20537886,SD,Negeri,Kec. Gondang,051412,Kab. Nganjuk,051400,Prov. Jawa Timur,050000,6,4,123,6,6,0,1,10,09 Apr 2026 08:48:46,8DF499F011590A4AB529
SD NEGERI 1 KARANGSEMI,20537948,SD,Negeri,Kec. Gondang,051412,Kab. Nganjuk,051400,Prov. Jawa Timur,050000,5,1,100,6,6,0,0,38,23 Apr 2026 10:16:32,EA8B4C8138883C8F409C
SD NEGERI 1 KETAWANG,20537998,SD,Negeri,Kec. Gondang,051412,Kab. Nganjuk,051400,Prov. Jawa Timur,050000,7,2,123,6,6,0,2,7,04 Mar 2026 04:18:02,AA26A7AF9F41D081FB03
SD NEGERI 1 NGLINGGO,20538096,SD,Negeri,Kec. Gondang,051412,Kab. Nganjuk,051400,Prov. Jawa Timur,050000,7,2,187,6,9,0,0,19,28 Apr 2026 08:39:51,D8BC69D0CAA08090DEB6
SD NEGERI 1 NGUJUNG,20538114,SD,Negeri,Kec. Gondang,051412,Kab. Nganjuk,051400,Prov. Jawa Timur,050000,6,5,59,6,6,0,0,10,16 Apr 2026 10:02:51,F371D42F934E4234AC99
SD NEGERI 1 PANDEAN,20538125,SD,Negeri,Kec. Gondang,051412,Kab. Nganjuk,051400,Prov. Jawa Timur,050000,6,3,141,6,6,0,1,21,02 May 2026 09:09:00,A3CD419FA9197393CC00
SD NEGERI 1 SANGGRAHAN,20538175,SD,Negeri,Kec. Gondang,051412,Kab. Nganjuk,051400,Prov. Jawa Timur,050000,6,3,111,6,8,0,0,9,27 Mar 2026 11:06:29,394588E7E9E35F253270
SD NEGERI 1 SENGGOWAR,20538188,SD,Negeri,Kec. Gondang,051412,Kab. Nganjuk,051400,Prov. Jawa Timur,050000,7,1,87,6,6,0,1,7,29 Apr 2026 11:04:11,ACB8EF33B4A21B5FB985
SD NEGERI 1 SUMBERAGUNG,20538232,SD,Negeri,Kec. Gondang,051412,Kab. Nganjuk,051400,Prov. Jawa Timur,050000,6,3,106,6,6,0,1,15,04 Mar 2026 08:08:25,7996070E0F967C1E1A4D
SD NEGERI 1 SUMBERJO,20538235,SD,Negeri,Kec. Gondang,051412,Kab. Nganjuk,051400,Prov. Jawa Timur,050000,7,2,117,6,6,0,1,25,30 Apr 2026 18:42:48,DB2AF003099C21BA2F53
SD NEGERI 2 BALONGGEBANG,20537706,SD,Negeri,Kec. Gondang,051412,Kab. Nganjuk,051400,Prov. Jawa Timur,050000,8,1,166,6,6,0,1,12,04 Apr 2026 22:20:54,BA8DA309096D74DC998E
SD NEGERI 2 CAMPUR,20537756,SD,Negeri,Kec. Gondang,051412,Kab. Nganjuk,051400,Prov. Jawa Timur,050000,7,2,88,6,6,0,1,12,02 May 2026 08:47:58,3DFDE69C0752806C08FD
SD NEGERI 2 GONDANGKULON,20537818,SD,Negeri,Kec. Gondang,051412,Kab. Nganjuk,051400,Prov. Jawa Timur,050000,8,4,209,6,8,0,0,40,17 Apr 2026 14:50:04,68BB31FCAB022A5A64AA
SD NEGERI 2 JAAN,20537887,SD,Negeri,Kec. Gondang,051412,Kab. Nganjuk,051400,Prov. Jawa Timur,050000,6,1,97,6,7,0,1,13,30 Apr 2026 09:14:50,92E1DD51E2419CE0FEAC
SD NEGERI 2 KETAWANG,20538001,SD,Negeri,Kec. Gondang,051412,Kab. Nganjuk,051400,Prov. Jawa Timur,050000,5,1,41,6,6,0,1,4,02 Feb 2026 10:49:29,FBDEF3C5C2B7B67A6350
SD NEGERI 2 NGLINGGO,20538097,SD,Negeri,Kec. Gondang,051412,Kab. Nganjuk,051400,Prov. Jawa Timur,050000,7,2,155,6,6,0,1,16,12 Mar 2026 09:25:10,447BB1C421F0FC418FAF
SD NEGERI 2 NGUJUNG,20538115,SD,Negeri,Kec. Gondang,051412,Kab. Nganjuk,051400,Prov. Jawa Timur,050000,5,1,87,6,6,0,1,9,10 Apr 2026 19:15:49,235AAB08E76ACB6F5922
SD NEGERI 2 SUMBERJO,20538236,SD,Negeri,Kec. Gondang,051412,Kab. Nganjuk,051400,Prov. Jawa Timur,050000,8,1,94,6,6,0,0,11,06 Apr 2026 08:46:47,3ECB8BB56316C26180A7
SD NEGERI 3 BALONGGEBANG,20537707,SD,Negeri,Kec. Gondang,051412,Kab. Nganjuk,051400,Prov. Jawa Timur,050000,6,1,139,6,6,0,1,8,03 Mar 2026 16:30:14,4B59BD5D2C300D361DB7
SD NEGERI 3 CAMPUR,20537757,SD,Negeri,Kec. Gondang,051412,Kab. Nganjuk,051400,Prov. Jawa Timur,050000,4,1,40,6,6,0,1,10,07 Mar 2026 10:28:47,FDD8634CA94CEA4FE7EB
SD NEGERI 3 JAAN,20537889,SD,Negeri,Kec. Gondang,051412,Kab. Nganjuk,051400,Prov. Jawa Timur,050000,7,3,115,6,2,0,1,16,27 Apr 2026 08:34:49,69F8F18E053313A82DAC
SD NEGERI 3 KARANGSEMI,20537949,SD,Negeri,Kec. Gondang,051412,Kab. Nganjuk,051400,Prov. Jawa Timur,050000,7,2,52,6,6,0,1,13,06 Apr 2026 11:11:53,82FCEC56C046208B85CB
SD NEGERI 3 NGUJUNG,20538116,SD,Negeri,Kec. Gondang,051412,Kab. Nganjuk,051400,Prov. Jawa Timur,050000,5,2,73,6,6,0,0,9,09 Apr 2026 10:36:48,52AC48E5D899B0C1C6A6
SD NEGERI 3 SENGGOWAR,20538189,SD,Negeri,Kec. Gondang,051412,Kab. Nganjuk,051400,Prov. Jawa Timur,050000,6,2,48,6,6,0,0,9,07 Apr 2026 16:48:26,E935F2314564988CF84C
SD NEGERI 4 BALONGGEBANG,20537708,SD,Negeri,Kec. Gondang,051412,Kab. Nganjuk,051400,Prov. Jawa Timur,050000,8,2,111,6,6,0,1,62,30 Apr 2026 10:04:11,000F6D6A0EEEF2260FD2
SD NEGERI 4 CAMPUR,20537758,SD,Negeri,Kec. Gondang,051412,Kab. Nganjuk,051400,Prov. Jawa Timur,050000,7,2,65,6,6,0,0,5,05 Mar 2026 12:21:33,F675761178B05CFA469F
SD NEGERI KEDUNGGLUGU,20537968,SD,Negeri,Kec. Gondang,051412,Kab. Nganjuk,051400,Prov. Jawa Timur,050000,7,3,60,6,6,0,1,15,05 Apr 2026 20:36:29,A4356991A29EBE72B238
SD NEGERI MOJOSETO,20538060,SD,Negeri,Kec. Gondang,051412,Kab. Nganjuk,051400,Prov. Jawa Timur,050000,8,2,74,6,9,0,1,17,02 May 2026 09:51:20,7BFC874D97B28AAD7F61
SD NEGERI SENJAYAN,20538191,SD,Negeri,Kec. Gondang,051412,Kab. Nganjuk,051400,Prov. Jawa Timur,050000,7,3,72,6,6,0,1,8,30 Apr 2026 11:27:34,CF9B0F85119A0C159F2C
SD PLUS AN NAHDLAH,69727419,SD,Swasta,Kec. Gondang,051412,Kab. Nganjuk,051400,Prov. Jawa Timur,050000,19,3,330,15,16,0,2,36,27 Apr 2026 11:42:46,187D5B47C934F62783C4
SMP NEGERI 1 GONDANG,20538359,SMP,Negeri,Kec. Gondang,051412,Kab. Nganjuk,051400,Prov. Jawa Timur,050000,46,7,866,27,27,5,2,17,02 May 2026 08:48:53,7F3B65BB33FFA96F9D08
SMP NEGERI 2 GONDANG,20538309,SMP,Negeri,Kec. Gondang,051412,Kab. Nganjuk,051400,Prov. Jawa Timur,050000,35,5,555,19,20,6,2,18,19 Apr 2026 10:28:41,8A27DD4715B0F1B620EC
SMP Islam Plus An Nahdliyah Gobang,70028928,SMP,Swasta,Kec. Gondang,051412,Kab. Nganjuk,051400,Prov. Jawa Timur,050000,6,3,26,3,3,1,0,20,22 Apr 2026 09:40:51,9A6967E706F6EB624499
SMP Muhammadiyah 7 Gondang,20538356,SMP,Swasta,Kec. Gondang,051412,Kab. Nganjuk,051400,Prov. Jawa Timur,050000,6,1,9,3,3,0,0,16,22 Apr 2026 17:03:52,8F745D6AE079CDBDE689
SMP PLUS AN-NAHDLAH,70001531,SMP,Swasta,Kec. Gondang,051412,Kab. Nganjuk,051400,Prov. Jawa Timur,050000,9,1,66,3,6,2,1,28,23 Apr 2026 11:31:03,BFE2BBC4958DB6EEEC99
SMA NEGERI 1 GONDANG NGANJUK,20538393,SMA,Negeri,Kec. Gondang,051412,Kab. Nganjuk,051400,Prov. Jawa Timur,050000,47,16,936,27,27,4,1,44,14 Apr 2026 10:02:53,4C6B3EA37745529A25E1
SMAS PGRI GONDANG,20538390,SMA,Swasta,Kec. Gondang,051412,Kab. Nganjuk,051400,Prov. Jawa Timur,050000,4,2,65,3,5,1,1,33,20 Apr 2026 13:21:23,6D071EB2A7FCB599CA5F
SMK NEGERI 1 GONDANG NGANJUK,20513253,SMK,Negeri,Kec. Gondang,051412,Kab. Nganjuk,051400,Prov. Jawa Timur,050000,67,22,1439,42,42,10,1,24,17 Apr 2026 14:02:22,158455F1386C993F896D
SD NEGERI 1 BANJARSARI,20537723,SD,Negeri,Kec. Ngronggot,051408,Kab. Nganjuk,051400,Prov. Jawa Timur,050000,7,1,125,6,7,0,1,5,02 Mar 2026 09:05:39,FF8F7DE35BB1428AB034
SD NEGERI 1 BETET,20537742,SD,Negeri,Kec. Ngronggot,051408,Kab. Nganjuk,051400,Prov. Jawa Timur,050000,8,2,88,6,6,0,1,19,17 Apr 2026 16:50:38,50EE4214602012172340
SD NEGERI 1 CENGKOK,20537759,SD,Negeri,Kec. Ngronggot,051408,Kab. Nganjuk,051400,Prov. Jawa Timur,050000,8,1,92,6,6,0,1,17,27 Apr 2026 09:35:59,CE93E876F479351A1732
SD NEGERI 1 DADAPAN,20537765,SD,Negeri,Kec. Ngronggot,051408,Kab. Nganjuk,051400,Prov. Jawa Timur,050000,15,1,183,11,16,0,1,12,22 Apr 2026 09:12:23,7C52ECBE02866EE9712C
SD NEGERI 1 KALIANYAR,20537934,SD,Negeri,Kec. Ngronggot,051408,Kab. Nganjuk,051400,Prov. Jawa Timur,050000,6,2,89,6,7,0,0,34,04 Mar 2026 07:00:25,CEFA7EAAFB3CEFE7531C
SD NEGERI 1 KALORAN,20537937,SD,Negeri,Kec. Ngronggot,051408,Kab. Nganjuk,051400,Prov. Jawa Timur,050000,8,2,103,6,6,0,1,6,17 Apr 2026 20:35:17,89A239AE17A5D506C375
SD NEGERI 1 KELUTAN,20537980,SD,Negeri,Kec. Ngronggot,051408,Kab. Nganjuk,051400,Prov. Jawa Timur,050000,7,4,45,6,6,0,0,33,18 Apr 2026 08:15:51,04D81708765E0BF17DBF
SD NEGERI 1 KLURAHAN,20538004,SD,Negeri,Kec. Ngronggot,051408,Kab. Nganjuk,051400,Prov. Jawa Timur,050000,13,2,170,9,12,0,1,15,13 Apr 2026 08:43:50,2320B9308C7D7AE2DF32
SD NEGERI 1 MOJOKENDIL,20538055,SD,Negeri,Kec. Ngronggot,051408,Kab. Nganjuk,051400,Prov. Jawa Timur,050000,15,3,295,13,18,0,1,12,28 Apr 2026 07:31:22,9F65A679AA1E5234E7C0
SD NEGERI 1 NGRONGGOT,20538107,SD,Negeri,Kec. Ngronggot,051408,Kab. Nganjuk,051400,Prov. Jawa Timur,050000,16,4,242,12,16,0,1,17,29 Apr 2026 09:10:18,F1AA0747FC0ACE315E28
SD NEGERI 1 TANJUNGKALANG,20538256,SD,Negeri,Kec. Ngronggot,051408,Kab. Nganjuk,051400,Prov. Jawa Timur,050000,13,2,224,12,12,0,2,45,10 Apr 2026 02:23:36,6745A116798C71AFEF47
SD NEGERI 1 TRAYANG,20538280,SD,Negeri,Kec. Ngronggot,051408,Kab. Nganjuk,051400,Prov. Jawa Timur,050000,7,3,41,6,6,0,1,17,09 Apr 2026 16:36:08,0C217F55471795C2F4AD
SD NEGERI 2 BANJARSARI,20537724,SD,Negeri,Kec. Ngronggot,051408,Kab. Nganjuk,051400,Prov. Jawa Timur,050000,8,1,81,6,6,0,1,8,02 Apr 2026 19:30:12,3038832164FACC938B9A
SD NEGERI 2 BETET,20537743,SD,Negeri,Kec. Ngronggot,051408,Kab. Nganjuk,051400,Prov. Jawa Timur,050000,8,1,74,6,6,1,1,25,30 Apr 2026 11:12:12,8C8DF458EB2FAD1F12F3
SD NEGERI 2 KALIANYAR,20537936,SD,Negeri,Kec. Ngronggot,051408,Kab. Nganjuk,051400,Prov. Jawa Timur,050000,6,1,72,6,6,0,1,10,08 Apr 2026 09:19:31,36FE039DF06CD8B83325
SD NEGERI 2 KALORAN,20537938,SD,Negeri,Kec. Ngronggot,051408,Kab. Nganjuk,051400,Prov. Jawa Timur,050000,8,2,121,6,6,0,1,8,08 Apr 2026 08:41:08,E5B5D3CE922AACCDD9E4
SD NEGERI 2 KELUTAN,20537981,SD,Negeri,Kec. Ngronggot,051408,Kab. Nganjuk,051400,Prov. Jawa Timur,050000,7,2,60,6,6,0,0,13,05 Apr 2026 22:24:13,BCF86FA10ED3D8285135
SD NEGERI 2 TRAYANG,20538281,SD,Negeri,Kec. Ngronggot,051408,Kab. Nganjuk,051400,Prov. Jawa Timur,050000,6,3,152,6,6,0,1,27,02 Mar 2026 08:14:21,4099A9D443AE5C9BE3BE
SD NEGERI 3 CENGKOK,20537761,SD,Negeri,Kec. Ngronggot,051408,Kab. Nganjuk,051400,Prov. Jawa Timur,050000,8,3,41,6,6,0,1,16,07 Apr 2026 00:14:52,A425EC5547F505DE507C
SD NEGERI 3 KELUTAN,20537982,SD,Negeri,Kec. Ngronggot,051408,Kab. Nganjuk,051400,Prov. Jawa Timur,050000,9,1,61,6,6,1,1,13,23 Apr 2026 11:03:58,C1ED23B91C6FA5C4DFF2
SD NEGERI 3 KLURAHAN,20538006,SD,Negeri,Kec. Ngronggot,051408,Kab. Nganjuk,051400,Prov. Jawa Timur,050000,7,2,93,6,6,0,0,4,02 Feb 2026 13:04:48,447DB85E5549B449AC0B
SD NEGERI 4 KLURAHAN,20538007,SD,Negeri,Kec. Ngronggot,051408,Kab. Nganjuk,051400,Prov. Jawa Timur,050000,8,2,113,6,5,0,0,11,02 May 2026 09:24:25,33032EADF72A3DBC82AF
SD NEGERI 4 NGRONGGOT,20538110,SD,Negeri,Kec. Ngronggot,051408,Kab. Nganjuk,051400,Prov. Jawa Timur,050000,6,2,49,6,6,0,0,21,03 Apr 2026 19:03:19,F1007C52FB3371F4DE95
SD NEGERI 5 NGRONGGOT,20538112,SD,Negeri,Kec. Ngronggot,051408,Kab. Nganjuk,051400,Prov. Jawa Timur,050000,8,1,131,6,6,1,1,10,28 Apr 2026 11:44:19,66965579BD7EF175438D
SD NEGERI 5 TANJUNGKALANG,20538259,SD,Negeri,Kec. Ngronggot,051408,Kab. Nganjuk,051400,Prov. Jawa Timur,050000,8,3,71,6,6,0,1,9,04 Apr 2026 07:24:54,47B2FB7FBE9C57B34648
SD NEGERI 6 TANJUNGKALANG,20538260,SD,Negeri,Kec. Ngronggot,051408,Kab. Nganjuk,051400,Prov. Jawa Timur,050000,7,3,130,6,6,0,1,9,30 Apr 2026 07:58:19,D8BD3A0780CC6B002ED5
SD NEGERI JUWET,20537931,SD,Negeri,Kec. Ngronggot,051408,Kab. Nganjuk,051400,Prov. Jawa Timur,050000,8,1,112,6,7,0,1,19,15 Apr 2026 19:29:27,7A93A8C00469FB00CE86
SDI Plus Ulul Albab,69991991,SD,Swasta,Kec. Ngronggot,051408,Kab. Nganjuk,051400,Prov. Jawa Timur,050000,6,1,49,5,5,0,1,24,21 Apr 2026 18:33:07,91CF2B18193F1A7A197D
SMP NEGERI 1 NGRONGGOT,20513239,SMP,Negeri,Kec. Ngronggot,051408,Kab. Nganjuk,051400,Prov. Jawa Timur,050000,40,5,803,27,27,6,1,14,02 May 2026 10:26:50,F0A6B7D1AABB99C25B22
SMP NEGERI 2 NGRONGGOT,20538312,SMP,Negeri,Kec. Ngronggot,051408,Kab. Nganjuk,051400,Prov. Jawa Timur,050000,14,5,126,5,10,6,1,23,02 May 2026 10:56:07,D37806B5EE650A7A7DB8
SMP NEGERI 3 NGRONGGOT,69727395,SMP,Negeri,Kec. Ngronggot,051408,Kab. Nganjuk,051400,Prov. Jawa Timur,050000,27,7,498,17,13,4,1,25,29 Apr 2026 18:35:10,10D2623A0934EC194DD5
SMP ISLAM ULUL ALBAB,20536947,SMP,Swasta,Kec. Ngronggot,051408,Kab. Nganjuk,051400,Prov. Jawa Timur,050000,7,1,70,3,6,2,1,19,28 Apr 2026 08:31:11,3677CA4624A0B5819179
SMA NEGERI 1 NGRONGGOT NGANJUK,20539811,SMA,Negeri,Kec. Ngronggot,051408,Kab. Nganjuk,051400,Prov. Jawa Timur,050000,50,16,830,24,24,4,1,1,29 Apr 2026 10:36:46,928865735E6E39EF49F9
SMK AL KHIDMAH NGRONGGOT,20570617,SMK,Swasta,Kec. Ngronggot,051408,Kab. Nganjuk,051400,Prov. Jawa Timur,050000,7,1,76,3,3,1,1,12,11 Apr 2026 16:54:32,BB7E24021C3E9C23C602
SMK BHAKTI NORMA HUSADA,69954457,SMK,Swasta,Kec. Ngronggot,051408,Kab. Nganjuk,051400,Prov. Jawa Timur,050000,37,11,321,11,15,1,1,21,03 Mar 2026 09:16:18,BEEA175095BD516E8716
SMK ISLAM ULUL ALBAB NGRONGGOT,20539815,SMK,Swasta,Kec. Ngronggot,051408,Kab. Nganjuk,051400,Prov. Jawa Timur,050000,16,3,81,9,9,3,1,20,02 May 2026 07:06:01,97AFDE3FBCF8259F0445
SD NEGERI 1 BABADAN,20537691,SD,Negeri,Kec. Patianrowo,051410,Kab. Nganjuk,051400,Prov. Jawa Timur,050000,5,2,159,6,6,0,1,18,05 Feb 2026 23:13:13,B23997CCBCBBC13D2B46
SD NEGERI 1 BUKUR,20537750,SD,Negeri,Kec. Patianrowo,051410,Kab. Nganjuk,051400,Prov. Jawa Timur,050000,7,2,101,6,6,1,1,14,06 Apr 2026 03:10:18,95B81CBC69D952475777
SD NEGERI 1 LESTARI,20513064,SD,Negeri,Kec. Patianrowo,051410,Kab. Nganjuk,051400,Prov. Jawa Timur,050000,8,2,69,6,6,0,1,9,02 Mar 2026 09:08:15,7EB4FF6F3CF1A88AE7BF
SD NEGERI 1 NGEPUNG,20538080,SD,Negeri,Kec. Patianrowo,051410,Kab. Nganjuk,051400,Prov. Jawa Timur,050000,6,3,164,6,6,0,1,24,02 May 2026 07:52:54,4C1D66A36A951550C2B8
SD NEGERI 1 NGROMBOT,20512946,SD,Negeri,Kec. Patianrowo,051410,Kab. Nganjuk,051400,Prov. Jawa Timur,050000,5,5,90,6,6,1,1,14,04 Apr 2026 15:46:34,29EA666126B4F95273A8
SD NEGERI 1 PATIANROWO,20538127,SD,Negeri,Kec. Patianrowo,051410,Kab. Nganjuk,051400,Prov. Jawa Timur,050000,7,2,64,6,6,0,1,16,22 Apr 2026 16:37:08,E6021847D85CDF6FA28D
SD NEGERI 1 PECUK,20512913,SD,Negeri,Kec. Patianrowo,051410,Kab. Nganjuk,051400,Prov. Jawa Timur,050000,6,2,66,6,6,0,1,17,27 Apr 2026 13:47:13,D851A30B0E9FD9CFCD18
SD NEGERI 1 PISANG,20538141,SD,Negeri,Kec. Patianrowo,051410,Kab. Nganjuk,051400,Prov. Jawa Timur,050000,7,1,48,6,6,0,0,23,29 Apr 2026 14:12:53,2DD451D55507CE6CDEDF
SD NEGERI 1 ROWOMARTO,20538164,SD,Negeri,Kec. Patianrowo,051410,Kab. Nganjuk,051400,Prov. Jawa Timur,050000,5,1,110,6,6,0,0,9,06 Mar 2026 08:02:58,3CF6BDF557D6ED98F934
SD NEGERI 1 TIRTOBINANGUN,20538277,SD,Negeri,Kec. Patianrowo,051410,Kab. Nganjuk,051400,Prov. Jawa Timur,050000,7,2,46,6,6,0,0,22,08 Apr 2026 21:13:54,2677281F9B9A6A44FF3D
SD NEGERI 2 NGEPUNG,20538081,SD,Negeri,Kec. Patianrowo,051410,Kab. Nganjuk,051400,Prov. Jawa Timur,050000,6,1,94,6,6,1,1,24,04 Apr 2026 07:32:35,1D0757A2D3A0E34268DF
SD NEGERI 2 NGROMBOT,20538106,SD,Negeri,Kec. Patianrowo,051410,Kab. Nganjuk,051400,Prov. Jawa Timur,050000,8,1,114,6,6,0,0,21,28 Apr 2026 19:47:22,28B2F940F2C7611F62D5
SD NEGERI 2 PATIANROWO,20538128,SD,Negeri,Kec. Patianrowo,051410,Kab. Nganjuk,051400,Prov. Jawa Timur,050000,7,3,144,6,6,0,1,33,11 Apr 2026 07:01:19,88A1685EF46008F554DA
SD NEGERI 2 PECUK,20512912,SD,Negeri,Kec. Patianrowo,051410,Kab. Nganjuk,051400,Prov. Jawa Timur,050000,6,2,53,6,6,0,1,9,07 Apr 2026 08:26:44,A83A5F5651FA861F2771
SD NEGERI 2 PISANG,20538142,SD,Negeri,Kec. Patianrowo,051410,Kab. Nganjuk,051400,Prov. Jawa Timur,050000,6,4,92,6,6,0,1,4,06 Mar 2026 09:30:26,542AE3593C95D929234A
SD NEGERI 2 ROWOMARTO,20538165,SD,Negeri,Kec. Patianrowo,051410,Kab. Nganjuk,051400,Prov. Jawa Timur,050000,7,3,73,6,6,0,1,10,05 Apr 2026 22:52:47,6520C924D3220EFD6B65
SD NEGERI 2 TIRTOBINANGUN,20538278,SD,Negeri,Kec. Patianrowo,051410,Kab. Nganjuk,051400,Prov. Jawa Timur,050000,7,3,75,6,6,0,1,13,06 Apr 2026 06:55:49,D6AFFF892FC39D084276
SD NEGERI 3 BABADAN,20537692,SD,Negeri,Kec. Patianrowo,051410,Kab. Nganjuk,051400,Prov. Jawa Timur,050000,8,2,57,6,6,0,0,20,06 Mar 2026 09:17:42,457A015AB2E860A2B98B
SD NEGERI 3 BUKUR,20537752,SD,Negeri,Kec. Patianrowo,051410,Kab. Nganjuk,051400,Prov. Jawa Timur,050000,9,3,146,7,9,1,1,9,10 Apr 2026 08:27:00,7C98BA4C018FA8B65A80
SD NEGERI 3 NGEPUNG,20538082,SD,Negeri,Kec. Patianrowo,051410,Kab. Nganjuk,051400,Prov. Jawa Timur,050000,7,0,63,6,6,0,1,14,21 Apr 2026 22:42:08,4D0A5488196BCE167430
SD NEGERI 3 PECUK,20512911,SD,Negeri,Kec. Patianrowo,051410,Kab. Nganjuk,051400,Prov. Jawa Timur,050000,7,1,47,6,6,0,1,12,02 May 2026 09:46:44,E51383B4BE33695924D9
SD NEGERI 3 PISANG,20538143,SD,Negeri,Kec. Patianrowo,051410,Kab. Nganjuk,051400,Prov. Jawa Timur,050000,6,3,54,6,6,0,1,26,30 Apr 2026 20:46:24,AC00602C6225F6901CCB
SD NEGERI 3 TIRTOBINANGUN,20513175,SD,Negeri,Kec. Patianrowo,051410,Kab. Nganjuk,051400,Prov. Jawa Timur,050000,7,2,86,6,6,0,1,7,04 Apr 2026 13:22:52,1A962594AE3DD011E024
SD NEGERI 4 BABADAN,20537693,SD,Negeri,Kec. Patianrowo,051410,Kab. Nganjuk,051400,Prov. Jawa Timur,050000,7,1,54,6,6,1,1,11,06 Apr 2026 03:26:31,67FB7C547CBB7068E4AB
SD NEGERI 4 ROWOMARTO,20513321,SD,Negeri,Kec. Patianrowo,051410,Kab. Nganjuk,051400,Prov. Jawa Timur,050000,5,2,64,6,6,0,1,20,04 Apr 2026 10:52:43,CB362EEA87DD599FBC3E
SD NEGERI 4 TIRTOBINANGUN,20538279,SD,Negeri,Kec. Patianrowo,051410,Kab. Nganjuk,051400,Prov. Jawa Timur,050000,5,5,66,6,6,0,0,15,30 Apr 2026 19:20:33,4795C19FE8D6CFE5380B
SD NEGERI 6 BABADAN,20537694,SD,Negeri,Kec. Patianrowo,051410,Kab. Nganjuk,051400,Prov. Jawa Timur,050000,5,2,32,6,6,0,0,17,02 Mar 2026 20:37:57,3647516B6CE7663FCBB2
SMP NEGERI 1 PATIANROWO,20538368,SMP,Negeri,Kec. Patianrowo,051410,Kab. Nganjuk,051400,Prov. Jawa Timur,050000,37,6,761,24,25,5,2,51,02 May 2026 08:59:29,BBECD72EBB9B40B2E0EE
SMP NEGERI 2 PATIANROWO,20538378,SMP,Negeri,Kec. Patianrowo,051410,Kab. Nganjuk,051400,Prov. Jawa Timur,050000,19,5,292,10,18,1,1,24,28 Apr 2026 09:54:55,9B1AD24B625CC3096C6D
SMP ISLAM TERPADU AL QOMAR,20536948,SMP,Swasta,Kec. Patianrowo,051410,Kab. Nganjuk,051400,Prov. Jawa Timur,050000,7,2,47,3,6,2,0,13,17 Apr 2026 20:24:32,822B74BC2E0E55F5C75E
SMP SAINS AL QURAN RAHMATAN LIL ALAMIN,70055866,SMP,Swasta,Kec. Patianrowo,051410,Kab. Nganjuk,051400,Prov. Jawa Timur,050000,0,0,0,0,0,0,0,0,,60F06E628E9EE19552F9
SMA NEGERI 1 PATIANROWO NGANJUK,20538324,SMA,Negeri,Kec. Patianrowo,051410,Kab. Nganjuk,051400,Prov. Jawa Timur,050000,45,13,1119,32,34,6,1,48,27 Apr 2026 14:30:40,C05D62FBDF916365A0A6
SMK ISLAM AL QOMAR,69888527,SMK,Swasta,Kec. Patianrowo,051410,Kab. Nganjuk,051400,Prov. Jawa Timur,050000,9,1,38,6,6,2,1,20,23 Apr 2026 14:26:33,F50167C64FBB18632F66
SD NEGERI 1 BERBEK,20537741,SD,Negeri,Kec. Berbek,051403,Kab. Nganjuk,051400,Prov. Jawa Timur,050000,11,4,236,10,9,0,1,31,15 Apr 2026 08:13:38,37245F71D86C485251EE
SD NEGERI 1 MLILIR,20538048,SD,Negeri,Kec. Berbek,051403,Kab. Nganjuk,051400,Prov. Jawa Timur,050000,7,1,126,6,7,0,1,12,29 Apr 2026 09:58:17,10ECD85751A773A25248
SD NEGERI 1 NGRAWAN,20538101,SD,Negeri,Kec. Berbek,051403,Kab. Nganjuk,051400,Prov. Jawa Timur,050000,7,2,98,6,6,1,1,11,01 May 2026 19:33:27,F8D7CC91148180A72CC9
SD NEGERI 1 SALAMROJO,20538167,SD,Negeri,Kec. Berbek,051403,Kab. Nganjuk,051400,Prov. Jawa Timur,050000,8,2,97,6,6,0,1,11,27 Apr 2026 09:43:27,FE7AD15FF9C981E634E2
SD NEGERI 1 SEMARE,20538186,SD,Negeri,Kec. Berbek,051403,Kab. Nganjuk,051400,Prov. Jawa Timur,050000,7,2,56,6,6,0,0,14,02 May 2026 08:52:45,4A9B25C888E83AB997BE
SD NEGERI 1 SUMBERURIP,20538245,SD,Negeri,Kec. Berbek,051403,Kab. Nganjuk,051400,Prov. Jawa Timur,050000,13,3,173,9,10,0,1,14,30 Apr 2026 18:25:37,C9DC141ED38FD681F08E
SD NEGERI 1 SUMBERWINDU,20538246,SD,Negeri,Kec. Berbek,051403,Kab. Nganjuk,051400,Prov. Jawa Timur,050000,8,1,90,6,6,0,1,5,03 Mar 2026 07:32:45,D99F5B7E12EF37B00782
SD NEGERI 1 TIRIPAN,20538276,SD,Negeri,Kec. Berbek,051403,Kab. Nganjuk,051400,Prov. Jawa Timur,050000,8,3,130,7,8,0,1,13,04 Mar 2026 12:15:49,FB7FA86F50C4BA62B429
SD NEGERI 2 BERBEK,20537637,SD,Negeri,Kec. Berbek,051403,Kab. Nganjuk,051400,Prov. Jawa Timur,050000,7,2,25,6,6,0,0,11,13 Apr 2026 08:04:43,AB1869EC9509871F6179
SD NEGERI 2 BULU,20537826,SD,Negeri,Kec. Berbek,051403,Kab. Nganjuk,051400,Prov. Jawa Timur,050000,14,2,207,11,12,0,1,15,29 Apr 2026 18:28:18,0514948FD494958CBDC0
SD NEGERI 2 MLILIR,20537660,SD,Negeri,Kec. Berbek,051403,Kab. Nganjuk,051400,Prov. Jawa Timur,050000,7,3,79,6,5,0,0,14,27 Apr 2026 18:53:43,D9AB11EB81E534847910
SD NEGERI 2 NGRAWAN,20537663,SD,Negeri,Kec. Berbek,051403,Kab. Nganjuk,051400,Prov. Jawa Timur,050000,8,2,48,6,7,0,0,21,22 Apr 2026 13:16:16,55ABFD509C7005552D9B
SD NEGERI 2 SALAMROJO,20537870,SD,Negeri,Kec. Berbek,051403,Kab. Nganjuk,051400,Prov. Jawa Timur,050000,6,1,32,6,6,0,0,28,29 Apr 2026 09:12:56,5C31DCE45FBE43966333
SD NEGERI 2 SEMARE,20537872,SD,Negeri,Kec. Berbek,051403,Kab. Nganjuk,051400,Prov. Jawa Timur,050000,8,3,109,6,6,0,1,22,28 Apr 2026 11:30:19,6FB63F150BFF798243F9
SD NEGERI 2 SUMBERWINDU,20537880,SD,Negeri,Kec. Berbek,051403,Kab. Nganjuk,051400,Prov. Jawa Timur,050000,7,2,62,6,6,1,1,8,01 May 2026 15:10:28,1CEC86F915F85446B579
SD NEGERI 2 TIRIPAN,20537885,SD,Negeri,Kec. Berbek,051403,Kab. Nganjuk,051400,Prov. Jawa Timur,050000,8,2,81,6,6,1,1,10,16 Mar 2026 12:39:55,4472AC05B9112473F196
SD NEGERI 3 BERBEK,20537824,SD,Negeri,Kec. Berbek,051403,Kab. Nganjuk,051400,Prov. Jawa Timur,050000,7,2,94,6,6,0,1,18,02 May 2026 08:28:19,2F5F585DD65372B3A99A
SD NEGERI 3 SUMBERURIP,20537878,SD,Negeri,Kec. Berbek,051403,Kab. Nganjuk,051400,Prov. Jawa Timur,050000,8,2,45,6,6,0,0,19,24 Apr 2026 07:36:30,8F107112C94C6E88BA9B
SD NEGERI 4 BERBEK,20537825,SD,Negeri,Kec. Berbek,051403,Kab. Nganjuk,051400,Prov. Jawa Timur,050000,8,1,64,6,6,0,1,18,27 Apr 2026 19:16:27,E0FD5BE8254AA4E41F1F
SD NEGERI 4 SUMBERURIP,20537879,SD,Negeri,Kec. Berbek,051403,Kab. Nganjuk,051400,Prov. Jawa Timur,050000,6,1,99,6,6,0,0,9,07 Feb 2026 14:56:41,433D649FAA25F025C521
SD NEGERI BALONGREJO,20537711,SD,Negeri,Kec. Berbek,051403,Kab. Nganjuk,051400,Prov. Jawa Timur,050000,12,4,215,11,12,1,1,19,25 Apr 2026 22:57:08,E685D8ADAFD2518CB35C
SD NEGERI BENDUNGREJO,20537740,SD,Negeri,Kec. Berbek,051403,Kab. Nganjuk,051400,Prov. Jawa Timur,050000,6,4,89,6,6,0,1,36,29 Apr 2026 23:54:30,BE3A3C9C9BCFFCA13BE0
SD NEGERI CEPOKO,20537762,SD,Negeri,Kec. Berbek,051403,Kab. Nganjuk,051400,Prov. Jawa Timur,050000,6,2,70,6,6,0,1,1,03 Mar 2026 13:36:20,18FBAF46E28E50A45B64
SD NEGERI GROJOGAN,20537822,SD,Negeri,Kec. Berbek,051403,Kab. Nganjuk,051400,Prov. Jawa Timur,050000,10,2,149,8,12,0,1,14,13 Apr 2026 08:41:43,F49A60012CD1274F575F
SD NEGERI KACANGAN,20537933,SD,Negeri,Kec. Berbek,051403,Kab. Nganjuk,051400,Prov. Jawa Timur,050000,7,2,72,6,6,1,1,11,05 Apr 2026 23:14:27,4D4CDD48D71AAA43BC6F
SD NEGERI MAGUAN,20538033,SD,Negeri,Kec. Berbek,051403,Kab. Nganjuk,051400,Prov. Jawa Timur,050000,9,3,151,7,12,0,0,19,10 Apr 2026 13:04:15,E6D5674A8D616F19428D
SD NEGERI PATRANREJO,20538130,SD,Negeri,Kec. Berbek,051403,Kab. Nganjuk,051400,Prov. Jawa Timur,050000,7,4,117,6,6,0,0,11,26 Apr 2026 11:40:27,8F816131B912B8C4E376
SD NEGERI SENDANGBUMEN,20538187,SD,Negeri,Kec. Berbek,051403,Kab. Nganjuk,051400,Prov. Jawa Timur,050000,15,2,220,11,13,0,1,14,01 Apr 2026 05:48:35,78FAA8757F17EB6F04F0
SD NEGERI SENGKUT,20538190,SD,Negeri,Kec. Berbek,051403,Kab. Nganjuk,051400,Prov. Jawa Timur,050000,9,4,101,6,6,0,1,7,02 Apr 2026 20:31:48,D26C66B275543FE381F2
SD NEGERI SONOPATIK,20538212,SD,Negeri,Kec. Berbek,051403,Kab. Nganjuk,051400,Prov. Jawa Timur,050000,10,3,148,7,11,0,1,12,16 Apr 2026 10:38:30,BCE4D5F0FCE6151E5A5B
SD Islam Plus MIFTAHUL HUDA,70031209,SD,Swasta,Kec. Berbek,051403,Kab. Nganjuk,051400,Prov. Jawa Timur,050000,7,2,91,6,6,0,1,21,21 Apr 2026 12:41:44,1E29F0EF415EB7177ED2
SMP NEGERI 1 BERBEK,20538358,SMP,Negeri,Kec. Berbek,051403,Kab. Nganjuk,051400,Prov. Jawa Timur,050000,39,9,869,27,27,4,1,60,30 Apr 2026 17:40:57,3A18EF525BB17DEFBB76
SMP NEGERI 2 BERBEK,20538374,SMP,Negeri,Kec. Berbek,051403,Kab. Nganjuk,051400,Prov. Jawa Timur,050000,15,7,347,12,25,5,2,53,28 Apr 2026 11:43:48,55A9116A592DB2C441A9
SMP NU MIFTAHUL JANNAH,69978351,SMP,Swasta,Kec. Berbek,051403,Kab. Nganjuk,051400,Prov. Jawa Timur,050000,6,1,63,3,3,0,0,14,10 Apr 2026 20:32:05,8FD6AC202B756E972B42
SMP PROGRESIF BAITUL ATIEQ,69978314,SMP,Swasta,Kec. Berbek,051403,Kab. Nganjuk,051400,Prov. Jawa Timur,050000,7,2,52,3,3,0,1,18,24 Apr 2026 21:48:53,9559D9E5C43CDAE08E4A
SMA NEGERI 1 BERBEK NGANJUK,20538330,SMA,Negeri,Kec. Berbek,051403,Kab. Nganjuk,051400,Prov. Jawa Timur,050000,47,14,815,24,25,7,1,25,17 Apr 2026 09:56:00,DB82FE9C4736ED7EACDE
SMK MUHAMMADIYAH 1 BERBEK,20538335,SMK,Swasta,Kec. Berbek,051403,Kab. Nganjuk,051400,Prov. Jawa Timur,050000,8,2,171,9,7,1,1,39,02 May 2026 07:45:09,5E20C3ADFCCE033B895C
SMKS BAITUL ATIEQ,20557253,SMK,Swasta,Kec. Berbek,051403,Kab. Nganjuk,051400,Prov. Jawa Timur,050000,16,1,180,9,10,1,0,20,20 Apr 2026 10:49:08,A4B94A19E66479173235
SD NEGERI 1 BAGORWETAN,20537696,SD,Negeri,Kec. Sukomoro,051413,Kab. Nganjuk,051400,Prov. Jawa Timur,050000,7,3,101,6,6,0,1,22,28 Apr 2026 10:11:50,019F92E883C060CC3BA2
SD NEGERI 1 KAPAS,20537944,SD,Negeri,Kec. Sukomoro,051413,Kab. Nganjuk,051400,Prov. Jawa Timur,050000,8,3,131,6,6,0,1,32,02 Apr 2026 22:17:37,9BE3BD182BE06769D93E
SD NEGERI 1 NGLUNDO,20512845,SD,Negeri,Kec. Sukomoro,051413,Kab. Nganjuk,051400,Prov. Jawa Timur,050000,6,2,78,6,7,0,0,12,22 Apr 2026 13:19:27,5E43D6029CFE1F785EB6
SD NEGERI 1 NGRAMI,20538100,SD,Negeri,Kec. Sukomoro,051413,Kab. Nganjuk,051400,Prov. Jawa Timur,050000,7,3,103,6,6,0,0,17,05 Apr 2026 10:48:00,D539077B819BA5D936E7
SD NEGERI 1 NGRENGKET,20538102,SD,Negeri,Kec. Sukomoro,051413,Kab. Nganjuk,051400,Prov. Jawa Timur,050000,6,2,73,6,6,1,1,12,30 Apr 2026 12:08:54,05D74F7A2A080B400EED
SD NEGERI 1 PEHSERUT,20538134,SD,Negeri,Kec. Sukomoro,051413,Kab. Nganjuk,051400,Prov. Jawa Timur,050000,8,2,86,6,6,0,1,12,14 Apr 2026 19:45:30,C782C91DBF4FD77981AF
SD NEGERI 1 PUTREN,20538156,SD,Negeri,Kec. Sukomoro,051413,Kab. Nganjuk,051400,Prov. Jawa Timur,050000,8,2,95,6,6,0,1,10,03 Mar 2026 11:06:19,23E5E0A5B0AA83AEEF33
SD NEGERI 1 SUKOMORO,20538227,SD,Negeri,Kec. Sukomoro,051413,Kab. Nganjuk,051400,Prov. Jawa Timur,050000,8,2,89,6,6,0,1,19,17 Apr 2026 15:04:45,97159549B7B3AFD16ECC
SD NEGERI 1 SUMENGKO,20538247,SD,Negeri,Kec. Sukomoro,051413,Kab. Nganjuk,051400,Prov. Jawa Timur,050000,7,3,86,6,6,0,1,15,02 May 2026 08:22:44,77AA4B33282A7E9C8E93
SD NEGERI 2 BAGORWETAN,20537697,SD,Negeri,Kec. Sukomoro,051413,Kab. Nganjuk,051400,Prov. Jawa Timur,050000,7,1,125,6,6,0,1,12,05 Apr 2026 06:16:48,B816B278C1976C3E43DA
SD NEGERI 2 BLITARAN,20513810,SD,Negeri,Kec. Sukomoro,051413,Kab. Nganjuk,051400,Prov. Jawa Timur,050000,6,3,111,6,8,0,0,14,17 Mar 2026 09:31:41,76B992939FD3CEF194D0
SD NEGERI 2 BUNGUR,20537754,SD,Negeri,Kec. Sukomoro,051413,Kab. Nganjuk,051400,Prov. Jawa Timur,050000,7,2,165,6,6,0,1,11,06 Mar 2026 22:26:26,425BB05B44B0BAC2EF45
SD NEGERI 2 KAPAS,20537945,SD,Negeri,Kec. Sukomoro,051413,Kab. Nganjuk,051400,Prov. Jawa Timur,050000,8,3,41,6,6,0,0,18,30 Apr 2026 11:32:03,DE5777BF379DBB4C6337
SD NEGERI 2 KEDUNGSOKO,20537979,SD,Negeri,Kec. Sukomoro,051413,Kab. Nganjuk,051400,Prov. Jawa Timur,050000,8,3,90,6,7,0,1,8,30 Apr 2026 12:15:17,B94B8DB41F2611DE1A3C
SD NEGERI 2 NGLUNDO,20512844,SD,Negeri,Kec. Sukomoro,051413,Kab. Nganjuk,051400,Prov. Jawa Timur,050000,6,2,75,6,7,0,0,7,06 Apr 2026 20:46:07,C8E552F9B4A434D882BA
SD NEGERI 2 NGRAMI,20512840,SD,Negeri,Kec. Sukomoro,051413,Kab. Nganjuk,051400,Prov. Jawa Timur,050000,7,2,135,6,6,0,0,39,01 May 2026 18:40:47,D39AFBACB2A99437C64B
SD NEGERI 2 NGRENGKET,20512950,SD,Negeri,Kec. Sukomoro,051413,Kab. Nganjuk,051400,Prov. Jawa Timur,050000,8,2,138,6,6,0,1,23,03 Mar 2026 12:49:32,DA9EB482855975A08BE8
SD NEGERI 2 PEHSERUT,20512909,SD,Negeri,Kec. Sukomoro,051413,Kab. Nganjuk,051400,Prov. Jawa Timur,050000,8,2,98,6,6,0,0,12,04 Apr 2026 10:30:38,B277816A142549923E84
SD NEGERI 2 PUTREN,20512918,SD,Negeri,Kec. Sukomoro,051413,Kab. Nganjuk,051400,Prov. Jawa Timur,050000,7,2,74,6,6,0,0,9,03 Mar 2026 11:50:15,85F31530F2EE9F88FADD
SD NEGERI 3 BUNGUR,20513814,SD,Negeri,Kec. Sukomoro,051413,Kab. Nganjuk,051400,Prov. Jawa Timur,050000,7,4,49,6,6,0,1,16,10 Apr 2026 18:11:55,B5DE8361E80BF366E911
SD NEGERI 3 KAPAS,20537946,SD,Negeri,Kec. Sukomoro,051413,Kab. Nganjuk,051400,Prov. Jawa Timur,050000,8,2,122,6,6,0,1,11,14 Mar 2026 07:57:51,AF505B72376E808BDFE7
SD NEGERI 3 PUTREN,20538157,SD,Negeri,Kec. Sukomoro,051413,Kab. Nganjuk,051400,Prov. Jawa Timur,050000,7,2,144,6,6,0,0,32,01 May 2026 09:06:28,79EB003C15470A58C422
SD NEGERI 3 SUKOMORO,20538228,SD,Negeri,Kec. Sukomoro,051413,Kab. Nganjuk,051400,Prov. Jawa Timur,050000,8,3,56,6,7,1,1,14,05 Apr 2026 19:21:29,4E8085245F889A0B2949
SD NEGERI 3 SUMENGKO,20538249,SD,Negeri,Kec. Sukomoro,051413,Kab. Nganjuk,051400,Prov. Jawa Timur,050000,6,3,32,5,6,0,1,7,02 Mar 2026 10:54:18,47257584F8B8D0A0792B
SD NEGERI 4 KAPAS,20537947,SD,Negeri,Kec. Sukomoro,051413,Kab. Nganjuk,051400,Prov. Jawa Timur,050000,8,2,49,6,6,0,1,43,17 Apr 2026 07:30:22,47FC29D5E6750817A076
SD NEGERI 4 SUMENGKO,20538250,SD,Negeri,Kec. Sukomoro,051413,Kab. Nganjuk,051400,Prov. Jawa Timur,050000,9,2,175,7,9,0,1,18,14 Apr 2026 09:20:41,7246A161F07EF54A5C2C
SD ISLAM AZ-ZAKARIYA,70051549,SD,Swasta,Kec. Sukomoro,051413,Kab. Nganjuk,051400,Prov. Jawa Timur,050000,2,2,26,2,4,0,0,42,24 Apr 2026 07:51:26,2E4C28C74F184DA2F7F1
SMP NEGERI 1 SUKOMORO,20538370,SMP,Negeri,Kec. Sukomoro,051413,Kab. Nganjuk,051400,Prov. Jawa Timur,050000,33,7,868,27,28,2,2,17,01 May 2026 21:32:27,E35B71FFCCFF9DFAC2F6
SMP Islam Hamalatul Quran,70013472,SMP,Swasta,Kec. Sukomoro,051413,Kab. Nganjuk,051400,Prov. Jawa Timur,050000,4,2,51,3,3,2,1,39,29 Apr 2026 08:47:51,F97ACA4FFD5B08CC7248
SMP TAULADAN PLUS,20513258,SMP,Swasta,Kec. Sukomoro,051413,Kab. Nganjuk,051400,Prov. Jawa Timur,050000,9,2,45,3,4,3,1,8,13 Feb 2026 08:21:24,49D6B7136426F3B4C875
SMA NEGERI 1 SUKOMORO NGANJUK,20538328,SMA,Negeri,Kec. Sukomoro,051413,Kab. Nganjuk,051400,Prov. Jawa Timur,050000,46,12,919,27,27,4,1,25,24 Apr 2026 08:07:47,51AF9CCDE5A142D140AB
SMK HAQ,70035390,SMK,Swasta,Kec. Sukomoro,051413,Kab. Nganjuk,051400,Prov. Jawa Timur,050000,5,1,52,3,3,0,0,30,22 Apr 2026 15:36:09,3168C6647732F628D27A
SD NEGERI 1 BARENG,20537725,SD,Negeri,Kec. Sawahan,051401,Kab. Nganjuk,051400,Prov. Jawa Timur,050000,6,2,143,6,6,0,1,19,05 Apr 2026 22:07:33,08832D29BB3F0AEDC6D7
SD NEGERI 1 DUREN,20537786,SD,Negeri,Kec. Sawahan,051401,Kab. Nganjuk,051400,Prov. Jawa Timur,050000,5,1,140,6,6,0,1,7,06 Apr 2026 08:09:45,8ADB13ACB010515E8657
SD NEGERI 1 MARGOPATUT,20538038,SD,Negeri,Kec. Sawahan,051401,Kab. Nganjuk,051400,Prov. Jawa Timur,050000,8,3,161,6,8,0,1,21,02 May 2026 09:06:25,EE9BD88D4AB362D000D7
SD NEGERI 1 NGLIMAN,20538093,SD,Negeri,Kec. Sawahan,051401,Kab. Nganjuk,051400,Prov. Jawa Timur,050000,6,2,113,6,6,0,1,12,02 Apr 2026 05:05:59,69B62E437B2669E1731B
SD NEGERI 1 SAWAHAN,20538180,SD,Negeri,Kec. Sawahan,051401,Kab. Nganjuk,051400,Prov. Jawa Timur,050000,7,2,124,6,6,0,1,9,06 Apr 2026 08:25:55,B5EEAF675DC3B9138A97
SD NEGERI 1 SIDOREJO,20538198,SD,Negeri,Kec. Sawahan,051401,Kab. Nganjuk,051400,Prov. Jawa Timur,050000,3,3,24,6,6,0,0,10,22 Apr 2026 11:25:03,A7B976F31D69AB51C76A
SD NEGERI 1 SIWALAN,20538202,SD,Negeri,Kec. Sawahan,051401,Kab. Nganjuk,051400,Prov. Jawa Timur,050000,6,2,103,6,6,0,0,39,30 Apr 2026 08:12:47,05711C956649A4673FB3
SD NEGERI 2 DUREN,20537787,SD,Negeri,Kec. Sawahan,051401,Kab. Nganjuk,051400,Prov. Jawa Timur,050000,6,2,53,6,6,0,0,27,08 Apr 2026 21:27:36,D7BA535BCDD20BAFD37A
SD NEGERI 2 KEBONAGUNG,20537961,SD,Negeri,Kec. Sawahan,051401,Kab. Nganjuk,051400,Prov. Jawa Timur,050000,6,2,178,6,6,0,1,12,23 Apr 2026 10:28:24,7FC72045FD292FE91B85
SD NEGERI 2 MARGOPATUT,20538039,SD,Negeri,Kec. Sawahan,051401,Kab. Nganjuk,051400,Prov. Jawa Timur,050000,5,2,63,6,6,0,1,7,03 Mar 2026 10:31:58,0B6CEDD9CDCAEDBA9C8E
SD NEGERI 2 NGLIMAN,20538094,SD,Negeri,Kec. Sawahan,051401,Kab. Nganjuk,051400,Prov. Jawa Timur,050000,7,2,169,6,6,1,1,15,01 May 2026 04:16:26,197F52A32859FE3924F2
SD NEGERI 2 SAWAHAN,20538181,SD,Negeri,Kec. Sawahan,051401,Kab. Nganjuk,051400,Prov. Jawa Timur,050000,6,1,103,6,6,0,1,22,02 May 2026 08:15:45,7054EB4A959CA48A1AF8
SD NEGERI 2 SIDOREJO,20538199,SD,Negeri,Kec. Sawahan,051401,Kab. Nganjuk,051400,Prov. Jawa Timur,050000,5,2,85,6,7,0,1,12,29 Apr 2026 09:26:04,FAA7570071C8F96FA94B
SD NEGERI 2 SIWALAN,20538203,SD,Negeri,Kec. Sawahan,051401,Kab. Nganjuk,051400,Prov. Jawa Timur,050000,4,2,25,6,3,0,0,6,04 Apr 2026 08:04:22,1A92D365ACF0520CE00B
SD NEGERI 3 BARENG,20537726,SD,Negeri,Kec. Sawahan,051401,Kab. Nganjuk,051400,Prov. Jawa Timur,050000,7,1,86,6,6,0,1,7,04 Apr 2026 18:15:19,DC657423E114B7D9E434
SD NEGERI 3 DUREN,20537788,SD,Negeri,Kec. Sawahan,051401,Kab. Nganjuk,051400,Prov. Jawa Timur,050000,6,2,58,6,6,0,0,14,02 May 2026 08:55:14,54E2ADAB55D1DA59A4EE
SD NEGERI 3 KEBONAGUNG,20537962,SD,Negeri,Kec. Sawahan,051401,Kab. Nganjuk,051400,Prov. Jawa Timur,050000,5,2,20,6,6,0,0,12,05 Apr 2026 11:43:19,C18603423CEFFBD2890E
SD NEGERI 3 MARGOPATUT,20538040,SD,Negeri,Kec. Sawahan,051401,Kab. Nganjuk,051400,Prov. Jawa Timur,050000,8,2,65,6,6,0,1,10,09 Apr 2026 09:40:46,949361EDEC3F6220EB80
SD NEGERI 3 SAWAHAN,20538182,SD,Negeri,Kec. Sawahan,051401,Kab. Nganjuk,051400,Prov. Jawa Timur,050000,6,2,102,6,6,0,1,19,02 Apr 2026 16:44:09,88B52FE0897EB4B575DA
SD NEGERI 4 BARENG,20537727,SD,Negeri,Kec. Sawahan,051401,Kab. Nganjuk,051400,Prov. Jawa Timur,050000,4,1,59,6,6,0,1,10,14 Apr 2026 09:48:01,BD90CA4E95699D2E8B4C
SD NEGERI 4 DUREN,20537790,SD,Negeri,Kec. Sawahan,051401,Kab. Nganjuk,051400,Prov. Jawa Timur,050000,5,1,30,6,3,0,0,11,04 Apr 2026 09:15:38,EBE190FA3930EC774CF7
SD NEGERI 4 KEBONAGUNG,20537963,SD,Negeri,Kec. Sawahan,051401,Kab. Nganjuk,051400,Prov. Jawa Timur,050000,6,1,36,6,6,0,1,11,04 Apr 2026 08:53:23,0C7B857188C909A7B1BF
SD NEGERI 4 MARGOPATUT,20538041,SD,Negeri,Kec. Sawahan,051401,Kab. Nganjuk,051400,Prov. Jawa Timur,050000,5,2,28,6,6,0,0,17,09 Apr 2026 12:30:06,210F89F3E44FB5236980
SD NEGERI 4 SAWAHAN,20538183,SD,Negeri,Kec. Sawahan,051401,Kab. Nganjuk,051400,Prov. Jawa Timur,050000,4,0,47,6,10,0,0,15,30 Apr 2026 14:00:13,636AAD36FB455D3CB9C9
SD NEGERI 5 DUREN,20537791,SD,Negeri,Kec. Sawahan,051401,Kab. Nganjuk,051400,Prov. Jawa Timur,050000,6,2,54,6,3,0,1,11,03 Apr 2026 05:01:01,7D8BB385BD53A4DF2B64
SD NEGERI 5 KEBONAGUNG,20537964,SD,Negeri,Kec. Sawahan,051401,Kab. Nganjuk,051400,Prov. Jawa Timur,050000,6,2,49,6,6,0,0,18,05 Apr 2026 06:13:54,482ACB946C145FE71AA6
SD NEGERI 6 MARGOPATUT,20538043,SD,Negeri,Kec. Sawahan,051401,Kab. Nganjuk,051400,Prov. Jawa Timur,050000,3,1,20,6,3,0,0,10,04 Apr 2026 09:07:41,30BE0B1C7B59F20D139F
SD NEGERI 7 MARGOPATUT,20538044,SD,Negeri,Kec. Sawahan,051401,Kab. Nganjuk,051400,Prov. Jawa Timur,050000,4,1,72,6,6,0,0,10,04 Apr 2026 21:57:22,3F79B44BBFB1E0DB67C9
SD NEGERI 8 MARGOPATUT,20538045,SD,Negeri,Kec. Sawahan,051401,Kab. Nganjuk,051400,Prov. Jawa Timur,050000,7,2,25,6,3,0,0,21,14 Apr 2026 08:50:43,378DB198C3A14103AD73
SD NEGERI BENDOLO,20537739,SD,Negeri,Kec. Sawahan,051401,Kab. Nganjuk,051400,Prov. Jawa Timur,050000,7,1,85,6,6,0,0,12,04 Apr 2026 09:19:46,68F7545C0401258D7D12
SDIT Al Haromain,69990900,SD,Swasta,Kec. Sawahan,051401,Kab. Nganjuk,051400,Prov. Jawa Timur,050000,5,2,128,6,6,0,1,10,29 Apr 2026 11:22:58,A1F6394E3647415B12C2
SMP NEGERI 1 SAWAHAN,20538307,SMP,Negeri,Kec. Sawahan,051401,Kab. Nganjuk,051400,Prov. Jawa Timur,050000,34,10,680,23,24,4,2,27,25 Apr 2026 23:02:43,300D416C1A2181E5F758
SMP NEGERI 2 SAWAHAN,20513235,SMP,Negeri,Kec. Sawahan,051401,Kab. Nganjuk,051400,Prov. Jawa Timur,050000,8,4,77,3,6,1,1,20,06 Apr 2026 12:02:17,A4C2E8C8318AF2C49B36
SMP NEGERI SATU ATAP SAWAHAN,20583985,SMP,Negeri,Kec. Sawahan,051401,Kab. Nganjuk,051400,Prov. Jawa Timur,050000,10,4,31,3,3,1,1,21,02 May 2026 09:22:16,5C01816B26F1EEC565E1
SMP IT Baitul Quran,70004739,SMP,Swasta,Kec. Sawahan,051401,Kab. Nganjuk,051400,Prov. Jawa Timur,050000,6,1,47,3,4,0,0,7,29 Jan 2026 22:12:04,D2125A9BA5024F78064A
SMP Wahidiyah Sawahan,20575420,SMP,Swasta,Kec. Sawahan,051401,Kab. Nganjuk,051400,Prov. Jawa Timur,050000,5,1,31,3,3,1,1,12,13 Apr 2026 14:51:57,CAE357B96CBE3C3307A2
SMK BAQU,70023534,SMK,Swasta,Kec. Sawahan,051401,Kab. Nganjuk,051400,Prov. Jawa Timur,050000,8,3,49,3,3,1,1,16,27 Apr 2026 11:29:04,CC730EBBD6F6A6C82603
SMK Dr. WAHIDIN,20577378,SMK,Swasta,Kec. Sawahan,051401,Kab. Nganjuk,051400,Prov. Jawa Timur,050000,15,7,248,10,9,0,1,42,22 Apr 2026 10:07:31,D5070F21D1B83DFC17E2
SD NEGERI 1 KEPEL,20537991,SD,Negeri,Kec. Ngetos,051402,Kab. Nganjuk,051400,Prov. Jawa Timur,050000,6,2,97,6,6,0,0,11,23 Apr 2026 12:32:09,B4B70517B7B5F28ED600
SD NEGERI 1 KLODAN,20538003,SD,Negeri,Kec. Ngetos,051402,Kab. Nganjuk,051400,Prov. Jawa Timur,050000,7,2,115,6,6,0,0,7,02 Mar 2026 09:07:33,E2D631543EAB699C7B2F
SD NEGERI 1 KUNCIR,20538010,SD,Negeri,Kec. Ngetos,051402,Kab. Nganjuk,051400,Prov. Jawa Timur,050000,5,2,34,6,6,0,0,13,13 Apr 2026 18:36:30,53F3955892585E95B4D0
SD NEGERI 1 MOJODUWUR,20538054,SD,Negeri,Kec. Ngetos,051402,Kab. Nganjuk,051400,Prov. Jawa Timur,050000,6,2,101,6,5,0,1,23,11 Apr 2026 08:19:43,87B57F0D4E81BFCEAC71
SD NEGERI 1 NGETOS,20538086,SD,Negeri,Kec. Ngetos,051402,Kab. Nganjuk,051400,Prov. Jawa Timur,050000,5,4,130,6,6,0,1,20,02 Apr 2026 05:34:44,233F2458B92DAB3D3B36
SD NEGERI 1 SURU,20538251,SD,Negeri,Kec. Ngetos,051402,Kab. Nganjuk,051400,Prov. Jawa Timur,050000,6,3,146,6,6,0,1,11,02 Apr 2026 05:22:02,EE2FDDA7ED30B9690DF4
SD NEGERI 2 KEPEL,20537843,SD,Negeri,Kec. Ngetos,051402,Kab. Nganjuk,051400,Prov. Jawa Timur,050000,6,2,164,6,6,0,1,19,18 Apr 2026 12:10:55,555865930B3E0A9B45C1
SD NEGERI 2 KLODAN,20537652,SD,Negeri,Kec. Ngetos,051402,Kab. Nganjuk,051400,Prov. Jawa Timur,050000,5,2,90,6,8,0,0,17,10 Apr 2026 04:00:44,1E75E13D122E33B6826D
SD NEGERI 2 MOJODUWUR,20537859,SD,Negeri,Kec. Ngetos,051402,Kab. Nganjuk,051400,Prov. Jawa Timur,050000,5,1,187,6,6,1,1,20,29 Apr 2026 19:32:19,DA71E030FF9E034A5857
SD NEGERI 2 NGETOS,20537662,SD,Negeri,Kec. Ngetos,051402,Kab. Nganjuk,051400,Prov. Jawa Timur,050000,6,3,82,6,5,0,0,10,05 Apr 2026 21:01:56,111F68C2D01FB04054A8
SD NEGERI 2 SURU,20538252,SD,Negeri,Kec. Ngetos,051402,Kab. Nganjuk,051400,Prov. Jawa Timur,050000,5,2,86,6,6,0,1,18,04 Apr 2026 09:30:11,DCD4B79388AE3B8FD243
SD NEGERI 3 KEPEL,20537844,SD,Negeri,Kec. Ngetos,051402,Kab. Nganjuk,051400,Prov. Jawa Timur,050000,7,2,85,6,6,0,1,16,06 Apr 2026 08:39:32,8467735AAB1A3E4F7F15
SD NEGERI 3 KLODAN,20537848,SD,Negeri,Kec. Ngetos,051402,Kab. Nganjuk,051400,Prov. Jawa Timur,050000,8,2,212,6,6,0,1,13,07 Apr 2026 05:01:29,71915AFBD61670EE06BE
SD NEGERI 3 KUNCIR,20537853,SD,Negeri,Kec. Ngetos,051402,Kab. Nganjuk,051400,Prov. Jawa Timur,050000,8,2,106,6,6,1,1,19,04 Apr 2026 09:11:39,093ADDFFEF98DF664321
SD NEGERI 3 NGETOS,20537864,SD,Negeri,Kec. Ngetos,051402,Kab. Nganjuk,051400,Prov. Jawa Timur,050000,6,2,111,6,6,0,1,11,02 May 2026 10:18:20,DBD8C2056C77B7C47A02
SD NEGERI 3 SURU,20537881,SD,Negeri,Kec. Ngetos,051402,Kab. Nganjuk,051400,Prov. Jawa Timur,050000,5,3,107,6,6,0,1,12,02 May 2026 09:21:14,4AD9DC654A17419322F6
SD NEGERI 4 KEPEL,20537845,SD,Negeri,Kec. Ngetos,051402,Kab. Nganjuk,051400,Prov. Jawa Timur,050000,6,2,99,6,6,1,1,6,03 Mar 2026 10:07:31,482236B5428389937E88
SD NEGERI 4 KLODAN,20537849,SD,Negeri,Kec. Ngetos,051402,Kab. Nganjuk,051400,Prov. Jawa Timur,050000,6,1,64,6,6,0,0,11,02 May 2026 10:48:56,233E46B075EE1E977577
SD NEGERI 4 KUNCIR,20513121,SD,Negeri,Kec. Ngetos,051402,Kab. Nganjuk,051400,Prov. Jawa Timur,050000,7,2,52,6,6,1,1,12,02 Apr 2026 03:59:43,20C1D8DD60ECF1F3E76A
SD NEGERI 4 NGETOS,20537865,SD,Negeri,Kec. Ngetos,051402,Kab. Nganjuk,051400,Prov. Jawa Timur,050000,7,1,21,6,6,0,0,13,09 Apr 2026 05:43:05,CF2F19E1C3AAACA63EAF
SD NEGERI 5 KLODAN,20537827,SD,Negeri,Kec. Ngetos,051402,Kab. Nganjuk,051400,Prov. Jawa Timur,050000,7,2,133,6,6,1,1,16,02 May 2026 09:26:52,0EAA29E0619508405E52
SD NEGERI 5 NGETOS,20537866,SD,Negeri,Kec. Ngetos,051402,Kab. Nganjuk,051400,Prov. Jawa Timur,050000,6,1,88,6,6,0,1,8,02 Apr 2026 04:12:59,13E4078623C87C4398C0
SD NEGERI 6 KLODAN,20537850,SD,Negeri,Kec. Ngetos,051402,Kab. Nganjuk,051400,Prov. Jawa Timur,050000,3,2,36,6,3,0,0,10,14 Apr 2026 22:01:09,922B183B24A4A469F3CB
SD NEGERI 6 NGETOS,20537867,SD,Negeri,Kec. Ngetos,051402,Kab. Nganjuk,051400,Prov. Jawa Timur,050000,7,2,65,6,6,0,1,9,24 Apr 2026 18:37:03,9068117FAE2FC07E48EF
SD NEGERI 7 KLODAN,20537851,SD,Negeri,Kec. Ngetos,051402,Kab. Nganjuk,051400,Prov. Jawa Timur,050000,4,3,60,6,6,0,0,10,08 Apr 2026 03:04:58,4525930F6E0B06B246B0
SD NEGERI KWEDEN,20537854,SD,Negeri,Kec. Ngetos,051402,Kab. Nganjuk,051400,Prov. Jawa Timur,050000,6,1,83,6,7,0,0,19,02 May 2026 14:27:12,F85EBF58FBBBA10ACFD1
SDIT ULUL ALBAB,69987112,SD,Swasta,Kec. Ngetos,051402,Kab. Nganjuk,051400,Prov. Jawa Timur,050000,6,2,66,6,6,0,1,19,30 Apr 2026 12:59:59,0522487E7787EDD36633
SMP NEGERI 1 NGETOS,20538365,SMP,Negeri,Kec. Ngetos,051402,Kab. Nganjuk,051400,Prov. Jawa Timur,050000,16,7,301,11,17,4,1,17,25 Apr 2026 08:59:40,62A34653DC14331821EE
SMP NEGERI 2 NGETOS,20538377,SMP,Negeri,Kec. Ngetos,051402,Kab. Nganjuk,051400,Prov. Jawa Timur,050000,18,6,260,9,12,3,1,17,04 Apr 2026 08:15:09,1A97DC4B5F04D5AACCAE
SMP NEGERI SATU ATAP NGETOS,20539802,SMP,Negeri,Kec. Ngetos,051402,Kab. Nganjuk,051400,Prov. Jawa Timur,050000,12,4,93,3,3,1,1,20,30 Apr 2026 11:52:15,8262E894763BB0F1D007
SMKS AL AMIN NGETOS,69727391,SMK,Swasta,Kec. Ngetos,051402,Kab. Nganjuk,051400,Prov. Jawa Timur,050000,6,2,73,6,6,2,1,5,10 Feb 2026 10:03:13,F60539E5E6A5CB35B00E
SMKS PGRI NGETOS,69759303,SMK,Swasta,Kec. Ngetos,051402,Kab. Nganjuk,051400,Prov. Jawa Timur,050000,7,1,159,5,7,2,1,10,09 Apr 2026 01:41:51,56C75B9B757257BF3425
SD NEGERI 1 KETANDAN,20537994,SD,Negeri,Kec. Lengkong,051419,Kab. Nganjuk,051400,Prov. Jawa Timur,050000,8,2,118,6,11,0,0,21,06 Mar 2026 09:06:16,088493A303F48690403B
SD NEGERI 1 LENGKONG,20538021,SD,Negeri,Kec. Lengkong,051419,Kab. Nganjuk,051400,Prov. Jawa Timur,050000,10,3,188,8,8,0,1,18,21 Apr 2026 18:26:06,90D0ADB5B3A8ED050F0E
SD NEGERI 1 NGEPUNG,20538079,SD,Negeri,Kec. Lengkong,051419,Kab. Nganjuk,051400,Prov. Jawa Timur,050000,6,3,42,6,5,0,1,9,10 Apr 2026 09:06:57,C8D8F995D326CDBB2F00
SD NEGERI 1 NGRINGIN,20538103,SD,Negeri,Kec. Lengkong,051419,Kab. Nganjuk,051400,Prov. Jawa Timur,050000,7,2,97,6,6,0,1,25,25 Mar 2026 21:52:31,A886B37005E44B1E1182
SD NEGERI 1 PRAYUNGAN,20538150,SD,Negeri,Kec. Lengkong,051419,Kab. Nganjuk,051400,Prov. Jawa Timur,050000,8,1,76,6,6,1,1,11,20 Apr 2026 08:47:43,AE2F1263ACAC69F6A730
SD NEGERI 1 SAWAHAN,20538178,SD,Negeri,Kec. Lengkong,051419,Kab. Nganjuk,051400,Prov. Jawa Timur,050000,8,3,102,6,6,0,1,13,21 Apr 2026 10:13:41,5AF73DFF3326874EA89F
SD NEGERI 2 JATIPUNGGUR,20537911,SD,Negeri,Kec. Lengkong,051419,Kab. Nganjuk,051400,Prov. Jawa Timur,050000,8,2,64,6,6,0,1,19,05 Apr 2026 21:05:26,6DD5B6BDE96E9D43728B
SD NEGERI 2 LENGKONG,20538022,SD,Negeri,Kec. Lengkong,051419,Kab. Nganjuk,051400,Prov. Jawa Timur,050000,5,2,115,6,6,0,0,26,15 Apr 2026 12:13:40,FD8B0A18CC1DAF4175C5
SD NEGERI 2 NGEPUNG,20545355,SD,Negeri,Kec. Lengkong,051419,Kab. Nganjuk,051400,Prov. Jawa Timur,050000,4,3,89,6,6,0,0,19,07 Mar 2026 09:15:11,9615FF1FA04627D24C1E
SD NEGERI 2 NGRINGIN,20538104,SD,Negeri,Kec. Lengkong,051419,Kab. Nganjuk,051400,Prov. Jawa Timur,050000,5,2,55,6,6,0,0,12,02 May 2026 08:40:20,C319C930ECE22F32258A
SD NEGERI 2 PRAYUNGAN,20538151,SD,Negeri,Kec. Lengkong,051419,Kab. Nganjuk,051400,Prov. Jawa Timur,050000,5,1,74,6,6,0,1,9,04 Apr 2026 08:29:38,38BBB14E6E30D676ADD7
SD NEGERI 2 SAWAHAN,20538179,SD,Negeri,Kec. Lengkong,051419,Kab. Nganjuk,051400,Prov. Jawa Timur,050000,5,4,56,6,6,0,1,16,30 Apr 2026 09:15:34,C53658D472E8B415D4AD
SD NEGERI 3 KETANDAN,20537996,SD,Negeri,Kec. Lengkong,051419,Kab. Nganjuk,051400,Prov. Jawa Timur,050000,7,2,111,6,6,0,0,13,06 Apr 2026 08:52:24,5A92A5CBCAF16DB485A8
SD NEGERI 3 LENGKONG,20538023,SD,Negeri,Kec. Lengkong,051419,Kab. Nganjuk,051400,Prov. Jawa Timur,050000,8,3,81,6,6,0,0,18,31 Mar 2026 09:51:15,11C2F1EC4E8BCD7EFE49
SD NEGERI 3 NGRINGIN,20538105,SD,Negeri,Kec. Lengkong,051419,Kab. Nganjuk,051400,Prov. Jawa Timur,050000,5,3,26,5,6,0,0,37,22 Apr 2026 09:01:48,99DE709A1821464D247F
SD NEGERI 4 KETANDAN,20537997,SD,Negeri,Kec. Lengkong,051419,Kab. Nganjuk,051400,Prov. Jawa Timur,050000,7,3,103,6,6,0,1,10,05 Apr 2026 12:44:36,B31754C03E5D35FD1700
SD NEGERI BALONGASEM,20537710,SD,Negeri,Kec. Lengkong,051419,Kab. Nganjuk,051400,Prov. Jawa Timur,050000,7,3,96,6,6,0,1,20,03 Apr 2026 22:32:25,1CAA33209C2908D3882E
SD NEGERI BANJARDOWO,20537722,SD,Negeri,Kec. Lengkong,051419,Kab. Nganjuk,051400,Prov. Jawa Timur,050000,5,3,84,6,6,0,1,7,03 Mar 2026 09:24:10,145918A068AEAC45731D
SD NEGERI JEGREG,20537916,SD,Negeri,Kec. Lengkong,051419,Kab. Nganjuk,051400,Prov. Jawa Timur,050000,4,2,115,6,6,0,1,15,05 Apr 2026 05:46:14,7F47232C76B48AF2A38C
SD NEGERI KEDUNGMLATEN,20537971,SD,Negeri,Kec. Lengkong,051419,Kab. Nganjuk,051400,Prov. Jawa Timur,050000,4,2,144,6,6,1,1,15,01 May 2026 21:25:58,94D1D6B080E23B831554
SD NEGERI PINGGIR,20538140,SD,Negeri,Kec. Lengkong,051419,Kab. Nganjuk,051400,Prov. Jawa Timur,050000,4,2,35,6,5,0,1,11,02 Mar 2026 09:02:07,6384665C24299B751F83
SD NEGERI SUMBERKEPUH,20538237,SD,Negeri,Kec. Lengkong,051419,Kab. Nganjuk,051400,Prov. Jawa Timur,050000,5,3,108,6,6,1,1,17,23 Apr 2026 07:53:32,4B26D7DE0A9C066258E5
SD NEGERI SUMBERSONO,20538244,SD,Negeri,Kec. Lengkong,051419,Kab. Nganjuk,051400,Prov. Jawa Timur,050000,5,3,101,6,6,1,1,9,02 Apr 2026 07:22:16,B4B2F12ED1EE8D8A0356
SMP NEGERI 1 LENGKONG,20538362,SMP,Negeri,Kec. Lengkong,051419,Kab. Nganjuk,051400,Prov. Jawa Timur,050000,35,11,758,24,26,7,1,38,02 May 2026 09:59:43,CF5B22ADD1CB2B973D77
SMP NEGERI 2 LENGKONG,20538311,SMP,Negeri,Kec. Lengkong,051419,Kab. Nganjuk,051400,Prov. Jawa Timur,050000,20,8,243,9,13,3,1,20,30 Apr 2026 08:52:37,4CD5D4F40EAC64145214
SMP NEGERI SATU ATAP LENGKONG,20539800,SMP,Negeri,Kec. Lengkong,051419,Kab. Nganjuk,051400,Prov. Jawa Timur,050000,9,3,46,3,3,2,1,15,02 Apr 2026 08:01:33,A6C6AABC4CE4418C13A4
SMA PGRI LENGKONG,20538391,SMA,Swasta,Kec. Lengkong,051419,Kab. Nganjuk,051400,Prov. Jawa Timur,050000,9,4,150,6,6,3,2,18,20 Apr 2026 15:15:07,958BA21DBD5326CA69C6
SMK NEGERI 1 LENGKONG NGANJUK,20554405,SMK,Negeri,Kec. Lengkong,051419,Kab. Nganjuk,051400,Prov. Jawa Timur,050000,69,16,1297,37,22,4,1,49,30 Apr 2026 13:43:11,E9C759A47BF7D1DD5068
SD NEGERI 1 MANCON,20513066,SD,Negeri,Kec. Wilangan,051416,Kab. Nganjuk,051400,Prov. Jawa Timur,050000,5,2,76,6,6,0,1,27,03 Mar 2026 10:13:40,0CE6C501A69CE1B4A394
SD NEGERI 1 NGADIPIRO,20512887,SD,Negeri,Kec. Wilangan,051416,Kab. Nganjuk,051400,Prov. Jawa Timur,050000,8,1,78,6,6,0,1,9,06 Apr 2026 19:25:38,0AA43810D2900324A5C1
SD NEGERI 1 NGUDIKAN,20537665,SD,Negeri,Kec. Wilangan,051416,Kab. Nganjuk,051400,Prov. Jawa Timur,050000,7,1,114,6,8,0,1,12,02 May 2026 10:09:13,D277BDFB87FB14F57E88
SD NEGERI 1 SUDIMOROHARJO,20537680,SD,Negeri,Kec. Wilangan,051416,Kab. Nganjuk,051400,Prov. Jawa Timur,050000,7,1,74,6,6,1,1,8,07 Apr 2026 18:25:42,9DB2723A19932A64398F
SD NEGERI 1 SUKOHARJO,20537683,SD,Negeri,Kec. Wilangan,051416,Kab. Nganjuk,051400,Prov. Jawa Timur,050000,6,2,128,6,6,0,1,12,06 Apr 2026 10:54:08,F997A84376FB9D274AB9
SD NEGERI 1 WILANGAN,20538298,SD,Negeri,Kec. Wilangan,051416,Kab. Nganjuk,051400,Prov. Jawa Timur,050000,7,1,113,6,6,0,1,13,30 Apr 2026 10:49:36,EBBDCDCD4E21B771A5F0
SD NEGERI 2 MANCON,20537659,SD,Negeri,Kec. Wilangan,051416,Kab. Nganjuk,051400,Prov. Jawa Timur,050000,6,3,103,6,6,0,1,9,11 Apr 2026 09:51:08,27644AB044696C441EAB
SD NEGERI 2 NGADIPIRO,20538069,SD,Negeri,Kec. Wilangan,051416,Kab. Nganjuk,051400,Prov. Jawa Timur,050000,6,3,134,6,6,1,1,12,09 Apr 2026 07:56:16,35970F73AE2C2CC4589C
SD NEGERI 2 NGUDIKAN,20537664,SD,Negeri,Kec. Wilangan,051416,Kab. Nganjuk,051400,Prov. Jawa Timur,050000,7,1,56,6,6,0,1,6,04 Feb 2026 08:34:11,3F92E7762D9D6CCC705D
SD NEGERI 2 SUDIMOROHARJO,20538213,SD,Negeri,Kec. Wilangan,051416,Kab. Nganjuk,051400,Prov. Jawa Timur,050000,7,1,127,6,6,0,1,16,14 Mar 2026 09:53:14,8803BB403FF01427BA3D
SD NEGERI 2 SUKOHARJO,20537684,SD,Negeri,Kec. Wilangan,051416,Kab. Nganjuk,051400,Prov. Jawa Timur,050000,7,1,77,6,6,1,1,14,15 Feb 2026 19:28:51,B05C0874A4371E2E727D
SD NEGERI 3 NGADIPIRO,20538070,SD,Negeri,Kec. Wilangan,051416,Kab. Nganjuk,051400,Prov. Jawa Timur,050000,8,2,59,6,6,1,1,6,06 Mar 2026 09:43:46,63DEEE267B4A429C4CD0
SD NEGERI 3 SUKOHARJO,20538226,SD,Negeri,Kec. Wilangan,051416,Kab. Nganjuk,051400,Prov. Jawa Timur,050000,5,2,21,3,6,0,1,9,06 Apr 2026 08:17:43,0A60C98CDF8205A03D4B
SD NEGERI 3 WILANGAN,20537688,SD,Negeri,Kec. Wilangan,051416,Kab. Nganjuk,051400,Prov. Jawa Timur,050000,7,2,93,6,6,0,1,12,06 Apr 2026 08:05:16,DF94D4585798F2A320E4
SD NEGERI 4 SUDIMOROHARJO,20538214,SD,Negeri,Kec. Wilangan,051416,Kab. Nganjuk,051400,Prov. Jawa Timur,050000,8,1,150,6,6,0,1,9,03 Mar 2026 10:08:19,CC048377A8F3308F328E
SD NEGERI 4 SUKOHARJO,20537685,SD,Negeri,Kec. Wilangan,051416,Kab. Nganjuk,051400,Prov. Jawa Timur,050000,6,2,42,6,5,0,0,9,21 Apr 2026 09:40:22,98014F1CC381E5284BB6
SD NEGERI 4 WILANGAN,20537689,SD,Negeri,Kec. Wilangan,051416,Kab. Nganjuk,051400,Prov. Jawa Timur,050000,7,3,82,6,6,1,1,7,06 Mar 2026 10:04:23,60D9DD5BC891CAC53FA5
SD NEGERI 5 SUDIMOROHARJO,20538215,SD,Negeri,Kec. Wilangan,051416,Kab. Nganjuk,051400,Prov. Jawa Timur,050000,7,2,121,6,6,1,1,10,04 Apr 2026 13:36:59,4631C30CE5E78726422A
SD NEGERI 6 SUDIMOROHARJO,20538216,SD,Negeri,Kec. Wilangan,051416,Kab. Nganjuk,051400,Prov. Jawa Timur,050000,6,2,62,6,6,0,1,15,20 Apr 2026 10:26:21,3F8A8CBB329F35F84FAD
SMP NEGERI 1 WILANGAN,20538372,SMP,Negeri,Kec. Wilangan,051416,Kab. Nganjuk,051400,Prov. Jawa Timur,050000,18,4,340,12,16,5,1,35,25 Apr 2026 11:32:24,588077F26E5EE1BDE6BD
SMP NEGERI 2 WILANGAN,20538379,SMP,Negeri,Kec. Wilangan,051416,Kab. Nganjuk,051400,Prov. Jawa Timur,050000,17,7,345,12,12,3,1,52,15 Apr 2026 19:09:21,C74620635CD6D745FDBE
SMK NU WILANGAN,20577488,SMK,Swasta,Kec. Wilangan,051416,Kab. Nganjuk,051400,Prov. Jawa Timur,050000,7,1,76,6,6,1,1,17,24 Apr 2026 08:03:45,0DCA20688C8EBDF1CEED
SD NEGERI 1 DAWUHAN,20537769,SD,Negeri,Kec. Jatikalen,051420,Kab. Nganjuk,051400,Prov. Jawa Timur,050000,9,3,88,6,6,0,1,9,04 Apr 2026 23:31:19,F75BA3108C9D21E70DB4
SD NEGERI 1 JATIKALEN,20537908,SD,Negeri,Kec. Jatikalen,051420,Kab. Nganjuk,051400,Prov. Jawa Timur,050000,7,2,134,6,6,0,1,25,18 Apr 2026 07:29:44,AD8E665524E8BF0AC8AC
SD NEGERI 1 MUNUNG,20538063,SD,Negeri,Kec. Jatikalen,051420,Kab. Nganjuk,051400,Prov. Jawa Timur,050000,7,1,60,6,6,0,0,8,04 Mar 2026 11:41:07,F68D67328541E60ADD25
SD NEGERI 1 NGASEM,20538073,SD,Negeri,Kec. Jatikalen,051420,Kab. Nganjuk,051400,Prov. Jawa Timur,050000,8,2,49,6,6,1,1,15,22 Apr 2026 08:44:36,427BCCB7844849EFBCB0
SD NEGERI 1 PERNING,20538136,SD,Negeri,Kec. Jatikalen,051420,Kab. Nganjuk,051400,Prov. Jawa Timur,050000,7,2,64,6,6,0,1,7,10 Apr 2026 21:50:31,2ABA483676DD52C564EE
SD NEGERI 1 PULOWETAN,20538154,SD,Negeri,Kec. Jatikalen,051420,Kab. Nganjuk,051400,Prov. Jawa Timur,050000,7,3,67,6,6,0,1,7,12 Apr 2026 19:37:17,BFB4F1E814614D6E28E4
SD NEGERI 2 BEGENDENG,20537737,SD,Negeri,Kec. Jatikalen,051420,Kab. Nganjuk,051400,Prov. Jawa Timur,050000,8,1,61,6,6,0,1,17,02 Apr 2026 07:57:51,C8B10949F1ECDFD78F3A
SD NEGERI 2 JATIKALEN,20538299,SD,Negeri,Kec. Jatikalen,051420,Kab. Nganjuk,051400,Prov. Jawa Timur,050000,8,2,139,6,6,0,1,11,07 Apr 2026 07:29:10,9C82252CC7BD7DA9B618
SD NEGERI 2 NGASEM,20538074,SD,Negeri,Kec. Jatikalen,051420,Kab. Nganjuk,051400,Prov. Jawa Timur,050000,7,2,40,6,6,0,1,10,06 Apr 2026 08:44:02,19D4BE78510C4B69857F
SD NEGERI 2 PERNING,20538137,SD,Negeri,Kec. Jatikalen,051420,Kab. Nganjuk,051400,Prov. Jawa Timur,050000,8,3,45,6,6,0,1,12,09 Apr 2026 12:18:59,2436DE68FBC4701AD43E
SD NEGERI 3 BEGENDENG,20537738,SD,Negeri,Kec. Jatikalen,051420,Kab. Nganjuk,051400,Prov. Jawa Timur,050000,5,2,83,6,6,0,1,24,16 Apr 2026 12:35:38,D4FD21D95E572D7C3D01
SD NEGERI 3 JATIKALEN,20537909,SD,Negeri,Kec. Jatikalen,051420,Kab. Nganjuk,051400,Prov. Jawa Timur,050000,6,2,59,6,6,0,0,12,04 Apr 2026 08:35:11,EE6E978D262D969C6EAF
SD NEGERI 3 PERNING,20538138,SD,Negeri,Kec. Jatikalen,051420,Kab. Nganjuk,051400,Prov. Jawa Timur,050000,5,2,37,6,5,0,0,16,06 Apr 2026 07:54:39,5ABFC67DE86259C4A1AB
SD NEGERI GONDANGWETAN,20537813,SD,Negeri,Kec. Jatikalen,051420,Kab. Nganjuk,051400,Prov. Jawa Timur,050000,5,3,98,6,6,0,1,11,07 Apr 2026 09:17:59,1BA0BAC8D7605CBC978A
SD NEGERI LUMPANGKUWIK,20538027,SD,Negeri,Kec. Jatikalen,051420,Kab. Nganjuk,051400,Prov. Jawa Timur,050000,7,2,69,6,6,0,1,10,29 Mar 2026 09:06:48,E4B7C58558F54F66BC29
SD NEGERI PULE,20538153,SD,Negeri,Kec. Jatikalen,051420,Kab. Nganjuk,051400,Prov. Jawa Timur,050000,8,3,22,6,7,0,0,13,08 Apr 2026 07:31:28,43866A508BAEDD139C43
SMP NEGERI 1 JATIKALEN,20538360,SMP,Negeri,Kec. Jatikalen,051420,Kab. Nganjuk,051400,Prov. Jawa Timur,050000,16,6,214,8,9,2,1,10,03 Mar 2026 08:15:43,8E63059F43E7651926AC
SMP NEGERI 2 JATIKALEN,20538310,SMP,Negeri,Kec. Jatikalen,051420,Kab. Nganjuk,051400,Prov. Jawa Timur,050000,14,5,210,8,10,2,1,23,02 Apr 2026 11:05:16,8477FAE6F6C8D6585792
SD NEGERI 1 BAJANG,20537699,SD,Negeri,Kec. Ngluyu,051418,Kab. Nganjuk,051400,Prov. Jawa Timur,050000,7,2,45,6,6,0,1,23,04 Apr 2026 13:11:10,9CF29225273081DE2FAE
SD NEGERI 1 GAMPENG,20537793,SD,Negeri,Kec. Ngluyu,051418,Kab. Nganjuk,051400,Prov. Jawa Timur,050000,5,2,76,6,6,0,1,11,06 Apr 2026 18:28:27,866042699787B8E4A58D
SD NEGERI 1 LENGKONGLOR,20538024,SD,Negeri,Kec. Ngluyu,051418,Kab. Nganjuk,051400,Prov. Jawa Timur,050000,7,2,44,6,6,0,0,10,10 Apr 2026 08:24:36,900CFA4609AB80AC4177
SD NEGERI 1 SUGIHWARAS,20538218,SD,Negeri,Kec. Ngluyu,051418,Kab. Nganjuk,051400,Prov. Jawa Timur,050000,5,3,37,6,6,0,1,5,06 Feb 2026 08:24:50,920930EE4E4B36213062
SD NEGERI 1 TEMPURAN,20513383,SD,Negeri,Kec. Ngluyu,051418,Kab. Nganjuk,051400,Prov. Jawa Timur,050000,4,1,26,6,6,0,0,9,07 Apr 2026 21:26:52,0482F8832AA06F678D2C
SD NEGERI 2 BAJANG,20537830,SD,Negeri,Kec. Ngluyu,051418,Kab. Nganjuk,051400,Prov. Jawa Timur,050000,2,1,2,2,3,0,0,4,14 Feb 2026 09:04:27,B0B12B85402BBC4F63C0
SD NEGERI 2 GAMPENG,20537836,SD,Negeri,Kec. Ngluyu,051418,Kab. Nganjuk,051400,Prov. Jawa Timur,050000,7,2,52,6,6,0,1,9,02 Apr 2026 18:13:46,A1B968A709468259FD4F
SD NEGERI 2 LENGKONGLOR,20537856,SD,Negeri,Kec. Ngluyu,051418,Kab. Nganjuk,051400,Prov. Jawa Timur,050000,4,2,74,6,6,0,1,9,06 Mar 2026 07:31:21,3AB331E87248F82563ED
SD NEGERI 2 SUGIHWARAS,20537876,SD,Negeri,Kec. Ngluyu,051418,Kab. Nganjuk,051400,Prov. Jawa Timur,050000,6,1,49,6,6,0,2,9,03 Mar 2026 21:23:55,A688E5C6D38FCBB2B5EC
SD NEGERI 2 TEMPURAN,20537884,SD,Negeri,Kec. Ngluyu,051418,Kab. Nganjuk,051400,Prov. Jawa Timur,050000,7,1,80,6,6,0,1,26,27 Apr 2026 09:04:24,A48752B5F84596971D7D
SD NEGERI 3 GAMPENG,20537837,SD,Negeri,Kec. Ngluyu,051418,Kab. Nganjuk,051400,Prov. Jawa Timur,050000,5,2,38,6,6,0,1,6,02 May 2026 08:51:08,180670D6B9B3B59BD0B3
SD NEGERI 4 GAMPENG,20537838,SD,Negeri,Kec. Ngluyu,051418,Kab. Nganjuk,051400,Prov. Jawa Timur,050000,5,0,48,6,6,0,1,9,28 Apr 2026 15:55:53,5BBF59E596BF07209A45
SD NEGERI NGLUYU,20538099,SD,Negeri,Kec. Ngluyu,051418,Kab. Nganjuk,051400,Prov. Jawa Timur,050000,7,1,115,6,10,0,0,10,11 Apr 2026 12:00:52,19CC5368BDAF26EE2D4C
SMP NEGERI 1 NGLUYU,20538366,SMP,Negeri,Kec. Ngluyu,051418,Kab. Nganjuk,051400,Prov. Jawa Timur,050000,18,7,310,12,14,5,1,27,30 Apr 2026 11:12:22,2410EF32B7A26CCCC8ED
